building_name,market,unit_name,unit_group,sqft,effective_price,date,leased_rate
Audere Apartments,"Phoenix-Mesa-Scottsdale, AZ",1004,1x1,642,1770,06/17/2023,False
Audere Apartments,"Phoenix-Mesa-Scottsdale, AZ",1004,1x1,642,1770,06/18/2023,False
Audere Apartments,"Phoenix-Mesa-Scottsdale, AZ",1004,1x1,642,1770,06/19/2023,False
Audere Apartments,"Phoenix-Mesa-Scottsdale, AZ",1004,1x1,642,1780,06/20/2023,False
Audere Apartments,"Phoenix-Mesa-Scottsdale, AZ",1004,1x1,642,1780,06/21/2023,False
Audere Apartments,"Phoenix-Mesa-Scottsdale, AZ",1004,1x1,642,1785,06/22/2023,False
Audere Apartments,"Phoenix-Mesa-Scottsdale, AZ",1004,1x1,642,1775,06/23/2023,False
Audere Apartments,"Phoenix-Mesa-Scottsdale, AZ",1004,1x1,642,1770,06/24/2023,False
Audere Apartments,"Phoenix-Mesa-Scottsdale, AZ",1004,1x1,642,1760,06/25/2023,False
Audere Apartments,"Phoenix-Mesa-Scottsdale, AZ",1004,1x1,642,1760,06/26/2023,False
Audere Apartments,"Phoenix-Mesa-Scottsdale, AZ",1004,1x1,642,1765,06/27/2023,False
Audere Apartments,"Phoenix-Mesa-Scottsdale, AZ",1004,1x1,642,1740,06/28/2023,False
Audere Apartments,"Phoenix-Mesa-Scottsdale, AZ",1004,1x1,642,1725,06/29/2023,False
Audere Apartments,"Phoenix-Mesa-Scottsdale, AZ",1004,1x1,642,1720,06/30/2023,False
Audere Apartments,"Phoenix-Mesa-Scottsdale, AZ",1004,1x1,642,1700,07/01/2023,False
Audere Apartments,"Phoenix-Mesa-Scottsdale, AZ",1004,1x1,642,1700,07/02/2023,False
Audere Apartments,"Phoenix-Mesa-Scottsdale, AZ",1004,1x1,642,1700,07/03/2023,False
Audere Apartments,"Phoenix-Mesa-Scottsdale, AZ",1004,1x1,642,1670,07/04/2023,False
Audere Apartments,"Phoenix-Mesa-Scottsdale, AZ",1004,1x1,642,1665,07/05/2023,False
Audere Apartments,"Phoenix-Mesa-Scottsdale, AZ",1004,1x1,642,1655,07/06/2023,False
Audere Apartments,"Phoenix-Mesa-Scottsdale, AZ",1004,1x1,642,1640,07/07/2023,False
Audere Apartments,"Phoenix-Mesa-Scottsdale, AZ",1004,1x1,642,1620,07/08/2023,False
Audere Apartments,"Phoenix-Mesa-Scottsdale, AZ",1004,1x1,642,1600,07/09/2023,False
Audere Apartments,"Phoenix-Mesa-Scottsdale, AZ",1004,1x1,642,1600,07/10/2023,False
Audere Apartments,"Phoenix-Mesa-Scottsdale, AZ",1004,1x1,642,1595,07/11/2023,False
Audere Apartments,"Phoenix-Mesa-Scottsdale, AZ",1004,1x1,642,1595,07/12/2023,False
Audere Apartments,"Phoenix-Mesa-Scottsdale, AZ",1004,1x1,642,1595,07/13/2023,False
Audere Apartments,"Phoenix-Mesa-Scottsdale, AZ",1004,1x1,642,1595,07/14/2023,False
Audere Apartments,"Phoenix-Mesa-Scottsdale, AZ",1004,1x1,642,1565,07/15/2023,False
Audere Apartments,"Phoenix-Mesa-Scottsdale, AZ",1004,1x1,642,1565,07/16/2023,False
Audere Apartments,"Phoenix-Mesa-Scottsdale, AZ",1004,1x1,642,1565,07/17/2023,False
Audere Apartments,"Phoenix-Mesa-Scottsdale, AZ",1004,1x1,642,1575,07/18/2023,False
Audere Apartments,"Phoenix-Mesa-Scottsdale, AZ",1004,1x1,642,1550,07/19/2023,False
Audere Apartments,"Phoenix-Mesa-Scottsdale, AZ",1004,1x1,642,1550,07/20/2023,False
Audere Apartments,"Phoenix-Mesa-Scottsdale, AZ",1004,1x1,642,1550,07/21/2023,False
Audere Apartments,"Phoenix-Mesa-Scottsdale, AZ",1004,1x1,642,1550,07/22/2023,False
Audere Apartments,"Phoenix-Mesa-Scottsdale, AZ",1004,1x1,642,1555,07/23/2023,False
Audere Apartments,"Phoenix-Mesa-Scottsdale, AZ",1004,1x1,642,1565,07/24/2023,False
Audere Apartments,"Phoenix-Mesa-Scottsdale, AZ",1004,1x1,642,1580,07/25/2023,False
Audere Apartments,"Phoenix-Mesa-Scottsdale, AZ",1004,1x1,642,1580,07/26/2023,False
Audere Apartments,"Phoenix-Mesa-Scottsdale, AZ",1004,1x1,642,1620,07/27/2023,False
Audere Apartments,"Phoenix-Mesa-Scottsdale, AZ",1004,1x1,642,1645,07/28/2023,False
Audere Apartments,"Phoenix-Mesa-Scottsdale, AZ",1004,1x1,642,1655,07/29/2023,False
Audere Apartments,"Phoenix-Mesa-Scottsdale, AZ",1004,1x1,642,1635,07/30/2023,False
Audere Apartments,"Phoenix-Mesa-Scottsdale, AZ",1004,1x1,642,1635,07/31/2023,False
Audere Apartments,"Phoenix-Mesa-Scottsdale, AZ",1004,1x1,642,1645,08/01/2023,False
Audere Apartments,"Phoenix-Mesa-Scottsdale, AZ",1004,1x1,642,1600,08/02/2023,False
Audere Apartments,"Phoenix-Mesa-Scottsdale, AZ",1004,1x1,642,1600,08/03/2023,False
Audere Apartments,"Phoenix-Mesa-Scottsdale, AZ",1004,1x1,642,1600,08/04/2023,False
Audere Apartments,"Phoenix-Mesa-Scottsdale, AZ",1004,1x1,642,1610,08/05/2023,False
Audere Apartments,"Phoenix-Mesa-Scottsdale, AZ",1004,1x1,642,1610,08/06/2023,False
Audere Apartments,"Phoenix-Mesa-Scottsdale, AZ",1004,1x1,642,1605,08/07/2023,False
Audere Apartments,"Phoenix-Mesa-Scottsdale, AZ",1004,1x1,642,1610,08/08/2023,False
Audere Apartments,"Phoenix-Mesa-Scottsdale, AZ",1004,1x1,642,1535,08/09/2023,False
Audere Apartments,"Phoenix-Mesa-Scottsdale, AZ",1004,1x1,642,1550,08/10/2023,False
Audere Apartments,"Phoenix-Mesa-Scottsdale, AZ",1004,1x1,642,1545,08/11/2023,False
Audere Apartments,"Phoenix-Mesa-Scottsdale, AZ",1004,1x1,642,1540,08/12/2023,False
Audere Apartments,"Phoenix-Mesa-Scottsdale, AZ",1004,1x1,642,1540,08/13/2023,False
Audere Apartments,"Phoenix-Mesa-Scottsdale, AZ",1004,1x1,642,1540,08/14/2023,False
Audere Apartments,"Phoenix-Mesa-Scottsdale, AZ",1004,1x1,642,1545,08/15/2023,False
Audere Apartments,"Phoenix-Mesa-Scottsdale, AZ",1004,1x1,642,1545,08/16/2023,False
Audere Apartments,"Phoenix-Mesa-Scottsdale, AZ",1004,1x1,642,1555,08/17/2023,False
Audere Apartments,"Phoenix-Mesa-Scottsdale, AZ",1004,1x1,642,1555,08/18/2023,False
Audere Apartments,"Phoenix-Mesa-Scottsdale, AZ",1004,1x1,642,1545,08/19/2023,False
Audere Apartments,"Phoenix-Mesa-Scottsdale, AZ",1004,1x1,642,1545,08/20/2023,False
Audere Apartments,"Phoenix-Mesa-Scottsdale, AZ",1004,1x1,642,1545,08/21/2023,False
Audere Apartments,"Phoenix-Mesa-Scottsdale, AZ",1004,1x1,642,1555,08/22/2023,False
Audere Apartments,"Phoenix-Mesa-Scottsdale, AZ",1004,1x1,642,1555,08/23/2023,False
Audere Apartments,"Phoenix-Mesa-Scottsdale, AZ",1004,1x1,642,1510,08/24/2023,False
Audere Apartments,"Phoenix-Mesa-Scottsdale, AZ",1004,1x1,642,1510,08/25/2023,False
Audere Apartments,"Phoenix-Mesa-Scottsdale, AZ",1004,1x1,642,1530,08/26/2023,False
Audere Apartments,"Phoenix-Mesa-Scottsdale, AZ",1004,1x1,642,1525,08/27/2023,False
Audere Apartments,"Phoenix-Mesa-Scottsdale, AZ",1004,1x1,642,1525,08/28/2023,False
Audere Apartments,"Phoenix-Mesa-Scottsdale, AZ",1004,1x1,642,1540,08/29/2023,False
Audere Apartments,"Phoenix-Mesa-Scottsdale, AZ",1004,1x1,642,1550,08/30/2023,False
Audere Apartments,"Phoenix-Mesa-Scottsdale, AZ",1004,1x1,642,1520,08/31/2023,False
Audere Apartments,"Phoenix-Mesa-Scottsdale, AZ",1004,1x1,642,1510,09/01/2023,False
Audere Apartments,"Phoenix-Mesa-Scottsdale, AZ",1004,1x1,642,1505,09/02/2023,False
Audere Apartments,"Phoenix-Mesa-Scottsdale, AZ",1004,1x1,642,1500,09/03/2023,False
Audere Apartments,"Phoenix-Mesa-Scottsdale, AZ",1004,1x1,642,1510,09/04/2023,False
Audere Apartments,"Phoenix-Mesa-Scottsdale, AZ",1004,1x1,642,1515,09/05/2023,False
Audere Apartments,"Phoenix-Mesa-Scottsdale, AZ",1004,1x1,642,1510,09/06/2023,False
Audere Apartments,"Phoenix-Mesa-Scottsdale, AZ",1004,1x1,642,1480,09/07/2023,False
Audere Apartments,"Phoenix-Mesa-Scottsdale, AZ",1004,1x1,642,1465,09/08/2023,False
Audere Apartments,"Phoenix-Mesa-Scottsdale, AZ",1004,1x1,642,1465,09/09/2023,False
Audere Apartments,"Phoenix-Mesa-Scottsdale, AZ",1004,1x1,642,1465,09/10/2023,False
Audere Apartments,"Phoenix-Mesa-Scottsdale, AZ",1004,1x1,642,1465,09/11/2023,False
Audere Apartments,"Phoenix-Mesa-Scottsdale, AZ",1004,1x1,642,1470,09/12/2023,False
Audere Apartments,"Phoenix-Mesa-Scottsdale, AZ",1004,1x1,642,1470,09/13/2023,False
Audere Apartments,"Phoenix-Mesa-Scottsdale, AZ",1004,1x1,642,1515,09/14/2023,False
Audere Apartments,"Phoenix-Mesa-Scottsdale, AZ",1004,1x1,642,1505,09/15/2023,False
Audere Apartments,"Phoenix-Mesa-Scottsdale, AZ",1004,1x1,642,1515,09/16/2023,False
Audere Apartments,"Phoenix-Mesa-Scottsdale, AZ",1004,1x1,642,1520,09/17/2023,False
Audere Apartments,"Phoenix-Mesa-Scottsdale, AZ",1004,1x1,642,1545,09/18/2023,False
Audere Apartments,"Phoenix-Mesa-Scottsdale, AZ",1004,1x1,642,1550,09/19/2023,False
Audere Apartments,"Phoenix-Mesa-Scottsdale, AZ",1004,1x1,642,1550,09/20/2023,False
Audere Apartments,"Phoenix-Mesa-Scottsdale, AZ",1004,1x1,642,1555,09/21/2023,False
Audere Apartments,"Phoenix-Mesa-Scottsdale, AZ",1004,1x1,642,1555,09/22/2023,False
Audere Apartments,"Phoenix-Mesa-Scottsdale, AZ",1004,1x1,642,1550,09/23/2023,False
Audere Apartments,"Phoenix-Mesa-Scottsdale, AZ",1004,1x1,642,1540,09/24/2023,False
Audere Apartments,"Phoenix-Mesa-Scottsdale, AZ",1004,1x1,642,1540,09/25/2023,False
Audere Apartments,"Phoenix-Mesa-Scottsdale, AZ",1004,1x1,642,1555,09/26/2023,False
Audere Apartments,"Phoenix-Mesa-Scottsdale, AZ",1004,1x1,642,1555,09/27/2023,False
Audere Apartments,"Phoenix-Mesa-Scottsdale, AZ",1004,1x1,642,1540,09/28/2023,False
Audere Apartments,"Phoenix-Mesa-Scottsdale, AZ",1004,1x1,642,1535,09/29/2023,False
Audere Apartments,"Phoenix-Mesa-Scottsdale, AZ",1004,1x1,642,1535,09/30/2023,False
Audere Apartments,"Phoenix-Mesa-Scottsdale, AZ",1004,1x1,642,1540,10/01/2023,False
Audere Apartments,"Phoenix-Mesa-Scottsdale, AZ",1004,1x1,642,1540,10/02/2023,False
Audere Apartments,"Phoenix-Mesa-Scottsdale, AZ",1004,1x1,642,1540,10/03/2023,False
Audere Apartments,"Phoenix-Mesa-Scottsdale, AZ",1004,1x1,642,1540,10/04/2023,False
Audere Apartments,"Phoenix-Mesa-Scottsdale, AZ",1004,1x1,642,1540,10/05/2023,False
Audere Apartments,"Phoenix-Mesa-Scottsdale, AZ",1004,1x1,642,1540,10/06/2023,False
Audere Apartments,"Phoenix-Mesa-Scottsdale, AZ",1004,1x1,642,1540,10/07/2023,False
Audere Apartments,"Phoenix-Mesa-Scottsdale, AZ",1004,1x1,642,1540,10/08/2023,True
Audere Apartments,"Phoenix-Mesa-Scottsdale, AZ",1005,1x1,642,1523,04/24/2024,False
Audere Apartments,"Phoenix-Mesa-Scottsdale, AZ",1005,1x1,642,1442,04/25/2024,False
Audere Apartments,"Phoenix-Mesa-Scottsdale, AZ",1005,1x1,642,1364,04/26/2024,False
Audere Apartments,"Phoenix-Mesa-Scottsdale, AZ",1005,1x1,642,1304,04/27/2024,False
Audere Apartments,"Phoenix-Mesa-Scottsdale, AZ",1005,1x1,642,1304,04/28/2024,False
Audere Apartments,"Phoenix-Mesa-Scottsdale, AZ",1005,1x1,642,1304,04/29/2024,True
Audere Apartments,"Phoenix-Mesa-Scottsdale, AZ",1006,1x1,749,1530,08/28/2023,False
Audere Apartments,"Phoenix-Mesa-Scottsdale, AZ",1006,1x1,749,1535,08/29/2023,False
Audere Apartments,"Phoenix-Mesa-Scottsdale, AZ",1006,1x1,749,1540,08/30/2023,False
Audere Apartments,"Phoenix-Mesa-Scottsdale, AZ",1006,1x1,749,1510,08/31/2023,False
Audere Apartments,"Phoenix-Mesa-Scottsdale, AZ",1006,1x1,749,1505,09/01/2023,False
Audere Apartments,"Phoenix-Mesa-Scottsdale, AZ",1006,1x1,749,1510,09/02/2023,False
Audere Apartments,"Phoenix-Mesa-Scottsdale, AZ",1006,1x1,749,1505,09/03/2023,False
Audere Apartments,"Phoenix-Mesa-Scottsdale, AZ",1006,1x1,749,1515,09/04/2023,False
Audere Apartments,"Phoenix-Mesa-Scottsdale, AZ",1006,1x1,749,1515,09/05/2023,False
Audere Apartments,"Phoenix-Mesa-Scottsdale, AZ",1006,1x1,749,1515,09/06/2023,False
Audere Apartments,"Phoenix-Mesa-Scottsdale, AZ",1006,1x1,749,1485,09/07/2023,False
Audere Apartments,"Phoenix-Mesa-Scottsdale, AZ",1006,1x1,749,1480,09/08/2023,False
Audere Apartments,"Phoenix-Mesa-Scottsdale, AZ",1006,1x1,749,1480,09/09/2023,False
Audere Apartments,"Phoenix-Mesa-Scottsdale, AZ",1006,1x1,749,1480,09/10/2023,False
Audere Apartments,"Phoenix-Mesa-Scottsdale, AZ",1006,1x1,749,1480,09/11/2023,False
Audere Apartments,"Phoenix-Mesa-Scottsdale, AZ",1006,1x1,749,1480,09/12/2023,False
Audere Apartments,"Phoenix-Mesa-Scottsdale, AZ",1006,1x1,749,1480,09/13/2023,True
Audere Apartments,"Phoenix-Mesa-Scottsdale, AZ",1006,1x1,749,1763,03/28/2025,False
Audere Apartments,"Phoenix-Mesa-Scottsdale, AZ",1006,1x1,749,1763,03/29/2025,False
Audere Apartments,"Phoenix-Mesa-Scottsdale, AZ",1006,1x1,749,1763,03/30/2025,False
Audere Apartments,"Phoenix-Mesa-Scottsdale, AZ",1006,1x1,749,1780,03/31/2025,False
Audere Apartments,"Phoenix-Mesa-Scottsdale, AZ",1006,1x1,749,1787,04/01/2025,False
Audere Apartments,"Phoenix-Mesa-Scottsdale, AZ",1006,1x1,749,1794,04/02/2025,False
Audere Apartments,"Phoenix-Mesa-Scottsdale, AZ",1006,1x1,749,1776,04/03/2025,False
Audere Apartments,"Phoenix-Mesa-Scottsdale, AZ",1006,1x1,749,1759,04/04/2025,False
Audere Apartments,"Phoenix-Mesa-Scottsdale, AZ",1006,1x1,749,1759,04/05/2025,False
Audere Apartments,"Phoenix-Mesa-Scottsdale, AZ",1006,1x1,749,1759,04/06/2025,False
Audere Apartments,"Phoenix-Mesa-Scottsdale, AZ",1006,1x1,749,1742,04/07/2025,False
Audere Apartments,"Phoenix-Mesa-Scottsdale, AZ",1006,1x1,749,1725,04/08/2025,False
Audere Apartments,"Phoenix-Mesa-Scottsdale, AZ",1006,1x1,749,1700,04/09/2025,False
Audere Apartments,"Phoenix-Mesa-Scottsdale, AZ",1006,1x1,749,1701,04/10/2025,False
Audere Apartments,"Phoenix-Mesa-Scottsdale, AZ",1006,1x1,749,1645,04/11/2025,False
Audere Apartments,"Phoenix-Mesa-Scottsdale, AZ",1006,1x1,749,1645,04/12/2025,False
Audere Apartments,"Phoenix-Mesa-Scottsdale, AZ",1006,1x1,749,1645,04/13/2025,False
Audere Apartments,"Phoenix-Mesa-Scottsdale, AZ",1006,1x1,749,1661,04/14/2025,False
Audere Apartments,"Phoenix-Mesa-Scottsdale, AZ",1006,1x1,749,1645,04/15/2025,False
Audere Apartments,"Phoenix-Mesa-Scottsdale, AZ",1006,1x1,749,1629,04/16/2025,False
Audere Apartments,"Phoenix-Mesa-Scottsdale, AZ",1006,1x1,749,1613,04/17/2025,False
Audere Apartments,"Phoenix-Mesa-Scottsdale, AZ",1006,1x1,749,1534,04/18/2025,False
Audere Apartments,"Phoenix-Mesa-Scottsdale, AZ",1006,1x1,749,1534,04/19/2025,False
Audere Apartments,"Phoenix-Mesa-Scottsdale, AZ",1006,1x1,749,1534,04/20/2025,False
Audere Apartments,"Phoenix-Mesa-Scottsdale, AZ",1006,1x1,749,1533,04/21/2025,False
Audere Apartments,"Phoenix-Mesa-Scottsdale, AZ",1006,1x1,749,1548,04/22/2025,False
Audere Apartments,"Phoenix-Mesa-Scottsdale, AZ",1006,1x1,749,1548,04/23/2025,False
Audere Apartments,"Phoenix-Mesa-Scottsdale, AZ",1006,1x1,749,1609,04/24/2025,False
Audere Apartments,"Phoenix-Mesa-Scottsdale, AZ",1006,1x1,749,1593,04/25/2025,False
Audere Apartments,"Phoenix-Mesa-Scottsdale, AZ",1006,1x1,749,1593,04/26/2025,False
Audere Apartments,"Phoenix-Mesa-Scottsdale, AZ",1006,1x1,749,1593,04/27/2025,True
Audere Apartments,"Phoenix-Mesa-Scottsdale, AZ",1007,3x2,1310,2071,05/10/2024,False
Audere Apartments,"Phoenix-Mesa-Scottsdale, AZ",1007,3x2,1310,2071,05/11/2024,False
Audere Apartments,"Phoenix-Mesa-Scottsdale, AZ",1007,3x2,1310,2071,05/12/2024,False
Audere Apartments,"Phoenix-Mesa-Scottsdale, AZ",1007,3x2,1310,2106,05/13/2024,False
Audere Apartments,"Phoenix-Mesa-Scottsdale, AZ",1007,3x2,1310,2106,05/14/2024,False
Audere Apartments,"Phoenix-Mesa-Scottsdale, AZ",1007,3x2,1310,2106,05/15/2024,False
Audere Apartments,"Phoenix-Mesa-Scottsdale, AZ",1007,3x2,1310,2438,05/16/2024,False
Audere Apartments,"Phoenix-Mesa-Scottsdale, AZ",1007,3x2,1310,2438,05/17/2024,False
Audere Apartments,"Phoenix-Mesa-Scottsdale, AZ",1007,3x2,1310,2438,05/18/2024,False
Audere Apartments,"Phoenix-Mesa-Scottsdale, AZ",1007,3x2,1310,2484,05/19/2024,False
Audere Apartments,"Phoenix-Mesa-Scottsdale, AZ",1007,3x2,1310,2484,05/20/2024,False
Audere Apartments,"Phoenix-Mesa-Scottsdale, AZ",1007,3x2,1310,2484,05/21/2024,False
Audere Apartments,"Phoenix-Mesa-Scottsdale, AZ",1007,3x2,1310,2484,05/22/2024,False
Audere Apartments,"Phoenix-Mesa-Scottsdale, AZ",1007,3x2,1310,2484,05/23/2024,False
Audere Apartments,"Phoenix-Mesa-Scottsdale, AZ",1007,3x2,1310,2484,05/24/2024,False
Audere Apartments,"Phoenix-Mesa-Scottsdale, AZ",1007,3x2,1310,2484,05/25/2024,False
Audere Apartments,"Phoenix-Mesa-Scottsdale, AZ",1007,3x2,1310,2484,05/26/2024,False
Audere Apartments,"Phoenix-Mesa-Scottsdale, AZ",1007,3x2,1310,2484,05/27/2024,False
Audere Apartments,"Phoenix-Mesa-Scottsdale, AZ",1007,3x2,1310,2484,05/28/2024,False
Audere Apartments,"Phoenix-Mesa-Scottsdale, AZ",1007,3x2,1310,2484,05/29/2024,False
Audere Apartments,"Phoenix-Mesa-Scottsdale, AZ",1007,3x2,1310,2484,05/30/2024,False
Audere Apartments,"Phoenix-Mesa-Scottsdale, AZ",1007,3x2,1310,2484,05/31/2024,False
Audere Apartments,"Phoenix-Mesa-Scottsdale, AZ",1007,3x2,1310,2484,06/01/2024,False
Audere Apartments,"Phoenix-Mesa-Scottsdale, AZ",1007,3x2,1310,2484,06/02/2024,False
Audere Apartments,"Phoenix-Mesa-Scottsdale, AZ",1007,3x2,1310,2484,06/03/2024,False
Audere Apartments,"Phoenix-Mesa-Scottsdale, AZ",1007,3x2,1310,2484,06/04/2024,False
Audere Apartments,"Phoenix-Mesa-Scottsdale, AZ",1007,3x2,1310,2484,06/05/2024,False
Audere Apartments,"Phoenix-Mesa-Scottsdale, AZ",1007,3x2,1310,2484,06/06/2024,False
Audere Apartments,"Phoenix-Mesa-Scottsdale, AZ",1007,3x2,1310,2484,06/07/2024,False
Audere Apartments,"Phoenix-Mesa-Scottsdale, AZ",1007,3x2,1310,2484,06/08/2024,False
Audere Apartments,"Phoenix-Mesa-Scottsdale, AZ",1007,3x2,1310,2484,06/09/2024,False
Audere Apartments,"Phoenix-Mesa-Scottsdale, AZ",1007,3x2,1310,2484,06/10/2024,False
Audere Apartments,"Phoenix-Mesa-Scottsdale, AZ",1007,3x2,1310,2484,06/11/2024,False
Audere Apartments,"Phoenix-Mesa-Scottsdale, AZ",1007,3x2,1310,2484,06/12/2024,False
Audere Apartments,"Phoenix-Mesa-Scottsdale, AZ",1007,3x2,1310,2484,06/13/2024,False
Audere Apartments,"Phoenix-Mesa-Scottsdale, AZ",1007,3x2,1310,2484,06/14/2024,False
Audere Apartments,"Phoenix-Mesa-Scottsdale, AZ",1007,3x2,1310,2484,06/15/2024,False
Audere Apartments,"Phoenix-Mesa-Scottsdale, AZ",1007,3x2,1310,2484,06/16/2024,False
Audere Apartments,"Phoenix-Mesa-Scottsdale, AZ",1007,3x2,1310,2484,06/17/2024,False
Audere Apartments,"Phoenix-Mesa-Scottsdale, AZ",1007,3x2,1310,2484,06/18/2024,False
Audere Apartments,"Phoenix-Mesa-Scottsdale, AZ",1007,3x2,1310,2484,06/19/2024,False
Audere Apartments,"Phoenix-Mesa-Scottsdale, AZ",1007,3x2,1310,2484,06/20/2024,False
Audere Apartments,"Phoenix-Mesa-Scottsdale, AZ",1007,3x2,1310,2484,06/21/2024,False
Audere Apartments,"Phoenix-Mesa-Scottsdale, AZ",1007,3x2,1310,2484,06/22/2024,False
Audere Apartments,"Phoenix-Mesa-Scottsdale, AZ",1007,3x2,1310,2484,06/23/2024,False
Audere Apartments,"Phoenix-Mesa-Scottsdale, AZ",1007,3x2,1310,2484,06/24/2024,False
Audere Apartments,"Phoenix-Mesa-Scottsdale, AZ",1007,3x2,1310,2484,06/25/2024,False
Audere Apartments,"Phoenix-Mesa-Scottsdale, AZ",1007,3x2,1310,2484,06/26/2024,False
Audere Apartments,"Phoenix-Mesa-Scottsdale, AZ",1007,3x2,1310,2484,06/27/2024,False
Audere Apartments,"Phoenix-Mesa-Scottsdale, AZ",1007,3x2,1310,2484,06/28/2024,False
Audere Apartments,"Phoenix-Mesa-Scottsdale, AZ",1007,3x2,1310,2484,06/29/2024,False
Audere Apartments,"Phoenix-Mesa-Scottsdale, AZ",1007,3x2,1310,2484,06/30/2024,False
Audere Apartments,"Phoenix-Mesa-Scottsdale, AZ",1007,3x2,1310,2484,07/01/2024,False
Audere Apartments,"Phoenix-Mesa-Scottsdale, AZ",1007,3x2,1310,2484,07/02/2024,False
Audere Apartments,"Phoenix-Mesa-Scottsdale, AZ",1007,3x2,1310,2484,07/03/2024,False
Audere Apartments,"Phoenix-Mesa-Scottsdale, AZ",1007,3x2,1310,2484,07/04/2024,False
Audere Apartments,"Phoenix-Mesa-Scottsdale, AZ",1007,3x2,1310,2484,07/05/2024,False
Audere Apartments,"Phoenix-Mesa-Scottsdale, AZ",1007,3x2,1310,2484,07/06/2024,False
Audere Apartments,"Phoenix-Mesa-Scottsdale, AZ",1007,3x2,1310,2484,07/07/2024,False
Audere Apartments,"Phoenix-Mesa-Scottsdale, AZ",1007,3x2,1310,2484,07/08/2024,False
Audere Apartments,"Phoenix-Mesa-Scottsdale, AZ",1007,3x2,1310,2484,07/09/2024,False
Audere Apartments,"Phoenix-Mesa-Scottsdale, AZ",1007,3x2,1310,2484,07/10/2024,False
Audere Apartments,"Phoenix-Mesa-Scottsdale, AZ",1007,3x2,1310,2484,07/11/2024,False
Audere Apartments,"Phoenix-Mesa-Scottsdale, AZ",1007,3x2,1310,2484,07/12/2024,False
Audere Apartments,"Phoenix-Mesa-Scottsdale, AZ",1007,3x2,1310,2484,07/13/2024,False
Audere Apartments,"Phoenix-Mesa-Scottsdale, AZ",1007,3x2,1310,2484,07/14/2024,False
Audere Apartments,"Phoenix-Mesa-Scottsdale, AZ",1007,3x2,1310,2484,07/15/2024,False
Audere Apartments,"Phoenix-Mesa-Scottsdale, AZ",1007,3x2,1310,2484,07/16/2024,False
Audere Apartments,"Phoenix-Mesa-Scottsdale, AZ",1007,3x2,1310,2484,07/17/2024,False
Audere Apartments,"Phoenix-Mesa-Scottsdale, AZ",1007,3x2,1310,2484,07/18/2024,False
Audere Apartments,"Phoenix-Mesa-Scottsdale, AZ",1007,3x2,1310,2484,07/19/2024,False
Audere Apartments,"Phoenix-Mesa-Scottsdale, AZ",1007,3x2,1310,2484,07/20/2024,False
Audere Apartments,"Phoenix-Mesa-Scottsdale, AZ",1007,3x2,1310,2484,07/21/2024,False
Audere Apartments,"Phoenix-Mesa-Scottsdale, AZ",1007,3x2,1310,2484,07/22/2024,False
Audere Apartments,"Phoenix-Mesa-Scottsdale, AZ",1007,3x2,1310,2484,07/23/2024,False
Audere Apartments,"Phoenix-Mesa-Scottsdale, AZ",1007,3x2,1310,2484,07/24/2024,False
Audere Apartments,"Phoenix-Mesa-Scottsdale, AZ",1007,3x2,1310,2484,07/25/2024,False
Audere Apartments,"Phoenix-Mesa-Scottsdale, AZ",1007,3x2,1310,2484,07/26/2024,False
Audere Apartments,"Phoenix-Mesa-Scottsdale, AZ",1007,3x2,1310,2484,07/27/2024,False
Audere Apartments,"Phoenix-Mesa-Scottsdale, AZ",1007,3x2,1310,2484,07/28/2024,False
Audere Apartments,"Phoenix-Mesa-Scottsdale, AZ",1007,3x2,1310,2484,07/29/2024,False
Audere Apartments,"Phoenix-Mesa-Scottsdale, AZ",1007,3x2,1310,2484,07/30/2024,False
Audere Apartments,"Phoenix-Mesa-Scottsdale, AZ",1007,3x2,1310,2484,07/31/2024,False
Audere Apartments,"Phoenix-Mesa-Scottsdale, AZ",1007,3x2,1310,2484,08/01/2024,False
Audere Apartments,"Phoenix-Mesa-Scottsdale, AZ",1007,3x2,1310,2484,08/02/2024,False
Audere Apartments,"Phoenix-Mesa-Scottsdale, AZ",1007,3x2,1310,2484,08/03/2024,False
Audere Apartments,"Phoenix-Mesa-Scottsdale, AZ",1007,3x2,1310,2484,08/04/2024,False
Audere Apartments,"Phoenix-Mesa-Scottsdale, AZ",1007,3x2,1310,2484,08/05/2024,False
Audere Apartments,"Phoenix-Mesa-Scottsdale, AZ",1007,3x2,1310,2484,08/06/2024,False
Audere Apartments,"Phoenix-Mesa-Scottsdale, AZ",1007,3x2,1310,2484,08/07/2024,False
Audere Apartments,"Phoenix-Mesa-Scottsdale, AZ",1007,3x2,1310,2178,08/08/2024,False
Audere Apartments,"Phoenix-Mesa-Scottsdale, AZ",1007,3x2,1310,2151,08/09/2024,False
Audere Apartments,"Phoenix-Mesa-Scottsdale, AZ",1007,3x2,1310,2151,08/10/2024,False
Audere Apartments,"Phoenix-Mesa-Scottsdale, AZ",1007,3x2,1310,2151,08/11/2024,False
Audere Apartments,"Phoenix-Mesa-Scottsdale, AZ",1007,3x2,1310,2151,08/12/2024,False
Audere Apartments,"Phoenix-Mesa-Scottsdale, AZ",1007,3x2,1310,2145,08/13/2024,False
Audere Apartments,"Phoenix-Mesa-Scottsdale, AZ",1007,3x2,1310,2145,08/14/2024,False
Audere Apartments,"Phoenix-Mesa-Scottsdale, AZ",1007,3x2,1310,2101,08/15/2024,False
Audere Apartments,"Phoenix-Mesa-Scottsdale, AZ",1007,3x2,1310,2101,08/16/2024,False
Audere Apartments,"Phoenix-Mesa-Scottsdale, AZ",1007,3x2,1310,2101,08/17/2024,False
Audere Apartments,"Phoenix-Mesa-Scottsdale, AZ",1007,3x2,1310,2101,08/18/2024,False
Audere Apartments,"Phoenix-Mesa-Scottsdale, AZ",1007,3x2,1310,2144,08/19/2024,False
Audere Apartments,"Phoenix-Mesa-Scottsdale, AZ",1007,3x2,1310,2187,08/20/2024,False
Audere Apartments,"Phoenix-Mesa-Scottsdale, AZ",1007,3x2,1310,2231,08/21/2024,False
Audere Apartments,"Phoenix-Mesa-Scottsdale, AZ",1007,3x2,1310,2250,08/22/2024,False
Audere Apartments,"Phoenix-Mesa-Scottsdale, AZ",1007,3x2,1310,2250,08/23/2024,False
Audere Apartments,"Phoenix-Mesa-Scottsdale, AZ",1007,3x2,1310,2250,08/24/2024,False
Audere Apartments,"Phoenix-Mesa-Scottsdale, AZ",1007,3x2,1310,2250,08/25/2024,False
Audere Apartments,"Phoenix-Mesa-Scottsdale, AZ",1007,3x2,1310,2296,08/26/2024,False
Audere Apartments,"Phoenix-Mesa-Scottsdale, AZ",1007,3x2,1310,2342,08/27/2024,False
Audere Apartments,"Phoenix-Mesa-Scottsdale, AZ",1007,3x2,1310,2389,08/28/2024,False
Audere Apartments,"Phoenix-Mesa-Scottsdale, AZ",1007,3x2,1310,2410,08/29/2024,False
Audere Apartments,"Phoenix-Mesa-Scottsdale, AZ",1007,3x2,1310,2410,08/30/2024,False
Audere Apartments,"Phoenix-Mesa-Scottsdale, AZ",1007,3x2,1310,2410,08/31/2024,False
Audere Apartments,"Phoenix-Mesa-Scottsdale, AZ",1007,3x2,1310,2410,09/01/2024,False
Audere Apartments,"Phoenix-Mesa-Scottsdale, AZ",1007,3x2,1310,2459,09/02/2024,False
Audere Apartments,"Phoenix-Mesa-Scottsdale, AZ",1007,3x2,1310,2324,09/03/2024,False
Audere Apartments,"Phoenix-Mesa-Scottsdale, AZ",1007,3x2,1310,2324,09/04/2024,False
Audere Apartments,"Phoenix-Mesa-Scottsdale, AZ",1007,3x2,1310,2324,09/05/2024,False
Audere Apartments,"Phoenix-Mesa-Scottsdale, AZ",1007,3x2,1310,2324,09/06/2024,False
Audere Apartments,"Phoenix-Mesa-Scottsdale, AZ",1007,3x2,1310,2324,09/07/2024,False
Audere Apartments,"Phoenix-Mesa-Scottsdale, AZ",1007,3x2,1310,2324,09/08/2024,False
Audere Apartments,"Phoenix-Mesa-Scottsdale, AZ",1007,3x2,1310,2324,09/09/2024,False
Audere Apartments,"Phoenix-Mesa-Scottsdale, AZ",1007,3x2,1310,2324,09/10/2024,False
Audere Apartments,"Phoenix-Mesa-Scottsdale, AZ",1007,3x2,1310,2324,09/11/2024,False
Audere Apartments,"Phoenix-Mesa-Scottsdale, AZ",1007,3x2,1310,2276,09/12/2024,False
Audere Apartments,"Phoenix-Mesa-Scottsdale, AZ",1007,3x2,1310,2229,09/13/2024,False
Audere Apartments,"Phoenix-Mesa-Scottsdale, AZ",1007,3x2,1310,2229,09/14/2024,False
Audere Apartments,"Phoenix-Mesa-Scottsdale, AZ",1007,3x2,1310,2229,09/15/2024,False
Audere Apartments,"Phoenix-Mesa-Scottsdale, AZ",1007,3x2,1310,2183,09/16/2024,False
Audere Apartments,"Phoenix-Mesa-Scottsdale, AZ",1007,3x2,1310,2156,09/17/2024,False
Audere Apartments,"Phoenix-Mesa-Scottsdale, AZ",1007,3x2,1310,2111,09/18/2024,False
Audere Apartments,"Phoenix-Mesa-Scottsdale, AZ",1007,3x2,1310,2037,09/19/2024,False
Audere Apartments,"Phoenix-Mesa-Scottsdale, AZ",1007,3x2,1310,2037,09/20/2024,False
Audere Apartments,"Phoenix-Mesa-Scottsdale, AZ",1007,3x2,1310,2037,09/21/2024,False
Audere Apartments,"Phoenix-Mesa-Scottsdale, AZ",1007,3x2,1310,2037,09/22/2024,False
Audere Apartments,"Phoenix-Mesa-Scottsdale, AZ",1007,3x2,1310,2016,09/23/2024,False
Audere Apartments,"Phoenix-Mesa-Scottsdale, AZ",1007,3x2,1310,2032,09/24/2024,False
Audere Apartments,"Phoenix-Mesa-Scottsdale, AZ",1007,3x2,1310,2053,09/25/2024,False
Audere Apartments,"Phoenix-Mesa-Scottsdale, AZ",1007,3x2,1310,2074,09/26/2024,False
Audere Apartments,"Phoenix-Mesa-Scottsdale, AZ",1007,3x2,1310,2074,09/27/2024,False
Audere Apartments,"Phoenix-Mesa-Scottsdale, AZ",1007,3x2,1310,2074,09/28/2024,False
Audere Apartments,"Phoenix-Mesa-Scottsdale, AZ",1007,3x2,1310,2074,09/29/2024,False
Audere Apartments,"Phoenix-Mesa-Scottsdale, AZ",1007,3x2,1310,2074,09/30/2024,False
Audere Apartments,"Phoenix-Mesa-Scottsdale, AZ",1007,3x2,1310,2053,10/01/2024,False
Audere Apartments,"Phoenix-Mesa-Scottsdale, AZ",1007,3x2,1310,2053,10/02/2024,False
Audere Apartments,"Phoenix-Mesa-Scottsdale, AZ",1007,3x2,1310,2053,10/03/2024,False
Audere Apartments,"Phoenix-Mesa-Scottsdale, AZ",1007,3x2,1310,2053,10/04/2024,False
Audere Apartments,"Phoenix-Mesa-Scottsdale, AZ",1007,3x2,1310,2053,10/05/2024,False
Audere Apartments,"Phoenix-Mesa-Scottsdale, AZ",1007,3x2,1310,2053,10/06/2024,False
Audere Apartments,"Phoenix-Mesa-Scottsdale, AZ",1007,3x2,1310,2053,10/07/2024,False
Audere Apartments,"Phoenix-Mesa-Scottsdale, AZ",1007,3x2,1310,2046,10/08/2024,False
Audere Apartments,"Phoenix-Mesa-Scottsdale, AZ",1007,3x2,1310,2052,10/09/2024,False
Audere Apartments,"Phoenix-Mesa-Scottsdale, AZ",1007,3x2,1310,2045,10/10/2024,False
Audere Apartments,"Phoenix-Mesa-Scottsdale, AZ",1007,3x2,1310,2039,10/11/2024,False
Audere Apartments,"Phoenix-Mesa-Scottsdale, AZ",1007,3x2,1310,2032,10/12/2024,False
Audere Apartments,"Phoenix-Mesa-Scottsdale, AZ",1007,3x2,1310,2025,10/13/2024,False
Audere Apartments,"Phoenix-Mesa-Scottsdale, AZ",1007,3x2,1310,2022,10/14/2024,False
Audere Apartments,"Phoenix-Mesa-Scottsdale, AZ",1007,3x2,1310,2022,10/15/2024,False
Audere Apartments,"Phoenix-Mesa-Scottsdale, AZ",1007,3x2,1310,2022,10/16/2024,False
Audere Apartments,"Phoenix-Mesa-Scottsdale, AZ",1007,3x2,1310,2022,10/17/2024,False
Audere Apartments,"Phoenix-Mesa-Scottsdale, AZ",1007,3x2,1310,2022,10/18/2024,False
Audere Apartments,"Phoenix-Mesa-Scottsdale, AZ",1007,3x2,1310,2022,10/19/2024,False
Audere Apartments,"Phoenix-Mesa-Scottsdale, AZ",1007,3x2,1310,2022,10/20/2024,False
Audere Apartments,"Phoenix-Mesa-Scottsdale, AZ",1007,3x2,1310,2043,10/21/2024,False
Audere Apartments,"Phoenix-Mesa-Scottsdale, AZ",1007,3x2,1310,2063,10/22/2024,False
Audere Apartments,"Phoenix-Mesa-Scottsdale, AZ",1007,3x2,1310,2085,10/23/2024,False
Audere Apartments,"Phoenix-Mesa-Scottsdale, AZ",1007,3x2,1310,2106,10/24/2024,False
Audere Apartments,"Phoenix-Mesa-Scottsdale, AZ",1007,3x2,1310,2128,10/25/2024,False
Audere Apartments,"Phoenix-Mesa-Scottsdale, AZ",1007,3x2,1310,2128,10/26/2024,False
Audere Apartments,"Phoenix-Mesa-Scottsdale, AZ",1007,3x2,1310,2128,10/27/2024,False
Audere Apartments,"Phoenix-Mesa-Scottsdale, AZ",1007,3x2,1310,2149,10/28/2024,False
Audere Apartments,"Phoenix-Mesa-Scottsdale, AZ",1007,3x2,1310,2172,10/29/2024,False
Audere Apartments,"Phoenix-Mesa-Scottsdale, AZ",1007,3x2,1310,2194,10/30/2024,False
Audere Apartments,"Phoenix-Mesa-Scottsdale, AZ",1007,3x2,1310,2265,10/31/2024,False
Audere Apartments,"Phoenix-Mesa-Scottsdale, AZ",1007,3x2,1310,2381,11/01/2024,False
Audere Apartments,"Phoenix-Mesa-Scottsdale, AZ",1007,3x2,1310,2368,11/02/2024,False
Audere Apartments,"Phoenix-Mesa-Scottsdale, AZ",1007,3x2,1310,2368,11/03/2024,False
Audere Apartments,"Phoenix-Mesa-Scottsdale, AZ",1007,3x2,1310,2368,11/04/2024,False
Audere Apartments,"Phoenix-Mesa-Scottsdale, AZ",1007,3x2,1310,2390,11/05/2024,False
Audere Apartments,"Phoenix-Mesa-Scottsdale, AZ",1007,3x2,1310,2415,11/06/2024,False
Audere Apartments,"Phoenix-Mesa-Scottsdale, AZ",1007,3x2,1310,2440,11/07/2024,False
Audere Apartments,"Phoenix-Mesa-Scottsdale, AZ",1007,3x2,1310,2465,11/08/2024,False
Audere Apartments,"Phoenix-Mesa-Scottsdale, AZ",1007,3x2,1310,2465,11/09/2024,False
Audere Apartments,"Phoenix-Mesa-Scottsdale, AZ",1007,3x2,1310,2465,11/10/2024,False
Audere Apartments,"Phoenix-Mesa-Scottsdale, AZ",1007,3x2,1310,2490,11/11/2024,False
Audere Apartments,"Phoenix-Mesa-Scottsdale, AZ",1007,3x2,1310,2516,11/12/2024,False
Audere Apartments,"Phoenix-Mesa-Scottsdale, AZ",1007,3x2,1310,2542,11/13/2024,False
Audere Apartments,"Phoenix-Mesa-Scottsdale, AZ",1007,3x2,1310,2441,11/14/2024,False
Audere Apartments,"Phoenix-Mesa-Scottsdale, AZ",1007,3x2,1310,2467,11/15/2024,False
Audere Apartments,"Phoenix-Mesa-Scottsdale, AZ",1007,3x2,1310,2467,11/16/2024,False
Audere Apartments,"Phoenix-Mesa-Scottsdale, AZ",1007,3x2,1310,2467,11/17/2024,False
Audere Apartments,"Phoenix-Mesa-Scottsdale, AZ",1007,3x2,1310,2492,11/18/2024,False
Audere Apartments,"Phoenix-Mesa-Scottsdale, AZ",1007,3x2,1310,2518,11/19/2024,False
Audere Apartments,"Phoenix-Mesa-Scottsdale, AZ",1007,3x2,1310,2543,11/20/2024,False
Audere Apartments,"Phoenix-Mesa-Scottsdale, AZ",1007,3x2,1310,2569,11/21/2024,False
Audere Apartments,"Phoenix-Mesa-Scottsdale, AZ",1007,3x2,1310,2596,11/22/2024,False
Audere Apartments,"Phoenix-Mesa-Scottsdale, AZ",1007,3x2,1310,2596,11/23/2024,False
Audere Apartments,"Phoenix-Mesa-Scottsdale, AZ",1007,3x2,1310,2596,11/24/2024,False
Audere Apartments,"Phoenix-Mesa-Scottsdale, AZ",1007,3x2,1310,2622,11/25/2024,False
Audere Apartments,"Phoenix-Mesa-Scottsdale, AZ",1007,3x2,1310,2622,11/26/2024,False
Audere Apartments,"Phoenix-Mesa-Scottsdale, AZ",1007,3x2,1310,2622,11/27/2024,False
Audere Apartments,"Phoenix-Mesa-Scottsdale, AZ",1007,3x2,1310,2622,11/28/2024,False
Audere Apartments,"Phoenix-Mesa-Scottsdale, AZ",1007,3x2,1310,2622,11/29/2024,False
Audere Apartments,"Phoenix-Mesa-Scottsdale, AZ",1007,3x2,1310,2679,11/30/2024,False
Audere Apartments,"Phoenix-Mesa-Scottsdale, AZ",1007,3x2,1310,2679,12/01/2024,False
Audere Apartments,"Phoenix-Mesa-Scottsdale, AZ",1007,3x2,1310,2692,12/02/2024,False
Audere Apartments,"Phoenix-Mesa-Scottsdale, AZ",1007,3x2,1310,2664,12/03/2024,False
Audere Apartments,"Phoenix-Mesa-Scottsdale, AZ",1007,3x2,1310,2637,12/04/2024,False
Audere Apartments,"Phoenix-Mesa-Scottsdale, AZ",1007,3x2,1310,2610,12/05/2024,False
Audere Apartments,"Phoenix-Mesa-Scottsdale, AZ",1007,3x2,1310,2583,12/06/2024,False
Audere Apartments,"Phoenix-Mesa-Scottsdale, AZ",1007,3x2,1310,2476,12/07/2024,False
Audere Apartments,"Phoenix-Mesa-Scottsdale, AZ",1007,3x2,1310,2476,12/08/2024,False
Audere Apartments,"Phoenix-Mesa-Scottsdale, AZ",1007,3x2,1310,2473,12/09/2024,False
Audere Apartments,"Phoenix-Mesa-Scottsdale, AZ",1007,3x2,1310,2473,12/10/2024,False
Audere Apartments,"Phoenix-Mesa-Scottsdale, AZ",1007,3x2,1310,2435,12/11/2024,False
Audere Apartments,"Phoenix-Mesa-Scottsdale, AZ",1007,3x2,1310,2410,12/12/2024,False
Audere Apartments,"Phoenix-Mesa-Scottsdale, AZ",1007,3x2,1310,2309,12/13/2024,False
Audere Apartments,"Phoenix-Mesa-Scottsdale, AZ",1007,3x2,1310,2309,12/14/2024,False
Audere Apartments,"Phoenix-Mesa-Scottsdale, AZ",1007,3x2,1310,2309,12/15/2024,False
Audere Apartments,"Phoenix-Mesa-Scottsdale, AZ",1007,3x2,1310,2309,12/16/2024,False
Audere Apartments,"Phoenix-Mesa-Scottsdale, AZ",1007,3x2,1310,2309,12/17/2024,False
Audere Apartments,"Phoenix-Mesa-Scottsdale, AZ",1007,3x2,1310,2261,12/18/2024,False
Audere Apartments,"Phoenix-Mesa-Scottsdale, AZ",1007,3x2,1310,2214,12/19/2024,False
Audere Apartments,"Phoenix-Mesa-Scottsdale, AZ",1007,3x2,1310,2168,12/20/2024,False
Audere Apartments,"Phoenix-Mesa-Scottsdale, AZ",1007,3x2,1310,2168,12/21/2024,False
Audere Apartments,"Phoenix-Mesa-Scottsdale, AZ",1007,3x2,1310,2168,12/22/2024,False
Audere Apartments,"Phoenix-Mesa-Scottsdale, AZ",1007,3x2,1310,2142,12/23/2024,False
Audere Apartments,"Phoenix-Mesa-Scottsdale, AZ",1007,3x2,1310,2098,12/24/2024,False
Audere Apartments,"Phoenix-Mesa-Scottsdale, AZ",1007,3x2,1310,2055,12/25/2024,False
Audere Apartments,"Phoenix-Mesa-Scottsdale, AZ",1007,3x2,1310,2055,12/26/2024,False
Audere Apartments,"Phoenix-Mesa-Scottsdale, AZ",1007,3x2,1310,2055,12/27/2024,False
Audere Apartments,"Phoenix-Mesa-Scottsdale, AZ",1007,3x2,1310,2055,12/28/2024,False
Audere Apartments,"Phoenix-Mesa-Scottsdale, AZ",1007,3x2,1310,2055,12/29/2024,False
Audere Apartments,"Phoenix-Mesa-Scottsdale, AZ",1007,3x2,1310,2012,12/30/2024,False
Audere Apartments,"Phoenix-Mesa-Scottsdale, AZ",1007,3x2,1310,1970,12/31/2024,False
Audere Apartments,"Phoenix-Mesa-Scottsdale, AZ",1007,3x2,1310,2011,01/01/2025,False
Audere Apartments,"Phoenix-Mesa-Scottsdale, AZ",1007,3x2,1310,2037,01/02/2025,False
Audere Apartments,"Phoenix-Mesa-Scottsdale, AZ",1007,3x2,1310,2037,01/03/2025,False
Audere Apartments,"Phoenix-Mesa-Scottsdale, AZ",1007,3x2,1310,2037,01/04/2025,False
Audere Apartments,"Phoenix-Mesa-Scottsdale, AZ",1007,3x2,1310,2037,01/05/2025,False
Audere Apartments,"Phoenix-Mesa-Scottsdale, AZ",1007,3x2,1310,2037,01/06/2025,False
Audere Apartments,"Phoenix-Mesa-Scottsdale, AZ",1007,3x2,1310,2077,01/07/2025,False
Audere Apartments,"Phoenix-Mesa-Scottsdale, AZ",1007,3x2,1310,2077,01/08/2025,True
Audere Apartments,"Phoenix-Mesa-Scottsdale, AZ",1008,1x1,749,1517,10/16/2024,False
Audere Apartments,"Phoenix-Mesa-Scottsdale, AZ",1008,1x1,749,1531,10/17/2024,False
Audere Apartments,"Phoenix-Mesa-Scottsdale, AZ",1008,1x1,749,1545,10/18/2024,False
Audere Apartments,"Phoenix-Mesa-Scottsdale, AZ",1008,1x1,749,1545,10/19/2024,False
Audere Apartments,"Phoenix-Mesa-Scottsdale, AZ",1008,1x1,749,1545,10/20/2024,False
Audere Apartments,"Phoenix-Mesa-Scottsdale, AZ",1008,1x1,749,1559,10/21/2024,False
Audere Apartments,"Phoenix-Mesa-Scottsdale, AZ",1008,1x1,749,1573,10/22/2024,False
Audere Apartments,"Phoenix-Mesa-Scottsdale, AZ",1008,1x1,749,1588,10/23/2024,False
Audere Apartments,"Phoenix-Mesa-Scottsdale, AZ",1008,1x1,749,1589,10/24/2024,False
Audere Apartments,"Phoenix-Mesa-Scottsdale, AZ",1008,1x1,749,1604,10/25/2024,False
Audere Apartments,"Phoenix-Mesa-Scottsdale, AZ",1008,1x1,749,1604,10/26/2024,False
Audere Apartments,"Phoenix-Mesa-Scottsdale, AZ",1008,1x1,749,1604,10/27/2024,False
Audere Apartments,"Phoenix-Mesa-Scottsdale, AZ",1008,1x1,749,1619,10/28/2024,False
Audere Apartments,"Phoenix-Mesa-Scottsdale, AZ",1008,1x1,749,1634,10/29/2024,False
Audere Apartments,"Phoenix-Mesa-Scottsdale, AZ",1008,1x1,749,1649,10/30/2024,False
Audere Apartments,"Phoenix-Mesa-Scottsdale, AZ",1008,1x1,749,1664,10/31/2024,False
Audere Apartments,"Phoenix-Mesa-Scottsdale, AZ",1008,1x1,749,1664,11/01/2024,False
Audere Apartments,"Phoenix-Mesa-Scottsdale, AZ",1008,1x1,749,1664,11/02/2024,False
Audere Apartments,"Phoenix-Mesa-Scottsdale, AZ",1008,1x1,749,1664,11/03/2024,False
Audere Apartments,"Phoenix-Mesa-Scottsdale, AZ",1008,1x1,749,1633,11/04/2024,False
Audere Apartments,"Phoenix-Mesa-Scottsdale, AZ",1008,1x1,749,1544,11/05/2024,False
Audere Apartments,"Phoenix-Mesa-Scottsdale, AZ",1008,1x1,749,1514,11/06/2024,False
Audere Apartments,"Phoenix-Mesa-Scottsdale, AZ",1008,1x1,749,1514,11/07/2024,False
Audere Apartments,"Phoenix-Mesa-Scottsdale, AZ",1008,1x1,749,1529,11/08/2024,False
Audere Apartments,"Phoenix-Mesa-Scottsdale, AZ",1008,1x1,749,1529,11/09/2024,False
Audere Apartments,"Phoenix-Mesa-Scottsdale, AZ",1008,1x1,749,1529,11/10/2024,False
Audere Apartments,"Phoenix-Mesa-Scottsdale, AZ",1008,1x1,749,1500,11/11/2024,False
Audere Apartments,"Phoenix-Mesa-Scottsdale, AZ",1008,1x1,749,1500,11/12/2024,False
Audere Apartments,"Phoenix-Mesa-Scottsdale, AZ",1008,1x1,749,1500,11/13/2024,False
Audere Apartments,"Phoenix-Mesa-Scottsdale, AZ",1008,1x1,749,1500,11/14/2024,False
Audere Apartments,"Phoenix-Mesa-Scottsdale, AZ",1008,1x1,749,1500,11/15/2024,False
Audere Apartments,"Phoenix-Mesa-Scottsdale, AZ",1008,1x1,749,1500,11/16/2024,False
Audere Apartments,"Phoenix-Mesa-Scottsdale, AZ",1008,1x1,749,1500,11/17/2024,False
Audere Apartments,"Phoenix-Mesa-Scottsdale, AZ",1008,1x1,749,1505,11/18/2024,False
Audere Apartments,"Phoenix-Mesa-Scottsdale, AZ",1008,1x1,749,1471,11/19/2024,False
Audere Apartments,"Phoenix-Mesa-Scottsdale, AZ",1008,1x1,749,1544,11/20/2024,False
Audere Apartments,"Phoenix-Mesa-Scottsdale, AZ",1008,1x1,749,1499,11/21/2024,False
Audere Apartments,"Phoenix-Mesa-Scottsdale, AZ",1008,1x1,749,1513,11/22/2024,False
Audere Apartments,"Phoenix-Mesa-Scottsdale, AZ",1008,1x1,749,1513,11/23/2024,False
Audere Apartments,"Phoenix-Mesa-Scottsdale, AZ",1008,1x1,749,1513,11/24/2024,False
Audere Apartments,"Phoenix-Mesa-Scottsdale, AZ",1008,1x1,749,1528,11/25/2024,False
Audere Apartments,"Phoenix-Mesa-Scottsdale, AZ",1008,1x1,749,1559,11/26/2024,False
Audere Apartments,"Phoenix-Mesa-Scottsdale, AZ",1008,1x1,749,1559,11/27/2024,False
Audere Apartments,"Phoenix-Mesa-Scottsdale, AZ",1008,1x1,749,1559,11/28/2024,False
Audere Apartments,"Phoenix-Mesa-Scottsdale, AZ",1008,1x1,749,1559,11/29/2024,False
Audere Apartments,"Phoenix-Mesa-Scottsdale, AZ",1008,1x1,749,1559,11/30/2024,False
Audere Apartments,"Phoenix-Mesa-Scottsdale, AZ",1008,1x1,749,1559,12/01/2024,False
Audere Apartments,"Phoenix-Mesa-Scottsdale, AZ",1008,1x1,749,1528,12/02/2024,False
Audere Apartments,"Phoenix-Mesa-Scottsdale, AZ",1008,1x1,749,1543,12/03/2024,False
Audere Apartments,"Phoenix-Mesa-Scottsdale, AZ",1008,1x1,749,1559,12/04/2024,False
Audere Apartments,"Phoenix-Mesa-Scottsdale, AZ",1008,1x1,749,1574,12/05/2024,False
Audere Apartments,"Phoenix-Mesa-Scottsdale, AZ",1008,1x1,749,1589,12/06/2024,False
Audere Apartments,"Phoenix-Mesa-Scottsdale, AZ",1008,1x1,749,1589,12/07/2024,False
Audere Apartments,"Phoenix-Mesa-Scottsdale, AZ",1008,1x1,749,1589,12/08/2024,False
Audere Apartments,"Phoenix-Mesa-Scottsdale, AZ",1008,1x1,749,1605,12/09/2024,False
Audere Apartments,"Phoenix-Mesa-Scottsdale, AZ",1008,1x1,749,1621,12/10/2024,False
Audere Apartments,"Phoenix-Mesa-Scottsdale, AZ",1008,1x1,749,1637,12/11/2024,False
Audere Apartments,"Phoenix-Mesa-Scottsdale, AZ",1008,1x1,749,1653,12/12/2024,False
Audere Apartments,"Phoenix-Mesa-Scottsdale, AZ",1008,1x1,749,1685,12/13/2024,False
Audere Apartments,"Phoenix-Mesa-Scottsdale, AZ",1008,1x1,749,1685,12/14/2024,False
Audere Apartments,"Phoenix-Mesa-Scottsdale, AZ",1008,1x1,749,1685,12/15/2024,False
Audere Apartments,"Phoenix-Mesa-Scottsdale, AZ",1008,1x1,749,1714,12/16/2024,False
Audere Apartments,"Phoenix-Mesa-Scottsdale, AZ",1008,1x1,749,1714,12/17/2024,False
Audere Apartments,"Phoenix-Mesa-Scottsdale, AZ",1008,1x1,749,1714,12/18/2024,False
Audere Apartments,"Phoenix-Mesa-Scottsdale, AZ",1008,1x1,749,1715,12/19/2024,False
Audere Apartments,"Phoenix-Mesa-Scottsdale, AZ",1008,1x1,749,1715,12/20/2024,False
Audere Apartments,"Phoenix-Mesa-Scottsdale, AZ",1008,1x1,749,1715,12/21/2024,False
Audere Apartments,"Phoenix-Mesa-Scottsdale, AZ",1008,1x1,749,1715,12/22/2024,False
Audere Apartments,"Phoenix-Mesa-Scottsdale, AZ",1008,1x1,749,1715,12/23/2024,False
Audere Apartments,"Phoenix-Mesa-Scottsdale, AZ",1008,1x1,749,1749,12/24/2024,False
Audere Apartments,"Phoenix-Mesa-Scottsdale, AZ",1008,1x1,749,1778,12/25/2024,False
Audere Apartments,"Phoenix-Mesa-Scottsdale, AZ",1008,1x1,749,1778,12/26/2024,False
Audere Apartments,"Phoenix-Mesa-Scottsdale, AZ",1008,1x1,749,1778,12/27/2024,False
Audere Apartments,"Phoenix-Mesa-Scottsdale, AZ",1008,1x1,749,1778,12/28/2024,False
Audere Apartments,"Phoenix-Mesa-Scottsdale, AZ",1008,1x1,749,1778,12/29/2024,False
Audere Apartments,"Phoenix-Mesa-Scottsdale, AZ",1008,1x1,749,1778,12/30/2024,False
Audere Apartments,"Phoenix-Mesa-Scottsdale, AZ",1008,1x1,749,1778,12/31/2024,False
Audere Apartments,"Phoenix-Mesa-Scottsdale, AZ",1008,1x1,749,1778,01/01/2025,False
Audere Apartments,"Phoenix-Mesa-Scottsdale, AZ",1008,1x1,749,1781,01/02/2025,False
Audere Apartments,"Phoenix-Mesa-Scottsdale, AZ",1008,1x1,749,1746,01/03/2025,False
Audere Apartments,"Phoenix-Mesa-Scottsdale, AZ",1008,1x1,749,1674,01/04/2025,False
Audere Apartments,"Phoenix-Mesa-Scottsdale, AZ",1008,1x1,749,1674,01/05/2025,False
Audere Apartments,"Phoenix-Mesa-Scottsdale, AZ",1008,1x1,749,1674,01/06/2025,False
Audere Apartments,"Phoenix-Mesa-Scottsdale, AZ",1008,1x1,749,1674,01/07/2025,False
Audere Apartments,"Phoenix-Mesa-Scottsdale, AZ",1008,1x1,749,1674,01/08/2025,False
Audere Apartments,"Phoenix-Mesa-Scottsdale, AZ",1008,1x1,749,1710,01/09/2025,False
Audere Apartments,"Phoenix-Mesa-Scottsdale, AZ",1008,1x1,749,1674,01/10/2025,False
Audere Apartments,"Phoenix-Mesa-Scottsdale, AZ",1008,1x1,749,1674,01/11/2025,False
Audere Apartments,"Phoenix-Mesa-Scottsdale, AZ",1008,1x1,749,1674,01/12/2025,False
Audere Apartments,"Phoenix-Mesa-Scottsdale, AZ",1008,1x1,749,1674,01/13/2025,False
Audere Apartments,"Phoenix-Mesa-Scottsdale, AZ",1008,1x1,749,1674,01/14/2025,False
Audere Apartments,"Phoenix-Mesa-Scottsdale, AZ",1008,1x1,749,1635,01/15/2025,False
Audere Apartments,"Phoenix-Mesa-Scottsdale, AZ",1008,1x1,749,1635,01/16/2025,False
Audere Apartments,"Phoenix-Mesa-Scottsdale, AZ",1008,1x1,749,1635,01/17/2025,False
Audere Apartments,"Phoenix-Mesa-Scottsdale, AZ",1008,1x1,749,1635,01/18/2025,False
Audere Apartments,"Phoenix-Mesa-Scottsdale, AZ",1008,1x1,749,1635,01/19/2025,False
Audere Apartments,"Phoenix-Mesa-Scottsdale, AZ",1008,1x1,749,1635,01/20/2025,False
Audere Apartments,"Phoenix-Mesa-Scottsdale, AZ",1008,1x1,749,1635,01/21/2025,False
Audere Apartments,"Phoenix-Mesa-Scottsdale, AZ",1008,1x1,749,1635,01/22/2025,False
Audere Apartments,"Phoenix-Mesa-Scottsdale, AZ",1008,1x1,749,1635,01/23/2025,False
Audere Apartments,"Phoenix-Mesa-Scottsdale, AZ",1008,1x1,749,1635,01/24/2025,False
Audere Apartments,"Phoenix-Mesa-Scottsdale, AZ",1008,1x1,749,1635,01/25/2025,False
Audere Apartments,"Phoenix-Mesa-Scottsdale, AZ",1008,1x1,749,1635,01/26/2025,False
Audere Apartments,"Phoenix-Mesa-Scottsdale, AZ",1008,1x1,749,1635,01/27/2025,False
Audere Apartments,"Phoenix-Mesa-Scottsdale, AZ",1008,1x1,749,1635,01/28/2025,False
Audere Apartments,"Phoenix-Mesa-Scottsdale, AZ",1008,1x1,749,1635,01/29/2025,False
Audere Apartments,"Phoenix-Mesa-Scottsdale, AZ",1008,1x1,749,1635,01/30/2025,False
Audere Apartments,"Phoenix-Mesa-Scottsdale, AZ",1008,1x1,749,1635,01/31/2025,False
Audere Apartments,"Phoenix-Mesa-Scottsdale, AZ",1008,1x1,749,1635,02/01/2025,False
Audere Apartments,"Phoenix-Mesa-Scottsdale, AZ",1008,1x1,749,1635,02/02/2025,False
Audere Apartments,"Phoenix-Mesa-Scottsdale, AZ",1008,1x1,749,1635,02/03/2025,False
Audere Apartments,"Phoenix-Mesa-Scottsdale, AZ",1008,1x1,749,1635,02/04/2025,False
Audere Apartments,"Phoenix-Mesa-Scottsdale, AZ",1008,1x1,749,1635,02/05/2025,False
Audere Apartments,"Phoenix-Mesa-Scottsdale, AZ",1008,1x1,749,1635,02/06/2025,False
Audere Apartments,"Phoenix-Mesa-Scottsdale, AZ",1008,1x1,749,1635,02/07/2025,False
Audere Apartments,"Phoenix-Mesa-Scottsdale, AZ",1008,1x1,749,1635,02/08/2025,False
Audere Apartments,"Phoenix-Mesa-Scottsdale, AZ",1008,1x1,749,1635,02/09/2025,False
Audere Apartments,"Phoenix-Mesa-Scottsdale, AZ",1008,1x1,749,1635,02/10/2025,False
Audere Apartments,"Phoenix-Mesa-Scottsdale, AZ",1008,1x1,749,1635,02/11/2025,False
Audere Apartments,"Phoenix-Mesa-Scottsdale, AZ",1008,1x1,749,1635,02/12/2025,False
Audere Apartments,"Phoenix-Mesa-Scottsdale, AZ",1008,1x1,749,1635,02/13/2025,False
Audere Apartments,"Phoenix-Mesa-Scottsdale, AZ",1008,1x1,749,1635,02/14/2025,False
Audere Apartments,"Phoenix-Mesa-Scottsdale, AZ",1008,1x1,749,1635,02/15/2025,False
Audere Apartments,"Phoenix-Mesa-Scottsdale, AZ",1008,1x1,749,1635,02/16/2025,False
Audere Apartments,"Phoenix-Mesa-Scottsdale, AZ",1008,1x1,749,1635,02/17/2025,False
Audere Apartments,"Phoenix-Mesa-Scottsdale, AZ",1008,1x1,749,1635,02/18/2025,False
Audere Apartments,"Phoenix-Mesa-Scottsdale, AZ",1008,1x1,749,1635,02/19/2025,False
Audere Apartments,"Phoenix-Mesa-Scottsdale, AZ",1008,1x1,749,1635,02/20/2025,False
Audere Apartments,"Phoenix-Mesa-Scottsdale, AZ",1008,1x1,749,1635,02/21/2025,False
Audere Apartments,"Phoenix-Mesa-Scottsdale, AZ",1008,1x1,749,1635,02/22/2025,False
Audere Apartments,"Phoenix-Mesa-Scottsdale, AZ",1008,1x1,749,1635,02/23/2025,False
Audere Apartments,"Phoenix-Mesa-Scottsdale, AZ",1008,1x1,749,1635,02/24/2025,False
Audere Apartments,"Phoenix-Mesa-Scottsdale, AZ",1008,1x1,749,1635,02/25/2025,False
Audere Apartments,"Phoenix-Mesa-Scottsdale, AZ",1008,1x1,749,1635,02/26/2025,False
Audere Apartments,"Phoenix-Mesa-Scottsdale, AZ",1008,1x1,749,1635,02/27/2025,False
Audere Apartments,"Phoenix-Mesa-Scottsdale, AZ",1008,1x1,749,1635,02/28/2025,False
Audere Apartments,"Phoenix-Mesa-Scottsdale, AZ",1008,1x1,749,1635,03/01/2025,False
Audere Apartments,"Phoenix-Mesa-Scottsdale, AZ",1008,1x1,749,1635,03/02/2025,False
Audere Apartments,"Phoenix-Mesa-Scottsdale, AZ",1008,1x1,749,1635,03/03/2025,False
Audere Apartments,"Phoenix-Mesa-Scottsdale, AZ",1008,1x1,749,1635,03/04/2025,False
Audere Apartments,"Phoenix-Mesa-Scottsdale, AZ",1008,1x1,749,1635,03/05/2025,False
Audere Apartments,"Phoenix-Mesa-Scottsdale, AZ",1008,1x1,749,1635,03/06/2025,False
Audere Apartments,"Phoenix-Mesa-Scottsdale, AZ",1008,1x1,749,1635,03/07/2025,False
Audere Apartments,"Phoenix-Mesa-Scottsdale, AZ",1008,1x1,749,1635,03/08/2025,False
Audere Apartments,"Phoenix-Mesa-Scottsdale, AZ",1008,1x1,749,1635,03/09/2025,False
Audere Apartments,"Phoenix-Mesa-Scottsdale, AZ",1008,1x1,749,1635,03/10/2025,False
Audere Apartments,"Phoenix-Mesa-Scottsdale, AZ",1008,1x1,749,1635,03/11/2025,False
Audere Apartments,"Phoenix-Mesa-Scottsdale, AZ",1008,1x1,749,1635,03/12/2025,False
Audere Apartments,"Phoenix-Mesa-Scottsdale, AZ",1008,1x1,749,1635,03/13/2025,False
Audere Apartments,"Phoenix-Mesa-Scottsdale, AZ",1008,1x1,749,1635,03/14/2025,False
Audere Apartments,"Phoenix-Mesa-Scottsdale, AZ",1008,1x1,749,1635,03/15/2025,False
Audere Apartments,"Phoenix-Mesa-Scottsdale, AZ",1008,1x1,749,1635,03/16/2025,False
Audere Apartments,"Phoenix-Mesa-Scottsdale, AZ",1008,1x1,749,1635,03/17/2025,False
Audere Apartments,"Phoenix-Mesa-Scottsdale, AZ",1008,1x1,749,1635,03/18/2025,False
Audere Apartments,"Phoenix-Mesa-Scottsdale, AZ",1008,1x1,749,1635,03/19/2025,False
Audere Apartments,"Phoenix-Mesa-Scottsdale, AZ",1008,1x1,749,1635,03/20/2025,False
Audere Apartments,"Phoenix-Mesa-Scottsdale, AZ",1008,1x1,749,1635,03/21/2025,False
Audere Apartments,"Phoenix-Mesa-Scottsdale, AZ",1008,1x1,749,1635,03/22/2025,False
Audere Apartments,"Phoenix-Mesa-Scottsdale, AZ",1008,1x1,749,1635,03/23/2025,False
Audere Apartments,"Phoenix-Mesa-Scottsdale, AZ",1008,1x1,749,1635,03/24/2025,False
Audere Apartments,"Phoenix-Mesa-Scottsdale, AZ",1008,1x1,749,1635,03/25/2025,False
Audere Apartments,"Phoenix-Mesa-Scottsdale, AZ",1008,1x1,749,1635,03/26/2025,False
Audere Apartments,"Phoenix-Mesa-Scottsdale, AZ",1008,1x1,749,1635,03/27/2025,False
Audere Apartments,"Phoenix-Mesa-Scottsdale, AZ",1008,1x1,749,1763,03/28/2025,False
Audere Apartments,"Phoenix-Mesa-Scottsdale, AZ",1008,1x1,749,1763,03/29/2025,False
Audere Apartments,"Phoenix-Mesa-Scottsdale, AZ",1008,1x1,749,1763,03/30/2025,False
Audere Apartments,"Phoenix-Mesa-Scottsdale, AZ",1008,1x1,749,1780,03/31/2025,False
Audere Apartments,"Phoenix-Mesa-Scottsdale, AZ",1008,1x1,749,1788,04/01/2025,False
Audere Apartments,"Phoenix-Mesa-Scottsdale, AZ",1008,1x1,749,1795,04/02/2025,False
Audere Apartments,"Phoenix-Mesa-Scottsdale, AZ",1008,1x1,749,1777,04/03/2025,False
Audere Apartments,"Phoenix-Mesa-Scottsdale, AZ",1008,1x1,749,1760,04/04/2025,False
Audere Apartments,"Phoenix-Mesa-Scottsdale, AZ",1008,1x1,749,1760,04/05/2025,False
Audere Apartments,"Phoenix-Mesa-Scottsdale, AZ",1008,1x1,749,1760,04/06/2025,False
Audere Apartments,"Phoenix-Mesa-Scottsdale, AZ",1008,1x1,749,1743,04/07/2025,False
Audere Apartments,"Phoenix-Mesa-Scottsdale, AZ",1008,1x1,749,1726,04/08/2025,False
Audere Apartments,"Phoenix-Mesa-Scottsdale, AZ",1008,1x1,749,1700,04/09/2025,False
Audere Apartments,"Phoenix-Mesa-Scottsdale, AZ",1008,1x1,749,1701,04/10/2025,False
Audere Apartments,"Phoenix-Mesa-Scottsdale, AZ",1008,1x1,749,1645,04/11/2025,False
Audere Apartments,"Phoenix-Mesa-Scottsdale, AZ",1008,1x1,749,1645,04/12/2025,False
Audere Apartments,"Phoenix-Mesa-Scottsdale, AZ",1008,1x1,749,1645,04/13/2025,False
Audere Apartments,"Phoenix-Mesa-Scottsdale, AZ",1008,1x1,749,1661,04/14/2025,False
Audere Apartments,"Phoenix-Mesa-Scottsdale, AZ",1008,1x1,749,1645,04/15/2025,False
Audere Apartments,"Phoenix-Mesa-Scottsdale, AZ",1008,1x1,749,1629,04/16/2025,False
Audere Apartments,"Phoenix-Mesa-Scottsdale, AZ",1008,1x1,749,1613,04/17/2025,False
Audere Apartments,"Phoenix-Mesa-Scottsdale, AZ",1008,1x1,749,1534,04/18/2025,False
Audere Apartments,"Phoenix-Mesa-Scottsdale, AZ",1008,1x1,749,1534,04/19/2025,False
Audere Apartments,"Phoenix-Mesa-Scottsdale, AZ",1008,1x1,749,1534,04/20/2025,False
Audere Apartments,"Phoenix-Mesa-Scottsdale, AZ",1008,1x1,749,1533,04/21/2025,False
Audere Apartments,"Phoenix-Mesa-Scottsdale, AZ",1008,1x1,749,1548,04/22/2025,False
Audere Apartments,"Phoenix-Mesa-Scottsdale, AZ",1008,1x1,749,1548,04/23/2025,False
Audere Apartments,"Phoenix-Mesa-Scottsdale, AZ",1008,1x1,749,1609,04/24/2025,False
Audere Apartments,"Phoenix-Mesa-Scottsdale, AZ",1008,1x1,749,1593,04/25/2025,False
Audere Apartments,"Phoenix-Mesa-Scottsdale, AZ",1008,1x1,749,1593,04/26/2025,False
Audere Apartments,"Phoenix-Mesa-Scottsdale, AZ",1008,1x1,749,1593,04/27/2025,True
Audere Apartments,"Phoenix-Mesa-Scottsdale, AZ",1009,2x2,1040,1940,06/17/2023,False
Audere Apartments,"Phoenix-Mesa-Scottsdale, AZ",1009,2x2,1040,1940,06/18/2023,False
Audere Apartments,"Phoenix-Mesa-Scottsdale, AZ",1009,2x2,1040,1930,06/19/2023,False
Audere Apartments,"Phoenix-Mesa-Scottsdale, AZ",1009,2x2,1040,1940,06/20/2023,False
Audere Apartments,"Phoenix-Mesa-Scottsdale, AZ",1009,2x2,1040,1940,06/21/2023,False
Audere Apartments,"Phoenix-Mesa-Scottsdale, AZ",1009,2x2,1040,1965,06/22/2023,False
Audere Apartments,"Phoenix-Mesa-Scottsdale, AZ",1009,2x2,1040,1965,06/23/2023,False
Audere Apartments,"Phoenix-Mesa-Scottsdale, AZ",1009,2x2,1040,1970,06/24/2023,False
Audere Apartments,"Phoenix-Mesa-Scottsdale, AZ",1009,2x2,1040,1980,06/25/2023,False
Audere Apartments,"Phoenix-Mesa-Scottsdale, AZ",1009,2x2,1040,1980,06/26/2023,False
Audere Apartments,"Phoenix-Mesa-Scottsdale, AZ",1009,2x2,1040,1980,06/27/2023,False
Audere Apartments,"Phoenix-Mesa-Scottsdale, AZ",1009,2x2,1040,1975,06/28/2023,False
Audere Apartments,"Phoenix-Mesa-Scottsdale, AZ",1009,2x2,1040,1970,06/29/2023,False
Audere Apartments,"Phoenix-Mesa-Scottsdale, AZ",1009,2x2,1040,1960,06/30/2023,False
Audere Apartments,"Phoenix-Mesa-Scottsdale, AZ",1009,2x2,1040,1965,07/01/2023,False
Audere Apartments,"Phoenix-Mesa-Scottsdale, AZ",1009,2x2,1040,1965,07/02/2023,False
Audere Apartments,"Phoenix-Mesa-Scottsdale, AZ",1009,2x2,1040,1965,07/03/2023,False
Audere Apartments,"Phoenix-Mesa-Scottsdale, AZ",1009,2x2,1040,1970,07/04/2023,False
Audere Apartments,"Phoenix-Mesa-Scottsdale, AZ",1009,2x2,1040,1965,07/05/2023,False
Audere Apartments,"Phoenix-Mesa-Scottsdale, AZ",1009,2x2,1040,1970,07/06/2023,False
Audere Apartments,"Phoenix-Mesa-Scottsdale, AZ",1009,2x2,1040,1955,07/07/2023,False
Audere Apartments,"Phoenix-Mesa-Scottsdale, AZ",1009,2x2,1040,1945,07/08/2023,False
Audere Apartments,"Phoenix-Mesa-Scottsdale, AZ",1009,2x2,1040,1960,07/09/2023,False
Audere Apartments,"Phoenix-Mesa-Scottsdale, AZ",1009,2x2,1040,1960,07/10/2023,False
Audere Apartments,"Phoenix-Mesa-Scottsdale, AZ",1009,2x2,1040,1960,07/11/2023,False
Audere Apartments,"Phoenix-Mesa-Scottsdale, AZ",1009,2x2,1040,1965,07/12/2023,False
Audere Apartments,"Phoenix-Mesa-Scottsdale, AZ",1009,2x2,1040,1975,07/13/2023,False
Audere Apartments,"Phoenix-Mesa-Scottsdale, AZ",1009,2x2,1040,1960,07/14/2023,False
Audere Apartments,"Phoenix-Mesa-Scottsdale, AZ",1009,2x2,1040,1930,07/15/2023,False
Audere Apartments,"Phoenix-Mesa-Scottsdale, AZ",1009,2x2,1040,1900,07/16/2023,False
Audere Apartments,"Phoenix-Mesa-Scottsdale, AZ",1009,2x2,1040,1900,07/17/2023,False
Audere Apartments,"Phoenix-Mesa-Scottsdale, AZ",1009,2x2,1040,1915,07/18/2023,False
Audere Apartments,"Phoenix-Mesa-Scottsdale, AZ",1009,2x2,1040,1835,07/19/2023,False
Audere Apartments,"Phoenix-Mesa-Scottsdale, AZ",1009,2x2,1040,1835,07/20/2023,False
Audere Apartments,"Phoenix-Mesa-Scottsdale, AZ",1009,2x2,1040,1835,07/21/2023,False
Audere Apartments,"Phoenix-Mesa-Scottsdale, AZ",1009,2x2,1040,1835,07/22/2023,False
Audere Apartments,"Phoenix-Mesa-Scottsdale, AZ",1009,2x2,1040,1835,07/23/2023,False
Audere Apartments,"Phoenix-Mesa-Scottsdale, AZ",1009,2x2,1040,1835,07/24/2023,False
Audere Apartments,"Phoenix-Mesa-Scottsdale, AZ",1009,2x2,1040,1835,07/25/2023,True
Audere Apartments,"Phoenix-Mesa-Scottsdale, AZ",1009,2x2,1040,1714,07/24/2024,False
Audere Apartments,"Phoenix-Mesa-Scottsdale, AZ",1009,2x2,1040,1714,07/25/2024,False
Audere Apartments,"Phoenix-Mesa-Scottsdale, AZ",1009,2x2,1040,1718,07/26/2024,False
Audere Apartments,"Phoenix-Mesa-Scottsdale, AZ",1009,2x2,1040,1718,07/27/2024,False
Audere Apartments,"Phoenix-Mesa-Scottsdale, AZ",1009,2x2,1040,1718,07/28/2024,False
Audere Apartments,"Phoenix-Mesa-Scottsdale, AZ",1009,2x2,1040,1718,07/29/2024,False
Audere Apartments,"Phoenix-Mesa-Scottsdale, AZ",1009,2x2,1040,1718,07/30/2024,False
Audere Apartments,"Phoenix-Mesa-Scottsdale, AZ",1009,2x2,1040,1718,07/31/2024,False
Audere Apartments,"Phoenix-Mesa-Scottsdale, AZ",1009,2x2,1040,1718,08/01/2024,False
Audere Apartments,"Phoenix-Mesa-Scottsdale, AZ",1009,2x2,1040,1718,08/02/2024,False
Audere Apartments,"Phoenix-Mesa-Scottsdale, AZ",1009,2x2,1040,1718,08/03/2024,False
Audere Apartments,"Phoenix-Mesa-Scottsdale, AZ",1009,2x2,1040,1718,08/04/2024,False
Audere Apartments,"Phoenix-Mesa-Scottsdale, AZ",1009,2x2,1040,1718,08/05/2024,False
Audere Apartments,"Phoenix-Mesa-Scottsdale, AZ",1009,2x2,1040,1718,08/06/2024,False
Audere Apartments,"Phoenix-Mesa-Scottsdale, AZ",1009,2x2,1040,1718,08/07/2024,False
Audere Apartments,"Phoenix-Mesa-Scottsdale, AZ",1009,2x2,1040,1718,08/08/2024,False
Audere Apartments,"Phoenix-Mesa-Scottsdale, AZ",1009,2x2,1040,1718,08/09/2024,False
Audere Apartments,"Phoenix-Mesa-Scottsdale, AZ",1009,2x2,1040,1718,08/10/2024,False
Audere Apartments,"Phoenix-Mesa-Scottsdale, AZ",1009,2x2,1040,1718,08/11/2024,False
Audere Apartments,"Phoenix-Mesa-Scottsdale, AZ",1009,2x2,1040,1718,08/12/2024,False
Audere Apartments,"Phoenix-Mesa-Scottsdale, AZ",1009,2x2,1040,1718,08/13/2024,False
Audere Apartments,"Phoenix-Mesa-Scottsdale, AZ",1009,2x2,1040,1718,08/14/2024,False
Audere Apartments,"Phoenix-Mesa-Scottsdale, AZ",1009,2x2,1040,1718,08/15/2024,False
Audere Apartments,"Phoenix-Mesa-Scottsdale, AZ",1009,2x2,1040,1718,08/16/2024,False
Audere Apartments,"Phoenix-Mesa-Scottsdale, AZ",1009,2x2,1040,1718,08/17/2024,False
Audere Apartments,"Phoenix-Mesa-Scottsdale, AZ",1009,2x2,1040,1718,08/18/2024,False
Audere Apartments,"Phoenix-Mesa-Scottsdale, AZ",1009,2x2,1040,1718,08/19/2024,False
Audere Apartments,"Phoenix-Mesa-Scottsdale, AZ",1009,2x2,1040,1718,08/20/2024,False
Audere Apartments,"Phoenix-Mesa-Scottsdale, AZ",1009,2x2,1040,1718,08/21/2024,False
Audere Apartments,"Phoenix-Mesa-Scottsdale, AZ",1009,2x2,1040,1718,08/22/2024,False
Audere Apartments,"Phoenix-Mesa-Scottsdale, AZ",1009,2x2,1040,1718,08/23/2024,False
Audere Apartments,"Phoenix-Mesa-Scottsdale, AZ",1009,2x2,1040,1718,08/24/2024,False
Audere Apartments,"Phoenix-Mesa-Scottsdale, AZ",1009,2x2,1040,1718,08/25/2024,False
Audere Apartments,"Phoenix-Mesa-Scottsdale, AZ",1009,2x2,1040,1718,08/26/2024,False
Audere Apartments,"Phoenix-Mesa-Scottsdale, AZ",1009,2x2,1040,1718,08/27/2024,False
Audere Apartments,"Phoenix-Mesa-Scottsdale, AZ",1009,2x2,1040,1718,08/28/2024,False
Audere Apartments,"Phoenix-Mesa-Scottsdale, AZ",1009,2x2,1040,1718,08/29/2024,False
Audere Apartments,"Phoenix-Mesa-Scottsdale, AZ",1009,2x2,1040,1718,08/30/2024,False
Audere Apartments,"Phoenix-Mesa-Scottsdale, AZ",1009,2x2,1040,1718,08/31/2024,False
Audere Apartments,"Phoenix-Mesa-Scottsdale, AZ",1009,2x2,1040,1718,09/01/2024,False
Audere Apartments,"Phoenix-Mesa-Scottsdale, AZ",1009,2x2,1040,1718,09/02/2024,False
Audere Apartments,"Phoenix-Mesa-Scottsdale, AZ",1009,2x2,1040,1718,09/03/2024,False
Audere Apartments,"Phoenix-Mesa-Scottsdale, AZ",1009,2x2,1040,1718,09/04/2024,False
Audere Apartments,"Phoenix-Mesa-Scottsdale, AZ",1009,2x2,1040,1718,09/05/2024,False
Audere Apartments,"Phoenix-Mesa-Scottsdale, AZ",1009,2x2,1040,1718,09/06/2024,False
Audere Apartments,"Phoenix-Mesa-Scottsdale, AZ",1009,2x2,1040,1718,09/07/2024,False
Audere Apartments,"Phoenix-Mesa-Scottsdale, AZ",1009,2x2,1040,1718,09/08/2024,False
Audere Apartments,"Phoenix-Mesa-Scottsdale, AZ",1009,2x2,1040,1718,09/09/2024,False
Audere Apartments,"Phoenix-Mesa-Scottsdale, AZ",1009,2x2,1040,1718,09/10/2024,False
Audere Apartments,"Phoenix-Mesa-Scottsdale, AZ",1009,2x2,1040,1718,09/11/2024,False
Audere Apartments,"Phoenix-Mesa-Scottsdale, AZ",1009,2x2,1040,1718,09/12/2024,False
Audere Apartments,"Phoenix-Mesa-Scottsdale, AZ",1009,2x2,1040,1718,09/13/2024,False
Audere Apartments,"Phoenix-Mesa-Scottsdale, AZ",1009,2x2,1040,1718,09/14/2024,False
Audere Apartments,"Phoenix-Mesa-Scottsdale, AZ",1009,2x2,1040,1718,09/15/2024,False
Audere Apartments,"Phoenix-Mesa-Scottsdale, AZ",1009,2x2,1040,1718,09/16/2024,False
Audere Apartments,"Phoenix-Mesa-Scottsdale, AZ",1009,2x2,1040,1718,09/17/2024,False
Audere Apartments,"Phoenix-Mesa-Scottsdale, AZ",1009,2x2,1040,1718,09/18/2024,False
Audere Apartments,"Phoenix-Mesa-Scottsdale, AZ",1009,2x2,1040,1718,09/19/2024,False
Audere Apartments,"Phoenix-Mesa-Scottsdale, AZ",1009,2x2,1040,1718,09/20/2024,False
Audere Apartments,"Phoenix-Mesa-Scottsdale, AZ",1009,2x2,1040,1718,09/21/2024,False
Audere Apartments,"Phoenix-Mesa-Scottsdale, AZ",1009,2x2,1040,1718,09/22/2024,False
Audere Apartments,"Phoenix-Mesa-Scottsdale, AZ",1009,2x2,1040,1718,09/23/2024,False
Audere Apartments,"Phoenix-Mesa-Scottsdale, AZ",1009,2x2,1040,1718,09/24/2024,False
Audere Apartments,"Phoenix-Mesa-Scottsdale, AZ",1009,2x2,1040,1718,09/25/2024,False
Audere Apartments,"Phoenix-Mesa-Scottsdale, AZ",1009,2x2,1040,1718,09/26/2024,False
Audere Apartments,"Phoenix-Mesa-Scottsdale, AZ",1009,2x2,1040,1718,09/27/2024,False
Audere Apartments,"Phoenix-Mesa-Scottsdale, AZ",1009,2x2,1040,1718,09/28/2024,False
Audere Apartments,"Phoenix-Mesa-Scottsdale, AZ",1009,2x2,1040,1718,09/29/2024,False
Audere Apartments,"Phoenix-Mesa-Scottsdale, AZ",1009,2x2,1040,1718,09/30/2024,False
Audere Apartments,"Phoenix-Mesa-Scottsdale, AZ",1009,2x2,1040,1599,10/01/2024,False
Audere Apartments,"Phoenix-Mesa-Scottsdale, AZ",1009,2x2,1040,1563,10/02/2024,False
Audere Apartments,"Phoenix-Mesa-Scottsdale, AZ",1009,2x2,1040,1563,10/03/2024,True
Audere Apartments,"Phoenix-Mesa-Scottsdale, AZ",1010,2x2,1040,1629,10/03/2024,False
Audere Apartments,"Phoenix-Mesa-Scottsdale, AZ",1010,2x2,1040,1629,10/04/2024,False
Audere Apartments,"Phoenix-Mesa-Scottsdale, AZ",1010,2x2,1040,1629,10/05/2024,False
Audere Apartments,"Phoenix-Mesa-Scottsdale, AZ",1010,2x2,1040,1629,10/06/2024,False
Audere Apartments,"Phoenix-Mesa-Scottsdale, AZ",1010,2x2,1040,1646,10/07/2024,False
Audere Apartments,"Phoenix-Mesa-Scottsdale, AZ",1010,2x2,1040,1663,10/08/2024,False
Audere Apartments,"Phoenix-Mesa-Scottsdale, AZ",1010,2x2,1040,1663,10/09/2024,True
Audere Apartments,"Phoenix-Mesa-Scottsdale, AZ",1011,1x1,642,1585,06/17/2023,False
Audere Apartments,"Phoenix-Mesa-Scottsdale, AZ",1011,1x1,642,1585,06/18/2023,False
Audere Apartments,"Phoenix-Mesa-Scottsdale, AZ",1011,1x1,642,1585,06/19/2023,False
Audere Apartments,"Phoenix-Mesa-Scottsdale, AZ",1011,1x1,642,1600,06/20/2023,False
Audere Apartments,"Phoenix-Mesa-Scottsdale, AZ",1011,1x1,642,1600,06/21/2023,False
Audere Apartments,"Phoenix-Mesa-Scottsdale, AZ",1011,1x1,642,1600,06/22/2023,False
Audere Apartments,"Phoenix-Mesa-Scottsdale, AZ",1011,1x1,642,1600,06/23/2023,False
Audere Apartments,"Phoenix-Mesa-Scottsdale, AZ",1011,1x1,642,1595,06/24/2023,False
Audere Apartments,"Phoenix-Mesa-Scottsdale, AZ",1011,1x1,642,1595,06/25/2023,False
Audere Apartments,"Phoenix-Mesa-Scottsdale, AZ",1011,1x1,642,1600,06/26/2023,False
Audere Apartments,"Phoenix-Mesa-Scottsdale, AZ",1011,1x1,642,1585,06/27/2023,False
Audere Apartments,"Phoenix-Mesa-Scottsdale, AZ",1011,1x1,642,1570,06/28/2023,False
Audere Apartments,"Phoenix-Mesa-Scottsdale, AZ",1011,1x1,642,1555,06/29/2023,False
Audere Apartments,"Phoenix-Mesa-Scottsdale, AZ",1011,1x1,642,1555,06/30/2023,False
Audere Apartments,"Phoenix-Mesa-Scottsdale, AZ",1011,1x1,642,1555,07/01/2023,False
Audere Apartments,"Phoenix-Mesa-Scottsdale, AZ",1011,1x1,642,1555,07/02/2023,False
Audere Apartments,"Phoenix-Mesa-Scottsdale, AZ",1011,1x1,642,1555,07/03/2023,False
Audere Apartments,"Phoenix-Mesa-Scottsdale, AZ",1011,1x1,642,1555,07/04/2023,False
Audere Apartments,"Phoenix-Mesa-Scottsdale, AZ",1011,1x1,642,1550,07/05/2023,False
Audere Apartments,"Phoenix-Mesa-Scottsdale, AZ",1011,1x1,642,1550,07/06/2023,False
Audere Apartments,"Phoenix-Mesa-Scottsdale, AZ",1011,1x1,642,1550,07/07/2023,False
Audere Apartments,"Phoenix-Mesa-Scottsdale, AZ",1011,1x1,642,1550,07/08/2023,False
Audere Apartments,"Phoenix-Mesa-Scottsdale, AZ",1011,1x1,642,1560,07/09/2023,False
Audere Apartments,"Phoenix-Mesa-Scottsdale, AZ",1011,1x1,642,1560,07/10/2023,False
Audere Apartments,"Phoenix-Mesa-Scottsdale, AZ",1011,1x1,642,1560,07/11/2023,False
Audere Apartments,"Phoenix-Mesa-Scottsdale, AZ",1011,1x1,642,1545,07/12/2023,False
Audere Apartments,"Phoenix-Mesa-Scottsdale, AZ",1011,1x1,642,1545,07/13/2023,False
Audere Apartments,"Phoenix-Mesa-Scottsdale, AZ",1011,1x1,642,1545,07/14/2023,False
Audere Apartments,"Phoenix-Mesa-Scottsdale, AZ",1011,1x1,642,1510,07/15/2023,False
Audere Apartments,"Phoenix-Mesa-Scottsdale, AZ",1011,1x1,642,1505,07/16/2023,False
Audere Apartments,"Phoenix-Mesa-Scottsdale, AZ",1011,1x1,642,1505,07/17/2023,False
Audere Apartments,"Phoenix-Mesa-Scottsdale, AZ",1011,1x1,642,1505,07/18/2023,False
Audere Apartments,"Phoenix-Mesa-Scottsdale, AZ",1011,1x1,642,1485,07/19/2023,False
Audere Apartments,"Phoenix-Mesa-Scottsdale, AZ",1011,1x1,642,1485,07/20/2023,False
Audere Apartments,"Phoenix-Mesa-Scottsdale, AZ",1011,1x1,642,1485,07/21/2023,False
Audere Apartments,"Phoenix-Mesa-Scottsdale, AZ",1011,1x1,642,1485,07/22/2023,False
Audere Apartments,"Phoenix-Mesa-Scottsdale, AZ",1011,1x1,642,1490,07/23/2023,False
Audere Apartments,"Phoenix-Mesa-Scottsdale, AZ",1011,1x1,642,1500,07/24/2023,False
Audere Apartments,"Phoenix-Mesa-Scottsdale, AZ",1011,1x1,642,1505,07/25/2023,False
Audere Apartments,"Phoenix-Mesa-Scottsdale, AZ",1011,1x1,642,1505,07/26/2023,False
Audere Apartments,"Phoenix-Mesa-Scottsdale, AZ",1011,1x1,642,1545,07/27/2023,False
Audere Apartments,"Phoenix-Mesa-Scottsdale, AZ",1011,1x1,642,1560,07/28/2023,False
Audere Apartments,"Phoenix-Mesa-Scottsdale, AZ",1011,1x1,642,1570,07/29/2023,False
Audere Apartments,"Phoenix-Mesa-Scottsdale, AZ",1011,1x1,642,1555,07/30/2023,False
Audere Apartments,"Phoenix-Mesa-Scottsdale, AZ",1011,1x1,642,1555,07/31/2023,False
Audere Apartments,"Phoenix-Mesa-Scottsdale, AZ",1011,1x1,642,1560,08/01/2023,False
Audere Apartments,"Phoenix-Mesa-Scottsdale, AZ",1011,1x1,642,1525,08/02/2023,False
Audere Apartments,"Phoenix-Mesa-Scottsdale, AZ",1011,1x1,642,1515,08/03/2023,False
Audere Apartments,"Phoenix-Mesa-Scottsdale, AZ",1011,1x1,642,1515,08/04/2023,False
Audere Apartments,"Phoenix-Mesa-Scottsdale, AZ",1011,1x1,642,1525,08/05/2023,False
Audere Apartments,"Phoenix-Mesa-Scottsdale, AZ",1011,1x1,642,1525,08/06/2023,False
Audere Apartments,"Phoenix-Mesa-Scottsdale, AZ",1011,1x1,642,1525,08/07/2023,False
Audere Apartments,"Phoenix-Mesa-Scottsdale, AZ",1011,1x1,642,1530,08/08/2023,False
Audere Apartments,"Phoenix-Mesa-Scottsdale, AZ",1011,1x1,642,1460,08/09/2023,False
Audere Apartments,"Phoenix-Mesa-Scottsdale, AZ",1011,1x1,642,1475,08/10/2023,False
Audere Apartments,"Phoenix-Mesa-Scottsdale, AZ",1011,1x1,642,1470,08/11/2023,False
Audere Apartments,"Phoenix-Mesa-Scottsdale, AZ",1011,1x1,642,1470,08/12/2023,False
Audere Apartments,"Phoenix-Mesa-Scottsdale, AZ",1011,1x1,642,1465,08/13/2023,False
Audere Apartments,"Phoenix-Mesa-Scottsdale, AZ",1011,1x1,642,1465,08/14/2023,False
Audere Apartments,"Phoenix-Mesa-Scottsdale, AZ",1011,1x1,642,1470,08/15/2023,False
Audere Apartments,"Phoenix-Mesa-Scottsdale, AZ",1011,1x1,642,1470,08/16/2023,False
Audere Apartments,"Phoenix-Mesa-Scottsdale, AZ",1011,1x1,642,1485,08/17/2023,False
Audere Apartments,"Phoenix-Mesa-Scottsdale, AZ",1011,1x1,642,1485,08/18/2023,False
Audere Apartments,"Phoenix-Mesa-Scottsdale, AZ",1011,1x1,642,1475,08/19/2023,False
Audere Apartments,"Phoenix-Mesa-Scottsdale, AZ",1011,1x1,642,1475,08/20/2023,False
Audere Apartments,"Phoenix-Mesa-Scottsdale, AZ",1011,1x1,642,1475,08/21/2023,False
Audere Apartments,"Phoenix-Mesa-Scottsdale, AZ",1011,1x1,642,1475,08/22/2023,False
Audere Apartments,"Phoenix-Mesa-Scottsdale, AZ",1011,1x1,642,1475,08/23/2023,False
Audere Apartments,"Phoenix-Mesa-Scottsdale, AZ",1011,1x1,642,1430,08/24/2023,False
Audere Apartments,"Phoenix-Mesa-Scottsdale, AZ",1011,1x1,642,1430,08/25/2023,False
Audere Apartments,"Phoenix-Mesa-Scottsdale, AZ",1011,1x1,642,1445,08/26/2023,False
Audere Apartments,"Phoenix-Mesa-Scottsdale, AZ",1011,1x1,642,1445,08/27/2023,False
Audere Apartments,"Phoenix-Mesa-Scottsdale, AZ",1011,1x1,642,1445,08/28/2023,False
Audere Apartments,"Phoenix-Mesa-Scottsdale, AZ",1011,1x1,642,1455,08/29/2023,False
Audere Apartments,"Phoenix-Mesa-Scottsdale, AZ",1011,1x1,642,1455,08/30/2023,False
Audere Apartments,"Phoenix-Mesa-Scottsdale, AZ",1011,1x1,642,1430,08/31/2023,False
Audere Apartments,"Phoenix-Mesa-Scottsdale, AZ",1011,1x1,642,1430,09/01/2023,False
Audere Apartments,"Phoenix-Mesa-Scottsdale, AZ",1011,1x1,642,1430,09/02/2023,False
Audere Apartments,"Phoenix-Mesa-Scottsdale, AZ",1011,1x1,642,1430,09/03/2023,False
Audere Apartments,"Phoenix-Mesa-Scottsdale, AZ",1011,1x1,642,1430,09/04/2023,False
Audere Apartments,"Phoenix-Mesa-Scottsdale, AZ",1011,1x1,642,1430,09/05/2023,False
Audere Apartments,"Phoenix-Mesa-Scottsdale, AZ",1011,1x1,642,1415,09/06/2023,False
Audere Apartments,"Phoenix-Mesa-Scottsdale, AZ",1011,1x1,642,1410,09/07/2023,False
Audere Apartments,"Phoenix-Mesa-Scottsdale, AZ",1011,1x1,642,1395,09/08/2023,False
Audere Apartments,"Phoenix-Mesa-Scottsdale, AZ",1011,1x1,642,1390,09/09/2023,False
Audere Apartments,"Phoenix-Mesa-Scottsdale, AZ",1011,1x1,642,1390,09/10/2023,False
Audere Apartments,"Phoenix-Mesa-Scottsdale, AZ",1011,1x1,642,1390,09/11/2023,False
Audere Apartments,"Phoenix-Mesa-Scottsdale, AZ",1011,1x1,642,1390,09/12/2023,False
Audere Apartments,"Phoenix-Mesa-Scottsdale, AZ",1011,1x1,642,1390,09/13/2023,False
Audere Apartments,"Phoenix-Mesa-Scottsdale, AZ",1011,1x1,642,1435,09/14/2023,False
Audere Apartments,"Phoenix-Mesa-Scottsdale, AZ",1011,1x1,642,1425,09/15/2023,False
Audere Apartments,"Phoenix-Mesa-Scottsdale, AZ",1011,1x1,642,1425,09/16/2023,False
Audere Apartments,"Phoenix-Mesa-Scottsdale, AZ",1011,1x1,642,1425,09/17/2023,False
Audere Apartments,"Phoenix-Mesa-Scottsdale, AZ",1011,1x1,642,1425,09/18/2023,False
Audere Apartments,"Phoenix-Mesa-Scottsdale, AZ",1011,1x1,642,1425,09/19/2023,False
Audere Apartments,"Phoenix-Mesa-Scottsdale, AZ",1011,1x1,642,1425,09/20/2023,False
Audere Apartments,"Phoenix-Mesa-Scottsdale, AZ",1011,1x1,642,1425,09/21/2023,False
Audere Apartments,"Phoenix-Mesa-Scottsdale, AZ",1011,1x1,642,1425,09/22/2023,False
Audere Apartments,"Phoenix-Mesa-Scottsdale, AZ",1011,1x1,642,1425,09/23/2023,False
Audere Apartments,"Phoenix-Mesa-Scottsdale, AZ",1011,1x1,642,1460,09/24/2023,False
Audere Apartments,"Phoenix-Mesa-Scottsdale, AZ",1011,1x1,642,1460,09/25/2023,False
Audere Apartments,"Phoenix-Mesa-Scottsdale, AZ",1011,1x1,642,1475,09/26/2023,False
Audere Apartments,"Phoenix-Mesa-Scottsdale, AZ",1011,1x1,642,1475,09/27/2023,False
Audere Apartments,"Phoenix-Mesa-Scottsdale, AZ",1011,1x1,642,1460,09/28/2023,False
Audere Apartments,"Phoenix-Mesa-Scottsdale, AZ",1011,1x1,642,1455,09/29/2023,False
Audere Apartments,"Phoenix-Mesa-Scottsdale, AZ",1011,1x1,642,1455,09/30/2023,False
Audere Apartments,"Phoenix-Mesa-Scottsdale, AZ",1011,1x1,642,1460,10/01/2023,False
Audere Apartments,"Phoenix-Mesa-Scottsdale, AZ",1011,1x1,642,1460,10/02/2023,False
Audere Apartments,"Phoenix-Mesa-Scottsdale, AZ",1011,1x1,642,1460,10/03/2023,False
Audere Apartments,"Phoenix-Mesa-Scottsdale, AZ",1011,1x1,642,1460,10/04/2023,False
Audere Apartments,"Phoenix-Mesa-Scottsdale, AZ",1011,1x1,642,1460,10/05/2023,False
Audere Apartments,"Phoenix-Mesa-Scottsdale, AZ",1011,1x1,642,1460,10/06/2023,False
Audere Apartments,"Phoenix-Mesa-Scottsdale, AZ",1011,1x1,642,1460,10/07/2023,False
Audere Apartments,"Phoenix-Mesa-Scottsdale, AZ",1011,1x1,642,1460,10/08/2023,False
Audere Apartments,"Phoenix-Mesa-Scottsdale, AZ",1011,1x1,642,1460,10/09/2023,False
Audere Apartments,"Phoenix-Mesa-Scottsdale, AZ",1011,1x1,642,1430,10/10/2023,False
Audere Apartments,"Phoenix-Mesa-Scottsdale, AZ",1011,1x1,642,1460,10/11/2023,False
Audere Apartments,"Phoenix-Mesa-Scottsdale, AZ",1011,1x1,642,1460,10/12/2023,False
Audere Apartments,"Phoenix-Mesa-Scottsdale, AZ",1011,1x1,642,1460,10/13/2023,False
Audere Apartments,"Phoenix-Mesa-Scottsdale, AZ",1011,1x1,642,1460,10/14/2023,True
Audere Apartments,"Phoenix-Mesa-Scottsdale, AZ",1011,1x1,642,1310,09/29/2024,False
Audere Apartments,"Phoenix-Mesa-Scottsdale, AZ",1011,1x1,642,1310,09/30/2024,False
Audere Apartments,"Phoenix-Mesa-Scottsdale, AZ",1011,1x1,642,1310,10/01/2024,False
Audere Apartments,"Phoenix-Mesa-Scottsdale, AZ",1011,1x1,642,1359,10/02/2024,False
Audere Apartments,"Phoenix-Mesa-Scottsdale, AZ",1011,1x1,642,1389,10/03/2024,False
Audere Apartments,"Phoenix-Mesa-Scottsdale, AZ",1011,1x1,642,1359,10/04/2024,False
Audere Apartments,"Phoenix-Mesa-Scottsdale, AZ",1011,1x1,642,1359,10/05/2024,False
Audere Apartments,"Phoenix-Mesa-Scottsdale, AZ",1011,1x1,642,1359,10/06/2024,False
Audere Apartments,"Phoenix-Mesa-Scottsdale, AZ",1011,1x1,642,1330,10/07/2024,False
Audere Apartments,"Phoenix-Mesa-Scottsdale, AZ",1011,1x1,642,1330,10/08/2024,False
Audere Apartments,"Phoenix-Mesa-Scottsdale, AZ",1011,1x1,642,1301,10/09/2024,False
Audere Apartments,"Phoenix-Mesa-Scottsdale, AZ",1011,1x1,642,1301,10/10/2024,True
Audere Apartments,"Phoenix-Mesa-Scottsdale, AZ",1012,1x1,642,1420,07/23/2024,False
Audere Apartments,"Phoenix-Mesa-Scottsdale, AZ",1012,1x1,642,1399,07/24/2024,False
Audere Apartments,"Phoenix-Mesa-Scottsdale, AZ",1012,1x1,642,1399,07/25/2024,False
Audere Apartments,"Phoenix-Mesa-Scottsdale, AZ",1012,1x1,642,1399,07/26/2024,False
Audere Apartments,"Phoenix-Mesa-Scottsdale, AZ",1012,1x1,642,1399,07/27/2024,True
Audere Apartments,"Phoenix-Mesa-Scottsdale, AZ",1014,1x1,818,1545,09/17/2023,False
Audere Apartments,"Phoenix-Mesa-Scottsdale, AZ",1014,1x1,818,1580,09/18/2023,False
Audere Apartments,"Phoenix-Mesa-Scottsdale, AZ",1014,1x1,818,1585,09/19/2023,False
Audere Apartments,"Phoenix-Mesa-Scottsdale, AZ",1014,1x1,818,1585,09/20/2023,False
Audere Apartments,"Phoenix-Mesa-Scottsdale, AZ",1014,1x1,818,1585,09/21/2023,False
Audere Apartments,"Phoenix-Mesa-Scottsdale, AZ",1014,1x1,818,1585,09/22/2023,False
Audere Apartments,"Phoenix-Mesa-Scottsdale, AZ",1014,1x1,818,1580,09/23/2023,False
Audere Apartments,"Phoenix-Mesa-Scottsdale, AZ",1014,1x1,818,1570,09/24/2023,False
Audere Apartments,"Phoenix-Mesa-Scottsdale, AZ",1014,1x1,818,1565,09/25/2023,False
Audere Apartments,"Phoenix-Mesa-Scottsdale, AZ",1014,1x1,818,1585,09/26/2023,False
Audere Apartments,"Phoenix-Mesa-Scottsdale, AZ",1014,1x1,818,1580,09/27/2023,False
Audere Apartments,"Phoenix-Mesa-Scottsdale, AZ",1014,1x1,818,1570,09/28/2023,False
Audere Apartments,"Phoenix-Mesa-Scottsdale, AZ",1014,1x1,818,1565,09/29/2023,False
Audere Apartments,"Phoenix-Mesa-Scottsdale, AZ",1014,1x1,818,1560,09/30/2023,False
Audere Apartments,"Phoenix-Mesa-Scottsdale, AZ",1014,1x1,818,1570,10/01/2023,False
Audere Apartments,"Phoenix-Mesa-Scottsdale, AZ",1014,1x1,818,1570,10/02/2023,False
Audere Apartments,"Phoenix-Mesa-Scottsdale, AZ",1014,1x1,818,1580,10/03/2023,False
Audere Apartments,"Phoenix-Mesa-Scottsdale, AZ",1014,1x1,818,1580,10/04/2023,False
Audere Apartments,"Phoenix-Mesa-Scottsdale, AZ",1014,1x1,818,1580,10/05/2023,False
Audere Apartments,"Phoenix-Mesa-Scottsdale, AZ",1014,1x1,818,1575,10/06/2023,False
Audere Apartments,"Phoenix-Mesa-Scottsdale, AZ",1014,1x1,818,1570,10/07/2023,False
Audere Apartments,"Phoenix-Mesa-Scottsdale, AZ",1014,1x1,818,1580,10/08/2023,False
Audere Apartments,"Phoenix-Mesa-Scottsdale, AZ",1014,1x1,818,1580,10/09/2023,False
Audere Apartments,"Phoenix-Mesa-Scottsdale, AZ",1014,1x1,818,1560,10/10/2023,False
Audere Apartments,"Phoenix-Mesa-Scottsdale, AZ",1014,1x1,818,1585,10/11/2023,False
Audere Apartments,"Phoenix-Mesa-Scottsdale, AZ",1014,1x1,818,1585,10/12/2023,False
Audere Apartments,"Phoenix-Mesa-Scottsdale, AZ",1014,1x1,818,1585,10/13/2023,False
Audere Apartments,"Phoenix-Mesa-Scottsdale, AZ",1014,1x1,818,1600,10/14/2023,False
Audere Apartments,"Phoenix-Mesa-Scottsdale, AZ",1014,1x1,818,1600,10/15/2023,False
Audere Apartments,"Phoenix-Mesa-Scottsdale, AZ",1014,1x1,818,1600,10/16/2023,False
Audere Apartments,"Phoenix-Mesa-Scottsdale, AZ",1014,1x1,818,1605,10/17/2023,False
Audere Apartments,"Phoenix-Mesa-Scottsdale, AZ",1014,1x1,818,1600,10/18/2023,False
Audere Apartments,"Phoenix-Mesa-Scottsdale, AZ",1014,1x1,818,1600,10/19/2023,False
Audere Apartments,"Phoenix-Mesa-Scottsdale, AZ",1014,1x1,818,1600,10/20/2023,True
Audere Apartments,"Phoenix-Mesa-Scottsdale, AZ",1016,2x2,1040,1691,09/27/2024,False
Audere Apartments,"Phoenix-Mesa-Scottsdale, AZ",1016,2x2,1040,1691,09/28/2024,False
Audere Apartments,"Phoenix-Mesa-Scottsdale, AZ",1016,2x2,1040,1691,09/29/2024,False
Audere Apartments,"Phoenix-Mesa-Scottsdale, AZ",1016,2x2,1040,1691,09/30/2024,False
Audere Apartments,"Phoenix-Mesa-Scottsdale, AZ",1016,2x2,1040,1686,10/01/2024,False
Audere Apartments,"Phoenix-Mesa-Scottsdale, AZ",1016,2x2,1040,1650,10/02/2024,False
Audere Apartments,"Phoenix-Mesa-Scottsdale, AZ",1016,2x2,1040,1655,10/03/2024,False
Audere Apartments,"Phoenix-Mesa-Scottsdale, AZ",1016,2x2,1040,1655,10/04/2024,True
Audere Apartments,"Phoenix-Mesa-Scottsdale, AZ",1017,1x1,642,1394,07/10/2024,False
Audere Apartments,"Phoenix-Mesa-Scottsdale, AZ",1017,1x1,642,1376,07/11/2024,False
Audere Apartments,"Phoenix-Mesa-Scottsdale, AZ",1017,1x1,642,1376,07/12/2024,False
Audere Apartments,"Phoenix-Mesa-Scottsdale, AZ",1017,1x1,642,1376,07/13/2024,False
Audere Apartments,"Phoenix-Mesa-Scottsdale, AZ",1017,1x1,642,1376,07/14/2024,False
Audere Apartments,"Phoenix-Mesa-Scottsdale, AZ",1017,1x1,642,1348,07/15/2024,False
Audere Apartments,"Phoenix-Mesa-Scottsdale, AZ",1017,1x1,642,1320,07/16/2024,False
Audere Apartments,"Phoenix-Mesa-Scottsdale, AZ",1017,1x1,642,1320,07/17/2024,False
Audere Apartments,"Phoenix-Mesa-Scottsdale, AZ",1017,1x1,642,1320,07/18/2024,False
Audere Apartments,"Phoenix-Mesa-Scottsdale, AZ",1017,1x1,642,1320,07/19/2024,False
Audere Apartments,"Phoenix-Mesa-Scottsdale, AZ",1017,1x1,642,1320,07/20/2024,True
Audere Apartments,"Phoenix-Mesa-Scottsdale, AZ",1018,2x2,1071,1970,10/18/2023,False
Audere Apartments,"Phoenix-Mesa-Scottsdale, AZ",1018,2x2,1071,1950,10/19/2023,False
Audere Apartments,"Phoenix-Mesa-Scottsdale, AZ",1018,2x2,1071,1950,10/20/2023,False
Audere Apartments,"Phoenix-Mesa-Scottsdale, AZ",1018,2x2,1071,1930,10/21/2023,False
Audere Apartments,"Phoenix-Mesa-Scottsdale, AZ",1018,2x2,1071,1930,10/22/2023,False
Audere Apartments,"Phoenix-Mesa-Scottsdale, AZ",1018,2x2,1071,1965,10/23/2023,False
Audere Apartments,"Phoenix-Mesa-Scottsdale, AZ",1018,2x2,1071,1975,10/24/2023,False
Audere Apartments,"Phoenix-Mesa-Scottsdale, AZ",1018,2x2,1071,1955,10/25/2023,False
Audere Apartments,"Phoenix-Mesa-Scottsdale, AZ",1018,2x2,1071,1950,10/26/2023,False
Audere Apartments,"Phoenix-Mesa-Scottsdale, AZ",1018,2x2,1071,1960,10/27/2023,False
Audere Apartments,"Phoenix-Mesa-Scottsdale, AZ",1018,2x2,1071,1960,10/28/2023,False
Audere Apartments,"Phoenix-Mesa-Scottsdale, AZ",1018,2x2,1071,1955,10/29/2023,False
Audere Apartments,"Phoenix-Mesa-Scottsdale, AZ",1018,2x2,1071,1955,10/30/2023,False
Audere Apartments,"Phoenix-Mesa-Scottsdale, AZ",1018,2x2,1071,1955,10/31/2023,False
Audere Apartments,"Phoenix-Mesa-Scottsdale, AZ",1018,2x2,1071,1945,11/01/2023,False
Audere Apartments,"Phoenix-Mesa-Scottsdale, AZ",1018,2x2,1071,1970,11/02/2023,False
Audere Apartments,"Phoenix-Mesa-Scottsdale, AZ",1018,2x2,1071,1990,11/03/2023,False
Audere Apartments,"Phoenix-Mesa-Scottsdale, AZ",1018,2x2,1071,1990,11/04/2023,False
Audere Apartments,"Phoenix-Mesa-Scottsdale, AZ",1018,2x2,1071,2000,11/05/2023,False
Audere Apartments,"Phoenix-Mesa-Scottsdale, AZ",1018,2x2,1071,2000,11/06/2023,False
Audere Apartments,"Phoenix-Mesa-Scottsdale, AZ",1018,2x2,1071,2005,11/07/2023,False
Audere Apartments,"Phoenix-Mesa-Scottsdale, AZ",1018,2x2,1071,2005,11/08/2023,False
Audere Apartments,"Phoenix-Mesa-Scottsdale, AZ",1018,2x2,1071,1960,11/09/2023,False
Audere Apartments,"Phoenix-Mesa-Scottsdale, AZ",1018,2x2,1071,1975,11/10/2023,False
Audere Apartments,"Phoenix-Mesa-Scottsdale, AZ",1018,2x2,1071,1960,11/11/2023,False
Audere Apartments,"Phoenix-Mesa-Scottsdale, AZ",1018,2x2,1071,1960,11/12/2023,False
Audere Apartments,"Phoenix-Mesa-Scottsdale, AZ",1018,2x2,1071,1960,11/13/2023,False
Audere Apartments,"Phoenix-Mesa-Scottsdale, AZ",1018,2x2,1071,1915,11/14/2023,False
Audere Apartments,"Phoenix-Mesa-Scottsdale, AZ",1018,2x2,1071,1905,11/15/2023,False
Audere Apartments,"Phoenix-Mesa-Scottsdale, AZ",1018,2x2,1071,1905,11/16/2023,False
Audere Apartments,"Phoenix-Mesa-Scottsdale, AZ",1018,2x2,1071,1905,11/17/2023,False
Audere Apartments,"Phoenix-Mesa-Scottsdale, AZ",1018,2x2,1071,1905,11/18/2023,False
Audere Apartments,"Phoenix-Mesa-Scottsdale, AZ",1018,2x2,1071,1905,11/19/2023,False
Audere Apartments,"Phoenix-Mesa-Scottsdale, AZ",1018,2x2,1071,1905,11/20/2023,False
Audere Apartments,"Phoenix-Mesa-Scottsdale, AZ",1018,2x2,1071,1905,11/21/2023,False
Audere Apartments,"Phoenix-Mesa-Scottsdale, AZ",1018,2x2,1071,1880,11/22/2023,False
Audere Apartments,"Phoenix-Mesa-Scottsdale, AZ",1018,2x2,1071,1880,11/23/2023,False
Audere Apartments,"Phoenix-Mesa-Scottsdale, AZ",1018,2x2,1071,1880,11/24/2023,False
Audere Apartments,"Phoenix-Mesa-Scottsdale, AZ",1018,2x2,1071,1880,11/25/2023,False
Audere Apartments,"Phoenix-Mesa-Scottsdale, AZ",1018,2x2,1071,1880,11/26/2023,False
Audere Apartments,"Phoenix-Mesa-Scottsdale, AZ",1018,2x2,1071,1915,11/27/2023,False
Audere Apartments,"Phoenix-Mesa-Scottsdale, AZ",1018,2x2,1071,1915,11/28/2023,False
Audere Apartments,"Phoenix-Mesa-Scottsdale, AZ",1018,2x2,1071,1900,11/29/2023,False
Audere Apartments,"Phoenix-Mesa-Scottsdale, AZ",1018,2x2,1071,1900,11/30/2023,False
Audere Apartments,"Phoenix-Mesa-Scottsdale, AZ",1018,2x2,1071,1900,12/01/2023,False
Audere Apartments,"Phoenix-Mesa-Scottsdale, AZ",1018,2x2,1071,1900,12/02/2023,False
Audere Apartments,"Phoenix-Mesa-Scottsdale, AZ",1018,2x2,1071,1900,12/03/2023,False
Audere Apartments,"Phoenix-Mesa-Scottsdale, AZ",1018,2x2,1071,1900,12/04/2023,False
Audere Apartments,"Phoenix-Mesa-Scottsdale, AZ",1018,2x2,1071,1895,12/05/2023,False
Audere Apartments,"Phoenix-Mesa-Scottsdale, AZ",1018,2x2,1071,1895,12/06/2023,False
Audere Apartments,"Phoenix-Mesa-Scottsdale, AZ",1018,2x2,1071,1900,12/07/2023,False
Audere Apartments,"Phoenix-Mesa-Scottsdale, AZ",1018,2x2,1071,1900,12/08/2023,False
Audere Apartments,"Phoenix-Mesa-Scottsdale, AZ",1018,2x2,1071,1890,12/09/2023,False
Audere Apartments,"Phoenix-Mesa-Scottsdale, AZ",1018,2x2,1071,1890,12/10/2023,False
Audere Apartments,"Phoenix-Mesa-Scottsdale, AZ",1018,2x2,1071,1890,12/11/2023,False
Audere Apartments,"Phoenix-Mesa-Scottsdale, AZ",1018,2x2,1071,1890,12/12/2023,False
Audere Apartments,"Phoenix-Mesa-Scottsdale, AZ",1018,2x2,1071,1890,12/13/2023,False
Audere Apartments,"Phoenix-Mesa-Scottsdale, AZ",1018,2x2,1071,1890,12/14/2023,False
Audere Apartments,"Phoenix-Mesa-Scottsdale, AZ",1018,2x2,1071,1870,12/15/2023,False
Audere Apartments,"Phoenix-Mesa-Scottsdale, AZ",1018,2x2,1071,1870,12/16/2023,False
Audere Apartments,"Phoenix-Mesa-Scottsdale, AZ",1018,2x2,1071,1870,12/17/2023,False
Audere Apartments,"Phoenix-Mesa-Scottsdale, AZ",1018,2x2,1071,1870,12/18/2023,False
Audere Apartments,"Phoenix-Mesa-Scottsdale, AZ",1018,2x2,1071,1870,12/19/2023,False
Audere Apartments,"Phoenix-Mesa-Scottsdale, AZ",1018,2x2,1071,1870,12/20/2023,False
Audere Apartments,"Phoenix-Mesa-Scottsdale, AZ",1018,2x2,1071,1850,12/21/2023,False
Audere Apartments,"Phoenix-Mesa-Scottsdale, AZ",1018,2x2,1071,1840,12/22/2023,False
Audere Apartments,"Phoenix-Mesa-Scottsdale, AZ",1018,2x2,1071,1865,12/23/2023,False
Audere Apartments,"Phoenix-Mesa-Scottsdale, AZ",1018,2x2,1071,1865,12/24/2023,False
Audere Apartments,"Phoenix-Mesa-Scottsdale, AZ",1018,2x2,1071,1865,12/25/2023,False
Audere Apartments,"Phoenix-Mesa-Scottsdale, AZ",1018,2x2,1071,1865,12/26/2023,False
Audere Apartments,"Phoenix-Mesa-Scottsdale, AZ",1018,2x2,1071,1865,12/27/2023,False
Audere Apartments,"Phoenix-Mesa-Scottsdale, AZ",1018,2x2,1071,1895,12/28/2023,False
Audere Apartments,"Phoenix-Mesa-Scottsdale, AZ",1018,2x2,1071,1895,12/29/2023,False
Audere Apartments,"Phoenix-Mesa-Scottsdale, AZ",1018,2x2,1071,1895,12/30/2023,False
Audere Apartments,"Phoenix-Mesa-Scottsdale, AZ",1018,2x2,1071,1895,12/31/2023,False
Audere Apartments,"Phoenix-Mesa-Scottsdale, AZ",1018,2x2,1071,1895,01/01/2024,False
Audere Apartments,"Phoenix-Mesa-Scottsdale, AZ",1018,2x2,1071,1905,01/02/2024,False
Audere Apartments,"Phoenix-Mesa-Scottsdale, AZ",1018,2x2,1071,1905,01/03/2024,False
Audere Apartments,"Phoenix-Mesa-Scottsdale, AZ",1018,2x2,1071,1900,01/04/2024,False
Audere Apartments,"Phoenix-Mesa-Scottsdale, AZ",1018,2x2,1071,1900,01/05/2024,False
Audere Apartments,"Phoenix-Mesa-Scottsdale, AZ",1018,2x2,1071,1900,01/06/2024,False
Audere Apartments,"Phoenix-Mesa-Scottsdale, AZ",1018,2x2,1071,1900,01/07/2024,False
Audere Apartments,"Phoenix-Mesa-Scottsdale, AZ",1018,2x2,1071,1900,01/08/2024,False
Audere Apartments,"Phoenix-Mesa-Scottsdale, AZ",1018,2x2,1071,1945,01/09/2024,False
Audere Apartments,"Phoenix-Mesa-Scottsdale, AZ",1018,2x2,1071,1925,01/10/2024,False
Audere Apartments,"Phoenix-Mesa-Scottsdale, AZ",1018,2x2,1071,1955,01/11/2024,False
Audere Apartments,"Phoenix-Mesa-Scottsdale, AZ",1018,2x2,1071,1955,01/12/2024,False
Audere Apartments,"Phoenix-Mesa-Scottsdale, AZ",1018,2x2,1071,1955,01/13/2024,False
Audere Apartments,"Phoenix-Mesa-Scottsdale, AZ",1018,2x2,1071,1955,01/14/2024,False
Audere Apartments,"Phoenix-Mesa-Scottsdale, AZ",1018,2x2,1071,1955,01/15/2024,False
Audere Apartments,"Phoenix-Mesa-Scottsdale, AZ",1018,2x2,1071,1950,01/16/2024,False
Audere Apartments,"Phoenix-Mesa-Scottsdale, AZ",1018,2x2,1071,1980,01/17/2024,False
Audere Apartments,"Phoenix-Mesa-Scottsdale, AZ",1018,2x2,1071,1980,01/18/2024,False
Audere Apartments,"Phoenix-Mesa-Scottsdale, AZ",1018,2x2,1071,1965,01/19/2024,False
Audere Apartments,"Phoenix-Mesa-Scottsdale, AZ",1018,2x2,1071,1965,01/20/2024,False
Audere Apartments,"Phoenix-Mesa-Scottsdale, AZ",1018,2x2,1071,1965,01/21/2024,False
Audere Apartments,"Phoenix-Mesa-Scottsdale, AZ",1018,2x2,1071,1965,01/22/2024,False
Audere Apartments,"Phoenix-Mesa-Scottsdale, AZ",1018,2x2,1071,1965,01/23/2024,False
Audere Apartments,"Phoenix-Mesa-Scottsdale, AZ",1018,2x2,1071,1965,01/24/2024,False
Audere Apartments,"Phoenix-Mesa-Scottsdale, AZ",1018,2x2,1071,1965,01/25/2024,False
Audere Apartments,"Phoenix-Mesa-Scottsdale, AZ",1018,2x2,1071,1970,01/26/2024,False
Audere Apartments,"Phoenix-Mesa-Scottsdale, AZ",1018,2x2,1071,1970,01/27/2024,False
Audere Apartments,"Phoenix-Mesa-Scottsdale, AZ",1018,2x2,1071,1965,01/28/2024,False
Audere Apartments,"Phoenix-Mesa-Scottsdale, AZ",1018,2x2,1071,1965,01/29/2024,False
Audere Apartments,"Phoenix-Mesa-Scottsdale, AZ",1018,2x2,1071,1970,01/30/2024,False
Audere Apartments,"Phoenix-Mesa-Scottsdale, AZ",1018,2x2,1071,1965,01/31/2024,False
Audere Apartments,"Phoenix-Mesa-Scottsdale, AZ",1018,2x2,1071,1915,02/01/2024,False
Audere Apartments,"Phoenix-Mesa-Scottsdale, AZ",1018,2x2,1071,1955,02/02/2024,False
Audere Apartments,"Phoenix-Mesa-Scottsdale, AZ",1018,2x2,1071,1955,02/03/2024,False
Audere Apartments,"Phoenix-Mesa-Scottsdale, AZ",1018,2x2,1071,1955,02/04/2024,False
Audere Apartments,"Phoenix-Mesa-Scottsdale, AZ",1018,2x2,1071,1955,02/05/2024,False
Audere Apartments,"Phoenix-Mesa-Scottsdale, AZ",1018,2x2,1071,1955,02/06/2024,False
Audere Apartments,"Phoenix-Mesa-Scottsdale, AZ",1018,2x2,1071,1955,02/07/2024,False
Audere Apartments,"Phoenix-Mesa-Scottsdale, AZ",1018,2x2,1071,1955,02/08/2024,False
Audere Apartments,"Phoenix-Mesa-Scottsdale, AZ",1018,2x2,1071,1990,02/09/2024,False
Audere Apartments,"Phoenix-Mesa-Scottsdale, AZ",1018,2x2,1071,1990,02/10/2024,False
Audere Apartments,"Phoenix-Mesa-Scottsdale, AZ",1018,2x2,1071,1985,02/11/2024,False
Audere Apartments,"Phoenix-Mesa-Scottsdale, AZ",1018,2x2,1071,1980,02/12/2024,False
Audere Apartments,"Phoenix-Mesa-Scottsdale, AZ",1018,2x2,1071,1975,02/13/2024,False
Audere Apartments,"Phoenix-Mesa-Scottsdale, AZ",1018,2x2,1071,2164,02/14/2024,False
Audere Apartments,"Phoenix-Mesa-Scottsdale, AZ",1018,2x2,1071,2164,02/15/2024,False
Audere Apartments,"Phoenix-Mesa-Scottsdale, AZ",1018,2x2,1071,2164,02/16/2024,False
Audere Apartments,"Phoenix-Mesa-Scottsdale, AZ",1018,2x2,1071,2132,02/17/2024,False
Audere Apartments,"Phoenix-Mesa-Scottsdale, AZ",1018,2x2,1071,2132,02/18/2024,False
Audere Apartments,"Phoenix-Mesa-Scottsdale, AZ",1018,2x2,1071,2189,02/19/2024,False
Audere Apartments,"Phoenix-Mesa-Scottsdale, AZ",1018,2x2,1071,2189,02/20/2024,False
Audere Apartments,"Phoenix-Mesa-Scottsdale, AZ",1018,2x2,1071,2189,02/21/2024,False
Audere Apartments,"Phoenix-Mesa-Scottsdale, AZ",1018,2x2,1071,2202,02/22/2024,False
Audere Apartments,"Phoenix-Mesa-Scottsdale, AZ",1018,2x2,1071,2202,02/23/2024,False
Audere Apartments,"Phoenix-Mesa-Scottsdale, AZ",1018,2x2,1071,2202,02/24/2024,False
Audere Apartments,"Phoenix-Mesa-Scottsdale, AZ",1018,2x2,1071,2202,02/25/2024,False
Audere Apartments,"Phoenix-Mesa-Scottsdale, AZ",1018,2x2,1071,2169,02/26/2024,False
Audere Apartments,"Phoenix-Mesa-Scottsdale, AZ",1018,2x2,1071,2202,02/27/2024,False
Audere Apartments,"Phoenix-Mesa-Scottsdale, AZ",1018,2x2,1071,2202,02/28/2024,False
Audere Apartments,"Phoenix-Mesa-Scottsdale, AZ",1018,2x2,1071,2003,02/29/2024,False
Audere Apartments,"Phoenix-Mesa-Scottsdale, AZ",1018,2x2,1071,1942,03/01/2024,False
Audere Apartments,"Phoenix-Mesa-Scottsdale, AZ",1018,2x2,1071,1999,03/02/2024,False
Audere Apartments,"Phoenix-Mesa-Scottsdale, AZ",1018,2x2,1071,1999,03/03/2024,False
Audere Apartments,"Phoenix-Mesa-Scottsdale, AZ",1018,2x2,1071,1999,03/04/2024,False
Audere Apartments,"Phoenix-Mesa-Scottsdale, AZ",1018,2x2,1071,1934,03/05/2024,False
Audere Apartments,"Phoenix-Mesa-Scottsdale, AZ",1018,2x2,1071,1840,03/06/2024,False
Audere Apartments,"Phoenix-Mesa-Scottsdale, AZ",1018,2x2,1071,1852,03/07/2024,False
Audere Apartments,"Phoenix-Mesa-Scottsdale, AZ",1018,2x2,1071,1822,03/08/2024,False
Audere Apartments,"Phoenix-Mesa-Scottsdale, AZ",1018,2x2,1071,1903,03/09/2024,False
Audere Apartments,"Phoenix-Mesa-Scottsdale, AZ",1018,2x2,1071,1903,03/10/2024,False
Audere Apartments,"Phoenix-Mesa-Scottsdale, AZ",1018,2x2,1071,1903,03/11/2024,False
Audere Apartments,"Phoenix-Mesa-Scottsdale, AZ",1018,2x2,1071,1903,03/12/2024,False
Audere Apartments,"Phoenix-Mesa-Scottsdale, AZ",1018,2x2,1071,1903,03/13/2024,False
Audere Apartments,"Phoenix-Mesa-Scottsdale, AZ",1018,2x2,1071,1995,03/14/2024,False
Audere Apartments,"Phoenix-Mesa-Scottsdale, AZ",1018,2x2,1071,2092,03/15/2024,False
Audere Apartments,"Phoenix-Mesa-Scottsdale, AZ",1018,2x2,1071,2092,03/16/2024,False
Audere Apartments,"Phoenix-Mesa-Scottsdale, AZ",1018,2x2,1071,2092,03/17/2024,False
Audere Apartments,"Phoenix-Mesa-Scottsdale, AZ",1018,2x2,1071,2092,03/18/2024,False
Audere Apartments,"Phoenix-Mesa-Scottsdale, AZ",1018,2x2,1071,2096,03/19/2024,False
Audere Apartments,"Phoenix-Mesa-Scottsdale, AZ",1018,2x2,1071,2244,03/20/2024,False
Audere Apartments,"Phoenix-Mesa-Scottsdale, AZ",1018,2x2,1071,2126,03/21/2024,False
Audere Apartments,"Phoenix-Mesa-Scottsdale, AZ",1018,2x2,1071,2022,03/22/2024,False
Audere Apartments,"Phoenix-Mesa-Scottsdale, AZ",1018,2x2,1071,1963,03/23/2024,False
Audere Apartments,"Phoenix-Mesa-Scottsdale, AZ",1018,2x2,1071,2005,03/24/2024,False
Audere Apartments,"Phoenix-Mesa-Scottsdale, AZ",1018,2x2,1071,2005,03/25/2024,False
Audere Apartments,"Phoenix-Mesa-Scottsdale, AZ",1018,2x2,1071,2005,03/26/2024,False
Audere Apartments,"Phoenix-Mesa-Scottsdale, AZ",1018,2x2,1071,2003,03/27/2024,False
Audere Apartments,"Phoenix-Mesa-Scottsdale, AZ",1018,2x2,1071,1905,03/28/2024,False
Audere Apartments,"Phoenix-Mesa-Scottsdale, AZ",1018,2x2,1071,1850,03/29/2024,False
Audere Apartments,"Phoenix-Mesa-Scottsdale, AZ",1018,2x2,1071,1760,03/30/2024,False
Audere Apartments,"Phoenix-Mesa-Scottsdale, AZ",1018,2x2,1071,1812,03/31/2024,False
Audere Apartments,"Phoenix-Mesa-Scottsdale, AZ",1018,2x2,1071,1816,04/01/2024,False
Audere Apartments,"Phoenix-Mesa-Scottsdale, AZ",1018,2x2,1071,1729,04/02/2024,False
Audere Apartments,"Phoenix-Mesa-Scottsdale, AZ",1018,2x2,1071,1797,04/03/2024,False
Audere Apartments,"Phoenix-Mesa-Scottsdale, AZ",1018,2x2,1071,1814,04/04/2024,False
Audere Apartments,"Phoenix-Mesa-Scottsdale, AZ",1018,2x2,1071,1814,04/05/2024,False
Audere Apartments,"Phoenix-Mesa-Scottsdale, AZ",1018,2x2,1071,1814,04/06/2024,False
Audere Apartments,"Phoenix-Mesa-Scottsdale, AZ",1018,2x2,1071,1810,04/07/2024,False
Audere Apartments,"Phoenix-Mesa-Scottsdale, AZ",1018,2x2,1071,1757,04/08/2024,False
Audere Apartments,"Phoenix-Mesa-Scottsdale, AZ",1018,2x2,1071,1878,04/09/2024,False
Audere Apartments,"Phoenix-Mesa-Scottsdale, AZ",1018,2x2,1071,1933,04/10/2024,False
Audere Apartments,"Phoenix-Mesa-Scottsdale, AZ",1018,2x2,1071,1933,04/11/2024,False
Audere Apartments,"Phoenix-Mesa-Scottsdale, AZ",1018,2x2,1071,2027,04/12/2024,False
Audere Apartments,"Phoenix-Mesa-Scottsdale, AZ",1018,2x2,1071,2126,04/13/2024,False
Audere Apartments,"Phoenix-Mesa-Scottsdale, AZ",1018,2x2,1071,2126,04/14/2024,False
Audere Apartments,"Phoenix-Mesa-Scottsdale, AZ",1018,2x2,1071,2126,04/15/2024,False
Audere Apartments,"Phoenix-Mesa-Scottsdale, AZ",1018,2x2,1071,2200,04/16/2024,False
Audere Apartments,"Phoenix-Mesa-Scottsdale, AZ",1018,2x2,1071,2200,04/17/2024,False
Audere Apartments,"Phoenix-Mesa-Scottsdale, AZ",1018,2x2,1071,2112,04/18/2024,False
Audere Apartments,"Phoenix-Mesa-Scottsdale, AZ",1018,2x2,1071,2090,04/19/2024,False
Audere Apartments,"Phoenix-Mesa-Scottsdale, AZ",1018,2x2,1071,2090,04/20/2024,False
Audere Apartments,"Phoenix-Mesa-Scottsdale, AZ",1018,2x2,1071,2095,04/21/2024,False
Audere Apartments,"Phoenix-Mesa-Scottsdale, AZ",1018,2x2,1071,2090,04/22/2024,False
Audere Apartments,"Phoenix-Mesa-Scottsdale, AZ",1018,2x2,1071,2090,04/23/2024,False
Audere Apartments,"Phoenix-Mesa-Scottsdale, AZ",1018,2x2,1071,2090,04/24/2024,False
Audere Apartments,"Phoenix-Mesa-Scottsdale, AZ",1018,2x2,1071,2078,04/25/2024,False
Audere Apartments,"Phoenix-Mesa-Scottsdale, AZ",1018,2x2,1071,2090,04/26/2024,False
Audere Apartments,"Phoenix-Mesa-Scottsdale, AZ",1018,2x2,1071,2000,04/27/2024,False
Audere Apartments,"Phoenix-Mesa-Scottsdale, AZ",1018,2x2,1071,2000,04/28/2024,False
Audere Apartments,"Phoenix-Mesa-Scottsdale, AZ",1018,2x2,1071,1948,04/29/2024,False
Audere Apartments,"Phoenix-Mesa-Scottsdale, AZ",1018,2x2,1071,1917,04/30/2024,False
Audere Apartments,"Phoenix-Mesa-Scottsdale, AZ",1018,2x2,1071,1824,05/01/2024,False
Audere Apartments,"Phoenix-Mesa-Scottsdale, AZ",1018,2x2,1071,1981,05/02/2024,False
Audere Apartments,"Phoenix-Mesa-Scottsdale, AZ",1018,2x2,1071,1946,05/03/2024,False
Audere Apartments,"Phoenix-Mesa-Scottsdale, AZ",1018,2x2,1071,1885,05/04/2024,False
Audere Apartments,"Phoenix-Mesa-Scottsdale, AZ",1018,2x2,1071,1885,05/05/2024,False
Audere Apartments,"Phoenix-Mesa-Scottsdale, AZ",1018,2x2,1071,1857,05/06/2024,False
Audere Apartments,"Phoenix-Mesa-Scottsdale, AZ",1018,2x2,1071,1857,05/07/2024,False
Audere Apartments,"Phoenix-Mesa-Scottsdale, AZ",1018,2x2,1071,1857,05/08/2024,False
Audere Apartments,"Phoenix-Mesa-Scottsdale, AZ",1018,2x2,1071,1857,05/09/2024,False
Audere Apartments,"Phoenix-Mesa-Scottsdale, AZ",1018,2x2,1071,1782,05/10/2024,False
Audere Apartments,"Phoenix-Mesa-Scottsdale, AZ",1018,2x2,1071,1782,05/11/2024,False
Audere Apartments,"Phoenix-Mesa-Scottsdale, AZ",1018,2x2,1071,1782,05/12/2024,False
Audere Apartments,"Phoenix-Mesa-Scottsdale, AZ",1018,2x2,1071,1828,05/13/2024,False
Audere Apartments,"Phoenix-Mesa-Scottsdale, AZ",1018,2x2,1071,1828,05/14/2024,False
Audere Apartments,"Phoenix-Mesa-Scottsdale, AZ",1018,2x2,1071,1881,05/15/2024,False
Audere Apartments,"Phoenix-Mesa-Scottsdale, AZ",1018,2x2,1071,1878,05/16/2024,False
Audere Apartments,"Phoenix-Mesa-Scottsdale, AZ",1018,2x2,1071,1865,05/17/2024,False
Audere Apartments,"Phoenix-Mesa-Scottsdale, AZ",1018,2x2,1071,1865,05/18/2024,False
Audere Apartments,"Phoenix-Mesa-Scottsdale, AZ",1018,2x2,1071,1865,05/19/2024,False
Audere Apartments,"Phoenix-Mesa-Scottsdale, AZ",1018,2x2,1071,1811,05/20/2024,False
Audere Apartments,"Phoenix-Mesa-Scottsdale, AZ",1018,2x2,1071,1725,05/21/2024,False
Audere Apartments,"Phoenix-Mesa-Scottsdale, AZ",1018,2x2,1071,1742,05/22/2024,False
Audere Apartments,"Phoenix-Mesa-Scottsdale, AZ",1018,2x2,1071,1826,05/23/2024,False
Audere Apartments,"Phoenix-Mesa-Scottsdale, AZ",1018,2x2,1071,1859,05/24/2024,False
Audere Apartments,"Phoenix-Mesa-Scottsdale, AZ",1018,2x2,1071,1913,05/25/2024,False
Audere Apartments,"Phoenix-Mesa-Scottsdale, AZ",1018,2x2,1071,1913,05/26/2024,False
Audere Apartments,"Phoenix-Mesa-Scottsdale, AZ",1018,2x2,1071,1913,05/27/2024,False
Audere Apartments,"Phoenix-Mesa-Scottsdale, AZ",1018,2x2,1071,1913,05/28/2024,False
Audere Apartments,"Phoenix-Mesa-Scottsdale, AZ",1018,2x2,1071,1913,05/29/2024,False
Audere Apartments,"Phoenix-Mesa-Scottsdale, AZ",1018,2x2,1071,2017,05/30/2024,False
Audere Apartments,"Phoenix-Mesa-Scottsdale, AZ",1018,2x2,1071,2047,05/31/2024,False
Audere Apartments,"Phoenix-Mesa-Scottsdale, AZ",1018,2x2,1071,2017,06/01/2024,False
Audere Apartments,"Phoenix-Mesa-Scottsdale, AZ",1018,2x2,1071,2017,06/02/2024,False
Audere Apartments,"Phoenix-Mesa-Scottsdale, AZ",1018,2x2,1071,2017,06/03/2024,False
Audere Apartments,"Phoenix-Mesa-Scottsdale, AZ",1018,2x2,1071,2047,06/04/2024,False
Audere Apartments,"Phoenix-Mesa-Scottsdale, AZ",1018,2x2,1071,2039,06/05/2024,False
Audere Apartments,"Phoenix-Mesa-Scottsdale, AZ",1018,2x2,1071,2058,06/06/2024,False
Audere Apartments,"Phoenix-Mesa-Scottsdale, AZ",1018,2x2,1071,2058,06/07/2024,False
Audere Apartments,"Phoenix-Mesa-Scottsdale, AZ",1018,2x2,1071,2058,06/08/2024,False
Audere Apartments,"Phoenix-Mesa-Scottsdale, AZ",1018,2x2,1071,2058,06/09/2024,False
Audere Apartments,"Phoenix-Mesa-Scottsdale, AZ",1018,2x2,1071,2117,06/10/2024,False
Audere Apartments,"Phoenix-Mesa-Scottsdale, AZ",1018,2x2,1071,2117,06/11/2024,False
Audere Apartments,"Phoenix-Mesa-Scottsdale, AZ",1018,2x2,1071,2141,06/12/2024,False
Audere Apartments,"Phoenix-Mesa-Scottsdale, AZ",1018,2x2,1071,2141,06/13/2024,False
Audere Apartments,"Phoenix-Mesa-Scottsdale, AZ",1018,2x2,1071,2141,06/14/2024,False
Audere Apartments,"Phoenix-Mesa-Scottsdale, AZ",1018,2x2,1071,2141,06/15/2024,False
Audere Apartments,"Phoenix-Mesa-Scottsdale, AZ",1018,2x2,1071,2141,06/16/2024,False
Audere Apartments,"Phoenix-Mesa-Scottsdale, AZ",1018,2x2,1071,2062,06/17/2024,False
Audere Apartments,"Phoenix-Mesa-Scottsdale, AZ",1018,2x2,1071,2062,06/18/2024,False
Audere Apartments,"Phoenix-Mesa-Scottsdale, AZ",1018,2x2,1071,2062,06/19/2024,False
Audere Apartments,"Phoenix-Mesa-Scottsdale, AZ",1018,2x2,1071,2062,06/20/2024,False
Audere Apartments,"Phoenix-Mesa-Scottsdale, AZ",1018,2x2,1071,1985,06/21/2024,False
Audere Apartments,"Phoenix-Mesa-Scottsdale, AZ",1018,2x2,1071,1985,06/22/2024,False
Audere Apartments,"Phoenix-Mesa-Scottsdale, AZ",1018,2x2,1071,1985,06/23/2024,False
Audere Apartments,"Phoenix-Mesa-Scottsdale, AZ",1018,2x2,1071,1946,06/24/2024,False
Audere Apartments,"Phoenix-Mesa-Scottsdale, AZ",1018,2x2,1071,1984,06/25/2024,False
Audere Apartments,"Phoenix-Mesa-Scottsdale, AZ",1018,2x2,1071,1984,06/26/2024,False
Audere Apartments,"Phoenix-Mesa-Scottsdale, AZ",1018,2x2,1071,2022,06/27/2024,False
Audere Apartments,"Phoenix-Mesa-Scottsdale, AZ",1018,2x2,1071,2022,06/28/2024,False
Audere Apartments,"Phoenix-Mesa-Scottsdale, AZ",1018,2x2,1071,2022,06/29/2024,False
Audere Apartments,"Phoenix-Mesa-Scottsdale, AZ",1018,2x2,1071,2022,06/30/2024,False
Audere Apartments,"Phoenix-Mesa-Scottsdale, AZ",1018,2x2,1071,2089,07/01/2024,False
Audere Apartments,"Phoenix-Mesa-Scottsdale, AZ",1018,2x2,1071,2100,07/02/2024,False
Audere Apartments,"Phoenix-Mesa-Scottsdale, AZ",1018,2x2,1071,2124,07/03/2024,False
Audere Apartments,"Phoenix-Mesa-Scottsdale, AZ",1018,2x2,1071,2127,07/04/2024,False
Audere Apartments,"Phoenix-Mesa-Scottsdale, AZ",1018,2x2,1071,2127,07/05/2024,False
Audere Apartments,"Phoenix-Mesa-Scottsdale, AZ",1018,2x2,1071,2132,07/06/2024,False
Audere Apartments,"Phoenix-Mesa-Scottsdale, AZ",1018,2x2,1071,2132,07/07/2024,False
Audere Apartments,"Phoenix-Mesa-Scottsdale, AZ",1018,2x2,1071,2173,07/08/2024,False
Audere Apartments,"Phoenix-Mesa-Scottsdale, AZ",1018,2x2,1071,2173,07/09/2024,False
Audere Apartments,"Phoenix-Mesa-Scottsdale, AZ",1018,2x2,1071,2132,07/10/2024,False
Audere Apartments,"Phoenix-Mesa-Scottsdale, AZ",1018,2x2,1071,2090,07/11/2024,False
Audere Apartments,"Phoenix-Mesa-Scottsdale, AZ",1018,2x2,1071,2050,07/12/2024,False
Audere Apartments,"Phoenix-Mesa-Scottsdale, AZ",1018,2x2,1071,2050,07/13/2024,False
Audere Apartments,"Phoenix-Mesa-Scottsdale, AZ",1018,2x2,1071,2050,07/14/2024,False
Audere Apartments,"Phoenix-Mesa-Scottsdale, AZ",1018,2x2,1071,2027,07/15/2024,False
Audere Apartments,"Phoenix-Mesa-Scottsdale, AZ",1018,2x2,1071,1989,07/16/2024,False
Audere Apartments,"Phoenix-Mesa-Scottsdale, AZ",1018,2x2,1071,1989,07/17/2024,False
Audere Apartments,"Phoenix-Mesa-Scottsdale, AZ",1018,2x2,1071,1950,07/18/2024,False
Audere Apartments,"Phoenix-Mesa-Scottsdale, AZ",1018,2x2,1071,1912,07/19/2024,False
Audere Apartments,"Phoenix-Mesa-Scottsdale, AZ",1018,2x2,1071,1912,07/20/2024,False
Audere Apartments,"Phoenix-Mesa-Scottsdale, AZ",1018,2x2,1071,1912,07/21/2024,False
Audere Apartments,"Phoenix-Mesa-Scottsdale, AZ",1018,2x2,1071,1890,07/22/2024,False
Audere Apartments,"Phoenix-Mesa-Scottsdale, AZ",1018,2x2,1071,1855,07/23/2024,False
Audere Apartments,"Phoenix-Mesa-Scottsdale, AZ",1018,2x2,1071,1819,07/24/2024,False
Audere Apartments,"Phoenix-Mesa-Scottsdale, AZ",1018,2x2,1071,1819,07/25/2024,False
Audere Apartments,"Phoenix-Mesa-Scottsdale, AZ",1018,2x2,1071,1842,07/26/2024,False
Audere Apartments,"Phoenix-Mesa-Scottsdale, AZ",1018,2x2,1071,1842,07/27/2024,False
Audere Apartments,"Phoenix-Mesa-Scottsdale, AZ",1018,2x2,1071,1842,07/28/2024,False
Audere Apartments,"Phoenix-Mesa-Scottsdale, AZ",1018,2x2,1071,1842,07/29/2024,False
Audere Apartments,"Phoenix-Mesa-Scottsdale, AZ",1018,2x2,1071,1842,07/30/2024,False
Audere Apartments,"Phoenix-Mesa-Scottsdale, AZ",1018,2x2,1071,1842,07/31/2024,False
Audere Apartments,"Phoenix-Mesa-Scottsdale, AZ",1018,2x2,1071,1842,08/01/2024,False
Audere Apartments,"Phoenix-Mesa-Scottsdale, AZ",1018,2x2,1071,1827,08/02/2024,False
Audere Apartments,"Phoenix-Mesa-Scottsdale, AZ",1018,2x2,1071,1827,08/03/2024,False
Audere Apartments,"Phoenix-Mesa-Scottsdale, AZ",1018,2x2,1071,1827,08/04/2024,False
Audere Apartments,"Phoenix-Mesa-Scottsdale, AZ",1018,2x2,1071,1827,08/05/2024,False
Audere Apartments,"Phoenix-Mesa-Scottsdale, AZ",1018,2x2,1071,1793,08/06/2024,False
Audere Apartments,"Phoenix-Mesa-Scottsdale, AZ",1018,2x2,1071,1793,08/07/2024,False
Audere Apartments,"Phoenix-Mesa-Scottsdale, AZ",1018,2x2,1071,1820,08/08/2024,False
Audere Apartments,"Phoenix-Mesa-Scottsdale, AZ",1018,2x2,1071,1822,08/09/2024,False
Audere Apartments,"Phoenix-Mesa-Scottsdale, AZ",1018,2x2,1071,1822,08/10/2024,False
Audere Apartments,"Phoenix-Mesa-Scottsdale, AZ",1018,2x2,1071,1822,08/11/2024,False
Audere Apartments,"Phoenix-Mesa-Scottsdale, AZ",1018,2x2,1071,1857,08/12/2024,False
Audere Apartments,"Phoenix-Mesa-Scottsdale, AZ",1018,2x2,1071,1879,08/13/2024,False
Audere Apartments,"Phoenix-Mesa-Scottsdale, AZ",1018,2x2,1071,1911,08/14/2024,False
Audere Apartments,"Phoenix-Mesa-Scottsdale, AZ",1018,2x2,1071,1914,08/15/2024,False
Audere Apartments,"Phoenix-Mesa-Scottsdale, AZ",1018,2x2,1071,1846,08/16/2024,False
Audere Apartments,"Phoenix-Mesa-Scottsdale, AZ",1018,2x2,1071,1846,08/17/2024,False
Audere Apartments,"Phoenix-Mesa-Scottsdale, AZ",1018,2x2,1071,1846,08/18/2024,False
Audere Apartments,"Phoenix-Mesa-Scottsdale, AZ",1018,2x2,1071,1881,08/19/2024,False
Audere Apartments,"Phoenix-Mesa-Scottsdale, AZ",1018,2x2,1071,1916,08/20/2024,False
Audere Apartments,"Phoenix-Mesa-Scottsdale, AZ",1018,2x2,1071,1954,08/21/2024,False
Audere Apartments,"Phoenix-Mesa-Scottsdale, AZ",1018,2x2,1071,1991,08/22/2024,False
Audere Apartments,"Phoenix-Mesa-Scottsdale, AZ",1018,2x2,1071,1991,08/23/2024,False
Audere Apartments,"Phoenix-Mesa-Scottsdale, AZ",1018,2x2,1071,1991,08/24/2024,False
Audere Apartments,"Phoenix-Mesa-Scottsdale, AZ",1018,2x2,1071,1991,08/25/2024,False
Audere Apartments,"Phoenix-Mesa-Scottsdale, AZ",1018,2x2,1071,1954,08/26/2024,False
Audere Apartments,"Phoenix-Mesa-Scottsdale, AZ",1018,2x2,1071,1915,08/27/2024,False
Audere Apartments,"Phoenix-Mesa-Scottsdale, AZ",1018,2x2,1071,1960,08/28/2024,False
Audere Apartments,"Phoenix-Mesa-Scottsdale, AZ",1018,2x2,1071,1997,08/29/2024,False
Audere Apartments,"Phoenix-Mesa-Scottsdale, AZ",1018,2x2,1071,1944,08/30/2024,False
Audere Apartments,"Phoenix-Mesa-Scottsdale, AZ",1018,2x2,1071,1944,08/31/2024,False
Audere Apartments,"Phoenix-Mesa-Scottsdale, AZ",1018,2x2,1071,1944,09/01/2024,False
Audere Apartments,"Phoenix-Mesa-Scottsdale, AZ",1018,2x2,1071,1994,09/02/2024,False
Audere Apartments,"Phoenix-Mesa-Scottsdale, AZ",1018,2x2,1071,2035,09/03/2024,False
Audere Apartments,"Phoenix-Mesa-Scottsdale, AZ",1018,2x2,1071,2054,09/04/2024,False
Audere Apartments,"Phoenix-Mesa-Scottsdale, AZ",1018,2x2,1071,2015,09/05/2024,False
Audere Apartments,"Phoenix-Mesa-Scottsdale, AZ",1018,2x2,1071,1961,09/06/2024,False
Audere Apartments,"Phoenix-Mesa-Scottsdale, AZ",1018,2x2,1071,1961,09/07/2024,False
Audere Apartments,"Phoenix-Mesa-Scottsdale, AZ",1018,2x2,1071,1961,09/08/2024,False
Audere Apartments,"Phoenix-Mesa-Scottsdale, AZ",1018,2x2,1071,1924,09/09/2024,False
Audere Apartments,"Phoenix-Mesa-Scottsdale, AZ",1018,2x2,1071,1887,09/10/2024,False
Audere Apartments,"Phoenix-Mesa-Scottsdale, AZ",1018,2x2,1071,1887,09/11/2024,False
Audere Apartments,"Phoenix-Mesa-Scottsdale, AZ",1018,2x2,1071,1851,09/12/2024,False
Audere Apartments,"Phoenix-Mesa-Scottsdale, AZ",1018,2x2,1071,1851,09/13/2024,False
Audere Apartments,"Phoenix-Mesa-Scottsdale, AZ",1018,2x2,1071,1851,09/14/2024,False
Audere Apartments,"Phoenix-Mesa-Scottsdale, AZ",1018,2x2,1071,1851,09/15/2024,False
Audere Apartments,"Phoenix-Mesa-Scottsdale, AZ",1018,2x2,1071,1816,09/16/2024,False
Audere Apartments,"Phoenix-Mesa-Scottsdale, AZ",1018,2x2,1071,1816,09/17/2024,False
Audere Apartments,"Phoenix-Mesa-Scottsdale, AZ",1018,2x2,1071,1781,09/18/2024,False
Audere Apartments,"Phoenix-Mesa-Scottsdale, AZ",1018,2x2,1071,1763,09/19/2024,False
Audere Apartments,"Phoenix-Mesa-Scottsdale, AZ",1018,2x2,1071,1763,09/20/2024,False
Audere Apartments,"Phoenix-Mesa-Scottsdale, AZ",1018,2x2,1071,1763,09/21/2024,False
Audere Apartments,"Phoenix-Mesa-Scottsdale, AZ",1018,2x2,1071,1763,09/22/2024,False
Audere Apartments,"Phoenix-Mesa-Scottsdale, AZ",1018,2x2,1071,1763,09/23/2024,False
Audere Apartments,"Phoenix-Mesa-Scottsdale, AZ",1018,2x2,1071,1765,09/24/2024,False
Audere Apartments,"Phoenix-Mesa-Scottsdale, AZ",1018,2x2,1071,1782,09/25/2024,False
Audere Apartments,"Phoenix-Mesa-Scottsdale, AZ",1018,2x2,1071,1815,09/26/2024,False
Audere Apartments,"Phoenix-Mesa-Scottsdale, AZ",1018,2x2,1071,1815,09/27/2024,False
Audere Apartments,"Phoenix-Mesa-Scottsdale, AZ",1018,2x2,1071,1815,09/28/2024,False
Audere Apartments,"Phoenix-Mesa-Scottsdale, AZ",1018,2x2,1071,1815,09/29/2024,False
Audere Apartments,"Phoenix-Mesa-Scottsdale, AZ",1018,2x2,1071,1815,09/30/2024,False
Audere Apartments,"Phoenix-Mesa-Scottsdale, AZ",1018,2x2,1071,1815,10/01/2024,True
Audere Apartments,"Phoenix-Mesa-Scottsdale, AZ",1019,2x2,1040,1900,08/11/2023,False
Audere Apartments,"Phoenix-Mesa-Scottsdale, AZ",1019,2x2,1040,1900,08/12/2023,False
Audere Apartments,"Phoenix-Mesa-Scottsdale, AZ",1019,2x2,1040,1880,08/13/2023,False
Audere Apartments,"Phoenix-Mesa-Scottsdale, AZ",1019,2x2,1040,1870,08/14/2023,False
Audere Apartments,"Phoenix-Mesa-Scottsdale, AZ",1019,2x2,1040,1855,08/15/2023,False
Audere Apartments,"Phoenix-Mesa-Scottsdale, AZ",1019,2x2,1040,1865,08/16/2023,False
Audere Apartments,"Phoenix-Mesa-Scottsdale, AZ",1019,2x2,1040,1840,08/17/2023,False
Audere Apartments,"Phoenix-Mesa-Scottsdale, AZ",1019,2x2,1040,1880,08/18/2023,False
Audere Apartments,"Phoenix-Mesa-Scottsdale, AZ",1019,2x2,1040,1880,08/19/2023,False
Audere Apartments,"Phoenix-Mesa-Scottsdale, AZ",1019,2x2,1040,1850,08/20/2023,False
Audere Apartments,"Phoenix-Mesa-Scottsdale, AZ",1019,2x2,1040,1850,08/21/2023,False
Audere Apartments,"Phoenix-Mesa-Scottsdale, AZ",1019,2x2,1040,1880,08/22/2023,False
Audere Apartments,"Phoenix-Mesa-Scottsdale, AZ",1019,2x2,1040,1880,08/23/2023,False
Audere Apartments,"Phoenix-Mesa-Scottsdale, AZ",1019,2x2,1040,1875,08/24/2023,False
Audere Apartments,"Phoenix-Mesa-Scottsdale, AZ",1019,2x2,1040,1875,08/25/2023,False
Audere Apartments,"Phoenix-Mesa-Scottsdale, AZ",1019,2x2,1040,1930,08/26/2023,False
Audere Apartments,"Phoenix-Mesa-Scottsdale, AZ",1019,2x2,1040,1925,08/27/2023,False
Audere Apartments,"Phoenix-Mesa-Scottsdale, AZ",1019,2x2,1040,1935,08/28/2023,False
Audere Apartments,"Phoenix-Mesa-Scottsdale, AZ",1019,2x2,1040,1945,08/29/2023,False
Audere Apartments,"Phoenix-Mesa-Scottsdale, AZ",1019,2x2,1040,1965,08/30/2023,False
Audere Apartments,"Phoenix-Mesa-Scottsdale, AZ",1019,2x2,1040,1965,08/31/2023,False
Audere Apartments,"Phoenix-Mesa-Scottsdale, AZ",1019,2x2,1040,1965,09/01/2023,False
Audere Apartments,"Phoenix-Mesa-Scottsdale, AZ",1019,2x2,1040,1965,09/02/2023,False
Audere Apartments,"Phoenix-Mesa-Scottsdale, AZ",1019,2x2,1040,1965,09/03/2023,False
Audere Apartments,"Phoenix-Mesa-Scottsdale, AZ",1019,2x2,1040,1965,09/04/2023,False
Audere Apartments,"Phoenix-Mesa-Scottsdale, AZ",1019,2x2,1040,1975,09/05/2023,False
Audere Apartments,"Phoenix-Mesa-Scottsdale, AZ",1019,2x2,1040,1975,09/06/2023,False
Audere Apartments,"Phoenix-Mesa-Scottsdale, AZ",1019,2x2,1040,1910,09/07/2023,False
Audere Apartments,"Phoenix-Mesa-Scottsdale, AZ",1019,2x2,1040,1910,09/08/2023,False
Audere Apartments,"Phoenix-Mesa-Scottsdale, AZ",1019,2x2,1040,1910,09/09/2023,False
Audere Apartments,"Phoenix-Mesa-Scottsdale, AZ",1019,2x2,1040,1905,09/10/2023,False
Audere Apartments,"Phoenix-Mesa-Scottsdale, AZ",1019,2x2,1040,1905,09/11/2023,False
Audere Apartments,"Phoenix-Mesa-Scottsdale, AZ",1019,2x2,1040,1910,09/12/2023,False
Audere Apartments,"Phoenix-Mesa-Scottsdale, AZ",1019,2x2,1040,1915,09/13/2023,False
Audere Apartments,"Phoenix-Mesa-Scottsdale, AZ",1019,2x2,1040,1870,09/14/2023,False
Audere Apartments,"Phoenix-Mesa-Scottsdale, AZ",1019,2x2,1040,1875,09/15/2023,False
Audere Apartments,"Phoenix-Mesa-Scottsdale, AZ",1019,2x2,1040,1875,09/16/2023,False
Audere Apartments,"Phoenix-Mesa-Scottsdale, AZ",1019,2x2,1040,1885,09/17/2023,False
Audere Apartments,"Phoenix-Mesa-Scottsdale, AZ",1019,2x2,1040,1885,09/18/2023,False
Audere Apartments,"Phoenix-Mesa-Scottsdale, AZ",1019,2x2,1040,1885,09/19/2023,False
Audere Apartments,"Phoenix-Mesa-Scottsdale, AZ",1019,2x2,1040,1825,09/20/2023,False
Audere Apartments,"Phoenix-Mesa-Scottsdale, AZ",1019,2x2,1040,1915,09/21/2023,False
Audere Apartments,"Phoenix-Mesa-Scottsdale, AZ",1019,2x2,1040,1860,09/22/2023,False
Audere Apartments,"Phoenix-Mesa-Scottsdale, AZ",1019,2x2,1040,1860,09/23/2023,False
Audere Apartments,"Phoenix-Mesa-Scottsdale, AZ",1019,2x2,1040,1860,09/24/2023,True
Audere Apartments,"Phoenix-Mesa-Scottsdale, AZ",1022,1x1,749,1584,04/12/2024,False
Audere Apartments,"Phoenix-Mesa-Scottsdale, AZ",1022,1x1,749,1503,04/13/2024,False
Audere Apartments,"Phoenix-Mesa-Scottsdale, AZ",1022,1x1,749,1503,04/14/2024,False
Audere Apartments,"Phoenix-Mesa-Scottsdale, AZ",1022,1x1,749,1503,04/15/2024,False
Audere Apartments,"Phoenix-Mesa-Scottsdale, AZ",1022,1x1,749,1503,04/16/2024,False
Audere Apartments,"Phoenix-Mesa-Scottsdale, AZ",1022,1x1,749,1427,04/17/2024,False
Audere Apartments,"Phoenix-Mesa-Scottsdale, AZ",1022,1x1,749,1549,04/18/2024,False
Audere Apartments,"Phoenix-Mesa-Scottsdale, AZ",1022,1x1,749,1564,04/19/2024,False
Audere Apartments,"Phoenix-Mesa-Scottsdale, AZ",1022,1x1,749,1564,04/20/2024,False
Audere Apartments,"Phoenix-Mesa-Scottsdale, AZ",1022,1x1,749,1564,04/21/2024,False
Audere Apartments,"Phoenix-Mesa-Scottsdale, AZ",1022,1x1,749,1564,04/22/2024,False
Audere Apartments,"Phoenix-Mesa-Scottsdale, AZ",1022,1x1,749,1643,04/23/2024,False
Audere Apartments,"Phoenix-Mesa-Scottsdale, AZ",1022,1x1,749,1613,04/24/2024,False
Audere Apartments,"Phoenix-Mesa-Scottsdale, AZ",1022,1x1,749,1531,04/25/2024,False
Audere Apartments,"Phoenix-Mesa-Scottsdale, AZ",1022,1x1,749,1454,04/26/2024,False
Audere Apartments,"Phoenix-Mesa-Scottsdale, AZ",1022,1x1,749,1394,04/27/2024,False
Audere Apartments,"Phoenix-Mesa-Scottsdale, AZ",1022,1x1,749,1394,04/28/2024,False
Audere Apartments,"Phoenix-Mesa-Scottsdale, AZ",1022,1x1,749,1394,04/29/2024,False
Audere Apartments,"Phoenix-Mesa-Scottsdale, AZ",1022,1x1,749,1394,04/30/2024,False
Audere Apartments,"Phoenix-Mesa-Scottsdale, AZ",1022,1x1,749,1402,05/01/2024,False
Audere Apartments,"Phoenix-Mesa-Scottsdale, AZ",1022,1x1,749,1469,05/02/2024,False
Audere Apartments,"Phoenix-Mesa-Scottsdale, AZ",1022,1x1,749,1457,05/03/2024,False
Audere Apartments,"Phoenix-Mesa-Scottsdale, AZ",1022,1x1,749,1424,05/04/2024,False
Audere Apartments,"Phoenix-Mesa-Scottsdale, AZ",1022,1x1,749,1434,05/05/2024,False
Audere Apartments,"Phoenix-Mesa-Scottsdale, AZ",1022,1x1,749,1434,05/06/2024,True
Audere Apartments,"Phoenix-Mesa-Scottsdale, AZ",1023,2x2,1040,1850,08/14/2023,False
Audere Apartments,"Phoenix-Mesa-Scottsdale, AZ",1023,2x2,1040,1845,08/15/2023,False
Audere Apartments,"Phoenix-Mesa-Scottsdale, AZ",1023,2x2,1040,1850,08/16/2023,False
Audere Apartments,"Phoenix-Mesa-Scottsdale, AZ",1023,2x2,1040,1830,08/17/2023,False
Audere Apartments,"Phoenix-Mesa-Scottsdale, AZ",1023,2x2,1040,1870,08/18/2023,False
Audere Apartments,"Phoenix-Mesa-Scottsdale, AZ",1023,2x2,1040,1870,08/19/2023,False
Audere Apartments,"Phoenix-Mesa-Scottsdale, AZ",1023,2x2,1040,1840,08/20/2023,False
Audere Apartments,"Phoenix-Mesa-Scottsdale, AZ",1023,2x2,1040,1840,08/21/2023,False
Audere Apartments,"Phoenix-Mesa-Scottsdale, AZ",1023,2x2,1040,1855,08/22/2023,False
Audere Apartments,"Phoenix-Mesa-Scottsdale, AZ",1023,2x2,1040,1855,08/23/2023,True
Audere Apartments,"Phoenix-Mesa-Scottsdale, AZ",1026,2x2,1040,1650,05/21/2024,False
Audere Apartments,"Phoenix-Mesa-Scottsdale, AZ",1026,2x2,1040,1650,05/22/2024,True
Audere Apartments,"Phoenix-Mesa-Scottsdale, AZ",1027,1x1,642,1635,12/10/2023,False
Audere Apartments,"Phoenix-Mesa-Scottsdale, AZ",1027,1x1,642,1635,12/11/2023,False
Audere Apartments,"Phoenix-Mesa-Scottsdale, AZ",1027,1x1,642,1640,12/12/2023,False
Audere Apartments,"Phoenix-Mesa-Scottsdale, AZ",1027,1x1,642,1645,12/13/2023,False
Audere Apartments,"Phoenix-Mesa-Scottsdale, AZ",1027,1x1,642,1645,12/14/2023,False
Audere Apartments,"Phoenix-Mesa-Scottsdale, AZ",1027,1x1,642,1645,12/15/2023,False
Audere Apartments,"Phoenix-Mesa-Scottsdale, AZ",1027,1x1,642,1645,12/16/2023,False
Audere Apartments,"Phoenix-Mesa-Scottsdale, AZ",1027,1x1,642,1645,12/17/2023,False
Audere Apartments,"Phoenix-Mesa-Scottsdale, AZ",1027,1x1,642,1645,12/18/2023,False
Audere Apartments,"Phoenix-Mesa-Scottsdale, AZ",1027,1x1,642,1645,12/19/2023,False
Audere Apartments,"Phoenix-Mesa-Scottsdale, AZ",1027,1x1,642,1640,12/20/2023,False
Audere Apartments,"Phoenix-Mesa-Scottsdale, AZ",1027,1x1,642,1640,12/21/2023,False
Audere Apartments,"Phoenix-Mesa-Scottsdale, AZ",1027,1x1,642,1640,12/22/2023,False
Audere Apartments,"Phoenix-Mesa-Scottsdale, AZ",1027,1x1,642,1640,12/23/2023,False
Audere Apartments,"Phoenix-Mesa-Scottsdale, AZ",1027,1x1,642,1640,12/24/2023,False
Audere Apartments,"Phoenix-Mesa-Scottsdale, AZ",1027,1x1,642,1640,12/25/2023,False
Audere Apartments,"Phoenix-Mesa-Scottsdale, AZ",1027,1x1,642,1640,12/26/2023,False
Audere Apartments,"Phoenix-Mesa-Scottsdale, AZ",1027,1x1,642,1640,12/27/2023,False
Audere Apartments,"Phoenix-Mesa-Scottsdale, AZ",1027,1x1,642,1635,12/28/2023,False
Audere Apartments,"Phoenix-Mesa-Scottsdale, AZ",1027,1x1,642,1635,12/29/2023,False
Audere Apartments,"Phoenix-Mesa-Scottsdale, AZ",1027,1x1,642,1635,12/30/2023,False
Audere Apartments,"Phoenix-Mesa-Scottsdale, AZ",1027,1x1,642,1635,12/31/2023,False
Audere Apartments,"Phoenix-Mesa-Scottsdale, AZ",1027,1x1,642,1635,01/01/2024,False
Audere Apartments,"Phoenix-Mesa-Scottsdale, AZ",1027,1x1,642,1630,01/02/2024,False
Audere Apartments,"Phoenix-Mesa-Scottsdale, AZ",1027,1x1,642,1630,01/03/2024,False
Audere Apartments,"Phoenix-Mesa-Scottsdale, AZ",1027,1x1,642,1630,01/04/2024,False
Audere Apartments,"Phoenix-Mesa-Scottsdale, AZ",1027,1x1,642,1630,01/05/2024,False
Audere Apartments,"Phoenix-Mesa-Scottsdale, AZ",1027,1x1,642,1625,01/06/2024,False
Audere Apartments,"Phoenix-Mesa-Scottsdale, AZ",1027,1x1,642,1615,01/07/2024,False
Audere Apartments,"Phoenix-Mesa-Scottsdale, AZ",1027,1x1,642,1615,01/08/2024,False
Audere Apartments,"Phoenix-Mesa-Scottsdale, AZ",1027,1x1,642,1615,01/09/2024,False
Audere Apartments,"Phoenix-Mesa-Scottsdale, AZ",1027,1x1,642,1615,01/10/2024,False
Audere Apartments,"Phoenix-Mesa-Scottsdale, AZ",1027,1x1,642,1610,01/11/2024,False
Audere Apartments,"Phoenix-Mesa-Scottsdale, AZ",1027,1x1,642,1610,01/12/2024,False
Audere Apartments,"Phoenix-Mesa-Scottsdale, AZ",1027,1x1,642,1610,01/13/2024,False
Audere Apartments,"Phoenix-Mesa-Scottsdale, AZ",1027,1x1,642,1610,01/14/2024,False
Audere Apartments,"Phoenix-Mesa-Scottsdale, AZ",1027,1x1,642,1610,01/15/2024,False
Audere Apartments,"Phoenix-Mesa-Scottsdale, AZ",1027,1x1,642,1605,01/16/2024,False
Audere Apartments,"Phoenix-Mesa-Scottsdale, AZ",1027,1x1,642,1610,01/17/2024,False
Audere Apartments,"Phoenix-Mesa-Scottsdale, AZ",1027,1x1,642,1610,01/18/2024,False
Audere Apartments,"Phoenix-Mesa-Scottsdale, AZ",1027,1x1,642,1605,01/19/2024,False
Audere Apartments,"Phoenix-Mesa-Scottsdale, AZ",1027,1x1,642,1605,01/20/2024,False
Audere Apartments,"Phoenix-Mesa-Scottsdale, AZ",1027,1x1,642,1605,01/21/2024,False
Audere Apartments,"Phoenix-Mesa-Scottsdale, AZ",1027,1x1,642,1605,01/22/2024,False
Audere Apartments,"Phoenix-Mesa-Scottsdale, AZ",1027,1x1,642,1600,01/23/2024,False
Audere Apartments,"Phoenix-Mesa-Scottsdale, AZ",1027,1x1,642,1600,01/24/2024,False
Audere Apartments,"Phoenix-Mesa-Scottsdale, AZ",1027,1x1,642,1600,01/25/2024,False
Audere Apartments,"Phoenix-Mesa-Scottsdale, AZ",1027,1x1,642,1605,01/26/2024,False
Audere Apartments,"Phoenix-Mesa-Scottsdale, AZ",1027,1x1,642,1605,01/27/2024,False
Audere Apartments,"Phoenix-Mesa-Scottsdale, AZ",1027,1x1,642,1605,01/28/2024,False
Audere Apartments,"Phoenix-Mesa-Scottsdale, AZ",1027,1x1,642,1605,01/29/2024,False
Audere Apartments,"Phoenix-Mesa-Scottsdale, AZ",1027,1x1,642,1605,01/30/2024,False
Audere Apartments,"Phoenix-Mesa-Scottsdale, AZ",1027,1x1,642,1600,01/31/2024,False
Audere Apartments,"Phoenix-Mesa-Scottsdale, AZ",1027,1x1,642,1530,02/01/2024,False
Audere Apartments,"Phoenix-Mesa-Scottsdale, AZ",1027,1x1,642,1530,02/02/2024,False
Audere Apartments,"Phoenix-Mesa-Scottsdale, AZ",1027,1x1,642,1530,02/03/2024,False
Audere Apartments,"Phoenix-Mesa-Scottsdale, AZ",1027,1x1,642,1530,02/04/2024,False
Audere Apartments,"Phoenix-Mesa-Scottsdale, AZ",1027,1x1,642,1530,02/05/2024,False
Audere Apartments,"Phoenix-Mesa-Scottsdale, AZ",1027,1x1,642,1530,02/06/2024,False
Audere Apartments,"Phoenix-Mesa-Scottsdale, AZ",1027,1x1,642,1530,02/07/2024,False
Audere Apartments,"Phoenix-Mesa-Scottsdale, AZ",1027,1x1,642,1530,02/08/2024,False
Audere Apartments,"Phoenix-Mesa-Scottsdale, AZ",1027,1x1,642,1530,02/09/2024,False
Audere Apartments,"Phoenix-Mesa-Scottsdale, AZ",1027,1x1,642,1530,02/10/2024,False
Audere Apartments,"Phoenix-Mesa-Scottsdale, AZ",1027,1x1,642,1530,02/11/2024,False
Audere Apartments,"Phoenix-Mesa-Scottsdale, AZ",1027,1x1,642,1530,02/12/2024,False
Audere Apartments,"Phoenix-Mesa-Scottsdale, AZ",1027,1x1,642,1530,02/13/2024,False
Audere Apartments,"Phoenix-Mesa-Scottsdale, AZ",1027,1x1,642,1724,02/14/2024,False
Audere Apartments,"Phoenix-Mesa-Scottsdale, AZ",1027,1x1,642,1724,02/15/2024,False
Audere Apartments,"Phoenix-Mesa-Scottsdale, AZ",1027,1x1,642,1732,02/16/2024,False
Audere Apartments,"Phoenix-Mesa-Scottsdale, AZ",1027,1x1,642,1732,02/17/2024,False
Audere Apartments,"Phoenix-Mesa-Scottsdale, AZ",1027,1x1,642,1732,02/18/2024,False
Audere Apartments,"Phoenix-Mesa-Scottsdale, AZ",1027,1x1,642,1732,02/19/2024,False
Audere Apartments,"Phoenix-Mesa-Scottsdale, AZ",1027,1x1,642,1732,02/20/2024,False
Audere Apartments,"Phoenix-Mesa-Scottsdale, AZ",1027,1x1,642,1742,02/21/2024,False
Audere Apartments,"Phoenix-Mesa-Scottsdale, AZ",1027,1x1,642,1742,02/22/2024,False
Audere Apartments,"Phoenix-Mesa-Scottsdale, AZ",1027,1x1,642,1742,02/23/2024,False
Audere Apartments,"Phoenix-Mesa-Scottsdale, AZ",1027,1x1,642,1742,02/24/2024,False
Audere Apartments,"Phoenix-Mesa-Scottsdale, AZ",1027,1x1,642,1742,02/25/2024,False
Audere Apartments,"Phoenix-Mesa-Scottsdale, AZ",1027,1x1,642,1673,02/26/2024,False
Audere Apartments,"Phoenix-Mesa-Scottsdale, AZ",1027,1x1,642,1742,02/27/2024,False
Audere Apartments,"Phoenix-Mesa-Scottsdale, AZ",1027,1x1,642,1742,02/28/2024,False
Audere Apartments,"Phoenix-Mesa-Scottsdale, AZ",1027,1x1,642,1596,02/29/2024,False
Audere Apartments,"Phoenix-Mesa-Scottsdale, AZ",1027,1x1,642,1667,03/01/2024,False
Audere Apartments,"Phoenix-Mesa-Scottsdale, AZ",1027,1x1,642,1680,03/02/2024,False
Audere Apartments,"Phoenix-Mesa-Scottsdale, AZ",1027,1x1,642,1627,03/03/2024,False
Audere Apartments,"Phoenix-Mesa-Scottsdale, AZ",1027,1x1,642,1627,03/04/2024,False
Audere Apartments,"Phoenix-Mesa-Scottsdale, AZ",1027,1x1,642,1627,03/05/2024,False
Audere Apartments,"Phoenix-Mesa-Scottsdale, AZ",1027,1x1,642,1653,03/06/2024,False
Audere Apartments,"Phoenix-Mesa-Scottsdale, AZ",1027,1x1,642,1592,03/07/2024,False
Audere Apartments,"Phoenix-Mesa-Scottsdale, AZ",1027,1x1,642,1594,03/08/2024,False
Audere Apartments,"Phoenix-Mesa-Scottsdale, AZ",1027,1x1,642,1594,03/09/2024,False
Audere Apartments,"Phoenix-Mesa-Scottsdale, AZ",1027,1x1,642,1594,03/10/2024,False
Audere Apartments,"Phoenix-Mesa-Scottsdale, AZ",1027,1x1,642,1594,03/11/2024,False
Audere Apartments,"Phoenix-Mesa-Scottsdale, AZ",1027,1x1,642,1594,03/12/2024,False
Audere Apartments,"Phoenix-Mesa-Scottsdale, AZ",1027,1x1,642,1594,03/13/2024,False
Audere Apartments,"Phoenix-Mesa-Scottsdale, AZ",1027,1x1,642,1594,03/14/2024,False
Audere Apartments,"Phoenix-Mesa-Scottsdale, AZ",1027,1x1,642,1594,03/15/2024,False
Audere Apartments,"Phoenix-Mesa-Scottsdale, AZ",1027,1x1,642,1594,03/16/2024,False
Audere Apartments,"Phoenix-Mesa-Scottsdale, AZ",1027,1x1,642,1550,03/17/2024,False
Audere Apartments,"Phoenix-Mesa-Scottsdale, AZ",1027,1x1,642,1550,03/18/2024,False
Audere Apartments,"Phoenix-Mesa-Scottsdale, AZ",1027,1x1,642,1554,03/19/2024,False
Audere Apartments,"Phoenix-Mesa-Scottsdale, AZ",1027,1x1,642,1503,03/20/2024,False
Audere Apartments,"Phoenix-Mesa-Scottsdale, AZ",1027,1x1,642,1461,03/21/2024,False
Audere Apartments,"Phoenix-Mesa-Scottsdale, AZ",1027,1x1,642,1427,03/22/2024,False
Audere Apartments,"Phoenix-Mesa-Scottsdale, AZ",1027,1x1,642,1473,03/23/2024,False
Audere Apartments,"Phoenix-Mesa-Scottsdale, AZ",1027,1x1,642,1473,03/24/2024,False
Audere Apartments,"Phoenix-Mesa-Scottsdale, AZ",1027,1x1,642,1473,03/25/2024,False
Audere Apartments,"Phoenix-Mesa-Scottsdale, AZ",1027,1x1,642,1473,03/26/2024,False
Audere Apartments,"Phoenix-Mesa-Scottsdale, AZ",1027,1x1,642,1426,03/27/2024,False
Audere Apartments,"Phoenix-Mesa-Scottsdale, AZ",1027,1x1,642,1350,03/28/2024,False
Audere Apartments,"Phoenix-Mesa-Scottsdale, AZ",1027,1x1,642,1279,03/29/2024,False
Audere Apartments,"Phoenix-Mesa-Scottsdale, AZ",1027,1x1,642,1353,03/30/2024,False
Audere Apartments,"Phoenix-Mesa-Scottsdale, AZ",1027,1x1,642,1353,03/31/2024,False
Audere Apartments,"Phoenix-Mesa-Scottsdale, AZ",1027,1x1,642,1356,04/01/2024,False
Audere Apartments,"Phoenix-Mesa-Scottsdale, AZ",1027,1x1,642,1356,04/02/2024,False
Audere Apartments,"Phoenix-Mesa-Scottsdale, AZ",1027,1x1,642,1356,04/03/2024,False
Audere Apartments,"Phoenix-Mesa-Scottsdale, AZ",1027,1x1,642,1356,04/04/2024,False
Audere Apartments,"Phoenix-Mesa-Scottsdale, AZ",1027,1x1,642,1356,04/05/2024,False
Audere Apartments,"Phoenix-Mesa-Scottsdale, AZ",1027,1x1,642,1366,04/06/2024,False
Audere Apartments,"Phoenix-Mesa-Scottsdale, AZ",1027,1x1,642,1527,04/07/2024,False
Audere Apartments,"Phoenix-Mesa-Scottsdale, AZ",1027,1x1,642,1490,04/08/2024,False
Audere Apartments,"Phoenix-Mesa-Scottsdale, AZ",1027,1x1,642,1490,04/09/2024,False
Audere Apartments,"Phoenix-Mesa-Scottsdale, AZ",1027,1x1,642,1537,04/10/2024,False
Audere Apartments,"Phoenix-Mesa-Scottsdale, AZ",1027,1x1,642,1537,04/11/2024,False
Audere Apartments,"Phoenix-Mesa-Scottsdale, AZ",1027,1x1,642,1511,04/12/2024,False
Audere Apartments,"Phoenix-Mesa-Scottsdale, AZ",1027,1x1,642,1431,04/13/2024,False
Audere Apartments,"Phoenix-Mesa-Scottsdale, AZ",1027,1x1,642,1431,04/14/2024,False
Audere Apartments,"Phoenix-Mesa-Scottsdale, AZ",1027,1x1,642,1431,04/15/2024,False
Audere Apartments,"Phoenix-Mesa-Scottsdale, AZ",1027,1x1,642,1431,04/16/2024,False
Audere Apartments,"Phoenix-Mesa-Scottsdale, AZ",1027,1x1,642,1355,04/17/2024,False
Audere Apartments,"Phoenix-Mesa-Scottsdale, AZ",1027,1x1,642,1355,04/18/2024,True
Audere Apartments,"Phoenix-Mesa-Scottsdale, AZ",1029,1x1,642,1555,06/05/2024,False
Audere Apartments,"Phoenix-Mesa-Scottsdale, AZ",1029,1x1,642,1530,06/06/2024,False
Audere Apartments,"Phoenix-Mesa-Scottsdale, AZ",1029,1x1,642,1530,06/07/2024,False
Audere Apartments,"Phoenix-Mesa-Scottsdale, AZ",1029,1x1,642,1530,06/08/2024,False
Audere Apartments,"Phoenix-Mesa-Scottsdale, AZ",1029,1x1,642,1530,06/09/2024,False
Audere Apartments,"Phoenix-Mesa-Scottsdale, AZ",1029,1x1,642,1482,06/10/2024,False
Audere Apartments,"Phoenix-Mesa-Scottsdale, AZ",1029,1x1,642,1504,06/11/2024,False
Audere Apartments,"Phoenix-Mesa-Scottsdale, AZ",1029,1x1,642,1551,06/12/2024,False
Audere Apartments,"Phoenix-Mesa-Scottsdale, AZ",1029,1x1,642,1551,06/13/2024,False
Audere Apartments,"Phoenix-Mesa-Scottsdale, AZ",1029,1x1,642,1551,06/14/2024,False
Audere Apartments,"Phoenix-Mesa-Scottsdale, AZ",1029,1x1,642,1551,06/15/2024,False
Audere Apartments,"Phoenix-Mesa-Scottsdale, AZ",1029,1x1,642,1551,06/16/2024,False
Audere Apartments,"Phoenix-Mesa-Scottsdale, AZ",1029,1x1,642,1519,06/17/2024,False
Audere Apartments,"Phoenix-Mesa-Scottsdale, AZ",1029,1x1,642,1519,06/18/2024,False
Audere Apartments,"Phoenix-Mesa-Scottsdale, AZ",1029,1x1,642,1519,06/19/2024,False
Audere Apartments,"Phoenix-Mesa-Scottsdale, AZ",1029,1x1,642,1519,06/20/2024,False
Audere Apartments,"Phoenix-Mesa-Scottsdale, AZ",1029,1x1,642,1502,06/21/2024,False
Audere Apartments,"Phoenix-Mesa-Scottsdale, AZ",1029,1x1,642,1502,06/22/2024,False
Audere Apartments,"Phoenix-Mesa-Scottsdale, AZ",1029,1x1,642,1502,06/23/2024,False
Audere Apartments,"Phoenix-Mesa-Scottsdale, AZ",1029,1x1,642,1502,06/24/2024,False
Audere Apartments,"Phoenix-Mesa-Scottsdale, AZ",1029,1x1,642,1502,06/25/2024,False
Audere Apartments,"Phoenix-Mesa-Scottsdale, AZ",1029,1x1,642,1518,06/26/2024,False
Audere Apartments,"Phoenix-Mesa-Scottsdale, AZ",1029,1x1,642,1486,06/27/2024,False
Audere Apartments,"Phoenix-Mesa-Scottsdale, AZ",1029,1x1,642,1455,06/28/2024,False
Audere Apartments,"Phoenix-Mesa-Scottsdale, AZ",1029,1x1,642,1455,06/29/2024,False
Audere Apartments,"Phoenix-Mesa-Scottsdale, AZ",1029,1x1,642,1455,06/30/2024,False
Audere Apartments,"Phoenix-Mesa-Scottsdale, AZ",1029,1x1,642,1485,07/01/2024,False
Audere Apartments,"Phoenix-Mesa-Scottsdale, AZ",1029,1x1,642,1516,07/02/2024,False
Audere Apartments,"Phoenix-Mesa-Scottsdale, AZ",1029,1x1,642,1492,07/03/2024,False
Audere Apartments,"Phoenix-Mesa-Scottsdale, AZ",1029,1x1,642,1492,07/04/2024,False
Audere Apartments,"Phoenix-Mesa-Scottsdale, AZ",1029,1x1,642,1492,07/05/2024,False
Audere Apartments,"Phoenix-Mesa-Scottsdale, AZ",1029,1x1,642,1492,07/06/2024,False
Audere Apartments,"Phoenix-Mesa-Scottsdale, AZ",1029,1x1,642,1492,07/07/2024,False
Audere Apartments,"Phoenix-Mesa-Scottsdale, AZ",1029,1x1,642,1461,07/08/2024,False
Audere Apartments,"Phoenix-Mesa-Scottsdale, AZ",1029,1x1,642,1431,07/09/2024,False
Audere Apartments,"Phoenix-Mesa-Scottsdale, AZ",1029,1x1,642,1401,07/10/2024,False
Audere Apartments,"Phoenix-Mesa-Scottsdale, AZ",1029,1x1,642,1383,07/11/2024,False
Audere Apartments,"Phoenix-Mesa-Scottsdale, AZ",1029,1x1,642,1383,07/12/2024,False
Audere Apartments,"Phoenix-Mesa-Scottsdale, AZ",1029,1x1,642,1383,07/13/2024,False
Audere Apartments,"Phoenix-Mesa-Scottsdale, AZ",1029,1x1,642,1383,07/14/2024,False
Audere Apartments,"Phoenix-Mesa-Scottsdale, AZ",1029,1x1,642,1354,07/15/2024,False
Audere Apartments,"Phoenix-Mesa-Scottsdale, AZ",1029,1x1,642,1326,07/16/2024,False
Audere Apartments,"Phoenix-Mesa-Scottsdale, AZ",1029,1x1,642,1326,07/17/2024,False
Audere Apartments,"Phoenix-Mesa-Scottsdale, AZ",1029,1x1,642,1326,07/18/2024,False
Audere Apartments,"Phoenix-Mesa-Scottsdale, AZ",1029,1x1,642,1326,07/19/2024,False
Audere Apartments,"Phoenix-Mesa-Scottsdale, AZ",1029,1x1,642,1326,07/20/2024,False
Audere Apartments,"Phoenix-Mesa-Scottsdale, AZ",1029,1x1,642,1326,07/21/2024,False
Audere Apartments,"Phoenix-Mesa-Scottsdale, AZ",1029,1x1,642,1326,07/22/2024,False
Audere Apartments,"Phoenix-Mesa-Scottsdale, AZ",1029,1x1,642,1343,07/23/2024,False
Audere Apartments,"Phoenix-Mesa-Scottsdale, AZ",1029,1x1,642,1322,07/24/2024,False
Audere Apartments,"Phoenix-Mesa-Scottsdale, AZ",1029,1x1,642,1322,07/25/2024,False
Audere Apartments,"Phoenix-Mesa-Scottsdale, AZ",1029,1x1,642,1322,07/26/2024,False
Audere Apartments,"Phoenix-Mesa-Scottsdale, AZ",1029,1x1,642,1322,07/27/2024,False
Audere Apartments,"Phoenix-Mesa-Scottsdale, AZ",1029,1x1,642,1322,07/28/2024,False
Audere Apartments,"Phoenix-Mesa-Scottsdale, AZ",1029,1x1,642,1322,07/29/2024,False
Audere Apartments,"Phoenix-Mesa-Scottsdale, AZ",1029,1x1,642,1322,07/30/2024,False
Audere Apartments,"Phoenix-Mesa-Scottsdale, AZ",1029,1x1,642,1391,07/31/2024,False
Audere Apartments,"Phoenix-Mesa-Scottsdale, AZ",1029,1x1,642,1391,08/01/2024,False
Audere Apartments,"Phoenix-Mesa-Scottsdale, AZ",1029,1x1,642,1420,08/02/2024,False
Audere Apartments,"Phoenix-Mesa-Scottsdale, AZ",1029,1x1,642,1425,08/03/2024,False
Audere Apartments,"Phoenix-Mesa-Scottsdale, AZ",1029,1x1,642,1421,08/04/2024,False
Audere Apartments,"Phoenix-Mesa-Scottsdale, AZ",1029,1x1,642,1421,08/05/2024,False
Audere Apartments,"Phoenix-Mesa-Scottsdale, AZ",1029,1x1,642,1425,08/06/2024,False
Audere Apartments,"Phoenix-Mesa-Scottsdale, AZ",1029,1x1,642,1454,08/07/2024,False
Audere Apartments,"Phoenix-Mesa-Scottsdale, AZ",1029,1x1,642,1485,08/08/2024,False
Audere Apartments,"Phoenix-Mesa-Scottsdale, AZ",1029,1x1,642,1515,08/09/2024,False
Audere Apartments,"Phoenix-Mesa-Scottsdale, AZ",1029,1x1,642,1515,08/10/2024,False
Audere Apartments,"Phoenix-Mesa-Scottsdale, AZ",1029,1x1,642,1515,08/11/2024,False
Audere Apartments,"Phoenix-Mesa-Scottsdale, AZ",1029,1x1,642,1528,08/12/2024,False
Audere Apartments,"Phoenix-Mesa-Scottsdale, AZ",1029,1x1,642,1528,08/13/2024,False
Audere Apartments,"Phoenix-Mesa-Scottsdale, AZ",1029,1x1,642,1528,08/14/2024,False
Audere Apartments,"Phoenix-Mesa-Scottsdale, AZ",1029,1x1,642,1559,08/15/2024,False
Audere Apartments,"Phoenix-Mesa-Scottsdale, AZ",1029,1x1,642,1526,08/16/2024,False
Audere Apartments,"Phoenix-Mesa-Scottsdale, AZ",1029,1x1,642,1526,08/17/2024,False
Audere Apartments,"Phoenix-Mesa-Scottsdale, AZ",1029,1x1,642,1526,08/18/2024,False
Audere Apartments,"Phoenix-Mesa-Scottsdale, AZ",1029,1x1,642,1526,08/19/2024,False
Audere Apartments,"Phoenix-Mesa-Scottsdale, AZ",1029,1x1,642,1511,08/20/2024,False
Audere Apartments,"Phoenix-Mesa-Scottsdale, AZ",1029,1x1,642,1511,08/21/2024,False
Audere Apartments,"Phoenix-Mesa-Scottsdale, AZ",1029,1x1,642,1511,08/22/2024,False
Audere Apartments,"Phoenix-Mesa-Scottsdale, AZ",1029,1x1,642,1533,08/23/2024,False
Audere Apartments,"Phoenix-Mesa-Scottsdale, AZ",1029,1x1,642,1533,08/24/2024,False
Audere Apartments,"Phoenix-Mesa-Scottsdale, AZ",1029,1x1,642,1533,08/25/2024,False
Audere Apartments,"Phoenix-Mesa-Scottsdale, AZ",1029,1x1,642,1547,08/26/2024,False
Audere Apartments,"Phoenix-Mesa-Scottsdale, AZ",1029,1x1,642,1544,08/27/2024,False
Audere Apartments,"Phoenix-Mesa-Scottsdale, AZ",1029,1x1,642,1551,08/28/2024,False
Audere Apartments,"Phoenix-Mesa-Scottsdale, AZ",1029,1x1,642,1526,08/29/2024,False
Audere Apartments,"Phoenix-Mesa-Scottsdale, AZ",1029,1x1,642,1509,08/30/2024,False
Audere Apartments,"Phoenix-Mesa-Scottsdale, AZ",1029,1x1,642,1509,08/31/2024,False
Audere Apartments,"Phoenix-Mesa-Scottsdale, AZ",1029,1x1,642,1509,09/01/2024,False
Audere Apartments,"Phoenix-Mesa-Scottsdale, AZ",1029,1x1,642,1536,09/02/2024,False
Audere Apartments,"Phoenix-Mesa-Scottsdale, AZ",1029,1x1,642,1457,09/03/2024,False
Audere Apartments,"Phoenix-Mesa-Scottsdale, AZ",1029,1x1,642,1457,09/04/2024,False
Audere Apartments,"Phoenix-Mesa-Scottsdale, AZ",1029,1x1,642,1457,09/05/2024,False
Audere Apartments,"Phoenix-Mesa-Scottsdale, AZ",1029,1x1,642,1438,09/06/2024,False
Audere Apartments,"Phoenix-Mesa-Scottsdale, AZ",1029,1x1,642,1438,09/07/2024,False
Audere Apartments,"Phoenix-Mesa-Scottsdale, AZ",1029,1x1,642,1438,09/08/2024,False
Audere Apartments,"Phoenix-Mesa-Scottsdale, AZ",1029,1x1,642,1438,09/09/2024,False
Audere Apartments,"Phoenix-Mesa-Scottsdale, AZ",1029,1x1,642,1438,09/10/2024,False
Audere Apartments,"Phoenix-Mesa-Scottsdale, AZ",1029,1x1,642,1438,09/11/2024,False
Audere Apartments,"Phoenix-Mesa-Scottsdale, AZ",1029,1x1,642,1408,09/12/2024,False
Audere Apartments,"Phoenix-Mesa-Scottsdale, AZ",1029,1x1,642,1377,09/13/2024,False
Audere Apartments,"Phoenix-Mesa-Scottsdale, AZ",1029,1x1,642,1377,09/14/2024,False
Audere Apartments,"Phoenix-Mesa-Scottsdale, AZ",1029,1x1,642,1377,09/15/2024,False
Audere Apartments,"Phoenix-Mesa-Scottsdale, AZ",1029,1x1,642,1348,09/16/2024,False
Audere Apartments,"Phoenix-Mesa-Scottsdale, AZ",1029,1x1,642,1331,09/17/2024,False
Audere Apartments,"Phoenix-Mesa-Scottsdale, AZ",1029,1x1,642,1343,09/18/2024,False
Audere Apartments,"Phoenix-Mesa-Scottsdale, AZ",1029,1x1,642,1343,09/19/2024,False
Audere Apartments,"Phoenix-Mesa-Scottsdale, AZ",1029,1x1,642,1314,09/20/2024,False
Audere Apartments,"Phoenix-Mesa-Scottsdale, AZ",1029,1x1,642,1314,09/21/2024,False
Audere Apartments,"Phoenix-Mesa-Scottsdale, AZ",1029,1x1,642,1314,09/22/2024,True
Audere Apartments,"Phoenix-Mesa-Scottsdale, AZ",1031,3x2,1310,2645,06/17/2023,False
Audere Apartments,"Phoenix-Mesa-Scottsdale, AZ",1031,3x2,1310,2645,06/18/2023,False
Audere Apartments,"Phoenix-Mesa-Scottsdale, AZ",1031,3x2,1310,2645,06/19/2023,False
Audere Apartments,"Phoenix-Mesa-Scottsdale, AZ",1031,3x2,1310,2645,06/20/2023,False
Audere Apartments,"Phoenix-Mesa-Scottsdale, AZ",1031,3x2,1310,2645,06/21/2023,False
Audere Apartments,"Phoenix-Mesa-Scottsdale, AZ",1031,3x2,1310,2645,06/22/2023,True
Audere Apartments,"Phoenix-Mesa-Scottsdale, AZ",1031,3x2,1310,2394,03/22/2024,False
Audere Apartments,"Phoenix-Mesa-Scottsdale, AZ",1031,3x2,1310,2320,03/23/2024,False
Audere Apartments,"Phoenix-Mesa-Scottsdale, AZ",1031,3x2,1310,2320,03/24/2024,False
Audere Apartments,"Phoenix-Mesa-Scottsdale, AZ",1031,3x2,1310,2320,03/25/2024,False
Audere Apartments,"Phoenix-Mesa-Scottsdale, AZ",1031,3x2,1310,2320,03/26/2024,False
Audere Apartments,"Phoenix-Mesa-Scottsdale, AZ",1031,3x2,1310,2320,03/27/2024,False
Audere Apartments,"Phoenix-Mesa-Scottsdale, AZ",1031,3x2,1310,2320,03/28/2024,False
Audere Apartments,"Phoenix-Mesa-Scottsdale, AZ",1031,3x2,1310,2320,03/29/2024,False
Audere Apartments,"Phoenix-Mesa-Scottsdale, AZ",1031,3x2,1310,2320,03/30/2024,False
Audere Apartments,"Phoenix-Mesa-Scottsdale, AZ",1031,3x2,1310,2320,03/31/2024,False
Audere Apartments,"Phoenix-Mesa-Scottsdale, AZ",1031,3x2,1310,2320,04/01/2024,False
Audere Apartments,"Phoenix-Mesa-Scottsdale, AZ",1031,3x2,1310,2320,04/02/2024,False
Audere Apartments,"Phoenix-Mesa-Scottsdale, AZ",1031,3x2,1310,2200,04/03/2024,False
Audere Apartments,"Phoenix-Mesa-Scottsdale, AZ",1031,3x2,1310,2200,04/04/2024,False
Audere Apartments,"Phoenix-Mesa-Scottsdale, AZ",1031,3x2,1310,2200,04/05/2024,False
Audere Apartments,"Phoenix-Mesa-Scottsdale, AZ",1031,3x2,1310,2200,04/06/2024,False
Audere Apartments,"Phoenix-Mesa-Scottsdale, AZ",1031,3x2,1310,2200,04/07/2024,False
Audere Apartments,"Phoenix-Mesa-Scottsdale, AZ",1031,3x2,1310,2200,04/08/2024,False
Audere Apartments,"Phoenix-Mesa-Scottsdale, AZ",1031,3x2,1310,2461,04/09/2024,False
Audere Apartments,"Phoenix-Mesa-Scottsdale, AZ",1031,3x2,1310,2385,04/10/2024,False
Audere Apartments,"Phoenix-Mesa-Scottsdale, AZ",1031,3x2,1310,2262,04/11/2024,False
Audere Apartments,"Phoenix-Mesa-Scottsdale, AZ",1031,3x2,1310,2262,04/12/2024,False
Audere Apartments,"Phoenix-Mesa-Scottsdale, AZ",1031,3x2,1310,2262,04/13/2024,False
Audere Apartments,"Phoenix-Mesa-Scottsdale, AZ",1031,3x2,1310,2262,04/14/2024,False
Audere Apartments,"Phoenix-Mesa-Scottsdale, AZ",1031,3x2,1310,2262,04/15/2024,False
Audere Apartments,"Phoenix-Mesa-Scottsdale, AZ",1031,3x2,1310,2262,04/16/2024,False
Audere Apartments,"Phoenix-Mesa-Scottsdale, AZ",1031,3x2,1310,2145,04/17/2024,False
Audere Apartments,"Phoenix-Mesa-Scottsdale, AZ",1031,3x2,1310,2439,04/18/2024,False
Audere Apartments,"Phoenix-Mesa-Scottsdale, AZ",1031,3x2,1310,2313,04/19/2024,False
Audere Apartments,"Phoenix-Mesa-Scottsdale, AZ",1031,3x2,1310,2313,04/20/2024,False
Audere Apartments,"Phoenix-Mesa-Scottsdale, AZ",1031,3x2,1310,2313,04/21/2024,False
Audere Apartments,"Phoenix-Mesa-Scottsdale, AZ",1031,3x2,1310,2313,04/22/2024,False
Audere Apartments,"Phoenix-Mesa-Scottsdale, AZ",1031,3x2,1310,2313,04/23/2024,False
Audere Apartments,"Phoenix-Mesa-Scottsdale, AZ",1031,3x2,1310,2313,04/24/2024,False
Audere Apartments,"Phoenix-Mesa-Scottsdale, AZ",1031,3x2,1310,2313,04/25/2024,False
Audere Apartments,"Phoenix-Mesa-Scottsdale, AZ",1031,3x2,1310,2313,04/26/2024,False
Audere Apartments,"Phoenix-Mesa-Scottsdale, AZ",1031,3x2,1310,2313,04/27/2024,False
Audere Apartments,"Phoenix-Mesa-Scottsdale, AZ",1031,3x2,1310,2313,04/28/2024,False
Audere Apartments,"Phoenix-Mesa-Scottsdale, AZ",1031,3x2,1310,2241,04/29/2024,False
Audere Apartments,"Phoenix-Mesa-Scottsdale, AZ",1031,3x2,1310,2194,04/30/2024,False
Audere Apartments,"Phoenix-Mesa-Scottsdale, AZ",1031,3x2,1310,2081,05/01/2024,False
Audere Apartments,"Phoenix-Mesa-Scottsdale, AZ",1031,3x2,1310,2081,05/02/2024,False
Audere Apartments,"Phoenix-Mesa-Scottsdale, AZ",1031,3x2,1310,2081,05/03/2024,False
Audere Apartments,"Phoenix-Mesa-Scottsdale, AZ",1031,3x2,1310,2081,05/04/2024,False
Audere Apartments,"Phoenix-Mesa-Scottsdale, AZ",1031,3x2,1310,2081,05/05/2024,False
Audere Apartments,"Phoenix-Mesa-Scottsdale, AZ",1031,3x2,1310,2032,05/06/2024,False
Audere Apartments,"Phoenix-Mesa-Scottsdale, AZ",1031,3x2,1310,2032,05/07/2024,False
Audere Apartments,"Phoenix-Mesa-Scottsdale, AZ",1031,3x2,1310,2032,05/08/2024,False
Audere Apartments,"Phoenix-Mesa-Scottsdale, AZ",1031,3x2,1310,2032,05/09/2024,False
Audere Apartments,"Phoenix-Mesa-Scottsdale, AZ",1031,3x2,1310,2032,05/10/2024,False
Audere Apartments,"Phoenix-Mesa-Scottsdale, AZ",1031,3x2,1310,2032,05/11/2024,False
Audere Apartments,"Phoenix-Mesa-Scottsdale, AZ",1031,3x2,1310,2032,05/12/2024,False
Audere Apartments,"Phoenix-Mesa-Scottsdale, AZ",1031,3x2,1310,2067,05/13/2024,False
Audere Apartments,"Phoenix-Mesa-Scottsdale, AZ",1031,3x2,1310,2067,05/14/2024,False
Audere Apartments,"Phoenix-Mesa-Scottsdale, AZ",1031,3x2,1310,2067,05/15/2024,False
Audere Apartments,"Phoenix-Mesa-Scottsdale, AZ",1031,3x2,1310,2438,05/16/2024,False
Audere Apartments,"Phoenix-Mesa-Scottsdale, AZ",1031,3x2,1310,2438,05/17/2024,False
Audere Apartments,"Phoenix-Mesa-Scottsdale, AZ",1031,3x2,1310,2438,05/18/2024,False
Audere Apartments,"Phoenix-Mesa-Scottsdale, AZ",1031,3x2,1310,2438,05/19/2024,True
Audere Apartments,"Phoenix-Mesa-Scottsdale, AZ",1031,3x2,1310,2692,11/30/2024,False
Audere Apartments,"Phoenix-Mesa-Scottsdale, AZ",1031,3x2,1310,2692,12/01/2024,False
Audere Apartments,"Phoenix-Mesa-Scottsdale, AZ",1031,3x2,1310,2692,12/02/2024,False
Audere Apartments,"Phoenix-Mesa-Scottsdale, AZ",1031,3x2,1310,2664,12/03/2024,False
Audere Apartments,"Phoenix-Mesa-Scottsdale, AZ",1031,3x2,1310,2637,12/04/2024,False
Audere Apartments,"Phoenix-Mesa-Scottsdale, AZ",1031,3x2,1310,2610,12/05/2024,False
Audere Apartments,"Phoenix-Mesa-Scottsdale, AZ",1031,3x2,1310,2583,12/06/2024,False
Audere Apartments,"Phoenix-Mesa-Scottsdale, AZ",1031,3x2,1310,2476,12/07/2024,False
Audere Apartments,"Phoenix-Mesa-Scottsdale, AZ",1031,3x2,1310,2476,12/08/2024,False
Audere Apartments,"Phoenix-Mesa-Scottsdale, AZ",1031,3x2,1310,2473,12/09/2024,False
Audere Apartments,"Phoenix-Mesa-Scottsdale, AZ",1031,3x2,1310,2473,12/10/2024,False
Audere Apartments,"Phoenix-Mesa-Scottsdale, AZ",1031,3x2,1310,2435,12/11/2024,False
Audere Apartments,"Phoenix-Mesa-Scottsdale, AZ",1031,3x2,1310,2410,12/12/2024,False
Audere Apartments,"Phoenix-Mesa-Scottsdale, AZ",1031,3x2,1310,2309,12/13/2024,False
Audere Apartments,"Phoenix-Mesa-Scottsdale, AZ",1031,3x2,1310,2309,12/14/2024,False
Audere Apartments,"Phoenix-Mesa-Scottsdale, AZ",1031,3x2,1310,2309,12/15/2024,False
Audere Apartments,"Phoenix-Mesa-Scottsdale, AZ",1031,3x2,1310,2309,12/16/2024,False
Audere Apartments,"Phoenix-Mesa-Scottsdale, AZ",1031,3x2,1310,2309,12/17/2024,False
Audere Apartments,"Phoenix-Mesa-Scottsdale, AZ",1031,3x2,1310,2261,12/18/2024,False
Audere Apartments,"Phoenix-Mesa-Scottsdale, AZ",1031,3x2,1310,2214,12/19/2024,False
Audere Apartments,"Phoenix-Mesa-Scottsdale, AZ",1031,3x2,1310,2168,12/20/2024,False
Audere Apartments,"Phoenix-Mesa-Scottsdale, AZ",1031,3x2,1310,2168,12/21/2024,False
Audere Apartments,"Phoenix-Mesa-Scottsdale, AZ",1031,3x2,1310,2168,12/22/2024,False
Audere Apartments,"Phoenix-Mesa-Scottsdale, AZ",1031,3x2,1310,2142,12/23/2024,False
Audere Apartments,"Phoenix-Mesa-Scottsdale, AZ",1031,3x2,1310,2098,12/24/2024,False
Audere Apartments,"Phoenix-Mesa-Scottsdale, AZ",1031,3x2,1310,2055,12/25/2024,False
Audere Apartments,"Phoenix-Mesa-Scottsdale, AZ",1031,3x2,1310,2055,12/26/2024,False
Audere Apartments,"Phoenix-Mesa-Scottsdale, AZ",1031,3x2,1310,2055,12/27/2024,False
Audere Apartments,"Phoenix-Mesa-Scottsdale, AZ",1031,3x2,1310,2055,12/28/2024,False
Audere Apartments,"Phoenix-Mesa-Scottsdale, AZ",1031,3x2,1310,2055,12/29/2024,False
Audere Apartments,"Phoenix-Mesa-Scottsdale, AZ",1031,3x2,1310,2012,12/30/2024,False
Audere Apartments,"Phoenix-Mesa-Scottsdale, AZ",1031,3x2,1310,1970,12/31/2024,False
Audere Apartments,"Phoenix-Mesa-Scottsdale, AZ",1031,3x2,1310,2011,01/01/2025,False
Audere Apartments,"Phoenix-Mesa-Scottsdale, AZ",1031,3x2,1310,2037,01/02/2025,False
Audere Apartments,"Phoenix-Mesa-Scottsdale, AZ",1031,3x2,1310,2037,01/03/2025,False
Audere Apartments,"Phoenix-Mesa-Scottsdale, AZ",1031,3x2,1310,2037,01/04/2025,False
Audere Apartments,"Phoenix-Mesa-Scottsdale, AZ",1031,3x2,1310,2037,01/05/2025,False
Audere Apartments,"Phoenix-Mesa-Scottsdale, AZ",1031,3x2,1310,2079,01/06/2025,False
Audere Apartments,"Phoenix-Mesa-Scottsdale, AZ",1031,3x2,1310,2079,01/07/2025,True
Audere Apartments,"Phoenix-Mesa-Scottsdale, AZ",1032,1x1,818,1653,06/07/2024,False
Audere Apartments,"Phoenix-Mesa-Scottsdale, AZ",1032,1x1,818,1653,06/08/2024,False
Audere Apartments,"Phoenix-Mesa-Scottsdale, AZ",1032,1x1,818,1653,06/09/2024,False
Audere Apartments,"Phoenix-Mesa-Scottsdale, AZ",1032,1x1,818,1605,06/10/2024,False
Audere Apartments,"Phoenix-Mesa-Scottsdale, AZ",1032,1x1,818,1627,06/11/2024,False
Audere Apartments,"Phoenix-Mesa-Scottsdale, AZ",1032,1x1,818,1674,06/12/2024,False
Audere Apartments,"Phoenix-Mesa-Scottsdale, AZ",1032,1x1,818,1674,06/13/2024,False
Audere Apartments,"Phoenix-Mesa-Scottsdale, AZ",1032,1x1,818,1674,06/14/2024,False
Audere Apartments,"Phoenix-Mesa-Scottsdale, AZ",1032,1x1,818,1674,06/15/2024,False
Audere Apartments,"Phoenix-Mesa-Scottsdale, AZ",1032,1x1,818,1674,06/16/2024,False
Audere Apartments,"Phoenix-Mesa-Scottsdale, AZ",1032,1x1,818,1642,06/17/2024,False
Audere Apartments,"Phoenix-Mesa-Scottsdale, AZ",1032,1x1,818,1642,06/18/2024,False
Audere Apartments,"Phoenix-Mesa-Scottsdale, AZ",1032,1x1,818,1642,06/19/2024,False
Audere Apartments,"Phoenix-Mesa-Scottsdale, AZ",1032,1x1,818,1642,06/20/2024,False
Audere Apartments,"Phoenix-Mesa-Scottsdale, AZ",1032,1x1,818,1625,06/21/2024,False
Audere Apartments,"Phoenix-Mesa-Scottsdale, AZ",1032,1x1,818,1625,06/22/2024,False
Audere Apartments,"Phoenix-Mesa-Scottsdale, AZ",1032,1x1,818,1625,06/23/2024,False
Audere Apartments,"Phoenix-Mesa-Scottsdale, AZ",1032,1x1,818,1625,06/24/2024,False
Audere Apartments,"Phoenix-Mesa-Scottsdale, AZ",1032,1x1,818,1625,06/25/2024,False
Audere Apartments,"Phoenix-Mesa-Scottsdale, AZ",1032,1x1,818,1641,06/26/2024,False
Audere Apartments,"Phoenix-Mesa-Scottsdale, AZ",1032,1x1,818,1609,06/27/2024,False
Audere Apartments,"Phoenix-Mesa-Scottsdale, AZ",1032,1x1,818,1578,06/28/2024,False
Audere Apartments,"Phoenix-Mesa-Scottsdale, AZ",1032,1x1,818,1578,06/29/2024,False
Audere Apartments,"Phoenix-Mesa-Scottsdale, AZ",1032,1x1,818,1578,06/30/2024,False
Audere Apartments,"Phoenix-Mesa-Scottsdale, AZ",1032,1x1,818,1608,07/01/2024,False
Audere Apartments,"Phoenix-Mesa-Scottsdale, AZ",1032,1x1,818,1639,07/02/2024,False
Audere Apartments,"Phoenix-Mesa-Scottsdale, AZ",1032,1x1,818,1615,07/03/2024,False
Audere Apartments,"Phoenix-Mesa-Scottsdale, AZ",1032,1x1,818,1615,07/04/2024,False
Audere Apartments,"Phoenix-Mesa-Scottsdale, AZ",1032,1x1,818,1615,07/05/2024,False
Audere Apartments,"Phoenix-Mesa-Scottsdale, AZ",1032,1x1,818,1615,07/06/2024,False
Audere Apartments,"Phoenix-Mesa-Scottsdale, AZ",1032,1x1,818,1615,07/07/2024,False
Audere Apartments,"Phoenix-Mesa-Scottsdale, AZ",1032,1x1,818,1584,07/08/2024,False
Audere Apartments,"Phoenix-Mesa-Scottsdale, AZ",1032,1x1,818,1554,07/09/2024,False
Audere Apartments,"Phoenix-Mesa-Scottsdale, AZ",1032,1x1,818,1524,07/10/2024,False
Audere Apartments,"Phoenix-Mesa-Scottsdale, AZ",1032,1x1,818,1506,07/11/2024,False
Audere Apartments,"Phoenix-Mesa-Scottsdale, AZ",1032,1x1,818,1506,07/12/2024,False
Audere Apartments,"Phoenix-Mesa-Scottsdale, AZ",1032,1x1,818,1506,07/13/2024,False
Audere Apartments,"Phoenix-Mesa-Scottsdale, AZ",1032,1x1,818,1506,07/14/2024,False
Audere Apartments,"Phoenix-Mesa-Scottsdale, AZ",1032,1x1,818,1478,07/15/2024,False
Audere Apartments,"Phoenix-Mesa-Scottsdale, AZ",1032,1x1,818,1450,07/16/2024,False
Audere Apartments,"Phoenix-Mesa-Scottsdale, AZ",1032,1x1,818,1450,07/17/2024,False
Audere Apartments,"Phoenix-Mesa-Scottsdale, AZ",1032,1x1,818,1450,07/18/2024,False
Audere Apartments,"Phoenix-Mesa-Scottsdale, AZ",1032,1x1,818,1450,07/19/2024,False
Audere Apartments,"Phoenix-Mesa-Scottsdale, AZ",1032,1x1,818,1450,07/20/2024,False
Audere Apartments,"Phoenix-Mesa-Scottsdale, AZ",1032,1x1,818,1450,07/21/2024,False
Audere Apartments,"Phoenix-Mesa-Scottsdale, AZ",1032,1x1,818,1450,07/22/2024,False
Audere Apartments,"Phoenix-Mesa-Scottsdale, AZ",1032,1x1,818,1457,07/23/2024,False
Audere Apartments,"Phoenix-Mesa-Scottsdale, AZ",1032,1x1,818,1436,07/24/2024,False
Audere Apartments,"Phoenix-Mesa-Scottsdale, AZ",1032,1x1,818,1436,07/25/2024,False
Audere Apartments,"Phoenix-Mesa-Scottsdale, AZ",1032,1x1,818,1436,07/26/2024,False
Audere Apartments,"Phoenix-Mesa-Scottsdale, AZ",1032,1x1,818,1436,07/27/2024,False
Audere Apartments,"Phoenix-Mesa-Scottsdale, AZ",1032,1x1,818,1436,07/28/2024,False
Audere Apartments,"Phoenix-Mesa-Scottsdale, AZ",1032,1x1,818,1436,07/29/2024,False
Audere Apartments,"Phoenix-Mesa-Scottsdale, AZ",1032,1x1,818,1436,07/30/2024,False
Audere Apartments,"Phoenix-Mesa-Scottsdale, AZ",1032,1x1,818,1504,07/31/2024,False
Audere Apartments,"Phoenix-Mesa-Scottsdale, AZ",1032,1x1,818,1504,08/01/2024,False
Audere Apartments,"Phoenix-Mesa-Scottsdale, AZ",1032,1x1,818,1532,08/02/2024,False
Audere Apartments,"Phoenix-Mesa-Scottsdale, AZ",1032,1x1,818,1539,08/03/2024,False
Audere Apartments,"Phoenix-Mesa-Scottsdale, AZ",1032,1x1,818,1539,08/04/2024,False
Audere Apartments,"Phoenix-Mesa-Scottsdale, AZ",1032,1x1,818,1539,08/05/2024,False
Audere Apartments,"Phoenix-Mesa-Scottsdale, AZ",1032,1x1,818,1539,08/06/2024,False
Audere Apartments,"Phoenix-Mesa-Scottsdale, AZ",1032,1x1,818,1568,08/07/2024,False
Audere Apartments,"Phoenix-Mesa-Scottsdale, AZ",1032,1x1,818,1598,08/08/2024,False
Audere Apartments,"Phoenix-Mesa-Scottsdale, AZ",1032,1x1,818,1628,08/09/2024,False
Audere Apartments,"Phoenix-Mesa-Scottsdale, AZ",1032,1x1,818,1628,08/10/2024,False
Audere Apartments,"Phoenix-Mesa-Scottsdale, AZ",1032,1x1,818,1628,08/11/2024,False
Audere Apartments,"Phoenix-Mesa-Scottsdale, AZ",1032,1x1,818,1641,08/12/2024,False
Audere Apartments,"Phoenix-Mesa-Scottsdale, AZ",1032,1x1,818,1641,08/13/2024,False
Audere Apartments,"Phoenix-Mesa-Scottsdale, AZ",1032,1x1,818,1641,08/14/2024,False
Audere Apartments,"Phoenix-Mesa-Scottsdale, AZ",1032,1x1,818,1672,08/15/2024,False
Audere Apartments,"Phoenix-Mesa-Scottsdale, AZ",1032,1x1,818,1641,08/16/2024,False
Audere Apartments,"Phoenix-Mesa-Scottsdale, AZ",1032,1x1,818,1641,08/17/2024,False
Audere Apartments,"Phoenix-Mesa-Scottsdale, AZ",1032,1x1,818,1641,08/18/2024,False
Audere Apartments,"Phoenix-Mesa-Scottsdale, AZ",1032,1x1,818,1641,08/19/2024,False
Audere Apartments,"Phoenix-Mesa-Scottsdale, AZ",1032,1x1,818,1626,08/20/2024,False
Audere Apartments,"Phoenix-Mesa-Scottsdale, AZ",1032,1x1,818,1626,08/21/2024,False
Audere Apartments,"Phoenix-Mesa-Scottsdale, AZ",1032,1x1,818,1626,08/22/2024,False
Audere Apartments,"Phoenix-Mesa-Scottsdale, AZ",1032,1x1,818,1649,08/23/2024,False
Audere Apartments,"Phoenix-Mesa-Scottsdale, AZ",1032,1x1,818,1649,08/24/2024,False
Audere Apartments,"Phoenix-Mesa-Scottsdale, AZ",1032,1x1,818,1649,08/25/2024,False
Audere Apartments,"Phoenix-Mesa-Scottsdale, AZ",1032,1x1,818,1667,08/26/2024,False
Audere Apartments,"Phoenix-Mesa-Scottsdale, AZ",1032,1x1,818,1667,08/27/2024,False
Audere Apartments,"Phoenix-Mesa-Scottsdale, AZ",1032,1x1,818,1685,08/28/2024,False
Audere Apartments,"Phoenix-Mesa-Scottsdale, AZ",1032,1x1,818,1641,08/29/2024,False
Audere Apartments,"Phoenix-Mesa-Scottsdale, AZ",1032,1x1,818,1624,08/30/2024,False
Audere Apartments,"Phoenix-Mesa-Scottsdale, AZ",1032,1x1,818,1624,08/31/2024,False
Audere Apartments,"Phoenix-Mesa-Scottsdale, AZ",1032,1x1,818,1624,09/01/2024,False
Audere Apartments,"Phoenix-Mesa-Scottsdale, AZ",1032,1x1,818,1648,09/02/2024,False
Audere Apartments,"Phoenix-Mesa-Scottsdale, AZ",1032,1x1,818,1569,09/03/2024,False
Audere Apartments,"Phoenix-Mesa-Scottsdale, AZ",1032,1x1,818,1569,09/04/2024,False
Audere Apartments,"Phoenix-Mesa-Scottsdale, AZ",1032,1x1,818,1569,09/05/2024,False
Audere Apartments,"Phoenix-Mesa-Scottsdale, AZ",1032,1x1,818,1569,09/06/2024,False
Audere Apartments,"Phoenix-Mesa-Scottsdale, AZ",1032,1x1,818,1569,09/07/2024,False
Audere Apartments,"Phoenix-Mesa-Scottsdale, AZ",1032,1x1,818,1569,09/08/2024,False
Audere Apartments,"Phoenix-Mesa-Scottsdale, AZ",1032,1x1,818,1569,09/09/2024,False
Audere Apartments,"Phoenix-Mesa-Scottsdale, AZ",1032,1x1,818,1594,09/10/2024,False
Audere Apartments,"Phoenix-Mesa-Scottsdale, AZ",1032,1x1,818,1569,09/11/2024,False
Audere Apartments,"Phoenix-Mesa-Scottsdale, AZ",1032,1x1,818,1539,09/12/2024,False
Audere Apartments,"Phoenix-Mesa-Scottsdale, AZ",1032,1x1,818,1509,09/13/2024,False
Audere Apartments,"Phoenix-Mesa-Scottsdale, AZ",1032,1x1,818,1509,09/14/2024,False
Audere Apartments,"Phoenix-Mesa-Scottsdale, AZ",1032,1x1,818,1509,09/15/2024,False
Audere Apartments,"Phoenix-Mesa-Scottsdale, AZ",1032,1x1,818,1479,09/16/2024,False
Audere Apartments,"Phoenix-Mesa-Scottsdale, AZ",1032,1x1,818,1462,09/17/2024,False
Audere Apartments,"Phoenix-Mesa-Scottsdale, AZ",1032,1x1,818,1462,09/18/2024,False
Audere Apartments,"Phoenix-Mesa-Scottsdale, AZ",1032,1x1,818,1462,09/19/2024,False
Audere Apartments,"Phoenix-Mesa-Scottsdale, AZ",1032,1x1,818,1434,09/20/2024,False
Audere Apartments,"Phoenix-Mesa-Scottsdale, AZ",1032,1x1,818,1434,09/21/2024,False
Audere Apartments,"Phoenix-Mesa-Scottsdale, AZ",1032,1x1,818,1479,09/22/2024,False
Audere Apartments,"Phoenix-Mesa-Scottsdale, AZ",1032,1x1,818,1493,09/23/2024,False
Audere Apartments,"Phoenix-Mesa-Scottsdale, AZ",1032,1x1,818,1507,09/24/2024,False
Audere Apartments,"Phoenix-Mesa-Scottsdale, AZ",1032,1x1,818,1517,09/25/2024,False
Audere Apartments,"Phoenix-Mesa-Scottsdale, AZ",1032,1x1,818,1444,09/26/2024,False
Audere Apartments,"Phoenix-Mesa-Scottsdale, AZ",1032,1x1,818,1444,09/27/2024,False
Audere Apartments,"Phoenix-Mesa-Scottsdale, AZ",1032,1x1,818,1444,09/28/2024,False
Audere Apartments,"Phoenix-Mesa-Scottsdale, AZ",1032,1x1,818,1444,09/29/2024,False
Audere Apartments,"Phoenix-Mesa-Scottsdale, AZ",1032,1x1,818,1444,09/30/2024,False
Audere Apartments,"Phoenix-Mesa-Scottsdale, AZ",1032,1x1,818,1444,10/01/2024,False
Audere Apartments,"Phoenix-Mesa-Scottsdale, AZ",1032,1x1,818,1444,10/02/2024,False
Audere Apartments,"Phoenix-Mesa-Scottsdale, AZ",1032,1x1,818,1444,10/03/2024,False
Audere Apartments,"Phoenix-Mesa-Scottsdale, AZ",1032,1x1,818,1473,10/04/2024,False
Audere Apartments,"Phoenix-Mesa-Scottsdale, AZ",1032,1x1,818,1468,10/05/2024,False
Audere Apartments,"Phoenix-Mesa-Scottsdale, AZ",1032,1x1,818,1477,10/06/2024,False
Audere Apartments,"Phoenix-Mesa-Scottsdale, AZ",1032,1x1,818,1444,10/07/2024,False
Audere Apartments,"Phoenix-Mesa-Scottsdale, AZ",1032,1x1,818,1442,10/08/2024,False
Audere Apartments,"Phoenix-Mesa-Scottsdale, AZ",1032,1x1,818,1414,10/09/2024,False
Audere Apartments,"Phoenix-Mesa-Scottsdale, AZ",1032,1x1,818,1387,10/10/2024,False
Audere Apartments,"Phoenix-Mesa-Scottsdale, AZ",1032,1x1,818,1395,10/11/2024,False
Audere Apartments,"Phoenix-Mesa-Scottsdale, AZ",1032,1x1,818,1395,10/12/2024,True
Audere Apartments,"Phoenix-Mesa-Scottsdale, AZ",1032,1x1,818,1766,04/05/2025,False
Audere Apartments,"Phoenix-Mesa-Scottsdale, AZ",1032,1x1,818,1766,04/06/2025,False
Audere Apartments,"Phoenix-Mesa-Scottsdale, AZ",1032,1x1,818,1749,04/07/2025,False
Audere Apartments,"Phoenix-Mesa-Scottsdale, AZ",1032,1x1,818,1732,04/08/2025,False
Audere Apartments,"Phoenix-Mesa-Scottsdale, AZ",1032,1x1,818,1715,04/09/2025,False
Audere Apartments,"Phoenix-Mesa-Scottsdale, AZ",1032,1x1,818,1716,04/10/2025,False
Audere Apartments,"Phoenix-Mesa-Scottsdale, AZ",1032,1x1,818,1660,04/11/2025,False
Audere Apartments,"Phoenix-Mesa-Scottsdale, AZ",1032,1x1,818,1660,04/12/2025,False
Audere Apartments,"Phoenix-Mesa-Scottsdale, AZ",1032,1x1,818,1660,04/13/2025,False
Audere Apartments,"Phoenix-Mesa-Scottsdale, AZ",1032,1x1,818,1676,04/14/2025,False
Audere Apartments,"Phoenix-Mesa-Scottsdale, AZ",1032,1x1,818,1660,04/15/2025,False
Audere Apartments,"Phoenix-Mesa-Scottsdale, AZ",1032,1x1,818,1644,04/16/2025,False
Audere Apartments,"Phoenix-Mesa-Scottsdale, AZ",1032,1x1,818,1628,04/17/2025,False
Audere Apartments,"Phoenix-Mesa-Scottsdale, AZ",1032,1x1,818,1549,04/18/2025,False
Audere Apartments,"Phoenix-Mesa-Scottsdale, AZ",1032,1x1,818,1549,04/19/2025,False
Audere Apartments,"Phoenix-Mesa-Scottsdale, AZ",1032,1x1,818,1549,04/20/2025,False
Audere Apartments,"Phoenix-Mesa-Scottsdale, AZ",1032,1x1,818,1548,04/21/2025,False
Audere Apartments,"Phoenix-Mesa-Scottsdale, AZ",1032,1x1,818,1563,04/22/2025,False
Audere Apartments,"Phoenix-Mesa-Scottsdale, AZ",1032,1x1,818,1563,04/23/2025,False
Audere Apartments,"Phoenix-Mesa-Scottsdale, AZ",1032,1x1,818,1624,04/24/2025,False
Audere Apartments,"Phoenix-Mesa-Scottsdale, AZ",1032,1x1,818,1608,04/25/2025,False
Audere Apartments,"Phoenix-Mesa-Scottsdale, AZ",1032,1x1,818,1608,04/26/2025,False
Audere Apartments,"Phoenix-Mesa-Scottsdale, AZ",1032,1x1,818,1608,04/27/2025,True
Audere Apartments,"Phoenix-Mesa-Scottsdale, AZ",1033,2x2,1040,1844,09/05/2024,False
Audere Apartments,"Phoenix-Mesa-Scottsdale, AZ",1033,2x2,1040,1805,09/06/2024,False
Audere Apartments,"Phoenix-Mesa-Scottsdale, AZ",1033,2x2,1040,1805,09/07/2024,False
Audere Apartments,"Phoenix-Mesa-Scottsdale, AZ",1033,2x2,1040,1805,09/08/2024,False
Audere Apartments,"Phoenix-Mesa-Scottsdale, AZ",1033,2x2,1040,1768,09/09/2024,False
Audere Apartments,"Phoenix-Mesa-Scottsdale, AZ",1033,2x2,1040,1730,09/10/2024,False
Audere Apartments,"Phoenix-Mesa-Scottsdale, AZ",1033,2x2,1040,1730,09/11/2024,False
Audere Apartments,"Phoenix-Mesa-Scottsdale, AZ",1033,2x2,1040,1693,09/12/2024,False
Audere Apartments,"Phoenix-Mesa-Scottsdale, AZ",1033,2x2,1040,1693,09/13/2024,False
Audere Apartments,"Phoenix-Mesa-Scottsdale, AZ",1033,2x2,1040,1693,09/14/2024,False
Audere Apartments,"Phoenix-Mesa-Scottsdale, AZ",1033,2x2,1040,1693,09/15/2024,False
Audere Apartments,"Phoenix-Mesa-Scottsdale, AZ",1033,2x2,1040,1658,09/16/2024,False
Audere Apartments,"Phoenix-Mesa-Scottsdale, AZ",1033,2x2,1040,1658,09/17/2024,False
Audere Apartments,"Phoenix-Mesa-Scottsdale, AZ",1033,2x2,1040,1622,09/18/2024,False
Audere Apartments,"Phoenix-Mesa-Scottsdale, AZ",1033,2x2,1040,1622,09/19/2024,True
Audere Apartments,"Phoenix-Mesa-Scottsdale, AZ",1034,2x2,1040,1835,02/03/2024,False
Audere Apartments,"Phoenix-Mesa-Scottsdale, AZ",1034,2x2,1040,1830,02/04/2024,False
Audere Apartments,"Phoenix-Mesa-Scottsdale, AZ",1034,2x2,1040,1845,02/05/2024,False
Audere Apartments,"Phoenix-Mesa-Scottsdale, AZ",1034,2x2,1040,1840,02/06/2024,False
Audere Apartments,"Phoenix-Mesa-Scottsdale, AZ",1034,2x2,1040,1840,02/07/2024,False
Audere Apartments,"Phoenix-Mesa-Scottsdale, AZ",1034,2x2,1040,1840,02/08/2024,False
Audere Apartments,"Phoenix-Mesa-Scottsdale, AZ",1034,2x2,1040,1870,02/09/2024,False
Audere Apartments,"Phoenix-Mesa-Scottsdale, AZ",1034,2x2,1040,1870,02/10/2024,False
Audere Apartments,"Phoenix-Mesa-Scottsdale, AZ",1034,2x2,1040,1870,02/11/2024,False
Audere Apartments,"Phoenix-Mesa-Scottsdale, AZ",1034,2x2,1040,1870,02/12/2024,False
Audere Apartments,"Phoenix-Mesa-Scottsdale, AZ",1034,2x2,1040,1870,02/13/2024,False
Audere Apartments,"Phoenix-Mesa-Scottsdale, AZ",1034,2x2,1040,2014,02/14/2024,False
Audere Apartments,"Phoenix-Mesa-Scottsdale, AZ",1034,2x2,1040,2014,02/15/2024,False
Audere Apartments,"Phoenix-Mesa-Scottsdale, AZ",1034,2x2,1040,2014,02/16/2024,False
Audere Apartments,"Phoenix-Mesa-Scottsdale, AZ",1034,2x2,1040,1982,02/17/2024,False
Audere Apartments,"Phoenix-Mesa-Scottsdale, AZ",1034,2x2,1040,1982,02/18/2024,False
Audere Apartments,"Phoenix-Mesa-Scottsdale, AZ",1034,2x2,1040,2039,02/19/2024,False
Audere Apartments,"Phoenix-Mesa-Scottsdale, AZ",1034,2x2,1040,2039,02/20/2024,False
Audere Apartments,"Phoenix-Mesa-Scottsdale, AZ",1034,2x2,1040,2039,02/21/2024,False
Audere Apartments,"Phoenix-Mesa-Scottsdale, AZ",1034,2x2,1040,2052,02/22/2024,False
Audere Apartments,"Phoenix-Mesa-Scottsdale, AZ",1034,2x2,1040,2052,02/23/2024,False
Audere Apartments,"Phoenix-Mesa-Scottsdale, AZ",1034,2x2,1040,2052,02/24/2024,False
Audere Apartments,"Phoenix-Mesa-Scottsdale, AZ",1034,2x2,1040,2052,02/25/2024,False
Audere Apartments,"Phoenix-Mesa-Scottsdale, AZ",1034,2x2,1040,2019,02/26/2024,False
Audere Apartments,"Phoenix-Mesa-Scottsdale, AZ",1034,2x2,1040,2052,02/27/2024,False
Audere Apartments,"Phoenix-Mesa-Scottsdale, AZ",1034,2x2,1040,2052,02/28/2024,False
Audere Apartments,"Phoenix-Mesa-Scottsdale, AZ",1034,2x2,1040,1853,02/29/2024,False
Audere Apartments,"Phoenix-Mesa-Scottsdale, AZ",1034,2x2,1040,1853,03/01/2024,False
Audere Apartments,"Phoenix-Mesa-Scottsdale, AZ",1034,2x2,1040,1853,03/02/2024,True
Audere Apartments,"Phoenix-Mesa-Scottsdale, AZ",1034,2x2,1040,1690,10/13/2024,False
Audere Apartments,"Phoenix-Mesa-Scottsdale, AZ",1034,2x2,1040,1709,10/14/2024,False
Audere Apartments,"Phoenix-Mesa-Scottsdale, AZ",1034,2x2,1040,1727,10/15/2024,False
Audere Apartments,"Phoenix-Mesa-Scottsdale, AZ",1034,2x2,1040,1745,10/16/2024,False
Audere Apartments,"Phoenix-Mesa-Scottsdale, AZ",1034,2x2,1040,1764,10/17/2024,False
Audere Apartments,"Phoenix-Mesa-Scottsdale, AZ",1034,2x2,1040,1782,10/18/2024,False
Audere Apartments,"Phoenix-Mesa-Scottsdale, AZ",1034,2x2,1040,1782,10/19/2024,False
Audere Apartments,"Phoenix-Mesa-Scottsdale, AZ",1034,2x2,1040,1782,10/20/2024,False
Audere Apartments,"Phoenix-Mesa-Scottsdale, AZ",1034,2x2,1040,1782,10/21/2024,False
Audere Apartments,"Phoenix-Mesa-Scottsdale, AZ",1034,2x2,1040,1820,10/22/2024,False
Audere Apartments,"Phoenix-Mesa-Scottsdale, AZ",1034,2x2,1040,1840,10/23/2024,False
Audere Apartments,"Phoenix-Mesa-Scottsdale, AZ",1034,2x2,1040,1859,10/24/2024,False
Audere Apartments,"Phoenix-Mesa-Scottsdale, AZ",1034,2x2,1040,1859,10/25/2024,True
Audere Apartments,"Phoenix-Mesa-Scottsdale, AZ",1035,2x2,1040,1855,10/14/2023,False
Audere Apartments,"Phoenix-Mesa-Scottsdale, AZ",1035,2x2,1040,1855,10/15/2023,False
Audere Apartments,"Phoenix-Mesa-Scottsdale, AZ",1035,2x2,1040,1855,10/16/2023,False
Audere Apartments,"Phoenix-Mesa-Scottsdale, AZ",1035,2x2,1040,1860,10/17/2023,False
Audere Apartments,"Phoenix-Mesa-Scottsdale, AZ",1035,2x2,1040,1850,10/18/2023,False
Audere Apartments,"Phoenix-Mesa-Scottsdale, AZ",1035,2x2,1040,1830,10/19/2023,False
Audere Apartments,"Phoenix-Mesa-Scottsdale, AZ",1035,2x2,1040,1830,10/20/2023,False
Audere Apartments,"Phoenix-Mesa-Scottsdale, AZ",1035,2x2,1040,1810,10/21/2023,False
Audere Apartments,"Phoenix-Mesa-Scottsdale, AZ",1035,2x2,1040,1810,10/22/2023,False
Audere Apartments,"Phoenix-Mesa-Scottsdale, AZ",1035,2x2,1040,1845,10/23/2023,False
Audere Apartments,"Phoenix-Mesa-Scottsdale, AZ",1035,2x2,1040,1855,10/24/2023,False
Audere Apartments,"Phoenix-Mesa-Scottsdale, AZ",1035,2x2,1040,1835,10/25/2023,False
Audere Apartments,"Phoenix-Mesa-Scottsdale, AZ",1035,2x2,1040,1830,10/26/2023,False
Audere Apartments,"Phoenix-Mesa-Scottsdale, AZ",1035,2x2,1040,1840,10/27/2023,False
Audere Apartments,"Phoenix-Mesa-Scottsdale, AZ",1035,2x2,1040,1840,10/28/2023,False
Audere Apartments,"Phoenix-Mesa-Scottsdale, AZ",1035,2x2,1040,1835,10/29/2023,False
Audere Apartments,"Phoenix-Mesa-Scottsdale, AZ",1035,2x2,1040,1835,10/30/2023,False
Audere Apartments,"Phoenix-Mesa-Scottsdale, AZ",1035,2x2,1040,1835,10/31/2023,False
Audere Apartments,"Phoenix-Mesa-Scottsdale, AZ",1035,2x2,1040,1825,11/01/2023,False
Audere Apartments,"Phoenix-Mesa-Scottsdale, AZ",1035,2x2,1040,1850,11/02/2023,False
Audere Apartments,"Phoenix-Mesa-Scottsdale, AZ",1035,2x2,1040,1850,11/03/2023,False
Audere Apartments,"Phoenix-Mesa-Scottsdale, AZ",1035,2x2,1040,1850,11/04/2023,False
Audere Apartments,"Phoenix-Mesa-Scottsdale, AZ",1035,2x2,1040,1850,11/05/2023,False
Audere Apartments,"Phoenix-Mesa-Scottsdale, AZ",1035,2x2,1040,1850,11/06/2023,False
Audere Apartments,"Phoenix-Mesa-Scottsdale, AZ",1035,2x2,1040,1850,11/07/2023,False
Audere Apartments,"Phoenix-Mesa-Scottsdale, AZ",1035,2x2,1040,1850,11/08/2023,False
Audere Apartments,"Phoenix-Mesa-Scottsdale, AZ",1035,2x2,1040,1840,11/09/2023,False
Audere Apartments,"Phoenix-Mesa-Scottsdale, AZ",1035,2x2,1040,1855,11/10/2023,False
Audere Apartments,"Phoenix-Mesa-Scottsdale, AZ",1035,2x2,1040,1840,11/11/2023,False
Audere Apartments,"Phoenix-Mesa-Scottsdale, AZ",1035,2x2,1040,1840,11/12/2023,False
Audere Apartments,"Phoenix-Mesa-Scottsdale, AZ",1035,2x2,1040,1835,11/13/2023,False
Audere Apartments,"Phoenix-Mesa-Scottsdale, AZ",1035,2x2,1040,1795,11/14/2023,False
Audere Apartments,"Phoenix-Mesa-Scottsdale, AZ",1035,2x2,1040,1785,11/15/2023,False
Audere Apartments,"Phoenix-Mesa-Scottsdale, AZ",1035,2x2,1040,1785,11/16/2023,False
Audere Apartments,"Phoenix-Mesa-Scottsdale, AZ",1035,2x2,1040,1785,11/17/2023,False
Audere Apartments,"Phoenix-Mesa-Scottsdale, AZ",1035,2x2,1040,1785,11/18/2023,False
Audere Apartments,"Phoenix-Mesa-Scottsdale, AZ",1035,2x2,1040,1785,11/19/2023,False
Audere Apartments,"Phoenix-Mesa-Scottsdale, AZ",1035,2x2,1040,1785,11/20/2023,False
Audere Apartments,"Phoenix-Mesa-Scottsdale, AZ",1035,2x2,1040,1785,11/21/2023,False
Audere Apartments,"Phoenix-Mesa-Scottsdale, AZ",1035,2x2,1040,1760,11/22/2023,False
Audere Apartments,"Phoenix-Mesa-Scottsdale, AZ",1035,2x2,1040,1760,11/23/2023,False
Audere Apartments,"Phoenix-Mesa-Scottsdale, AZ",1035,2x2,1040,1760,11/24/2023,False
Audere Apartments,"Phoenix-Mesa-Scottsdale, AZ",1035,2x2,1040,1760,11/25/2023,False
Audere Apartments,"Phoenix-Mesa-Scottsdale, AZ",1035,2x2,1040,1760,11/26/2023,False
Audere Apartments,"Phoenix-Mesa-Scottsdale, AZ",1035,2x2,1040,1795,11/27/2023,False
Audere Apartments,"Phoenix-Mesa-Scottsdale, AZ",1035,2x2,1040,1795,11/28/2023,False
Audere Apartments,"Phoenix-Mesa-Scottsdale, AZ",1035,2x2,1040,1780,11/29/2023,False
Audere Apartments,"Phoenix-Mesa-Scottsdale, AZ",1035,2x2,1040,1780,11/30/2023,False
Audere Apartments,"Phoenix-Mesa-Scottsdale, AZ",1035,2x2,1040,1780,12/01/2023,False
Audere Apartments,"Phoenix-Mesa-Scottsdale, AZ",1035,2x2,1040,1780,12/02/2023,False
Audere Apartments,"Phoenix-Mesa-Scottsdale, AZ",1035,2x2,1040,1780,12/03/2023,False
Audere Apartments,"Phoenix-Mesa-Scottsdale, AZ",1035,2x2,1040,1780,12/04/2023,False
Audere Apartments,"Phoenix-Mesa-Scottsdale, AZ",1035,2x2,1040,1775,12/05/2023,False
Audere Apartments,"Phoenix-Mesa-Scottsdale, AZ",1035,2x2,1040,1775,12/06/2023,False
Audere Apartments,"Phoenix-Mesa-Scottsdale, AZ",1035,2x2,1040,1775,12/07/2023,True
Audere Apartments,"Phoenix-Mesa-Scottsdale, AZ",1036,2x2,1040,1900,08/18/2023,False
Audere Apartments,"Phoenix-Mesa-Scottsdale, AZ",1036,2x2,1040,1900,08/19/2023,False
Audere Apartments,"Phoenix-Mesa-Scottsdale, AZ",1036,2x2,1040,1870,08/20/2023,False
Audere Apartments,"Phoenix-Mesa-Scottsdale, AZ",1036,2x2,1040,1870,08/21/2023,False
Audere Apartments,"Phoenix-Mesa-Scottsdale, AZ",1036,2x2,1040,1885,08/22/2023,False
Audere Apartments,"Phoenix-Mesa-Scottsdale, AZ",1036,2x2,1040,1885,08/23/2023,False
Audere Apartments,"Phoenix-Mesa-Scottsdale, AZ",1036,2x2,1040,1900,08/24/2023,False
Audere Apartments,"Phoenix-Mesa-Scottsdale, AZ",1036,2x2,1040,1900,08/25/2023,False
Audere Apartments,"Phoenix-Mesa-Scottsdale, AZ",1036,2x2,1040,1900,08/26/2023,False
Audere Apartments,"Phoenix-Mesa-Scottsdale, AZ",1036,2x2,1040,1900,08/27/2023,False
Audere Apartments,"Phoenix-Mesa-Scottsdale, AZ",1036,2x2,1040,1905,08/28/2023,False
Audere Apartments,"Phoenix-Mesa-Scottsdale, AZ",1036,2x2,1040,1920,08/29/2023,False
Audere Apartments,"Phoenix-Mesa-Scottsdale, AZ",1036,2x2,1040,1930,08/30/2023,False
Audere Apartments,"Phoenix-Mesa-Scottsdale, AZ",1036,2x2,1040,1935,08/31/2023,False
Audere Apartments,"Phoenix-Mesa-Scottsdale, AZ",1036,2x2,1040,1935,09/01/2023,False
Audere Apartments,"Phoenix-Mesa-Scottsdale, AZ",1036,2x2,1040,1930,09/02/2023,False
Audere Apartments,"Phoenix-Mesa-Scottsdale, AZ",1036,2x2,1040,1930,09/03/2023,False
Audere Apartments,"Phoenix-Mesa-Scottsdale, AZ",1036,2x2,1040,1930,09/04/2023,False
Audere Apartments,"Phoenix-Mesa-Scottsdale, AZ",1036,2x2,1040,1940,09/05/2023,False
Audere Apartments,"Phoenix-Mesa-Scottsdale, AZ",1036,2x2,1040,1940,09/06/2023,False
Audere Apartments,"Phoenix-Mesa-Scottsdale, AZ",1036,2x2,1040,1880,09/07/2023,False
Audere Apartments,"Phoenix-Mesa-Scottsdale, AZ",1036,2x2,1040,1880,09/08/2023,False
Audere Apartments,"Phoenix-Mesa-Scottsdale, AZ",1036,2x2,1040,1880,09/09/2023,False
Audere Apartments,"Phoenix-Mesa-Scottsdale, AZ",1036,2x2,1040,1875,09/10/2023,False
Audere Apartments,"Phoenix-Mesa-Scottsdale, AZ",1036,2x2,1040,1875,09/11/2023,False
Audere Apartments,"Phoenix-Mesa-Scottsdale, AZ",1036,2x2,1040,1880,09/12/2023,False
Audere Apartments,"Phoenix-Mesa-Scottsdale, AZ",1036,2x2,1040,1920,09/13/2023,False
Audere Apartments,"Phoenix-Mesa-Scottsdale, AZ",1036,2x2,1040,1875,09/14/2023,False
Audere Apartments,"Phoenix-Mesa-Scottsdale, AZ",1036,2x2,1040,1885,09/15/2023,False
Audere Apartments,"Phoenix-Mesa-Scottsdale, AZ",1036,2x2,1040,1880,09/16/2023,False
Audere Apartments,"Phoenix-Mesa-Scottsdale, AZ",1036,2x2,1040,1855,09/17/2023,False
Audere Apartments,"Phoenix-Mesa-Scottsdale, AZ",1036,2x2,1040,1855,09/18/2023,False
Audere Apartments,"Phoenix-Mesa-Scottsdale, AZ",1036,2x2,1040,1860,09/19/2023,False
Audere Apartments,"Phoenix-Mesa-Scottsdale, AZ",1036,2x2,1040,1855,09/20/2023,False
Audere Apartments,"Phoenix-Mesa-Scottsdale, AZ",1036,2x2,1040,1890,09/21/2023,False
Audere Apartments,"Phoenix-Mesa-Scottsdale, AZ",1036,2x2,1040,1885,09/22/2023,False
Audere Apartments,"Phoenix-Mesa-Scottsdale, AZ",1036,2x2,1040,1885,09/23/2023,False
Audere Apartments,"Phoenix-Mesa-Scottsdale, AZ",1036,2x2,1040,1890,09/24/2023,False
Audere Apartments,"Phoenix-Mesa-Scottsdale, AZ",1036,2x2,1040,1890,09/25/2023,False
Audere Apartments,"Phoenix-Mesa-Scottsdale, AZ",1036,2x2,1040,1900,09/26/2023,False
Audere Apartments,"Phoenix-Mesa-Scottsdale, AZ",1036,2x2,1040,1900,09/27/2023,False
Audere Apartments,"Phoenix-Mesa-Scottsdale, AZ",1036,2x2,1040,1900,09/28/2023,False
Audere Apartments,"Phoenix-Mesa-Scottsdale, AZ",1036,2x2,1040,1890,09/29/2023,False
Audere Apartments,"Phoenix-Mesa-Scottsdale, AZ",1036,2x2,1040,1890,09/30/2023,False
Audere Apartments,"Phoenix-Mesa-Scottsdale, AZ",1036,2x2,1040,1890,10/01/2023,False
Audere Apartments,"Phoenix-Mesa-Scottsdale, AZ",1036,2x2,1040,1890,10/02/2023,False
Audere Apartments,"Phoenix-Mesa-Scottsdale, AZ",1036,2x2,1040,1895,10/03/2023,False
Audere Apartments,"Phoenix-Mesa-Scottsdale, AZ",1036,2x2,1040,1895,10/04/2023,False
Audere Apartments,"Phoenix-Mesa-Scottsdale, AZ",1036,2x2,1040,1800,10/05/2023,False
Audere Apartments,"Phoenix-Mesa-Scottsdale, AZ",1036,2x2,1040,1795,10/06/2023,False
Audere Apartments,"Phoenix-Mesa-Scottsdale, AZ",1036,2x2,1040,1795,10/07/2023,False
Audere Apartments,"Phoenix-Mesa-Scottsdale, AZ",1036,2x2,1040,1795,10/08/2023,False
Audere Apartments,"Phoenix-Mesa-Scottsdale, AZ",1036,2x2,1040,1835,10/09/2023,False
Audere Apartments,"Phoenix-Mesa-Scottsdale, AZ",1036,2x2,1040,1810,10/10/2023,False
Audere Apartments,"Phoenix-Mesa-Scottsdale, AZ",1036,2x2,1040,1810,10/11/2023,False
Audere Apartments,"Phoenix-Mesa-Scottsdale, AZ",1036,2x2,1040,1825,10/12/2023,False
Audere Apartments,"Phoenix-Mesa-Scottsdale, AZ",1036,2x2,1040,1795,10/13/2023,False
Audere Apartments,"Phoenix-Mesa-Scottsdale, AZ",1036,2x2,1040,1795,10/14/2023,False
Audere Apartments,"Phoenix-Mesa-Scottsdale, AZ",1036,2x2,1040,1795,10/15/2023,False
Audere Apartments,"Phoenix-Mesa-Scottsdale, AZ",1036,2x2,1040,1795,10/16/2023,False
Audere Apartments,"Phoenix-Mesa-Scottsdale, AZ",1036,2x2,1040,1805,10/17/2023,False
Audere Apartments,"Phoenix-Mesa-Scottsdale, AZ",1036,2x2,1040,1780,10/18/2023,False
Audere Apartments,"Phoenix-Mesa-Scottsdale, AZ",1036,2x2,1040,1760,10/19/2023,False
Audere Apartments,"Phoenix-Mesa-Scottsdale, AZ",1036,2x2,1040,1760,10/20/2023,False
Audere Apartments,"Phoenix-Mesa-Scottsdale, AZ",1036,2x2,1040,1760,10/21/2023,False
Audere Apartments,"Phoenix-Mesa-Scottsdale, AZ",1036,2x2,1040,1760,10/22/2023,False
Audere Apartments,"Phoenix-Mesa-Scottsdale, AZ",1036,2x2,1040,1760,10/23/2023,False
Audere Apartments,"Phoenix-Mesa-Scottsdale, AZ",1036,2x2,1040,1760,10/24/2023,True
Audere Apartments,"Phoenix-Mesa-Scottsdale, AZ",1037,1x1,642,1635,11/15/2023,False
Audere Apartments,"Phoenix-Mesa-Scottsdale, AZ",1037,1x1,642,1635,11/16/2023,False
Audere Apartments,"Phoenix-Mesa-Scottsdale, AZ",1037,1x1,642,1635,11/17/2023,False
Audere Apartments,"Phoenix-Mesa-Scottsdale, AZ",1037,1x1,642,1630,11/18/2023,False
Audere Apartments,"Phoenix-Mesa-Scottsdale, AZ",1037,1x1,642,1630,11/19/2023,False
Audere Apartments,"Phoenix-Mesa-Scottsdale, AZ",1037,1x1,642,1630,11/20/2023,False
Audere Apartments,"Phoenix-Mesa-Scottsdale, AZ",1037,1x1,642,1635,11/21/2023,False
Audere Apartments,"Phoenix-Mesa-Scottsdale, AZ",1037,1x1,642,1670,11/22/2023,False
Audere Apartments,"Phoenix-Mesa-Scottsdale, AZ",1037,1x1,642,1670,11/23/2023,False
Audere Apartments,"Phoenix-Mesa-Scottsdale, AZ",1037,1x1,642,1670,11/24/2023,False
Audere Apartments,"Phoenix-Mesa-Scottsdale, AZ",1037,1x1,642,1670,11/25/2023,False
Audere Apartments,"Phoenix-Mesa-Scottsdale, AZ",1037,1x1,642,1670,11/26/2023,False
Audere Apartments,"Phoenix-Mesa-Scottsdale, AZ",1037,1x1,642,1675,11/27/2023,False
Audere Apartments,"Phoenix-Mesa-Scottsdale, AZ",1037,1x1,642,1675,11/28/2023,False
Audere Apartments,"Phoenix-Mesa-Scottsdale, AZ",1037,1x1,642,1670,11/29/2023,False
Audere Apartments,"Phoenix-Mesa-Scottsdale, AZ",1037,1x1,642,1670,11/30/2023,False
Audere Apartments,"Phoenix-Mesa-Scottsdale, AZ",1037,1x1,642,1670,12/01/2023,False
Audere Apartments,"Phoenix-Mesa-Scottsdale, AZ",1037,1x1,642,1670,12/02/2023,False
Audere Apartments,"Phoenix-Mesa-Scottsdale, AZ",1037,1x1,642,1670,12/03/2023,False
Audere Apartments,"Phoenix-Mesa-Scottsdale, AZ",1037,1x1,642,1670,12/04/2023,False
Audere Apartments,"Phoenix-Mesa-Scottsdale, AZ",1037,1x1,642,1670,12/05/2023,False
Audere Apartments,"Phoenix-Mesa-Scottsdale, AZ",1037,1x1,642,1670,12/06/2023,False
Audere Apartments,"Phoenix-Mesa-Scottsdale, AZ",1037,1x1,642,1665,12/07/2023,False
Audere Apartments,"Phoenix-Mesa-Scottsdale, AZ",1037,1x1,642,1665,12/08/2023,False
Audere Apartments,"Phoenix-Mesa-Scottsdale, AZ",1037,1x1,642,1670,12/09/2023,False
Audere Apartments,"Phoenix-Mesa-Scottsdale, AZ",1037,1x1,642,1665,12/10/2023,False
Audere Apartments,"Phoenix-Mesa-Scottsdale, AZ",1037,1x1,642,1665,12/11/2023,False
Audere Apartments,"Phoenix-Mesa-Scottsdale, AZ",1037,1x1,642,1670,12/12/2023,False
Audere Apartments,"Phoenix-Mesa-Scottsdale, AZ",1037,1x1,642,1675,12/13/2023,False
Audere Apartments,"Phoenix-Mesa-Scottsdale, AZ",1037,1x1,642,1675,12/14/2023,False
Audere Apartments,"Phoenix-Mesa-Scottsdale, AZ",1037,1x1,642,1675,12/15/2023,False
Audere Apartments,"Phoenix-Mesa-Scottsdale, AZ",1037,1x1,642,1675,12/16/2023,False
Audere Apartments,"Phoenix-Mesa-Scottsdale, AZ",1037,1x1,642,1675,12/17/2023,False
Audere Apartments,"Phoenix-Mesa-Scottsdale, AZ",1037,1x1,642,1675,12/18/2023,False
Audere Apartments,"Phoenix-Mesa-Scottsdale, AZ",1037,1x1,642,1675,12/19/2023,False
Audere Apartments,"Phoenix-Mesa-Scottsdale, AZ",1037,1x1,642,1670,12/20/2023,False
Audere Apartments,"Phoenix-Mesa-Scottsdale, AZ",1037,1x1,642,1670,12/21/2023,False
Audere Apartments,"Phoenix-Mesa-Scottsdale, AZ",1037,1x1,642,1670,12/22/2023,False
Audere Apartments,"Phoenix-Mesa-Scottsdale, AZ",1037,1x1,642,1670,12/23/2023,False
Audere Apartments,"Phoenix-Mesa-Scottsdale, AZ",1037,1x1,642,1670,12/24/2023,False
Audere Apartments,"Phoenix-Mesa-Scottsdale, AZ",1037,1x1,642,1670,12/25/2023,False
Audere Apartments,"Phoenix-Mesa-Scottsdale, AZ",1037,1x1,642,1670,12/26/2023,False
Audere Apartments,"Phoenix-Mesa-Scottsdale, AZ",1037,1x1,642,1670,12/27/2023,False
Audere Apartments,"Phoenix-Mesa-Scottsdale, AZ",1037,1x1,642,1665,12/28/2023,False
Audere Apartments,"Phoenix-Mesa-Scottsdale, AZ",1037,1x1,642,1665,12/29/2023,False
Audere Apartments,"Phoenix-Mesa-Scottsdale, AZ",1037,1x1,642,1665,12/30/2023,False
Audere Apartments,"Phoenix-Mesa-Scottsdale, AZ",1037,1x1,642,1665,12/31/2023,False
Audere Apartments,"Phoenix-Mesa-Scottsdale, AZ",1037,1x1,642,1665,01/01/2024,False
Audere Apartments,"Phoenix-Mesa-Scottsdale, AZ",1037,1x1,642,1660,01/02/2024,False
Audere Apartments,"Phoenix-Mesa-Scottsdale, AZ",1037,1x1,642,1660,01/03/2024,False
Audere Apartments,"Phoenix-Mesa-Scottsdale, AZ",1037,1x1,642,1660,01/04/2024,False
Audere Apartments,"Phoenix-Mesa-Scottsdale, AZ",1037,1x1,642,1660,01/05/2024,False
Audere Apartments,"Phoenix-Mesa-Scottsdale, AZ",1037,1x1,642,1655,01/06/2024,False
Audere Apartments,"Phoenix-Mesa-Scottsdale, AZ",1037,1x1,642,1645,01/07/2024,False
Audere Apartments,"Phoenix-Mesa-Scottsdale, AZ",1037,1x1,642,1645,01/08/2024,False
Audere Apartments,"Phoenix-Mesa-Scottsdale, AZ",1037,1x1,642,1645,01/09/2024,False
Audere Apartments,"Phoenix-Mesa-Scottsdale, AZ",1037,1x1,642,1645,01/10/2024,False
Audere Apartments,"Phoenix-Mesa-Scottsdale, AZ",1037,1x1,642,1640,01/11/2024,False
Audere Apartments,"Phoenix-Mesa-Scottsdale, AZ",1037,1x1,642,1640,01/12/2024,False
Audere Apartments,"Phoenix-Mesa-Scottsdale, AZ",1037,1x1,642,1640,01/13/2024,False
Audere Apartments,"Phoenix-Mesa-Scottsdale, AZ",1037,1x1,642,1640,01/14/2024,False
Audere Apartments,"Phoenix-Mesa-Scottsdale, AZ",1037,1x1,642,1640,01/15/2024,False
Audere Apartments,"Phoenix-Mesa-Scottsdale, AZ",1037,1x1,642,1635,01/16/2024,False
Audere Apartments,"Phoenix-Mesa-Scottsdale, AZ",1037,1x1,642,1640,01/17/2024,False
Audere Apartments,"Phoenix-Mesa-Scottsdale, AZ",1037,1x1,642,1640,01/18/2024,False
Audere Apartments,"Phoenix-Mesa-Scottsdale, AZ",1037,1x1,642,1635,01/19/2024,False
Audere Apartments,"Phoenix-Mesa-Scottsdale, AZ",1037,1x1,642,1635,01/20/2024,False
Audere Apartments,"Phoenix-Mesa-Scottsdale, AZ",1037,1x1,642,1635,01/21/2024,False
Audere Apartments,"Phoenix-Mesa-Scottsdale, AZ",1037,1x1,642,1635,01/22/2024,False
Audere Apartments,"Phoenix-Mesa-Scottsdale, AZ",1037,1x1,642,1630,01/23/2024,False
Audere Apartments,"Phoenix-Mesa-Scottsdale, AZ",1037,1x1,642,1630,01/24/2024,False
Audere Apartments,"Phoenix-Mesa-Scottsdale, AZ",1037,1x1,642,1630,01/25/2024,False
Audere Apartments,"Phoenix-Mesa-Scottsdale, AZ",1037,1x1,642,1635,01/26/2024,False
Audere Apartments,"Phoenix-Mesa-Scottsdale, AZ",1037,1x1,642,1635,01/27/2024,False
Audere Apartments,"Phoenix-Mesa-Scottsdale, AZ",1037,1x1,642,1635,01/28/2024,False
Audere Apartments,"Phoenix-Mesa-Scottsdale, AZ",1037,1x1,642,1635,01/29/2024,False
Audere Apartments,"Phoenix-Mesa-Scottsdale, AZ",1037,1x1,642,1625,01/30/2024,False
Audere Apartments,"Phoenix-Mesa-Scottsdale, AZ",1037,1x1,642,1620,01/31/2024,False
Audere Apartments,"Phoenix-Mesa-Scottsdale, AZ",1037,1x1,642,1530,02/01/2024,False
Audere Apartments,"Phoenix-Mesa-Scottsdale, AZ",1037,1x1,642,1560,02/02/2024,False
Audere Apartments,"Phoenix-Mesa-Scottsdale, AZ",1037,1x1,642,1560,02/03/2024,False
Audere Apartments,"Phoenix-Mesa-Scottsdale, AZ",1037,1x1,642,1560,02/04/2024,False
Audere Apartments,"Phoenix-Mesa-Scottsdale, AZ",1037,1x1,642,1560,02/05/2024,False
Audere Apartments,"Phoenix-Mesa-Scottsdale, AZ",1037,1x1,642,1560,02/06/2024,False
Audere Apartments,"Phoenix-Mesa-Scottsdale, AZ",1037,1x1,642,1560,02/07/2024,False
Audere Apartments,"Phoenix-Mesa-Scottsdale, AZ",1037,1x1,642,1560,02/08/2024,False
Audere Apartments,"Phoenix-Mesa-Scottsdale, AZ",1037,1x1,642,1560,02/09/2024,False
Audere Apartments,"Phoenix-Mesa-Scottsdale, AZ",1037,1x1,642,1560,02/10/2024,False
Audere Apartments,"Phoenix-Mesa-Scottsdale, AZ",1037,1x1,642,1560,02/11/2024,False
Audere Apartments,"Phoenix-Mesa-Scottsdale, AZ",1037,1x1,642,1560,02/12/2024,False
Audere Apartments,"Phoenix-Mesa-Scottsdale, AZ",1037,1x1,642,1560,02/13/2024,True
Audere Apartments,"Phoenix-Mesa-Scottsdale, AZ",1037,1x1,642,1552,08/28/2024,False
Audere Apartments,"Phoenix-Mesa-Scottsdale, AZ",1037,1x1,642,1527,08/29/2024,False
Audere Apartments,"Phoenix-Mesa-Scottsdale, AZ",1037,1x1,642,1510,08/30/2024,False
Audere Apartments,"Phoenix-Mesa-Scottsdale, AZ",1037,1x1,642,1510,08/31/2024,False
Audere Apartments,"Phoenix-Mesa-Scottsdale, AZ",1037,1x1,642,1510,09/01/2024,False
Audere Apartments,"Phoenix-Mesa-Scottsdale, AZ",1037,1x1,642,1533,09/02/2024,False
Audere Apartments,"Phoenix-Mesa-Scottsdale, AZ",1037,1x1,642,1455,09/03/2024,False
Audere Apartments,"Phoenix-Mesa-Scottsdale, AZ",1037,1x1,642,1455,09/04/2024,False
Audere Apartments,"Phoenix-Mesa-Scottsdale, AZ",1037,1x1,642,1455,09/05/2024,False
Audere Apartments,"Phoenix-Mesa-Scottsdale, AZ",1037,1x1,642,1455,09/06/2024,False
Audere Apartments,"Phoenix-Mesa-Scottsdale, AZ",1037,1x1,642,1455,09/07/2024,False
Audere Apartments,"Phoenix-Mesa-Scottsdale, AZ",1037,1x1,642,1455,09/08/2024,False
Audere Apartments,"Phoenix-Mesa-Scottsdale, AZ",1037,1x1,642,1455,09/09/2024,False
Audere Apartments,"Phoenix-Mesa-Scottsdale, AZ",1037,1x1,642,1455,09/10/2024,False
Audere Apartments,"Phoenix-Mesa-Scottsdale, AZ",1037,1x1,642,1455,09/11/2024,False
Audere Apartments,"Phoenix-Mesa-Scottsdale, AZ",1037,1x1,642,1425,09/12/2024,False
Audere Apartments,"Phoenix-Mesa-Scottsdale, AZ",1037,1x1,642,1395,09/13/2024,False
Audere Apartments,"Phoenix-Mesa-Scottsdale, AZ",1037,1x1,642,1395,09/14/2024,False
Audere Apartments,"Phoenix-Mesa-Scottsdale, AZ",1037,1x1,642,1395,09/15/2024,False
Audere Apartments,"Phoenix-Mesa-Scottsdale, AZ",1037,1x1,642,1366,09/16/2024,False
Audere Apartments,"Phoenix-Mesa-Scottsdale, AZ",1037,1x1,642,1349,09/17/2024,False
Audere Apartments,"Phoenix-Mesa-Scottsdale, AZ",1037,1x1,642,1349,09/18/2024,False
Audere Apartments,"Phoenix-Mesa-Scottsdale, AZ",1037,1x1,642,1349,09/19/2024,False
Audere Apartments,"Phoenix-Mesa-Scottsdale, AZ",1037,1x1,642,1321,09/20/2024,False
Audere Apartments,"Phoenix-Mesa-Scottsdale, AZ",1037,1x1,642,1321,09/21/2024,False
Audere Apartments,"Phoenix-Mesa-Scottsdale, AZ",1037,1x1,642,1321,09/22/2024,True
Audere Apartments,"Phoenix-Mesa-Scottsdale, AZ",1038,2x2,1040,1855,09/20/2023,False
Audere Apartments,"Phoenix-Mesa-Scottsdale, AZ",1038,2x2,1040,1945,09/21/2023,False
Audere Apartments,"Phoenix-Mesa-Scottsdale, AZ",1038,2x2,1040,1890,09/22/2023,False
Audere Apartments,"Phoenix-Mesa-Scottsdale, AZ",1038,2x2,1040,1890,09/23/2023,False
Audere Apartments,"Phoenix-Mesa-Scottsdale, AZ",1038,2x2,1040,1895,09/24/2023,False
Audere Apartments,"Phoenix-Mesa-Scottsdale, AZ",1038,2x2,1040,1895,09/25/2023,False
Audere Apartments,"Phoenix-Mesa-Scottsdale, AZ",1038,2x2,1040,1960,09/26/2023,False
Audere Apartments,"Phoenix-Mesa-Scottsdale, AZ",1038,2x2,1040,1960,09/27/2023,False
Audere Apartments,"Phoenix-Mesa-Scottsdale, AZ",1038,2x2,1040,1960,09/28/2023,False
Audere Apartments,"Phoenix-Mesa-Scottsdale, AZ",1038,2x2,1040,1950,09/29/2023,False
Audere Apartments,"Phoenix-Mesa-Scottsdale, AZ",1038,2x2,1040,1950,09/30/2023,False
Audere Apartments,"Phoenix-Mesa-Scottsdale, AZ",1038,2x2,1040,1950,10/01/2023,False
Audere Apartments,"Phoenix-Mesa-Scottsdale, AZ",1038,2x2,1040,1950,10/02/2023,False
Audere Apartments,"Phoenix-Mesa-Scottsdale, AZ",1038,2x2,1040,1955,10/03/2023,False
Audere Apartments,"Phoenix-Mesa-Scottsdale, AZ",1038,2x2,1040,1955,10/04/2023,False
Audere Apartments,"Phoenix-Mesa-Scottsdale, AZ",1038,2x2,1040,1860,10/05/2023,False
Audere Apartments,"Phoenix-Mesa-Scottsdale, AZ",1038,2x2,1040,1855,10/06/2023,False
Audere Apartments,"Phoenix-Mesa-Scottsdale, AZ",1038,2x2,1040,1855,10/07/2023,False
Audere Apartments,"Phoenix-Mesa-Scottsdale, AZ",1038,2x2,1040,1855,10/08/2023,False
Audere Apartments,"Phoenix-Mesa-Scottsdale, AZ",1038,2x2,1040,1865,10/09/2023,False
Audere Apartments,"Phoenix-Mesa-Scottsdale, AZ",1038,2x2,1040,1870,10/10/2023,False
Audere Apartments,"Phoenix-Mesa-Scottsdale, AZ",1038,2x2,1040,1865,10/11/2023,False
Audere Apartments,"Phoenix-Mesa-Scottsdale, AZ",1038,2x2,1040,1865,10/12/2023,False
Audere Apartments,"Phoenix-Mesa-Scottsdale, AZ",1038,2x2,1040,1855,10/13/2023,False
Audere Apartments,"Phoenix-Mesa-Scottsdale, AZ",1038,2x2,1040,1855,10/14/2023,False
Audere Apartments,"Phoenix-Mesa-Scottsdale, AZ",1038,2x2,1040,1855,10/15/2023,False
Audere Apartments,"Phoenix-Mesa-Scottsdale, AZ",1038,2x2,1040,1855,10/16/2023,False
Audere Apartments,"Phoenix-Mesa-Scottsdale, AZ",1038,2x2,1040,1860,10/17/2023,False
Audere Apartments,"Phoenix-Mesa-Scottsdale, AZ",1038,2x2,1040,1850,10/18/2023,False
Audere Apartments,"Phoenix-Mesa-Scottsdale, AZ",1038,2x2,1040,1830,10/19/2023,False
Audere Apartments,"Phoenix-Mesa-Scottsdale, AZ",1038,2x2,1040,1830,10/20/2023,False
Audere Apartments,"Phoenix-Mesa-Scottsdale, AZ",1038,2x2,1040,1810,10/21/2023,False
Audere Apartments,"Phoenix-Mesa-Scottsdale, AZ",1038,2x2,1040,1810,10/22/2023,False
Audere Apartments,"Phoenix-Mesa-Scottsdale, AZ",1038,2x2,1040,1845,10/23/2023,False
Audere Apartments,"Phoenix-Mesa-Scottsdale, AZ",1038,2x2,1040,1855,10/24/2023,False
Audere Apartments,"Phoenix-Mesa-Scottsdale, AZ",1038,2x2,1040,1835,10/25/2023,False
Audere Apartments,"Phoenix-Mesa-Scottsdale, AZ",1038,2x2,1040,1830,10/26/2023,False
Audere Apartments,"Phoenix-Mesa-Scottsdale, AZ",1038,2x2,1040,1840,10/27/2023,False
Audere Apartments,"Phoenix-Mesa-Scottsdale, AZ",1038,2x2,1040,1840,10/28/2023,False
Audere Apartments,"Phoenix-Mesa-Scottsdale, AZ",1038,2x2,1040,1835,10/29/2023,False
Audere Apartments,"Phoenix-Mesa-Scottsdale, AZ",1038,2x2,1040,1835,10/30/2023,False
Audere Apartments,"Phoenix-Mesa-Scottsdale, AZ",1038,2x2,1040,1835,10/31/2023,False
Audere Apartments,"Phoenix-Mesa-Scottsdale, AZ",1038,2x2,1040,1825,11/01/2023,False
Audere Apartments,"Phoenix-Mesa-Scottsdale, AZ",1038,2x2,1040,1850,11/02/2023,False
Audere Apartments,"Phoenix-Mesa-Scottsdale, AZ",1038,2x2,1040,1870,11/03/2023,False
Audere Apartments,"Phoenix-Mesa-Scottsdale, AZ",1038,2x2,1040,1870,11/04/2023,False
Audere Apartments,"Phoenix-Mesa-Scottsdale, AZ",1038,2x2,1040,1880,11/05/2023,False
Audere Apartments,"Phoenix-Mesa-Scottsdale, AZ",1038,2x2,1040,1880,11/06/2023,False
Audere Apartments,"Phoenix-Mesa-Scottsdale, AZ",1038,2x2,1040,1885,11/07/2023,False
Audere Apartments,"Phoenix-Mesa-Scottsdale, AZ",1038,2x2,1040,1885,11/08/2023,False
Audere Apartments,"Phoenix-Mesa-Scottsdale, AZ",1038,2x2,1040,1840,11/09/2023,False
Audere Apartments,"Phoenix-Mesa-Scottsdale, AZ",1038,2x2,1040,1855,11/10/2023,False
Audere Apartments,"Phoenix-Mesa-Scottsdale, AZ",1038,2x2,1040,1840,11/11/2023,False
Audere Apartments,"Phoenix-Mesa-Scottsdale, AZ",1038,2x2,1040,1840,11/12/2023,False
Audere Apartments,"Phoenix-Mesa-Scottsdale, AZ",1038,2x2,1040,1840,11/13/2023,False
Audere Apartments,"Phoenix-Mesa-Scottsdale, AZ",1038,2x2,1040,1795,11/14/2023,False
Audere Apartments,"Phoenix-Mesa-Scottsdale, AZ",1038,2x2,1040,1785,11/15/2023,False
Audere Apartments,"Phoenix-Mesa-Scottsdale, AZ",1038,2x2,1040,1785,11/16/2023,False
Audere Apartments,"Phoenix-Mesa-Scottsdale, AZ",1038,2x2,1040,1785,11/17/2023,False
Audere Apartments,"Phoenix-Mesa-Scottsdale, AZ",1038,2x2,1040,1785,11/18/2023,False
Audere Apartments,"Phoenix-Mesa-Scottsdale, AZ",1038,2x2,1040,1785,11/19/2023,False
Audere Apartments,"Phoenix-Mesa-Scottsdale, AZ",1038,2x2,1040,1785,11/20/2023,False
Audere Apartments,"Phoenix-Mesa-Scottsdale, AZ",1038,2x2,1040,1785,11/21/2023,False
Audere Apartments,"Phoenix-Mesa-Scottsdale, AZ",1038,2x2,1040,1760,11/22/2023,False
Audere Apartments,"Phoenix-Mesa-Scottsdale, AZ",1038,2x2,1040,1760,11/23/2023,False
Audere Apartments,"Phoenix-Mesa-Scottsdale, AZ",1038,2x2,1040,1760,11/24/2023,False
Audere Apartments,"Phoenix-Mesa-Scottsdale, AZ",1038,2x2,1040,1760,11/25/2023,False
Audere Apartments,"Phoenix-Mesa-Scottsdale, AZ",1038,2x2,1040,1760,11/26/2023,False
Audere Apartments,"Phoenix-Mesa-Scottsdale, AZ",1038,2x2,1040,1795,11/27/2023,False
Audere Apartments,"Phoenix-Mesa-Scottsdale, AZ",1038,2x2,1040,1795,11/28/2023,False
Audere Apartments,"Phoenix-Mesa-Scottsdale, AZ",1038,2x2,1040,1780,11/29/2023,False
Audere Apartments,"Phoenix-Mesa-Scottsdale, AZ",1038,2x2,1040,1780,11/30/2023,False
Audere Apartments,"Phoenix-Mesa-Scottsdale, AZ",1038,2x2,1040,1780,12/01/2023,False
Audere Apartments,"Phoenix-Mesa-Scottsdale, AZ",1038,2x2,1040,1780,12/02/2023,False
Audere Apartments,"Phoenix-Mesa-Scottsdale, AZ",1038,2x2,1040,1780,12/03/2023,False
Audere Apartments,"Phoenix-Mesa-Scottsdale, AZ",1038,2x2,1040,1780,12/04/2023,False
Audere Apartments,"Phoenix-Mesa-Scottsdale, AZ",1038,2x2,1040,1780,12/05/2023,False
Audere Apartments,"Phoenix-Mesa-Scottsdale, AZ",1038,2x2,1040,1780,12/06/2023,False
Audere Apartments,"Phoenix-Mesa-Scottsdale, AZ",1038,2x2,1040,1780,12/07/2023,False
Audere Apartments,"Phoenix-Mesa-Scottsdale, AZ",1038,2x2,1040,1775,12/08/2023,False
Audere Apartments,"Phoenix-Mesa-Scottsdale, AZ",1038,2x2,1040,1770,12/09/2023,False
Audere Apartments,"Phoenix-Mesa-Scottsdale, AZ",1038,2x2,1040,1770,12/10/2023,False
Audere Apartments,"Phoenix-Mesa-Scottsdale, AZ",1038,2x2,1040,1770,12/11/2023,False
Audere Apartments,"Phoenix-Mesa-Scottsdale, AZ",1038,2x2,1040,1770,12/12/2023,False
Audere Apartments,"Phoenix-Mesa-Scottsdale, AZ",1038,2x2,1040,1770,12/13/2023,False
Audere Apartments,"Phoenix-Mesa-Scottsdale, AZ",1038,2x2,1040,1770,12/14/2023,False
Audere Apartments,"Phoenix-Mesa-Scottsdale, AZ",1038,2x2,1040,1750,12/15/2023,False
Audere Apartments,"Phoenix-Mesa-Scottsdale, AZ",1038,2x2,1040,1750,12/16/2023,False
Audere Apartments,"Phoenix-Mesa-Scottsdale, AZ",1038,2x2,1040,1750,12/17/2023,False
Audere Apartments,"Phoenix-Mesa-Scottsdale, AZ",1038,2x2,1040,1750,12/18/2023,False
Audere Apartments,"Phoenix-Mesa-Scottsdale, AZ",1038,2x2,1040,1750,12/19/2023,False
Audere Apartments,"Phoenix-Mesa-Scottsdale, AZ",1038,2x2,1040,1750,12/20/2023,False
Audere Apartments,"Phoenix-Mesa-Scottsdale, AZ",1038,2x2,1040,1730,12/21/2023,False
Audere Apartments,"Phoenix-Mesa-Scottsdale, AZ",1038,2x2,1040,1730,12/22/2023,False
Audere Apartments,"Phoenix-Mesa-Scottsdale, AZ",1038,2x2,1040,1730,12/23/2023,False
Audere Apartments,"Phoenix-Mesa-Scottsdale, AZ",1038,2x2,1040,1730,12/24/2023,False
Audere Apartments,"Phoenix-Mesa-Scottsdale, AZ",1038,2x2,1040,1730,12/25/2023,False
Audere Apartments,"Phoenix-Mesa-Scottsdale, AZ",1038,2x2,1040,1730,12/26/2023,False
Audere Apartments,"Phoenix-Mesa-Scottsdale, AZ",1038,2x2,1040,1730,12/27/2023,False
Audere Apartments,"Phoenix-Mesa-Scottsdale, AZ",1038,2x2,1040,1730,12/28/2023,False
Audere Apartments,"Phoenix-Mesa-Scottsdale, AZ",1038,2x2,1040,1730,12/29/2023,False
Audere Apartments,"Phoenix-Mesa-Scottsdale, AZ",1038,2x2,1040,1730,12/30/2023,False
Audere Apartments,"Phoenix-Mesa-Scottsdale, AZ",1038,2x2,1040,1785,12/31/2023,False
Audere Apartments,"Phoenix-Mesa-Scottsdale, AZ",1038,2x2,1040,1785,01/01/2024,False
Audere Apartments,"Phoenix-Mesa-Scottsdale, AZ",1038,2x2,1040,1785,01/02/2024,False
Audere Apartments,"Phoenix-Mesa-Scottsdale, AZ",1038,2x2,1040,1785,01/03/2024,False
Audere Apartments,"Phoenix-Mesa-Scottsdale, AZ",1038,2x2,1040,1780,01/04/2024,False
Audere Apartments,"Phoenix-Mesa-Scottsdale, AZ",1038,2x2,1040,1780,01/05/2024,False
Audere Apartments,"Phoenix-Mesa-Scottsdale, AZ",1038,2x2,1040,1780,01/06/2024,False
Audere Apartments,"Phoenix-Mesa-Scottsdale, AZ",1038,2x2,1040,1780,01/07/2024,False
Audere Apartments,"Phoenix-Mesa-Scottsdale, AZ",1038,2x2,1040,1780,01/08/2024,False
Audere Apartments,"Phoenix-Mesa-Scottsdale, AZ",1038,2x2,1040,1825,01/09/2024,False
Audere Apartments,"Phoenix-Mesa-Scottsdale, AZ",1038,2x2,1040,1805,01/10/2024,False
Audere Apartments,"Phoenix-Mesa-Scottsdale, AZ",1038,2x2,1040,1835,01/11/2024,False
Audere Apartments,"Phoenix-Mesa-Scottsdale, AZ",1038,2x2,1040,1835,01/12/2024,False
Audere Apartments,"Phoenix-Mesa-Scottsdale, AZ",1038,2x2,1040,1835,01/13/2024,False
Audere Apartments,"Phoenix-Mesa-Scottsdale, AZ",1038,2x2,1040,1835,01/14/2024,False
Audere Apartments,"Phoenix-Mesa-Scottsdale, AZ",1038,2x2,1040,1835,01/15/2024,False
Audere Apartments,"Phoenix-Mesa-Scottsdale, AZ",1038,2x2,1040,1830,01/16/2024,False
Audere Apartments,"Phoenix-Mesa-Scottsdale, AZ",1038,2x2,1040,1830,01/17/2024,True
Audere Apartments,"Phoenix-Mesa-Scottsdale, AZ",1038,2x2,1040,1754,10/18/2024,False
Audere Apartments,"Phoenix-Mesa-Scottsdale, AZ",1038,2x2,1040,1754,10/19/2024,True
Audere Apartments,"Phoenix-Mesa-Scottsdale, AZ",1038,2x2,1040,1886,02/27/2025,False
Audere Apartments,"Phoenix-Mesa-Scottsdale, AZ",1038,2x2,1040,1905,02/28/2025,False
Audere Apartments,"Phoenix-Mesa-Scottsdale, AZ",1038,2x2,1040,1905,03/01/2025,False
Audere Apartments,"Phoenix-Mesa-Scottsdale, AZ",1038,2x2,1040,1905,03/02/2025,False
Audere Apartments,"Phoenix-Mesa-Scottsdale, AZ",1038,2x2,1040,1905,03/03/2025,False
Audere Apartments,"Phoenix-Mesa-Scottsdale, AZ",1038,2x2,1040,1905,03/04/2025,False
Audere Apartments,"Phoenix-Mesa-Scottsdale, AZ",1038,2x2,1040,1905,03/05/2025,False
Audere Apartments,"Phoenix-Mesa-Scottsdale, AZ",1038,2x2,1040,1905,03/06/2025,False
Audere Apartments,"Phoenix-Mesa-Scottsdale, AZ",1038,2x2,1040,1905,03/07/2025,False
Audere Apartments,"Phoenix-Mesa-Scottsdale, AZ",1038,2x2,1040,1905,03/08/2025,False
Audere Apartments,"Phoenix-Mesa-Scottsdale, AZ",1038,2x2,1040,1905,03/09/2025,False
Audere Apartments,"Phoenix-Mesa-Scottsdale, AZ",1038,2x2,1040,1905,03/10/2025,False
Audere Apartments,"Phoenix-Mesa-Scottsdale, AZ",1038,2x2,1040,1905,03/11/2025,False
Audere Apartments,"Phoenix-Mesa-Scottsdale, AZ",1038,2x2,1040,1905,03/12/2025,False
Audere Apartments,"Phoenix-Mesa-Scottsdale, AZ",1038,2x2,1040,1905,03/13/2025,False
Audere Apartments,"Phoenix-Mesa-Scottsdale, AZ",1038,2x2,1040,1905,03/14/2025,False
Audere Apartments,"Phoenix-Mesa-Scottsdale, AZ",1038,2x2,1040,1905,03/15/2025,False
Audere Apartments,"Phoenix-Mesa-Scottsdale, AZ",1038,2x2,1040,1905,03/16/2025,False
Audere Apartments,"Phoenix-Mesa-Scottsdale, AZ",1038,2x2,1040,1905,03/17/2025,False
Audere Apartments,"Phoenix-Mesa-Scottsdale, AZ",1038,2x2,1040,1905,03/18/2025,False
Audere Apartments,"Phoenix-Mesa-Scottsdale, AZ",1038,2x2,1040,2022,03/19/2025,False
Audere Apartments,"Phoenix-Mesa-Scottsdale, AZ",1038,2x2,1040,1967,03/20/2025,False
Audere Apartments,"Phoenix-Mesa-Scottsdale, AZ",1038,2x2,1040,1947,03/21/2025,False
Audere Apartments,"Phoenix-Mesa-Scottsdale, AZ",1038,2x2,1040,1947,03/22/2025,False
Audere Apartments,"Phoenix-Mesa-Scottsdale, AZ",1038,2x2,1040,1947,03/23/2025,False
Audere Apartments,"Phoenix-Mesa-Scottsdale, AZ",1038,2x2,1040,1927,03/24/2025,False
Audere Apartments,"Phoenix-Mesa-Scottsdale, AZ",1038,2x2,1040,1907,03/25/2025,False
Audere Apartments,"Phoenix-Mesa-Scottsdale, AZ",1038,2x2,1040,1887,03/26/2025,False
Audere Apartments,"Phoenix-Mesa-Scottsdale, AZ",1038,2x2,1040,1868,03/27/2025,False
Audere Apartments,"Phoenix-Mesa-Scottsdale, AZ",1038,2x2,1040,1847,03/28/2025,False
Audere Apartments,"Phoenix-Mesa-Scottsdale, AZ",1038,2x2,1040,1847,03/29/2025,False
Audere Apartments,"Phoenix-Mesa-Scottsdale, AZ",1038,2x2,1040,1847,03/30/2025,False
Audere Apartments,"Phoenix-Mesa-Scottsdale, AZ",1038,2x2,1040,1847,03/31/2025,False
Audere Apartments,"Phoenix-Mesa-Scottsdale, AZ",1038,2x2,1040,1798,04/01/2025,False
Audere Apartments,"Phoenix-Mesa-Scottsdale, AZ",1038,2x2,1040,1775,04/02/2025,False
Audere Apartments,"Phoenix-Mesa-Scottsdale, AZ",1038,2x2,1040,1756,04/03/2025,False
Audere Apartments,"Phoenix-Mesa-Scottsdale, AZ",1038,2x2,1040,1756,04/04/2025,True
Audere Apartments,"Phoenix-Mesa-Scottsdale, AZ",1039,1x1,642,1455,09/03/2023,False
Audere Apartments,"Phoenix-Mesa-Scottsdale, AZ",1039,1x1,642,1465,09/04/2023,False
Audere Apartments,"Phoenix-Mesa-Scottsdale, AZ",1039,1x1,642,1465,09/05/2023,False
Audere Apartments,"Phoenix-Mesa-Scottsdale, AZ",1039,1x1,642,1465,09/06/2023,False
Audere Apartments,"Phoenix-Mesa-Scottsdale, AZ",1039,1x1,642,1435,09/07/2023,False
Audere Apartments,"Phoenix-Mesa-Scottsdale, AZ",1039,1x1,642,1430,09/08/2023,False
Audere Apartments,"Phoenix-Mesa-Scottsdale, AZ",1039,1x1,642,1430,09/09/2023,False
Audere Apartments,"Phoenix-Mesa-Scottsdale, AZ",1039,1x1,642,1430,09/10/2023,False
Audere Apartments,"Phoenix-Mesa-Scottsdale, AZ",1039,1x1,642,1430,09/11/2023,False
Audere Apartments,"Phoenix-Mesa-Scottsdale, AZ",1039,1x1,642,1430,09/12/2023,False
Audere Apartments,"Phoenix-Mesa-Scottsdale, AZ",1039,1x1,642,1430,09/13/2023,False
Audere Apartments,"Phoenix-Mesa-Scottsdale, AZ",1039,1x1,642,1465,09/14/2023,False
Audere Apartments,"Phoenix-Mesa-Scottsdale, AZ",1039,1x1,642,1465,09/15/2023,False
Audere Apartments,"Phoenix-Mesa-Scottsdale, AZ",1039,1x1,642,1470,09/16/2023,False
Audere Apartments,"Phoenix-Mesa-Scottsdale, AZ",1039,1x1,642,1470,09/17/2023,False
Audere Apartments,"Phoenix-Mesa-Scottsdale, AZ",1039,1x1,642,1505,09/18/2023,False
Audere Apartments,"Phoenix-Mesa-Scottsdale, AZ",1039,1x1,642,1510,09/19/2023,False
Audere Apartments,"Phoenix-Mesa-Scottsdale, AZ",1039,1x1,642,1510,09/20/2023,False
Audere Apartments,"Phoenix-Mesa-Scottsdale, AZ",1039,1x1,642,1510,09/21/2023,False
Audere Apartments,"Phoenix-Mesa-Scottsdale, AZ",1039,1x1,642,1510,09/22/2023,False
Audere Apartments,"Phoenix-Mesa-Scottsdale, AZ",1039,1x1,642,1505,09/23/2023,False
Audere Apartments,"Phoenix-Mesa-Scottsdale, AZ",1039,1x1,642,1495,09/24/2023,False
Audere Apartments,"Phoenix-Mesa-Scottsdale, AZ",1039,1x1,642,1490,09/25/2023,False
Audere Apartments,"Phoenix-Mesa-Scottsdale, AZ",1039,1x1,642,1510,09/26/2023,False
Audere Apartments,"Phoenix-Mesa-Scottsdale, AZ",1039,1x1,642,1505,09/27/2023,False
Audere Apartments,"Phoenix-Mesa-Scottsdale, AZ",1039,1x1,642,1495,09/28/2023,False
Audere Apartments,"Phoenix-Mesa-Scottsdale, AZ",1039,1x1,642,1490,09/29/2023,False
Audere Apartments,"Phoenix-Mesa-Scottsdale, AZ",1039,1x1,642,1485,09/30/2023,False
Audere Apartments,"Phoenix-Mesa-Scottsdale, AZ",1039,1x1,642,1485,10/01/2023,True
Audere Apartments,"Phoenix-Mesa-Scottsdale, AZ",1039,1x1,642,1575,04/10/2024,False
Audere Apartments,"Phoenix-Mesa-Scottsdale, AZ",1039,1x1,642,1575,04/11/2024,False
Audere Apartments,"Phoenix-Mesa-Scottsdale, AZ",1039,1x1,642,1548,04/12/2024,False
Audere Apartments,"Phoenix-Mesa-Scottsdale, AZ",1039,1x1,642,1468,04/13/2024,False
Audere Apartments,"Phoenix-Mesa-Scottsdale, AZ",1039,1x1,642,1468,04/14/2024,False
Audere Apartments,"Phoenix-Mesa-Scottsdale, AZ",1039,1x1,642,1468,04/15/2024,False
Audere Apartments,"Phoenix-Mesa-Scottsdale, AZ",1039,1x1,642,1468,04/16/2024,False
Audere Apartments,"Phoenix-Mesa-Scottsdale, AZ",1039,1x1,642,1392,04/17/2024,False
Audere Apartments,"Phoenix-Mesa-Scottsdale, AZ",1039,1x1,642,1514,04/18/2024,False
Audere Apartments,"Phoenix-Mesa-Scottsdale, AZ",1039,1x1,642,1528,04/19/2024,False
Audere Apartments,"Phoenix-Mesa-Scottsdale, AZ",1039,1x1,642,1528,04/20/2024,False
Audere Apartments,"Phoenix-Mesa-Scottsdale, AZ",1039,1x1,642,1528,04/21/2024,False
Audere Apartments,"Phoenix-Mesa-Scottsdale, AZ",1039,1x1,642,1528,04/22/2024,False
Audere Apartments,"Phoenix-Mesa-Scottsdale, AZ",1039,1x1,642,1608,04/23/2024,False
Audere Apartments,"Phoenix-Mesa-Scottsdale, AZ",1039,1x1,642,1578,04/24/2024,False
Audere Apartments,"Phoenix-Mesa-Scottsdale, AZ",1039,1x1,642,1496,04/25/2024,False
Audere Apartments,"Phoenix-Mesa-Scottsdale, AZ",1039,1x1,642,1419,04/26/2024,False
Audere Apartments,"Phoenix-Mesa-Scottsdale, AZ",1039,1x1,642,1359,04/27/2024,False
Audere Apartments,"Phoenix-Mesa-Scottsdale, AZ",1039,1x1,642,1359,04/28/2024,False
Audere Apartments,"Phoenix-Mesa-Scottsdale, AZ",1039,1x1,642,1359,04/29/2024,False
Audere Apartments,"Phoenix-Mesa-Scottsdale, AZ",1039,1x1,642,1359,04/30/2024,False
Audere Apartments,"Phoenix-Mesa-Scottsdale, AZ",1039,1x1,642,1367,05/01/2024,False
Audere Apartments,"Phoenix-Mesa-Scottsdale, AZ",1039,1x1,642,1434,05/02/2024,False
Audere Apartments,"Phoenix-Mesa-Scottsdale, AZ",1039,1x1,642,1422,05/03/2024,False
Audere Apartments,"Phoenix-Mesa-Scottsdale, AZ",1039,1x1,642,1389,05/04/2024,False
Audere Apartments,"Phoenix-Mesa-Scottsdale, AZ",1039,1x1,642,1398,05/05/2024,False
Audere Apartments,"Phoenix-Mesa-Scottsdale, AZ",1039,1x1,642,1612,05/06/2024,False
Audere Apartments,"Phoenix-Mesa-Scottsdale, AZ",1039,1x1,642,1612,05/07/2024,False
Audere Apartments,"Phoenix-Mesa-Scottsdale, AZ",1039,1x1,642,1612,05/08/2024,False
Audere Apartments,"Phoenix-Mesa-Scottsdale, AZ",1039,1x1,642,1612,05/09/2024,False
Audere Apartments,"Phoenix-Mesa-Scottsdale, AZ",1039,1x1,642,1612,05/10/2024,False
Audere Apartments,"Phoenix-Mesa-Scottsdale, AZ",1039,1x1,642,1612,05/11/2024,False
Audere Apartments,"Phoenix-Mesa-Scottsdale, AZ",1039,1x1,642,1612,05/12/2024,False
Audere Apartments,"Phoenix-Mesa-Scottsdale, AZ",1039,1x1,642,1562,05/13/2024,False
Audere Apartments,"Phoenix-Mesa-Scottsdale, AZ",1039,1x1,642,1602,05/14/2024,False
Audere Apartments,"Phoenix-Mesa-Scottsdale, AZ",1039,1x1,642,1553,05/15/2024,False
Audere Apartments,"Phoenix-Mesa-Scottsdale, AZ",1039,1x1,642,1538,05/16/2024,False
Audere Apartments,"Phoenix-Mesa-Scottsdale, AZ",1039,1x1,642,1618,05/17/2024,False
Audere Apartments,"Phoenix-Mesa-Scottsdale, AZ",1039,1x1,642,1618,05/18/2024,False
Audere Apartments,"Phoenix-Mesa-Scottsdale, AZ",1039,1x1,642,1618,05/19/2024,False
Audere Apartments,"Phoenix-Mesa-Scottsdale, AZ",1039,1x1,642,1667,05/20/2024,False
Audere Apartments,"Phoenix-Mesa-Scottsdale, AZ",1039,1x1,642,1677,05/21/2024,False
Audere Apartments,"Phoenix-Mesa-Scottsdale, AZ",1039,1x1,642,1677,05/22/2024,False
Audere Apartments,"Phoenix-Mesa-Scottsdale, AZ",1039,1x1,642,1715,05/23/2024,False
Audere Apartments,"Phoenix-Mesa-Scottsdale, AZ",1039,1x1,642,1733,05/24/2024,False
Audere Apartments,"Phoenix-Mesa-Scottsdale, AZ",1039,1x1,642,1733,05/25/2024,False
Audere Apartments,"Phoenix-Mesa-Scottsdale, AZ",1039,1x1,642,1733,05/26/2024,False
Audere Apartments,"Phoenix-Mesa-Scottsdale, AZ",1039,1x1,642,1733,05/27/2024,False
Audere Apartments,"Phoenix-Mesa-Scottsdale, AZ",1039,1x1,642,1662,05/28/2024,False
Audere Apartments,"Phoenix-Mesa-Scottsdale, AZ",1039,1x1,642,1662,05/29/2024,False
Audere Apartments,"Phoenix-Mesa-Scottsdale, AZ",1039,1x1,642,1625,05/30/2024,False
Audere Apartments,"Phoenix-Mesa-Scottsdale, AZ",1039,1x1,642,1625,05/31/2024,False
Audere Apartments,"Phoenix-Mesa-Scottsdale, AZ",1039,1x1,642,1625,06/01/2024,False
Audere Apartments,"Phoenix-Mesa-Scottsdale, AZ",1039,1x1,642,1625,06/02/2024,False
Audere Apartments,"Phoenix-Mesa-Scottsdale, AZ",1039,1x1,642,1625,06/03/2024,False
Audere Apartments,"Phoenix-Mesa-Scottsdale, AZ",1039,1x1,642,1625,06/04/2024,False
Audere Apartments,"Phoenix-Mesa-Scottsdale, AZ",1039,1x1,642,1602,06/05/2024,False
Audere Apartments,"Phoenix-Mesa-Scottsdale, AZ",1039,1x1,642,1577,06/06/2024,False
Audere Apartments,"Phoenix-Mesa-Scottsdale, AZ",1039,1x1,642,1577,06/07/2024,False
Audere Apartments,"Phoenix-Mesa-Scottsdale, AZ",1039,1x1,642,1577,06/08/2024,False
Audere Apartments,"Phoenix-Mesa-Scottsdale, AZ",1039,1x1,642,1565,06/09/2024,False
Audere Apartments,"Phoenix-Mesa-Scottsdale, AZ",1039,1x1,642,1565,06/10/2024,False
Audere Apartments,"Phoenix-Mesa-Scottsdale, AZ",1039,1x1,642,1565,06/11/2024,False
Audere Apartments,"Phoenix-Mesa-Scottsdale, AZ",1039,1x1,642,1565,06/12/2024,False
Audere Apartments,"Phoenix-Mesa-Scottsdale, AZ",1039,1x1,642,1565,06/13/2024,False
Audere Apartments,"Phoenix-Mesa-Scottsdale, AZ",1039,1x1,642,1565,06/14/2024,False
Audere Apartments,"Phoenix-Mesa-Scottsdale, AZ",1039,1x1,642,1565,06/15/2024,False
Audere Apartments,"Phoenix-Mesa-Scottsdale, AZ",1039,1x1,642,1565,06/16/2024,False
Audere Apartments,"Phoenix-Mesa-Scottsdale, AZ",1039,1x1,642,1565,06/17/2024,False
Audere Apartments,"Phoenix-Mesa-Scottsdale, AZ",1039,1x1,642,1565,06/18/2024,False
Audere Apartments,"Phoenix-Mesa-Scottsdale, AZ",1039,1x1,642,1565,06/19/2024,False
Audere Apartments,"Phoenix-Mesa-Scottsdale, AZ",1039,1x1,642,1565,06/20/2024,False
Audere Apartments,"Phoenix-Mesa-Scottsdale, AZ",1039,1x1,642,1565,06/21/2024,False
Audere Apartments,"Phoenix-Mesa-Scottsdale, AZ",1039,1x1,642,1565,06/22/2024,False
Audere Apartments,"Phoenix-Mesa-Scottsdale, AZ",1039,1x1,642,1565,06/23/2024,False
Audere Apartments,"Phoenix-Mesa-Scottsdale, AZ",1039,1x1,642,1565,06/24/2024,False
Audere Apartments,"Phoenix-Mesa-Scottsdale, AZ",1039,1x1,642,1565,06/25/2024,False
Audere Apartments,"Phoenix-Mesa-Scottsdale, AZ",1039,1x1,642,1565,06/26/2024,False
Audere Apartments,"Phoenix-Mesa-Scottsdale, AZ",1039,1x1,642,1565,06/27/2024,False
Audere Apartments,"Phoenix-Mesa-Scottsdale, AZ",1039,1x1,642,1565,06/28/2024,False
Audere Apartments,"Phoenix-Mesa-Scottsdale, AZ",1039,1x1,642,1565,06/29/2024,False
Audere Apartments,"Phoenix-Mesa-Scottsdale, AZ",1039,1x1,642,1565,06/30/2024,False
Audere Apartments,"Phoenix-Mesa-Scottsdale, AZ",1039,1x1,642,1565,07/01/2024,False
Audere Apartments,"Phoenix-Mesa-Scottsdale, AZ",1039,1x1,642,1565,07/02/2024,False
Audere Apartments,"Phoenix-Mesa-Scottsdale, AZ",1039,1x1,642,1565,07/03/2024,False
Audere Apartments,"Phoenix-Mesa-Scottsdale, AZ",1039,1x1,642,1565,07/04/2024,False
Audere Apartments,"Phoenix-Mesa-Scottsdale, AZ",1039,1x1,642,1565,07/05/2024,False
Audere Apartments,"Phoenix-Mesa-Scottsdale, AZ",1039,1x1,642,1565,07/06/2024,False
Audere Apartments,"Phoenix-Mesa-Scottsdale, AZ",1039,1x1,642,1565,07/07/2024,False
Audere Apartments,"Phoenix-Mesa-Scottsdale, AZ",1039,1x1,642,1565,07/08/2024,False
Audere Apartments,"Phoenix-Mesa-Scottsdale, AZ",1039,1x1,642,1565,07/09/2024,False
Audere Apartments,"Phoenix-Mesa-Scottsdale, AZ",1039,1x1,642,1565,07/10/2024,False
Audere Apartments,"Phoenix-Mesa-Scottsdale, AZ",1039,1x1,642,1565,07/11/2024,False
Audere Apartments,"Phoenix-Mesa-Scottsdale, AZ",1039,1x1,642,1565,07/12/2024,False
Audere Apartments,"Phoenix-Mesa-Scottsdale, AZ",1039,1x1,642,1565,07/13/2024,False
Audere Apartments,"Phoenix-Mesa-Scottsdale, AZ",1039,1x1,642,1565,07/14/2024,False
Audere Apartments,"Phoenix-Mesa-Scottsdale, AZ",1039,1x1,642,1565,07/15/2024,False
Audere Apartments,"Phoenix-Mesa-Scottsdale, AZ",1039,1x1,642,1565,07/16/2024,False
Audere Apartments,"Phoenix-Mesa-Scottsdale, AZ",1039,1x1,642,1565,07/17/2024,False
Audere Apartments,"Phoenix-Mesa-Scottsdale, AZ",1039,1x1,642,1565,07/18/2024,False
Audere Apartments,"Phoenix-Mesa-Scottsdale, AZ",1039,1x1,642,1565,07/19/2024,False
Audere Apartments,"Phoenix-Mesa-Scottsdale, AZ",1039,1x1,642,1565,07/20/2024,False
Audere Apartments,"Phoenix-Mesa-Scottsdale, AZ",1039,1x1,642,1565,07/21/2024,False
Audere Apartments,"Phoenix-Mesa-Scottsdale, AZ",1039,1x1,642,1565,07/22/2024,False
Audere Apartments,"Phoenix-Mesa-Scottsdale, AZ",1039,1x1,642,1565,07/23/2024,False
Audere Apartments,"Phoenix-Mesa-Scottsdale, AZ",1039,1x1,642,1565,07/24/2024,False
Audere Apartments,"Phoenix-Mesa-Scottsdale, AZ",1039,1x1,642,1565,07/25/2024,False
Audere Apartments,"Phoenix-Mesa-Scottsdale, AZ",1039,1x1,642,1565,07/26/2024,False
Audere Apartments,"Phoenix-Mesa-Scottsdale, AZ",1039,1x1,642,1565,07/27/2024,False
Audere Apartments,"Phoenix-Mesa-Scottsdale, AZ",1039,1x1,642,1565,07/28/2024,False
Audere Apartments,"Phoenix-Mesa-Scottsdale, AZ",1039,1x1,642,1565,07/29/2024,False
Audere Apartments,"Phoenix-Mesa-Scottsdale, AZ",1039,1x1,642,1565,07/30/2024,False
Audere Apartments,"Phoenix-Mesa-Scottsdale, AZ",1039,1x1,642,1565,07/31/2024,False
Audere Apartments,"Phoenix-Mesa-Scottsdale, AZ",1039,1x1,642,1565,08/01/2024,False
Audere Apartments,"Phoenix-Mesa-Scottsdale, AZ",1039,1x1,642,1565,08/02/2024,False
Audere Apartments,"Phoenix-Mesa-Scottsdale, AZ",1039,1x1,642,1565,08/03/2024,False
Audere Apartments,"Phoenix-Mesa-Scottsdale, AZ",1039,1x1,642,1565,08/04/2024,False
Audere Apartments,"Phoenix-Mesa-Scottsdale, AZ",1039,1x1,642,1565,08/05/2024,False
Audere Apartments,"Phoenix-Mesa-Scottsdale, AZ",1039,1x1,642,1565,08/06/2024,False
Audere Apartments,"Phoenix-Mesa-Scottsdale, AZ",1039,1x1,642,1565,08/07/2024,False
Audere Apartments,"Phoenix-Mesa-Scottsdale, AZ",1039,1x1,642,1565,08/08/2024,False
Audere Apartments,"Phoenix-Mesa-Scottsdale, AZ",1039,1x1,642,1565,08/09/2024,False
Audere Apartments,"Phoenix-Mesa-Scottsdale, AZ",1039,1x1,642,1565,08/10/2024,False
Audere Apartments,"Phoenix-Mesa-Scottsdale, AZ",1039,1x1,642,1565,08/11/2024,False
Audere Apartments,"Phoenix-Mesa-Scottsdale, AZ",1039,1x1,642,1565,08/12/2024,False
Audere Apartments,"Phoenix-Mesa-Scottsdale, AZ",1039,1x1,642,1565,08/13/2024,False
Audere Apartments,"Phoenix-Mesa-Scottsdale, AZ",1039,1x1,642,1565,08/14/2024,False
Audere Apartments,"Phoenix-Mesa-Scottsdale, AZ",1039,1x1,642,1565,08/15/2024,False
Audere Apartments,"Phoenix-Mesa-Scottsdale, AZ",1039,1x1,642,1565,08/16/2024,False
Audere Apartments,"Phoenix-Mesa-Scottsdale, AZ",1039,1x1,642,1565,08/17/2024,False
Audere Apartments,"Phoenix-Mesa-Scottsdale, AZ",1039,1x1,642,1565,08/18/2024,False
Audere Apartments,"Phoenix-Mesa-Scottsdale, AZ",1039,1x1,642,1565,08/19/2024,False
Audere Apartments,"Phoenix-Mesa-Scottsdale, AZ",1039,1x1,642,1539,08/20/2024,False
Audere Apartments,"Phoenix-Mesa-Scottsdale, AZ",1039,1x1,642,1539,08/21/2024,False
Audere Apartments,"Phoenix-Mesa-Scottsdale, AZ",1039,1x1,642,1539,08/22/2024,False
Audere Apartments,"Phoenix-Mesa-Scottsdale, AZ",1039,1x1,642,1561,08/23/2024,False
Audere Apartments,"Phoenix-Mesa-Scottsdale, AZ",1039,1x1,642,1561,08/24/2024,False
Audere Apartments,"Phoenix-Mesa-Scottsdale, AZ",1039,1x1,642,1561,08/25/2024,False
Audere Apartments,"Phoenix-Mesa-Scottsdale, AZ",1039,1x1,642,1580,08/26/2024,False
Audere Apartments,"Phoenix-Mesa-Scottsdale, AZ",1039,1x1,642,1580,08/27/2024,False
Audere Apartments,"Phoenix-Mesa-Scottsdale, AZ",1039,1x1,642,1580,08/28/2024,False
Audere Apartments,"Phoenix-Mesa-Scottsdale, AZ",1039,1x1,642,1554,08/29/2024,False
Audere Apartments,"Phoenix-Mesa-Scottsdale, AZ",1039,1x1,642,1537,08/30/2024,False
Audere Apartments,"Phoenix-Mesa-Scottsdale, AZ",1039,1x1,642,1537,08/31/2024,False
Audere Apartments,"Phoenix-Mesa-Scottsdale, AZ",1039,1x1,642,1537,09/01/2024,False
Audere Apartments,"Phoenix-Mesa-Scottsdale, AZ",1039,1x1,642,1560,09/02/2024,False
Audere Apartments,"Phoenix-Mesa-Scottsdale, AZ",1039,1x1,642,1481,09/03/2024,False
Audere Apartments,"Phoenix-Mesa-Scottsdale, AZ",1039,1x1,642,1481,09/04/2024,False
Audere Apartments,"Phoenix-Mesa-Scottsdale, AZ",1039,1x1,642,1481,09/05/2024,False
Audere Apartments,"Phoenix-Mesa-Scottsdale, AZ",1039,1x1,642,1481,09/06/2024,False
Audere Apartments,"Phoenix-Mesa-Scottsdale, AZ",1039,1x1,642,1481,09/07/2024,False
Audere Apartments,"Phoenix-Mesa-Scottsdale, AZ",1039,1x1,642,1481,09/08/2024,False
Audere Apartments,"Phoenix-Mesa-Scottsdale, AZ",1039,1x1,642,1481,09/09/2024,False
Audere Apartments,"Phoenix-Mesa-Scottsdale, AZ",1039,1x1,642,1481,09/10/2024,False
Audere Apartments,"Phoenix-Mesa-Scottsdale, AZ",1039,1x1,642,1481,09/11/2024,False
Audere Apartments,"Phoenix-Mesa-Scottsdale, AZ",1039,1x1,642,1451,09/12/2024,False
Audere Apartments,"Phoenix-Mesa-Scottsdale, AZ",1039,1x1,642,1420,09/13/2024,False
Audere Apartments,"Phoenix-Mesa-Scottsdale, AZ",1039,1x1,642,1420,09/14/2024,False
Audere Apartments,"Phoenix-Mesa-Scottsdale, AZ",1039,1x1,642,1420,09/15/2024,False
Audere Apartments,"Phoenix-Mesa-Scottsdale, AZ",1039,1x1,642,1391,09/16/2024,False
Audere Apartments,"Phoenix-Mesa-Scottsdale, AZ",1039,1x1,642,1373,09/17/2024,False
Audere Apartments,"Phoenix-Mesa-Scottsdale, AZ",1039,1x1,642,1373,09/18/2024,False
Audere Apartments,"Phoenix-Mesa-Scottsdale, AZ",1039,1x1,642,1373,09/19/2024,False
Audere Apartments,"Phoenix-Mesa-Scottsdale, AZ",1039,1x1,642,1345,09/20/2024,False
Audere Apartments,"Phoenix-Mesa-Scottsdale, AZ",1039,1x1,642,1345,09/21/2024,False
Audere Apartments,"Phoenix-Mesa-Scottsdale, AZ",1039,1x1,642,1393,09/22/2024,False
Audere Apartments,"Phoenix-Mesa-Scottsdale, AZ",1039,1x1,642,1407,09/23/2024,False
Audere Apartments,"Phoenix-Mesa-Scottsdale, AZ",1039,1x1,642,1421,09/24/2024,False
Audere Apartments,"Phoenix-Mesa-Scottsdale, AZ",1039,1x1,642,1431,09/25/2024,False
Audere Apartments,"Phoenix-Mesa-Scottsdale, AZ",1039,1x1,642,1355,09/26/2024,False
Audere Apartments,"Phoenix-Mesa-Scottsdale, AZ",1039,1x1,642,1355,09/27/2024,False
Audere Apartments,"Phoenix-Mesa-Scottsdale, AZ",1039,1x1,642,1355,09/28/2024,False
Audere Apartments,"Phoenix-Mesa-Scottsdale, AZ",1039,1x1,642,1403,09/29/2024,False
Audere Apartments,"Phoenix-Mesa-Scottsdale, AZ",1039,1x1,642,1403,09/30/2024,False
Audere Apartments,"Phoenix-Mesa-Scottsdale, AZ",1039,1x1,642,1403,10/01/2024,False
Audere Apartments,"Phoenix-Mesa-Scottsdale, AZ",1039,1x1,642,1446,10/02/2024,False
Audere Apartments,"Phoenix-Mesa-Scottsdale, AZ",1039,1x1,642,1460,10/03/2024,False
Audere Apartments,"Phoenix-Mesa-Scottsdale, AZ",1039,1x1,642,1401,10/04/2024,False
Audere Apartments,"Phoenix-Mesa-Scottsdale, AZ",1039,1x1,642,1401,10/05/2024,False
Audere Apartments,"Phoenix-Mesa-Scottsdale, AZ",1039,1x1,642,1401,10/06/2024,False
Audere Apartments,"Phoenix-Mesa-Scottsdale, AZ",1039,1x1,642,1371,10/07/2024,False
Audere Apartments,"Phoenix-Mesa-Scottsdale, AZ",1039,1x1,642,1371,10/08/2024,False
Audere Apartments,"Phoenix-Mesa-Scottsdale, AZ",1039,1x1,642,1342,10/09/2024,False
Audere Apartments,"Phoenix-Mesa-Scottsdale, AZ",1039,1x1,642,1315,10/10/2024,False
Audere Apartments,"Phoenix-Mesa-Scottsdale, AZ",1039,1x1,642,1323,10/11/2024,False
Audere Apartments,"Phoenix-Mesa-Scottsdale, AZ",1039,1x1,642,1351,10/12/2024,False
Audere Apartments,"Phoenix-Mesa-Scottsdale, AZ",1039,1x1,642,1351,10/13/2024,False
Audere Apartments,"Phoenix-Mesa-Scottsdale, AZ",1039,1x1,642,1365,10/14/2024,False
Audere Apartments,"Phoenix-Mesa-Scottsdale, AZ",1039,1x1,642,1399,10/15/2024,False
Audere Apartments,"Phoenix-Mesa-Scottsdale, AZ",1039,1x1,642,1413,10/16/2024,False
Audere Apartments,"Phoenix-Mesa-Scottsdale, AZ",1039,1x1,642,1427,10/17/2024,False
Audere Apartments,"Phoenix-Mesa-Scottsdale, AZ",1039,1x1,642,1441,10/18/2024,False
Audere Apartments,"Phoenix-Mesa-Scottsdale, AZ",1039,1x1,642,1438,10/19/2024,False
Audere Apartments,"Phoenix-Mesa-Scottsdale, AZ",1039,1x1,642,1435,10/20/2024,False
Audere Apartments,"Phoenix-Mesa-Scottsdale, AZ",1039,1x1,642,1446,10/21/2024,False
Audere Apartments,"Phoenix-Mesa-Scottsdale, AZ",1039,1x1,642,1457,10/22/2024,False
Audere Apartments,"Phoenix-Mesa-Scottsdale, AZ",1039,1x1,642,1469,10/23/2024,False
Audere Apartments,"Phoenix-Mesa-Scottsdale, AZ",1039,1x1,642,1467,10/24/2024,False
Audere Apartments,"Phoenix-Mesa-Scottsdale, AZ",1039,1x1,642,1479,10/25/2024,False
Audere Apartments,"Phoenix-Mesa-Scottsdale, AZ",1039,1x1,642,1476,10/26/2024,False
Audere Apartments,"Phoenix-Mesa-Scottsdale, AZ",1039,1x1,642,1473,10/27/2024,False
Audere Apartments,"Phoenix-Mesa-Scottsdale, AZ",1039,1x1,642,1484,10/28/2024,False
Audere Apartments,"Phoenix-Mesa-Scottsdale, AZ",1039,1x1,642,1499,10/29/2024,False
Audere Apartments,"Phoenix-Mesa-Scottsdale, AZ",1039,1x1,642,1515,10/30/2024,False
Audere Apartments,"Phoenix-Mesa-Scottsdale, AZ",1039,1x1,642,1561,10/31/2024,False
Audere Apartments,"Phoenix-Mesa-Scottsdale, AZ",1039,1x1,642,1561,11/01/2024,False
Audere Apartments,"Phoenix-Mesa-Scottsdale, AZ",1039,1x1,642,1585,11/02/2024,False
Audere Apartments,"Phoenix-Mesa-Scottsdale, AZ",1039,1x1,642,1585,11/03/2024,False
Audere Apartments,"Phoenix-Mesa-Scottsdale, AZ",1039,1x1,642,1554,11/04/2024,False
Audere Apartments,"Phoenix-Mesa-Scottsdale, AZ",1039,1x1,642,1459,11/05/2024,False
Audere Apartments,"Phoenix-Mesa-Scottsdale, AZ",1039,1x1,642,1429,11/06/2024,False
Audere Apartments,"Phoenix-Mesa-Scottsdale, AZ",1039,1x1,642,1444,11/07/2024,False
Audere Apartments,"Phoenix-Mesa-Scottsdale, AZ",1039,1x1,642,1444,11/08/2024,False
Audere Apartments,"Phoenix-Mesa-Scottsdale, AZ",1039,1x1,642,1444,11/09/2024,False
Audere Apartments,"Phoenix-Mesa-Scottsdale, AZ",1039,1x1,642,1444,11/10/2024,False
Audere Apartments,"Phoenix-Mesa-Scottsdale, AZ",1039,1x1,642,1415,11/11/2024,False
Audere Apartments,"Phoenix-Mesa-Scottsdale, AZ",1039,1x1,642,1415,11/12/2024,False
Audere Apartments,"Phoenix-Mesa-Scottsdale, AZ",1039,1x1,642,1415,11/13/2024,False
Audere Apartments,"Phoenix-Mesa-Scottsdale, AZ",1039,1x1,642,1386,11/14/2024,False
Audere Apartments,"Phoenix-Mesa-Scottsdale, AZ",1039,1x1,642,1386,11/15/2024,False
Audere Apartments,"Phoenix-Mesa-Scottsdale, AZ",1039,1x1,642,1386,11/16/2024,False
Audere Apartments,"Phoenix-Mesa-Scottsdale, AZ",1039,1x1,642,1386,11/17/2024,False
Audere Apartments,"Phoenix-Mesa-Scottsdale, AZ",1039,1x1,642,1386,11/18/2024,False
Audere Apartments,"Phoenix-Mesa-Scottsdale, AZ",1039,1x1,642,1357,11/19/2024,False
Audere Apartments,"Phoenix-Mesa-Scottsdale, AZ",1039,1x1,642,1430,11/20/2024,False
Audere Apartments,"Phoenix-Mesa-Scottsdale, AZ",1039,1x1,642,1385,11/21/2024,False
Audere Apartments,"Phoenix-Mesa-Scottsdale, AZ",1039,1x1,642,1399,11/22/2024,False
Audere Apartments,"Phoenix-Mesa-Scottsdale, AZ",1039,1x1,642,1399,11/23/2024,False
Audere Apartments,"Phoenix-Mesa-Scottsdale, AZ",1039,1x1,642,1399,11/24/2024,False
Audere Apartments,"Phoenix-Mesa-Scottsdale, AZ",1039,1x1,642,1413,11/25/2024,False
Audere Apartments,"Phoenix-Mesa-Scottsdale, AZ",1039,1x1,642,1444,11/26/2024,False
Audere Apartments,"Phoenix-Mesa-Scottsdale, AZ",1039,1x1,642,1444,11/27/2024,False
Audere Apartments,"Phoenix-Mesa-Scottsdale, AZ",1039,1x1,642,1444,11/28/2024,False
Audere Apartments,"Phoenix-Mesa-Scottsdale, AZ",1039,1x1,642,1444,11/29/2024,False
Audere Apartments,"Phoenix-Mesa-Scottsdale, AZ",1039,1x1,642,1474,11/30/2024,False
Audere Apartments,"Phoenix-Mesa-Scottsdale, AZ",1039,1x1,642,1474,12/01/2024,False
Audere Apartments,"Phoenix-Mesa-Scottsdale, AZ",1039,1x1,642,1448,12/02/2024,False
Audere Apartments,"Phoenix-Mesa-Scottsdale, AZ",1039,1x1,642,1463,12/03/2024,False
Audere Apartments,"Phoenix-Mesa-Scottsdale, AZ",1039,1x1,642,1479,12/04/2024,False
Audere Apartments,"Phoenix-Mesa-Scottsdale, AZ",1039,1x1,642,1494,12/05/2024,False
Audere Apartments,"Phoenix-Mesa-Scottsdale, AZ",1039,1x1,642,1503,12/06/2024,False
Audere Apartments,"Phoenix-Mesa-Scottsdale, AZ",1039,1x1,642,1503,12/07/2024,False
Audere Apartments,"Phoenix-Mesa-Scottsdale, AZ",1039,1x1,642,1503,12/08/2024,True
Audere Apartments,"Phoenix-Mesa-Scottsdale, AZ",1040,2x2,1040,2030,07/09/2023,False
Audere Apartments,"Phoenix-Mesa-Scottsdale, AZ",1040,2x2,1040,2030,07/10/2023,False
Audere Apartments,"Phoenix-Mesa-Scottsdale, AZ",1040,2x2,1040,2030,07/11/2023,False
Audere Apartments,"Phoenix-Mesa-Scottsdale, AZ",1040,2x2,1040,2045,07/12/2023,False
Audere Apartments,"Phoenix-Mesa-Scottsdale, AZ",1040,2x2,1040,1965,07/13/2023,False
Audere Apartments,"Phoenix-Mesa-Scottsdale, AZ",1040,2x2,1040,1995,07/14/2023,False
Audere Apartments,"Phoenix-Mesa-Scottsdale, AZ",1040,2x2,1040,1960,07/15/2023,False
Audere Apartments,"Phoenix-Mesa-Scottsdale, AZ",1040,2x2,1040,1960,07/16/2023,False
Audere Apartments,"Phoenix-Mesa-Scottsdale, AZ",1040,2x2,1040,1955,07/17/2023,False
Audere Apartments,"Phoenix-Mesa-Scottsdale, AZ",1040,2x2,1040,1960,07/18/2023,False
Audere Apartments,"Phoenix-Mesa-Scottsdale, AZ",1040,2x2,1040,1900,07/19/2023,False
Audere Apartments,"Phoenix-Mesa-Scottsdale, AZ",1040,2x2,1040,1900,07/20/2023,False
Audere Apartments,"Phoenix-Mesa-Scottsdale, AZ",1040,2x2,1040,1900,07/21/2023,False
Audere Apartments,"Phoenix-Mesa-Scottsdale, AZ",1040,2x2,1040,1900,07/22/2023,False
Audere Apartments,"Phoenix-Mesa-Scottsdale, AZ",1040,2x2,1040,1900,07/23/2023,False
Audere Apartments,"Phoenix-Mesa-Scottsdale, AZ",1040,2x2,1040,1900,07/24/2023,False
Audere Apartments,"Phoenix-Mesa-Scottsdale, AZ",1040,2x2,1040,1920,07/25/2023,False
Audere Apartments,"Phoenix-Mesa-Scottsdale, AZ",1040,2x2,1040,1920,07/26/2023,False
Audere Apartments,"Phoenix-Mesa-Scottsdale, AZ",1040,2x2,1040,1950,07/27/2023,False
Audere Apartments,"Phoenix-Mesa-Scottsdale, AZ",1040,2x2,1040,1955,07/28/2023,False
Audere Apartments,"Phoenix-Mesa-Scottsdale, AZ",1040,2x2,1040,1950,07/29/2023,False
Audere Apartments,"Phoenix-Mesa-Scottsdale, AZ",1040,2x2,1040,1930,07/30/2023,False
Audere Apartments,"Phoenix-Mesa-Scottsdale, AZ",1040,2x2,1040,1930,07/31/2023,False
Audere Apartments,"Phoenix-Mesa-Scottsdale, AZ",1040,2x2,1040,1930,08/01/2023,False
Audere Apartments,"Phoenix-Mesa-Scottsdale, AZ",1040,2x2,1040,1880,08/02/2023,False
Audere Apartments,"Phoenix-Mesa-Scottsdale, AZ",1040,2x2,1040,1915,08/03/2023,False
Audere Apartments,"Phoenix-Mesa-Scottsdale, AZ",1040,2x2,1040,1915,08/04/2023,False
Audere Apartments,"Phoenix-Mesa-Scottsdale, AZ",1040,2x2,1040,1910,08/05/2023,False
Audere Apartments,"Phoenix-Mesa-Scottsdale, AZ",1040,2x2,1040,1910,08/06/2023,False
Audere Apartments,"Phoenix-Mesa-Scottsdale, AZ",1040,2x2,1040,1905,08/07/2023,False
Audere Apartments,"Phoenix-Mesa-Scottsdale, AZ",1040,2x2,1040,1910,08/08/2023,False
Audere Apartments,"Phoenix-Mesa-Scottsdale, AZ",1040,2x2,1040,1880,08/09/2023,False
Audere Apartments,"Phoenix-Mesa-Scottsdale, AZ",1040,2x2,1040,1870,08/10/2023,False
Audere Apartments,"Phoenix-Mesa-Scottsdale, AZ",1040,2x2,1040,1860,08/11/2023,False
Audere Apartments,"Phoenix-Mesa-Scottsdale, AZ",1040,2x2,1040,1855,08/12/2023,False
Audere Apartments,"Phoenix-Mesa-Scottsdale, AZ",1040,2x2,1040,1835,08/13/2023,False
Audere Apartments,"Phoenix-Mesa-Scottsdale, AZ",1040,2x2,1040,1840,08/14/2023,False
Audere Apartments,"Phoenix-Mesa-Scottsdale, AZ",1040,2x2,1040,1850,08/15/2023,False
Audere Apartments,"Phoenix-Mesa-Scottsdale, AZ",1040,2x2,1040,1860,08/16/2023,False
Audere Apartments,"Phoenix-Mesa-Scottsdale, AZ",1040,2x2,1040,1845,08/17/2023,False
Audere Apartments,"Phoenix-Mesa-Scottsdale, AZ",1040,2x2,1040,1825,08/18/2023,False
Audere Apartments,"Phoenix-Mesa-Scottsdale, AZ",1040,2x2,1040,1825,08/19/2023,False
Audere Apartments,"Phoenix-Mesa-Scottsdale, AZ",1040,2x2,1040,1825,08/20/2023,False
Audere Apartments,"Phoenix-Mesa-Scottsdale, AZ",1040,2x2,1040,1825,08/21/2023,False
Audere Apartments,"Phoenix-Mesa-Scottsdale, AZ",1040,2x2,1040,1825,08/22/2023,False
Audere Apartments,"Phoenix-Mesa-Scottsdale, AZ",1040,2x2,1040,1825,08/23/2023,False
Audere Apartments,"Phoenix-Mesa-Scottsdale, AZ",1040,2x2,1040,1825,08/24/2023,False
Audere Apartments,"Phoenix-Mesa-Scottsdale, AZ",1040,2x2,1040,1825,08/25/2023,False
Audere Apartments,"Phoenix-Mesa-Scottsdale, AZ",1040,2x2,1040,1840,08/26/2023,False
Audere Apartments,"Phoenix-Mesa-Scottsdale, AZ",1040,2x2,1040,1840,08/27/2023,False
Audere Apartments,"Phoenix-Mesa-Scottsdale, AZ",1040,2x2,1040,1850,08/28/2023,False
Audere Apartments,"Phoenix-Mesa-Scottsdale, AZ",1040,2x2,1040,1870,08/29/2023,False
Audere Apartments,"Phoenix-Mesa-Scottsdale, AZ",1040,2x2,1040,1880,08/30/2023,False
Audere Apartments,"Phoenix-Mesa-Scottsdale, AZ",1040,2x2,1040,1880,08/31/2023,False
Audere Apartments,"Phoenix-Mesa-Scottsdale, AZ",1040,2x2,1040,1880,09/01/2023,False
Audere Apartments,"Phoenix-Mesa-Scottsdale, AZ",1040,2x2,1040,1875,09/02/2023,False
Audere Apartments,"Phoenix-Mesa-Scottsdale, AZ",1040,2x2,1040,1875,09/03/2023,False
Audere Apartments,"Phoenix-Mesa-Scottsdale, AZ",1040,2x2,1040,1875,09/04/2023,False
Audere Apartments,"Phoenix-Mesa-Scottsdale, AZ",1040,2x2,1040,1890,09/05/2023,False
Audere Apartments,"Phoenix-Mesa-Scottsdale, AZ",1040,2x2,1040,1890,09/06/2023,False
Audere Apartments,"Phoenix-Mesa-Scottsdale, AZ",1040,2x2,1040,1830,09/07/2023,False
Audere Apartments,"Phoenix-Mesa-Scottsdale, AZ",1040,2x2,1040,1825,09/08/2023,False
Audere Apartments,"Phoenix-Mesa-Scottsdale, AZ",1040,2x2,1040,1825,09/09/2023,False
Audere Apartments,"Phoenix-Mesa-Scottsdale, AZ",1040,2x2,1040,1820,09/10/2023,False
Audere Apartments,"Phoenix-Mesa-Scottsdale, AZ",1040,2x2,1040,1820,09/11/2023,False
Audere Apartments,"Phoenix-Mesa-Scottsdale, AZ",1040,2x2,1040,1830,09/12/2023,False
Audere Apartments,"Phoenix-Mesa-Scottsdale, AZ",1040,2x2,1040,1865,09/13/2023,False
Audere Apartments,"Phoenix-Mesa-Scottsdale, AZ",1040,2x2,1040,1820,09/14/2023,False
Audere Apartments,"Phoenix-Mesa-Scottsdale, AZ",1040,2x2,1040,1825,09/15/2023,False
Audere Apartments,"Phoenix-Mesa-Scottsdale, AZ",1040,2x2,1040,1825,09/16/2023,False
Audere Apartments,"Phoenix-Mesa-Scottsdale, AZ",1040,2x2,1040,1800,09/17/2023,False
Audere Apartments,"Phoenix-Mesa-Scottsdale, AZ",1040,2x2,1040,1800,09/18/2023,False
Audere Apartments,"Phoenix-Mesa-Scottsdale, AZ",1040,2x2,1040,1800,09/19/2023,False
Audere Apartments,"Phoenix-Mesa-Scottsdale, AZ",1040,2x2,1040,1790,09/20/2023,False
Audere Apartments,"Phoenix-Mesa-Scottsdale, AZ",1040,2x2,1040,1825,09/21/2023,False
Audere Apartments,"Phoenix-Mesa-Scottsdale, AZ",1040,2x2,1040,1820,09/22/2023,False
Audere Apartments,"Phoenix-Mesa-Scottsdale, AZ",1040,2x2,1040,1820,09/23/2023,False
Audere Apartments,"Phoenix-Mesa-Scottsdale, AZ",1040,2x2,1040,1830,09/24/2023,False
Audere Apartments,"Phoenix-Mesa-Scottsdale, AZ",1040,2x2,1040,1830,09/25/2023,False
Audere Apartments,"Phoenix-Mesa-Scottsdale, AZ",1040,2x2,1040,1835,09/26/2023,False
Audere Apartments,"Phoenix-Mesa-Scottsdale, AZ",1040,2x2,1040,1830,09/27/2023,False
Audere Apartments,"Phoenix-Mesa-Scottsdale, AZ",1040,2x2,1040,1830,09/28/2023,False
Audere Apartments,"Phoenix-Mesa-Scottsdale, AZ",1040,2x2,1040,1815,09/29/2023,False
Audere Apartments,"Phoenix-Mesa-Scottsdale, AZ",1040,2x2,1040,1815,09/30/2023,False
Audere Apartments,"Phoenix-Mesa-Scottsdale, AZ",1040,2x2,1040,1815,10/01/2023,False
Audere Apartments,"Phoenix-Mesa-Scottsdale, AZ",1040,2x2,1040,1815,10/02/2023,False
Audere Apartments,"Phoenix-Mesa-Scottsdale, AZ",1040,2x2,1040,1845,10/03/2023,False
Audere Apartments,"Phoenix-Mesa-Scottsdale, AZ",1040,2x2,1040,1845,10/04/2023,False
Audere Apartments,"Phoenix-Mesa-Scottsdale, AZ",1040,2x2,1040,1755,10/05/2023,False
Audere Apartments,"Phoenix-Mesa-Scottsdale, AZ",1040,2x2,1040,1740,10/06/2023,False
Audere Apartments,"Phoenix-Mesa-Scottsdale, AZ",1040,2x2,1040,1740,10/07/2023,False
Audere Apartments,"Phoenix-Mesa-Scottsdale, AZ",1040,2x2,1040,1740,10/08/2023,False
Audere Apartments,"Phoenix-Mesa-Scottsdale, AZ",1040,2x2,1040,1790,10/09/2023,False
Audere Apartments,"Phoenix-Mesa-Scottsdale, AZ",1040,2x2,1040,1765,10/10/2023,False
Audere Apartments,"Phoenix-Mesa-Scottsdale, AZ",1040,2x2,1040,1765,10/11/2023,False
Audere Apartments,"Phoenix-Mesa-Scottsdale, AZ",1040,2x2,1040,1765,10/12/2023,False
Audere Apartments,"Phoenix-Mesa-Scottsdale, AZ",1040,2x2,1040,1755,10/13/2023,False
Audere Apartments,"Phoenix-Mesa-Scottsdale, AZ",1040,2x2,1040,1750,10/14/2023,False
Audere Apartments,"Phoenix-Mesa-Scottsdale, AZ",1040,2x2,1040,1750,10/15/2023,False
Audere Apartments,"Phoenix-Mesa-Scottsdale, AZ",1040,2x2,1040,1750,10/16/2023,False
Audere Apartments,"Phoenix-Mesa-Scottsdale, AZ",1040,2x2,1040,1770,10/17/2023,False
Audere Apartments,"Phoenix-Mesa-Scottsdale, AZ",1040,2x2,1040,1755,10/18/2023,False
Audere Apartments,"Phoenix-Mesa-Scottsdale, AZ",1040,2x2,1040,1735,10/19/2023,False
Audere Apartments,"Phoenix-Mesa-Scottsdale, AZ",1040,2x2,1040,1735,10/20/2023,False
Audere Apartments,"Phoenix-Mesa-Scottsdale, AZ",1040,2x2,1040,1735,10/21/2023,False
Audere Apartments,"Phoenix-Mesa-Scottsdale, AZ",1040,2x2,1040,1735,10/22/2023,False
Audere Apartments,"Phoenix-Mesa-Scottsdale, AZ",1040,2x2,1040,1735,10/23/2023,False
Audere Apartments,"Phoenix-Mesa-Scottsdale, AZ",1040,2x2,1040,1735,10/24/2023,False
Audere Apartments,"Phoenix-Mesa-Scottsdale, AZ",1040,2x2,1040,1735,10/25/2023,False
Audere Apartments,"Phoenix-Mesa-Scottsdale, AZ",1040,2x2,1040,1740,10/26/2023,False
Audere Apartments,"Phoenix-Mesa-Scottsdale, AZ",1040,2x2,1040,1740,10/27/2023,False
Audere Apartments,"Phoenix-Mesa-Scottsdale, AZ",1040,2x2,1040,1740,10/28/2023,False
Audere Apartments,"Phoenix-Mesa-Scottsdale, AZ",1040,2x2,1040,1740,10/29/2023,False
Audere Apartments,"Phoenix-Mesa-Scottsdale, AZ",1040,2x2,1040,1740,10/30/2023,False
Audere Apartments,"Phoenix-Mesa-Scottsdale, AZ",1040,2x2,1040,1805,10/31/2023,False
Audere Apartments,"Phoenix-Mesa-Scottsdale, AZ",1040,2x2,1040,1770,11/01/2023,False
Audere Apartments,"Phoenix-Mesa-Scottsdale, AZ",1040,2x2,1040,1770,11/02/2023,False
Audere Apartments,"Phoenix-Mesa-Scottsdale, AZ",1040,2x2,1040,1790,11/03/2023,False
Audere Apartments,"Phoenix-Mesa-Scottsdale, AZ",1040,2x2,1040,1790,11/04/2023,False
Audere Apartments,"Phoenix-Mesa-Scottsdale, AZ",1040,2x2,1040,1790,11/05/2023,True
Audere Apartments,"Phoenix-Mesa-Scottsdale, AZ",1041,2x2,1040,1950,07/27/2023,False
Audere Apartments,"Phoenix-Mesa-Scottsdale, AZ",1041,2x2,1040,1950,07/28/2023,False
Audere Apartments,"Phoenix-Mesa-Scottsdale, AZ",1041,2x2,1040,1950,07/29/2023,False
Audere Apartments,"Phoenix-Mesa-Scottsdale, AZ",1041,2x2,1040,1950,07/30/2023,False
Audere Apartments,"Phoenix-Mesa-Scottsdale, AZ",1041,2x2,1040,1950,07/31/2023,False
Audere Apartments,"Phoenix-Mesa-Scottsdale, AZ",1041,2x2,1040,1950,08/01/2023,False
Audere Apartments,"Phoenix-Mesa-Scottsdale, AZ",1041,2x2,1040,1950,08/02/2023,False
Audere Apartments,"Phoenix-Mesa-Scottsdale, AZ",1041,2x2,1040,1950,08/03/2023,False
Audere Apartments,"Phoenix-Mesa-Scottsdale, AZ",1041,2x2,1040,1950,08/04/2023,False
Audere Apartments,"Phoenix-Mesa-Scottsdale, AZ",1041,2x2,1040,1950,08/05/2023,False
Audere Apartments,"Phoenix-Mesa-Scottsdale, AZ",1041,2x2,1040,1950,08/06/2023,False
Audere Apartments,"Phoenix-Mesa-Scottsdale, AZ",1041,2x2,1040,1950,08/07/2023,False
Audere Apartments,"Phoenix-Mesa-Scottsdale, AZ",1041,2x2,1040,1950,08/08/2023,False
Audere Apartments,"Phoenix-Mesa-Scottsdale, AZ",1041,2x2,1040,1950,08/09/2023,False
Audere Apartments,"Phoenix-Mesa-Scottsdale, AZ",1041,2x2,1040,1950,08/10/2023,False
Audere Apartments,"Phoenix-Mesa-Scottsdale, AZ",1041,2x2,1040,1950,08/11/2023,False
Audere Apartments,"Phoenix-Mesa-Scottsdale, AZ",1041,2x2,1040,1950,08/12/2023,False
Audere Apartments,"Phoenix-Mesa-Scottsdale, AZ",1041,2x2,1040,1950,08/13/2023,False
Audere Apartments,"Phoenix-Mesa-Scottsdale, AZ",1041,2x2,1040,1950,08/14/2023,False
Audere Apartments,"Phoenix-Mesa-Scottsdale, AZ",1041,2x2,1040,1950,08/15/2023,False
Audere Apartments,"Phoenix-Mesa-Scottsdale, AZ",1041,2x2,1040,1950,08/16/2023,False
Audere Apartments,"Phoenix-Mesa-Scottsdale, AZ",1041,2x2,1040,1950,08/17/2023,False
Audere Apartments,"Phoenix-Mesa-Scottsdale, AZ",1041,2x2,1040,1950,08/18/2023,False
Audere Apartments,"Phoenix-Mesa-Scottsdale, AZ",1041,2x2,1040,1950,08/19/2023,False
Audere Apartments,"Phoenix-Mesa-Scottsdale, AZ",1041,2x2,1040,1950,08/20/2023,False
Audere Apartments,"Phoenix-Mesa-Scottsdale, AZ",1041,2x2,1040,1950,08/21/2023,False
Audere Apartments,"Phoenix-Mesa-Scottsdale, AZ",1041,2x2,1040,1950,08/22/2023,False
Audere Apartments,"Phoenix-Mesa-Scottsdale, AZ",1041,2x2,1040,1950,08/23/2023,False
Audere Apartments,"Phoenix-Mesa-Scottsdale, AZ",1041,2x2,1040,1950,08/24/2023,False
Audere Apartments,"Phoenix-Mesa-Scottsdale, AZ",1041,2x2,1040,1950,08/25/2023,False
Audere Apartments,"Phoenix-Mesa-Scottsdale, AZ",1041,2x2,1040,1950,08/26/2023,False
Audere Apartments,"Phoenix-Mesa-Scottsdale, AZ",1041,2x2,1040,1950,08/27/2023,False
Audere Apartments,"Phoenix-Mesa-Scottsdale, AZ",1041,2x2,1040,1950,08/28/2023,False
Audere Apartments,"Phoenix-Mesa-Scottsdale, AZ",1041,2x2,1040,1950,08/29/2023,False
Audere Apartments,"Phoenix-Mesa-Scottsdale, AZ",1041,2x2,1040,1950,08/30/2023,False
Audere Apartments,"Phoenix-Mesa-Scottsdale, AZ",1041,2x2,1040,1950,08/31/2023,False
Audere Apartments,"Phoenix-Mesa-Scottsdale, AZ",1041,2x2,1040,1950,09/01/2023,False
Audere Apartments,"Phoenix-Mesa-Scottsdale, AZ",1041,2x2,1040,1950,09/02/2023,False
Audere Apartments,"Phoenix-Mesa-Scottsdale, AZ",1041,2x2,1040,1950,09/03/2023,False
Audere Apartments,"Phoenix-Mesa-Scottsdale, AZ",1041,2x2,1040,1950,09/04/2023,False
Audere Apartments,"Phoenix-Mesa-Scottsdale, AZ",1041,2x2,1040,1950,09/05/2023,False
Audere Apartments,"Phoenix-Mesa-Scottsdale, AZ",1041,2x2,1040,1950,09/06/2023,False
Audere Apartments,"Phoenix-Mesa-Scottsdale, AZ",1041,2x2,1040,1950,09/07/2023,False
Audere Apartments,"Phoenix-Mesa-Scottsdale, AZ",1041,2x2,1040,1950,09/08/2023,False
Audere Apartments,"Phoenix-Mesa-Scottsdale, AZ",1041,2x2,1040,1950,09/09/2023,False
Audere Apartments,"Phoenix-Mesa-Scottsdale, AZ",1041,2x2,1040,1950,09/10/2023,False
Audere Apartments,"Phoenix-Mesa-Scottsdale, AZ",1041,2x2,1040,1950,09/11/2023,False
Audere Apartments,"Phoenix-Mesa-Scottsdale, AZ",1041,2x2,1040,1950,09/12/2023,False
Audere Apartments,"Phoenix-Mesa-Scottsdale, AZ",1041,2x2,1040,1945,09/13/2023,False
Audere Apartments,"Phoenix-Mesa-Scottsdale, AZ",1041,2x2,1040,1900,09/14/2023,False
Audere Apartments,"Phoenix-Mesa-Scottsdale, AZ",1041,2x2,1040,1905,09/15/2023,False
Audere Apartments,"Phoenix-Mesa-Scottsdale, AZ",1041,2x2,1040,1905,09/16/2023,False
Audere Apartments,"Phoenix-Mesa-Scottsdale, AZ",1041,2x2,1040,1915,09/17/2023,False
Audere Apartments,"Phoenix-Mesa-Scottsdale, AZ",1041,2x2,1040,1915,09/18/2023,False
Audere Apartments,"Phoenix-Mesa-Scottsdale, AZ",1041,2x2,1040,1915,09/19/2023,False
Audere Apartments,"Phoenix-Mesa-Scottsdale, AZ",1041,2x2,1040,1855,09/20/2023,False
Audere Apartments,"Phoenix-Mesa-Scottsdale, AZ",1041,2x2,1040,1945,09/21/2023,False
Audere Apartments,"Phoenix-Mesa-Scottsdale, AZ",1041,2x2,1040,1890,09/22/2023,False
Audere Apartments,"Phoenix-Mesa-Scottsdale, AZ",1041,2x2,1040,1890,09/23/2023,False
Audere Apartments,"Phoenix-Mesa-Scottsdale, AZ",1041,2x2,1040,1895,09/24/2023,False
Audere Apartments,"Phoenix-Mesa-Scottsdale, AZ",1041,2x2,1040,1895,09/25/2023,False
Audere Apartments,"Phoenix-Mesa-Scottsdale, AZ",1041,2x2,1040,1960,09/26/2023,False
Audere Apartments,"Phoenix-Mesa-Scottsdale, AZ",1041,2x2,1040,1960,09/27/2023,False
Audere Apartments,"Phoenix-Mesa-Scottsdale, AZ",1041,2x2,1040,1960,09/28/2023,False
Audere Apartments,"Phoenix-Mesa-Scottsdale, AZ",1041,2x2,1040,1950,09/29/2023,False
Audere Apartments,"Phoenix-Mesa-Scottsdale, AZ",1041,2x2,1040,1950,09/30/2023,False
Audere Apartments,"Phoenix-Mesa-Scottsdale, AZ",1041,2x2,1040,1950,10/01/2023,False
Audere Apartments,"Phoenix-Mesa-Scottsdale, AZ",1041,2x2,1040,1950,10/02/2023,False
Audere Apartments,"Phoenix-Mesa-Scottsdale, AZ",1041,2x2,1040,1955,10/03/2023,False
Audere Apartments,"Phoenix-Mesa-Scottsdale, AZ",1041,2x2,1040,1955,10/04/2023,False
Audere Apartments,"Phoenix-Mesa-Scottsdale, AZ",1041,2x2,1040,1860,10/05/2023,False
Audere Apartments,"Phoenix-Mesa-Scottsdale, AZ",1041,2x2,1040,1855,10/06/2023,False
Audere Apartments,"Phoenix-Mesa-Scottsdale, AZ",1041,2x2,1040,1855,10/07/2023,False
Audere Apartments,"Phoenix-Mesa-Scottsdale, AZ",1041,2x2,1040,1855,10/08/2023,False
Audere Apartments,"Phoenix-Mesa-Scottsdale, AZ",1041,2x2,1040,1865,10/09/2023,False
Audere Apartments,"Phoenix-Mesa-Scottsdale, AZ",1041,2x2,1040,1870,10/10/2023,False
Audere Apartments,"Phoenix-Mesa-Scottsdale, AZ",1041,2x2,1040,1865,10/11/2023,False
Audere Apartments,"Phoenix-Mesa-Scottsdale, AZ",1041,2x2,1040,1865,10/12/2023,False
Audere Apartments,"Phoenix-Mesa-Scottsdale, AZ",1041,2x2,1040,1855,10/13/2023,False
Audere Apartments,"Phoenix-Mesa-Scottsdale, AZ",1041,2x2,1040,1855,10/14/2023,False
Audere Apartments,"Phoenix-Mesa-Scottsdale, AZ",1041,2x2,1040,1855,10/15/2023,False
Audere Apartments,"Phoenix-Mesa-Scottsdale, AZ",1041,2x2,1040,1855,10/16/2023,False
Audere Apartments,"Phoenix-Mesa-Scottsdale, AZ",1041,2x2,1040,1860,10/17/2023,False
Audere Apartments,"Phoenix-Mesa-Scottsdale, AZ",1041,2x2,1040,1850,10/18/2023,False
Audere Apartments,"Phoenix-Mesa-Scottsdale, AZ",1041,2x2,1040,1830,10/19/2023,False
Audere Apartments,"Phoenix-Mesa-Scottsdale, AZ",1041,2x2,1040,1830,10/20/2023,False
Audere Apartments,"Phoenix-Mesa-Scottsdale, AZ",1041,2x2,1040,1810,10/21/2023,False
Audere Apartments,"Phoenix-Mesa-Scottsdale, AZ",1041,2x2,1040,1810,10/22/2023,False
Audere Apartments,"Phoenix-Mesa-Scottsdale, AZ",1041,2x2,1040,1845,10/23/2023,False
Audere Apartments,"Phoenix-Mesa-Scottsdale, AZ",1041,2x2,1040,1855,10/24/2023,False
Audere Apartments,"Phoenix-Mesa-Scottsdale, AZ",1041,2x2,1040,1835,10/25/2023,False
Audere Apartments,"Phoenix-Mesa-Scottsdale, AZ",1041,2x2,1040,1830,10/26/2023,False
Audere Apartments,"Phoenix-Mesa-Scottsdale, AZ",1041,2x2,1040,1840,10/27/2023,False
Audere Apartments,"Phoenix-Mesa-Scottsdale, AZ",1041,2x2,1040,1840,10/28/2023,False
Audere Apartments,"Phoenix-Mesa-Scottsdale, AZ",1041,2x2,1040,1835,10/29/2023,False
Audere Apartments,"Phoenix-Mesa-Scottsdale, AZ",1041,2x2,1040,1835,10/30/2023,False
Audere Apartments,"Phoenix-Mesa-Scottsdale, AZ",1041,2x2,1040,1835,10/31/2023,False
Audere Apartments,"Phoenix-Mesa-Scottsdale, AZ",1041,2x2,1040,1825,11/01/2023,False
Audere Apartments,"Phoenix-Mesa-Scottsdale, AZ",1041,2x2,1040,1850,11/02/2023,False
Audere Apartments,"Phoenix-Mesa-Scottsdale, AZ",1041,2x2,1040,1870,11/03/2023,False
Audere Apartments,"Phoenix-Mesa-Scottsdale, AZ",1041,2x2,1040,1870,11/04/2023,False
Audere Apartments,"Phoenix-Mesa-Scottsdale, AZ",1041,2x2,1040,1880,11/05/2023,False
Audere Apartments,"Phoenix-Mesa-Scottsdale, AZ",1041,2x2,1040,1880,11/06/2023,False
Audere Apartments,"Phoenix-Mesa-Scottsdale, AZ",1041,2x2,1040,1885,11/07/2023,False
Audere Apartments,"Phoenix-Mesa-Scottsdale, AZ",1041,2x2,1040,1885,11/08/2023,False
Audere Apartments,"Phoenix-Mesa-Scottsdale, AZ",1041,2x2,1040,1840,11/09/2023,False
Audere Apartments,"Phoenix-Mesa-Scottsdale, AZ",1041,2x2,1040,1855,11/10/2023,False
Audere Apartments,"Phoenix-Mesa-Scottsdale, AZ",1041,2x2,1040,1840,11/11/2023,False
Audere Apartments,"Phoenix-Mesa-Scottsdale, AZ",1041,2x2,1040,1840,11/12/2023,False
Audere Apartments,"Phoenix-Mesa-Scottsdale, AZ",1041,2x2,1040,1840,11/13/2023,False
Audere Apartments,"Phoenix-Mesa-Scottsdale, AZ",1041,2x2,1040,1795,11/14/2023,False
Audere Apartments,"Phoenix-Mesa-Scottsdale, AZ",1041,2x2,1040,1785,11/15/2023,False
Audere Apartments,"Phoenix-Mesa-Scottsdale, AZ",1041,2x2,1040,1785,11/16/2023,False
Audere Apartments,"Phoenix-Mesa-Scottsdale, AZ",1041,2x2,1040,1785,11/17/2023,False
Audere Apartments,"Phoenix-Mesa-Scottsdale, AZ",1041,2x2,1040,1785,11/18/2023,False
Audere Apartments,"Phoenix-Mesa-Scottsdale, AZ",1041,2x2,1040,1785,11/19/2023,False
Audere Apartments,"Phoenix-Mesa-Scottsdale, AZ",1041,2x2,1040,1785,11/20/2023,False
Audere Apartments,"Phoenix-Mesa-Scottsdale, AZ",1041,2x2,1040,1785,11/21/2023,False
Audere Apartments,"Phoenix-Mesa-Scottsdale, AZ",1041,2x2,1040,1760,11/22/2023,False
Audere Apartments,"Phoenix-Mesa-Scottsdale, AZ",1041,2x2,1040,1760,11/23/2023,False
Audere Apartments,"Phoenix-Mesa-Scottsdale, AZ",1041,2x2,1040,1760,11/24/2023,False
Audere Apartments,"Phoenix-Mesa-Scottsdale, AZ",1041,2x2,1040,1760,11/25/2023,False
Audere Apartments,"Phoenix-Mesa-Scottsdale, AZ",1041,2x2,1040,1760,11/26/2023,False
Audere Apartments,"Phoenix-Mesa-Scottsdale, AZ",1041,2x2,1040,1795,11/27/2023,False
Audere Apartments,"Phoenix-Mesa-Scottsdale, AZ",1041,2x2,1040,1795,11/28/2023,False
Audere Apartments,"Phoenix-Mesa-Scottsdale, AZ",1041,2x2,1040,1780,11/29/2023,False
Audere Apartments,"Phoenix-Mesa-Scottsdale, AZ",1041,2x2,1040,1780,11/30/2023,False
Audere Apartments,"Phoenix-Mesa-Scottsdale, AZ",1041,2x2,1040,1780,12/01/2023,False
Audere Apartments,"Phoenix-Mesa-Scottsdale, AZ",1041,2x2,1040,1780,12/02/2023,False
Audere Apartments,"Phoenix-Mesa-Scottsdale, AZ",1041,2x2,1040,1780,12/03/2023,False
Audere Apartments,"Phoenix-Mesa-Scottsdale, AZ",1041,2x2,1040,1780,12/04/2023,False
Audere Apartments,"Phoenix-Mesa-Scottsdale, AZ",1041,2x2,1040,1775,12/05/2023,False
Audere Apartments,"Phoenix-Mesa-Scottsdale, AZ",1041,2x2,1040,1775,12/06/2023,False
Audere Apartments,"Phoenix-Mesa-Scottsdale, AZ",1041,2x2,1040,1780,12/07/2023,False
Audere Apartments,"Phoenix-Mesa-Scottsdale, AZ",1041,2x2,1040,1780,12/08/2023,False
Audere Apartments,"Phoenix-Mesa-Scottsdale, AZ",1041,2x2,1040,1770,12/09/2023,False
Audere Apartments,"Phoenix-Mesa-Scottsdale, AZ",1041,2x2,1040,1770,12/10/2023,False
Audere Apartments,"Phoenix-Mesa-Scottsdale, AZ",1041,2x2,1040,1770,12/11/2023,False
Audere Apartments,"Phoenix-Mesa-Scottsdale, AZ",1041,2x2,1040,1770,12/12/2023,False
Audere Apartments,"Phoenix-Mesa-Scottsdale, AZ",1041,2x2,1040,1770,12/13/2023,False
Audere Apartments,"Phoenix-Mesa-Scottsdale, AZ",1041,2x2,1040,1770,12/14/2023,False
Audere Apartments,"Phoenix-Mesa-Scottsdale, AZ",1041,2x2,1040,1750,12/15/2023,False
Audere Apartments,"Phoenix-Mesa-Scottsdale, AZ",1041,2x2,1040,1750,12/16/2023,False
Audere Apartments,"Phoenix-Mesa-Scottsdale, AZ",1041,2x2,1040,1750,12/17/2023,False
Audere Apartments,"Phoenix-Mesa-Scottsdale, AZ",1041,2x2,1040,1750,12/18/2023,False
Audere Apartments,"Phoenix-Mesa-Scottsdale, AZ",1041,2x2,1040,1750,12/19/2023,False
Audere Apartments,"Phoenix-Mesa-Scottsdale, AZ",1041,2x2,1040,1750,12/20/2023,False
Audere Apartments,"Phoenix-Mesa-Scottsdale, AZ",1041,2x2,1040,1730,12/21/2023,False
Audere Apartments,"Phoenix-Mesa-Scottsdale, AZ",1041,2x2,1040,1720,12/22/2023,False
Audere Apartments,"Phoenix-Mesa-Scottsdale, AZ",1041,2x2,1040,1745,12/23/2023,False
Audere Apartments,"Phoenix-Mesa-Scottsdale, AZ",1041,2x2,1040,1745,12/24/2023,False
Audere Apartments,"Phoenix-Mesa-Scottsdale, AZ",1041,2x2,1040,1745,12/25/2023,False
Audere Apartments,"Phoenix-Mesa-Scottsdale, AZ",1041,2x2,1040,1745,12/26/2023,False
Audere Apartments,"Phoenix-Mesa-Scottsdale, AZ",1041,2x2,1040,1745,12/27/2023,False
Audere Apartments,"Phoenix-Mesa-Scottsdale, AZ",1041,2x2,1040,1775,12/28/2023,False
Audere Apartments,"Phoenix-Mesa-Scottsdale, AZ",1041,2x2,1040,1775,12/29/2023,False
Audere Apartments,"Phoenix-Mesa-Scottsdale, AZ",1041,2x2,1040,1775,12/30/2023,False
Audere Apartments,"Phoenix-Mesa-Scottsdale, AZ",1041,2x2,1040,1775,12/31/2023,True
Audere Apartments,"Phoenix-Mesa-Scottsdale, AZ",1042,1x1,642,1580,07/05/2023,False
Audere Apartments,"Phoenix-Mesa-Scottsdale, AZ",1042,1x1,642,1575,07/06/2023,False
Audere Apartments,"Phoenix-Mesa-Scottsdale, AZ",1042,1x1,642,1575,07/07/2023,False
Audere Apartments,"Phoenix-Mesa-Scottsdale, AZ",1042,1x1,642,1580,07/08/2023,False
Audere Apartments,"Phoenix-Mesa-Scottsdale, AZ",1042,1x1,642,1585,07/09/2023,False
Audere Apartments,"Phoenix-Mesa-Scottsdale, AZ",1042,1x1,642,1585,07/10/2023,False
Audere Apartments,"Phoenix-Mesa-Scottsdale, AZ",1042,1x1,642,1585,07/11/2023,False
Audere Apartments,"Phoenix-Mesa-Scottsdale, AZ",1042,1x1,642,1560,07/12/2023,False
Audere Apartments,"Phoenix-Mesa-Scottsdale, AZ",1042,1x1,642,1560,07/13/2023,False
Audere Apartments,"Phoenix-Mesa-Scottsdale, AZ",1042,1x1,642,1565,07/14/2023,False
Audere Apartments,"Phoenix-Mesa-Scottsdale, AZ",1042,1x1,642,1530,07/15/2023,False
Audere Apartments,"Phoenix-Mesa-Scottsdale, AZ",1042,1x1,642,1520,07/16/2023,False
Audere Apartments,"Phoenix-Mesa-Scottsdale, AZ",1042,1x1,642,1520,07/17/2023,False
Audere Apartments,"Phoenix-Mesa-Scottsdale, AZ",1042,1x1,642,1525,07/18/2023,False
Audere Apartments,"Phoenix-Mesa-Scottsdale, AZ",1042,1x1,642,1500,07/19/2023,False
Audere Apartments,"Phoenix-Mesa-Scottsdale, AZ",1042,1x1,642,1500,07/20/2023,False
Audere Apartments,"Phoenix-Mesa-Scottsdale, AZ",1042,1x1,642,1500,07/21/2023,False
Audere Apartments,"Phoenix-Mesa-Scottsdale, AZ",1042,1x1,642,1500,07/22/2023,False
Audere Apartments,"Phoenix-Mesa-Scottsdale, AZ",1042,1x1,642,1505,07/23/2023,False
Audere Apartments,"Phoenix-Mesa-Scottsdale, AZ",1042,1x1,642,1520,07/24/2023,False
Audere Apartments,"Phoenix-Mesa-Scottsdale, AZ",1042,1x1,642,1525,07/25/2023,False
Audere Apartments,"Phoenix-Mesa-Scottsdale, AZ",1042,1x1,642,1525,07/26/2023,False
Audere Apartments,"Phoenix-Mesa-Scottsdale, AZ",1042,1x1,642,1565,07/27/2023,False
Audere Apartments,"Phoenix-Mesa-Scottsdale, AZ",1042,1x1,642,1590,07/28/2023,False
Audere Apartments,"Phoenix-Mesa-Scottsdale, AZ",1042,1x1,642,1600,07/29/2023,False
Audere Apartments,"Phoenix-Mesa-Scottsdale, AZ",1042,1x1,642,1585,07/30/2023,False
Audere Apartments,"Phoenix-Mesa-Scottsdale, AZ",1042,1x1,642,1580,07/31/2023,False
Audere Apartments,"Phoenix-Mesa-Scottsdale, AZ",1042,1x1,642,1590,08/01/2023,False
Audere Apartments,"Phoenix-Mesa-Scottsdale, AZ",1042,1x1,642,1555,08/02/2023,False
Audere Apartments,"Phoenix-Mesa-Scottsdale, AZ",1042,1x1,642,1540,08/03/2023,False
Audere Apartments,"Phoenix-Mesa-Scottsdale, AZ",1042,1x1,642,1540,08/04/2023,False
Audere Apartments,"Phoenix-Mesa-Scottsdale, AZ",1042,1x1,642,1550,08/05/2023,False
Audere Apartments,"Phoenix-Mesa-Scottsdale, AZ",1042,1x1,642,1545,08/06/2023,False
Audere Apartments,"Phoenix-Mesa-Scottsdale, AZ",1042,1x1,642,1545,08/07/2023,False
Audere Apartments,"Phoenix-Mesa-Scottsdale, AZ",1042,1x1,642,1555,08/08/2023,False
Audere Apartments,"Phoenix-Mesa-Scottsdale, AZ",1042,1x1,642,1480,08/09/2023,False
Audere Apartments,"Phoenix-Mesa-Scottsdale, AZ",1042,1x1,642,1495,08/10/2023,False
Audere Apartments,"Phoenix-Mesa-Scottsdale, AZ",1042,1x1,642,1490,08/11/2023,False
Audere Apartments,"Phoenix-Mesa-Scottsdale, AZ",1042,1x1,642,1485,08/12/2023,False
Audere Apartments,"Phoenix-Mesa-Scottsdale, AZ",1042,1x1,642,1485,08/13/2023,False
Audere Apartments,"Phoenix-Mesa-Scottsdale, AZ",1042,1x1,642,1485,08/14/2023,False
Audere Apartments,"Phoenix-Mesa-Scottsdale, AZ",1042,1x1,642,1490,08/15/2023,False
Audere Apartments,"Phoenix-Mesa-Scottsdale, AZ",1042,1x1,642,1490,08/16/2023,False
Audere Apartments,"Phoenix-Mesa-Scottsdale, AZ",1042,1x1,642,1500,08/17/2023,False
Audere Apartments,"Phoenix-Mesa-Scottsdale, AZ",1042,1x1,642,1500,08/18/2023,False
Audere Apartments,"Phoenix-Mesa-Scottsdale, AZ",1042,1x1,642,1490,08/19/2023,False
Audere Apartments,"Phoenix-Mesa-Scottsdale, AZ",1042,1x1,642,1490,08/20/2023,False
Audere Apartments,"Phoenix-Mesa-Scottsdale, AZ",1042,1x1,642,1490,08/21/2023,False
Audere Apartments,"Phoenix-Mesa-Scottsdale, AZ",1042,1x1,642,1500,08/22/2023,False
Audere Apartments,"Phoenix-Mesa-Scottsdale, AZ",1042,1x1,642,1500,08/23/2023,False
Audere Apartments,"Phoenix-Mesa-Scottsdale, AZ",1042,1x1,642,1455,08/24/2023,False
Audere Apartments,"Phoenix-Mesa-Scottsdale, AZ",1042,1x1,642,1455,08/25/2023,False
Audere Apartments,"Phoenix-Mesa-Scottsdale, AZ",1042,1x1,642,1470,08/26/2023,False
Audere Apartments,"Phoenix-Mesa-Scottsdale, AZ",1042,1x1,642,1470,08/27/2023,False
Audere Apartments,"Phoenix-Mesa-Scottsdale, AZ",1042,1x1,642,1470,08/28/2023,False
Audere Apartments,"Phoenix-Mesa-Scottsdale, AZ",1042,1x1,642,1480,08/29/2023,False
Audere Apartments,"Phoenix-Mesa-Scottsdale, AZ",1042,1x1,642,1485,08/30/2023,False
Audere Apartments,"Phoenix-Mesa-Scottsdale, AZ",1042,1x1,642,1460,08/31/2023,False
Audere Apartments,"Phoenix-Mesa-Scottsdale, AZ",1042,1x1,642,1445,09/01/2023,False
Audere Apartments,"Phoenix-Mesa-Scottsdale, AZ",1042,1x1,642,1455,09/02/2023,False
Audere Apartments,"Phoenix-Mesa-Scottsdale, AZ",1042,1x1,642,1450,09/03/2023,False
Audere Apartments,"Phoenix-Mesa-Scottsdale, AZ",1042,1x1,642,1460,09/04/2023,False
Audere Apartments,"Phoenix-Mesa-Scottsdale, AZ",1042,1x1,642,1465,09/05/2023,False
Audere Apartments,"Phoenix-Mesa-Scottsdale, AZ",1042,1x1,642,1460,09/06/2023,False
Audere Apartments,"Phoenix-Mesa-Scottsdale, AZ",1042,1x1,642,1430,09/07/2023,False
Audere Apartments,"Phoenix-Mesa-Scottsdale, AZ",1042,1x1,642,1415,09/08/2023,False
Audere Apartments,"Phoenix-Mesa-Scottsdale, AZ",1042,1x1,642,1415,09/09/2023,False
Audere Apartments,"Phoenix-Mesa-Scottsdale, AZ",1042,1x1,642,1415,09/10/2023,False
Audere Apartments,"Phoenix-Mesa-Scottsdale, AZ",1042,1x1,642,1415,09/11/2023,False
Audere Apartments,"Phoenix-Mesa-Scottsdale, AZ",1042,1x1,642,1420,09/12/2023,False
Audere Apartments,"Phoenix-Mesa-Scottsdale, AZ",1042,1x1,642,1420,09/13/2023,False
Audere Apartments,"Phoenix-Mesa-Scottsdale, AZ",1042,1x1,642,1465,09/14/2023,False
Audere Apartments,"Phoenix-Mesa-Scottsdale, AZ",1042,1x1,642,1455,09/15/2023,False
Audere Apartments,"Phoenix-Mesa-Scottsdale, AZ",1042,1x1,642,1465,09/16/2023,False
Audere Apartments,"Phoenix-Mesa-Scottsdale, AZ",1042,1x1,642,1470,09/17/2023,False
Audere Apartments,"Phoenix-Mesa-Scottsdale, AZ",1042,1x1,642,1495,09/18/2023,False
Audere Apartments,"Phoenix-Mesa-Scottsdale, AZ",1042,1x1,642,1500,09/19/2023,False
Audere Apartments,"Phoenix-Mesa-Scottsdale, AZ",1042,1x1,642,1500,09/20/2023,False
Audere Apartments,"Phoenix-Mesa-Scottsdale, AZ",1042,1x1,642,1505,09/21/2023,False
Audere Apartments,"Phoenix-Mesa-Scottsdale, AZ",1042,1x1,642,1505,09/22/2023,False
Audere Apartments,"Phoenix-Mesa-Scottsdale, AZ",1042,1x1,642,1500,09/23/2023,False
Audere Apartments,"Phoenix-Mesa-Scottsdale, AZ",1042,1x1,642,1490,09/24/2023,False
Audere Apartments,"Phoenix-Mesa-Scottsdale, AZ",1042,1x1,642,1490,09/25/2023,False
Audere Apartments,"Phoenix-Mesa-Scottsdale, AZ",1042,1x1,642,1505,09/26/2023,False
Audere Apartments,"Phoenix-Mesa-Scottsdale, AZ",1042,1x1,642,1505,09/27/2023,False
Audere Apartments,"Phoenix-Mesa-Scottsdale, AZ",1042,1x1,642,1490,09/28/2023,False
Audere Apartments,"Phoenix-Mesa-Scottsdale, AZ",1042,1x1,642,1485,09/29/2023,False
Audere Apartments,"Phoenix-Mesa-Scottsdale, AZ",1042,1x1,642,1485,09/30/2023,False
Audere Apartments,"Phoenix-Mesa-Scottsdale, AZ",1042,1x1,642,1490,10/01/2023,False
Audere Apartments,"Phoenix-Mesa-Scottsdale, AZ",1042,1x1,642,1490,10/02/2023,False
Audere Apartments,"Phoenix-Mesa-Scottsdale, AZ",1042,1x1,642,1490,10/03/2023,False
Audere Apartments,"Phoenix-Mesa-Scottsdale, AZ",1042,1x1,642,1490,10/04/2023,False
Audere Apartments,"Phoenix-Mesa-Scottsdale, AZ",1042,1x1,642,1490,10/05/2023,False
Audere Apartments,"Phoenix-Mesa-Scottsdale, AZ",1042,1x1,642,1490,10/06/2023,False
Audere Apartments,"Phoenix-Mesa-Scottsdale, AZ",1042,1x1,642,1490,10/07/2023,False
Audere Apartments,"Phoenix-Mesa-Scottsdale, AZ",1042,1x1,642,1490,10/08/2023,False
Audere Apartments,"Phoenix-Mesa-Scottsdale, AZ",1042,1x1,642,1490,10/09/2023,False
Audere Apartments,"Phoenix-Mesa-Scottsdale, AZ",1042,1x1,642,1460,10/10/2023,False
Audere Apartments,"Phoenix-Mesa-Scottsdale, AZ",1042,1x1,642,1490,10/11/2023,False
Audere Apartments,"Phoenix-Mesa-Scottsdale, AZ",1042,1x1,642,1490,10/12/2023,False
Audere Apartments,"Phoenix-Mesa-Scottsdale, AZ",1042,1x1,642,1490,10/13/2023,False
Audere Apartments,"Phoenix-Mesa-Scottsdale, AZ",1042,1x1,642,1490,10/14/2023,False
Audere Apartments,"Phoenix-Mesa-Scottsdale, AZ",1042,1x1,642,1490,10/15/2023,False
Audere Apartments,"Phoenix-Mesa-Scottsdale, AZ",1042,1x1,642,1490,10/16/2023,False
Audere Apartments,"Phoenix-Mesa-Scottsdale, AZ",1042,1x1,642,1525,10/17/2023,False
Audere Apartments,"Phoenix-Mesa-Scottsdale, AZ",1042,1x1,642,1490,10/18/2023,False
Audere Apartments,"Phoenix-Mesa-Scottsdale, AZ",1042,1x1,642,1495,10/19/2023,False
Audere Apartments,"Phoenix-Mesa-Scottsdale, AZ",1042,1x1,642,1495,10/20/2023,True
Audere Apartments,"Phoenix-Mesa-Scottsdale, AZ",1042,1x1,642,1697,03/01/2024,False
Audere Apartments,"Phoenix-Mesa-Scottsdale, AZ",1042,1x1,642,1710,03/02/2024,False
Audere Apartments,"Phoenix-Mesa-Scottsdale, AZ",1042,1x1,642,1657,03/03/2024,False
Audere Apartments,"Phoenix-Mesa-Scottsdale, AZ",1042,1x1,642,1657,03/04/2024,False
Audere Apartments,"Phoenix-Mesa-Scottsdale, AZ",1042,1x1,642,1657,03/05/2024,False
Audere Apartments,"Phoenix-Mesa-Scottsdale, AZ",1042,1x1,642,1683,03/06/2024,False
Audere Apartments,"Phoenix-Mesa-Scottsdale, AZ",1042,1x1,642,1622,03/07/2024,False
Audere Apartments,"Phoenix-Mesa-Scottsdale, AZ",1042,1x1,642,1624,03/08/2024,False
Audere Apartments,"Phoenix-Mesa-Scottsdale, AZ",1042,1x1,642,1657,03/09/2024,False
Audere Apartments,"Phoenix-Mesa-Scottsdale, AZ",1042,1x1,642,1704,03/10/2024,False
Audere Apartments,"Phoenix-Mesa-Scottsdale, AZ",1042,1x1,642,1704,03/11/2024,False
Audere Apartments,"Phoenix-Mesa-Scottsdale, AZ",1042,1x1,642,1704,03/12/2024,False
Audere Apartments,"Phoenix-Mesa-Scottsdale, AZ",1042,1x1,642,1704,03/13/2024,False
Audere Apartments,"Phoenix-Mesa-Scottsdale, AZ",1042,1x1,642,1617,03/14/2024,False
Audere Apartments,"Phoenix-Mesa-Scottsdale, AZ",1042,1x1,642,1617,03/15/2024,False
Audere Apartments,"Phoenix-Mesa-Scottsdale, AZ",1042,1x1,642,1617,03/16/2024,False
Audere Apartments,"Phoenix-Mesa-Scottsdale, AZ",1042,1x1,642,1580,03/17/2024,False
Audere Apartments,"Phoenix-Mesa-Scottsdale, AZ",1042,1x1,642,1580,03/18/2024,False
Audere Apartments,"Phoenix-Mesa-Scottsdale, AZ",1042,1x1,642,1580,03/19/2024,False
Audere Apartments,"Phoenix-Mesa-Scottsdale, AZ",1042,1x1,642,1533,03/20/2024,False
Audere Apartments,"Phoenix-Mesa-Scottsdale, AZ",1042,1x1,642,1555,03/21/2024,False
Audere Apartments,"Phoenix-Mesa-Scottsdale, AZ",1042,1x1,642,1520,03/22/2024,False
Audere Apartments,"Phoenix-Mesa-Scottsdale, AZ",1042,1x1,642,1568,03/23/2024,False
Audere Apartments,"Phoenix-Mesa-Scottsdale, AZ",1042,1x1,642,1568,03/24/2024,False
Audere Apartments,"Phoenix-Mesa-Scottsdale, AZ",1042,1x1,642,1568,03/25/2024,False
Audere Apartments,"Phoenix-Mesa-Scottsdale, AZ",1042,1x1,642,1568,03/26/2024,False
Audere Apartments,"Phoenix-Mesa-Scottsdale, AZ",1042,1x1,642,1519,03/27/2024,False
Audere Apartments,"Phoenix-Mesa-Scottsdale, AZ",1042,1x1,642,1440,03/28/2024,False
Audere Apartments,"Phoenix-Mesa-Scottsdale, AZ",1042,1x1,642,1365,03/29/2024,False
Audere Apartments,"Phoenix-Mesa-Scottsdale, AZ",1042,1x1,642,1443,03/30/2024,False
Audere Apartments,"Phoenix-Mesa-Scottsdale, AZ",1042,1x1,642,1443,03/31/2024,False
Audere Apartments,"Phoenix-Mesa-Scottsdale, AZ",1042,1x1,642,1447,04/01/2024,False
Audere Apartments,"Phoenix-Mesa-Scottsdale, AZ",1042,1x1,642,1443,04/02/2024,False
Audere Apartments,"Phoenix-Mesa-Scottsdale, AZ",1042,1x1,642,1527,04/03/2024,False
Audere Apartments,"Phoenix-Mesa-Scottsdale, AZ",1042,1x1,642,1606,04/04/2024,False
Audere Apartments,"Phoenix-Mesa-Scottsdale, AZ",1042,1x1,642,1607,04/05/2024,False
Audere Apartments,"Phoenix-Mesa-Scottsdale, AZ",1042,1x1,642,1607,04/06/2024,False
Audere Apartments,"Phoenix-Mesa-Scottsdale, AZ",1042,1x1,642,1557,04/07/2024,False
Audere Apartments,"Phoenix-Mesa-Scottsdale, AZ",1042,1x1,642,1520,04/08/2024,False
Audere Apartments,"Phoenix-Mesa-Scottsdale, AZ",1042,1x1,642,1520,04/09/2024,False
Audere Apartments,"Phoenix-Mesa-Scottsdale, AZ",1042,1x1,642,1567,04/10/2024,False
Audere Apartments,"Phoenix-Mesa-Scottsdale, AZ",1042,1x1,642,1567,04/11/2024,False
Audere Apartments,"Phoenix-Mesa-Scottsdale, AZ",1042,1x1,642,1541,04/12/2024,False
Audere Apartments,"Phoenix-Mesa-Scottsdale, AZ",1042,1x1,642,1461,04/13/2024,False
Audere Apartments,"Phoenix-Mesa-Scottsdale, AZ",1042,1x1,642,1461,04/14/2024,False
Audere Apartments,"Phoenix-Mesa-Scottsdale, AZ",1042,1x1,642,1461,04/15/2024,False
Audere Apartments,"Phoenix-Mesa-Scottsdale, AZ",1042,1x1,642,1461,04/16/2024,False
Audere Apartments,"Phoenix-Mesa-Scottsdale, AZ",1042,1x1,642,1385,04/17/2024,False
Audere Apartments,"Phoenix-Mesa-Scottsdale, AZ",1042,1x1,642,1510,04/18/2024,False
Audere Apartments,"Phoenix-Mesa-Scottsdale, AZ",1042,1x1,642,1519,04/19/2024,False
Audere Apartments,"Phoenix-Mesa-Scottsdale, AZ",1042,1x1,642,1519,04/20/2024,False
Audere Apartments,"Phoenix-Mesa-Scottsdale, AZ",1042,1x1,642,1517,04/21/2024,False
Audere Apartments,"Phoenix-Mesa-Scottsdale, AZ",1042,1x1,642,1508,04/22/2024,False
Audere Apartments,"Phoenix-Mesa-Scottsdale, AZ",1042,1x1,642,1581,04/23/2024,False
Audere Apartments,"Phoenix-Mesa-Scottsdale, AZ",1042,1x1,642,1546,04/24/2024,False
Audere Apartments,"Phoenix-Mesa-Scottsdale, AZ",1042,1x1,642,1461,04/25/2024,False
Audere Apartments,"Phoenix-Mesa-Scottsdale, AZ",1042,1x1,642,1380,04/26/2024,False
Audere Apartments,"Phoenix-Mesa-Scottsdale, AZ",1042,1x1,642,1315,04/27/2024,False
Audere Apartments,"Phoenix-Mesa-Scottsdale, AZ",1042,1x1,642,1311,04/28/2024,False
Audere Apartments,"Phoenix-Mesa-Scottsdale, AZ",1042,1x1,642,1301,04/29/2024,False
Audere Apartments,"Phoenix-Mesa-Scottsdale, AZ",1042,1x1,642,1301,04/30/2024,False
Audere Apartments,"Phoenix-Mesa-Scottsdale, AZ",1042,1x1,642,1301,05/01/2024,True
Audere Apartments,"Phoenix-Mesa-Scottsdale, AZ",1042,1x1,642,1333,10/12/2024,False
Audere Apartments,"Phoenix-Mesa-Scottsdale, AZ",1042,1x1,642,1333,10/13/2024,False
Audere Apartments,"Phoenix-Mesa-Scottsdale, AZ",1042,1x1,642,1347,10/14/2024,False
Audere Apartments,"Phoenix-Mesa-Scottsdale, AZ",1042,1x1,642,1394,10/15/2024,False
Audere Apartments,"Phoenix-Mesa-Scottsdale, AZ",1042,1x1,642,1408,10/16/2024,False
Audere Apartments,"Phoenix-Mesa-Scottsdale, AZ",1042,1x1,642,1422,10/17/2024,False
Audere Apartments,"Phoenix-Mesa-Scottsdale, AZ",1042,1x1,642,1436,10/18/2024,False
Audere Apartments,"Phoenix-Mesa-Scottsdale, AZ",1042,1x1,642,1436,10/19/2024,False
Audere Apartments,"Phoenix-Mesa-Scottsdale, AZ",1042,1x1,642,1436,10/20/2024,False
Audere Apartments,"Phoenix-Mesa-Scottsdale, AZ",1042,1x1,642,1450,10/21/2024,False
Audere Apartments,"Phoenix-Mesa-Scottsdale, AZ",1042,1x1,642,1464,10/22/2024,False
Audere Apartments,"Phoenix-Mesa-Scottsdale, AZ",1042,1x1,642,1479,10/23/2024,False
Audere Apartments,"Phoenix-Mesa-Scottsdale, AZ",1042,1x1,642,1480,10/24/2024,False
Audere Apartments,"Phoenix-Mesa-Scottsdale, AZ",1042,1x1,642,1495,10/25/2024,False
Audere Apartments,"Phoenix-Mesa-Scottsdale, AZ",1042,1x1,642,1495,10/26/2024,False
Audere Apartments,"Phoenix-Mesa-Scottsdale, AZ",1042,1x1,642,1495,10/27/2024,False
Audere Apartments,"Phoenix-Mesa-Scottsdale, AZ",1042,1x1,642,1510,10/28/2024,False
Audere Apartments,"Phoenix-Mesa-Scottsdale, AZ",1042,1x1,642,1525,10/29/2024,False
Audere Apartments,"Phoenix-Mesa-Scottsdale, AZ",1042,1x1,642,1540,10/30/2024,False
Audere Apartments,"Phoenix-Mesa-Scottsdale, AZ",1042,1x1,642,1555,10/31/2024,False
Audere Apartments,"Phoenix-Mesa-Scottsdale, AZ",1042,1x1,642,1555,11/01/2024,False
Audere Apartments,"Phoenix-Mesa-Scottsdale, AZ",1042,1x1,642,1579,11/02/2024,False
Audere Apartments,"Phoenix-Mesa-Scottsdale, AZ",1042,1x1,642,1579,11/03/2024,False
Audere Apartments,"Phoenix-Mesa-Scottsdale, AZ",1042,1x1,642,1548,11/04/2024,False
Audere Apartments,"Phoenix-Mesa-Scottsdale, AZ",1042,1x1,642,1459,11/05/2024,False
Audere Apartments,"Phoenix-Mesa-Scottsdale, AZ",1042,1x1,642,1429,11/06/2024,False
Audere Apartments,"Phoenix-Mesa-Scottsdale, AZ",1042,1x1,642,1444,11/07/2024,False
Audere Apartments,"Phoenix-Mesa-Scottsdale, AZ",1042,1x1,642,1444,11/08/2024,False
Audere Apartments,"Phoenix-Mesa-Scottsdale, AZ",1042,1x1,642,1444,11/09/2024,False
Audere Apartments,"Phoenix-Mesa-Scottsdale, AZ",1042,1x1,642,1444,11/10/2024,False
Audere Apartments,"Phoenix-Mesa-Scottsdale, AZ",1042,1x1,642,1415,11/11/2024,False
Audere Apartments,"Phoenix-Mesa-Scottsdale, AZ",1042,1x1,642,1415,11/12/2024,False
Audere Apartments,"Phoenix-Mesa-Scottsdale, AZ",1042,1x1,642,1415,11/13/2024,False
Audere Apartments,"Phoenix-Mesa-Scottsdale, AZ",1042,1x1,642,1401,11/14/2024,False
Audere Apartments,"Phoenix-Mesa-Scottsdale, AZ",1042,1x1,642,1397,11/15/2024,False
Audere Apartments,"Phoenix-Mesa-Scottsdale, AZ",1042,1x1,642,1394,11/16/2024,False
Audere Apartments,"Phoenix-Mesa-Scottsdale, AZ",1042,1x1,642,1390,11/17/2024,False
Audere Apartments,"Phoenix-Mesa-Scottsdale, AZ",1042,1x1,642,1386,11/18/2024,False
Audere Apartments,"Phoenix-Mesa-Scottsdale, AZ",1042,1x1,642,1386,11/19/2024,False
Audere Apartments,"Phoenix-Mesa-Scottsdale, AZ",1042,1x1,642,1459,11/20/2024,False
Audere Apartments,"Phoenix-Mesa-Scottsdale, AZ",1042,1x1,642,1414,11/21/2024,False
Audere Apartments,"Phoenix-Mesa-Scottsdale, AZ",1042,1x1,642,1428,11/22/2024,False
Audere Apartments,"Phoenix-Mesa-Scottsdale, AZ",1042,1x1,642,1428,11/23/2024,False
Audere Apartments,"Phoenix-Mesa-Scottsdale, AZ",1042,1x1,642,1428,11/24/2024,False
Audere Apartments,"Phoenix-Mesa-Scottsdale, AZ",1042,1x1,642,1443,11/25/2024,False
Audere Apartments,"Phoenix-Mesa-Scottsdale, AZ",1042,1x1,642,1474,11/26/2024,False
Audere Apartments,"Phoenix-Mesa-Scottsdale, AZ",1042,1x1,642,1474,11/27/2024,False
Audere Apartments,"Phoenix-Mesa-Scottsdale, AZ",1042,1x1,642,1474,11/28/2024,False
Audere Apartments,"Phoenix-Mesa-Scottsdale, AZ",1042,1x1,642,1474,11/29/2024,False
Audere Apartments,"Phoenix-Mesa-Scottsdale, AZ",1042,1x1,642,1474,11/30/2024,False
Audere Apartments,"Phoenix-Mesa-Scottsdale, AZ",1042,1x1,642,1474,12/01/2024,False
Audere Apartments,"Phoenix-Mesa-Scottsdale, AZ",1042,1x1,642,1442,12/02/2024,False
Audere Apartments,"Phoenix-Mesa-Scottsdale, AZ",1042,1x1,642,1442,12/03/2024,True
Audere Apartments,"Phoenix-Mesa-Scottsdale, AZ",1043,1x1,818,1701,05/30/2024,False
Audere Apartments,"Phoenix-Mesa-Scottsdale, AZ",1043,1x1,818,1701,05/31/2024,False
Audere Apartments,"Phoenix-Mesa-Scottsdale, AZ",1043,1x1,818,1701,06/01/2024,False
Audere Apartments,"Phoenix-Mesa-Scottsdale, AZ",1043,1x1,818,1701,06/02/2024,False
Audere Apartments,"Phoenix-Mesa-Scottsdale, AZ",1043,1x1,818,1701,06/03/2024,False
Audere Apartments,"Phoenix-Mesa-Scottsdale, AZ",1043,1x1,818,1701,06/04/2024,False
Audere Apartments,"Phoenix-Mesa-Scottsdale, AZ",1043,1x1,818,1678,06/05/2024,False
Audere Apartments,"Phoenix-Mesa-Scottsdale, AZ",1043,1x1,818,1653,06/06/2024,False
Audere Apartments,"Phoenix-Mesa-Scottsdale, AZ",1043,1x1,818,1653,06/07/2024,False
Audere Apartments,"Phoenix-Mesa-Scottsdale, AZ",1043,1x1,818,1653,06/08/2024,False
Audere Apartments,"Phoenix-Mesa-Scottsdale, AZ",1043,1x1,818,1653,06/09/2024,False
Audere Apartments,"Phoenix-Mesa-Scottsdale, AZ",1043,1x1,818,1670,06/10/2024,False
Audere Apartments,"Phoenix-Mesa-Scottsdale, AZ",1043,1x1,818,1602,06/11/2024,False
Audere Apartments,"Phoenix-Mesa-Scottsdale, AZ",1043,1x1,818,1656,06/12/2024,False
Audere Apartments,"Phoenix-Mesa-Scottsdale, AZ",1043,1x1,818,1656,06/13/2024,False
Audere Apartments,"Phoenix-Mesa-Scottsdale, AZ",1043,1x1,818,1656,06/14/2024,False
Audere Apartments,"Phoenix-Mesa-Scottsdale, AZ",1043,1x1,818,1656,06/15/2024,False
Audere Apartments,"Phoenix-Mesa-Scottsdale, AZ",1043,1x1,818,1656,06/16/2024,False
Audere Apartments,"Phoenix-Mesa-Scottsdale, AZ",1043,1x1,818,1617,06/17/2024,False
Audere Apartments,"Phoenix-Mesa-Scottsdale, AZ",1043,1x1,818,1617,06/18/2024,False
Audere Apartments,"Phoenix-Mesa-Scottsdale, AZ",1043,1x1,818,1617,06/19/2024,False
Audere Apartments,"Phoenix-Mesa-Scottsdale, AZ",1043,1x1,818,1617,06/20/2024,False
Audere Apartments,"Phoenix-Mesa-Scottsdale, AZ",1043,1x1,818,1600,06/21/2024,False
Audere Apartments,"Phoenix-Mesa-Scottsdale, AZ",1043,1x1,818,1600,06/22/2024,False
Audere Apartments,"Phoenix-Mesa-Scottsdale, AZ",1043,1x1,818,1600,06/23/2024,False
Audere Apartments,"Phoenix-Mesa-Scottsdale, AZ",1043,1x1,818,1600,06/24/2024,False
Audere Apartments,"Phoenix-Mesa-Scottsdale, AZ",1043,1x1,818,1600,06/25/2024,False
Audere Apartments,"Phoenix-Mesa-Scottsdale, AZ",1043,1x1,818,1616,06/26/2024,False
Audere Apartments,"Phoenix-Mesa-Scottsdale, AZ",1043,1x1,818,1584,06/27/2024,False
Audere Apartments,"Phoenix-Mesa-Scottsdale, AZ",1043,1x1,818,1553,06/28/2024,False
Audere Apartments,"Phoenix-Mesa-Scottsdale, AZ",1043,1x1,818,1582,06/29/2024,False
Audere Apartments,"Phoenix-Mesa-Scottsdale, AZ",1043,1x1,818,1582,06/30/2024,False
Audere Apartments,"Phoenix-Mesa-Scottsdale, AZ",1043,1x1,818,1713,07/01/2024,False
Audere Apartments,"Phoenix-Mesa-Scottsdale, AZ",1043,1x1,818,1614,07/02/2024,False
Audere Apartments,"Phoenix-Mesa-Scottsdale, AZ",1043,1x1,818,1590,07/03/2024,False
Audere Apartments,"Phoenix-Mesa-Scottsdale, AZ",1043,1x1,818,1590,07/04/2024,False
Audere Apartments,"Phoenix-Mesa-Scottsdale, AZ",1043,1x1,818,1590,07/05/2024,False
Audere Apartments,"Phoenix-Mesa-Scottsdale, AZ",1043,1x1,818,1590,07/06/2024,False
Audere Apartments,"Phoenix-Mesa-Scottsdale, AZ",1043,1x1,818,1590,07/07/2024,False
Audere Apartments,"Phoenix-Mesa-Scottsdale, AZ",1043,1x1,818,1559,07/08/2024,False
Audere Apartments,"Phoenix-Mesa-Scottsdale, AZ",1043,1x1,818,1529,07/09/2024,False
Audere Apartments,"Phoenix-Mesa-Scottsdale, AZ",1043,1x1,818,1499,07/10/2024,False
Audere Apartments,"Phoenix-Mesa-Scottsdale, AZ",1043,1x1,818,1481,07/11/2024,False
Audere Apartments,"Phoenix-Mesa-Scottsdale, AZ",1043,1x1,818,1481,07/12/2024,False
Audere Apartments,"Phoenix-Mesa-Scottsdale, AZ",1043,1x1,818,1476,07/13/2024,False
Audere Apartments,"Phoenix-Mesa-Scottsdale, AZ",1043,1x1,818,1471,07/14/2024,False
Audere Apartments,"Phoenix-Mesa-Scottsdale, AZ",1043,1x1,818,1438,07/15/2024,False
Audere Apartments,"Phoenix-Mesa-Scottsdale, AZ",1043,1x1,818,1405,07/16/2024,False
Audere Apartments,"Phoenix-Mesa-Scottsdale, AZ",1043,1x1,818,1400,07/17/2024,False
Audere Apartments,"Phoenix-Mesa-Scottsdale, AZ",1043,1x1,818,1395,07/18/2024,False
Audere Apartments,"Phoenix-Mesa-Scottsdale, AZ",1043,1x1,818,1390,07/19/2024,False
Audere Apartments,"Phoenix-Mesa-Scottsdale, AZ",1043,1x1,818,1385,07/20/2024,False
Audere Apartments,"Phoenix-Mesa-Scottsdale, AZ",1043,1x1,818,1381,07/21/2024,False
Audere Apartments,"Phoenix-Mesa-Scottsdale, AZ",1043,1x1,818,1376,07/22/2024,False
Audere Apartments,"Phoenix-Mesa-Scottsdale, AZ",1043,1x1,818,1440,07/23/2024,False
Audere Apartments,"Phoenix-Mesa-Scottsdale, AZ",1043,1x1,818,1417,07/24/2024,False
Audere Apartments,"Phoenix-Mesa-Scottsdale, AZ",1043,1x1,818,1417,07/25/2024,True
Audere Apartments,"Phoenix-Mesa-Scottsdale, AZ",1043,1x1,818,1769,04/01/2025,False
Audere Apartments,"Phoenix-Mesa-Scottsdale, AZ",1043,1x1,818,1776,04/02/2025,False
Audere Apartments,"Phoenix-Mesa-Scottsdale, AZ",1043,1x1,818,1758,04/03/2025,False
Audere Apartments,"Phoenix-Mesa-Scottsdale, AZ",1043,1x1,818,1741,04/04/2025,False
Audere Apartments,"Phoenix-Mesa-Scottsdale, AZ",1043,1x1,818,1741,04/05/2025,False
Audere Apartments,"Phoenix-Mesa-Scottsdale, AZ",1043,1x1,818,1741,04/06/2025,False
Audere Apartments,"Phoenix-Mesa-Scottsdale, AZ",1043,1x1,818,1724,04/07/2025,False
Audere Apartments,"Phoenix-Mesa-Scottsdale, AZ",1043,1x1,818,1707,04/08/2025,False
Audere Apartments,"Phoenix-Mesa-Scottsdale, AZ",1043,1x1,818,1690,04/09/2025,False
Audere Apartments,"Phoenix-Mesa-Scottsdale, AZ",1043,1x1,818,1691,04/10/2025,False
Audere Apartments,"Phoenix-Mesa-Scottsdale, AZ",1043,1x1,818,1635,04/11/2025,False
Audere Apartments,"Phoenix-Mesa-Scottsdale, AZ",1043,1x1,818,1635,04/12/2025,False
Audere Apartments,"Phoenix-Mesa-Scottsdale, AZ",1043,1x1,818,1635,04/13/2025,False
Audere Apartments,"Phoenix-Mesa-Scottsdale, AZ",1043,1x1,818,1651,04/14/2025,False
Audere Apartments,"Phoenix-Mesa-Scottsdale, AZ",1043,1x1,818,1635,04/15/2025,False
Audere Apartments,"Phoenix-Mesa-Scottsdale, AZ",1043,1x1,818,1619,04/16/2025,False
Audere Apartments,"Phoenix-Mesa-Scottsdale, AZ",1043,1x1,818,1603,04/17/2025,False
Audere Apartments,"Phoenix-Mesa-Scottsdale, AZ",1043,1x1,818,1524,04/18/2025,False
Audere Apartments,"Phoenix-Mesa-Scottsdale, AZ",1043,1x1,818,1524,04/19/2025,False
Audere Apartments,"Phoenix-Mesa-Scottsdale, AZ",1043,1x1,818,1524,04/20/2025,False
Audere Apartments,"Phoenix-Mesa-Scottsdale, AZ",1043,1x1,818,1523,04/21/2025,False
Audere Apartments,"Phoenix-Mesa-Scottsdale, AZ",1043,1x1,818,1538,04/22/2025,False
Audere Apartments,"Phoenix-Mesa-Scottsdale, AZ",1043,1x1,818,1538,04/23/2025,False
Audere Apartments,"Phoenix-Mesa-Scottsdale, AZ",1043,1x1,818,1599,04/24/2025,False
Audere Apartments,"Phoenix-Mesa-Scottsdale, AZ",1043,1x1,818,1583,04/25/2025,False
Audere Apartments,"Phoenix-Mesa-Scottsdale, AZ",1043,1x1,818,1583,04/26/2025,False
Audere Apartments,"Phoenix-Mesa-Scottsdale, AZ",1043,1x1,818,1583,04/27/2025,True
Audere Apartments,"Phoenix-Mesa-Scottsdale, AZ",1044,2x2,1040,1826,03/28/2024,False
Audere Apartments,"Phoenix-Mesa-Scottsdale, AZ",1044,2x2,1040,1769,03/29/2024,False
Audere Apartments,"Phoenix-Mesa-Scottsdale, AZ",1044,2x2,1040,1676,03/30/2024,False
Audere Apartments,"Phoenix-Mesa-Scottsdale, AZ",1044,2x2,1040,1729,03/31/2024,False
Audere Apartments,"Phoenix-Mesa-Scottsdale, AZ",1044,2x2,1040,1729,04/01/2024,False
Audere Apartments,"Phoenix-Mesa-Scottsdale, AZ",1044,2x2,1040,1643,04/02/2024,False
Audere Apartments,"Phoenix-Mesa-Scottsdale, AZ",1044,2x2,1040,1643,04/03/2024,False
Audere Apartments,"Phoenix-Mesa-Scottsdale, AZ",1044,2x2,1040,1643,04/04/2024,True
Audere Apartments,"Phoenix-Mesa-Scottsdale, AZ",1044,2x2,1040,1880,07/18/2024,False
Audere Apartments,"Phoenix-Mesa-Scottsdale, AZ",1044,2x2,1040,1841,07/19/2024,False
Audere Apartments,"Phoenix-Mesa-Scottsdale, AZ",1044,2x2,1040,1841,07/20/2024,False
Audere Apartments,"Phoenix-Mesa-Scottsdale, AZ",1044,2x2,1040,1841,07/21/2024,False
Audere Apartments,"Phoenix-Mesa-Scottsdale, AZ",1044,2x2,1040,1818,07/22/2024,False
Audere Apartments,"Phoenix-Mesa-Scottsdale, AZ",1044,2x2,1040,1781,07/23/2024,False
Audere Apartments,"Phoenix-Mesa-Scottsdale, AZ",1044,2x2,1040,1744,07/24/2024,False
Audere Apartments,"Phoenix-Mesa-Scottsdale, AZ",1044,2x2,1040,1744,07/25/2024,False
Audere Apartments,"Phoenix-Mesa-Scottsdale, AZ",1044,2x2,1040,1778,07/26/2024,False
Audere Apartments,"Phoenix-Mesa-Scottsdale, AZ",1044,2x2,1040,1778,07/27/2024,False
Audere Apartments,"Phoenix-Mesa-Scottsdale, AZ",1044,2x2,1040,1778,07/28/2024,False
Audere Apartments,"Phoenix-Mesa-Scottsdale, AZ",1044,2x2,1040,1778,07/29/2024,False
Audere Apartments,"Phoenix-Mesa-Scottsdale, AZ",1044,2x2,1040,1778,07/30/2024,False
Audere Apartments,"Phoenix-Mesa-Scottsdale, AZ",1044,2x2,1040,1778,07/31/2024,False
Audere Apartments,"Phoenix-Mesa-Scottsdale, AZ",1044,2x2,1040,1778,08/01/2024,False
Audere Apartments,"Phoenix-Mesa-Scottsdale, AZ",1044,2x2,1040,1778,08/02/2024,False
Audere Apartments,"Phoenix-Mesa-Scottsdale, AZ",1044,2x2,1040,1778,08/03/2024,False
Audere Apartments,"Phoenix-Mesa-Scottsdale, AZ",1044,2x2,1040,1778,08/04/2024,False
Audere Apartments,"Phoenix-Mesa-Scottsdale, AZ",1044,2x2,1040,1778,08/05/2024,False
Audere Apartments,"Phoenix-Mesa-Scottsdale, AZ",1044,2x2,1040,1778,08/06/2024,False
Audere Apartments,"Phoenix-Mesa-Scottsdale, AZ",1044,2x2,1040,1778,08/07/2024,False
Audere Apartments,"Phoenix-Mesa-Scottsdale, AZ",1044,2x2,1040,1778,08/08/2024,False
Audere Apartments,"Phoenix-Mesa-Scottsdale, AZ",1044,2x2,1040,1778,08/09/2024,False
Audere Apartments,"Phoenix-Mesa-Scottsdale, AZ",1044,2x2,1040,1778,08/10/2024,False
Audere Apartments,"Phoenix-Mesa-Scottsdale, AZ",1044,2x2,1040,1778,08/11/2024,False
Audere Apartments,"Phoenix-Mesa-Scottsdale, AZ",1044,2x2,1040,1778,08/12/2024,False
Audere Apartments,"Phoenix-Mesa-Scottsdale, AZ",1044,2x2,1040,1778,08/13/2024,False
Audere Apartments,"Phoenix-Mesa-Scottsdale, AZ",1044,2x2,1040,1778,08/14/2024,False
Audere Apartments,"Phoenix-Mesa-Scottsdale, AZ",1044,2x2,1040,1778,08/15/2024,False
Audere Apartments,"Phoenix-Mesa-Scottsdale, AZ",1044,2x2,1040,1778,08/16/2024,False
Audere Apartments,"Phoenix-Mesa-Scottsdale, AZ",1044,2x2,1040,1778,08/17/2024,False
Audere Apartments,"Phoenix-Mesa-Scottsdale, AZ",1044,2x2,1040,1778,08/18/2024,False
Audere Apartments,"Phoenix-Mesa-Scottsdale, AZ",1044,2x2,1040,1778,08/19/2024,False
Audere Apartments,"Phoenix-Mesa-Scottsdale, AZ",1044,2x2,1040,1778,08/20/2024,False
Audere Apartments,"Phoenix-Mesa-Scottsdale, AZ",1044,2x2,1040,1778,08/21/2024,False
Audere Apartments,"Phoenix-Mesa-Scottsdale, AZ",1044,2x2,1040,1778,08/22/2024,False
Audere Apartments,"Phoenix-Mesa-Scottsdale, AZ",1044,2x2,1040,1778,08/23/2024,False
Audere Apartments,"Phoenix-Mesa-Scottsdale, AZ",1044,2x2,1040,1778,08/24/2024,False
Audere Apartments,"Phoenix-Mesa-Scottsdale, AZ",1044,2x2,1040,1778,08/25/2024,False
Audere Apartments,"Phoenix-Mesa-Scottsdale, AZ",1044,2x2,1040,1778,08/26/2024,False
Audere Apartments,"Phoenix-Mesa-Scottsdale, AZ",1044,2x2,1040,1778,08/27/2024,False
Audere Apartments,"Phoenix-Mesa-Scottsdale, AZ",1044,2x2,1040,1778,08/28/2024,False
Audere Apartments,"Phoenix-Mesa-Scottsdale, AZ",1044,2x2,1040,1778,08/29/2024,False
Audere Apartments,"Phoenix-Mesa-Scottsdale, AZ",1044,2x2,1040,1798,08/30/2024,False
Audere Apartments,"Phoenix-Mesa-Scottsdale, AZ",1044,2x2,1040,1798,08/31/2024,False
Audere Apartments,"Phoenix-Mesa-Scottsdale, AZ",1044,2x2,1040,1798,09/01/2024,False
Audere Apartments,"Phoenix-Mesa-Scottsdale, AZ",1044,2x2,1040,1835,09/02/2024,False
Audere Apartments,"Phoenix-Mesa-Scottsdale, AZ",1044,2x2,1040,1860,09/03/2024,False
Audere Apartments,"Phoenix-Mesa-Scottsdale, AZ",1044,2x2,1040,1879,09/04/2024,False
Audere Apartments,"Phoenix-Mesa-Scottsdale, AZ",1044,2x2,1040,1840,09/05/2024,False
Audere Apartments,"Phoenix-Mesa-Scottsdale, AZ",1044,2x2,1040,1801,09/06/2024,False
Audere Apartments,"Phoenix-Mesa-Scottsdale, AZ",1044,2x2,1040,1801,09/07/2024,False
Audere Apartments,"Phoenix-Mesa-Scottsdale, AZ",1044,2x2,1040,1801,09/08/2024,False
Audere Apartments,"Phoenix-Mesa-Scottsdale, AZ",1044,2x2,1040,1764,09/09/2024,False
Audere Apartments,"Phoenix-Mesa-Scottsdale, AZ",1044,2x2,1040,1726,09/10/2024,False
Audere Apartments,"Phoenix-Mesa-Scottsdale, AZ",1044,2x2,1040,1726,09/11/2024,False
Audere Apartments,"Phoenix-Mesa-Scottsdale, AZ",1044,2x2,1040,1690,09/12/2024,False
Audere Apartments,"Phoenix-Mesa-Scottsdale, AZ",1044,2x2,1040,1690,09/13/2024,False
Audere Apartments,"Phoenix-Mesa-Scottsdale, AZ",1044,2x2,1040,1690,09/14/2024,False
Audere Apartments,"Phoenix-Mesa-Scottsdale, AZ",1044,2x2,1040,1690,09/15/2024,False
Audere Apartments,"Phoenix-Mesa-Scottsdale, AZ",1044,2x2,1040,1654,09/16/2024,False
Audere Apartments,"Phoenix-Mesa-Scottsdale, AZ",1044,2x2,1040,1654,09/17/2024,False
Audere Apartments,"Phoenix-Mesa-Scottsdale, AZ",1044,2x2,1040,1619,09/18/2024,False
Audere Apartments,"Phoenix-Mesa-Scottsdale, AZ",1044,2x2,1040,1601,09/19/2024,False
Audere Apartments,"Phoenix-Mesa-Scottsdale, AZ",1044,2x2,1040,1601,09/20/2024,False
Audere Apartments,"Phoenix-Mesa-Scottsdale, AZ",1044,2x2,1040,1601,09/21/2024,False
Audere Apartments,"Phoenix-Mesa-Scottsdale, AZ",1044,2x2,1040,1601,09/22/2024,True
Audere Apartments,"Phoenix-Mesa-Scottsdale, AZ",1045,1x1,642,1545,11/05/2023,False
Audere Apartments,"Phoenix-Mesa-Scottsdale, AZ",1045,1x1,642,1545,11/06/2023,False
Audere Apartments,"Phoenix-Mesa-Scottsdale, AZ",1045,1x1,642,1560,11/07/2023,False
Audere Apartments,"Phoenix-Mesa-Scottsdale, AZ",1045,1x1,642,1560,11/08/2023,False
Audere Apartments,"Phoenix-Mesa-Scottsdale, AZ",1045,1x1,642,1560,11/09/2023,False
Audere Apartments,"Phoenix-Mesa-Scottsdale, AZ",1045,1x1,642,1560,11/10/2023,False
Audere Apartments,"Phoenix-Mesa-Scottsdale, AZ",1045,1x1,642,1610,11/11/2023,False
Audere Apartments,"Phoenix-Mesa-Scottsdale, AZ",1045,1x1,642,1610,11/12/2023,False
Audere Apartments,"Phoenix-Mesa-Scottsdale, AZ",1045,1x1,642,1610,11/13/2023,False
Audere Apartments,"Phoenix-Mesa-Scottsdale, AZ",1045,1x1,642,1610,11/14/2023,False
Audere Apartments,"Phoenix-Mesa-Scottsdale, AZ",1045,1x1,642,1635,11/15/2023,False
Audere Apartments,"Phoenix-Mesa-Scottsdale, AZ",1045,1x1,642,1635,11/16/2023,False
Audere Apartments,"Phoenix-Mesa-Scottsdale, AZ",1045,1x1,642,1635,11/17/2023,False
Audere Apartments,"Phoenix-Mesa-Scottsdale, AZ",1045,1x1,642,1635,11/18/2023,False
Audere Apartments,"Phoenix-Mesa-Scottsdale, AZ",1045,1x1,642,1635,11/19/2023,False
Audere Apartments,"Phoenix-Mesa-Scottsdale, AZ",1045,1x1,642,1635,11/20/2023,False
Audere Apartments,"Phoenix-Mesa-Scottsdale, AZ",1045,1x1,642,1635,11/21/2023,True
Audere Apartments,"Phoenix-Mesa-Scottsdale, AZ",1045,1x1,642,1715,05/23/2024,False
Audere Apartments,"Phoenix-Mesa-Scottsdale, AZ",1045,1x1,642,1733,05/24/2024,False
Audere Apartments,"Phoenix-Mesa-Scottsdale, AZ",1045,1x1,642,1733,05/25/2024,False
Audere Apartments,"Phoenix-Mesa-Scottsdale, AZ",1045,1x1,642,1733,05/26/2024,False
Audere Apartments,"Phoenix-Mesa-Scottsdale, AZ",1045,1x1,642,1733,05/27/2024,False
Audere Apartments,"Phoenix-Mesa-Scottsdale, AZ",1045,1x1,642,1662,05/28/2024,False
Audere Apartments,"Phoenix-Mesa-Scottsdale, AZ",1045,1x1,642,1662,05/29/2024,False
Audere Apartments,"Phoenix-Mesa-Scottsdale, AZ",1045,1x1,642,1625,05/30/2024,False
Audere Apartments,"Phoenix-Mesa-Scottsdale, AZ",1045,1x1,642,1625,05/31/2024,False
Audere Apartments,"Phoenix-Mesa-Scottsdale, AZ",1045,1x1,642,1625,06/01/2024,False
Audere Apartments,"Phoenix-Mesa-Scottsdale, AZ",1045,1x1,642,1625,06/02/2024,False
Audere Apartments,"Phoenix-Mesa-Scottsdale, AZ",1045,1x1,642,1625,06/03/2024,False
Audere Apartments,"Phoenix-Mesa-Scottsdale, AZ",1045,1x1,642,1625,06/04/2024,False
Audere Apartments,"Phoenix-Mesa-Scottsdale, AZ",1045,1x1,642,1602,06/05/2024,False
Audere Apartments,"Phoenix-Mesa-Scottsdale, AZ",1045,1x1,642,1577,06/06/2024,False
Audere Apartments,"Phoenix-Mesa-Scottsdale, AZ",1045,1x1,642,1577,06/07/2024,False
Audere Apartments,"Phoenix-Mesa-Scottsdale, AZ",1045,1x1,642,1577,06/08/2024,False
Audere Apartments,"Phoenix-Mesa-Scottsdale, AZ",1045,1x1,642,1577,06/09/2024,False
Audere Apartments,"Phoenix-Mesa-Scottsdale, AZ",1045,1x1,642,1528,06/10/2024,False
Audere Apartments,"Phoenix-Mesa-Scottsdale, AZ",1045,1x1,642,1527,06/11/2024,False
Audere Apartments,"Phoenix-Mesa-Scottsdale, AZ",1045,1x1,642,1581,06/12/2024,False
Audere Apartments,"Phoenix-Mesa-Scottsdale, AZ",1045,1x1,642,1581,06/13/2024,False
Audere Apartments,"Phoenix-Mesa-Scottsdale, AZ",1045,1x1,642,1581,06/14/2024,False
Audere Apartments,"Phoenix-Mesa-Scottsdale, AZ",1045,1x1,642,1581,06/15/2024,False
Audere Apartments,"Phoenix-Mesa-Scottsdale, AZ",1045,1x1,642,1581,06/16/2024,False
Audere Apartments,"Phoenix-Mesa-Scottsdale, AZ",1045,1x1,642,1542,06/17/2024,False
Audere Apartments,"Phoenix-Mesa-Scottsdale, AZ",1045,1x1,642,1542,06/18/2024,False
Audere Apartments,"Phoenix-Mesa-Scottsdale, AZ",1045,1x1,642,1542,06/19/2024,False
Audere Apartments,"Phoenix-Mesa-Scottsdale, AZ",1045,1x1,642,1542,06/20/2024,False
Audere Apartments,"Phoenix-Mesa-Scottsdale, AZ",1045,1x1,642,1525,06/21/2024,False
Audere Apartments,"Phoenix-Mesa-Scottsdale, AZ",1045,1x1,642,1525,06/22/2024,False
Audere Apartments,"Phoenix-Mesa-Scottsdale, AZ",1045,1x1,642,1525,06/23/2024,False
Audere Apartments,"Phoenix-Mesa-Scottsdale, AZ",1045,1x1,642,1525,06/24/2024,False
Audere Apartments,"Phoenix-Mesa-Scottsdale, AZ",1045,1x1,642,1525,06/25/2024,False
Audere Apartments,"Phoenix-Mesa-Scottsdale, AZ",1045,1x1,642,1541,06/26/2024,False
Audere Apartments,"Phoenix-Mesa-Scottsdale, AZ",1045,1x1,642,1509,06/27/2024,False
Audere Apartments,"Phoenix-Mesa-Scottsdale, AZ",1045,1x1,642,1478,06/28/2024,False
Audere Apartments,"Phoenix-Mesa-Scottsdale, AZ",1045,1x1,642,1507,06/29/2024,False
Audere Apartments,"Phoenix-Mesa-Scottsdale, AZ",1045,1x1,642,1507,06/30/2024,False
Audere Apartments,"Phoenix-Mesa-Scottsdale, AZ",1045,1x1,642,1634,07/01/2024,False
Audere Apartments,"Phoenix-Mesa-Scottsdale, AZ",1045,1x1,642,1539,07/02/2024,False
Audere Apartments,"Phoenix-Mesa-Scottsdale, AZ",1045,1x1,642,1515,07/03/2024,False
Audere Apartments,"Phoenix-Mesa-Scottsdale, AZ",1045,1x1,642,1515,07/04/2024,False
Audere Apartments,"Phoenix-Mesa-Scottsdale, AZ",1045,1x1,642,1515,07/05/2024,False
Audere Apartments,"Phoenix-Mesa-Scottsdale, AZ",1045,1x1,642,1515,07/06/2024,False
Audere Apartments,"Phoenix-Mesa-Scottsdale, AZ",1045,1x1,642,1515,07/07/2024,False
Audere Apartments,"Phoenix-Mesa-Scottsdale, AZ",1045,1x1,642,1484,07/08/2024,False
Audere Apartments,"Phoenix-Mesa-Scottsdale, AZ",1045,1x1,642,1454,07/09/2024,False
Audere Apartments,"Phoenix-Mesa-Scottsdale, AZ",1045,1x1,642,1424,07/10/2024,False
Audere Apartments,"Phoenix-Mesa-Scottsdale, AZ",1045,1x1,642,1406,07/11/2024,False
Audere Apartments,"Phoenix-Mesa-Scottsdale, AZ",1045,1x1,642,1401,07/12/2024,False
Audere Apartments,"Phoenix-Mesa-Scottsdale, AZ",1045,1x1,642,1396,07/13/2024,False
Audere Apartments,"Phoenix-Mesa-Scottsdale, AZ",1045,1x1,642,1391,07/14/2024,False
Audere Apartments,"Phoenix-Mesa-Scottsdale, AZ",1045,1x1,642,1359,07/15/2024,False
Audere Apartments,"Phoenix-Mesa-Scottsdale, AZ",1045,1x1,642,1350,07/16/2024,False
Audere Apartments,"Phoenix-Mesa-Scottsdale, AZ",1045,1x1,642,1350,07/17/2024,False
Audere Apartments,"Phoenix-Mesa-Scottsdale, AZ",1045,1x1,642,1350,07/18/2024,False
Audere Apartments,"Phoenix-Mesa-Scottsdale, AZ",1045,1x1,642,1350,07/19/2024,False
Audere Apartments,"Phoenix-Mesa-Scottsdale, AZ",1045,1x1,642,1350,07/20/2024,False
Audere Apartments,"Phoenix-Mesa-Scottsdale, AZ",1045,1x1,642,1350,07/21/2024,False
Audere Apartments,"Phoenix-Mesa-Scottsdale, AZ",1045,1x1,642,1350,07/22/2024,False
Audere Apartments,"Phoenix-Mesa-Scottsdale, AZ",1045,1x1,642,1398,07/23/2024,False
Audere Apartments,"Phoenix-Mesa-Scottsdale, AZ",1045,1x1,642,1377,07/24/2024,False
Audere Apartments,"Phoenix-Mesa-Scottsdale, AZ",1045,1x1,642,1377,07/25/2024,False
Audere Apartments,"Phoenix-Mesa-Scottsdale, AZ",1045,1x1,642,1377,07/26/2024,False
Audere Apartments,"Phoenix-Mesa-Scottsdale, AZ",1045,1x1,642,1329,07/27/2024,False
Audere Apartments,"Phoenix-Mesa-Scottsdale, AZ",1045,1x1,642,1329,07/28/2024,False
Audere Apartments,"Phoenix-Mesa-Scottsdale, AZ",1045,1x1,642,1329,07/29/2024,False
Audere Apartments,"Phoenix-Mesa-Scottsdale, AZ",1045,1x1,642,1329,07/30/2024,False
Audere Apartments,"Phoenix-Mesa-Scottsdale, AZ",1045,1x1,642,1397,07/31/2024,False
Audere Apartments,"Phoenix-Mesa-Scottsdale, AZ",1045,1x1,642,1397,08/01/2024,False
Audere Apartments,"Phoenix-Mesa-Scottsdale, AZ",1045,1x1,642,1438,08/02/2024,False
Audere Apartments,"Phoenix-Mesa-Scottsdale, AZ",1045,1x1,642,1438,08/03/2024,False
Audere Apartments,"Phoenix-Mesa-Scottsdale, AZ",1045,1x1,642,1438,08/04/2024,False
Audere Apartments,"Phoenix-Mesa-Scottsdale, AZ",1045,1x1,642,1434,08/05/2024,False
Audere Apartments,"Phoenix-Mesa-Scottsdale, AZ",1045,1x1,642,1448,08/06/2024,False
Audere Apartments,"Phoenix-Mesa-Scottsdale, AZ",1045,1x1,642,1474,08/07/2024,False
Audere Apartments,"Phoenix-Mesa-Scottsdale, AZ",1045,1x1,642,1500,08/08/2024,False
Audere Apartments,"Phoenix-Mesa-Scottsdale, AZ",1045,1x1,642,1526,08/09/2024,False
Audere Apartments,"Phoenix-Mesa-Scottsdale, AZ",1045,1x1,642,1522,08/10/2024,False
Audere Apartments,"Phoenix-Mesa-Scottsdale, AZ",1045,1x1,642,1518,08/11/2024,False
Audere Apartments,"Phoenix-Mesa-Scottsdale, AZ",1045,1x1,642,1528,08/12/2024,False
Audere Apartments,"Phoenix-Mesa-Scottsdale, AZ",1045,1x1,642,1524,08/13/2024,False
Audere Apartments,"Phoenix-Mesa-Scottsdale, AZ",1045,1x1,642,1520,08/14/2024,False
Audere Apartments,"Phoenix-Mesa-Scottsdale, AZ",1045,1x1,642,1545,08/15/2024,False
Audere Apartments,"Phoenix-Mesa-Scottsdale, AZ",1045,1x1,642,1512,08/16/2024,False
Audere Apartments,"Phoenix-Mesa-Scottsdale, AZ",1045,1x1,642,1508,08/17/2024,False
Audere Apartments,"Phoenix-Mesa-Scottsdale, AZ",1045,1x1,642,1505,08/18/2024,False
Audere Apartments,"Phoenix-Mesa-Scottsdale, AZ",1045,1x1,642,1501,08/19/2024,False
Audere Apartments,"Phoenix-Mesa-Scottsdale, AZ",1045,1x1,642,1481,08/20/2024,False
Audere Apartments,"Phoenix-Mesa-Scottsdale, AZ",1045,1x1,642,1480,08/21/2024,False
Audere Apartments,"Phoenix-Mesa-Scottsdale, AZ",1045,1x1,642,1478,08/22/2024,False
Audere Apartments,"Phoenix-Mesa-Scottsdale, AZ",1045,1x1,642,1499,08/23/2024,False
Audere Apartments,"Phoenix-Mesa-Scottsdale, AZ",1045,1x1,642,1499,08/24/2024,False
Audere Apartments,"Phoenix-Mesa-Scottsdale, AZ",1045,1x1,642,1499,08/25/2024,False
Audere Apartments,"Phoenix-Mesa-Scottsdale, AZ",1045,1x1,642,1516,08/26/2024,False
Audere Apartments,"Phoenix-Mesa-Scottsdale, AZ",1045,1x1,642,1516,08/27/2024,False
Audere Apartments,"Phoenix-Mesa-Scottsdale, AZ",1045,1x1,642,1581,08/28/2024,False
Audere Apartments,"Phoenix-Mesa-Scottsdale, AZ",1045,1x1,642,1556,08/29/2024,False
Audere Apartments,"Phoenix-Mesa-Scottsdale, AZ",1045,1x1,642,1539,08/30/2024,False
Audere Apartments,"Phoenix-Mesa-Scottsdale, AZ",1045,1x1,642,1539,08/31/2024,False
Audere Apartments,"Phoenix-Mesa-Scottsdale, AZ",1045,1x1,642,1539,09/01/2024,False
Audere Apartments,"Phoenix-Mesa-Scottsdale, AZ",1045,1x1,642,1567,09/02/2024,False
Audere Apartments,"Phoenix-Mesa-Scottsdale, AZ",1045,1x1,642,1488,09/03/2024,False
Audere Apartments,"Phoenix-Mesa-Scottsdale, AZ",1045,1x1,642,1488,09/04/2024,False
Audere Apartments,"Phoenix-Mesa-Scottsdale, AZ",1045,1x1,642,1488,09/05/2024,False
Audere Apartments,"Phoenix-Mesa-Scottsdale, AZ",1045,1x1,642,1468,09/06/2024,False
Audere Apartments,"Phoenix-Mesa-Scottsdale, AZ",1045,1x1,642,1468,09/07/2024,False
Audere Apartments,"Phoenix-Mesa-Scottsdale, AZ",1045,1x1,642,1468,09/08/2024,False
Audere Apartments,"Phoenix-Mesa-Scottsdale, AZ",1045,1x1,642,1468,09/09/2024,False
Audere Apartments,"Phoenix-Mesa-Scottsdale, AZ",1045,1x1,642,1468,09/10/2024,False
Audere Apartments,"Phoenix-Mesa-Scottsdale, AZ",1045,1x1,642,1468,09/11/2024,False
Audere Apartments,"Phoenix-Mesa-Scottsdale, AZ",1045,1x1,642,1438,09/12/2024,False
Audere Apartments,"Phoenix-Mesa-Scottsdale, AZ",1045,1x1,642,1408,09/13/2024,False
Audere Apartments,"Phoenix-Mesa-Scottsdale, AZ",1045,1x1,642,1408,09/14/2024,False
Audere Apartments,"Phoenix-Mesa-Scottsdale, AZ",1045,1x1,642,1408,09/15/2024,False
Audere Apartments,"Phoenix-Mesa-Scottsdale, AZ",1045,1x1,642,1378,09/16/2024,False
Audere Apartments,"Phoenix-Mesa-Scottsdale, AZ",1045,1x1,642,1361,09/17/2024,False
Audere Apartments,"Phoenix-Mesa-Scottsdale, AZ",1045,1x1,642,1361,09/18/2024,False
Audere Apartments,"Phoenix-Mesa-Scottsdale, AZ",1045,1x1,642,1361,09/19/2024,False
Audere Apartments,"Phoenix-Mesa-Scottsdale, AZ",1045,1x1,642,1333,09/20/2024,False
Audere Apartments,"Phoenix-Mesa-Scottsdale, AZ",1045,1x1,642,1333,09/21/2024,False
Audere Apartments,"Phoenix-Mesa-Scottsdale, AZ",1045,1x1,642,1379,09/22/2024,False
Audere Apartments,"Phoenix-Mesa-Scottsdale, AZ",1045,1x1,642,1393,09/23/2024,False
Audere Apartments,"Phoenix-Mesa-Scottsdale, AZ",1045,1x1,642,1407,09/24/2024,False
Audere Apartments,"Phoenix-Mesa-Scottsdale, AZ",1045,1x1,642,1417,09/25/2024,False
Audere Apartments,"Phoenix-Mesa-Scottsdale, AZ",1045,1x1,642,1343,09/26/2024,False
Audere Apartments,"Phoenix-Mesa-Scottsdale, AZ",1045,1x1,642,1343,09/27/2024,False
Audere Apartments,"Phoenix-Mesa-Scottsdale, AZ",1045,1x1,642,1343,09/28/2024,False
Audere Apartments,"Phoenix-Mesa-Scottsdale, AZ",1045,1x1,642,1389,09/29/2024,False
Audere Apartments,"Phoenix-Mesa-Scottsdale, AZ",1045,1x1,642,1389,09/30/2024,False
Audere Apartments,"Phoenix-Mesa-Scottsdale, AZ",1045,1x1,642,1389,10/01/2024,False
Audere Apartments,"Phoenix-Mesa-Scottsdale, AZ",1045,1x1,642,1404,10/02/2024,False
Audere Apartments,"Phoenix-Mesa-Scottsdale, AZ",1045,1x1,642,1419,10/03/2024,False
Audere Apartments,"Phoenix-Mesa-Scottsdale, AZ",1045,1x1,642,1357,10/04/2024,False
Audere Apartments,"Phoenix-Mesa-Scottsdale, AZ",1045,1x1,642,1357,10/05/2024,False
Audere Apartments,"Phoenix-Mesa-Scottsdale, AZ",1045,1x1,642,1371,10/06/2024,False
Audere Apartments,"Phoenix-Mesa-Scottsdale, AZ",1045,1x1,642,1342,10/07/2024,False
Audere Apartments,"Phoenix-Mesa-Scottsdale, AZ",1045,1x1,642,1342,10/08/2024,False
Audere Apartments,"Phoenix-Mesa-Scottsdale, AZ",1045,1x1,642,1314,10/09/2024,False
Audere Apartments,"Phoenix-Mesa-Scottsdale, AZ",1045,1x1,642,1287,10/10/2024,False
Audere Apartments,"Phoenix-Mesa-Scottsdale, AZ",1045,1x1,642,1295,10/11/2024,False
Audere Apartments,"Phoenix-Mesa-Scottsdale, AZ",1045,1x1,642,1324,10/12/2024,False
Audere Apartments,"Phoenix-Mesa-Scottsdale, AZ",1045,1x1,642,1324,10/13/2024,False
Audere Apartments,"Phoenix-Mesa-Scottsdale, AZ",1045,1x1,642,1338,10/14/2024,False
Audere Apartments,"Phoenix-Mesa-Scottsdale, AZ",1045,1x1,642,1371,10/15/2024,False
Audere Apartments,"Phoenix-Mesa-Scottsdale, AZ",1045,1x1,642,1384,10/16/2024,False
Audere Apartments,"Phoenix-Mesa-Scottsdale, AZ",1045,1x1,642,1398,10/17/2024,False
Audere Apartments,"Phoenix-Mesa-Scottsdale, AZ",1045,1x1,642,1412,10/18/2024,False
Audere Apartments,"Phoenix-Mesa-Scottsdale, AZ",1045,1x1,642,1412,10/19/2024,False
Audere Apartments,"Phoenix-Mesa-Scottsdale, AZ",1045,1x1,642,1412,10/20/2024,False
Audere Apartments,"Phoenix-Mesa-Scottsdale, AZ",1045,1x1,642,1426,10/21/2024,False
Audere Apartments,"Phoenix-Mesa-Scottsdale, AZ",1045,1x1,642,1439,10/22/2024,False
Audere Apartments,"Phoenix-Mesa-Scottsdale, AZ",1045,1x1,642,1454,10/23/2024,False
Audere Apartments,"Phoenix-Mesa-Scottsdale, AZ",1045,1x1,642,1455,10/24/2024,False
Audere Apartments,"Phoenix-Mesa-Scottsdale, AZ",1045,1x1,642,1470,10/25/2024,False
Audere Apartments,"Phoenix-Mesa-Scottsdale, AZ",1045,1x1,642,1470,10/26/2024,False
Audere Apartments,"Phoenix-Mesa-Scottsdale, AZ",1045,1x1,642,1470,10/27/2024,False
Audere Apartments,"Phoenix-Mesa-Scottsdale, AZ",1045,1x1,642,1484,10/28/2024,False
Audere Apartments,"Phoenix-Mesa-Scottsdale, AZ",1045,1x1,642,1499,10/29/2024,False
Audere Apartments,"Phoenix-Mesa-Scottsdale, AZ",1045,1x1,642,1515,10/30/2024,False
Audere Apartments,"Phoenix-Mesa-Scottsdale, AZ",1045,1x1,642,1561,10/31/2024,False
Audere Apartments,"Phoenix-Mesa-Scottsdale, AZ",1045,1x1,642,1561,11/01/2024,False
Audere Apartments,"Phoenix-Mesa-Scottsdale, AZ",1045,1x1,642,1585,11/02/2024,False
Audere Apartments,"Phoenix-Mesa-Scottsdale, AZ",1045,1x1,642,1585,11/03/2024,False
Audere Apartments,"Phoenix-Mesa-Scottsdale, AZ",1045,1x1,642,1554,11/04/2024,False
Audere Apartments,"Phoenix-Mesa-Scottsdale, AZ",1045,1x1,642,1459,11/05/2024,False
Audere Apartments,"Phoenix-Mesa-Scottsdale, AZ",1045,1x1,642,1429,11/06/2024,False
Audere Apartments,"Phoenix-Mesa-Scottsdale, AZ",1045,1x1,642,1444,11/07/2024,False
Audere Apartments,"Phoenix-Mesa-Scottsdale, AZ",1045,1x1,642,1444,11/08/2024,False
Audere Apartments,"Phoenix-Mesa-Scottsdale, AZ",1045,1x1,642,1444,11/09/2024,False
Audere Apartments,"Phoenix-Mesa-Scottsdale, AZ",1045,1x1,642,1444,11/10/2024,False
Audere Apartments,"Phoenix-Mesa-Scottsdale, AZ",1045,1x1,642,1415,11/11/2024,False
Audere Apartments,"Phoenix-Mesa-Scottsdale, AZ",1045,1x1,642,1415,11/12/2024,False
Audere Apartments,"Phoenix-Mesa-Scottsdale, AZ",1045,1x1,642,1415,11/13/2024,False
Audere Apartments,"Phoenix-Mesa-Scottsdale, AZ",1045,1x1,642,1386,11/14/2024,False
Audere Apartments,"Phoenix-Mesa-Scottsdale, AZ",1045,1x1,642,1386,11/15/2024,False
Audere Apartments,"Phoenix-Mesa-Scottsdale, AZ",1045,1x1,642,1386,11/16/2024,False
Audere Apartments,"Phoenix-Mesa-Scottsdale, AZ",1045,1x1,642,1386,11/17/2024,False
Audere Apartments,"Phoenix-Mesa-Scottsdale, AZ",1045,1x1,642,1386,11/18/2024,False
Audere Apartments,"Phoenix-Mesa-Scottsdale, AZ",1045,1x1,642,1357,11/19/2024,False
Audere Apartments,"Phoenix-Mesa-Scottsdale, AZ",1045,1x1,642,1357,11/20/2024,True
Audere Apartments,"Phoenix-Mesa-Scottsdale, AZ",1046,3x2,1310,2490,06/22/2023,False
Audere Apartments,"Phoenix-Mesa-Scottsdale, AZ",1046,3x2,1310,2740,06/23/2023,False
Audere Apartments,"Phoenix-Mesa-Scottsdale, AZ",1046,3x2,1310,2740,06/24/2023,False
Audere Apartments,"Phoenix-Mesa-Scottsdale, AZ",1046,3x2,1310,2705,06/25/2023,False
Audere Apartments,"Phoenix-Mesa-Scottsdale, AZ",1046,3x2,1310,2710,06/26/2023,False
Audere Apartments,"Phoenix-Mesa-Scottsdale, AZ",1046,3x2,1310,2710,06/27/2023,False
Audere Apartments,"Phoenix-Mesa-Scottsdale, AZ",1046,3x2,1310,2710,06/28/2023,False
Audere Apartments,"Phoenix-Mesa-Scottsdale, AZ",1046,3x2,1310,2720,06/29/2023,False
Audere Apartments,"Phoenix-Mesa-Scottsdale, AZ",1046,3x2,1310,2720,06/30/2023,False
Audere Apartments,"Phoenix-Mesa-Scottsdale, AZ",1046,3x2,1310,2705,07/01/2023,False
Audere Apartments,"Phoenix-Mesa-Scottsdale, AZ",1046,3x2,1310,2705,07/02/2023,False
Audere Apartments,"Phoenix-Mesa-Scottsdale, AZ",1046,3x2,1310,2705,07/03/2023,False
Audere Apartments,"Phoenix-Mesa-Scottsdale, AZ",1046,3x2,1310,2700,07/04/2023,False
Audere Apartments,"Phoenix-Mesa-Scottsdale, AZ",1046,3x2,1310,2680,07/05/2023,False
Audere Apartments,"Phoenix-Mesa-Scottsdale, AZ",1046,3x2,1310,2680,07/06/2023,False
Audere Apartments,"Phoenix-Mesa-Scottsdale, AZ",1046,3x2,1310,2660,07/07/2023,False
Audere Apartments,"Phoenix-Mesa-Scottsdale, AZ",1046,3x2,1310,2660,07/08/2023,False
Audere Apartments,"Phoenix-Mesa-Scottsdale, AZ",1046,3x2,1310,2660,07/09/2023,False
Audere Apartments,"Phoenix-Mesa-Scottsdale, AZ",1046,3x2,1310,2660,07/10/2023,False
Audere Apartments,"Phoenix-Mesa-Scottsdale, AZ",1046,3x2,1310,2655,07/11/2023,False
Audere Apartments,"Phoenix-Mesa-Scottsdale, AZ",1046,3x2,1310,2655,07/12/2023,True
Audere Apartments,"Phoenix-Mesa-Scottsdale, AZ",1046,3x2,1310,2106,08/16/2024,False
Audere Apartments,"Phoenix-Mesa-Scottsdale, AZ",1046,3x2,1310,2106,08/17/2024,False
Audere Apartments,"Phoenix-Mesa-Scottsdale, AZ",1046,3x2,1310,2106,08/18/2024,False
Audere Apartments,"Phoenix-Mesa-Scottsdale, AZ",1046,3x2,1310,2106,08/19/2024,True
Audere Apartments,"Phoenix-Mesa-Scottsdale, AZ",1047,1x1,642,1650,12/07/2023,False
Audere Apartments,"Phoenix-Mesa-Scottsdale, AZ",1047,1x1,642,1650,12/08/2023,False
Audere Apartments,"Phoenix-Mesa-Scottsdale, AZ",1047,1x1,642,1655,12/09/2023,False
Audere Apartments,"Phoenix-Mesa-Scottsdale, AZ",1047,1x1,642,1650,12/10/2023,False
Audere Apartments,"Phoenix-Mesa-Scottsdale, AZ",1047,1x1,642,1650,12/11/2023,False
Audere Apartments,"Phoenix-Mesa-Scottsdale, AZ",1047,1x1,642,1650,12/12/2023,False
Audere Apartments,"Phoenix-Mesa-Scottsdale, AZ",1047,1x1,642,1660,12/13/2023,False
Audere Apartments,"Phoenix-Mesa-Scottsdale, AZ",1047,1x1,642,1660,12/14/2023,False
Audere Apartments,"Phoenix-Mesa-Scottsdale, AZ",1047,1x1,642,1660,12/15/2023,False
Audere Apartments,"Phoenix-Mesa-Scottsdale, AZ",1047,1x1,642,1660,12/16/2023,False
Audere Apartments,"Phoenix-Mesa-Scottsdale, AZ",1047,1x1,642,1660,12/17/2023,False
Audere Apartments,"Phoenix-Mesa-Scottsdale, AZ",1047,1x1,642,1655,12/18/2023,False
Audere Apartments,"Phoenix-Mesa-Scottsdale, AZ",1047,1x1,642,1655,12/19/2023,False
Audere Apartments,"Phoenix-Mesa-Scottsdale, AZ",1047,1x1,642,1655,12/20/2023,False
Audere Apartments,"Phoenix-Mesa-Scottsdale, AZ",1047,1x1,642,1655,12/21/2023,False
Audere Apartments,"Phoenix-Mesa-Scottsdale, AZ",1047,1x1,642,1655,12/22/2023,False
Audere Apartments,"Phoenix-Mesa-Scottsdale, AZ",1047,1x1,642,1655,12/23/2023,False
Audere Apartments,"Phoenix-Mesa-Scottsdale, AZ",1047,1x1,642,1655,12/24/2023,False
Audere Apartments,"Phoenix-Mesa-Scottsdale, AZ",1047,1x1,642,1655,12/25/2023,False
Audere Apartments,"Phoenix-Mesa-Scottsdale, AZ",1047,1x1,642,1655,12/26/2023,False
Audere Apartments,"Phoenix-Mesa-Scottsdale, AZ",1047,1x1,642,1650,12/27/2023,False
Audere Apartments,"Phoenix-Mesa-Scottsdale, AZ",1047,1x1,642,1650,12/28/2023,False
Audere Apartments,"Phoenix-Mesa-Scottsdale, AZ",1047,1x1,642,1650,12/29/2023,False
Audere Apartments,"Phoenix-Mesa-Scottsdale, AZ",1047,1x1,642,1650,12/30/2023,False
Audere Apartments,"Phoenix-Mesa-Scottsdale, AZ",1047,1x1,642,1650,12/31/2023,False
Audere Apartments,"Phoenix-Mesa-Scottsdale, AZ",1047,1x1,642,1650,01/01/2024,False
Audere Apartments,"Phoenix-Mesa-Scottsdale, AZ",1047,1x1,642,1645,01/02/2024,False
Audere Apartments,"Phoenix-Mesa-Scottsdale, AZ",1047,1x1,642,1645,01/03/2024,False
Audere Apartments,"Phoenix-Mesa-Scottsdale, AZ",1047,1x1,642,1645,01/04/2024,False
Audere Apartments,"Phoenix-Mesa-Scottsdale, AZ",1047,1x1,642,1645,01/05/2024,False
Audere Apartments,"Phoenix-Mesa-Scottsdale, AZ",1047,1x1,642,1635,01/06/2024,False
Audere Apartments,"Phoenix-Mesa-Scottsdale, AZ",1047,1x1,642,1635,01/07/2024,False
Audere Apartments,"Phoenix-Mesa-Scottsdale, AZ",1047,1x1,642,1635,01/08/2024,False
Audere Apartments,"Phoenix-Mesa-Scottsdale, AZ",1047,1x1,642,1625,01/09/2024,False
Audere Apartments,"Phoenix-Mesa-Scottsdale, AZ",1047,1x1,642,1625,01/10/2024,False
Audere Apartments,"Phoenix-Mesa-Scottsdale, AZ",1047,1x1,642,1625,01/11/2024,False
Audere Apartments,"Phoenix-Mesa-Scottsdale, AZ",1047,1x1,642,1625,01/12/2024,False
Audere Apartments,"Phoenix-Mesa-Scottsdale, AZ",1047,1x1,642,1625,01/13/2024,False
Audere Apartments,"Phoenix-Mesa-Scottsdale, AZ",1047,1x1,642,1620,01/14/2024,False
Audere Apartments,"Phoenix-Mesa-Scottsdale, AZ",1047,1x1,642,1620,01/15/2024,False
Audere Apartments,"Phoenix-Mesa-Scottsdale, AZ",1047,1x1,642,1620,01/16/2024,False
Audere Apartments,"Phoenix-Mesa-Scottsdale, AZ",1047,1x1,642,1620,01/17/2024,False
Audere Apartments,"Phoenix-Mesa-Scottsdale, AZ",1047,1x1,642,1620,01/18/2024,False
Audere Apartments,"Phoenix-Mesa-Scottsdale, AZ",1047,1x1,642,1530,01/19/2024,False
Audere Apartments,"Phoenix-Mesa-Scottsdale, AZ",1047,1x1,642,1530,01/20/2024,False
Audere Apartments,"Phoenix-Mesa-Scottsdale, AZ",1047,1x1,642,1530,01/21/2024,False
Audere Apartments,"Phoenix-Mesa-Scottsdale, AZ",1047,1x1,642,1530,01/22/2024,False
Audere Apartments,"Phoenix-Mesa-Scottsdale, AZ",1047,1x1,642,1530,01/23/2024,False
Audere Apartments,"Phoenix-Mesa-Scottsdale, AZ",1047,1x1,642,1530,01/24/2024,False
Audere Apartments,"Phoenix-Mesa-Scottsdale, AZ",1047,1x1,642,1530,01/25/2024,False
Audere Apartments,"Phoenix-Mesa-Scottsdale, AZ",1047,1x1,642,1530,01/26/2024,False
Audere Apartments,"Phoenix-Mesa-Scottsdale, AZ",1047,1x1,642,1530,01/27/2024,False
Audere Apartments,"Phoenix-Mesa-Scottsdale, AZ",1047,1x1,642,1530,01/28/2024,False
Audere Apartments,"Phoenix-Mesa-Scottsdale, AZ",1047,1x1,642,1530,01/29/2024,False
Audere Apartments,"Phoenix-Mesa-Scottsdale, AZ",1047,1x1,642,1625,01/30/2024,False
Audere Apartments,"Phoenix-Mesa-Scottsdale, AZ",1047,1x1,642,1620,01/31/2024,False
Audere Apartments,"Phoenix-Mesa-Scottsdale, AZ",1047,1x1,642,1530,02/01/2024,False
Audere Apartments,"Phoenix-Mesa-Scottsdale, AZ",1047,1x1,642,1560,02/02/2024,False
Audere Apartments,"Phoenix-Mesa-Scottsdale, AZ",1047,1x1,642,1560,02/03/2024,False
Audere Apartments,"Phoenix-Mesa-Scottsdale, AZ",1047,1x1,642,1560,02/04/2024,False
Audere Apartments,"Phoenix-Mesa-Scottsdale, AZ",1047,1x1,642,1560,02/05/2024,False
Audere Apartments,"Phoenix-Mesa-Scottsdale, AZ",1047,1x1,642,1560,02/06/2024,False
Audere Apartments,"Phoenix-Mesa-Scottsdale, AZ",1047,1x1,642,1560,02/07/2024,False
Audere Apartments,"Phoenix-Mesa-Scottsdale, AZ",1047,1x1,642,1560,02/08/2024,False
Audere Apartments,"Phoenix-Mesa-Scottsdale, AZ",1047,1x1,642,1560,02/09/2024,False
Audere Apartments,"Phoenix-Mesa-Scottsdale, AZ",1047,1x1,642,1560,02/10/2024,False
Audere Apartments,"Phoenix-Mesa-Scottsdale, AZ",1047,1x1,642,1560,02/11/2024,False
Audere Apartments,"Phoenix-Mesa-Scottsdale, AZ",1047,1x1,642,1560,02/12/2024,False
Audere Apartments,"Phoenix-Mesa-Scottsdale, AZ",1047,1x1,642,1560,02/13/2024,False
Audere Apartments,"Phoenix-Mesa-Scottsdale, AZ",1047,1x1,642,1754,02/14/2024,False
Audere Apartments,"Phoenix-Mesa-Scottsdale, AZ",1047,1x1,642,1754,02/15/2024,False
Audere Apartments,"Phoenix-Mesa-Scottsdale, AZ",1047,1x1,642,1762,02/16/2024,False
Audere Apartments,"Phoenix-Mesa-Scottsdale, AZ",1047,1x1,642,1762,02/17/2024,False
Audere Apartments,"Phoenix-Mesa-Scottsdale, AZ",1047,1x1,642,1762,02/18/2024,False
Audere Apartments,"Phoenix-Mesa-Scottsdale, AZ",1047,1x1,642,1762,02/19/2024,False
Audere Apartments,"Phoenix-Mesa-Scottsdale, AZ",1047,1x1,642,1762,02/20/2024,False
Audere Apartments,"Phoenix-Mesa-Scottsdale, AZ",1047,1x1,642,1772,02/21/2024,False
Audere Apartments,"Phoenix-Mesa-Scottsdale, AZ",1047,1x1,642,1772,02/22/2024,False
Audere Apartments,"Phoenix-Mesa-Scottsdale, AZ",1047,1x1,642,1772,02/23/2024,False
Audere Apartments,"Phoenix-Mesa-Scottsdale, AZ",1047,1x1,642,1772,02/24/2024,False
Audere Apartments,"Phoenix-Mesa-Scottsdale, AZ",1047,1x1,642,1772,02/25/2024,False
Audere Apartments,"Phoenix-Mesa-Scottsdale, AZ",1047,1x1,642,1703,02/26/2024,False
Audere Apartments,"Phoenix-Mesa-Scottsdale, AZ",1047,1x1,642,1772,02/27/2024,False
Audere Apartments,"Phoenix-Mesa-Scottsdale, AZ",1047,1x1,642,1772,02/28/2024,False
Audere Apartments,"Phoenix-Mesa-Scottsdale, AZ",1047,1x1,642,1626,02/29/2024,False
Audere Apartments,"Phoenix-Mesa-Scottsdale, AZ",1047,1x1,642,1697,03/01/2024,False
Audere Apartments,"Phoenix-Mesa-Scottsdale, AZ",1047,1x1,642,1710,03/02/2024,False
Audere Apartments,"Phoenix-Mesa-Scottsdale, AZ",1047,1x1,642,1657,03/03/2024,False
Audere Apartments,"Phoenix-Mesa-Scottsdale, AZ",1047,1x1,642,1657,03/04/2024,False
Audere Apartments,"Phoenix-Mesa-Scottsdale, AZ",1047,1x1,642,1657,03/05/2024,False
Audere Apartments,"Phoenix-Mesa-Scottsdale, AZ",1047,1x1,642,1683,03/06/2024,False
Audere Apartments,"Phoenix-Mesa-Scottsdale, AZ",1047,1x1,642,1622,03/07/2024,False
Audere Apartments,"Phoenix-Mesa-Scottsdale, AZ",1047,1x1,642,1624,03/08/2024,False
Audere Apartments,"Phoenix-Mesa-Scottsdale, AZ",1047,1x1,642,1657,03/09/2024,False
Audere Apartments,"Phoenix-Mesa-Scottsdale, AZ",1047,1x1,642,1704,03/10/2024,False
Audere Apartments,"Phoenix-Mesa-Scottsdale, AZ",1047,1x1,642,1704,03/11/2024,False
Audere Apartments,"Phoenix-Mesa-Scottsdale, AZ",1047,1x1,642,1704,03/12/2024,False
Audere Apartments,"Phoenix-Mesa-Scottsdale, AZ",1047,1x1,642,1704,03/13/2024,False
Audere Apartments,"Phoenix-Mesa-Scottsdale, AZ",1047,1x1,642,1617,03/14/2024,False
Audere Apartments,"Phoenix-Mesa-Scottsdale, AZ",1047,1x1,642,1617,03/15/2024,False
Audere Apartments,"Phoenix-Mesa-Scottsdale, AZ",1047,1x1,642,1617,03/16/2024,False
Audere Apartments,"Phoenix-Mesa-Scottsdale, AZ",1047,1x1,642,1580,03/17/2024,False
Audere Apartments,"Phoenix-Mesa-Scottsdale, AZ",1047,1x1,642,1580,03/18/2024,False
Audere Apartments,"Phoenix-Mesa-Scottsdale, AZ",1047,1x1,642,1584,03/19/2024,False
Audere Apartments,"Phoenix-Mesa-Scottsdale, AZ",1047,1x1,642,1533,03/20/2024,False
Audere Apartments,"Phoenix-Mesa-Scottsdale, AZ",1047,1x1,642,1489,03/21/2024,False
Audere Apartments,"Phoenix-Mesa-Scottsdale, AZ",1047,1x1,642,1456,03/22/2024,False
Audere Apartments,"Phoenix-Mesa-Scottsdale, AZ",1047,1x1,642,1502,03/23/2024,False
Audere Apartments,"Phoenix-Mesa-Scottsdale, AZ",1047,1x1,642,1502,03/24/2024,False
Audere Apartments,"Phoenix-Mesa-Scottsdale, AZ",1047,1x1,642,1502,03/25/2024,False
Audere Apartments,"Phoenix-Mesa-Scottsdale, AZ",1047,1x1,642,1502,03/26/2024,False
Audere Apartments,"Phoenix-Mesa-Scottsdale, AZ",1047,1x1,642,1455,03/27/2024,False
Audere Apartments,"Phoenix-Mesa-Scottsdale, AZ",1047,1x1,642,1379,03/28/2024,False
Audere Apartments,"Phoenix-Mesa-Scottsdale, AZ",1047,1x1,642,1307,03/29/2024,False
Audere Apartments,"Phoenix-Mesa-Scottsdale, AZ",1047,1x1,642,1382,03/30/2024,False
Audere Apartments,"Phoenix-Mesa-Scottsdale, AZ",1047,1x1,642,1382,03/31/2024,False
Audere Apartments,"Phoenix-Mesa-Scottsdale, AZ",1047,1x1,642,1385,04/01/2024,False
Audere Apartments,"Phoenix-Mesa-Scottsdale, AZ",1047,1x1,642,1382,04/02/2024,False
Audere Apartments,"Phoenix-Mesa-Scottsdale, AZ",1047,1x1,642,1382,04/03/2024,False
Audere Apartments,"Phoenix-Mesa-Scottsdale, AZ",1047,1x1,642,1382,04/04/2024,False
Audere Apartments,"Phoenix-Mesa-Scottsdale, AZ",1047,1x1,642,1382,04/05/2024,False
Audere Apartments,"Phoenix-Mesa-Scottsdale, AZ",1047,1x1,642,1382,04/06/2024,False
Audere Apartments,"Phoenix-Mesa-Scottsdale, AZ",1047,1x1,642,1382,04/07/2024,False
Audere Apartments,"Phoenix-Mesa-Scottsdale, AZ",1047,1x1,642,1382,04/08/2024,False
Audere Apartments,"Phoenix-Mesa-Scottsdale, AZ",1047,1x1,642,1382,04/09/2024,False
Audere Apartments,"Phoenix-Mesa-Scottsdale, AZ",1047,1x1,642,1382,04/10/2024,False
Audere Apartments,"Phoenix-Mesa-Scottsdale, AZ",1047,1x1,642,1382,04/11/2024,False
Audere Apartments,"Phoenix-Mesa-Scottsdale, AZ",1047,1x1,642,1518,04/12/2024,False
Audere Apartments,"Phoenix-Mesa-Scottsdale, AZ",1047,1x1,642,1461,04/13/2024,False
Audere Apartments,"Phoenix-Mesa-Scottsdale, AZ",1047,1x1,642,1461,04/14/2024,False
Audere Apartments,"Phoenix-Mesa-Scottsdale, AZ",1047,1x1,642,1461,04/15/2024,False
Audere Apartments,"Phoenix-Mesa-Scottsdale, AZ",1047,1x1,642,1461,04/16/2024,False
Audere Apartments,"Phoenix-Mesa-Scottsdale, AZ",1047,1x1,642,1385,04/17/2024,False
Audere Apartments,"Phoenix-Mesa-Scottsdale, AZ",1047,1x1,642,1385,04/18/2024,True
Audere Apartments,"Phoenix-Mesa-Scottsdale, AZ",1047,1x1,642,1666,04/05/2025,False
Audere Apartments,"Phoenix-Mesa-Scottsdale, AZ",1047,1x1,642,1666,04/06/2025,False
Audere Apartments,"Phoenix-Mesa-Scottsdale, AZ",1047,1x1,642,1649,04/07/2025,False
Audere Apartments,"Phoenix-Mesa-Scottsdale, AZ",1047,1x1,642,1632,04/08/2025,False
Audere Apartments,"Phoenix-Mesa-Scottsdale, AZ",1047,1x1,642,1615,04/09/2025,False
Audere Apartments,"Phoenix-Mesa-Scottsdale, AZ",1047,1x1,642,1616,04/10/2025,False
Audere Apartments,"Phoenix-Mesa-Scottsdale, AZ",1047,1x1,642,1560,04/11/2025,False
Audere Apartments,"Phoenix-Mesa-Scottsdale, AZ",1047,1x1,642,1560,04/12/2025,False
Audere Apartments,"Phoenix-Mesa-Scottsdale, AZ",1047,1x1,642,1560,04/13/2025,False
Audere Apartments,"Phoenix-Mesa-Scottsdale, AZ",1047,1x1,642,1576,04/14/2025,False
Audere Apartments,"Phoenix-Mesa-Scottsdale, AZ",1047,1x1,642,1560,04/15/2025,False
Audere Apartments,"Phoenix-Mesa-Scottsdale, AZ",1047,1x1,642,1544,04/16/2025,False
Audere Apartments,"Phoenix-Mesa-Scottsdale, AZ",1047,1x1,642,1528,04/17/2025,False
Audere Apartments,"Phoenix-Mesa-Scottsdale, AZ",1047,1x1,642,1449,04/18/2025,False
Audere Apartments,"Phoenix-Mesa-Scottsdale, AZ",1047,1x1,642,1449,04/19/2025,False
Audere Apartments,"Phoenix-Mesa-Scottsdale, AZ",1047,1x1,642,1449,04/20/2025,False
Audere Apartments,"Phoenix-Mesa-Scottsdale, AZ",1047,1x1,642,1448,04/21/2025,False
Audere Apartments,"Phoenix-Mesa-Scottsdale, AZ",1047,1x1,642,1463,04/22/2025,False
Audere Apartments,"Phoenix-Mesa-Scottsdale, AZ",1047,1x1,642,1463,04/23/2025,False
Audere Apartments,"Phoenix-Mesa-Scottsdale, AZ",1047,1x1,642,1524,04/24/2025,False
Audere Apartments,"Phoenix-Mesa-Scottsdale, AZ",1047,1x1,642,1508,04/25/2025,False
Audere Apartments,"Phoenix-Mesa-Scottsdale, AZ",1047,1x1,642,1508,04/26/2025,False
Audere Apartments,"Phoenix-Mesa-Scottsdale, AZ",1047,1x1,642,1508,04/27/2025,True
Audere Apartments,"Phoenix-Mesa-Scottsdale, AZ",1049,2x2,1040,1915,07/27/2023,False
Audere Apartments,"Phoenix-Mesa-Scottsdale, AZ",1049,2x2,1040,1920,07/28/2023,False
Audere Apartments,"Phoenix-Mesa-Scottsdale, AZ",1049,2x2,1040,1915,07/29/2023,False
Audere Apartments,"Phoenix-Mesa-Scottsdale, AZ",1049,2x2,1040,1915,07/30/2023,False
Audere Apartments,"Phoenix-Mesa-Scottsdale, AZ",1049,2x2,1040,1915,07/31/2023,False
Audere Apartments,"Phoenix-Mesa-Scottsdale, AZ",1049,2x2,1040,1930,08/01/2023,False
Audere Apartments,"Phoenix-Mesa-Scottsdale, AZ",1049,2x2,1040,1890,08/02/2023,False
Audere Apartments,"Phoenix-Mesa-Scottsdale, AZ",1049,2x2,1040,1905,08/03/2023,False
Audere Apartments,"Phoenix-Mesa-Scottsdale, AZ",1049,2x2,1040,1905,08/04/2023,False
Audere Apartments,"Phoenix-Mesa-Scottsdale, AZ",1049,2x2,1040,1910,08/05/2023,False
Audere Apartments,"Phoenix-Mesa-Scottsdale, AZ",1049,2x2,1040,1905,08/06/2023,False
Audere Apartments,"Phoenix-Mesa-Scottsdale, AZ",1049,2x2,1040,1905,08/07/2023,False
Audere Apartments,"Phoenix-Mesa-Scottsdale, AZ",1049,2x2,1040,1915,08/08/2023,False
Audere Apartments,"Phoenix-Mesa-Scottsdale, AZ",1049,2x2,1040,1905,08/09/2023,False
Audere Apartments,"Phoenix-Mesa-Scottsdale, AZ",1049,2x2,1040,1895,08/10/2023,False
Audere Apartments,"Phoenix-Mesa-Scottsdale, AZ",1049,2x2,1040,1885,08/11/2023,False
Audere Apartments,"Phoenix-Mesa-Scottsdale, AZ",1049,2x2,1040,1880,08/12/2023,False
Audere Apartments,"Phoenix-Mesa-Scottsdale, AZ",1049,2x2,1040,1860,08/13/2023,False
Audere Apartments,"Phoenix-Mesa-Scottsdale, AZ",1049,2x2,1040,1850,08/14/2023,False
Audere Apartments,"Phoenix-Mesa-Scottsdale, AZ",1049,2x2,1040,1835,08/15/2023,False
Audere Apartments,"Phoenix-Mesa-Scottsdale, AZ",1049,2x2,1040,1845,08/16/2023,False
Audere Apartments,"Phoenix-Mesa-Scottsdale, AZ",1049,2x2,1040,1825,08/17/2023,False
Audere Apartments,"Phoenix-Mesa-Scottsdale, AZ",1049,2x2,1040,1845,08/18/2023,False
Audere Apartments,"Phoenix-Mesa-Scottsdale, AZ",1049,2x2,1040,1845,08/19/2023,False
Audere Apartments,"Phoenix-Mesa-Scottsdale, AZ",1049,2x2,1040,1845,08/20/2023,False
Audere Apartments,"Phoenix-Mesa-Scottsdale, AZ",1049,2x2,1040,1845,08/21/2023,False
Audere Apartments,"Phoenix-Mesa-Scottsdale, AZ",1049,2x2,1040,1845,08/22/2023,True
Audere Apartments,"Phoenix-Mesa-Scottsdale, AZ",1051,2x2,1040,2015,06/17/2023,False
Audere Apartments,"Phoenix-Mesa-Scottsdale, AZ",1051,2x2,1040,2015,06/18/2023,False
Audere Apartments,"Phoenix-Mesa-Scottsdale, AZ",1051,2x2,1040,2005,06/19/2023,False
Audere Apartments,"Phoenix-Mesa-Scottsdale, AZ",1051,2x2,1040,2015,06/20/2023,False
Audere Apartments,"Phoenix-Mesa-Scottsdale, AZ",1051,2x2,1040,2015,06/21/2023,True
Audere Apartments,"Phoenix-Mesa-Scottsdale, AZ",1051,2x2,1040,1850,05/26/2024,False
Audere Apartments,"Phoenix-Mesa-Scottsdale, AZ",1051,2x2,1040,1850,05/27/2024,False
Audere Apartments,"Phoenix-Mesa-Scottsdale, AZ",1051,2x2,1040,1850,05/28/2024,False
Audere Apartments,"Phoenix-Mesa-Scottsdale, AZ",1051,2x2,1040,1850,05/29/2024,False
Audere Apartments,"Phoenix-Mesa-Scottsdale, AZ",1051,2x2,1040,1953,05/30/2024,False
Audere Apartments,"Phoenix-Mesa-Scottsdale, AZ",1051,2x2,1040,1984,05/31/2024,False
Audere Apartments,"Phoenix-Mesa-Scottsdale, AZ",1051,2x2,1040,1953,06/01/2024,False
Audere Apartments,"Phoenix-Mesa-Scottsdale, AZ",1051,2x2,1040,1953,06/02/2024,False
Audere Apartments,"Phoenix-Mesa-Scottsdale, AZ",1051,2x2,1040,1953,06/03/2024,False
Audere Apartments,"Phoenix-Mesa-Scottsdale, AZ",1051,2x2,1040,1984,06/04/2024,False
Audere Apartments,"Phoenix-Mesa-Scottsdale, AZ",1051,2x2,1040,1982,06/05/2024,False
Audere Apartments,"Phoenix-Mesa-Scottsdale, AZ",1051,2x2,1040,2001,06/06/2024,False
Audere Apartments,"Phoenix-Mesa-Scottsdale, AZ",1051,2x2,1040,2001,06/07/2024,False
Audere Apartments,"Phoenix-Mesa-Scottsdale, AZ",1051,2x2,1040,2001,06/08/2024,False
Audere Apartments,"Phoenix-Mesa-Scottsdale, AZ",1051,2x2,1040,2001,06/09/2024,False
Audere Apartments,"Phoenix-Mesa-Scottsdale, AZ",1051,2x2,1040,2064,06/10/2024,False
Audere Apartments,"Phoenix-Mesa-Scottsdale, AZ",1051,2x2,1040,2064,06/11/2024,False
Audere Apartments,"Phoenix-Mesa-Scottsdale, AZ",1051,2x2,1040,2089,06/12/2024,False
Audere Apartments,"Phoenix-Mesa-Scottsdale, AZ",1051,2x2,1040,2089,06/13/2024,False
Audere Apartments,"Phoenix-Mesa-Scottsdale, AZ",1051,2x2,1040,2089,06/14/2024,False
Audere Apartments,"Phoenix-Mesa-Scottsdale, AZ",1051,2x2,1040,2089,06/15/2024,False
Audere Apartments,"Phoenix-Mesa-Scottsdale, AZ",1051,2x2,1040,2089,06/16/2024,False
Audere Apartments,"Phoenix-Mesa-Scottsdale, AZ",1051,2x2,1040,2006,06/17/2024,False
Audere Apartments,"Phoenix-Mesa-Scottsdale, AZ",1051,2x2,1040,2006,06/18/2024,False
Audere Apartments,"Phoenix-Mesa-Scottsdale, AZ",1051,2x2,1040,2006,06/19/2024,False
Audere Apartments,"Phoenix-Mesa-Scottsdale, AZ",1051,2x2,1040,2006,06/20/2024,False
Audere Apartments,"Phoenix-Mesa-Scottsdale, AZ",1051,2x2,1040,1925,06/21/2024,False
Audere Apartments,"Phoenix-Mesa-Scottsdale, AZ",1051,2x2,1040,1925,06/22/2024,False
Audere Apartments,"Phoenix-Mesa-Scottsdale, AZ",1051,2x2,1040,1925,06/23/2024,False
Audere Apartments,"Phoenix-Mesa-Scottsdale, AZ",1051,2x2,1040,1885,06/24/2024,False
Audere Apartments,"Phoenix-Mesa-Scottsdale, AZ",1051,2x2,1040,1924,06/25/2024,False
Audere Apartments,"Phoenix-Mesa-Scottsdale, AZ",1051,2x2,1040,1924,06/26/2024,False
Audere Apartments,"Phoenix-Mesa-Scottsdale, AZ",1051,2x2,1040,1964,06/27/2024,False
Audere Apartments,"Phoenix-Mesa-Scottsdale, AZ",1051,2x2,1040,1964,06/28/2024,False
Audere Apartments,"Phoenix-Mesa-Scottsdale, AZ",1051,2x2,1040,1964,06/29/2024,False
Audere Apartments,"Phoenix-Mesa-Scottsdale, AZ",1051,2x2,1040,1964,06/30/2024,False
Audere Apartments,"Phoenix-Mesa-Scottsdale, AZ",1051,2x2,1040,2004,07/01/2024,False
Audere Apartments,"Phoenix-Mesa-Scottsdale, AZ",1051,2x2,1040,2041,07/02/2024,False
Audere Apartments,"Phoenix-Mesa-Scottsdale, AZ",1051,2x2,1040,2071,07/03/2024,False
Audere Apartments,"Phoenix-Mesa-Scottsdale, AZ",1051,2x2,1040,2074,07/04/2024,False
Audere Apartments,"Phoenix-Mesa-Scottsdale, AZ",1051,2x2,1040,2074,07/05/2024,False
Audere Apartments,"Phoenix-Mesa-Scottsdale, AZ",1051,2x2,1040,2074,07/06/2024,False
Audere Apartments,"Phoenix-Mesa-Scottsdale, AZ",1051,2x2,1040,2074,07/07/2024,False
Audere Apartments,"Phoenix-Mesa-Scottsdale, AZ",1051,2x2,1040,2117,07/08/2024,False
Audere Apartments,"Phoenix-Mesa-Scottsdale, AZ",1051,2x2,1040,2117,07/09/2024,False
Audere Apartments,"Phoenix-Mesa-Scottsdale, AZ",1051,2x2,1040,2074,07/10/2024,False
Audere Apartments,"Phoenix-Mesa-Scottsdale, AZ",1051,2x2,1040,2031,07/11/2024,False
Audere Apartments,"Phoenix-Mesa-Scottsdale, AZ",1051,2x2,1040,1988,07/12/2024,False
Audere Apartments,"Phoenix-Mesa-Scottsdale, AZ",1051,2x2,1040,1988,07/13/2024,False
Audere Apartments,"Phoenix-Mesa-Scottsdale, AZ",1051,2x2,1040,1988,07/14/2024,False
Audere Apartments,"Phoenix-Mesa-Scottsdale, AZ",1051,2x2,1040,1964,07/15/2024,False
Audere Apartments,"Phoenix-Mesa-Scottsdale, AZ",1051,2x2,1040,1924,07/16/2024,False
Audere Apartments,"Phoenix-Mesa-Scottsdale, AZ",1051,2x2,1040,1924,07/17/2024,False
Audere Apartments,"Phoenix-Mesa-Scottsdale, AZ",1051,2x2,1040,1884,07/18/2024,False
Audere Apartments,"Phoenix-Mesa-Scottsdale, AZ",1051,2x2,1040,1845,07/19/2024,False
Audere Apartments,"Phoenix-Mesa-Scottsdale, AZ",1051,2x2,1040,1845,07/20/2024,False
Audere Apartments,"Phoenix-Mesa-Scottsdale, AZ",1051,2x2,1040,1845,07/21/2024,False
Audere Apartments,"Phoenix-Mesa-Scottsdale, AZ",1051,2x2,1040,1822,07/22/2024,False
Audere Apartments,"Phoenix-Mesa-Scottsdale, AZ",1051,2x2,1040,1785,07/23/2024,False
Audere Apartments,"Phoenix-Mesa-Scottsdale, AZ",1051,2x2,1040,1752,07/24/2024,False
Audere Apartments,"Phoenix-Mesa-Scottsdale, AZ",1051,2x2,1040,1752,07/25/2024,False
Audere Apartments,"Phoenix-Mesa-Scottsdale, AZ",1051,2x2,1040,1794,07/26/2024,False
Audere Apartments,"Phoenix-Mesa-Scottsdale, AZ",1051,2x2,1040,1794,07/27/2024,False
Audere Apartments,"Phoenix-Mesa-Scottsdale, AZ",1051,2x2,1040,1794,07/28/2024,False
Audere Apartments,"Phoenix-Mesa-Scottsdale, AZ",1051,2x2,1040,1794,07/29/2024,False
Audere Apartments,"Phoenix-Mesa-Scottsdale, AZ",1051,2x2,1040,1794,07/30/2024,False
Audere Apartments,"Phoenix-Mesa-Scottsdale, AZ",1051,2x2,1040,1794,07/31/2024,False
Audere Apartments,"Phoenix-Mesa-Scottsdale, AZ",1051,2x2,1040,1794,08/01/2024,False
Audere Apartments,"Phoenix-Mesa-Scottsdale, AZ",1051,2x2,1040,1757,08/02/2024,False
Audere Apartments,"Phoenix-Mesa-Scottsdale, AZ",1051,2x2,1040,1757,08/03/2024,False
Audere Apartments,"Phoenix-Mesa-Scottsdale, AZ",1051,2x2,1040,1757,08/04/2024,False
Audere Apartments,"Phoenix-Mesa-Scottsdale, AZ",1051,2x2,1040,1757,08/05/2024,False
Audere Apartments,"Phoenix-Mesa-Scottsdale, AZ",1051,2x2,1040,1718,08/06/2024,False
Audere Apartments,"Phoenix-Mesa-Scottsdale, AZ",1051,2x2,1040,1718,08/07/2024,False
Audere Apartments,"Phoenix-Mesa-Scottsdale, AZ",1051,2x2,1040,1746,08/08/2024,False
Audere Apartments,"Phoenix-Mesa-Scottsdale, AZ",1051,2x2,1040,1749,08/09/2024,False
Audere Apartments,"Phoenix-Mesa-Scottsdale, AZ",1051,2x2,1040,1749,08/10/2024,False
Audere Apartments,"Phoenix-Mesa-Scottsdale, AZ",1051,2x2,1040,1749,08/11/2024,False
Audere Apartments,"Phoenix-Mesa-Scottsdale, AZ",1051,2x2,1040,1786,08/12/2024,False
Audere Apartments,"Phoenix-Mesa-Scottsdale, AZ",1051,2x2,1040,1809,08/13/2024,False
Audere Apartments,"Phoenix-Mesa-Scottsdale, AZ",1051,2x2,1040,1841,08/14/2024,False
Audere Apartments,"Phoenix-Mesa-Scottsdale, AZ",1051,2x2,1040,1844,08/15/2024,False
Audere Apartments,"Phoenix-Mesa-Scottsdale, AZ",1051,2x2,1040,1775,08/16/2024,False
Audere Apartments,"Phoenix-Mesa-Scottsdale, AZ",1051,2x2,1040,1775,08/17/2024,True
Audere Apartments,"Phoenix-Mesa-Scottsdale, AZ",1053,1x1,642,1630,06/17/2023,False
Audere Apartments,"Phoenix-Mesa-Scottsdale, AZ",1053,1x1,642,1630,06/18/2023,False
Audere Apartments,"Phoenix-Mesa-Scottsdale, AZ",1053,1x1,642,1630,06/19/2023,False
Audere Apartments,"Phoenix-Mesa-Scottsdale, AZ",1053,1x1,642,1640,06/20/2023,False
Audere Apartments,"Phoenix-Mesa-Scottsdale, AZ",1053,1x1,642,1640,06/21/2023,False
Audere Apartments,"Phoenix-Mesa-Scottsdale, AZ",1053,1x1,642,1645,06/22/2023,False
Audere Apartments,"Phoenix-Mesa-Scottsdale, AZ",1053,1x1,642,1640,06/23/2023,False
Audere Apartments,"Phoenix-Mesa-Scottsdale, AZ",1053,1x1,642,1640,06/24/2023,False
Audere Apartments,"Phoenix-Mesa-Scottsdale, AZ",1053,1x1,642,1640,06/25/2023,False
Audere Apartments,"Phoenix-Mesa-Scottsdale, AZ",1053,1x1,642,1615,06/26/2023,False
Audere Apartments,"Phoenix-Mesa-Scottsdale, AZ",1053,1x1,642,1605,06/27/2023,False
Audere Apartments,"Phoenix-Mesa-Scottsdale, AZ",1053,1x1,642,1590,06/28/2023,False
Audere Apartments,"Phoenix-Mesa-Scottsdale, AZ",1053,1x1,642,1575,06/29/2023,False
Audere Apartments,"Phoenix-Mesa-Scottsdale, AZ",1053,1x1,642,1575,06/30/2023,False
Audere Apartments,"Phoenix-Mesa-Scottsdale, AZ",1053,1x1,642,1570,07/01/2023,False
Audere Apartments,"Phoenix-Mesa-Scottsdale, AZ",1053,1x1,642,1570,07/02/2023,False
Audere Apartments,"Phoenix-Mesa-Scottsdale, AZ",1053,1x1,642,1570,07/03/2023,False
Audere Apartments,"Phoenix-Mesa-Scottsdale, AZ",1053,1x1,642,1575,07/04/2023,False
Audere Apartments,"Phoenix-Mesa-Scottsdale, AZ",1053,1x1,642,1570,07/05/2023,False
Audere Apartments,"Phoenix-Mesa-Scottsdale, AZ",1053,1x1,642,1570,07/06/2023,False
Audere Apartments,"Phoenix-Mesa-Scottsdale, AZ",1053,1x1,642,1570,07/07/2023,False
Audere Apartments,"Phoenix-Mesa-Scottsdale, AZ",1053,1x1,642,1590,07/08/2023,False
Audere Apartments,"Phoenix-Mesa-Scottsdale, AZ",1053,1x1,642,1580,07/09/2023,False
Audere Apartments,"Phoenix-Mesa-Scottsdale, AZ",1053,1x1,642,1580,07/10/2023,False
Audere Apartments,"Phoenix-Mesa-Scottsdale, AZ",1053,1x1,642,1580,07/11/2023,False
Audere Apartments,"Phoenix-Mesa-Scottsdale, AZ",1053,1x1,642,1550,07/12/2023,False
Audere Apartments,"Phoenix-Mesa-Scottsdale, AZ",1053,1x1,642,1555,07/13/2023,False
Audere Apartments,"Phoenix-Mesa-Scottsdale, AZ",1053,1x1,642,1560,07/14/2023,False
Audere Apartments,"Phoenix-Mesa-Scottsdale, AZ",1053,1x1,642,1525,07/15/2023,False
Audere Apartments,"Phoenix-Mesa-Scottsdale, AZ",1053,1x1,642,1515,07/16/2023,False
Audere Apartments,"Phoenix-Mesa-Scottsdale, AZ",1053,1x1,642,1515,07/17/2023,False
Audere Apartments,"Phoenix-Mesa-Scottsdale, AZ",1053,1x1,642,1520,07/18/2023,False
Audere Apartments,"Phoenix-Mesa-Scottsdale, AZ",1053,1x1,642,1490,07/19/2023,False
Audere Apartments,"Phoenix-Mesa-Scottsdale, AZ",1053,1x1,642,1490,07/20/2023,False
Audere Apartments,"Phoenix-Mesa-Scottsdale, AZ",1053,1x1,642,1490,07/21/2023,False
Audere Apartments,"Phoenix-Mesa-Scottsdale, AZ",1053,1x1,642,1490,07/22/2023,False
Audere Apartments,"Phoenix-Mesa-Scottsdale, AZ",1053,1x1,642,1495,07/23/2023,False
Audere Apartments,"Phoenix-Mesa-Scottsdale, AZ",1053,1x1,642,1495,07/24/2023,True
Audere Apartments,"Phoenix-Mesa-Scottsdale, AZ",1053,1x1,642,1485,06/28/2024,False
Audere Apartments,"Phoenix-Mesa-Scottsdale, AZ",1053,1x1,642,1485,06/29/2024,False
Audere Apartments,"Phoenix-Mesa-Scottsdale, AZ",1053,1x1,642,1485,06/30/2024,False
Audere Apartments,"Phoenix-Mesa-Scottsdale, AZ",1053,1x1,642,1515,07/01/2024,False
Audere Apartments,"Phoenix-Mesa-Scottsdale, AZ",1053,1x1,642,1546,07/02/2024,False
Audere Apartments,"Phoenix-Mesa-Scottsdale, AZ",1053,1x1,642,1522,07/03/2024,False
Audere Apartments,"Phoenix-Mesa-Scottsdale, AZ",1053,1x1,642,1522,07/04/2024,False
Audere Apartments,"Phoenix-Mesa-Scottsdale, AZ",1053,1x1,642,1522,07/05/2024,False
Audere Apartments,"Phoenix-Mesa-Scottsdale, AZ",1053,1x1,642,1522,07/06/2024,False
Audere Apartments,"Phoenix-Mesa-Scottsdale, AZ",1053,1x1,642,1522,07/07/2024,False
Audere Apartments,"Phoenix-Mesa-Scottsdale, AZ",1053,1x1,642,1491,07/08/2024,False
Audere Apartments,"Phoenix-Mesa-Scottsdale, AZ",1053,1x1,642,1461,07/09/2024,False
Audere Apartments,"Phoenix-Mesa-Scottsdale, AZ",1053,1x1,642,1431,07/10/2024,False
Audere Apartments,"Phoenix-Mesa-Scottsdale, AZ",1053,1x1,642,1413,07/11/2024,False
Audere Apartments,"Phoenix-Mesa-Scottsdale, AZ",1053,1x1,642,1413,07/12/2024,False
Audere Apartments,"Phoenix-Mesa-Scottsdale, AZ",1053,1x1,642,1413,07/13/2024,False
Audere Apartments,"Phoenix-Mesa-Scottsdale, AZ",1053,1x1,642,1413,07/14/2024,False
Audere Apartments,"Phoenix-Mesa-Scottsdale, AZ",1053,1x1,642,1385,07/15/2024,False
Audere Apartments,"Phoenix-Mesa-Scottsdale, AZ",1053,1x1,642,1356,07/16/2024,False
Audere Apartments,"Phoenix-Mesa-Scottsdale, AZ",1053,1x1,642,1356,07/17/2024,False
Audere Apartments,"Phoenix-Mesa-Scottsdale, AZ",1053,1x1,642,1356,07/18/2024,False
Audere Apartments,"Phoenix-Mesa-Scottsdale, AZ",1053,1x1,642,1356,07/19/2024,False
Audere Apartments,"Phoenix-Mesa-Scottsdale, AZ",1053,1x1,642,1356,07/20/2024,False
Audere Apartments,"Phoenix-Mesa-Scottsdale, AZ",1053,1x1,642,1356,07/21/2024,False
Audere Apartments,"Phoenix-Mesa-Scottsdale, AZ",1053,1x1,642,1356,07/22/2024,False
Audere Apartments,"Phoenix-Mesa-Scottsdale, AZ",1053,1x1,642,1374,07/23/2024,False
Audere Apartments,"Phoenix-Mesa-Scottsdale, AZ",1053,1x1,642,1353,07/24/2024,False
Audere Apartments,"Phoenix-Mesa-Scottsdale, AZ",1053,1x1,642,1353,07/25/2024,False
Audere Apartments,"Phoenix-Mesa-Scottsdale, AZ",1053,1x1,642,1353,07/26/2024,True
Audere Apartments,"Phoenix-Mesa-Scottsdale, AZ",1057,3x2,1310,2631,06/05/2024,False
Audere Apartments,"Phoenix-Mesa-Scottsdale, AZ",1057,3x2,1310,2631,06/06/2024,False
Audere Apartments,"Phoenix-Mesa-Scottsdale, AZ",1057,3x2,1310,2631,06/07/2024,False
Audere Apartments,"Phoenix-Mesa-Scottsdale, AZ",1057,3x2,1310,2631,06/08/2024,False
Audere Apartments,"Phoenix-Mesa-Scottsdale, AZ",1057,3x2,1310,2631,06/09/2024,False
Audere Apartments,"Phoenix-Mesa-Scottsdale, AZ",1057,3x2,1310,2631,06/10/2024,False
Audere Apartments,"Phoenix-Mesa-Scottsdale, AZ",1057,3x2,1310,2631,06/11/2024,False
Audere Apartments,"Phoenix-Mesa-Scottsdale, AZ",1057,3x2,1310,2553,06/12/2024,False
Audere Apartments,"Phoenix-Mesa-Scottsdale, AZ",1057,3x2,1310,2477,06/13/2024,False
Audere Apartments,"Phoenix-Mesa-Scottsdale, AZ",1057,3x2,1310,2477,06/14/2024,False
Audere Apartments,"Phoenix-Mesa-Scottsdale, AZ",1057,3x2,1310,2477,06/15/2024,False
Audere Apartments,"Phoenix-Mesa-Scottsdale, AZ",1057,3x2,1310,2477,06/16/2024,False
Audere Apartments,"Phoenix-Mesa-Scottsdale, AZ",1057,3x2,1310,2477,06/17/2024,False
Audere Apartments,"Phoenix-Mesa-Scottsdale, AZ",1057,3x2,1310,2477,06/18/2024,False
Audere Apartments,"Phoenix-Mesa-Scottsdale, AZ",1057,3x2,1310,2477,06/19/2024,False
Audere Apartments,"Phoenix-Mesa-Scottsdale, AZ",1057,3x2,1310,2477,06/20/2024,False
Audere Apartments,"Phoenix-Mesa-Scottsdale, AZ",1057,3x2,1310,2498,06/21/2024,False
Audere Apartments,"Phoenix-Mesa-Scottsdale, AZ",1057,3x2,1310,2498,06/22/2024,False
Audere Apartments,"Phoenix-Mesa-Scottsdale, AZ",1057,3x2,1310,2498,06/23/2024,False
Audere Apartments,"Phoenix-Mesa-Scottsdale, AZ",1057,3x2,1310,2498,06/24/2024,False
Audere Apartments,"Phoenix-Mesa-Scottsdale, AZ",1057,3x2,1310,2498,06/25/2024,False
Audere Apartments,"Phoenix-Mesa-Scottsdale, AZ",1057,3x2,1310,2498,06/26/2024,False
Audere Apartments,"Phoenix-Mesa-Scottsdale, AZ",1057,3x2,1310,2498,06/27/2024,False
Audere Apartments,"Phoenix-Mesa-Scottsdale, AZ",1057,3x2,1310,2498,06/28/2024,False
Audere Apartments,"Phoenix-Mesa-Scottsdale, AZ",1057,3x2,1310,2498,06/29/2024,False
Audere Apartments,"Phoenix-Mesa-Scottsdale, AZ",1057,3x2,1310,2498,06/30/2024,False
Audere Apartments,"Phoenix-Mesa-Scottsdale, AZ",1057,3x2,1310,2548,07/01/2024,False
Audere Apartments,"Phoenix-Mesa-Scottsdale, AZ",1057,3x2,1310,2599,07/02/2024,False
Audere Apartments,"Phoenix-Mesa-Scottsdale, AZ",1057,3x2,1310,2500,07/03/2024,False
Audere Apartments,"Phoenix-Mesa-Scottsdale, AZ",1057,3x2,1310,2500,07/04/2024,False
Audere Apartments,"Phoenix-Mesa-Scottsdale, AZ",1057,3x2,1310,2500,07/05/2024,False
Audere Apartments,"Phoenix-Mesa-Scottsdale, AZ",1057,3x2,1310,2500,07/06/2024,False
Audere Apartments,"Phoenix-Mesa-Scottsdale, AZ",1057,3x2,1310,2500,07/07/2024,False
Audere Apartments,"Phoenix-Mesa-Scottsdale, AZ",1057,3x2,1310,2500,07/08/2024,False
Audere Apartments,"Phoenix-Mesa-Scottsdale, AZ",1057,3x2,1310,2500,07/09/2024,False
Audere Apartments,"Phoenix-Mesa-Scottsdale, AZ",1057,3x2,1310,2500,07/10/2024,False
Audere Apartments,"Phoenix-Mesa-Scottsdale, AZ",1057,3x2,1310,2500,07/11/2024,False
Audere Apartments,"Phoenix-Mesa-Scottsdale, AZ",1057,3x2,1310,2500,07/12/2024,False
Audere Apartments,"Phoenix-Mesa-Scottsdale, AZ",1057,3x2,1310,2500,07/13/2024,False
Audere Apartments,"Phoenix-Mesa-Scottsdale, AZ",1057,3x2,1310,2500,07/14/2024,False
Audere Apartments,"Phoenix-Mesa-Scottsdale, AZ",1057,3x2,1310,2500,07/15/2024,False
Audere Apartments,"Phoenix-Mesa-Scottsdale, AZ",1057,3x2,1310,2500,07/16/2024,False
Audere Apartments,"Phoenix-Mesa-Scottsdale, AZ",1057,3x2,1310,2375,07/17/2024,False
Audere Apartments,"Phoenix-Mesa-Scottsdale, AZ",1057,3x2,1310,2375,07/18/2024,False
Audere Apartments,"Phoenix-Mesa-Scottsdale, AZ",1057,3x2,1310,2375,07/19/2024,False
Audere Apartments,"Phoenix-Mesa-Scottsdale, AZ",1057,3x2,1310,2375,07/20/2024,False
Audere Apartments,"Phoenix-Mesa-Scottsdale, AZ",1057,3x2,1310,2375,07/21/2024,False
Audere Apartments,"Phoenix-Mesa-Scottsdale, AZ",1057,3x2,1310,2375,07/22/2024,False
Audere Apartments,"Phoenix-Mesa-Scottsdale, AZ",1057,3x2,1310,2375,07/23/2024,False
Audere Apartments,"Phoenix-Mesa-Scottsdale, AZ",1057,3x2,1310,2375,07/24/2024,False
Audere Apartments,"Phoenix-Mesa-Scottsdale, AZ",1057,3x2,1310,2375,07/25/2024,False
Audere Apartments,"Phoenix-Mesa-Scottsdale, AZ",1057,3x2,1310,2375,07/26/2024,False
Audere Apartments,"Phoenix-Mesa-Scottsdale, AZ",1057,3x2,1310,2375,07/27/2024,False
Audere Apartments,"Phoenix-Mesa-Scottsdale, AZ",1057,3x2,1310,2375,07/28/2024,False
Audere Apartments,"Phoenix-Mesa-Scottsdale, AZ",1057,3x2,1310,2375,07/29/2024,False
Audere Apartments,"Phoenix-Mesa-Scottsdale, AZ",1057,3x2,1310,2230,07/30/2024,False
Audere Apartments,"Phoenix-Mesa-Scottsdale, AZ",1057,3x2,1310,2230,07/31/2024,False
Audere Apartments,"Phoenix-Mesa-Scottsdale, AZ",1057,3x2,1310,2230,08/01/2024,False
Audere Apartments,"Phoenix-Mesa-Scottsdale, AZ",1057,3x2,1310,2211,08/02/2024,False
Audere Apartments,"Phoenix-Mesa-Scottsdale, AZ",1057,3x2,1310,2223,08/03/2024,False
Audere Apartments,"Phoenix-Mesa-Scottsdale, AZ",1057,3x2,1310,2223,08/04/2024,False
Audere Apartments,"Phoenix-Mesa-Scottsdale, AZ",1057,3x2,1310,2223,08/05/2024,False
Audere Apartments,"Phoenix-Mesa-Scottsdale, AZ",1057,3x2,1310,2223,08/06/2024,False
Audere Apartments,"Phoenix-Mesa-Scottsdale, AZ",1057,3x2,1310,2223,08/07/2024,False
Audere Apartments,"Phoenix-Mesa-Scottsdale, AZ",1057,3x2,1310,2208,08/08/2024,False
Audere Apartments,"Phoenix-Mesa-Scottsdale, AZ",1057,3x2,1310,2208,08/09/2024,False
Audere Apartments,"Phoenix-Mesa-Scottsdale, AZ",1057,3x2,1310,2208,08/10/2024,False
Audere Apartments,"Phoenix-Mesa-Scottsdale, AZ",1057,3x2,1310,2208,08/11/2024,False
Audere Apartments,"Phoenix-Mesa-Scottsdale, AZ",1057,3x2,1310,2208,08/12/2024,False
Audere Apartments,"Phoenix-Mesa-Scottsdale, AZ",1057,3x2,1310,2208,08/13/2024,False
Audere Apartments,"Phoenix-Mesa-Scottsdale, AZ",1057,3x2,1310,2208,08/14/2024,False
Audere Apartments,"Phoenix-Mesa-Scottsdale, AZ",1057,3x2,1310,2164,08/15/2024,False
Audere Apartments,"Phoenix-Mesa-Scottsdale, AZ",1057,3x2,1310,2151,08/16/2024,False
Audere Apartments,"Phoenix-Mesa-Scottsdale, AZ",1057,3x2,1310,2151,08/17/2024,True
Audere Apartments,"Phoenix-Mesa-Scottsdale, AZ",1057,3x2,1310,2447,04/23/2025,False
Audere Apartments,"Phoenix-Mesa-Scottsdale, AZ",1057,3x2,1310,2422,04/24/2025,False
Audere Apartments,"Phoenix-Mesa-Scottsdale, AZ",1057,3x2,1310,2422,04/25/2025,False
Audere Apartments,"Phoenix-Mesa-Scottsdale, AZ",1057,3x2,1310,2422,04/26/2025,False
Audere Apartments,"Phoenix-Mesa-Scottsdale, AZ",1057,3x2,1310,2422,04/27/2025,True
Audere Apartments,"Phoenix-Mesa-Scottsdale, AZ",2003,2x2,1040,1985,06/29/2023,False
Audere Apartments,"Phoenix-Mesa-Scottsdale, AZ",2003,2x2,1040,1960,06/30/2023,False
Audere Apartments,"Phoenix-Mesa-Scottsdale, AZ",2003,2x2,1040,1980,07/01/2023,False
Audere Apartments,"Phoenix-Mesa-Scottsdale, AZ",2003,2x2,1040,1980,07/02/2023,False
Audere Apartments,"Phoenix-Mesa-Scottsdale, AZ",2003,2x2,1040,1980,07/03/2023,False
Audere Apartments,"Phoenix-Mesa-Scottsdale, AZ",2003,2x2,1040,1985,07/04/2023,False
Audere Apartments,"Phoenix-Mesa-Scottsdale, AZ",2003,2x2,1040,2005,07/05/2023,False
Audere Apartments,"Phoenix-Mesa-Scottsdale, AZ",2003,2x2,1040,2015,07/06/2023,False
Audere Apartments,"Phoenix-Mesa-Scottsdale, AZ",2003,2x2,1040,1975,07/07/2023,False
Audere Apartments,"Phoenix-Mesa-Scottsdale, AZ",2003,2x2,1040,1925,07/08/2023,False
Audere Apartments,"Phoenix-Mesa-Scottsdale, AZ",2003,2x2,1040,1920,07/09/2023,False
Audere Apartments,"Phoenix-Mesa-Scottsdale, AZ",2003,2x2,1040,1920,07/10/2023,False
Audere Apartments,"Phoenix-Mesa-Scottsdale, AZ",2003,2x2,1040,1920,07/11/2023,False
Audere Apartments,"Phoenix-Mesa-Scottsdale, AZ",2003,2x2,1040,2000,07/12/2023,False
Audere Apartments,"Phoenix-Mesa-Scottsdale, AZ",2003,2x2,1040,1920,07/13/2023,False
Audere Apartments,"Phoenix-Mesa-Scottsdale, AZ",2003,2x2,1040,1920,07/14/2023,False
Audere Apartments,"Phoenix-Mesa-Scottsdale, AZ",2003,2x2,1040,1885,07/15/2023,False
Audere Apartments,"Phoenix-Mesa-Scottsdale, AZ",2003,2x2,1040,1885,07/16/2023,False
Audere Apartments,"Phoenix-Mesa-Scottsdale, AZ",2003,2x2,1040,1885,07/17/2023,False
Audere Apartments,"Phoenix-Mesa-Scottsdale, AZ",2003,2x2,1040,1885,07/18/2023,False
Audere Apartments,"Phoenix-Mesa-Scottsdale, AZ",2003,2x2,1040,1885,07/19/2023,True
Audere Apartments,"Phoenix-Mesa-Scottsdale, AZ",2003,2x2,1040,1915,06/28/2024,False
Audere Apartments,"Phoenix-Mesa-Scottsdale, AZ",2003,2x2,1040,1915,06/29/2024,False
Audere Apartments,"Phoenix-Mesa-Scottsdale, AZ",2003,2x2,1040,1915,06/30/2024,False
Audere Apartments,"Phoenix-Mesa-Scottsdale, AZ",2003,2x2,1040,1955,07/01/2024,False
Audere Apartments,"Phoenix-Mesa-Scottsdale, AZ",2003,2x2,1040,1996,07/02/2024,False
Audere Apartments,"Phoenix-Mesa-Scottsdale, AZ",2003,2x2,1040,2021,07/03/2024,False
Audere Apartments,"Phoenix-Mesa-Scottsdale, AZ",2003,2x2,1040,2024,07/04/2024,False
Audere Apartments,"Phoenix-Mesa-Scottsdale, AZ",2003,2x2,1040,2024,07/05/2024,False
Audere Apartments,"Phoenix-Mesa-Scottsdale, AZ",2003,2x2,1040,2024,07/06/2024,False
Audere Apartments,"Phoenix-Mesa-Scottsdale, AZ",2003,2x2,1040,2024,07/07/2024,False
Audere Apartments,"Phoenix-Mesa-Scottsdale, AZ",2003,2x2,1040,2067,07/08/2024,False
Audere Apartments,"Phoenix-Mesa-Scottsdale, AZ",2003,2x2,1040,2067,07/09/2024,False
Audere Apartments,"Phoenix-Mesa-Scottsdale, AZ",2003,2x2,1040,2024,07/10/2024,False
Audere Apartments,"Phoenix-Mesa-Scottsdale, AZ",2003,2x2,1040,1981,07/11/2024,False
Audere Apartments,"Phoenix-Mesa-Scottsdale, AZ",2003,2x2,1040,1939,07/12/2024,False
Audere Apartments,"Phoenix-Mesa-Scottsdale, AZ",2003,2x2,1040,1939,07/13/2024,False
Audere Apartments,"Phoenix-Mesa-Scottsdale, AZ",2003,2x2,1040,1939,07/14/2024,False
Audere Apartments,"Phoenix-Mesa-Scottsdale, AZ",2003,2x2,1040,1915,07/15/2024,False
Audere Apartments,"Phoenix-Mesa-Scottsdale, AZ",2003,2x2,1040,1875,07/16/2024,False
Audere Apartments,"Phoenix-Mesa-Scottsdale, AZ",2003,2x2,1040,1875,07/17/2024,False
Audere Apartments,"Phoenix-Mesa-Scottsdale, AZ",2003,2x2,1040,1835,07/18/2024,False
Audere Apartments,"Phoenix-Mesa-Scottsdale, AZ",2003,2x2,1040,1796,07/19/2024,False
Audere Apartments,"Phoenix-Mesa-Scottsdale, AZ",2003,2x2,1040,1796,07/20/2024,False
Audere Apartments,"Phoenix-Mesa-Scottsdale, AZ",2003,2x2,1040,1796,07/21/2024,False
Audere Apartments,"Phoenix-Mesa-Scottsdale, AZ",2003,2x2,1040,1773,07/22/2024,False
Audere Apartments,"Phoenix-Mesa-Scottsdale, AZ",2003,2x2,1040,1736,07/23/2024,False
Audere Apartments,"Phoenix-Mesa-Scottsdale, AZ",2003,2x2,1040,1699,07/24/2024,False
Audere Apartments,"Phoenix-Mesa-Scottsdale, AZ",2003,2x2,1040,1699,07/25/2024,True
Audere Apartments,"Phoenix-Mesa-Scottsdale, AZ",2004,1x1,642,1379,04/26/2024,False
Audere Apartments,"Phoenix-Mesa-Scottsdale, AZ",2004,1x1,642,1319,04/27/2024,False
Audere Apartments,"Phoenix-Mesa-Scottsdale, AZ",2004,1x1,642,1319,04/28/2024,False
Audere Apartments,"Phoenix-Mesa-Scottsdale, AZ",2004,1x1,642,1319,04/29/2024,False
Audere Apartments,"Phoenix-Mesa-Scottsdale, AZ",2004,1x1,642,1319,04/30/2024,False
Audere Apartments,"Phoenix-Mesa-Scottsdale, AZ",2004,1x1,642,1327,05/01/2024,False
Audere Apartments,"Phoenix-Mesa-Scottsdale, AZ",2004,1x1,642,1327,05/02/2024,True
Audere Apartments,"Phoenix-Mesa-Scottsdale, AZ",2006,1x1,749,1657,05/21/2024,False
Audere Apartments,"Phoenix-Mesa-Scottsdale, AZ",2006,1x1,749,1657,05/22/2024,True
Audere Apartments,"Phoenix-Mesa-Scottsdale, AZ",2007,3x2,1310,2353,04/21/2024,False
Audere Apartments,"Phoenix-Mesa-Scottsdale, AZ",2007,3x2,1310,2353,04/22/2024,False
Audere Apartments,"Phoenix-Mesa-Scottsdale, AZ",2007,3x2,1310,2353,04/23/2024,False
Audere Apartments,"Phoenix-Mesa-Scottsdale, AZ",2007,3x2,1310,2353,04/24/2024,False
Audere Apartments,"Phoenix-Mesa-Scottsdale, AZ",2007,3x2,1310,2353,04/25/2024,False
Audere Apartments,"Phoenix-Mesa-Scottsdale, AZ",2007,3x2,1310,2353,04/26/2024,False
Audere Apartments,"Phoenix-Mesa-Scottsdale, AZ",2007,3x2,1310,2353,04/27/2024,False
Audere Apartments,"Phoenix-Mesa-Scottsdale, AZ",2007,3x2,1310,2353,04/28/2024,False
Audere Apartments,"Phoenix-Mesa-Scottsdale, AZ",2007,3x2,1310,2281,04/29/2024,False
Audere Apartments,"Phoenix-Mesa-Scottsdale, AZ",2007,3x2,1310,2233,04/30/2024,False
Audere Apartments,"Phoenix-Mesa-Scottsdale, AZ",2007,3x2,1310,2120,05/01/2024,False
Audere Apartments,"Phoenix-Mesa-Scottsdale, AZ",2007,3x2,1310,2120,05/02/2024,False
Audere Apartments,"Phoenix-Mesa-Scottsdale, AZ",2007,3x2,1310,2120,05/03/2024,False
Audere Apartments,"Phoenix-Mesa-Scottsdale, AZ",2007,3x2,1310,2120,05/04/2024,False
Audere Apartments,"Phoenix-Mesa-Scottsdale, AZ",2007,3x2,1310,2120,05/05/2024,False
Audere Apartments,"Phoenix-Mesa-Scottsdale, AZ",2007,3x2,1310,2071,05/06/2024,False
Audere Apartments,"Phoenix-Mesa-Scottsdale, AZ",2007,3x2,1310,2071,05/07/2024,False
Audere Apartments,"Phoenix-Mesa-Scottsdale, AZ",2007,3x2,1310,2071,05/08/2024,False
Audere Apartments,"Phoenix-Mesa-Scottsdale, AZ",2007,3x2,1310,2071,05/09/2024,False
Audere Apartments,"Phoenix-Mesa-Scottsdale, AZ",2007,3x2,1310,2071,05/10/2024,False
Audere Apartments,"Phoenix-Mesa-Scottsdale, AZ",2007,3x2,1310,2071,05/11/2024,False
Audere Apartments,"Phoenix-Mesa-Scottsdale, AZ",2007,3x2,1310,2071,05/12/2024,False
Audere Apartments,"Phoenix-Mesa-Scottsdale, AZ",2007,3x2,1310,2106,05/13/2024,False
Audere Apartments,"Phoenix-Mesa-Scottsdale, AZ",2007,3x2,1310,2106,05/14/2024,False
Audere Apartments,"Phoenix-Mesa-Scottsdale, AZ",2007,3x2,1310,2106,05/15/2024,False
Audere Apartments,"Phoenix-Mesa-Scottsdale, AZ",2007,3x2,1310,2438,05/16/2024,False
Audere Apartments,"Phoenix-Mesa-Scottsdale, AZ",2007,3x2,1310,2438,05/17/2024,False
Audere Apartments,"Phoenix-Mesa-Scottsdale, AZ",2007,3x2,1310,2438,05/18/2024,False
Audere Apartments,"Phoenix-Mesa-Scottsdale, AZ",2007,3x2,1310,2484,05/19/2024,False
Audere Apartments,"Phoenix-Mesa-Scottsdale, AZ",2007,3x2,1310,2484,05/20/2024,False
Audere Apartments,"Phoenix-Mesa-Scottsdale, AZ",2007,3x2,1310,2484,05/21/2024,False
Audere Apartments,"Phoenix-Mesa-Scottsdale, AZ",2007,3x2,1310,2512,05/22/2024,False
Audere Apartments,"Phoenix-Mesa-Scottsdale, AZ",2007,3x2,1310,2561,05/23/2024,False
Audere Apartments,"Phoenix-Mesa-Scottsdale, AZ",2007,3x2,1310,2561,05/24/2024,False
Audere Apartments,"Phoenix-Mesa-Scottsdale, AZ",2007,3x2,1310,2561,05/25/2024,False
Audere Apartments,"Phoenix-Mesa-Scottsdale, AZ",2007,3x2,1310,2561,05/26/2024,False
Audere Apartments,"Phoenix-Mesa-Scottsdale, AZ",2007,3x2,1310,2561,05/27/2024,False
Audere Apartments,"Phoenix-Mesa-Scottsdale, AZ",2007,3x2,1310,2561,05/28/2024,False
Audere Apartments,"Phoenix-Mesa-Scottsdale, AZ",2007,3x2,1310,2561,05/29/2024,False
Audere Apartments,"Phoenix-Mesa-Scottsdale, AZ",2007,3x2,1310,2431,05/30/2024,False
Audere Apartments,"Phoenix-Mesa-Scottsdale, AZ",2007,3x2,1310,2505,05/31/2024,False
Audere Apartments,"Phoenix-Mesa-Scottsdale, AZ",2007,3x2,1310,2431,06/01/2024,False
Audere Apartments,"Phoenix-Mesa-Scottsdale, AZ",2007,3x2,1310,2431,06/02/2024,False
Audere Apartments,"Phoenix-Mesa-Scottsdale, AZ",2007,3x2,1310,2431,06/03/2024,False
Audere Apartments,"Phoenix-Mesa-Scottsdale, AZ",2007,3x2,1310,2505,06/04/2024,False
Audere Apartments,"Phoenix-Mesa-Scottsdale, AZ",2007,3x2,1310,2581,06/05/2024,False
Audere Apartments,"Phoenix-Mesa-Scottsdale, AZ",2007,3x2,1310,2581,06/06/2024,False
Audere Apartments,"Phoenix-Mesa-Scottsdale, AZ",2007,3x2,1310,2581,06/07/2024,False
Audere Apartments,"Phoenix-Mesa-Scottsdale, AZ",2007,3x2,1310,2581,06/08/2024,False
Audere Apartments,"Phoenix-Mesa-Scottsdale, AZ",2007,3x2,1310,2581,06/09/2024,False
Audere Apartments,"Phoenix-Mesa-Scottsdale, AZ",2007,3x2,1310,2581,06/10/2024,False
Audere Apartments,"Phoenix-Mesa-Scottsdale, AZ",2007,3x2,1310,2581,06/11/2024,False
Audere Apartments,"Phoenix-Mesa-Scottsdale, AZ",2007,3x2,1310,2503,06/12/2024,False
Audere Apartments,"Phoenix-Mesa-Scottsdale, AZ",2007,3x2,1310,2427,06/13/2024,False
Audere Apartments,"Phoenix-Mesa-Scottsdale, AZ",2007,3x2,1310,2427,06/14/2024,False
Audere Apartments,"Phoenix-Mesa-Scottsdale, AZ",2007,3x2,1310,2427,06/15/2024,False
Audere Apartments,"Phoenix-Mesa-Scottsdale, AZ",2007,3x2,1310,2427,06/16/2024,False
Audere Apartments,"Phoenix-Mesa-Scottsdale, AZ",2007,3x2,1310,2427,06/17/2024,False
Audere Apartments,"Phoenix-Mesa-Scottsdale, AZ",2007,3x2,1310,2427,06/18/2024,False
Audere Apartments,"Phoenix-Mesa-Scottsdale, AZ",2007,3x2,1310,2427,06/19/2024,False
Audere Apartments,"Phoenix-Mesa-Scottsdale, AZ",2007,3x2,1310,2427,06/20/2024,False
Audere Apartments,"Phoenix-Mesa-Scottsdale, AZ",2007,3x2,1310,2476,06/21/2024,False
Audere Apartments,"Phoenix-Mesa-Scottsdale, AZ",2007,3x2,1310,2476,06/22/2024,False
Audere Apartments,"Phoenix-Mesa-Scottsdale, AZ",2007,3x2,1310,2476,06/23/2024,False
Audere Apartments,"Phoenix-Mesa-Scottsdale, AZ",2007,3x2,1310,2476,06/24/2024,False
Audere Apartments,"Phoenix-Mesa-Scottsdale, AZ",2007,3x2,1310,2476,06/25/2024,False
Audere Apartments,"Phoenix-Mesa-Scottsdale, AZ",2007,3x2,1310,2476,06/26/2024,False
Audere Apartments,"Phoenix-Mesa-Scottsdale, AZ",2007,3x2,1310,2476,06/27/2024,False
Audere Apartments,"Phoenix-Mesa-Scottsdale, AZ",2007,3x2,1310,2476,06/28/2024,False
Audere Apartments,"Phoenix-Mesa-Scottsdale, AZ",2007,3x2,1310,2476,06/29/2024,False
Audere Apartments,"Phoenix-Mesa-Scottsdale, AZ",2007,3x2,1310,2476,06/30/2024,False
Audere Apartments,"Phoenix-Mesa-Scottsdale, AZ",2007,3x2,1310,2487,07/01/2024,False
Audere Apartments,"Phoenix-Mesa-Scottsdale, AZ",2007,3x2,1310,2537,07/02/2024,False
Audere Apartments,"Phoenix-Mesa-Scottsdale, AZ",2007,3x2,1310,2478,07/03/2024,False
Audere Apartments,"Phoenix-Mesa-Scottsdale, AZ",2007,3x2,1310,2478,07/04/2024,False
Audere Apartments,"Phoenix-Mesa-Scottsdale, AZ",2007,3x2,1310,2478,07/05/2024,False
Audere Apartments,"Phoenix-Mesa-Scottsdale, AZ",2007,3x2,1310,2478,07/06/2024,False
Audere Apartments,"Phoenix-Mesa-Scottsdale, AZ",2007,3x2,1310,2478,07/07/2024,False
Audere Apartments,"Phoenix-Mesa-Scottsdale, AZ",2007,3x2,1310,2478,07/08/2024,False
Audere Apartments,"Phoenix-Mesa-Scottsdale, AZ",2007,3x2,1310,2478,07/09/2024,False
Audere Apartments,"Phoenix-Mesa-Scottsdale, AZ",2007,3x2,1310,2478,07/10/2024,False
Audere Apartments,"Phoenix-Mesa-Scottsdale, AZ",2007,3x2,1310,2478,07/11/2024,False
Audere Apartments,"Phoenix-Mesa-Scottsdale, AZ",2007,3x2,1310,2478,07/12/2024,False
Audere Apartments,"Phoenix-Mesa-Scottsdale, AZ",2007,3x2,1310,2478,07/13/2024,False
Audere Apartments,"Phoenix-Mesa-Scottsdale, AZ",2007,3x2,1310,2478,07/14/2024,False
Audere Apartments,"Phoenix-Mesa-Scottsdale, AZ",2007,3x2,1310,2478,07/15/2024,False
Audere Apartments,"Phoenix-Mesa-Scottsdale, AZ",2007,3x2,1310,2478,07/16/2024,False
Audere Apartments,"Phoenix-Mesa-Scottsdale, AZ",2007,3x2,1310,2352,07/17/2024,False
Audere Apartments,"Phoenix-Mesa-Scottsdale, AZ",2007,3x2,1310,2352,07/18/2024,False
Audere Apartments,"Phoenix-Mesa-Scottsdale, AZ",2007,3x2,1310,2352,07/19/2024,False
Audere Apartments,"Phoenix-Mesa-Scottsdale, AZ",2007,3x2,1310,2352,07/20/2024,False
Audere Apartments,"Phoenix-Mesa-Scottsdale, AZ",2007,3x2,1310,2352,07/21/2024,False
Audere Apartments,"Phoenix-Mesa-Scottsdale, AZ",2007,3x2,1310,2352,07/22/2024,False
Audere Apartments,"Phoenix-Mesa-Scottsdale, AZ",2007,3x2,1310,2352,07/23/2024,False
Audere Apartments,"Phoenix-Mesa-Scottsdale, AZ",2007,3x2,1310,2344,07/24/2024,False
Audere Apartments,"Phoenix-Mesa-Scottsdale, AZ",2007,3x2,1310,2344,07/25/2024,False
Audere Apartments,"Phoenix-Mesa-Scottsdale, AZ",2007,3x2,1310,2344,07/26/2024,False
Audere Apartments,"Phoenix-Mesa-Scottsdale, AZ",2007,3x2,1310,2344,07/27/2024,False
Audere Apartments,"Phoenix-Mesa-Scottsdale, AZ",2007,3x2,1310,2344,07/28/2024,False
Audere Apartments,"Phoenix-Mesa-Scottsdale, AZ",2007,3x2,1310,2344,07/29/2024,False
Audere Apartments,"Phoenix-Mesa-Scottsdale, AZ",2007,3x2,1310,2225,07/30/2024,False
Audere Apartments,"Phoenix-Mesa-Scottsdale, AZ",2007,3x2,1310,2225,07/31/2024,False
Audere Apartments,"Phoenix-Mesa-Scottsdale, AZ",2007,3x2,1310,2225,08/01/2024,False
Audere Apartments,"Phoenix-Mesa-Scottsdale, AZ",2007,3x2,1310,2181,08/02/2024,False
Audere Apartments,"Phoenix-Mesa-Scottsdale, AZ",2007,3x2,1310,2193,08/03/2024,False
Audere Apartments,"Phoenix-Mesa-Scottsdale, AZ",2007,3x2,1310,2193,08/04/2024,False
Audere Apartments,"Phoenix-Mesa-Scottsdale, AZ",2007,3x2,1310,2193,08/05/2024,False
Audere Apartments,"Phoenix-Mesa-Scottsdale, AZ",2007,3x2,1310,2193,08/06/2024,False
Audere Apartments,"Phoenix-Mesa-Scottsdale, AZ",2007,3x2,1310,2193,08/07/2024,False
Audere Apartments,"Phoenix-Mesa-Scottsdale, AZ",2007,3x2,1310,2178,08/08/2024,False
Audere Apartments,"Phoenix-Mesa-Scottsdale, AZ",2007,3x2,1310,2178,08/09/2024,False
Audere Apartments,"Phoenix-Mesa-Scottsdale, AZ",2007,3x2,1310,2178,08/10/2024,False
Audere Apartments,"Phoenix-Mesa-Scottsdale, AZ",2007,3x2,1310,2178,08/11/2024,False
Audere Apartments,"Phoenix-Mesa-Scottsdale, AZ",2007,3x2,1310,2178,08/12/2024,False
Audere Apartments,"Phoenix-Mesa-Scottsdale, AZ",2007,3x2,1310,2178,08/13/2024,False
Audere Apartments,"Phoenix-Mesa-Scottsdale, AZ",2007,3x2,1310,2178,08/14/2024,False
Audere Apartments,"Phoenix-Mesa-Scottsdale, AZ",2007,3x2,1310,2133,08/15/2024,False
Audere Apartments,"Phoenix-Mesa-Scottsdale, AZ",2007,3x2,1310,2121,08/16/2024,False
Audere Apartments,"Phoenix-Mesa-Scottsdale, AZ",2007,3x2,1310,2121,08/17/2024,False
Audere Apartments,"Phoenix-Mesa-Scottsdale, AZ",2007,3x2,1310,2121,08/18/2024,False
Audere Apartments,"Phoenix-Mesa-Scottsdale, AZ",2007,3x2,1310,2164,08/19/2024,False
Audere Apartments,"Phoenix-Mesa-Scottsdale, AZ",2007,3x2,1310,2207,08/20/2024,False
Audere Apartments,"Phoenix-Mesa-Scottsdale, AZ",2007,3x2,1310,2251,08/21/2024,False
Audere Apartments,"Phoenix-Mesa-Scottsdale, AZ",2007,3x2,1310,2265,08/22/2024,False
Audere Apartments,"Phoenix-Mesa-Scottsdale, AZ",2007,3x2,1310,2259,08/23/2024,False
Audere Apartments,"Phoenix-Mesa-Scottsdale, AZ",2007,3x2,1310,2253,08/24/2024,False
Audere Apartments,"Phoenix-Mesa-Scottsdale, AZ",2007,3x2,1310,2248,08/25/2024,False
Audere Apartments,"Phoenix-Mesa-Scottsdale, AZ",2007,3x2,1310,2287,08/26/2024,False
Audere Apartments,"Phoenix-Mesa-Scottsdale, AZ",2007,3x2,1310,2327,08/27/2024,False
Audere Apartments,"Phoenix-Mesa-Scottsdale, AZ",2007,3x2,1310,2409,08/28/2024,False
Audere Apartments,"Phoenix-Mesa-Scottsdale, AZ",2007,3x2,1310,2430,08/29/2024,False
Audere Apartments,"Phoenix-Mesa-Scottsdale, AZ",2007,3x2,1310,2430,08/30/2024,False
Audere Apartments,"Phoenix-Mesa-Scottsdale, AZ",2007,3x2,1310,2430,08/31/2024,False
Audere Apartments,"Phoenix-Mesa-Scottsdale, AZ",2007,3x2,1310,2430,09/01/2024,False
Audere Apartments,"Phoenix-Mesa-Scottsdale, AZ",2007,3x2,1310,2481,09/02/2024,False
Audere Apartments,"Phoenix-Mesa-Scottsdale, AZ",2007,3x2,1310,2345,09/03/2024,False
Audere Apartments,"Phoenix-Mesa-Scottsdale, AZ",2007,3x2,1310,2345,09/04/2024,False
Audere Apartments,"Phoenix-Mesa-Scottsdale, AZ",2007,3x2,1310,2345,09/05/2024,False
Audere Apartments,"Phoenix-Mesa-Scottsdale, AZ",2007,3x2,1310,2324,09/06/2024,False
Audere Apartments,"Phoenix-Mesa-Scottsdale, AZ",2007,3x2,1310,2324,09/07/2024,False
Audere Apartments,"Phoenix-Mesa-Scottsdale, AZ",2007,3x2,1310,2324,09/08/2024,False
Audere Apartments,"Phoenix-Mesa-Scottsdale, AZ",2007,3x2,1310,2324,09/09/2024,False
Audere Apartments,"Phoenix-Mesa-Scottsdale, AZ",2007,3x2,1310,2324,09/10/2024,False
Audere Apartments,"Phoenix-Mesa-Scottsdale, AZ",2007,3x2,1310,2324,09/11/2024,False
Audere Apartments,"Phoenix-Mesa-Scottsdale, AZ",2007,3x2,1310,2276,09/12/2024,False
Audere Apartments,"Phoenix-Mesa-Scottsdale, AZ",2007,3x2,1310,2229,09/13/2024,False
Audere Apartments,"Phoenix-Mesa-Scottsdale, AZ",2007,3x2,1310,2229,09/14/2024,False
Audere Apartments,"Phoenix-Mesa-Scottsdale, AZ",2007,3x2,1310,2229,09/15/2024,False
Audere Apartments,"Phoenix-Mesa-Scottsdale, AZ",2007,3x2,1310,2183,09/16/2024,False
Audere Apartments,"Phoenix-Mesa-Scottsdale, AZ",2007,3x2,1310,2156,09/17/2024,False
Audere Apartments,"Phoenix-Mesa-Scottsdale, AZ",2007,3x2,1310,2111,09/18/2024,False
Audere Apartments,"Phoenix-Mesa-Scottsdale, AZ",2007,3x2,1310,2037,09/19/2024,False
Audere Apartments,"Phoenix-Mesa-Scottsdale, AZ",2007,3x2,1310,2037,09/20/2024,False
Audere Apartments,"Phoenix-Mesa-Scottsdale, AZ",2007,3x2,1310,2037,09/21/2024,False
Audere Apartments,"Phoenix-Mesa-Scottsdale, AZ",2007,3x2,1310,2037,09/22/2024,False
Audere Apartments,"Phoenix-Mesa-Scottsdale, AZ",2007,3x2,1310,2016,09/23/2024,False
Audere Apartments,"Phoenix-Mesa-Scottsdale, AZ",2007,3x2,1310,2032,09/24/2024,False
Audere Apartments,"Phoenix-Mesa-Scottsdale, AZ",2007,3x2,1310,2032,09/25/2024,False
Audere Apartments,"Phoenix-Mesa-Scottsdale, AZ",2007,3x2,1310,2032,09/26/2024,False
Audere Apartments,"Phoenix-Mesa-Scottsdale, AZ",2007,3x2,1310,2074,09/27/2024,False
Audere Apartments,"Phoenix-Mesa-Scottsdale, AZ",2007,3x2,1310,2074,09/28/2024,False
Audere Apartments,"Phoenix-Mesa-Scottsdale, AZ",2007,3x2,1310,2074,09/29/2024,False
Audere Apartments,"Phoenix-Mesa-Scottsdale, AZ",2007,3x2,1310,2074,09/30/2024,False
Audere Apartments,"Phoenix-Mesa-Scottsdale, AZ",2007,3x2,1310,2053,10/01/2024,False
Audere Apartments,"Phoenix-Mesa-Scottsdale, AZ",2007,3x2,1310,2009,10/02/2024,False
Audere Apartments,"Phoenix-Mesa-Scottsdale, AZ",2007,3x2,1310,2009,10/03/2024,False
Audere Apartments,"Phoenix-Mesa-Scottsdale, AZ",2007,3x2,1310,2009,10/04/2024,False
Audere Apartments,"Phoenix-Mesa-Scottsdale, AZ",2007,3x2,1310,2009,10/05/2024,False
Audere Apartments,"Phoenix-Mesa-Scottsdale, AZ",2007,3x2,1310,2009,10/06/2024,False
Audere Apartments,"Phoenix-Mesa-Scottsdale, AZ",2007,3x2,1310,2009,10/07/2024,False
Audere Apartments,"Phoenix-Mesa-Scottsdale, AZ",2007,3x2,1310,2009,10/08/2024,False
Audere Apartments,"Phoenix-Mesa-Scottsdale, AZ",2007,3x2,1310,2022,10/09/2024,False
Audere Apartments,"Phoenix-Mesa-Scottsdale, AZ",2007,3x2,1310,2022,10/10/2024,False
Audere Apartments,"Phoenix-Mesa-Scottsdale, AZ",2007,3x2,1310,2022,10/11/2024,False
Audere Apartments,"Phoenix-Mesa-Scottsdale, AZ",2007,3x2,1310,2022,10/12/2024,False
Audere Apartments,"Phoenix-Mesa-Scottsdale, AZ",2007,3x2,1310,2022,10/13/2024,False
Audere Apartments,"Phoenix-Mesa-Scottsdale, AZ",2007,3x2,1310,2022,10/14/2024,False
Audere Apartments,"Phoenix-Mesa-Scottsdale, AZ",2007,3x2,1310,2022,10/15/2024,False
Audere Apartments,"Phoenix-Mesa-Scottsdale, AZ",2007,3x2,1310,2022,10/16/2024,False
Audere Apartments,"Phoenix-Mesa-Scottsdale, AZ",2007,3x2,1310,2022,10/17/2024,False
Audere Apartments,"Phoenix-Mesa-Scottsdale, AZ",2007,3x2,1310,2022,10/18/2024,True
Audere Apartments,"Phoenix-Mesa-Scottsdale, AZ",2008,1x1,749,1457,08/03/2024,False
Audere Apartments,"Phoenix-Mesa-Scottsdale, AZ",2008,1x1,749,1457,08/04/2024,False
Audere Apartments,"Phoenix-Mesa-Scottsdale, AZ",2008,1x1,749,1457,08/05/2024,False
Audere Apartments,"Phoenix-Mesa-Scottsdale, AZ",2008,1x1,749,1457,08/06/2024,False
Audere Apartments,"Phoenix-Mesa-Scottsdale, AZ",2008,1x1,749,1487,08/07/2024,False
Audere Apartments,"Phoenix-Mesa-Scottsdale, AZ",2008,1x1,749,1517,08/08/2024,False
Audere Apartments,"Phoenix-Mesa-Scottsdale, AZ",2008,1x1,749,1548,08/09/2024,False
Audere Apartments,"Phoenix-Mesa-Scottsdale, AZ",2008,1x1,749,1548,08/10/2024,False
Audere Apartments,"Phoenix-Mesa-Scottsdale, AZ",2008,1x1,749,1548,08/11/2024,False
Audere Apartments,"Phoenix-Mesa-Scottsdale, AZ",2008,1x1,749,1548,08/12/2024,False
Audere Apartments,"Phoenix-Mesa-Scottsdale, AZ",2008,1x1,749,1561,08/13/2024,False
Audere Apartments,"Phoenix-Mesa-Scottsdale, AZ",2008,1x1,749,1561,08/14/2024,False
Audere Apartments,"Phoenix-Mesa-Scottsdale, AZ",2008,1x1,749,1592,08/15/2024,False
Audere Apartments,"Phoenix-Mesa-Scottsdale, AZ",2008,1x1,749,1561,08/16/2024,False
Audere Apartments,"Phoenix-Mesa-Scottsdale, AZ",2008,1x1,749,1561,08/17/2024,False
Audere Apartments,"Phoenix-Mesa-Scottsdale, AZ",2008,1x1,749,1561,08/18/2024,False
Audere Apartments,"Phoenix-Mesa-Scottsdale, AZ",2008,1x1,749,1561,08/19/2024,False
Audere Apartments,"Phoenix-Mesa-Scottsdale, AZ",2008,1x1,749,1546,08/20/2024,False
Audere Apartments,"Phoenix-Mesa-Scottsdale, AZ",2008,1x1,749,1546,08/21/2024,False
Audere Apartments,"Phoenix-Mesa-Scottsdale, AZ",2008,1x1,749,1546,08/22/2024,False
Audere Apartments,"Phoenix-Mesa-Scottsdale, AZ",2008,1x1,749,1568,08/23/2024,False
Audere Apartments,"Phoenix-Mesa-Scottsdale, AZ",2008,1x1,749,1568,08/24/2024,False
Audere Apartments,"Phoenix-Mesa-Scottsdale, AZ",2008,1x1,749,1568,08/25/2024,False
Audere Apartments,"Phoenix-Mesa-Scottsdale, AZ",2008,1x1,749,1587,08/26/2024,False
Audere Apartments,"Phoenix-Mesa-Scottsdale, AZ",2008,1x1,749,1587,08/27/2024,False
Audere Apartments,"Phoenix-Mesa-Scottsdale, AZ",2008,1x1,749,1587,08/28/2024,False
Audere Apartments,"Phoenix-Mesa-Scottsdale, AZ",2008,1x1,749,1561,08/29/2024,False
Audere Apartments,"Phoenix-Mesa-Scottsdale, AZ",2008,1x1,749,1544,08/30/2024,False
Audere Apartments,"Phoenix-Mesa-Scottsdale, AZ",2008,1x1,749,1544,08/31/2024,False
Audere Apartments,"Phoenix-Mesa-Scottsdale, AZ",2008,1x1,749,1544,09/01/2024,False
Audere Apartments,"Phoenix-Mesa-Scottsdale, AZ",2008,1x1,749,1567,09/02/2024,False
Audere Apartments,"Phoenix-Mesa-Scottsdale, AZ",2008,1x1,749,1497,09/03/2024,False
Audere Apartments,"Phoenix-Mesa-Scottsdale, AZ",2008,1x1,749,1497,09/04/2024,False
Audere Apartments,"Phoenix-Mesa-Scottsdale, AZ",2008,1x1,749,1497,09/05/2024,False
Audere Apartments,"Phoenix-Mesa-Scottsdale, AZ",2008,1x1,749,1497,09/06/2024,True
Audere Apartments,"Phoenix-Mesa-Scottsdale, AZ",2009,2x2,1040,1666,05/06/2024,False
Audere Apartments,"Phoenix-Mesa-Scottsdale, AZ",2009,2x2,1040,1666,05/07/2024,False
Audere Apartments,"Phoenix-Mesa-Scottsdale, AZ",2009,2x2,1040,1666,05/08/2024,False
Audere Apartments,"Phoenix-Mesa-Scottsdale, AZ",2009,2x2,1040,1666,05/09/2024,False
Audere Apartments,"Phoenix-Mesa-Scottsdale, AZ",2009,2x2,1040,1591,05/10/2024,False
Audere Apartments,"Phoenix-Mesa-Scottsdale, AZ",2009,2x2,1040,1591,05/11/2024,False
Audere Apartments,"Phoenix-Mesa-Scottsdale, AZ",2009,2x2,1040,1591,05/12/2024,True
Audere Apartments,"Phoenix-Mesa-Scottsdale, AZ",2010,2x2,1040,1794,04/08/2025,False
Audere Apartments,"Phoenix-Mesa-Scottsdale, AZ",2010,2x2,1040,1813,04/09/2025,False
Audere Apartments,"Phoenix-Mesa-Scottsdale, AZ",2010,2x2,1040,1853,04/10/2025,False
Audere Apartments,"Phoenix-Mesa-Scottsdale, AZ",2010,2x2,1040,1853,04/11/2025,False
Audere Apartments,"Phoenix-Mesa-Scottsdale, AZ",2010,2x2,1040,1853,04/12/2025,False
Audere Apartments,"Phoenix-Mesa-Scottsdale, AZ",2010,2x2,1040,1853,04/13/2025,False
Audere Apartments,"Phoenix-Mesa-Scottsdale, AZ",2010,2x2,1040,1853,04/14/2025,True
Audere Apartments,"Phoenix-Mesa-Scottsdale, AZ",2011,1x1,642,1350,10/02/2024,False
Audere Apartments,"Phoenix-Mesa-Scottsdale, AZ",2011,1x1,642,1350,10/03/2024,True
Audere Apartments,"Phoenix-Mesa-Scottsdale, AZ",2012,1x1,642,1341,09/20/2024,False
Audere Apartments,"Phoenix-Mesa-Scottsdale, AZ",2012,1x1,642,1341,09/21/2024,False
Audere Apartments,"Phoenix-Mesa-Scottsdale, AZ",2012,1x1,642,1341,09/22/2024,False
Audere Apartments,"Phoenix-Mesa-Scottsdale, AZ",2012,1x1,642,1355,09/23/2024,False
Audere Apartments,"Phoenix-Mesa-Scottsdale, AZ",2012,1x1,642,1369,09/24/2024,False
Audere Apartments,"Phoenix-Mesa-Scottsdale, AZ",2012,1x1,642,1369,09/25/2024,False
Audere Apartments,"Phoenix-Mesa-Scottsdale, AZ",2012,1x1,642,1369,09/26/2024,False
Audere Apartments,"Phoenix-Mesa-Scottsdale, AZ",2012,1x1,642,1369,09/27/2024,False
Audere Apartments,"Phoenix-Mesa-Scottsdale, AZ",2012,1x1,642,1369,09/28/2024,False
Audere Apartments,"Phoenix-Mesa-Scottsdale, AZ",2012,1x1,642,1369,09/29/2024,False
Audere Apartments,"Phoenix-Mesa-Scottsdale, AZ",2012,1x1,642,1369,09/30/2024,False
Audere Apartments,"Phoenix-Mesa-Scottsdale, AZ",2012,1x1,642,1369,10/01/2024,False
Audere Apartments,"Phoenix-Mesa-Scottsdale, AZ",2012,1x1,642,1369,10/02/2024,False
Audere Apartments,"Phoenix-Mesa-Scottsdale, AZ",2012,1x1,642,1468,10/03/2024,False
Audere Apartments,"Phoenix-Mesa-Scottsdale, AZ",2012,1x1,642,1403,10/04/2024,False
Audere Apartments,"Phoenix-Mesa-Scottsdale, AZ",2012,1x1,642,1403,10/05/2024,False
Audere Apartments,"Phoenix-Mesa-Scottsdale, AZ",2012,1x1,642,1403,10/06/2024,False
Audere Apartments,"Phoenix-Mesa-Scottsdale, AZ",2012,1x1,642,1374,10/07/2024,False
Audere Apartments,"Phoenix-Mesa-Scottsdale, AZ",2012,1x1,642,1374,10/08/2024,False
Audere Apartments,"Phoenix-Mesa-Scottsdale, AZ",2012,1x1,642,1346,10/09/2024,False
Audere Apartments,"Phoenix-Mesa-Scottsdale, AZ",2012,1x1,642,1319,10/10/2024,False
Audere Apartments,"Phoenix-Mesa-Scottsdale, AZ",2012,1x1,642,1327,10/11/2024,False
Audere Apartments,"Phoenix-Mesa-Scottsdale, AZ",2012,1x1,642,1359,10/12/2024,False
Audere Apartments,"Phoenix-Mesa-Scottsdale, AZ",2012,1x1,642,1359,10/13/2024,False
Audere Apartments,"Phoenix-Mesa-Scottsdale, AZ",2012,1x1,642,1359,10/14/2024,True
Audere Apartments,"Phoenix-Mesa-Scottsdale, AZ",2014,2x2,1169,2045,01/07/2024,False
Audere Apartments,"Phoenix-Mesa-Scottsdale, AZ",2014,2x2,1169,2050,01/08/2024,False
Audere Apartments,"Phoenix-Mesa-Scottsdale, AZ",2014,2x2,1169,2040,01/09/2024,False
Audere Apartments,"Phoenix-Mesa-Scottsdale, AZ",2014,2x2,1169,2040,01/10/2024,False
Audere Apartments,"Phoenix-Mesa-Scottsdale, AZ",2014,2x2,1169,2085,01/11/2024,False
Audere Apartments,"Phoenix-Mesa-Scottsdale, AZ",2014,2x2,1169,2085,01/12/2024,False
Audere Apartments,"Phoenix-Mesa-Scottsdale, AZ",2014,2x2,1169,2085,01/13/2024,False
Audere Apartments,"Phoenix-Mesa-Scottsdale, AZ",2014,2x2,1169,2085,01/14/2024,False
Audere Apartments,"Phoenix-Mesa-Scottsdale, AZ",2014,2x2,1169,2085,01/15/2024,False
Audere Apartments,"Phoenix-Mesa-Scottsdale, AZ",2014,2x2,1169,2085,01/16/2024,False
Audere Apartments,"Phoenix-Mesa-Scottsdale, AZ",2014,2x2,1169,2110,01/17/2024,False
Audere Apartments,"Phoenix-Mesa-Scottsdale, AZ",2014,2x2,1169,2110,01/18/2024,False
Audere Apartments,"Phoenix-Mesa-Scottsdale, AZ",2014,2x2,1169,2115,01/19/2024,False
Audere Apartments,"Phoenix-Mesa-Scottsdale, AZ",2014,2x2,1169,2115,01/20/2024,False
Audere Apartments,"Phoenix-Mesa-Scottsdale, AZ",2014,2x2,1169,2115,01/21/2024,False
Audere Apartments,"Phoenix-Mesa-Scottsdale, AZ",2014,2x2,1169,2100,01/22/2024,False
Audere Apartments,"Phoenix-Mesa-Scottsdale, AZ",2014,2x2,1169,2100,01/23/2024,False
Audere Apartments,"Phoenix-Mesa-Scottsdale, AZ",2014,2x2,1169,2100,01/24/2024,False
Audere Apartments,"Phoenix-Mesa-Scottsdale, AZ",2014,2x2,1169,2100,01/25/2024,False
Audere Apartments,"Phoenix-Mesa-Scottsdale, AZ",2014,2x2,1169,2105,01/26/2024,False
Audere Apartments,"Phoenix-Mesa-Scottsdale, AZ",2014,2x2,1169,2105,01/27/2024,False
Audere Apartments,"Phoenix-Mesa-Scottsdale, AZ",2014,2x2,1169,2105,01/28/2024,False
Audere Apartments,"Phoenix-Mesa-Scottsdale, AZ",2014,2x2,1169,2105,01/29/2024,False
Audere Apartments,"Phoenix-Mesa-Scottsdale, AZ",2014,2x2,1169,2105,01/30/2024,False
Audere Apartments,"Phoenix-Mesa-Scottsdale, AZ",2014,2x2,1169,2105,01/31/2024,False
Audere Apartments,"Phoenix-Mesa-Scottsdale, AZ",2014,2x2,1169,2085,02/01/2024,False
Audere Apartments,"Phoenix-Mesa-Scottsdale, AZ",2014,2x2,1169,2065,02/02/2024,False
Audere Apartments,"Phoenix-Mesa-Scottsdale, AZ",2014,2x2,1169,2065,02/03/2024,False
Audere Apartments,"Phoenix-Mesa-Scottsdale, AZ",2014,2x2,1169,2060,02/04/2024,False
Audere Apartments,"Phoenix-Mesa-Scottsdale, AZ",2014,2x2,1169,2080,02/05/2024,False
Audere Apartments,"Phoenix-Mesa-Scottsdale, AZ",2014,2x2,1169,2080,02/06/2024,False
Audere Apartments,"Phoenix-Mesa-Scottsdale, AZ",2014,2x2,1169,2080,02/07/2024,False
Audere Apartments,"Phoenix-Mesa-Scottsdale, AZ",2014,2x2,1169,2080,02/08/2024,False
Audere Apartments,"Phoenix-Mesa-Scottsdale, AZ",2014,2x2,1169,2110,02/09/2024,False
Audere Apartments,"Phoenix-Mesa-Scottsdale, AZ",2014,2x2,1169,2110,02/10/2024,False
Audere Apartments,"Phoenix-Mesa-Scottsdale, AZ",2014,2x2,1169,2110,02/11/2024,False
Audere Apartments,"Phoenix-Mesa-Scottsdale, AZ",2014,2x2,1169,2110,02/12/2024,False
Audere Apartments,"Phoenix-Mesa-Scottsdale, AZ",2014,2x2,1169,2110,02/13/2024,False
Audere Apartments,"Phoenix-Mesa-Scottsdale, AZ",2014,2x2,1169,2314,02/14/2024,False
Audere Apartments,"Phoenix-Mesa-Scottsdale, AZ",2014,2x2,1169,2314,02/15/2024,False
Audere Apartments,"Phoenix-Mesa-Scottsdale, AZ",2014,2x2,1169,2314,02/16/2024,False
Audere Apartments,"Phoenix-Mesa-Scottsdale, AZ",2014,2x2,1169,2282,02/17/2024,False
Audere Apartments,"Phoenix-Mesa-Scottsdale, AZ",2014,2x2,1169,2282,02/18/2024,False
Audere Apartments,"Phoenix-Mesa-Scottsdale, AZ",2014,2x2,1169,2339,02/19/2024,False
Audere Apartments,"Phoenix-Mesa-Scottsdale, AZ",2014,2x2,1169,2339,02/20/2024,False
Audere Apartments,"Phoenix-Mesa-Scottsdale, AZ",2014,2x2,1169,2339,02/21/2024,False
Audere Apartments,"Phoenix-Mesa-Scottsdale, AZ",2014,2x2,1169,2352,02/22/2024,False
Audere Apartments,"Phoenix-Mesa-Scottsdale, AZ",2014,2x2,1169,2352,02/23/2024,False
Audere Apartments,"Phoenix-Mesa-Scottsdale, AZ",2014,2x2,1169,2352,02/24/2024,False
Audere Apartments,"Phoenix-Mesa-Scottsdale, AZ",2014,2x2,1169,2352,02/25/2024,False
Audere Apartments,"Phoenix-Mesa-Scottsdale, AZ",2014,2x2,1169,2319,02/26/2024,False
Audere Apartments,"Phoenix-Mesa-Scottsdale, AZ",2014,2x2,1169,2352,02/27/2024,False
Audere Apartments,"Phoenix-Mesa-Scottsdale, AZ",2014,2x2,1169,2352,02/28/2024,False
Audere Apartments,"Phoenix-Mesa-Scottsdale, AZ",2014,2x2,1169,2153,02/29/2024,False
Audere Apartments,"Phoenix-Mesa-Scottsdale, AZ",2014,2x2,1169,2092,03/01/2024,False
Audere Apartments,"Phoenix-Mesa-Scottsdale, AZ",2014,2x2,1169,2149,03/02/2024,False
Audere Apartments,"Phoenix-Mesa-Scottsdale, AZ",2014,2x2,1169,2149,03/03/2024,False
Audere Apartments,"Phoenix-Mesa-Scottsdale, AZ",2014,2x2,1169,2149,03/04/2024,False
Audere Apartments,"Phoenix-Mesa-Scottsdale, AZ",2014,2x2,1169,2084,03/05/2024,False
Audere Apartments,"Phoenix-Mesa-Scottsdale, AZ",2014,2x2,1169,1999,03/06/2024,False
Audere Apartments,"Phoenix-Mesa-Scottsdale, AZ",2014,2x2,1169,1999,03/07/2024,False
Audere Apartments,"Phoenix-Mesa-Scottsdale, AZ",2014,2x2,1169,1969,03/08/2024,False
Audere Apartments,"Phoenix-Mesa-Scottsdale, AZ",2014,2x2,1169,2049,03/09/2024,False
Audere Apartments,"Phoenix-Mesa-Scottsdale, AZ",2014,2x2,1169,2049,03/10/2024,False
Audere Apartments,"Phoenix-Mesa-Scottsdale, AZ",2014,2x2,1169,2049,03/11/2024,False
Audere Apartments,"Phoenix-Mesa-Scottsdale, AZ",2014,2x2,1169,2049,03/12/2024,False
Audere Apartments,"Phoenix-Mesa-Scottsdale, AZ",2014,2x2,1169,2049,03/13/2024,False
Audere Apartments,"Phoenix-Mesa-Scottsdale, AZ",2014,2x2,1169,2142,03/14/2024,False
Audere Apartments,"Phoenix-Mesa-Scottsdale, AZ",2014,2x2,1169,2238,03/15/2024,False
Audere Apartments,"Phoenix-Mesa-Scottsdale, AZ",2014,2x2,1169,2238,03/16/2024,False
Audere Apartments,"Phoenix-Mesa-Scottsdale, AZ",2014,2x2,1169,2238,03/17/2024,False
Audere Apartments,"Phoenix-Mesa-Scottsdale, AZ",2014,2x2,1169,2238,03/18/2024,False
Audere Apartments,"Phoenix-Mesa-Scottsdale, AZ",2014,2x2,1169,2238,03/19/2024,False
Audere Apartments,"Phoenix-Mesa-Scottsdale, AZ",2014,2x2,1169,2390,03/20/2024,False
Audere Apartments,"Phoenix-Mesa-Scottsdale, AZ",2014,2x2,1169,2366,03/21/2024,False
Audere Apartments,"Phoenix-Mesa-Scottsdale, AZ",2014,2x2,1169,2257,03/22/2024,False
Audere Apartments,"Phoenix-Mesa-Scottsdale, AZ",2014,2x2,1169,2196,03/23/2024,False
Audere Apartments,"Phoenix-Mesa-Scottsdale, AZ",2014,2x2,1169,2239,03/24/2024,False
Audere Apartments,"Phoenix-Mesa-Scottsdale, AZ",2014,2x2,1169,2239,03/25/2024,False
Audere Apartments,"Phoenix-Mesa-Scottsdale, AZ",2014,2x2,1169,2239,03/26/2024,False
Audere Apartments,"Phoenix-Mesa-Scottsdale, AZ",2014,2x2,1169,2237,03/27/2024,False
Audere Apartments,"Phoenix-Mesa-Scottsdale, AZ",2014,2x2,1169,2136,03/28/2024,False
Audere Apartments,"Phoenix-Mesa-Scottsdale, AZ",2014,2x2,1169,2078,03/29/2024,False
Audere Apartments,"Phoenix-Mesa-Scottsdale, AZ",2014,2x2,1169,1985,03/30/2024,False
Audere Apartments,"Phoenix-Mesa-Scottsdale, AZ",2014,2x2,1169,2038,03/31/2024,False
Audere Apartments,"Phoenix-Mesa-Scottsdale, AZ",2014,2x2,1169,2042,04/01/2024,False
Audere Apartments,"Phoenix-Mesa-Scottsdale, AZ",2014,2x2,1169,1952,04/02/2024,False
Audere Apartments,"Phoenix-Mesa-Scottsdale, AZ",2014,2x2,1169,1943,04/03/2024,False
Audere Apartments,"Phoenix-Mesa-Scottsdale, AZ",2014,2x2,1169,1960,04/04/2024,False
Audere Apartments,"Phoenix-Mesa-Scottsdale, AZ",2014,2x2,1169,1960,04/05/2024,False
Audere Apartments,"Phoenix-Mesa-Scottsdale, AZ",2014,2x2,1169,1960,04/06/2024,False
Audere Apartments,"Phoenix-Mesa-Scottsdale, AZ",2014,2x2,1169,1960,04/07/2024,False
Audere Apartments,"Phoenix-Mesa-Scottsdale, AZ",2014,2x2,1169,1907,04/08/2024,False
Audere Apartments,"Phoenix-Mesa-Scottsdale, AZ",2014,2x2,1169,2028,04/09/2024,False
Audere Apartments,"Phoenix-Mesa-Scottsdale, AZ",2014,2x2,1169,2083,04/10/2024,False
Audere Apartments,"Phoenix-Mesa-Scottsdale, AZ",2014,2x2,1169,2083,04/11/2024,False
Audere Apartments,"Phoenix-Mesa-Scottsdale, AZ",2014,2x2,1169,2177,04/12/2024,False
Audere Apartments,"Phoenix-Mesa-Scottsdale, AZ",2014,2x2,1169,2276,04/13/2024,False
Audere Apartments,"Phoenix-Mesa-Scottsdale, AZ",2014,2x2,1169,2276,04/14/2024,False
Audere Apartments,"Phoenix-Mesa-Scottsdale, AZ",2014,2x2,1169,2276,04/15/2024,False
Audere Apartments,"Phoenix-Mesa-Scottsdale, AZ",2014,2x2,1169,2350,04/16/2024,False
Audere Apartments,"Phoenix-Mesa-Scottsdale, AZ",2014,2x2,1169,2350,04/17/2024,False
Audere Apartments,"Phoenix-Mesa-Scottsdale, AZ",2014,2x2,1169,2314,04/18/2024,False
Audere Apartments,"Phoenix-Mesa-Scottsdale, AZ",2014,2x2,1169,2275,04/19/2024,False
Audere Apartments,"Phoenix-Mesa-Scottsdale, AZ",2014,2x2,1169,2275,04/20/2024,False
Audere Apartments,"Phoenix-Mesa-Scottsdale, AZ",2014,2x2,1169,2272,04/21/2024,False
Audere Apartments,"Phoenix-Mesa-Scottsdale, AZ",2014,2x2,1169,2259,04/22/2024,False
Audere Apartments,"Phoenix-Mesa-Scottsdale, AZ",2014,2x2,1169,2251,04/23/2024,False
Audere Apartments,"Phoenix-Mesa-Scottsdale, AZ",2014,2x2,1169,2242,04/24/2024,False
Audere Apartments,"Phoenix-Mesa-Scottsdale, AZ",2014,2x2,1169,2222,04/25/2024,False
Audere Apartments,"Phoenix-Mesa-Scottsdale, AZ",2014,2x2,1169,2234,04/26/2024,False
Audere Apartments,"Phoenix-Mesa-Scottsdale, AZ",2014,2x2,1169,2144,04/27/2024,False
Audere Apartments,"Phoenix-Mesa-Scottsdale, AZ",2014,2x2,1169,2144,04/28/2024,False
Audere Apartments,"Phoenix-Mesa-Scottsdale, AZ",2014,2x2,1169,2091,04/29/2024,False
Audere Apartments,"Phoenix-Mesa-Scottsdale, AZ",2014,2x2,1169,2061,04/30/2024,False
Audere Apartments,"Phoenix-Mesa-Scottsdale, AZ",2014,2x2,1169,1968,05/01/2024,False
Audere Apartments,"Phoenix-Mesa-Scottsdale, AZ",2014,2x2,1169,2131,05/02/2024,False
Audere Apartments,"Phoenix-Mesa-Scottsdale, AZ",2014,2x2,1169,2096,05/03/2024,False
Audere Apartments,"Phoenix-Mesa-Scottsdale, AZ",2014,2x2,1169,2035,05/04/2024,False
Audere Apartments,"Phoenix-Mesa-Scottsdale, AZ",2014,2x2,1169,2035,05/05/2024,False
Audere Apartments,"Phoenix-Mesa-Scottsdale, AZ",2014,2x2,1169,2007,05/06/2024,False
Audere Apartments,"Phoenix-Mesa-Scottsdale, AZ",2014,2x2,1169,2007,05/07/2024,False
Audere Apartments,"Phoenix-Mesa-Scottsdale, AZ",2014,2x2,1169,2007,05/08/2024,False
Audere Apartments,"Phoenix-Mesa-Scottsdale, AZ",2014,2x2,1169,2007,05/09/2024,False
Audere Apartments,"Phoenix-Mesa-Scottsdale, AZ",2014,2x2,1169,1932,05/10/2024,False
Audere Apartments,"Phoenix-Mesa-Scottsdale, AZ",2014,2x2,1169,1932,05/11/2024,False
Audere Apartments,"Phoenix-Mesa-Scottsdale, AZ",2014,2x2,1169,1932,05/12/2024,False
Audere Apartments,"Phoenix-Mesa-Scottsdale, AZ",2014,2x2,1169,1978,05/13/2024,False
Audere Apartments,"Phoenix-Mesa-Scottsdale, AZ",2014,2x2,1169,1978,05/14/2024,False
Audere Apartments,"Phoenix-Mesa-Scottsdale, AZ",2014,2x2,1169,1978,05/15/2024,False
Audere Apartments,"Phoenix-Mesa-Scottsdale, AZ",2014,2x2,1169,1978,05/16/2024,False
Audere Apartments,"Phoenix-Mesa-Scottsdale, AZ",2014,2x2,1169,2009,05/17/2024,False
Audere Apartments,"Phoenix-Mesa-Scottsdale, AZ",2014,2x2,1169,2009,05/18/2024,False
Audere Apartments,"Phoenix-Mesa-Scottsdale, AZ",2014,2x2,1169,2009,05/19/2024,False
Audere Apartments,"Phoenix-Mesa-Scottsdale, AZ",2014,2x2,1169,1955,05/20/2024,False
Audere Apartments,"Phoenix-Mesa-Scottsdale, AZ",2014,2x2,1169,1869,05/21/2024,False
Audere Apartments,"Phoenix-Mesa-Scottsdale, AZ",2014,2x2,1169,1869,05/22/2024,True
Audere Apartments,"Phoenix-Mesa-Scottsdale, AZ",2015,1x1,642,1605,06/17/2023,False
Audere Apartments,"Phoenix-Mesa-Scottsdale, AZ",2015,1x1,642,1605,06/18/2023,False
Audere Apartments,"Phoenix-Mesa-Scottsdale, AZ",2015,1x1,642,1605,06/19/2023,False
Audere Apartments,"Phoenix-Mesa-Scottsdale, AZ",2015,1x1,642,1610,06/20/2023,False
Audere Apartments,"Phoenix-Mesa-Scottsdale, AZ",2015,1x1,642,1610,06/21/2023,False
Audere Apartments,"Phoenix-Mesa-Scottsdale, AZ",2015,1x1,642,1615,06/22/2023,False
Audere Apartments,"Phoenix-Mesa-Scottsdale, AZ",2015,1x1,642,1610,06/23/2023,False
Audere Apartments,"Phoenix-Mesa-Scottsdale, AZ",2015,1x1,642,1610,06/24/2023,False
Audere Apartments,"Phoenix-Mesa-Scottsdale, AZ",2015,1x1,642,1610,06/25/2023,False
Audere Apartments,"Phoenix-Mesa-Scottsdale, AZ",2015,1x1,642,1585,06/26/2023,False
Audere Apartments,"Phoenix-Mesa-Scottsdale, AZ",2015,1x1,642,1580,06/27/2023,False
Audere Apartments,"Phoenix-Mesa-Scottsdale, AZ",2015,1x1,642,1565,06/28/2023,False
Audere Apartments,"Phoenix-Mesa-Scottsdale, AZ",2015,1x1,642,1550,06/29/2023,False
Audere Apartments,"Phoenix-Mesa-Scottsdale, AZ",2015,1x1,642,1550,06/30/2023,False
Audere Apartments,"Phoenix-Mesa-Scottsdale, AZ",2015,1x1,642,1545,07/01/2023,False
Audere Apartments,"Phoenix-Mesa-Scottsdale, AZ",2015,1x1,642,1545,07/02/2023,False
Audere Apartments,"Phoenix-Mesa-Scottsdale, AZ",2015,1x1,642,1545,07/03/2023,False
Audere Apartments,"Phoenix-Mesa-Scottsdale, AZ",2015,1x1,642,1550,07/04/2023,False
Audere Apartments,"Phoenix-Mesa-Scottsdale, AZ",2015,1x1,642,1545,07/05/2023,False
Audere Apartments,"Phoenix-Mesa-Scottsdale, AZ",2015,1x1,642,1545,07/06/2023,False
Audere Apartments,"Phoenix-Mesa-Scottsdale, AZ",2015,1x1,642,1540,07/07/2023,False
Audere Apartments,"Phoenix-Mesa-Scottsdale, AZ",2015,1x1,642,1560,07/08/2023,False
Audere Apartments,"Phoenix-Mesa-Scottsdale, AZ",2015,1x1,642,1560,07/09/2023,True
Audere Apartments,"Phoenix-Mesa-Scottsdale, AZ",2015,1x1,642,1394,07/10/2024,False
Audere Apartments,"Phoenix-Mesa-Scottsdale, AZ",2015,1x1,642,1376,07/11/2024,False
Audere Apartments,"Phoenix-Mesa-Scottsdale, AZ",2015,1x1,642,1376,07/12/2024,False
Audere Apartments,"Phoenix-Mesa-Scottsdale, AZ",2015,1x1,642,1376,07/13/2024,False
Audere Apartments,"Phoenix-Mesa-Scottsdale, AZ",2015,1x1,642,1376,07/14/2024,False
Audere Apartments,"Phoenix-Mesa-Scottsdale, AZ",2015,1x1,642,1348,07/15/2024,False
Audere Apartments,"Phoenix-Mesa-Scottsdale, AZ",2015,1x1,642,1320,07/16/2024,False
Audere Apartments,"Phoenix-Mesa-Scottsdale, AZ",2015,1x1,642,1320,07/17/2024,False
Audere Apartments,"Phoenix-Mesa-Scottsdale, AZ",2015,1x1,642,1320,07/18/2024,False
Audere Apartments,"Phoenix-Mesa-Scottsdale, AZ",2015,1x1,642,1320,07/19/2024,False
Audere Apartments,"Phoenix-Mesa-Scottsdale, AZ",2015,1x1,642,1320,07/20/2024,False
Audere Apartments,"Phoenix-Mesa-Scottsdale, AZ",2015,1x1,642,1320,07/21/2024,False
Audere Apartments,"Phoenix-Mesa-Scottsdale, AZ",2015,1x1,642,1320,07/22/2024,False
Audere Apartments,"Phoenix-Mesa-Scottsdale, AZ",2015,1x1,642,1339,07/23/2024,False
Audere Apartments,"Phoenix-Mesa-Scottsdale, AZ",2015,1x1,642,1318,07/24/2024,False
Audere Apartments,"Phoenix-Mesa-Scottsdale, AZ",2015,1x1,642,1318,07/25/2024,False
Audere Apartments,"Phoenix-Mesa-Scottsdale, AZ",2015,1x1,642,1318,07/26/2024,True
Audere Apartments,"Phoenix-Mesa-Scottsdale, AZ",2016,2x2,1169,2165,06/17/2023,False
Audere Apartments,"Phoenix-Mesa-Scottsdale, AZ",2016,2x2,1169,2165,06/18/2023,False
Audere Apartments,"Phoenix-Mesa-Scottsdale, AZ",2016,2x2,1169,2165,06/19/2023,False
Audere Apartments,"Phoenix-Mesa-Scottsdale, AZ",2016,2x2,1169,2165,06/20/2023,False
Audere Apartments,"Phoenix-Mesa-Scottsdale, AZ",2016,2x2,1169,2165,06/21/2023,False
Audere Apartments,"Phoenix-Mesa-Scottsdale, AZ",2016,2x2,1169,2210,06/22/2023,False
Audere Apartments,"Phoenix-Mesa-Scottsdale, AZ",2016,2x2,1169,2210,06/23/2023,False
Audere Apartments,"Phoenix-Mesa-Scottsdale, AZ",2016,2x2,1169,2215,06/24/2023,False
Audere Apartments,"Phoenix-Mesa-Scottsdale, AZ",2016,2x2,1169,2250,06/25/2023,False
Audere Apartments,"Phoenix-Mesa-Scottsdale, AZ",2016,2x2,1169,2250,06/26/2023,False
Audere Apartments,"Phoenix-Mesa-Scottsdale, AZ",2016,2x2,1169,2260,06/27/2023,False
Audere Apartments,"Phoenix-Mesa-Scottsdale, AZ",2016,2x2,1169,2235,06/28/2023,False
Audere Apartments,"Phoenix-Mesa-Scottsdale, AZ",2016,2x2,1169,2235,06/29/2023,False
Audere Apartments,"Phoenix-Mesa-Scottsdale, AZ",2016,2x2,1169,2235,06/30/2023,False
Audere Apartments,"Phoenix-Mesa-Scottsdale, AZ",2016,2x2,1169,2235,07/01/2023,False
Audere Apartments,"Phoenix-Mesa-Scottsdale, AZ",2016,2x2,1169,2235,07/02/2023,False
Audere Apartments,"Phoenix-Mesa-Scottsdale, AZ",2016,2x2,1169,2235,07/03/2023,False
Audere Apartments,"Phoenix-Mesa-Scottsdale, AZ",2016,2x2,1169,2235,07/04/2023,False
Audere Apartments,"Phoenix-Mesa-Scottsdale, AZ",2016,2x2,1169,2235,07/05/2023,False
Audere Apartments,"Phoenix-Mesa-Scottsdale, AZ",2016,2x2,1169,2235,07/06/2023,False
Audere Apartments,"Phoenix-Mesa-Scottsdale, AZ",2016,2x2,1169,2200,07/07/2023,False
Audere Apartments,"Phoenix-Mesa-Scottsdale, AZ",2016,2x2,1169,2175,07/08/2023,False
Audere Apartments,"Phoenix-Mesa-Scottsdale, AZ",2016,2x2,1169,2175,07/09/2023,False
Audere Apartments,"Phoenix-Mesa-Scottsdale, AZ",2016,2x2,1169,2175,07/10/2023,False
Audere Apartments,"Phoenix-Mesa-Scottsdale, AZ",2016,2x2,1169,2180,07/11/2023,False
Audere Apartments,"Phoenix-Mesa-Scottsdale, AZ",2016,2x2,1169,2265,07/12/2023,False
Audere Apartments,"Phoenix-Mesa-Scottsdale, AZ",2016,2x2,1169,2185,07/13/2023,False
Audere Apartments,"Phoenix-Mesa-Scottsdale, AZ",2016,2x2,1169,2185,07/14/2023,False
Audere Apartments,"Phoenix-Mesa-Scottsdale, AZ",2016,2x2,1169,2150,07/15/2023,False
Audere Apartments,"Phoenix-Mesa-Scottsdale, AZ",2016,2x2,1169,2150,07/16/2023,False
Audere Apartments,"Phoenix-Mesa-Scottsdale, AZ",2016,2x2,1169,2150,07/17/2023,False
Audere Apartments,"Phoenix-Mesa-Scottsdale, AZ",2016,2x2,1169,2150,07/18/2023,False
Audere Apartments,"Phoenix-Mesa-Scottsdale, AZ",2016,2x2,1169,2105,07/19/2023,False
Audere Apartments,"Phoenix-Mesa-Scottsdale, AZ",2016,2x2,1169,2105,07/20/2023,False
Audere Apartments,"Phoenix-Mesa-Scottsdale, AZ",2016,2x2,1169,2105,07/21/2023,False
Audere Apartments,"Phoenix-Mesa-Scottsdale, AZ",2016,2x2,1169,2105,07/22/2023,False
Audere Apartments,"Phoenix-Mesa-Scottsdale, AZ",2016,2x2,1169,2105,07/23/2023,False
Audere Apartments,"Phoenix-Mesa-Scottsdale, AZ",2016,2x2,1169,2105,07/24/2023,False
Audere Apartments,"Phoenix-Mesa-Scottsdale, AZ",2016,2x2,1169,2110,07/25/2023,False
Audere Apartments,"Phoenix-Mesa-Scottsdale, AZ",2016,2x2,1169,2110,07/26/2023,False
Audere Apartments,"Phoenix-Mesa-Scottsdale, AZ",2016,2x2,1169,2145,07/27/2023,False
Audere Apartments,"Phoenix-Mesa-Scottsdale, AZ",2016,2x2,1169,2145,07/28/2023,False
Audere Apartments,"Phoenix-Mesa-Scottsdale, AZ",2016,2x2,1169,2145,07/29/2023,False
Audere Apartments,"Phoenix-Mesa-Scottsdale, AZ",2016,2x2,1169,2145,07/30/2023,False
Audere Apartments,"Phoenix-Mesa-Scottsdale, AZ",2016,2x2,1169,2145,07/31/2023,False
Audere Apartments,"Phoenix-Mesa-Scottsdale, AZ",2016,2x2,1169,2145,08/01/2023,False
Audere Apartments,"Phoenix-Mesa-Scottsdale, AZ",2016,2x2,1169,2090,08/02/2023,False
Audere Apartments,"Phoenix-Mesa-Scottsdale, AZ",2016,2x2,1169,2110,08/03/2023,False
Audere Apartments,"Phoenix-Mesa-Scottsdale, AZ",2016,2x2,1169,2110,08/04/2023,False
Audere Apartments,"Phoenix-Mesa-Scottsdale, AZ",2016,2x2,1169,2110,08/05/2023,False
Audere Apartments,"Phoenix-Mesa-Scottsdale, AZ",2016,2x2,1169,2110,08/06/2023,False
Audere Apartments,"Phoenix-Mesa-Scottsdale, AZ",2016,2x2,1169,2110,08/07/2023,False
Audere Apartments,"Phoenix-Mesa-Scottsdale, AZ",2016,2x2,1169,2110,08/08/2023,False
Audere Apartments,"Phoenix-Mesa-Scottsdale, AZ",2016,2x2,1169,2110,08/09/2023,False
Audere Apartments,"Phoenix-Mesa-Scottsdale, AZ",2016,2x2,1169,2105,08/10/2023,False
Audere Apartments,"Phoenix-Mesa-Scottsdale, AZ",2016,2x2,1169,2095,08/11/2023,False
Audere Apartments,"Phoenix-Mesa-Scottsdale, AZ",2016,2x2,1169,2095,08/12/2023,False
Audere Apartments,"Phoenix-Mesa-Scottsdale, AZ",2016,2x2,1169,2075,08/13/2023,False
Audere Apartments,"Phoenix-Mesa-Scottsdale, AZ",2016,2x2,1169,2075,08/14/2023,False
Audere Apartments,"Phoenix-Mesa-Scottsdale, AZ",2016,2x2,1169,2075,08/15/2023,True
Audere Apartments,"Phoenix-Mesa-Scottsdale, AZ",2017,1x1,642,1744,03/25/2025,False
Audere Apartments,"Phoenix-Mesa-Scottsdale, AZ",2017,1x1,642,1762,03/26/2025,False
Audere Apartments,"Phoenix-Mesa-Scottsdale, AZ",2017,1x1,642,1780,03/27/2025,False
Audere Apartments,"Phoenix-Mesa-Scottsdale, AZ",2017,1x1,642,1648,03/28/2025,False
Audere Apartments,"Phoenix-Mesa-Scottsdale, AZ",2017,1x1,642,1648,03/29/2025,False
Audere Apartments,"Phoenix-Mesa-Scottsdale, AZ",2017,1x1,642,1648,03/30/2025,False
Audere Apartments,"Phoenix-Mesa-Scottsdale, AZ",2017,1x1,642,1665,03/31/2025,False
Audere Apartments,"Phoenix-Mesa-Scottsdale, AZ",2017,1x1,642,1664,04/01/2025,False
Audere Apartments,"Phoenix-Mesa-Scottsdale, AZ",2017,1x1,642,1671,04/02/2025,False
Audere Apartments,"Phoenix-Mesa-Scottsdale, AZ",2017,1x1,642,1653,04/03/2025,False
Audere Apartments,"Phoenix-Mesa-Scottsdale, AZ",2017,1x1,642,1636,04/04/2025,False
Audere Apartments,"Phoenix-Mesa-Scottsdale, AZ",2017,1x1,642,1636,04/05/2025,False
Audere Apartments,"Phoenix-Mesa-Scottsdale, AZ",2017,1x1,642,1636,04/06/2025,False
Audere Apartments,"Phoenix-Mesa-Scottsdale, AZ",2017,1x1,642,1619,04/07/2025,False
Audere Apartments,"Phoenix-Mesa-Scottsdale, AZ",2017,1x1,642,1602,04/08/2025,False
Audere Apartments,"Phoenix-Mesa-Scottsdale, AZ",2017,1x1,642,1585,04/09/2025,False
Audere Apartments,"Phoenix-Mesa-Scottsdale, AZ",2017,1x1,642,1586,04/10/2025,False
Audere Apartments,"Phoenix-Mesa-Scottsdale, AZ",2017,1x1,642,1530,04/11/2025,False
Audere Apartments,"Phoenix-Mesa-Scottsdale, AZ",2017,1x1,642,1530,04/12/2025,False
Audere Apartments,"Phoenix-Mesa-Scottsdale, AZ",2017,1x1,642,1530,04/13/2025,False
Audere Apartments,"Phoenix-Mesa-Scottsdale, AZ",2017,1x1,642,1546,04/14/2025,False
Audere Apartments,"Phoenix-Mesa-Scottsdale, AZ",2017,1x1,642,1530,04/15/2025,False
Audere Apartments,"Phoenix-Mesa-Scottsdale, AZ",2017,1x1,642,1514,04/16/2025,False
Audere Apartments,"Phoenix-Mesa-Scottsdale, AZ",2017,1x1,642,1498,04/17/2025,False
Audere Apartments,"Phoenix-Mesa-Scottsdale, AZ",2017,1x1,642,1419,04/18/2025,False
Audere Apartments,"Phoenix-Mesa-Scottsdale, AZ",2017,1x1,642,1419,04/19/2025,False
Audere Apartments,"Phoenix-Mesa-Scottsdale, AZ",2017,1x1,642,1419,04/20/2025,False
Audere Apartments,"Phoenix-Mesa-Scottsdale, AZ",2017,1x1,642,1418,04/21/2025,False
Audere Apartments,"Phoenix-Mesa-Scottsdale, AZ",2017,1x1,642,1433,04/22/2025,False
Audere Apartments,"Phoenix-Mesa-Scottsdale, AZ",2017,1x1,642,1433,04/23/2025,False
Audere Apartments,"Phoenix-Mesa-Scottsdale, AZ",2017,1x1,642,1433,04/24/2025,True
Audere Apartments,"Phoenix-Mesa-Scottsdale, AZ",2019,2x2,1040,1942,06/05/2024,False
Audere Apartments,"Phoenix-Mesa-Scottsdale, AZ",2019,2x2,1040,1961,06/06/2024,False
Audere Apartments,"Phoenix-Mesa-Scottsdale, AZ",2019,2x2,1040,1961,06/07/2024,False
Audere Apartments,"Phoenix-Mesa-Scottsdale, AZ",2019,2x2,1040,1961,06/08/2024,True
Audere Apartments,"Phoenix-Mesa-Scottsdale, AZ",2020,2x2,1071,1855,01/10/2024,False
Audere Apartments,"Phoenix-Mesa-Scottsdale, AZ",2020,2x2,1071,1865,01/11/2024,False
Audere Apartments,"Phoenix-Mesa-Scottsdale, AZ",2020,2x2,1071,1860,01/12/2024,False
Audere Apartments,"Phoenix-Mesa-Scottsdale, AZ",2020,2x2,1071,1860,01/13/2024,False
Audere Apartments,"Phoenix-Mesa-Scottsdale, AZ",2020,2x2,1071,1860,01/14/2024,False
Audere Apartments,"Phoenix-Mesa-Scottsdale, AZ",2020,2x2,1071,1860,01/15/2024,False
Audere Apartments,"Phoenix-Mesa-Scottsdale, AZ",2020,2x2,1071,1855,01/16/2024,False
Audere Apartments,"Phoenix-Mesa-Scottsdale, AZ",2020,2x2,1071,1910,01/17/2024,False
Audere Apartments,"Phoenix-Mesa-Scottsdale, AZ",2020,2x2,1071,1910,01/18/2024,False
Audere Apartments,"Phoenix-Mesa-Scottsdale, AZ",2020,2x2,1071,1895,01/19/2024,False
Audere Apartments,"Phoenix-Mesa-Scottsdale, AZ",2020,2x2,1071,1890,01/20/2024,False
Audere Apartments,"Phoenix-Mesa-Scottsdale, AZ",2020,2x2,1071,1890,01/21/2024,False
Audere Apartments,"Phoenix-Mesa-Scottsdale, AZ",2020,2x2,1071,1885,01/22/2024,False
Audere Apartments,"Phoenix-Mesa-Scottsdale, AZ",2020,2x2,1071,1885,01/23/2024,False
Audere Apartments,"Phoenix-Mesa-Scottsdale, AZ",2020,2x2,1071,1880,01/24/2024,False
Audere Apartments,"Phoenix-Mesa-Scottsdale, AZ",2020,2x2,1071,1875,01/25/2024,False
Audere Apartments,"Phoenix-Mesa-Scottsdale, AZ",2020,2x2,1071,1880,01/26/2024,False
Audere Apartments,"Phoenix-Mesa-Scottsdale, AZ",2020,2x2,1071,1880,01/27/2024,False
Audere Apartments,"Phoenix-Mesa-Scottsdale, AZ",2020,2x2,1071,1875,01/28/2024,False
Audere Apartments,"Phoenix-Mesa-Scottsdale, AZ",2020,2x2,1071,1875,01/29/2024,False
Audere Apartments,"Phoenix-Mesa-Scottsdale, AZ",2020,2x2,1071,1870,01/30/2024,False
Audere Apartments,"Phoenix-Mesa-Scottsdale, AZ",2020,2x2,1071,1870,01/31/2024,False
Audere Apartments,"Phoenix-Mesa-Scottsdale, AZ",2020,2x2,1071,1830,02/01/2024,False
Audere Apartments,"Phoenix-Mesa-Scottsdale, AZ",2020,2x2,1071,1860,02/02/2024,False
Audere Apartments,"Phoenix-Mesa-Scottsdale, AZ",2020,2x2,1071,1860,02/03/2024,False
Audere Apartments,"Phoenix-Mesa-Scottsdale, AZ",2020,2x2,1071,1860,02/04/2024,False
Audere Apartments,"Phoenix-Mesa-Scottsdale, AZ",2020,2x2,1071,1860,02/05/2024,False
Audere Apartments,"Phoenix-Mesa-Scottsdale, AZ",2020,2x2,1071,1860,02/06/2024,False
Audere Apartments,"Phoenix-Mesa-Scottsdale, AZ",2020,2x2,1071,1860,02/07/2024,False
Audere Apartments,"Phoenix-Mesa-Scottsdale, AZ",2020,2x2,1071,1860,02/08/2024,False
Audere Apartments,"Phoenix-Mesa-Scottsdale, AZ",2020,2x2,1071,1900,02/09/2024,False
Audere Apartments,"Phoenix-Mesa-Scottsdale, AZ",2020,2x2,1071,1900,02/10/2024,False
Audere Apartments,"Phoenix-Mesa-Scottsdale, AZ",2020,2x2,1071,1895,02/11/2024,False
Audere Apartments,"Phoenix-Mesa-Scottsdale, AZ",2020,2x2,1071,1890,02/12/2024,False
Audere Apartments,"Phoenix-Mesa-Scottsdale, AZ",2020,2x2,1071,1885,02/13/2024,False
Audere Apartments,"Phoenix-Mesa-Scottsdale, AZ",2020,2x2,1071,2069,02/14/2024,False
Audere Apartments,"Phoenix-Mesa-Scottsdale, AZ",2020,2x2,1071,2069,02/15/2024,False
Audere Apartments,"Phoenix-Mesa-Scottsdale, AZ",2020,2x2,1071,2069,02/16/2024,False
Audere Apartments,"Phoenix-Mesa-Scottsdale, AZ",2020,2x2,1071,2037,02/17/2024,False
Audere Apartments,"Phoenix-Mesa-Scottsdale, AZ",2020,2x2,1071,2037,02/18/2024,False
Audere Apartments,"Phoenix-Mesa-Scottsdale, AZ",2020,2x2,1071,2094,02/19/2024,False
Audere Apartments,"Phoenix-Mesa-Scottsdale, AZ",2020,2x2,1071,2094,02/20/2024,False
Audere Apartments,"Phoenix-Mesa-Scottsdale, AZ",2020,2x2,1071,2094,02/21/2024,False
Audere Apartments,"Phoenix-Mesa-Scottsdale, AZ",2020,2x2,1071,2107,02/22/2024,False
Audere Apartments,"Phoenix-Mesa-Scottsdale, AZ",2020,2x2,1071,2107,02/23/2024,False
Audere Apartments,"Phoenix-Mesa-Scottsdale, AZ",2020,2x2,1071,2107,02/24/2024,False
Audere Apartments,"Phoenix-Mesa-Scottsdale, AZ",2020,2x2,1071,2107,02/25/2024,False
Audere Apartments,"Phoenix-Mesa-Scottsdale, AZ",2020,2x2,1071,2074,02/26/2024,False
Audere Apartments,"Phoenix-Mesa-Scottsdale, AZ",2020,2x2,1071,2107,02/27/2024,False
Audere Apartments,"Phoenix-Mesa-Scottsdale, AZ",2020,2x2,1071,2107,02/28/2024,False
Audere Apartments,"Phoenix-Mesa-Scottsdale, AZ",2020,2x2,1071,1908,02/29/2024,False
Audere Apartments,"Phoenix-Mesa-Scottsdale, AZ",2020,2x2,1071,1847,03/01/2024,False
Audere Apartments,"Phoenix-Mesa-Scottsdale, AZ",2020,2x2,1071,1904,03/02/2024,False
Audere Apartments,"Phoenix-Mesa-Scottsdale, AZ",2020,2x2,1071,1904,03/03/2024,False
Audere Apartments,"Phoenix-Mesa-Scottsdale, AZ",2020,2x2,1071,1904,03/04/2024,False
Audere Apartments,"Phoenix-Mesa-Scottsdale, AZ",2020,2x2,1071,1839,03/05/2024,False
Audere Apartments,"Phoenix-Mesa-Scottsdale, AZ",2020,2x2,1071,1757,03/06/2024,False
Audere Apartments,"Phoenix-Mesa-Scottsdale, AZ",2020,2x2,1071,1757,03/07/2024,False
Audere Apartments,"Phoenix-Mesa-Scottsdale, AZ",2020,2x2,1071,1727,03/08/2024,False
Audere Apartments,"Phoenix-Mesa-Scottsdale, AZ",2020,2x2,1071,1807,03/09/2024,False
Audere Apartments,"Phoenix-Mesa-Scottsdale, AZ",2020,2x2,1071,1807,03/10/2024,False
Audere Apartments,"Phoenix-Mesa-Scottsdale, AZ",2020,2x2,1071,1807,03/11/2024,False
Audere Apartments,"Phoenix-Mesa-Scottsdale, AZ",2020,2x2,1071,1807,03/12/2024,False
Audere Apartments,"Phoenix-Mesa-Scottsdale, AZ",2020,2x2,1071,1807,03/13/2024,False
Audere Apartments,"Phoenix-Mesa-Scottsdale, AZ",2020,2x2,1071,1900,03/14/2024,False
Audere Apartments,"Phoenix-Mesa-Scottsdale, AZ",2020,2x2,1071,1996,03/15/2024,False
Audere Apartments,"Phoenix-Mesa-Scottsdale, AZ",2020,2x2,1071,1996,03/16/2024,False
Audere Apartments,"Phoenix-Mesa-Scottsdale, AZ",2020,2x2,1071,1996,03/17/2024,False
Audere Apartments,"Phoenix-Mesa-Scottsdale, AZ",2020,2x2,1071,1996,03/18/2024,False
Audere Apartments,"Phoenix-Mesa-Scottsdale, AZ",2020,2x2,1071,2000,03/19/2024,False
Audere Apartments,"Phoenix-Mesa-Scottsdale, AZ",2020,2x2,1071,2148,03/20/2024,False
Audere Apartments,"Phoenix-Mesa-Scottsdale, AZ",2020,2x2,1071,2124,03/21/2024,False
Audere Apartments,"Phoenix-Mesa-Scottsdale, AZ",2020,2x2,1071,2009,03/22/2024,False
Audere Apartments,"Phoenix-Mesa-Scottsdale, AZ",2020,2x2,1071,1940,03/23/2024,False
Audere Apartments,"Phoenix-Mesa-Scottsdale, AZ",2020,2x2,1071,1976,03/24/2024,False
Audere Apartments,"Phoenix-Mesa-Scottsdale, AZ",2020,2x2,1071,1969,03/25/2024,False
Audere Apartments,"Phoenix-Mesa-Scottsdale, AZ",2020,2x2,1071,1962,03/26/2024,False
Audere Apartments,"Phoenix-Mesa-Scottsdale, AZ",2020,2x2,1071,1953,03/27/2024,False
Audere Apartments,"Phoenix-Mesa-Scottsdale, AZ",2020,2x2,1071,1847,03/28/2024,False
Audere Apartments,"Phoenix-Mesa-Scottsdale, AZ",2020,2x2,1071,1784,03/29/2024,False
Audere Apartments,"Phoenix-Mesa-Scottsdale, AZ",2020,2x2,1071,1688,03/30/2024,False
Audere Apartments,"Phoenix-Mesa-Scottsdale, AZ",2020,2x2,1071,1726,03/31/2024,False
Audere Apartments,"Phoenix-Mesa-Scottsdale, AZ",2020,2x2,1071,1730,04/01/2024,False
Audere Apartments,"Phoenix-Mesa-Scottsdale, AZ",2020,2x2,1071,1638,04/02/2024,False
Audere Apartments,"Phoenix-Mesa-Scottsdale, AZ",2020,2x2,1071,1702,04/03/2024,False
Audere Apartments,"Phoenix-Mesa-Scottsdale, AZ",2020,2x2,1071,1719,04/04/2024,False
Audere Apartments,"Phoenix-Mesa-Scottsdale, AZ",2020,2x2,1071,1719,04/05/2024,False
Audere Apartments,"Phoenix-Mesa-Scottsdale, AZ",2020,2x2,1071,1719,04/06/2024,False
Audere Apartments,"Phoenix-Mesa-Scottsdale, AZ",2020,2x2,1071,1715,04/07/2024,False
Audere Apartments,"Phoenix-Mesa-Scottsdale, AZ",2020,2x2,1071,1662,04/08/2024,False
Audere Apartments,"Phoenix-Mesa-Scottsdale, AZ",2020,2x2,1071,1783,04/09/2024,False
Audere Apartments,"Phoenix-Mesa-Scottsdale, AZ",2020,2x2,1071,1838,04/10/2024,False
Audere Apartments,"Phoenix-Mesa-Scottsdale, AZ",2020,2x2,1071,1838,04/11/2024,False
Audere Apartments,"Phoenix-Mesa-Scottsdale, AZ",2020,2x2,1071,1932,04/12/2024,False
Audere Apartments,"Phoenix-Mesa-Scottsdale, AZ",2020,2x2,1071,1932,04/13/2024,True
Audere Apartments,"Phoenix-Mesa-Scottsdale, AZ",2021,2x2,1040,1714,05/01/2024,False
Audere Apartments,"Phoenix-Mesa-Scottsdale, AZ",2021,2x2,1040,1790,05/02/2024,False
Audere Apartments,"Phoenix-Mesa-Scottsdale, AZ",2021,2x2,1040,1755,05/03/2024,False
Audere Apartments,"Phoenix-Mesa-Scottsdale, AZ",2021,2x2,1040,1694,05/04/2024,False
Audere Apartments,"Phoenix-Mesa-Scottsdale, AZ",2021,2x2,1040,1694,05/05/2024,False
Audere Apartments,"Phoenix-Mesa-Scottsdale, AZ",2021,2x2,1040,1694,05/06/2024,True
Audere Apartments,"Phoenix-Mesa-Scottsdale, AZ",2022,1x1,749,1550,07/01/2023,False
Audere Apartments,"Phoenix-Mesa-Scottsdale, AZ",2022,1x1,749,1550,07/02/2023,False
Audere Apartments,"Phoenix-Mesa-Scottsdale, AZ",2022,1x1,749,1550,07/03/2023,False
Audere Apartments,"Phoenix-Mesa-Scottsdale, AZ",2022,1x1,749,1555,07/04/2023,False
Audere Apartments,"Phoenix-Mesa-Scottsdale, AZ",2022,1x1,749,1550,07/05/2023,False
Audere Apartments,"Phoenix-Mesa-Scottsdale, AZ",2022,1x1,749,1550,07/06/2023,True
Audere Apartments,"Phoenix-Mesa-Scottsdale, AZ",2023,2x2,1040,1810,02/02/2024,False
Audere Apartments,"Phoenix-Mesa-Scottsdale, AZ",2023,2x2,1040,1805,02/03/2024,False
Audere Apartments,"Phoenix-Mesa-Scottsdale, AZ",2023,2x2,1040,1800,02/04/2024,False
Audere Apartments,"Phoenix-Mesa-Scottsdale, AZ",2023,2x2,1040,1815,02/05/2024,False
Audere Apartments,"Phoenix-Mesa-Scottsdale, AZ",2023,2x2,1040,1810,02/06/2024,False
Audere Apartments,"Phoenix-Mesa-Scottsdale, AZ",2023,2x2,1040,1810,02/07/2024,False
Audere Apartments,"Phoenix-Mesa-Scottsdale, AZ",2023,2x2,1040,1810,02/08/2024,False
Audere Apartments,"Phoenix-Mesa-Scottsdale, AZ",2023,2x2,1040,1840,02/09/2024,False
Audere Apartments,"Phoenix-Mesa-Scottsdale, AZ",2023,2x2,1040,1840,02/10/2024,False
Audere Apartments,"Phoenix-Mesa-Scottsdale, AZ",2023,2x2,1040,1840,02/11/2024,False
Audere Apartments,"Phoenix-Mesa-Scottsdale, AZ",2023,2x2,1040,1840,02/12/2024,False
Audere Apartments,"Phoenix-Mesa-Scottsdale, AZ",2023,2x2,1040,1840,02/13/2024,False
Audere Apartments,"Phoenix-Mesa-Scottsdale, AZ",2023,2x2,1040,1984,02/14/2024,False
Audere Apartments,"Phoenix-Mesa-Scottsdale, AZ",2023,2x2,1040,1984,02/15/2024,False
Audere Apartments,"Phoenix-Mesa-Scottsdale, AZ",2023,2x2,1040,1984,02/16/2024,False
Audere Apartments,"Phoenix-Mesa-Scottsdale, AZ",2023,2x2,1040,1952,02/17/2024,False
Audere Apartments,"Phoenix-Mesa-Scottsdale, AZ",2023,2x2,1040,1952,02/18/2024,False
Audere Apartments,"Phoenix-Mesa-Scottsdale, AZ",2023,2x2,1040,2009,02/19/2024,False
Audere Apartments,"Phoenix-Mesa-Scottsdale, AZ",2023,2x2,1040,2009,02/20/2024,False
Audere Apartments,"Phoenix-Mesa-Scottsdale, AZ",2023,2x2,1040,2009,02/21/2024,False
Audere Apartments,"Phoenix-Mesa-Scottsdale, AZ",2023,2x2,1040,2022,02/22/2024,False
Audere Apartments,"Phoenix-Mesa-Scottsdale, AZ",2023,2x2,1040,2022,02/23/2024,False
Audere Apartments,"Phoenix-Mesa-Scottsdale, AZ",2023,2x2,1040,2022,02/24/2024,False
Audere Apartments,"Phoenix-Mesa-Scottsdale, AZ",2023,2x2,1040,2022,02/25/2024,False
Audere Apartments,"Phoenix-Mesa-Scottsdale, AZ",2023,2x2,1040,1989,02/26/2024,False
Audere Apartments,"Phoenix-Mesa-Scottsdale, AZ",2023,2x2,1040,2022,02/27/2024,False
Audere Apartments,"Phoenix-Mesa-Scottsdale, AZ",2023,2x2,1040,2022,02/28/2024,False
Audere Apartments,"Phoenix-Mesa-Scottsdale, AZ",2023,2x2,1040,1823,02/29/2024,False
Audere Apartments,"Phoenix-Mesa-Scottsdale, AZ",2023,2x2,1040,1762,03/01/2024,False
Audere Apartments,"Phoenix-Mesa-Scottsdale, AZ",2023,2x2,1040,1819,03/02/2024,False
Audere Apartments,"Phoenix-Mesa-Scottsdale, AZ",2023,2x2,1040,1819,03/03/2024,False
Audere Apartments,"Phoenix-Mesa-Scottsdale, AZ",2023,2x2,1040,1819,03/04/2024,False
Audere Apartments,"Phoenix-Mesa-Scottsdale, AZ",2023,2x2,1040,1754,03/05/2024,False
Audere Apartments,"Phoenix-Mesa-Scottsdale, AZ",2023,2x2,1040,1660,03/06/2024,False
Audere Apartments,"Phoenix-Mesa-Scottsdale, AZ",2023,2x2,1040,1660,03/07/2024,False
Audere Apartments,"Phoenix-Mesa-Scottsdale, AZ",2023,2x2,1040,1630,03/08/2024,False
Audere Apartments,"Phoenix-Mesa-Scottsdale, AZ",2023,2x2,1040,1710,03/09/2024,False
Audere Apartments,"Phoenix-Mesa-Scottsdale, AZ",2023,2x2,1040,1710,03/10/2024,False
Audere Apartments,"Phoenix-Mesa-Scottsdale, AZ",2023,2x2,1040,1710,03/11/2024,False
Audere Apartments,"Phoenix-Mesa-Scottsdale, AZ",2023,2x2,1040,1710,03/12/2024,False
Audere Apartments,"Phoenix-Mesa-Scottsdale, AZ",2023,2x2,1040,1710,03/13/2024,False
Audere Apartments,"Phoenix-Mesa-Scottsdale, AZ",2023,2x2,1040,1710,03/14/2024,True
Audere Apartments,"Phoenix-Mesa-Scottsdale, AZ",2024,1x1,749,1708,02/26/2024,False
Audere Apartments,"Phoenix-Mesa-Scottsdale, AZ",2024,1x1,749,1708,02/27/2024,False
Audere Apartments,"Phoenix-Mesa-Scottsdale, AZ",2024,1x1,749,1708,02/28/2024,False
Audere Apartments,"Phoenix-Mesa-Scottsdale, AZ",2024,1x1,749,1631,02/29/2024,False
Audere Apartments,"Phoenix-Mesa-Scottsdale, AZ",2024,1x1,749,1702,03/01/2024,False
Audere Apartments,"Phoenix-Mesa-Scottsdale, AZ",2024,1x1,749,1715,03/02/2024,False
Audere Apartments,"Phoenix-Mesa-Scottsdale, AZ",2024,1x1,749,1662,03/03/2024,False
Audere Apartments,"Phoenix-Mesa-Scottsdale, AZ",2024,1x1,749,1662,03/04/2024,False
Audere Apartments,"Phoenix-Mesa-Scottsdale, AZ",2024,1x1,749,1662,03/05/2024,False
Audere Apartments,"Phoenix-Mesa-Scottsdale, AZ",2024,1x1,749,1688,03/06/2024,False
Audere Apartments,"Phoenix-Mesa-Scottsdale, AZ",2024,1x1,749,1627,03/07/2024,False
Audere Apartments,"Phoenix-Mesa-Scottsdale, AZ",2024,1x1,749,1629,03/08/2024,False
Audere Apartments,"Phoenix-Mesa-Scottsdale, AZ",2024,1x1,749,1662,03/09/2024,False
Audere Apartments,"Phoenix-Mesa-Scottsdale, AZ",2024,1x1,749,1709,03/10/2024,False
Audere Apartments,"Phoenix-Mesa-Scottsdale, AZ",2024,1x1,749,1709,03/11/2024,False
Audere Apartments,"Phoenix-Mesa-Scottsdale, AZ",2024,1x1,749,1709,03/12/2024,False
Audere Apartments,"Phoenix-Mesa-Scottsdale, AZ",2024,1x1,749,1709,03/13/2024,False
Audere Apartments,"Phoenix-Mesa-Scottsdale, AZ",2024,1x1,749,1622,03/14/2024,False
Audere Apartments,"Phoenix-Mesa-Scottsdale, AZ",2024,1x1,749,1622,03/15/2024,False
Audere Apartments,"Phoenix-Mesa-Scottsdale, AZ",2024,1x1,749,1622,03/16/2024,False
Audere Apartments,"Phoenix-Mesa-Scottsdale, AZ",2024,1x1,749,1585,03/17/2024,False
Audere Apartments,"Phoenix-Mesa-Scottsdale, AZ",2024,1x1,749,1585,03/18/2024,False
Audere Apartments,"Phoenix-Mesa-Scottsdale, AZ",2024,1x1,749,1585,03/19/2024,False
Audere Apartments,"Phoenix-Mesa-Scottsdale, AZ",2024,1x1,749,1538,03/20/2024,False
Audere Apartments,"Phoenix-Mesa-Scottsdale, AZ",2024,1x1,749,1560,03/21/2024,False
Audere Apartments,"Phoenix-Mesa-Scottsdale, AZ",2024,1x1,749,1525,03/22/2024,False
Audere Apartments,"Phoenix-Mesa-Scottsdale, AZ",2024,1x1,749,1573,03/23/2024,False
Audere Apartments,"Phoenix-Mesa-Scottsdale, AZ",2024,1x1,749,1573,03/24/2024,False
Audere Apartments,"Phoenix-Mesa-Scottsdale, AZ",2024,1x1,749,1573,03/25/2024,False
Audere Apartments,"Phoenix-Mesa-Scottsdale, AZ",2024,1x1,749,1573,03/26/2024,False
Audere Apartments,"Phoenix-Mesa-Scottsdale, AZ",2024,1x1,749,1524,03/27/2024,False
Audere Apartments,"Phoenix-Mesa-Scottsdale, AZ",2024,1x1,749,1445,03/28/2024,False
Audere Apartments,"Phoenix-Mesa-Scottsdale, AZ",2024,1x1,749,1445,03/29/2024,True
Audere Apartments,"Phoenix-Mesa-Scottsdale, AZ",2026,2x2,1040,1703,07/27/2024,False
Audere Apartments,"Phoenix-Mesa-Scottsdale, AZ",2026,2x2,1040,1703,07/28/2024,False
Audere Apartments,"Phoenix-Mesa-Scottsdale, AZ",2026,2x2,1040,1703,07/29/2024,False
Audere Apartments,"Phoenix-Mesa-Scottsdale, AZ",2026,2x2,1040,1703,07/30/2024,False
Audere Apartments,"Phoenix-Mesa-Scottsdale, AZ",2026,2x2,1040,1703,07/31/2024,False
Audere Apartments,"Phoenix-Mesa-Scottsdale, AZ",2026,2x2,1040,1703,08/01/2024,False
Audere Apartments,"Phoenix-Mesa-Scottsdale, AZ",2026,2x2,1040,1667,08/02/2024,False
Audere Apartments,"Phoenix-Mesa-Scottsdale, AZ",2026,2x2,1040,1667,08/03/2024,False
Audere Apartments,"Phoenix-Mesa-Scottsdale, AZ",2026,2x2,1040,1667,08/04/2024,False
Audere Apartments,"Phoenix-Mesa-Scottsdale, AZ",2026,2x2,1040,1667,08/05/2024,False
Audere Apartments,"Phoenix-Mesa-Scottsdale, AZ",2026,2x2,1040,1632,08/06/2024,False
Audere Apartments,"Phoenix-Mesa-Scottsdale, AZ",2026,2x2,1040,1632,08/07/2024,False
Audere Apartments,"Phoenix-Mesa-Scottsdale, AZ",2026,2x2,1040,1660,08/08/2024,False
Audere Apartments,"Phoenix-Mesa-Scottsdale, AZ",2026,2x2,1040,1695,08/09/2024,False
Audere Apartments,"Phoenix-Mesa-Scottsdale, AZ",2026,2x2,1040,1695,08/10/2024,True
Audere Apartments,"Phoenix-Mesa-Scottsdale, AZ",2029,1x1,642,1305,07/26/2024,False
Audere Apartments,"Phoenix-Mesa-Scottsdale, AZ",2029,1x1,642,1305,07/27/2024,False
Audere Apartments,"Phoenix-Mesa-Scottsdale, AZ",2029,1x1,642,1305,07/28/2024,False
Audere Apartments,"Phoenix-Mesa-Scottsdale, AZ",2029,1x1,642,1305,07/29/2024,False
Audere Apartments,"Phoenix-Mesa-Scottsdale, AZ",2029,1x1,642,1305,07/30/2024,True
Audere Apartments,"Phoenix-Mesa-Scottsdale, AZ",2030,2x2,1169,2135,06/17/2023,False
Audere Apartments,"Phoenix-Mesa-Scottsdale, AZ",2030,2x2,1169,2135,06/18/2023,False
Audere Apartments,"Phoenix-Mesa-Scottsdale, AZ",2030,2x2,1169,2130,06/19/2023,False
Audere Apartments,"Phoenix-Mesa-Scottsdale, AZ",2030,2x2,1169,2140,06/20/2023,False
Audere Apartments,"Phoenix-Mesa-Scottsdale, AZ",2030,2x2,1169,2140,06/21/2023,False
Audere Apartments,"Phoenix-Mesa-Scottsdale, AZ",2030,2x2,1169,2185,06/22/2023,False
Audere Apartments,"Phoenix-Mesa-Scottsdale, AZ",2030,2x2,1169,2180,06/23/2023,False
Audere Apartments,"Phoenix-Mesa-Scottsdale, AZ",2030,2x2,1169,2195,06/24/2023,False
Audere Apartments,"Phoenix-Mesa-Scottsdale, AZ",2030,2x2,1169,2220,06/25/2023,False
Audere Apartments,"Phoenix-Mesa-Scottsdale, AZ",2030,2x2,1169,2220,06/26/2023,False
Audere Apartments,"Phoenix-Mesa-Scottsdale, AZ",2030,2x2,1169,2225,06/27/2023,False
Audere Apartments,"Phoenix-Mesa-Scottsdale, AZ",2030,2x2,1169,2210,06/28/2023,False
Audere Apartments,"Phoenix-Mesa-Scottsdale, AZ",2030,2x2,1169,2200,06/29/2023,False
Audere Apartments,"Phoenix-Mesa-Scottsdale, AZ",2030,2x2,1169,2175,06/30/2023,False
Audere Apartments,"Phoenix-Mesa-Scottsdale, AZ",2030,2x2,1169,2175,07/01/2023,True
Audere Apartments,"Phoenix-Mesa-Scottsdale, AZ",2031,3x2,1310,2344,03/31/2024,False
Audere Apartments,"Phoenix-Mesa-Scottsdale, AZ",2031,3x2,1310,2344,04/01/2024,False
Audere Apartments,"Phoenix-Mesa-Scottsdale, AZ",2031,3x2,1310,2344,04/02/2024,False
Audere Apartments,"Phoenix-Mesa-Scottsdale, AZ",2031,3x2,1310,2224,04/03/2024,False
Audere Apartments,"Phoenix-Mesa-Scottsdale, AZ",2031,3x2,1310,2224,04/04/2024,False
Audere Apartments,"Phoenix-Mesa-Scottsdale, AZ",2031,3x2,1310,2224,04/05/2024,False
Audere Apartments,"Phoenix-Mesa-Scottsdale, AZ",2031,3x2,1310,2224,04/06/2024,False
Audere Apartments,"Phoenix-Mesa-Scottsdale, AZ",2031,3x2,1310,2224,04/07/2024,False
Audere Apartments,"Phoenix-Mesa-Scottsdale, AZ",2031,3x2,1310,2224,04/08/2024,False
Audere Apartments,"Phoenix-Mesa-Scottsdale, AZ",2031,3x2,1310,2486,04/09/2024,False
Audere Apartments,"Phoenix-Mesa-Scottsdale, AZ",2031,3x2,1310,2410,04/10/2024,False
Audere Apartments,"Phoenix-Mesa-Scottsdale, AZ",2031,3x2,1310,2286,04/11/2024,False
Audere Apartments,"Phoenix-Mesa-Scottsdale, AZ",2031,3x2,1310,2286,04/12/2024,False
Audere Apartments,"Phoenix-Mesa-Scottsdale, AZ",2031,3x2,1310,2286,04/13/2024,False
Audere Apartments,"Phoenix-Mesa-Scottsdale, AZ",2031,3x2,1310,2286,04/14/2024,False
Audere Apartments,"Phoenix-Mesa-Scottsdale, AZ",2031,3x2,1310,2286,04/15/2024,False
Audere Apartments,"Phoenix-Mesa-Scottsdale, AZ",2031,3x2,1310,2286,04/16/2024,False
Audere Apartments,"Phoenix-Mesa-Scottsdale, AZ",2031,3x2,1310,2168,04/17/2024,False
Audere Apartments,"Phoenix-Mesa-Scottsdale, AZ",2031,3x2,1310,2464,04/18/2024,False
Audere Apartments,"Phoenix-Mesa-Scottsdale, AZ",2031,3x2,1310,2337,04/19/2024,False
Audere Apartments,"Phoenix-Mesa-Scottsdale, AZ",2031,3x2,1310,2337,04/20/2024,False
Audere Apartments,"Phoenix-Mesa-Scottsdale, AZ",2031,3x2,1310,2337,04/21/2024,False
Audere Apartments,"Phoenix-Mesa-Scottsdale, AZ",2031,3x2,1310,2337,04/22/2024,False
Audere Apartments,"Phoenix-Mesa-Scottsdale, AZ",2031,3x2,1310,2337,04/23/2024,False
Audere Apartments,"Phoenix-Mesa-Scottsdale, AZ",2031,3x2,1310,2337,04/24/2024,False
Audere Apartments,"Phoenix-Mesa-Scottsdale, AZ",2031,3x2,1310,2337,04/25/2024,False
Audere Apartments,"Phoenix-Mesa-Scottsdale, AZ",2031,3x2,1310,2337,04/26/2024,False
Audere Apartments,"Phoenix-Mesa-Scottsdale, AZ",2031,3x2,1310,2337,04/27/2024,False
Audere Apartments,"Phoenix-Mesa-Scottsdale, AZ",2031,3x2,1310,2337,04/28/2024,False
Audere Apartments,"Phoenix-Mesa-Scottsdale, AZ",2031,3x2,1310,2265,04/29/2024,False
Audere Apartments,"Phoenix-Mesa-Scottsdale, AZ",2031,3x2,1310,2218,04/30/2024,False
Audere Apartments,"Phoenix-Mesa-Scottsdale, AZ",2031,3x2,1310,2104,05/01/2024,False
Audere Apartments,"Phoenix-Mesa-Scottsdale, AZ",2031,3x2,1310,2104,05/02/2024,False
Audere Apartments,"Phoenix-Mesa-Scottsdale, AZ",2031,3x2,1310,2104,05/03/2024,False
Audere Apartments,"Phoenix-Mesa-Scottsdale, AZ",2031,3x2,1310,2104,05/04/2024,False
Audere Apartments,"Phoenix-Mesa-Scottsdale, AZ",2031,3x2,1310,2104,05/05/2024,False
Audere Apartments,"Phoenix-Mesa-Scottsdale, AZ",2031,3x2,1310,2055,05/06/2024,False
Audere Apartments,"Phoenix-Mesa-Scottsdale, AZ",2031,3x2,1310,2055,05/07/2024,False
Audere Apartments,"Phoenix-Mesa-Scottsdale, AZ",2031,3x2,1310,2055,05/08/2024,False
Audere Apartments,"Phoenix-Mesa-Scottsdale, AZ",2031,3x2,1310,2055,05/09/2024,False
Audere Apartments,"Phoenix-Mesa-Scottsdale, AZ",2031,3x2,1310,2055,05/10/2024,False
Audere Apartments,"Phoenix-Mesa-Scottsdale, AZ",2031,3x2,1310,2055,05/11/2024,False
Audere Apartments,"Phoenix-Mesa-Scottsdale, AZ",2031,3x2,1310,2055,05/12/2024,False
Audere Apartments,"Phoenix-Mesa-Scottsdale, AZ",2031,3x2,1310,2090,05/13/2024,False
Audere Apartments,"Phoenix-Mesa-Scottsdale, AZ",2031,3x2,1310,2090,05/14/2024,False
Audere Apartments,"Phoenix-Mesa-Scottsdale, AZ",2031,3x2,1310,2090,05/15/2024,False
Audere Apartments,"Phoenix-Mesa-Scottsdale, AZ",2031,3x2,1310,2438,05/16/2024,False
Audere Apartments,"Phoenix-Mesa-Scottsdale, AZ",2031,3x2,1310,2438,05/17/2024,False
Audere Apartments,"Phoenix-Mesa-Scottsdale, AZ",2031,3x2,1310,2438,05/18/2024,False
Audere Apartments,"Phoenix-Mesa-Scottsdale, AZ",2031,3x2,1310,2481,05/19/2024,False
Audere Apartments,"Phoenix-Mesa-Scottsdale, AZ",2031,3x2,1310,2481,05/20/2024,False
Audere Apartments,"Phoenix-Mesa-Scottsdale, AZ",2031,3x2,1310,2481,05/21/2024,False
Audere Apartments,"Phoenix-Mesa-Scottsdale, AZ",2031,3x2,1310,2512,05/22/2024,False
Audere Apartments,"Phoenix-Mesa-Scottsdale, AZ",2031,3x2,1310,2561,05/23/2024,False
Audere Apartments,"Phoenix-Mesa-Scottsdale, AZ",2031,3x2,1310,2561,05/24/2024,False
Audere Apartments,"Phoenix-Mesa-Scottsdale, AZ",2031,3x2,1310,2561,05/25/2024,False
Audere Apartments,"Phoenix-Mesa-Scottsdale, AZ",2031,3x2,1310,2561,05/26/2024,False
Audere Apartments,"Phoenix-Mesa-Scottsdale, AZ",2031,3x2,1310,2561,05/27/2024,False
Audere Apartments,"Phoenix-Mesa-Scottsdale, AZ",2031,3x2,1310,2561,05/28/2024,False
Audere Apartments,"Phoenix-Mesa-Scottsdale, AZ",2031,3x2,1310,2561,05/29/2024,False
Audere Apartments,"Phoenix-Mesa-Scottsdale, AZ",2031,3x2,1310,2431,05/30/2024,False
Audere Apartments,"Phoenix-Mesa-Scottsdale, AZ",2031,3x2,1310,2505,05/31/2024,False
Audere Apartments,"Phoenix-Mesa-Scottsdale, AZ",2031,3x2,1310,2431,06/01/2024,False
Audere Apartments,"Phoenix-Mesa-Scottsdale, AZ",2031,3x2,1310,2431,06/02/2024,False
Audere Apartments,"Phoenix-Mesa-Scottsdale, AZ",2031,3x2,1310,2431,06/03/2024,False
Audere Apartments,"Phoenix-Mesa-Scottsdale, AZ",2031,3x2,1310,2505,06/04/2024,False
Audere Apartments,"Phoenix-Mesa-Scottsdale, AZ",2031,3x2,1310,2581,06/05/2024,False
Audere Apartments,"Phoenix-Mesa-Scottsdale, AZ",2031,3x2,1310,2581,06/06/2024,False
Audere Apartments,"Phoenix-Mesa-Scottsdale, AZ",2031,3x2,1310,2581,06/07/2024,False
Audere Apartments,"Phoenix-Mesa-Scottsdale, AZ",2031,3x2,1310,2581,06/08/2024,False
Audere Apartments,"Phoenix-Mesa-Scottsdale, AZ",2031,3x2,1310,2581,06/09/2024,False
Audere Apartments,"Phoenix-Mesa-Scottsdale, AZ",2031,3x2,1310,2581,06/10/2024,False
Audere Apartments,"Phoenix-Mesa-Scottsdale, AZ",2031,3x2,1310,2581,06/11/2024,False
Audere Apartments,"Phoenix-Mesa-Scottsdale, AZ",2031,3x2,1310,2503,06/12/2024,False
Audere Apartments,"Phoenix-Mesa-Scottsdale, AZ",2031,3x2,1310,2427,06/13/2024,False
Audere Apartments,"Phoenix-Mesa-Scottsdale, AZ",2031,3x2,1310,2427,06/14/2024,False
Audere Apartments,"Phoenix-Mesa-Scottsdale, AZ",2031,3x2,1310,2427,06/15/2024,False
Audere Apartments,"Phoenix-Mesa-Scottsdale, AZ",2031,3x2,1310,2427,06/16/2024,False
Audere Apartments,"Phoenix-Mesa-Scottsdale, AZ",2031,3x2,1310,2427,06/17/2024,False
Audere Apartments,"Phoenix-Mesa-Scottsdale, AZ",2031,3x2,1310,2427,06/18/2024,False
Audere Apartments,"Phoenix-Mesa-Scottsdale, AZ",2031,3x2,1310,2427,06/19/2024,False
Audere Apartments,"Phoenix-Mesa-Scottsdale, AZ",2031,3x2,1310,2427,06/20/2024,False
Audere Apartments,"Phoenix-Mesa-Scottsdale, AZ",2031,3x2,1310,2669,06/21/2024,False
Audere Apartments,"Phoenix-Mesa-Scottsdale, AZ",2031,3x2,1310,2669,06/22/2024,False
Audere Apartments,"Phoenix-Mesa-Scottsdale, AZ",2031,3x2,1310,2669,06/23/2024,False
Audere Apartments,"Phoenix-Mesa-Scottsdale, AZ",2031,3x2,1310,2669,06/24/2024,False
Audere Apartments,"Phoenix-Mesa-Scottsdale, AZ",2031,3x2,1310,2669,06/25/2024,False
Audere Apartments,"Phoenix-Mesa-Scottsdale, AZ",2031,3x2,1310,2669,06/26/2024,False
Audere Apartments,"Phoenix-Mesa-Scottsdale, AZ",2031,3x2,1310,2669,06/27/2024,False
Audere Apartments,"Phoenix-Mesa-Scottsdale, AZ",2031,3x2,1310,2669,06/28/2024,False
Audere Apartments,"Phoenix-Mesa-Scottsdale, AZ",2031,3x2,1310,2669,06/29/2024,False
Audere Apartments,"Phoenix-Mesa-Scottsdale, AZ",2031,3x2,1310,2669,06/30/2024,False
Audere Apartments,"Phoenix-Mesa-Scottsdale, AZ",2031,3x2,1310,2901,07/01/2024,False
Audere Apartments,"Phoenix-Mesa-Scottsdale, AZ",2031,3x2,1310,2577,07/02/2024,False
Audere Apartments,"Phoenix-Mesa-Scottsdale, AZ",2031,3x2,1310,2478,07/03/2024,False
Audere Apartments,"Phoenix-Mesa-Scottsdale, AZ",2031,3x2,1310,2478,07/04/2024,False
Audere Apartments,"Phoenix-Mesa-Scottsdale, AZ",2031,3x2,1310,2478,07/05/2024,False
Audere Apartments,"Phoenix-Mesa-Scottsdale, AZ",2031,3x2,1310,2478,07/06/2024,False
Audere Apartments,"Phoenix-Mesa-Scottsdale, AZ",2031,3x2,1310,2478,07/07/2024,False
Audere Apartments,"Phoenix-Mesa-Scottsdale, AZ",2031,3x2,1310,2478,07/08/2024,False
Audere Apartments,"Phoenix-Mesa-Scottsdale, AZ",2031,3x2,1310,2478,07/09/2024,False
Audere Apartments,"Phoenix-Mesa-Scottsdale, AZ",2031,3x2,1310,2478,07/10/2024,False
Audere Apartments,"Phoenix-Mesa-Scottsdale, AZ",2031,3x2,1310,2478,07/11/2024,False
Audere Apartments,"Phoenix-Mesa-Scottsdale, AZ",2031,3x2,1310,2478,07/12/2024,False
Audere Apartments,"Phoenix-Mesa-Scottsdale, AZ",2031,3x2,1310,2478,07/13/2024,False
Audere Apartments,"Phoenix-Mesa-Scottsdale, AZ",2031,3x2,1310,2478,07/14/2024,False
Audere Apartments,"Phoenix-Mesa-Scottsdale, AZ",2031,3x2,1310,2478,07/15/2024,False
Audere Apartments,"Phoenix-Mesa-Scottsdale, AZ",2031,3x2,1310,2478,07/16/2024,False
Audere Apartments,"Phoenix-Mesa-Scottsdale, AZ",2031,3x2,1310,2352,07/17/2024,False
Audere Apartments,"Phoenix-Mesa-Scottsdale, AZ",2031,3x2,1310,2352,07/18/2024,False
Audere Apartments,"Phoenix-Mesa-Scottsdale, AZ",2031,3x2,1310,2352,07/19/2024,False
Audere Apartments,"Phoenix-Mesa-Scottsdale, AZ",2031,3x2,1310,2352,07/20/2024,False
Audere Apartments,"Phoenix-Mesa-Scottsdale, AZ",2031,3x2,1310,2352,07/21/2024,False
Audere Apartments,"Phoenix-Mesa-Scottsdale, AZ",2031,3x2,1310,2352,07/22/2024,False
Audere Apartments,"Phoenix-Mesa-Scottsdale, AZ",2031,3x2,1310,2352,07/23/2024,False
Audere Apartments,"Phoenix-Mesa-Scottsdale, AZ",2031,3x2,1310,2344,07/24/2024,False
Audere Apartments,"Phoenix-Mesa-Scottsdale, AZ",2031,3x2,1310,2336,07/25/2024,False
Audere Apartments,"Phoenix-Mesa-Scottsdale, AZ",2031,3x2,1310,2328,07/26/2024,False
Audere Apartments,"Phoenix-Mesa-Scottsdale, AZ",2031,3x2,1310,2320,07/27/2024,False
Audere Apartments,"Phoenix-Mesa-Scottsdale, AZ",2031,3x2,1310,2312,07/28/2024,False
Audere Apartments,"Phoenix-Mesa-Scottsdale, AZ",2031,3x2,1310,2304,07/29/2024,False
Audere Apartments,"Phoenix-Mesa-Scottsdale, AZ",2031,3x2,1310,2180,07/30/2024,False
Audere Apartments,"Phoenix-Mesa-Scottsdale, AZ",2031,3x2,1310,2172,07/31/2024,False
Audere Apartments,"Phoenix-Mesa-Scottsdale, AZ",2031,3x2,1310,2172,08/01/2024,False
Audere Apartments,"Phoenix-Mesa-Scottsdale, AZ",2031,3x2,1310,2122,08/02/2024,False
Audere Apartments,"Phoenix-Mesa-Scottsdale, AZ",2031,3x2,1310,2120,08/03/2024,False
Audere Apartments,"Phoenix-Mesa-Scottsdale, AZ",2031,3x2,1310,2113,08/04/2024,False
Audere Apartments,"Phoenix-Mesa-Scottsdale, AZ",2031,3x2,1310,2113,08/05/2024,False
Audere Apartments,"Phoenix-Mesa-Scottsdale, AZ",2031,3x2,1310,2104,08/06/2024,False
Audere Apartments,"Phoenix-Mesa-Scottsdale, AZ",2031,3x2,1310,2104,08/07/2024,False
Audere Apartments,"Phoenix-Mesa-Scottsdale, AZ",2031,3x2,1310,2104,08/08/2024,True
Audere Apartments,"Phoenix-Mesa-Scottsdale, AZ",2032,2x2,1169,2064,01/18/2025,False
Audere Apartments,"Phoenix-Mesa-Scottsdale, AZ",2032,2x2,1169,2064,01/19/2025,False
Audere Apartments,"Phoenix-Mesa-Scottsdale, AZ",2032,2x2,1169,2083,01/20/2025,False
Audere Apartments,"Phoenix-Mesa-Scottsdale, AZ",2032,2x2,1169,2102,01/21/2025,False
Audere Apartments,"Phoenix-Mesa-Scottsdale, AZ",2032,2x2,1169,2102,01/22/2025,False
Audere Apartments,"Phoenix-Mesa-Scottsdale, AZ",2032,2x2,1169,2082,01/23/2025,False
Audere Apartments,"Phoenix-Mesa-Scottsdale, AZ",2032,2x2,1169,2063,01/24/2025,False
Audere Apartments,"Phoenix-Mesa-Scottsdale, AZ",2032,2x2,1169,2063,01/25/2025,False
Audere Apartments,"Phoenix-Mesa-Scottsdale, AZ",2032,2x2,1169,2063,01/26/2025,False
Audere Apartments,"Phoenix-Mesa-Scottsdale, AZ",2032,2x2,1169,2063,01/27/2025,False
Audere Apartments,"Phoenix-Mesa-Scottsdale, AZ",2032,2x2,1169,2072,01/28/2025,False
Audere Apartments,"Phoenix-Mesa-Scottsdale, AZ",2032,2x2,1169,2053,01/29/2025,False
Audere Apartments,"Phoenix-Mesa-Scottsdale, AZ",2032,2x2,1169,2034,01/30/2025,False
Audere Apartments,"Phoenix-Mesa-Scottsdale, AZ",2032,2x2,1169,2015,01/31/2025,False
Audere Apartments,"Phoenix-Mesa-Scottsdale, AZ",2032,2x2,1169,2015,02/01/2025,False
Audere Apartments,"Phoenix-Mesa-Scottsdale, AZ",2032,2x2,1169,2015,02/02/2025,False
Audere Apartments,"Phoenix-Mesa-Scottsdale, AZ",2032,2x2,1169,1997,02/03/2025,False
Audere Apartments,"Phoenix-Mesa-Scottsdale, AZ",2032,2x2,1169,1997,02/04/2025,False
Audere Apartments,"Phoenix-Mesa-Scottsdale, AZ",2032,2x2,1169,1997,02/05/2025,False
Audere Apartments,"Phoenix-Mesa-Scottsdale, AZ",2032,2x2,1169,1980,02/06/2025,False
Audere Apartments,"Phoenix-Mesa-Scottsdale, AZ",2032,2x2,1169,1962,02/07/2025,False
Audere Apartments,"Phoenix-Mesa-Scottsdale, AZ",2032,2x2,1169,1962,02/08/2025,False
Audere Apartments,"Phoenix-Mesa-Scottsdale, AZ",2032,2x2,1169,1962,02/09/2025,False
Audere Apartments,"Phoenix-Mesa-Scottsdale, AZ",2032,2x2,1169,1944,02/10/2025,False
Audere Apartments,"Phoenix-Mesa-Scottsdale, AZ",2032,2x2,1169,1926,02/11/2025,False
Audere Apartments,"Phoenix-Mesa-Scottsdale, AZ",2032,2x2,1169,1908,02/12/2025,False
Audere Apartments,"Phoenix-Mesa-Scottsdale, AZ",2032,2x2,1169,1890,02/13/2025,False
Audere Apartments,"Phoenix-Mesa-Scottsdale, AZ",2032,2x2,1169,1939,02/14/2025,False
Audere Apartments,"Phoenix-Mesa-Scottsdale, AZ",2032,2x2,1169,1939,02/15/2025,False
Audere Apartments,"Phoenix-Mesa-Scottsdale, AZ",2032,2x2,1169,1939,02/16/2025,False
Audere Apartments,"Phoenix-Mesa-Scottsdale, AZ",2032,2x2,1169,1957,02/17/2025,False
Audere Apartments,"Phoenix-Mesa-Scottsdale, AZ",2032,2x2,1169,1975,02/18/2025,False
Audere Apartments,"Phoenix-Mesa-Scottsdale, AZ",2032,2x2,1169,1993,02/19/2025,False
Audere Apartments,"Phoenix-Mesa-Scottsdale, AZ",2032,2x2,1169,2011,02/20/2025,False
Audere Apartments,"Phoenix-Mesa-Scottsdale, AZ",2032,2x2,1169,2030,02/21/2025,False
Audere Apartments,"Phoenix-Mesa-Scottsdale, AZ",2032,2x2,1169,2030,02/22/2025,False
Audere Apartments,"Phoenix-Mesa-Scottsdale, AZ",2032,2x2,1169,2030,02/23/2025,False
Audere Apartments,"Phoenix-Mesa-Scottsdale, AZ",2032,2x2,1169,2049,02/24/2025,False
Audere Apartments,"Phoenix-Mesa-Scottsdale, AZ",2032,2x2,1169,2068,02/25/2025,False
Audere Apartments,"Phoenix-Mesa-Scottsdale, AZ",2032,2x2,1169,2087,02/26/2025,False
Audere Apartments,"Phoenix-Mesa-Scottsdale, AZ",2032,2x2,1169,2106,02/27/2025,False
Audere Apartments,"Phoenix-Mesa-Scottsdale, AZ",2032,2x2,1169,2125,02/28/2025,False
Audere Apartments,"Phoenix-Mesa-Scottsdale, AZ",2032,2x2,1169,2125,03/01/2025,False
Audere Apartments,"Phoenix-Mesa-Scottsdale, AZ",2032,2x2,1169,2125,03/02/2025,False
Audere Apartments,"Phoenix-Mesa-Scottsdale, AZ",2032,2x2,1169,2150,03/03/2025,False
Audere Apartments,"Phoenix-Mesa-Scottsdale, AZ",2032,2x2,1169,2170,03/04/2025,False
Audere Apartments,"Phoenix-Mesa-Scottsdale, AZ",2032,2x2,1169,2185,03/05/2025,False
Audere Apartments,"Phoenix-Mesa-Scottsdale, AZ",2032,2x2,1169,2205,03/06/2025,False
Audere Apartments,"Phoenix-Mesa-Scottsdale, AZ",2032,2x2,1169,2225,03/07/2025,False
Audere Apartments,"Phoenix-Mesa-Scottsdale, AZ",2032,2x2,1169,2225,03/08/2025,False
Audere Apartments,"Phoenix-Mesa-Scottsdale, AZ",2032,2x2,1169,2225,03/09/2025,False
Audere Apartments,"Phoenix-Mesa-Scottsdale, AZ",2032,2x2,1169,2246,03/10/2025,False
Audere Apartments,"Phoenix-Mesa-Scottsdale, AZ",2032,2x2,1169,2267,03/11/2025,False
Audere Apartments,"Phoenix-Mesa-Scottsdale, AZ",2032,2x2,1169,2288,03/12/2025,False
Audere Apartments,"Phoenix-Mesa-Scottsdale, AZ",2032,2x2,1169,2227,03/13/2025,False
Audere Apartments,"Phoenix-Mesa-Scottsdale, AZ",2032,2x2,1169,2248,03/14/2025,False
Audere Apartments,"Phoenix-Mesa-Scottsdale, AZ",2032,2x2,1169,2248,03/15/2025,False
Audere Apartments,"Phoenix-Mesa-Scottsdale, AZ",2032,2x2,1169,2248,03/16/2025,False
Audere Apartments,"Phoenix-Mesa-Scottsdale, AZ",2032,2x2,1169,2248,03/17/2025,False
Audere Apartments,"Phoenix-Mesa-Scottsdale, AZ",2032,2x2,1169,2263,03/18/2025,False
Audere Apartments,"Phoenix-Mesa-Scottsdale, AZ",2032,2x2,1169,2242,03/19/2025,False
Audere Apartments,"Phoenix-Mesa-Scottsdale, AZ",2032,2x2,1169,2187,03/20/2025,False
Audere Apartments,"Phoenix-Mesa-Scottsdale, AZ",2032,2x2,1169,2167,03/21/2025,False
Audere Apartments,"Phoenix-Mesa-Scottsdale, AZ",2032,2x2,1169,2167,03/22/2025,False
Audere Apartments,"Phoenix-Mesa-Scottsdale, AZ",2032,2x2,1169,2167,03/23/2025,False
Audere Apartments,"Phoenix-Mesa-Scottsdale, AZ",2032,2x2,1169,2147,03/24/2025,False
Audere Apartments,"Phoenix-Mesa-Scottsdale, AZ",2032,2x2,1169,2145,03/25/2025,False
Audere Apartments,"Phoenix-Mesa-Scottsdale, AZ",2032,2x2,1169,2107,03/26/2025,False
Audere Apartments,"Phoenix-Mesa-Scottsdale, AZ",2032,2x2,1169,2088,03/27/2025,False
Audere Apartments,"Phoenix-Mesa-Scottsdale, AZ",2032,2x2,1169,2067,03/28/2025,False
Audere Apartments,"Phoenix-Mesa-Scottsdale, AZ",2032,2x2,1169,2067,03/29/2025,False
Audere Apartments,"Phoenix-Mesa-Scottsdale, AZ",2032,2x2,1169,2067,03/30/2025,False
Audere Apartments,"Phoenix-Mesa-Scottsdale, AZ",2032,2x2,1169,2067,03/31/2025,False
Audere Apartments,"Phoenix-Mesa-Scottsdale, AZ",2032,2x2,1169,2019,04/01/2025,False
Audere Apartments,"Phoenix-Mesa-Scottsdale, AZ",2032,2x2,1169,1995,04/02/2025,False
Audere Apartments,"Phoenix-Mesa-Scottsdale, AZ",2032,2x2,1169,1976,04/03/2025,False
Audere Apartments,"Phoenix-Mesa-Scottsdale, AZ",2032,2x2,1169,1976,04/04/2025,True
Audere Apartments,"Phoenix-Mesa-Scottsdale, AZ",2033,2x2,1040,1707,04/04/2025,False
Audere Apartments,"Phoenix-Mesa-Scottsdale, AZ",2033,2x2,1040,1707,04/05/2025,False
Audere Apartments,"Phoenix-Mesa-Scottsdale, AZ",2033,2x2,1040,1707,04/06/2025,False
Audere Apartments,"Phoenix-Mesa-Scottsdale, AZ",2033,2x2,1040,1725,04/07/2025,False
Audere Apartments,"Phoenix-Mesa-Scottsdale, AZ",2033,2x2,1040,1744,04/08/2025,False
Audere Apartments,"Phoenix-Mesa-Scottsdale, AZ",2033,2x2,1040,1763,04/09/2025,False
Audere Apartments,"Phoenix-Mesa-Scottsdale, AZ",2033,2x2,1040,1803,04/10/2025,False
Audere Apartments,"Phoenix-Mesa-Scottsdale, AZ",2033,2x2,1040,1803,04/11/2025,False
Audere Apartments,"Phoenix-Mesa-Scottsdale, AZ",2033,2x2,1040,1803,04/12/2025,False
Audere Apartments,"Phoenix-Mesa-Scottsdale, AZ",2033,2x2,1040,1803,04/13/2025,False
Audere Apartments,"Phoenix-Mesa-Scottsdale, AZ",2033,2x2,1040,1803,04/14/2025,True
Audere Apartments,"Phoenix-Mesa-Scottsdale, AZ",2035,2x2,1040,1770,12/02/2023,False
Audere Apartments,"Phoenix-Mesa-Scottsdale, AZ",2035,2x2,1040,1770,12/03/2023,False
Audere Apartments,"Phoenix-Mesa-Scottsdale, AZ",2035,2x2,1040,1770,12/04/2023,False
Audere Apartments,"Phoenix-Mesa-Scottsdale, AZ",2035,2x2,1040,1770,12/05/2023,False
Audere Apartments,"Phoenix-Mesa-Scottsdale, AZ",2035,2x2,1040,1770,12/06/2023,False
Audere Apartments,"Phoenix-Mesa-Scottsdale, AZ",2035,2x2,1040,1800,12/07/2023,False
Audere Apartments,"Phoenix-Mesa-Scottsdale, AZ",2035,2x2,1040,1800,12/08/2023,False
Audere Apartments,"Phoenix-Mesa-Scottsdale, AZ",2035,2x2,1040,1780,12/09/2023,False
Audere Apartments,"Phoenix-Mesa-Scottsdale, AZ",2035,2x2,1040,1780,12/10/2023,False
Audere Apartments,"Phoenix-Mesa-Scottsdale, AZ",2035,2x2,1040,1780,12/11/2023,False
Audere Apartments,"Phoenix-Mesa-Scottsdale, AZ",2035,2x2,1040,1795,12/12/2023,False
Audere Apartments,"Phoenix-Mesa-Scottsdale, AZ",2035,2x2,1040,1795,12/13/2023,False
Audere Apartments,"Phoenix-Mesa-Scottsdale, AZ",2035,2x2,1040,1795,12/14/2023,False
Audere Apartments,"Phoenix-Mesa-Scottsdale, AZ",2035,2x2,1040,1765,12/15/2023,False
Audere Apartments,"Phoenix-Mesa-Scottsdale, AZ",2035,2x2,1040,1765,12/16/2023,False
Audere Apartments,"Phoenix-Mesa-Scottsdale, AZ",2035,2x2,1040,1765,12/17/2023,False
Audere Apartments,"Phoenix-Mesa-Scottsdale, AZ",2035,2x2,1040,1765,12/18/2023,False
Audere Apartments,"Phoenix-Mesa-Scottsdale, AZ",2035,2x2,1040,1770,12/19/2023,False
Audere Apartments,"Phoenix-Mesa-Scottsdale, AZ",2035,2x2,1040,1770,12/20/2023,False
Audere Apartments,"Phoenix-Mesa-Scottsdale, AZ",2035,2x2,1040,1720,12/21/2023,False
Audere Apartments,"Phoenix-Mesa-Scottsdale, AZ",2035,2x2,1040,1720,12/22/2023,False
Audere Apartments,"Phoenix-Mesa-Scottsdale, AZ",2035,2x2,1040,1720,12/23/2023,False
Audere Apartments,"Phoenix-Mesa-Scottsdale, AZ",2035,2x2,1040,1720,12/24/2023,False
Audere Apartments,"Phoenix-Mesa-Scottsdale, AZ",2035,2x2,1040,1720,12/25/2023,False
Audere Apartments,"Phoenix-Mesa-Scottsdale, AZ",2035,2x2,1040,1720,12/26/2023,False
Audere Apartments,"Phoenix-Mesa-Scottsdale, AZ",2035,2x2,1040,1720,12/27/2023,False
Audere Apartments,"Phoenix-Mesa-Scottsdale, AZ",2035,2x2,1040,1755,12/28/2023,False
Audere Apartments,"Phoenix-Mesa-Scottsdale, AZ",2035,2x2,1040,1755,12/29/2023,False
Audere Apartments,"Phoenix-Mesa-Scottsdale, AZ",2035,2x2,1040,1755,12/30/2023,False
Audere Apartments,"Phoenix-Mesa-Scottsdale, AZ",2035,2x2,1040,1755,12/31/2023,False
Audere Apartments,"Phoenix-Mesa-Scottsdale, AZ",2035,2x2,1040,1755,01/01/2024,False
Audere Apartments,"Phoenix-Mesa-Scottsdale, AZ",2035,2x2,1040,1755,01/02/2024,False
Audere Apartments,"Phoenix-Mesa-Scottsdale, AZ",2035,2x2,1040,1755,01/03/2024,False
Audere Apartments,"Phoenix-Mesa-Scottsdale, AZ",2035,2x2,1040,1755,01/04/2024,True
Audere Apartments,"Phoenix-Mesa-Scottsdale, AZ",2035,2x2,1040,1805,01/28/2025,False
Audere Apartments,"Phoenix-Mesa-Scottsdale, AZ",2035,2x2,1040,1786,01/29/2025,False
Audere Apartments,"Phoenix-Mesa-Scottsdale, AZ",2035,2x2,1040,1767,01/30/2025,False
Audere Apartments,"Phoenix-Mesa-Scottsdale, AZ",2035,2x2,1040,1748,01/31/2025,False
Audere Apartments,"Phoenix-Mesa-Scottsdale, AZ",2035,2x2,1040,1748,02/01/2025,False
Audere Apartments,"Phoenix-Mesa-Scottsdale, AZ",2035,2x2,1040,1748,02/02/2025,False
Audere Apartments,"Phoenix-Mesa-Scottsdale, AZ",2035,2x2,1040,1730,02/03/2025,False
Audere Apartments,"Phoenix-Mesa-Scottsdale, AZ",2035,2x2,1040,1730,02/04/2025,False
Audere Apartments,"Phoenix-Mesa-Scottsdale, AZ",2035,2x2,1040,1730,02/05/2025,False
Audere Apartments,"Phoenix-Mesa-Scottsdale, AZ",2035,2x2,1040,1730,02/06/2025,False
Audere Apartments,"Phoenix-Mesa-Scottsdale, AZ",2035,2x2,1040,1712,02/07/2025,False
Audere Apartments,"Phoenix-Mesa-Scottsdale, AZ",2035,2x2,1040,1712,02/08/2025,False
Audere Apartments,"Phoenix-Mesa-Scottsdale, AZ",2035,2x2,1040,1712,02/09/2025,False
Audere Apartments,"Phoenix-Mesa-Scottsdale, AZ",2035,2x2,1040,1694,02/10/2025,False
Audere Apartments,"Phoenix-Mesa-Scottsdale, AZ",2035,2x2,1040,1676,02/11/2025,False
Audere Apartments,"Phoenix-Mesa-Scottsdale, AZ",2035,2x2,1040,1658,02/12/2025,False
Audere Apartments,"Phoenix-Mesa-Scottsdale, AZ",2035,2x2,1040,1640,02/13/2025,False
Audere Apartments,"Phoenix-Mesa-Scottsdale, AZ",2035,2x2,1040,1689,02/14/2025,False
Audere Apartments,"Phoenix-Mesa-Scottsdale, AZ",2035,2x2,1040,1689,02/15/2025,False
Audere Apartments,"Phoenix-Mesa-Scottsdale, AZ",2035,2x2,1040,1689,02/16/2025,False
Audere Apartments,"Phoenix-Mesa-Scottsdale, AZ",2035,2x2,1040,1707,02/17/2025,False
Audere Apartments,"Phoenix-Mesa-Scottsdale, AZ",2035,2x2,1040,1707,02/18/2025,True
Audere Apartments,"Phoenix-Mesa-Scottsdale, AZ",2036,2x2,1040,1766,05/18/2024,False
Audere Apartments,"Phoenix-Mesa-Scottsdale, AZ",2036,2x2,1040,1766,05/19/2024,False
Audere Apartments,"Phoenix-Mesa-Scottsdale, AZ",2036,2x2,1040,1710,05/20/2024,False
Audere Apartments,"Phoenix-Mesa-Scottsdale, AZ",2036,2x2,1040,1710,05/21/2024,False
Audere Apartments,"Phoenix-Mesa-Scottsdale, AZ",2036,2x2,1040,1710,05/22/2024,False
Audere Apartments,"Phoenix-Mesa-Scottsdale, AZ",2036,2x2,1040,1710,05/23/2024,False
Audere Apartments,"Phoenix-Mesa-Scottsdale, AZ",2036,2x2,1040,1673,05/24/2024,False
Audere Apartments,"Phoenix-Mesa-Scottsdale, AZ",2036,2x2,1040,1673,05/25/2024,True
Audere Apartments,"Phoenix-Mesa-Scottsdale, AZ",2036,2x2,1040,1640,02/13/2025,False
Audere Apartments,"Phoenix-Mesa-Scottsdale, AZ",2036,2x2,1040,1689,02/14/2025,False
Audere Apartments,"Phoenix-Mesa-Scottsdale, AZ",2036,2x2,1040,1689,02/15/2025,False
Audere Apartments,"Phoenix-Mesa-Scottsdale, AZ",2036,2x2,1040,1689,02/16/2025,False
Audere Apartments,"Phoenix-Mesa-Scottsdale, AZ",2036,2x2,1040,1707,02/17/2025,False
Audere Apartments,"Phoenix-Mesa-Scottsdale, AZ",2036,2x2,1040,1725,02/18/2025,False
Audere Apartments,"Phoenix-Mesa-Scottsdale, AZ",2036,2x2,1040,1743,02/19/2025,False
Audere Apartments,"Phoenix-Mesa-Scottsdale, AZ",2036,2x2,1040,1761,02/20/2025,False
Audere Apartments,"Phoenix-Mesa-Scottsdale, AZ",2036,2x2,1040,1761,02/21/2025,True
Audere Apartments,"Phoenix-Mesa-Scottsdale, AZ",2037,1x1,642,1455,08/26/2023,False
Audere Apartments,"Phoenix-Mesa-Scottsdale, AZ",2037,1x1,642,1450,08/27/2023,False
Audere Apartments,"Phoenix-Mesa-Scottsdale, AZ",2037,1x1,642,1450,08/28/2023,False
Audere Apartments,"Phoenix-Mesa-Scottsdale, AZ",2037,1x1,642,1455,08/29/2023,False
Audere Apartments,"Phoenix-Mesa-Scottsdale, AZ",2037,1x1,642,1460,08/30/2023,False
Audere Apartments,"Phoenix-Mesa-Scottsdale, AZ",2037,1x1,642,1430,08/31/2023,False
Audere Apartments,"Phoenix-Mesa-Scottsdale, AZ",2037,1x1,642,1425,09/01/2023,False
Audere Apartments,"Phoenix-Mesa-Scottsdale, AZ",2037,1x1,642,1430,09/02/2023,False
Audere Apartments,"Phoenix-Mesa-Scottsdale, AZ",2037,1x1,642,1425,09/03/2023,False
Audere Apartments,"Phoenix-Mesa-Scottsdale, AZ",2037,1x1,642,1435,09/04/2023,False
Audere Apartments,"Phoenix-Mesa-Scottsdale, AZ",2037,1x1,642,1435,09/05/2023,False
Audere Apartments,"Phoenix-Mesa-Scottsdale, AZ",2037,1x1,642,1435,09/06/2023,False
Audere Apartments,"Phoenix-Mesa-Scottsdale, AZ",2037,1x1,642,1405,09/07/2023,False
Audere Apartments,"Phoenix-Mesa-Scottsdale, AZ",2037,1x1,642,1400,09/08/2023,False
Audere Apartments,"Phoenix-Mesa-Scottsdale, AZ",2037,1x1,642,1400,09/09/2023,False
Audere Apartments,"Phoenix-Mesa-Scottsdale, AZ",2037,1x1,642,1400,09/10/2023,False
Audere Apartments,"Phoenix-Mesa-Scottsdale, AZ",2037,1x1,642,1400,09/11/2023,False
Audere Apartments,"Phoenix-Mesa-Scottsdale, AZ",2037,1x1,642,1400,09/12/2023,False
Audere Apartments,"Phoenix-Mesa-Scottsdale, AZ",2037,1x1,642,1400,09/13/2023,False
Audere Apartments,"Phoenix-Mesa-Scottsdale, AZ",2037,1x1,642,1435,09/14/2023,False
Audere Apartments,"Phoenix-Mesa-Scottsdale, AZ",2037,1x1,642,1435,09/15/2023,False
Audere Apartments,"Phoenix-Mesa-Scottsdale, AZ",2037,1x1,642,1440,09/16/2023,False
Audere Apartments,"Phoenix-Mesa-Scottsdale, AZ",2037,1x1,642,1440,09/17/2023,False
Audere Apartments,"Phoenix-Mesa-Scottsdale, AZ",2037,1x1,642,1475,09/18/2023,False
Audere Apartments,"Phoenix-Mesa-Scottsdale, AZ",2037,1x1,642,1480,09/19/2023,False
Audere Apartments,"Phoenix-Mesa-Scottsdale, AZ",2037,1x1,642,1480,09/20/2023,False
Audere Apartments,"Phoenix-Mesa-Scottsdale, AZ",2037,1x1,642,1480,09/21/2023,False
Audere Apartments,"Phoenix-Mesa-Scottsdale, AZ",2037,1x1,642,1480,09/22/2023,False
Audere Apartments,"Phoenix-Mesa-Scottsdale, AZ",2037,1x1,642,1475,09/23/2023,False
Audere Apartments,"Phoenix-Mesa-Scottsdale, AZ",2037,1x1,642,1465,09/24/2023,False
Audere Apartments,"Phoenix-Mesa-Scottsdale, AZ",2037,1x1,642,1460,09/25/2023,False
Audere Apartments,"Phoenix-Mesa-Scottsdale, AZ",2037,1x1,642,1480,09/26/2023,False
Audere Apartments,"Phoenix-Mesa-Scottsdale, AZ",2037,1x1,642,1475,09/27/2023,False
Audere Apartments,"Phoenix-Mesa-Scottsdale, AZ",2037,1x1,642,1465,09/28/2023,False
Audere Apartments,"Phoenix-Mesa-Scottsdale, AZ",2037,1x1,642,1460,09/29/2023,False
Audere Apartments,"Phoenix-Mesa-Scottsdale, AZ",2037,1x1,642,1455,09/30/2023,False
Audere Apartments,"Phoenix-Mesa-Scottsdale, AZ",2037,1x1,642,1465,10/01/2023,False
Audere Apartments,"Phoenix-Mesa-Scottsdale, AZ",2037,1x1,642,1465,10/02/2023,False
Audere Apartments,"Phoenix-Mesa-Scottsdale, AZ",2037,1x1,642,1475,10/03/2023,False
Audere Apartments,"Phoenix-Mesa-Scottsdale, AZ",2037,1x1,642,1475,10/04/2023,False
Audere Apartments,"Phoenix-Mesa-Scottsdale, AZ",2037,1x1,642,1475,10/05/2023,False
Audere Apartments,"Phoenix-Mesa-Scottsdale, AZ",2037,1x1,642,1470,10/06/2023,False
Audere Apartments,"Phoenix-Mesa-Scottsdale, AZ",2037,1x1,642,1465,10/07/2023,False
Audere Apartments,"Phoenix-Mesa-Scottsdale, AZ",2037,1x1,642,1475,10/08/2023,False
Audere Apartments,"Phoenix-Mesa-Scottsdale, AZ",2037,1x1,642,1475,10/09/2023,False
Audere Apartments,"Phoenix-Mesa-Scottsdale, AZ",2037,1x1,642,1455,10/10/2023,False
Audere Apartments,"Phoenix-Mesa-Scottsdale, AZ",2037,1x1,642,1480,10/11/2023,False
Audere Apartments,"Phoenix-Mesa-Scottsdale, AZ",2037,1x1,642,1480,10/12/2023,False
Audere Apartments,"Phoenix-Mesa-Scottsdale, AZ",2037,1x1,642,1480,10/13/2023,True
Audere Apartments,"Phoenix-Mesa-Scottsdale, AZ",2040,2x2,1040,1710,08/11/2024,False
Audere Apartments,"Phoenix-Mesa-Scottsdale, AZ",2040,2x2,1040,1746,08/12/2024,False
Audere Apartments,"Phoenix-Mesa-Scottsdale, AZ",2040,2x2,1040,1746,08/13/2024,False
Audere Apartments,"Phoenix-Mesa-Scottsdale, AZ",2040,2x2,1040,1746,08/14/2024,False
Audere Apartments,"Phoenix-Mesa-Scottsdale, AZ",2040,2x2,1040,1746,08/15/2024,False
Audere Apartments,"Phoenix-Mesa-Scottsdale, AZ",2040,2x2,1040,1746,08/16/2024,False
Audere Apartments,"Phoenix-Mesa-Scottsdale, AZ",2040,2x2,1040,1746,08/17/2024,False
Audere Apartments,"Phoenix-Mesa-Scottsdale, AZ",2040,2x2,1040,1746,08/18/2024,False
Audere Apartments,"Phoenix-Mesa-Scottsdale, AZ",2040,2x2,1040,1746,08/19/2024,False
Audere Apartments,"Phoenix-Mesa-Scottsdale, AZ",2040,2x2,1040,1746,08/20/2024,False
Audere Apartments,"Phoenix-Mesa-Scottsdale, AZ",2040,2x2,1040,1746,08/21/2024,False
Audere Apartments,"Phoenix-Mesa-Scottsdale, AZ",2040,2x2,1040,1746,08/22/2024,False
Audere Apartments,"Phoenix-Mesa-Scottsdale, AZ",2040,2x2,1040,1746,08/23/2024,False
Audere Apartments,"Phoenix-Mesa-Scottsdale, AZ",2040,2x2,1040,1746,08/24/2024,False
Audere Apartments,"Phoenix-Mesa-Scottsdale, AZ",2040,2x2,1040,1746,08/25/2024,False
Audere Apartments,"Phoenix-Mesa-Scottsdale, AZ",2040,2x2,1040,1746,08/26/2024,False
Audere Apartments,"Phoenix-Mesa-Scottsdale, AZ",2040,2x2,1040,1746,08/27/2024,False
Audere Apartments,"Phoenix-Mesa-Scottsdale, AZ",2040,2x2,1040,1746,08/28/2024,False
Audere Apartments,"Phoenix-Mesa-Scottsdale, AZ",2040,2x2,1040,1746,08/29/2024,False
Audere Apartments,"Phoenix-Mesa-Scottsdale, AZ",2040,2x2,1040,1746,08/30/2024,False
Audere Apartments,"Phoenix-Mesa-Scottsdale, AZ",2040,2x2,1040,1746,08/31/2024,False
Audere Apartments,"Phoenix-Mesa-Scottsdale, AZ",2040,2x2,1040,1746,09/01/2024,False
Audere Apartments,"Phoenix-Mesa-Scottsdale, AZ",2040,2x2,1040,1746,09/02/2024,False
Audere Apartments,"Phoenix-Mesa-Scottsdale, AZ",2040,2x2,1040,1746,09/03/2024,False
Audere Apartments,"Phoenix-Mesa-Scottsdale, AZ",2040,2x2,1040,1746,09/04/2024,False
Audere Apartments,"Phoenix-Mesa-Scottsdale, AZ",2040,2x2,1040,1746,09/05/2024,False
Audere Apartments,"Phoenix-Mesa-Scottsdale, AZ",2040,2x2,1040,1746,09/06/2024,False
Audere Apartments,"Phoenix-Mesa-Scottsdale, AZ",2040,2x2,1040,1746,09/07/2024,False
Audere Apartments,"Phoenix-Mesa-Scottsdale, AZ",2040,2x2,1040,1746,09/08/2024,False
Audere Apartments,"Phoenix-Mesa-Scottsdale, AZ",2040,2x2,1040,1746,09/09/2024,False
Audere Apartments,"Phoenix-Mesa-Scottsdale, AZ",2040,2x2,1040,1746,09/10/2024,False
Audere Apartments,"Phoenix-Mesa-Scottsdale, AZ",2040,2x2,1040,1746,09/11/2024,False
Audere Apartments,"Phoenix-Mesa-Scottsdale, AZ",2040,2x2,1040,1746,09/12/2024,False
Audere Apartments,"Phoenix-Mesa-Scottsdale, AZ",2040,2x2,1040,1746,09/13/2024,False
Audere Apartments,"Phoenix-Mesa-Scottsdale, AZ",2040,2x2,1040,1746,09/14/2024,False
Audere Apartments,"Phoenix-Mesa-Scottsdale, AZ",2040,2x2,1040,1746,09/15/2024,False
Audere Apartments,"Phoenix-Mesa-Scottsdale, AZ",2040,2x2,1040,1746,09/16/2024,False
Audere Apartments,"Phoenix-Mesa-Scottsdale, AZ",2040,2x2,1040,1746,09/17/2024,False
Audere Apartments,"Phoenix-Mesa-Scottsdale, AZ",2040,2x2,1040,1746,09/18/2024,False
Audere Apartments,"Phoenix-Mesa-Scottsdale, AZ",2040,2x2,1040,1746,09/19/2024,False
Audere Apartments,"Phoenix-Mesa-Scottsdale, AZ",2040,2x2,1040,1746,09/20/2024,False
Audere Apartments,"Phoenix-Mesa-Scottsdale, AZ",2040,2x2,1040,1746,09/21/2024,False
Audere Apartments,"Phoenix-Mesa-Scottsdale, AZ",2040,2x2,1040,1746,09/22/2024,False
Audere Apartments,"Phoenix-Mesa-Scottsdale, AZ",2040,2x2,1040,1746,09/23/2024,False
Audere Apartments,"Phoenix-Mesa-Scottsdale, AZ",2040,2x2,1040,1746,09/24/2024,False
Audere Apartments,"Phoenix-Mesa-Scottsdale, AZ",2040,2x2,1040,1746,09/25/2024,False
Audere Apartments,"Phoenix-Mesa-Scottsdale, AZ",2040,2x2,1040,1746,09/26/2024,False
Audere Apartments,"Phoenix-Mesa-Scottsdale, AZ",2040,2x2,1040,1746,09/27/2024,False
Audere Apartments,"Phoenix-Mesa-Scottsdale, AZ",2040,2x2,1040,1746,09/28/2024,False
Audere Apartments,"Phoenix-Mesa-Scottsdale, AZ",2040,2x2,1040,1746,09/29/2024,False
Audere Apartments,"Phoenix-Mesa-Scottsdale, AZ",2040,2x2,1040,1746,09/30/2024,False
Audere Apartments,"Phoenix-Mesa-Scottsdale, AZ",2040,2x2,1040,1746,10/01/2024,False
Audere Apartments,"Phoenix-Mesa-Scottsdale, AZ",2040,2x2,1040,1746,10/02/2024,False
Audere Apartments,"Phoenix-Mesa-Scottsdale, AZ",2040,2x2,1040,1746,10/03/2024,False
Audere Apartments,"Phoenix-Mesa-Scottsdale, AZ",2040,2x2,1040,1746,10/04/2024,False
Audere Apartments,"Phoenix-Mesa-Scottsdale, AZ",2040,2x2,1040,1746,10/05/2024,False
Audere Apartments,"Phoenix-Mesa-Scottsdale, AZ",2040,2x2,1040,1746,10/06/2024,False
Audere Apartments,"Phoenix-Mesa-Scottsdale, AZ",2040,2x2,1040,1746,10/07/2024,False
Audere Apartments,"Phoenix-Mesa-Scottsdale, AZ",2040,2x2,1040,1746,10/08/2024,False
Audere Apartments,"Phoenix-Mesa-Scottsdale, AZ",2040,2x2,1040,1746,10/09/2024,False
Audere Apartments,"Phoenix-Mesa-Scottsdale, AZ",2040,2x2,1040,1746,10/10/2024,False
Audere Apartments,"Phoenix-Mesa-Scottsdale, AZ",2040,2x2,1040,1746,10/11/2024,False
Audere Apartments,"Phoenix-Mesa-Scottsdale, AZ",2040,2x2,1040,1746,10/12/2024,False
Audere Apartments,"Phoenix-Mesa-Scottsdale, AZ",2040,2x2,1040,1746,10/13/2024,False
Audere Apartments,"Phoenix-Mesa-Scottsdale, AZ",2040,2x2,1040,1746,10/14/2024,False
Audere Apartments,"Phoenix-Mesa-Scottsdale, AZ",2040,2x2,1040,1746,10/15/2024,False
Audere Apartments,"Phoenix-Mesa-Scottsdale, AZ",2040,2x2,1040,1746,10/16/2024,False
Audere Apartments,"Phoenix-Mesa-Scottsdale, AZ",2040,2x2,1040,1746,10/17/2024,False
Audere Apartments,"Phoenix-Mesa-Scottsdale, AZ",2040,2x2,1040,1746,10/18/2024,False
Audere Apartments,"Phoenix-Mesa-Scottsdale, AZ",2040,2x2,1040,1746,10/19/2024,False
Audere Apartments,"Phoenix-Mesa-Scottsdale, AZ",2040,2x2,1040,1746,10/20/2024,False
Audere Apartments,"Phoenix-Mesa-Scottsdale, AZ",2040,2x2,1040,1746,10/21/2024,False
Audere Apartments,"Phoenix-Mesa-Scottsdale, AZ",2040,2x2,1040,1762,10/22/2024,False
Audere Apartments,"Phoenix-Mesa-Scottsdale, AZ",2040,2x2,1040,1781,10/23/2024,False
Audere Apartments,"Phoenix-Mesa-Scottsdale, AZ",2040,2x2,1040,1800,10/24/2024,False
Audere Apartments,"Phoenix-Mesa-Scottsdale, AZ",2040,2x2,1040,1819,10/25/2024,False
Audere Apartments,"Phoenix-Mesa-Scottsdale, AZ",2040,2x2,1040,1819,10/26/2024,False
Audere Apartments,"Phoenix-Mesa-Scottsdale, AZ",2040,2x2,1040,1819,10/27/2024,False
Audere Apartments,"Phoenix-Mesa-Scottsdale, AZ",2040,2x2,1040,1838,10/28/2024,False
Audere Apartments,"Phoenix-Mesa-Scottsdale, AZ",2040,2x2,1040,1858,10/29/2024,False
Audere Apartments,"Phoenix-Mesa-Scottsdale, AZ",2040,2x2,1040,1878,10/30/2024,False
Audere Apartments,"Phoenix-Mesa-Scottsdale, AZ",2040,2x2,1040,1898,10/31/2024,False
Audere Apartments,"Phoenix-Mesa-Scottsdale, AZ",2040,2x2,1040,1898,11/01/2024,False
Audere Apartments,"Phoenix-Mesa-Scottsdale, AZ",2040,2x2,1040,1898,11/02/2024,False
Audere Apartments,"Phoenix-Mesa-Scottsdale, AZ",2040,2x2,1040,1898,11/03/2024,False
Audere Apartments,"Phoenix-Mesa-Scottsdale, AZ",2040,2x2,1040,1918,11/04/2024,False
Audere Apartments,"Phoenix-Mesa-Scottsdale, AZ",2040,2x2,1040,1938,11/05/2024,False
Audere Apartments,"Phoenix-Mesa-Scottsdale, AZ",2040,2x2,1040,1959,11/06/2024,False
Audere Apartments,"Phoenix-Mesa-Scottsdale, AZ",2040,2x2,1040,1974,11/07/2024,False
Audere Apartments,"Phoenix-Mesa-Scottsdale, AZ",2040,2x2,1040,1974,11/08/2024,False
Audere Apartments,"Phoenix-Mesa-Scottsdale, AZ",2040,2x2,1040,1974,11/09/2024,False
Audere Apartments,"Phoenix-Mesa-Scottsdale, AZ",2040,2x2,1040,1974,11/10/2024,False
Audere Apartments,"Phoenix-Mesa-Scottsdale, AZ",2040,2x2,1040,1953,11/11/2024,False
Audere Apartments,"Phoenix-Mesa-Scottsdale, AZ",2040,2x2,1040,1953,11/12/2024,False
Audere Apartments,"Phoenix-Mesa-Scottsdale, AZ",2040,2x2,1040,1932,11/13/2024,False
Audere Apartments,"Phoenix-Mesa-Scottsdale, AZ",2040,2x2,1040,1911,11/14/2024,False
Audere Apartments,"Phoenix-Mesa-Scottsdale, AZ",2040,2x2,1040,1891,11/15/2024,False
Audere Apartments,"Phoenix-Mesa-Scottsdale, AZ",2040,2x2,1040,1891,11/16/2024,False
Audere Apartments,"Phoenix-Mesa-Scottsdale, AZ",2040,2x2,1040,1891,11/17/2024,False
Audere Apartments,"Phoenix-Mesa-Scottsdale, AZ",2040,2x2,1040,1871,11/18/2024,False
Audere Apartments,"Phoenix-Mesa-Scottsdale, AZ",2040,2x2,1040,1851,11/19/2024,False
Audere Apartments,"Phoenix-Mesa-Scottsdale, AZ",2040,2x2,1040,1831,11/20/2024,False
Audere Apartments,"Phoenix-Mesa-Scottsdale, AZ",2040,2x2,1040,1811,11/21/2024,False
Audere Apartments,"Phoenix-Mesa-Scottsdale, AZ",2040,2x2,1040,1792,11/22/2024,False
Audere Apartments,"Phoenix-Mesa-Scottsdale, AZ",2040,2x2,1040,1792,11/23/2024,False
Audere Apartments,"Phoenix-Mesa-Scottsdale, AZ",2040,2x2,1040,1792,11/24/2024,False
Audere Apartments,"Phoenix-Mesa-Scottsdale, AZ",2040,2x2,1040,1811,11/25/2024,False
Audere Apartments,"Phoenix-Mesa-Scottsdale, AZ",2040,2x2,1040,1830,11/26/2024,False
Audere Apartments,"Phoenix-Mesa-Scottsdale, AZ",2040,2x2,1040,1830,11/27/2024,False
Audere Apartments,"Phoenix-Mesa-Scottsdale, AZ",2040,2x2,1040,1830,11/28/2024,False
Audere Apartments,"Phoenix-Mesa-Scottsdale, AZ",2040,2x2,1040,1830,11/29/2024,False
Audere Apartments,"Phoenix-Mesa-Scottsdale, AZ",2040,2x2,1040,1830,11/30/2024,False
Audere Apartments,"Phoenix-Mesa-Scottsdale, AZ",2040,2x2,1040,1830,12/01/2024,False
Audere Apartments,"Phoenix-Mesa-Scottsdale, AZ",2040,2x2,1040,1830,12/02/2024,False
Audere Apartments,"Phoenix-Mesa-Scottsdale, AZ",2040,2x2,1040,1850,12/03/2024,False
Audere Apartments,"Phoenix-Mesa-Scottsdale, AZ",2040,2x2,1040,1870,12/04/2024,False
Audere Apartments,"Phoenix-Mesa-Scottsdale, AZ",2040,2x2,1040,1890,12/05/2024,False
Audere Apartments,"Phoenix-Mesa-Scottsdale, AZ",2040,2x2,1040,1890,12/06/2024,True
Audere Apartments,"Phoenix-Mesa-Scottsdale, AZ",2041,2x2,1040,1930,06/19/2023,False
Audere Apartments,"Phoenix-Mesa-Scottsdale, AZ",2041,2x2,1040,1940,06/20/2023,False
Audere Apartments,"Phoenix-Mesa-Scottsdale, AZ",2041,2x2,1040,1940,06/21/2023,False
Audere Apartments,"Phoenix-Mesa-Scottsdale, AZ",2041,2x2,1040,1965,06/22/2023,False
Audere Apartments,"Phoenix-Mesa-Scottsdale, AZ",2041,2x2,1040,1965,06/23/2023,False
Audere Apartments,"Phoenix-Mesa-Scottsdale, AZ",2041,2x2,1040,1970,06/24/2023,False
Audere Apartments,"Phoenix-Mesa-Scottsdale, AZ",2041,2x2,1040,1980,06/25/2023,False
Audere Apartments,"Phoenix-Mesa-Scottsdale, AZ",2041,2x2,1040,1980,06/26/2023,False
Audere Apartments,"Phoenix-Mesa-Scottsdale, AZ",2041,2x2,1040,1980,06/27/2023,False
Audere Apartments,"Phoenix-Mesa-Scottsdale, AZ",2041,2x2,1040,1975,06/28/2023,False
Audere Apartments,"Phoenix-Mesa-Scottsdale, AZ",2041,2x2,1040,1970,06/29/2023,False
Audere Apartments,"Phoenix-Mesa-Scottsdale, AZ",2041,2x2,1040,1960,06/30/2023,False
Audere Apartments,"Phoenix-Mesa-Scottsdale, AZ",2041,2x2,1040,1965,07/01/2023,False
Audere Apartments,"Phoenix-Mesa-Scottsdale, AZ",2041,2x2,1040,1965,07/02/2023,False
Audere Apartments,"Phoenix-Mesa-Scottsdale, AZ",2041,2x2,1040,1965,07/03/2023,False
Audere Apartments,"Phoenix-Mesa-Scottsdale, AZ",2041,2x2,1040,1970,07/04/2023,False
Audere Apartments,"Phoenix-Mesa-Scottsdale, AZ",2041,2x2,1040,1965,07/05/2023,False
Audere Apartments,"Phoenix-Mesa-Scottsdale, AZ",2041,2x2,1040,1970,07/06/2023,False
Audere Apartments,"Phoenix-Mesa-Scottsdale, AZ",2041,2x2,1040,1955,07/07/2023,False
Audere Apartments,"Phoenix-Mesa-Scottsdale, AZ",2041,2x2,1040,1945,07/08/2023,False
Audere Apartments,"Phoenix-Mesa-Scottsdale, AZ",2041,2x2,1040,1960,07/09/2023,False
Audere Apartments,"Phoenix-Mesa-Scottsdale, AZ",2041,2x2,1040,1960,07/10/2023,False
Audere Apartments,"Phoenix-Mesa-Scottsdale, AZ",2041,2x2,1040,1960,07/11/2023,False
Audere Apartments,"Phoenix-Mesa-Scottsdale, AZ",2041,2x2,1040,1965,07/12/2023,False
Audere Apartments,"Phoenix-Mesa-Scottsdale, AZ",2041,2x2,1040,1975,07/13/2023,False
Audere Apartments,"Phoenix-Mesa-Scottsdale, AZ",2041,2x2,1040,1960,07/14/2023,False
Audere Apartments,"Phoenix-Mesa-Scottsdale, AZ",2041,2x2,1040,1930,07/15/2023,False
Audere Apartments,"Phoenix-Mesa-Scottsdale, AZ",2041,2x2,1040,1900,07/16/2023,False
Audere Apartments,"Phoenix-Mesa-Scottsdale, AZ",2041,2x2,1040,1900,07/17/2023,False
Audere Apartments,"Phoenix-Mesa-Scottsdale, AZ",2041,2x2,1040,1915,07/18/2023,False
Audere Apartments,"Phoenix-Mesa-Scottsdale, AZ",2041,2x2,1040,1835,07/19/2023,False
Audere Apartments,"Phoenix-Mesa-Scottsdale, AZ",2041,2x2,1040,1835,07/20/2023,False
Audere Apartments,"Phoenix-Mesa-Scottsdale, AZ",2041,2x2,1040,1835,07/21/2023,False
Audere Apartments,"Phoenix-Mesa-Scottsdale, AZ",2041,2x2,1040,1835,07/22/2023,False
Audere Apartments,"Phoenix-Mesa-Scottsdale, AZ",2041,2x2,1040,1835,07/23/2023,False
Audere Apartments,"Phoenix-Mesa-Scottsdale, AZ",2041,2x2,1040,1835,07/24/2023,False
Audere Apartments,"Phoenix-Mesa-Scottsdale, AZ",2041,2x2,1040,1835,07/25/2023,True
Audere Apartments,"Phoenix-Mesa-Scottsdale, AZ",2041,2x2,1040,1765,08/28/2024,False
Audere Apartments,"Phoenix-Mesa-Scottsdale, AZ",2041,2x2,1040,1802,08/29/2024,False
Audere Apartments,"Phoenix-Mesa-Scottsdale, AZ",2041,2x2,1040,1764,08/30/2024,False
Audere Apartments,"Phoenix-Mesa-Scottsdale, AZ",2041,2x2,1040,1764,08/31/2024,False
Audere Apartments,"Phoenix-Mesa-Scottsdale, AZ",2041,2x2,1040,1764,09/01/2024,True
Audere Apartments,"Phoenix-Mesa-Scottsdale, AZ",2042,1x1,642,1590,06/26/2023,False
Audere Apartments,"Phoenix-Mesa-Scottsdale, AZ",2042,1x1,642,1585,06/27/2023,False
Audere Apartments,"Phoenix-Mesa-Scottsdale, AZ",2042,1x1,642,1570,06/28/2023,False
Audere Apartments,"Phoenix-Mesa-Scottsdale, AZ",2042,1x1,642,1555,06/29/2023,False
Audere Apartments,"Phoenix-Mesa-Scottsdale, AZ",2042,1x1,642,1555,06/30/2023,False
Audere Apartments,"Phoenix-Mesa-Scottsdale, AZ",2042,1x1,642,1550,07/01/2023,False
Audere Apartments,"Phoenix-Mesa-Scottsdale, AZ",2042,1x1,642,1550,07/02/2023,False
Audere Apartments,"Phoenix-Mesa-Scottsdale, AZ",2042,1x1,642,1550,07/03/2023,False
Audere Apartments,"Phoenix-Mesa-Scottsdale, AZ",2042,1x1,642,1555,07/04/2023,False
Audere Apartments,"Phoenix-Mesa-Scottsdale, AZ",2042,1x1,642,1550,07/05/2023,False
Audere Apartments,"Phoenix-Mesa-Scottsdale, AZ",2042,1x1,642,1545,07/06/2023,False
Audere Apartments,"Phoenix-Mesa-Scottsdale, AZ",2042,1x1,642,1545,07/07/2023,False
Audere Apartments,"Phoenix-Mesa-Scottsdale, AZ",2042,1x1,642,1550,07/08/2023,False
Audere Apartments,"Phoenix-Mesa-Scottsdale, AZ",2042,1x1,642,1555,07/09/2023,False
Audere Apartments,"Phoenix-Mesa-Scottsdale, AZ",2042,1x1,642,1555,07/10/2023,False
Audere Apartments,"Phoenix-Mesa-Scottsdale, AZ",2042,1x1,642,1555,07/11/2023,False
Audere Apartments,"Phoenix-Mesa-Scottsdale, AZ",2042,1x1,642,1530,07/12/2023,False
Audere Apartments,"Phoenix-Mesa-Scottsdale, AZ",2042,1x1,642,1530,07/13/2023,False
Audere Apartments,"Phoenix-Mesa-Scottsdale, AZ",2042,1x1,642,1535,07/14/2023,False
Audere Apartments,"Phoenix-Mesa-Scottsdale, AZ",2042,1x1,642,1500,07/15/2023,False
Audere Apartments,"Phoenix-Mesa-Scottsdale, AZ",2042,1x1,642,1490,07/16/2023,False
Audere Apartments,"Phoenix-Mesa-Scottsdale, AZ",2042,1x1,642,1490,07/17/2023,False
Audere Apartments,"Phoenix-Mesa-Scottsdale, AZ",2042,1x1,642,1495,07/18/2023,False
Audere Apartments,"Phoenix-Mesa-Scottsdale, AZ",2042,1x1,642,1470,07/19/2023,False
Audere Apartments,"Phoenix-Mesa-Scottsdale, AZ",2042,1x1,642,1470,07/20/2023,False
Audere Apartments,"Phoenix-Mesa-Scottsdale, AZ",2042,1x1,642,1470,07/21/2023,False
Audere Apartments,"Phoenix-Mesa-Scottsdale, AZ",2042,1x1,642,1470,07/22/2023,True
Audere Apartments,"Phoenix-Mesa-Scottsdale, AZ",2043,2x2,1040,1826,05/26/2024,False
Audere Apartments,"Phoenix-Mesa-Scottsdale, AZ",2043,2x2,1040,1826,05/27/2024,False
Audere Apartments,"Phoenix-Mesa-Scottsdale, AZ",2043,2x2,1040,1826,05/28/2024,False
Audere Apartments,"Phoenix-Mesa-Scottsdale, AZ",2043,2x2,1040,1826,05/29/2024,False
Audere Apartments,"Phoenix-Mesa-Scottsdale, AZ",2043,2x2,1040,1930,05/30/2024,False
Audere Apartments,"Phoenix-Mesa-Scottsdale, AZ",2043,2x2,1040,1961,05/31/2024,False
Audere Apartments,"Phoenix-Mesa-Scottsdale, AZ",2043,2x2,1040,1930,06/01/2024,False
Audere Apartments,"Phoenix-Mesa-Scottsdale, AZ",2043,2x2,1040,1930,06/02/2024,False
Audere Apartments,"Phoenix-Mesa-Scottsdale, AZ",2043,2x2,1040,1930,06/03/2024,False
Audere Apartments,"Phoenix-Mesa-Scottsdale, AZ",2043,2x2,1040,1961,06/04/2024,False
Audere Apartments,"Phoenix-Mesa-Scottsdale, AZ",2043,2x2,1040,1959,06/05/2024,False
Audere Apartments,"Phoenix-Mesa-Scottsdale, AZ",2043,2x2,1040,1978,06/06/2024,False
Audere Apartments,"Phoenix-Mesa-Scottsdale, AZ",2043,2x2,1040,1978,06/07/2024,False
Audere Apartments,"Phoenix-Mesa-Scottsdale, AZ",2043,2x2,1040,1978,06/08/2024,False
Audere Apartments,"Phoenix-Mesa-Scottsdale, AZ",2043,2x2,1040,1978,06/09/2024,False
Audere Apartments,"Phoenix-Mesa-Scottsdale, AZ",2043,2x2,1040,2040,06/10/2024,False
Audere Apartments,"Phoenix-Mesa-Scottsdale, AZ",2043,2x2,1040,2040,06/11/2024,False
Audere Apartments,"Phoenix-Mesa-Scottsdale, AZ",2043,2x2,1040,2065,06/12/2024,False
Audere Apartments,"Phoenix-Mesa-Scottsdale, AZ",2043,2x2,1040,2065,06/13/2024,False
Audere Apartments,"Phoenix-Mesa-Scottsdale, AZ",2043,2x2,1040,2065,06/14/2024,False
Audere Apartments,"Phoenix-Mesa-Scottsdale, AZ",2043,2x2,1040,2065,06/15/2024,False
Audere Apartments,"Phoenix-Mesa-Scottsdale, AZ",2043,2x2,1040,2065,06/16/2024,False
Audere Apartments,"Phoenix-Mesa-Scottsdale, AZ",2043,2x2,1040,1983,06/17/2024,False
Audere Apartments,"Phoenix-Mesa-Scottsdale, AZ",2043,2x2,1040,1983,06/18/2024,False
Audere Apartments,"Phoenix-Mesa-Scottsdale, AZ",2043,2x2,1040,1983,06/19/2024,False
Audere Apartments,"Phoenix-Mesa-Scottsdale, AZ",2043,2x2,1040,1983,06/20/2024,False
Audere Apartments,"Phoenix-Mesa-Scottsdale, AZ",2043,2x2,1040,1902,06/21/2024,False
Audere Apartments,"Phoenix-Mesa-Scottsdale, AZ",2043,2x2,1040,1902,06/22/2024,False
Audere Apartments,"Phoenix-Mesa-Scottsdale, AZ",2043,2x2,1040,1902,06/23/2024,False
Audere Apartments,"Phoenix-Mesa-Scottsdale, AZ",2043,2x2,1040,1851,06/24/2024,False
Audere Apartments,"Phoenix-Mesa-Scottsdale, AZ",2043,2x2,1040,1851,06/25/2024,True
Audere Apartments,"Phoenix-Mesa-Scottsdale, AZ",2044,2x2,1040,1751,10/19/2024,False
Audere Apartments,"Phoenix-Mesa-Scottsdale, AZ",2044,2x2,1040,1751,10/20/2024,False
Audere Apartments,"Phoenix-Mesa-Scottsdale, AZ",2044,2x2,1040,1771,10/21/2024,False
Audere Apartments,"Phoenix-Mesa-Scottsdale, AZ",2044,2x2,1040,1771,10/22/2024,True
Audere Apartments,"Phoenix-Mesa-Scottsdale, AZ",2045,1x1,642,1489,04/19/2024,False
Audere Apartments,"Phoenix-Mesa-Scottsdale, AZ",2045,1x1,642,1489,04/20/2024,False
Audere Apartments,"Phoenix-Mesa-Scottsdale, AZ",2045,1x1,642,1489,04/21/2024,False
Audere Apartments,"Phoenix-Mesa-Scottsdale, AZ",2045,1x1,642,1489,04/22/2024,False
Audere Apartments,"Phoenix-Mesa-Scottsdale, AZ",2045,1x1,642,1489,04/23/2024,False
Audere Apartments,"Phoenix-Mesa-Scottsdale, AZ",2045,1x1,642,1489,04/24/2024,False
Audere Apartments,"Phoenix-Mesa-Scottsdale, AZ",2045,1x1,642,1489,04/25/2024,False
Audere Apartments,"Phoenix-Mesa-Scottsdale, AZ",2045,1x1,642,1489,04/26/2024,False
Audere Apartments,"Phoenix-Mesa-Scottsdale, AZ",2045,1x1,642,1489,04/27/2024,False
Audere Apartments,"Phoenix-Mesa-Scottsdale, AZ",2045,1x1,642,1489,04/28/2024,False
Audere Apartments,"Phoenix-Mesa-Scottsdale, AZ",2045,1x1,642,1489,04/29/2024,False
Audere Apartments,"Phoenix-Mesa-Scottsdale, AZ",2045,1x1,642,1489,04/30/2024,False
Audere Apartments,"Phoenix-Mesa-Scottsdale, AZ",2045,1x1,642,1489,05/01/2024,False
Audere Apartments,"Phoenix-Mesa-Scottsdale, AZ",2045,1x1,642,1489,05/02/2024,False
Audere Apartments,"Phoenix-Mesa-Scottsdale, AZ",2045,1x1,642,1392,05/03/2024,False
Audere Apartments,"Phoenix-Mesa-Scottsdale, AZ",2045,1x1,642,1392,05/04/2024,True
Audere Apartments,"Phoenix-Mesa-Scottsdale, AZ",2046,3x2,1310,2337,04/19/2024,False
Audere Apartments,"Phoenix-Mesa-Scottsdale, AZ",2046,3x2,1310,2337,04/20/2024,False
Audere Apartments,"Phoenix-Mesa-Scottsdale, AZ",2046,3x2,1310,2337,04/21/2024,False
Audere Apartments,"Phoenix-Mesa-Scottsdale, AZ",2046,3x2,1310,2337,04/22/2024,False
Audere Apartments,"Phoenix-Mesa-Scottsdale, AZ",2046,3x2,1310,2337,04/23/2024,False
Audere Apartments,"Phoenix-Mesa-Scottsdale, AZ",2046,3x2,1310,2337,04/24/2024,False
Audere Apartments,"Phoenix-Mesa-Scottsdale, AZ",2046,3x2,1310,2337,04/25/2024,False
Audere Apartments,"Phoenix-Mesa-Scottsdale, AZ",2046,3x2,1310,2337,04/26/2024,False
Audere Apartments,"Phoenix-Mesa-Scottsdale, AZ",2046,3x2,1310,2337,04/27/2024,False
Audere Apartments,"Phoenix-Mesa-Scottsdale, AZ",2046,3x2,1310,2337,04/28/2024,False
Audere Apartments,"Phoenix-Mesa-Scottsdale, AZ",2046,3x2,1310,2265,04/29/2024,False
Audere Apartments,"Phoenix-Mesa-Scottsdale, AZ",2046,3x2,1310,2218,04/30/2024,False
Audere Apartments,"Phoenix-Mesa-Scottsdale, AZ",2046,3x2,1310,2104,05/01/2024,False
Audere Apartments,"Phoenix-Mesa-Scottsdale, AZ",2046,3x2,1310,2104,05/02/2024,False
Audere Apartments,"Phoenix-Mesa-Scottsdale, AZ",2046,3x2,1310,2104,05/03/2024,False
Audere Apartments,"Phoenix-Mesa-Scottsdale, AZ",2046,3x2,1310,2104,05/04/2024,False
Audere Apartments,"Phoenix-Mesa-Scottsdale, AZ",2046,3x2,1310,2104,05/05/2024,True
Audere Apartments,"Phoenix-Mesa-Scottsdale, AZ",2051,2x2,1040,1935,06/17/2023,False
Audere Apartments,"Phoenix-Mesa-Scottsdale, AZ",2051,2x2,1040,1935,06/18/2023,False
Audere Apartments,"Phoenix-Mesa-Scottsdale, AZ",2051,2x2,1040,1930,06/19/2023,False
Audere Apartments,"Phoenix-Mesa-Scottsdale, AZ",2051,2x2,1040,1940,06/20/2023,False
Audere Apartments,"Phoenix-Mesa-Scottsdale, AZ",2051,2x2,1040,1940,06/21/2023,False
Audere Apartments,"Phoenix-Mesa-Scottsdale, AZ",2051,2x2,1040,1985,06/22/2023,False
Audere Apartments,"Phoenix-Mesa-Scottsdale, AZ",2051,2x2,1040,1980,06/23/2023,False
Audere Apartments,"Phoenix-Mesa-Scottsdale, AZ",2051,2x2,1040,1995,06/24/2023,False
Audere Apartments,"Phoenix-Mesa-Scottsdale, AZ",2051,2x2,1040,1995,06/25/2023,True
Audere Apartments,"Phoenix-Mesa-Scottsdale, AZ",2051,2x2,1040,1630,04/05/2024,False
Audere Apartments,"Phoenix-Mesa-Scottsdale, AZ",2051,2x2,1040,1630,04/06/2024,False
Audere Apartments,"Phoenix-Mesa-Scottsdale, AZ",2051,2x2,1040,1630,04/07/2024,False
Audere Apartments,"Phoenix-Mesa-Scottsdale, AZ",2051,2x2,1040,1630,04/08/2024,False
Audere Apartments,"Phoenix-Mesa-Scottsdale, AZ",2051,2x2,1040,1630,04/09/2024,False
Audere Apartments,"Phoenix-Mesa-Scottsdale, AZ",2051,2x2,1040,1630,04/10/2024,False
Audere Apartments,"Phoenix-Mesa-Scottsdale, AZ",2051,2x2,1040,1630,04/11/2024,True
Audere Apartments,"Phoenix-Mesa-Scottsdale, AZ",2053,1x1,642,1450,08/28/2023,False
Audere Apartments,"Phoenix-Mesa-Scottsdale, AZ",2053,1x1,642,1455,08/29/2023,False
Audere Apartments,"Phoenix-Mesa-Scottsdale, AZ",2053,1x1,642,1460,08/30/2023,False
Audere Apartments,"Phoenix-Mesa-Scottsdale, AZ",2053,1x1,642,1430,08/31/2023,False
Audere Apartments,"Phoenix-Mesa-Scottsdale, AZ",2053,1x1,642,1425,09/01/2023,False
Audere Apartments,"Phoenix-Mesa-Scottsdale, AZ",2053,1x1,642,1430,09/02/2023,False
Audere Apartments,"Phoenix-Mesa-Scottsdale, AZ",2053,1x1,642,1425,09/03/2023,False
Audere Apartments,"Phoenix-Mesa-Scottsdale, AZ",2053,1x1,642,1435,09/04/2023,False
Audere Apartments,"Phoenix-Mesa-Scottsdale, AZ",2053,1x1,642,1435,09/05/2023,False
Audere Apartments,"Phoenix-Mesa-Scottsdale, AZ",2053,1x1,642,1435,09/06/2023,False
Audere Apartments,"Phoenix-Mesa-Scottsdale, AZ",2053,1x1,642,1435,09/07/2023,True
Audere Apartments,"Phoenix-Mesa-Scottsdale, AZ",2053,1x1,642,1451,08/07/2024,False
Audere Apartments,"Phoenix-Mesa-Scottsdale, AZ",2053,1x1,642,1482,08/08/2024,False
Audere Apartments,"Phoenix-Mesa-Scottsdale, AZ",2053,1x1,642,1512,08/09/2024,False
Audere Apartments,"Phoenix-Mesa-Scottsdale, AZ",2053,1x1,642,1512,08/10/2024,False
Audere Apartments,"Phoenix-Mesa-Scottsdale, AZ",2053,1x1,642,1512,08/11/2024,False
Audere Apartments,"Phoenix-Mesa-Scottsdale, AZ",2053,1x1,642,1526,08/12/2024,False
Audere Apartments,"Phoenix-Mesa-Scottsdale, AZ",2053,1x1,642,1526,08/13/2024,False
Audere Apartments,"Phoenix-Mesa-Scottsdale, AZ",2053,1x1,642,1526,08/14/2024,False
Audere Apartments,"Phoenix-Mesa-Scottsdale, AZ",2053,1x1,642,1556,08/15/2024,False
Audere Apartments,"Phoenix-Mesa-Scottsdale, AZ",2053,1x1,642,1526,08/16/2024,False
Audere Apartments,"Phoenix-Mesa-Scottsdale, AZ",2053,1x1,642,1526,08/17/2024,False
Audere Apartments,"Phoenix-Mesa-Scottsdale, AZ",2053,1x1,642,1526,08/18/2024,False
Audere Apartments,"Phoenix-Mesa-Scottsdale, AZ",2053,1x1,642,1526,08/19/2024,False
Audere Apartments,"Phoenix-Mesa-Scottsdale, AZ",2053,1x1,642,1510,08/20/2024,False
Audere Apartments,"Phoenix-Mesa-Scottsdale, AZ",2053,1x1,642,1510,08/21/2024,False
Audere Apartments,"Phoenix-Mesa-Scottsdale, AZ",2053,1x1,642,1510,08/22/2024,False
Audere Apartments,"Phoenix-Mesa-Scottsdale, AZ",2053,1x1,642,1533,08/23/2024,False
Audere Apartments,"Phoenix-Mesa-Scottsdale, AZ",2053,1x1,642,1533,08/24/2024,False
Audere Apartments,"Phoenix-Mesa-Scottsdale, AZ",2053,1x1,642,1533,08/25/2024,False
Audere Apartments,"Phoenix-Mesa-Scottsdale, AZ",2053,1x1,642,1551,08/26/2024,False
Audere Apartments,"Phoenix-Mesa-Scottsdale, AZ",2053,1x1,642,1551,08/27/2024,False
Audere Apartments,"Phoenix-Mesa-Scottsdale, AZ",2053,1x1,642,1551,08/28/2024,False
Audere Apartments,"Phoenix-Mesa-Scottsdale, AZ",2053,1x1,642,1526,08/29/2024,False
Audere Apartments,"Phoenix-Mesa-Scottsdale, AZ",2053,1x1,642,1508,08/30/2024,False
Audere Apartments,"Phoenix-Mesa-Scottsdale, AZ",2053,1x1,642,1508,08/31/2024,False
Audere Apartments,"Phoenix-Mesa-Scottsdale, AZ",2053,1x1,642,1508,09/01/2024,False
Audere Apartments,"Phoenix-Mesa-Scottsdale, AZ",2053,1x1,642,1532,09/02/2024,False
Audere Apartments,"Phoenix-Mesa-Scottsdale, AZ",2053,1x1,642,1462,09/03/2024,False
Audere Apartments,"Phoenix-Mesa-Scottsdale, AZ",2053,1x1,642,1462,09/04/2024,False
Audere Apartments,"Phoenix-Mesa-Scottsdale, AZ",2053,1x1,642,1462,09/05/2024,False
Audere Apartments,"Phoenix-Mesa-Scottsdale, AZ",2053,1x1,642,1462,09/06/2024,False
Audere Apartments,"Phoenix-Mesa-Scottsdale, AZ",2053,1x1,642,1462,09/07/2024,False
Audere Apartments,"Phoenix-Mesa-Scottsdale, AZ",2053,1x1,642,1462,09/08/2024,False
Audere Apartments,"Phoenix-Mesa-Scottsdale, AZ",2053,1x1,642,1462,09/09/2024,False
Audere Apartments,"Phoenix-Mesa-Scottsdale, AZ",2053,1x1,642,1462,09/10/2024,False
Audere Apartments,"Phoenix-Mesa-Scottsdale, AZ",2053,1x1,642,1462,09/11/2024,False
Audere Apartments,"Phoenix-Mesa-Scottsdale, AZ",2053,1x1,642,1431,09/12/2024,False
Audere Apartments,"Phoenix-Mesa-Scottsdale, AZ",2053,1x1,642,1401,09/13/2024,False
Audere Apartments,"Phoenix-Mesa-Scottsdale, AZ",2053,1x1,642,1401,09/14/2024,False
Audere Apartments,"Phoenix-Mesa-Scottsdale, AZ",2053,1x1,642,1401,09/15/2024,True
Audere Apartments,"Phoenix-Mesa-Scottsdale, AZ",2055,1x1,642,1595,01/04/2024,False
Audere Apartments,"Phoenix-Mesa-Scottsdale, AZ",2055,1x1,642,1595,01/05/2024,False
Audere Apartments,"Phoenix-Mesa-Scottsdale, AZ",2055,1x1,642,1585,01/06/2024,False
Audere Apartments,"Phoenix-Mesa-Scottsdale, AZ",2055,1x1,642,1585,01/07/2024,False
Audere Apartments,"Phoenix-Mesa-Scottsdale, AZ",2055,1x1,642,1585,01/08/2024,False
Audere Apartments,"Phoenix-Mesa-Scottsdale, AZ",2055,1x1,642,1585,01/09/2024,False
Audere Apartments,"Phoenix-Mesa-Scottsdale, AZ",2055,1x1,642,1585,01/10/2024,False
Audere Apartments,"Phoenix-Mesa-Scottsdale, AZ",2055,1x1,642,1585,01/11/2024,False
Audere Apartments,"Phoenix-Mesa-Scottsdale, AZ",2055,1x1,642,1585,01/12/2024,False
Audere Apartments,"Phoenix-Mesa-Scottsdale, AZ",2055,1x1,642,1585,01/13/2024,False
Audere Apartments,"Phoenix-Mesa-Scottsdale, AZ",2055,1x1,642,1585,01/14/2024,False
Audere Apartments,"Phoenix-Mesa-Scottsdale, AZ",2055,1x1,642,1585,01/15/2024,False
Audere Apartments,"Phoenix-Mesa-Scottsdale, AZ",2055,1x1,642,1585,01/16/2024,False
Audere Apartments,"Phoenix-Mesa-Scottsdale, AZ",2055,1x1,642,1585,01/17/2024,True
Audere Apartments,"Phoenix-Mesa-Scottsdale, AZ",2055,1x1,642,1327,05/01/2024,False
Audere Apartments,"Phoenix-Mesa-Scottsdale, AZ",2055,1x1,642,1394,05/02/2024,False
Audere Apartments,"Phoenix-Mesa-Scottsdale, AZ",2055,1x1,642,1382,05/03/2024,False
Audere Apartments,"Phoenix-Mesa-Scottsdale, AZ",2055,1x1,642,1349,05/04/2024,False
Audere Apartments,"Phoenix-Mesa-Scottsdale, AZ",2055,1x1,642,1349,05/05/2024,False
Audere Apartments,"Phoenix-Mesa-Scottsdale, AZ",2055,1x1,642,1560,05/06/2024,False
Audere Apartments,"Phoenix-Mesa-Scottsdale, AZ",2055,1x1,642,1560,05/07/2024,False
Audere Apartments,"Phoenix-Mesa-Scottsdale, AZ",2055,1x1,642,1560,05/08/2024,False
Audere Apartments,"Phoenix-Mesa-Scottsdale, AZ",2055,1x1,642,1560,05/09/2024,False
Audere Apartments,"Phoenix-Mesa-Scottsdale, AZ",2055,1x1,642,1560,05/10/2024,False
Audere Apartments,"Phoenix-Mesa-Scottsdale, AZ",2055,1x1,642,1560,05/11/2024,False
Audere Apartments,"Phoenix-Mesa-Scottsdale, AZ",2055,1x1,642,1560,05/12/2024,False
Audere Apartments,"Phoenix-Mesa-Scottsdale, AZ",2055,1x1,642,1511,05/13/2024,False
Audere Apartments,"Phoenix-Mesa-Scottsdale, AZ",2055,1x1,642,1551,05/14/2024,False
Audere Apartments,"Phoenix-Mesa-Scottsdale, AZ",2055,1x1,642,1502,05/15/2024,False
Audere Apartments,"Phoenix-Mesa-Scottsdale, AZ",2055,1x1,642,1492,05/16/2024,False
Audere Apartments,"Phoenix-Mesa-Scottsdale, AZ",2055,1x1,642,1570,05/17/2024,False
Audere Apartments,"Phoenix-Mesa-Scottsdale, AZ",2055,1x1,642,1570,05/18/2024,False
Audere Apartments,"Phoenix-Mesa-Scottsdale, AZ",2055,1x1,642,1570,05/19/2024,False
Audere Apartments,"Phoenix-Mesa-Scottsdale, AZ",2055,1x1,642,1620,05/20/2024,False
Audere Apartments,"Phoenix-Mesa-Scottsdale, AZ",2055,1x1,642,1630,05/21/2024,False
Audere Apartments,"Phoenix-Mesa-Scottsdale, AZ",2055,1x1,642,1630,05/22/2024,False
Audere Apartments,"Phoenix-Mesa-Scottsdale, AZ",2055,1x1,642,1667,05/23/2024,False
Audere Apartments,"Phoenix-Mesa-Scottsdale, AZ",2055,1x1,642,1685,05/24/2024,False
Audere Apartments,"Phoenix-Mesa-Scottsdale, AZ",2055,1x1,642,1685,05/25/2024,False
Audere Apartments,"Phoenix-Mesa-Scottsdale, AZ",2055,1x1,642,1685,05/26/2024,False
Audere Apartments,"Phoenix-Mesa-Scottsdale, AZ",2055,1x1,642,1685,05/27/2024,False
Audere Apartments,"Phoenix-Mesa-Scottsdale, AZ",2055,1x1,642,1615,05/28/2024,False
Audere Apartments,"Phoenix-Mesa-Scottsdale, AZ",2055,1x1,642,1615,05/29/2024,False
Audere Apartments,"Phoenix-Mesa-Scottsdale, AZ",2055,1x1,642,1577,05/30/2024,False
Audere Apartments,"Phoenix-Mesa-Scottsdale, AZ",2055,1x1,642,1577,05/31/2024,False
Audere Apartments,"Phoenix-Mesa-Scottsdale, AZ",2055,1x1,642,1577,06/01/2024,False
Audere Apartments,"Phoenix-Mesa-Scottsdale, AZ",2055,1x1,642,1577,06/02/2024,False
Audere Apartments,"Phoenix-Mesa-Scottsdale, AZ",2055,1x1,642,1577,06/03/2024,False
Audere Apartments,"Phoenix-Mesa-Scottsdale, AZ",2055,1x1,642,1577,06/04/2024,True
Audere Apartments,"Phoenix-Mesa-Scottsdale, AZ",2055,1x1,642,1386,11/28/2024,False
Audere Apartments,"Phoenix-Mesa-Scottsdale, AZ",2055,1x1,642,1386,11/29/2024,False
Audere Apartments,"Phoenix-Mesa-Scottsdale, AZ",2055,1x1,642,1386,11/30/2024,False
Audere Apartments,"Phoenix-Mesa-Scottsdale, AZ",2055,1x1,642,1386,12/01/2024,False
Audere Apartments,"Phoenix-Mesa-Scottsdale, AZ",2055,1x1,642,1386,12/02/2024,False
Audere Apartments,"Phoenix-Mesa-Scottsdale, AZ",2055,1x1,642,1401,12/03/2024,False
Audere Apartments,"Phoenix-Mesa-Scottsdale, AZ",2055,1x1,642,1416,12/04/2024,False
Audere Apartments,"Phoenix-Mesa-Scottsdale, AZ",2055,1x1,642,1431,12/05/2024,False
Audere Apartments,"Phoenix-Mesa-Scottsdale, AZ",2055,1x1,642,1446,12/06/2024,False
Audere Apartments,"Phoenix-Mesa-Scottsdale, AZ",2055,1x1,642,1446,12/07/2024,False
Audere Apartments,"Phoenix-Mesa-Scottsdale, AZ",2055,1x1,642,1446,12/08/2024,False
Audere Apartments,"Phoenix-Mesa-Scottsdale, AZ",2055,1x1,642,1461,12/09/2024,False
Audere Apartments,"Phoenix-Mesa-Scottsdale, AZ",2055,1x1,642,1477,12/10/2024,False
Audere Apartments,"Phoenix-Mesa-Scottsdale, AZ",2055,1x1,642,1493,12/11/2024,False
Audere Apartments,"Phoenix-Mesa-Scottsdale, AZ",2055,1x1,642,1509,12/12/2024,False
Audere Apartments,"Phoenix-Mesa-Scottsdale, AZ",2055,1x1,642,1541,12/13/2024,False
Audere Apartments,"Phoenix-Mesa-Scottsdale, AZ",2055,1x1,642,1541,12/14/2024,False
Audere Apartments,"Phoenix-Mesa-Scottsdale, AZ",2055,1x1,642,1541,12/15/2024,False
Audere Apartments,"Phoenix-Mesa-Scottsdale, AZ",2055,1x1,642,1570,12/16/2024,False
Audere Apartments,"Phoenix-Mesa-Scottsdale, AZ",2055,1x1,642,1570,12/17/2024,False
Audere Apartments,"Phoenix-Mesa-Scottsdale, AZ",2055,1x1,642,1570,12/18/2024,False
Audere Apartments,"Phoenix-Mesa-Scottsdale, AZ",2055,1x1,642,1570,12/19/2024,False
Audere Apartments,"Phoenix-Mesa-Scottsdale, AZ",2055,1x1,642,1570,12/20/2024,False
Audere Apartments,"Phoenix-Mesa-Scottsdale, AZ",2055,1x1,642,1570,12/21/2024,False
Audere Apartments,"Phoenix-Mesa-Scottsdale, AZ",2055,1x1,642,1570,12/22/2024,False
Audere Apartments,"Phoenix-Mesa-Scottsdale, AZ",2055,1x1,642,1570,12/23/2024,False
Audere Apartments,"Phoenix-Mesa-Scottsdale, AZ",2055,1x1,642,1603,12/24/2024,False
Audere Apartments,"Phoenix-Mesa-Scottsdale, AZ",2055,1x1,642,1631,12/25/2024,False
Audere Apartments,"Phoenix-Mesa-Scottsdale, AZ",2055,1x1,642,1631,12/26/2024,False
Audere Apartments,"Phoenix-Mesa-Scottsdale, AZ",2055,1x1,642,1631,12/27/2024,False
Audere Apartments,"Phoenix-Mesa-Scottsdale, AZ",2055,1x1,642,1631,12/28/2024,False
Audere Apartments,"Phoenix-Mesa-Scottsdale, AZ",2055,1x1,642,1631,12/29/2024,False
Audere Apartments,"Phoenix-Mesa-Scottsdale, AZ",2055,1x1,642,1631,12/30/2024,False
Audere Apartments,"Phoenix-Mesa-Scottsdale, AZ",2055,1x1,642,1631,12/31/2024,False
Audere Apartments,"Phoenix-Mesa-Scottsdale, AZ",2055,1x1,642,1631,01/01/2025,False
Audere Apartments,"Phoenix-Mesa-Scottsdale, AZ",2055,1x1,642,1666,01/02/2025,False
Audere Apartments,"Phoenix-Mesa-Scottsdale, AZ",2055,1x1,642,1631,01/03/2025,False
Audere Apartments,"Phoenix-Mesa-Scottsdale, AZ",2055,1x1,642,1595,01/04/2025,False
Audere Apartments,"Phoenix-Mesa-Scottsdale, AZ",2055,1x1,642,1595,01/05/2025,False
Audere Apartments,"Phoenix-Mesa-Scottsdale, AZ",2055,1x1,642,1595,01/06/2025,False
Audere Apartments,"Phoenix-Mesa-Scottsdale, AZ",2055,1x1,642,1595,01/07/2025,False
Audere Apartments,"Phoenix-Mesa-Scottsdale, AZ",2055,1x1,642,1595,01/08/2025,False
Audere Apartments,"Phoenix-Mesa-Scottsdale, AZ",2055,1x1,642,1595,01/09/2025,False
Audere Apartments,"Phoenix-Mesa-Scottsdale, AZ",2055,1x1,642,1595,01/10/2025,False
Audere Apartments,"Phoenix-Mesa-Scottsdale, AZ",2055,1x1,642,1595,01/11/2025,False
Audere Apartments,"Phoenix-Mesa-Scottsdale, AZ",2055,1x1,642,1595,01/12/2025,False
Audere Apartments,"Phoenix-Mesa-Scottsdale, AZ",2055,1x1,642,1595,01/13/2025,False
Audere Apartments,"Phoenix-Mesa-Scottsdale, AZ",2055,1x1,642,1595,01/14/2025,False
Audere Apartments,"Phoenix-Mesa-Scottsdale, AZ",2055,1x1,642,1555,01/15/2025,False
Audere Apartments,"Phoenix-Mesa-Scottsdale, AZ",2055,1x1,642,1555,01/16/2025,False
Audere Apartments,"Phoenix-Mesa-Scottsdale, AZ",2055,1x1,642,1555,01/17/2025,False
Audere Apartments,"Phoenix-Mesa-Scottsdale, AZ",2055,1x1,642,1555,01/18/2025,False
Audere Apartments,"Phoenix-Mesa-Scottsdale, AZ",2055,1x1,642,1555,01/19/2025,False
Audere Apartments,"Phoenix-Mesa-Scottsdale, AZ",2055,1x1,642,1571,01/20/2025,False
Audere Apartments,"Phoenix-Mesa-Scottsdale, AZ",2055,1x1,642,1588,01/21/2025,False
Audere Apartments,"Phoenix-Mesa-Scottsdale, AZ",2055,1x1,642,1588,01/22/2025,False
Audere Apartments,"Phoenix-Mesa-Scottsdale, AZ",2055,1x1,642,1588,01/23/2025,False
Audere Apartments,"Phoenix-Mesa-Scottsdale, AZ",2055,1x1,642,1639,01/24/2025,False
Audere Apartments,"Phoenix-Mesa-Scottsdale, AZ",2055,1x1,642,1639,01/25/2025,False
Audere Apartments,"Phoenix-Mesa-Scottsdale, AZ",2055,1x1,642,1639,01/26/2025,False
Audere Apartments,"Phoenix-Mesa-Scottsdale, AZ",2055,1x1,642,1656,01/27/2025,False
Audere Apartments,"Phoenix-Mesa-Scottsdale, AZ",2055,1x1,642,1686,01/28/2025,False
Audere Apartments,"Phoenix-Mesa-Scottsdale, AZ",2055,1x1,642,1686,01/29/2025,False
Audere Apartments,"Phoenix-Mesa-Scottsdale, AZ",2055,1x1,642,1686,01/30/2025,False
Audere Apartments,"Phoenix-Mesa-Scottsdale, AZ",2055,1x1,642,1704,01/31/2025,False
Audere Apartments,"Phoenix-Mesa-Scottsdale, AZ",2055,1x1,642,1704,02/01/2025,False
Audere Apartments,"Phoenix-Mesa-Scottsdale, AZ",2055,1x1,642,1704,02/02/2025,False
Audere Apartments,"Phoenix-Mesa-Scottsdale, AZ",2055,1x1,642,1722,02/03/2025,False
Audere Apartments,"Phoenix-Mesa-Scottsdale, AZ",2055,1x1,642,1734,02/04/2025,False
Audere Apartments,"Phoenix-Mesa-Scottsdale, AZ",2055,1x1,642,1734,02/05/2025,False
Audere Apartments,"Phoenix-Mesa-Scottsdale, AZ",2055,1x1,642,1734,02/06/2025,False
Audere Apartments,"Phoenix-Mesa-Scottsdale, AZ",2055,1x1,642,1734,02/07/2025,False
Audere Apartments,"Phoenix-Mesa-Scottsdale, AZ",2055,1x1,642,1734,02/08/2025,False
Audere Apartments,"Phoenix-Mesa-Scottsdale, AZ",2055,1x1,642,1734,02/09/2025,False
Audere Apartments,"Phoenix-Mesa-Scottsdale, AZ",2055,1x1,642,1734,02/10/2025,False
Audere Apartments,"Phoenix-Mesa-Scottsdale, AZ",2055,1x1,642,1734,02/11/2025,False
Audere Apartments,"Phoenix-Mesa-Scottsdale, AZ",2055,1x1,642,1744,02/12/2025,False
Audere Apartments,"Phoenix-Mesa-Scottsdale, AZ",2055,1x1,642,1753,02/13/2025,False
Audere Apartments,"Phoenix-Mesa-Scottsdale, AZ",2055,1x1,642,1684,02/14/2025,False
Audere Apartments,"Phoenix-Mesa-Scottsdale, AZ",2055,1x1,642,1684,02/15/2025,False
Audere Apartments,"Phoenix-Mesa-Scottsdale, AZ",2055,1x1,642,1683,02/16/2025,False
Audere Apartments,"Phoenix-Mesa-Scottsdale, AZ",2055,1x1,642,1681,02/17/2025,False
Audere Apartments,"Phoenix-Mesa-Scottsdale, AZ",2055,1x1,642,1680,02/18/2025,False
Audere Apartments,"Phoenix-Mesa-Scottsdale, AZ",2055,1x1,642,1678,02/19/2025,False
Audere Apartments,"Phoenix-Mesa-Scottsdale, AZ",2055,1x1,642,1677,02/20/2025,False
Audere Apartments,"Phoenix-Mesa-Scottsdale, AZ",2055,1x1,642,1675,02/21/2025,False
Audere Apartments,"Phoenix-Mesa-Scottsdale, AZ",2055,1x1,642,1674,02/22/2025,False
Audere Apartments,"Phoenix-Mesa-Scottsdale, AZ",2055,1x1,642,1672,02/23/2025,False
Audere Apartments,"Phoenix-Mesa-Scottsdale, AZ",2055,1x1,642,1671,02/24/2025,False
Audere Apartments,"Phoenix-Mesa-Scottsdale, AZ",2055,1x1,642,1669,02/25/2025,False
Audere Apartments,"Phoenix-Mesa-Scottsdale, AZ",2055,1x1,642,1668,02/26/2025,False
Audere Apartments,"Phoenix-Mesa-Scottsdale, AZ",2055,1x1,642,1666,02/27/2025,False
Audere Apartments,"Phoenix-Mesa-Scottsdale, AZ",2055,1x1,642,1665,02/28/2025,False
Audere Apartments,"Phoenix-Mesa-Scottsdale, AZ",2055,1x1,642,1664,03/01/2025,False
Audere Apartments,"Phoenix-Mesa-Scottsdale, AZ",2055,1x1,642,1664,03/02/2025,False
Audere Apartments,"Phoenix-Mesa-Scottsdale, AZ",2055,1x1,642,1664,03/03/2025,False
Audere Apartments,"Phoenix-Mesa-Scottsdale, AZ",2055,1x1,642,1664,03/04/2025,False
Audere Apartments,"Phoenix-Mesa-Scottsdale, AZ",2055,1x1,642,1701,03/05/2025,False
Audere Apartments,"Phoenix-Mesa-Scottsdale, AZ",2055,1x1,642,1718,03/06/2025,False
Audere Apartments,"Phoenix-Mesa-Scottsdale, AZ",2055,1x1,642,1736,03/07/2025,False
Audere Apartments,"Phoenix-Mesa-Scottsdale, AZ",2055,1x1,642,1736,03/08/2025,False
Audere Apartments,"Phoenix-Mesa-Scottsdale, AZ",2055,1x1,642,1736,03/09/2025,False
Audere Apartments,"Phoenix-Mesa-Scottsdale, AZ",2055,1x1,642,1754,03/10/2025,False
Audere Apartments,"Phoenix-Mesa-Scottsdale, AZ",2055,1x1,642,1772,03/11/2025,False
Audere Apartments,"Phoenix-Mesa-Scottsdale, AZ",2055,1x1,642,1791,03/12/2025,False
Audere Apartments,"Phoenix-Mesa-Scottsdale, AZ",2055,1x1,642,1678,03/13/2025,False
Audere Apartments,"Phoenix-Mesa-Scottsdale, AZ",2055,1x1,642,1696,03/14/2025,False
Audere Apartments,"Phoenix-Mesa-Scottsdale, AZ",2055,1x1,642,1696,03/15/2025,False
Audere Apartments,"Phoenix-Mesa-Scottsdale, AZ",2055,1x1,642,1696,03/16/2025,False
Audere Apartments,"Phoenix-Mesa-Scottsdale, AZ",2055,1x1,642,1714,03/17/2025,False
Audere Apartments,"Phoenix-Mesa-Scottsdale, AZ",2055,1x1,642,1731,03/18/2025,False
Audere Apartments,"Phoenix-Mesa-Scottsdale, AZ",2055,1x1,642,1749,03/19/2025,False
Audere Apartments,"Phoenix-Mesa-Scottsdale, AZ",2055,1x1,642,1666,03/20/2025,False
Audere Apartments,"Phoenix-Mesa-Scottsdale, AZ",2055,1x1,642,1683,03/21/2025,False
Audere Apartments,"Phoenix-Mesa-Scottsdale, AZ",2055,1x1,642,1683,03/22/2025,False
Audere Apartments,"Phoenix-Mesa-Scottsdale, AZ",2055,1x1,642,1683,03/23/2025,False
Audere Apartments,"Phoenix-Mesa-Scottsdale, AZ",2055,1x1,642,1701,03/24/2025,False
Audere Apartments,"Phoenix-Mesa-Scottsdale, AZ",2055,1x1,642,1707,03/25/2025,False
Audere Apartments,"Phoenix-Mesa-Scottsdale, AZ",2055,1x1,642,1725,03/26/2025,False
Audere Apartments,"Phoenix-Mesa-Scottsdale, AZ",2055,1x1,642,1743,03/27/2025,False
Audere Apartments,"Phoenix-Mesa-Scottsdale, AZ",2055,1x1,642,1613,03/28/2025,False
Audere Apartments,"Phoenix-Mesa-Scottsdale, AZ",2055,1x1,642,1613,03/29/2025,False
Audere Apartments,"Phoenix-Mesa-Scottsdale, AZ",2055,1x1,642,1613,03/30/2025,False
Audere Apartments,"Phoenix-Mesa-Scottsdale, AZ",2055,1x1,642,1630,03/31/2025,False
Audere Apartments,"Phoenix-Mesa-Scottsdale, AZ",2055,1x1,642,1629,04/01/2025,False
Audere Apartments,"Phoenix-Mesa-Scottsdale, AZ",2055,1x1,642,1636,04/02/2025,False
Audere Apartments,"Phoenix-Mesa-Scottsdale, AZ",2055,1x1,642,1618,04/03/2025,False
Audere Apartments,"Phoenix-Mesa-Scottsdale, AZ",2055,1x1,642,1602,04/04/2025,False
Audere Apartments,"Phoenix-Mesa-Scottsdale, AZ",2055,1x1,642,1602,04/05/2025,False
Audere Apartments,"Phoenix-Mesa-Scottsdale, AZ",2055,1x1,642,1610,04/06/2025,False
Audere Apartments,"Phoenix-Mesa-Scottsdale, AZ",2055,1x1,642,1593,04/07/2025,False
Audere Apartments,"Phoenix-Mesa-Scottsdale, AZ",2055,1x1,642,1577,04/08/2025,False
Audere Apartments,"Phoenix-Mesa-Scottsdale, AZ",2055,1x1,642,1552,04/09/2025,False
Audere Apartments,"Phoenix-Mesa-Scottsdale, AZ",2055,1x1,642,1553,04/10/2025,False
Audere Apartments,"Phoenix-Mesa-Scottsdale, AZ",2055,1x1,642,1498,04/11/2025,False
Audere Apartments,"Phoenix-Mesa-Scottsdale, AZ",2055,1x1,642,1498,04/12/2025,False
Audere Apartments,"Phoenix-Mesa-Scottsdale, AZ",2055,1x1,642,1498,04/13/2025,False
Audere Apartments,"Phoenix-Mesa-Scottsdale, AZ",2055,1x1,642,1514,04/14/2025,False
Audere Apartments,"Phoenix-Mesa-Scottsdale, AZ",2055,1x1,642,1498,04/15/2025,False
Audere Apartments,"Phoenix-Mesa-Scottsdale, AZ",2055,1x1,642,1482,04/16/2025,False
Audere Apartments,"Phoenix-Mesa-Scottsdale, AZ",2055,1x1,642,1467,04/17/2025,False
Audere Apartments,"Phoenix-Mesa-Scottsdale, AZ",2055,1x1,642,1389,04/18/2025,False
Audere Apartments,"Phoenix-Mesa-Scottsdale, AZ",2055,1x1,642,1389,04/19/2025,False
Audere Apartments,"Phoenix-Mesa-Scottsdale, AZ",2055,1x1,642,1389,04/20/2025,False
Audere Apartments,"Phoenix-Mesa-Scottsdale, AZ",2055,1x1,642,1388,04/21/2025,False
Audere Apartments,"Phoenix-Mesa-Scottsdale, AZ",2055,1x1,642,1388,04/22/2025,True
Audere Apartments,"Phoenix-Mesa-Scottsdale, AZ",2057,3x2,1310,2445,01/24/2025,False
Audere Apartments,"Phoenix-Mesa-Scottsdale, AZ",2057,3x2,1310,2445,01/25/2025,False
Audere Apartments,"Phoenix-Mesa-Scottsdale, AZ",2057,3x2,1310,2445,01/26/2025,False
Audere Apartments,"Phoenix-Mesa-Scottsdale, AZ",2057,3x2,1310,2470,01/27/2025,False
Audere Apartments,"Phoenix-Mesa-Scottsdale, AZ",2057,3x2,1310,2515,01/28/2025,False
Audere Apartments,"Phoenix-Mesa-Scottsdale, AZ",2057,3x2,1310,2515,01/29/2025,False
Audere Apartments,"Phoenix-Mesa-Scottsdale, AZ",2057,3x2,1310,2515,01/30/2025,False
Audere Apartments,"Phoenix-Mesa-Scottsdale, AZ",2057,3x2,1310,2515,01/31/2025,False
Audere Apartments,"Phoenix-Mesa-Scottsdale, AZ",2057,3x2,1310,2515,02/01/2025,False
Audere Apartments,"Phoenix-Mesa-Scottsdale, AZ",2057,3x2,1310,2515,02/02/2025,False
Audere Apartments,"Phoenix-Mesa-Scottsdale, AZ",2057,3x2,1310,2515,02/03/2025,False
Audere Apartments,"Phoenix-Mesa-Scottsdale, AZ",2057,3x2,1310,2515,02/04/2025,False
Audere Apartments,"Phoenix-Mesa-Scottsdale, AZ",2057,3x2,1310,2515,02/05/2025,False
Audere Apartments,"Phoenix-Mesa-Scottsdale, AZ",2057,3x2,1310,2515,02/06/2025,False
Audere Apartments,"Phoenix-Mesa-Scottsdale, AZ",2057,3x2,1310,2515,02/07/2025,False
Audere Apartments,"Phoenix-Mesa-Scottsdale, AZ",2057,3x2,1310,2515,02/08/2025,False
Audere Apartments,"Phoenix-Mesa-Scottsdale, AZ",2057,3x2,1310,2515,02/09/2025,False
Audere Apartments,"Phoenix-Mesa-Scottsdale, AZ",2057,3x2,1310,2515,02/10/2025,False
Audere Apartments,"Phoenix-Mesa-Scottsdale, AZ",2057,3x2,1310,2526,02/11/2025,False
Audere Apartments,"Phoenix-Mesa-Scottsdale, AZ",2057,3x2,1310,2500,02/12/2025,False
Audere Apartments,"Phoenix-Mesa-Scottsdale, AZ",2057,3x2,1310,2475,02/13/2025,False
Audere Apartments,"Phoenix-Mesa-Scottsdale, AZ",2057,3x2,1310,2419,02/14/2025,False
Audere Apartments,"Phoenix-Mesa-Scottsdale, AZ",2057,3x2,1310,2419,02/15/2025,False
Audere Apartments,"Phoenix-Mesa-Scottsdale, AZ",2057,3x2,1310,2419,02/16/2025,False
Audere Apartments,"Phoenix-Mesa-Scottsdale, AZ",2057,3x2,1310,2419,02/17/2025,False
Audere Apartments,"Phoenix-Mesa-Scottsdale, AZ",2057,3x2,1310,2419,02/18/2025,False
Audere Apartments,"Phoenix-Mesa-Scottsdale, AZ",2057,3x2,1310,2419,02/19/2025,False
Audere Apartments,"Phoenix-Mesa-Scottsdale, AZ",2057,3x2,1310,2419,02/20/2025,False
Audere Apartments,"Phoenix-Mesa-Scottsdale, AZ",2057,3x2,1310,2395,02/21/2025,False
Audere Apartments,"Phoenix-Mesa-Scottsdale, AZ",2057,3x2,1310,2395,02/22/2025,False
Audere Apartments,"Phoenix-Mesa-Scottsdale, AZ",2057,3x2,1310,2395,02/23/2025,False
Audere Apartments,"Phoenix-Mesa-Scottsdale, AZ",2057,3x2,1310,2371,02/24/2025,False
Audere Apartments,"Phoenix-Mesa-Scottsdale, AZ",2057,3x2,1310,2347,02/25/2025,False
Audere Apartments,"Phoenix-Mesa-Scottsdale, AZ",2057,3x2,1310,2323,02/26/2025,False
Audere Apartments,"Phoenix-Mesa-Scottsdale, AZ",2057,3x2,1310,2299,02/27/2025,False
Audere Apartments,"Phoenix-Mesa-Scottsdale, AZ",2057,3x2,1310,2276,02/28/2025,False
Audere Apartments,"Phoenix-Mesa-Scottsdale, AZ",2057,3x2,1310,2276,03/01/2025,False
Audere Apartments,"Phoenix-Mesa-Scottsdale, AZ",2057,3x2,1310,2276,03/02/2025,False
Audere Apartments,"Phoenix-Mesa-Scottsdale, AZ",2057,3x2,1310,2276,03/03/2025,False
Audere Apartments,"Phoenix-Mesa-Scottsdale, AZ",2057,3x2,1310,2299,03/04/2025,False
Audere Apartments,"Phoenix-Mesa-Scottsdale, AZ",2057,3x2,1310,2322,03/05/2025,False
Audere Apartments,"Phoenix-Mesa-Scottsdale, AZ",2057,3x2,1310,2346,03/06/2025,False
Audere Apartments,"Phoenix-Mesa-Scottsdale, AZ",2057,3x2,1310,2370,03/07/2025,False
Audere Apartments,"Phoenix-Mesa-Scottsdale, AZ",2057,3x2,1310,2370,03/08/2025,False
Audere Apartments,"Phoenix-Mesa-Scottsdale, AZ",2057,3x2,1310,2370,03/09/2025,False
Audere Apartments,"Phoenix-Mesa-Scottsdale, AZ",2057,3x2,1310,2394,03/10/2025,False
Audere Apartments,"Phoenix-Mesa-Scottsdale, AZ",2057,3x2,1310,2398,03/11/2025,False
Audere Apartments,"Phoenix-Mesa-Scottsdale, AZ",2057,3x2,1310,2422,03/12/2025,False
Audere Apartments,"Phoenix-Mesa-Scottsdale, AZ",2057,3x2,1310,2369,03/13/2025,False
Audere Apartments,"Phoenix-Mesa-Scottsdale, AZ",2057,3x2,1310,2369,03/14/2025,False
Audere Apartments,"Phoenix-Mesa-Scottsdale, AZ",2057,3x2,1310,2369,03/15/2025,False
Audere Apartments,"Phoenix-Mesa-Scottsdale, AZ",2057,3x2,1310,2369,03/16/2025,False
Audere Apartments,"Phoenix-Mesa-Scottsdale, AZ",2057,3x2,1310,2393,03/17/2025,False
Audere Apartments,"Phoenix-Mesa-Scottsdale, AZ",2057,3x2,1310,2369,03/18/2025,False
Audere Apartments,"Phoenix-Mesa-Scottsdale, AZ",2057,3x2,1310,2345,03/19/2025,False
Audere Apartments,"Phoenix-Mesa-Scottsdale, AZ",2057,3x2,1310,2321,03/20/2025,False
Audere Apartments,"Phoenix-Mesa-Scottsdale, AZ",2057,3x2,1310,2297,03/21/2025,False
Audere Apartments,"Phoenix-Mesa-Scottsdale, AZ",2057,3x2,1310,2297,03/22/2025,False
Audere Apartments,"Phoenix-Mesa-Scottsdale, AZ",2057,3x2,1310,2297,03/23/2025,False
Audere Apartments,"Phoenix-Mesa-Scottsdale, AZ",2057,3x2,1310,2274,03/24/2025,False
Audere Apartments,"Phoenix-Mesa-Scottsdale, AZ",2057,3x2,1310,2251,03/25/2025,False
Audere Apartments,"Phoenix-Mesa-Scottsdale, AZ",2057,3x2,1310,2228,03/26/2025,False
Audere Apartments,"Phoenix-Mesa-Scottsdale, AZ",2057,3x2,1310,2228,03/27/2025,False
Audere Apartments,"Phoenix-Mesa-Scottsdale, AZ",2057,3x2,1310,2228,03/28/2025,False
Audere Apartments,"Phoenix-Mesa-Scottsdale, AZ",2057,3x2,1310,2228,03/29/2025,False
Audere Apartments,"Phoenix-Mesa-Scottsdale, AZ",2057,3x2,1310,2228,03/30/2025,False
Audere Apartments,"Phoenix-Mesa-Scottsdale, AZ",2057,3x2,1310,2228,03/31/2025,False
Audere Apartments,"Phoenix-Mesa-Scottsdale, AZ",2057,3x2,1310,2228,04/01/2025,False
Audere Apartments,"Phoenix-Mesa-Scottsdale, AZ",2057,3x2,1310,2228,04/02/2025,False
Audere Apartments,"Phoenix-Mesa-Scottsdale, AZ",2057,3x2,1310,2228,04/03/2025,False
Audere Apartments,"Phoenix-Mesa-Scottsdale, AZ",2057,3x2,1310,2228,04/04/2025,False
Audere Apartments,"Phoenix-Mesa-Scottsdale, AZ",2057,3x2,1310,2228,04/05/2025,False
Audere Apartments,"Phoenix-Mesa-Scottsdale, AZ",2057,3x2,1310,2228,04/06/2025,False
Audere Apartments,"Phoenix-Mesa-Scottsdale, AZ",2057,3x2,1310,2228,04/07/2025,False
Audere Apartments,"Phoenix-Mesa-Scottsdale, AZ",2057,3x2,1310,2228,04/08/2025,False
Audere Apartments,"Phoenix-Mesa-Scottsdale, AZ",2057,3x2,1310,2228,04/09/2025,False
Audere Apartments,"Phoenix-Mesa-Scottsdale, AZ",2057,3x2,1310,2228,04/10/2025,False
Audere Apartments,"Phoenix-Mesa-Scottsdale, AZ",2057,3x2,1310,2228,04/11/2025,False
Audere Apartments,"Phoenix-Mesa-Scottsdale, AZ",2057,3x2,1310,2247,04/12/2025,False
Audere Apartments,"Phoenix-Mesa-Scottsdale, AZ",2057,3x2,1310,2247,04/13/2025,False
Audere Apartments,"Phoenix-Mesa-Scottsdale, AZ",2057,3x2,1310,2270,04/14/2025,False
Audere Apartments,"Phoenix-Mesa-Scottsdale, AZ",2057,3x2,1310,2293,04/15/2025,False
Audere Apartments,"Phoenix-Mesa-Scottsdale, AZ",2057,3x2,1310,2316,04/16/2025,False
Audere Apartments,"Phoenix-Mesa-Scottsdale, AZ",2057,3x2,1310,2340,04/17/2025,False
Audere Apartments,"Phoenix-Mesa-Scottsdale, AZ",2057,3x2,1310,2418,04/18/2025,False
Audere Apartments,"Phoenix-Mesa-Scottsdale, AZ",2057,3x2,1310,2418,04/19/2025,False
Audere Apartments,"Phoenix-Mesa-Scottsdale, AZ",2057,3x2,1310,2418,04/20/2025,False
Audere Apartments,"Phoenix-Mesa-Scottsdale, AZ",2057,3x2,1310,2418,04/21/2025,False
Audere Apartments,"Phoenix-Mesa-Scottsdale, AZ",2057,3x2,1310,2442,04/22/2025,False
Audere Apartments,"Phoenix-Mesa-Scottsdale, AZ",2057,3x2,1310,2417,04/23/2025,False
Audere Apartments,"Phoenix-Mesa-Scottsdale, AZ",2057,3x2,1310,2392,04/24/2025,False
Audere Apartments,"Phoenix-Mesa-Scottsdale, AZ",2057,3x2,1310,2392,04/25/2025,False
Audere Apartments,"Phoenix-Mesa-Scottsdale, AZ",2057,3x2,1310,2392,04/26/2025,False
Audere Apartments,"Phoenix-Mesa-Scottsdale, AZ",2057,3x2,1310,2392,04/27/2025,True
Audere Apartments,"Phoenix-Mesa-Scottsdale, AZ",2058,1x1,880,1765,04/10/2024,False
Audere Apartments,"Phoenix-Mesa-Scottsdale, AZ",2058,1x1,880,1765,04/11/2024,False
Audere Apartments,"Phoenix-Mesa-Scottsdale, AZ",2058,1x1,880,1739,04/12/2024,False
Audere Apartments,"Phoenix-Mesa-Scottsdale, AZ",2058,1x1,880,1659,04/13/2024,False
Audere Apartments,"Phoenix-Mesa-Scottsdale, AZ",2058,1x1,880,1659,04/14/2024,False
Audere Apartments,"Phoenix-Mesa-Scottsdale, AZ",2058,1x1,880,1659,04/15/2024,False
Audere Apartments,"Phoenix-Mesa-Scottsdale, AZ",2058,1x1,880,1659,04/16/2024,False
Audere Apartments,"Phoenix-Mesa-Scottsdale, AZ",2058,1x1,880,1583,04/17/2024,False
Audere Apartments,"Phoenix-Mesa-Scottsdale, AZ",2058,1x1,880,1705,04/18/2024,False
Audere Apartments,"Phoenix-Mesa-Scottsdale, AZ",2058,1x1,880,1719,04/19/2024,False
Audere Apartments,"Phoenix-Mesa-Scottsdale, AZ",2058,1x1,880,1719,04/20/2024,False
Audere Apartments,"Phoenix-Mesa-Scottsdale, AZ",2058,1x1,880,1719,04/21/2024,True
Audere Apartments,"Phoenix-Mesa-Scottsdale, AZ",2059,1x1,880,1699,06/27/2024,False
Audere Apartments,"Phoenix-Mesa-Scottsdale, AZ",2059,1x1,880,1668,06/28/2024,False
Audere Apartments,"Phoenix-Mesa-Scottsdale, AZ",2059,1x1,880,1668,06/29/2024,False
Audere Apartments,"Phoenix-Mesa-Scottsdale, AZ",2059,1x1,880,1668,06/30/2024,False
Audere Apartments,"Phoenix-Mesa-Scottsdale, AZ",2059,1x1,880,1698,07/01/2024,False
Audere Apartments,"Phoenix-Mesa-Scottsdale, AZ",2059,1x1,880,1729,07/02/2024,False
Audere Apartments,"Phoenix-Mesa-Scottsdale, AZ",2059,1x1,880,1705,07/03/2024,False
Audere Apartments,"Phoenix-Mesa-Scottsdale, AZ",2059,1x1,880,1705,07/04/2024,False
Audere Apartments,"Phoenix-Mesa-Scottsdale, AZ",2059,1x1,880,1705,07/05/2024,False
Audere Apartments,"Phoenix-Mesa-Scottsdale, AZ",2059,1x1,880,1705,07/06/2024,False
Audere Apartments,"Phoenix-Mesa-Scottsdale, AZ",2059,1x1,880,1705,07/07/2024,False
Audere Apartments,"Phoenix-Mesa-Scottsdale, AZ",2059,1x1,880,1674,07/08/2024,False
Audere Apartments,"Phoenix-Mesa-Scottsdale, AZ",2059,1x1,880,1644,07/09/2024,False
Audere Apartments,"Phoenix-Mesa-Scottsdale, AZ",2059,1x1,880,1614,07/10/2024,False
Audere Apartments,"Phoenix-Mesa-Scottsdale, AZ",2059,1x1,880,1596,07/11/2024,False
Audere Apartments,"Phoenix-Mesa-Scottsdale, AZ",2059,1x1,880,1596,07/12/2024,False
Audere Apartments,"Phoenix-Mesa-Scottsdale, AZ",2059,1x1,880,1596,07/13/2024,False
Audere Apartments,"Phoenix-Mesa-Scottsdale, AZ",2059,1x1,880,1596,07/14/2024,False
Audere Apartments,"Phoenix-Mesa-Scottsdale, AZ",2059,1x1,880,1568,07/15/2024,False
Audere Apartments,"Phoenix-Mesa-Scottsdale, AZ",2059,1x1,880,1540,07/16/2024,False
Audere Apartments,"Phoenix-Mesa-Scottsdale, AZ",2059,1x1,880,1540,07/17/2024,False
Audere Apartments,"Phoenix-Mesa-Scottsdale, AZ",2059,1x1,880,1540,07/18/2024,False
Audere Apartments,"Phoenix-Mesa-Scottsdale, AZ",2059,1x1,880,1540,07/19/2024,False
Audere Apartments,"Phoenix-Mesa-Scottsdale, AZ",2059,1x1,880,1540,07/20/2024,False
Audere Apartments,"Phoenix-Mesa-Scottsdale, AZ",2059,1x1,880,1540,07/21/2024,False
Audere Apartments,"Phoenix-Mesa-Scottsdale, AZ",2059,1x1,880,1540,07/22/2024,False
Audere Apartments,"Phoenix-Mesa-Scottsdale, AZ",2059,1x1,880,1547,07/23/2024,False
Audere Apartments,"Phoenix-Mesa-Scottsdale, AZ",2059,1x1,880,1526,07/24/2024,False
Audere Apartments,"Phoenix-Mesa-Scottsdale, AZ",2059,1x1,880,1526,07/25/2024,False
Audere Apartments,"Phoenix-Mesa-Scottsdale, AZ",2059,1x1,880,1526,07/26/2024,False
Audere Apartments,"Phoenix-Mesa-Scottsdale, AZ",2059,1x1,880,1526,07/27/2024,False
Audere Apartments,"Phoenix-Mesa-Scottsdale, AZ",2059,1x1,880,1526,07/28/2024,False
Audere Apartments,"Phoenix-Mesa-Scottsdale, AZ",2059,1x1,880,1526,07/29/2024,False
Audere Apartments,"Phoenix-Mesa-Scottsdale, AZ",2059,1x1,880,1526,07/30/2024,True
Audere Apartments,"Phoenix-Mesa-Scottsdale, AZ",2060,2x2,956,1935,06/17/2023,False
Audere Apartments,"Phoenix-Mesa-Scottsdale, AZ",2060,2x2,956,1935,06/18/2023,False
Audere Apartments,"Phoenix-Mesa-Scottsdale, AZ",2060,2x2,956,1935,06/19/2023,False
Audere Apartments,"Phoenix-Mesa-Scottsdale, AZ",2060,2x2,956,1935,06/20/2023,False
Audere Apartments,"Phoenix-Mesa-Scottsdale, AZ",2060,2x2,956,1935,06/21/2023,False
Audere Apartments,"Phoenix-Mesa-Scottsdale, AZ",2060,2x2,956,1920,06/22/2023,False
Audere Apartments,"Phoenix-Mesa-Scottsdale, AZ",2060,2x2,956,1920,06/23/2023,False
Audere Apartments,"Phoenix-Mesa-Scottsdale, AZ",2060,2x2,956,1920,06/24/2023,False
Audere Apartments,"Phoenix-Mesa-Scottsdale, AZ",2060,2x2,956,1925,06/25/2023,False
Audere Apartments,"Phoenix-Mesa-Scottsdale, AZ",2060,2x2,956,1920,06/26/2023,False
Audere Apartments,"Phoenix-Mesa-Scottsdale, AZ",2060,2x2,956,1930,06/27/2023,False
Audere Apartments,"Phoenix-Mesa-Scottsdale, AZ",2060,2x2,956,1920,06/28/2023,False
Audere Apartments,"Phoenix-Mesa-Scottsdale, AZ",2060,2x2,956,1980,06/29/2023,False
Audere Apartments,"Phoenix-Mesa-Scottsdale, AZ",2060,2x2,956,1955,06/30/2023,False
Audere Apartments,"Phoenix-Mesa-Scottsdale, AZ",2060,2x2,956,1955,07/01/2023,False
Audere Apartments,"Phoenix-Mesa-Scottsdale, AZ",2060,2x2,956,1955,07/02/2023,False
Audere Apartments,"Phoenix-Mesa-Scottsdale, AZ",2060,2x2,956,1955,07/03/2023,False
Audere Apartments,"Phoenix-Mesa-Scottsdale, AZ",2060,2x2,956,1965,07/04/2023,False
Audere Apartments,"Phoenix-Mesa-Scottsdale, AZ",2060,2x2,956,1985,07/05/2023,False
Audere Apartments,"Phoenix-Mesa-Scottsdale, AZ",2060,2x2,956,1995,07/06/2023,False
Audere Apartments,"Phoenix-Mesa-Scottsdale, AZ",2060,2x2,956,1950,07/07/2023,False
Audere Apartments,"Phoenix-Mesa-Scottsdale, AZ",2060,2x2,956,1925,07/08/2023,False
Audere Apartments,"Phoenix-Mesa-Scottsdale, AZ",2060,2x2,956,1925,07/09/2023,False
Audere Apartments,"Phoenix-Mesa-Scottsdale, AZ",2060,2x2,956,1925,07/10/2023,False
Audere Apartments,"Phoenix-Mesa-Scottsdale, AZ",2060,2x2,956,1930,07/11/2023,False
Audere Apartments,"Phoenix-Mesa-Scottsdale, AZ",2060,2x2,956,2015,07/12/2023,False
Audere Apartments,"Phoenix-Mesa-Scottsdale, AZ",2060,2x2,956,1935,07/13/2023,False
Audere Apartments,"Phoenix-Mesa-Scottsdale, AZ",2060,2x2,956,1935,07/14/2023,False
Audere Apartments,"Phoenix-Mesa-Scottsdale, AZ",2060,2x2,956,1900,07/15/2023,False
Audere Apartments,"Phoenix-Mesa-Scottsdale, AZ",2060,2x2,956,1900,07/16/2023,False
Audere Apartments,"Phoenix-Mesa-Scottsdale, AZ",2060,2x2,956,1900,07/17/2023,False
Audere Apartments,"Phoenix-Mesa-Scottsdale, AZ",2060,2x2,956,1900,07/18/2023,False
Audere Apartments,"Phoenix-Mesa-Scottsdale, AZ",2060,2x2,956,1855,07/19/2023,False
Audere Apartments,"Phoenix-Mesa-Scottsdale, AZ",2060,2x2,956,1855,07/20/2023,False
Audere Apartments,"Phoenix-Mesa-Scottsdale, AZ",2060,2x2,956,1855,07/21/2023,False
Audere Apartments,"Phoenix-Mesa-Scottsdale, AZ",2060,2x2,956,1855,07/22/2023,False
Audere Apartments,"Phoenix-Mesa-Scottsdale, AZ",2060,2x2,956,1855,07/23/2023,False
Audere Apartments,"Phoenix-Mesa-Scottsdale, AZ",2060,2x2,956,1855,07/24/2023,False
Audere Apartments,"Phoenix-Mesa-Scottsdale, AZ",2060,2x2,956,1860,07/25/2023,False
Audere Apartments,"Phoenix-Mesa-Scottsdale, AZ",2060,2x2,956,1860,07/26/2023,False
Audere Apartments,"Phoenix-Mesa-Scottsdale, AZ",2060,2x2,956,1895,07/27/2023,False
Audere Apartments,"Phoenix-Mesa-Scottsdale, AZ",2060,2x2,956,1895,07/28/2023,False
Audere Apartments,"Phoenix-Mesa-Scottsdale, AZ",2060,2x2,956,1895,07/29/2023,False
Audere Apartments,"Phoenix-Mesa-Scottsdale, AZ",2060,2x2,956,1895,07/30/2023,False
Audere Apartments,"Phoenix-Mesa-Scottsdale, AZ",2060,2x2,956,1895,07/31/2023,False
Audere Apartments,"Phoenix-Mesa-Scottsdale, AZ",2060,2x2,956,1895,08/01/2023,False
Audere Apartments,"Phoenix-Mesa-Scottsdale, AZ",2060,2x2,956,1840,08/02/2023,False
Audere Apartments,"Phoenix-Mesa-Scottsdale, AZ",2060,2x2,956,1860,08/03/2023,False
Audere Apartments,"Phoenix-Mesa-Scottsdale, AZ",2060,2x2,956,1860,08/04/2023,False
Audere Apartments,"Phoenix-Mesa-Scottsdale, AZ",2060,2x2,956,1860,08/05/2023,False
Audere Apartments,"Phoenix-Mesa-Scottsdale, AZ",2060,2x2,956,1860,08/06/2023,False
Audere Apartments,"Phoenix-Mesa-Scottsdale, AZ",2060,2x2,956,1860,08/07/2023,False
Audere Apartments,"Phoenix-Mesa-Scottsdale, AZ",2060,2x2,956,1860,08/08/2023,False
Audere Apartments,"Phoenix-Mesa-Scottsdale, AZ",2060,2x2,956,1860,08/09/2023,False
Audere Apartments,"Phoenix-Mesa-Scottsdale, AZ",2060,2x2,956,1855,08/10/2023,False
Audere Apartments,"Phoenix-Mesa-Scottsdale, AZ",2060,2x2,956,1845,08/11/2023,False
Audere Apartments,"Phoenix-Mesa-Scottsdale, AZ",2060,2x2,956,1845,08/12/2023,False
Audere Apartments,"Phoenix-Mesa-Scottsdale, AZ",2060,2x2,956,1825,08/13/2023,False
Audere Apartments,"Phoenix-Mesa-Scottsdale, AZ",2060,2x2,956,1825,08/14/2023,False
Audere Apartments,"Phoenix-Mesa-Scottsdale, AZ",2060,2x2,956,1825,08/15/2023,False
Audere Apartments,"Phoenix-Mesa-Scottsdale, AZ",2060,2x2,956,1845,08/16/2023,False
Audere Apartments,"Phoenix-Mesa-Scottsdale, AZ",2060,2x2,956,1845,08/17/2023,False
Audere Apartments,"Phoenix-Mesa-Scottsdale, AZ",2060,2x2,956,1845,08/18/2023,False
Audere Apartments,"Phoenix-Mesa-Scottsdale, AZ",2060,2x2,956,1840,08/19/2023,False
Audere Apartments,"Phoenix-Mesa-Scottsdale, AZ",2060,2x2,956,1820,08/20/2023,False
Audere Apartments,"Phoenix-Mesa-Scottsdale, AZ",2060,2x2,956,1820,08/21/2023,False
Audere Apartments,"Phoenix-Mesa-Scottsdale, AZ",2060,2x2,956,1840,08/22/2023,False
Audere Apartments,"Phoenix-Mesa-Scottsdale, AZ",2060,2x2,956,1840,08/23/2023,False
Audere Apartments,"Phoenix-Mesa-Scottsdale, AZ",2060,2x2,956,1820,08/24/2023,False
Audere Apartments,"Phoenix-Mesa-Scottsdale, AZ",2060,2x2,956,1820,08/25/2023,False
Audere Apartments,"Phoenix-Mesa-Scottsdale, AZ",2060,2x2,956,1840,08/26/2023,False
Audere Apartments,"Phoenix-Mesa-Scottsdale, AZ",2060,2x2,956,1840,08/27/2023,False
Audere Apartments,"Phoenix-Mesa-Scottsdale, AZ",2060,2x2,956,1840,08/28/2023,False
Audere Apartments,"Phoenix-Mesa-Scottsdale, AZ",2060,2x2,956,1840,08/29/2023,False
Audere Apartments,"Phoenix-Mesa-Scottsdale, AZ",2060,2x2,956,1840,08/30/2023,False
Audere Apartments,"Phoenix-Mesa-Scottsdale, AZ",2060,2x2,956,1840,08/31/2023,False
Audere Apartments,"Phoenix-Mesa-Scottsdale, AZ",2060,2x2,956,1840,09/01/2023,False
Audere Apartments,"Phoenix-Mesa-Scottsdale, AZ",2060,2x2,956,1820,09/02/2023,False
Audere Apartments,"Phoenix-Mesa-Scottsdale, AZ",2060,2x2,956,1820,09/03/2023,False
Audere Apartments,"Phoenix-Mesa-Scottsdale, AZ",2060,2x2,956,1820,09/04/2023,False
Audere Apartments,"Phoenix-Mesa-Scottsdale, AZ",2060,2x2,956,1830,09/05/2023,False
Audere Apartments,"Phoenix-Mesa-Scottsdale, AZ",2060,2x2,956,1830,09/06/2023,False
Audere Apartments,"Phoenix-Mesa-Scottsdale, AZ",2060,2x2,956,1770,09/07/2023,False
Audere Apartments,"Phoenix-Mesa-Scottsdale, AZ",2060,2x2,956,1770,09/08/2023,False
Audere Apartments,"Phoenix-Mesa-Scottsdale, AZ",2060,2x2,956,1770,09/09/2023,False
Audere Apartments,"Phoenix-Mesa-Scottsdale, AZ",2060,2x2,956,1770,09/10/2023,False
Audere Apartments,"Phoenix-Mesa-Scottsdale, AZ",2060,2x2,956,1770,09/11/2023,False
Audere Apartments,"Phoenix-Mesa-Scottsdale, AZ",2060,2x2,956,1800,09/12/2023,False
Audere Apartments,"Phoenix-Mesa-Scottsdale, AZ",2060,2x2,956,1835,09/13/2023,False
Audere Apartments,"Phoenix-Mesa-Scottsdale, AZ",2060,2x2,956,1795,09/14/2023,False
Audere Apartments,"Phoenix-Mesa-Scottsdale, AZ",2060,2x2,956,1800,09/15/2023,False
Audere Apartments,"Phoenix-Mesa-Scottsdale, AZ",2060,2x2,956,1800,09/16/2023,False
Audere Apartments,"Phoenix-Mesa-Scottsdale, AZ",2060,2x2,956,1780,09/17/2023,False
Audere Apartments,"Phoenix-Mesa-Scottsdale, AZ",2060,2x2,956,1780,09/18/2023,False
Audere Apartments,"Phoenix-Mesa-Scottsdale, AZ",2060,2x2,956,1795,09/19/2023,False
Audere Apartments,"Phoenix-Mesa-Scottsdale, AZ",2060,2x2,956,1785,09/20/2023,False
Audere Apartments,"Phoenix-Mesa-Scottsdale, AZ",2060,2x2,956,1820,09/21/2023,False
Audere Apartments,"Phoenix-Mesa-Scottsdale, AZ",2060,2x2,956,1815,09/22/2023,False
Audere Apartments,"Phoenix-Mesa-Scottsdale, AZ",2060,2x2,956,1815,09/23/2023,False
Audere Apartments,"Phoenix-Mesa-Scottsdale, AZ",2060,2x2,956,1825,09/24/2023,False
Audere Apartments,"Phoenix-Mesa-Scottsdale, AZ",2060,2x2,956,1825,09/25/2023,False
Audere Apartments,"Phoenix-Mesa-Scottsdale, AZ",2060,2x2,956,1830,09/26/2023,False
Audere Apartments,"Phoenix-Mesa-Scottsdale, AZ",2060,2x2,956,1825,09/27/2023,False
Audere Apartments,"Phoenix-Mesa-Scottsdale, AZ",2060,2x2,956,1825,09/28/2023,False
Audere Apartments,"Phoenix-Mesa-Scottsdale, AZ",2060,2x2,956,1810,09/29/2023,False
Audere Apartments,"Phoenix-Mesa-Scottsdale, AZ",2060,2x2,956,1810,09/30/2023,False
Audere Apartments,"Phoenix-Mesa-Scottsdale, AZ",2060,2x2,956,1810,10/01/2023,False
Audere Apartments,"Phoenix-Mesa-Scottsdale, AZ",2060,2x2,956,1810,10/02/2023,False
Audere Apartments,"Phoenix-Mesa-Scottsdale, AZ",2060,2x2,956,1840,10/03/2023,False
Audere Apartments,"Phoenix-Mesa-Scottsdale, AZ",2060,2x2,956,1840,10/04/2023,False
Audere Apartments,"Phoenix-Mesa-Scottsdale, AZ",2060,2x2,956,1750,10/05/2023,False
Audere Apartments,"Phoenix-Mesa-Scottsdale, AZ",2060,2x2,956,1735,10/06/2023,False
Audere Apartments,"Phoenix-Mesa-Scottsdale, AZ",2060,2x2,956,1735,10/07/2023,False
Audere Apartments,"Phoenix-Mesa-Scottsdale, AZ",2060,2x2,956,1735,10/08/2023,False
Audere Apartments,"Phoenix-Mesa-Scottsdale, AZ",2060,2x2,956,1785,10/09/2023,False
Audere Apartments,"Phoenix-Mesa-Scottsdale, AZ",2060,2x2,956,1760,10/10/2023,False
Audere Apartments,"Phoenix-Mesa-Scottsdale, AZ",2060,2x2,956,1760,10/11/2023,False
Audere Apartments,"Phoenix-Mesa-Scottsdale, AZ",2060,2x2,956,1750,10/12/2023,False
Audere Apartments,"Phoenix-Mesa-Scottsdale, AZ",2060,2x2,956,1750,10/13/2023,False
Audere Apartments,"Phoenix-Mesa-Scottsdale, AZ",2060,2x2,956,1745,10/14/2023,False
Audere Apartments,"Phoenix-Mesa-Scottsdale, AZ",2060,2x2,956,1745,10/15/2023,False
Audere Apartments,"Phoenix-Mesa-Scottsdale, AZ",2060,2x2,956,1745,10/16/2023,False
Audere Apartments,"Phoenix-Mesa-Scottsdale, AZ",2060,2x2,956,1765,10/17/2023,False
Audere Apartments,"Phoenix-Mesa-Scottsdale, AZ",2060,2x2,956,1750,10/18/2023,False
Audere Apartments,"Phoenix-Mesa-Scottsdale, AZ",2060,2x2,956,1730,10/19/2023,False
Audere Apartments,"Phoenix-Mesa-Scottsdale, AZ",2060,2x2,956,1730,10/20/2023,False
Audere Apartments,"Phoenix-Mesa-Scottsdale, AZ",2060,2x2,956,1730,10/21/2023,False
Audere Apartments,"Phoenix-Mesa-Scottsdale, AZ",2060,2x2,956,1730,10/22/2023,False
Audere Apartments,"Phoenix-Mesa-Scottsdale, AZ",2060,2x2,956,1730,10/23/2023,False
Audere Apartments,"Phoenix-Mesa-Scottsdale, AZ",2060,2x2,956,1730,10/24/2023,False
Audere Apartments,"Phoenix-Mesa-Scottsdale, AZ",2060,2x2,956,1730,10/25/2023,False
Audere Apartments,"Phoenix-Mesa-Scottsdale, AZ",2060,2x2,956,1735,10/26/2023,False
Audere Apartments,"Phoenix-Mesa-Scottsdale, AZ",2060,2x2,956,1735,10/27/2023,False
Audere Apartments,"Phoenix-Mesa-Scottsdale, AZ",2060,2x2,956,1735,10/28/2023,False
Audere Apartments,"Phoenix-Mesa-Scottsdale, AZ",2060,2x2,956,1735,10/29/2023,False
Audere Apartments,"Phoenix-Mesa-Scottsdale, AZ",2060,2x2,956,1735,10/30/2023,False
Audere Apartments,"Phoenix-Mesa-Scottsdale, AZ",2060,2x2,956,1735,10/31/2023,False
Audere Apartments,"Phoenix-Mesa-Scottsdale, AZ",2060,2x2,956,1765,11/01/2023,False
Audere Apartments,"Phoenix-Mesa-Scottsdale, AZ",2060,2x2,956,1820,11/02/2023,False
Audere Apartments,"Phoenix-Mesa-Scottsdale, AZ",2060,2x2,956,1785,11/03/2023,False
Audere Apartments,"Phoenix-Mesa-Scottsdale, AZ",2060,2x2,956,1785,11/04/2023,False
Audere Apartments,"Phoenix-Mesa-Scottsdale, AZ",2060,2x2,956,1770,11/05/2023,False
Audere Apartments,"Phoenix-Mesa-Scottsdale, AZ",2060,2x2,956,1770,11/06/2023,False
Audere Apartments,"Phoenix-Mesa-Scottsdale, AZ",2060,2x2,956,1770,11/07/2023,False
Audere Apartments,"Phoenix-Mesa-Scottsdale, AZ",2060,2x2,956,1770,11/08/2023,False
Audere Apartments,"Phoenix-Mesa-Scottsdale, AZ",2060,2x2,956,1765,11/09/2023,False
Audere Apartments,"Phoenix-Mesa-Scottsdale, AZ",2060,2x2,956,1770,11/10/2023,False
Audere Apartments,"Phoenix-Mesa-Scottsdale, AZ",2060,2x2,956,1765,11/11/2023,False
Audere Apartments,"Phoenix-Mesa-Scottsdale, AZ",2060,2x2,956,1765,11/12/2023,False
Audere Apartments,"Phoenix-Mesa-Scottsdale, AZ",2060,2x2,956,1805,11/13/2023,False
Audere Apartments,"Phoenix-Mesa-Scottsdale, AZ",2060,2x2,956,1765,11/14/2023,False
Audere Apartments,"Phoenix-Mesa-Scottsdale, AZ",2060,2x2,956,1755,11/15/2023,False
Audere Apartments,"Phoenix-Mesa-Scottsdale, AZ",2060,2x2,956,1755,11/16/2023,False
Audere Apartments,"Phoenix-Mesa-Scottsdale, AZ",2060,2x2,956,1755,11/17/2023,False
Audere Apartments,"Phoenix-Mesa-Scottsdale, AZ",2060,2x2,956,1755,11/18/2023,False
Audere Apartments,"Phoenix-Mesa-Scottsdale, AZ",2060,2x2,956,1755,11/19/2023,False
Audere Apartments,"Phoenix-Mesa-Scottsdale, AZ",2060,2x2,956,1755,11/20/2023,False
Audere Apartments,"Phoenix-Mesa-Scottsdale, AZ",2060,2x2,956,1755,11/21/2023,False
Audere Apartments,"Phoenix-Mesa-Scottsdale, AZ",2060,2x2,956,1730,11/22/2023,False
Audere Apartments,"Phoenix-Mesa-Scottsdale, AZ",2060,2x2,956,1730,11/23/2023,False
Audere Apartments,"Phoenix-Mesa-Scottsdale, AZ",2060,2x2,956,1730,11/24/2023,False
Audere Apartments,"Phoenix-Mesa-Scottsdale, AZ",2060,2x2,956,1730,11/25/2023,False
Audere Apartments,"Phoenix-Mesa-Scottsdale, AZ",2060,2x2,956,1730,11/26/2023,False
Audere Apartments,"Phoenix-Mesa-Scottsdale, AZ",2060,2x2,956,1765,11/27/2023,False
Audere Apartments,"Phoenix-Mesa-Scottsdale, AZ",2060,2x2,956,1765,11/28/2023,False
Audere Apartments,"Phoenix-Mesa-Scottsdale, AZ",2060,2x2,956,1750,11/29/2023,False
Audere Apartments,"Phoenix-Mesa-Scottsdale, AZ",2060,2x2,956,1750,11/30/2023,False
Audere Apartments,"Phoenix-Mesa-Scottsdale, AZ",2060,2x2,956,1750,12/01/2023,False
Audere Apartments,"Phoenix-Mesa-Scottsdale, AZ",2060,2x2,956,1750,12/02/2023,False
Audere Apartments,"Phoenix-Mesa-Scottsdale, AZ",2060,2x2,956,1750,12/03/2023,False
Audere Apartments,"Phoenix-Mesa-Scottsdale, AZ",2060,2x2,956,1750,12/04/2023,False
Audere Apartments,"Phoenix-Mesa-Scottsdale, AZ",2060,2x2,956,1745,12/05/2023,False
Audere Apartments,"Phoenix-Mesa-Scottsdale, AZ",2060,2x2,956,1745,12/06/2023,False
Audere Apartments,"Phoenix-Mesa-Scottsdale, AZ",2060,2x2,956,1750,12/07/2023,False
Audere Apartments,"Phoenix-Mesa-Scottsdale, AZ",2060,2x2,956,1750,12/08/2023,False
Audere Apartments,"Phoenix-Mesa-Scottsdale, AZ",2060,2x2,956,1740,12/09/2023,False
Audere Apartments,"Phoenix-Mesa-Scottsdale, AZ",2060,2x2,956,1740,12/10/2023,False
Audere Apartments,"Phoenix-Mesa-Scottsdale, AZ",2060,2x2,956,1740,12/11/2023,False
Audere Apartments,"Phoenix-Mesa-Scottsdale, AZ",2060,2x2,956,1740,12/12/2023,False
Audere Apartments,"Phoenix-Mesa-Scottsdale, AZ",2060,2x2,956,1740,12/13/2023,False
Audere Apartments,"Phoenix-Mesa-Scottsdale, AZ",2060,2x2,956,1740,12/14/2023,False
Audere Apartments,"Phoenix-Mesa-Scottsdale, AZ",2060,2x2,956,1720,12/15/2023,False
Audere Apartments,"Phoenix-Mesa-Scottsdale, AZ",2060,2x2,956,1720,12/16/2023,False
Audere Apartments,"Phoenix-Mesa-Scottsdale, AZ",2060,2x2,956,1720,12/17/2023,False
Audere Apartments,"Phoenix-Mesa-Scottsdale, AZ",2060,2x2,956,1720,12/18/2023,False
Audere Apartments,"Phoenix-Mesa-Scottsdale, AZ",2060,2x2,956,1720,12/19/2023,False
Audere Apartments,"Phoenix-Mesa-Scottsdale, AZ",2060,2x2,956,1720,12/20/2023,False
Audere Apartments,"Phoenix-Mesa-Scottsdale, AZ",2060,2x2,956,1700,12/21/2023,False
Audere Apartments,"Phoenix-Mesa-Scottsdale, AZ",2060,2x2,956,1690,12/22/2023,False
Audere Apartments,"Phoenix-Mesa-Scottsdale, AZ",2060,2x2,956,1690,12/23/2023,True
Audere Apartments,"Phoenix-Mesa-Scottsdale, AZ",2061,2x2,956,1957,01/03/2025,False
Audere Apartments,"Phoenix-Mesa-Scottsdale, AZ",2061,2x2,956,2002,01/04/2025,False
Audere Apartments,"Phoenix-Mesa-Scottsdale, AZ",2061,2x2,956,2002,01/05/2025,False
Audere Apartments,"Phoenix-Mesa-Scottsdale, AZ",2061,2x2,956,1964,01/06/2025,False
Audere Apartments,"Phoenix-Mesa-Scottsdale, AZ",2061,2x2,956,1927,01/07/2025,False
Audere Apartments,"Phoenix-Mesa-Scottsdale, AZ",2061,2x2,956,1891,01/08/2025,False
Audere Apartments,"Phoenix-Mesa-Scottsdale, AZ",2061,2x2,956,1854,01/09/2025,False
Audere Apartments,"Phoenix-Mesa-Scottsdale, AZ",2061,2x2,956,1929,01/10/2025,False
Audere Apartments,"Phoenix-Mesa-Scottsdale, AZ",2061,2x2,956,1929,01/11/2025,False
Audere Apartments,"Phoenix-Mesa-Scottsdale, AZ",2061,2x2,956,1929,01/12/2025,False
Audere Apartments,"Phoenix-Mesa-Scottsdale, AZ",2061,2x2,956,1929,01/13/2025,False
Audere Apartments,"Phoenix-Mesa-Scottsdale, AZ",2061,2x2,956,1929,01/14/2025,False
Audere Apartments,"Phoenix-Mesa-Scottsdale, AZ",2061,2x2,956,2020,01/15/2025,False
Audere Apartments,"Phoenix-Mesa-Scottsdale, AZ",2061,2x2,956,2020,01/16/2025,False
Audere Apartments,"Phoenix-Mesa-Scottsdale, AZ",2061,2x2,956,2020,01/17/2025,False
Audere Apartments,"Phoenix-Mesa-Scottsdale, AZ",2061,2x2,956,2020,01/18/2025,False
Audere Apartments,"Phoenix-Mesa-Scottsdale, AZ",2061,2x2,956,2020,01/19/2025,False
Audere Apartments,"Phoenix-Mesa-Scottsdale, AZ",2061,2x2,956,2039,01/20/2025,False
Audere Apartments,"Phoenix-Mesa-Scottsdale, AZ",2061,2x2,956,2058,01/21/2025,False
Audere Apartments,"Phoenix-Mesa-Scottsdale, AZ",2061,2x2,956,2058,01/22/2025,False
Audere Apartments,"Phoenix-Mesa-Scottsdale, AZ",2061,2x2,956,2038,01/23/2025,False
Audere Apartments,"Phoenix-Mesa-Scottsdale, AZ",2061,2x2,956,2019,01/24/2025,False
Audere Apartments,"Phoenix-Mesa-Scottsdale, AZ",2061,2x2,956,2019,01/25/2025,False
Audere Apartments,"Phoenix-Mesa-Scottsdale, AZ",2061,2x2,956,2019,01/26/2025,False
Audere Apartments,"Phoenix-Mesa-Scottsdale, AZ",2061,2x2,956,2019,01/27/2025,False
Audere Apartments,"Phoenix-Mesa-Scottsdale, AZ",2061,2x2,956,2025,01/28/2025,False
Audere Apartments,"Phoenix-Mesa-Scottsdale, AZ",2061,2x2,956,2006,01/29/2025,False
Audere Apartments,"Phoenix-Mesa-Scottsdale, AZ",2061,2x2,956,1987,01/30/2025,False
Audere Apartments,"Phoenix-Mesa-Scottsdale, AZ",2061,2x2,956,1968,01/31/2025,False
Audere Apartments,"Phoenix-Mesa-Scottsdale, AZ",2061,2x2,956,1968,02/01/2025,False
Audere Apartments,"Phoenix-Mesa-Scottsdale, AZ",2061,2x2,956,1968,02/02/2025,False
Audere Apartments,"Phoenix-Mesa-Scottsdale, AZ",2061,2x2,956,1950,02/03/2025,False
Audere Apartments,"Phoenix-Mesa-Scottsdale, AZ",2061,2x2,956,1950,02/04/2025,False
Audere Apartments,"Phoenix-Mesa-Scottsdale, AZ",2061,2x2,956,1950,02/05/2025,False
Audere Apartments,"Phoenix-Mesa-Scottsdale, AZ",2061,2x2,956,1950,02/06/2025,False
Audere Apartments,"Phoenix-Mesa-Scottsdale, AZ",2061,2x2,956,1932,02/07/2025,False
Audere Apartments,"Phoenix-Mesa-Scottsdale, AZ",2061,2x2,956,1932,02/08/2025,False
Audere Apartments,"Phoenix-Mesa-Scottsdale, AZ",2061,2x2,956,1932,02/09/2025,False
Audere Apartments,"Phoenix-Mesa-Scottsdale, AZ",2061,2x2,956,1914,02/10/2025,False
Audere Apartments,"Phoenix-Mesa-Scottsdale, AZ",2061,2x2,956,1896,02/11/2025,False
Audere Apartments,"Phoenix-Mesa-Scottsdale, AZ",2061,2x2,956,1878,02/12/2025,False
Audere Apartments,"Phoenix-Mesa-Scottsdale, AZ",2061,2x2,956,1860,02/13/2025,False
Audere Apartments,"Phoenix-Mesa-Scottsdale, AZ",2061,2x2,956,1909,02/14/2025,False
Audere Apartments,"Phoenix-Mesa-Scottsdale, AZ",2061,2x2,956,1909,02/15/2025,False
Audere Apartments,"Phoenix-Mesa-Scottsdale, AZ",2061,2x2,956,1909,02/16/2025,False
Audere Apartments,"Phoenix-Mesa-Scottsdale, AZ",2061,2x2,956,1927,02/17/2025,False
Audere Apartments,"Phoenix-Mesa-Scottsdale, AZ",2061,2x2,956,1945,02/18/2025,False
Audere Apartments,"Phoenix-Mesa-Scottsdale, AZ",2061,2x2,956,1963,02/19/2025,False
Audere Apartments,"Phoenix-Mesa-Scottsdale, AZ",2061,2x2,956,1981,02/20/2025,False
Audere Apartments,"Phoenix-Mesa-Scottsdale, AZ",2061,2x2,956,2000,02/21/2025,False
Audere Apartments,"Phoenix-Mesa-Scottsdale, AZ",2061,2x2,956,2000,02/22/2025,False
Audere Apartments,"Phoenix-Mesa-Scottsdale, AZ",2061,2x2,956,2000,02/23/2025,False
Audere Apartments,"Phoenix-Mesa-Scottsdale, AZ",2061,2x2,956,2019,02/24/2025,False
Audere Apartments,"Phoenix-Mesa-Scottsdale, AZ",2061,2x2,956,2038,02/25/2025,False
Audere Apartments,"Phoenix-Mesa-Scottsdale, AZ",2061,2x2,956,2057,02/26/2025,False
Audere Apartments,"Phoenix-Mesa-Scottsdale, AZ",2061,2x2,956,2076,02/27/2025,False
Audere Apartments,"Phoenix-Mesa-Scottsdale, AZ",2061,2x2,956,2095,02/28/2025,False
Audere Apartments,"Phoenix-Mesa-Scottsdale, AZ",2061,2x2,956,2095,03/01/2025,False
Audere Apartments,"Phoenix-Mesa-Scottsdale, AZ",2061,2x2,956,2095,03/02/2025,False
Audere Apartments,"Phoenix-Mesa-Scottsdale, AZ",2061,2x2,956,2124,03/03/2025,False
Audere Apartments,"Phoenix-Mesa-Scottsdale, AZ",2061,2x2,956,2144,03/04/2025,False
Audere Apartments,"Phoenix-Mesa-Scottsdale, AZ",2061,2x2,956,2155,03/05/2025,False
Audere Apartments,"Phoenix-Mesa-Scottsdale, AZ",2061,2x2,956,2175,03/06/2025,False
Audere Apartments,"Phoenix-Mesa-Scottsdale, AZ",2061,2x2,956,2195,03/07/2025,False
Audere Apartments,"Phoenix-Mesa-Scottsdale, AZ",2061,2x2,956,2195,03/08/2025,False
Audere Apartments,"Phoenix-Mesa-Scottsdale, AZ",2061,2x2,956,2195,03/09/2025,False
Audere Apartments,"Phoenix-Mesa-Scottsdale, AZ",2061,2x2,956,2216,03/10/2025,False
Audere Apartments,"Phoenix-Mesa-Scottsdale, AZ",2061,2x2,956,2237,03/11/2025,False
Audere Apartments,"Phoenix-Mesa-Scottsdale, AZ",2061,2x2,956,2258,03/12/2025,False
Audere Apartments,"Phoenix-Mesa-Scottsdale, AZ",2061,2x2,956,2197,03/13/2025,False
Audere Apartments,"Phoenix-Mesa-Scottsdale, AZ",2061,2x2,956,2218,03/14/2025,False
Audere Apartments,"Phoenix-Mesa-Scottsdale, AZ",2061,2x2,956,2218,03/15/2025,False
Audere Apartments,"Phoenix-Mesa-Scottsdale, AZ",2061,2x2,956,2218,03/16/2025,False
Audere Apartments,"Phoenix-Mesa-Scottsdale, AZ",2061,2x2,956,2218,03/17/2025,False
Audere Apartments,"Phoenix-Mesa-Scottsdale, AZ",2061,2x2,956,2233,03/18/2025,False
Audere Apartments,"Phoenix-Mesa-Scottsdale, AZ",2061,2x2,956,2212,03/19/2025,False
Audere Apartments,"Phoenix-Mesa-Scottsdale, AZ",2061,2x2,956,2157,03/20/2025,False
Audere Apartments,"Phoenix-Mesa-Scottsdale, AZ",2061,2x2,956,2137,03/21/2025,False
Audere Apartments,"Phoenix-Mesa-Scottsdale, AZ",2061,2x2,956,2137,03/22/2025,False
Audere Apartments,"Phoenix-Mesa-Scottsdale, AZ",2061,2x2,956,2137,03/23/2025,False
Audere Apartments,"Phoenix-Mesa-Scottsdale, AZ",2061,2x2,956,2117,03/24/2025,False
Audere Apartments,"Phoenix-Mesa-Scottsdale, AZ",2061,2x2,956,2097,03/25/2025,False
Audere Apartments,"Phoenix-Mesa-Scottsdale, AZ",2061,2x2,956,2077,03/26/2025,False
Audere Apartments,"Phoenix-Mesa-Scottsdale, AZ",2061,2x2,956,2058,03/27/2025,False
Audere Apartments,"Phoenix-Mesa-Scottsdale, AZ",2061,2x2,956,2037,03/28/2025,False
Audere Apartments,"Phoenix-Mesa-Scottsdale, AZ",2061,2x2,956,2036,03/29/2025,False
Audere Apartments,"Phoenix-Mesa-Scottsdale, AZ",2061,2x2,956,2034,03/30/2025,False
Audere Apartments,"Phoenix-Mesa-Scottsdale, AZ",2061,2x2,956,2033,03/31/2025,False
Audere Apartments,"Phoenix-Mesa-Scottsdale, AZ",2061,2x2,956,1986,04/01/2025,False
Audere Apartments,"Phoenix-Mesa-Scottsdale, AZ",2061,2x2,956,1965,04/02/2025,False
Audere Apartments,"Phoenix-Mesa-Scottsdale, AZ",2061,2x2,956,1946,04/03/2025,False
Audere Apartments,"Phoenix-Mesa-Scottsdale, AZ",2061,2x2,956,1927,04/04/2025,False
Audere Apartments,"Phoenix-Mesa-Scottsdale, AZ",2061,2x2,956,1927,04/05/2025,False
Audere Apartments,"Phoenix-Mesa-Scottsdale, AZ",2061,2x2,956,1927,04/06/2025,False
Audere Apartments,"Phoenix-Mesa-Scottsdale, AZ",2061,2x2,956,1945,04/07/2025,False
Audere Apartments,"Phoenix-Mesa-Scottsdale, AZ",2061,2x2,956,1964,04/08/2025,False
Audere Apartments,"Phoenix-Mesa-Scottsdale, AZ",2061,2x2,956,1983,04/09/2025,False
Audere Apartments,"Phoenix-Mesa-Scottsdale, AZ",2061,2x2,956,2023,04/10/2025,False
Audere Apartments,"Phoenix-Mesa-Scottsdale, AZ",2061,2x2,956,2023,04/11/2025,False
Audere Apartments,"Phoenix-Mesa-Scottsdale, AZ",2061,2x2,956,2023,04/12/2025,False
Audere Apartments,"Phoenix-Mesa-Scottsdale, AZ",2061,2x2,956,2023,04/13/2025,False
Audere Apartments,"Phoenix-Mesa-Scottsdale, AZ",2061,2x2,956,2042,04/14/2025,False
Audere Apartments,"Phoenix-Mesa-Scottsdale, AZ",2061,2x2,956,2061,04/15/2025,False
Audere Apartments,"Phoenix-Mesa-Scottsdale, AZ",2061,2x2,956,2080,04/16/2025,False
Audere Apartments,"Phoenix-Mesa-Scottsdale, AZ",2061,2x2,956,2100,04/17/2025,False
Audere Apartments,"Phoenix-Mesa-Scottsdale, AZ",2061,2x2,956,2000,04/18/2025,False
Audere Apartments,"Phoenix-Mesa-Scottsdale, AZ",2061,2x2,956,1998,04/19/2025,False
Audere Apartments,"Phoenix-Mesa-Scottsdale, AZ",2061,2x2,956,1997,04/20/2025,False
Audere Apartments,"Phoenix-Mesa-Scottsdale, AZ",2061,2x2,956,2014,04/21/2025,False
Audere Apartments,"Phoenix-Mesa-Scottsdale, AZ",2061,2x2,956,2031,04/22/2025,False
Audere Apartments,"Phoenix-Mesa-Scottsdale, AZ",2061,2x2,956,2048,04/23/2025,False
Audere Apartments,"Phoenix-Mesa-Scottsdale, AZ",2061,2x2,956,2065,04/24/2025,False
Audere Apartments,"Phoenix-Mesa-Scottsdale, AZ",2061,2x2,956,2083,04/25/2025,False
Audere Apartments,"Phoenix-Mesa-Scottsdale, AZ",2061,2x2,956,2081,04/26/2025,False
Audere Apartments,"Phoenix-Mesa-Scottsdale, AZ",2061,2x2,956,2080,04/27/2025,True
Audere Apartments,"Phoenix-Mesa-Scottsdale, AZ",2062,1x1,880,1750,04/15/2025,False
Audere Apartments,"Phoenix-Mesa-Scottsdale, AZ",2062,1x1,880,1734,04/16/2025,False
Audere Apartments,"Phoenix-Mesa-Scottsdale, AZ",2062,1x1,880,1718,04/17/2025,False
Audere Apartments,"Phoenix-Mesa-Scottsdale, AZ",2062,1x1,880,1639,04/18/2025,False
Audere Apartments,"Phoenix-Mesa-Scottsdale, AZ",2062,1x1,880,1639,04/19/2025,False
Audere Apartments,"Phoenix-Mesa-Scottsdale, AZ",2062,1x1,880,1639,04/20/2025,False
Audere Apartments,"Phoenix-Mesa-Scottsdale, AZ",2062,1x1,880,1638,04/21/2025,False
Audere Apartments,"Phoenix-Mesa-Scottsdale, AZ",2062,1x1,880,1653,04/22/2025,False
Audere Apartments,"Phoenix-Mesa-Scottsdale, AZ",2062,1x1,880,1653,04/23/2025,False
Audere Apartments,"Phoenix-Mesa-Scottsdale, AZ",2062,1x1,880,1714,04/24/2025,False
Audere Apartments,"Phoenix-Mesa-Scottsdale, AZ",2062,1x1,880,1698,04/25/2025,False
Audere Apartments,"Phoenix-Mesa-Scottsdale, AZ",2062,1x1,880,1698,04/26/2025,False
Audere Apartments,"Phoenix-Mesa-Scottsdale, AZ",2062,1x1,880,1698,04/27/2025,True
Audere Apartments,"Phoenix-Mesa-Scottsdale, AZ",2066,2x2,956,1935,06/17/2023,False
Audere Apartments,"Phoenix-Mesa-Scottsdale, AZ",2066,2x2,956,1935,06/18/2023,False
Audere Apartments,"Phoenix-Mesa-Scottsdale, AZ",2066,2x2,956,1935,06/19/2023,False
Audere Apartments,"Phoenix-Mesa-Scottsdale, AZ",2066,2x2,956,1935,06/20/2023,False
Audere Apartments,"Phoenix-Mesa-Scottsdale, AZ",2066,2x2,956,1935,06/21/2023,False
Audere Apartments,"Phoenix-Mesa-Scottsdale, AZ",2066,2x2,956,1920,06/22/2023,False
Audere Apartments,"Phoenix-Mesa-Scottsdale, AZ",2066,2x2,956,1920,06/23/2023,False
Audere Apartments,"Phoenix-Mesa-Scottsdale, AZ",2066,2x2,956,1920,06/24/2023,False
Audere Apartments,"Phoenix-Mesa-Scottsdale, AZ",2066,2x2,956,1925,06/25/2023,False
Audere Apartments,"Phoenix-Mesa-Scottsdale, AZ",2066,2x2,956,1920,06/26/2023,False
Audere Apartments,"Phoenix-Mesa-Scottsdale, AZ",2066,2x2,956,1930,06/27/2023,False
Audere Apartments,"Phoenix-Mesa-Scottsdale, AZ",2066,2x2,956,1920,06/28/2023,False
Audere Apartments,"Phoenix-Mesa-Scottsdale, AZ",2066,2x2,956,1980,06/29/2023,False
Audere Apartments,"Phoenix-Mesa-Scottsdale, AZ",2066,2x2,956,1955,06/30/2023,False
Audere Apartments,"Phoenix-Mesa-Scottsdale, AZ",2066,2x2,956,1955,07/01/2023,False
Audere Apartments,"Phoenix-Mesa-Scottsdale, AZ",2066,2x2,956,1955,07/02/2023,False
Audere Apartments,"Phoenix-Mesa-Scottsdale, AZ",2066,2x2,956,1955,07/03/2023,False
Audere Apartments,"Phoenix-Mesa-Scottsdale, AZ",2066,2x2,956,1965,07/04/2023,False
Audere Apartments,"Phoenix-Mesa-Scottsdale, AZ",2066,2x2,956,1985,07/05/2023,False
Audere Apartments,"Phoenix-Mesa-Scottsdale, AZ",2066,2x2,956,1995,07/06/2023,False
Audere Apartments,"Phoenix-Mesa-Scottsdale, AZ",2066,2x2,956,1950,07/07/2023,False
Audere Apartments,"Phoenix-Mesa-Scottsdale, AZ",2066,2x2,956,1925,07/08/2023,False
Audere Apartments,"Phoenix-Mesa-Scottsdale, AZ",2066,2x2,956,1925,07/09/2023,False
Audere Apartments,"Phoenix-Mesa-Scottsdale, AZ",2066,2x2,956,1925,07/10/2023,False
Audere Apartments,"Phoenix-Mesa-Scottsdale, AZ",2066,2x2,956,1930,07/11/2023,False
Audere Apartments,"Phoenix-Mesa-Scottsdale, AZ",2066,2x2,956,2015,07/12/2023,False
Audere Apartments,"Phoenix-Mesa-Scottsdale, AZ",2066,2x2,956,1935,07/13/2023,False
Audere Apartments,"Phoenix-Mesa-Scottsdale, AZ",2066,2x2,956,1935,07/14/2023,False
Audere Apartments,"Phoenix-Mesa-Scottsdale, AZ",2066,2x2,956,1900,07/15/2023,False
Audere Apartments,"Phoenix-Mesa-Scottsdale, AZ",2066,2x2,956,1900,07/16/2023,False
Audere Apartments,"Phoenix-Mesa-Scottsdale, AZ",2066,2x2,956,1900,07/17/2023,False
Audere Apartments,"Phoenix-Mesa-Scottsdale, AZ",2066,2x2,956,1900,07/18/2023,False
Audere Apartments,"Phoenix-Mesa-Scottsdale, AZ",2066,2x2,956,1855,07/19/2023,False
Audere Apartments,"Phoenix-Mesa-Scottsdale, AZ",2066,2x2,956,1855,07/20/2023,False
Audere Apartments,"Phoenix-Mesa-Scottsdale, AZ",2066,2x2,956,1855,07/21/2023,False
Audere Apartments,"Phoenix-Mesa-Scottsdale, AZ",2066,2x2,956,1855,07/22/2023,False
Audere Apartments,"Phoenix-Mesa-Scottsdale, AZ",2066,2x2,956,1855,07/23/2023,False
Audere Apartments,"Phoenix-Mesa-Scottsdale, AZ",2066,2x2,956,1855,07/24/2023,False
Audere Apartments,"Phoenix-Mesa-Scottsdale, AZ",2066,2x2,956,1855,07/25/2023,False
Audere Apartments,"Phoenix-Mesa-Scottsdale, AZ",2066,2x2,956,1855,07/26/2023,False
Audere Apartments,"Phoenix-Mesa-Scottsdale, AZ",2066,2x2,956,1855,07/27/2023,False
Audere Apartments,"Phoenix-Mesa-Scottsdale, AZ",2066,2x2,956,1855,07/28/2023,False
Audere Apartments,"Phoenix-Mesa-Scottsdale, AZ",2066,2x2,956,1895,07/29/2023,False
Audere Apartments,"Phoenix-Mesa-Scottsdale, AZ",2066,2x2,956,1895,07/30/2023,False
Audere Apartments,"Phoenix-Mesa-Scottsdale, AZ",2066,2x2,956,1895,07/31/2023,False
Audere Apartments,"Phoenix-Mesa-Scottsdale, AZ",2066,2x2,956,1895,08/01/2023,False
Audere Apartments,"Phoenix-Mesa-Scottsdale, AZ",2066,2x2,956,1840,08/02/2023,False
Audere Apartments,"Phoenix-Mesa-Scottsdale, AZ",2066,2x2,956,1860,08/03/2023,False
Audere Apartments,"Phoenix-Mesa-Scottsdale, AZ",2066,2x2,956,1860,08/04/2023,False
Audere Apartments,"Phoenix-Mesa-Scottsdale, AZ",2066,2x2,956,1860,08/05/2023,False
Audere Apartments,"Phoenix-Mesa-Scottsdale, AZ",2066,2x2,956,1860,08/06/2023,False
Audere Apartments,"Phoenix-Mesa-Scottsdale, AZ",2066,2x2,956,1860,08/07/2023,False
Audere Apartments,"Phoenix-Mesa-Scottsdale, AZ",2066,2x2,956,1860,08/08/2023,False
Audere Apartments,"Phoenix-Mesa-Scottsdale, AZ",2066,2x2,956,1860,08/09/2023,False
Audere Apartments,"Phoenix-Mesa-Scottsdale, AZ",2066,2x2,956,1855,08/10/2023,False
Audere Apartments,"Phoenix-Mesa-Scottsdale, AZ",2066,2x2,956,1845,08/11/2023,False
Audere Apartments,"Phoenix-Mesa-Scottsdale, AZ",2066,2x2,956,1845,08/12/2023,False
Audere Apartments,"Phoenix-Mesa-Scottsdale, AZ",2066,2x2,956,1825,08/13/2023,False
Audere Apartments,"Phoenix-Mesa-Scottsdale, AZ",2066,2x2,956,1825,08/14/2023,False
Audere Apartments,"Phoenix-Mesa-Scottsdale, AZ",2066,2x2,956,1825,08/15/2023,False
Audere Apartments,"Phoenix-Mesa-Scottsdale, AZ",2066,2x2,956,1845,08/16/2023,False
Audere Apartments,"Phoenix-Mesa-Scottsdale, AZ",2066,2x2,956,1840,08/17/2023,False
Audere Apartments,"Phoenix-Mesa-Scottsdale, AZ",2066,2x2,956,1820,08/18/2023,False
Audere Apartments,"Phoenix-Mesa-Scottsdale, AZ",2066,2x2,956,1820,08/19/2023,False
Audere Apartments,"Phoenix-Mesa-Scottsdale, AZ",2066,2x2,956,1820,08/20/2023,False
Audere Apartments,"Phoenix-Mesa-Scottsdale, AZ",2066,2x2,956,1820,08/21/2023,False
Audere Apartments,"Phoenix-Mesa-Scottsdale, AZ",2066,2x2,956,1840,08/22/2023,False
Audere Apartments,"Phoenix-Mesa-Scottsdale, AZ",2066,2x2,956,1840,08/23/2023,False
Audere Apartments,"Phoenix-Mesa-Scottsdale, AZ",2066,2x2,956,1820,08/24/2023,False
Audere Apartments,"Phoenix-Mesa-Scottsdale, AZ",2066,2x2,956,1820,08/25/2023,False
Audere Apartments,"Phoenix-Mesa-Scottsdale, AZ",2066,2x2,956,1840,08/26/2023,False
Audere Apartments,"Phoenix-Mesa-Scottsdale, AZ",2066,2x2,956,1840,08/27/2023,False
Audere Apartments,"Phoenix-Mesa-Scottsdale, AZ",2066,2x2,956,1840,08/28/2023,False
Audere Apartments,"Phoenix-Mesa-Scottsdale, AZ",2066,2x2,956,1840,08/29/2023,False
Audere Apartments,"Phoenix-Mesa-Scottsdale, AZ",2066,2x2,956,1840,08/30/2023,False
Audere Apartments,"Phoenix-Mesa-Scottsdale, AZ",2066,2x2,956,1840,08/31/2023,False
Audere Apartments,"Phoenix-Mesa-Scottsdale, AZ",2066,2x2,956,1840,09/01/2023,False
Audere Apartments,"Phoenix-Mesa-Scottsdale, AZ",2066,2x2,956,1820,09/02/2023,False
Audere Apartments,"Phoenix-Mesa-Scottsdale, AZ",2066,2x2,956,1820,09/03/2023,False
Audere Apartments,"Phoenix-Mesa-Scottsdale, AZ",2066,2x2,956,1820,09/04/2023,False
Audere Apartments,"Phoenix-Mesa-Scottsdale, AZ",2066,2x2,956,1830,09/05/2023,False
Audere Apartments,"Phoenix-Mesa-Scottsdale, AZ",2066,2x2,956,1830,09/06/2023,False
Audere Apartments,"Phoenix-Mesa-Scottsdale, AZ",2066,2x2,956,1770,09/07/2023,False
Audere Apartments,"Phoenix-Mesa-Scottsdale, AZ",2066,2x2,956,1770,09/08/2023,False
Audere Apartments,"Phoenix-Mesa-Scottsdale, AZ",2066,2x2,956,1770,09/09/2023,False
Audere Apartments,"Phoenix-Mesa-Scottsdale, AZ",2066,2x2,956,1770,09/10/2023,False
Audere Apartments,"Phoenix-Mesa-Scottsdale, AZ",2066,2x2,956,1770,09/11/2023,False
Audere Apartments,"Phoenix-Mesa-Scottsdale, AZ",2066,2x2,956,1800,09/12/2023,False
Audere Apartments,"Phoenix-Mesa-Scottsdale, AZ",2066,2x2,956,1835,09/13/2023,False
Audere Apartments,"Phoenix-Mesa-Scottsdale, AZ",2066,2x2,956,1795,09/14/2023,False
Audere Apartments,"Phoenix-Mesa-Scottsdale, AZ",2066,2x2,956,1800,09/15/2023,False
Audere Apartments,"Phoenix-Mesa-Scottsdale, AZ",2066,2x2,956,1800,09/16/2023,False
Audere Apartments,"Phoenix-Mesa-Scottsdale, AZ",2066,2x2,956,1780,09/17/2023,False
Audere Apartments,"Phoenix-Mesa-Scottsdale, AZ",2066,2x2,956,1780,09/18/2023,False
Audere Apartments,"Phoenix-Mesa-Scottsdale, AZ",2066,2x2,956,1795,09/19/2023,False
Audere Apartments,"Phoenix-Mesa-Scottsdale, AZ",2066,2x2,956,1785,09/20/2023,False
Audere Apartments,"Phoenix-Mesa-Scottsdale, AZ",2066,2x2,956,1820,09/21/2023,False
Audere Apartments,"Phoenix-Mesa-Scottsdale, AZ",2066,2x2,956,1815,09/22/2023,False
Audere Apartments,"Phoenix-Mesa-Scottsdale, AZ",2066,2x2,956,1815,09/23/2023,False
Audere Apartments,"Phoenix-Mesa-Scottsdale, AZ",2066,2x2,956,1825,09/24/2023,False
Audere Apartments,"Phoenix-Mesa-Scottsdale, AZ",2066,2x2,956,1825,09/25/2023,False
Audere Apartments,"Phoenix-Mesa-Scottsdale, AZ",2066,2x2,956,1830,09/26/2023,False
Audere Apartments,"Phoenix-Mesa-Scottsdale, AZ",2066,2x2,956,1825,09/27/2023,False
Audere Apartments,"Phoenix-Mesa-Scottsdale, AZ",2066,2x2,956,1825,09/28/2023,False
Audere Apartments,"Phoenix-Mesa-Scottsdale, AZ",2066,2x2,956,1810,09/29/2023,False
Audere Apartments,"Phoenix-Mesa-Scottsdale, AZ",2066,2x2,956,1810,09/30/2023,False
Audere Apartments,"Phoenix-Mesa-Scottsdale, AZ",2066,2x2,956,1810,10/01/2023,False
Audere Apartments,"Phoenix-Mesa-Scottsdale, AZ",2066,2x2,956,1810,10/02/2023,False
Audere Apartments,"Phoenix-Mesa-Scottsdale, AZ",2066,2x2,956,1840,10/03/2023,False
Audere Apartments,"Phoenix-Mesa-Scottsdale, AZ",2066,2x2,956,1840,10/04/2023,False
Audere Apartments,"Phoenix-Mesa-Scottsdale, AZ",2066,2x2,956,1750,10/05/2023,False
Audere Apartments,"Phoenix-Mesa-Scottsdale, AZ",2066,2x2,956,1735,10/06/2023,False
Audere Apartments,"Phoenix-Mesa-Scottsdale, AZ",2066,2x2,956,1735,10/07/2023,False
Audere Apartments,"Phoenix-Mesa-Scottsdale, AZ",2066,2x2,956,1735,10/08/2023,False
Audere Apartments,"Phoenix-Mesa-Scottsdale, AZ",2066,2x2,956,1735,10/09/2023,True
Audere Apartments,"Phoenix-Mesa-Scottsdale, AZ",2067,2x2,956,1872,05/14/2024,False
Audere Apartments,"Phoenix-Mesa-Scottsdale, AZ",2067,2x2,956,1872,05/15/2024,True
Audere Apartments,"Phoenix-Mesa-Scottsdale, AZ",2070,2x2,956,2032,08/14/2024,False
Audere Apartments,"Phoenix-Mesa-Scottsdale, AZ",2070,2x2,956,2035,08/15/2024,False
Audere Apartments,"Phoenix-Mesa-Scottsdale, AZ",2070,2x2,956,1966,08/16/2024,False
Audere Apartments,"Phoenix-Mesa-Scottsdale, AZ",2070,2x2,956,1966,08/17/2024,False
Audere Apartments,"Phoenix-Mesa-Scottsdale, AZ",2070,2x2,956,1966,08/18/2024,False
Audere Apartments,"Phoenix-Mesa-Scottsdale, AZ",2070,2x2,956,2002,08/19/2024,False
Audere Apartments,"Phoenix-Mesa-Scottsdale, AZ",2070,2x2,956,2040,08/20/2024,False
Audere Apartments,"Phoenix-Mesa-Scottsdale, AZ",2070,2x2,956,2072,08/21/2024,False
Audere Apartments,"Phoenix-Mesa-Scottsdale, AZ",2070,2x2,956,2104,08/22/2024,False
Audere Apartments,"Phoenix-Mesa-Scottsdale, AZ",2070,2x2,956,2098,08/23/2024,False
Audere Apartments,"Phoenix-Mesa-Scottsdale, AZ",2070,2x2,956,2101,08/24/2024,False
Audere Apartments,"Phoenix-Mesa-Scottsdale, AZ",2070,2x2,956,2101,08/25/2024,False
Audere Apartments,"Phoenix-Mesa-Scottsdale, AZ",2070,2x2,956,2062,08/26/2024,False
Audere Apartments,"Phoenix-Mesa-Scottsdale, AZ",2070,2x2,956,2023,08/27/2024,False
Audere Apartments,"Phoenix-Mesa-Scottsdale, AZ",2070,2x2,956,1985,08/28/2024,False
Audere Apartments,"Phoenix-Mesa-Scottsdale, AZ",2070,2x2,956,2022,08/29/2024,False
Audere Apartments,"Phoenix-Mesa-Scottsdale, AZ",2070,2x2,956,1984,08/30/2024,False
Audere Apartments,"Phoenix-Mesa-Scottsdale, AZ",2070,2x2,956,1984,08/31/2024,False
Audere Apartments,"Phoenix-Mesa-Scottsdale, AZ",2070,2x2,956,1984,09/01/2024,False
Audere Apartments,"Phoenix-Mesa-Scottsdale, AZ",2070,2x2,956,2021,09/02/2024,False
Audere Apartments,"Phoenix-Mesa-Scottsdale, AZ",2070,2x2,956,2059,09/03/2024,False
Audere Apartments,"Phoenix-Mesa-Scottsdale, AZ",2070,2x2,956,2078,09/04/2024,False
Audere Apartments,"Phoenix-Mesa-Scottsdale, AZ",2070,2x2,956,2039,09/05/2024,False
Audere Apartments,"Phoenix-Mesa-Scottsdale, AZ",2070,2x2,956,2001,09/06/2024,False
Audere Apartments,"Phoenix-Mesa-Scottsdale, AZ",2070,2x2,956,2001,09/07/2024,False
Audere Apartments,"Phoenix-Mesa-Scottsdale, AZ",2070,2x2,956,2001,09/08/2024,False
Audere Apartments,"Phoenix-Mesa-Scottsdale, AZ",2070,2x2,956,1964,09/09/2024,False
Audere Apartments,"Phoenix-Mesa-Scottsdale, AZ",2070,2x2,956,1927,09/10/2024,False
Audere Apartments,"Phoenix-Mesa-Scottsdale, AZ",2070,2x2,956,1927,09/11/2024,False
Audere Apartments,"Phoenix-Mesa-Scottsdale, AZ",2070,2x2,956,1891,09/12/2024,False
Audere Apartments,"Phoenix-Mesa-Scottsdale, AZ",2070,2x2,956,1891,09/13/2024,False
Audere Apartments,"Phoenix-Mesa-Scottsdale, AZ",2070,2x2,956,1891,09/14/2024,False
Audere Apartments,"Phoenix-Mesa-Scottsdale, AZ",2070,2x2,956,1891,09/15/2024,False
Audere Apartments,"Phoenix-Mesa-Scottsdale, AZ",2070,2x2,956,1856,09/16/2024,False
Audere Apartments,"Phoenix-Mesa-Scottsdale, AZ",2070,2x2,956,1856,09/17/2024,False
Audere Apartments,"Phoenix-Mesa-Scottsdale, AZ",2070,2x2,956,1821,09/18/2024,False
Audere Apartments,"Phoenix-Mesa-Scottsdale, AZ",2070,2x2,956,1803,09/19/2024,False
Audere Apartments,"Phoenix-Mesa-Scottsdale, AZ",2070,2x2,956,1803,09/20/2024,False
Audere Apartments,"Phoenix-Mesa-Scottsdale, AZ",2070,2x2,956,1803,09/21/2024,False
Audere Apartments,"Phoenix-Mesa-Scottsdale, AZ",2070,2x2,956,1803,09/22/2024,False
Audere Apartments,"Phoenix-Mesa-Scottsdale, AZ",2070,2x2,956,1803,09/23/2024,False
Audere Apartments,"Phoenix-Mesa-Scottsdale, AZ",2070,2x2,956,1805,09/24/2024,False
Audere Apartments,"Phoenix-Mesa-Scottsdale, AZ",2070,2x2,956,1822,09/25/2024,False
Audere Apartments,"Phoenix-Mesa-Scottsdale, AZ",2070,2x2,956,1855,09/26/2024,False
Audere Apartments,"Phoenix-Mesa-Scottsdale, AZ",2070,2x2,956,1855,09/27/2024,False
Audere Apartments,"Phoenix-Mesa-Scottsdale, AZ",2070,2x2,956,1855,09/28/2024,False
Audere Apartments,"Phoenix-Mesa-Scottsdale, AZ",2070,2x2,956,1855,09/29/2024,False
Audere Apartments,"Phoenix-Mesa-Scottsdale, AZ",2070,2x2,956,1855,09/30/2024,False
Audere Apartments,"Phoenix-Mesa-Scottsdale, AZ",2070,2x2,956,1805,10/01/2024,False
Audere Apartments,"Phoenix-Mesa-Scottsdale, AZ",2070,2x2,956,1741,10/02/2024,False
Audere Apartments,"Phoenix-Mesa-Scottsdale, AZ",2070,2x2,956,1751,10/03/2024,False
Audere Apartments,"Phoenix-Mesa-Scottsdale, AZ",2070,2x2,956,1751,10/04/2024,False
Audere Apartments,"Phoenix-Mesa-Scottsdale, AZ",2070,2x2,956,1751,10/05/2024,False
Audere Apartments,"Phoenix-Mesa-Scottsdale, AZ",2070,2x2,956,1755,10/06/2024,False
Audere Apartments,"Phoenix-Mesa-Scottsdale, AZ",2070,2x2,956,1772,10/07/2024,False
Audere Apartments,"Phoenix-Mesa-Scottsdale, AZ",2070,2x2,956,1788,10/08/2024,False
Audere Apartments,"Phoenix-Mesa-Scottsdale, AZ",2070,2x2,956,1850,10/09/2024,False
Audere Apartments,"Phoenix-Mesa-Scottsdale, AZ",2070,2x2,956,1854,10/10/2024,False
Audere Apartments,"Phoenix-Mesa-Scottsdale, AZ",2070,2x2,956,1870,10/11/2024,False
Audere Apartments,"Phoenix-Mesa-Scottsdale, AZ",2070,2x2,956,1870,10/12/2024,False
Audere Apartments,"Phoenix-Mesa-Scottsdale, AZ",2070,2x2,956,1870,10/13/2024,False
Audere Apartments,"Phoenix-Mesa-Scottsdale, AZ",2070,2x2,956,1888,10/14/2024,False
Audere Apartments,"Phoenix-Mesa-Scottsdale, AZ",2070,2x2,956,1905,10/15/2024,False
Audere Apartments,"Phoenix-Mesa-Scottsdale, AZ",2070,2x2,956,1923,10/16/2024,False
Audere Apartments,"Phoenix-Mesa-Scottsdale, AZ",2070,2x2,956,1941,10/17/2024,False
Audere Apartments,"Phoenix-Mesa-Scottsdale, AZ",2070,2x2,956,1958,10/18/2024,False
Audere Apartments,"Phoenix-Mesa-Scottsdale, AZ",2070,2x2,956,1958,10/19/2024,False
Audere Apartments,"Phoenix-Mesa-Scottsdale, AZ",2070,2x2,956,1958,10/20/2024,False
Audere Apartments,"Phoenix-Mesa-Scottsdale, AZ",2070,2x2,956,1977,10/21/2024,False
Audere Apartments,"Phoenix-Mesa-Scottsdale, AZ",2070,2x2,956,1996,10/22/2024,False
Audere Apartments,"Phoenix-Mesa-Scottsdale, AZ",2070,2x2,956,2014,10/23/2024,False
Audere Apartments,"Phoenix-Mesa-Scottsdale, AZ",2070,2x2,956,2033,10/24/2024,False
Audere Apartments,"Phoenix-Mesa-Scottsdale, AZ",2070,2x2,956,2051,10/25/2024,False
Audere Apartments,"Phoenix-Mesa-Scottsdale, AZ",2070,2x2,956,2051,10/26/2024,False
Audere Apartments,"Phoenix-Mesa-Scottsdale, AZ",2070,2x2,956,2024,10/27/2024,False
Audere Apartments,"Phoenix-Mesa-Scottsdale, AZ",2070,2x2,956,2042,10/28/2024,False
Audere Apartments,"Phoenix-Mesa-Scottsdale, AZ",2070,2x2,956,2062,10/29/2024,False
Audere Apartments,"Phoenix-Mesa-Scottsdale, AZ",2070,2x2,956,2081,10/30/2024,False
Audere Apartments,"Phoenix-Mesa-Scottsdale, AZ",2070,2x2,956,2147,10/31/2024,False
Audere Apartments,"Phoenix-Mesa-Scottsdale, AZ",2070,2x2,956,2147,11/01/2024,False
Audere Apartments,"Phoenix-Mesa-Scottsdale, AZ",2070,2x2,956,2159,11/02/2024,False
Audere Apartments,"Phoenix-Mesa-Scottsdale, AZ",2070,2x2,956,2159,11/03/2024,False
Audere Apartments,"Phoenix-Mesa-Scottsdale, AZ",2070,2x2,956,2179,11/04/2024,False
Audere Apartments,"Phoenix-Mesa-Scottsdale, AZ",2070,2x2,956,2233,11/05/2024,False
Audere Apartments,"Phoenix-Mesa-Scottsdale, AZ",2070,2x2,956,2213,11/06/2024,False
Audere Apartments,"Phoenix-Mesa-Scottsdale, AZ",2070,2x2,956,2228,11/07/2024,False
Audere Apartments,"Phoenix-Mesa-Scottsdale, AZ",2070,2x2,956,2228,11/08/2024,False
Audere Apartments,"Phoenix-Mesa-Scottsdale, AZ",2070,2x2,956,2228,11/09/2024,False
Audere Apartments,"Phoenix-Mesa-Scottsdale, AZ",2070,2x2,956,2228,11/10/2024,False
Audere Apartments,"Phoenix-Mesa-Scottsdale, AZ",2070,2x2,956,2207,11/11/2024,False
Audere Apartments,"Phoenix-Mesa-Scottsdale, AZ",2070,2x2,956,2207,11/12/2024,False
Audere Apartments,"Phoenix-Mesa-Scottsdale, AZ",2070,2x2,956,2186,11/13/2024,False
Audere Apartments,"Phoenix-Mesa-Scottsdale, AZ",2070,2x2,956,2120,11/14/2024,False
Audere Apartments,"Phoenix-Mesa-Scottsdale, AZ",2070,2x2,956,2076,11/15/2024,False
Audere Apartments,"Phoenix-Mesa-Scottsdale, AZ",2070,2x2,956,2076,11/16/2024,False
Audere Apartments,"Phoenix-Mesa-Scottsdale, AZ",2070,2x2,956,2076,11/17/2024,False
Audere Apartments,"Phoenix-Mesa-Scottsdale, AZ",2070,2x2,956,2056,11/18/2024,False
Audere Apartments,"Phoenix-Mesa-Scottsdale, AZ",2070,2x2,956,2037,11/19/2024,False
Audere Apartments,"Phoenix-Mesa-Scottsdale, AZ",2070,2x2,956,2017,11/20/2024,False
Audere Apartments,"Phoenix-Mesa-Scottsdale, AZ",2070,2x2,956,1998,11/21/2024,False
Audere Apartments,"Phoenix-Mesa-Scottsdale, AZ",2070,2x2,956,1979,11/22/2024,False
Audere Apartments,"Phoenix-Mesa-Scottsdale, AZ",2070,2x2,956,1979,11/23/2024,False
Audere Apartments,"Phoenix-Mesa-Scottsdale, AZ",2070,2x2,956,1979,11/24/2024,False
Audere Apartments,"Phoenix-Mesa-Scottsdale, AZ",2070,2x2,956,1998,11/25/2024,False
Audere Apartments,"Phoenix-Mesa-Scottsdale, AZ",2070,2x2,956,2016,11/26/2024,False
Audere Apartments,"Phoenix-Mesa-Scottsdale, AZ",2070,2x2,956,2016,11/27/2024,False
Audere Apartments,"Phoenix-Mesa-Scottsdale, AZ",2070,2x2,956,2016,11/28/2024,False
Audere Apartments,"Phoenix-Mesa-Scottsdale, AZ",2070,2x2,956,2016,11/29/2024,False
Audere Apartments,"Phoenix-Mesa-Scottsdale, AZ",2070,2x2,956,2060,11/30/2024,False
Audere Apartments,"Phoenix-Mesa-Scottsdale, AZ",2070,2x2,956,2060,12/01/2024,False
Audere Apartments,"Phoenix-Mesa-Scottsdale, AZ",2070,2x2,956,2050,12/02/2024,False
Audere Apartments,"Phoenix-Mesa-Scottsdale, AZ",2070,2x2,956,2070,12/03/2024,False
Audere Apartments,"Phoenix-Mesa-Scottsdale, AZ",2070,2x2,956,2090,12/04/2024,False
Audere Apartments,"Phoenix-Mesa-Scottsdale, AZ",2070,2x2,956,2110,12/05/2024,False
Audere Apartments,"Phoenix-Mesa-Scottsdale, AZ",2070,2x2,956,2130,12/06/2024,False
Audere Apartments,"Phoenix-Mesa-Scottsdale, AZ",2070,2x2,956,2110,12/07/2024,False
Audere Apartments,"Phoenix-Mesa-Scottsdale, AZ",2070,2x2,956,2110,12/08/2024,False
Audere Apartments,"Phoenix-Mesa-Scottsdale, AZ",2070,2x2,956,2130,12/09/2024,False
Audere Apartments,"Phoenix-Mesa-Scottsdale, AZ",2070,2x2,956,2150,12/10/2024,False
Audere Apartments,"Phoenix-Mesa-Scottsdale, AZ",2070,2x2,956,2171,12/11/2024,False
Audere Apartments,"Phoenix-Mesa-Scottsdale, AZ",2070,2x2,956,2192,12/12/2024,False
Audere Apartments,"Phoenix-Mesa-Scottsdale, AZ",2070,2x2,956,2234,12/13/2024,False
Audere Apartments,"Phoenix-Mesa-Scottsdale, AZ",2070,2x2,956,2234,12/14/2024,False
Audere Apartments,"Phoenix-Mesa-Scottsdale, AZ",2070,2x2,956,2234,12/15/2024,False
Audere Apartments,"Phoenix-Mesa-Scottsdale, AZ",2070,2x2,956,2191,12/16/2024,False
Audere Apartments,"Phoenix-Mesa-Scottsdale, AZ",2070,2x2,956,2149,12/17/2024,False
Audere Apartments,"Phoenix-Mesa-Scottsdale, AZ",2070,2x2,956,2108,12/18/2024,False
Audere Apartments,"Phoenix-Mesa-Scottsdale, AZ",2070,2x2,956,2084,12/19/2024,False
Audere Apartments,"Phoenix-Mesa-Scottsdale, AZ",2070,2x2,956,2084,12/20/2024,False
Audere Apartments,"Phoenix-Mesa-Scottsdale, AZ",2070,2x2,956,2084,12/21/2024,False
Audere Apartments,"Phoenix-Mesa-Scottsdale, AZ",2070,2x2,956,2084,12/22/2024,False
Audere Apartments,"Phoenix-Mesa-Scottsdale, AZ",2070,2x2,956,2124,12/23/2024,False
Audere Apartments,"Phoenix-Mesa-Scottsdale, AZ",2070,2x2,956,2098,12/24/2024,False
Audere Apartments,"Phoenix-Mesa-Scottsdale, AZ",2070,2x2,956,2058,12/25/2024,False
Audere Apartments,"Phoenix-Mesa-Scottsdale, AZ",2070,2x2,956,2019,12/26/2024,False
Audere Apartments,"Phoenix-Mesa-Scottsdale, AZ",2070,2x2,956,2058,12/27/2024,False
Audere Apartments,"Phoenix-Mesa-Scottsdale, AZ",2070,2x2,956,2058,12/28/2024,False
Audere Apartments,"Phoenix-Mesa-Scottsdale, AZ",2070,2x2,956,2058,12/29/2024,False
Audere Apartments,"Phoenix-Mesa-Scottsdale, AZ",2070,2x2,956,2019,12/30/2024,False
Audere Apartments,"Phoenix-Mesa-Scottsdale, AZ",2070,2x2,956,1980,12/31/2024,False
Audere Apartments,"Phoenix-Mesa-Scottsdale, AZ",2070,2x2,956,2018,01/01/2025,False
Audere Apartments,"Phoenix-Mesa-Scottsdale, AZ",2070,2x2,956,1986,01/02/2025,False
Audere Apartments,"Phoenix-Mesa-Scottsdale, AZ",2070,2x2,956,1948,01/03/2025,False
Audere Apartments,"Phoenix-Mesa-Scottsdale, AZ",2070,2x2,956,1950,01/04/2025,False
Audere Apartments,"Phoenix-Mesa-Scottsdale, AZ",2070,2x2,956,1950,01/05/2025,False
Audere Apartments,"Phoenix-Mesa-Scottsdale, AZ",2070,2x2,956,1913,01/06/2025,False
Audere Apartments,"Phoenix-Mesa-Scottsdale, AZ",2070,2x2,956,1877,01/07/2025,False
Audere Apartments,"Phoenix-Mesa-Scottsdale, AZ",2070,2x2,956,1842,01/08/2025,False
Audere Apartments,"Phoenix-Mesa-Scottsdale, AZ",2070,2x2,956,1842,01/09/2025,True
Audere Apartments,"Phoenix-Mesa-Scottsdale, AZ",2071,2x2,956,1825,01/28/2024,False
Audere Apartments,"Phoenix-Mesa-Scottsdale, AZ",2071,2x2,956,1825,01/29/2024,False
Audere Apartments,"Phoenix-Mesa-Scottsdale, AZ",2071,2x2,956,1825,01/30/2024,False
Audere Apartments,"Phoenix-Mesa-Scottsdale, AZ",2071,2x2,956,1825,01/31/2024,False
Audere Apartments,"Phoenix-Mesa-Scottsdale, AZ",2071,2x2,956,1805,02/01/2024,False
Audere Apartments,"Phoenix-Mesa-Scottsdale, AZ",2071,2x2,956,1785,02/02/2024,False
Audere Apartments,"Phoenix-Mesa-Scottsdale, AZ",2071,2x2,956,1785,02/03/2024,False
Audere Apartments,"Phoenix-Mesa-Scottsdale, AZ",2071,2x2,956,1780,02/04/2024,False
Audere Apartments,"Phoenix-Mesa-Scottsdale, AZ",2071,2x2,956,1800,02/05/2024,False
Audere Apartments,"Phoenix-Mesa-Scottsdale, AZ",2071,2x2,956,1800,02/06/2024,False
Audere Apartments,"Phoenix-Mesa-Scottsdale, AZ",2071,2x2,956,1800,02/07/2024,False
Audere Apartments,"Phoenix-Mesa-Scottsdale, AZ",2071,2x2,956,1800,02/08/2024,False
Audere Apartments,"Phoenix-Mesa-Scottsdale, AZ",2071,2x2,956,1830,02/09/2024,False
Audere Apartments,"Phoenix-Mesa-Scottsdale, AZ",2071,2x2,956,1830,02/10/2024,False
Audere Apartments,"Phoenix-Mesa-Scottsdale, AZ",2071,2x2,956,1830,02/11/2024,False
Audere Apartments,"Phoenix-Mesa-Scottsdale, AZ",2071,2x2,956,1830,02/12/2024,False
Audere Apartments,"Phoenix-Mesa-Scottsdale, AZ",2071,2x2,956,1830,02/13/2024,False
Audere Apartments,"Phoenix-Mesa-Scottsdale, AZ",2071,2x2,956,2204,02/14/2024,False
Audere Apartments,"Phoenix-Mesa-Scottsdale, AZ",2071,2x2,956,2204,02/15/2024,False
Audere Apartments,"Phoenix-Mesa-Scottsdale, AZ",2071,2x2,956,2204,02/16/2024,False
Audere Apartments,"Phoenix-Mesa-Scottsdale, AZ",2071,2x2,956,2172,02/17/2024,False
Audere Apartments,"Phoenix-Mesa-Scottsdale, AZ",2071,2x2,956,2172,02/18/2024,False
Audere Apartments,"Phoenix-Mesa-Scottsdale, AZ",2071,2x2,956,2229,02/19/2024,False
Audere Apartments,"Phoenix-Mesa-Scottsdale, AZ",2071,2x2,956,2229,02/20/2024,False
Audere Apartments,"Phoenix-Mesa-Scottsdale, AZ",2071,2x2,956,2229,02/21/2024,False
Audere Apartments,"Phoenix-Mesa-Scottsdale, AZ",2071,2x2,956,2242,02/22/2024,False
Audere Apartments,"Phoenix-Mesa-Scottsdale, AZ",2071,2x2,956,2242,02/23/2024,False
Audere Apartments,"Phoenix-Mesa-Scottsdale, AZ",2071,2x2,956,2242,02/24/2024,False
Audere Apartments,"Phoenix-Mesa-Scottsdale, AZ",2071,2x2,956,2242,02/25/2024,False
Audere Apartments,"Phoenix-Mesa-Scottsdale, AZ",2071,2x2,956,2209,02/26/2024,False
Audere Apartments,"Phoenix-Mesa-Scottsdale, AZ",2071,2x2,956,2242,02/27/2024,False
Audere Apartments,"Phoenix-Mesa-Scottsdale, AZ",2071,2x2,956,2242,02/28/2024,False
Audere Apartments,"Phoenix-Mesa-Scottsdale, AZ",2071,2x2,956,2043,02/29/2024,False
Audere Apartments,"Phoenix-Mesa-Scottsdale, AZ",2071,2x2,956,1982,03/01/2024,False
Audere Apartments,"Phoenix-Mesa-Scottsdale, AZ",2071,2x2,956,2039,03/02/2024,False
Audere Apartments,"Phoenix-Mesa-Scottsdale, AZ",2071,2x2,956,2039,03/03/2024,False
Audere Apartments,"Phoenix-Mesa-Scottsdale, AZ",2071,2x2,956,2039,03/04/2024,False
Audere Apartments,"Phoenix-Mesa-Scottsdale, AZ",2071,2x2,956,1974,03/05/2024,False
Audere Apartments,"Phoenix-Mesa-Scottsdale, AZ",2071,2x2,956,1889,03/06/2024,False
Audere Apartments,"Phoenix-Mesa-Scottsdale, AZ",2071,2x2,956,1889,03/07/2024,False
Audere Apartments,"Phoenix-Mesa-Scottsdale, AZ",2071,2x2,956,1858,03/08/2024,False
Audere Apartments,"Phoenix-Mesa-Scottsdale, AZ",2071,2x2,956,1939,03/09/2024,False
Audere Apartments,"Phoenix-Mesa-Scottsdale, AZ",2071,2x2,956,1939,03/10/2024,False
Audere Apartments,"Phoenix-Mesa-Scottsdale, AZ",2071,2x2,956,1939,03/11/2024,False
Audere Apartments,"Phoenix-Mesa-Scottsdale, AZ",2071,2x2,956,1939,03/12/2024,False
Audere Apartments,"Phoenix-Mesa-Scottsdale, AZ",2071,2x2,956,1939,03/13/2024,False
Audere Apartments,"Phoenix-Mesa-Scottsdale, AZ",2071,2x2,956,2031,03/14/2024,False
Audere Apartments,"Phoenix-Mesa-Scottsdale, AZ",2071,2x2,956,2128,03/15/2024,False
Audere Apartments,"Phoenix-Mesa-Scottsdale, AZ",2071,2x2,956,2128,03/16/2024,False
Audere Apartments,"Phoenix-Mesa-Scottsdale, AZ",2071,2x2,956,2128,03/17/2024,True
Audere Apartments,"Phoenix-Mesa-Scottsdale, AZ",2071,2x2,956,1987,01/30/2025,False
Audere Apartments,"Phoenix-Mesa-Scottsdale, AZ",2071,2x2,956,1968,01/31/2025,False
Audere Apartments,"Phoenix-Mesa-Scottsdale, AZ",2071,2x2,956,1968,02/01/2025,False
Audere Apartments,"Phoenix-Mesa-Scottsdale, AZ",2071,2x2,956,1968,02/02/2025,False
Audere Apartments,"Phoenix-Mesa-Scottsdale, AZ",2071,2x2,956,1950,02/03/2025,False
Audere Apartments,"Phoenix-Mesa-Scottsdale, AZ",2071,2x2,956,1950,02/04/2025,False
Audere Apartments,"Phoenix-Mesa-Scottsdale, AZ",2071,2x2,956,1950,02/05/2025,False
Audere Apartments,"Phoenix-Mesa-Scottsdale, AZ",2071,2x2,956,1950,02/06/2025,False
Audere Apartments,"Phoenix-Mesa-Scottsdale, AZ",2071,2x2,956,1932,02/07/2025,False
Audere Apartments,"Phoenix-Mesa-Scottsdale, AZ",2071,2x2,956,1932,02/08/2025,False
Audere Apartments,"Phoenix-Mesa-Scottsdale, AZ",2071,2x2,956,1932,02/09/2025,False
Audere Apartments,"Phoenix-Mesa-Scottsdale, AZ",2071,2x2,956,1914,02/10/2025,False
Audere Apartments,"Phoenix-Mesa-Scottsdale, AZ",2071,2x2,956,1896,02/11/2025,False
Audere Apartments,"Phoenix-Mesa-Scottsdale, AZ",2071,2x2,956,1878,02/12/2025,False
Audere Apartments,"Phoenix-Mesa-Scottsdale, AZ",2071,2x2,956,1860,02/13/2025,False
Audere Apartments,"Phoenix-Mesa-Scottsdale, AZ",2071,2x2,956,1909,02/14/2025,False
Audere Apartments,"Phoenix-Mesa-Scottsdale, AZ",2071,2x2,956,1909,02/15/2025,False
Audere Apartments,"Phoenix-Mesa-Scottsdale, AZ",2071,2x2,956,1909,02/16/2025,False
Audere Apartments,"Phoenix-Mesa-Scottsdale, AZ",2071,2x2,956,1927,02/17/2025,False
Audere Apartments,"Phoenix-Mesa-Scottsdale, AZ",2071,2x2,956,1945,02/18/2025,False
Audere Apartments,"Phoenix-Mesa-Scottsdale, AZ",2071,2x2,956,1963,02/19/2025,False
Audere Apartments,"Phoenix-Mesa-Scottsdale, AZ",2071,2x2,956,1981,02/20/2025,False
Audere Apartments,"Phoenix-Mesa-Scottsdale, AZ",2071,2x2,956,2000,02/21/2025,False
Audere Apartments,"Phoenix-Mesa-Scottsdale, AZ",2071,2x2,956,2000,02/22/2025,False
Audere Apartments,"Phoenix-Mesa-Scottsdale, AZ",2071,2x2,956,2000,02/23/2025,False
Audere Apartments,"Phoenix-Mesa-Scottsdale, AZ",2071,2x2,956,2019,02/24/2025,False
Audere Apartments,"Phoenix-Mesa-Scottsdale, AZ",2071,2x2,956,2038,02/25/2025,False
Audere Apartments,"Phoenix-Mesa-Scottsdale, AZ",2071,2x2,956,2057,02/26/2025,False
Audere Apartments,"Phoenix-Mesa-Scottsdale, AZ",2071,2x2,956,2076,02/27/2025,False
Audere Apartments,"Phoenix-Mesa-Scottsdale, AZ",2071,2x2,956,2095,02/28/2025,False
Audere Apartments,"Phoenix-Mesa-Scottsdale, AZ",2071,2x2,956,2095,03/01/2025,False
Audere Apartments,"Phoenix-Mesa-Scottsdale, AZ",2071,2x2,956,2095,03/02/2025,False
Audere Apartments,"Phoenix-Mesa-Scottsdale, AZ",2071,2x2,956,2115,03/03/2025,False
Audere Apartments,"Phoenix-Mesa-Scottsdale, AZ",2071,2x2,956,2144,03/04/2025,False
Audere Apartments,"Phoenix-Mesa-Scottsdale, AZ",2071,2x2,956,2155,03/05/2025,False
Audere Apartments,"Phoenix-Mesa-Scottsdale, AZ",2071,2x2,956,2175,03/06/2025,False
Audere Apartments,"Phoenix-Mesa-Scottsdale, AZ",2071,2x2,956,2195,03/07/2025,False
Audere Apartments,"Phoenix-Mesa-Scottsdale, AZ",2071,2x2,956,2195,03/08/2025,False
Audere Apartments,"Phoenix-Mesa-Scottsdale, AZ",2071,2x2,956,2195,03/09/2025,False
Audere Apartments,"Phoenix-Mesa-Scottsdale, AZ",2071,2x2,956,2216,03/10/2025,False
Audere Apartments,"Phoenix-Mesa-Scottsdale, AZ",2071,2x2,956,2237,03/11/2025,False
Audere Apartments,"Phoenix-Mesa-Scottsdale, AZ",2071,2x2,956,2258,03/12/2025,False
Audere Apartments,"Phoenix-Mesa-Scottsdale, AZ",2071,2x2,956,2197,03/13/2025,False
Audere Apartments,"Phoenix-Mesa-Scottsdale, AZ",2071,2x2,956,2218,03/14/2025,False
Audere Apartments,"Phoenix-Mesa-Scottsdale, AZ",2071,2x2,956,2218,03/15/2025,False
Audere Apartments,"Phoenix-Mesa-Scottsdale, AZ",2071,2x2,956,2218,03/16/2025,False
Audere Apartments,"Phoenix-Mesa-Scottsdale, AZ",2071,2x2,956,2218,03/17/2025,False
Audere Apartments,"Phoenix-Mesa-Scottsdale, AZ",2071,2x2,956,2233,03/18/2025,False
Audere Apartments,"Phoenix-Mesa-Scottsdale, AZ",2071,2x2,956,2212,03/19/2025,False
Audere Apartments,"Phoenix-Mesa-Scottsdale, AZ",2071,2x2,956,2157,03/20/2025,False
Audere Apartments,"Phoenix-Mesa-Scottsdale, AZ",2071,2x2,956,2137,03/21/2025,False
Audere Apartments,"Phoenix-Mesa-Scottsdale, AZ",2071,2x2,956,2137,03/22/2025,False
Audere Apartments,"Phoenix-Mesa-Scottsdale, AZ",2071,2x2,956,2136,03/23/2025,False
Audere Apartments,"Phoenix-Mesa-Scottsdale, AZ",2071,2x2,956,2114,03/24/2025,False
Audere Apartments,"Phoenix-Mesa-Scottsdale, AZ",2071,2x2,956,2093,03/25/2025,False
Audere Apartments,"Phoenix-Mesa-Scottsdale, AZ",2071,2x2,956,2077,03/26/2025,False
Audere Apartments,"Phoenix-Mesa-Scottsdale, AZ",2071,2x2,956,2058,03/27/2025,False
Audere Apartments,"Phoenix-Mesa-Scottsdale, AZ",2071,2x2,956,2058,03/28/2025,True
Audere Apartments,"Phoenix-Mesa-Scottsdale, AZ",2074,2x2,956,1820,11/15/2023,False
Audere Apartments,"Phoenix-Mesa-Scottsdale, AZ",2074,2x2,956,1820,11/16/2023,False
Audere Apartments,"Phoenix-Mesa-Scottsdale, AZ",2074,2x2,956,1820,11/17/2023,False
Audere Apartments,"Phoenix-Mesa-Scottsdale, AZ",2074,2x2,956,1820,11/18/2023,False
Audere Apartments,"Phoenix-Mesa-Scottsdale, AZ",2074,2x2,956,1820,11/19/2023,False
Audere Apartments,"Phoenix-Mesa-Scottsdale, AZ",2074,2x2,956,1820,11/20/2023,False
Audere Apartments,"Phoenix-Mesa-Scottsdale, AZ",2074,2x2,956,1815,11/21/2023,False
Audere Apartments,"Phoenix-Mesa-Scottsdale, AZ",2074,2x2,956,1785,11/22/2023,False
Audere Apartments,"Phoenix-Mesa-Scottsdale, AZ",2074,2x2,956,1785,11/23/2023,False
Audere Apartments,"Phoenix-Mesa-Scottsdale, AZ",2074,2x2,956,1785,11/24/2023,False
Audere Apartments,"Phoenix-Mesa-Scottsdale, AZ",2074,2x2,956,1785,11/25/2023,False
Audere Apartments,"Phoenix-Mesa-Scottsdale, AZ",2074,2x2,956,1785,11/26/2023,False
Audere Apartments,"Phoenix-Mesa-Scottsdale, AZ",2074,2x2,956,1785,11/27/2023,False
Audere Apartments,"Phoenix-Mesa-Scottsdale, AZ",2074,2x2,956,1785,11/28/2023,False
Audere Apartments,"Phoenix-Mesa-Scottsdale, AZ",2074,2x2,956,1775,11/29/2023,False
Audere Apartments,"Phoenix-Mesa-Scottsdale, AZ",2074,2x2,956,1775,11/30/2023,False
Audere Apartments,"Phoenix-Mesa-Scottsdale, AZ",2074,2x2,956,1775,12/01/2023,False
Audere Apartments,"Phoenix-Mesa-Scottsdale, AZ",2074,2x2,956,1770,12/02/2023,False
Audere Apartments,"Phoenix-Mesa-Scottsdale, AZ",2074,2x2,956,1770,12/03/2023,False
Audere Apartments,"Phoenix-Mesa-Scottsdale, AZ",2074,2x2,956,1770,12/04/2023,False
Audere Apartments,"Phoenix-Mesa-Scottsdale, AZ",2074,2x2,956,1770,12/05/2023,False
Audere Apartments,"Phoenix-Mesa-Scottsdale, AZ",2074,2x2,956,1770,12/06/2023,False
Audere Apartments,"Phoenix-Mesa-Scottsdale, AZ",2074,2x2,956,1800,12/07/2023,False
Audere Apartments,"Phoenix-Mesa-Scottsdale, AZ",2074,2x2,956,1800,12/08/2023,False
Audere Apartments,"Phoenix-Mesa-Scottsdale, AZ",2074,2x2,956,1780,12/09/2023,False
Audere Apartments,"Phoenix-Mesa-Scottsdale, AZ",2074,2x2,956,1780,12/10/2023,False
Audere Apartments,"Phoenix-Mesa-Scottsdale, AZ",2074,2x2,956,1780,12/11/2023,False
Audere Apartments,"Phoenix-Mesa-Scottsdale, AZ",2074,2x2,956,1795,12/12/2023,False
Audere Apartments,"Phoenix-Mesa-Scottsdale, AZ",2074,2x2,956,1795,12/13/2023,False
Audere Apartments,"Phoenix-Mesa-Scottsdale, AZ",2074,2x2,956,1795,12/14/2023,False
Audere Apartments,"Phoenix-Mesa-Scottsdale, AZ",2074,2x2,956,1765,12/15/2023,False
Audere Apartments,"Phoenix-Mesa-Scottsdale, AZ",2074,2x2,956,1765,12/16/2023,False
Audere Apartments,"Phoenix-Mesa-Scottsdale, AZ",2074,2x2,956,1765,12/17/2023,False
Audere Apartments,"Phoenix-Mesa-Scottsdale, AZ",2074,2x2,956,1765,12/18/2023,False
Audere Apartments,"Phoenix-Mesa-Scottsdale, AZ",2074,2x2,956,1770,12/19/2023,False
Audere Apartments,"Phoenix-Mesa-Scottsdale, AZ",2074,2x2,956,1770,12/20/2023,False
Audere Apartments,"Phoenix-Mesa-Scottsdale, AZ",2074,2x2,956,1735,12/21/2023,False
Audere Apartments,"Phoenix-Mesa-Scottsdale, AZ",2074,2x2,956,1725,12/22/2023,False
Audere Apartments,"Phoenix-Mesa-Scottsdale, AZ",2074,2x2,956,1740,12/23/2023,False
Audere Apartments,"Phoenix-Mesa-Scottsdale, AZ",2074,2x2,956,1750,12/24/2023,False
Audere Apartments,"Phoenix-Mesa-Scottsdale, AZ",2074,2x2,956,1750,12/25/2023,False
Audere Apartments,"Phoenix-Mesa-Scottsdale, AZ",2074,2x2,956,1755,12/26/2023,False
Audere Apartments,"Phoenix-Mesa-Scottsdale, AZ",2074,2x2,956,1750,12/27/2023,False
Audere Apartments,"Phoenix-Mesa-Scottsdale, AZ",2074,2x2,956,1785,12/28/2023,False
Audere Apartments,"Phoenix-Mesa-Scottsdale, AZ",2074,2x2,956,1785,12/29/2023,False
Audere Apartments,"Phoenix-Mesa-Scottsdale, AZ",2074,2x2,956,1780,12/30/2023,False
Audere Apartments,"Phoenix-Mesa-Scottsdale, AZ",2074,2x2,956,1780,12/31/2023,False
Audere Apartments,"Phoenix-Mesa-Scottsdale, AZ",2074,2x2,956,1780,01/01/2024,False
Audere Apartments,"Phoenix-Mesa-Scottsdale, AZ",2074,2x2,956,1780,01/02/2024,False
Audere Apartments,"Phoenix-Mesa-Scottsdale, AZ",2074,2x2,956,1780,01/03/2024,False
Audere Apartments,"Phoenix-Mesa-Scottsdale, AZ",2074,2x2,956,1785,01/04/2024,False
Audere Apartments,"Phoenix-Mesa-Scottsdale, AZ",2074,2x2,956,1785,01/05/2024,False
Audere Apartments,"Phoenix-Mesa-Scottsdale, AZ",2074,2x2,956,1780,01/06/2024,False
Audere Apartments,"Phoenix-Mesa-Scottsdale, AZ",2074,2x2,956,1780,01/07/2024,False
Audere Apartments,"Phoenix-Mesa-Scottsdale, AZ",2074,2x2,956,1800,01/08/2024,False
Audere Apartments,"Phoenix-Mesa-Scottsdale, AZ",2074,2x2,956,1800,01/09/2024,False
Audere Apartments,"Phoenix-Mesa-Scottsdale, AZ",2074,2x2,956,1780,01/10/2024,False
Audere Apartments,"Phoenix-Mesa-Scottsdale, AZ",2074,2x2,956,1815,01/11/2024,False
Audere Apartments,"Phoenix-Mesa-Scottsdale, AZ",2074,2x2,956,1810,01/12/2024,False
Audere Apartments,"Phoenix-Mesa-Scottsdale, AZ",2074,2x2,956,1810,01/13/2024,False
Audere Apartments,"Phoenix-Mesa-Scottsdale, AZ",2074,2x2,956,1810,01/14/2024,False
Audere Apartments,"Phoenix-Mesa-Scottsdale, AZ",2074,2x2,956,1810,01/15/2024,False
Audere Apartments,"Phoenix-Mesa-Scottsdale, AZ",2074,2x2,956,1800,01/16/2024,False
Audere Apartments,"Phoenix-Mesa-Scottsdale, AZ",2074,2x2,956,1830,01/17/2024,False
Audere Apartments,"Phoenix-Mesa-Scottsdale, AZ",2074,2x2,956,1830,01/18/2024,False
Audere Apartments,"Phoenix-Mesa-Scottsdale, AZ",2074,2x2,956,1815,01/19/2024,False
Audere Apartments,"Phoenix-Mesa-Scottsdale, AZ",2074,2x2,956,1815,01/20/2024,False
Audere Apartments,"Phoenix-Mesa-Scottsdale, AZ",2074,2x2,956,1815,01/21/2024,False
Audere Apartments,"Phoenix-Mesa-Scottsdale, AZ",2074,2x2,956,1815,01/22/2024,False
Audere Apartments,"Phoenix-Mesa-Scottsdale, AZ",2074,2x2,956,1815,01/23/2024,False
Audere Apartments,"Phoenix-Mesa-Scottsdale, AZ",2074,2x2,956,1815,01/24/2024,False
Audere Apartments,"Phoenix-Mesa-Scottsdale, AZ",2074,2x2,956,1815,01/25/2024,False
Audere Apartments,"Phoenix-Mesa-Scottsdale, AZ",2074,2x2,956,1820,01/26/2024,False
Audere Apartments,"Phoenix-Mesa-Scottsdale, AZ",2074,2x2,956,1820,01/27/2024,False
Audere Apartments,"Phoenix-Mesa-Scottsdale, AZ",2074,2x2,956,1815,01/28/2024,False
Audere Apartments,"Phoenix-Mesa-Scottsdale, AZ",2074,2x2,956,1815,01/29/2024,False
Audere Apartments,"Phoenix-Mesa-Scottsdale, AZ",2074,2x2,956,1820,01/30/2024,False
Audere Apartments,"Phoenix-Mesa-Scottsdale, AZ",2074,2x2,956,1815,01/31/2024,False
Audere Apartments,"Phoenix-Mesa-Scottsdale, AZ",2074,2x2,956,1815,02/01/2024,True
Audere Apartments,"Phoenix-Mesa-Scottsdale, AZ",2074,2x2,956,1965,04/02/2025,False
Audere Apartments,"Phoenix-Mesa-Scottsdale, AZ",2074,2x2,956,1946,04/03/2025,False
Audere Apartments,"Phoenix-Mesa-Scottsdale, AZ",2074,2x2,956,1927,04/04/2025,False
Audere Apartments,"Phoenix-Mesa-Scottsdale, AZ",2074,2x2,956,1927,04/05/2025,False
Audere Apartments,"Phoenix-Mesa-Scottsdale, AZ",2074,2x2,956,1927,04/06/2025,False
Audere Apartments,"Phoenix-Mesa-Scottsdale, AZ",2074,2x2,956,1945,04/07/2025,False
Audere Apartments,"Phoenix-Mesa-Scottsdale, AZ",2074,2x2,956,1964,04/08/2025,False
Audere Apartments,"Phoenix-Mesa-Scottsdale, AZ",2074,2x2,956,1993,04/09/2025,False
Audere Apartments,"Phoenix-Mesa-Scottsdale, AZ",2074,2x2,956,2023,04/10/2025,False
Audere Apartments,"Phoenix-Mesa-Scottsdale, AZ",2074,2x2,956,2023,04/11/2025,False
Audere Apartments,"Phoenix-Mesa-Scottsdale, AZ",2074,2x2,956,2023,04/12/2025,False
Audere Apartments,"Phoenix-Mesa-Scottsdale, AZ",2074,2x2,956,2023,04/13/2025,False
Audere Apartments,"Phoenix-Mesa-Scottsdale, AZ",2074,2x2,956,2042,04/14/2025,False
Audere Apartments,"Phoenix-Mesa-Scottsdale, AZ",2074,2x2,956,2061,04/15/2025,False
Audere Apartments,"Phoenix-Mesa-Scottsdale, AZ",2074,2x2,956,2080,04/16/2025,False
Audere Apartments,"Phoenix-Mesa-Scottsdale, AZ",2074,2x2,956,2100,04/17/2025,False
Audere Apartments,"Phoenix-Mesa-Scottsdale, AZ",2074,2x2,956,2002,04/18/2025,False
Audere Apartments,"Phoenix-Mesa-Scottsdale, AZ",2074,2x2,956,2002,04/19/2025,False
Audere Apartments,"Phoenix-Mesa-Scottsdale, AZ",2074,2x2,956,2002,04/20/2025,False
Audere Apartments,"Phoenix-Mesa-Scottsdale, AZ",2074,2x2,956,2021,04/21/2025,False
Audere Apartments,"Phoenix-Mesa-Scottsdale, AZ",2074,2x2,956,2040,04/22/2025,False
Audere Apartments,"Phoenix-Mesa-Scottsdale, AZ",2074,2x2,956,2059,04/23/2025,False
Audere Apartments,"Phoenix-Mesa-Scottsdale, AZ",2074,2x2,956,2078,04/24/2025,False
Audere Apartments,"Phoenix-Mesa-Scottsdale, AZ",2074,2x2,956,2098,04/25/2025,False
Audere Apartments,"Phoenix-Mesa-Scottsdale, AZ",2074,2x2,956,2098,04/26/2025,False
Audere Apartments,"Phoenix-Mesa-Scottsdale, AZ",2074,2x2,956,2098,04/27/2025,True
Audere Apartments,"Phoenix-Mesa-Scottsdale, AZ",2075,2x2,956,1935,06/17/2023,False
Audere Apartments,"Phoenix-Mesa-Scottsdale, AZ",2075,2x2,956,1935,06/18/2023,False
Audere Apartments,"Phoenix-Mesa-Scottsdale, AZ",2075,2x2,956,1935,06/19/2023,False
Audere Apartments,"Phoenix-Mesa-Scottsdale, AZ",2075,2x2,956,1935,06/20/2023,False
Audere Apartments,"Phoenix-Mesa-Scottsdale, AZ",2075,2x2,956,1935,06/21/2023,False
Audere Apartments,"Phoenix-Mesa-Scottsdale, AZ",2075,2x2,956,1920,06/22/2023,False
Audere Apartments,"Phoenix-Mesa-Scottsdale, AZ",2075,2x2,956,1920,06/23/2023,False
Audere Apartments,"Phoenix-Mesa-Scottsdale, AZ",2075,2x2,956,1920,06/24/2023,False
Audere Apartments,"Phoenix-Mesa-Scottsdale, AZ",2075,2x2,956,1925,06/25/2023,False
Audere Apartments,"Phoenix-Mesa-Scottsdale, AZ",2075,2x2,956,1920,06/26/2023,False
Audere Apartments,"Phoenix-Mesa-Scottsdale, AZ",2075,2x2,956,1930,06/27/2023,False
Audere Apartments,"Phoenix-Mesa-Scottsdale, AZ",2075,2x2,956,1920,06/28/2023,False
Audere Apartments,"Phoenix-Mesa-Scottsdale, AZ",2075,2x2,956,1920,06/29/2023,True
Audere Apartments,"Phoenix-Mesa-Scottsdale, AZ",2075,2x2,956,1868,05/14/2024,False
Audere Apartments,"Phoenix-Mesa-Scottsdale, AZ",2075,2x2,956,1921,05/15/2024,False
Audere Apartments,"Phoenix-Mesa-Scottsdale, AZ",2075,2x2,956,2000,05/16/2024,False
Audere Apartments,"Phoenix-Mesa-Scottsdale, AZ",2075,2x2,956,1986,05/17/2024,False
Audere Apartments,"Phoenix-Mesa-Scottsdale, AZ",2075,2x2,956,1986,05/18/2024,False
Audere Apartments,"Phoenix-Mesa-Scottsdale, AZ",2075,2x2,956,1986,05/19/2024,False
Audere Apartments,"Phoenix-Mesa-Scottsdale, AZ",2075,2x2,956,1930,05/20/2024,False
Audere Apartments,"Phoenix-Mesa-Scottsdale, AZ",2075,2x2,956,1840,05/21/2024,False
Audere Apartments,"Phoenix-Mesa-Scottsdale, AZ",2075,2x2,956,1858,05/22/2024,False
Audere Apartments,"Phoenix-Mesa-Scottsdale, AZ",2075,2x2,956,1945,05/23/2024,False
Audere Apartments,"Phoenix-Mesa-Scottsdale, AZ",2075,2x2,956,1980,05/24/2024,False
Audere Apartments,"Phoenix-Mesa-Scottsdale, AZ",2075,2x2,956,1980,05/25/2024,True
Audere Apartments,"Phoenix-Mesa-Scottsdale, AZ",2077,2x2,956,2110,06/25/2024,False
Audere Apartments,"Phoenix-Mesa-Scottsdale, AZ",2077,2x2,956,2110,06/26/2024,True
Audere Apartments,"Phoenix-Mesa-Scottsdale, AZ",2077,2x2,956,2057,03/26/2025,False
Audere Apartments,"Phoenix-Mesa-Scottsdale, AZ",2077,2x2,956,2038,03/27/2025,False
Audere Apartments,"Phoenix-Mesa-Scottsdale, AZ",2077,2x2,956,2017,03/28/2025,False
Audere Apartments,"Phoenix-Mesa-Scottsdale, AZ",2077,2x2,956,2017,03/29/2025,False
Audere Apartments,"Phoenix-Mesa-Scottsdale, AZ",2077,2x2,956,2017,03/30/2025,False
Audere Apartments,"Phoenix-Mesa-Scottsdale, AZ",2077,2x2,956,2017,03/31/2025,False
Audere Apartments,"Phoenix-Mesa-Scottsdale, AZ",2077,2x2,956,1964,04/01/2025,False
Audere Apartments,"Phoenix-Mesa-Scottsdale, AZ",2077,2x2,956,1945,04/02/2025,False
Audere Apartments,"Phoenix-Mesa-Scottsdale, AZ",2077,2x2,956,1926,04/03/2025,False
Audere Apartments,"Phoenix-Mesa-Scottsdale, AZ",2077,2x2,956,1907,04/04/2025,False
Audere Apartments,"Phoenix-Mesa-Scottsdale, AZ",2077,2x2,956,1907,04/05/2025,False
Audere Apartments,"Phoenix-Mesa-Scottsdale, AZ",2077,2x2,956,1907,04/06/2025,False
Audere Apartments,"Phoenix-Mesa-Scottsdale, AZ",2077,2x2,956,1925,04/07/2025,False
Audere Apartments,"Phoenix-Mesa-Scottsdale, AZ",2077,2x2,956,1944,04/08/2025,False
Audere Apartments,"Phoenix-Mesa-Scottsdale, AZ",2077,2x2,956,1963,04/09/2025,False
Audere Apartments,"Phoenix-Mesa-Scottsdale, AZ",2077,2x2,956,2003,04/10/2025,False
Audere Apartments,"Phoenix-Mesa-Scottsdale, AZ",2077,2x2,956,2003,04/11/2025,False
Audere Apartments,"Phoenix-Mesa-Scottsdale, AZ",2077,2x2,956,2003,04/12/2025,False
Audere Apartments,"Phoenix-Mesa-Scottsdale, AZ",2077,2x2,956,2003,04/13/2025,False
Audere Apartments,"Phoenix-Mesa-Scottsdale, AZ",2077,2x2,956,2022,04/14/2025,False
Audere Apartments,"Phoenix-Mesa-Scottsdale, AZ",2077,2x2,956,2041,04/15/2025,False
Audere Apartments,"Phoenix-Mesa-Scottsdale, AZ",2077,2x2,956,2060,04/16/2025,False
Audere Apartments,"Phoenix-Mesa-Scottsdale, AZ",2077,2x2,956,2080,04/17/2025,False
Audere Apartments,"Phoenix-Mesa-Scottsdale, AZ",2077,2x2,956,1982,04/18/2025,False
Audere Apartments,"Phoenix-Mesa-Scottsdale, AZ",2077,2x2,956,1982,04/19/2025,False
Audere Apartments,"Phoenix-Mesa-Scottsdale, AZ",2077,2x2,956,1982,04/20/2025,False
Audere Apartments,"Phoenix-Mesa-Scottsdale, AZ",2077,2x2,956,2001,04/21/2025,False
Audere Apartments,"Phoenix-Mesa-Scottsdale, AZ",2077,2x2,956,2020,04/22/2025,False
Audere Apartments,"Phoenix-Mesa-Scottsdale, AZ",2077,2x2,956,2039,04/23/2025,False
Audere Apartments,"Phoenix-Mesa-Scottsdale, AZ",2077,2x2,956,2058,04/24/2025,False
Audere Apartments,"Phoenix-Mesa-Scottsdale, AZ",2077,2x2,956,2078,04/25/2025,False
Audere Apartments,"Phoenix-Mesa-Scottsdale, AZ",2077,2x2,956,2078,04/26/2025,False
Audere Apartments,"Phoenix-Mesa-Scottsdale, AZ",2077,2x2,956,2078,04/27/2025,True
Audere Apartments,"Phoenix-Mesa-Scottsdale, AZ",3002,3x2,1335,2359,03/04/2025,False
Audere Apartments,"Phoenix-Mesa-Scottsdale, AZ",3002,3x2,1335,2382,03/05/2025,False
Audere Apartments,"Phoenix-Mesa-Scottsdale, AZ",3002,3x2,1335,2406,03/06/2025,False
Audere Apartments,"Phoenix-Mesa-Scottsdale, AZ",3002,3x2,1335,2430,03/07/2025,False
Audere Apartments,"Phoenix-Mesa-Scottsdale, AZ",3002,3x2,1335,2430,03/08/2025,False
Audere Apartments,"Phoenix-Mesa-Scottsdale, AZ",3002,3x2,1335,2430,03/09/2025,False
Audere Apartments,"Phoenix-Mesa-Scottsdale, AZ",3002,3x2,1335,2454,03/10/2025,False
Audere Apartments,"Phoenix-Mesa-Scottsdale, AZ",3002,3x2,1335,2458,03/11/2025,False
Audere Apartments,"Phoenix-Mesa-Scottsdale, AZ",3002,3x2,1335,2482,03/12/2025,False
Audere Apartments,"Phoenix-Mesa-Scottsdale, AZ",3002,3x2,1335,2429,03/13/2025,False
Audere Apartments,"Phoenix-Mesa-Scottsdale, AZ",3002,3x2,1335,2429,03/14/2025,False
Audere Apartments,"Phoenix-Mesa-Scottsdale, AZ",3002,3x2,1335,2429,03/15/2025,False
Audere Apartments,"Phoenix-Mesa-Scottsdale, AZ",3002,3x2,1335,2429,03/16/2025,False
Audere Apartments,"Phoenix-Mesa-Scottsdale, AZ",3002,3x2,1335,2453,03/17/2025,False
Audere Apartments,"Phoenix-Mesa-Scottsdale, AZ",3002,3x2,1335,2429,03/18/2025,False
Audere Apartments,"Phoenix-Mesa-Scottsdale, AZ",3002,3x2,1335,2405,03/19/2025,False
Audere Apartments,"Phoenix-Mesa-Scottsdale, AZ",3002,3x2,1335,2381,03/20/2025,False
Audere Apartments,"Phoenix-Mesa-Scottsdale, AZ",3002,3x2,1335,2357,03/21/2025,False
Audere Apartments,"Phoenix-Mesa-Scottsdale, AZ",3002,3x2,1335,2357,03/22/2025,False
Audere Apartments,"Phoenix-Mesa-Scottsdale, AZ",3002,3x2,1335,2357,03/23/2025,False
Audere Apartments,"Phoenix-Mesa-Scottsdale, AZ",3002,3x2,1335,2334,03/24/2025,False
Audere Apartments,"Phoenix-Mesa-Scottsdale, AZ",3002,3x2,1335,2311,03/25/2025,False
Audere Apartments,"Phoenix-Mesa-Scottsdale, AZ",3002,3x2,1335,2288,03/26/2025,False
Audere Apartments,"Phoenix-Mesa-Scottsdale, AZ",3002,3x2,1335,2311,03/27/2025,False
Audere Apartments,"Phoenix-Mesa-Scottsdale, AZ",3002,3x2,1335,2311,03/28/2025,True
Audere Apartments,"Phoenix-Mesa-Scottsdale, AZ",3005,1x1,642,1465,08/13/2023,False
Audere Apartments,"Phoenix-Mesa-Scottsdale, AZ",3005,1x1,642,1465,08/14/2023,False
Audere Apartments,"Phoenix-Mesa-Scottsdale, AZ",3005,1x1,642,1470,08/15/2023,False
Audere Apartments,"Phoenix-Mesa-Scottsdale, AZ",3005,1x1,642,1460,08/16/2023,False
Audere Apartments,"Phoenix-Mesa-Scottsdale, AZ",3005,1x1,642,1470,08/17/2023,False
Audere Apartments,"Phoenix-Mesa-Scottsdale, AZ",3005,1x1,642,1470,08/18/2023,False
Audere Apartments,"Phoenix-Mesa-Scottsdale, AZ",3005,1x1,642,1460,08/19/2023,False
Audere Apartments,"Phoenix-Mesa-Scottsdale, AZ",3005,1x1,642,1465,08/20/2023,False
Audere Apartments,"Phoenix-Mesa-Scottsdale, AZ",3005,1x1,642,1465,08/21/2023,False
Audere Apartments,"Phoenix-Mesa-Scottsdale, AZ",3005,1x1,642,1475,08/22/2023,False
Audere Apartments,"Phoenix-Mesa-Scottsdale, AZ",3005,1x1,642,1475,08/23/2023,False
Audere Apartments,"Phoenix-Mesa-Scottsdale, AZ",3005,1x1,642,1430,08/24/2023,False
Audere Apartments,"Phoenix-Mesa-Scottsdale, AZ",3005,1x1,642,1430,08/25/2023,False
Audere Apartments,"Phoenix-Mesa-Scottsdale, AZ",3005,1x1,642,1450,08/26/2023,False
Audere Apartments,"Phoenix-Mesa-Scottsdale, AZ",3005,1x1,642,1445,08/27/2023,False
Audere Apartments,"Phoenix-Mesa-Scottsdale, AZ",3005,1x1,642,1445,08/28/2023,False
Audere Apartments,"Phoenix-Mesa-Scottsdale, AZ",3005,1x1,642,1460,08/29/2023,False
Audere Apartments,"Phoenix-Mesa-Scottsdale, AZ",3005,1x1,642,1470,08/30/2023,False
Audere Apartments,"Phoenix-Mesa-Scottsdale, AZ",3005,1x1,642,1440,08/31/2023,False
Audere Apartments,"Phoenix-Mesa-Scottsdale, AZ",3005,1x1,642,1430,09/01/2023,False
Audere Apartments,"Phoenix-Mesa-Scottsdale, AZ",3005,1x1,642,1425,09/02/2023,False
Audere Apartments,"Phoenix-Mesa-Scottsdale, AZ",3005,1x1,642,1420,09/03/2023,False
Audere Apartments,"Phoenix-Mesa-Scottsdale, AZ",3005,1x1,642,1430,09/04/2023,False
Audere Apartments,"Phoenix-Mesa-Scottsdale, AZ",3005,1x1,642,1435,09/05/2023,False
Audere Apartments,"Phoenix-Mesa-Scottsdale, AZ",3005,1x1,642,1435,09/06/2023,False
Audere Apartments,"Phoenix-Mesa-Scottsdale, AZ",3005,1x1,642,1430,09/07/2023,False
Audere Apartments,"Phoenix-Mesa-Scottsdale, AZ",3005,1x1,642,1385,09/08/2023,False
Audere Apartments,"Phoenix-Mesa-Scottsdale, AZ",3005,1x1,642,1385,09/09/2023,False
Audere Apartments,"Phoenix-Mesa-Scottsdale, AZ",3005,1x1,642,1385,09/10/2023,False
Audere Apartments,"Phoenix-Mesa-Scottsdale, AZ",3005,1x1,642,1385,09/11/2023,False
Audere Apartments,"Phoenix-Mesa-Scottsdale, AZ",3005,1x1,642,1390,09/12/2023,False
Audere Apartments,"Phoenix-Mesa-Scottsdale, AZ",3005,1x1,642,1390,09/13/2023,False
Audere Apartments,"Phoenix-Mesa-Scottsdale, AZ",3005,1x1,642,1435,09/14/2023,False
Audere Apartments,"Phoenix-Mesa-Scottsdale, AZ",3005,1x1,642,1435,09/15/2023,True
Audere Apartments,"Phoenix-Mesa-Scottsdale, AZ",3007,3x2,1310,2079,09/27/2024,False
Audere Apartments,"Phoenix-Mesa-Scottsdale, AZ",3007,3x2,1310,2079,09/28/2024,False
Audere Apartments,"Phoenix-Mesa-Scottsdale, AZ",3007,3x2,1310,2079,09/29/2024,False
Audere Apartments,"Phoenix-Mesa-Scottsdale, AZ",3007,3x2,1310,2079,09/30/2024,False
Audere Apartments,"Phoenix-Mesa-Scottsdale, AZ",3007,3x2,1310,2058,10/01/2024,False
Audere Apartments,"Phoenix-Mesa-Scottsdale, AZ",3007,3x2,1310,2058,10/02/2024,False
Audere Apartments,"Phoenix-Mesa-Scottsdale, AZ",3007,3x2,1310,2058,10/03/2024,False
Audere Apartments,"Phoenix-Mesa-Scottsdale, AZ",3007,3x2,1310,2058,10/04/2024,False
Audere Apartments,"Phoenix-Mesa-Scottsdale, AZ",3007,3x2,1310,2058,10/05/2024,False
Audere Apartments,"Phoenix-Mesa-Scottsdale, AZ",3007,3x2,1310,2058,10/06/2024,False
Audere Apartments,"Phoenix-Mesa-Scottsdale, AZ",3007,3x2,1310,2053,10/07/2024,False
Audere Apartments,"Phoenix-Mesa-Scottsdale, AZ",3007,3x2,1310,2053,10/08/2024,False
Audere Apartments,"Phoenix-Mesa-Scottsdale, AZ",3007,3x2,1310,2066,10/09/2024,False
Audere Apartments,"Phoenix-Mesa-Scottsdale, AZ",3007,3x2,1310,2066,10/10/2024,False
Audere Apartments,"Phoenix-Mesa-Scottsdale, AZ",3007,3x2,1310,2066,10/11/2024,False
Audere Apartments,"Phoenix-Mesa-Scottsdale, AZ",3007,3x2,1310,2066,10/12/2024,False
Audere Apartments,"Phoenix-Mesa-Scottsdale, AZ",3007,3x2,1310,2066,10/13/2024,False
Audere Apartments,"Phoenix-Mesa-Scottsdale, AZ",3007,3x2,1310,2066,10/14/2024,False
Audere Apartments,"Phoenix-Mesa-Scottsdale, AZ",3007,3x2,1310,2066,10/15/2024,False
Audere Apartments,"Phoenix-Mesa-Scottsdale, AZ",3007,3x2,1310,2066,10/16/2024,False
Audere Apartments,"Phoenix-Mesa-Scottsdale, AZ",3007,3x2,1310,2066,10/17/2024,False
Audere Apartments,"Phoenix-Mesa-Scottsdale, AZ",3007,3x2,1310,2066,10/18/2024,False
Audere Apartments,"Phoenix-Mesa-Scottsdale, AZ",3007,3x2,1310,2066,10/19/2024,False
Audere Apartments,"Phoenix-Mesa-Scottsdale, AZ",3007,3x2,1310,2066,10/20/2024,False
Audere Apartments,"Phoenix-Mesa-Scottsdale, AZ",3007,3x2,1310,2087,10/21/2024,False
Audere Apartments,"Phoenix-Mesa-Scottsdale, AZ",3007,3x2,1310,2108,10/22/2024,False
Audere Apartments,"Phoenix-Mesa-Scottsdale, AZ",3007,3x2,1310,2130,10/23/2024,False
Audere Apartments,"Phoenix-Mesa-Scottsdale, AZ",3007,3x2,1310,2152,10/24/2024,False
Audere Apartments,"Phoenix-Mesa-Scottsdale, AZ",3007,3x2,1310,2174,10/25/2024,False
Audere Apartments,"Phoenix-Mesa-Scottsdale, AZ",3007,3x2,1310,2174,10/26/2024,False
Audere Apartments,"Phoenix-Mesa-Scottsdale, AZ",3007,3x2,1310,2174,10/27/2024,False
Audere Apartments,"Phoenix-Mesa-Scottsdale, AZ",3007,3x2,1310,2196,10/28/2024,False
Audere Apartments,"Phoenix-Mesa-Scottsdale, AZ",3007,3x2,1310,2219,10/29/2024,False
Audere Apartments,"Phoenix-Mesa-Scottsdale, AZ",3007,3x2,1310,2242,10/30/2024,False
Audere Apartments,"Phoenix-Mesa-Scottsdale, AZ",3007,3x2,1310,2265,10/31/2024,False
Audere Apartments,"Phoenix-Mesa-Scottsdale, AZ",3007,3x2,1310,2381,11/01/2024,False
Audere Apartments,"Phoenix-Mesa-Scottsdale, AZ",3007,3x2,1310,2368,11/02/2024,False
Audere Apartments,"Phoenix-Mesa-Scottsdale, AZ",3007,3x2,1310,2368,11/03/2024,False
Audere Apartments,"Phoenix-Mesa-Scottsdale, AZ",3007,3x2,1310,2368,11/04/2024,False
Audere Apartments,"Phoenix-Mesa-Scottsdale, AZ",3007,3x2,1310,2390,11/05/2024,False
Audere Apartments,"Phoenix-Mesa-Scottsdale, AZ",3007,3x2,1310,2415,11/06/2024,False
Audere Apartments,"Phoenix-Mesa-Scottsdale, AZ",3007,3x2,1310,2440,11/07/2024,False
Audere Apartments,"Phoenix-Mesa-Scottsdale, AZ",3007,3x2,1310,2465,11/08/2024,False
Audere Apartments,"Phoenix-Mesa-Scottsdale, AZ",3007,3x2,1310,2465,11/09/2024,False
Audere Apartments,"Phoenix-Mesa-Scottsdale, AZ",3007,3x2,1310,2465,11/10/2024,False
Audere Apartments,"Phoenix-Mesa-Scottsdale, AZ",3007,3x2,1310,2490,11/11/2024,False
Audere Apartments,"Phoenix-Mesa-Scottsdale, AZ",3007,3x2,1310,2516,11/12/2024,False
Audere Apartments,"Phoenix-Mesa-Scottsdale, AZ",3007,3x2,1310,2542,11/13/2024,False
Audere Apartments,"Phoenix-Mesa-Scottsdale, AZ",3007,3x2,1310,2494,11/14/2024,False
Audere Apartments,"Phoenix-Mesa-Scottsdale, AZ",3007,3x2,1310,2520,11/15/2024,False
Audere Apartments,"Phoenix-Mesa-Scottsdale, AZ",3007,3x2,1310,2520,11/16/2024,False
Audere Apartments,"Phoenix-Mesa-Scottsdale, AZ",3007,3x2,1310,2520,11/17/2024,False
Audere Apartments,"Phoenix-Mesa-Scottsdale, AZ",3007,3x2,1310,2546,11/18/2024,False
Audere Apartments,"Phoenix-Mesa-Scottsdale, AZ",3007,3x2,1310,2572,11/19/2024,False
Audere Apartments,"Phoenix-Mesa-Scottsdale, AZ",3007,3x2,1310,2598,11/20/2024,False
Audere Apartments,"Phoenix-Mesa-Scottsdale, AZ",3007,3x2,1310,2625,11/21/2024,False
Audere Apartments,"Phoenix-Mesa-Scottsdale, AZ",3007,3x2,1310,2652,11/22/2024,False
Audere Apartments,"Phoenix-Mesa-Scottsdale, AZ",3007,3x2,1310,2652,11/23/2024,False
Audere Apartments,"Phoenix-Mesa-Scottsdale, AZ",3007,3x2,1310,2652,11/24/2024,False
Audere Apartments,"Phoenix-Mesa-Scottsdale, AZ",3007,3x2,1310,2679,11/25/2024,False
Audere Apartments,"Phoenix-Mesa-Scottsdale, AZ",3007,3x2,1310,2679,11/26/2024,False
Audere Apartments,"Phoenix-Mesa-Scottsdale, AZ",3007,3x2,1310,2679,11/27/2024,False
Audere Apartments,"Phoenix-Mesa-Scottsdale, AZ",3007,3x2,1310,2679,11/28/2024,False
Audere Apartments,"Phoenix-Mesa-Scottsdale, AZ",3007,3x2,1310,2679,11/29/2024,False
Audere Apartments,"Phoenix-Mesa-Scottsdale, AZ",3007,3x2,1310,2679,11/30/2024,False
Audere Apartments,"Phoenix-Mesa-Scottsdale, AZ",3007,3x2,1310,2679,12/01/2024,False
Audere Apartments,"Phoenix-Mesa-Scottsdale, AZ",3007,3x2,1310,2692,12/02/2024,False
Audere Apartments,"Phoenix-Mesa-Scottsdale, AZ",3007,3x2,1310,2664,12/03/2024,False
Audere Apartments,"Phoenix-Mesa-Scottsdale, AZ",3007,3x2,1310,2637,12/04/2024,False
Audere Apartments,"Phoenix-Mesa-Scottsdale, AZ",3007,3x2,1310,2610,12/05/2024,False
Audere Apartments,"Phoenix-Mesa-Scottsdale, AZ",3007,3x2,1310,2583,12/06/2024,False
Audere Apartments,"Phoenix-Mesa-Scottsdale, AZ",3007,3x2,1310,2476,12/07/2024,False
Audere Apartments,"Phoenix-Mesa-Scottsdale, AZ",3007,3x2,1310,2476,12/08/2024,False
Audere Apartments,"Phoenix-Mesa-Scottsdale, AZ",3007,3x2,1310,2473,12/09/2024,False
Audere Apartments,"Phoenix-Mesa-Scottsdale, AZ",3007,3x2,1310,2473,12/10/2024,False
Audere Apartments,"Phoenix-Mesa-Scottsdale, AZ",3007,3x2,1310,2435,12/11/2024,False
Audere Apartments,"Phoenix-Mesa-Scottsdale, AZ",3007,3x2,1310,2410,12/12/2024,False
Audere Apartments,"Phoenix-Mesa-Scottsdale, AZ",3007,3x2,1310,2309,12/13/2024,False
Audere Apartments,"Phoenix-Mesa-Scottsdale, AZ",3007,3x2,1310,2309,12/14/2024,False
Audere Apartments,"Phoenix-Mesa-Scottsdale, AZ",3007,3x2,1310,2309,12/15/2024,False
Audere Apartments,"Phoenix-Mesa-Scottsdale, AZ",3007,3x2,1310,2309,12/16/2024,False
Audere Apartments,"Phoenix-Mesa-Scottsdale, AZ",3007,3x2,1310,2309,12/17/2024,False
Audere Apartments,"Phoenix-Mesa-Scottsdale, AZ",3007,3x2,1310,2261,12/18/2024,False
Audere Apartments,"Phoenix-Mesa-Scottsdale, AZ",3007,3x2,1310,2214,12/19/2024,False
Audere Apartments,"Phoenix-Mesa-Scottsdale, AZ",3007,3x2,1310,2168,12/20/2024,False
Audere Apartments,"Phoenix-Mesa-Scottsdale, AZ",3007,3x2,1310,2168,12/21/2024,False
Audere Apartments,"Phoenix-Mesa-Scottsdale, AZ",3007,3x2,1310,2168,12/22/2024,False
Audere Apartments,"Phoenix-Mesa-Scottsdale, AZ",3007,3x2,1310,2142,12/23/2024,False
Audere Apartments,"Phoenix-Mesa-Scottsdale, AZ",3007,3x2,1310,2098,12/24/2024,False
Audere Apartments,"Phoenix-Mesa-Scottsdale, AZ",3007,3x2,1310,2055,12/25/2024,False
Audere Apartments,"Phoenix-Mesa-Scottsdale, AZ",3007,3x2,1310,2055,12/26/2024,False
Audere Apartments,"Phoenix-Mesa-Scottsdale, AZ",3007,3x2,1310,2055,12/27/2024,False
Audere Apartments,"Phoenix-Mesa-Scottsdale, AZ",3007,3x2,1310,2055,12/28/2024,True
Audere Apartments,"Phoenix-Mesa-Scottsdale, AZ",3008,1x1,749,1580,06/21/2024,False
Audere Apartments,"Phoenix-Mesa-Scottsdale, AZ",3008,1x1,749,1580,06/22/2024,False
Audere Apartments,"Phoenix-Mesa-Scottsdale, AZ",3008,1x1,749,1580,06/23/2024,False
Audere Apartments,"Phoenix-Mesa-Scottsdale, AZ",3008,1x1,749,1580,06/24/2024,False
Audere Apartments,"Phoenix-Mesa-Scottsdale, AZ",3008,1x1,749,1580,06/25/2024,False
Audere Apartments,"Phoenix-Mesa-Scottsdale, AZ",3008,1x1,749,1596,06/26/2024,False
Audere Apartments,"Phoenix-Mesa-Scottsdale, AZ",3008,1x1,749,1564,06/27/2024,False
Audere Apartments,"Phoenix-Mesa-Scottsdale, AZ",3008,1x1,749,1533,06/28/2024,False
Audere Apartments,"Phoenix-Mesa-Scottsdale, AZ",3008,1x1,749,1533,06/29/2024,False
Audere Apartments,"Phoenix-Mesa-Scottsdale, AZ",3008,1x1,749,1533,06/30/2024,False
Audere Apartments,"Phoenix-Mesa-Scottsdale, AZ",3008,1x1,749,1563,07/01/2024,False
Audere Apartments,"Phoenix-Mesa-Scottsdale, AZ",3008,1x1,749,1594,07/02/2024,False
Audere Apartments,"Phoenix-Mesa-Scottsdale, AZ",3008,1x1,749,1570,07/03/2024,False
Audere Apartments,"Phoenix-Mesa-Scottsdale, AZ",3008,1x1,749,1570,07/04/2024,False
Audere Apartments,"Phoenix-Mesa-Scottsdale, AZ",3008,1x1,749,1570,07/05/2024,False
Audere Apartments,"Phoenix-Mesa-Scottsdale, AZ",3008,1x1,749,1570,07/06/2024,False
Audere Apartments,"Phoenix-Mesa-Scottsdale, AZ",3008,1x1,749,1570,07/07/2024,False
Audere Apartments,"Phoenix-Mesa-Scottsdale, AZ",3008,1x1,749,1539,07/08/2024,False
Audere Apartments,"Phoenix-Mesa-Scottsdale, AZ",3008,1x1,749,1509,07/09/2024,False
Audere Apartments,"Phoenix-Mesa-Scottsdale, AZ",3008,1x1,749,1479,07/10/2024,False
Audere Apartments,"Phoenix-Mesa-Scottsdale, AZ",3008,1x1,749,1461,07/11/2024,False
Audere Apartments,"Phoenix-Mesa-Scottsdale, AZ",3008,1x1,749,1461,07/12/2024,False
Audere Apartments,"Phoenix-Mesa-Scottsdale, AZ",3008,1x1,749,1461,07/13/2024,False
Audere Apartments,"Phoenix-Mesa-Scottsdale, AZ",3008,1x1,749,1461,07/14/2024,False
Audere Apartments,"Phoenix-Mesa-Scottsdale, AZ",3008,1x1,749,1433,07/15/2024,False
Audere Apartments,"Phoenix-Mesa-Scottsdale, AZ",3008,1x1,749,1405,07/16/2024,False
Audere Apartments,"Phoenix-Mesa-Scottsdale, AZ",3008,1x1,749,1405,07/17/2024,False
Audere Apartments,"Phoenix-Mesa-Scottsdale, AZ",3008,1x1,749,1405,07/18/2024,False
Audere Apartments,"Phoenix-Mesa-Scottsdale, AZ",3008,1x1,749,1405,07/19/2024,False
Audere Apartments,"Phoenix-Mesa-Scottsdale, AZ",3008,1x1,749,1405,07/20/2024,False
Audere Apartments,"Phoenix-Mesa-Scottsdale, AZ",3008,1x1,749,1405,07/21/2024,False
Audere Apartments,"Phoenix-Mesa-Scottsdale, AZ",3008,1x1,749,1405,07/22/2024,False
Audere Apartments,"Phoenix-Mesa-Scottsdale, AZ",3008,1x1,749,1411,07/23/2024,False
Audere Apartments,"Phoenix-Mesa-Scottsdale, AZ",3008,1x1,749,1390,07/24/2024,False
Audere Apartments,"Phoenix-Mesa-Scottsdale, AZ",3008,1x1,749,1390,07/25/2024,False
Audere Apartments,"Phoenix-Mesa-Scottsdale, AZ",3008,1x1,749,1390,07/26/2024,False
Audere Apartments,"Phoenix-Mesa-Scottsdale, AZ",3008,1x1,749,1390,07/27/2024,False
Audere Apartments,"Phoenix-Mesa-Scottsdale, AZ",3008,1x1,749,1390,07/28/2024,False
Audere Apartments,"Phoenix-Mesa-Scottsdale, AZ",3008,1x1,749,1390,07/29/2024,False
Audere Apartments,"Phoenix-Mesa-Scottsdale, AZ",3008,1x1,749,1390,07/30/2024,False
Audere Apartments,"Phoenix-Mesa-Scottsdale, AZ",3008,1x1,749,1458,07/31/2024,False
Audere Apartments,"Phoenix-Mesa-Scottsdale, AZ",3008,1x1,749,1458,08/01/2024,True
Audere Apartments,"Phoenix-Mesa-Scottsdale, AZ",3009,2x2,1040,1892,12/28/2024,False
Audere Apartments,"Phoenix-Mesa-Scottsdale, AZ",3009,2x2,1040,1892,12/29/2024,False
Audere Apartments,"Phoenix-Mesa-Scottsdale, AZ",3009,2x2,1040,1852,12/30/2024,False
Audere Apartments,"Phoenix-Mesa-Scottsdale, AZ",3009,2x2,1040,1813,12/31/2024,False
Audere Apartments,"Phoenix-Mesa-Scottsdale, AZ",3009,2x2,1040,1851,01/01/2025,False
Audere Apartments,"Phoenix-Mesa-Scottsdale, AZ",3009,2x2,1040,1819,01/02/2025,False
Audere Apartments,"Phoenix-Mesa-Scottsdale, AZ",3009,2x2,1040,1781,01/03/2025,False
Audere Apartments,"Phoenix-Mesa-Scottsdale, AZ",3009,2x2,1040,1826,01/04/2025,False
Audere Apartments,"Phoenix-Mesa-Scottsdale, AZ",3009,2x2,1040,1826,01/05/2025,False
Audere Apartments,"Phoenix-Mesa-Scottsdale, AZ",3009,2x2,1040,1788,01/06/2025,False
Audere Apartments,"Phoenix-Mesa-Scottsdale, AZ",3009,2x2,1040,1751,01/07/2025,False
Audere Apartments,"Phoenix-Mesa-Scottsdale, AZ",3009,2x2,1040,1715,01/08/2025,False
Audere Apartments,"Phoenix-Mesa-Scottsdale, AZ",3009,2x2,1040,1679,01/09/2025,False
Audere Apartments,"Phoenix-Mesa-Scottsdale, AZ",3009,2x2,1040,1753,01/10/2025,False
Audere Apartments,"Phoenix-Mesa-Scottsdale, AZ",3009,2x2,1040,1753,01/11/2025,False
Audere Apartments,"Phoenix-Mesa-Scottsdale, AZ",3009,2x2,1040,1753,01/12/2025,False
Audere Apartments,"Phoenix-Mesa-Scottsdale, AZ",3009,2x2,1040,1753,01/13/2025,False
Audere Apartments,"Phoenix-Mesa-Scottsdale, AZ",3009,2x2,1040,1753,01/14/2025,False
Audere Apartments,"Phoenix-Mesa-Scottsdale, AZ",3009,2x2,1040,1844,01/15/2025,False
Audere Apartments,"Phoenix-Mesa-Scottsdale, AZ",3009,2x2,1040,1844,01/16/2025,False
Audere Apartments,"Phoenix-Mesa-Scottsdale, AZ",3009,2x2,1040,1844,01/17/2025,False
Audere Apartments,"Phoenix-Mesa-Scottsdale, AZ",3009,2x2,1040,1844,01/18/2025,False
Audere Apartments,"Phoenix-Mesa-Scottsdale, AZ",3009,2x2,1040,1844,01/19/2025,False
Audere Apartments,"Phoenix-Mesa-Scottsdale, AZ",3009,2x2,1040,1863,01/20/2025,False
Audere Apartments,"Phoenix-Mesa-Scottsdale, AZ",3009,2x2,1040,1882,01/21/2025,False
Audere Apartments,"Phoenix-Mesa-Scottsdale, AZ",3009,2x2,1040,1882,01/22/2025,False
Audere Apartments,"Phoenix-Mesa-Scottsdale, AZ",3009,2x2,1040,1862,01/23/2025,False
Audere Apartments,"Phoenix-Mesa-Scottsdale, AZ",3009,2x2,1040,1843,01/24/2025,False
Audere Apartments,"Phoenix-Mesa-Scottsdale, AZ",3009,2x2,1040,1843,01/25/2025,False
Audere Apartments,"Phoenix-Mesa-Scottsdale, AZ",3009,2x2,1040,1843,01/26/2025,False
Audere Apartments,"Phoenix-Mesa-Scottsdale, AZ",3009,2x2,1040,1843,01/27/2025,False
Audere Apartments,"Phoenix-Mesa-Scottsdale, AZ",3009,2x2,1040,1850,01/28/2025,False
Audere Apartments,"Phoenix-Mesa-Scottsdale, AZ",3009,2x2,1040,1831,01/29/2025,False
Audere Apartments,"Phoenix-Mesa-Scottsdale, AZ",3009,2x2,1040,1812,01/30/2025,False
Audere Apartments,"Phoenix-Mesa-Scottsdale, AZ",3009,2x2,1040,1793,01/31/2025,False
Audere Apartments,"Phoenix-Mesa-Scottsdale, AZ",3009,2x2,1040,1793,02/01/2025,False
Audere Apartments,"Phoenix-Mesa-Scottsdale, AZ",3009,2x2,1040,1793,02/02/2025,False
Audere Apartments,"Phoenix-Mesa-Scottsdale, AZ",3009,2x2,1040,1775,02/03/2025,False
Audere Apartments,"Phoenix-Mesa-Scottsdale, AZ",3009,2x2,1040,1775,02/04/2025,False
Audere Apartments,"Phoenix-Mesa-Scottsdale, AZ",3009,2x2,1040,1775,02/05/2025,False
Audere Apartments,"Phoenix-Mesa-Scottsdale, AZ",3009,2x2,1040,1775,02/06/2025,False
Audere Apartments,"Phoenix-Mesa-Scottsdale, AZ",3009,2x2,1040,1757,02/07/2025,False
Audere Apartments,"Phoenix-Mesa-Scottsdale, AZ",3009,2x2,1040,1757,02/08/2025,False
Audere Apartments,"Phoenix-Mesa-Scottsdale, AZ",3009,2x2,1040,1757,02/09/2025,False
Audere Apartments,"Phoenix-Mesa-Scottsdale, AZ",3009,2x2,1040,1739,02/10/2025,False
Audere Apartments,"Phoenix-Mesa-Scottsdale, AZ",3009,2x2,1040,1721,02/11/2025,False
Audere Apartments,"Phoenix-Mesa-Scottsdale, AZ",3009,2x2,1040,1703,02/12/2025,False
Audere Apartments,"Phoenix-Mesa-Scottsdale, AZ",3009,2x2,1040,1685,02/13/2025,False
Audere Apartments,"Phoenix-Mesa-Scottsdale, AZ",3009,2x2,1040,1734,02/14/2025,False
Audere Apartments,"Phoenix-Mesa-Scottsdale, AZ",3009,2x2,1040,1734,02/15/2025,False
Audere Apartments,"Phoenix-Mesa-Scottsdale, AZ",3009,2x2,1040,1734,02/16/2025,False
Audere Apartments,"Phoenix-Mesa-Scottsdale, AZ",3009,2x2,1040,1734,02/17/2025,False
Audere Apartments,"Phoenix-Mesa-Scottsdale, AZ",3009,2x2,1040,1770,02/18/2025,False
Audere Apartments,"Phoenix-Mesa-Scottsdale, AZ",3009,2x2,1040,1788,02/19/2025,False
Audere Apartments,"Phoenix-Mesa-Scottsdale, AZ",3009,2x2,1040,1806,02/20/2025,False
Audere Apartments,"Phoenix-Mesa-Scottsdale, AZ",3009,2x2,1040,1825,02/21/2025,False
Audere Apartments,"Phoenix-Mesa-Scottsdale, AZ",3009,2x2,1040,1825,02/22/2025,False
Audere Apartments,"Phoenix-Mesa-Scottsdale, AZ",3009,2x2,1040,1825,02/23/2025,False
Audere Apartments,"Phoenix-Mesa-Scottsdale, AZ",3009,2x2,1040,1844,02/24/2025,False
Audere Apartments,"Phoenix-Mesa-Scottsdale, AZ",3009,2x2,1040,1863,02/25/2025,False
Audere Apartments,"Phoenix-Mesa-Scottsdale, AZ",3009,2x2,1040,1863,02/26/2025,True
Audere Apartments,"Phoenix-Mesa-Scottsdale, AZ",3010,2x2,1040,1830,05/16/2024,False
Audere Apartments,"Phoenix-Mesa-Scottsdale, AZ",3010,2x2,1040,1816,05/17/2024,False
Audere Apartments,"Phoenix-Mesa-Scottsdale, AZ",3010,2x2,1040,1816,05/18/2024,False
Audere Apartments,"Phoenix-Mesa-Scottsdale, AZ",3010,2x2,1040,1816,05/19/2024,False
Audere Apartments,"Phoenix-Mesa-Scottsdale, AZ",3010,2x2,1040,1760,05/20/2024,False
Audere Apartments,"Phoenix-Mesa-Scottsdale, AZ",3010,2x2,1040,1670,05/21/2024,False
Audere Apartments,"Phoenix-Mesa-Scottsdale, AZ",3010,2x2,1040,1670,05/22/2024,True
Audere Apartments,"Phoenix-Mesa-Scottsdale, AZ",3011,1x1,642,1624,12/20/2024,False
Audere Apartments,"Phoenix-Mesa-Scottsdale, AZ",3011,1x1,642,1624,12/21/2024,False
Audere Apartments,"Phoenix-Mesa-Scottsdale, AZ",3011,1x1,642,1624,12/22/2024,False
Audere Apartments,"Phoenix-Mesa-Scottsdale, AZ",3011,1x1,642,1624,12/23/2024,False
Audere Apartments,"Phoenix-Mesa-Scottsdale, AZ",3011,1x1,642,1657,12/24/2024,False
Audere Apartments,"Phoenix-Mesa-Scottsdale, AZ",3011,1x1,642,1685,12/25/2024,False
Audere Apartments,"Phoenix-Mesa-Scottsdale, AZ",3011,1x1,642,1685,12/26/2024,False
Audere Apartments,"Phoenix-Mesa-Scottsdale, AZ",3011,1x1,642,1685,12/27/2024,False
Audere Apartments,"Phoenix-Mesa-Scottsdale, AZ",3011,1x1,642,1685,12/28/2024,False
Audere Apartments,"Phoenix-Mesa-Scottsdale, AZ",3011,1x1,642,1685,12/29/2024,False
Audere Apartments,"Phoenix-Mesa-Scottsdale, AZ",3011,1x1,642,1685,12/30/2024,False
Audere Apartments,"Phoenix-Mesa-Scottsdale, AZ",3011,1x1,642,1685,12/31/2024,False
Audere Apartments,"Phoenix-Mesa-Scottsdale, AZ",3011,1x1,642,1685,01/01/2025,False
Audere Apartments,"Phoenix-Mesa-Scottsdale, AZ",3011,1x1,642,1720,01/02/2025,False
Audere Apartments,"Phoenix-Mesa-Scottsdale, AZ",3011,1x1,642,1685,01/03/2025,False
Audere Apartments,"Phoenix-Mesa-Scottsdale, AZ",3011,1x1,642,1649,01/04/2025,False
Audere Apartments,"Phoenix-Mesa-Scottsdale, AZ",3011,1x1,642,1649,01/05/2025,False
Audere Apartments,"Phoenix-Mesa-Scottsdale, AZ",3011,1x1,642,1649,01/06/2025,False
Audere Apartments,"Phoenix-Mesa-Scottsdale, AZ",3011,1x1,642,1649,01/07/2025,False
Audere Apartments,"Phoenix-Mesa-Scottsdale, AZ",3011,1x1,642,1649,01/08/2025,False
Audere Apartments,"Phoenix-Mesa-Scottsdale, AZ",3011,1x1,642,1649,01/09/2025,False
Audere Apartments,"Phoenix-Mesa-Scottsdale, AZ",3011,1x1,642,1649,01/10/2025,False
Audere Apartments,"Phoenix-Mesa-Scottsdale, AZ",3011,1x1,642,1649,01/11/2025,False
Audere Apartments,"Phoenix-Mesa-Scottsdale, AZ",3011,1x1,642,1649,01/12/2025,False
Audere Apartments,"Phoenix-Mesa-Scottsdale, AZ",3011,1x1,642,1649,01/13/2025,False
Audere Apartments,"Phoenix-Mesa-Scottsdale, AZ",3011,1x1,642,1649,01/14/2025,False
Audere Apartments,"Phoenix-Mesa-Scottsdale, AZ",3011,1x1,642,1609,01/15/2025,False
Audere Apartments,"Phoenix-Mesa-Scottsdale, AZ",3011,1x1,642,1609,01/16/2025,False
Audere Apartments,"Phoenix-Mesa-Scottsdale, AZ",3011,1x1,642,1609,01/17/2025,False
Audere Apartments,"Phoenix-Mesa-Scottsdale, AZ",3011,1x1,642,1609,01/18/2025,False
Audere Apartments,"Phoenix-Mesa-Scottsdale, AZ",3011,1x1,642,1609,01/19/2025,False
Audere Apartments,"Phoenix-Mesa-Scottsdale, AZ",3011,1x1,642,1625,01/20/2025,False
Audere Apartments,"Phoenix-Mesa-Scottsdale, AZ",3011,1x1,642,1642,01/21/2025,False
Audere Apartments,"Phoenix-Mesa-Scottsdale, AZ",3011,1x1,642,1659,01/22/2025,False
Audere Apartments,"Phoenix-Mesa-Scottsdale, AZ",3011,1x1,642,1676,01/23/2025,False
Audere Apartments,"Phoenix-Mesa-Scottsdale, AZ",3011,1x1,642,1693,01/24/2025,False
Audere Apartments,"Phoenix-Mesa-Scottsdale, AZ",3011,1x1,642,1693,01/25/2025,False
Audere Apartments,"Phoenix-Mesa-Scottsdale, AZ",3011,1x1,642,1693,01/26/2025,False
Audere Apartments,"Phoenix-Mesa-Scottsdale, AZ",3011,1x1,642,1710,01/27/2025,False
Audere Apartments,"Phoenix-Mesa-Scottsdale, AZ",3011,1x1,642,1731,01/28/2025,False
Audere Apartments,"Phoenix-Mesa-Scottsdale, AZ",3011,1x1,642,1731,01/29/2025,False
Audere Apartments,"Phoenix-Mesa-Scottsdale, AZ",3011,1x1,642,1731,01/30/2025,False
Audere Apartments,"Phoenix-Mesa-Scottsdale, AZ",3011,1x1,642,1749,01/31/2025,False
Audere Apartments,"Phoenix-Mesa-Scottsdale, AZ",3011,1x1,642,1749,02/01/2025,False
Audere Apartments,"Phoenix-Mesa-Scottsdale, AZ",3011,1x1,642,1749,02/02/2025,False
Audere Apartments,"Phoenix-Mesa-Scottsdale, AZ",3011,1x1,642,1767,02/03/2025,False
Audere Apartments,"Phoenix-Mesa-Scottsdale, AZ",3011,1x1,642,1779,02/04/2025,False
Audere Apartments,"Phoenix-Mesa-Scottsdale, AZ",3011,1x1,642,1779,02/05/2025,False
Audere Apartments,"Phoenix-Mesa-Scottsdale, AZ",3011,1x1,642,1779,02/06/2025,False
Audere Apartments,"Phoenix-Mesa-Scottsdale, AZ",3011,1x1,642,1779,02/07/2025,False
Audere Apartments,"Phoenix-Mesa-Scottsdale, AZ",3011,1x1,642,1779,02/08/2025,False
Audere Apartments,"Phoenix-Mesa-Scottsdale, AZ",3011,1x1,642,1779,02/09/2025,False
Audere Apartments,"Phoenix-Mesa-Scottsdale, AZ",3011,1x1,642,1779,02/10/2025,False
Audere Apartments,"Phoenix-Mesa-Scottsdale, AZ",3011,1x1,642,1779,02/11/2025,False
Audere Apartments,"Phoenix-Mesa-Scottsdale, AZ",3011,1x1,642,1789,02/12/2025,False
Audere Apartments,"Phoenix-Mesa-Scottsdale, AZ",3011,1x1,642,1798,02/13/2025,False
Audere Apartments,"Phoenix-Mesa-Scottsdale, AZ",3011,1x1,642,1729,02/14/2025,False
Audere Apartments,"Phoenix-Mesa-Scottsdale, AZ",3011,1x1,642,1729,02/15/2025,False
Audere Apartments,"Phoenix-Mesa-Scottsdale, AZ",3011,1x1,642,1729,02/16/2025,False
Audere Apartments,"Phoenix-Mesa-Scottsdale, AZ",3011,1x1,642,1729,02/17/2025,False
Audere Apartments,"Phoenix-Mesa-Scottsdale, AZ",3011,1x1,642,1729,02/18/2025,False
Audere Apartments,"Phoenix-Mesa-Scottsdale, AZ",3011,1x1,642,1729,02/19/2025,False
Audere Apartments,"Phoenix-Mesa-Scottsdale, AZ",3011,1x1,642,1729,02/20/2025,False
Audere Apartments,"Phoenix-Mesa-Scottsdale, AZ",3011,1x1,642,1729,02/21/2025,False
Audere Apartments,"Phoenix-Mesa-Scottsdale, AZ",3011,1x1,642,1729,02/22/2025,False
Audere Apartments,"Phoenix-Mesa-Scottsdale, AZ",3011,1x1,642,1729,02/23/2025,False
Audere Apartments,"Phoenix-Mesa-Scottsdale, AZ",3011,1x1,642,1729,02/24/2025,False
Audere Apartments,"Phoenix-Mesa-Scottsdale, AZ",3011,1x1,642,1729,02/25/2025,False
Audere Apartments,"Phoenix-Mesa-Scottsdale, AZ",3011,1x1,642,1729,02/26/2025,False
Audere Apartments,"Phoenix-Mesa-Scottsdale, AZ",3011,1x1,642,1729,02/27/2025,False
Audere Apartments,"Phoenix-Mesa-Scottsdale, AZ",3011,1x1,642,1729,02/28/2025,False
Audere Apartments,"Phoenix-Mesa-Scottsdale, AZ",3011,1x1,642,1729,03/01/2025,False
Audere Apartments,"Phoenix-Mesa-Scottsdale, AZ",3011,1x1,642,1729,03/02/2025,False
Audere Apartments,"Phoenix-Mesa-Scottsdale, AZ",3011,1x1,642,1746,03/03/2025,False
Audere Apartments,"Phoenix-Mesa-Scottsdale, AZ",3011,1x1,642,1764,03/04/2025,False
Audere Apartments,"Phoenix-Mesa-Scottsdale, AZ",3011,1x1,642,1782,03/05/2025,False
Audere Apartments,"Phoenix-Mesa-Scottsdale, AZ",3011,1x1,642,1800,03/06/2025,False
Audere Apartments,"Phoenix-Mesa-Scottsdale, AZ",3011,1x1,642,1818,03/07/2025,False
Audere Apartments,"Phoenix-Mesa-Scottsdale, AZ",3011,1x1,642,1818,03/08/2025,False
Audere Apartments,"Phoenix-Mesa-Scottsdale, AZ",3011,1x1,642,1818,03/09/2025,False
Audere Apartments,"Phoenix-Mesa-Scottsdale, AZ",3011,1x1,642,1836,03/10/2025,False
Audere Apartments,"Phoenix-Mesa-Scottsdale, AZ",3011,1x1,642,1855,03/11/2025,False
Audere Apartments,"Phoenix-Mesa-Scottsdale, AZ",3011,1x1,642,1874,03/12/2025,False
Audere Apartments,"Phoenix-Mesa-Scottsdale, AZ",3011,1x1,642,1759,03/13/2025,False
Audere Apartments,"Phoenix-Mesa-Scottsdale, AZ",3011,1x1,642,1777,03/14/2025,False
Audere Apartments,"Phoenix-Mesa-Scottsdale, AZ",3011,1x1,642,1777,03/15/2025,False
Audere Apartments,"Phoenix-Mesa-Scottsdale, AZ",3011,1x1,642,1777,03/16/2025,False
Audere Apartments,"Phoenix-Mesa-Scottsdale, AZ",3011,1x1,642,1795,03/17/2025,False
Audere Apartments,"Phoenix-Mesa-Scottsdale, AZ",3011,1x1,642,1813,03/18/2025,False
Audere Apartments,"Phoenix-Mesa-Scottsdale, AZ",3011,1x1,642,1831,03/19/2025,False
Audere Apartments,"Phoenix-Mesa-Scottsdale, AZ",3011,1x1,642,1746,03/20/2025,False
Audere Apartments,"Phoenix-Mesa-Scottsdale, AZ",3011,1x1,642,1764,03/21/2025,False
Audere Apartments,"Phoenix-Mesa-Scottsdale, AZ",3011,1x1,642,1764,03/22/2025,False
Audere Apartments,"Phoenix-Mesa-Scottsdale, AZ",3011,1x1,642,1764,03/23/2025,False
Audere Apartments,"Phoenix-Mesa-Scottsdale, AZ",3011,1x1,642,1782,03/24/2025,False
Audere Apartments,"Phoenix-Mesa-Scottsdale, AZ",3011,1x1,642,1789,03/25/2025,False
Audere Apartments,"Phoenix-Mesa-Scottsdale, AZ",3011,1x1,642,1807,03/26/2025,False
Audere Apartments,"Phoenix-Mesa-Scottsdale, AZ",3011,1x1,642,1825,03/27/2025,False
Audere Apartments,"Phoenix-Mesa-Scottsdale, AZ",3011,1x1,642,1693,03/28/2025,False
Audere Apartments,"Phoenix-Mesa-Scottsdale, AZ",3011,1x1,642,1693,03/29/2025,False
Audere Apartments,"Phoenix-Mesa-Scottsdale, AZ",3011,1x1,642,1693,03/30/2025,False
Audere Apartments,"Phoenix-Mesa-Scottsdale, AZ",3011,1x1,642,1710,03/31/2025,False
Audere Apartments,"Phoenix-Mesa-Scottsdale, AZ",3011,1x1,642,1718,04/01/2025,False
Audere Apartments,"Phoenix-Mesa-Scottsdale, AZ",3011,1x1,642,1725,04/02/2025,False
Audere Apartments,"Phoenix-Mesa-Scottsdale, AZ",3011,1x1,642,1707,04/03/2025,False
Audere Apartments,"Phoenix-Mesa-Scottsdale, AZ",3011,1x1,642,1690,04/04/2025,False
Audere Apartments,"Phoenix-Mesa-Scottsdale, AZ",3011,1x1,642,1690,04/05/2025,False
Audere Apartments,"Phoenix-Mesa-Scottsdale, AZ",3011,1x1,642,1690,04/06/2025,False
Audere Apartments,"Phoenix-Mesa-Scottsdale, AZ",3011,1x1,642,1673,04/07/2025,False
Audere Apartments,"Phoenix-Mesa-Scottsdale, AZ",3011,1x1,642,1656,04/08/2025,False
Audere Apartments,"Phoenix-Mesa-Scottsdale, AZ",3011,1x1,642,1630,04/09/2025,False
Audere Apartments,"Phoenix-Mesa-Scottsdale, AZ",3011,1x1,642,1631,04/10/2025,False
Audere Apartments,"Phoenix-Mesa-Scottsdale, AZ",3011,1x1,642,1575,04/11/2025,False
Audere Apartments,"Phoenix-Mesa-Scottsdale, AZ",3011,1x1,642,1575,04/12/2025,False
Audere Apartments,"Phoenix-Mesa-Scottsdale, AZ",3011,1x1,642,1575,04/13/2025,False
Audere Apartments,"Phoenix-Mesa-Scottsdale, AZ",3011,1x1,642,1591,04/14/2025,False
Audere Apartments,"Phoenix-Mesa-Scottsdale, AZ",3011,1x1,642,1575,04/15/2025,False
Audere Apartments,"Phoenix-Mesa-Scottsdale, AZ",3011,1x1,642,1559,04/16/2025,False
Audere Apartments,"Phoenix-Mesa-Scottsdale, AZ",3011,1x1,642,1543,04/17/2025,False
Audere Apartments,"Phoenix-Mesa-Scottsdale, AZ",3011,1x1,642,1464,04/18/2025,False
Audere Apartments,"Phoenix-Mesa-Scottsdale, AZ",3011,1x1,642,1464,04/19/2025,False
Audere Apartments,"Phoenix-Mesa-Scottsdale, AZ",3011,1x1,642,1464,04/20/2025,False
Audere Apartments,"Phoenix-Mesa-Scottsdale, AZ",3011,1x1,642,1463,04/21/2025,False
Audere Apartments,"Phoenix-Mesa-Scottsdale, AZ",3011,1x1,642,1478,04/22/2025,False
Audere Apartments,"Phoenix-Mesa-Scottsdale, AZ",3011,1x1,642,1478,04/23/2025,False
Audere Apartments,"Phoenix-Mesa-Scottsdale, AZ",3011,1x1,642,1539,04/24/2025,False
Audere Apartments,"Phoenix-Mesa-Scottsdale, AZ",3011,1x1,642,1523,04/25/2025,False
Audere Apartments,"Phoenix-Mesa-Scottsdale, AZ",3011,1x1,642,1523,04/26/2025,False
Audere Apartments,"Phoenix-Mesa-Scottsdale, AZ",3011,1x1,642,1523,04/27/2025,True
Audere Apartments,"Phoenix-Mesa-Scottsdale, AZ",3015,1x1,642,1674,05/21/2024,False
Audere Apartments,"Phoenix-Mesa-Scottsdale, AZ",3015,1x1,642,1674,05/22/2024,False
Audere Apartments,"Phoenix-Mesa-Scottsdale, AZ",3015,1x1,642,1712,05/23/2024,False
Audere Apartments,"Phoenix-Mesa-Scottsdale, AZ",3015,1x1,642,1730,05/24/2024,False
Audere Apartments,"Phoenix-Mesa-Scottsdale, AZ",3015,1x1,642,1730,05/25/2024,False
Audere Apartments,"Phoenix-Mesa-Scottsdale, AZ",3015,1x1,642,1730,05/26/2024,False
Audere Apartments,"Phoenix-Mesa-Scottsdale, AZ",3015,1x1,642,1730,05/27/2024,False
Audere Apartments,"Phoenix-Mesa-Scottsdale, AZ",3015,1x1,642,1659,05/28/2024,False
Audere Apartments,"Phoenix-Mesa-Scottsdale, AZ",3015,1x1,642,1659,05/29/2024,False
Audere Apartments,"Phoenix-Mesa-Scottsdale, AZ",3015,1x1,642,1622,05/30/2024,False
Audere Apartments,"Phoenix-Mesa-Scottsdale, AZ",3015,1x1,642,1622,05/31/2024,False
Audere Apartments,"Phoenix-Mesa-Scottsdale, AZ",3015,1x1,642,1622,06/01/2024,False
Audere Apartments,"Phoenix-Mesa-Scottsdale, AZ",3015,1x1,642,1622,06/02/2024,False
Audere Apartments,"Phoenix-Mesa-Scottsdale, AZ",3015,1x1,642,1622,06/03/2024,False
Audere Apartments,"Phoenix-Mesa-Scottsdale, AZ",3015,1x1,642,1622,06/04/2024,False
Audere Apartments,"Phoenix-Mesa-Scottsdale, AZ",3015,1x1,642,1600,06/05/2024,False
Audere Apartments,"Phoenix-Mesa-Scottsdale, AZ",3015,1x1,642,1575,06/06/2024,False
Audere Apartments,"Phoenix-Mesa-Scottsdale, AZ",3015,1x1,642,1575,06/07/2024,False
Audere Apartments,"Phoenix-Mesa-Scottsdale, AZ",3015,1x1,642,1575,06/08/2024,False
Audere Apartments,"Phoenix-Mesa-Scottsdale, AZ",3015,1x1,642,1575,06/09/2024,False
Audere Apartments,"Phoenix-Mesa-Scottsdale, AZ",3015,1x1,642,1527,06/10/2024,False
Audere Apartments,"Phoenix-Mesa-Scottsdale, AZ",3015,1x1,642,1549,06/11/2024,False
Audere Apartments,"Phoenix-Mesa-Scottsdale, AZ",3015,1x1,642,1596,06/12/2024,False
Audere Apartments,"Phoenix-Mesa-Scottsdale, AZ",3015,1x1,642,1596,06/13/2024,False
Audere Apartments,"Phoenix-Mesa-Scottsdale, AZ",3015,1x1,642,1596,06/14/2024,False
Audere Apartments,"Phoenix-Mesa-Scottsdale, AZ",3015,1x1,642,1596,06/15/2024,False
Audere Apartments,"Phoenix-Mesa-Scottsdale, AZ",3015,1x1,642,1596,06/16/2024,False
Audere Apartments,"Phoenix-Mesa-Scottsdale, AZ",3015,1x1,642,1564,06/17/2024,False
Audere Apartments,"Phoenix-Mesa-Scottsdale, AZ",3015,1x1,642,1564,06/18/2024,False
Audere Apartments,"Phoenix-Mesa-Scottsdale, AZ",3015,1x1,642,1564,06/19/2024,False
Audere Apartments,"Phoenix-Mesa-Scottsdale, AZ",3015,1x1,642,1564,06/20/2024,False
Audere Apartments,"Phoenix-Mesa-Scottsdale, AZ",3015,1x1,642,1547,06/21/2024,False
Audere Apartments,"Phoenix-Mesa-Scottsdale, AZ",3015,1x1,642,1547,06/22/2024,False
Audere Apartments,"Phoenix-Mesa-Scottsdale, AZ",3015,1x1,642,1547,06/23/2024,False
Audere Apartments,"Phoenix-Mesa-Scottsdale, AZ",3015,1x1,642,1547,06/24/2024,False
Audere Apartments,"Phoenix-Mesa-Scottsdale, AZ",3015,1x1,642,1547,06/25/2024,False
Audere Apartments,"Phoenix-Mesa-Scottsdale, AZ",3015,1x1,642,1563,06/26/2024,False
Audere Apartments,"Phoenix-Mesa-Scottsdale, AZ",3015,1x1,642,1563,06/27/2024,False
Audere Apartments,"Phoenix-Mesa-Scottsdale, AZ",3015,1x1,642,1563,06/28/2024,False
Audere Apartments,"Phoenix-Mesa-Scottsdale, AZ",3015,1x1,642,1563,06/29/2024,False
Audere Apartments,"Phoenix-Mesa-Scottsdale, AZ",3015,1x1,642,1563,06/30/2024,False
Audere Apartments,"Phoenix-Mesa-Scottsdale, AZ",3015,1x1,642,1563,07/01/2024,False
Audere Apartments,"Phoenix-Mesa-Scottsdale, AZ",3015,1x1,642,1563,07/02/2024,False
Audere Apartments,"Phoenix-Mesa-Scottsdale, AZ",3015,1x1,642,1563,07/03/2024,False
Audere Apartments,"Phoenix-Mesa-Scottsdale, AZ",3015,1x1,642,1563,07/04/2024,False
Audere Apartments,"Phoenix-Mesa-Scottsdale, AZ",3015,1x1,642,1563,07/05/2024,False
Audere Apartments,"Phoenix-Mesa-Scottsdale, AZ",3015,1x1,642,1563,07/06/2024,False
Audere Apartments,"Phoenix-Mesa-Scottsdale, AZ",3015,1x1,642,1563,07/07/2024,False
Audere Apartments,"Phoenix-Mesa-Scottsdale, AZ",3015,1x1,642,1563,07/08/2024,False
Audere Apartments,"Phoenix-Mesa-Scottsdale, AZ",3015,1x1,642,1563,07/09/2024,False
Audere Apartments,"Phoenix-Mesa-Scottsdale, AZ",3015,1x1,642,1563,07/10/2024,False
Audere Apartments,"Phoenix-Mesa-Scottsdale, AZ",3015,1x1,642,1563,07/11/2024,False
Audere Apartments,"Phoenix-Mesa-Scottsdale, AZ",3015,1x1,642,1563,07/12/2024,False
Audere Apartments,"Phoenix-Mesa-Scottsdale, AZ",3015,1x1,642,1563,07/13/2024,False
Audere Apartments,"Phoenix-Mesa-Scottsdale, AZ",3015,1x1,642,1563,07/14/2024,False
Audere Apartments,"Phoenix-Mesa-Scottsdale, AZ",3015,1x1,642,1563,07/15/2024,False
Audere Apartments,"Phoenix-Mesa-Scottsdale, AZ",3015,1x1,642,1563,07/16/2024,False
Audere Apartments,"Phoenix-Mesa-Scottsdale, AZ",3015,1x1,642,1563,07/17/2024,False
Audere Apartments,"Phoenix-Mesa-Scottsdale, AZ",3015,1x1,642,1563,07/18/2024,False
Audere Apartments,"Phoenix-Mesa-Scottsdale, AZ",3015,1x1,642,1563,07/19/2024,False
Audere Apartments,"Phoenix-Mesa-Scottsdale, AZ",3015,1x1,642,1563,07/20/2024,False
Audere Apartments,"Phoenix-Mesa-Scottsdale, AZ",3015,1x1,642,1563,07/21/2024,False
Audere Apartments,"Phoenix-Mesa-Scottsdale, AZ",3015,1x1,642,1563,07/22/2024,False
Audere Apartments,"Phoenix-Mesa-Scottsdale, AZ",3015,1x1,642,1563,07/23/2024,False
Audere Apartments,"Phoenix-Mesa-Scottsdale, AZ",3015,1x1,642,1563,07/24/2024,False
Audere Apartments,"Phoenix-Mesa-Scottsdale, AZ",3015,1x1,642,1563,07/25/2024,False
Audere Apartments,"Phoenix-Mesa-Scottsdale, AZ",3015,1x1,642,1563,07/26/2024,False
Audere Apartments,"Phoenix-Mesa-Scottsdale, AZ",3015,1x1,642,1563,07/27/2024,False
Audere Apartments,"Phoenix-Mesa-Scottsdale, AZ",3015,1x1,642,1563,07/28/2024,False
Audere Apartments,"Phoenix-Mesa-Scottsdale, AZ",3015,1x1,642,1563,07/29/2024,False
Audere Apartments,"Phoenix-Mesa-Scottsdale, AZ",3015,1x1,642,1563,07/30/2024,False
Audere Apartments,"Phoenix-Mesa-Scottsdale, AZ",3015,1x1,642,1563,07/31/2024,False
Audere Apartments,"Phoenix-Mesa-Scottsdale, AZ",3015,1x1,642,1563,08/01/2024,False
Audere Apartments,"Phoenix-Mesa-Scottsdale, AZ",3015,1x1,642,1466,08/02/2024,False
Audere Apartments,"Phoenix-Mesa-Scottsdale, AZ",3015,1x1,642,1470,08/03/2024,False
Audere Apartments,"Phoenix-Mesa-Scottsdale, AZ",3015,1x1,642,1470,08/04/2024,False
Audere Apartments,"Phoenix-Mesa-Scottsdale, AZ",3015,1x1,642,1470,08/05/2024,False
Audere Apartments,"Phoenix-Mesa-Scottsdale, AZ",3015,1x1,642,1470,08/06/2024,False
Audere Apartments,"Phoenix-Mesa-Scottsdale, AZ",3015,1x1,642,1500,08/07/2024,False
Audere Apartments,"Phoenix-Mesa-Scottsdale, AZ",3015,1x1,642,1530,08/08/2024,False
Audere Apartments,"Phoenix-Mesa-Scottsdale, AZ",3015,1x1,642,1561,08/09/2024,False
Audere Apartments,"Phoenix-Mesa-Scottsdale, AZ",3015,1x1,642,1561,08/10/2024,False
Audere Apartments,"Phoenix-Mesa-Scottsdale, AZ",3015,1x1,642,1561,08/11/2024,False
Audere Apartments,"Phoenix-Mesa-Scottsdale, AZ",3015,1x1,642,1574,08/12/2024,False
Audere Apartments,"Phoenix-Mesa-Scottsdale, AZ",3015,1x1,642,1574,08/13/2024,False
Audere Apartments,"Phoenix-Mesa-Scottsdale, AZ",3015,1x1,642,1574,08/14/2024,False
Audere Apartments,"Phoenix-Mesa-Scottsdale, AZ",3015,1x1,642,1604,08/15/2024,False
Audere Apartments,"Phoenix-Mesa-Scottsdale, AZ",3015,1x1,642,1571,08/16/2024,False
Audere Apartments,"Phoenix-Mesa-Scottsdale, AZ",3015,1x1,642,1571,08/17/2024,False
Audere Apartments,"Phoenix-Mesa-Scottsdale, AZ",3015,1x1,642,1567,08/18/2024,False
Audere Apartments,"Phoenix-Mesa-Scottsdale, AZ",3015,1x1,642,1564,08/19/2024,False
Audere Apartments,"Phoenix-Mesa-Scottsdale, AZ",3015,1x1,642,1545,08/20/2024,False
Audere Apartments,"Phoenix-Mesa-Scottsdale, AZ",3015,1x1,642,1542,08/21/2024,False
Audere Apartments,"Phoenix-Mesa-Scottsdale, AZ",3015,1x1,642,1538,08/22/2024,False
Audere Apartments,"Phoenix-Mesa-Scottsdale, AZ",3015,1x1,642,1538,08/23/2024,True
Audere Apartments,"Phoenix-Mesa-Scottsdale, AZ",3017,1x1,642,1605,05/11/2024,False
Audere Apartments,"Phoenix-Mesa-Scottsdale, AZ",3017,1x1,642,1605,05/12/2024,False
Audere Apartments,"Phoenix-Mesa-Scottsdale, AZ",3017,1x1,642,1556,05/13/2024,False
Audere Apartments,"Phoenix-Mesa-Scottsdale, AZ",3017,1x1,642,1596,05/14/2024,False
Audere Apartments,"Phoenix-Mesa-Scottsdale, AZ",3017,1x1,642,1547,05/15/2024,False
Audere Apartments,"Phoenix-Mesa-Scottsdale, AZ",3017,1x1,642,1530,05/16/2024,False
Audere Apartments,"Phoenix-Mesa-Scottsdale, AZ",3017,1x1,642,1530,05/17/2024,True
Audere Apartments,"Phoenix-Mesa-Scottsdale, AZ",3018,2x2,1071,1780,04/06/2024,False
Audere Apartments,"Phoenix-Mesa-Scottsdale, AZ",3018,2x2,1071,1780,04/07/2024,False
Audere Apartments,"Phoenix-Mesa-Scottsdale, AZ",3018,2x2,1071,1727,04/08/2024,False
Audere Apartments,"Phoenix-Mesa-Scottsdale, AZ",3018,2x2,1071,1848,04/09/2024,False
Audere Apartments,"Phoenix-Mesa-Scottsdale, AZ",3018,2x2,1071,1903,04/10/2024,False
Audere Apartments,"Phoenix-Mesa-Scottsdale, AZ",3018,2x2,1071,1903,04/11/2024,False
Audere Apartments,"Phoenix-Mesa-Scottsdale, AZ",3018,2x2,1071,1903,04/12/2024,True
Audere Apartments,"Phoenix-Mesa-Scottsdale, AZ",3018,2x2,1071,1767,10/10/2024,False
Audere Apartments,"Phoenix-Mesa-Scottsdale, AZ",3018,2x2,1071,1784,10/11/2024,False
Audere Apartments,"Phoenix-Mesa-Scottsdale, AZ",3018,2x2,1071,1784,10/12/2024,False
Audere Apartments,"Phoenix-Mesa-Scottsdale, AZ",3018,2x2,1071,1784,10/13/2024,False
Audere Apartments,"Phoenix-Mesa-Scottsdale, AZ",3018,2x2,1071,1802,10/14/2024,False
Audere Apartments,"Phoenix-Mesa-Scottsdale, AZ",3018,2x2,1071,1820,10/15/2024,False
Audere Apartments,"Phoenix-Mesa-Scottsdale, AZ",3018,2x2,1071,1838,10/16/2024,False
Audere Apartments,"Phoenix-Mesa-Scottsdale, AZ",3018,2x2,1071,1856,10/17/2024,False
Audere Apartments,"Phoenix-Mesa-Scottsdale, AZ",3018,2x2,1071,1874,10/18/2024,False
Audere Apartments,"Phoenix-Mesa-Scottsdale, AZ",3018,2x2,1071,1874,10/19/2024,False
Audere Apartments,"Phoenix-Mesa-Scottsdale, AZ",3018,2x2,1071,1874,10/20/2024,False
Audere Apartments,"Phoenix-Mesa-Scottsdale, AZ",3018,2x2,1071,1893,10/21/2024,False
Audere Apartments,"Phoenix-Mesa-Scottsdale, AZ",3018,2x2,1071,1912,10/22/2024,False
Audere Apartments,"Phoenix-Mesa-Scottsdale, AZ",3018,2x2,1071,1931,10/23/2024,False
Audere Apartments,"Phoenix-Mesa-Scottsdale, AZ",3018,2x2,1071,1950,10/24/2024,False
Audere Apartments,"Phoenix-Mesa-Scottsdale, AZ",3018,2x2,1071,1969,10/25/2024,False
Audere Apartments,"Phoenix-Mesa-Scottsdale, AZ",3018,2x2,1071,1969,10/26/2024,False
Audere Apartments,"Phoenix-Mesa-Scottsdale, AZ",3018,2x2,1071,1969,10/27/2024,False
Audere Apartments,"Phoenix-Mesa-Scottsdale, AZ",3018,2x2,1071,1988,10/28/2024,False
Audere Apartments,"Phoenix-Mesa-Scottsdale, AZ",3018,2x2,1071,2008,10/29/2024,False
Audere Apartments,"Phoenix-Mesa-Scottsdale, AZ",3018,2x2,1071,2028,10/30/2024,False
Audere Apartments,"Phoenix-Mesa-Scottsdale, AZ",3018,2x2,1071,2048,10/31/2024,False
Audere Apartments,"Phoenix-Mesa-Scottsdale, AZ",3018,2x2,1071,2048,11/01/2024,False
Audere Apartments,"Phoenix-Mesa-Scottsdale, AZ",3018,2x2,1071,2048,11/02/2024,False
Audere Apartments,"Phoenix-Mesa-Scottsdale, AZ",3018,2x2,1071,2048,11/03/2024,False
Audere Apartments,"Phoenix-Mesa-Scottsdale, AZ",3018,2x2,1071,2068,11/04/2024,False
Audere Apartments,"Phoenix-Mesa-Scottsdale, AZ",3018,2x2,1071,2088,11/05/2024,False
Audere Apartments,"Phoenix-Mesa-Scottsdale, AZ",3018,2x2,1071,2109,11/06/2024,False
Audere Apartments,"Phoenix-Mesa-Scottsdale, AZ",3018,2x2,1071,2124,11/07/2024,False
Audere Apartments,"Phoenix-Mesa-Scottsdale, AZ",3018,2x2,1071,2124,11/08/2024,False
Audere Apartments,"Phoenix-Mesa-Scottsdale, AZ",3018,2x2,1071,2124,11/09/2024,False
Audere Apartments,"Phoenix-Mesa-Scottsdale, AZ",3018,2x2,1071,2124,11/10/2024,False
Audere Apartments,"Phoenix-Mesa-Scottsdale, AZ",3018,2x2,1071,2103,11/11/2024,False
Audere Apartments,"Phoenix-Mesa-Scottsdale, AZ",3018,2x2,1071,2103,11/12/2024,False
Audere Apartments,"Phoenix-Mesa-Scottsdale, AZ",3018,2x2,1071,2082,11/13/2024,False
Audere Apartments,"Phoenix-Mesa-Scottsdale, AZ",3018,2x2,1071,2061,11/14/2024,False
Audere Apartments,"Phoenix-Mesa-Scottsdale, AZ",3018,2x2,1071,2041,11/15/2024,False
Audere Apartments,"Phoenix-Mesa-Scottsdale, AZ",3018,2x2,1071,2041,11/16/2024,False
Audere Apartments,"Phoenix-Mesa-Scottsdale, AZ",3018,2x2,1071,2041,11/17/2024,False
Audere Apartments,"Phoenix-Mesa-Scottsdale, AZ",3018,2x2,1071,2021,11/18/2024,False
Audere Apartments,"Phoenix-Mesa-Scottsdale, AZ",3018,2x2,1071,2001,11/19/2024,False
Audere Apartments,"Phoenix-Mesa-Scottsdale, AZ",3018,2x2,1071,1981,11/20/2024,False
Audere Apartments,"Phoenix-Mesa-Scottsdale, AZ",3018,2x2,1071,1961,11/21/2024,False
Audere Apartments,"Phoenix-Mesa-Scottsdale, AZ",3018,2x2,1071,1942,11/22/2024,False
Audere Apartments,"Phoenix-Mesa-Scottsdale, AZ",3018,2x2,1071,1942,11/23/2024,False
Audere Apartments,"Phoenix-Mesa-Scottsdale, AZ",3018,2x2,1071,1942,11/24/2024,False
Audere Apartments,"Phoenix-Mesa-Scottsdale, AZ",3018,2x2,1071,1942,11/25/2024,False
Audere Apartments,"Phoenix-Mesa-Scottsdale, AZ",3018,2x2,1071,1942,11/26/2024,False
Audere Apartments,"Phoenix-Mesa-Scottsdale, AZ",3018,2x2,1071,1942,11/27/2024,False
Audere Apartments,"Phoenix-Mesa-Scottsdale, AZ",3018,2x2,1071,1942,11/28/2024,False
Audere Apartments,"Phoenix-Mesa-Scottsdale, AZ",3018,2x2,1071,1942,11/29/2024,False
Audere Apartments,"Phoenix-Mesa-Scottsdale, AZ",3018,2x2,1071,1942,11/30/2024,False
Audere Apartments,"Phoenix-Mesa-Scottsdale, AZ",3018,2x2,1071,1942,12/01/2024,False
Audere Apartments,"Phoenix-Mesa-Scottsdale, AZ",3018,2x2,1071,1942,12/02/2024,False
Audere Apartments,"Phoenix-Mesa-Scottsdale, AZ",3018,2x2,1071,1942,12/03/2024,False
Audere Apartments,"Phoenix-Mesa-Scottsdale, AZ",3018,2x2,1071,1942,12/04/2024,False
Audere Apartments,"Phoenix-Mesa-Scottsdale, AZ",3018,2x2,1071,1942,12/05/2024,False
Audere Apartments,"Phoenix-Mesa-Scottsdale, AZ",3018,2x2,1071,1942,12/06/2024,False
Audere Apartments,"Phoenix-Mesa-Scottsdale, AZ",3018,2x2,1071,1942,12/07/2024,False
Audere Apartments,"Phoenix-Mesa-Scottsdale, AZ",3018,2x2,1071,1942,12/08/2024,False
Audere Apartments,"Phoenix-Mesa-Scottsdale, AZ",3018,2x2,1071,1942,12/09/2024,False
Audere Apartments,"Phoenix-Mesa-Scottsdale, AZ",3018,2x2,1071,1942,12/10/2024,False
Audere Apartments,"Phoenix-Mesa-Scottsdale, AZ",3018,2x2,1071,1942,12/11/2024,False
Audere Apartments,"Phoenix-Mesa-Scottsdale, AZ",3018,2x2,1071,1942,12/12/2024,False
Audere Apartments,"Phoenix-Mesa-Scottsdale, AZ",3018,2x2,1071,1942,12/13/2024,False
Audere Apartments,"Phoenix-Mesa-Scottsdale, AZ",3018,2x2,1071,2164,12/14/2024,False
Audere Apartments,"Phoenix-Mesa-Scottsdale, AZ",3018,2x2,1071,2164,12/15/2024,False
Audere Apartments,"Phoenix-Mesa-Scottsdale, AZ",3018,2x2,1071,2121,12/16/2024,False
Audere Apartments,"Phoenix-Mesa-Scottsdale, AZ",3018,2x2,1071,2079,12/17/2024,False
Audere Apartments,"Phoenix-Mesa-Scottsdale, AZ",3018,2x2,1071,2038,12/18/2024,False
Audere Apartments,"Phoenix-Mesa-Scottsdale, AZ",3018,2x2,1071,2014,12/19/2024,False
Audere Apartments,"Phoenix-Mesa-Scottsdale, AZ",3018,2x2,1071,2014,12/20/2024,False
Audere Apartments,"Phoenix-Mesa-Scottsdale, AZ",3018,2x2,1071,2014,12/21/2024,False
Audere Apartments,"Phoenix-Mesa-Scottsdale, AZ",3018,2x2,1071,2014,12/22/2024,False
Audere Apartments,"Phoenix-Mesa-Scottsdale, AZ",3018,2x2,1071,2054,12/23/2024,False
Audere Apartments,"Phoenix-Mesa-Scottsdale, AZ",3018,2x2,1071,2028,12/24/2024,False
Audere Apartments,"Phoenix-Mesa-Scottsdale, AZ",3018,2x2,1071,1988,12/25/2024,False
Audere Apartments,"Phoenix-Mesa-Scottsdale, AZ",3018,2x2,1071,1949,12/26/2024,False
Audere Apartments,"Phoenix-Mesa-Scottsdale, AZ",3018,2x2,1071,1988,12/27/2024,False
Audere Apartments,"Phoenix-Mesa-Scottsdale, AZ",3018,2x2,1071,1988,12/28/2024,False
Audere Apartments,"Phoenix-Mesa-Scottsdale, AZ",3018,2x2,1071,1988,12/29/2024,False
Audere Apartments,"Phoenix-Mesa-Scottsdale, AZ",3018,2x2,1071,1949,12/30/2024,False
Audere Apartments,"Phoenix-Mesa-Scottsdale, AZ",3018,2x2,1071,1910,12/31/2024,False
Audere Apartments,"Phoenix-Mesa-Scottsdale, AZ",3018,2x2,1071,1948,01/01/2025,False
Audere Apartments,"Phoenix-Mesa-Scottsdale, AZ",3018,2x2,1071,1916,01/02/2025,False
Audere Apartments,"Phoenix-Mesa-Scottsdale, AZ",3018,2x2,1071,1878,01/03/2025,False
Audere Apartments,"Phoenix-Mesa-Scottsdale, AZ",3018,2x2,1071,1923,01/04/2025,False
Audere Apartments,"Phoenix-Mesa-Scottsdale, AZ",3018,2x2,1071,1923,01/05/2025,False
Audere Apartments,"Phoenix-Mesa-Scottsdale, AZ",3018,2x2,1071,1885,01/06/2025,False
Audere Apartments,"Phoenix-Mesa-Scottsdale, AZ",3018,2x2,1071,1848,01/07/2025,False
Audere Apartments,"Phoenix-Mesa-Scottsdale, AZ",3018,2x2,1071,1812,01/08/2025,False
Audere Apartments,"Phoenix-Mesa-Scottsdale, AZ",3018,2x2,1071,1776,01/09/2025,False
Audere Apartments,"Phoenix-Mesa-Scottsdale, AZ",3018,2x2,1071,1846,01/10/2025,False
Audere Apartments,"Phoenix-Mesa-Scottsdale, AZ",3018,2x2,1071,1855,01/11/2025,False
Audere Apartments,"Phoenix-Mesa-Scottsdale, AZ",3018,2x2,1071,1855,01/12/2025,True
Audere Apartments,"Phoenix-Mesa-Scottsdale, AZ",3019,2x2,1040,1995,07/12/2023,False
Audere Apartments,"Phoenix-Mesa-Scottsdale, AZ",3019,2x2,1040,1985,07/13/2023,False
Audere Apartments,"Phoenix-Mesa-Scottsdale, AZ",3019,2x2,1040,2030,07/14/2023,False
Audere Apartments,"Phoenix-Mesa-Scottsdale, AZ",3019,2x2,1040,1995,07/15/2023,False
Audere Apartments,"Phoenix-Mesa-Scottsdale, AZ",3019,2x2,1040,1970,07/16/2023,False
Audere Apartments,"Phoenix-Mesa-Scottsdale, AZ",3019,2x2,1040,1970,07/17/2023,False
Audere Apartments,"Phoenix-Mesa-Scottsdale, AZ",3019,2x2,1040,1980,07/18/2023,False
Audere Apartments,"Phoenix-Mesa-Scottsdale, AZ",3019,2x2,1040,1925,07/19/2023,False
Audere Apartments,"Phoenix-Mesa-Scottsdale, AZ",3019,2x2,1040,1925,07/20/2023,False
Audere Apartments,"Phoenix-Mesa-Scottsdale, AZ",3019,2x2,1040,1930,07/21/2023,False
Audere Apartments,"Phoenix-Mesa-Scottsdale, AZ",3019,2x2,1040,1930,07/22/2023,False
Audere Apartments,"Phoenix-Mesa-Scottsdale, AZ",3019,2x2,1040,1930,07/23/2023,False
Audere Apartments,"Phoenix-Mesa-Scottsdale, AZ",3019,2x2,1040,1930,07/24/2023,False
Audere Apartments,"Phoenix-Mesa-Scottsdale, AZ",3019,2x2,1040,1930,07/25/2023,True
Audere Apartments,"Phoenix-Mesa-Scottsdale, AZ",3020,2x2,1071,1799,07/24/2024,False
Audere Apartments,"Phoenix-Mesa-Scottsdale, AZ",3020,2x2,1071,1799,07/25/2024,False
Audere Apartments,"Phoenix-Mesa-Scottsdale, AZ",3020,2x2,1071,1803,07/26/2024,False
Audere Apartments,"Phoenix-Mesa-Scottsdale, AZ",3020,2x2,1071,1803,07/27/2024,False
Audere Apartments,"Phoenix-Mesa-Scottsdale, AZ",3020,2x2,1071,1803,07/28/2024,False
Audere Apartments,"Phoenix-Mesa-Scottsdale, AZ",3020,2x2,1071,1803,07/29/2024,False
Audere Apartments,"Phoenix-Mesa-Scottsdale, AZ",3020,2x2,1071,1803,07/30/2024,False
Audere Apartments,"Phoenix-Mesa-Scottsdale, AZ",3020,2x2,1071,1803,07/31/2024,False
Audere Apartments,"Phoenix-Mesa-Scottsdale, AZ",3020,2x2,1071,1803,08/01/2024,False
Audere Apartments,"Phoenix-Mesa-Scottsdale, AZ",3020,2x2,1071,1767,08/02/2024,False
Audere Apartments,"Phoenix-Mesa-Scottsdale, AZ",3020,2x2,1071,1767,08/03/2024,False
Audere Apartments,"Phoenix-Mesa-Scottsdale, AZ",3020,2x2,1071,1767,08/04/2024,False
Audere Apartments,"Phoenix-Mesa-Scottsdale, AZ",3020,2x2,1071,1767,08/05/2024,False
Audere Apartments,"Phoenix-Mesa-Scottsdale, AZ",3020,2x2,1071,1732,08/06/2024,False
Audere Apartments,"Phoenix-Mesa-Scottsdale, AZ",3020,2x2,1071,1732,08/07/2024,False
Audere Apartments,"Phoenix-Mesa-Scottsdale, AZ",3020,2x2,1071,1760,08/08/2024,False
Audere Apartments,"Phoenix-Mesa-Scottsdale, AZ",3020,2x2,1071,1795,08/09/2024,False
Audere Apartments,"Phoenix-Mesa-Scottsdale, AZ",3020,2x2,1071,1795,08/10/2024,False
Audere Apartments,"Phoenix-Mesa-Scottsdale, AZ",3020,2x2,1071,1795,08/11/2024,False
Audere Apartments,"Phoenix-Mesa-Scottsdale, AZ",3020,2x2,1071,1831,08/12/2024,False
Audere Apartments,"Phoenix-Mesa-Scottsdale, AZ",3020,2x2,1071,1831,08/13/2024,True
Audere Apartments,"Phoenix-Mesa-Scottsdale, AZ",3025,1x1,642,1434,11/26/2024,False
Audere Apartments,"Phoenix-Mesa-Scottsdale, AZ",3025,1x1,642,1434,11/27/2024,False
Audere Apartments,"Phoenix-Mesa-Scottsdale, AZ",3025,1x1,642,1434,11/28/2024,False
Audere Apartments,"Phoenix-Mesa-Scottsdale, AZ",3025,1x1,642,1434,11/29/2024,False
Audere Apartments,"Phoenix-Mesa-Scottsdale, AZ",3025,1x1,642,1434,11/30/2024,False
Audere Apartments,"Phoenix-Mesa-Scottsdale, AZ",3025,1x1,642,1434,12/01/2024,False
Audere Apartments,"Phoenix-Mesa-Scottsdale, AZ",3025,1x1,642,1434,12/02/2024,False
Audere Apartments,"Phoenix-Mesa-Scottsdale, AZ",3025,1x1,642,1449,12/03/2024,False
Audere Apartments,"Phoenix-Mesa-Scottsdale, AZ",3025,1x1,642,1464,12/04/2024,False
Audere Apartments,"Phoenix-Mesa-Scottsdale, AZ",3025,1x1,642,1479,12/05/2024,False
Audere Apartments,"Phoenix-Mesa-Scottsdale, AZ",3025,1x1,642,1494,12/06/2024,False
Audere Apartments,"Phoenix-Mesa-Scottsdale, AZ",3025,1x1,642,1494,12/07/2024,False
Audere Apartments,"Phoenix-Mesa-Scottsdale, AZ",3025,1x1,642,1494,12/08/2024,False
Audere Apartments,"Phoenix-Mesa-Scottsdale, AZ",3025,1x1,642,1509,12/09/2024,False
Audere Apartments,"Phoenix-Mesa-Scottsdale, AZ",3025,1x1,642,1525,12/10/2024,False
Audere Apartments,"Phoenix-Mesa-Scottsdale, AZ",3025,1x1,642,1541,12/11/2024,False
Audere Apartments,"Phoenix-Mesa-Scottsdale, AZ",3025,1x1,642,1558,12/12/2024,False
Audere Apartments,"Phoenix-Mesa-Scottsdale, AZ",3025,1x1,642,1590,12/13/2024,False
Audere Apartments,"Phoenix-Mesa-Scottsdale, AZ",3025,1x1,642,1590,12/14/2024,False
Audere Apartments,"Phoenix-Mesa-Scottsdale, AZ",3025,1x1,642,1590,12/15/2024,False
Audere Apartments,"Phoenix-Mesa-Scottsdale, AZ",3025,1x1,642,1619,12/16/2024,False
Audere Apartments,"Phoenix-Mesa-Scottsdale, AZ",3025,1x1,642,1619,12/17/2024,False
Audere Apartments,"Phoenix-Mesa-Scottsdale, AZ",3025,1x1,642,1619,12/18/2024,False
Audere Apartments,"Phoenix-Mesa-Scottsdale, AZ",3025,1x1,642,1619,12/19/2024,False
Audere Apartments,"Phoenix-Mesa-Scottsdale, AZ",3025,1x1,642,1619,12/20/2024,False
Audere Apartments,"Phoenix-Mesa-Scottsdale, AZ",3025,1x1,642,1619,12/21/2024,False
Audere Apartments,"Phoenix-Mesa-Scottsdale, AZ",3025,1x1,642,1619,12/22/2024,False
Audere Apartments,"Phoenix-Mesa-Scottsdale, AZ",3025,1x1,642,1619,12/23/2024,False
Audere Apartments,"Phoenix-Mesa-Scottsdale, AZ",3025,1x1,642,1652,12/24/2024,False
Audere Apartments,"Phoenix-Mesa-Scottsdale, AZ",3025,1x1,642,1680,12/25/2024,False
Audere Apartments,"Phoenix-Mesa-Scottsdale, AZ",3025,1x1,642,1680,12/26/2024,False
Audere Apartments,"Phoenix-Mesa-Scottsdale, AZ",3025,1x1,642,1680,12/27/2024,False
Audere Apartments,"Phoenix-Mesa-Scottsdale, AZ",3025,1x1,642,1680,12/28/2024,False
Audere Apartments,"Phoenix-Mesa-Scottsdale, AZ",3025,1x1,642,1680,12/29/2024,False
Audere Apartments,"Phoenix-Mesa-Scottsdale, AZ",3025,1x1,642,1680,12/30/2024,False
Audere Apartments,"Phoenix-Mesa-Scottsdale, AZ",3025,1x1,642,1680,12/31/2024,False
Audere Apartments,"Phoenix-Mesa-Scottsdale, AZ",3025,1x1,642,1680,01/01/2025,False
Audere Apartments,"Phoenix-Mesa-Scottsdale, AZ",3025,1x1,642,1715,01/02/2025,False
Audere Apartments,"Phoenix-Mesa-Scottsdale, AZ",3025,1x1,642,1680,01/03/2025,False
Audere Apartments,"Phoenix-Mesa-Scottsdale, AZ",3025,1x1,642,1644,01/04/2025,False
Audere Apartments,"Phoenix-Mesa-Scottsdale, AZ",3025,1x1,642,1644,01/05/2025,False
Audere Apartments,"Phoenix-Mesa-Scottsdale, AZ",3025,1x1,642,1644,01/06/2025,False
Audere Apartments,"Phoenix-Mesa-Scottsdale, AZ",3025,1x1,642,1644,01/07/2025,False
Audere Apartments,"Phoenix-Mesa-Scottsdale, AZ",3025,1x1,642,1644,01/08/2025,False
Audere Apartments,"Phoenix-Mesa-Scottsdale, AZ",3025,1x1,642,1644,01/09/2025,False
Audere Apartments,"Phoenix-Mesa-Scottsdale, AZ",3025,1x1,642,1644,01/10/2025,False
Audere Apartments,"Phoenix-Mesa-Scottsdale, AZ",3025,1x1,642,1644,01/11/2025,False
Audere Apartments,"Phoenix-Mesa-Scottsdale, AZ",3025,1x1,642,1644,01/12/2025,False
Audere Apartments,"Phoenix-Mesa-Scottsdale, AZ",3025,1x1,642,1644,01/13/2025,False
Audere Apartments,"Phoenix-Mesa-Scottsdale, AZ",3025,1x1,642,1644,01/14/2025,False
Audere Apartments,"Phoenix-Mesa-Scottsdale, AZ",3025,1x1,642,1604,01/15/2025,False
Audere Apartments,"Phoenix-Mesa-Scottsdale, AZ",3025,1x1,642,1604,01/16/2025,False
Audere Apartments,"Phoenix-Mesa-Scottsdale, AZ",3025,1x1,642,1604,01/17/2025,False
Audere Apartments,"Phoenix-Mesa-Scottsdale, AZ",3025,1x1,642,1604,01/18/2025,False
Audere Apartments,"Phoenix-Mesa-Scottsdale, AZ",3025,1x1,642,1604,01/19/2025,False
Audere Apartments,"Phoenix-Mesa-Scottsdale, AZ",3025,1x1,642,1620,01/20/2025,False
Audere Apartments,"Phoenix-Mesa-Scottsdale, AZ",3025,1x1,642,1637,01/21/2025,False
Audere Apartments,"Phoenix-Mesa-Scottsdale, AZ",3025,1x1,642,1654,01/22/2025,False
Audere Apartments,"Phoenix-Mesa-Scottsdale, AZ",3025,1x1,642,1671,01/23/2025,False
Audere Apartments,"Phoenix-Mesa-Scottsdale, AZ",3025,1x1,642,1688,01/24/2025,False
Audere Apartments,"Phoenix-Mesa-Scottsdale, AZ",3025,1x1,642,1688,01/25/2025,False
Audere Apartments,"Phoenix-Mesa-Scottsdale, AZ",3025,1x1,642,1688,01/26/2025,False
Audere Apartments,"Phoenix-Mesa-Scottsdale, AZ",3025,1x1,642,1705,01/27/2025,False
Audere Apartments,"Phoenix-Mesa-Scottsdale, AZ",3025,1x1,642,1731,01/28/2025,False
Audere Apartments,"Phoenix-Mesa-Scottsdale, AZ",3025,1x1,642,1731,01/29/2025,False
Audere Apartments,"Phoenix-Mesa-Scottsdale, AZ",3025,1x1,642,1731,01/30/2025,False
Audere Apartments,"Phoenix-Mesa-Scottsdale, AZ",3025,1x1,642,1749,01/31/2025,False
Audere Apartments,"Phoenix-Mesa-Scottsdale, AZ",3025,1x1,642,1749,02/01/2025,False
Audere Apartments,"Phoenix-Mesa-Scottsdale, AZ",3025,1x1,642,1749,02/02/2025,False
Audere Apartments,"Phoenix-Mesa-Scottsdale, AZ",3025,1x1,642,1767,02/03/2025,False
Audere Apartments,"Phoenix-Mesa-Scottsdale, AZ",3025,1x1,642,1779,02/04/2025,False
Audere Apartments,"Phoenix-Mesa-Scottsdale, AZ",3025,1x1,642,1779,02/05/2025,False
Audere Apartments,"Phoenix-Mesa-Scottsdale, AZ",3025,1x1,642,1779,02/06/2025,False
Audere Apartments,"Phoenix-Mesa-Scottsdale, AZ",3025,1x1,642,1779,02/07/2025,False
Audere Apartments,"Phoenix-Mesa-Scottsdale, AZ",3025,1x1,642,1779,02/08/2025,False
Audere Apartments,"Phoenix-Mesa-Scottsdale, AZ",3025,1x1,642,1779,02/09/2025,False
Audere Apartments,"Phoenix-Mesa-Scottsdale, AZ",3025,1x1,642,1779,02/10/2025,False
Audere Apartments,"Phoenix-Mesa-Scottsdale, AZ",3025,1x1,642,1779,02/11/2025,False
Audere Apartments,"Phoenix-Mesa-Scottsdale, AZ",3025,1x1,642,1789,02/12/2025,False
Audere Apartments,"Phoenix-Mesa-Scottsdale, AZ",3025,1x1,642,1798,02/13/2025,False
Audere Apartments,"Phoenix-Mesa-Scottsdale, AZ",3025,1x1,642,1729,02/14/2025,False
Audere Apartments,"Phoenix-Mesa-Scottsdale, AZ",3025,1x1,642,1729,02/15/2025,False
Audere Apartments,"Phoenix-Mesa-Scottsdale, AZ",3025,1x1,642,1729,02/16/2025,False
Audere Apartments,"Phoenix-Mesa-Scottsdale, AZ",3025,1x1,642,1729,02/17/2025,False
Audere Apartments,"Phoenix-Mesa-Scottsdale, AZ",3025,1x1,642,1729,02/18/2025,False
Audere Apartments,"Phoenix-Mesa-Scottsdale, AZ",3025,1x1,642,1729,02/19/2025,False
Audere Apartments,"Phoenix-Mesa-Scottsdale, AZ",3025,1x1,642,1729,02/20/2025,False
Audere Apartments,"Phoenix-Mesa-Scottsdale, AZ",3025,1x1,642,1729,02/21/2025,False
Audere Apartments,"Phoenix-Mesa-Scottsdale, AZ",3025,1x1,642,1729,02/22/2025,False
Audere Apartments,"Phoenix-Mesa-Scottsdale, AZ",3025,1x1,642,1729,02/23/2025,False
Audere Apartments,"Phoenix-Mesa-Scottsdale, AZ",3025,1x1,642,1729,02/24/2025,False
Audere Apartments,"Phoenix-Mesa-Scottsdale, AZ",3025,1x1,642,1728,02/25/2025,False
Audere Apartments,"Phoenix-Mesa-Scottsdale, AZ",3025,1x1,642,1726,02/26/2025,False
Audere Apartments,"Phoenix-Mesa-Scottsdale, AZ",3025,1x1,642,1725,02/27/2025,False
Audere Apartments,"Phoenix-Mesa-Scottsdale, AZ",3025,1x1,642,1723,02/28/2025,False
Audere Apartments,"Phoenix-Mesa-Scottsdale, AZ",3025,1x1,642,1722,03/01/2025,False
Audere Apartments,"Phoenix-Mesa-Scottsdale, AZ",3025,1x1,642,1720,03/02/2025,False
Audere Apartments,"Phoenix-Mesa-Scottsdale, AZ",3025,1x1,642,1735,03/03/2025,False
Audere Apartments,"Phoenix-Mesa-Scottsdale, AZ",3025,1x1,642,1752,03/04/2025,False
Audere Apartments,"Phoenix-Mesa-Scottsdale, AZ",3025,1x1,642,1752,03/05/2025,True
Audere Apartments,"Phoenix-Mesa-Scottsdale, AZ",3027,1x1,642,1505,08/09/2023,False
Audere Apartments,"Phoenix-Mesa-Scottsdale, AZ",3027,1x1,642,1520,08/10/2023,False
Audere Apartments,"Phoenix-Mesa-Scottsdale, AZ",3027,1x1,642,1515,08/11/2023,False
Audere Apartments,"Phoenix-Mesa-Scottsdale, AZ",3027,1x1,642,1515,08/12/2023,False
Audere Apartments,"Phoenix-Mesa-Scottsdale, AZ",3027,1x1,642,1510,08/13/2023,False
Audere Apartments,"Phoenix-Mesa-Scottsdale, AZ",3027,1x1,642,1510,08/14/2023,False
Audere Apartments,"Phoenix-Mesa-Scottsdale, AZ",3027,1x1,642,1515,08/15/2023,False
Audere Apartments,"Phoenix-Mesa-Scottsdale, AZ",3027,1x1,642,1515,08/16/2023,False
Audere Apartments,"Phoenix-Mesa-Scottsdale, AZ",3027,1x1,642,1530,08/17/2023,False
Audere Apartments,"Phoenix-Mesa-Scottsdale, AZ",3027,1x1,642,1530,08/18/2023,False
Audere Apartments,"Phoenix-Mesa-Scottsdale, AZ",3027,1x1,642,1520,08/19/2023,False
Audere Apartments,"Phoenix-Mesa-Scottsdale, AZ",3027,1x1,642,1520,08/20/2023,False
Audere Apartments,"Phoenix-Mesa-Scottsdale, AZ",3027,1x1,642,1520,08/21/2023,False
Audere Apartments,"Phoenix-Mesa-Scottsdale, AZ",3027,1x1,642,1520,08/22/2023,False
Audere Apartments,"Phoenix-Mesa-Scottsdale, AZ",3027,1x1,642,1520,08/23/2023,False
Audere Apartments,"Phoenix-Mesa-Scottsdale, AZ",3027,1x1,642,1475,08/24/2023,False
Audere Apartments,"Phoenix-Mesa-Scottsdale, AZ",3027,1x1,642,1475,08/25/2023,False
Audere Apartments,"Phoenix-Mesa-Scottsdale, AZ",3027,1x1,642,1490,08/26/2023,False
Audere Apartments,"Phoenix-Mesa-Scottsdale, AZ",3027,1x1,642,1490,08/27/2023,False
Audere Apartments,"Phoenix-Mesa-Scottsdale, AZ",3027,1x1,642,1490,08/28/2023,False
Audere Apartments,"Phoenix-Mesa-Scottsdale, AZ",3027,1x1,642,1500,08/29/2023,False
Audere Apartments,"Phoenix-Mesa-Scottsdale, AZ",3027,1x1,642,1500,08/30/2023,False
Audere Apartments,"Phoenix-Mesa-Scottsdale, AZ",3027,1x1,642,1475,08/31/2023,False
Audere Apartments,"Phoenix-Mesa-Scottsdale, AZ",3027,1x1,642,1460,09/01/2023,False
Audere Apartments,"Phoenix-Mesa-Scottsdale, AZ",3027,1x1,642,1470,09/02/2023,False
Audere Apartments,"Phoenix-Mesa-Scottsdale, AZ",3027,1x1,642,1465,09/03/2023,False
Audere Apartments,"Phoenix-Mesa-Scottsdale, AZ",3027,1x1,642,1475,09/04/2023,False
Audere Apartments,"Phoenix-Mesa-Scottsdale, AZ",3027,1x1,642,1485,09/05/2023,False
Audere Apartments,"Phoenix-Mesa-Scottsdale, AZ",3027,1x1,642,1485,09/06/2023,False
Audere Apartments,"Phoenix-Mesa-Scottsdale, AZ",3027,1x1,642,1455,09/07/2023,False
Audere Apartments,"Phoenix-Mesa-Scottsdale, AZ",3027,1x1,642,1440,09/08/2023,False
Audere Apartments,"Phoenix-Mesa-Scottsdale, AZ",3027,1x1,642,1435,09/09/2023,False
Audere Apartments,"Phoenix-Mesa-Scottsdale, AZ",3027,1x1,642,1435,09/10/2023,False
Audere Apartments,"Phoenix-Mesa-Scottsdale, AZ",3027,1x1,642,1435,09/11/2023,False
Audere Apartments,"Phoenix-Mesa-Scottsdale, AZ",3027,1x1,642,1435,09/12/2023,False
Audere Apartments,"Phoenix-Mesa-Scottsdale, AZ",3027,1x1,642,1435,09/13/2023,False
Audere Apartments,"Phoenix-Mesa-Scottsdale, AZ",3027,1x1,642,1480,09/14/2023,False
Audere Apartments,"Phoenix-Mesa-Scottsdale, AZ",3027,1x1,642,1470,09/15/2023,False
Audere Apartments,"Phoenix-Mesa-Scottsdale, AZ",3027,1x1,642,1480,09/16/2023,False
Audere Apartments,"Phoenix-Mesa-Scottsdale, AZ",3027,1x1,642,1480,09/17/2023,True
Audere Apartments,"Phoenix-Mesa-Scottsdale, AZ",3027,1x1,642,1579,08/15/2024,False
Audere Apartments,"Phoenix-Mesa-Scottsdale, AZ",3027,1x1,642,1549,08/16/2024,False
Audere Apartments,"Phoenix-Mesa-Scottsdale, AZ",3027,1x1,642,1549,08/17/2024,False
Audere Apartments,"Phoenix-Mesa-Scottsdale, AZ",3027,1x1,642,1549,08/18/2024,False
Audere Apartments,"Phoenix-Mesa-Scottsdale, AZ",3027,1x1,642,1549,08/19/2024,False
Audere Apartments,"Phoenix-Mesa-Scottsdale, AZ",3027,1x1,642,1534,08/20/2024,False
Audere Apartments,"Phoenix-Mesa-Scottsdale, AZ",3027,1x1,642,1534,08/21/2024,False
Audere Apartments,"Phoenix-Mesa-Scottsdale, AZ",3027,1x1,642,1534,08/22/2024,False
Audere Apartments,"Phoenix-Mesa-Scottsdale, AZ",3027,1x1,642,1556,08/23/2024,False
Audere Apartments,"Phoenix-Mesa-Scottsdale, AZ",3027,1x1,642,1556,08/24/2024,False
Audere Apartments,"Phoenix-Mesa-Scottsdale, AZ",3027,1x1,642,1556,08/25/2024,False
Audere Apartments,"Phoenix-Mesa-Scottsdale, AZ",3027,1x1,642,1574,08/26/2024,False
Audere Apartments,"Phoenix-Mesa-Scottsdale, AZ",3027,1x1,642,1574,08/27/2024,False
Audere Apartments,"Phoenix-Mesa-Scottsdale, AZ",3027,1x1,642,1574,08/28/2024,False
Audere Apartments,"Phoenix-Mesa-Scottsdale, AZ",3027,1x1,642,1549,08/29/2024,False
Audere Apartments,"Phoenix-Mesa-Scottsdale, AZ",3027,1x1,642,1532,08/30/2024,False
Audere Apartments,"Phoenix-Mesa-Scottsdale, AZ",3027,1x1,642,1532,08/31/2024,False
Audere Apartments,"Phoenix-Mesa-Scottsdale, AZ",3027,1x1,642,1532,09/01/2024,False
Audere Apartments,"Phoenix-Mesa-Scottsdale, AZ",3027,1x1,642,1555,09/02/2024,False
Audere Apartments,"Phoenix-Mesa-Scottsdale, AZ",3027,1x1,642,1486,09/03/2024,False
Audere Apartments,"Phoenix-Mesa-Scottsdale, AZ",3027,1x1,642,1486,09/04/2024,False
Audere Apartments,"Phoenix-Mesa-Scottsdale, AZ",3027,1x1,642,1486,09/05/2024,False
Audere Apartments,"Phoenix-Mesa-Scottsdale, AZ",3027,1x1,642,1486,09/06/2024,False
Audere Apartments,"Phoenix-Mesa-Scottsdale, AZ",3027,1x1,642,1486,09/07/2024,False
Audere Apartments,"Phoenix-Mesa-Scottsdale, AZ",3027,1x1,642,1486,09/08/2024,False
Audere Apartments,"Phoenix-Mesa-Scottsdale, AZ",3027,1x1,642,1486,09/09/2024,False
Audere Apartments,"Phoenix-Mesa-Scottsdale, AZ",3027,1x1,642,1486,09/10/2024,False
Audere Apartments,"Phoenix-Mesa-Scottsdale, AZ",3027,1x1,642,1486,09/11/2024,False
Audere Apartments,"Phoenix-Mesa-Scottsdale, AZ",3027,1x1,642,1456,09/12/2024,False
Audere Apartments,"Phoenix-Mesa-Scottsdale, AZ",3027,1x1,642,1426,09/13/2024,False
Audere Apartments,"Phoenix-Mesa-Scottsdale, AZ",3027,1x1,642,1426,09/14/2024,False
Audere Apartments,"Phoenix-Mesa-Scottsdale, AZ",3027,1x1,642,1426,09/15/2024,False
Audere Apartments,"Phoenix-Mesa-Scottsdale, AZ",3027,1x1,642,1397,09/16/2024,False
Audere Apartments,"Phoenix-Mesa-Scottsdale, AZ",3027,1x1,642,1380,09/17/2024,False
Audere Apartments,"Phoenix-Mesa-Scottsdale, AZ",3027,1x1,642,1380,09/18/2024,False
Audere Apartments,"Phoenix-Mesa-Scottsdale, AZ",3027,1x1,642,1380,09/19/2024,False
Audere Apartments,"Phoenix-Mesa-Scottsdale, AZ",3027,1x1,642,1352,09/20/2024,False
Audere Apartments,"Phoenix-Mesa-Scottsdale, AZ",3027,1x1,642,1352,09/21/2024,False
Audere Apartments,"Phoenix-Mesa-Scottsdale, AZ",3027,1x1,642,1352,09/22/2024,False
Audere Apartments,"Phoenix-Mesa-Scottsdale, AZ",3027,1x1,642,1352,09/23/2024,False
Audere Apartments,"Phoenix-Mesa-Scottsdale, AZ",3027,1x1,642,1352,09/24/2024,False
Audere Apartments,"Phoenix-Mesa-Scottsdale, AZ",3027,1x1,642,1421,09/25/2024,False
Audere Apartments,"Phoenix-Mesa-Scottsdale, AZ",3027,1x1,642,1362,09/26/2024,False
Audere Apartments,"Phoenix-Mesa-Scottsdale, AZ",3027,1x1,642,1362,09/27/2024,False
Audere Apartments,"Phoenix-Mesa-Scottsdale, AZ",3027,1x1,642,1362,09/28/2024,False
Audere Apartments,"Phoenix-Mesa-Scottsdale, AZ",3027,1x1,642,1392,09/29/2024,False
Audere Apartments,"Phoenix-Mesa-Scottsdale, AZ",3027,1x1,642,1392,09/30/2024,False
Audere Apartments,"Phoenix-Mesa-Scottsdale, AZ",3027,1x1,642,1392,10/01/2024,False
Audere Apartments,"Phoenix-Mesa-Scottsdale, AZ",3027,1x1,642,1442,10/02/2024,False
Audere Apartments,"Phoenix-Mesa-Scottsdale, AZ",3027,1x1,642,1457,10/03/2024,False
Audere Apartments,"Phoenix-Mesa-Scottsdale, AZ",3027,1x1,642,1396,10/04/2024,False
Audere Apartments,"Phoenix-Mesa-Scottsdale, AZ",3027,1x1,642,1396,10/05/2024,False
Audere Apartments,"Phoenix-Mesa-Scottsdale, AZ",3027,1x1,642,1396,10/06/2024,False
Audere Apartments,"Phoenix-Mesa-Scottsdale, AZ",3027,1x1,642,1367,10/07/2024,False
Audere Apartments,"Phoenix-Mesa-Scottsdale, AZ",3027,1x1,642,1367,10/08/2024,False
Audere Apartments,"Phoenix-Mesa-Scottsdale, AZ",3027,1x1,642,1338,10/09/2024,False
Audere Apartments,"Phoenix-Mesa-Scottsdale, AZ",3027,1x1,642,1311,10/10/2024,False
Audere Apartments,"Phoenix-Mesa-Scottsdale, AZ",3027,1x1,642,1311,10/11/2024,True
Audere Apartments,"Phoenix-Mesa-Scottsdale, AZ",3028,2x2,1040,1805,08/20/2023,False
Audere Apartments,"Phoenix-Mesa-Scottsdale, AZ",3028,2x2,1040,1805,08/21/2023,False
Audere Apartments,"Phoenix-Mesa-Scottsdale, AZ",3028,2x2,1040,1805,08/22/2023,True
Audere Apartments,"Phoenix-Mesa-Scottsdale, AZ",3029,1x1,642,1641,03/14/2024,False
Audere Apartments,"Phoenix-Mesa-Scottsdale, AZ",3029,1x1,642,1641,03/15/2024,False
Audere Apartments,"Phoenix-Mesa-Scottsdale, AZ",3029,1x1,642,1641,03/16/2024,False
Audere Apartments,"Phoenix-Mesa-Scottsdale, AZ",3029,1x1,642,1604,03/17/2024,False
Audere Apartments,"Phoenix-Mesa-Scottsdale, AZ",3029,1x1,642,1604,03/18/2024,False
Audere Apartments,"Phoenix-Mesa-Scottsdale, AZ",3029,1x1,642,1604,03/19/2024,False
Audere Apartments,"Phoenix-Mesa-Scottsdale, AZ",3029,1x1,642,1557,03/20/2024,False
Audere Apartments,"Phoenix-Mesa-Scottsdale, AZ",3029,1x1,642,1579,03/21/2024,False
Audere Apartments,"Phoenix-Mesa-Scottsdale, AZ",3029,1x1,642,1544,03/22/2024,False
Audere Apartments,"Phoenix-Mesa-Scottsdale, AZ",3029,1x1,642,1592,03/23/2024,False
Audere Apartments,"Phoenix-Mesa-Scottsdale, AZ",3029,1x1,642,1592,03/24/2024,False
Audere Apartments,"Phoenix-Mesa-Scottsdale, AZ",3029,1x1,642,1592,03/25/2024,False
Audere Apartments,"Phoenix-Mesa-Scottsdale, AZ",3029,1x1,642,1592,03/26/2024,False
Audere Apartments,"Phoenix-Mesa-Scottsdale, AZ",3029,1x1,642,1543,03/27/2024,False
Audere Apartments,"Phoenix-Mesa-Scottsdale, AZ",3029,1x1,642,1464,03/28/2024,False
Audere Apartments,"Phoenix-Mesa-Scottsdale, AZ",3029,1x1,642,1389,03/29/2024,False
Audere Apartments,"Phoenix-Mesa-Scottsdale, AZ",3029,1x1,642,1467,03/30/2024,False
Audere Apartments,"Phoenix-Mesa-Scottsdale, AZ",3029,1x1,642,1467,03/31/2024,False
Audere Apartments,"Phoenix-Mesa-Scottsdale, AZ",3029,1x1,642,1467,04/01/2024,False
Audere Apartments,"Phoenix-Mesa-Scottsdale, AZ",3029,1x1,642,1467,04/02/2024,False
Audere Apartments,"Phoenix-Mesa-Scottsdale, AZ",3029,1x1,642,1542,04/03/2024,False
Audere Apartments,"Phoenix-Mesa-Scottsdale, AZ",3029,1x1,642,1621,04/04/2024,False
Audere Apartments,"Phoenix-Mesa-Scottsdale, AZ",3029,1x1,642,1622,04/05/2024,False
Audere Apartments,"Phoenix-Mesa-Scottsdale, AZ",3029,1x1,642,1622,04/06/2024,False
Audere Apartments,"Phoenix-Mesa-Scottsdale, AZ",3029,1x1,642,1572,04/07/2024,False
Audere Apartments,"Phoenix-Mesa-Scottsdale, AZ",3029,1x1,642,1535,04/08/2024,False
Audere Apartments,"Phoenix-Mesa-Scottsdale, AZ",3029,1x1,642,1535,04/09/2024,False
Audere Apartments,"Phoenix-Mesa-Scottsdale, AZ",3029,1x1,642,1582,04/10/2024,False
Audere Apartments,"Phoenix-Mesa-Scottsdale, AZ",3029,1x1,642,1582,04/11/2024,False
Audere Apartments,"Phoenix-Mesa-Scottsdale, AZ",3029,1x1,642,1556,04/12/2024,False
Audere Apartments,"Phoenix-Mesa-Scottsdale, AZ",3029,1x1,642,1556,04/13/2024,False
Audere Apartments,"Phoenix-Mesa-Scottsdale, AZ",3029,1x1,642,1556,04/14/2024,False
Audere Apartments,"Phoenix-Mesa-Scottsdale, AZ",3029,1x1,642,1556,04/15/2024,False
Audere Apartments,"Phoenix-Mesa-Scottsdale, AZ",3029,1x1,642,1556,04/16/2024,False
Audere Apartments,"Phoenix-Mesa-Scottsdale, AZ",3029,1x1,642,1400,04/17/2024,False
Audere Apartments,"Phoenix-Mesa-Scottsdale, AZ",3029,1x1,642,1522,04/18/2024,False
Audere Apartments,"Phoenix-Mesa-Scottsdale, AZ",3029,1x1,642,1537,04/19/2024,False
Audere Apartments,"Phoenix-Mesa-Scottsdale, AZ",3029,1x1,642,1537,04/20/2024,False
Audere Apartments,"Phoenix-Mesa-Scottsdale, AZ",3029,1x1,642,1537,04/21/2024,False
Audere Apartments,"Phoenix-Mesa-Scottsdale, AZ",3029,1x1,642,1537,04/22/2024,False
Audere Apartments,"Phoenix-Mesa-Scottsdale, AZ",3029,1x1,642,1617,04/23/2024,False
Audere Apartments,"Phoenix-Mesa-Scottsdale, AZ",3029,1x1,642,1587,04/24/2024,False
Audere Apartments,"Phoenix-Mesa-Scottsdale, AZ",3029,1x1,642,1505,04/25/2024,False
Audere Apartments,"Phoenix-Mesa-Scottsdale, AZ",3029,1x1,642,1428,04/26/2024,False
Audere Apartments,"Phoenix-Mesa-Scottsdale, AZ",3029,1x1,642,1367,04/27/2024,False
Audere Apartments,"Phoenix-Mesa-Scottsdale, AZ",3029,1x1,642,1367,04/28/2024,False
Audere Apartments,"Phoenix-Mesa-Scottsdale, AZ",3029,1x1,642,1367,04/29/2024,False
Audere Apartments,"Phoenix-Mesa-Scottsdale, AZ",3029,1x1,642,1367,04/30/2024,True
Audere Apartments,"Phoenix-Mesa-Scottsdale, AZ",3030,2x2,1169,2148,03/17/2024,False
Audere Apartments,"Phoenix-Mesa-Scottsdale, AZ",3030,2x2,1169,2148,03/18/2024,False
Audere Apartments,"Phoenix-Mesa-Scottsdale, AZ",3030,2x2,1169,2148,03/19/2024,False
Audere Apartments,"Phoenix-Mesa-Scottsdale, AZ",3030,2x2,1169,2299,03/20/2024,False
Audere Apartments,"Phoenix-Mesa-Scottsdale, AZ",3030,2x2,1169,2275,03/21/2024,False
Audere Apartments,"Phoenix-Mesa-Scottsdale, AZ",3030,2x2,1169,2167,03/22/2024,False
Audere Apartments,"Phoenix-Mesa-Scottsdale, AZ",3030,2x2,1169,2106,03/23/2024,False
Audere Apartments,"Phoenix-Mesa-Scottsdale, AZ",3030,2x2,1169,2149,03/24/2024,False
Audere Apartments,"Phoenix-Mesa-Scottsdale, AZ",3030,2x2,1169,2149,03/25/2024,False
Audere Apartments,"Phoenix-Mesa-Scottsdale, AZ",3030,2x2,1169,2149,03/26/2024,False
Audere Apartments,"Phoenix-Mesa-Scottsdale, AZ",3030,2x2,1169,2147,03/27/2024,False
Audere Apartments,"Phoenix-Mesa-Scottsdale, AZ",3030,2x2,1169,2046,03/28/2024,False
Audere Apartments,"Phoenix-Mesa-Scottsdale, AZ",3030,2x2,1169,1989,03/29/2024,False
Audere Apartments,"Phoenix-Mesa-Scottsdale, AZ",3030,2x2,1169,1896,03/30/2024,False
Audere Apartments,"Phoenix-Mesa-Scottsdale, AZ",3030,2x2,1169,1949,03/31/2024,False
Audere Apartments,"Phoenix-Mesa-Scottsdale, AZ",3030,2x2,1169,1949,04/01/2024,False
Audere Apartments,"Phoenix-Mesa-Scottsdale, AZ",3030,2x2,1169,1863,04/02/2024,False
Audere Apartments,"Phoenix-Mesa-Scottsdale, AZ",3030,2x2,1169,1863,04/03/2024,False
Audere Apartments,"Phoenix-Mesa-Scottsdale, AZ",3030,2x2,1169,1880,04/04/2024,False
Audere Apartments,"Phoenix-Mesa-Scottsdale, AZ",3030,2x2,1169,1880,04/05/2024,False
Audere Apartments,"Phoenix-Mesa-Scottsdale, AZ",3030,2x2,1169,1880,04/06/2024,False
Audere Apartments,"Phoenix-Mesa-Scottsdale, AZ",3030,2x2,1169,1880,04/07/2024,False
Audere Apartments,"Phoenix-Mesa-Scottsdale, AZ",3030,2x2,1169,1827,04/08/2024,False
Audere Apartments,"Phoenix-Mesa-Scottsdale, AZ",3030,2x2,1169,1948,04/09/2024,False
Audere Apartments,"Phoenix-Mesa-Scottsdale, AZ",3030,2x2,1169,2003,04/10/2024,False
Audere Apartments,"Phoenix-Mesa-Scottsdale, AZ",3030,2x2,1169,2003,04/11/2024,False
Audere Apartments,"Phoenix-Mesa-Scottsdale, AZ",3030,2x2,1169,2097,04/12/2024,False
Audere Apartments,"Phoenix-Mesa-Scottsdale, AZ",3030,2x2,1169,2196,04/13/2024,False
Audere Apartments,"Phoenix-Mesa-Scottsdale, AZ",3030,2x2,1169,2196,04/14/2024,False
Audere Apartments,"Phoenix-Mesa-Scottsdale, AZ",3030,2x2,1169,2196,04/15/2024,False
Audere Apartments,"Phoenix-Mesa-Scottsdale, AZ",3030,2x2,1169,2270,04/16/2024,False
Audere Apartments,"Phoenix-Mesa-Scottsdale, AZ",3030,2x2,1169,2270,04/17/2024,False
Audere Apartments,"Phoenix-Mesa-Scottsdale, AZ",3030,2x2,1169,2270,04/18/2024,False
Audere Apartments,"Phoenix-Mesa-Scottsdale, AZ",3030,2x2,1169,2253,04/19/2024,False
Audere Apartments,"Phoenix-Mesa-Scottsdale, AZ",3030,2x2,1169,2253,04/20/2024,False
Audere Apartments,"Phoenix-Mesa-Scottsdale, AZ",3030,2x2,1169,2253,04/21/2024,False
Audere Apartments,"Phoenix-Mesa-Scottsdale, AZ",3030,2x2,1169,2253,04/22/2024,False
Audere Apartments,"Phoenix-Mesa-Scottsdale, AZ",3030,2x2,1169,2253,04/23/2024,False
Audere Apartments,"Phoenix-Mesa-Scottsdale, AZ",3030,2x2,1169,2253,04/24/2024,False
Audere Apartments,"Phoenix-Mesa-Scottsdale, AZ",3030,2x2,1169,2240,04/25/2024,False
Audere Apartments,"Phoenix-Mesa-Scottsdale, AZ",3030,2x2,1169,2253,04/26/2024,False
Audere Apartments,"Phoenix-Mesa-Scottsdale, AZ",3030,2x2,1169,2159,04/27/2024,False
Audere Apartments,"Phoenix-Mesa-Scottsdale, AZ",3030,2x2,1169,2159,04/28/2024,False
Audere Apartments,"Phoenix-Mesa-Scottsdale, AZ",3030,2x2,1169,2104,04/29/2024,False
Audere Apartments,"Phoenix-Mesa-Scottsdale, AZ",3030,2x2,1169,2072,04/30/2024,False
Audere Apartments,"Phoenix-Mesa-Scottsdale, AZ",3030,2x2,1169,1975,05/01/2024,False
Audere Apartments,"Phoenix-Mesa-Scottsdale, AZ",3030,2x2,1169,2051,05/02/2024,False
Audere Apartments,"Phoenix-Mesa-Scottsdale, AZ",3030,2x2,1169,2016,05/03/2024,False
Audere Apartments,"Phoenix-Mesa-Scottsdale, AZ",3030,2x2,1169,1955,05/04/2024,False
Audere Apartments,"Phoenix-Mesa-Scottsdale, AZ",3030,2x2,1169,1955,05/05/2024,False
Audere Apartments,"Phoenix-Mesa-Scottsdale, AZ",3030,2x2,1169,1927,05/06/2024,False
Audere Apartments,"Phoenix-Mesa-Scottsdale, AZ",3030,2x2,1169,1927,05/07/2024,False
Audere Apartments,"Phoenix-Mesa-Scottsdale, AZ",3030,2x2,1169,1927,05/08/2024,False
Audere Apartments,"Phoenix-Mesa-Scottsdale, AZ",3030,2x2,1169,1927,05/09/2024,False
Audere Apartments,"Phoenix-Mesa-Scottsdale, AZ",3030,2x2,1169,1852,05/10/2024,False
Audere Apartments,"Phoenix-Mesa-Scottsdale, AZ",3030,2x2,1169,1852,05/11/2024,False
Audere Apartments,"Phoenix-Mesa-Scottsdale, AZ",3030,2x2,1169,1852,05/12/2024,False
Audere Apartments,"Phoenix-Mesa-Scottsdale, AZ",3030,2x2,1169,1898,05/13/2024,False
Audere Apartments,"Phoenix-Mesa-Scottsdale, AZ",3030,2x2,1169,1898,05/14/2024,False
Audere Apartments,"Phoenix-Mesa-Scottsdale, AZ",3030,2x2,1169,1951,05/15/2024,False
Audere Apartments,"Phoenix-Mesa-Scottsdale, AZ",3030,2x2,1169,2030,05/16/2024,False
Audere Apartments,"Phoenix-Mesa-Scottsdale, AZ",3030,2x2,1169,2016,05/17/2024,False
Audere Apartments,"Phoenix-Mesa-Scottsdale, AZ",3030,2x2,1169,2016,05/18/2024,False
Audere Apartments,"Phoenix-Mesa-Scottsdale, AZ",3030,2x2,1169,2016,05/19/2024,False
Audere Apartments,"Phoenix-Mesa-Scottsdale, AZ",3030,2x2,1169,1960,05/20/2024,False
Audere Apartments,"Phoenix-Mesa-Scottsdale, AZ",3030,2x2,1169,1870,05/21/2024,False
Audere Apartments,"Phoenix-Mesa-Scottsdale, AZ",3030,2x2,1169,1888,05/22/2024,False
Audere Apartments,"Phoenix-Mesa-Scottsdale, AZ",3030,2x2,1169,1975,05/23/2024,False
Audere Apartments,"Phoenix-Mesa-Scottsdale, AZ",3030,2x2,1169,2010,05/24/2024,False
Audere Apartments,"Phoenix-Mesa-Scottsdale, AZ",3030,2x2,1169,2066,05/25/2024,False
Audere Apartments,"Phoenix-Mesa-Scottsdale, AZ",3030,2x2,1169,2066,05/26/2024,False
Audere Apartments,"Phoenix-Mesa-Scottsdale, AZ",3030,2x2,1169,2066,05/27/2024,False
Audere Apartments,"Phoenix-Mesa-Scottsdale, AZ",3030,2x2,1169,2066,05/28/2024,False
Audere Apartments,"Phoenix-Mesa-Scottsdale, AZ",3030,2x2,1169,2066,05/29/2024,False
Audere Apartments,"Phoenix-Mesa-Scottsdale, AZ",3030,2x2,1169,2175,05/30/2024,False
Audere Apartments,"Phoenix-Mesa-Scottsdale, AZ",3030,2x2,1169,2206,05/31/2024,False
Audere Apartments,"Phoenix-Mesa-Scottsdale, AZ",3030,2x2,1169,2175,06/01/2024,False
Audere Apartments,"Phoenix-Mesa-Scottsdale, AZ",3030,2x2,1169,2175,06/02/2024,False
Audere Apartments,"Phoenix-Mesa-Scottsdale, AZ",3030,2x2,1169,2175,06/03/2024,False
Audere Apartments,"Phoenix-Mesa-Scottsdale, AZ",3030,2x2,1169,2206,06/04/2024,False
Audere Apartments,"Phoenix-Mesa-Scottsdale, AZ",3030,2x2,1169,2198,06/05/2024,False
Audere Apartments,"Phoenix-Mesa-Scottsdale, AZ",3030,2x2,1169,2217,06/06/2024,False
Audere Apartments,"Phoenix-Mesa-Scottsdale, AZ",3030,2x2,1169,2217,06/07/2024,False
Audere Apartments,"Phoenix-Mesa-Scottsdale, AZ",3030,2x2,1169,2217,06/08/2024,False
Audere Apartments,"Phoenix-Mesa-Scottsdale, AZ",3030,2x2,1169,2217,06/09/2024,False
Audere Apartments,"Phoenix-Mesa-Scottsdale, AZ",3030,2x2,1169,2273,06/10/2024,False
Audere Apartments,"Phoenix-Mesa-Scottsdale, AZ",3030,2x2,1169,2279,06/11/2024,False
Audere Apartments,"Phoenix-Mesa-Scottsdale, AZ",3030,2x2,1169,2304,06/12/2024,False
Audere Apartments,"Phoenix-Mesa-Scottsdale, AZ",3030,2x2,1169,2304,06/13/2024,False
Audere Apartments,"Phoenix-Mesa-Scottsdale, AZ",3030,2x2,1169,2304,06/14/2024,False
Audere Apartments,"Phoenix-Mesa-Scottsdale, AZ",3030,2x2,1169,2304,06/15/2024,False
Audere Apartments,"Phoenix-Mesa-Scottsdale, AZ",3030,2x2,1169,2304,06/16/2024,False
Audere Apartments,"Phoenix-Mesa-Scottsdale, AZ",3030,2x2,1169,2216,06/17/2024,False
Audere Apartments,"Phoenix-Mesa-Scottsdale, AZ",3030,2x2,1169,2210,06/18/2024,False
Audere Apartments,"Phoenix-Mesa-Scottsdale, AZ",3030,2x2,1169,2204,06/19/2024,False
Audere Apartments,"Phoenix-Mesa-Scottsdale, AZ",3030,2x2,1169,2204,06/20/2024,False
Audere Apartments,"Phoenix-Mesa-Scottsdale, AZ",3030,2x2,1169,2111,06/21/2024,False
Audere Apartments,"Phoenix-Mesa-Scottsdale, AZ",3030,2x2,1169,2105,06/22/2024,False
Audere Apartments,"Phoenix-Mesa-Scottsdale, AZ",3030,2x2,1169,2099,06/23/2024,False
Audere Apartments,"Phoenix-Mesa-Scottsdale, AZ",3030,2x2,1169,2054,06/24/2024,False
Audere Apartments,"Phoenix-Mesa-Scottsdale, AZ",3030,2x2,1169,2087,06/25/2024,False
Audere Apartments,"Phoenix-Mesa-Scottsdale, AZ",3030,2x2,1169,2081,06/26/2024,False
Audere Apartments,"Phoenix-Mesa-Scottsdale, AZ",3030,2x2,1169,2113,06/27/2024,False
Audere Apartments,"Phoenix-Mesa-Scottsdale, AZ",3030,2x2,1169,2107,06/28/2024,False
Audere Apartments,"Phoenix-Mesa-Scottsdale, AZ",3030,2x2,1169,2101,06/29/2024,False
Audere Apartments,"Phoenix-Mesa-Scottsdale, AZ",3030,2x2,1169,2095,06/30/2024,False
Audere Apartments,"Phoenix-Mesa-Scottsdale, AZ",3030,2x2,1169,2164,07/01/2024,False
Audere Apartments,"Phoenix-Mesa-Scottsdale, AZ",3030,2x2,1169,2167,07/02/2024,False
Audere Apartments,"Phoenix-Mesa-Scottsdale, AZ",3030,2x2,1169,2191,07/03/2024,False
Audere Apartments,"Phoenix-Mesa-Scottsdale, AZ",3030,2x2,1169,2194,07/04/2024,False
Audere Apartments,"Phoenix-Mesa-Scottsdale, AZ",3030,2x2,1169,2194,07/05/2024,False
Audere Apartments,"Phoenix-Mesa-Scottsdale, AZ",3030,2x2,1169,2199,07/06/2024,False
Audere Apartments,"Phoenix-Mesa-Scottsdale, AZ",3030,2x2,1169,2199,07/07/2024,False
Audere Apartments,"Phoenix-Mesa-Scottsdale, AZ",3030,2x2,1169,2240,07/08/2024,False
Audere Apartments,"Phoenix-Mesa-Scottsdale, AZ",3030,2x2,1169,2240,07/09/2024,False
Audere Apartments,"Phoenix-Mesa-Scottsdale, AZ",3030,2x2,1169,2199,07/10/2024,False
Audere Apartments,"Phoenix-Mesa-Scottsdale, AZ",3030,2x2,1169,2157,07/11/2024,False
Audere Apartments,"Phoenix-Mesa-Scottsdale, AZ",3030,2x2,1169,2117,07/12/2024,False
Audere Apartments,"Phoenix-Mesa-Scottsdale, AZ",3030,2x2,1169,2117,07/13/2024,False
Audere Apartments,"Phoenix-Mesa-Scottsdale, AZ",3030,2x2,1169,2117,07/14/2024,False
Audere Apartments,"Phoenix-Mesa-Scottsdale, AZ",3030,2x2,1169,2094,07/15/2024,False
Audere Apartments,"Phoenix-Mesa-Scottsdale, AZ",3030,2x2,1169,2056,07/16/2024,False
Audere Apartments,"Phoenix-Mesa-Scottsdale, AZ",3030,2x2,1169,2056,07/17/2024,False
Audere Apartments,"Phoenix-Mesa-Scottsdale, AZ",3030,2x2,1169,2018,07/18/2024,False
Audere Apartments,"Phoenix-Mesa-Scottsdale, AZ",3030,2x2,1169,1980,07/19/2024,False
Audere Apartments,"Phoenix-Mesa-Scottsdale, AZ",3030,2x2,1169,1980,07/20/2024,False
Audere Apartments,"Phoenix-Mesa-Scottsdale, AZ",3030,2x2,1169,1980,07/21/2024,False
Audere Apartments,"Phoenix-Mesa-Scottsdale, AZ",3030,2x2,1169,1958,07/22/2024,False
Audere Apartments,"Phoenix-Mesa-Scottsdale, AZ",3030,2x2,1169,1922,07/23/2024,False
Audere Apartments,"Phoenix-Mesa-Scottsdale, AZ",3030,2x2,1169,1886,07/24/2024,False
Audere Apartments,"Phoenix-Mesa-Scottsdale, AZ",3030,2x2,1169,1886,07/25/2024,False
Audere Apartments,"Phoenix-Mesa-Scottsdale, AZ",3030,2x2,1169,1910,07/26/2024,False
Audere Apartments,"Phoenix-Mesa-Scottsdale, AZ",3030,2x2,1169,1910,07/27/2024,False
Audere Apartments,"Phoenix-Mesa-Scottsdale, AZ",3030,2x2,1169,1910,07/28/2024,False
Audere Apartments,"Phoenix-Mesa-Scottsdale, AZ",3030,2x2,1169,1910,07/29/2024,False
Audere Apartments,"Phoenix-Mesa-Scottsdale, AZ",3030,2x2,1169,1910,07/30/2024,False
Audere Apartments,"Phoenix-Mesa-Scottsdale, AZ",3030,2x2,1169,1910,07/31/2024,False
Audere Apartments,"Phoenix-Mesa-Scottsdale, AZ",3030,2x2,1169,1910,08/01/2024,False
Audere Apartments,"Phoenix-Mesa-Scottsdale, AZ",3030,2x2,1169,1895,08/02/2024,False
Audere Apartments,"Phoenix-Mesa-Scottsdale, AZ",3030,2x2,1169,1895,08/03/2024,False
Audere Apartments,"Phoenix-Mesa-Scottsdale, AZ",3030,2x2,1169,1895,08/04/2024,False
Audere Apartments,"Phoenix-Mesa-Scottsdale, AZ",3030,2x2,1169,1895,08/05/2024,False
Audere Apartments,"Phoenix-Mesa-Scottsdale, AZ",3030,2x2,1169,1861,08/06/2024,False
Audere Apartments,"Phoenix-Mesa-Scottsdale, AZ",3030,2x2,1169,1861,08/07/2024,False
Audere Apartments,"Phoenix-Mesa-Scottsdale, AZ",3030,2x2,1169,1888,08/08/2024,False
Audere Apartments,"Phoenix-Mesa-Scottsdale, AZ",3030,2x2,1169,1888,08/09/2024,True
Audere Apartments,"Phoenix-Mesa-Scottsdale, AZ",3030,2x2,1169,2128,04/26/2025,False
Audere Apartments,"Phoenix-Mesa-Scottsdale, AZ",3030,2x2,1169,2128,04/27/2025,True
Audere Apartments,"Phoenix-Mesa-Scottsdale, AZ",3031,3x2,1310,2717,02/26/2024,False
Audere Apartments,"Phoenix-Mesa-Scottsdale, AZ",3031,3x2,1310,2717,02/27/2024,False
Audere Apartments,"Phoenix-Mesa-Scottsdale, AZ",3031,3x2,1310,2717,02/28/2024,False
Audere Apartments,"Phoenix-Mesa-Scottsdale, AZ",3031,3x2,1310,2717,02/29/2024,False
Audere Apartments,"Phoenix-Mesa-Scottsdale, AZ",3031,3x2,1310,2580,03/01/2024,False
Audere Apartments,"Phoenix-Mesa-Scottsdale, AZ",3031,3x2,1310,2525,03/02/2024,False
Audere Apartments,"Phoenix-Mesa-Scottsdale, AZ",3031,3x2,1310,2525,03/03/2024,False
Audere Apartments,"Phoenix-Mesa-Scottsdale, AZ",3031,3x2,1310,2525,03/04/2024,False
Audere Apartments,"Phoenix-Mesa-Scottsdale, AZ",3031,3x2,1310,2397,03/05/2024,False
Audere Apartments,"Phoenix-Mesa-Scottsdale, AZ",3031,3x2,1310,2518,03/06/2024,False
Audere Apartments,"Phoenix-Mesa-Scottsdale, AZ",3031,3x2,1310,2645,03/07/2024,False
Audere Apartments,"Phoenix-Mesa-Scottsdale, AZ",3031,3x2,1310,2565,03/08/2024,False
Audere Apartments,"Phoenix-Mesa-Scottsdale, AZ",3031,3x2,1310,2384,03/09/2024,False
Audere Apartments,"Phoenix-Mesa-Scottsdale, AZ",3031,3x2,1310,2346,03/10/2024,False
Audere Apartments,"Phoenix-Mesa-Scottsdale, AZ",3031,3x2,1310,2275,03/11/2024,False
Audere Apartments,"Phoenix-Mesa-Scottsdale, AZ",3031,3x2,1310,2227,03/12/2024,False
Audere Apartments,"Phoenix-Mesa-Scottsdale, AZ",3031,3x2,1310,2227,03/13/2024,False
Audere Apartments,"Phoenix-Mesa-Scottsdale, AZ",3031,3x2,1310,2227,03/14/2024,False
Audere Apartments,"Phoenix-Mesa-Scottsdale, AZ",3031,3x2,1310,2227,03/15/2024,False
Audere Apartments,"Phoenix-Mesa-Scottsdale, AZ",3031,3x2,1310,2227,03/16/2024,False
Audere Apartments,"Phoenix-Mesa-Scottsdale, AZ",3031,3x2,1310,2227,03/17/2024,False
Audere Apartments,"Phoenix-Mesa-Scottsdale, AZ",3031,3x2,1310,2227,03/18/2024,False
Audere Apartments,"Phoenix-Mesa-Scottsdale, AZ",3031,3x2,1310,2227,03/19/2024,False
Audere Apartments,"Phoenix-Mesa-Scottsdale, AZ",3031,3x2,1310,2340,03/20/2024,False
Audere Apartments,"Phoenix-Mesa-Scottsdale, AZ",3031,3x2,1310,2569,03/21/2024,False
Audere Apartments,"Phoenix-Mesa-Scottsdale, AZ",3031,3x2,1310,2439,03/22/2024,False
Audere Apartments,"Phoenix-Mesa-Scottsdale, AZ",3031,3x2,1310,2365,03/23/2024,False
Audere Apartments,"Phoenix-Mesa-Scottsdale, AZ",3031,3x2,1310,2365,03/24/2024,False
Audere Apartments,"Phoenix-Mesa-Scottsdale, AZ",3031,3x2,1310,2365,03/25/2024,False
Audere Apartments,"Phoenix-Mesa-Scottsdale, AZ",3031,3x2,1310,2365,03/26/2024,False
Audere Apartments,"Phoenix-Mesa-Scottsdale, AZ",3031,3x2,1310,2365,03/27/2024,False
Audere Apartments,"Phoenix-Mesa-Scottsdale, AZ",3031,3x2,1310,2365,03/28/2024,False
Audere Apartments,"Phoenix-Mesa-Scottsdale, AZ",3031,3x2,1310,2365,03/29/2024,False
Audere Apartments,"Phoenix-Mesa-Scottsdale, AZ",3031,3x2,1310,2365,03/30/2024,False
Audere Apartments,"Phoenix-Mesa-Scottsdale, AZ",3031,3x2,1310,2365,03/31/2024,False
Audere Apartments,"Phoenix-Mesa-Scottsdale, AZ",3031,3x2,1310,2365,04/01/2024,False
Audere Apartments,"Phoenix-Mesa-Scottsdale, AZ",3031,3x2,1310,2365,04/02/2024,False
Audere Apartments,"Phoenix-Mesa-Scottsdale, AZ",3031,3x2,1310,2245,04/03/2024,False
Audere Apartments,"Phoenix-Mesa-Scottsdale, AZ",3031,3x2,1310,2245,04/04/2024,False
Audere Apartments,"Phoenix-Mesa-Scottsdale, AZ",3031,3x2,1310,2245,04/05/2024,False
Audere Apartments,"Phoenix-Mesa-Scottsdale, AZ",3031,3x2,1310,2245,04/06/2024,False
Audere Apartments,"Phoenix-Mesa-Scottsdale, AZ",3031,3x2,1310,2245,04/07/2024,False
Audere Apartments,"Phoenix-Mesa-Scottsdale, AZ",3031,3x2,1310,2245,04/08/2024,False
Audere Apartments,"Phoenix-Mesa-Scottsdale, AZ",3031,3x2,1310,2506,04/09/2024,False
Audere Apartments,"Phoenix-Mesa-Scottsdale, AZ",3031,3x2,1310,2430,04/10/2024,False
Audere Apartments,"Phoenix-Mesa-Scottsdale, AZ",3031,3x2,1310,2307,04/11/2024,False
Audere Apartments,"Phoenix-Mesa-Scottsdale, AZ",3031,3x2,1310,2307,04/12/2024,False
Audere Apartments,"Phoenix-Mesa-Scottsdale, AZ",3031,3x2,1310,2307,04/13/2024,False
Audere Apartments,"Phoenix-Mesa-Scottsdale, AZ",3031,3x2,1310,2307,04/14/2024,False
Audere Apartments,"Phoenix-Mesa-Scottsdale, AZ",3031,3x2,1310,2307,04/15/2024,False
Audere Apartments,"Phoenix-Mesa-Scottsdale, AZ",3031,3x2,1310,2307,04/16/2024,False
Audere Apartments,"Phoenix-Mesa-Scottsdale, AZ",3031,3x2,1310,2190,04/17/2024,False
Audere Apartments,"Phoenix-Mesa-Scottsdale, AZ",3031,3x2,1310,2484,04/18/2024,False
Audere Apartments,"Phoenix-Mesa-Scottsdale, AZ",3031,3x2,1310,2358,04/19/2024,False
Audere Apartments,"Phoenix-Mesa-Scottsdale, AZ",3031,3x2,1310,2358,04/20/2024,False
Audere Apartments,"Phoenix-Mesa-Scottsdale, AZ",3031,3x2,1310,2358,04/21/2024,False
Audere Apartments,"Phoenix-Mesa-Scottsdale, AZ",3031,3x2,1310,2358,04/22/2024,False
Audere Apartments,"Phoenix-Mesa-Scottsdale, AZ",3031,3x2,1310,2358,04/23/2024,False
Audere Apartments,"Phoenix-Mesa-Scottsdale, AZ",3031,3x2,1310,2358,04/24/2024,False
Audere Apartments,"Phoenix-Mesa-Scottsdale, AZ",3031,3x2,1310,2358,04/25/2024,False
Audere Apartments,"Phoenix-Mesa-Scottsdale, AZ",3031,3x2,1310,2358,04/26/2024,False
Audere Apartments,"Phoenix-Mesa-Scottsdale, AZ",3031,3x2,1310,2358,04/27/2024,False
Audere Apartments,"Phoenix-Mesa-Scottsdale, AZ",3031,3x2,1310,2358,04/28/2024,False
Audere Apartments,"Phoenix-Mesa-Scottsdale, AZ",3031,3x2,1310,2286,04/29/2024,False
Audere Apartments,"Phoenix-Mesa-Scottsdale, AZ",3031,3x2,1310,2239,04/30/2024,False
Audere Apartments,"Phoenix-Mesa-Scottsdale, AZ",3031,3x2,1310,2126,05/01/2024,False
Audere Apartments,"Phoenix-Mesa-Scottsdale, AZ",3031,3x2,1310,2126,05/02/2024,False
Audere Apartments,"Phoenix-Mesa-Scottsdale, AZ",3031,3x2,1310,2126,05/03/2024,False
Audere Apartments,"Phoenix-Mesa-Scottsdale, AZ",3031,3x2,1310,2126,05/04/2024,False
Audere Apartments,"Phoenix-Mesa-Scottsdale, AZ",3031,3x2,1310,2126,05/05/2024,False
Audere Apartments,"Phoenix-Mesa-Scottsdale, AZ",3031,3x2,1310,2126,05/06/2024,True
Audere Apartments,"Phoenix-Mesa-Scottsdale, AZ",3034,2x2,1040,1940,06/17/2023,False
Audere Apartments,"Phoenix-Mesa-Scottsdale, AZ",3034,2x2,1040,1940,06/18/2023,False
Audere Apartments,"Phoenix-Mesa-Scottsdale, AZ",3034,2x2,1040,1930,06/19/2023,False
Audere Apartments,"Phoenix-Mesa-Scottsdale, AZ",3034,2x2,1040,1940,06/20/2023,False
Audere Apartments,"Phoenix-Mesa-Scottsdale, AZ",3034,2x2,1040,1940,06/21/2023,False
Audere Apartments,"Phoenix-Mesa-Scottsdale, AZ",3034,2x2,1040,1965,06/22/2023,False
Audere Apartments,"Phoenix-Mesa-Scottsdale, AZ",3034,2x2,1040,1965,06/23/2023,False
Audere Apartments,"Phoenix-Mesa-Scottsdale, AZ",3034,2x2,1040,1970,06/24/2023,False
Audere Apartments,"Phoenix-Mesa-Scottsdale, AZ",3034,2x2,1040,1980,06/25/2023,False
Audere Apartments,"Phoenix-Mesa-Scottsdale, AZ",3034,2x2,1040,1980,06/26/2023,False
Audere Apartments,"Phoenix-Mesa-Scottsdale, AZ",3034,2x2,1040,1980,06/27/2023,False
Audere Apartments,"Phoenix-Mesa-Scottsdale, AZ",3034,2x2,1040,1975,06/28/2023,False
Audere Apartments,"Phoenix-Mesa-Scottsdale, AZ",3034,2x2,1040,1970,06/29/2023,False
Audere Apartments,"Phoenix-Mesa-Scottsdale, AZ",3034,2x2,1040,1960,06/30/2023,False
Audere Apartments,"Phoenix-Mesa-Scottsdale, AZ",3034,2x2,1040,1965,07/01/2023,False
Audere Apartments,"Phoenix-Mesa-Scottsdale, AZ",3034,2x2,1040,1965,07/02/2023,False
Audere Apartments,"Phoenix-Mesa-Scottsdale, AZ",3034,2x2,1040,1965,07/03/2023,False
Audere Apartments,"Phoenix-Mesa-Scottsdale, AZ",3034,2x2,1040,1970,07/04/2023,False
Audere Apartments,"Phoenix-Mesa-Scottsdale, AZ",3034,2x2,1040,1965,07/05/2023,False
Audere Apartments,"Phoenix-Mesa-Scottsdale, AZ",3034,2x2,1040,1970,07/06/2023,False
Audere Apartments,"Phoenix-Mesa-Scottsdale, AZ",3034,2x2,1040,1955,07/07/2023,False
Audere Apartments,"Phoenix-Mesa-Scottsdale, AZ",3034,2x2,1040,1945,07/08/2023,False
Audere Apartments,"Phoenix-Mesa-Scottsdale, AZ",3034,2x2,1040,1960,07/09/2023,False
Audere Apartments,"Phoenix-Mesa-Scottsdale, AZ",3034,2x2,1040,1960,07/10/2023,False
Audere Apartments,"Phoenix-Mesa-Scottsdale, AZ",3034,2x2,1040,1960,07/11/2023,False
Audere Apartments,"Phoenix-Mesa-Scottsdale, AZ",3034,2x2,1040,1965,07/12/2023,False
Audere Apartments,"Phoenix-Mesa-Scottsdale, AZ",3034,2x2,1040,1975,07/13/2023,False
Audere Apartments,"Phoenix-Mesa-Scottsdale, AZ",3034,2x2,1040,1960,07/14/2023,False
Audere Apartments,"Phoenix-Mesa-Scottsdale, AZ",3034,2x2,1040,1930,07/15/2023,False
Audere Apartments,"Phoenix-Mesa-Scottsdale, AZ",3034,2x2,1040,1900,07/16/2023,False
Audere Apartments,"Phoenix-Mesa-Scottsdale, AZ",3034,2x2,1040,1900,07/17/2023,False
Audere Apartments,"Phoenix-Mesa-Scottsdale, AZ",3034,2x2,1040,1915,07/18/2023,False
Audere Apartments,"Phoenix-Mesa-Scottsdale, AZ",3034,2x2,1040,1835,07/19/2023,False
Audere Apartments,"Phoenix-Mesa-Scottsdale, AZ",3034,2x2,1040,1835,07/20/2023,False
Audere Apartments,"Phoenix-Mesa-Scottsdale, AZ",3034,2x2,1040,1835,07/21/2023,False
Audere Apartments,"Phoenix-Mesa-Scottsdale, AZ",3034,2x2,1040,1835,07/22/2023,False
Audere Apartments,"Phoenix-Mesa-Scottsdale, AZ",3034,2x2,1040,1835,07/23/2023,False
Audere Apartments,"Phoenix-Mesa-Scottsdale, AZ",3034,2x2,1040,1835,07/24/2023,False
Audere Apartments,"Phoenix-Mesa-Scottsdale, AZ",3034,2x2,1040,1920,07/25/2023,False
Audere Apartments,"Phoenix-Mesa-Scottsdale, AZ",3034,2x2,1040,1920,07/26/2023,False
Audere Apartments,"Phoenix-Mesa-Scottsdale, AZ",3034,2x2,1040,1950,07/27/2023,False
Audere Apartments,"Phoenix-Mesa-Scottsdale, AZ",3034,2x2,1040,1950,07/28/2023,False
Audere Apartments,"Phoenix-Mesa-Scottsdale, AZ",3034,2x2,1040,1955,07/29/2023,False
Audere Apartments,"Phoenix-Mesa-Scottsdale, AZ",3034,2x2,1040,1920,07/30/2023,False
Audere Apartments,"Phoenix-Mesa-Scottsdale, AZ",3034,2x2,1040,1915,07/31/2023,False
Audere Apartments,"Phoenix-Mesa-Scottsdale, AZ",3034,2x2,1040,1935,08/01/2023,False
Audere Apartments,"Phoenix-Mesa-Scottsdale, AZ",3034,2x2,1040,1900,08/02/2023,False
Audere Apartments,"Phoenix-Mesa-Scottsdale, AZ",3034,2x2,1040,1870,08/03/2023,False
Audere Apartments,"Phoenix-Mesa-Scottsdale, AZ",3034,2x2,1040,1860,08/04/2023,False
Audere Apartments,"Phoenix-Mesa-Scottsdale, AZ",3034,2x2,1040,1860,08/05/2023,True
Audere Apartments,"Phoenix-Mesa-Scottsdale, AZ",3034,2x2,1040,1713,05/05/2024,False
Audere Apartments,"Phoenix-Mesa-Scottsdale, AZ",3034,2x2,1040,1685,05/06/2024,False
Audere Apartments,"Phoenix-Mesa-Scottsdale, AZ",3034,2x2,1040,1685,05/07/2024,False
Audere Apartments,"Phoenix-Mesa-Scottsdale, AZ",3034,2x2,1040,1685,05/08/2024,False
Audere Apartments,"Phoenix-Mesa-Scottsdale, AZ",3034,2x2,1040,1685,05/09/2024,False
Audere Apartments,"Phoenix-Mesa-Scottsdale, AZ",3034,2x2,1040,1609,05/10/2024,False
Audere Apartments,"Phoenix-Mesa-Scottsdale, AZ",3034,2x2,1040,1609,05/11/2024,True
Audere Apartments,"Phoenix-Mesa-Scottsdale, AZ",3036,2x2,1040,1840,02/09/2024,False
Audere Apartments,"Phoenix-Mesa-Scottsdale, AZ",3036,2x2,1040,1840,02/10/2024,False
Audere Apartments,"Phoenix-Mesa-Scottsdale, AZ",3036,2x2,1040,1840,02/11/2024,False
Audere Apartments,"Phoenix-Mesa-Scottsdale, AZ",3036,2x2,1040,1840,02/12/2024,False
Audere Apartments,"Phoenix-Mesa-Scottsdale, AZ",3036,2x2,1040,1840,02/13/2024,False
Audere Apartments,"Phoenix-Mesa-Scottsdale, AZ",3036,2x2,1040,1984,02/14/2024,False
Audere Apartments,"Phoenix-Mesa-Scottsdale, AZ",3036,2x2,1040,1984,02/15/2024,False
Audere Apartments,"Phoenix-Mesa-Scottsdale, AZ",3036,2x2,1040,1984,02/16/2024,False
Audere Apartments,"Phoenix-Mesa-Scottsdale, AZ",3036,2x2,1040,1952,02/17/2024,False
Audere Apartments,"Phoenix-Mesa-Scottsdale, AZ",3036,2x2,1040,1952,02/18/2024,False
Audere Apartments,"Phoenix-Mesa-Scottsdale, AZ",3036,2x2,1040,2009,02/19/2024,False
Audere Apartments,"Phoenix-Mesa-Scottsdale, AZ",3036,2x2,1040,2009,02/20/2024,False
Audere Apartments,"Phoenix-Mesa-Scottsdale, AZ",3036,2x2,1040,2009,02/21/2024,False
Audere Apartments,"Phoenix-Mesa-Scottsdale, AZ",3036,2x2,1040,2022,02/22/2024,False
Audere Apartments,"Phoenix-Mesa-Scottsdale, AZ",3036,2x2,1040,2022,02/23/2024,False
Audere Apartments,"Phoenix-Mesa-Scottsdale, AZ",3036,2x2,1040,2022,02/24/2024,False
Audere Apartments,"Phoenix-Mesa-Scottsdale, AZ",3036,2x2,1040,2022,02/25/2024,False
Audere Apartments,"Phoenix-Mesa-Scottsdale, AZ",3036,2x2,1040,1989,02/26/2024,False
Audere Apartments,"Phoenix-Mesa-Scottsdale, AZ",3036,2x2,1040,2022,02/27/2024,False
Audere Apartments,"Phoenix-Mesa-Scottsdale, AZ",3036,2x2,1040,2022,02/28/2024,False
Audere Apartments,"Phoenix-Mesa-Scottsdale, AZ",3036,2x2,1040,1823,02/29/2024,False
Audere Apartments,"Phoenix-Mesa-Scottsdale, AZ",3036,2x2,1040,1762,03/01/2024,False
Audere Apartments,"Phoenix-Mesa-Scottsdale, AZ",3036,2x2,1040,1819,03/02/2024,False
Audere Apartments,"Phoenix-Mesa-Scottsdale, AZ",3036,2x2,1040,1819,03/03/2024,False
Audere Apartments,"Phoenix-Mesa-Scottsdale, AZ",3036,2x2,1040,1819,03/04/2024,False
Audere Apartments,"Phoenix-Mesa-Scottsdale, AZ",3036,2x2,1040,1754,03/05/2024,False
Audere Apartments,"Phoenix-Mesa-Scottsdale, AZ",3036,2x2,1040,1660,03/06/2024,False
Audere Apartments,"Phoenix-Mesa-Scottsdale, AZ",3036,2x2,1040,1660,03/07/2024,False
Audere Apartments,"Phoenix-Mesa-Scottsdale, AZ",3036,2x2,1040,1660,03/08/2024,True
Audere Apartments,"Phoenix-Mesa-Scottsdale, AZ",3037,1x1,642,1650,06/17/2023,False
Audere Apartments,"Phoenix-Mesa-Scottsdale, AZ",3037,1x1,642,1650,06/18/2023,False
Audere Apartments,"Phoenix-Mesa-Scottsdale, AZ",3037,1x1,642,1650,06/19/2023,False
Audere Apartments,"Phoenix-Mesa-Scottsdale, AZ",3037,1x1,642,1660,06/20/2023,False
Audere Apartments,"Phoenix-Mesa-Scottsdale, AZ",3037,1x1,642,1660,06/21/2023,False
Audere Apartments,"Phoenix-Mesa-Scottsdale, AZ",3037,1x1,642,1665,06/22/2023,False
Audere Apartments,"Phoenix-Mesa-Scottsdale, AZ",3037,1x1,642,1660,06/23/2023,False
Audere Apartments,"Phoenix-Mesa-Scottsdale, AZ",3037,1x1,642,1660,06/24/2023,False
Audere Apartments,"Phoenix-Mesa-Scottsdale, AZ",3037,1x1,642,1660,06/25/2023,False
Audere Apartments,"Phoenix-Mesa-Scottsdale, AZ",3037,1x1,642,1635,06/26/2023,False
Audere Apartments,"Phoenix-Mesa-Scottsdale, AZ",3037,1x1,642,1625,06/27/2023,False
Audere Apartments,"Phoenix-Mesa-Scottsdale, AZ",3037,1x1,642,1610,06/28/2023,False
Audere Apartments,"Phoenix-Mesa-Scottsdale, AZ",3037,1x1,642,1595,06/29/2023,False
Audere Apartments,"Phoenix-Mesa-Scottsdale, AZ",3037,1x1,642,1595,06/30/2023,False
Audere Apartments,"Phoenix-Mesa-Scottsdale, AZ",3037,1x1,642,1590,07/01/2023,False
Audere Apartments,"Phoenix-Mesa-Scottsdale, AZ",3037,1x1,642,1590,07/02/2023,False
Audere Apartments,"Phoenix-Mesa-Scottsdale, AZ",3037,1x1,642,1590,07/03/2023,False
Audere Apartments,"Phoenix-Mesa-Scottsdale, AZ",3037,1x1,642,1595,07/04/2023,False
Audere Apartments,"Phoenix-Mesa-Scottsdale, AZ",3037,1x1,642,1590,07/05/2023,False
Audere Apartments,"Phoenix-Mesa-Scottsdale, AZ",3037,1x1,642,1590,07/06/2023,False
Audere Apartments,"Phoenix-Mesa-Scottsdale, AZ",3037,1x1,642,1590,07/07/2023,False
Audere Apartments,"Phoenix-Mesa-Scottsdale, AZ",3037,1x1,642,1610,07/08/2023,False
Audere Apartments,"Phoenix-Mesa-Scottsdale, AZ",3037,1x1,642,1600,07/09/2023,False
Audere Apartments,"Phoenix-Mesa-Scottsdale, AZ",3037,1x1,642,1600,07/10/2023,False
Audere Apartments,"Phoenix-Mesa-Scottsdale, AZ",3037,1x1,642,1600,07/11/2023,False
Audere Apartments,"Phoenix-Mesa-Scottsdale, AZ",3037,1x1,642,1570,07/12/2023,False
Audere Apartments,"Phoenix-Mesa-Scottsdale, AZ",3037,1x1,642,1575,07/13/2023,False
Audere Apartments,"Phoenix-Mesa-Scottsdale, AZ",3037,1x1,642,1580,07/14/2023,False
Audere Apartments,"Phoenix-Mesa-Scottsdale, AZ",3037,1x1,642,1545,07/15/2023,False
Audere Apartments,"Phoenix-Mesa-Scottsdale, AZ",3037,1x1,642,1535,07/16/2023,False
Audere Apartments,"Phoenix-Mesa-Scottsdale, AZ",3037,1x1,642,1535,07/17/2023,False
Audere Apartments,"Phoenix-Mesa-Scottsdale, AZ",3037,1x1,642,1540,07/18/2023,False
Audere Apartments,"Phoenix-Mesa-Scottsdale, AZ",3037,1x1,642,1510,07/19/2023,False
Audere Apartments,"Phoenix-Mesa-Scottsdale, AZ",3037,1x1,642,1510,07/20/2023,False
Audere Apartments,"Phoenix-Mesa-Scottsdale, AZ",3037,1x1,642,1510,07/21/2023,False
Audere Apartments,"Phoenix-Mesa-Scottsdale, AZ",3037,1x1,642,1510,07/22/2023,False
Audere Apartments,"Phoenix-Mesa-Scottsdale, AZ",3037,1x1,642,1515,07/23/2023,False
Audere Apartments,"Phoenix-Mesa-Scottsdale, AZ",3037,1x1,642,1530,07/24/2023,False
Audere Apartments,"Phoenix-Mesa-Scottsdale, AZ",3037,1x1,642,1540,07/25/2023,False
Audere Apartments,"Phoenix-Mesa-Scottsdale, AZ",3037,1x1,642,1540,07/26/2023,False
Audere Apartments,"Phoenix-Mesa-Scottsdale, AZ",3037,1x1,642,1580,07/27/2023,False
Audere Apartments,"Phoenix-Mesa-Scottsdale, AZ",3037,1x1,642,1580,07/28/2023,False
Audere Apartments,"Phoenix-Mesa-Scottsdale, AZ",3037,1x1,642,1580,07/29/2023,False
Audere Apartments,"Phoenix-Mesa-Scottsdale, AZ",3037,1x1,642,1600,07/30/2023,False
Audere Apartments,"Phoenix-Mesa-Scottsdale, AZ",3037,1x1,642,1595,07/31/2023,False
Audere Apartments,"Phoenix-Mesa-Scottsdale, AZ",3037,1x1,642,1615,08/01/2023,False
Audere Apartments,"Phoenix-Mesa-Scottsdale, AZ",3037,1x1,642,1570,08/02/2023,False
Audere Apartments,"Phoenix-Mesa-Scottsdale, AZ",3037,1x1,642,1570,08/03/2023,False
Audere Apartments,"Phoenix-Mesa-Scottsdale, AZ",3037,1x1,642,1570,08/04/2023,False
Audere Apartments,"Phoenix-Mesa-Scottsdale, AZ",3037,1x1,642,1580,08/05/2023,False
Audere Apartments,"Phoenix-Mesa-Scottsdale, AZ",3037,1x1,642,1580,08/06/2023,False
Audere Apartments,"Phoenix-Mesa-Scottsdale, AZ",3037,1x1,642,1575,08/07/2023,False
Audere Apartments,"Phoenix-Mesa-Scottsdale, AZ",3037,1x1,642,1580,08/08/2023,False
Audere Apartments,"Phoenix-Mesa-Scottsdale, AZ",3037,1x1,642,1505,08/09/2023,False
Audere Apartments,"Phoenix-Mesa-Scottsdale, AZ",3037,1x1,642,1520,08/10/2023,False
Audere Apartments,"Phoenix-Mesa-Scottsdale, AZ",3037,1x1,642,1515,08/11/2023,False
Audere Apartments,"Phoenix-Mesa-Scottsdale, AZ",3037,1x1,642,1510,08/12/2023,False
Audere Apartments,"Phoenix-Mesa-Scottsdale, AZ",3037,1x1,642,1510,08/13/2023,False
Audere Apartments,"Phoenix-Mesa-Scottsdale, AZ",3037,1x1,642,1510,08/14/2023,False
Audere Apartments,"Phoenix-Mesa-Scottsdale, AZ",3037,1x1,642,1515,08/15/2023,False
Audere Apartments,"Phoenix-Mesa-Scottsdale, AZ",3037,1x1,642,1515,08/16/2023,False
Audere Apartments,"Phoenix-Mesa-Scottsdale, AZ",3037,1x1,642,1525,08/17/2023,False
Audere Apartments,"Phoenix-Mesa-Scottsdale, AZ",3037,1x1,642,1525,08/18/2023,False
Audere Apartments,"Phoenix-Mesa-Scottsdale, AZ",3037,1x1,642,1515,08/19/2023,False
Audere Apartments,"Phoenix-Mesa-Scottsdale, AZ",3037,1x1,642,1515,08/20/2023,False
Audere Apartments,"Phoenix-Mesa-Scottsdale, AZ",3037,1x1,642,1515,08/21/2023,False
Audere Apartments,"Phoenix-Mesa-Scottsdale, AZ",3037,1x1,642,1525,08/22/2023,False
Audere Apartments,"Phoenix-Mesa-Scottsdale, AZ",3037,1x1,642,1525,08/23/2023,False
Audere Apartments,"Phoenix-Mesa-Scottsdale, AZ",3037,1x1,642,1480,08/24/2023,False
Audere Apartments,"Phoenix-Mesa-Scottsdale, AZ",3037,1x1,642,1480,08/25/2023,False
Audere Apartments,"Phoenix-Mesa-Scottsdale, AZ",3037,1x1,642,1480,08/26/2023,True
Audere Apartments,"Phoenix-Mesa-Scottsdale, AZ",3037,1x1,642,1576,08/14/2024,False
Audere Apartments,"Phoenix-Mesa-Scottsdale, AZ",3037,1x1,642,1607,08/15/2024,False
Audere Apartments,"Phoenix-Mesa-Scottsdale, AZ",3037,1x1,642,1576,08/16/2024,False
Audere Apartments,"Phoenix-Mesa-Scottsdale, AZ",3037,1x1,642,1576,08/17/2024,False
Audere Apartments,"Phoenix-Mesa-Scottsdale, AZ",3037,1x1,642,1576,08/18/2024,False
Audere Apartments,"Phoenix-Mesa-Scottsdale, AZ",3037,1x1,642,1576,08/19/2024,False
Audere Apartments,"Phoenix-Mesa-Scottsdale, AZ",3037,1x1,642,1561,08/20/2024,False
Audere Apartments,"Phoenix-Mesa-Scottsdale, AZ",3037,1x1,642,1561,08/21/2024,False
Audere Apartments,"Phoenix-Mesa-Scottsdale, AZ",3037,1x1,642,1561,08/22/2024,False
Audere Apartments,"Phoenix-Mesa-Scottsdale, AZ",3037,1x1,642,1584,08/23/2024,False
Audere Apartments,"Phoenix-Mesa-Scottsdale, AZ",3037,1x1,642,1584,08/24/2024,False
Audere Apartments,"Phoenix-Mesa-Scottsdale, AZ",3037,1x1,642,1584,08/25/2024,False
Audere Apartments,"Phoenix-Mesa-Scottsdale, AZ",3037,1x1,642,1602,08/26/2024,False
Audere Apartments,"Phoenix-Mesa-Scottsdale, AZ",3037,1x1,642,1602,08/27/2024,False
Audere Apartments,"Phoenix-Mesa-Scottsdale, AZ",3037,1x1,642,1602,08/28/2024,False
Audere Apartments,"Phoenix-Mesa-Scottsdale, AZ",3037,1x1,642,1576,08/29/2024,False
Audere Apartments,"Phoenix-Mesa-Scottsdale, AZ",3037,1x1,642,1559,08/30/2024,False
Audere Apartments,"Phoenix-Mesa-Scottsdale, AZ",3037,1x1,642,1559,08/31/2024,False
Audere Apartments,"Phoenix-Mesa-Scottsdale, AZ",3037,1x1,642,1559,09/01/2024,False
Audere Apartments,"Phoenix-Mesa-Scottsdale, AZ",3037,1x1,642,1583,09/02/2024,False
Audere Apartments,"Phoenix-Mesa-Scottsdale, AZ",3037,1x1,642,1513,09/03/2024,False
Audere Apartments,"Phoenix-Mesa-Scottsdale, AZ",3037,1x1,642,1513,09/04/2024,False
Audere Apartments,"Phoenix-Mesa-Scottsdale, AZ",3037,1x1,642,1513,09/05/2024,False
Audere Apartments,"Phoenix-Mesa-Scottsdale, AZ",3037,1x1,642,1513,09/06/2024,False
Audere Apartments,"Phoenix-Mesa-Scottsdale, AZ",3037,1x1,642,1513,09/07/2024,False
Audere Apartments,"Phoenix-Mesa-Scottsdale, AZ",3037,1x1,642,1513,09/08/2024,False
Audere Apartments,"Phoenix-Mesa-Scottsdale, AZ",3037,1x1,642,1513,09/09/2024,False
Audere Apartments,"Phoenix-Mesa-Scottsdale, AZ",3037,1x1,642,1513,09/10/2024,False
Audere Apartments,"Phoenix-Mesa-Scottsdale, AZ",3037,1x1,642,1513,09/11/2024,False
Audere Apartments,"Phoenix-Mesa-Scottsdale, AZ",3037,1x1,642,1482,09/12/2024,False
Audere Apartments,"Phoenix-Mesa-Scottsdale, AZ",3037,1x1,642,1452,09/13/2024,False
Audere Apartments,"Phoenix-Mesa-Scottsdale, AZ",3037,1x1,642,1452,09/14/2024,False
Audere Apartments,"Phoenix-Mesa-Scottsdale, AZ",3037,1x1,642,1452,09/15/2024,False
Audere Apartments,"Phoenix-Mesa-Scottsdale, AZ",3037,1x1,642,1422,09/16/2024,False
Audere Apartments,"Phoenix-Mesa-Scottsdale, AZ",3037,1x1,642,1405,09/17/2024,False
Audere Apartments,"Phoenix-Mesa-Scottsdale, AZ",3037,1x1,642,1405,09/18/2024,False
Audere Apartments,"Phoenix-Mesa-Scottsdale, AZ",3037,1x1,642,1405,09/19/2024,False
Audere Apartments,"Phoenix-Mesa-Scottsdale, AZ",3037,1x1,642,1376,09/20/2024,False
Audere Apartments,"Phoenix-Mesa-Scottsdale, AZ",3037,1x1,642,1376,09/21/2024,False
Audere Apartments,"Phoenix-Mesa-Scottsdale, AZ",3037,1x1,642,1405,09/22/2024,False
Audere Apartments,"Phoenix-Mesa-Scottsdale, AZ",3037,1x1,642,1420,09/23/2024,False
Audere Apartments,"Phoenix-Mesa-Scottsdale, AZ",3037,1x1,642,1434,09/24/2024,False
Audere Apartments,"Phoenix-Mesa-Scottsdale, AZ",3037,1x1,642,1445,09/25/2024,False
Audere Apartments,"Phoenix-Mesa-Scottsdale, AZ",3037,1x1,642,1386,09/26/2024,False
Audere Apartments,"Phoenix-Mesa-Scottsdale, AZ",3037,1x1,642,1386,09/27/2024,False
Audere Apartments,"Phoenix-Mesa-Scottsdale, AZ",3037,1x1,642,1386,09/28/2024,False
Audere Apartments,"Phoenix-Mesa-Scottsdale, AZ",3037,1x1,642,1415,09/29/2024,False
Audere Apartments,"Phoenix-Mesa-Scottsdale, AZ",3037,1x1,642,1415,09/30/2024,False
Audere Apartments,"Phoenix-Mesa-Scottsdale, AZ",3037,1x1,642,1415,10/01/2024,False
Audere Apartments,"Phoenix-Mesa-Scottsdale, AZ",3037,1x1,642,1467,10/02/2024,False
Audere Apartments,"Phoenix-Mesa-Scottsdale, AZ",3037,1x1,642,1481,10/03/2024,False
Audere Apartments,"Phoenix-Mesa-Scottsdale, AZ",3037,1x1,642,1421,10/04/2024,False
Audere Apartments,"Phoenix-Mesa-Scottsdale, AZ",3037,1x1,642,1421,10/05/2024,False
Audere Apartments,"Phoenix-Mesa-Scottsdale, AZ",3037,1x1,642,1421,10/06/2024,False
Audere Apartments,"Phoenix-Mesa-Scottsdale, AZ",3037,1x1,642,1391,10/07/2024,False
Audere Apartments,"Phoenix-Mesa-Scottsdale, AZ",3037,1x1,642,1391,10/08/2024,False
Audere Apartments,"Phoenix-Mesa-Scottsdale, AZ",3037,1x1,642,1363,10/09/2024,False
Audere Apartments,"Phoenix-Mesa-Scottsdale, AZ",3037,1x1,642,1335,10/10/2024,False
Audere Apartments,"Phoenix-Mesa-Scottsdale, AZ",3037,1x1,642,1343,10/11/2024,False
Audere Apartments,"Phoenix-Mesa-Scottsdale, AZ",3037,1x1,642,1371,10/12/2024,False
Audere Apartments,"Phoenix-Mesa-Scottsdale, AZ",3037,1x1,642,1371,10/13/2024,False
Audere Apartments,"Phoenix-Mesa-Scottsdale, AZ",3037,1x1,642,1386,10/14/2024,False
Audere Apartments,"Phoenix-Mesa-Scottsdale, AZ",3037,1x1,642,1419,10/15/2024,False
Audere Apartments,"Phoenix-Mesa-Scottsdale, AZ",3037,1x1,642,1433,10/16/2024,False
Audere Apartments,"Phoenix-Mesa-Scottsdale, AZ",3037,1x1,642,1447,10/17/2024,False
Audere Apartments,"Phoenix-Mesa-Scottsdale, AZ",3037,1x1,642,1461,10/18/2024,False
Audere Apartments,"Phoenix-Mesa-Scottsdale, AZ",3037,1x1,642,1461,10/19/2024,False
Audere Apartments,"Phoenix-Mesa-Scottsdale, AZ",3037,1x1,642,1461,10/20/2024,False
Audere Apartments,"Phoenix-Mesa-Scottsdale, AZ",3037,1x1,642,1475,10/21/2024,False
Audere Apartments,"Phoenix-Mesa-Scottsdale, AZ",3037,1x1,642,1489,10/22/2024,False
Audere Apartments,"Phoenix-Mesa-Scottsdale, AZ",3037,1x1,642,1504,10/23/2024,False
Audere Apartments,"Phoenix-Mesa-Scottsdale, AZ",3037,1x1,642,1505,10/24/2024,False
Audere Apartments,"Phoenix-Mesa-Scottsdale, AZ",3037,1x1,642,1505,10/25/2024,False
Audere Apartments,"Phoenix-Mesa-Scottsdale, AZ",3037,1x1,642,1520,10/26/2024,False
Audere Apartments,"Phoenix-Mesa-Scottsdale, AZ",3037,1x1,642,1520,10/27/2024,False
Audere Apartments,"Phoenix-Mesa-Scottsdale, AZ",3037,1x1,642,1535,10/28/2024,False
Audere Apartments,"Phoenix-Mesa-Scottsdale, AZ",3037,1x1,642,1545,10/29/2024,False
Audere Apartments,"Phoenix-Mesa-Scottsdale, AZ",3037,1x1,642,1560,10/30/2024,False
Audere Apartments,"Phoenix-Mesa-Scottsdale, AZ",3037,1x1,642,1575,10/31/2024,False
Audere Apartments,"Phoenix-Mesa-Scottsdale, AZ",3037,1x1,642,1575,11/01/2024,False
Audere Apartments,"Phoenix-Mesa-Scottsdale, AZ",3037,1x1,642,1599,11/02/2024,False
Audere Apartments,"Phoenix-Mesa-Scottsdale, AZ",3037,1x1,642,1599,11/03/2024,False
Audere Apartments,"Phoenix-Mesa-Scottsdale, AZ",3037,1x1,642,1568,11/04/2024,False
Audere Apartments,"Phoenix-Mesa-Scottsdale, AZ",3037,1x1,642,1479,11/05/2024,False
Audere Apartments,"Phoenix-Mesa-Scottsdale, AZ",3037,1x1,642,1449,11/06/2024,False
Audere Apartments,"Phoenix-Mesa-Scottsdale, AZ",3037,1x1,642,1464,11/07/2024,False
Audere Apartments,"Phoenix-Mesa-Scottsdale, AZ",3037,1x1,642,1464,11/08/2024,False
Audere Apartments,"Phoenix-Mesa-Scottsdale, AZ",3037,1x1,642,1464,11/09/2024,False
Audere Apartments,"Phoenix-Mesa-Scottsdale, AZ",3037,1x1,642,1464,11/10/2024,False
Audere Apartments,"Phoenix-Mesa-Scottsdale, AZ",3037,1x1,642,1435,11/11/2024,False
Audere Apartments,"Phoenix-Mesa-Scottsdale, AZ",3037,1x1,642,1435,11/12/2024,False
Audere Apartments,"Phoenix-Mesa-Scottsdale, AZ",3037,1x1,642,1435,11/13/2024,False
Audere Apartments,"Phoenix-Mesa-Scottsdale, AZ",3037,1x1,642,1435,11/14/2024,False
Audere Apartments,"Phoenix-Mesa-Scottsdale, AZ",3037,1x1,642,1435,11/15/2024,False
Audere Apartments,"Phoenix-Mesa-Scottsdale, AZ",3037,1x1,642,1431,11/16/2024,False
Audere Apartments,"Phoenix-Mesa-Scottsdale, AZ",3037,1x1,642,1428,11/17/2024,False
Audere Apartments,"Phoenix-Mesa-Scottsdale, AZ",3037,1x1,642,1424,11/18/2024,False
Audere Apartments,"Phoenix-Mesa-Scottsdale, AZ",3037,1x1,642,1392,11/19/2024,False
Audere Apartments,"Phoenix-Mesa-Scottsdale, AZ",3037,1x1,642,1466,11/20/2024,False
Audere Apartments,"Phoenix-Mesa-Scottsdale, AZ",3037,1x1,642,1412,11/21/2024,False
Audere Apartments,"Phoenix-Mesa-Scottsdale, AZ",3037,1x1,642,1422,11/22/2024,False
Audere Apartments,"Phoenix-Mesa-Scottsdale, AZ",3037,1x1,642,1422,11/23/2024,True
Audere Apartments,"Phoenix-Mesa-Scottsdale, AZ",3038,2x2,1040,1929,12/17/2024,False
Audere Apartments,"Phoenix-Mesa-Scottsdale, AZ",3038,2x2,1040,1888,12/18/2024,False
Audere Apartments,"Phoenix-Mesa-Scottsdale, AZ",3038,2x2,1040,1864,12/19/2024,False
Audere Apartments,"Phoenix-Mesa-Scottsdale, AZ",3038,2x2,1040,1864,12/20/2024,False
Audere Apartments,"Phoenix-Mesa-Scottsdale, AZ",3038,2x2,1040,1864,12/21/2024,False
Audere Apartments,"Phoenix-Mesa-Scottsdale, AZ",3038,2x2,1040,1864,12/22/2024,False
Audere Apartments,"Phoenix-Mesa-Scottsdale, AZ",3038,2x2,1040,1864,12/23/2024,False
Audere Apartments,"Phoenix-Mesa-Scottsdale, AZ",3038,2x2,1040,1864,12/24/2024,False
Audere Apartments,"Phoenix-Mesa-Scottsdale, AZ",3038,2x2,1040,1864,12/25/2024,False
Audere Apartments,"Phoenix-Mesa-Scottsdale, AZ",3038,2x2,1040,1864,12/26/2024,False
Audere Apartments,"Phoenix-Mesa-Scottsdale, AZ",3038,2x2,1040,1864,12/27/2024,False
Audere Apartments,"Phoenix-Mesa-Scottsdale, AZ",3038,2x2,1040,1864,12/28/2024,False
Audere Apartments,"Phoenix-Mesa-Scottsdale, AZ",3038,2x2,1040,1864,12/29/2024,False
Audere Apartments,"Phoenix-Mesa-Scottsdale, AZ",3038,2x2,1040,1864,12/30/2024,False
Audere Apartments,"Phoenix-Mesa-Scottsdale, AZ",3038,2x2,1040,1760,12/31/2024,False
Audere Apartments,"Phoenix-Mesa-Scottsdale, AZ",3038,2x2,1040,1798,01/01/2025,False
Audere Apartments,"Phoenix-Mesa-Scottsdale, AZ",3038,2x2,1040,1766,01/02/2025,False
Audere Apartments,"Phoenix-Mesa-Scottsdale, AZ",3038,2x2,1040,1728,01/03/2025,False
Audere Apartments,"Phoenix-Mesa-Scottsdale, AZ",3038,2x2,1040,1773,01/04/2025,False
Audere Apartments,"Phoenix-Mesa-Scottsdale, AZ",3038,2x2,1040,1773,01/05/2025,False
Audere Apartments,"Phoenix-Mesa-Scottsdale, AZ",3038,2x2,1040,1735,01/06/2025,False
Audere Apartments,"Phoenix-Mesa-Scottsdale, AZ",3038,2x2,1040,1698,01/07/2025,False
Audere Apartments,"Phoenix-Mesa-Scottsdale, AZ",3038,2x2,1040,1662,01/08/2025,False
Audere Apartments,"Phoenix-Mesa-Scottsdale, AZ",3038,2x2,1040,1626,01/09/2025,False
Audere Apartments,"Phoenix-Mesa-Scottsdale, AZ",3038,2x2,1040,1700,01/10/2025,False
Audere Apartments,"Phoenix-Mesa-Scottsdale, AZ",3038,2x2,1040,1710,01/11/2025,False
Audere Apartments,"Phoenix-Mesa-Scottsdale, AZ",3038,2x2,1040,1710,01/12/2025,True
Audere Apartments,"Phoenix-Mesa-Scottsdale, AZ",3039,1x1,642,1550,09/23/2023,False
Audere Apartments,"Phoenix-Mesa-Scottsdale, AZ",3039,1x1,642,1540,09/24/2023,False
Audere Apartments,"Phoenix-Mesa-Scottsdale, AZ",3039,1x1,642,1540,09/25/2023,False
Audere Apartments,"Phoenix-Mesa-Scottsdale, AZ",3039,1x1,642,1550,09/26/2023,False
Audere Apartments,"Phoenix-Mesa-Scottsdale, AZ",3039,1x1,642,1550,09/27/2023,False
Audere Apartments,"Phoenix-Mesa-Scottsdale, AZ",3039,1x1,642,1540,09/28/2023,False
Audere Apartments,"Phoenix-Mesa-Scottsdale, AZ",3039,1x1,642,1530,09/29/2023,False
Audere Apartments,"Phoenix-Mesa-Scottsdale, AZ",3039,1x1,642,1530,09/30/2023,False
Audere Apartments,"Phoenix-Mesa-Scottsdale, AZ",3039,1x1,642,1540,10/01/2023,False
Audere Apartments,"Phoenix-Mesa-Scottsdale, AZ",3039,1x1,642,1540,10/02/2023,False
Audere Apartments,"Phoenix-Mesa-Scottsdale, AZ",3039,1x1,642,1545,10/03/2023,False
Audere Apartments,"Phoenix-Mesa-Scottsdale, AZ",3039,1x1,642,1545,10/04/2023,False
Audere Apartments,"Phoenix-Mesa-Scottsdale, AZ",3039,1x1,642,1545,10/05/2023,False
Audere Apartments,"Phoenix-Mesa-Scottsdale, AZ",3039,1x1,642,1540,10/06/2023,False
Audere Apartments,"Phoenix-Mesa-Scottsdale, AZ",3039,1x1,642,1540,10/07/2023,False
Audere Apartments,"Phoenix-Mesa-Scottsdale, AZ",3039,1x1,642,1550,10/08/2023,False
Audere Apartments,"Phoenix-Mesa-Scottsdale, AZ",3039,1x1,642,1550,10/09/2023,False
Audere Apartments,"Phoenix-Mesa-Scottsdale, AZ",3039,1x1,642,1550,10/10/2023,False
Audere Apartments,"Phoenix-Mesa-Scottsdale, AZ",3039,1x1,642,1555,10/11/2023,False
Audere Apartments,"Phoenix-Mesa-Scottsdale, AZ",3039,1x1,642,1555,10/12/2023,False
Audere Apartments,"Phoenix-Mesa-Scottsdale, AZ",3039,1x1,642,1555,10/13/2023,False
Audere Apartments,"Phoenix-Mesa-Scottsdale, AZ",3039,1x1,642,1570,10/14/2023,False
Audere Apartments,"Phoenix-Mesa-Scottsdale, AZ",3039,1x1,642,1570,10/15/2023,False
Audere Apartments,"Phoenix-Mesa-Scottsdale, AZ",3039,1x1,642,1570,10/16/2023,False
Audere Apartments,"Phoenix-Mesa-Scottsdale, AZ",3039,1x1,642,1575,10/17/2023,False
Audere Apartments,"Phoenix-Mesa-Scottsdale, AZ",3039,1x1,642,1565,10/18/2023,False
Audere Apartments,"Phoenix-Mesa-Scottsdale, AZ",3039,1x1,642,1570,10/19/2023,False
Audere Apartments,"Phoenix-Mesa-Scottsdale, AZ",3039,1x1,642,1555,10/20/2023,False
Audere Apartments,"Phoenix-Mesa-Scottsdale, AZ",3039,1x1,642,1570,10/21/2023,False
Audere Apartments,"Phoenix-Mesa-Scottsdale, AZ",3039,1x1,642,1570,10/22/2023,False
Audere Apartments,"Phoenix-Mesa-Scottsdale, AZ",3039,1x1,642,1570,10/23/2023,False
Audere Apartments,"Phoenix-Mesa-Scottsdale, AZ",3039,1x1,642,1575,10/24/2023,False
Audere Apartments,"Phoenix-Mesa-Scottsdale, AZ",3039,1x1,642,1595,10/25/2023,False
Audere Apartments,"Phoenix-Mesa-Scottsdale, AZ",3039,1x1,642,1610,10/26/2023,False
Audere Apartments,"Phoenix-Mesa-Scottsdale, AZ",3039,1x1,642,1615,10/27/2023,False
Audere Apartments,"Phoenix-Mesa-Scottsdale, AZ",3039,1x1,642,1615,10/28/2023,False
Audere Apartments,"Phoenix-Mesa-Scottsdale, AZ",3039,1x1,642,1615,10/29/2023,False
Audere Apartments,"Phoenix-Mesa-Scottsdale, AZ",3039,1x1,642,1615,10/30/2023,False
Audere Apartments,"Phoenix-Mesa-Scottsdale, AZ",3039,1x1,642,1620,10/31/2023,False
Audere Apartments,"Phoenix-Mesa-Scottsdale, AZ",3039,1x1,642,1570,11/01/2023,False
Audere Apartments,"Phoenix-Mesa-Scottsdale, AZ",3039,1x1,642,1570,11/02/2023,False
Audere Apartments,"Phoenix-Mesa-Scottsdale, AZ",3039,1x1,642,1570,11/03/2023,False
Audere Apartments,"Phoenix-Mesa-Scottsdale, AZ",3039,1x1,642,1570,11/04/2023,False
Audere Apartments,"Phoenix-Mesa-Scottsdale, AZ",3039,1x1,642,1565,11/05/2023,False
Audere Apartments,"Phoenix-Mesa-Scottsdale, AZ",3039,1x1,642,1565,11/06/2023,False
Audere Apartments,"Phoenix-Mesa-Scottsdale, AZ",3039,1x1,642,1580,11/07/2023,False
Audere Apartments,"Phoenix-Mesa-Scottsdale, AZ",3039,1x1,642,1580,11/08/2023,False
Audere Apartments,"Phoenix-Mesa-Scottsdale, AZ",3039,1x1,642,1580,11/09/2023,False
Audere Apartments,"Phoenix-Mesa-Scottsdale, AZ",3039,1x1,642,1580,11/10/2023,False
Audere Apartments,"Phoenix-Mesa-Scottsdale, AZ",3039,1x1,642,1580,11/11/2023,True
Audere Apartments,"Phoenix-Mesa-Scottsdale, AZ",3039,1x1,642,1528,04/25/2025,False
Audere Apartments,"Phoenix-Mesa-Scottsdale, AZ",3039,1x1,642,1528,04/26/2025,False
Audere Apartments,"Phoenix-Mesa-Scottsdale, AZ",3039,1x1,642,1528,04/27/2025,True
Audere Apartments,"Phoenix-Mesa-Scottsdale, AZ",3040,2x2,1040,1709,05/05/2024,False
Audere Apartments,"Phoenix-Mesa-Scottsdale, AZ",3040,2x2,1040,1681,05/06/2024,False
Audere Apartments,"Phoenix-Mesa-Scottsdale, AZ",3040,2x2,1040,1681,05/07/2024,False
Audere Apartments,"Phoenix-Mesa-Scottsdale, AZ",3040,2x2,1040,1681,05/08/2024,False
Audere Apartments,"Phoenix-Mesa-Scottsdale, AZ",3040,2x2,1040,1681,05/09/2024,False
Audere Apartments,"Phoenix-Mesa-Scottsdale, AZ",3040,2x2,1040,1606,05/10/2024,False
Audere Apartments,"Phoenix-Mesa-Scottsdale, AZ",3040,2x2,1040,1606,05/11/2024,False
Audere Apartments,"Phoenix-Mesa-Scottsdale, AZ",3040,2x2,1040,1606,05/12/2024,True
Audere Apartments,"Phoenix-Mesa-Scottsdale, AZ",3041,2x2,1040,2020,06/22/2023,False
Audere Apartments,"Phoenix-Mesa-Scottsdale, AZ",3041,2x2,1040,2020,06/23/2023,False
Audere Apartments,"Phoenix-Mesa-Scottsdale, AZ",3041,2x2,1040,2025,06/24/2023,False
Audere Apartments,"Phoenix-Mesa-Scottsdale, AZ",3041,2x2,1040,2035,06/25/2023,False
Audere Apartments,"Phoenix-Mesa-Scottsdale, AZ",3041,2x2,1040,2035,06/26/2023,False
Audere Apartments,"Phoenix-Mesa-Scottsdale, AZ",3041,2x2,1040,2035,06/27/2023,False
Audere Apartments,"Phoenix-Mesa-Scottsdale, AZ",3041,2x2,1040,2030,06/28/2023,False
Audere Apartments,"Phoenix-Mesa-Scottsdale, AZ",3041,2x2,1040,2065,06/29/2023,False
Audere Apartments,"Phoenix-Mesa-Scottsdale, AZ",3041,2x2,1040,2055,06/30/2023,False
Audere Apartments,"Phoenix-Mesa-Scottsdale, AZ",3041,2x2,1040,2060,07/01/2023,False
Audere Apartments,"Phoenix-Mesa-Scottsdale, AZ",3041,2x2,1040,2060,07/02/2023,False
Audere Apartments,"Phoenix-Mesa-Scottsdale, AZ",3041,2x2,1040,2060,07/03/2023,False
Audere Apartments,"Phoenix-Mesa-Scottsdale, AZ",3041,2x2,1040,2065,07/04/2023,False
Audere Apartments,"Phoenix-Mesa-Scottsdale, AZ",3041,2x2,1040,2060,07/05/2023,False
Audere Apartments,"Phoenix-Mesa-Scottsdale, AZ",3041,2x2,1040,2065,07/06/2023,False
Audere Apartments,"Phoenix-Mesa-Scottsdale, AZ",3041,2x2,1040,2050,07/07/2023,False
Audere Apartments,"Phoenix-Mesa-Scottsdale, AZ",3041,2x2,1040,2050,07/08/2023,True
Audere Apartments,"Phoenix-Mesa-Scottsdale, AZ",3041,2x2,1040,1973,05/30/2024,False
Audere Apartments,"Phoenix-Mesa-Scottsdale, AZ",3041,2x2,1040,2004,05/31/2024,False
Audere Apartments,"Phoenix-Mesa-Scottsdale, AZ",3041,2x2,1040,1973,06/01/2024,False
Audere Apartments,"Phoenix-Mesa-Scottsdale, AZ",3041,2x2,1040,1973,06/02/2024,False
Audere Apartments,"Phoenix-Mesa-Scottsdale, AZ",3041,2x2,1040,1973,06/03/2024,False
Audere Apartments,"Phoenix-Mesa-Scottsdale, AZ",3041,2x2,1040,2004,06/04/2024,False
Audere Apartments,"Phoenix-Mesa-Scottsdale, AZ",3041,2x2,1040,2002,06/05/2024,False
Audere Apartments,"Phoenix-Mesa-Scottsdale, AZ",3041,2x2,1040,2021,06/06/2024,False
Audere Apartments,"Phoenix-Mesa-Scottsdale, AZ",3041,2x2,1040,2021,06/07/2024,False
Audere Apartments,"Phoenix-Mesa-Scottsdale, AZ",3041,2x2,1040,2021,06/08/2024,False
Audere Apartments,"Phoenix-Mesa-Scottsdale, AZ",3041,2x2,1040,2021,06/09/2024,False
Audere Apartments,"Phoenix-Mesa-Scottsdale, AZ",3041,2x2,1040,2084,06/10/2024,False
Audere Apartments,"Phoenix-Mesa-Scottsdale, AZ",3041,2x2,1040,2084,06/11/2024,False
Audere Apartments,"Phoenix-Mesa-Scottsdale, AZ",3041,2x2,1040,2109,06/12/2024,False
Audere Apartments,"Phoenix-Mesa-Scottsdale, AZ",3041,2x2,1040,2109,06/13/2024,False
Audere Apartments,"Phoenix-Mesa-Scottsdale, AZ",3041,2x2,1040,2109,06/14/2024,False
Audere Apartments,"Phoenix-Mesa-Scottsdale, AZ",3041,2x2,1040,2109,06/15/2024,False
Audere Apartments,"Phoenix-Mesa-Scottsdale, AZ",3041,2x2,1040,2109,06/16/2024,False
Audere Apartments,"Phoenix-Mesa-Scottsdale, AZ",3041,2x2,1040,2026,06/17/2024,False
Audere Apartments,"Phoenix-Mesa-Scottsdale, AZ",3041,2x2,1040,2026,06/18/2024,False
Audere Apartments,"Phoenix-Mesa-Scottsdale, AZ",3041,2x2,1040,2026,06/19/2024,False
Audere Apartments,"Phoenix-Mesa-Scottsdale, AZ",3041,2x2,1040,2026,06/20/2024,False
Audere Apartments,"Phoenix-Mesa-Scottsdale, AZ",3041,2x2,1040,1945,06/21/2024,False
Audere Apartments,"Phoenix-Mesa-Scottsdale, AZ",3041,2x2,1040,1945,06/22/2024,False
Audere Apartments,"Phoenix-Mesa-Scottsdale, AZ",3041,2x2,1040,1945,06/23/2024,False
Audere Apartments,"Phoenix-Mesa-Scottsdale, AZ",3041,2x2,1040,1905,06/24/2024,False
Audere Apartments,"Phoenix-Mesa-Scottsdale, AZ",3041,2x2,1040,1944,06/25/2024,False
Audere Apartments,"Phoenix-Mesa-Scottsdale, AZ",3041,2x2,1040,1944,06/26/2024,False
Audere Apartments,"Phoenix-Mesa-Scottsdale, AZ",3041,2x2,1040,1984,06/27/2024,False
Audere Apartments,"Phoenix-Mesa-Scottsdale, AZ",3041,2x2,1040,1984,06/28/2024,False
Audere Apartments,"Phoenix-Mesa-Scottsdale, AZ",3041,2x2,1040,1984,06/29/2024,False
Audere Apartments,"Phoenix-Mesa-Scottsdale, AZ",3041,2x2,1040,1984,06/30/2024,False
Audere Apartments,"Phoenix-Mesa-Scottsdale, AZ",3041,2x2,1040,2020,07/01/2024,False
Audere Apartments,"Phoenix-Mesa-Scottsdale, AZ",3041,2x2,1040,2061,07/02/2024,False
Audere Apartments,"Phoenix-Mesa-Scottsdale, AZ",3041,2x2,1040,2086,07/03/2024,False
Audere Apartments,"Phoenix-Mesa-Scottsdale, AZ",3041,2x2,1040,2089,07/04/2024,False
Audere Apartments,"Phoenix-Mesa-Scottsdale, AZ",3041,2x2,1040,2089,07/05/2024,False
Audere Apartments,"Phoenix-Mesa-Scottsdale, AZ",3041,2x2,1040,2089,07/06/2024,False
Audere Apartments,"Phoenix-Mesa-Scottsdale, AZ",3041,2x2,1040,2089,07/07/2024,False
Audere Apartments,"Phoenix-Mesa-Scottsdale, AZ",3041,2x2,1040,2132,07/08/2024,False
Audere Apartments,"Phoenix-Mesa-Scottsdale, AZ",3041,2x2,1040,2132,07/09/2024,False
Audere Apartments,"Phoenix-Mesa-Scottsdale, AZ",3041,2x2,1040,2089,07/10/2024,False
Audere Apartments,"Phoenix-Mesa-Scottsdale, AZ",3041,2x2,1040,2046,07/11/2024,False
Audere Apartments,"Phoenix-Mesa-Scottsdale, AZ",3041,2x2,1040,2004,07/12/2024,False
Audere Apartments,"Phoenix-Mesa-Scottsdale, AZ",3041,2x2,1040,2008,07/13/2024,False
Audere Apartments,"Phoenix-Mesa-Scottsdale, AZ",3041,2x2,1040,2008,07/14/2024,False
Audere Apartments,"Phoenix-Mesa-Scottsdale, AZ",3041,2x2,1040,1984,07/15/2024,False
Audere Apartments,"Phoenix-Mesa-Scottsdale, AZ",3041,2x2,1040,1944,07/16/2024,False
Audere Apartments,"Phoenix-Mesa-Scottsdale, AZ",3041,2x2,1040,1944,07/17/2024,False
Audere Apartments,"Phoenix-Mesa-Scottsdale, AZ",3041,2x2,1040,1904,07/18/2024,False
Audere Apartments,"Phoenix-Mesa-Scottsdale, AZ",3041,2x2,1040,1865,07/19/2024,False
Audere Apartments,"Phoenix-Mesa-Scottsdale, AZ",3041,2x2,1040,1865,07/20/2024,False
Audere Apartments,"Phoenix-Mesa-Scottsdale, AZ",3041,2x2,1040,1865,07/21/2024,False
Audere Apartments,"Phoenix-Mesa-Scottsdale, AZ",3041,2x2,1040,1842,07/22/2024,False
Audere Apartments,"Phoenix-Mesa-Scottsdale, AZ",3041,2x2,1040,1799,07/23/2024,False
Audere Apartments,"Phoenix-Mesa-Scottsdale, AZ",3041,2x2,1040,1772,07/24/2024,False
Audere Apartments,"Phoenix-Mesa-Scottsdale, AZ",3041,2x2,1040,1772,07/25/2024,False
Audere Apartments,"Phoenix-Mesa-Scottsdale, AZ",3041,2x2,1040,1815,07/26/2024,False
Audere Apartments,"Phoenix-Mesa-Scottsdale, AZ",3041,2x2,1040,1815,07/27/2024,False
Audere Apartments,"Phoenix-Mesa-Scottsdale, AZ",3041,2x2,1040,1815,07/28/2024,False
Audere Apartments,"Phoenix-Mesa-Scottsdale, AZ",3041,2x2,1040,1815,07/29/2024,False
Audere Apartments,"Phoenix-Mesa-Scottsdale, AZ",3041,2x2,1040,1815,07/30/2024,False
Audere Apartments,"Phoenix-Mesa-Scottsdale, AZ",3041,2x2,1040,1815,07/31/2024,False
Audere Apartments,"Phoenix-Mesa-Scottsdale, AZ",3041,2x2,1040,1815,08/01/2024,False
Audere Apartments,"Phoenix-Mesa-Scottsdale, AZ",3041,2x2,1040,1778,08/02/2024,False
Audere Apartments,"Phoenix-Mesa-Scottsdale, AZ",3041,2x2,1040,1778,08/03/2024,False
Audere Apartments,"Phoenix-Mesa-Scottsdale, AZ",3041,2x2,1040,1778,08/04/2024,False
Audere Apartments,"Phoenix-Mesa-Scottsdale, AZ",3041,2x2,1040,1778,08/05/2024,False
Audere Apartments,"Phoenix-Mesa-Scottsdale, AZ",3041,2x2,1040,1738,08/06/2024,False
Audere Apartments,"Phoenix-Mesa-Scottsdale, AZ",3041,2x2,1040,1738,08/07/2024,False
Audere Apartments,"Phoenix-Mesa-Scottsdale, AZ",3041,2x2,1040,1766,08/08/2024,False
Audere Apartments,"Phoenix-Mesa-Scottsdale, AZ",3041,2x2,1040,1770,08/09/2024,False
Audere Apartments,"Phoenix-Mesa-Scottsdale, AZ",3041,2x2,1040,1770,08/10/2024,False
Audere Apartments,"Phoenix-Mesa-Scottsdale, AZ",3041,2x2,1040,1770,08/11/2024,False
Audere Apartments,"Phoenix-Mesa-Scottsdale, AZ",3041,2x2,1040,1806,08/12/2024,False
Audere Apartments,"Phoenix-Mesa-Scottsdale, AZ",3041,2x2,1040,1829,08/13/2024,False
Audere Apartments,"Phoenix-Mesa-Scottsdale, AZ",3041,2x2,1040,1861,08/14/2024,False
Audere Apartments,"Phoenix-Mesa-Scottsdale, AZ",3041,2x2,1040,1864,08/15/2024,False
Audere Apartments,"Phoenix-Mesa-Scottsdale, AZ",3041,2x2,1040,1795,08/16/2024,False
Audere Apartments,"Phoenix-Mesa-Scottsdale, AZ",3041,2x2,1040,1795,08/17/2024,False
Audere Apartments,"Phoenix-Mesa-Scottsdale, AZ",3041,2x2,1040,1790,08/18/2024,False
Audere Apartments,"Phoenix-Mesa-Scottsdale, AZ",3041,2x2,1040,1820,08/19/2024,False
Audere Apartments,"Phoenix-Mesa-Scottsdale, AZ",3041,2x2,1040,1851,08/20/2024,False
Audere Apartments,"Phoenix-Mesa-Scottsdale, AZ",3041,2x2,1040,1884,08/21/2024,False
Audere Apartments,"Phoenix-Mesa-Scottsdale, AZ",3041,2x2,1040,1917,08/22/2024,False
Audere Apartments,"Phoenix-Mesa-Scottsdale, AZ",3041,2x2,1040,1911,08/23/2024,False
Audere Apartments,"Phoenix-Mesa-Scottsdale, AZ",3041,2x2,1040,1905,08/24/2024,False
Audere Apartments,"Phoenix-Mesa-Scottsdale, AZ",3041,2x2,1040,1900,08/25/2024,False
Audere Apartments,"Phoenix-Mesa-Scottsdale, AZ",3041,2x2,1040,1856,08/26/2024,False
Audere Apartments,"Phoenix-Mesa-Scottsdale, AZ",3041,2x2,1040,1811,08/27/2024,False
Audere Apartments,"Phoenix-Mesa-Scottsdale, AZ",3041,2x2,1040,1829,08/28/2024,False
Audere Apartments,"Phoenix-Mesa-Scottsdale, AZ",3041,2x2,1040,1866,08/29/2024,False
Audere Apartments,"Phoenix-Mesa-Scottsdale, AZ",3041,2x2,1040,1814,08/30/2024,False
Audere Apartments,"Phoenix-Mesa-Scottsdale, AZ",3041,2x2,1040,1814,08/31/2024,False
Audere Apartments,"Phoenix-Mesa-Scottsdale, AZ",3041,2x2,1040,1814,09/01/2024,False
Audere Apartments,"Phoenix-Mesa-Scottsdale, AZ",3041,2x2,1040,1863,09/02/2024,False
Audere Apartments,"Phoenix-Mesa-Scottsdale, AZ",3041,2x2,1040,1905,09/03/2024,False
Audere Apartments,"Phoenix-Mesa-Scottsdale, AZ",3041,2x2,1040,1924,09/04/2024,False
Audere Apartments,"Phoenix-Mesa-Scottsdale, AZ",3041,2x2,1040,1885,09/05/2024,False
Audere Apartments,"Phoenix-Mesa-Scottsdale, AZ",3041,2x2,1040,1831,09/06/2024,False
Audere Apartments,"Phoenix-Mesa-Scottsdale, AZ",3041,2x2,1040,1831,09/07/2024,False
Audere Apartments,"Phoenix-Mesa-Scottsdale, AZ",3041,2x2,1040,1831,09/08/2024,False
Audere Apartments,"Phoenix-Mesa-Scottsdale, AZ",3041,2x2,1040,1794,09/09/2024,False
Audere Apartments,"Phoenix-Mesa-Scottsdale, AZ",3041,2x2,1040,1757,09/10/2024,False
Audere Apartments,"Phoenix-Mesa-Scottsdale, AZ",3041,2x2,1040,1757,09/11/2024,False
Audere Apartments,"Phoenix-Mesa-Scottsdale, AZ",3041,2x2,1040,1721,09/12/2024,False
Audere Apartments,"Phoenix-Mesa-Scottsdale, AZ",3041,2x2,1040,1721,09/13/2024,False
Audere Apartments,"Phoenix-Mesa-Scottsdale, AZ",3041,2x2,1040,1721,09/14/2024,False
Audere Apartments,"Phoenix-Mesa-Scottsdale, AZ",3041,2x2,1040,1721,09/15/2024,False
Audere Apartments,"Phoenix-Mesa-Scottsdale, AZ",3041,2x2,1040,1686,09/16/2024,False
Audere Apartments,"Phoenix-Mesa-Scottsdale, AZ",3041,2x2,1040,1686,09/17/2024,False
Audere Apartments,"Phoenix-Mesa-Scottsdale, AZ",3041,2x2,1040,1651,09/18/2024,False
Audere Apartments,"Phoenix-Mesa-Scottsdale, AZ",3041,2x2,1040,1633,09/19/2024,False
Audere Apartments,"Phoenix-Mesa-Scottsdale, AZ",3041,2x2,1040,1633,09/20/2024,False
Audere Apartments,"Phoenix-Mesa-Scottsdale, AZ",3041,2x2,1040,1633,09/21/2024,False
Audere Apartments,"Phoenix-Mesa-Scottsdale, AZ",3041,2x2,1040,1633,09/22/2024,False
Audere Apartments,"Phoenix-Mesa-Scottsdale, AZ",3041,2x2,1040,1633,09/23/2024,True
Audere Apartments,"Phoenix-Mesa-Scottsdale, AZ",3042,1x1,642,1318,07/27/2024,False
Audere Apartments,"Phoenix-Mesa-Scottsdale, AZ",3042,1x1,642,1318,07/28/2024,False
Audere Apartments,"Phoenix-Mesa-Scottsdale, AZ",3042,1x1,642,1318,07/29/2024,False
Audere Apartments,"Phoenix-Mesa-Scottsdale, AZ",3042,1x1,642,1318,07/30/2024,False
Audere Apartments,"Phoenix-Mesa-Scottsdale, AZ",3042,1x1,642,1318,07/31/2024,True
Audere Apartments,"Phoenix-Mesa-Scottsdale, AZ",3043,2x2,1040,1864,09/05/2024,False
Audere Apartments,"Phoenix-Mesa-Scottsdale, AZ",3043,2x2,1040,1825,09/06/2024,False
Audere Apartments,"Phoenix-Mesa-Scottsdale, AZ",3043,2x2,1040,1825,09/07/2024,False
Audere Apartments,"Phoenix-Mesa-Scottsdale, AZ",3043,2x2,1040,1825,09/08/2024,False
Audere Apartments,"Phoenix-Mesa-Scottsdale, AZ",3043,2x2,1040,1788,09/09/2024,False
Audere Apartments,"Phoenix-Mesa-Scottsdale, AZ",3043,2x2,1040,1750,09/10/2024,False
Audere Apartments,"Phoenix-Mesa-Scottsdale, AZ",3043,2x2,1040,1750,09/11/2024,False
Audere Apartments,"Phoenix-Mesa-Scottsdale, AZ",3043,2x2,1040,1714,09/12/2024,False
Audere Apartments,"Phoenix-Mesa-Scottsdale, AZ",3043,2x2,1040,1714,09/13/2024,False
Audere Apartments,"Phoenix-Mesa-Scottsdale, AZ",3043,2x2,1040,1714,09/14/2024,False
Audere Apartments,"Phoenix-Mesa-Scottsdale, AZ",3043,2x2,1040,1714,09/15/2024,False
Audere Apartments,"Phoenix-Mesa-Scottsdale, AZ",3043,2x2,1040,1678,09/16/2024,False
Audere Apartments,"Phoenix-Mesa-Scottsdale, AZ",3043,2x2,1040,1678,09/17/2024,False
Audere Apartments,"Phoenix-Mesa-Scottsdale, AZ",3043,2x2,1040,1643,09/18/2024,False
Audere Apartments,"Phoenix-Mesa-Scottsdale, AZ",3043,2x2,1040,1643,09/19/2024,True
Audere Apartments,"Phoenix-Mesa-Scottsdale, AZ",3044,2x2,1040,1972,06/18/2024,False
Audere Apartments,"Phoenix-Mesa-Scottsdale, AZ",3044,2x2,1040,1972,06/19/2024,False
Audere Apartments,"Phoenix-Mesa-Scottsdale, AZ",3044,2x2,1040,1972,06/20/2024,False
Audere Apartments,"Phoenix-Mesa-Scottsdale, AZ",3044,2x2,1040,1891,06/21/2024,False
Audere Apartments,"Phoenix-Mesa-Scottsdale, AZ",3044,2x2,1040,1891,06/22/2024,False
Audere Apartments,"Phoenix-Mesa-Scottsdale, AZ",3044,2x2,1040,1891,06/23/2024,False
Audere Apartments,"Phoenix-Mesa-Scottsdale, AZ",3044,2x2,1040,1891,06/24/2024,True
Audere Apartments,"Phoenix-Mesa-Scottsdale, AZ",3045,1x1,642,1645,01/04/2025,False
Audere Apartments,"Phoenix-Mesa-Scottsdale, AZ",3045,1x1,642,1645,01/05/2025,False
Audere Apartments,"Phoenix-Mesa-Scottsdale, AZ",3045,1x1,642,1645,01/06/2025,False
Audere Apartments,"Phoenix-Mesa-Scottsdale, AZ",3045,1x1,642,1645,01/07/2025,False
Audere Apartments,"Phoenix-Mesa-Scottsdale, AZ",3045,1x1,642,1645,01/08/2025,False
Audere Apartments,"Phoenix-Mesa-Scottsdale, AZ",3045,1x1,642,1645,01/09/2025,False
Audere Apartments,"Phoenix-Mesa-Scottsdale, AZ",3045,1x1,642,1645,01/10/2025,False
Audere Apartments,"Phoenix-Mesa-Scottsdale, AZ",3045,1x1,642,1645,01/11/2025,False
Audere Apartments,"Phoenix-Mesa-Scottsdale, AZ",3045,1x1,642,1645,01/12/2025,False
Audere Apartments,"Phoenix-Mesa-Scottsdale, AZ",3045,1x1,642,1645,01/13/2025,False
Audere Apartments,"Phoenix-Mesa-Scottsdale, AZ",3045,1x1,642,1645,01/14/2025,False
Audere Apartments,"Phoenix-Mesa-Scottsdale, AZ",3045,1x1,642,1605,01/15/2025,False
Audere Apartments,"Phoenix-Mesa-Scottsdale, AZ",3045,1x1,642,1605,01/16/2025,False
Audere Apartments,"Phoenix-Mesa-Scottsdale, AZ",3045,1x1,642,1605,01/17/2025,False
Audere Apartments,"Phoenix-Mesa-Scottsdale, AZ",3045,1x1,642,1605,01/18/2025,False
Audere Apartments,"Phoenix-Mesa-Scottsdale, AZ",3045,1x1,642,1605,01/19/2025,False
Audere Apartments,"Phoenix-Mesa-Scottsdale, AZ",3045,1x1,642,1621,01/20/2025,False
Audere Apartments,"Phoenix-Mesa-Scottsdale, AZ",3045,1x1,642,1638,01/21/2025,False
Audere Apartments,"Phoenix-Mesa-Scottsdale, AZ",3045,1x1,642,1655,01/22/2025,False
Audere Apartments,"Phoenix-Mesa-Scottsdale, AZ",3045,1x1,642,1672,01/23/2025,False
Audere Apartments,"Phoenix-Mesa-Scottsdale, AZ",3045,1x1,642,1689,01/24/2025,False
Audere Apartments,"Phoenix-Mesa-Scottsdale, AZ",3045,1x1,642,1689,01/25/2025,False
Audere Apartments,"Phoenix-Mesa-Scottsdale, AZ",3045,1x1,642,1689,01/26/2025,False
Audere Apartments,"Phoenix-Mesa-Scottsdale, AZ",3045,1x1,642,1706,01/27/2025,False
Audere Apartments,"Phoenix-Mesa-Scottsdale, AZ",3045,1x1,642,1736,01/28/2025,False
Audere Apartments,"Phoenix-Mesa-Scottsdale, AZ",3045,1x1,642,1736,01/29/2025,False
Audere Apartments,"Phoenix-Mesa-Scottsdale, AZ",3045,1x1,642,1736,01/30/2025,False
Audere Apartments,"Phoenix-Mesa-Scottsdale, AZ",3045,1x1,642,1754,01/31/2025,False
Audere Apartments,"Phoenix-Mesa-Scottsdale, AZ",3045,1x1,642,1754,02/01/2025,False
Audere Apartments,"Phoenix-Mesa-Scottsdale, AZ",3045,1x1,642,1754,02/02/2025,False
Audere Apartments,"Phoenix-Mesa-Scottsdale, AZ",3045,1x1,642,1772,02/03/2025,False
Audere Apartments,"Phoenix-Mesa-Scottsdale, AZ",3045,1x1,642,1784,02/04/2025,False
Audere Apartments,"Phoenix-Mesa-Scottsdale, AZ",3045,1x1,642,1784,02/05/2025,False
Audere Apartments,"Phoenix-Mesa-Scottsdale, AZ",3045,1x1,642,1784,02/06/2025,False
Audere Apartments,"Phoenix-Mesa-Scottsdale, AZ",3045,1x1,642,1784,02/07/2025,False
Audere Apartments,"Phoenix-Mesa-Scottsdale, AZ",3045,1x1,642,1784,02/08/2025,False
Audere Apartments,"Phoenix-Mesa-Scottsdale, AZ",3045,1x1,642,1784,02/09/2025,False
Audere Apartments,"Phoenix-Mesa-Scottsdale, AZ",3045,1x1,642,1784,02/10/2025,False
Audere Apartments,"Phoenix-Mesa-Scottsdale, AZ",3045,1x1,642,1784,02/11/2025,False
Audere Apartments,"Phoenix-Mesa-Scottsdale, AZ",3045,1x1,642,1794,02/12/2025,False
Audere Apartments,"Phoenix-Mesa-Scottsdale, AZ",3045,1x1,642,1803,02/13/2025,False
Audere Apartments,"Phoenix-Mesa-Scottsdale, AZ",3045,1x1,642,1734,02/14/2025,False
Audere Apartments,"Phoenix-Mesa-Scottsdale, AZ",3045,1x1,642,1734,02/15/2025,False
Audere Apartments,"Phoenix-Mesa-Scottsdale, AZ",3045,1x1,642,1734,02/16/2025,False
Audere Apartments,"Phoenix-Mesa-Scottsdale, AZ",3045,1x1,642,1734,02/17/2025,False
Audere Apartments,"Phoenix-Mesa-Scottsdale, AZ",3045,1x1,642,1734,02/18/2025,False
Audere Apartments,"Phoenix-Mesa-Scottsdale, AZ",3045,1x1,642,1734,02/19/2025,False
Audere Apartments,"Phoenix-Mesa-Scottsdale, AZ",3045,1x1,642,1734,02/20/2025,False
Audere Apartments,"Phoenix-Mesa-Scottsdale, AZ",3045,1x1,642,1734,02/21/2025,False
Audere Apartments,"Phoenix-Mesa-Scottsdale, AZ",3045,1x1,642,1734,02/22/2025,False
Audere Apartments,"Phoenix-Mesa-Scottsdale, AZ",3045,1x1,642,1734,02/23/2025,False
Audere Apartments,"Phoenix-Mesa-Scottsdale, AZ",3045,1x1,642,1734,02/24/2025,False
Audere Apartments,"Phoenix-Mesa-Scottsdale, AZ",3045,1x1,642,1734,02/25/2025,False
Audere Apartments,"Phoenix-Mesa-Scottsdale, AZ",3045,1x1,642,1734,02/26/2025,False
Audere Apartments,"Phoenix-Mesa-Scottsdale, AZ",3045,1x1,642,1734,02/27/2025,False
Audere Apartments,"Phoenix-Mesa-Scottsdale, AZ",3045,1x1,642,1734,02/28/2025,False
Audere Apartments,"Phoenix-Mesa-Scottsdale, AZ",3045,1x1,642,1734,03/01/2025,False
Audere Apartments,"Phoenix-Mesa-Scottsdale, AZ",3045,1x1,642,1734,03/02/2025,False
Audere Apartments,"Phoenix-Mesa-Scottsdale, AZ",3045,1x1,642,1751,03/03/2025,False
Audere Apartments,"Phoenix-Mesa-Scottsdale, AZ",3045,1x1,642,1769,03/04/2025,False
Audere Apartments,"Phoenix-Mesa-Scottsdale, AZ",3045,1x1,642,1787,03/05/2025,False
Audere Apartments,"Phoenix-Mesa-Scottsdale, AZ",3045,1x1,642,1805,03/06/2025,False
Audere Apartments,"Phoenix-Mesa-Scottsdale, AZ",3045,1x1,642,1823,03/07/2025,False
Audere Apartments,"Phoenix-Mesa-Scottsdale, AZ",3045,1x1,642,1823,03/08/2025,False
Audere Apartments,"Phoenix-Mesa-Scottsdale, AZ",3045,1x1,642,1823,03/09/2025,False
Audere Apartments,"Phoenix-Mesa-Scottsdale, AZ",3045,1x1,642,1841,03/10/2025,False
Audere Apartments,"Phoenix-Mesa-Scottsdale, AZ",3045,1x1,642,1860,03/11/2025,False
Audere Apartments,"Phoenix-Mesa-Scottsdale, AZ",3045,1x1,642,1879,03/12/2025,False
Audere Apartments,"Phoenix-Mesa-Scottsdale, AZ",3045,1x1,642,1764,03/13/2025,False
Audere Apartments,"Phoenix-Mesa-Scottsdale, AZ",3045,1x1,642,1782,03/14/2025,False
Audere Apartments,"Phoenix-Mesa-Scottsdale, AZ",3045,1x1,642,1782,03/15/2025,False
Audere Apartments,"Phoenix-Mesa-Scottsdale, AZ",3045,1x1,642,1782,03/16/2025,False
Audere Apartments,"Phoenix-Mesa-Scottsdale, AZ",3045,1x1,642,1800,03/17/2025,False
Audere Apartments,"Phoenix-Mesa-Scottsdale, AZ",3045,1x1,642,1818,03/18/2025,False
Audere Apartments,"Phoenix-Mesa-Scottsdale, AZ",3045,1x1,642,1836,03/19/2025,False
Audere Apartments,"Phoenix-Mesa-Scottsdale, AZ",3045,1x1,642,1751,03/20/2025,False
Audere Apartments,"Phoenix-Mesa-Scottsdale, AZ",3045,1x1,642,1769,03/21/2025,False
Audere Apartments,"Phoenix-Mesa-Scottsdale, AZ",3045,1x1,642,1769,03/22/2025,False
Audere Apartments,"Phoenix-Mesa-Scottsdale, AZ",3045,1x1,642,1769,03/23/2025,False
Audere Apartments,"Phoenix-Mesa-Scottsdale, AZ",3045,1x1,642,1787,03/24/2025,False
Audere Apartments,"Phoenix-Mesa-Scottsdale, AZ",3045,1x1,642,1794,03/25/2025,False
Audere Apartments,"Phoenix-Mesa-Scottsdale, AZ",3045,1x1,642,1812,03/26/2025,False
Audere Apartments,"Phoenix-Mesa-Scottsdale, AZ",3045,1x1,642,1830,03/27/2025,False
Audere Apartments,"Phoenix-Mesa-Scottsdale, AZ",3045,1x1,642,1698,03/28/2025,False
Audere Apartments,"Phoenix-Mesa-Scottsdale, AZ",3045,1x1,642,1698,03/29/2025,False
Audere Apartments,"Phoenix-Mesa-Scottsdale, AZ",3045,1x1,642,1698,03/30/2025,False
Audere Apartments,"Phoenix-Mesa-Scottsdale, AZ",3045,1x1,642,1715,03/31/2025,False
Audere Apartments,"Phoenix-Mesa-Scottsdale, AZ",3045,1x1,642,1714,04/01/2025,False
Audere Apartments,"Phoenix-Mesa-Scottsdale, AZ",3045,1x1,642,1730,04/02/2025,False
Audere Apartments,"Phoenix-Mesa-Scottsdale, AZ",3045,1x1,642,1712,04/03/2025,False
Audere Apartments,"Phoenix-Mesa-Scottsdale, AZ",3045,1x1,642,1695,04/04/2025,False
Audere Apartments,"Phoenix-Mesa-Scottsdale, AZ",3045,1x1,642,1695,04/05/2025,False
Audere Apartments,"Phoenix-Mesa-Scottsdale, AZ",3045,1x1,642,1695,04/06/2025,False
Audere Apartments,"Phoenix-Mesa-Scottsdale, AZ",3045,1x1,642,1678,04/07/2025,False
Audere Apartments,"Phoenix-Mesa-Scottsdale, AZ",3045,1x1,642,1661,04/08/2025,False
Audere Apartments,"Phoenix-Mesa-Scottsdale, AZ",3045,1x1,642,1635,04/09/2025,False
Audere Apartments,"Phoenix-Mesa-Scottsdale, AZ",3045,1x1,642,1636,04/10/2025,False
Audere Apartments,"Phoenix-Mesa-Scottsdale, AZ",3045,1x1,642,1580,04/11/2025,False
Audere Apartments,"Phoenix-Mesa-Scottsdale, AZ",3045,1x1,642,1580,04/12/2025,False
Audere Apartments,"Phoenix-Mesa-Scottsdale, AZ",3045,1x1,642,1580,04/13/2025,False
Audere Apartments,"Phoenix-Mesa-Scottsdale, AZ",3045,1x1,642,1596,04/14/2025,False
Audere Apartments,"Phoenix-Mesa-Scottsdale, AZ",3045,1x1,642,1580,04/15/2025,False
Audere Apartments,"Phoenix-Mesa-Scottsdale, AZ",3045,1x1,642,1564,04/16/2025,False
Audere Apartments,"Phoenix-Mesa-Scottsdale, AZ",3045,1x1,642,1548,04/17/2025,False
Audere Apartments,"Phoenix-Mesa-Scottsdale, AZ",3045,1x1,642,1469,04/18/2025,False
Audere Apartments,"Phoenix-Mesa-Scottsdale, AZ",3045,1x1,642,1469,04/19/2025,False
Audere Apartments,"Phoenix-Mesa-Scottsdale, AZ",3045,1x1,642,1469,04/20/2025,False
Audere Apartments,"Phoenix-Mesa-Scottsdale, AZ",3045,1x1,642,1468,04/21/2025,False
Audere Apartments,"Phoenix-Mesa-Scottsdale, AZ",3045,1x1,642,1483,04/22/2025,False
Audere Apartments,"Phoenix-Mesa-Scottsdale, AZ",3045,1x1,642,1482,04/23/2025,False
Audere Apartments,"Phoenix-Mesa-Scottsdale, AZ",3045,1x1,642,1541,04/24/2025,False
Audere Apartments,"Phoenix-Mesa-Scottsdale, AZ",3045,1x1,642,1524,04/25/2025,False
Audere Apartments,"Phoenix-Mesa-Scottsdale, AZ",3045,1x1,642,1523,04/26/2025,False
Audere Apartments,"Phoenix-Mesa-Scottsdale, AZ",3045,1x1,642,1521,04/27/2025,True
Audere Apartments,"Phoenix-Mesa-Scottsdale, AZ",3049,2x2,1040,1870,01/22/2024,False
Audere Apartments,"Phoenix-Mesa-Scottsdale, AZ",3049,2x2,1040,1870,01/23/2024,False
Audere Apartments,"Phoenix-Mesa-Scottsdale, AZ",3049,2x2,1040,1870,01/24/2024,False
Audere Apartments,"Phoenix-Mesa-Scottsdale, AZ",3049,2x2,1040,1870,01/25/2024,False
Audere Apartments,"Phoenix-Mesa-Scottsdale, AZ",3049,2x2,1040,1875,01/26/2024,False
Audere Apartments,"Phoenix-Mesa-Scottsdale, AZ",3049,2x2,1040,1875,01/27/2024,False
Audere Apartments,"Phoenix-Mesa-Scottsdale, AZ",3049,2x2,1040,1875,01/28/2024,False
Audere Apartments,"Phoenix-Mesa-Scottsdale, AZ",3049,2x2,1040,1875,01/29/2024,False
Audere Apartments,"Phoenix-Mesa-Scottsdale, AZ",3049,2x2,1040,1875,01/30/2024,False
Audere Apartments,"Phoenix-Mesa-Scottsdale, AZ",3049,2x2,1040,1875,01/31/2024,False
Audere Apartments,"Phoenix-Mesa-Scottsdale, AZ",3049,2x2,1040,1855,02/01/2024,False
Audere Apartments,"Phoenix-Mesa-Scottsdale, AZ",3049,2x2,1040,1835,02/02/2024,False
Audere Apartments,"Phoenix-Mesa-Scottsdale, AZ",3049,2x2,1040,1835,02/03/2024,False
Audere Apartments,"Phoenix-Mesa-Scottsdale, AZ",3049,2x2,1040,1835,02/04/2024,True
Audere Apartments,"Phoenix-Mesa-Scottsdale, AZ",3049,2x2,1040,1928,04/25/2025,False
Audere Apartments,"Phoenix-Mesa-Scottsdale, AZ",3049,2x2,1040,1928,04/26/2025,False
Audere Apartments,"Phoenix-Mesa-Scottsdale, AZ",3049,2x2,1040,1928,04/27/2025,True
Audere Apartments,"Phoenix-Mesa-Scottsdale, AZ",3051,2x2,1040,1869,11/21/2024,False
Audere Apartments,"Phoenix-Mesa-Scottsdale, AZ",3051,2x2,1040,1850,11/22/2024,False
Audere Apartments,"Phoenix-Mesa-Scottsdale, AZ",3051,2x2,1040,1850,11/23/2024,False
Audere Apartments,"Phoenix-Mesa-Scottsdale, AZ",3051,2x2,1040,1850,11/24/2024,False
Audere Apartments,"Phoenix-Mesa-Scottsdale, AZ",3051,2x2,1040,1869,11/25/2024,False
Audere Apartments,"Phoenix-Mesa-Scottsdale, AZ",3051,2x2,1040,1889,11/26/2024,False
Audere Apartments,"Phoenix-Mesa-Scottsdale, AZ",3051,2x2,1040,1889,11/27/2024,False
Audere Apartments,"Phoenix-Mesa-Scottsdale, AZ",3051,2x2,1040,1889,11/28/2024,False
Audere Apartments,"Phoenix-Mesa-Scottsdale, AZ",3051,2x2,1040,1889,11/29/2024,False
Audere Apartments,"Phoenix-Mesa-Scottsdale, AZ",3051,2x2,1040,1889,11/30/2024,False
Audere Apartments,"Phoenix-Mesa-Scottsdale, AZ",3051,2x2,1040,1889,12/01/2024,False
Audere Apartments,"Phoenix-Mesa-Scottsdale, AZ",3051,2x2,1040,1889,12/02/2024,False
Audere Apartments,"Phoenix-Mesa-Scottsdale, AZ",3051,2x2,1040,1909,12/03/2024,False
Audere Apartments,"Phoenix-Mesa-Scottsdale, AZ",3051,2x2,1040,1929,12/04/2024,False
Audere Apartments,"Phoenix-Mesa-Scottsdale, AZ",3051,2x2,1040,1949,12/05/2024,False
Audere Apartments,"Phoenix-Mesa-Scottsdale, AZ",3051,2x2,1040,1969,12/06/2024,False
Audere Apartments,"Phoenix-Mesa-Scottsdale, AZ",3051,2x2,1040,1949,12/07/2024,False
Audere Apartments,"Phoenix-Mesa-Scottsdale, AZ",3051,2x2,1040,1949,12/08/2024,False
Audere Apartments,"Phoenix-Mesa-Scottsdale, AZ",3051,2x2,1040,1969,12/09/2024,False
Audere Apartments,"Phoenix-Mesa-Scottsdale, AZ",3051,2x2,1040,1989,12/10/2024,False
Audere Apartments,"Phoenix-Mesa-Scottsdale, AZ",3051,2x2,1040,2010,12/11/2024,False
Audere Apartments,"Phoenix-Mesa-Scottsdale, AZ",3051,2x2,1040,2031,12/12/2024,False
Audere Apartments,"Phoenix-Mesa-Scottsdale, AZ",3051,2x2,1040,2073,12/13/2024,False
Audere Apartments,"Phoenix-Mesa-Scottsdale, AZ",3051,2x2,1040,2073,12/14/2024,False
Audere Apartments,"Phoenix-Mesa-Scottsdale, AZ",3051,2x2,1040,2073,12/15/2024,False
Audere Apartments,"Phoenix-Mesa-Scottsdale, AZ",3051,2x2,1040,2030,12/16/2024,False
Audere Apartments,"Phoenix-Mesa-Scottsdale, AZ",3051,2x2,1040,1988,12/17/2024,False
Audere Apartments,"Phoenix-Mesa-Scottsdale, AZ",3051,2x2,1040,1947,12/18/2024,False
Audere Apartments,"Phoenix-Mesa-Scottsdale, AZ",3051,2x2,1040,1923,12/19/2024,False
Audere Apartments,"Phoenix-Mesa-Scottsdale, AZ",3051,2x2,1040,1923,12/20/2024,False
Audere Apartments,"Phoenix-Mesa-Scottsdale, AZ",3051,2x2,1040,1923,12/21/2024,False
Audere Apartments,"Phoenix-Mesa-Scottsdale, AZ",3051,2x2,1040,1923,12/22/2024,False
Audere Apartments,"Phoenix-Mesa-Scottsdale, AZ",3051,2x2,1040,1963,12/23/2024,False
Audere Apartments,"Phoenix-Mesa-Scottsdale, AZ",3051,2x2,1040,1937,12/24/2024,False
Audere Apartments,"Phoenix-Mesa-Scottsdale, AZ",3051,2x2,1040,1897,12/25/2024,False
Audere Apartments,"Phoenix-Mesa-Scottsdale, AZ",3051,2x2,1040,1857,12/26/2024,False
Audere Apartments,"Phoenix-Mesa-Scottsdale, AZ",3051,2x2,1040,1897,12/27/2024,False
Audere Apartments,"Phoenix-Mesa-Scottsdale, AZ",3051,2x2,1040,1897,12/28/2024,False
Audere Apartments,"Phoenix-Mesa-Scottsdale, AZ",3051,2x2,1040,1897,12/29/2024,False
Audere Apartments,"Phoenix-Mesa-Scottsdale, AZ",3051,2x2,1040,1857,12/30/2024,False
Audere Apartments,"Phoenix-Mesa-Scottsdale, AZ",3051,2x2,1040,1818,12/31/2024,False
Audere Apartments,"Phoenix-Mesa-Scottsdale, AZ",3051,2x2,1040,1856,01/01/2025,False
Audere Apartments,"Phoenix-Mesa-Scottsdale, AZ",3051,2x2,1040,1824,01/02/2025,False
Audere Apartments,"Phoenix-Mesa-Scottsdale, AZ",3051,2x2,1040,1786,01/03/2025,False
Audere Apartments,"Phoenix-Mesa-Scottsdale, AZ",3051,2x2,1040,1831,01/04/2025,False
Audere Apartments,"Phoenix-Mesa-Scottsdale, AZ",3051,2x2,1040,1831,01/05/2025,False
Audere Apartments,"Phoenix-Mesa-Scottsdale, AZ",3051,2x2,1040,1793,01/06/2025,False
Audere Apartments,"Phoenix-Mesa-Scottsdale, AZ",3051,2x2,1040,1756,01/07/2025,False
Audere Apartments,"Phoenix-Mesa-Scottsdale, AZ",3051,2x2,1040,1720,01/08/2025,False
Audere Apartments,"Phoenix-Mesa-Scottsdale, AZ",3051,2x2,1040,1684,01/09/2025,False
Audere Apartments,"Phoenix-Mesa-Scottsdale, AZ",3051,2x2,1040,1758,01/10/2025,False
Audere Apartments,"Phoenix-Mesa-Scottsdale, AZ",3051,2x2,1040,1758,01/11/2025,False
Audere Apartments,"Phoenix-Mesa-Scottsdale, AZ",3051,2x2,1040,1758,01/12/2025,False
Audere Apartments,"Phoenix-Mesa-Scottsdale, AZ",3051,2x2,1040,1758,01/13/2025,False
Audere Apartments,"Phoenix-Mesa-Scottsdale, AZ",3051,2x2,1040,1758,01/14/2025,False
Audere Apartments,"Phoenix-Mesa-Scottsdale, AZ",3051,2x2,1040,1849,01/15/2025,False
Audere Apartments,"Phoenix-Mesa-Scottsdale, AZ",3051,2x2,1040,1849,01/16/2025,False
Audere Apartments,"Phoenix-Mesa-Scottsdale, AZ",3051,2x2,1040,1849,01/17/2025,False
Audere Apartments,"Phoenix-Mesa-Scottsdale, AZ",3051,2x2,1040,1849,01/18/2025,False
Audere Apartments,"Phoenix-Mesa-Scottsdale, AZ",3051,2x2,1040,1849,01/19/2025,False
Audere Apartments,"Phoenix-Mesa-Scottsdale, AZ",3051,2x2,1040,1868,01/20/2025,False
Audere Apartments,"Phoenix-Mesa-Scottsdale, AZ",3051,2x2,1040,1888,01/21/2025,False
Audere Apartments,"Phoenix-Mesa-Scottsdale, AZ",3051,2x2,1040,1888,01/22/2025,False
Audere Apartments,"Phoenix-Mesa-Scottsdale, AZ",3051,2x2,1040,1867,01/23/2025,False
Audere Apartments,"Phoenix-Mesa-Scottsdale, AZ",3051,2x2,1040,1848,01/24/2025,False
Audere Apartments,"Phoenix-Mesa-Scottsdale, AZ",3051,2x2,1040,1848,01/25/2025,False
Audere Apartments,"Phoenix-Mesa-Scottsdale, AZ",3051,2x2,1040,1848,01/26/2025,False
Audere Apartments,"Phoenix-Mesa-Scottsdale, AZ",3051,2x2,1040,1848,01/27/2025,False
Audere Apartments,"Phoenix-Mesa-Scottsdale, AZ",3051,2x2,1040,1855,01/28/2025,False
Audere Apartments,"Phoenix-Mesa-Scottsdale, AZ",3051,2x2,1040,1836,01/29/2025,False
Audere Apartments,"Phoenix-Mesa-Scottsdale, AZ",3051,2x2,1040,1817,01/30/2025,False
Audere Apartments,"Phoenix-Mesa-Scottsdale, AZ",3051,2x2,1040,1798,01/31/2025,False
Audere Apartments,"Phoenix-Mesa-Scottsdale, AZ",3051,2x2,1040,1798,02/01/2025,False
Audere Apartments,"Phoenix-Mesa-Scottsdale, AZ",3051,2x2,1040,1798,02/02/2025,False
Audere Apartments,"Phoenix-Mesa-Scottsdale, AZ",3051,2x2,1040,1780,02/03/2025,False
Audere Apartments,"Phoenix-Mesa-Scottsdale, AZ",3051,2x2,1040,1780,02/04/2025,False
Audere Apartments,"Phoenix-Mesa-Scottsdale, AZ",3051,2x2,1040,1780,02/05/2025,False
Audere Apartments,"Phoenix-Mesa-Scottsdale, AZ",3051,2x2,1040,1780,02/06/2025,False
Audere Apartments,"Phoenix-Mesa-Scottsdale, AZ",3051,2x2,1040,1762,02/07/2025,False
Audere Apartments,"Phoenix-Mesa-Scottsdale, AZ",3051,2x2,1040,1762,02/08/2025,False
Audere Apartments,"Phoenix-Mesa-Scottsdale, AZ",3051,2x2,1040,1762,02/09/2025,False
Audere Apartments,"Phoenix-Mesa-Scottsdale, AZ",3051,2x2,1040,1744,02/10/2025,False
Audere Apartments,"Phoenix-Mesa-Scottsdale, AZ",3051,2x2,1040,1726,02/11/2025,False
Audere Apartments,"Phoenix-Mesa-Scottsdale, AZ",3051,2x2,1040,1708,02/12/2025,False
Audere Apartments,"Phoenix-Mesa-Scottsdale, AZ",3051,2x2,1040,1690,02/13/2025,False
Audere Apartments,"Phoenix-Mesa-Scottsdale, AZ",3051,2x2,1040,1739,02/14/2025,False
Audere Apartments,"Phoenix-Mesa-Scottsdale, AZ",3051,2x2,1040,1739,02/15/2025,False
Audere Apartments,"Phoenix-Mesa-Scottsdale, AZ",3051,2x2,1040,1739,02/16/2025,True
Audere Apartments,"Phoenix-Mesa-Scottsdale, AZ",3053,1x1,642,1554,08/18/2024,False
Audere Apartments,"Phoenix-Mesa-Scottsdale, AZ",3053,1x1,642,1554,08/19/2024,False
Audere Apartments,"Phoenix-Mesa-Scottsdale, AZ",3053,1x1,642,1539,08/20/2024,False
Audere Apartments,"Phoenix-Mesa-Scottsdale, AZ",3053,1x1,642,1539,08/21/2024,False
Audere Apartments,"Phoenix-Mesa-Scottsdale, AZ",3053,1x1,642,1539,08/22/2024,False
Audere Apartments,"Phoenix-Mesa-Scottsdale, AZ",3053,1x1,642,1561,08/23/2024,False
Audere Apartments,"Phoenix-Mesa-Scottsdale, AZ",3053,1x1,642,1561,08/24/2024,False
Audere Apartments,"Phoenix-Mesa-Scottsdale, AZ",3053,1x1,642,1561,08/25/2024,False
Audere Apartments,"Phoenix-Mesa-Scottsdale, AZ",3053,1x1,642,1579,08/26/2024,False
Audere Apartments,"Phoenix-Mesa-Scottsdale, AZ",3053,1x1,642,1579,08/27/2024,False
Audere Apartments,"Phoenix-Mesa-Scottsdale, AZ",3053,1x1,642,1579,08/28/2024,False
Audere Apartments,"Phoenix-Mesa-Scottsdale, AZ",3053,1x1,642,1554,08/29/2024,False
Audere Apartments,"Phoenix-Mesa-Scottsdale, AZ",3053,1x1,642,1537,08/30/2024,False
Audere Apartments,"Phoenix-Mesa-Scottsdale, AZ",3053,1x1,642,1537,08/31/2024,False
Audere Apartments,"Phoenix-Mesa-Scottsdale, AZ",3053,1x1,642,1537,09/01/2024,False
Audere Apartments,"Phoenix-Mesa-Scottsdale, AZ",3053,1x1,642,1560,09/02/2024,False
Audere Apartments,"Phoenix-Mesa-Scottsdale, AZ",3053,1x1,642,1491,09/03/2024,False
Audere Apartments,"Phoenix-Mesa-Scottsdale, AZ",3053,1x1,642,1491,09/04/2024,False
Audere Apartments,"Phoenix-Mesa-Scottsdale, AZ",3053,1x1,642,1491,09/05/2024,False
Audere Apartments,"Phoenix-Mesa-Scottsdale, AZ",3053,1x1,642,1491,09/06/2024,False
Audere Apartments,"Phoenix-Mesa-Scottsdale, AZ",3053,1x1,642,1491,09/07/2024,False
Audere Apartments,"Phoenix-Mesa-Scottsdale, AZ",3053,1x1,642,1491,09/08/2024,False
Audere Apartments,"Phoenix-Mesa-Scottsdale, AZ",3053,1x1,642,1491,09/09/2024,False
Audere Apartments,"Phoenix-Mesa-Scottsdale, AZ",3053,1x1,642,1491,09/10/2024,False
Audere Apartments,"Phoenix-Mesa-Scottsdale, AZ",3053,1x1,642,1491,09/11/2024,False
Audere Apartments,"Phoenix-Mesa-Scottsdale, AZ",3053,1x1,642,1461,09/12/2024,False
Audere Apartments,"Phoenix-Mesa-Scottsdale, AZ",3053,1x1,642,1431,09/13/2024,False
Audere Apartments,"Phoenix-Mesa-Scottsdale, AZ",3053,1x1,642,1431,09/14/2024,False
Audere Apartments,"Phoenix-Mesa-Scottsdale, AZ",3053,1x1,642,1431,09/15/2024,False
Audere Apartments,"Phoenix-Mesa-Scottsdale, AZ",3053,1x1,642,1402,09/16/2024,False
Audere Apartments,"Phoenix-Mesa-Scottsdale, AZ",3053,1x1,642,1385,09/17/2024,False
Audere Apartments,"Phoenix-Mesa-Scottsdale, AZ",3053,1x1,642,1385,09/18/2024,False
Audere Apartments,"Phoenix-Mesa-Scottsdale, AZ",3053,1x1,642,1385,09/19/2024,False
Audere Apartments,"Phoenix-Mesa-Scottsdale, AZ",3053,1x1,642,1357,09/20/2024,False
Audere Apartments,"Phoenix-Mesa-Scottsdale, AZ",3053,1x1,642,1357,09/21/2024,False
Audere Apartments,"Phoenix-Mesa-Scottsdale, AZ",3053,1x1,642,1387,09/22/2024,False
Audere Apartments,"Phoenix-Mesa-Scottsdale, AZ",3053,1x1,642,1401,09/23/2024,False
Audere Apartments,"Phoenix-Mesa-Scottsdale, AZ",3053,1x1,642,1416,09/24/2024,False
Audere Apartments,"Phoenix-Mesa-Scottsdale, AZ",3053,1x1,642,1426,09/25/2024,False
Audere Apartments,"Phoenix-Mesa-Scottsdale, AZ",3053,1x1,642,1367,09/26/2024,False
Audere Apartments,"Phoenix-Mesa-Scottsdale, AZ",3053,1x1,642,1367,09/27/2024,False
Audere Apartments,"Phoenix-Mesa-Scottsdale, AZ",3053,1x1,642,1367,09/28/2024,False
Audere Apartments,"Phoenix-Mesa-Scottsdale, AZ",3053,1x1,642,1397,09/29/2024,False
Audere Apartments,"Phoenix-Mesa-Scottsdale, AZ",3053,1x1,642,1397,09/30/2024,False
Audere Apartments,"Phoenix-Mesa-Scottsdale, AZ",3053,1x1,642,1397,10/01/2024,True
Audere Apartments,"Phoenix-Mesa-Scottsdale, AZ",3055,1x1,642,1655,06/17/2023,False
Audere Apartments,"Phoenix-Mesa-Scottsdale, AZ",3055,1x1,642,1655,06/18/2023,False
Audere Apartments,"Phoenix-Mesa-Scottsdale, AZ",3055,1x1,642,1650,06/19/2023,False
Audere Apartments,"Phoenix-Mesa-Scottsdale, AZ",3055,1x1,642,1660,06/20/2023,False
Audere Apartments,"Phoenix-Mesa-Scottsdale, AZ",3055,1x1,642,1660,06/21/2023,False
Audere Apartments,"Phoenix-Mesa-Scottsdale, AZ",3055,1x1,642,1665,06/22/2023,False
Audere Apartments,"Phoenix-Mesa-Scottsdale, AZ",3055,1x1,642,1665,06/23/2023,False
Audere Apartments,"Phoenix-Mesa-Scottsdale, AZ",3055,1x1,642,1660,06/24/2023,False
Audere Apartments,"Phoenix-Mesa-Scottsdale, AZ",3055,1x1,642,1660,06/25/2023,False
Audere Apartments,"Phoenix-Mesa-Scottsdale, AZ",3055,1x1,642,1650,06/26/2023,False
Audere Apartments,"Phoenix-Mesa-Scottsdale, AZ",3055,1x1,642,1640,06/27/2023,False
Audere Apartments,"Phoenix-Mesa-Scottsdale, AZ",3055,1x1,642,1620,06/28/2023,False
Audere Apartments,"Phoenix-Mesa-Scottsdale, AZ",3055,1x1,642,1610,06/29/2023,False
Audere Apartments,"Phoenix-Mesa-Scottsdale, AZ",3055,1x1,642,1605,06/30/2023,False
Audere Apartments,"Phoenix-Mesa-Scottsdale, AZ",3055,1x1,642,1605,07/01/2023,False
Audere Apartments,"Phoenix-Mesa-Scottsdale, AZ",3055,1x1,642,1605,07/02/2023,False
Audere Apartments,"Phoenix-Mesa-Scottsdale, AZ",3055,1x1,642,1605,07/03/2023,False
Audere Apartments,"Phoenix-Mesa-Scottsdale, AZ",3055,1x1,642,1610,07/04/2023,False
Audere Apartments,"Phoenix-Mesa-Scottsdale, AZ",3055,1x1,642,1605,07/05/2023,False
Audere Apartments,"Phoenix-Mesa-Scottsdale, AZ",3055,1x1,642,1605,07/06/2023,False
Audere Apartments,"Phoenix-Mesa-Scottsdale, AZ",3055,1x1,642,1600,07/07/2023,False
Audere Apartments,"Phoenix-Mesa-Scottsdale, AZ",3055,1x1,642,1605,07/08/2023,False
Audere Apartments,"Phoenix-Mesa-Scottsdale, AZ",3055,1x1,642,1615,07/09/2023,False
Audere Apartments,"Phoenix-Mesa-Scottsdale, AZ",3055,1x1,642,1615,07/10/2023,False
Audere Apartments,"Phoenix-Mesa-Scottsdale, AZ",3055,1x1,642,1615,07/11/2023,False
Audere Apartments,"Phoenix-Mesa-Scottsdale, AZ",3055,1x1,642,1585,07/12/2023,False
Audere Apartments,"Phoenix-Mesa-Scottsdale, AZ",3055,1x1,642,1590,07/13/2023,False
Audere Apartments,"Phoenix-Mesa-Scottsdale, AZ",3055,1x1,642,1595,07/14/2023,False
Audere Apartments,"Phoenix-Mesa-Scottsdale, AZ",3055,1x1,642,1560,07/15/2023,False
Audere Apartments,"Phoenix-Mesa-Scottsdale, AZ",3055,1x1,642,1550,07/16/2023,False
Audere Apartments,"Phoenix-Mesa-Scottsdale, AZ",3055,1x1,642,1550,07/17/2023,False
Audere Apartments,"Phoenix-Mesa-Scottsdale, AZ",3055,1x1,642,1555,07/18/2023,False
Audere Apartments,"Phoenix-Mesa-Scottsdale, AZ",3055,1x1,642,1525,07/19/2023,False
Audere Apartments,"Phoenix-Mesa-Scottsdale, AZ",3055,1x1,642,1525,07/20/2023,False
Audere Apartments,"Phoenix-Mesa-Scottsdale, AZ",3055,1x1,642,1525,07/21/2023,False
Audere Apartments,"Phoenix-Mesa-Scottsdale, AZ",3055,1x1,642,1525,07/22/2023,False
Audere Apartments,"Phoenix-Mesa-Scottsdale, AZ",3055,1x1,642,1530,07/23/2023,False
Audere Apartments,"Phoenix-Mesa-Scottsdale, AZ",3055,1x1,642,1540,07/24/2023,False
Audere Apartments,"Phoenix-Mesa-Scottsdale, AZ",3055,1x1,642,1550,07/25/2023,False
Audere Apartments,"Phoenix-Mesa-Scottsdale, AZ",3055,1x1,642,1550,07/26/2023,False
Audere Apartments,"Phoenix-Mesa-Scottsdale, AZ",3055,1x1,642,1590,07/27/2023,False
Audere Apartments,"Phoenix-Mesa-Scottsdale, AZ",3055,1x1,642,1615,07/28/2023,False
Audere Apartments,"Phoenix-Mesa-Scottsdale, AZ",3055,1x1,642,1625,07/29/2023,False
Audere Apartments,"Phoenix-Mesa-Scottsdale, AZ",3055,1x1,642,1605,07/30/2023,False
Audere Apartments,"Phoenix-Mesa-Scottsdale, AZ",3055,1x1,642,1605,07/31/2023,False
Audere Apartments,"Phoenix-Mesa-Scottsdale, AZ",3055,1x1,642,1615,08/01/2023,False
Audere Apartments,"Phoenix-Mesa-Scottsdale, AZ",3055,1x1,642,1570,08/02/2023,False
Audere Apartments,"Phoenix-Mesa-Scottsdale, AZ",3055,1x1,642,1570,08/03/2023,False
Audere Apartments,"Phoenix-Mesa-Scottsdale, AZ",3055,1x1,642,1570,08/04/2023,False
Audere Apartments,"Phoenix-Mesa-Scottsdale, AZ",3055,1x1,642,1570,08/05/2023,False
Audere Apartments,"Phoenix-Mesa-Scottsdale, AZ",3055,1x1,642,1570,08/06/2023,False
Audere Apartments,"Phoenix-Mesa-Scottsdale, AZ",3055,1x1,642,1570,08/07/2023,False
Audere Apartments,"Phoenix-Mesa-Scottsdale, AZ",3055,1x1,642,1570,08/08/2023,False
Audere Apartments,"Phoenix-Mesa-Scottsdale, AZ",3055,1x1,642,1505,08/09/2023,False
Audere Apartments,"Phoenix-Mesa-Scottsdale, AZ",3055,1x1,642,1520,08/10/2023,False
Audere Apartments,"Phoenix-Mesa-Scottsdale, AZ",3055,1x1,642,1515,08/11/2023,False
Audere Apartments,"Phoenix-Mesa-Scottsdale, AZ",3055,1x1,642,1510,08/12/2023,False
Audere Apartments,"Phoenix-Mesa-Scottsdale, AZ",3055,1x1,642,1510,08/13/2023,False
Audere Apartments,"Phoenix-Mesa-Scottsdale, AZ",3055,1x1,642,1510,08/14/2023,False
Audere Apartments,"Phoenix-Mesa-Scottsdale, AZ",3055,1x1,642,1515,08/15/2023,False
Audere Apartments,"Phoenix-Mesa-Scottsdale, AZ",3055,1x1,642,1515,08/16/2023,False
Audere Apartments,"Phoenix-Mesa-Scottsdale, AZ",3055,1x1,642,1525,08/17/2023,False
Audere Apartments,"Phoenix-Mesa-Scottsdale, AZ",3055,1x1,642,1525,08/18/2023,False
Audere Apartments,"Phoenix-Mesa-Scottsdale, AZ",3055,1x1,642,1515,08/19/2023,False
Audere Apartments,"Phoenix-Mesa-Scottsdale, AZ",3055,1x1,642,1515,08/20/2023,False
Audere Apartments,"Phoenix-Mesa-Scottsdale, AZ",3055,1x1,642,1515,08/21/2023,False
Audere Apartments,"Phoenix-Mesa-Scottsdale, AZ",3055,1x1,642,1525,08/22/2023,False
Audere Apartments,"Phoenix-Mesa-Scottsdale, AZ",3055,1x1,642,1525,08/23/2023,False
Audere Apartments,"Phoenix-Mesa-Scottsdale, AZ",3055,1x1,642,1480,08/24/2023,False
Audere Apartments,"Phoenix-Mesa-Scottsdale, AZ",3055,1x1,642,1480,08/25/2023,False
Audere Apartments,"Phoenix-Mesa-Scottsdale, AZ",3055,1x1,642,1500,08/26/2023,False
Audere Apartments,"Phoenix-Mesa-Scottsdale, AZ",3055,1x1,642,1495,08/27/2023,False
Audere Apartments,"Phoenix-Mesa-Scottsdale, AZ",3055,1x1,642,1495,08/28/2023,True
Audere Apartments,"Phoenix-Mesa-Scottsdale, AZ",3055,1x1,642,1473,08/04/2024,False
Audere Apartments,"Phoenix-Mesa-Scottsdale, AZ",3055,1x1,642,1473,08/05/2024,False
Audere Apartments,"Phoenix-Mesa-Scottsdale, AZ",3055,1x1,642,1473,08/06/2024,False
Audere Apartments,"Phoenix-Mesa-Scottsdale, AZ",3055,1x1,642,1502,08/07/2024,False
Audere Apartments,"Phoenix-Mesa-Scottsdale, AZ",3055,1x1,642,1533,08/08/2024,False
Audere Apartments,"Phoenix-Mesa-Scottsdale, AZ",3055,1x1,642,1563,08/09/2024,False
Audere Apartments,"Phoenix-Mesa-Scottsdale, AZ",3055,1x1,642,1563,08/10/2024,False
Audere Apartments,"Phoenix-Mesa-Scottsdale, AZ",3055,1x1,642,1563,08/11/2024,False
Audere Apartments,"Phoenix-Mesa-Scottsdale, AZ",3055,1x1,642,1576,08/12/2024,False
Audere Apartments,"Phoenix-Mesa-Scottsdale, AZ",3055,1x1,642,1576,08/13/2024,False
Audere Apartments,"Phoenix-Mesa-Scottsdale, AZ",3055,1x1,642,1576,08/14/2024,False
Audere Apartments,"Phoenix-Mesa-Scottsdale, AZ",3055,1x1,642,1607,08/15/2024,False
Audere Apartments,"Phoenix-Mesa-Scottsdale, AZ",3055,1x1,642,1576,08/16/2024,False
Audere Apartments,"Phoenix-Mesa-Scottsdale, AZ",3055,1x1,642,1576,08/17/2024,False
Audere Apartments,"Phoenix-Mesa-Scottsdale, AZ",3055,1x1,642,1576,08/18/2024,False
Audere Apartments,"Phoenix-Mesa-Scottsdale, AZ",3055,1x1,642,1576,08/19/2024,False
Audere Apartments,"Phoenix-Mesa-Scottsdale, AZ",3055,1x1,642,1561,08/20/2024,False
Audere Apartments,"Phoenix-Mesa-Scottsdale, AZ",3055,1x1,642,1561,08/21/2024,False
Audere Apartments,"Phoenix-Mesa-Scottsdale, AZ",3055,1x1,642,1561,08/22/2024,False
Audere Apartments,"Phoenix-Mesa-Scottsdale, AZ",3055,1x1,642,1584,08/23/2024,False
Audere Apartments,"Phoenix-Mesa-Scottsdale, AZ",3055,1x1,642,1584,08/24/2024,False
Audere Apartments,"Phoenix-Mesa-Scottsdale, AZ",3055,1x1,642,1584,08/25/2024,False
Audere Apartments,"Phoenix-Mesa-Scottsdale, AZ",3055,1x1,642,1602,08/26/2024,False
Audere Apartments,"Phoenix-Mesa-Scottsdale, AZ",3055,1x1,642,1602,08/27/2024,False
Audere Apartments,"Phoenix-Mesa-Scottsdale, AZ",3055,1x1,642,1602,08/28/2024,False
Audere Apartments,"Phoenix-Mesa-Scottsdale, AZ",3055,1x1,642,1576,08/29/2024,False
Audere Apartments,"Phoenix-Mesa-Scottsdale, AZ",3055,1x1,642,1559,08/30/2024,False
Audere Apartments,"Phoenix-Mesa-Scottsdale, AZ",3055,1x1,642,1559,08/31/2024,False
Audere Apartments,"Phoenix-Mesa-Scottsdale, AZ",3055,1x1,642,1559,09/01/2024,False
Audere Apartments,"Phoenix-Mesa-Scottsdale, AZ",3055,1x1,642,1583,09/02/2024,False
Audere Apartments,"Phoenix-Mesa-Scottsdale, AZ",3055,1x1,642,1513,09/03/2024,False
Audere Apartments,"Phoenix-Mesa-Scottsdale, AZ",3055,1x1,642,1513,09/04/2024,False
Audere Apartments,"Phoenix-Mesa-Scottsdale, AZ",3055,1x1,642,1513,09/05/2024,False
Audere Apartments,"Phoenix-Mesa-Scottsdale, AZ",3055,1x1,642,1513,09/06/2024,False
Audere Apartments,"Phoenix-Mesa-Scottsdale, AZ",3055,1x1,642,1513,09/07/2024,False
Audere Apartments,"Phoenix-Mesa-Scottsdale, AZ",3055,1x1,642,1513,09/08/2024,False
Audere Apartments,"Phoenix-Mesa-Scottsdale, AZ",3055,1x1,642,1513,09/09/2024,False
Audere Apartments,"Phoenix-Mesa-Scottsdale, AZ",3055,1x1,642,1513,09/10/2024,False
Audere Apartments,"Phoenix-Mesa-Scottsdale, AZ",3055,1x1,642,1513,09/11/2024,False
Audere Apartments,"Phoenix-Mesa-Scottsdale, AZ",3055,1x1,642,1482,09/12/2024,False
Audere Apartments,"Phoenix-Mesa-Scottsdale, AZ",3055,1x1,642,1452,09/13/2024,False
Audere Apartments,"Phoenix-Mesa-Scottsdale, AZ",3055,1x1,642,1452,09/14/2024,False
Audere Apartments,"Phoenix-Mesa-Scottsdale, AZ",3055,1x1,642,1452,09/15/2024,False
Audere Apartments,"Phoenix-Mesa-Scottsdale, AZ",3055,1x1,642,1422,09/16/2024,False
Audere Apartments,"Phoenix-Mesa-Scottsdale, AZ",3055,1x1,642,1405,09/17/2024,False
Audere Apartments,"Phoenix-Mesa-Scottsdale, AZ",3055,1x1,642,1405,09/18/2024,False
Audere Apartments,"Phoenix-Mesa-Scottsdale, AZ",3055,1x1,642,1405,09/19/2024,False
Audere Apartments,"Phoenix-Mesa-Scottsdale, AZ",3055,1x1,642,1376,09/20/2024,False
Audere Apartments,"Phoenix-Mesa-Scottsdale, AZ",3055,1x1,642,1376,09/21/2024,False
Audere Apartments,"Phoenix-Mesa-Scottsdale, AZ",3055,1x1,642,1405,09/22/2024,False
Audere Apartments,"Phoenix-Mesa-Scottsdale, AZ",3055,1x1,642,1420,09/23/2024,False
Audere Apartments,"Phoenix-Mesa-Scottsdale, AZ",3055,1x1,642,1434,09/24/2024,False
Audere Apartments,"Phoenix-Mesa-Scottsdale, AZ",3055,1x1,642,1445,09/25/2024,False
Audere Apartments,"Phoenix-Mesa-Scottsdale, AZ",3055,1x1,642,1386,09/26/2024,False
Audere Apartments,"Phoenix-Mesa-Scottsdale, AZ",3055,1x1,642,1386,09/27/2024,False
Audere Apartments,"Phoenix-Mesa-Scottsdale, AZ",3055,1x1,642,1386,09/28/2024,False
Audere Apartments,"Phoenix-Mesa-Scottsdale, AZ",3055,1x1,642,1415,09/29/2024,False
Audere Apartments,"Phoenix-Mesa-Scottsdale, AZ",3055,1x1,642,1415,09/30/2024,False
Audere Apartments,"Phoenix-Mesa-Scottsdale, AZ",3055,1x1,642,1415,10/01/2024,False
Audere Apartments,"Phoenix-Mesa-Scottsdale, AZ",3055,1x1,642,1467,10/02/2024,False
Audere Apartments,"Phoenix-Mesa-Scottsdale, AZ",3055,1x1,642,1481,10/03/2024,False
Audere Apartments,"Phoenix-Mesa-Scottsdale, AZ",3055,1x1,642,1421,10/04/2024,False
Audere Apartments,"Phoenix-Mesa-Scottsdale, AZ",3055,1x1,642,1421,10/05/2024,False
Audere Apartments,"Phoenix-Mesa-Scottsdale, AZ",3055,1x1,642,1421,10/06/2024,False
Audere Apartments,"Phoenix-Mesa-Scottsdale, AZ",3055,1x1,642,1391,10/07/2024,False
Audere Apartments,"Phoenix-Mesa-Scottsdale, AZ",3055,1x1,642,1391,10/08/2024,False
Audere Apartments,"Phoenix-Mesa-Scottsdale, AZ",3055,1x1,642,1363,10/09/2024,False
Audere Apartments,"Phoenix-Mesa-Scottsdale, AZ",3055,1x1,642,1335,10/10/2024,False
Audere Apartments,"Phoenix-Mesa-Scottsdale, AZ",3055,1x1,642,1343,10/11/2024,False
Audere Apartments,"Phoenix-Mesa-Scottsdale, AZ",3055,1x1,642,1343,10/12/2024,True
Audere Apartments,"Phoenix-Mesa-Scottsdale, AZ",4001,3x2,1335,2310,04/01/2025,False
Audere Apartments,"Phoenix-Mesa-Scottsdale, AZ",4001,3x2,1335,2333,04/02/2025,False
Audere Apartments,"Phoenix-Mesa-Scottsdale, AZ",4001,3x2,1335,2357,04/03/2025,False
Audere Apartments,"Phoenix-Mesa-Scottsdale, AZ",4001,3x2,1335,2381,04/04/2025,False
Audere Apartments,"Phoenix-Mesa-Scottsdale, AZ",4001,3x2,1335,2381,04/05/2025,False
Audere Apartments,"Phoenix-Mesa-Scottsdale, AZ",4001,3x2,1335,2381,04/06/2025,False
Audere Apartments,"Phoenix-Mesa-Scottsdale, AZ",4001,3x2,1335,2405,04/07/2025,False
Audere Apartments,"Phoenix-Mesa-Scottsdale, AZ",4001,3x2,1335,2429,04/08/2025,False
Audere Apartments,"Phoenix-Mesa-Scottsdale, AZ",4001,3x2,1335,2404,04/09/2025,False
Audere Apartments,"Phoenix-Mesa-Scottsdale, AZ",4001,3x2,1335,2408,04/10/2025,False
Audere Apartments,"Phoenix-Mesa-Scottsdale, AZ",4001,3x2,1335,2287,04/11/2025,False
Audere Apartments,"Phoenix-Mesa-Scottsdale, AZ",4001,3x2,1335,2287,04/12/2025,False
Audere Apartments,"Phoenix-Mesa-Scottsdale, AZ",4001,3x2,1335,2287,04/13/2025,False
Audere Apartments,"Phoenix-Mesa-Scottsdale, AZ",4001,3x2,1335,2310,04/14/2025,False
Audere Apartments,"Phoenix-Mesa-Scottsdale, AZ",4001,3x2,1335,2333,04/15/2025,False
Audere Apartments,"Phoenix-Mesa-Scottsdale, AZ",4001,3x2,1335,2356,04/16/2025,False
Audere Apartments,"Phoenix-Mesa-Scottsdale, AZ",4001,3x2,1335,2380,04/17/2025,False
Audere Apartments,"Phoenix-Mesa-Scottsdale, AZ",4001,3x2,1335,2458,04/18/2025,False
Audere Apartments,"Phoenix-Mesa-Scottsdale, AZ",4001,3x2,1335,2458,04/19/2025,False
Audere Apartments,"Phoenix-Mesa-Scottsdale, AZ",4001,3x2,1335,2458,04/20/2025,False
Audere Apartments,"Phoenix-Mesa-Scottsdale, AZ",4001,3x2,1335,2458,04/21/2025,False
Audere Apartments,"Phoenix-Mesa-Scottsdale, AZ",4001,3x2,1335,2482,04/22/2025,False
Audere Apartments,"Phoenix-Mesa-Scottsdale, AZ",4001,3x2,1335,2457,04/23/2025,False
Audere Apartments,"Phoenix-Mesa-Scottsdale, AZ",4001,3x2,1335,2432,04/24/2025,False
Audere Apartments,"Phoenix-Mesa-Scottsdale, AZ",4001,3x2,1335,2432,04/25/2025,False
Audere Apartments,"Phoenix-Mesa-Scottsdale, AZ",4001,3x2,1335,2432,04/26/2025,False
Audere Apartments,"Phoenix-Mesa-Scottsdale, AZ",4001,3x2,1335,2432,04/27/2025,True
Audere Apartments,"Phoenix-Mesa-Scottsdale, AZ",4002,3x2,1285,2237,03/17/2024,False
Audere Apartments,"Phoenix-Mesa-Scottsdale, AZ",4002,3x2,1285,2237,03/18/2024,False
Audere Apartments,"Phoenix-Mesa-Scottsdale, AZ",4002,3x2,1285,2237,03/19/2024,False
Audere Apartments,"Phoenix-Mesa-Scottsdale, AZ",4002,3x2,1285,2350,03/20/2024,False
Audere Apartments,"Phoenix-Mesa-Scottsdale, AZ",4002,3x2,1285,2579,03/21/2024,False
Audere Apartments,"Phoenix-Mesa-Scottsdale, AZ",4002,3x2,1285,2449,03/22/2024,False
Audere Apartments,"Phoenix-Mesa-Scottsdale, AZ",4002,3x2,1285,2375,03/23/2024,False
Audere Apartments,"Phoenix-Mesa-Scottsdale, AZ",4002,3x2,1285,2375,03/24/2024,False
Audere Apartments,"Phoenix-Mesa-Scottsdale, AZ",4002,3x2,1285,2375,03/25/2024,False
Audere Apartments,"Phoenix-Mesa-Scottsdale, AZ",4002,3x2,1285,2375,03/26/2024,False
Audere Apartments,"Phoenix-Mesa-Scottsdale, AZ",4002,3x2,1285,2375,03/27/2024,False
Audere Apartments,"Phoenix-Mesa-Scottsdale, AZ",4002,3x2,1285,2375,03/28/2024,False
Audere Apartments,"Phoenix-Mesa-Scottsdale, AZ",4002,3x2,1285,2375,03/29/2024,False
Audere Apartments,"Phoenix-Mesa-Scottsdale, AZ",4002,3x2,1285,2375,03/30/2024,False
Audere Apartments,"Phoenix-Mesa-Scottsdale, AZ",4002,3x2,1285,2375,03/31/2024,False
Audere Apartments,"Phoenix-Mesa-Scottsdale, AZ",4002,3x2,1285,2375,04/01/2024,False
Audere Apartments,"Phoenix-Mesa-Scottsdale, AZ",4002,3x2,1285,2375,04/02/2024,False
Audere Apartments,"Phoenix-Mesa-Scottsdale, AZ",4002,3x2,1285,2255,04/03/2024,False
Audere Apartments,"Phoenix-Mesa-Scottsdale, AZ",4002,3x2,1285,2255,04/04/2024,False
Audere Apartments,"Phoenix-Mesa-Scottsdale, AZ",4002,3x2,1285,2255,04/05/2024,False
Audere Apartments,"Phoenix-Mesa-Scottsdale, AZ",4002,3x2,1285,2255,04/06/2024,False
Audere Apartments,"Phoenix-Mesa-Scottsdale, AZ",4002,3x2,1285,2255,04/07/2024,False
Audere Apartments,"Phoenix-Mesa-Scottsdale, AZ",4002,3x2,1285,2255,04/08/2024,False
Audere Apartments,"Phoenix-Mesa-Scottsdale, AZ",4002,3x2,1285,2516,04/09/2024,False
Audere Apartments,"Phoenix-Mesa-Scottsdale, AZ",4002,3x2,1285,2440,04/10/2024,False
Audere Apartments,"Phoenix-Mesa-Scottsdale, AZ",4002,3x2,1285,2317,04/11/2024,False
Audere Apartments,"Phoenix-Mesa-Scottsdale, AZ",4002,3x2,1285,2317,04/12/2024,False
Audere Apartments,"Phoenix-Mesa-Scottsdale, AZ",4002,3x2,1285,2317,04/13/2024,False
Audere Apartments,"Phoenix-Mesa-Scottsdale, AZ",4002,3x2,1285,2317,04/14/2024,False
Audere Apartments,"Phoenix-Mesa-Scottsdale, AZ",4002,3x2,1285,2317,04/15/2024,False
Audere Apartments,"Phoenix-Mesa-Scottsdale, AZ",4002,3x2,1285,2317,04/16/2024,False
Audere Apartments,"Phoenix-Mesa-Scottsdale, AZ",4002,3x2,1285,2200,04/17/2024,False
Audere Apartments,"Phoenix-Mesa-Scottsdale, AZ",4002,3x2,1285,2494,04/18/2024,False
Audere Apartments,"Phoenix-Mesa-Scottsdale, AZ",4002,3x2,1285,2368,04/19/2024,False
Audere Apartments,"Phoenix-Mesa-Scottsdale, AZ",4002,3x2,1285,2368,04/20/2024,False
Audere Apartments,"Phoenix-Mesa-Scottsdale, AZ",4002,3x2,1285,2368,04/21/2024,False
Audere Apartments,"Phoenix-Mesa-Scottsdale, AZ",4002,3x2,1285,2368,04/22/2024,False
Audere Apartments,"Phoenix-Mesa-Scottsdale, AZ",4002,3x2,1285,2368,04/23/2024,False
Audere Apartments,"Phoenix-Mesa-Scottsdale, AZ",4002,3x2,1285,2368,04/24/2024,False
Audere Apartments,"Phoenix-Mesa-Scottsdale, AZ",4002,3x2,1285,2368,04/25/2024,False
Audere Apartments,"Phoenix-Mesa-Scottsdale, AZ",4002,3x2,1285,2368,04/26/2024,False
Audere Apartments,"Phoenix-Mesa-Scottsdale, AZ",4002,3x2,1285,2368,04/27/2024,False
Audere Apartments,"Phoenix-Mesa-Scottsdale, AZ",4002,3x2,1285,2368,04/28/2024,False
Audere Apartments,"Phoenix-Mesa-Scottsdale, AZ",4002,3x2,1285,2296,04/29/2024,False
Audere Apartments,"Phoenix-Mesa-Scottsdale, AZ",4002,3x2,1285,2249,04/30/2024,False
Audere Apartments,"Phoenix-Mesa-Scottsdale, AZ",4002,3x2,1285,2136,05/01/2024,False
Audere Apartments,"Phoenix-Mesa-Scottsdale, AZ",4002,3x2,1285,2136,05/02/2024,False
Audere Apartments,"Phoenix-Mesa-Scottsdale, AZ",4002,3x2,1285,2136,05/03/2024,False
Audere Apartments,"Phoenix-Mesa-Scottsdale, AZ",4002,3x2,1285,2136,05/04/2024,False
Audere Apartments,"Phoenix-Mesa-Scottsdale, AZ",4002,3x2,1285,2136,05/05/2024,False
Audere Apartments,"Phoenix-Mesa-Scottsdale, AZ",4002,3x2,1285,2087,05/06/2024,False
Audere Apartments,"Phoenix-Mesa-Scottsdale, AZ",4002,3x2,1285,2087,05/07/2024,False
Audere Apartments,"Phoenix-Mesa-Scottsdale, AZ",4002,3x2,1285,2087,05/08/2024,False
Audere Apartments,"Phoenix-Mesa-Scottsdale, AZ",4002,3x2,1285,2087,05/09/2024,False
Audere Apartments,"Phoenix-Mesa-Scottsdale, AZ",4002,3x2,1285,2087,05/10/2024,False
Audere Apartments,"Phoenix-Mesa-Scottsdale, AZ",4002,3x2,1285,2087,05/11/2024,False
Audere Apartments,"Phoenix-Mesa-Scottsdale, AZ",4002,3x2,1285,2087,05/12/2024,False
Audere Apartments,"Phoenix-Mesa-Scottsdale, AZ",4002,3x2,1285,2122,05/13/2024,False
Audere Apartments,"Phoenix-Mesa-Scottsdale, AZ",4002,3x2,1285,2122,05/14/2024,False
Audere Apartments,"Phoenix-Mesa-Scottsdale, AZ",4002,3x2,1285,2122,05/15/2024,False
Audere Apartments,"Phoenix-Mesa-Scottsdale, AZ",4002,3x2,1285,2122,05/16/2024,False
Audere Apartments,"Phoenix-Mesa-Scottsdale, AZ",4002,3x2,1285,2122,05/17/2024,False
Audere Apartments,"Phoenix-Mesa-Scottsdale, AZ",4002,3x2,1285,2122,05/18/2024,False
Audere Apartments,"Phoenix-Mesa-Scottsdale, AZ",4002,3x2,1285,2122,05/19/2024,False
Audere Apartments,"Phoenix-Mesa-Scottsdale, AZ",4002,3x2,1285,2122,05/20/2024,False
Audere Apartments,"Phoenix-Mesa-Scottsdale, AZ",4002,3x2,1285,2122,05/21/2024,False
Audere Apartments,"Phoenix-Mesa-Scottsdale, AZ",4002,3x2,1285,2122,05/22/2024,False
Audere Apartments,"Phoenix-Mesa-Scottsdale, AZ",4002,3x2,1285,2122,05/23/2024,False
Audere Apartments,"Phoenix-Mesa-Scottsdale, AZ",4002,3x2,1285,2122,05/24/2024,False
Audere Apartments,"Phoenix-Mesa-Scottsdale, AZ",4002,3x2,1285,2122,05/25/2024,False
Audere Apartments,"Phoenix-Mesa-Scottsdale, AZ",4002,3x2,1285,2122,05/26/2024,False
Audere Apartments,"Phoenix-Mesa-Scottsdale, AZ",4002,3x2,1285,2122,05/27/2024,False
Audere Apartments,"Phoenix-Mesa-Scottsdale, AZ",4002,3x2,1285,2122,05/28/2024,False
Audere Apartments,"Phoenix-Mesa-Scottsdale, AZ",4002,3x2,1285,2122,05/29/2024,False
Audere Apartments,"Phoenix-Mesa-Scottsdale, AZ",4002,3x2,1285,2122,05/30/2024,False
Audere Apartments,"Phoenix-Mesa-Scottsdale, AZ",4002,3x2,1285,2122,05/31/2024,False
Audere Apartments,"Phoenix-Mesa-Scottsdale, AZ",4002,3x2,1285,2122,06/01/2024,False
Audere Apartments,"Phoenix-Mesa-Scottsdale, AZ",4002,3x2,1285,2122,06/02/2024,False
Audere Apartments,"Phoenix-Mesa-Scottsdale, AZ",4002,3x2,1285,2122,06/03/2024,False
Audere Apartments,"Phoenix-Mesa-Scottsdale, AZ",4002,3x2,1285,2122,06/04/2024,False
Audere Apartments,"Phoenix-Mesa-Scottsdale, AZ",4002,3x2,1285,2122,06/05/2024,False
Audere Apartments,"Phoenix-Mesa-Scottsdale, AZ",4002,3x2,1285,2122,06/06/2024,False
Audere Apartments,"Phoenix-Mesa-Scottsdale, AZ",4002,3x2,1285,2122,06/07/2024,False
Audere Apartments,"Phoenix-Mesa-Scottsdale, AZ",4002,3x2,1285,2122,06/08/2024,False
Audere Apartments,"Phoenix-Mesa-Scottsdale, AZ",4002,3x2,1285,2122,06/09/2024,False
Audere Apartments,"Phoenix-Mesa-Scottsdale, AZ",4002,3x2,1285,2122,06/10/2024,False
Audere Apartments,"Phoenix-Mesa-Scottsdale, AZ",4002,3x2,1285,2122,06/11/2024,False
Audere Apartments,"Phoenix-Mesa-Scottsdale, AZ",4002,3x2,1285,2122,06/12/2024,False
Audere Apartments,"Phoenix-Mesa-Scottsdale, AZ",4002,3x2,1285,2122,06/13/2024,False
Audere Apartments,"Phoenix-Mesa-Scottsdale, AZ",4002,3x2,1285,2122,06/14/2024,False
Audere Apartments,"Phoenix-Mesa-Scottsdale, AZ",4002,3x2,1285,2122,06/15/2024,False
Audere Apartments,"Phoenix-Mesa-Scottsdale, AZ",4002,3x2,1285,2122,06/16/2024,False
Audere Apartments,"Phoenix-Mesa-Scottsdale, AZ",4002,3x2,1285,2122,06/17/2024,False
Audere Apartments,"Phoenix-Mesa-Scottsdale, AZ",4002,3x2,1285,2122,06/18/2024,False
Audere Apartments,"Phoenix-Mesa-Scottsdale, AZ",4002,3x2,1285,2122,06/19/2024,False
Audere Apartments,"Phoenix-Mesa-Scottsdale, AZ",4002,3x2,1285,2122,06/20/2024,False
Audere Apartments,"Phoenix-Mesa-Scottsdale, AZ",4002,3x2,1285,2122,06/21/2024,False
Audere Apartments,"Phoenix-Mesa-Scottsdale, AZ",4002,3x2,1285,2122,06/22/2024,False
Audere Apartments,"Phoenix-Mesa-Scottsdale, AZ",4002,3x2,1285,2122,06/23/2024,False
Audere Apartments,"Phoenix-Mesa-Scottsdale, AZ",4002,3x2,1285,2122,06/24/2024,False
Audere Apartments,"Phoenix-Mesa-Scottsdale, AZ",4002,3x2,1285,2122,06/25/2024,False
Audere Apartments,"Phoenix-Mesa-Scottsdale, AZ",4002,3x2,1285,2122,06/26/2024,False
Audere Apartments,"Phoenix-Mesa-Scottsdale, AZ",4002,3x2,1285,2122,06/27/2024,False
Audere Apartments,"Phoenix-Mesa-Scottsdale, AZ",4002,3x2,1285,2122,06/28/2024,False
Audere Apartments,"Phoenix-Mesa-Scottsdale, AZ",4002,3x2,1285,2122,06/29/2024,False
Audere Apartments,"Phoenix-Mesa-Scottsdale, AZ",4002,3x2,1285,2122,06/30/2024,False
Audere Apartments,"Phoenix-Mesa-Scottsdale, AZ",4002,3x2,1285,2122,07/01/2024,False
Audere Apartments,"Phoenix-Mesa-Scottsdale, AZ",4002,3x2,1285,2122,07/02/2024,False
Audere Apartments,"Phoenix-Mesa-Scottsdale, AZ",4002,3x2,1285,2122,07/03/2024,False
Audere Apartments,"Phoenix-Mesa-Scottsdale, AZ",4002,3x2,1285,2122,07/04/2024,False
Audere Apartments,"Phoenix-Mesa-Scottsdale, AZ",4002,3x2,1285,2122,07/05/2024,False
Audere Apartments,"Phoenix-Mesa-Scottsdale, AZ",4002,3x2,1285,2122,07/06/2024,False
Audere Apartments,"Phoenix-Mesa-Scottsdale, AZ",4002,3x2,1285,2122,07/07/2024,False
Audere Apartments,"Phoenix-Mesa-Scottsdale, AZ",4002,3x2,1285,2122,07/08/2024,False
Audere Apartments,"Phoenix-Mesa-Scottsdale, AZ",4002,3x2,1285,2122,07/09/2024,False
Audere Apartments,"Phoenix-Mesa-Scottsdale, AZ",4002,3x2,1285,2122,07/10/2024,False
Audere Apartments,"Phoenix-Mesa-Scottsdale, AZ",4002,3x2,1285,2122,07/11/2024,False
Audere Apartments,"Phoenix-Mesa-Scottsdale, AZ",4002,3x2,1285,2122,07/12/2024,False
Audere Apartments,"Phoenix-Mesa-Scottsdale, AZ",4002,3x2,1285,2122,07/13/2024,False
Audere Apartments,"Phoenix-Mesa-Scottsdale, AZ",4002,3x2,1285,2122,07/14/2024,False
Audere Apartments,"Phoenix-Mesa-Scottsdale, AZ",4002,3x2,1285,2122,07/15/2024,False
Audere Apartments,"Phoenix-Mesa-Scottsdale, AZ",4002,3x2,1285,2122,07/16/2024,False
Audere Apartments,"Phoenix-Mesa-Scottsdale, AZ",4002,3x2,1285,2122,07/17/2024,False
Audere Apartments,"Phoenix-Mesa-Scottsdale, AZ",4002,3x2,1285,2122,07/18/2024,False
Audere Apartments,"Phoenix-Mesa-Scottsdale, AZ",4002,3x2,1285,2122,07/19/2024,False
Audere Apartments,"Phoenix-Mesa-Scottsdale, AZ",4002,3x2,1285,2122,07/20/2024,False
Audere Apartments,"Phoenix-Mesa-Scottsdale, AZ",4002,3x2,1285,2122,07/21/2024,False
Audere Apartments,"Phoenix-Mesa-Scottsdale, AZ",4002,3x2,1285,2122,07/22/2024,False
Audere Apartments,"Phoenix-Mesa-Scottsdale, AZ",4002,3x2,1285,2122,07/23/2024,False
Audere Apartments,"Phoenix-Mesa-Scottsdale, AZ",4002,3x2,1285,2372,07/24/2024,False
Audere Apartments,"Phoenix-Mesa-Scottsdale, AZ",4002,3x2,1285,2372,07/25/2024,False
Audere Apartments,"Phoenix-Mesa-Scottsdale, AZ",4002,3x2,1285,2372,07/26/2024,False
Audere Apartments,"Phoenix-Mesa-Scottsdale, AZ",4002,3x2,1285,2400,07/27/2024,False
Audere Apartments,"Phoenix-Mesa-Scottsdale, AZ",4002,3x2,1285,2400,07/28/2024,False
Audere Apartments,"Phoenix-Mesa-Scottsdale, AZ",4002,3x2,1285,2400,07/29/2024,False
Audere Apartments,"Phoenix-Mesa-Scottsdale, AZ",4002,3x2,1285,2281,07/30/2024,False
Audere Apartments,"Phoenix-Mesa-Scottsdale, AZ",4002,3x2,1285,2281,07/31/2024,False
Audere Apartments,"Phoenix-Mesa-Scottsdale, AZ",4002,3x2,1285,2281,08/01/2024,False
Audere Apartments,"Phoenix-Mesa-Scottsdale, AZ",4002,3x2,1285,2237,08/02/2024,False
Audere Apartments,"Phoenix-Mesa-Scottsdale, AZ",4002,3x2,1285,2249,08/03/2024,False
Audere Apartments,"Phoenix-Mesa-Scottsdale, AZ",4002,3x2,1285,2249,08/04/2024,False
Audere Apartments,"Phoenix-Mesa-Scottsdale, AZ",4002,3x2,1285,2249,08/05/2024,False
Audere Apartments,"Phoenix-Mesa-Scottsdale, AZ",4002,3x2,1285,2249,08/06/2024,False
Audere Apartments,"Phoenix-Mesa-Scottsdale, AZ",4002,3x2,1285,2249,08/07/2024,False
Audere Apartments,"Phoenix-Mesa-Scottsdale, AZ",4002,3x2,1285,2234,08/08/2024,False
Audere Apartments,"Phoenix-Mesa-Scottsdale, AZ",4002,3x2,1285,2234,08/09/2024,False
Audere Apartments,"Phoenix-Mesa-Scottsdale, AZ",4002,3x2,1285,2234,08/10/2024,False
Audere Apartments,"Phoenix-Mesa-Scottsdale, AZ",4002,3x2,1285,2234,08/11/2024,False
Audere Apartments,"Phoenix-Mesa-Scottsdale, AZ",4002,3x2,1285,2234,08/12/2024,False
Audere Apartments,"Phoenix-Mesa-Scottsdale, AZ",4002,3x2,1285,2234,08/13/2024,False
Audere Apartments,"Phoenix-Mesa-Scottsdale, AZ",4002,3x2,1285,2234,08/14/2024,False
Audere Apartments,"Phoenix-Mesa-Scottsdale, AZ",4002,3x2,1285,2189,08/15/2024,False
Audere Apartments,"Phoenix-Mesa-Scottsdale, AZ",4002,3x2,1285,2176,08/16/2024,False
Audere Apartments,"Phoenix-Mesa-Scottsdale, AZ",4002,3x2,1285,2176,08/17/2024,False
Audere Apartments,"Phoenix-Mesa-Scottsdale, AZ",4002,3x2,1285,2176,08/18/2024,False
Audere Apartments,"Phoenix-Mesa-Scottsdale, AZ",4002,3x2,1285,2219,08/19/2024,False
Audere Apartments,"Phoenix-Mesa-Scottsdale, AZ",4002,3x2,1285,2262,08/20/2024,False
Audere Apartments,"Phoenix-Mesa-Scottsdale, AZ",4002,3x2,1285,2306,08/21/2024,False
Audere Apartments,"Phoenix-Mesa-Scottsdale, AZ",4002,3x2,1285,2325,08/22/2024,False
Audere Apartments,"Phoenix-Mesa-Scottsdale, AZ",4002,3x2,1285,2325,08/23/2024,False
Audere Apartments,"Phoenix-Mesa-Scottsdale, AZ",4002,3x2,1285,2325,08/24/2024,False
Audere Apartments,"Phoenix-Mesa-Scottsdale, AZ",4002,3x2,1285,2325,08/25/2024,False
Audere Apartments,"Phoenix-Mesa-Scottsdale, AZ",4002,3x2,1285,2371,08/26/2024,False
Audere Apartments,"Phoenix-Mesa-Scottsdale, AZ",4002,3x2,1285,2417,08/27/2024,False
Audere Apartments,"Phoenix-Mesa-Scottsdale, AZ",4002,3x2,1285,2464,08/28/2024,False
Audere Apartments,"Phoenix-Mesa-Scottsdale, AZ",4002,3x2,1285,2465,08/29/2024,False
Audere Apartments,"Phoenix-Mesa-Scottsdale, AZ",4002,3x2,1285,2465,08/30/2024,False
Audere Apartments,"Phoenix-Mesa-Scottsdale, AZ",4002,3x2,1285,2465,08/31/2024,False
Audere Apartments,"Phoenix-Mesa-Scottsdale, AZ",4002,3x2,1285,2465,09/01/2024,False
Audere Apartments,"Phoenix-Mesa-Scottsdale, AZ",4002,3x2,1285,2514,09/02/2024,False
Audere Apartments,"Phoenix-Mesa-Scottsdale, AZ",4002,3x2,1285,2379,09/03/2024,False
Audere Apartments,"Phoenix-Mesa-Scottsdale, AZ",4002,3x2,1285,2379,09/04/2024,False
Audere Apartments,"Phoenix-Mesa-Scottsdale, AZ",4002,3x2,1285,2379,09/05/2024,False
Audere Apartments,"Phoenix-Mesa-Scottsdale, AZ",4002,3x2,1285,2379,09/06/2024,False
Audere Apartments,"Phoenix-Mesa-Scottsdale, AZ",4002,3x2,1285,2379,09/07/2024,False
Audere Apartments,"Phoenix-Mesa-Scottsdale, AZ",4002,3x2,1285,2379,09/08/2024,False
Audere Apartments,"Phoenix-Mesa-Scottsdale, AZ",4002,3x2,1285,2379,09/09/2024,False
Audere Apartments,"Phoenix-Mesa-Scottsdale, AZ",4002,3x2,1285,2379,09/10/2024,False
Audere Apartments,"Phoenix-Mesa-Scottsdale, AZ",4002,3x2,1285,2379,09/11/2024,False
Audere Apartments,"Phoenix-Mesa-Scottsdale, AZ",4002,3x2,1285,2331,09/12/2024,False
Audere Apartments,"Phoenix-Mesa-Scottsdale, AZ",4002,3x2,1285,2284,09/13/2024,False
Audere Apartments,"Phoenix-Mesa-Scottsdale, AZ",4002,3x2,1285,2284,09/14/2024,False
Audere Apartments,"Phoenix-Mesa-Scottsdale, AZ",4002,3x2,1285,2284,09/15/2024,False
Audere Apartments,"Phoenix-Mesa-Scottsdale, AZ",4002,3x2,1285,2238,09/16/2024,False
Audere Apartments,"Phoenix-Mesa-Scottsdale, AZ",4002,3x2,1285,2211,09/17/2024,False
Audere Apartments,"Phoenix-Mesa-Scottsdale, AZ",4002,3x2,1285,2166,09/18/2024,False
Audere Apartments,"Phoenix-Mesa-Scottsdale, AZ",4002,3x2,1285,2092,09/19/2024,False
Audere Apartments,"Phoenix-Mesa-Scottsdale, AZ",4002,3x2,1285,2092,09/20/2024,False
Audere Apartments,"Phoenix-Mesa-Scottsdale, AZ",4002,3x2,1285,2092,09/21/2024,False
Audere Apartments,"Phoenix-Mesa-Scottsdale, AZ",4002,3x2,1285,2092,09/22/2024,False
Audere Apartments,"Phoenix-Mesa-Scottsdale, AZ",4002,3x2,1285,2071,09/23/2024,False
Audere Apartments,"Phoenix-Mesa-Scottsdale, AZ",4002,3x2,1285,2087,09/24/2024,False
Audere Apartments,"Phoenix-Mesa-Scottsdale, AZ",4002,3x2,1285,2108,09/25/2024,False
Audere Apartments,"Phoenix-Mesa-Scottsdale, AZ",4002,3x2,1285,2129,09/26/2024,False
Audere Apartments,"Phoenix-Mesa-Scottsdale, AZ",4002,3x2,1285,2129,09/27/2024,False
Audere Apartments,"Phoenix-Mesa-Scottsdale, AZ",4002,3x2,1285,2129,09/28/2024,False
Audere Apartments,"Phoenix-Mesa-Scottsdale, AZ",4002,3x2,1285,2129,09/29/2024,False
Audere Apartments,"Phoenix-Mesa-Scottsdale, AZ",4002,3x2,1285,2129,09/30/2024,False
Audere Apartments,"Phoenix-Mesa-Scottsdale, AZ",4002,3x2,1285,2108,10/01/2024,False
Audere Apartments,"Phoenix-Mesa-Scottsdale, AZ",4002,3x2,1285,2071,10/02/2024,False
Audere Apartments,"Phoenix-Mesa-Scottsdale, AZ",4002,3x2,1285,2063,10/03/2024,False
Audere Apartments,"Phoenix-Mesa-Scottsdale, AZ",4002,3x2,1285,2063,10/04/2024,False
Audere Apartments,"Phoenix-Mesa-Scottsdale, AZ",4002,3x2,1285,2063,10/05/2024,False
Audere Apartments,"Phoenix-Mesa-Scottsdale, AZ",4002,3x2,1285,2063,10/06/2024,False
Audere Apartments,"Phoenix-Mesa-Scottsdale, AZ",4002,3x2,1285,2063,10/07/2024,False
Audere Apartments,"Phoenix-Mesa-Scottsdale, AZ",4002,3x2,1285,2063,10/08/2024,True
Audere Apartments,"Phoenix-Mesa-Scottsdale, AZ",4003,2x2,1040,1825,12/07/2023,False
Audere Apartments,"Phoenix-Mesa-Scottsdale, AZ",4003,2x2,1040,1825,12/08/2023,False
Audere Apartments,"Phoenix-Mesa-Scottsdale, AZ",4003,2x2,1040,1810,12/09/2023,False
Audere Apartments,"Phoenix-Mesa-Scottsdale, AZ",4003,2x2,1040,1810,12/10/2023,False
Audere Apartments,"Phoenix-Mesa-Scottsdale, AZ",4003,2x2,1040,1810,12/11/2023,False
Audere Apartments,"Phoenix-Mesa-Scottsdale, AZ",4003,2x2,1040,1815,12/12/2023,False
Audere Apartments,"Phoenix-Mesa-Scottsdale, AZ",4003,2x2,1040,1815,12/13/2023,False
Audere Apartments,"Phoenix-Mesa-Scottsdale, AZ",4003,2x2,1040,1815,12/14/2023,False
Audere Apartments,"Phoenix-Mesa-Scottsdale, AZ",4003,2x2,1040,1795,12/15/2023,False
Audere Apartments,"Phoenix-Mesa-Scottsdale, AZ",4003,2x2,1040,1795,12/16/2023,False
Audere Apartments,"Phoenix-Mesa-Scottsdale, AZ",4003,2x2,1040,1795,12/17/2023,False
Audere Apartments,"Phoenix-Mesa-Scottsdale, AZ",4003,2x2,1040,1790,12/18/2023,False
Audere Apartments,"Phoenix-Mesa-Scottsdale, AZ",4003,2x2,1040,1800,12/19/2023,False
Audere Apartments,"Phoenix-Mesa-Scottsdale, AZ",4003,2x2,1040,1800,12/20/2023,False
Audere Apartments,"Phoenix-Mesa-Scottsdale, AZ",4003,2x2,1040,1765,12/21/2023,False
Audere Apartments,"Phoenix-Mesa-Scottsdale, AZ",4003,2x2,1040,1750,12/22/2023,False
Audere Apartments,"Phoenix-Mesa-Scottsdale, AZ",4003,2x2,1040,1765,12/23/2023,False
Audere Apartments,"Phoenix-Mesa-Scottsdale, AZ",4003,2x2,1040,1780,12/24/2023,False
Audere Apartments,"Phoenix-Mesa-Scottsdale, AZ",4003,2x2,1040,1780,12/25/2023,False
Audere Apartments,"Phoenix-Mesa-Scottsdale, AZ",4003,2x2,1040,1780,12/26/2023,False
Audere Apartments,"Phoenix-Mesa-Scottsdale, AZ",4003,2x2,1040,1780,12/27/2023,False
Audere Apartments,"Phoenix-Mesa-Scottsdale, AZ",4003,2x2,1040,1810,12/28/2023,False
Audere Apartments,"Phoenix-Mesa-Scottsdale, AZ",4003,2x2,1040,1810,12/29/2023,False
Audere Apartments,"Phoenix-Mesa-Scottsdale, AZ",4003,2x2,1040,1810,12/30/2023,False
Audere Apartments,"Phoenix-Mesa-Scottsdale, AZ",4003,2x2,1040,1810,12/31/2023,False
Audere Apartments,"Phoenix-Mesa-Scottsdale, AZ",4003,2x2,1040,1805,01/01/2024,False
Audere Apartments,"Phoenix-Mesa-Scottsdale, AZ",4003,2x2,1040,1805,01/02/2024,False
Audere Apartments,"Phoenix-Mesa-Scottsdale, AZ",4003,2x2,1040,1805,01/03/2024,False
Audere Apartments,"Phoenix-Mesa-Scottsdale, AZ",4003,2x2,1040,1810,01/04/2024,False
Audere Apartments,"Phoenix-Mesa-Scottsdale, AZ",4003,2x2,1040,1810,01/05/2024,False
Audere Apartments,"Phoenix-Mesa-Scottsdale, AZ",4003,2x2,1040,1810,01/06/2024,False
Audere Apartments,"Phoenix-Mesa-Scottsdale, AZ",4003,2x2,1040,1810,01/07/2024,True
Audere Apartments,"Phoenix-Mesa-Scottsdale, AZ",4006,1x1,749,1564,04/21/2024,False
Audere Apartments,"Phoenix-Mesa-Scottsdale, AZ",4006,1x1,749,1564,04/22/2024,False
Audere Apartments,"Phoenix-Mesa-Scottsdale, AZ",4006,1x1,749,1643,04/23/2024,False
Audere Apartments,"Phoenix-Mesa-Scottsdale, AZ",4006,1x1,749,1613,04/24/2024,False
Audere Apartments,"Phoenix-Mesa-Scottsdale, AZ",4006,1x1,749,1531,04/25/2024,False
Audere Apartments,"Phoenix-Mesa-Scottsdale, AZ",4006,1x1,749,1454,04/26/2024,False
Audere Apartments,"Phoenix-Mesa-Scottsdale, AZ",4006,1x1,749,1394,04/27/2024,False
Audere Apartments,"Phoenix-Mesa-Scottsdale, AZ",4006,1x1,749,1394,04/28/2024,False
Audere Apartments,"Phoenix-Mesa-Scottsdale, AZ",4006,1x1,749,1394,04/29/2024,False
Audere Apartments,"Phoenix-Mesa-Scottsdale, AZ",4006,1x1,749,1394,04/30/2024,False
Audere Apartments,"Phoenix-Mesa-Scottsdale, AZ",4006,1x1,749,1402,05/01/2024,False
Audere Apartments,"Phoenix-Mesa-Scottsdale, AZ",4006,1x1,749,1469,05/02/2024,False
Audere Apartments,"Phoenix-Mesa-Scottsdale, AZ",4006,1x1,749,1457,05/03/2024,False
Audere Apartments,"Phoenix-Mesa-Scottsdale, AZ",4006,1x1,749,1424,05/04/2024,False
Audere Apartments,"Phoenix-Mesa-Scottsdale, AZ",4006,1x1,749,1424,05/05/2024,True
Audere Apartments,"Phoenix-Mesa-Scottsdale, AZ",4007,3x2,1310,2425,01/20/2024,False
Audere Apartments,"Phoenix-Mesa-Scottsdale, AZ",4007,3x2,1310,2425,01/21/2024,True
Audere Apartments,"Phoenix-Mesa-Scottsdale, AZ",4007,3x2,1310,2545,01/28/2025,False
Audere Apartments,"Phoenix-Mesa-Scottsdale, AZ",4007,3x2,1310,2545,01/29/2025,False
Audere Apartments,"Phoenix-Mesa-Scottsdale, AZ",4007,3x2,1310,2545,01/30/2025,False
Audere Apartments,"Phoenix-Mesa-Scottsdale, AZ",4007,3x2,1310,2545,01/31/2025,False
Audere Apartments,"Phoenix-Mesa-Scottsdale, AZ",4007,3x2,1310,2545,02/01/2025,False
Audere Apartments,"Phoenix-Mesa-Scottsdale, AZ",4007,3x2,1310,2545,02/02/2025,False
Audere Apartments,"Phoenix-Mesa-Scottsdale, AZ",4007,3x2,1310,2545,02/03/2025,False
Audere Apartments,"Phoenix-Mesa-Scottsdale, AZ",4007,3x2,1310,2545,02/04/2025,False
Audere Apartments,"Phoenix-Mesa-Scottsdale, AZ",4007,3x2,1310,2545,02/05/2025,False
Audere Apartments,"Phoenix-Mesa-Scottsdale, AZ",4007,3x2,1310,2545,02/06/2025,False
Audere Apartments,"Phoenix-Mesa-Scottsdale, AZ",4007,3x2,1310,2545,02/07/2025,False
Audere Apartments,"Phoenix-Mesa-Scottsdale, AZ",4007,3x2,1310,2545,02/08/2025,False
Audere Apartments,"Phoenix-Mesa-Scottsdale, AZ",4007,3x2,1310,2545,02/09/2025,False
Audere Apartments,"Phoenix-Mesa-Scottsdale, AZ",4007,3x2,1310,2545,02/10/2025,False
Audere Apartments,"Phoenix-Mesa-Scottsdale, AZ",4007,3x2,1310,2556,02/11/2025,False
Audere Apartments,"Phoenix-Mesa-Scottsdale, AZ",4007,3x2,1310,2530,02/12/2025,False
Audere Apartments,"Phoenix-Mesa-Scottsdale, AZ",4007,3x2,1310,2505,02/13/2025,False
Audere Apartments,"Phoenix-Mesa-Scottsdale, AZ",4007,3x2,1310,2449,02/14/2025,False
Audere Apartments,"Phoenix-Mesa-Scottsdale, AZ",4007,3x2,1310,2449,02/15/2025,False
Audere Apartments,"Phoenix-Mesa-Scottsdale, AZ",4007,3x2,1310,2449,02/16/2025,False
Audere Apartments,"Phoenix-Mesa-Scottsdale, AZ",4007,3x2,1310,2449,02/17/2025,False
Audere Apartments,"Phoenix-Mesa-Scottsdale, AZ",4007,3x2,1310,2449,02/18/2025,False
Audere Apartments,"Phoenix-Mesa-Scottsdale, AZ",4007,3x2,1310,2449,02/19/2025,False
Audere Apartments,"Phoenix-Mesa-Scottsdale, AZ",4007,3x2,1310,2449,02/20/2025,False
Audere Apartments,"Phoenix-Mesa-Scottsdale, AZ",4007,3x2,1310,2425,02/21/2025,False
Audere Apartments,"Phoenix-Mesa-Scottsdale, AZ",4007,3x2,1310,2425,02/22/2025,False
Audere Apartments,"Phoenix-Mesa-Scottsdale, AZ",4007,3x2,1310,2425,02/23/2025,False
Audere Apartments,"Phoenix-Mesa-Scottsdale, AZ",4007,3x2,1310,2401,02/24/2025,False
Audere Apartments,"Phoenix-Mesa-Scottsdale, AZ",4007,3x2,1310,2377,02/25/2025,False
Audere Apartments,"Phoenix-Mesa-Scottsdale, AZ",4007,3x2,1310,2353,02/26/2025,False
Audere Apartments,"Phoenix-Mesa-Scottsdale, AZ",4007,3x2,1310,2329,02/27/2025,False
Audere Apartments,"Phoenix-Mesa-Scottsdale, AZ",4007,3x2,1310,2306,02/28/2025,False
Audere Apartments,"Phoenix-Mesa-Scottsdale, AZ",4007,3x2,1310,2306,03/01/2025,False
Audere Apartments,"Phoenix-Mesa-Scottsdale, AZ",4007,3x2,1310,2306,03/02/2025,False
Audere Apartments,"Phoenix-Mesa-Scottsdale, AZ",4007,3x2,1310,2306,03/03/2025,False
Audere Apartments,"Phoenix-Mesa-Scottsdale, AZ",4007,3x2,1310,2329,03/04/2025,False
Audere Apartments,"Phoenix-Mesa-Scottsdale, AZ",4007,3x2,1310,2352,03/05/2025,False
Audere Apartments,"Phoenix-Mesa-Scottsdale, AZ",4007,3x2,1310,2376,03/06/2025,False
Audere Apartments,"Phoenix-Mesa-Scottsdale, AZ",4007,3x2,1310,2400,03/07/2025,False
Audere Apartments,"Phoenix-Mesa-Scottsdale, AZ",4007,3x2,1310,2400,03/08/2025,False
Audere Apartments,"Phoenix-Mesa-Scottsdale, AZ",4007,3x2,1310,2400,03/09/2025,False
Audere Apartments,"Phoenix-Mesa-Scottsdale, AZ",4007,3x2,1310,2424,03/10/2025,False
Audere Apartments,"Phoenix-Mesa-Scottsdale, AZ",4007,3x2,1310,2428,03/11/2025,False
Audere Apartments,"Phoenix-Mesa-Scottsdale, AZ",4007,3x2,1310,2452,03/12/2025,False
Audere Apartments,"Phoenix-Mesa-Scottsdale, AZ",4007,3x2,1310,2399,03/13/2025,False
Audere Apartments,"Phoenix-Mesa-Scottsdale, AZ",4007,3x2,1310,2399,03/14/2025,False
Audere Apartments,"Phoenix-Mesa-Scottsdale, AZ",4007,3x2,1310,2399,03/15/2025,False
Audere Apartments,"Phoenix-Mesa-Scottsdale, AZ",4007,3x2,1310,2399,03/16/2025,False
Audere Apartments,"Phoenix-Mesa-Scottsdale, AZ",4007,3x2,1310,2423,03/17/2025,False
Audere Apartments,"Phoenix-Mesa-Scottsdale, AZ",4007,3x2,1310,2399,03/18/2025,False
Audere Apartments,"Phoenix-Mesa-Scottsdale, AZ",4007,3x2,1310,2375,03/19/2025,False
Audere Apartments,"Phoenix-Mesa-Scottsdale, AZ",4007,3x2,1310,2351,03/20/2025,False
Audere Apartments,"Phoenix-Mesa-Scottsdale, AZ",4007,3x2,1310,2325,03/21/2025,False
Audere Apartments,"Phoenix-Mesa-Scottsdale, AZ",4007,3x2,1310,2324,03/22/2025,False
Audere Apartments,"Phoenix-Mesa-Scottsdale, AZ",4007,3x2,1310,2322,03/23/2025,False
Audere Apartments,"Phoenix-Mesa-Scottsdale, AZ",4007,3x2,1310,2298,03/24/2025,False
Audere Apartments,"Phoenix-Mesa-Scottsdale, AZ",4007,3x2,1310,2273,03/25/2025,False
Audere Apartments,"Phoenix-Mesa-Scottsdale, AZ",4007,3x2,1310,2273,03/26/2025,False
Audere Apartments,"Phoenix-Mesa-Scottsdale, AZ",4007,3x2,1310,2273,03/27/2025,False
Audere Apartments,"Phoenix-Mesa-Scottsdale, AZ",4007,3x2,1310,2273,03/28/2025,False
Audere Apartments,"Phoenix-Mesa-Scottsdale, AZ",4007,3x2,1310,2273,03/29/2025,False
Audere Apartments,"Phoenix-Mesa-Scottsdale, AZ",4007,3x2,1310,2273,03/30/2025,False
Audere Apartments,"Phoenix-Mesa-Scottsdale, AZ",4007,3x2,1310,2273,03/31/2025,False
Audere Apartments,"Phoenix-Mesa-Scottsdale, AZ",4007,3x2,1310,2273,04/01/2025,False
Audere Apartments,"Phoenix-Mesa-Scottsdale, AZ",4007,3x2,1310,2273,04/02/2025,False
Audere Apartments,"Phoenix-Mesa-Scottsdale, AZ",4007,3x2,1310,2273,04/03/2025,False
Audere Apartments,"Phoenix-Mesa-Scottsdale, AZ",4007,3x2,1310,2273,04/04/2025,False
Audere Apartments,"Phoenix-Mesa-Scottsdale, AZ",4007,3x2,1310,2273,04/05/2025,False
Audere Apartments,"Phoenix-Mesa-Scottsdale, AZ",4007,3x2,1310,2273,04/06/2025,False
Audere Apartments,"Phoenix-Mesa-Scottsdale, AZ",4007,3x2,1310,2273,04/07/2025,False
Audere Apartments,"Phoenix-Mesa-Scottsdale, AZ",4007,3x2,1310,2273,04/08/2025,False
Audere Apartments,"Phoenix-Mesa-Scottsdale, AZ",4007,3x2,1310,2345,04/09/2025,False
Audere Apartments,"Phoenix-Mesa-Scottsdale, AZ",4007,3x2,1310,2347,04/10/2025,False
Audere Apartments,"Phoenix-Mesa-Scottsdale, AZ",4007,3x2,1310,2347,04/11/2025,True
Audere Apartments,"Phoenix-Mesa-Scottsdale, AZ",4009,2x2,1063,1882,08/04/2024,False
Audere Apartments,"Phoenix-Mesa-Scottsdale, AZ",4009,2x2,1063,1882,08/05/2024,False
Audere Apartments,"Phoenix-Mesa-Scottsdale, AZ",4009,2x2,1063,1847,08/06/2024,False
Audere Apartments,"Phoenix-Mesa-Scottsdale, AZ",4009,2x2,1063,1847,08/07/2024,False
Audere Apartments,"Phoenix-Mesa-Scottsdale, AZ",4009,2x2,1063,1875,08/08/2024,False
Audere Apartments,"Phoenix-Mesa-Scottsdale, AZ",4009,2x2,1063,1911,08/09/2024,False
Audere Apartments,"Phoenix-Mesa-Scottsdale, AZ",4009,2x2,1063,1911,08/10/2024,False
Audere Apartments,"Phoenix-Mesa-Scottsdale, AZ",4009,2x2,1063,1911,08/11/2024,False
Audere Apartments,"Phoenix-Mesa-Scottsdale, AZ",4009,2x2,1063,1947,08/12/2024,False
Audere Apartments,"Phoenix-Mesa-Scottsdale, AZ",4009,2x2,1063,1970,08/13/2024,False
Audere Apartments,"Phoenix-Mesa-Scottsdale, AZ",4009,2x2,1063,1970,08/14/2024,False
Audere Apartments,"Phoenix-Mesa-Scottsdale, AZ",4009,2x2,1063,1973,08/15/2024,False
Audere Apartments,"Phoenix-Mesa-Scottsdale, AZ",4009,2x2,1063,1936,08/16/2024,False
Audere Apartments,"Phoenix-Mesa-Scottsdale, AZ",4009,2x2,1063,1936,08/17/2024,False
Audere Apartments,"Phoenix-Mesa-Scottsdale, AZ",4009,2x2,1063,1936,08/18/2024,False
Audere Apartments,"Phoenix-Mesa-Scottsdale, AZ",4009,2x2,1063,1972,08/19/2024,False
Audere Apartments,"Phoenix-Mesa-Scottsdale, AZ",4009,2x2,1063,2009,08/20/2024,False
Audere Apartments,"Phoenix-Mesa-Scottsdale, AZ",4009,2x2,1063,2047,08/21/2024,False
Audere Apartments,"Phoenix-Mesa-Scottsdale, AZ",4009,2x2,1063,2086,08/22/2024,False
Audere Apartments,"Phoenix-Mesa-Scottsdale, AZ",4009,2x2,1063,2086,08/23/2024,False
Audere Apartments,"Phoenix-Mesa-Scottsdale, AZ",4009,2x2,1063,2086,08/24/2024,False
Audere Apartments,"Phoenix-Mesa-Scottsdale, AZ",4009,2x2,1063,2086,08/25/2024,False
Audere Apartments,"Phoenix-Mesa-Scottsdale, AZ",4009,2x2,1063,2047,08/26/2024,False
Audere Apartments,"Phoenix-Mesa-Scottsdale, AZ",4009,2x2,1063,2008,08/27/2024,False
Audere Apartments,"Phoenix-Mesa-Scottsdale, AZ",4009,2x2,1063,1970,08/28/2024,False
Audere Apartments,"Phoenix-Mesa-Scottsdale, AZ",4009,2x2,1063,2007,08/29/2024,False
Audere Apartments,"Phoenix-Mesa-Scottsdale, AZ",4009,2x2,1063,1969,08/30/2024,False
Audere Apartments,"Phoenix-Mesa-Scottsdale, AZ",4009,2x2,1063,1969,08/31/2024,False
Audere Apartments,"Phoenix-Mesa-Scottsdale, AZ",4009,2x2,1063,1969,09/01/2024,False
Audere Apartments,"Phoenix-Mesa-Scottsdale, AZ",4009,2x2,1063,2006,09/02/2024,False
Audere Apartments,"Phoenix-Mesa-Scottsdale, AZ",4009,2x2,1063,2032,09/03/2024,False
Audere Apartments,"Phoenix-Mesa-Scottsdale, AZ",4009,2x2,1063,2051,09/04/2024,False
Audere Apartments,"Phoenix-Mesa-Scottsdale, AZ",4009,2x2,1063,2012,09/05/2024,False
Audere Apartments,"Phoenix-Mesa-Scottsdale, AZ",4009,2x2,1063,1973,09/06/2024,False
Audere Apartments,"Phoenix-Mesa-Scottsdale, AZ",4009,2x2,1063,1973,09/07/2024,False
Audere Apartments,"Phoenix-Mesa-Scottsdale, AZ",4009,2x2,1063,1973,09/08/2024,False
Audere Apartments,"Phoenix-Mesa-Scottsdale, AZ",4009,2x2,1063,1936,09/09/2024,False
Audere Apartments,"Phoenix-Mesa-Scottsdale, AZ",4009,2x2,1063,1898,09/10/2024,False
Audere Apartments,"Phoenix-Mesa-Scottsdale, AZ",4009,2x2,1063,1898,09/11/2024,False
Audere Apartments,"Phoenix-Mesa-Scottsdale, AZ",4009,2x2,1063,1862,09/12/2024,False
Audere Apartments,"Phoenix-Mesa-Scottsdale, AZ",4009,2x2,1063,1862,09/13/2024,False
Audere Apartments,"Phoenix-Mesa-Scottsdale, AZ",4009,2x2,1063,1862,09/14/2024,False
Audere Apartments,"Phoenix-Mesa-Scottsdale, AZ",4009,2x2,1063,1862,09/15/2024,False
Audere Apartments,"Phoenix-Mesa-Scottsdale, AZ",4009,2x2,1063,1826,09/16/2024,False
Audere Apartments,"Phoenix-Mesa-Scottsdale, AZ",4009,2x2,1063,1826,09/17/2024,False
Audere Apartments,"Phoenix-Mesa-Scottsdale, AZ",4009,2x2,1063,1791,09/18/2024,False
Audere Apartments,"Phoenix-Mesa-Scottsdale, AZ",4009,2x2,1063,1773,09/19/2024,False
Audere Apartments,"Phoenix-Mesa-Scottsdale, AZ",4009,2x2,1063,1773,09/20/2024,False
Audere Apartments,"Phoenix-Mesa-Scottsdale, AZ",4009,2x2,1063,1773,09/21/2024,False
Audere Apartments,"Phoenix-Mesa-Scottsdale, AZ",4009,2x2,1063,1773,09/22/2024,False
Audere Apartments,"Phoenix-Mesa-Scottsdale, AZ",4009,2x2,1063,1773,09/23/2024,False
Audere Apartments,"Phoenix-Mesa-Scottsdale, AZ",4009,2x2,1063,1775,09/24/2024,False
Audere Apartments,"Phoenix-Mesa-Scottsdale, AZ",4009,2x2,1063,1792,09/25/2024,False
Audere Apartments,"Phoenix-Mesa-Scottsdale, AZ",4009,2x2,1063,1809,09/26/2024,False
Audere Apartments,"Phoenix-Mesa-Scottsdale, AZ",4009,2x2,1063,1809,09/27/2024,False
Audere Apartments,"Phoenix-Mesa-Scottsdale, AZ",4009,2x2,1063,1809,09/28/2024,False
Audere Apartments,"Phoenix-Mesa-Scottsdale, AZ",4009,2x2,1063,1809,09/29/2024,False
Audere Apartments,"Phoenix-Mesa-Scottsdale, AZ",4009,2x2,1063,1809,09/30/2024,False
Audere Apartments,"Phoenix-Mesa-Scottsdale, AZ",4009,2x2,1063,1799,10/01/2024,False
Audere Apartments,"Phoenix-Mesa-Scottsdale, AZ",4009,2x2,1063,1763,10/02/2024,False
Audere Apartments,"Phoenix-Mesa-Scottsdale, AZ",4009,2x2,1063,1773,10/03/2024,False
Audere Apartments,"Phoenix-Mesa-Scottsdale, AZ",4009,2x2,1063,1773,10/04/2024,False
Audere Apartments,"Phoenix-Mesa-Scottsdale, AZ",4009,2x2,1063,1773,10/05/2024,False
Audere Apartments,"Phoenix-Mesa-Scottsdale, AZ",4009,2x2,1063,1773,10/06/2024,False
Audere Apartments,"Phoenix-Mesa-Scottsdale, AZ",4009,2x2,1063,1790,10/07/2024,False
Audere Apartments,"Phoenix-Mesa-Scottsdale, AZ",4009,2x2,1063,1807,10/08/2024,False
Audere Apartments,"Phoenix-Mesa-Scottsdale, AZ",4009,2x2,1063,1868,10/09/2024,False
Audere Apartments,"Phoenix-Mesa-Scottsdale, AZ",4009,2x2,1063,1873,10/10/2024,False
Audere Apartments,"Phoenix-Mesa-Scottsdale, AZ",4009,2x2,1063,1890,10/11/2024,False
Audere Apartments,"Phoenix-Mesa-Scottsdale, AZ",4009,2x2,1063,1890,10/12/2024,False
Audere Apartments,"Phoenix-Mesa-Scottsdale, AZ",4009,2x2,1063,1890,10/13/2024,False
Audere Apartments,"Phoenix-Mesa-Scottsdale, AZ",4009,2x2,1063,1908,10/14/2024,False
Audere Apartments,"Phoenix-Mesa-Scottsdale, AZ",4009,2x2,1063,1926,10/15/2024,False
Audere Apartments,"Phoenix-Mesa-Scottsdale, AZ",4009,2x2,1063,1944,10/16/2024,False
Audere Apartments,"Phoenix-Mesa-Scottsdale, AZ",4009,2x2,1063,1962,10/17/2024,False
Audere Apartments,"Phoenix-Mesa-Scottsdale, AZ",4009,2x2,1063,1980,10/18/2024,False
Audere Apartments,"Phoenix-Mesa-Scottsdale, AZ",4009,2x2,1063,1980,10/19/2024,False
Audere Apartments,"Phoenix-Mesa-Scottsdale, AZ",4009,2x2,1063,1980,10/20/2024,False
Audere Apartments,"Phoenix-Mesa-Scottsdale, AZ",4009,2x2,1063,1999,10/21/2024,False
Audere Apartments,"Phoenix-Mesa-Scottsdale, AZ",4009,2x2,1063,2018,10/22/2024,False
Audere Apartments,"Phoenix-Mesa-Scottsdale, AZ",4009,2x2,1063,2037,10/23/2024,False
Audere Apartments,"Phoenix-Mesa-Scottsdale, AZ",4009,2x2,1063,2056,10/24/2024,False
Audere Apartments,"Phoenix-Mesa-Scottsdale, AZ",4009,2x2,1063,2075,10/25/2024,False
Audere Apartments,"Phoenix-Mesa-Scottsdale, AZ",4009,2x2,1063,2075,10/26/2024,False
Audere Apartments,"Phoenix-Mesa-Scottsdale, AZ",4009,2x2,1063,2046,10/27/2024,False
Audere Apartments,"Phoenix-Mesa-Scottsdale, AZ",4009,2x2,1063,2066,10/28/2024,False
Audere Apartments,"Phoenix-Mesa-Scottsdale, AZ",4009,2x2,1063,2058,10/29/2024,False
Audere Apartments,"Phoenix-Mesa-Scottsdale, AZ",4009,2x2,1063,2078,10/30/2024,False
Audere Apartments,"Phoenix-Mesa-Scottsdale, AZ",4009,2x2,1063,2098,10/31/2024,False
Audere Apartments,"Phoenix-Mesa-Scottsdale, AZ",4009,2x2,1063,2098,11/01/2024,False
Audere Apartments,"Phoenix-Mesa-Scottsdale, AZ",4009,2x2,1063,2108,11/02/2024,False
Audere Apartments,"Phoenix-Mesa-Scottsdale, AZ",4009,2x2,1063,2108,11/03/2024,False
Audere Apartments,"Phoenix-Mesa-Scottsdale, AZ",4009,2x2,1063,2128,11/04/2024,False
Audere Apartments,"Phoenix-Mesa-Scottsdale, AZ",4009,2x2,1063,2172,11/05/2024,False
Audere Apartments,"Phoenix-Mesa-Scottsdale, AZ",4009,2x2,1063,2193,11/06/2024,False
Audere Apartments,"Phoenix-Mesa-Scottsdale, AZ",4009,2x2,1063,2208,11/07/2024,False
Audere Apartments,"Phoenix-Mesa-Scottsdale, AZ",4009,2x2,1063,2208,11/08/2024,False
Audere Apartments,"Phoenix-Mesa-Scottsdale, AZ",4009,2x2,1063,2208,11/09/2024,False
Audere Apartments,"Phoenix-Mesa-Scottsdale, AZ",4009,2x2,1063,2208,11/10/2024,False
Audere Apartments,"Phoenix-Mesa-Scottsdale, AZ",4009,2x2,1063,2187,11/11/2024,False
Audere Apartments,"Phoenix-Mesa-Scottsdale, AZ",4009,2x2,1063,2187,11/12/2024,False
Audere Apartments,"Phoenix-Mesa-Scottsdale, AZ",4009,2x2,1063,2166,11/13/2024,False
Audere Apartments,"Phoenix-Mesa-Scottsdale, AZ",4009,2x2,1063,2145,11/14/2024,False
Audere Apartments,"Phoenix-Mesa-Scottsdale, AZ",4009,2x2,1063,2094,11/15/2024,False
Audere Apartments,"Phoenix-Mesa-Scottsdale, AZ",4009,2x2,1063,2087,11/16/2024,False
Audere Apartments,"Phoenix-Mesa-Scottsdale, AZ",4009,2x2,1063,2080,11/17/2024,False
Audere Apartments,"Phoenix-Mesa-Scottsdale, AZ",4009,2x2,1063,2053,11/18/2024,False
Audere Apartments,"Phoenix-Mesa-Scottsdale, AZ",4009,2x2,1063,2027,11/19/2024,False
Audere Apartments,"Phoenix-Mesa-Scottsdale, AZ",4009,2x2,1063,2000,11/20/2024,False
Audere Apartments,"Phoenix-Mesa-Scottsdale, AZ",4009,2x2,1063,1978,11/21/2024,False
Audere Apartments,"Phoenix-Mesa-Scottsdale, AZ",4009,2x2,1063,1959,11/22/2024,False
Audere Apartments,"Phoenix-Mesa-Scottsdale, AZ",4009,2x2,1063,1959,11/23/2024,False
Audere Apartments,"Phoenix-Mesa-Scottsdale, AZ",4009,2x2,1063,1959,11/24/2024,False
Audere Apartments,"Phoenix-Mesa-Scottsdale, AZ",4009,2x2,1063,1978,11/25/2024,False
Audere Apartments,"Phoenix-Mesa-Scottsdale, AZ",4009,2x2,1063,1997,11/26/2024,False
Audere Apartments,"Phoenix-Mesa-Scottsdale, AZ",4009,2x2,1063,1997,11/27/2024,False
Audere Apartments,"Phoenix-Mesa-Scottsdale, AZ",4009,2x2,1063,1997,11/28/2024,False
Audere Apartments,"Phoenix-Mesa-Scottsdale, AZ",4009,2x2,1063,1997,11/29/2024,False
Audere Apartments,"Phoenix-Mesa-Scottsdale, AZ",4009,2x2,1063,2040,11/30/2024,False
Audere Apartments,"Phoenix-Mesa-Scottsdale, AZ",4009,2x2,1063,2040,12/01/2024,False
Audere Apartments,"Phoenix-Mesa-Scottsdale, AZ",4009,2x2,1063,2030,12/02/2024,False
Audere Apartments,"Phoenix-Mesa-Scottsdale, AZ",4009,2x2,1063,2050,12/03/2024,False
Audere Apartments,"Phoenix-Mesa-Scottsdale, AZ",4009,2x2,1063,2070,12/04/2024,False
Audere Apartments,"Phoenix-Mesa-Scottsdale, AZ",4009,2x2,1063,2090,12/05/2024,False
Audere Apartments,"Phoenix-Mesa-Scottsdale, AZ",4009,2x2,1063,2110,12/06/2024,False
Audere Apartments,"Phoenix-Mesa-Scottsdale, AZ",4009,2x2,1063,2090,12/07/2024,False
Audere Apartments,"Phoenix-Mesa-Scottsdale, AZ",4009,2x2,1063,2090,12/08/2024,False
Audere Apartments,"Phoenix-Mesa-Scottsdale, AZ",4009,2x2,1063,2110,12/09/2024,False
Audere Apartments,"Phoenix-Mesa-Scottsdale, AZ",4009,2x2,1063,2130,12/10/2024,False
Audere Apartments,"Phoenix-Mesa-Scottsdale, AZ",4009,2x2,1063,2151,12/11/2024,False
Audere Apartments,"Phoenix-Mesa-Scottsdale, AZ",4009,2x2,1063,2172,12/12/2024,False
Audere Apartments,"Phoenix-Mesa-Scottsdale, AZ",4009,2x2,1063,2214,12/13/2024,False
Audere Apartments,"Phoenix-Mesa-Scottsdale, AZ",4009,2x2,1063,2214,12/14/2024,False
Audere Apartments,"Phoenix-Mesa-Scottsdale, AZ",4009,2x2,1063,2214,12/15/2024,False
Audere Apartments,"Phoenix-Mesa-Scottsdale, AZ",4009,2x2,1063,2171,12/16/2024,False
Audere Apartments,"Phoenix-Mesa-Scottsdale, AZ",4009,2x2,1063,2129,12/17/2024,False
Audere Apartments,"Phoenix-Mesa-Scottsdale, AZ",4009,2x2,1063,2088,12/18/2024,False
Audere Apartments,"Phoenix-Mesa-Scottsdale, AZ",4009,2x2,1063,2064,12/19/2024,False
Audere Apartments,"Phoenix-Mesa-Scottsdale, AZ",4009,2x2,1063,2064,12/20/2024,False
Audere Apartments,"Phoenix-Mesa-Scottsdale, AZ",4009,2x2,1063,2064,12/21/2024,False
Audere Apartments,"Phoenix-Mesa-Scottsdale, AZ",4009,2x2,1063,2064,12/22/2024,False
Audere Apartments,"Phoenix-Mesa-Scottsdale, AZ",4009,2x2,1063,2104,12/23/2024,False
Audere Apartments,"Phoenix-Mesa-Scottsdale, AZ",4009,2x2,1063,2078,12/24/2024,False
Audere Apartments,"Phoenix-Mesa-Scottsdale, AZ",4009,2x2,1063,2038,12/25/2024,False
Audere Apartments,"Phoenix-Mesa-Scottsdale, AZ",4009,2x2,1063,1999,12/26/2024,False
Audere Apartments,"Phoenix-Mesa-Scottsdale, AZ",4009,2x2,1063,2038,12/27/2024,False
Audere Apartments,"Phoenix-Mesa-Scottsdale, AZ",4009,2x2,1063,2038,12/28/2024,False
Audere Apartments,"Phoenix-Mesa-Scottsdale, AZ",4009,2x2,1063,2038,12/29/2024,False
Audere Apartments,"Phoenix-Mesa-Scottsdale, AZ",4009,2x2,1063,1999,12/30/2024,False
Audere Apartments,"Phoenix-Mesa-Scottsdale, AZ",4009,2x2,1063,1960,12/31/2024,False
Audere Apartments,"Phoenix-Mesa-Scottsdale, AZ",4009,2x2,1063,1998,01/01/2025,False
Audere Apartments,"Phoenix-Mesa-Scottsdale, AZ",4009,2x2,1063,1966,01/02/2025,False
Audere Apartments,"Phoenix-Mesa-Scottsdale, AZ",4009,2x2,1063,1928,01/03/2025,False
Audere Apartments,"Phoenix-Mesa-Scottsdale, AZ",4009,2x2,1063,1931,01/04/2025,False
Audere Apartments,"Phoenix-Mesa-Scottsdale, AZ",4009,2x2,1063,1931,01/05/2025,False
Audere Apartments,"Phoenix-Mesa-Scottsdale, AZ",4009,2x2,1063,1894,01/06/2025,False
Audere Apartments,"Phoenix-Mesa-Scottsdale, AZ",4009,2x2,1063,1857,01/07/2025,False
Audere Apartments,"Phoenix-Mesa-Scottsdale, AZ",4009,2x2,1063,1822,01/08/2025,False
Audere Apartments,"Phoenix-Mesa-Scottsdale, AZ",4009,2x2,1063,1826,01/09/2025,False
Audere Apartments,"Phoenix-Mesa-Scottsdale, AZ",4009,2x2,1063,1859,01/10/2025,False
Audere Apartments,"Phoenix-Mesa-Scottsdale, AZ",4009,2x2,1063,1869,01/11/2025,False
Audere Apartments,"Phoenix-Mesa-Scottsdale, AZ",4009,2x2,1063,1869,01/12/2025,False
Audere Apartments,"Phoenix-Mesa-Scottsdale, AZ",4009,2x2,1063,1869,01/13/2025,False
Audere Apartments,"Phoenix-Mesa-Scottsdale, AZ",4009,2x2,1063,1869,01/14/2025,False
Audere Apartments,"Phoenix-Mesa-Scottsdale, AZ",4009,2x2,1063,1958,01/15/2025,False
Audere Apartments,"Phoenix-Mesa-Scottsdale, AZ",4009,2x2,1063,1958,01/16/2025,False
Audere Apartments,"Phoenix-Mesa-Scottsdale, AZ",4009,2x2,1063,1958,01/17/2025,False
Audere Apartments,"Phoenix-Mesa-Scottsdale, AZ",4009,2x2,1063,1958,01/18/2025,False
Audere Apartments,"Phoenix-Mesa-Scottsdale, AZ",4009,2x2,1063,1958,01/19/2025,False
Audere Apartments,"Phoenix-Mesa-Scottsdale, AZ",4009,2x2,1063,1977,01/20/2025,False
Audere Apartments,"Phoenix-Mesa-Scottsdale, AZ",4009,2x2,1063,1996,01/21/2025,False
Audere Apartments,"Phoenix-Mesa-Scottsdale, AZ",4009,2x2,1063,1996,01/22/2025,False
Audere Apartments,"Phoenix-Mesa-Scottsdale, AZ",4009,2x2,1063,1976,01/23/2025,False
Audere Apartments,"Phoenix-Mesa-Scottsdale, AZ",4009,2x2,1063,1957,01/24/2025,False
Audere Apartments,"Phoenix-Mesa-Scottsdale, AZ",4009,2x2,1063,1957,01/25/2025,False
Audere Apartments,"Phoenix-Mesa-Scottsdale, AZ",4009,2x2,1063,1957,01/26/2025,False
Audere Apartments,"Phoenix-Mesa-Scottsdale, AZ",4009,2x2,1063,1957,01/27/2025,False
Audere Apartments,"Phoenix-Mesa-Scottsdale, AZ",4009,2x2,1063,1963,01/28/2025,False
Audere Apartments,"Phoenix-Mesa-Scottsdale, AZ",4009,2x2,1063,1945,01/29/2025,False
Audere Apartments,"Phoenix-Mesa-Scottsdale, AZ",4009,2x2,1063,1926,01/30/2025,False
Audere Apartments,"Phoenix-Mesa-Scottsdale, AZ",4009,2x2,1063,1907,01/31/2025,False
Audere Apartments,"Phoenix-Mesa-Scottsdale, AZ",4009,2x2,1063,1907,02/01/2025,False
Audere Apartments,"Phoenix-Mesa-Scottsdale, AZ",4009,2x2,1063,1907,02/02/2025,False
Audere Apartments,"Phoenix-Mesa-Scottsdale, AZ",4009,2x2,1063,1890,02/03/2025,False
Audere Apartments,"Phoenix-Mesa-Scottsdale, AZ",4009,2x2,1063,1890,02/04/2025,False
Audere Apartments,"Phoenix-Mesa-Scottsdale, AZ",4009,2x2,1063,1890,02/05/2025,False
Audere Apartments,"Phoenix-Mesa-Scottsdale, AZ",4009,2x2,1063,1890,02/06/2025,False
Audere Apartments,"Phoenix-Mesa-Scottsdale, AZ",4009,2x2,1063,1872,02/07/2025,False
Audere Apartments,"Phoenix-Mesa-Scottsdale, AZ",4009,2x2,1063,1872,02/08/2025,False
Audere Apartments,"Phoenix-Mesa-Scottsdale, AZ",4009,2x2,1063,1872,02/09/2025,False
Audere Apartments,"Phoenix-Mesa-Scottsdale, AZ",4009,2x2,1063,1855,02/10/2025,False
Audere Apartments,"Phoenix-Mesa-Scottsdale, AZ",4009,2x2,1063,1837,02/11/2025,False
Audere Apartments,"Phoenix-Mesa-Scottsdale, AZ",4009,2x2,1063,1819,02/12/2025,False
Audere Apartments,"Phoenix-Mesa-Scottsdale, AZ",4009,2x2,1063,1802,02/13/2025,False
Audere Apartments,"Phoenix-Mesa-Scottsdale, AZ",4009,2x2,1063,1850,02/14/2025,False
Audere Apartments,"Phoenix-Mesa-Scottsdale, AZ",4009,2x2,1063,1850,02/15/2025,False
Audere Apartments,"Phoenix-Mesa-Scottsdale, AZ",4009,2x2,1063,1850,02/16/2025,False
Audere Apartments,"Phoenix-Mesa-Scottsdale, AZ",4009,2x2,1063,1867,02/17/2025,False
Audere Apartments,"Phoenix-Mesa-Scottsdale, AZ",4009,2x2,1063,1885,02/18/2025,False
Audere Apartments,"Phoenix-Mesa-Scottsdale, AZ",4009,2x2,1063,1903,02/19/2025,False
Audere Apartments,"Phoenix-Mesa-Scottsdale, AZ",4009,2x2,1063,1920,02/20/2025,False
Audere Apartments,"Phoenix-Mesa-Scottsdale, AZ",4009,2x2,1063,1939,02/21/2025,False
Audere Apartments,"Phoenix-Mesa-Scottsdale, AZ",4009,2x2,1063,1939,02/22/2025,False
Audere Apartments,"Phoenix-Mesa-Scottsdale, AZ",4009,2x2,1063,1939,02/23/2025,False
Audere Apartments,"Phoenix-Mesa-Scottsdale, AZ",4009,2x2,1063,1957,02/24/2025,False
Audere Apartments,"Phoenix-Mesa-Scottsdale, AZ",4009,2x2,1063,1976,02/25/2025,False
Audere Apartments,"Phoenix-Mesa-Scottsdale, AZ",4009,2x2,1063,1995,02/26/2025,False
Audere Apartments,"Phoenix-Mesa-Scottsdale, AZ",4009,2x2,1063,2013,02/27/2025,False
Audere Apartments,"Phoenix-Mesa-Scottsdale, AZ",4009,2x2,1063,2032,02/28/2025,False
Audere Apartments,"Phoenix-Mesa-Scottsdale, AZ",4009,2x2,1063,2032,03/01/2025,False
Audere Apartments,"Phoenix-Mesa-Scottsdale, AZ",4009,2x2,1063,2032,03/02/2025,False
Audere Apartments,"Phoenix-Mesa-Scottsdale, AZ",4009,2x2,1063,2051,03/03/2025,False
Audere Apartments,"Phoenix-Mesa-Scottsdale, AZ",4009,2x2,1063,2071,03/04/2025,False
Audere Apartments,"Phoenix-Mesa-Scottsdale, AZ",4009,2x2,1063,2091,03/05/2025,False
Audere Apartments,"Phoenix-Mesa-Scottsdale, AZ",4009,2x2,1063,2110,03/06/2025,False
Audere Apartments,"Phoenix-Mesa-Scottsdale, AZ",4009,2x2,1063,2130,03/07/2025,False
Audere Apartments,"Phoenix-Mesa-Scottsdale, AZ",4009,2x2,1063,2130,03/08/2025,False
Audere Apartments,"Phoenix-Mesa-Scottsdale, AZ",4009,2x2,1063,2130,03/09/2025,False
Audere Apartments,"Phoenix-Mesa-Scottsdale, AZ",4009,2x2,1063,2150,03/10/2025,False
Audere Apartments,"Phoenix-Mesa-Scottsdale, AZ",4009,2x2,1063,2171,03/11/2025,False
Audere Apartments,"Phoenix-Mesa-Scottsdale, AZ",4009,2x2,1063,2191,03/12/2025,False
Audere Apartments,"Phoenix-Mesa-Scottsdale, AZ",4009,2x2,1063,2132,03/13/2025,False
Audere Apartments,"Phoenix-Mesa-Scottsdale, AZ",4009,2x2,1063,2152,03/14/2025,False
Audere Apartments,"Phoenix-Mesa-Scottsdale, AZ",4009,2x2,1063,2152,03/15/2025,False
Audere Apartments,"Phoenix-Mesa-Scottsdale, AZ",4009,2x2,1063,2152,03/16/2025,False
Audere Apartments,"Phoenix-Mesa-Scottsdale, AZ",4009,2x2,1063,2152,03/17/2025,False
Audere Apartments,"Phoenix-Mesa-Scottsdale, AZ",4009,2x2,1063,2167,03/18/2025,False
Audere Apartments,"Phoenix-Mesa-Scottsdale, AZ",4009,2x2,1063,2146,03/19/2025,False
Audere Apartments,"Phoenix-Mesa-Scottsdale, AZ",4009,2x2,1063,2093,03/20/2025,False
Audere Apartments,"Phoenix-Mesa-Scottsdale, AZ",4009,2x2,1063,2073,03/21/2025,False
Audere Apartments,"Phoenix-Mesa-Scottsdale, AZ",4009,2x2,1063,2073,03/22/2025,False
Audere Apartments,"Phoenix-Mesa-Scottsdale, AZ",4009,2x2,1063,2073,03/23/2025,False
Audere Apartments,"Phoenix-Mesa-Scottsdale, AZ",4009,2x2,1063,2053,03/24/2025,False
Audere Apartments,"Phoenix-Mesa-Scottsdale, AZ",4009,2x2,1063,2034,03/25/2025,False
Audere Apartments,"Phoenix-Mesa-Scottsdale, AZ",4009,2x2,1063,2014,03/26/2025,False
Audere Apartments,"Phoenix-Mesa-Scottsdale, AZ",4009,2x2,1063,1996,03/27/2025,False
Audere Apartments,"Phoenix-Mesa-Scottsdale, AZ",4009,2x2,1063,1975,03/28/2025,False
Audere Apartments,"Phoenix-Mesa-Scottsdale, AZ",4009,2x2,1063,1975,03/29/2025,False
Audere Apartments,"Phoenix-Mesa-Scottsdale, AZ",4009,2x2,1063,1975,03/30/2025,False
Audere Apartments,"Phoenix-Mesa-Scottsdale, AZ",4009,2x2,1063,1975,03/31/2025,False
Audere Apartments,"Phoenix-Mesa-Scottsdale, AZ",4009,2x2,1063,1931,04/01/2025,False
Audere Apartments,"Phoenix-Mesa-Scottsdale, AZ",4009,2x2,1063,1903,04/02/2025,False
Audere Apartments,"Phoenix-Mesa-Scottsdale, AZ",4009,2x2,1063,1885,04/03/2025,False
Audere Apartments,"Phoenix-Mesa-Scottsdale, AZ",4009,2x2,1063,1866,04/04/2025,False
Audere Apartments,"Phoenix-Mesa-Scottsdale, AZ",4009,2x2,1063,1866,04/05/2025,False
Audere Apartments,"Phoenix-Mesa-Scottsdale, AZ",4009,2x2,1063,1866,04/06/2025,False
Audere Apartments,"Phoenix-Mesa-Scottsdale, AZ",4009,2x2,1063,1884,04/07/2025,False
Audere Apartments,"Phoenix-Mesa-Scottsdale, AZ",4009,2x2,1063,1902,04/08/2025,False
Audere Apartments,"Phoenix-Mesa-Scottsdale, AZ",4009,2x2,1063,1921,04/09/2025,False
Audere Apartments,"Phoenix-Mesa-Scottsdale, AZ",4009,2x2,1063,1961,04/10/2025,False
Audere Apartments,"Phoenix-Mesa-Scottsdale, AZ",4009,2x2,1063,1961,04/11/2025,False
Audere Apartments,"Phoenix-Mesa-Scottsdale, AZ",4009,2x2,1063,1961,04/12/2025,False
Audere Apartments,"Phoenix-Mesa-Scottsdale, AZ",4009,2x2,1063,1961,04/13/2025,False
Audere Apartments,"Phoenix-Mesa-Scottsdale, AZ",4009,2x2,1063,1979,04/14/2025,False
Audere Apartments,"Phoenix-Mesa-Scottsdale, AZ",4009,2x2,1063,1998,04/15/2025,False
Audere Apartments,"Phoenix-Mesa-Scottsdale, AZ",4009,2x2,1063,2017,04/16/2025,False
Audere Apartments,"Phoenix-Mesa-Scottsdale, AZ",4009,2x2,1063,2036,04/17/2025,False
Audere Apartments,"Phoenix-Mesa-Scottsdale, AZ",4009,2x2,1063,1940,04/18/2025,False
Audere Apartments,"Phoenix-Mesa-Scottsdale, AZ",4009,2x2,1063,1940,04/19/2025,False
Audere Apartments,"Phoenix-Mesa-Scottsdale, AZ",4009,2x2,1063,1940,04/20/2025,False
Audere Apartments,"Phoenix-Mesa-Scottsdale, AZ",4009,2x2,1063,1940,04/21/2025,False
Audere Apartments,"Phoenix-Mesa-Scottsdale, AZ",4009,2x2,1063,1940,04/22/2025,False
Audere Apartments,"Phoenix-Mesa-Scottsdale, AZ",4009,2x2,1063,1940,04/23/2025,False
Audere Apartments,"Phoenix-Mesa-Scottsdale, AZ",4009,2x2,1063,1940,04/24/2025,False
Audere Apartments,"Phoenix-Mesa-Scottsdale, AZ",4009,2x2,1063,2034,04/25/2025,False
Audere Apartments,"Phoenix-Mesa-Scottsdale, AZ",4009,2x2,1063,2034,04/26/2025,False
Audere Apartments,"Phoenix-Mesa-Scottsdale, AZ",4009,2x2,1063,2034,04/27/2025,True
Audere Apartments,"Phoenix-Mesa-Scottsdale, AZ",4011,1x1,642,1640,04/07/2024,False
Audere Apartments,"Phoenix-Mesa-Scottsdale, AZ",4011,1x1,642,1603,04/08/2024,False
Audere Apartments,"Phoenix-Mesa-Scottsdale, AZ",4011,1x1,642,1603,04/09/2024,False
Audere Apartments,"Phoenix-Mesa-Scottsdale, AZ",4011,1x1,642,1650,04/10/2024,False
Audere Apartments,"Phoenix-Mesa-Scottsdale, AZ",4011,1x1,642,1650,04/11/2024,False
Audere Apartments,"Phoenix-Mesa-Scottsdale, AZ",4011,1x1,642,1624,04/12/2024,False
Audere Apartments,"Phoenix-Mesa-Scottsdale, AZ",4011,1x1,642,1543,04/13/2024,False
Audere Apartments,"Phoenix-Mesa-Scottsdale, AZ",4011,1x1,642,1543,04/14/2024,False
Audere Apartments,"Phoenix-Mesa-Scottsdale, AZ",4011,1x1,642,1543,04/15/2024,False
Audere Apartments,"Phoenix-Mesa-Scottsdale, AZ",4011,1x1,642,1543,04/16/2024,False
Audere Apartments,"Phoenix-Mesa-Scottsdale, AZ",4011,1x1,642,1467,04/17/2024,False
Audere Apartments,"Phoenix-Mesa-Scottsdale, AZ",4011,1x1,642,1590,04/18/2024,False
Audere Apartments,"Phoenix-Mesa-Scottsdale, AZ",4011,1x1,642,1604,04/19/2024,False
Audere Apartments,"Phoenix-Mesa-Scottsdale, AZ",4011,1x1,642,1604,04/20/2024,False
Audere Apartments,"Phoenix-Mesa-Scottsdale, AZ",4011,1x1,642,1604,04/21/2024,False
Audere Apartments,"Phoenix-Mesa-Scottsdale, AZ",4011,1x1,642,1604,04/22/2024,False
Audere Apartments,"Phoenix-Mesa-Scottsdale, AZ",4011,1x1,642,1683,04/23/2024,False
Audere Apartments,"Phoenix-Mesa-Scottsdale, AZ",4011,1x1,642,1653,04/24/2024,False
Audere Apartments,"Phoenix-Mesa-Scottsdale, AZ",4011,1x1,642,1572,04/25/2024,False
Audere Apartments,"Phoenix-Mesa-Scottsdale, AZ",4011,1x1,642,1494,04/26/2024,False
Audere Apartments,"Phoenix-Mesa-Scottsdale, AZ",4011,1x1,642,1434,04/27/2024,False
Audere Apartments,"Phoenix-Mesa-Scottsdale, AZ",4011,1x1,642,1434,04/28/2024,False
Audere Apartments,"Phoenix-Mesa-Scottsdale, AZ",4011,1x1,642,1434,04/29/2024,False
Audere Apartments,"Phoenix-Mesa-Scottsdale, AZ",4011,1x1,642,1434,04/30/2024,False
Audere Apartments,"Phoenix-Mesa-Scottsdale, AZ",4011,1x1,642,1442,05/01/2024,False
Audere Apartments,"Phoenix-Mesa-Scottsdale, AZ",4011,1x1,642,1509,05/02/2024,False
Audere Apartments,"Phoenix-Mesa-Scottsdale, AZ",4011,1x1,642,1497,05/03/2024,False
Audere Apartments,"Phoenix-Mesa-Scottsdale, AZ",4011,1x1,642,1464,05/04/2024,False
Audere Apartments,"Phoenix-Mesa-Scottsdale, AZ",4011,1x1,642,1474,05/05/2024,False
Audere Apartments,"Phoenix-Mesa-Scottsdale, AZ",4011,1x1,642,1688,05/06/2024,False
Audere Apartments,"Phoenix-Mesa-Scottsdale, AZ",4011,1x1,642,1688,05/07/2024,False
Audere Apartments,"Phoenix-Mesa-Scottsdale, AZ",4011,1x1,642,1688,05/08/2024,False
Audere Apartments,"Phoenix-Mesa-Scottsdale, AZ",4011,1x1,642,1688,05/09/2024,False
Audere Apartments,"Phoenix-Mesa-Scottsdale, AZ",4011,1x1,642,1688,05/10/2024,False
Audere Apartments,"Phoenix-Mesa-Scottsdale, AZ",4011,1x1,642,1688,05/11/2024,False
Audere Apartments,"Phoenix-Mesa-Scottsdale, AZ",4011,1x1,642,1688,05/12/2024,False
Audere Apartments,"Phoenix-Mesa-Scottsdale, AZ",4011,1x1,642,1638,05/13/2024,False
Audere Apartments,"Phoenix-Mesa-Scottsdale, AZ",4011,1x1,642,1679,05/14/2024,False
Audere Apartments,"Phoenix-Mesa-Scottsdale, AZ",4011,1x1,642,1629,05/15/2024,False
Audere Apartments,"Phoenix-Mesa-Scottsdale, AZ",4011,1x1,642,1614,05/16/2024,False
Audere Apartments,"Phoenix-Mesa-Scottsdale, AZ",4011,1x1,642,1694,05/17/2024,False
Audere Apartments,"Phoenix-Mesa-Scottsdale, AZ",4011,1x1,642,1694,05/18/2024,False
Audere Apartments,"Phoenix-Mesa-Scottsdale, AZ",4011,1x1,642,1694,05/19/2024,False
Audere Apartments,"Phoenix-Mesa-Scottsdale, AZ",4011,1x1,642,1743,05/20/2024,False
Audere Apartments,"Phoenix-Mesa-Scottsdale, AZ",4011,1x1,642,1754,05/21/2024,False
Audere Apartments,"Phoenix-Mesa-Scottsdale, AZ",4011,1x1,642,1754,05/22/2024,False
Audere Apartments,"Phoenix-Mesa-Scottsdale, AZ",4011,1x1,642,1791,05/23/2024,False
Audere Apartments,"Phoenix-Mesa-Scottsdale, AZ",4011,1x1,642,1809,05/24/2024,False
Audere Apartments,"Phoenix-Mesa-Scottsdale, AZ",4011,1x1,642,1809,05/25/2024,False
Audere Apartments,"Phoenix-Mesa-Scottsdale, AZ",4011,1x1,642,1809,05/26/2024,False
Audere Apartments,"Phoenix-Mesa-Scottsdale, AZ",4011,1x1,642,1809,05/27/2024,False
Audere Apartments,"Phoenix-Mesa-Scottsdale, AZ",4011,1x1,642,1738,05/28/2024,False
Audere Apartments,"Phoenix-Mesa-Scottsdale, AZ",4011,1x1,642,1738,05/29/2024,False
Audere Apartments,"Phoenix-Mesa-Scottsdale, AZ",4011,1x1,642,1701,05/30/2024,False
Audere Apartments,"Phoenix-Mesa-Scottsdale, AZ",4011,1x1,642,1701,05/31/2024,False
Audere Apartments,"Phoenix-Mesa-Scottsdale, AZ",4011,1x1,642,1701,06/01/2024,False
Audere Apartments,"Phoenix-Mesa-Scottsdale, AZ",4011,1x1,642,1701,06/02/2024,False
Audere Apartments,"Phoenix-Mesa-Scottsdale, AZ",4011,1x1,642,1701,06/03/2024,False
Audere Apartments,"Phoenix-Mesa-Scottsdale, AZ",4011,1x1,642,1701,06/04/2024,False
Audere Apartments,"Phoenix-Mesa-Scottsdale, AZ",4011,1x1,642,1678,06/05/2024,False
Audere Apartments,"Phoenix-Mesa-Scottsdale, AZ",4011,1x1,642,1653,06/06/2024,False
Audere Apartments,"Phoenix-Mesa-Scottsdale, AZ",4011,1x1,642,1653,06/07/2024,False
Audere Apartments,"Phoenix-Mesa-Scottsdale, AZ",4011,1x1,642,1653,06/08/2024,False
Audere Apartments,"Phoenix-Mesa-Scottsdale, AZ",4011,1x1,642,1653,06/09/2024,False
Audere Apartments,"Phoenix-Mesa-Scottsdale, AZ",4011,1x1,642,1604,06/10/2024,False
Audere Apartments,"Phoenix-Mesa-Scottsdale, AZ",4011,1x1,642,1627,06/11/2024,False
Audere Apartments,"Phoenix-Mesa-Scottsdale, AZ",4011,1x1,642,1678,06/12/2024,False
Audere Apartments,"Phoenix-Mesa-Scottsdale, AZ",4011,1x1,642,1678,06/13/2024,False
Audere Apartments,"Phoenix-Mesa-Scottsdale, AZ",4011,1x1,642,1678,06/14/2024,False
Audere Apartments,"Phoenix-Mesa-Scottsdale, AZ",4011,1x1,642,1678,06/15/2024,False
Audere Apartments,"Phoenix-Mesa-Scottsdale, AZ",4011,1x1,642,1678,06/16/2024,False
Audere Apartments,"Phoenix-Mesa-Scottsdale, AZ",4011,1x1,642,1642,06/17/2024,False
Audere Apartments,"Phoenix-Mesa-Scottsdale, AZ",4011,1x1,642,1642,06/18/2024,False
Audere Apartments,"Phoenix-Mesa-Scottsdale, AZ",4011,1x1,642,1642,06/19/2024,False
Audere Apartments,"Phoenix-Mesa-Scottsdale, AZ",4011,1x1,642,1642,06/20/2024,False
Audere Apartments,"Phoenix-Mesa-Scottsdale, AZ",4011,1x1,642,1600,06/21/2024,False
Audere Apartments,"Phoenix-Mesa-Scottsdale, AZ",4011,1x1,642,1600,06/22/2024,False
Audere Apartments,"Phoenix-Mesa-Scottsdale, AZ",4011,1x1,642,1600,06/23/2024,False
Audere Apartments,"Phoenix-Mesa-Scottsdale, AZ",4011,1x1,642,1600,06/24/2024,False
Audere Apartments,"Phoenix-Mesa-Scottsdale, AZ",4011,1x1,642,1600,06/25/2024,False
Audere Apartments,"Phoenix-Mesa-Scottsdale, AZ",4011,1x1,642,1616,06/26/2024,False
Audere Apartments,"Phoenix-Mesa-Scottsdale, AZ",4011,1x1,642,1584,06/27/2024,False
Audere Apartments,"Phoenix-Mesa-Scottsdale, AZ",4011,1x1,642,1553,06/28/2024,False
Audere Apartments,"Phoenix-Mesa-Scottsdale, AZ",4011,1x1,642,1582,06/29/2024,False
Audere Apartments,"Phoenix-Mesa-Scottsdale, AZ",4011,1x1,642,1582,06/30/2024,False
Audere Apartments,"Phoenix-Mesa-Scottsdale, AZ",4011,1x1,642,1713,07/01/2024,False
Audere Apartments,"Phoenix-Mesa-Scottsdale, AZ",4011,1x1,642,1614,07/02/2024,False
Audere Apartments,"Phoenix-Mesa-Scottsdale, AZ",4011,1x1,642,1590,07/03/2024,False
Audere Apartments,"Phoenix-Mesa-Scottsdale, AZ",4011,1x1,642,1590,07/04/2024,False
Audere Apartments,"Phoenix-Mesa-Scottsdale, AZ",4011,1x1,642,1590,07/05/2024,False
Audere Apartments,"Phoenix-Mesa-Scottsdale, AZ",4011,1x1,642,1590,07/06/2024,False
Audere Apartments,"Phoenix-Mesa-Scottsdale, AZ",4011,1x1,642,1590,07/07/2024,False
Audere Apartments,"Phoenix-Mesa-Scottsdale, AZ",4011,1x1,642,1559,07/08/2024,False
Audere Apartments,"Phoenix-Mesa-Scottsdale, AZ",4011,1x1,642,1529,07/09/2024,False
Audere Apartments,"Phoenix-Mesa-Scottsdale, AZ",4011,1x1,642,1499,07/10/2024,False
Audere Apartments,"Phoenix-Mesa-Scottsdale, AZ",4011,1x1,642,1481,07/11/2024,False
Audere Apartments,"Phoenix-Mesa-Scottsdale, AZ",4011,1x1,642,1476,07/12/2024,False
Audere Apartments,"Phoenix-Mesa-Scottsdale, AZ",4011,1x1,642,1471,07/13/2024,False
Audere Apartments,"Phoenix-Mesa-Scottsdale, AZ",4011,1x1,642,1466,07/14/2024,False
Audere Apartments,"Phoenix-Mesa-Scottsdale, AZ",4011,1x1,642,1433,07/15/2024,False
Audere Apartments,"Phoenix-Mesa-Scottsdale, AZ",4011,1x1,642,1400,07/16/2024,False
Audere Apartments,"Phoenix-Mesa-Scottsdale, AZ",4011,1x1,642,1395,07/17/2024,False
Audere Apartments,"Phoenix-Mesa-Scottsdale, AZ",4011,1x1,642,1390,07/18/2024,False
Audere Apartments,"Phoenix-Mesa-Scottsdale, AZ",4011,1x1,642,1385,07/19/2024,False
Audere Apartments,"Phoenix-Mesa-Scottsdale, AZ",4011,1x1,642,1381,07/20/2024,False
Audere Apartments,"Phoenix-Mesa-Scottsdale, AZ",4011,1x1,642,1376,07/21/2024,False
Audere Apartments,"Phoenix-Mesa-Scottsdale, AZ",4011,1x1,642,1371,07/22/2024,False
Audere Apartments,"Phoenix-Mesa-Scottsdale, AZ",4011,1x1,642,1437,07/23/2024,False
Audere Apartments,"Phoenix-Mesa-Scottsdale, AZ",4011,1x1,642,1414,07/24/2024,False
Audere Apartments,"Phoenix-Mesa-Scottsdale, AZ",4011,1x1,642,1411,07/25/2024,False
Audere Apartments,"Phoenix-Mesa-Scottsdale, AZ",4011,1x1,642,1408,07/26/2024,False
Audere Apartments,"Phoenix-Mesa-Scottsdale, AZ",4011,1x1,642,1346,07/27/2024,False
Audere Apartments,"Phoenix-Mesa-Scottsdale, AZ",4011,1x1,642,1346,07/28/2024,False
Audere Apartments,"Phoenix-Mesa-Scottsdale, AZ",4011,1x1,642,1346,07/29/2024,False
Audere Apartments,"Phoenix-Mesa-Scottsdale, AZ",4011,1x1,642,1346,07/30/2024,False
Audere Apartments,"Phoenix-Mesa-Scottsdale, AZ",4011,1x1,642,1411,07/31/2024,False
Audere Apartments,"Phoenix-Mesa-Scottsdale, AZ",4011,1x1,642,1411,08/01/2024,False
Audere Apartments,"Phoenix-Mesa-Scottsdale, AZ",4011,1x1,642,1411,08/02/2024,False
Audere Apartments,"Phoenix-Mesa-Scottsdale, AZ",4011,1x1,642,1411,08/03/2024,False
Audere Apartments,"Phoenix-Mesa-Scottsdale, AZ",4011,1x1,642,1411,08/04/2024,False
Audere Apartments,"Phoenix-Mesa-Scottsdale, AZ",4011,1x1,642,1411,08/05/2024,False
Audere Apartments,"Phoenix-Mesa-Scottsdale, AZ",4011,1x1,642,1411,08/06/2024,False
Audere Apartments,"Phoenix-Mesa-Scottsdale, AZ",4011,1x1,642,1411,08/07/2024,False
Audere Apartments,"Phoenix-Mesa-Scottsdale, AZ",4011,1x1,642,1411,08/08/2024,False
Audere Apartments,"Phoenix-Mesa-Scottsdale, AZ",4011,1x1,642,1411,08/09/2024,False
Audere Apartments,"Phoenix-Mesa-Scottsdale, AZ",4011,1x1,642,1411,08/10/2024,False
Audere Apartments,"Phoenix-Mesa-Scottsdale, AZ",4011,1x1,642,1411,08/11/2024,False
Audere Apartments,"Phoenix-Mesa-Scottsdale, AZ",4011,1x1,642,1411,08/12/2024,False
Audere Apartments,"Phoenix-Mesa-Scottsdale, AZ",4011,1x1,642,1411,08/13/2024,False
Audere Apartments,"Phoenix-Mesa-Scottsdale, AZ",4011,1x1,642,1411,08/14/2024,False
Audere Apartments,"Phoenix-Mesa-Scottsdale, AZ",4011,1x1,642,1411,08/15/2024,False
Audere Apartments,"Phoenix-Mesa-Scottsdale, AZ",4011,1x1,642,1411,08/16/2024,False
Audere Apartments,"Phoenix-Mesa-Scottsdale, AZ",4011,1x1,642,1411,08/17/2024,False
Audere Apartments,"Phoenix-Mesa-Scottsdale, AZ",4011,1x1,642,1411,08/18/2024,False
Audere Apartments,"Phoenix-Mesa-Scottsdale, AZ",4011,1x1,642,1411,08/19/2024,False
Audere Apartments,"Phoenix-Mesa-Scottsdale, AZ",4011,1x1,642,1411,08/20/2024,False
Audere Apartments,"Phoenix-Mesa-Scottsdale, AZ",4011,1x1,642,1411,08/21/2024,False
Audere Apartments,"Phoenix-Mesa-Scottsdale, AZ",4011,1x1,642,1411,08/22/2024,False
Audere Apartments,"Phoenix-Mesa-Scottsdale, AZ",4011,1x1,642,1411,08/23/2024,False
Audere Apartments,"Phoenix-Mesa-Scottsdale, AZ",4011,1x1,642,1411,08/24/2024,False
Audere Apartments,"Phoenix-Mesa-Scottsdale, AZ",4011,1x1,642,1411,08/25/2024,False
Audere Apartments,"Phoenix-Mesa-Scottsdale, AZ",4011,1x1,642,1411,08/26/2024,False
Audere Apartments,"Phoenix-Mesa-Scottsdale, AZ",4011,1x1,642,1411,08/27/2024,False
Audere Apartments,"Phoenix-Mesa-Scottsdale, AZ",4011,1x1,642,1411,08/28/2024,False
Audere Apartments,"Phoenix-Mesa-Scottsdale, AZ",4011,1x1,642,1411,08/29/2024,False
Audere Apartments,"Phoenix-Mesa-Scottsdale, AZ",4011,1x1,642,1599,08/30/2024,False
Audere Apartments,"Phoenix-Mesa-Scottsdale, AZ",4011,1x1,642,1599,08/31/2024,False
Audere Apartments,"Phoenix-Mesa-Scottsdale, AZ",4011,1x1,642,1599,09/01/2024,False
Audere Apartments,"Phoenix-Mesa-Scottsdale, AZ",4011,1x1,642,1622,09/02/2024,False
Audere Apartments,"Phoenix-Mesa-Scottsdale, AZ",4011,1x1,642,1544,09/03/2024,False
Audere Apartments,"Phoenix-Mesa-Scottsdale, AZ",4011,1x1,642,1544,09/04/2024,False
Audere Apartments,"Phoenix-Mesa-Scottsdale, AZ",4011,1x1,642,1544,09/05/2024,False
Audere Apartments,"Phoenix-Mesa-Scottsdale, AZ",4011,1x1,642,1544,09/06/2024,False
Audere Apartments,"Phoenix-Mesa-Scottsdale, AZ",4011,1x1,642,1544,09/07/2024,False
Audere Apartments,"Phoenix-Mesa-Scottsdale, AZ",4011,1x1,642,1544,09/08/2024,False
Audere Apartments,"Phoenix-Mesa-Scottsdale, AZ",4011,1x1,642,1544,09/09/2024,False
Audere Apartments,"Phoenix-Mesa-Scottsdale, AZ",4011,1x1,642,1544,09/10/2024,False
Audere Apartments,"Phoenix-Mesa-Scottsdale, AZ",4011,1x1,642,1544,09/11/2024,False
Audere Apartments,"Phoenix-Mesa-Scottsdale, AZ",4011,1x1,642,1514,09/12/2024,False
Audere Apartments,"Phoenix-Mesa-Scottsdale, AZ",4011,1x1,642,1483,09/13/2024,False
Audere Apartments,"Phoenix-Mesa-Scottsdale, AZ",4011,1x1,642,1483,09/14/2024,False
Audere Apartments,"Phoenix-Mesa-Scottsdale, AZ",4011,1x1,642,1483,09/15/2024,False
Audere Apartments,"Phoenix-Mesa-Scottsdale, AZ",4011,1x1,642,1454,09/16/2024,False
Audere Apartments,"Phoenix-Mesa-Scottsdale, AZ",4011,1x1,642,1437,09/17/2024,False
Audere Apartments,"Phoenix-Mesa-Scottsdale, AZ",4011,1x1,642,1437,09/18/2024,False
Audere Apartments,"Phoenix-Mesa-Scottsdale, AZ",4011,1x1,642,1437,09/19/2024,False
Audere Apartments,"Phoenix-Mesa-Scottsdale, AZ",4011,1x1,642,1409,09/20/2024,False
Audere Apartments,"Phoenix-Mesa-Scottsdale, AZ",4011,1x1,642,1409,09/21/2024,False
Audere Apartments,"Phoenix-Mesa-Scottsdale, AZ",4011,1x1,642,1454,09/22/2024,False
Audere Apartments,"Phoenix-Mesa-Scottsdale, AZ",4011,1x1,642,1468,09/23/2024,False
Audere Apartments,"Phoenix-Mesa-Scottsdale, AZ",4011,1x1,642,1482,09/24/2024,False
Audere Apartments,"Phoenix-Mesa-Scottsdale, AZ",4011,1x1,642,1492,09/25/2024,False
Audere Apartments,"Phoenix-Mesa-Scottsdale, AZ",4011,1x1,642,1419,09/26/2024,False
Audere Apartments,"Phoenix-Mesa-Scottsdale, AZ",4011,1x1,642,1419,09/27/2024,False
Audere Apartments,"Phoenix-Mesa-Scottsdale, AZ",4011,1x1,642,1419,09/28/2024,False
Audere Apartments,"Phoenix-Mesa-Scottsdale, AZ",4011,1x1,642,1464,09/29/2024,False
Audere Apartments,"Phoenix-Mesa-Scottsdale, AZ",4011,1x1,642,1464,09/30/2024,False
Audere Apartments,"Phoenix-Mesa-Scottsdale, AZ",4011,1x1,642,1464,10/01/2024,False
Audere Apartments,"Phoenix-Mesa-Scottsdale, AZ",4011,1x1,642,1491,10/02/2024,False
Audere Apartments,"Phoenix-Mesa-Scottsdale, AZ",4011,1x1,642,1500,10/03/2024,False
Audere Apartments,"Phoenix-Mesa-Scottsdale, AZ",4011,1x1,642,1434,10/04/2024,False
Audere Apartments,"Phoenix-Mesa-Scottsdale, AZ",4011,1x1,642,1432,10/05/2024,False
Audere Apartments,"Phoenix-Mesa-Scottsdale, AZ",4011,1x1,642,1446,10/06/2024,False
Audere Apartments,"Phoenix-Mesa-Scottsdale, AZ",4011,1x1,642,1417,10/07/2024,False
Audere Apartments,"Phoenix-Mesa-Scottsdale, AZ",4011,1x1,642,1417,10/08/2024,False
Audere Apartments,"Phoenix-Mesa-Scottsdale, AZ",4011,1x1,642,1389,10/09/2024,False
Audere Apartments,"Phoenix-Mesa-Scottsdale, AZ",4011,1x1,642,1362,10/10/2024,False
Audere Apartments,"Phoenix-Mesa-Scottsdale, AZ",4011,1x1,642,1371,10/11/2024,False
Audere Apartments,"Phoenix-Mesa-Scottsdale, AZ",4011,1x1,642,1400,10/12/2024,False
Audere Apartments,"Phoenix-Mesa-Scottsdale, AZ",4011,1x1,642,1400,10/13/2024,False
Audere Apartments,"Phoenix-Mesa-Scottsdale, AZ",4011,1x1,642,1415,10/14/2024,False
Audere Apartments,"Phoenix-Mesa-Scottsdale, AZ",4011,1x1,642,1444,10/15/2024,False
Audere Apartments,"Phoenix-Mesa-Scottsdale, AZ",4011,1x1,642,1458,10/16/2024,False
Audere Apartments,"Phoenix-Mesa-Scottsdale, AZ",4011,1x1,642,1472,10/17/2024,False
Audere Apartments,"Phoenix-Mesa-Scottsdale, AZ",4011,1x1,642,1485,10/18/2024,False
Audere Apartments,"Phoenix-Mesa-Scottsdale, AZ",4011,1x1,642,1485,10/19/2024,False
Audere Apartments,"Phoenix-Mesa-Scottsdale, AZ",4011,1x1,642,1485,10/20/2024,False
Audere Apartments,"Phoenix-Mesa-Scottsdale, AZ",4011,1x1,642,1499,10/21/2024,False
Audere Apartments,"Phoenix-Mesa-Scottsdale, AZ",4011,1x1,642,1514,10/22/2024,False
Audere Apartments,"Phoenix-Mesa-Scottsdale, AZ",4011,1x1,642,1528,10/23/2024,False
Audere Apartments,"Phoenix-Mesa-Scottsdale, AZ",4011,1x1,642,1529,10/24/2024,False
Audere Apartments,"Phoenix-Mesa-Scottsdale, AZ",4011,1x1,642,1529,10/25/2024,False
Audere Apartments,"Phoenix-Mesa-Scottsdale, AZ",4011,1x1,642,1529,10/26/2024,False
Audere Apartments,"Phoenix-Mesa-Scottsdale, AZ",4011,1x1,642,1529,10/27/2024,False
Audere Apartments,"Phoenix-Mesa-Scottsdale, AZ",4011,1x1,642,1529,10/28/2024,False
Audere Apartments,"Phoenix-Mesa-Scottsdale, AZ",4011,1x1,642,1529,10/29/2024,False
Audere Apartments,"Phoenix-Mesa-Scottsdale, AZ",4011,1x1,642,1529,10/30/2024,False
Audere Apartments,"Phoenix-Mesa-Scottsdale, AZ",4011,1x1,642,1529,10/31/2024,False
Audere Apartments,"Phoenix-Mesa-Scottsdale, AZ",4011,1x1,642,1529,11/01/2024,False
Audere Apartments,"Phoenix-Mesa-Scottsdale, AZ",4011,1x1,642,1661,11/02/2024,False
Audere Apartments,"Phoenix-Mesa-Scottsdale, AZ",4011,1x1,642,1661,11/03/2024,False
Audere Apartments,"Phoenix-Mesa-Scottsdale, AZ",4011,1x1,642,1629,11/04/2024,False
Audere Apartments,"Phoenix-Mesa-Scottsdale, AZ",4011,1x1,642,1534,11/05/2024,False
Audere Apartments,"Phoenix-Mesa-Scottsdale, AZ",4011,1x1,642,1504,11/06/2024,False
Audere Apartments,"Phoenix-Mesa-Scottsdale, AZ",4011,1x1,642,1519,11/07/2024,False
Audere Apartments,"Phoenix-Mesa-Scottsdale, AZ",4011,1x1,642,1519,11/08/2024,False
Audere Apartments,"Phoenix-Mesa-Scottsdale, AZ",4011,1x1,642,1519,11/09/2024,False
Audere Apartments,"Phoenix-Mesa-Scottsdale, AZ",4011,1x1,642,1519,11/10/2024,False
Audere Apartments,"Phoenix-Mesa-Scottsdale, AZ",4011,1x1,642,1490,11/11/2024,False
Audere Apartments,"Phoenix-Mesa-Scottsdale, AZ",4011,1x1,642,1490,11/12/2024,False
Audere Apartments,"Phoenix-Mesa-Scottsdale, AZ",4011,1x1,642,1490,11/13/2024,False
Audere Apartments,"Phoenix-Mesa-Scottsdale, AZ",4011,1x1,642,1459,11/14/2024,False
Audere Apartments,"Phoenix-Mesa-Scottsdale, AZ",4011,1x1,642,1459,11/15/2024,False
Audere Apartments,"Phoenix-Mesa-Scottsdale, AZ",4011,1x1,642,1459,11/16/2024,False
Audere Apartments,"Phoenix-Mesa-Scottsdale, AZ",4011,1x1,642,1459,11/17/2024,False
Audere Apartments,"Phoenix-Mesa-Scottsdale, AZ",4011,1x1,642,1459,11/18/2024,False
Audere Apartments,"Phoenix-Mesa-Scottsdale, AZ",4011,1x1,642,1431,11/19/2024,False
Audere Apartments,"Phoenix-Mesa-Scottsdale, AZ",4011,1x1,642,1503,11/20/2024,False
Audere Apartments,"Phoenix-Mesa-Scottsdale, AZ",4011,1x1,642,1458,11/21/2024,False
Audere Apartments,"Phoenix-Mesa-Scottsdale, AZ",4011,1x1,642,1472,11/22/2024,False
Audere Apartments,"Phoenix-Mesa-Scottsdale, AZ",4011,1x1,642,1472,11/23/2024,False
Audere Apartments,"Phoenix-Mesa-Scottsdale, AZ",4011,1x1,642,1472,11/24/2024,False
Audere Apartments,"Phoenix-Mesa-Scottsdale, AZ",4011,1x1,642,1487,11/25/2024,False
Audere Apartments,"Phoenix-Mesa-Scottsdale, AZ",4011,1x1,642,1487,11/26/2024,True
Audere Apartments,"Phoenix-Mesa-Scottsdale, AZ",4012,1x1,642,1636,06/05/2024,False
Audere Apartments,"Phoenix-Mesa-Scottsdale, AZ",4012,1x1,642,1611,06/06/2024,False
Audere Apartments,"Phoenix-Mesa-Scottsdale, AZ",4012,1x1,642,1611,06/07/2024,False
Audere Apartments,"Phoenix-Mesa-Scottsdale, AZ",4012,1x1,642,1611,06/08/2024,False
Audere Apartments,"Phoenix-Mesa-Scottsdale, AZ",4012,1x1,642,1611,06/09/2024,False
Audere Apartments,"Phoenix-Mesa-Scottsdale, AZ",4012,1x1,642,1562,06/10/2024,False
Audere Apartments,"Phoenix-Mesa-Scottsdale, AZ",4012,1x1,642,1585,06/11/2024,False
Audere Apartments,"Phoenix-Mesa-Scottsdale, AZ",4012,1x1,642,1632,06/12/2024,False
Audere Apartments,"Phoenix-Mesa-Scottsdale, AZ",4012,1x1,642,1632,06/13/2024,False
Audere Apartments,"Phoenix-Mesa-Scottsdale, AZ",4012,1x1,642,1632,06/14/2024,False
Audere Apartments,"Phoenix-Mesa-Scottsdale, AZ",4012,1x1,642,1632,06/15/2024,False
Audere Apartments,"Phoenix-Mesa-Scottsdale, AZ",4012,1x1,642,1632,06/16/2024,False
Audere Apartments,"Phoenix-Mesa-Scottsdale, AZ",4012,1x1,642,1600,06/17/2024,False
Audere Apartments,"Phoenix-Mesa-Scottsdale, AZ",4012,1x1,642,1600,06/18/2024,False
Audere Apartments,"Phoenix-Mesa-Scottsdale, AZ",4012,1x1,642,1600,06/19/2024,False
Audere Apartments,"Phoenix-Mesa-Scottsdale, AZ",4012,1x1,642,1600,06/20/2024,False
Audere Apartments,"Phoenix-Mesa-Scottsdale, AZ",4012,1x1,642,1583,06/21/2024,False
Audere Apartments,"Phoenix-Mesa-Scottsdale, AZ",4012,1x1,642,1583,06/22/2024,False
Audere Apartments,"Phoenix-Mesa-Scottsdale, AZ",4012,1x1,642,1583,06/23/2024,False
Audere Apartments,"Phoenix-Mesa-Scottsdale, AZ",4012,1x1,642,1583,06/24/2024,False
Audere Apartments,"Phoenix-Mesa-Scottsdale, AZ",4012,1x1,642,1583,06/25/2024,False
Audere Apartments,"Phoenix-Mesa-Scottsdale, AZ",4012,1x1,642,1599,06/26/2024,False
Audere Apartments,"Phoenix-Mesa-Scottsdale, AZ",4012,1x1,642,1566,06/27/2024,False
Audere Apartments,"Phoenix-Mesa-Scottsdale, AZ",4012,1x1,642,1535,06/28/2024,False
Audere Apartments,"Phoenix-Mesa-Scottsdale, AZ",4012,1x1,642,1535,06/29/2024,False
Audere Apartments,"Phoenix-Mesa-Scottsdale, AZ",4012,1x1,642,1535,06/30/2024,False
Audere Apartments,"Phoenix-Mesa-Scottsdale, AZ",4012,1x1,642,1565,07/01/2024,False
Audere Apartments,"Phoenix-Mesa-Scottsdale, AZ",4012,1x1,642,1597,07/02/2024,False
Audere Apartments,"Phoenix-Mesa-Scottsdale, AZ",4012,1x1,642,1572,07/03/2024,False
Audere Apartments,"Phoenix-Mesa-Scottsdale, AZ",4012,1x1,642,1572,07/04/2024,False
Audere Apartments,"Phoenix-Mesa-Scottsdale, AZ",4012,1x1,642,1572,07/05/2024,False
Audere Apartments,"Phoenix-Mesa-Scottsdale, AZ",4012,1x1,642,1572,07/06/2024,False
Audere Apartments,"Phoenix-Mesa-Scottsdale, AZ",4012,1x1,642,1572,07/07/2024,False
Audere Apartments,"Phoenix-Mesa-Scottsdale, AZ",4012,1x1,642,1541,07/08/2024,False
Audere Apartments,"Phoenix-Mesa-Scottsdale, AZ",4012,1x1,642,1511,07/09/2024,False
Audere Apartments,"Phoenix-Mesa-Scottsdale, AZ",4012,1x1,642,1481,07/10/2024,False
Audere Apartments,"Phoenix-Mesa-Scottsdale, AZ",4012,1x1,642,1463,07/11/2024,False
Audere Apartments,"Phoenix-Mesa-Scottsdale, AZ",4012,1x1,642,1463,07/12/2024,False
Audere Apartments,"Phoenix-Mesa-Scottsdale, AZ",4012,1x1,642,1463,07/13/2024,False
Audere Apartments,"Phoenix-Mesa-Scottsdale, AZ",4012,1x1,642,1463,07/14/2024,False
Audere Apartments,"Phoenix-Mesa-Scottsdale, AZ",4012,1x1,642,1435,07/15/2024,False
Audere Apartments,"Phoenix-Mesa-Scottsdale, AZ",4012,1x1,642,1407,07/16/2024,False
Audere Apartments,"Phoenix-Mesa-Scottsdale, AZ",4012,1x1,642,1407,07/17/2024,False
Audere Apartments,"Phoenix-Mesa-Scottsdale, AZ",4012,1x1,642,1407,07/18/2024,False
Audere Apartments,"Phoenix-Mesa-Scottsdale, AZ",4012,1x1,642,1407,07/19/2024,False
Audere Apartments,"Phoenix-Mesa-Scottsdale, AZ",4012,1x1,642,1407,07/20/2024,False
Audere Apartments,"Phoenix-Mesa-Scottsdale, AZ",4012,1x1,642,1407,07/21/2024,True
Audere Apartments,"Phoenix-Mesa-Scottsdale, AZ",4014,2x2,1169,1918,05/22/2024,False
Audere Apartments,"Phoenix-Mesa-Scottsdale, AZ",4014,2x2,1169,2005,05/23/2024,False
Audere Apartments,"Phoenix-Mesa-Scottsdale, AZ",4014,2x2,1169,2040,05/24/2024,False
Audere Apartments,"Phoenix-Mesa-Scottsdale, AZ",4014,2x2,1169,2096,05/25/2024,False
Audere Apartments,"Phoenix-Mesa-Scottsdale, AZ",4014,2x2,1169,2101,05/26/2024,False
Audere Apartments,"Phoenix-Mesa-Scottsdale, AZ",4014,2x2,1169,2101,05/27/2024,False
Audere Apartments,"Phoenix-Mesa-Scottsdale, AZ",4014,2x2,1169,2101,05/28/2024,False
Audere Apartments,"Phoenix-Mesa-Scottsdale, AZ",4014,2x2,1169,2101,05/29/2024,False
Audere Apartments,"Phoenix-Mesa-Scottsdale, AZ",4014,2x2,1169,2204,05/30/2024,False
Audere Apartments,"Phoenix-Mesa-Scottsdale, AZ",4014,2x2,1169,2235,05/31/2024,False
Audere Apartments,"Phoenix-Mesa-Scottsdale, AZ",4014,2x2,1169,2204,06/01/2024,False
Audere Apartments,"Phoenix-Mesa-Scottsdale, AZ",4014,2x2,1169,2204,06/02/2024,False
Audere Apartments,"Phoenix-Mesa-Scottsdale, AZ",4014,2x2,1169,2204,06/03/2024,False
Audere Apartments,"Phoenix-Mesa-Scottsdale, AZ",4014,2x2,1169,2235,06/04/2024,False
Audere Apartments,"Phoenix-Mesa-Scottsdale, AZ",4014,2x2,1169,2233,06/05/2024,False
Audere Apartments,"Phoenix-Mesa-Scottsdale, AZ",4014,2x2,1169,2252,06/06/2024,False
Audere Apartments,"Phoenix-Mesa-Scottsdale, AZ",4014,2x2,1169,2252,06/07/2024,False
Audere Apartments,"Phoenix-Mesa-Scottsdale, AZ",4014,2x2,1169,2252,06/08/2024,False
Audere Apartments,"Phoenix-Mesa-Scottsdale, AZ",4014,2x2,1169,2252,06/09/2024,False
Audere Apartments,"Phoenix-Mesa-Scottsdale, AZ",4014,2x2,1169,2314,06/10/2024,False
Audere Apartments,"Phoenix-Mesa-Scottsdale, AZ",4014,2x2,1169,2314,06/11/2024,False
Audere Apartments,"Phoenix-Mesa-Scottsdale, AZ",4014,2x2,1169,2339,06/12/2024,False
Audere Apartments,"Phoenix-Mesa-Scottsdale, AZ",4014,2x2,1169,2339,06/13/2024,False
Audere Apartments,"Phoenix-Mesa-Scottsdale, AZ",4014,2x2,1169,2339,06/14/2024,False
Audere Apartments,"Phoenix-Mesa-Scottsdale, AZ",4014,2x2,1169,2339,06/15/2024,False
Audere Apartments,"Phoenix-Mesa-Scottsdale, AZ",4014,2x2,1169,2339,06/16/2024,False
Audere Apartments,"Phoenix-Mesa-Scottsdale, AZ",4014,2x2,1169,2257,06/17/2024,False
Audere Apartments,"Phoenix-Mesa-Scottsdale, AZ",4014,2x2,1169,2257,06/18/2024,False
Audere Apartments,"Phoenix-Mesa-Scottsdale, AZ",4014,2x2,1169,2257,06/19/2024,False
Audere Apartments,"Phoenix-Mesa-Scottsdale, AZ",4014,2x2,1169,2257,06/20/2024,False
Audere Apartments,"Phoenix-Mesa-Scottsdale, AZ",4014,2x2,1169,2176,06/21/2024,False
Audere Apartments,"Phoenix-Mesa-Scottsdale, AZ",4014,2x2,1169,2176,06/22/2024,False
Audere Apartments,"Phoenix-Mesa-Scottsdale, AZ",4014,2x2,1169,2176,06/23/2024,False
Audere Apartments,"Phoenix-Mesa-Scottsdale, AZ",4014,2x2,1169,2136,06/24/2024,False
Audere Apartments,"Phoenix-Mesa-Scottsdale, AZ",4014,2x2,1169,2175,06/25/2024,False
Audere Apartments,"Phoenix-Mesa-Scottsdale, AZ",4014,2x2,1169,2175,06/26/2024,False
Audere Apartments,"Phoenix-Mesa-Scottsdale, AZ",4014,2x2,1169,2215,06/27/2024,False
Audere Apartments,"Phoenix-Mesa-Scottsdale, AZ",4014,2x2,1169,2215,06/28/2024,False
Audere Apartments,"Phoenix-Mesa-Scottsdale, AZ",4014,2x2,1169,2215,06/29/2024,False
Audere Apartments,"Phoenix-Mesa-Scottsdale, AZ",4014,2x2,1169,2215,06/30/2024,False
Audere Apartments,"Phoenix-Mesa-Scottsdale, AZ",4014,2x2,1169,2255,07/01/2024,False
Audere Apartments,"Phoenix-Mesa-Scottsdale, AZ",4014,2x2,1169,2296,07/02/2024,False
Audere Apartments,"Phoenix-Mesa-Scottsdale, AZ",4014,2x2,1169,2321,07/03/2024,False
Audere Apartments,"Phoenix-Mesa-Scottsdale, AZ",4014,2x2,1169,2324,07/04/2024,False
Audere Apartments,"Phoenix-Mesa-Scottsdale, AZ",4014,2x2,1169,2324,07/05/2024,False
Audere Apartments,"Phoenix-Mesa-Scottsdale, AZ",4014,2x2,1169,2324,07/06/2024,False
Audere Apartments,"Phoenix-Mesa-Scottsdale, AZ",4014,2x2,1169,2324,07/07/2024,False
Audere Apartments,"Phoenix-Mesa-Scottsdale, AZ",4014,2x2,1169,2367,07/08/2024,False
Audere Apartments,"Phoenix-Mesa-Scottsdale, AZ",4014,2x2,1169,2367,07/09/2024,False
Audere Apartments,"Phoenix-Mesa-Scottsdale, AZ",4014,2x2,1169,2324,07/10/2024,False
Audere Apartments,"Phoenix-Mesa-Scottsdale, AZ",4014,2x2,1169,2281,07/11/2024,False
Audere Apartments,"Phoenix-Mesa-Scottsdale, AZ",4014,2x2,1169,2239,07/12/2024,False
Audere Apartments,"Phoenix-Mesa-Scottsdale, AZ",4014,2x2,1169,2239,07/13/2024,False
Audere Apartments,"Phoenix-Mesa-Scottsdale, AZ",4014,2x2,1169,2234,07/14/2024,False
Audere Apartments,"Phoenix-Mesa-Scottsdale, AZ",4014,2x2,1169,2210,07/15/2024,False
Audere Apartments,"Phoenix-Mesa-Scottsdale, AZ",4014,2x2,1169,2175,07/16/2024,False
Audere Apartments,"Phoenix-Mesa-Scottsdale, AZ",4014,2x2,1169,2175,07/17/2024,False
Audere Apartments,"Phoenix-Mesa-Scottsdale, AZ",4014,2x2,1169,2135,07/18/2024,False
Audere Apartments,"Phoenix-Mesa-Scottsdale, AZ",4014,2x2,1169,2096,07/19/2024,False
Audere Apartments,"Phoenix-Mesa-Scottsdale, AZ",4014,2x2,1169,2096,07/20/2024,False
Audere Apartments,"Phoenix-Mesa-Scottsdale, AZ",4014,2x2,1169,2096,07/21/2024,False
Audere Apartments,"Phoenix-Mesa-Scottsdale, AZ",4014,2x2,1169,2073,07/22/2024,False
Audere Apartments,"Phoenix-Mesa-Scottsdale, AZ",4014,2x2,1169,2036,07/23/2024,False
Audere Apartments,"Phoenix-Mesa-Scottsdale, AZ",4014,2x2,1169,2003,07/24/2024,False
Audere Apartments,"Phoenix-Mesa-Scottsdale, AZ",4014,2x2,1169,2003,07/25/2024,False
Audere Apartments,"Phoenix-Mesa-Scottsdale, AZ",4014,2x2,1169,2048,07/26/2024,False
Audere Apartments,"Phoenix-Mesa-Scottsdale, AZ",4014,2x2,1169,2048,07/27/2024,False
Audere Apartments,"Phoenix-Mesa-Scottsdale, AZ",4014,2x2,1169,2048,07/28/2024,False
Audere Apartments,"Phoenix-Mesa-Scottsdale, AZ",4014,2x2,1169,2048,07/29/2024,False
Audere Apartments,"Phoenix-Mesa-Scottsdale, AZ",4014,2x2,1169,2048,07/30/2024,False
Audere Apartments,"Phoenix-Mesa-Scottsdale, AZ",4014,2x2,1169,2048,07/31/2024,False
Audere Apartments,"Phoenix-Mesa-Scottsdale, AZ",4014,2x2,1169,2048,08/01/2024,False
Audere Apartments,"Phoenix-Mesa-Scottsdale, AZ",4014,2x2,1169,2012,08/02/2024,False
Audere Apartments,"Phoenix-Mesa-Scottsdale, AZ",4014,2x2,1169,2012,08/03/2024,False
Audere Apartments,"Phoenix-Mesa-Scottsdale, AZ",4014,2x2,1169,2012,08/04/2024,False
Audere Apartments,"Phoenix-Mesa-Scottsdale, AZ",4014,2x2,1169,2012,08/05/2024,False
Audere Apartments,"Phoenix-Mesa-Scottsdale, AZ",4014,2x2,1169,1970,08/06/2024,False
Audere Apartments,"Phoenix-Mesa-Scottsdale, AZ",4014,2x2,1169,1970,08/07/2024,False
Audere Apartments,"Phoenix-Mesa-Scottsdale, AZ",4014,2x2,1169,1998,08/08/2024,False
Audere Apartments,"Phoenix-Mesa-Scottsdale, AZ",4014,2x2,1169,2001,08/09/2024,False
Audere Apartments,"Phoenix-Mesa-Scottsdale, AZ",4014,2x2,1169,2001,08/10/2024,False
Audere Apartments,"Phoenix-Mesa-Scottsdale, AZ",4014,2x2,1169,2001,08/11/2024,False
Audere Apartments,"Phoenix-Mesa-Scottsdale, AZ",4014,2x2,1169,2038,08/12/2024,False
Audere Apartments,"Phoenix-Mesa-Scottsdale, AZ",4014,2x2,1169,2061,08/13/2024,False
Audere Apartments,"Phoenix-Mesa-Scottsdale, AZ",4014,2x2,1169,2093,08/14/2024,False
Audere Apartments,"Phoenix-Mesa-Scottsdale, AZ",4014,2x2,1169,2096,08/15/2024,False
Audere Apartments,"Phoenix-Mesa-Scottsdale, AZ",4014,2x2,1169,2026,08/16/2024,False
Audere Apartments,"Phoenix-Mesa-Scottsdale, AZ",4014,2x2,1169,2026,08/17/2024,False
Audere Apartments,"Phoenix-Mesa-Scottsdale, AZ",4014,2x2,1169,2020,08/18/2024,False
Audere Apartments,"Phoenix-Mesa-Scottsdale, AZ",4014,2x2,1169,2051,08/19/2024,False
Audere Apartments,"Phoenix-Mesa-Scottsdale, AZ",4014,2x2,1169,2081,08/20/2024,False
Audere Apartments,"Phoenix-Mesa-Scottsdale, AZ",4014,2x2,1169,2112,08/21/2024,False
Audere Apartments,"Phoenix-Mesa-Scottsdale, AZ",4014,2x2,1169,2146,08/22/2024,False
Audere Apartments,"Phoenix-Mesa-Scottsdale, AZ",4014,2x2,1169,2139,08/23/2024,False
Audere Apartments,"Phoenix-Mesa-Scottsdale, AZ",4014,2x2,1169,2133,08/24/2024,False
Audere Apartments,"Phoenix-Mesa-Scottsdale, AZ",4014,2x2,1169,2126,08/25/2024,False
Audere Apartments,"Phoenix-Mesa-Scottsdale, AZ",4014,2x2,1169,2081,08/26/2024,False
Audere Apartments,"Phoenix-Mesa-Scottsdale, AZ",4014,2x2,1169,2036,08/27/2024,False
Audere Apartments,"Phoenix-Mesa-Scottsdale, AZ",4014,2x2,1169,2061,08/28/2024,False
Audere Apartments,"Phoenix-Mesa-Scottsdale, AZ",4014,2x2,1169,2098,08/29/2024,False
Audere Apartments,"Phoenix-Mesa-Scottsdale, AZ",4014,2x2,1169,2044,08/30/2024,False
Audere Apartments,"Phoenix-Mesa-Scottsdale, AZ",4014,2x2,1169,2044,08/31/2024,False
Audere Apartments,"Phoenix-Mesa-Scottsdale, AZ",4014,2x2,1169,2044,09/01/2024,False
Audere Apartments,"Phoenix-Mesa-Scottsdale, AZ",4014,2x2,1169,2095,09/02/2024,False
Audere Apartments,"Phoenix-Mesa-Scottsdale, AZ",4014,2x2,1169,2135,09/03/2024,False
Audere Apartments,"Phoenix-Mesa-Scottsdale, AZ",4014,2x2,1169,2154,09/04/2024,False
Audere Apartments,"Phoenix-Mesa-Scottsdale, AZ",4014,2x2,1169,2115,09/05/2024,False
Audere Apartments,"Phoenix-Mesa-Scottsdale, AZ",4014,2x2,1169,2061,09/06/2024,False
Audere Apartments,"Phoenix-Mesa-Scottsdale, AZ",4014,2x2,1169,2061,09/07/2024,False
Audere Apartments,"Phoenix-Mesa-Scottsdale, AZ",4014,2x2,1169,2061,09/08/2024,False
Audere Apartments,"Phoenix-Mesa-Scottsdale, AZ",4014,2x2,1169,2024,09/09/2024,False
Audere Apartments,"Phoenix-Mesa-Scottsdale, AZ",4014,2x2,1169,1987,09/10/2024,False
Audere Apartments,"Phoenix-Mesa-Scottsdale, AZ",4014,2x2,1169,1987,09/11/2024,False
Audere Apartments,"Phoenix-Mesa-Scottsdale, AZ",4014,2x2,1169,1951,09/12/2024,False
Audere Apartments,"Phoenix-Mesa-Scottsdale, AZ",4014,2x2,1169,1951,09/13/2024,False
Audere Apartments,"Phoenix-Mesa-Scottsdale, AZ",4014,2x2,1169,1951,09/14/2024,False
Audere Apartments,"Phoenix-Mesa-Scottsdale, AZ",4014,2x2,1169,1951,09/15/2024,False
Audere Apartments,"Phoenix-Mesa-Scottsdale, AZ",4014,2x2,1169,1916,09/16/2024,False
Audere Apartments,"Phoenix-Mesa-Scottsdale, AZ",4014,2x2,1169,1916,09/17/2024,False
Audere Apartments,"Phoenix-Mesa-Scottsdale, AZ",4014,2x2,1169,1881,09/18/2024,False
Audere Apartments,"Phoenix-Mesa-Scottsdale, AZ",4014,2x2,1169,1863,09/19/2024,False
Audere Apartments,"Phoenix-Mesa-Scottsdale, AZ",4014,2x2,1169,1863,09/20/2024,False
Audere Apartments,"Phoenix-Mesa-Scottsdale, AZ",4014,2x2,1169,1868,09/21/2024,False
Audere Apartments,"Phoenix-Mesa-Scottsdale, AZ",4014,2x2,1169,1868,09/22/2024,False
Audere Apartments,"Phoenix-Mesa-Scottsdale, AZ",4014,2x2,1169,1868,09/23/2024,False
Audere Apartments,"Phoenix-Mesa-Scottsdale, AZ",4014,2x2,1169,1870,09/24/2024,False
Audere Apartments,"Phoenix-Mesa-Scottsdale, AZ",4014,2x2,1169,1887,09/25/2024,False
Audere Apartments,"Phoenix-Mesa-Scottsdale, AZ",4014,2x2,1169,1915,09/26/2024,False
Audere Apartments,"Phoenix-Mesa-Scottsdale, AZ",4014,2x2,1169,1915,09/27/2024,False
Audere Apartments,"Phoenix-Mesa-Scottsdale, AZ",4014,2x2,1169,1915,09/28/2024,False
Audere Apartments,"Phoenix-Mesa-Scottsdale, AZ",4014,2x2,1169,1915,09/29/2024,False
Audere Apartments,"Phoenix-Mesa-Scottsdale, AZ",4014,2x2,1169,1915,09/30/2024,False
Audere Apartments,"Phoenix-Mesa-Scottsdale, AZ",4014,2x2,1169,1869,10/01/2024,False
Audere Apartments,"Phoenix-Mesa-Scottsdale, AZ",4014,2x2,1169,1843,10/02/2024,False
Audere Apartments,"Phoenix-Mesa-Scottsdale, AZ",4014,2x2,1169,1854,10/03/2024,False
Audere Apartments,"Phoenix-Mesa-Scottsdale, AZ",4014,2x2,1169,1854,10/04/2024,True
Audere Apartments,"Phoenix-Mesa-Scottsdale, AZ",4015,1x1,691,1470,09/14/2024,False
Audere Apartments,"Phoenix-Mesa-Scottsdale, AZ",4015,1x1,691,1470,09/15/2024,False
Audere Apartments,"Phoenix-Mesa-Scottsdale, AZ",4015,1x1,691,1441,09/16/2024,False
Audere Apartments,"Phoenix-Mesa-Scottsdale, AZ",4015,1x1,691,1424,09/17/2024,False
Audere Apartments,"Phoenix-Mesa-Scottsdale, AZ",4015,1x1,691,1424,09/18/2024,False
Audere Apartments,"Phoenix-Mesa-Scottsdale, AZ",4015,1x1,691,1424,09/19/2024,False
Audere Apartments,"Phoenix-Mesa-Scottsdale, AZ",4015,1x1,691,1396,09/20/2024,False
Audere Apartments,"Phoenix-Mesa-Scottsdale, AZ",4015,1x1,691,1396,09/21/2024,False
Audere Apartments,"Phoenix-Mesa-Scottsdale, AZ",4015,1x1,691,1396,09/22/2024,False
Audere Apartments,"Phoenix-Mesa-Scottsdale, AZ",4015,1x1,691,1410,09/23/2024,False
Audere Apartments,"Phoenix-Mesa-Scottsdale, AZ",4015,1x1,691,1424,09/24/2024,False
Audere Apartments,"Phoenix-Mesa-Scottsdale, AZ",4015,1x1,691,1434,09/25/2024,False
Audere Apartments,"Phoenix-Mesa-Scottsdale, AZ",4015,1x1,691,1406,09/26/2024,False
Audere Apartments,"Phoenix-Mesa-Scottsdale, AZ",4015,1x1,691,1406,09/27/2024,False
Audere Apartments,"Phoenix-Mesa-Scottsdale, AZ",4015,1x1,691,1406,09/28/2024,False
Audere Apartments,"Phoenix-Mesa-Scottsdale, AZ",4015,1x1,691,1406,09/29/2024,False
Audere Apartments,"Phoenix-Mesa-Scottsdale, AZ",4015,1x1,691,1406,09/30/2024,False
Audere Apartments,"Phoenix-Mesa-Scottsdale, AZ",4015,1x1,691,1406,10/01/2024,False
Audere Apartments,"Phoenix-Mesa-Scottsdale, AZ",4015,1x1,691,1406,10/02/2024,True
Audere Apartments,"Phoenix-Mesa-Scottsdale, AZ",4016,2x2,1169,2135,09/22/2023,False
Audere Apartments,"Phoenix-Mesa-Scottsdale, AZ",4016,2x2,1169,2135,09/23/2023,False
Audere Apartments,"Phoenix-Mesa-Scottsdale, AZ",4016,2x2,1169,2135,09/24/2023,True
Audere Apartments,"Phoenix-Mesa-Scottsdale, AZ",4016,2x2,1169,2012,08/03/2024,False
Audere Apartments,"Phoenix-Mesa-Scottsdale, AZ",4016,2x2,1169,2012,08/04/2024,False
Audere Apartments,"Phoenix-Mesa-Scottsdale, AZ",4016,2x2,1169,2012,08/05/2024,False
Audere Apartments,"Phoenix-Mesa-Scottsdale, AZ",4016,2x2,1169,1977,08/06/2024,False
Audere Apartments,"Phoenix-Mesa-Scottsdale, AZ",4016,2x2,1169,1977,08/07/2024,False
Audere Apartments,"Phoenix-Mesa-Scottsdale, AZ",4016,2x2,1169,2005,08/08/2024,False
Audere Apartments,"Phoenix-Mesa-Scottsdale, AZ",4016,2x2,1169,2041,08/09/2024,False
Audere Apartments,"Phoenix-Mesa-Scottsdale, AZ",4016,2x2,1169,2041,08/10/2024,False
Audere Apartments,"Phoenix-Mesa-Scottsdale, AZ",4016,2x2,1169,2041,08/11/2024,False
Audere Apartments,"Phoenix-Mesa-Scottsdale, AZ",4016,2x2,1169,2077,08/12/2024,False
Audere Apartments,"Phoenix-Mesa-Scottsdale, AZ",4016,2x2,1169,2100,08/13/2024,False
Audere Apartments,"Phoenix-Mesa-Scottsdale, AZ",4016,2x2,1169,2100,08/14/2024,False
Audere Apartments,"Phoenix-Mesa-Scottsdale, AZ",4016,2x2,1169,2103,08/15/2024,False
Audere Apartments,"Phoenix-Mesa-Scottsdale, AZ",4016,2x2,1169,2066,08/16/2024,False
Audere Apartments,"Phoenix-Mesa-Scottsdale, AZ",4016,2x2,1169,2066,08/17/2024,False
Audere Apartments,"Phoenix-Mesa-Scottsdale, AZ",4016,2x2,1169,2066,08/18/2024,False
Audere Apartments,"Phoenix-Mesa-Scottsdale, AZ",4016,2x2,1169,2102,08/19/2024,False
Audere Apartments,"Phoenix-Mesa-Scottsdale, AZ",4016,2x2,1169,2139,08/20/2024,False
Audere Apartments,"Phoenix-Mesa-Scottsdale, AZ",4016,2x2,1169,2177,08/21/2024,False
Audere Apartments,"Phoenix-Mesa-Scottsdale, AZ",4016,2x2,1169,2216,08/22/2024,False
Audere Apartments,"Phoenix-Mesa-Scottsdale, AZ",4016,2x2,1169,2216,08/23/2024,False
Audere Apartments,"Phoenix-Mesa-Scottsdale, AZ",4016,2x2,1169,2216,08/24/2024,False
Audere Apartments,"Phoenix-Mesa-Scottsdale, AZ",4016,2x2,1169,2216,08/25/2024,False
Audere Apartments,"Phoenix-Mesa-Scottsdale, AZ",4016,2x2,1169,2177,08/26/2024,False
Audere Apartments,"Phoenix-Mesa-Scottsdale, AZ",4016,2x2,1169,2138,08/27/2024,False
Audere Apartments,"Phoenix-Mesa-Scottsdale, AZ",4016,2x2,1169,2100,08/28/2024,False
Audere Apartments,"Phoenix-Mesa-Scottsdale, AZ",4016,2x2,1169,2137,08/29/2024,False
Audere Apartments,"Phoenix-Mesa-Scottsdale, AZ",4016,2x2,1169,2099,08/30/2024,False
Audere Apartments,"Phoenix-Mesa-Scottsdale, AZ",4016,2x2,1169,2099,08/31/2024,False
Audere Apartments,"Phoenix-Mesa-Scottsdale, AZ",4016,2x2,1169,2099,09/01/2024,False
Audere Apartments,"Phoenix-Mesa-Scottsdale, AZ",4016,2x2,1169,2136,09/02/2024,False
Audere Apartments,"Phoenix-Mesa-Scottsdale, AZ",4016,2x2,1169,2175,09/03/2024,False
Audere Apartments,"Phoenix-Mesa-Scottsdale, AZ",4016,2x2,1169,2194,09/04/2024,False
Audere Apartments,"Phoenix-Mesa-Scottsdale, AZ",4016,2x2,1169,2155,09/05/2024,False
Audere Apartments,"Phoenix-Mesa-Scottsdale, AZ",4016,2x2,1169,2117,09/06/2024,False
Audere Apartments,"Phoenix-Mesa-Scottsdale, AZ",4016,2x2,1169,2117,09/07/2024,False
Audere Apartments,"Phoenix-Mesa-Scottsdale, AZ",4016,2x2,1169,2117,09/08/2024,False
Audere Apartments,"Phoenix-Mesa-Scottsdale, AZ",4016,2x2,1169,2080,09/09/2024,False
Audere Apartments,"Phoenix-Mesa-Scottsdale, AZ",4016,2x2,1169,2043,09/10/2024,False
Audere Apartments,"Phoenix-Mesa-Scottsdale, AZ",4016,2x2,1169,2043,09/11/2024,False
Audere Apartments,"Phoenix-Mesa-Scottsdale, AZ",4016,2x2,1169,2007,09/12/2024,False
Audere Apartments,"Phoenix-Mesa-Scottsdale, AZ",4016,2x2,1169,2007,09/13/2024,False
Audere Apartments,"Phoenix-Mesa-Scottsdale, AZ",4016,2x2,1169,2007,09/14/2024,False
Audere Apartments,"Phoenix-Mesa-Scottsdale, AZ",4016,2x2,1169,2007,09/15/2024,False
Audere Apartments,"Phoenix-Mesa-Scottsdale, AZ",4016,2x2,1169,1971,09/16/2024,False
Audere Apartments,"Phoenix-Mesa-Scottsdale, AZ",4016,2x2,1169,1971,09/17/2024,False
Audere Apartments,"Phoenix-Mesa-Scottsdale, AZ",4016,2x2,1169,1936,09/18/2024,False
Audere Apartments,"Phoenix-Mesa-Scottsdale, AZ",4016,2x2,1169,1918,09/19/2024,False
Audere Apartments,"Phoenix-Mesa-Scottsdale, AZ",4016,2x2,1169,1918,09/20/2024,False
Audere Apartments,"Phoenix-Mesa-Scottsdale, AZ",4016,2x2,1169,1918,09/21/2024,False
Audere Apartments,"Phoenix-Mesa-Scottsdale, AZ",4016,2x2,1169,1912,09/22/2024,False
Audere Apartments,"Phoenix-Mesa-Scottsdale, AZ",4016,2x2,1169,1912,09/23/2024,False
Audere Apartments,"Phoenix-Mesa-Scottsdale, AZ",4016,2x2,1169,1920,09/24/2024,False
Audere Apartments,"Phoenix-Mesa-Scottsdale, AZ",4016,2x2,1169,1920,09/25/2024,True
Audere Apartments,"Phoenix-Mesa-Scottsdale, AZ",4017,1x1,691,1730,06/17/2023,False
Audere Apartments,"Phoenix-Mesa-Scottsdale, AZ",4017,1x1,691,1730,06/18/2023,False
Audere Apartments,"Phoenix-Mesa-Scottsdale, AZ",4017,1x1,691,1725,06/19/2023,False
Audere Apartments,"Phoenix-Mesa-Scottsdale, AZ",4017,1x1,691,1735,06/20/2023,False
Audere Apartments,"Phoenix-Mesa-Scottsdale, AZ",4017,1x1,691,1735,06/21/2023,False
Audere Apartments,"Phoenix-Mesa-Scottsdale, AZ",4017,1x1,691,1740,06/22/2023,False
Audere Apartments,"Phoenix-Mesa-Scottsdale, AZ",4017,1x1,691,1740,06/23/2023,False
Audere Apartments,"Phoenix-Mesa-Scottsdale, AZ",4017,1x1,691,1735,06/24/2023,False
Audere Apartments,"Phoenix-Mesa-Scottsdale, AZ",4017,1x1,691,1735,06/25/2023,False
Audere Apartments,"Phoenix-Mesa-Scottsdale, AZ",4017,1x1,691,1725,06/26/2023,False
Audere Apartments,"Phoenix-Mesa-Scottsdale, AZ",4017,1x1,691,1715,06/27/2023,False
Audere Apartments,"Phoenix-Mesa-Scottsdale, AZ",4017,1x1,691,1695,06/28/2023,False
Audere Apartments,"Phoenix-Mesa-Scottsdale, AZ",4017,1x1,691,1685,06/29/2023,False
Audere Apartments,"Phoenix-Mesa-Scottsdale, AZ",4017,1x1,691,1680,06/30/2023,False
Audere Apartments,"Phoenix-Mesa-Scottsdale, AZ",4017,1x1,691,1680,07/01/2023,False
Audere Apartments,"Phoenix-Mesa-Scottsdale, AZ",4017,1x1,691,1680,07/02/2023,False
Audere Apartments,"Phoenix-Mesa-Scottsdale, AZ",4017,1x1,691,1680,07/03/2023,False
Audere Apartments,"Phoenix-Mesa-Scottsdale, AZ",4017,1x1,691,1685,07/04/2023,False
Audere Apartments,"Phoenix-Mesa-Scottsdale, AZ",4017,1x1,691,1680,07/05/2023,False
Audere Apartments,"Phoenix-Mesa-Scottsdale, AZ",4017,1x1,691,1680,07/06/2023,False
Audere Apartments,"Phoenix-Mesa-Scottsdale, AZ",4017,1x1,691,1675,07/07/2023,False
Audere Apartments,"Phoenix-Mesa-Scottsdale, AZ",4017,1x1,691,1680,07/08/2023,False
Audere Apartments,"Phoenix-Mesa-Scottsdale, AZ",4017,1x1,691,1690,07/09/2023,False
Audere Apartments,"Phoenix-Mesa-Scottsdale, AZ",4017,1x1,691,1690,07/10/2023,False
Audere Apartments,"Phoenix-Mesa-Scottsdale, AZ",4017,1x1,691,1690,07/11/2023,False
Audere Apartments,"Phoenix-Mesa-Scottsdale, AZ",4017,1x1,691,1660,07/12/2023,False
Audere Apartments,"Phoenix-Mesa-Scottsdale, AZ",4017,1x1,691,1665,07/13/2023,False
Audere Apartments,"Phoenix-Mesa-Scottsdale, AZ",4017,1x1,691,1670,07/14/2023,False
Audere Apartments,"Phoenix-Mesa-Scottsdale, AZ",4017,1x1,691,1635,07/15/2023,False
Audere Apartments,"Phoenix-Mesa-Scottsdale, AZ",4017,1x1,691,1625,07/16/2023,False
Audere Apartments,"Phoenix-Mesa-Scottsdale, AZ",4017,1x1,691,1625,07/17/2023,False
Audere Apartments,"Phoenix-Mesa-Scottsdale, AZ",4017,1x1,691,1630,07/18/2023,False
Audere Apartments,"Phoenix-Mesa-Scottsdale, AZ",4017,1x1,691,1600,07/19/2023,False
Audere Apartments,"Phoenix-Mesa-Scottsdale, AZ",4017,1x1,691,1600,07/20/2023,False
Audere Apartments,"Phoenix-Mesa-Scottsdale, AZ",4017,1x1,691,1600,07/21/2023,False
Audere Apartments,"Phoenix-Mesa-Scottsdale, AZ",4017,1x1,691,1600,07/22/2023,False
Audere Apartments,"Phoenix-Mesa-Scottsdale, AZ",4017,1x1,691,1605,07/23/2023,False
Audere Apartments,"Phoenix-Mesa-Scottsdale, AZ",4017,1x1,691,1615,07/24/2023,False
Audere Apartments,"Phoenix-Mesa-Scottsdale, AZ",4017,1x1,691,1625,07/25/2023,False
Audere Apartments,"Phoenix-Mesa-Scottsdale, AZ",4017,1x1,691,1625,07/26/2023,False
Audere Apartments,"Phoenix-Mesa-Scottsdale, AZ",4017,1x1,691,1665,07/27/2023,False
Audere Apartments,"Phoenix-Mesa-Scottsdale, AZ",4017,1x1,691,1690,07/28/2023,False
Audere Apartments,"Phoenix-Mesa-Scottsdale, AZ",4017,1x1,691,1700,07/29/2023,False
Audere Apartments,"Phoenix-Mesa-Scottsdale, AZ",4017,1x1,691,1680,07/30/2023,False
Audere Apartments,"Phoenix-Mesa-Scottsdale, AZ",4017,1x1,691,1680,07/31/2023,False
Audere Apartments,"Phoenix-Mesa-Scottsdale, AZ",4017,1x1,691,1690,08/01/2023,False
Audere Apartments,"Phoenix-Mesa-Scottsdale, AZ",4017,1x1,691,1645,08/02/2023,False
Audere Apartments,"Phoenix-Mesa-Scottsdale, AZ",4017,1x1,691,1645,08/03/2023,False
Audere Apartments,"Phoenix-Mesa-Scottsdale, AZ",4017,1x1,691,1645,08/04/2023,False
Audere Apartments,"Phoenix-Mesa-Scottsdale, AZ",4017,1x1,691,1655,08/05/2023,False
Audere Apartments,"Phoenix-Mesa-Scottsdale, AZ",4017,1x1,691,1655,08/06/2023,False
Audere Apartments,"Phoenix-Mesa-Scottsdale, AZ",4017,1x1,691,1650,08/07/2023,False
Audere Apartments,"Phoenix-Mesa-Scottsdale, AZ",4017,1x1,691,1655,08/08/2023,False
Audere Apartments,"Phoenix-Mesa-Scottsdale, AZ",4017,1x1,691,1580,08/09/2023,False
Audere Apartments,"Phoenix-Mesa-Scottsdale, AZ",4017,1x1,691,1595,08/10/2023,False
Audere Apartments,"Phoenix-Mesa-Scottsdale, AZ",4017,1x1,691,1590,08/11/2023,False
Audere Apartments,"Phoenix-Mesa-Scottsdale, AZ",4017,1x1,691,1585,08/12/2023,False
Audere Apartments,"Phoenix-Mesa-Scottsdale, AZ",4017,1x1,691,1585,08/13/2023,False
Audere Apartments,"Phoenix-Mesa-Scottsdale, AZ",4017,1x1,691,1585,08/14/2023,False
Audere Apartments,"Phoenix-Mesa-Scottsdale, AZ",4017,1x1,691,1590,08/15/2023,False
Audere Apartments,"Phoenix-Mesa-Scottsdale, AZ",4017,1x1,691,1590,08/16/2023,False
Audere Apartments,"Phoenix-Mesa-Scottsdale, AZ",4017,1x1,691,1600,08/17/2023,False
Audere Apartments,"Phoenix-Mesa-Scottsdale, AZ",4017,1x1,691,1600,08/18/2023,False
Audere Apartments,"Phoenix-Mesa-Scottsdale, AZ",4017,1x1,691,1590,08/19/2023,False
Audere Apartments,"Phoenix-Mesa-Scottsdale, AZ",4017,1x1,691,1590,08/20/2023,False
Audere Apartments,"Phoenix-Mesa-Scottsdale, AZ",4017,1x1,691,1590,08/21/2023,False
Audere Apartments,"Phoenix-Mesa-Scottsdale, AZ",4017,1x1,691,1600,08/22/2023,False
Audere Apartments,"Phoenix-Mesa-Scottsdale, AZ",4017,1x1,691,1600,08/23/2023,False
Audere Apartments,"Phoenix-Mesa-Scottsdale, AZ",4017,1x1,691,1555,08/24/2023,False
Audere Apartments,"Phoenix-Mesa-Scottsdale, AZ",4017,1x1,691,1555,08/25/2023,False
Audere Apartments,"Phoenix-Mesa-Scottsdale, AZ",4017,1x1,691,1575,08/26/2023,False
Audere Apartments,"Phoenix-Mesa-Scottsdale, AZ",4017,1x1,691,1570,08/27/2023,False
Audere Apartments,"Phoenix-Mesa-Scottsdale, AZ",4017,1x1,691,1570,08/28/2023,False
Audere Apartments,"Phoenix-Mesa-Scottsdale, AZ",4017,1x1,691,1585,08/29/2023,False
Audere Apartments,"Phoenix-Mesa-Scottsdale, AZ",4017,1x1,691,1595,08/30/2023,False
Audere Apartments,"Phoenix-Mesa-Scottsdale, AZ",4017,1x1,691,1565,08/31/2023,False
Audere Apartments,"Phoenix-Mesa-Scottsdale, AZ",4017,1x1,691,1555,09/01/2023,False
Audere Apartments,"Phoenix-Mesa-Scottsdale, AZ",4017,1x1,691,1550,09/02/2023,False
Audere Apartments,"Phoenix-Mesa-Scottsdale, AZ",4017,1x1,691,1550,09/03/2023,True
Audere Apartments,"Phoenix-Mesa-Scottsdale, AZ",4017,1x1,691,1518,11/26/2024,False
Audere Apartments,"Phoenix-Mesa-Scottsdale, AZ",4017,1x1,691,1548,11/27/2024,False
Audere Apartments,"Phoenix-Mesa-Scottsdale, AZ",4017,1x1,691,1518,11/28/2024,False
Audere Apartments,"Phoenix-Mesa-Scottsdale, AZ",4017,1x1,691,1518,11/29/2024,False
Audere Apartments,"Phoenix-Mesa-Scottsdale, AZ",4017,1x1,691,1518,11/30/2024,False
Audere Apartments,"Phoenix-Mesa-Scottsdale, AZ",4017,1x1,691,1518,12/01/2024,False
Audere Apartments,"Phoenix-Mesa-Scottsdale, AZ",4017,1x1,691,1518,12/02/2024,False
Audere Apartments,"Phoenix-Mesa-Scottsdale, AZ",4017,1x1,691,1533,12/03/2024,False
Audere Apartments,"Phoenix-Mesa-Scottsdale, AZ",4017,1x1,691,1549,12/04/2024,False
Audere Apartments,"Phoenix-Mesa-Scottsdale, AZ",4017,1x1,691,1564,12/05/2024,False
Audere Apartments,"Phoenix-Mesa-Scottsdale, AZ",4017,1x1,691,1579,12/06/2024,False
Audere Apartments,"Phoenix-Mesa-Scottsdale, AZ",4017,1x1,691,1579,12/07/2024,False
Audere Apartments,"Phoenix-Mesa-Scottsdale, AZ",4017,1x1,691,1579,12/08/2024,False
Audere Apartments,"Phoenix-Mesa-Scottsdale, AZ",4017,1x1,691,1594,12/09/2024,False
Audere Apartments,"Phoenix-Mesa-Scottsdale, AZ",4017,1x1,691,1611,12/10/2024,False
Audere Apartments,"Phoenix-Mesa-Scottsdale, AZ",4017,1x1,691,1627,12/11/2024,False
Audere Apartments,"Phoenix-Mesa-Scottsdale, AZ",4017,1x1,691,1643,12/12/2024,False
Audere Apartments,"Phoenix-Mesa-Scottsdale, AZ",4017,1x1,691,1675,12/13/2024,False
Audere Apartments,"Phoenix-Mesa-Scottsdale, AZ",4017,1x1,691,1675,12/14/2024,False
Audere Apartments,"Phoenix-Mesa-Scottsdale, AZ",4017,1x1,691,1675,12/15/2024,False
Audere Apartments,"Phoenix-Mesa-Scottsdale, AZ",4017,1x1,691,1704,12/16/2024,False
Audere Apartments,"Phoenix-Mesa-Scottsdale, AZ",4017,1x1,691,1704,12/17/2024,False
Audere Apartments,"Phoenix-Mesa-Scottsdale, AZ",4017,1x1,691,1704,12/18/2024,False
Audere Apartments,"Phoenix-Mesa-Scottsdale, AZ",4017,1x1,691,1705,12/19/2024,False
Audere Apartments,"Phoenix-Mesa-Scottsdale, AZ",4017,1x1,691,1675,12/20/2024,False
Audere Apartments,"Phoenix-Mesa-Scottsdale, AZ",4017,1x1,691,1675,12/21/2024,False
Audere Apartments,"Phoenix-Mesa-Scottsdale, AZ",4017,1x1,691,1675,12/22/2024,False
Audere Apartments,"Phoenix-Mesa-Scottsdale, AZ",4017,1x1,691,1675,12/23/2024,False
Audere Apartments,"Phoenix-Mesa-Scottsdale, AZ",4017,1x1,691,1708,12/24/2024,False
Audere Apartments,"Phoenix-Mesa-Scottsdale, AZ",4017,1x1,691,1736,12/25/2024,False
Audere Apartments,"Phoenix-Mesa-Scottsdale, AZ",4017,1x1,691,1736,12/26/2024,False
Audere Apartments,"Phoenix-Mesa-Scottsdale, AZ",4017,1x1,691,1736,12/27/2024,False
Audere Apartments,"Phoenix-Mesa-Scottsdale, AZ",4017,1x1,691,1736,12/28/2024,False
Audere Apartments,"Phoenix-Mesa-Scottsdale, AZ",4017,1x1,691,1736,12/29/2024,False
Audere Apartments,"Phoenix-Mesa-Scottsdale, AZ",4017,1x1,691,1736,12/30/2024,False
Audere Apartments,"Phoenix-Mesa-Scottsdale, AZ",4017,1x1,691,1736,12/31/2024,False
Audere Apartments,"Phoenix-Mesa-Scottsdale, AZ",4017,1x1,691,1736,01/01/2025,False
Audere Apartments,"Phoenix-Mesa-Scottsdale, AZ",4017,1x1,691,1771,01/02/2025,False
Audere Apartments,"Phoenix-Mesa-Scottsdale, AZ",4017,1x1,691,1736,01/03/2025,False
Audere Apartments,"Phoenix-Mesa-Scottsdale, AZ",4017,1x1,691,1700,01/04/2025,False
Audere Apartments,"Phoenix-Mesa-Scottsdale, AZ",4017,1x1,691,1700,01/05/2025,False
Audere Apartments,"Phoenix-Mesa-Scottsdale, AZ",4017,1x1,691,1700,01/06/2025,False
Audere Apartments,"Phoenix-Mesa-Scottsdale, AZ",4017,1x1,691,1700,01/07/2025,False
Audere Apartments,"Phoenix-Mesa-Scottsdale, AZ",4017,1x1,691,1700,01/08/2025,False
Audere Apartments,"Phoenix-Mesa-Scottsdale, AZ",4017,1x1,691,1700,01/09/2025,False
Audere Apartments,"Phoenix-Mesa-Scottsdale, AZ",4017,1x1,691,1700,01/10/2025,False
Audere Apartments,"Phoenix-Mesa-Scottsdale, AZ",4017,1x1,691,1700,01/11/2025,False
Audere Apartments,"Phoenix-Mesa-Scottsdale, AZ",4017,1x1,691,1700,01/12/2025,False
Audere Apartments,"Phoenix-Mesa-Scottsdale, AZ",4017,1x1,691,1700,01/13/2025,False
Audere Apartments,"Phoenix-Mesa-Scottsdale, AZ",4017,1x1,691,1700,01/14/2025,False
Audere Apartments,"Phoenix-Mesa-Scottsdale, AZ",4017,1x1,691,1659,01/15/2025,False
Audere Apartments,"Phoenix-Mesa-Scottsdale, AZ",4017,1x1,691,1657,01/16/2025,False
Audere Apartments,"Phoenix-Mesa-Scottsdale, AZ",4017,1x1,691,1656,01/17/2025,False
Audere Apartments,"Phoenix-Mesa-Scottsdale, AZ",4017,1x1,691,1655,01/18/2025,False
Audere Apartments,"Phoenix-Mesa-Scottsdale, AZ",4017,1x1,691,1653,01/19/2025,False
Audere Apartments,"Phoenix-Mesa-Scottsdale, AZ",4017,1x1,691,1667,01/20/2025,False
Audere Apartments,"Phoenix-Mesa-Scottsdale, AZ",4017,1x1,691,1683,01/21/2025,False
Audere Apartments,"Phoenix-Mesa-Scottsdale, AZ",4017,1x1,691,1698,01/22/2025,False
Audere Apartments,"Phoenix-Mesa-Scottsdale, AZ",4017,1x1,691,1698,01/23/2025,True
Audere Apartments,"Phoenix-Mesa-Scottsdale, AZ",4018,2x2,1071,2005,08/22/2023,False
Audere Apartments,"Phoenix-Mesa-Scottsdale, AZ",4018,2x2,1071,2005,08/23/2023,False
Audere Apartments,"Phoenix-Mesa-Scottsdale, AZ",4018,2x2,1071,2020,08/24/2023,False
Audere Apartments,"Phoenix-Mesa-Scottsdale, AZ",4018,2x2,1071,2020,08/25/2023,False
Audere Apartments,"Phoenix-Mesa-Scottsdale, AZ",4018,2x2,1071,2020,08/26/2023,False
Audere Apartments,"Phoenix-Mesa-Scottsdale, AZ",4018,2x2,1071,2020,08/27/2023,False
Audere Apartments,"Phoenix-Mesa-Scottsdale, AZ",4018,2x2,1071,2025,08/28/2023,False
Audere Apartments,"Phoenix-Mesa-Scottsdale, AZ",4018,2x2,1071,2040,08/29/2023,False
Audere Apartments,"Phoenix-Mesa-Scottsdale, AZ",4018,2x2,1071,2050,08/30/2023,False
Audere Apartments,"Phoenix-Mesa-Scottsdale, AZ",4018,2x2,1071,2055,08/31/2023,False
Audere Apartments,"Phoenix-Mesa-Scottsdale, AZ",4018,2x2,1071,2055,09/01/2023,False
Audere Apartments,"Phoenix-Mesa-Scottsdale, AZ",4018,2x2,1071,2050,09/02/2023,False
Audere Apartments,"Phoenix-Mesa-Scottsdale, AZ",4018,2x2,1071,2050,09/03/2023,False
Audere Apartments,"Phoenix-Mesa-Scottsdale, AZ",4018,2x2,1071,2050,09/04/2023,False
Audere Apartments,"Phoenix-Mesa-Scottsdale, AZ",4018,2x2,1071,2060,09/05/2023,False
Audere Apartments,"Phoenix-Mesa-Scottsdale, AZ",4018,2x2,1071,2060,09/06/2023,False
Audere Apartments,"Phoenix-Mesa-Scottsdale, AZ",4018,2x2,1071,2000,09/07/2023,False
Audere Apartments,"Phoenix-Mesa-Scottsdale, AZ",4018,2x2,1071,2000,09/08/2023,False
Audere Apartments,"Phoenix-Mesa-Scottsdale, AZ",4018,2x2,1071,2000,09/09/2023,False
Audere Apartments,"Phoenix-Mesa-Scottsdale, AZ",4018,2x2,1071,1995,09/10/2023,False
Audere Apartments,"Phoenix-Mesa-Scottsdale, AZ",4018,2x2,1071,1995,09/11/2023,False
Audere Apartments,"Phoenix-Mesa-Scottsdale, AZ",4018,2x2,1071,2000,09/12/2023,False
Audere Apartments,"Phoenix-Mesa-Scottsdale, AZ",4018,2x2,1071,2040,09/13/2023,False
Audere Apartments,"Phoenix-Mesa-Scottsdale, AZ",4018,2x2,1071,1995,09/14/2023,False
Audere Apartments,"Phoenix-Mesa-Scottsdale, AZ",4018,2x2,1071,1995,09/15/2023,False
Audere Apartments,"Phoenix-Mesa-Scottsdale, AZ",4018,2x2,1071,1995,09/16/2023,False
Audere Apartments,"Phoenix-Mesa-Scottsdale, AZ",4018,2x2,1071,1995,09/17/2023,False
Audere Apartments,"Phoenix-Mesa-Scottsdale, AZ",4018,2x2,1071,1995,09/18/2023,False
Audere Apartments,"Phoenix-Mesa-Scottsdale, AZ",4018,2x2,1071,1995,09/19/2023,False
Audere Apartments,"Phoenix-Mesa-Scottsdale, AZ",4018,2x2,1071,1995,09/20/2023,False
Audere Apartments,"Phoenix-Mesa-Scottsdale, AZ",4018,2x2,1071,1995,09/21/2023,False
Audere Apartments,"Phoenix-Mesa-Scottsdale, AZ",4018,2x2,1071,1995,09/22/2023,False
Audere Apartments,"Phoenix-Mesa-Scottsdale, AZ",4018,2x2,1071,1995,09/23/2023,False
Audere Apartments,"Phoenix-Mesa-Scottsdale, AZ",4018,2x2,1071,2010,09/24/2023,False
Audere Apartments,"Phoenix-Mesa-Scottsdale, AZ",4018,2x2,1071,2010,09/25/2023,False
Audere Apartments,"Phoenix-Mesa-Scottsdale, AZ",4018,2x2,1071,2020,09/26/2023,False
Audere Apartments,"Phoenix-Mesa-Scottsdale, AZ",4018,2x2,1071,2020,09/27/2023,False
Audere Apartments,"Phoenix-Mesa-Scottsdale, AZ",4018,2x2,1071,2020,09/28/2023,False
Audere Apartments,"Phoenix-Mesa-Scottsdale, AZ",4018,2x2,1071,2010,09/29/2023,False
Audere Apartments,"Phoenix-Mesa-Scottsdale, AZ",4018,2x2,1071,2010,09/30/2023,False
Audere Apartments,"Phoenix-Mesa-Scottsdale, AZ",4018,2x2,1071,2010,10/01/2023,False
Audere Apartments,"Phoenix-Mesa-Scottsdale, AZ",4018,2x2,1071,2010,10/02/2023,False
Audere Apartments,"Phoenix-Mesa-Scottsdale, AZ",4018,2x2,1071,2015,10/03/2023,False
Audere Apartments,"Phoenix-Mesa-Scottsdale, AZ",4018,2x2,1071,2075,10/04/2023,False
Audere Apartments,"Phoenix-Mesa-Scottsdale, AZ",4018,2x2,1071,1980,10/05/2023,False
Audere Apartments,"Phoenix-Mesa-Scottsdale, AZ",4018,2x2,1071,1975,10/06/2023,False
Audere Apartments,"Phoenix-Mesa-Scottsdale, AZ",4018,2x2,1071,1975,10/07/2023,False
Audere Apartments,"Phoenix-Mesa-Scottsdale, AZ",4018,2x2,1071,1975,10/08/2023,False
Audere Apartments,"Phoenix-Mesa-Scottsdale, AZ",4018,2x2,1071,1985,10/09/2023,False
Audere Apartments,"Phoenix-Mesa-Scottsdale, AZ",4018,2x2,1071,1990,10/10/2023,False
Audere Apartments,"Phoenix-Mesa-Scottsdale, AZ",4018,2x2,1071,1985,10/11/2023,False
Audere Apartments,"Phoenix-Mesa-Scottsdale, AZ",4018,2x2,1071,1985,10/12/2023,False
Audere Apartments,"Phoenix-Mesa-Scottsdale, AZ",4018,2x2,1071,1975,10/13/2023,False
Audere Apartments,"Phoenix-Mesa-Scottsdale, AZ",4018,2x2,1071,1975,10/14/2023,False
Audere Apartments,"Phoenix-Mesa-Scottsdale, AZ",4018,2x2,1071,1975,10/15/2023,False
Audere Apartments,"Phoenix-Mesa-Scottsdale, AZ",4018,2x2,1071,1975,10/16/2023,False
Audere Apartments,"Phoenix-Mesa-Scottsdale, AZ",4018,2x2,1071,1980,10/17/2023,False
Audere Apartments,"Phoenix-Mesa-Scottsdale, AZ",4018,2x2,1071,1970,10/18/2023,False
Audere Apartments,"Phoenix-Mesa-Scottsdale, AZ",4018,2x2,1071,1950,10/19/2023,False
Audere Apartments,"Phoenix-Mesa-Scottsdale, AZ",4018,2x2,1071,1950,10/20/2023,False
Audere Apartments,"Phoenix-Mesa-Scottsdale, AZ",4018,2x2,1071,1930,10/21/2023,False
Audere Apartments,"Phoenix-Mesa-Scottsdale, AZ",4018,2x2,1071,1930,10/22/2023,False
Audere Apartments,"Phoenix-Mesa-Scottsdale, AZ",4018,2x2,1071,1965,10/23/2023,False
Audere Apartments,"Phoenix-Mesa-Scottsdale, AZ",4018,2x2,1071,1975,10/24/2023,False
Audere Apartments,"Phoenix-Mesa-Scottsdale, AZ",4018,2x2,1071,1955,10/25/2023,False
Audere Apartments,"Phoenix-Mesa-Scottsdale, AZ",4018,2x2,1071,1950,10/26/2023,False
Audere Apartments,"Phoenix-Mesa-Scottsdale, AZ",4018,2x2,1071,1960,10/27/2023,False
Audere Apartments,"Phoenix-Mesa-Scottsdale, AZ",4018,2x2,1071,1960,10/28/2023,False
Audere Apartments,"Phoenix-Mesa-Scottsdale, AZ",4018,2x2,1071,1955,10/29/2023,False
Audere Apartments,"Phoenix-Mesa-Scottsdale, AZ",4018,2x2,1071,1955,10/30/2023,False
Audere Apartments,"Phoenix-Mesa-Scottsdale, AZ",4018,2x2,1071,1955,10/31/2023,False
Audere Apartments,"Phoenix-Mesa-Scottsdale, AZ",4018,2x2,1071,1945,11/01/2023,False
Audere Apartments,"Phoenix-Mesa-Scottsdale, AZ",4018,2x2,1071,1970,11/02/2023,False
Audere Apartments,"Phoenix-Mesa-Scottsdale, AZ",4018,2x2,1071,1935,11/03/2023,False
Audere Apartments,"Phoenix-Mesa-Scottsdale, AZ",4018,2x2,1071,1935,11/04/2023,False
Audere Apartments,"Phoenix-Mesa-Scottsdale, AZ",4018,2x2,1071,1920,11/05/2023,False
Audere Apartments,"Phoenix-Mesa-Scottsdale, AZ",4018,2x2,1071,1920,11/06/2023,False
Audere Apartments,"Phoenix-Mesa-Scottsdale, AZ",4018,2x2,1071,1920,11/07/2023,False
Audere Apartments,"Phoenix-Mesa-Scottsdale, AZ",4018,2x2,1071,1920,11/08/2023,False
Audere Apartments,"Phoenix-Mesa-Scottsdale, AZ",4018,2x2,1071,1920,11/09/2023,False
Audere Apartments,"Phoenix-Mesa-Scottsdale, AZ",4018,2x2,1071,1915,11/10/2023,False
Audere Apartments,"Phoenix-Mesa-Scottsdale, AZ",4018,2x2,1071,1915,11/11/2023,False
Audere Apartments,"Phoenix-Mesa-Scottsdale, AZ",4018,2x2,1071,1915,11/12/2023,False
Audere Apartments,"Phoenix-Mesa-Scottsdale, AZ",4018,2x2,1071,1955,11/13/2023,False
Audere Apartments,"Phoenix-Mesa-Scottsdale, AZ",4018,2x2,1071,1915,11/14/2023,False
Audere Apartments,"Phoenix-Mesa-Scottsdale, AZ",4018,2x2,1071,1905,11/15/2023,False
Audere Apartments,"Phoenix-Mesa-Scottsdale, AZ",4018,2x2,1071,1905,11/16/2023,False
Audere Apartments,"Phoenix-Mesa-Scottsdale, AZ",4018,2x2,1071,1905,11/17/2023,False
Audere Apartments,"Phoenix-Mesa-Scottsdale, AZ",4018,2x2,1071,1905,11/18/2023,False
Audere Apartments,"Phoenix-Mesa-Scottsdale, AZ",4018,2x2,1071,1905,11/19/2023,False
Audere Apartments,"Phoenix-Mesa-Scottsdale, AZ",4018,2x2,1071,1905,11/20/2023,False
Audere Apartments,"Phoenix-Mesa-Scottsdale, AZ",4018,2x2,1071,1905,11/21/2023,False
Audere Apartments,"Phoenix-Mesa-Scottsdale, AZ",4018,2x2,1071,1880,11/22/2023,False
Audere Apartments,"Phoenix-Mesa-Scottsdale, AZ",4018,2x2,1071,1880,11/23/2023,False
Audere Apartments,"Phoenix-Mesa-Scottsdale, AZ",4018,2x2,1071,1880,11/24/2023,False
Audere Apartments,"Phoenix-Mesa-Scottsdale, AZ",4018,2x2,1071,1880,11/25/2023,False
Audere Apartments,"Phoenix-Mesa-Scottsdale, AZ",4018,2x2,1071,1880,11/26/2023,False
Audere Apartments,"Phoenix-Mesa-Scottsdale, AZ",4018,2x2,1071,1915,11/27/2023,False
Audere Apartments,"Phoenix-Mesa-Scottsdale, AZ",4018,2x2,1071,1915,11/28/2023,True
Audere Apartments,"Phoenix-Mesa-Scottsdale, AZ",4018,2x2,1071,1850,10/15/2024,False
Audere Apartments,"Phoenix-Mesa-Scottsdale, AZ",4018,2x2,1071,1868,10/16/2024,False
Audere Apartments,"Phoenix-Mesa-Scottsdale, AZ",4018,2x2,1071,1886,10/17/2024,False
Audere Apartments,"Phoenix-Mesa-Scottsdale, AZ",4018,2x2,1071,1904,10/18/2024,False
Audere Apartments,"Phoenix-Mesa-Scottsdale, AZ",4018,2x2,1071,1904,10/19/2024,False
Audere Apartments,"Phoenix-Mesa-Scottsdale, AZ",4018,2x2,1071,1904,10/20/2024,False
Audere Apartments,"Phoenix-Mesa-Scottsdale, AZ",4018,2x2,1071,1923,10/21/2024,False
Audere Apartments,"Phoenix-Mesa-Scottsdale, AZ",4018,2x2,1071,1942,10/22/2024,False
Audere Apartments,"Phoenix-Mesa-Scottsdale, AZ",4018,2x2,1071,1961,10/23/2024,False
Audere Apartments,"Phoenix-Mesa-Scottsdale, AZ",4018,2x2,1071,1980,10/24/2024,False
Audere Apartments,"Phoenix-Mesa-Scottsdale, AZ",4018,2x2,1071,1999,10/25/2024,False
Audere Apartments,"Phoenix-Mesa-Scottsdale, AZ",4018,2x2,1071,1999,10/26/2024,False
Audere Apartments,"Phoenix-Mesa-Scottsdale, AZ",4018,2x2,1071,1999,10/27/2024,False
Audere Apartments,"Phoenix-Mesa-Scottsdale, AZ",4018,2x2,1071,2018,10/28/2024,False
Audere Apartments,"Phoenix-Mesa-Scottsdale, AZ",4018,2x2,1071,2038,10/29/2024,False
Audere Apartments,"Phoenix-Mesa-Scottsdale, AZ",4018,2x2,1071,2058,10/30/2024,False
Audere Apartments,"Phoenix-Mesa-Scottsdale, AZ",4018,2x2,1071,2078,10/31/2024,False
Audere Apartments,"Phoenix-Mesa-Scottsdale, AZ",4018,2x2,1071,2078,11/01/2024,False
Audere Apartments,"Phoenix-Mesa-Scottsdale, AZ",4018,2x2,1071,2078,11/02/2024,False
Audere Apartments,"Phoenix-Mesa-Scottsdale, AZ",4018,2x2,1071,2078,11/03/2024,False
Audere Apartments,"Phoenix-Mesa-Scottsdale, AZ",4018,2x2,1071,2098,11/04/2024,False
Audere Apartments,"Phoenix-Mesa-Scottsdale, AZ",4018,2x2,1071,2118,11/05/2024,False
Audere Apartments,"Phoenix-Mesa-Scottsdale, AZ",4018,2x2,1071,2139,11/06/2024,False
Audere Apartments,"Phoenix-Mesa-Scottsdale, AZ",4018,2x2,1071,2154,11/07/2024,False
Audere Apartments,"Phoenix-Mesa-Scottsdale, AZ",4018,2x2,1071,2154,11/08/2024,False
Audere Apartments,"Phoenix-Mesa-Scottsdale, AZ",4018,2x2,1071,2154,11/09/2024,False
Audere Apartments,"Phoenix-Mesa-Scottsdale, AZ",4018,2x2,1071,2154,11/10/2024,False
Audere Apartments,"Phoenix-Mesa-Scottsdale, AZ",4018,2x2,1071,2133,11/11/2024,False
Audere Apartments,"Phoenix-Mesa-Scottsdale, AZ",4018,2x2,1071,2133,11/12/2024,False
Audere Apartments,"Phoenix-Mesa-Scottsdale, AZ",4018,2x2,1071,2112,11/13/2024,False
Audere Apartments,"Phoenix-Mesa-Scottsdale, AZ",4018,2x2,1071,2091,11/14/2024,False
Audere Apartments,"Phoenix-Mesa-Scottsdale, AZ",4018,2x2,1071,2071,11/15/2024,False
Audere Apartments,"Phoenix-Mesa-Scottsdale, AZ",4018,2x2,1071,2071,11/16/2024,False
Audere Apartments,"Phoenix-Mesa-Scottsdale, AZ",4018,2x2,1071,2071,11/17/2024,False
Audere Apartments,"Phoenix-Mesa-Scottsdale, AZ",4018,2x2,1071,2051,11/18/2024,False
Audere Apartments,"Phoenix-Mesa-Scottsdale, AZ",4018,2x2,1071,2031,11/19/2024,False
Audere Apartments,"Phoenix-Mesa-Scottsdale, AZ",4018,2x2,1071,2011,11/20/2024,False
Audere Apartments,"Phoenix-Mesa-Scottsdale, AZ",4018,2x2,1071,1991,11/21/2024,False
Audere Apartments,"Phoenix-Mesa-Scottsdale, AZ",4018,2x2,1071,1972,11/22/2024,False
Audere Apartments,"Phoenix-Mesa-Scottsdale, AZ",4018,2x2,1071,1972,11/23/2024,True
Audere Apartments,"Phoenix-Mesa-Scottsdale, AZ",4019,2x2,1063,2200,06/17/2023,False
Audere Apartments,"Phoenix-Mesa-Scottsdale, AZ",4019,2x2,1063,2200,06/18/2023,False
Audere Apartments,"Phoenix-Mesa-Scottsdale, AZ",4019,2x2,1063,2200,06/19/2023,False
Audere Apartments,"Phoenix-Mesa-Scottsdale, AZ",4019,2x2,1063,2200,06/20/2023,False
Audere Apartments,"Phoenix-Mesa-Scottsdale, AZ",4019,2x2,1063,2200,06/21/2023,False
Audere Apartments,"Phoenix-Mesa-Scottsdale, AZ",4019,2x2,1063,2185,06/22/2023,False
Audere Apartments,"Phoenix-Mesa-Scottsdale, AZ",4019,2x2,1063,2135,06/23/2023,False
Audere Apartments,"Phoenix-Mesa-Scottsdale, AZ",4019,2x2,1063,2135,06/24/2023,False
Audere Apartments,"Phoenix-Mesa-Scottsdale, AZ",4019,2x2,1063,2135,06/25/2023,False
Audere Apartments,"Phoenix-Mesa-Scottsdale, AZ",4019,2x2,1063,2135,06/26/2023,False
Audere Apartments,"Phoenix-Mesa-Scottsdale, AZ",4019,2x2,1063,2135,06/27/2023,False
Audere Apartments,"Phoenix-Mesa-Scottsdale, AZ",4019,2x2,1063,2135,06/28/2023,False
Audere Apartments,"Phoenix-Mesa-Scottsdale, AZ",4019,2x2,1063,2195,06/29/2023,False
Audere Apartments,"Phoenix-Mesa-Scottsdale, AZ",4019,2x2,1063,2170,06/30/2023,False
Audere Apartments,"Phoenix-Mesa-Scottsdale, AZ",4019,2x2,1063,2170,07/01/2023,False
Audere Apartments,"Phoenix-Mesa-Scottsdale, AZ",4019,2x2,1063,2170,07/02/2023,False
Audere Apartments,"Phoenix-Mesa-Scottsdale, AZ",4019,2x2,1063,2170,07/03/2023,False
Audere Apartments,"Phoenix-Mesa-Scottsdale, AZ",4019,2x2,1063,2180,07/04/2023,False
Audere Apartments,"Phoenix-Mesa-Scottsdale, AZ",4019,2x2,1063,2200,07/05/2023,False
Audere Apartments,"Phoenix-Mesa-Scottsdale, AZ",4019,2x2,1063,2210,07/06/2023,False
Audere Apartments,"Phoenix-Mesa-Scottsdale, AZ",4019,2x2,1063,2165,07/07/2023,False
Audere Apartments,"Phoenix-Mesa-Scottsdale, AZ",4019,2x2,1063,2140,07/08/2023,False
Audere Apartments,"Phoenix-Mesa-Scottsdale, AZ",4019,2x2,1063,2140,07/09/2023,False
Audere Apartments,"Phoenix-Mesa-Scottsdale, AZ",4019,2x2,1063,2140,07/10/2023,False
Audere Apartments,"Phoenix-Mesa-Scottsdale, AZ",4019,2x2,1063,2145,07/11/2023,False
Audere Apartments,"Phoenix-Mesa-Scottsdale, AZ",4019,2x2,1063,2230,07/12/2023,False
Audere Apartments,"Phoenix-Mesa-Scottsdale, AZ",4019,2x2,1063,2150,07/13/2023,False
Audere Apartments,"Phoenix-Mesa-Scottsdale, AZ",4019,2x2,1063,2150,07/14/2023,False
Audere Apartments,"Phoenix-Mesa-Scottsdale, AZ",4019,2x2,1063,2115,07/15/2023,False
Audere Apartments,"Phoenix-Mesa-Scottsdale, AZ",4019,2x2,1063,2115,07/16/2023,False
Audere Apartments,"Phoenix-Mesa-Scottsdale, AZ",4019,2x2,1063,2115,07/17/2023,False
Audere Apartments,"Phoenix-Mesa-Scottsdale, AZ",4019,2x2,1063,2115,07/18/2023,False
Audere Apartments,"Phoenix-Mesa-Scottsdale, AZ",4019,2x2,1063,2070,07/19/2023,False
Audere Apartments,"Phoenix-Mesa-Scottsdale, AZ",4019,2x2,1063,2070,07/20/2023,False
Audere Apartments,"Phoenix-Mesa-Scottsdale, AZ",4019,2x2,1063,2070,07/21/2023,False
Audere Apartments,"Phoenix-Mesa-Scottsdale, AZ",4019,2x2,1063,2070,07/22/2023,False
Audere Apartments,"Phoenix-Mesa-Scottsdale, AZ",4019,2x2,1063,2070,07/23/2023,False
Audere Apartments,"Phoenix-Mesa-Scottsdale, AZ",4019,2x2,1063,2070,07/24/2023,False
Audere Apartments,"Phoenix-Mesa-Scottsdale, AZ",4019,2x2,1063,2075,07/25/2023,False
Audere Apartments,"Phoenix-Mesa-Scottsdale, AZ",4019,2x2,1063,2075,07/26/2023,False
Audere Apartments,"Phoenix-Mesa-Scottsdale, AZ",4019,2x2,1063,2110,07/27/2023,False
Audere Apartments,"Phoenix-Mesa-Scottsdale, AZ",4019,2x2,1063,2110,07/28/2023,False
Audere Apartments,"Phoenix-Mesa-Scottsdale, AZ",4019,2x2,1063,2110,07/29/2023,False
Audere Apartments,"Phoenix-Mesa-Scottsdale, AZ",4019,2x2,1063,2110,07/30/2023,False
Audere Apartments,"Phoenix-Mesa-Scottsdale, AZ",4019,2x2,1063,2110,07/31/2023,False
Audere Apartments,"Phoenix-Mesa-Scottsdale, AZ",4019,2x2,1063,2110,08/01/2023,False
Audere Apartments,"Phoenix-Mesa-Scottsdale, AZ",4019,2x2,1063,2055,08/02/2023,False
Audere Apartments,"Phoenix-Mesa-Scottsdale, AZ",4019,2x2,1063,2075,08/03/2023,False
Audere Apartments,"Phoenix-Mesa-Scottsdale, AZ",4019,2x2,1063,2075,08/04/2023,False
Audere Apartments,"Phoenix-Mesa-Scottsdale, AZ",4019,2x2,1063,2075,08/05/2023,False
Audere Apartments,"Phoenix-Mesa-Scottsdale, AZ",4019,2x2,1063,2075,08/06/2023,False
Audere Apartments,"Phoenix-Mesa-Scottsdale, AZ",4019,2x2,1063,2075,08/07/2023,False
Audere Apartments,"Phoenix-Mesa-Scottsdale, AZ",4019,2x2,1063,2075,08/08/2023,False
Audere Apartments,"Phoenix-Mesa-Scottsdale, AZ",4019,2x2,1063,2075,08/09/2023,False
Audere Apartments,"Phoenix-Mesa-Scottsdale, AZ",4019,2x2,1063,2070,08/10/2023,False
Audere Apartments,"Phoenix-Mesa-Scottsdale, AZ",4019,2x2,1063,2060,08/11/2023,False
Audere Apartments,"Phoenix-Mesa-Scottsdale, AZ",4019,2x2,1063,2060,08/12/2023,False
Audere Apartments,"Phoenix-Mesa-Scottsdale, AZ",4019,2x2,1063,2040,08/13/2023,False
Audere Apartments,"Phoenix-Mesa-Scottsdale, AZ",4019,2x2,1063,2040,08/14/2023,False
Audere Apartments,"Phoenix-Mesa-Scottsdale, AZ",4019,2x2,1063,2040,08/15/2023,False
Audere Apartments,"Phoenix-Mesa-Scottsdale, AZ",4019,2x2,1063,2060,08/16/2023,False
Audere Apartments,"Phoenix-Mesa-Scottsdale, AZ",4019,2x2,1063,2055,08/17/2023,False
Audere Apartments,"Phoenix-Mesa-Scottsdale, AZ",4019,2x2,1063,2035,08/18/2023,False
Audere Apartments,"Phoenix-Mesa-Scottsdale, AZ",4019,2x2,1063,2035,08/19/2023,False
Audere Apartments,"Phoenix-Mesa-Scottsdale, AZ",4019,2x2,1063,2035,08/20/2023,False
Audere Apartments,"Phoenix-Mesa-Scottsdale, AZ",4019,2x2,1063,2035,08/21/2023,False
Audere Apartments,"Phoenix-Mesa-Scottsdale, AZ",4019,2x2,1063,2055,08/22/2023,False
Audere Apartments,"Phoenix-Mesa-Scottsdale, AZ",4019,2x2,1063,2055,08/23/2023,False
Audere Apartments,"Phoenix-Mesa-Scottsdale, AZ",4019,2x2,1063,2035,08/24/2023,False
Audere Apartments,"Phoenix-Mesa-Scottsdale, AZ",4019,2x2,1063,2035,08/25/2023,False
Audere Apartments,"Phoenix-Mesa-Scottsdale, AZ",4019,2x2,1063,2055,08/26/2023,False
Audere Apartments,"Phoenix-Mesa-Scottsdale, AZ",4019,2x2,1063,2055,08/27/2023,False
Audere Apartments,"Phoenix-Mesa-Scottsdale, AZ",4019,2x2,1063,2055,08/28/2023,False
Audere Apartments,"Phoenix-Mesa-Scottsdale, AZ",4019,2x2,1063,2055,08/29/2023,False
Audere Apartments,"Phoenix-Mesa-Scottsdale, AZ",4019,2x2,1063,2055,08/30/2023,False
Audere Apartments,"Phoenix-Mesa-Scottsdale, AZ",4019,2x2,1063,2055,08/31/2023,False
Audere Apartments,"Phoenix-Mesa-Scottsdale, AZ",4019,2x2,1063,2055,09/01/2023,False
Audere Apartments,"Phoenix-Mesa-Scottsdale, AZ",4019,2x2,1063,2035,09/02/2023,False
Audere Apartments,"Phoenix-Mesa-Scottsdale, AZ",4019,2x2,1063,2035,09/03/2023,False
Audere Apartments,"Phoenix-Mesa-Scottsdale, AZ",4019,2x2,1063,2035,09/04/2023,False
Audere Apartments,"Phoenix-Mesa-Scottsdale, AZ",4019,2x2,1063,2045,09/05/2023,False
Audere Apartments,"Phoenix-Mesa-Scottsdale, AZ",4019,2x2,1063,2045,09/06/2023,False
Audere Apartments,"Phoenix-Mesa-Scottsdale, AZ",4019,2x2,1063,1985,09/07/2023,False
Audere Apartments,"Phoenix-Mesa-Scottsdale, AZ",4019,2x2,1063,1985,09/08/2023,False
Audere Apartments,"Phoenix-Mesa-Scottsdale, AZ",4019,2x2,1063,1985,09/09/2023,False
Audere Apartments,"Phoenix-Mesa-Scottsdale, AZ",4019,2x2,1063,1985,09/10/2023,False
Audere Apartments,"Phoenix-Mesa-Scottsdale, AZ",4019,2x2,1063,1985,09/11/2023,False
Audere Apartments,"Phoenix-Mesa-Scottsdale, AZ",4019,2x2,1063,2015,09/12/2023,False
Audere Apartments,"Phoenix-Mesa-Scottsdale, AZ",4019,2x2,1063,2015,09/13/2023,True
Audere Apartments,"Phoenix-Mesa-Scottsdale, AZ",4020,2x2,1071,2025,06/17/2023,False
Audere Apartments,"Phoenix-Mesa-Scottsdale, AZ",4020,2x2,1071,2025,06/18/2023,False
Audere Apartments,"Phoenix-Mesa-Scottsdale, AZ",4020,2x2,1071,2020,06/19/2023,False
Audere Apartments,"Phoenix-Mesa-Scottsdale, AZ",4020,2x2,1071,2025,06/20/2023,False
Audere Apartments,"Phoenix-Mesa-Scottsdale, AZ",4020,2x2,1071,2025,06/21/2023,False
Audere Apartments,"Phoenix-Mesa-Scottsdale, AZ",4020,2x2,1071,2050,06/22/2023,False
Audere Apartments,"Phoenix-Mesa-Scottsdale, AZ",4020,2x2,1071,2050,06/23/2023,False
Audere Apartments,"Phoenix-Mesa-Scottsdale, AZ",4020,2x2,1071,2065,06/24/2023,False
Audere Apartments,"Phoenix-Mesa-Scottsdale, AZ",4020,2x2,1071,2085,06/25/2023,False
Audere Apartments,"Phoenix-Mesa-Scottsdale, AZ",4020,2x2,1071,2085,06/26/2023,False
Audere Apartments,"Phoenix-Mesa-Scottsdale, AZ",4020,2x2,1071,2090,06/27/2023,False
Audere Apartments,"Phoenix-Mesa-Scottsdale, AZ",4020,2x2,1071,2075,06/28/2023,False
Audere Apartments,"Phoenix-Mesa-Scottsdale, AZ",4020,2x2,1071,2085,06/29/2023,False
Audere Apartments,"Phoenix-Mesa-Scottsdale, AZ",4020,2x2,1071,2060,06/30/2023,False
Audere Apartments,"Phoenix-Mesa-Scottsdale, AZ",4020,2x2,1071,2080,07/01/2023,False
Audere Apartments,"Phoenix-Mesa-Scottsdale, AZ",4020,2x2,1071,2080,07/02/2023,False
Audere Apartments,"Phoenix-Mesa-Scottsdale, AZ",4020,2x2,1071,2080,07/03/2023,False
Audere Apartments,"Phoenix-Mesa-Scottsdale, AZ",4020,2x2,1071,2085,07/04/2023,False
Audere Apartments,"Phoenix-Mesa-Scottsdale, AZ",4020,2x2,1071,2105,07/05/2023,False
Audere Apartments,"Phoenix-Mesa-Scottsdale, AZ",4020,2x2,1071,2115,07/06/2023,False
Audere Apartments,"Phoenix-Mesa-Scottsdale, AZ",4020,2x2,1071,2075,07/07/2023,False
Audere Apartments,"Phoenix-Mesa-Scottsdale, AZ",4020,2x2,1071,2025,07/08/2023,False
Audere Apartments,"Phoenix-Mesa-Scottsdale, AZ",4020,2x2,1071,2020,07/09/2023,False
Audere Apartments,"Phoenix-Mesa-Scottsdale, AZ",4020,2x2,1071,2020,07/10/2023,False
Audere Apartments,"Phoenix-Mesa-Scottsdale, AZ",4020,2x2,1071,2025,07/11/2023,False
Audere Apartments,"Phoenix-Mesa-Scottsdale, AZ",4020,2x2,1071,2160,07/12/2023,False
Audere Apartments,"Phoenix-Mesa-Scottsdale, AZ",4020,2x2,1071,2020,07/13/2023,False
Audere Apartments,"Phoenix-Mesa-Scottsdale, AZ",4020,2x2,1071,2000,07/14/2023,False
Audere Apartments,"Phoenix-Mesa-Scottsdale, AZ",4020,2x2,1071,1965,07/15/2023,False
Audere Apartments,"Phoenix-Mesa-Scottsdale, AZ",4020,2x2,1071,1965,07/16/2023,False
Audere Apartments,"Phoenix-Mesa-Scottsdale, AZ",4020,2x2,1071,1965,07/17/2023,False
Audere Apartments,"Phoenix-Mesa-Scottsdale, AZ",4020,2x2,1071,1965,07/18/2023,False
Audere Apartments,"Phoenix-Mesa-Scottsdale, AZ",4020,2x2,1071,1920,07/19/2023,False
Audere Apartments,"Phoenix-Mesa-Scottsdale, AZ",4020,2x2,1071,1920,07/20/2023,False
Audere Apartments,"Phoenix-Mesa-Scottsdale, AZ",4020,2x2,1071,1920,07/21/2023,False
Audere Apartments,"Phoenix-Mesa-Scottsdale, AZ",4020,2x2,1071,1920,07/22/2023,False
Audere Apartments,"Phoenix-Mesa-Scottsdale, AZ",4020,2x2,1071,1920,07/23/2023,False
Audere Apartments,"Phoenix-Mesa-Scottsdale, AZ",4020,2x2,1071,1920,07/24/2023,False
Audere Apartments,"Phoenix-Mesa-Scottsdale, AZ",4020,2x2,1071,1940,07/25/2023,False
Audere Apartments,"Phoenix-Mesa-Scottsdale, AZ",4020,2x2,1071,1940,07/26/2023,False
Audere Apartments,"Phoenix-Mesa-Scottsdale, AZ",4020,2x2,1071,1980,07/27/2023,False
Audere Apartments,"Phoenix-Mesa-Scottsdale, AZ",4020,2x2,1071,1980,07/28/2023,False
Audere Apartments,"Phoenix-Mesa-Scottsdale, AZ",4020,2x2,1071,2000,07/29/2023,False
Audere Apartments,"Phoenix-Mesa-Scottsdale, AZ",4020,2x2,1071,1960,07/30/2023,False
Audere Apartments,"Phoenix-Mesa-Scottsdale, AZ",4020,2x2,1071,1960,07/31/2023,False
Audere Apartments,"Phoenix-Mesa-Scottsdale, AZ",4020,2x2,1071,1980,08/01/2023,False
Audere Apartments,"Phoenix-Mesa-Scottsdale, AZ",4020,2x2,1071,1925,08/02/2023,False
Audere Apartments,"Phoenix-Mesa-Scottsdale, AZ",4020,2x2,1071,1945,08/03/2023,False
Audere Apartments,"Phoenix-Mesa-Scottsdale, AZ",4020,2x2,1071,1945,08/04/2023,False
Audere Apartments,"Phoenix-Mesa-Scottsdale, AZ",4020,2x2,1071,1945,08/05/2023,False
Audere Apartments,"Phoenix-Mesa-Scottsdale, AZ",4020,2x2,1071,1945,08/06/2023,False
Audere Apartments,"Phoenix-Mesa-Scottsdale, AZ",4020,2x2,1071,1945,08/07/2023,False
Audere Apartments,"Phoenix-Mesa-Scottsdale, AZ",4020,2x2,1071,1945,08/08/2023,False
Audere Apartments,"Phoenix-Mesa-Scottsdale, AZ",4020,2x2,1071,1945,08/09/2023,False
Audere Apartments,"Phoenix-Mesa-Scottsdale, AZ",4020,2x2,1071,1940,08/10/2023,False
Audere Apartments,"Phoenix-Mesa-Scottsdale, AZ",4020,2x2,1071,1930,08/11/2023,False
Audere Apartments,"Phoenix-Mesa-Scottsdale, AZ",4020,2x2,1071,1930,08/12/2023,False
Audere Apartments,"Phoenix-Mesa-Scottsdale, AZ",4020,2x2,1071,1910,08/13/2023,False
Audere Apartments,"Phoenix-Mesa-Scottsdale, AZ",4020,2x2,1071,1910,08/14/2023,False
Audere Apartments,"Phoenix-Mesa-Scottsdale, AZ",4020,2x2,1071,1910,08/15/2023,False
Audere Apartments,"Phoenix-Mesa-Scottsdale, AZ",4020,2x2,1071,1930,08/16/2023,False
Audere Apartments,"Phoenix-Mesa-Scottsdale, AZ",4020,2x2,1071,1925,08/17/2023,False
Audere Apartments,"Phoenix-Mesa-Scottsdale, AZ",4020,2x2,1071,1905,08/18/2023,False
Audere Apartments,"Phoenix-Mesa-Scottsdale, AZ",4020,2x2,1071,1905,08/19/2023,False
Audere Apartments,"Phoenix-Mesa-Scottsdale, AZ",4020,2x2,1071,1905,08/20/2023,False
Audere Apartments,"Phoenix-Mesa-Scottsdale, AZ",4020,2x2,1071,1905,08/21/2023,False
Audere Apartments,"Phoenix-Mesa-Scottsdale, AZ",4020,2x2,1071,1925,08/22/2023,False
Audere Apartments,"Phoenix-Mesa-Scottsdale, AZ",4020,2x2,1071,1925,08/23/2023,False
Audere Apartments,"Phoenix-Mesa-Scottsdale, AZ",4020,2x2,1071,1905,08/24/2023,False
Audere Apartments,"Phoenix-Mesa-Scottsdale, AZ",4020,2x2,1071,1905,08/25/2023,False
Audere Apartments,"Phoenix-Mesa-Scottsdale, AZ",4020,2x2,1071,1925,08/26/2023,False
Audere Apartments,"Phoenix-Mesa-Scottsdale, AZ",4020,2x2,1071,1925,08/27/2023,False
Audere Apartments,"Phoenix-Mesa-Scottsdale, AZ",4020,2x2,1071,1925,08/28/2023,True
Audere Apartments,"Phoenix-Mesa-Scottsdale, AZ",4021,2x2,1063,1992,11/23/2024,False
Audere Apartments,"Phoenix-Mesa-Scottsdale, AZ",4021,2x2,1063,1992,11/24/2024,False
Audere Apartments,"Phoenix-Mesa-Scottsdale, AZ",4021,2x2,1063,2011,11/25/2024,False
Audere Apartments,"Phoenix-Mesa-Scottsdale, AZ",4021,2x2,1063,2030,11/26/2024,False
Audere Apartments,"Phoenix-Mesa-Scottsdale, AZ",4021,2x2,1063,2030,11/27/2024,False
Audere Apartments,"Phoenix-Mesa-Scottsdale, AZ",4021,2x2,1063,2030,11/28/2024,False
Audere Apartments,"Phoenix-Mesa-Scottsdale, AZ",4021,2x2,1063,2030,11/29/2024,False
Audere Apartments,"Phoenix-Mesa-Scottsdale, AZ",4021,2x2,1063,2030,11/30/2024,False
Audere Apartments,"Phoenix-Mesa-Scottsdale, AZ",4021,2x2,1063,2030,12/01/2024,False
Audere Apartments,"Phoenix-Mesa-Scottsdale, AZ",4021,2x2,1063,2030,12/02/2024,False
Audere Apartments,"Phoenix-Mesa-Scottsdale, AZ",4021,2x2,1063,2050,12/03/2024,False
Audere Apartments,"Phoenix-Mesa-Scottsdale, AZ",4021,2x2,1063,2070,12/04/2024,False
Audere Apartments,"Phoenix-Mesa-Scottsdale, AZ",4021,2x2,1063,2090,12/05/2024,False
Audere Apartments,"Phoenix-Mesa-Scottsdale, AZ",4021,2x2,1063,2110,12/06/2024,False
Audere Apartments,"Phoenix-Mesa-Scottsdale, AZ",4021,2x2,1063,2090,12/07/2024,False
Audere Apartments,"Phoenix-Mesa-Scottsdale, AZ",4021,2x2,1063,2090,12/08/2024,False
Audere Apartments,"Phoenix-Mesa-Scottsdale, AZ",4021,2x2,1063,2110,12/09/2024,False
Audere Apartments,"Phoenix-Mesa-Scottsdale, AZ",4021,2x2,1063,2130,12/10/2024,False
Audere Apartments,"Phoenix-Mesa-Scottsdale, AZ",4021,2x2,1063,2151,12/11/2024,False
Audere Apartments,"Phoenix-Mesa-Scottsdale, AZ",4021,2x2,1063,2172,12/12/2024,False
Audere Apartments,"Phoenix-Mesa-Scottsdale, AZ",4021,2x2,1063,2214,12/13/2024,False
Audere Apartments,"Phoenix-Mesa-Scottsdale, AZ",4021,2x2,1063,2214,12/14/2024,False
Audere Apartments,"Phoenix-Mesa-Scottsdale, AZ",4021,2x2,1063,2214,12/15/2024,False
Audere Apartments,"Phoenix-Mesa-Scottsdale, AZ",4021,2x2,1063,2171,12/16/2024,False
Audere Apartments,"Phoenix-Mesa-Scottsdale, AZ",4021,2x2,1063,2129,12/17/2024,False
Audere Apartments,"Phoenix-Mesa-Scottsdale, AZ",4021,2x2,1063,2088,12/18/2024,False
Audere Apartments,"Phoenix-Mesa-Scottsdale, AZ",4021,2x2,1063,2064,12/19/2024,False
Audere Apartments,"Phoenix-Mesa-Scottsdale, AZ",4021,2x2,1063,2064,12/20/2024,False
Audere Apartments,"Phoenix-Mesa-Scottsdale, AZ",4021,2x2,1063,2064,12/21/2024,False
Audere Apartments,"Phoenix-Mesa-Scottsdale, AZ",4021,2x2,1063,2064,12/22/2024,False
Audere Apartments,"Phoenix-Mesa-Scottsdale, AZ",4021,2x2,1063,2104,12/23/2024,False
Audere Apartments,"Phoenix-Mesa-Scottsdale, AZ",4021,2x2,1063,2078,12/24/2024,False
Audere Apartments,"Phoenix-Mesa-Scottsdale, AZ",4021,2x2,1063,2038,12/25/2024,False
Audere Apartments,"Phoenix-Mesa-Scottsdale, AZ",4021,2x2,1063,1999,12/26/2024,False
Audere Apartments,"Phoenix-Mesa-Scottsdale, AZ",4021,2x2,1063,2038,12/27/2024,False
Audere Apartments,"Phoenix-Mesa-Scottsdale, AZ",4021,2x2,1063,2038,12/28/2024,False
Audere Apartments,"Phoenix-Mesa-Scottsdale, AZ",4021,2x2,1063,2038,12/29/2024,False
Audere Apartments,"Phoenix-Mesa-Scottsdale, AZ",4021,2x2,1063,1999,12/30/2024,False
Audere Apartments,"Phoenix-Mesa-Scottsdale, AZ",4021,2x2,1063,1960,12/31/2024,False
Audere Apartments,"Phoenix-Mesa-Scottsdale, AZ",4021,2x2,1063,1998,01/01/2025,False
Audere Apartments,"Phoenix-Mesa-Scottsdale, AZ",4021,2x2,1063,1966,01/02/2025,False
Audere Apartments,"Phoenix-Mesa-Scottsdale, AZ",4021,2x2,1063,1928,01/03/2025,False
Audere Apartments,"Phoenix-Mesa-Scottsdale, AZ",4021,2x2,1063,1973,01/04/2025,False
Audere Apartments,"Phoenix-Mesa-Scottsdale, AZ",4021,2x2,1063,1973,01/05/2025,False
Audere Apartments,"Phoenix-Mesa-Scottsdale, AZ",4021,2x2,1063,1935,01/06/2025,False
Audere Apartments,"Phoenix-Mesa-Scottsdale, AZ",4021,2x2,1063,1898,01/07/2025,False
Audere Apartments,"Phoenix-Mesa-Scottsdale, AZ",4021,2x2,1063,1862,01/08/2025,False
Audere Apartments,"Phoenix-Mesa-Scottsdale, AZ",4021,2x2,1063,1826,01/09/2025,False
Audere Apartments,"Phoenix-Mesa-Scottsdale, AZ",4021,2x2,1063,1900,01/10/2025,False
Audere Apartments,"Phoenix-Mesa-Scottsdale, AZ",4021,2x2,1063,1910,01/11/2025,False
Audere Apartments,"Phoenix-Mesa-Scottsdale, AZ",4021,2x2,1063,1910,01/12/2025,False
Audere Apartments,"Phoenix-Mesa-Scottsdale, AZ",4021,2x2,1063,1910,01/13/2025,False
Audere Apartments,"Phoenix-Mesa-Scottsdale, AZ",4021,2x2,1063,1910,01/14/2025,False
Audere Apartments,"Phoenix-Mesa-Scottsdale, AZ",4021,2x2,1063,2001,01/15/2025,False
Audere Apartments,"Phoenix-Mesa-Scottsdale, AZ",4021,2x2,1063,2001,01/16/2025,False
Audere Apartments,"Phoenix-Mesa-Scottsdale, AZ",4021,2x2,1063,2001,01/17/2025,False
Audere Apartments,"Phoenix-Mesa-Scottsdale, AZ",4021,2x2,1063,2001,01/18/2025,False
Audere Apartments,"Phoenix-Mesa-Scottsdale, AZ",4021,2x2,1063,2001,01/19/2025,False
Audere Apartments,"Phoenix-Mesa-Scottsdale, AZ",4021,2x2,1063,2020,01/20/2025,False
Audere Apartments,"Phoenix-Mesa-Scottsdale, AZ",4021,2x2,1063,2039,01/21/2025,False
Audere Apartments,"Phoenix-Mesa-Scottsdale, AZ",4021,2x2,1063,2039,01/22/2025,False
Audere Apartments,"Phoenix-Mesa-Scottsdale, AZ",4021,2x2,1063,2019,01/23/2025,False
Audere Apartments,"Phoenix-Mesa-Scottsdale, AZ",4021,2x2,1063,2000,01/24/2025,False
Audere Apartments,"Phoenix-Mesa-Scottsdale, AZ",4021,2x2,1063,2000,01/25/2025,False
Audere Apartments,"Phoenix-Mesa-Scottsdale, AZ",4021,2x2,1063,2000,01/26/2025,False
Audere Apartments,"Phoenix-Mesa-Scottsdale, AZ",4021,2x2,1063,1998,01/27/2025,False
Audere Apartments,"Phoenix-Mesa-Scottsdale, AZ",4021,2x2,1063,2002,01/28/2025,False
Audere Apartments,"Phoenix-Mesa-Scottsdale, AZ",4021,2x2,1063,1981,01/29/2025,False
Audere Apartments,"Phoenix-Mesa-Scottsdale, AZ",4021,2x2,1063,1961,01/30/2025,False
Audere Apartments,"Phoenix-Mesa-Scottsdale, AZ",4021,2x2,1063,1940,01/31/2025,False
Audere Apartments,"Phoenix-Mesa-Scottsdale, AZ",4021,2x2,1063,1939,02/01/2025,False
Audere Apartments,"Phoenix-Mesa-Scottsdale, AZ",4021,2x2,1063,1935,02/02/2025,False
Audere Apartments,"Phoenix-Mesa-Scottsdale, AZ",4021,2x2,1063,1915,02/03/2025,False
Audere Apartments,"Phoenix-Mesa-Scottsdale, AZ",4021,2x2,1063,1913,02/04/2025,False
Audere Apartments,"Phoenix-Mesa-Scottsdale, AZ",4021,2x2,1063,1912,02/05/2025,False
Audere Apartments,"Phoenix-Mesa-Scottsdale, AZ",4021,2x2,1063,1912,02/06/2025,False
Audere Apartments,"Phoenix-Mesa-Scottsdale, AZ",4021,2x2,1063,1892,02/07/2025,False
Audere Apartments,"Phoenix-Mesa-Scottsdale, AZ",4021,2x2,1063,1890,02/08/2025,False
Audere Apartments,"Phoenix-Mesa-Scottsdale, AZ",4021,2x2,1063,1889,02/09/2025,False
Audere Apartments,"Phoenix-Mesa-Scottsdale, AZ",4021,2x2,1063,1869,02/10/2025,False
Audere Apartments,"Phoenix-Mesa-Scottsdale, AZ",4021,2x2,1063,1850,02/11/2025,False
Audere Apartments,"Phoenix-Mesa-Scottsdale, AZ",4021,2x2,1063,1831,02/12/2025,False
Audere Apartments,"Phoenix-Mesa-Scottsdale, AZ",4021,2x2,1063,1811,02/13/2025,False
Audere Apartments,"Phoenix-Mesa-Scottsdale, AZ",4021,2x2,1063,1858,02/14/2025,False
Audere Apartments,"Phoenix-Mesa-Scottsdale, AZ",4021,2x2,1063,1856,02/15/2025,False
Audere Apartments,"Phoenix-Mesa-Scottsdale, AZ",4021,2x2,1063,1855,02/16/2025,False
Audere Apartments,"Phoenix-Mesa-Scottsdale, AZ",4021,2x2,1063,1871,02/17/2025,False
Audere Apartments,"Phoenix-Mesa-Scottsdale, AZ",4021,2x2,1063,1887,02/18/2025,False
Audere Apartments,"Phoenix-Mesa-Scottsdale, AZ",4021,2x2,1063,1903,02/19/2025,False
Audere Apartments,"Phoenix-Mesa-Scottsdale, AZ",4021,2x2,1063,1903,02/20/2025,True
Audere Apartments,"Phoenix-Mesa-Scottsdale, AZ",4022,1x1,749,1366,09/26/2024,False
Audere Apartments,"Phoenix-Mesa-Scottsdale, AZ",4022,1x1,749,1366,09/27/2024,True
Audere Apartments,"Phoenix-Mesa-Scottsdale, AZ",4023,2x2,1063,2065,08/14/2023,False
Audere Apartments,"Phoenix-Mesa-Scottsdale, AZ",4023,2x2,1063,2060,08/15/2023,False
Audere Apartments,"Phoenix-Mesa-Scottsdale, AZ",4023,2x2,1063,2065,08/16/2023,False
Audere Apartments,"Phoenix-Mesa-Scottsdale, AZ",4023,2x2,1063,2045,08/17/2023,False
Audere Apartments,"Phoenix-Mesa-Scottsdale, AZ",4023,2x2,1063,2085,08/18/2023,False
Audere Apartments,"Phoenix-Mesa-Scottsdale, AZ",4023,2x2,1063,2085,08/19/2023,False
Audere Apartments,"Phoenix-Mesa-Scottsdale, AZ",4023,2x2,1063,2055,08/20/2023,False
Audere Apartments,"Phoenix-Mesa-Scottsdale, AZ",4023,2x2,1063,2055,08/21/2023,False
Audere Apartments,"Phoenix-Mesa-Scottsdale, AZ",4023,2x2,1063,2070,08/22/2023,False
Audere Apartments,"Phoenix-Mesa-Scottsdale, AZ",4023,2x2,1063,2070,08/23/2023,False
Audere Apartments,"Phoenix-Mesa-Scottsdale, AZ",4023,2x2,1063,2085,08/24/2023,False
Audere Apartments,"Phoenix-Mesa-Scottsdale, AZ",4023,2x2,1063,2085,08/25/2023,False
Audere Apartments,"Phoenix-Mesa-Scottsdale, AZ",4023,2x2,1063,2085,08/26/2023,False
Audere Apartments,"Phoenix-Mesa-Scottsdale, AZ",4023,2x2,1063,2085,08/27/2023,False
Audere Apartments,"Phoenix-Mesa-Scottsdale, AZ",4023,2x2,1063,2090,08/28/2023,False
Audere Apartments,"Phoenix-Mesa-Scottsdale, AZ",4023,2x2,1063,2105,08/29/2023,False
Audere Apartments,"Phoenix-Mesa-Scottsdale, AZ",4023,2x2,1063,2115,08/30/2023,False
Audere Apartments,"Phoenix-Mesa-Scottsdale, AZ",4023,2x2,1063,2120,08/31/2023,False
Audere Apartments,"Phoenix-Mesa-Scottsdale, AZ",4023,2x2,1063,2120,09/01/2023,False
Audere Apartments,"Phoenix-Mesa-Scottsdale, AZ",4023,2x2,1063,2115,09/02/2023,False
Audere Apartments,"Phoenix-Mesa-Scottsdale, AZ",4023,2x2,1063,2115,09/03/2023,False
Audere Apartments,"Phoenix-Mesa-Scottsdale, AZ",4023,2x2,1063,2115,09/04/2023,False
Audere Apartments,"Phoenix-Mesa-Scottsdale, AZ",4023,2x2,1063,2125,09/05/2023,False
Audere Apartments,"Phoenix-Mesa-Scottsdale, AZ",4023,2x2,1063,2125,09/06/2023,False
Audere Apartments,"Phoenix-Mesa-Scottsdale, AZ",4023,2x2,1063,2065,09/07/2023,False
Audere Apartments,"Phoenix-Mesa-Scottsdale, AZ",4023,2x2,1063,2065,09/08/2023,False
Audere Apartments,"Phoenix-Mesa-Scottsdale, AZ",4023,2x2,1063,2065,09/09/2023,False
Audere Apartments,"Phoenix-Mesa-Scottsdale, AZ",4023,2x2,1063,2060,09/10/2023,False
Audere Apartments,"Phoenix-Mesa-Scottsdale, AZ",4023,2x2,1063,2060,09/11/2023,False
Audere Apartments,"Phoenix-Mesa-Scottsdale, AZ",4023,2x2,1063,2065,09/12/2023,False
Audere Apartments,"Phoenix-Mesa-Scottsdale, AZ",4023,2x2,1063,2105,09/13/2023,False
Audere Apartments,"Phoenix-Mesa-Scottsdale, AZ",4023,2x2,1063,2060,09/14/2023,False
Audere Apartments,"Phoenix-Mesa-Scottsdale, AZ",4023,2x2,1063,2070,09/15/2023,False
Audere Apartments,"Phoenix-Mesa-Scottsdale, AZ",4023,2x2,1063,2065,09/16/2023,False
Audere Apartments,"Phoenix-Mesa-Scottsdale, AZ",4023,2x2,1063,2040,09/17/2023,False
Audere Apartments,"Phoenix-Mesa-Scottsdale, AZ",4023,2x2,1063,2040,09/18/2023,False
Audere Apartments,"Phoenix-Mesa-Scottsdale, AZ",4023,2x2,1063,2045,09/19/2023,False
Audere Apartments,"Phoenix-Mesa-Scottsdale, AZ",4023,2x2,1063,2040,09/20/2023,False
Audere Apartments,"Phoenix-Mesa-Scottsdale, AZ",4023,2x2,1063,2075,09/21/2023,False
Audere Apartments,"Phoenix-Mesa-Scottsdale, AZ",4023,2x2,1063,2070,09/22/2023,False
Audere Apartments,"Phoenix-Mesa-Scottsdale, AZ",4023,2x2,1063,2070,09/23/2023,False
Audere Apartments,"Phoenix-Mesa-Scottsdale, AZ",4023,2x2,1063,2075,09/24/2023,False
Audere Apartments,"Phoenix-Mesa-Scottsdale, AZ",4023,2x2,1063,2075,09/25/2023,False
Audere Apartments,"Phoenix-Mesa-Scottsdale, AZ",4023,2x2,1063,2085,09/26/2023,False
Audere Apartments,"Phoenix-Mesa-Scottsdale, AZ",4023,2x2,1063,2085,09/27/2023,False
Audere Apartments,"Phoenix-Mesa-Scottsdale, AZ",4023,2x2,1063,2085,09/28/2023,False
Audere Apartments,"Phoenix-Mesa-Scottsdale, AZ",4023,2x2,1063,2075,09/29/2023,False
Audere Apartments,"Phoenix-Mesa-Scottsdale, AZ",4023,2x2,1063,2075,09/30/2023,False
Audere Apartments,"Phoenix-Mesa-Scottsdale, AZ",4023,2x2,1063,2075,10/01/2023,False
Audere Apartments,"Phoenix-Mesa-Scottsdale, AZ",4023,2x2,1063,2075,10/02/2023,False
Audere Apartments,"Phoenix-Mesa-Scottsdale, AZ",4023,2x2,1063,2080,10/03/2023,False
Audere Apartments,"Phoenix-Mesa-Scottsdale, AZ",4023,2x2,1063,2080,10/04/2023,False
Audere Apartments,"Phoenix-Mesa-Scottsdale, AZ",4023,2x2,1063,1985,10/05/2023,False
Audere Apartments,"Phoenix-Mesa-Scottsdale, AZ",4023,2x2,1063,1980,10/06/2023,False
Audere Apartments,"Phoenix-Mesa-Scottsdale, AZ",4023,2x2,1063,1980,10/07/2023,False
Audere Apartments,"Phoenix-Mesa-Scottsdale, AZ",4023,2x2,1063,1980,10/08/2023,False
Audere Apartments,"Phoenix-Mesa-Scottsdale, AZ",4023,2x2,1063,2020,10/09/2023,False
Audere Apartments,"Phoenix-Mesa-Scottsdale, AZ",4023,2x2,1063,1995,10/10/2023,False
Audere Apartments,"Phoenix-Mesa-Scottsdale, AZ",4023,2x2,1063,1995,10/11/2023,False
Audere Apartments,"Phoenix-Mesa-Scottsdale, AZ",4023,2x2,1063,2010,10/12/2023,False
Audere Apartments,"Phoenix-Mesa-Scottsdale, AZ",4023,2x2,1063,1980,10/13/2023,False
Audere Apartments,"Phoenix-Mesa-Scottsdale, AZ",4023,2x2,1063,1980,10/14/2023,False
Audere Apartments,"Phoenix-Mesa-Scottsdale, AZ",4023,2x2,1063,1980,10/15/2023,False
Audere Apartments,"Phoenix-Mesa-Scottsdale, AZ",4023,2x2,1063,1980,10/16/2023,False
Audere Apartments,"Phoenix-Mesa-Scottsdale, AZ",4023,2x2,1063,1980,10/17/2023,False
Audere Apartments,"Phoenix-Mesa-Scottsdale, AZ",4023,2x2,1063,1965,10/18/2023,False
Audere Apartments,"Phoenix-Mesa-Scottsdale, AZ",4023,2x2,1063,1945,10/19/2023,False
Audere Apartments,"Phoenix-Mesa-Scottsdale, AZ",4023,2x2,1063,1945,10/20/2023,False
Audere Apartments,"Phoenix-Mesa-Scottsdale, AZ",4023,2x2,1063,1945,10/21/2023,False
Audere Apartments,"Phoenix-Mesa-Scottsdale, AZ",4023,2x2,1063,1945,10/22/2023,False
Audere Apartments,"Phoenix-Mesa-Scottsdale, AZ",4023,2x2,1063,1945,10/23/2023,False
Audere Apartments,"Phoenix-Mesa-Scottsdale, AZ",4023,2x2,1063,1945,10/24/2023,False
Audere Apartments,"Phoenix-Mesa-Scottsdale, AZ",4023,2x2,1063,1945,10/25/2023,False
Audere Apartments,"Phoenix-Mesa-Scottsdale, AZ",4023,2x2,1063,1950,10/26/2023,False
Audere Apartments,"Phoenix-Mesa-Scottsdale, AZ",4023,2x2,1063,1950,10/27/2023,False
Audere Apartments,"Phoenix-Mesa-Scottsdale, AZ",4023,2x2,1063,1950,10/28/2023,False
Audere Apartments,"Phoenix-Mesa-Scottsdale, AZ",4023,2x2,1063,1950,10/29/2023,False
Audere Apartments,"Phoenix-Mesa-Scottsdale, AZ",4023,2x2,1063,1950,10/30/2023,False
Audere Apartments,"Phoenix-Mesa-Scottsdale, AZ",4023,2x2,1063,2015,10/31/2023,False
Audere Apartments,"Phoenix-Mesa-Scottsdale, AZ",4023,2x2,1063,1980,11/01/2023,False
Audere Apartments,"Phoenix-Mesa-Scottsdale, AZ",4023,2x2,1063,2035,11/02/2023,False
Audere Apartments,"Phoenix-Mesa-Scottsdale, AZ",4023,2x2,1063,2000,11/03/2023,False
Audere Apartments,"Phoenix-Mesa-Scottsdale, AZ",4023,2x2,1063,2000,11/04/2023,False
Audere Apartments,"Phoenix-Mesa-Scottsdale, AZ",4023,2x2,1063,1985,11/05/2023,False
Audere Apartments,"Phoenix-Mesa-Scottsdale, AZ",4023,2x2,1063,1985,11/06/2023,False
Audere Apartments,"Phoenix-Mesa-Scottsdale, AZ",4023,2x2,1063,1985,11/07/2023,False
Audere Apartments,"Phoenix-Mesa-Scottsdale, AZ",4023,2x2,1063,1985,11/08/2023,False
Audere Apartments,"Phoenix-Mesa-Scottsdale, AZ",4023,2x2,1063,1980,11/09/2023,False
Audere Apartments,"Phoenix-Mesa-Scottsdale, AZ",4023,2x2,1063,1985,11/10/2023,False
Audere Apartments,"Phoenix-Mesa-Scottsdale, AZ",4023,2x2,1063,1980,11/11/2023,False
Audere Apartments,"Phoenix-Mesa-Scottsdale, AZ",4023,2x2,1063,1980,11/12/2023,False
Audere Apartments,"Phoenix-Mesa-Scottsdale, AZ",4023,2x2,1063,2020,11/13/2023,False
Audere Apartments,"Phoenix-Mesa-Scottsdale, AZ",4023,2x2,1063,1980,11/14/2023,False
Audere Apartments,"Phoenix-Mesa-Scottsdale, AZ",4023,2x2,1063,1970,11/15/2023,False
Audere Apartments,"Phoenix-Mesa-Scottsdale, AZ",4023,2x2,1063,1970,11/16/2023,False
Audere Apartments,"Phoenix-Mesa-Scottsdale, AZ",4023,2x2,1063,1970,11/17/2023,False
Audere Apartments,"Phoenix-Mesa-Scottsdale, AZ",4023,2x2,1063,1970,11/18/2023,False
Audere Apartments,"Phoenix-Mesa-Scottsdale, AZ",4023,2x2,1063,1970,11/19/2023,False
Audere Apartments,"Phoenix-Mesa-Scottsdale, AZ",4023,2x2,1063,1970,11/20/2023,False
Audere Apartments,"Phoenix-Mesa-Scottsdale, AZ",4023,2x2,1063,1970,11/21/2023,False
Audere Apartments,"Phoenix-Mesa-Scottsdale, AZ",4023,2x2,1063,1945,11/22/2023,False
Audere Apartments,"Phoenix-Mesa-Scottsdale, AZ",4023,2x2,1063,1945,11/23/2023,False
Audere Apartments,"Phoenix-Mesa-Scottsdale, AZ",4023,2x2,1063,1945,11/24/2023,False
Audere Apartments,"Phoenix-Mesa-Scottsdale, AZ",4023,2x2,1063,1945,11/25/2023,False
Audere Apartments,"Phoenix-Mesa-Scottsdale, AZ",4023,2x2,1063,1945,11/26/2023,False
Audere Apartments,"Phoenix-Mesa-Scottsdale, AZ",4023,2x2,1063,1980,11/27/2023,False
Audere Apartments,"Phoenix-Mesa-Scottsdale, AZ",4023,2x2,1063,1980,11/28/2023,False
Audere Apartments,"Phoenix-Mesa-Scottsdale, AZ",4023,2x2,1063,1965,11/29/2023,False
Audere Apartments,"Phoenix-Mesa-Scottsdale, AZ",4023,2x2,1063,1965,11/30/2023,False
Audere Apartments,"Phoenix-Mesa-Scottsdale, AZ",4023,2x2,1063,1965,12/01/2023,False
Audere Apartments,"Phoenix-Mesa-Scottsdale, AZ",4023,2x2,1063,1965,12/02/2023,False
Audere Apartments,"Phoenix-Mesa-Scottsdale, AZ",4023,2x2,1063,1965,12/03/2023,False
Audere Apartments,"Phoenix-Mesa-Scottsdale, AZ",4023,2x2,1063,1965,12/04/2023,False
Audere Apartments,"Phoenix-Mesa-Scottsdale, AZ",4023,2x2,1063,1960,12/05/2023,False
Audere Apartments,"Phoenix-Mesa-Scottsdale, AZ",4023,2x2,1063,1960,12/06/2023,False
Audere Apartments,"Phoenix-Mesa-Scottsdale, AZ",4023,2x2,1063,1965,12/07/2023,False
Audere Apartments,"Phoenix-Mesa-Scottsdale, AZ",4023,2x2,1063,1965,12/08/2023,False
Audere Apartments,"Phoenix-Mesa-Scottsdale, AZ",4023,2x2,1063,1955,12/09/2023,False
Audere Apartments,"Phoenix-Mesa-Scottsdale, AZ",4023,2x2,1063,1955,12/10/2023,False
Audere Apartments,"Phoenix-Mesa-Scottsdale, AZ",4023,2x2,1063,1955,12/11/2023,False
Audere Apartments,"Phoenix-Mesa-Scottsdale, AZ",4023,2x2,1063,1955,12/12/2023,False
Audere Apartments,"Phoenix-Mesa-Scottsdale, AZ",4023,2x2,1063,1955,12/13/2023,False
Audere Apartments,"Phoenix-Mesa-Scottsdale, AZ",4023,2x2,1063,1955,12/14/2023,False
Audere Apartments,"Phoenix-Mesa-Scottsdale, AZ",4023,2x2,1063,1935,12/15/2023,False
Audere Apartments,"Phoenix-Mesa-Scottsdale, AZ",4023,2x2,1063,1935,12/16/2023,False
Audere Apartments,"Phoenix-Mesa-Scottsdale, AZ",4023,2x2,1063,1935,12/17/2023,False
Audere Apartments,"Phoenix-Mesa-Scottsdale, AZ",4023,2x2,1063,1935,12/18/2023,False
Audere Apartments,"Phoenix-Mesa-Scottsdale, AZ",4023,2x2,1063,1935,12/19/2023,False
Audere Apartments,"Phoenix-Mesa-Scottsdale, AZ",4023,2x2,1063,1935,12/20/2023,False
Audere Apartments,"Phoenix-Mesa-Scottsdale, AZ",4023,2x2,1063,1915,12/21/2023,False
Audere Apartments,"Phoenix-Mesa-Scottsdale, AZ",4023,2x2,1063,1905,12/22/2023,False
Audere Apartments,"Phoenix-Mesa-Scottsdale, AZ",4023,2x2,1063,1930,12/23/2023,False
Audere Apartments,"Phoenix-Mesa-Scottsdale, AZ",4023,2x2,1063,1930,12/24/2023,False
Audere Apartments,"Phoenix-Mesa-Scottsdale, AZ",4023,2x2,1063,1930,12/25/2023,False
Audere Apartments,"Phoenix-Mesa-Scottsdale, AZ",4023,2x2,1063,1930,12/26/2023,False
Audere Apartments,"Phoenix-Mesa-Scottsdale, AZ",4023,2x2,1063,1930,12/27/2023,False
Audere Apartments,"Phoenix-Mesa-Scottsdale, AZ",4023,2x2,1063,1960,12/28/2023,False
Audere Apartments,"Phoenix-Mesa-Scottsdale, AZ",4023,2x2,1063,1960,12/29/2023,False
Audere Apartments,"Phoenix-Mesa-Scottsdale, AZ",4023,2x2,1063,1960,12/30/2023,False
Audere Apartments,"Phoenix-Mesa-Scottsdale, AZ",4023,2x2,1063,1960,12/31/2023,False
Audere Apartments,"Phoenix-Mesa-Scottsdale, AZ",4023,2x2,1063,1960,01/01/2024,False
Audere Apartments,"Phoenix-Mesa-Scottsdale, AZ",4023,2x2,1063,1970,01/02/2024,False
Audere Apartments,"Phoenix-Mesa-Scottsdale, AZ",4023,2x2,1063,1970,01/03/2024,False
Audere Apartments,"Phoenix-Mesa-Scottsdale, AZ",4023,2x2,1063,1965,01/04/2024,False
Audere Apartments,"Phoenix-Mesa-Scottsdale, AZ",4023,2x2,1063,1965,01/05/2024,False
Audere Apartments,"Phoenix-Mesa-Scottsdale, AZ",4023,2x2,1063,1965,01/06/2024,False
Audere Apartments,"Phoenix-Mesa-Scottsdale, AZ",4023,2x2,1063,1965,01/07/2024,False
Audere Apartments,"Phoenix-Mesa-Scottsdale, AZ",4023,2x2,1063,1965,01/08/2024,False
Audere Apartments,"Phoenix-Mesa-Scottsdale, AZ",4023,2x2,1063,1965,01/09/2024,False
Audere Apartments,"Phoenix-Mesa-Scottsdale, AZ",4023,2x2,1063,1965,01/10/2024,False
Audere Apartments,"Phoenix-Mesa-Scottsdale, AZ",4023,2x2,1063,2020,01/11/2024,False
Audere Apartments,"Phoenix-Mesa-Scottsdale, AZ",4023,2x2,1063,2020,01/12/2024,False
Audere Apartments,"Phoenix-Mesa-Scottsdale, AZ",4023,2x2,1063,2020,01/13/2024,False
Audere Apartments,"Phoenix-Mesa-Scottsdale, AZ",4023,2x2,1063,2020,01/14/2024,False
Audere Apartments,"Phoenix-Mesa-Scottsdale, AZ",4023,2x2,1063,2020,01/15/2024,False
Audere Apartments,"Phoenix-Mesa-Scottsdale, AZ",4023,2x2,1063,2015,01/16/2024,False
Audere Apartments,"Phoenix-Mesa-Scottsdale, AZ",4023,2x2,1063,2045,01/17/2024,False
Audere Apartments,"Phoenix-Mesa-Scottsdale, AZ",4023,2x2,1063,2045,01/18/2024,False
Audere Apartments,"Phoenix-Mesa-Scottsdale, AZ",4023,2x2,1063,2030,01/19/2024,False
Audere Apartments,"Phoenix-Mesa-Scottsdale, AZ",4023,2x2,1063,2030,01/20/2024,False
Audere Apartments,"Phoenix-Mesa-Scottsdale, AZ",4023,2x2,1063,2030,01/21/2024,False
Audere Apartments,"Phoenix-Mesa-Scottsdale, AZ",4023,2x2,1063,2030,01/22/2024,False
Audere Apartments,"Phoenix-Mesa-Scottsdale, AZ",4023,2x2,1063,2030,01/23/2024,False
Audere Apartments,"Phoenix-Mesa-Scottsdale, AZ",4023,2x2,1063,2030,01/24/2024,False
Audere Apartments,"Phoenix-Mesa-Scottsdale, AZ",4023,2x2,1063,2030,01/25/2024,False
Audere Apartments,"Phoenix-Mesa-Scottsdale, AZ",4023,2x2,1063,2035,01/26/2024,False
Audere Apartments,"Phoenix-Mesa-Scottsdale, AZ",4023,2x2,1063,2035,01/27/2024,False
Audere Apartments,"Phoenix-Mesa-Scottsdale, AZ",4023,2x2,1063,2030,01/28/2024,False
Audere Apartments,"Phoenix-Mesa-Scottsdale, AZ",4023,2x2,1063,2030,01/29/2024,False
Audere Apartments,"Phoenix-Mesa-Scottsdale, AZ",4023,2x2,1063,2035,01/30/2024,False
Audere Apartments,"Phoenix-Mesa-Scottsdale, AZ",4023,2x2,1063,2030,01/31/2024,False
Audere Apartments,"Phoenix-Mesa-Scottsdale, AZ",4023,2x2,1063,1980,02/01/2024,False
Audere Apartments,"Phoenix-Mesa-Scottsdale, AZ",4023,2x2,1063,2020,02/02/2024,False
Audere Apartments,"Phoenix-Mesa-Scottsdale, AZ",4023,2x2,1063,2020,02/03/2024,False
Audere Apartments,"Phoenix-Mesa-Scottsdale, AZ",4023,2x2,1063,2020,02/04/2024,False
Audere Apartments,"Phoenix-Mesa-Scottsdale, AZ",4023,2x2,1063,2020,02/05/2024,False
Audere Apartments,"Phoenix-Mesa-Scottsdale, AZ",4023,2x2,1063,2020,02/06/2024,False
Audere Apartments,"Phoenix-Mesa-Scottsdale, AZ",4023,2x2,1063,2020,02/07/2024,False
Audere Apartments,"Phoenix-Mesa-Scottsdale, AZ",4023,2x2,1063,2020,02/08/2024,False
Audere Apartments,"Phoenix-Mesa-Scottsdale, AZ",4023,2x2,1063,2055,02/09/2024,False
Audere Apartments,"Phoenix-Mesa-Scottsdale, AZ",4023,2x2,1063,2055,02/10/2024,False
Audere Apartments,"Phoenix-Mesa-Scottsdale, AZ",4023,2x2,1063,2050,02/11/2024,False
Audere Apartments,"Phoenix-Mesa-Scottsdale, AZ",4023,2x2,1063,2045,02/12/2024,False
Audere Apartments,"Phoenix-Mesa-Scottsdale, AZ",4023,2x2,1063,2040,02/13/2024,False
Audere Apartments,"Phoenix-Mesa-Scottsdale, AZ",4023,2x2,1063,2184,02/14/2024,False
Audere Apartments,"Phoenix-Mesa-Scottsdale, AZ",4023,2x2,1063,2184,02/15/2024,False
Audere Apartments,"Phoenix-Mesa-Scottsdale, AZ",4023,2x2,1063,2184,02/16/2024,False
Audere Apartments,"Phoenix-Mesa-Scottsdale, AZ",4023,2x2,1063,2152,02/17/2024,False
Audere Apartments,"Phoenix-Mesa-Scottsdale, AZ",4023,2x2,1063,2152,02/18/2024,False
Audere Apartments,"Phoenix-Mesa-Scottsdale, AZ",4023,2x2,1063,2209,02/19/2024,False
Audere Apartments,"Phoenix-Mesa-Scottsdale, AZ",4023,2x2,1063,2209,02/20/2024,False
Audere Apartments,"Phoenix-Mesa-Scottsdale, AZ",4023,2x2,1063,2209,02/21/2024,False
Audere Apartments,"Phoenix-Mesa-Scottsdale, AZ",4023,2x2,1063,2222,02/22/2024,False
Audere Apartments,"Phoenix-Mesa-Scottsdale, AZ",4023,2x2,1063,2222,02/23/2024,False
Audere Apartments,"Phoenix-Mesa-Scottsdale, AZ",4023,2x2,1063,2222,02/24/2024,False
Audere Apartments,"Phoenix-Mesa-Scottsdale, AZ",4023,2x2,1063,2222,02/25/2024,False
Audere Apartments,"Phoenix-Mesa-Scottsdale, AZ",4023,2x2,1063,2189,02/26/2024,False
Audere Apartments,"Phoenix-Mesa-Scottsdale, AZ",4023,2x2,1063,2222,02/27/2024,False
Audere Apartments,"Phoenix-Mesa-Scottsdale, AZ",4023,2x2,1063,2222,02/28/2024,False
Audere Apartments,"Phoenix-Mesa-Scottsdale, AZ",4023,2x2,1063,2023,02/29/2024,False
Audere Apartments,"Phoenix-Mesa-Scottsdale, AZ",4023,2x2,1063,1962,03/01/2024,False
Audere Apartments,"Phoenix-Mesa-Scottsdale, AZ",4023,2x2,1063,2019,03/02/2024,False
Audere Apartments,"Phoenix-Mesa-Scottsdale, AZ",4023,2x2,1063,2019,03/03/2024,False
Audere Apartments,"Phoenix-Mesa-Scottsdale, AZ",4023,2x2,1063,2019,03/04/2024,False
Audere Apartments,"Phoenix-Mesa-Scottsdale, AZ",4023,2x2,1063,1954,03/05/2024,False
Audere Apartments,"Phoenix-Mesa-Scottsdale, AZ",4023,2x2,1063,1860,03/06/2024,False
Audere Apartments,"Phoenix-Mesa-Scottsdale, AZ",4023,2x2,1063,1873,03/07/2024,False
Audere Apartments,"Phoenix-Mesa-Scottsdale, AZ",4023,2x2,1063,1842,03/08/2024,False
Audere Apartments,"Phoenix-Mesa-Scottsdale, AZ",4023,2x2,1063,1923,03/09/2024,False
Audere Apartments,"Phoenix-Mesa-Scottsdale, AZ",4023,2x2,1063,1923,03/10/2024,False
Audere Apartments,"Phoenix-Mesa-Scottsdale, AZ",4023,2x2,1063,1923,03/11/2024,False
Audere Apartments,"Phoenix-Mesa-Scottsdale, AZ",4023,2x2,1063,1923,03/12/2024,False
Audere Apartments,"Phoenix-Mesa-Scottsdale, AZ",4023,2x2,1063,1923,03/13/2024,False
Audere Apartments,"Phoenix-Mesa-Scottsdale, AZ",4023,2x2,1063,2016,03/14/2024,False
Audere Apartments,"Phoenix-Mesa-Scottsdale, AZ",4023,2x2,1063,2112,03/15/2024,False
Audere Apartments,"Phoenix-Mesa-Scottsdale, AZ",4023,2x2,1063,2112,03/16/2024,False
Audere Apartments,"Phoenix-Mesa-Scottsdale, AZ",4023,2x2,1063,2112,03/17/2024,False
Audere Apartments,"Phoenix-Mesa-Scottsdale, AZ",4023,2x2,1063,2112,03/18/2024,False
Audere Apartments,"Phoenix-Mesa-Scottsdale, AZ",4023,2x2,1063,2112,03/19/2024,False
Audere Apartments,"Phoenix-Mesa-Scottsdale, AZ",4023,2x2,1063,2112,03/20/2024,False
Audere Apartments,"Phoenix-Mesa-Scottsdale, AZ",4023,2x2,1063,2112,03/21/2024,False
Audere Apartments,"Phoenix-Mesa-Scottsdale, AZ",4023,2x2,1063,2041,03/22/2024,False
Audere Apartments,"Phoenix-Mesa-Scottsdale, AZ",4023,2x2,1063,1983,03/23/2024,False
Audere Apartments,"Phoenix-Mesa-Scottsdale, AZ",4023,2x2,1063,2024,03/24/2024,False
Audere Apartments,"Phoenix-Mesa-Scottsdale, AZ",4023,2x2,1063,2024,03/25/2024,False
Audere Apartments,"Phoenix-Mesa-Scottsdale, AZ",4023,2x2,1063,2024,03/26/2024,False
Audere Apartments,"Phoenix-Mesa-Scottsdale, AZ",4023,2x2,1063,2022,03/27/2024,False
Audere Apartments,"Phoenix-Mesa-Scottsdale, AZ",4023,2x2,1063,1925,03/28/2024,False
Audere Apartments,"Phoenix-Mesa-Scottsdale, AZ",4023,2x2,1063,1869,03/29/2024,False
Audere Apartments,"Phoenix-Mesa-Scottsdale, AZ",4023,2x2,1063,1780,03/30/2024,False
Audere Apartments,"Phoenix-Mesa-Scottsdale, AZ",4023,2x2,1063,1831,03/31/2024,False
Audere Apartments,"Phoenix-Mesa-Scottsdale, AZ",4023,2x2,1063,1835,04/01/2024,False
Audere Apartments,"Phoenix-Mesa-Scottsdale, AZ",4023,2x2,1063,1748,04/02/2024,False
Audere Apartments,"Phoenix-Mesa-Scottsdale, AZ",4023,2x2,1063,1817,04/03/2024,False
Audere Apartments,"Phoenix-Mesa-Scottsdale, AZ",4023,2x2,1063,1834,04/04/2024,False
Audere Apartments,"Phoenix-Mesa-Scottsdale, AZ",4023,2x2,1063,1834,04/05/2024,False
Audere Apartments,"Phoenix-Mesa-Scottsdale, AZ",4023,2x2,1063,1834,04/06/2024,False
Audere Apartments,"Phoenix-Mesa-Scottsdale, AZ",4023,2x2,1063,1830,04/07/2024,False
Audere Apartments,"Phoenix-Mesa-Scottsdale, AZ",4023,2x2,1063,1777,04/08/2024,False
Audere Apartments,"Phoenix-Mesa-Scottsdale, AZ",4023,2x2,1063,1898,04/09/2024,False
Audere Apartments,"Phoenix-Mesa-Scottsdale, AZ",4023,2x2,1063,1953,04/10/2024,False
Audere Apartments,"Phoenix-Mesa-Scottsdale, AZ",4023,2x2,1063,1953,04/11/2024,False
Audere Apartments,"Phoenix-Mesa-Scottsdale, AZ",4023,2x2,1063,2047,04/12/2024,False
Audere Apartments,"Phoenix-Mesa-Scottsdale, AZ",4023,2x2,1063,2146,04/13/2024,False
Audere Apartments,"Phoenix-Mesa-Scottsdale, AZ",4023,2x2,1063,2146,04/14/2024,False
Audere Apartments,"Phoenix-Mesa-Scottsdale, AZ",4023,2x2,1063,2146,04/15/2024,False
Audere Apartments,"Phoenix-Mesa-Scottsdale, AZ",4023,2x2,1063,2220,04/16/2024,False
Audere Apartments,"Phoenix-Mesa-Scottsdale, AZ",4023,2x2,1063,2220,04/17/2024,False
Audere Apartments,"Phoenix-Mesa-Scottsdale, AZ",4023,2x2,1063,2131,04/18/2024,False
Audere Apartments,"Phoenix-Mesa-Scottsdale, AZ",4023,2x2,1063,2109,04/19/2024,False
Audere Apartments,"Phoenix-Mesa-Scottsdale, AZ",4023,2x2,1063,2109,04/20/2024,False
Audere Apartments,"Phoenix-Mesa-Scottsdale, AZ",4023,2x2,1063,2114,04/21/2024,False
Audere Apartments,"Phoenix-Mesa-Scottsdale, AZ",4023,2x2,1063,2109,04/22/2024,False
Audere Apartments,"Phoenix-Mesa-Scottsdale, AZ",4023,2x2,1063,2109,04/23/2024,False
Audere Apartments,"Phoenix-Mesa-Scottsdale, AZ",4023,2x2,1063,2109,04/24/2024,False
Audere Apartments,"Phoenix-Mesa-Scottsdale, AZ",4023,2x2,1063,2097,04/25/2024,False
Audere Apartments,"Phoenix-Mesa-Scottsdale, AZ",4023,2x2,1063,2109,04/26/2024,False
Audere Apartments,"Phoenix-Mesa-Scottsdale, AZ",4023,2x2,1063,2019,04/27/2024,False
Audere Apartments,"Phoenix-Mesa-Scottsdale, AZ",4023,2x2,1063,2019,04/28/2024,False
Audere Apartments,"Phoenix-Mesa-Scottsdale, AZ",4023,2x2,1063,1967,04/29/2024,False
Audere Apartments,"Phoenix-Mesa-Scottsdale, AZ",4023,2x2,1063,1936,04/30/2024,False
Audere Apartments,"Phoenix-Mesa-Scottsdale, AZ",4023,2x2,1063,1843,05/01/2024,False
Audere Apartments,"Phoenix-Mesa-Scottsdale, AZ",4023,2x2,1063,2001,05/02/2024,False
Audere Apartments,"Phoenix-Mesa-Scottsdale, AZ",4023,2x2,1063,1966,05/03/2024,False
Audere Apartments,"Phoenix-Mesa-Scottsdale, AZ",4023,2x2,1063,1905,05/04/2024,False
Audere Apartments,"Phoenix-Mesa-Scottsdale, AZ",4023,2x2,1063,1905,05/05/2024,False
Audere Apartments,"Phoenix-Mesa-Scottsdale, AZ",4023,2x2,1063,1877,05/06/2024,False
Audere Apartments,"Phoenix-Mesa-Scottsdale, AZ",4023,2x2,1063,1877,05/07/2024,False
Audere Apartments,"Phoenix-Mesa-Scottsdale, AZ",4023,2x2,1063,1877,05/08/2024,False
Audere Apartments,"Phoenix-Mesa-Scottsdale, AZ",4023,2x2,1063,1877,05/09/2024,False
Audere Apartments,"Phoenix-Mesa-Scottsdale, AZ",4023,2x2,1063,1802,05/10/2024,False
Audere Apartments,"Phoenix-Mesa-Scottsdale, AZ",4023,2x2,1063,1802,05/11/2024,False
Audere Apartments,"Phoenix-Mesa-Scottsdale, AZ",4023,2x2,1063,1802,05/12/2024,False
Audere Apartments,"Phoenix-Mesa-Scottsdale, AZ",4023,2x2,1063,1848,05/13/2024,False
Audere Apartments,"Phoenix-Mesa-Scottsdale, AZ",4023,2x2,1063,1848,05/14/2024,False
Audere Apartments,"Phoenix-Mesa-Scottsdale, AZ",4023,2x2,1063,1901,05/15/2024,False
Audere Apartments,"Phoenix-Mesa-Scottsdale, AZ",4023,2x2,1063,1898,05/16/2024,False
Audere Apartments,"Phoenix-Mesa-Scottsdale, AZ",4023,2x2,1063,1884,05/17/2024,False
Audere Apartments,"Phoenix-Mesa-Scottsdale, AZ",4023,2x2,1063,1884,05/18/2024,False
Audere Apartments,"Phoenix-Mesa-Scottsdale, AZ",4023,2x2,1063,1884,05/19/2024,False
Audere Apartments,"Phoenix-Mesa-Scottsdale, AZ",4023,2x2,1063,1830,05/20/2024,False
Audere Apartments,"Phoenix-Mesa-Scottsdale, AZ",4023,2x2,1063,1744,05/21/2024,False
Audere Apartments,"Phoenix-Mesa-Scottsdale, AZ",4023,2x2,1063,1744,05/22/2024,True
Audere Apartments,"Phoenix-Mesa-Scottsdale, AZ",4023,2x2,1063,2213,03/18/2025,False
Audere Apartments,"Phoenix-Mesa-Scottsdale, AZ",4023,2x2,1063,2192,03/19/2025,False
Audere Apartments,"Phoenix-Mesa-Scottsdale, AZ",4023,2x2,1063,2137,03/20/2025,False
Audere Apartments,"Phoenix-Mesa-Scottsdale, AZ",4023,2x2,1063,2117,03/21/2025,False
Audere Apartments,"Phoenix-Mesa-Scottsdale, AZ",4023,2x2,1063,2117,03/22/2025,False
Audere Apartments,"Phoenix-Mesa-Scottsdale, AZ",4023,2x2,1063,2117,03/23/2025,False
Audere Apartments,"Phoenix-Mesa-Scottsdale, AZ",4023,2x2,1063,2097,03/24/2025,False
Audere Apartments,"Phoenix-Mesa-Scottsdale, AZ",4023,2x2,1063,2077,03/25/2025,False
Audere Apartments,"Phoenix-Mesa-Scottsdale, AZ",4023,2x2,1063,2057,03/26/2025,False
Audere Apartments,"Phoenix-Mesa-Scottsdale, AZ",4023,2x2,1063,2038,03/27/2025,False
Audere Apartments,"Phoenix-Mesa-Scottsdale, AZ",4023,2x2,1063,2017,03/28/2025,False
Audere Apartments,"Phoenix-Mesa-Scottsdale, AZ",4023,2x2,1063,2017,03/29/2025,False
Audere Apartments,"Phoenix-Mesa-Scottsdale, AZ",4023,2x2,1063,2017,03/30/2025,False
Audere Apartments,"Phoenix-Mesa-Scottsdale, AZ",4023,2x2,1063,2017,03/31/2025,False
Audere Apartments,"Phoenix-Mesa-Scottsdale, AZ",4023,2x2,1063,1964,04/01/2025,False
Audere Apartments,"Phoenix-Mesa-Scottsdale, AZ",4023,2x2,1063,1945,04/02/2025,False
Audere Apartments,"Phoenix-Mesa-Scottsdale, AZ",4023,2x2,1063,1926,04/03/2025,False
Audere Apartments,"Phoenix-Mesa-Scottsdale, AZ",4023,2x2,1063,1907,04/04/2025,False
Audere Apartments,"Phoenix-Mesa-Scottsdale, AZ",4023,2x2,1063,1907,04/05/2025,False
Audere Apartments,"Phoenix-Mesa-Scottsdale, AZ",4023,2x2,1063,1907,04/06/2025,False
Audere Apartments,"Phoenix-Mesa-Scottsdale, AZ",4023,2x2,1063,1907,04/07/2025,True
Audere Apartments,"Phoenix-Mesa-Scottsdale, AZ",4024,1x1,749,1718,04/03/2025,False
Audere Apartments,"Phoenix-Mesa-Scottsdale, AZ",4024,1x1,749,1701,04/04/2025,False
Audere Apartments,"Phoenix-Mesa-Scottsdale, AZ",4024,1x1,749,1701,04/05/2025,False
Audere Apartments,"Phoenix-Mesa-Scottsdale, AZ",4024,1x1,749,1701,04/06/2025,False
Audere Apartments,"Phoenix-Mesa-Scottsdale, AZ",4024,1x1,749,1684,04/07/2025,False
Audere Apartments,"Phoenix-Mesa-Scottsdale, AZ",4024,1x1,749,1667,04/08/2025,False
Audere Apartments,"Phoenix-Mesa-Scottsdale, AZ",4024,1x1,749,1650,04/09/2025,False
Audere Apartments,"Phoenix-Mesa-Scottsdale, AZ",4024,1x1,749,1651,04/10/2025,False
Audere Apartments,"Phoenix-Mesa-Scottsdale, AZ",4024,1x1,749,1595,04/11/2025,False
Audere Apartments,"Phoenix-Mesa-Scottsdale, AZ",4024,1x1,749,1595,04/12/2025,False
Audere Apartments,"Phoenix-Mesa-Scottsdale, AZ",4024,1x1,749,1595,04/13/2025,False
Audere Apartments,"Phoenix-Mesa-Scottsdale, AZ",4024,1x1,749,1611,04/14/2025,False
Audere Apartments,"Phoenix-Mesa-Scottsdale, AZ",4024,1x1,749,1595,04/15/2025,False
Audere Apartments,"Phoenix-Mesa-Scottsdale, AZ",4024,1x1,749,1579,04/16/2025,False
Audere Apartments,"Phoenix-Mesa-Scottsdale, AZ",4024,1x1,749,1563,04/17/2025,False
Audere Apartments,"Phoenix-Mesa-Scottsdale, AZ",4024,1x1,749,1484,04/18/2025,False
Audere Apartments,"Phoenix-Mesa-Scottsdale, AZ",4024,1x1,749,1484,04/19/2025,False
Audere Apartments,"Phoenix-Mesa-Scottsdale, AZ",4024,1x1,749,1484,04/20/2025,False
Audere Apartments,"Phoenix-Mesa-Scottsdale, AZ",4024,1x1,749,1483,04/21/2025,False
Audere Apartments,"Phoenix-Mesa-Scottsdale, AZ",4024,1x1,749,1498,04/22/2025,False
Audere Apartments,"Phoenix-Mesa-Scottsdale, AZ",4024,1x1,749,1498,04/23/2025,False
Audere Apartments,"Phoenix-Mesa-Scottsdale, AZ",4024,1x1,749,1559,04/24/2025,False
Audere Apartments,"Phoenix-Mesa-Scottsdale, AZ",4024,1x1,749,1543,04/25/2025,False
Audere Apartments,"Phoenix-Mesa-Scottsdale, AZ",4024,1x1,749,1543,04/26/2025,False
Audere Apartments,"Phoenix-Mesa-Scottsdale, AZ",4024,1x1,749,1543,04/27/2025,True
Audere Apartments,"Phoenix-Mesa-Scottsdale, AZ",4028,2x2,1040,1735,12/22/2023,False
Audere Apartments,"Phoenix-Mesa-Scottsdale, AZ",4028,2x2,1040,1750,12/23/2023,False
Audere Apartments,"Phoenix-Mesa-Scottsdale, AZ",4028,2x2,1040,1760,12/24/2023,False
Audere Apartments,"Phoenix-Mesa-Scottsdale, AZ",4028,2x2,1040,1760,12/25/2023,False
Audere Apartments,"Phoenix-Mesa-Scottsdale, AZ",4028,2x2,1040,1765,12/26/2023,False
Audere Apartments,"Phoenix-Mesa-Scottsdale, AZ",4028,2x2,1040,1760,12/27/2023,False
Audere Apartments,"Phoenix-Mesa-Scottsdale, AZ",4028,2x2,1040,1795,12/28/2023,False
Audere Apartments,"Phoenix-Mesa-Scottsdale, AZ",4028,2x2,1040,1790,12/29/2023,False
Audere Apartments,"Phoenix-Mesa-Scottsdale, AZ",4028,2x2,1040,1790,12/30/2023,False
Audere Apartments,"Phoenix-Mesa-Scottsdale, AZ",4028,2x2,1040,1790,12/31/2023,False
Audere Apartments,"Phoenix-Mesa-Scottsdale, AZ",4028,2x2,1040,1790,01/01/2024,False
Audere Apartments,"Phoenix-Mesa-Scottsdale, AZ",4028,2x2,1040,1790,01/02/2024,False
Audere Apartments,"Phoenix-Mesa-Scottsdale, AZ",4028,2x2,1040,1785,01/03/2024,False
Audere Apartments,"Phoenix-Mesa-Scottsdale, AZ",4028,2x2,1040,1795,01/04/2024,False
Audere Apartments,"Phoenix-Mesa-Scottsdale, AZ",4028,2x2,1040,1795,01/05/2024,False
Audere Apartments,"Phoenix-Mesa-Scottsdale, AZ",4028,2x2,1040,1790,01/06/2024,False
Audere Apartments,"Phoenix-Mesa-Scottsdale, AZ",4028,2x2,1040,1790,01/07/2024,False
Audere Apartments,"Phoenix-Mesa-Scottsdale, AZ",4028,2x2,1040,1810,01/08/2024,False
Audere Apartments,"Phoenix-Mesa-Scottsdale, AZ",4028,2x2,1040,1830,01/09/2024,False
Audere Apartments,"Phoenix-Mesa-Scottsdale, AZ",4028,2x2,1040,1810,01/10/2024,False
Audere Apartments,"Phoenix-Mesa-Scottsdale, AZ",4028,2x2,1040,1820,01/11/2024,False
Audere Apartments,"Phoenix-Mesa-Scottsdale, AZ",4028,2x2,1040,1815,01/12/2024,False
Audere Apartments,"Phoenix-Mesa-Scottsdale, AZ",4028,2x2,1040,1815,01/13/2024,False
Audere Apartments,"Phoenix-Mesa-Scottsdale, AZ",4028,2x2,1040,1820,01/14/2024,False
Audere Apartments,"Phoenix-Mesa-Scottsdale, AZ",4028,2x2,1040,1820,01/15/2024,False
Audere Apartments,"Phoenix-Mesa-Scottsdale, AZ",4028,2x2,1040,1815,01/16/2024,False
Audere Apartments,"Phoenix-Mesa-Scottsdale, AZ",4028,2x2,1040,1865,01/17/2024,False
Audere Apartments,"Phoenix-Mesa-Scottsdale, AZ",4028,2x2,1040,1865,01/18/2024,False
Audere Apartments,"Phoenix-Mesa-Scottsdale, AZ",4028,2x2,1040,1850,01/19/2024,False
Audere Apartments,"Phoenix-Mesa-Scottsdale, AZ",4028,2x2,1040,1850,01/20/2024,False
Audere Apartments,"Phoenix-Mesa-Scottsdale, AZ",4028,2x2,1040,1845,01/21/2024,False
Audere Apartments,"Phoenix-Mesa-Scottsdale, AZ",4028,2x2,1040,1845,01/22/2024,False
Audere Apartments,"Phoenix-Mesa-Scottsdale, AZ",4028,2x2,1040,1840,01/23/2024,False
Audere Apartments,"Phoenix-Mesa-Scottsdale, AZ",4028,2x2,1040,1840,01/24/2024,False
Audere Apartments,"Phoenix-Mesa-Scottsdale, AZ",4028,2x2,1040,1830,01/25/2024,False
Audere Apartments,"Phoenix-Mesa-Scottsdale, AZ",4028,2x2,1040,1840,01/26/2024,False
Audere Apartments,"Phoenix-Mesa-Scottsdale, AZ",4028,2x2,1040,1840,01/27/2024,False
Audere Apartments,"Phoenix-Mesa-Scottsdale, AZ",4028,2x2,1040,1835,01/28/2024,False
Audere Apartments,"Phoenix-Mesa-Scottsdale, AZ",4028,2x2,1040,1830,01/29/2024,False
Audere Apartments,"Phoenix-Mesa-Scottsdale, AZ",4028,2x2,1040,1830,01/30/2024,False
Audere Apartments,"Phoenix-Mesa-Scottsdale, AZ",4028,2x2,1040,1830,01/31/2024,True
Audere Apartments,"Phoenix-Mesa-Scottsdale, AZ",4030,2x2,1169,2046,05/18/2024,False
Audere Apartments,"Phoenix-Mesa-Scottsdale, AZ",4030,2x2,1169,2046,05/19/2024,False
Audere Apartments,"Phoenix-Mesa-Scottsdale, AZ",4030,2x2,1169,1990,05/20/2024,False
Audere Apartments,"Phoenix-Mesa-Scottsdale, AZ",4030,2x2,1169,1900,05/21/2024,False
Audere Apartments,"Phoenix-Mesa-Scottsdale, AZ",4030,2x2,1169,1918,05/22/2024,False
Audere Apartments,"Phoenix-Mesa-Scottsdale, AZ",4030,2x2,1169,2005,05/23/2024,False
Audere Apartments,"Phoenix-Mesa-Scottsdale, AZ",4030,2x2,1169,2040,05/24/2024,False
Audere Apartments,"Phoenix-Mesa-Scottsdale, AZ",4030,2x2,1169,2096,05/25/2024,False
Audere Apartments,"Phoenix-Mesa-Scottsdale, AZ",4030,2x2,1169,2101,05/26/2024,False
Audere Apartments,"Phoenix-Mesa-Scottsdale, AZ",4030,2x2,1169,2101,05/27/2024,False
Audere Apartments,"Phoenix-Mesa-Scottsdale, AZ",4030,2x2,1169,2101,05/28/2024,False
Audere Apartments,"Phoenix-Mesa-Scottsdale, AZ",4030,2x2,1169,2101,05/29/2024,False
Audere Apartments,"Phoenix-Mesa-Scottsdale, AZ",4030,2x2,1169,2204,05/30/2024,False
Audere Apartments,"Phoenix-Mesa-Scottsdale, AZ",4030,2x2,1169,2235,05/31/2024,False
Audere Apartments,"Phoenix-Mesa-Scottsdale, AZ",4030,2x2,1169,2204,06/01/2024,False
Audere Apartments,"Phoenix-Mesa-Scottsdale, AZ",4030,2x2,1169,2204,06/02/2024,False
Audere Apartments,"Phoenix-Mesa-Scottsdale, AZ",4030,2x2,1169,2204,06/03/2024,False
Audere Apartments,"Phoenix-Mesa-Scottsdale, AZ",4030,2x2,1169,2235,06/04/2024,False
Audere Apartments,"Phoenix-Mesa-Scottsdale, AZ",4030,2x2,1169,2233,06/05/2024,False
Audere Apartments,"Phoenix-Mesa-Scottsdale, AZ",4030,2x2,1169,2252,06/06/2024,False
Audere Apartments,"Phoenix-Mesa-Scottsdale, AZ",4030,2x2,1169,2252,06/07/2024,False
Audere Apartments,"Phoenix-Mesa-Scottsdale, AZ",4030,2x2,1169,2252,06/08/2024,False
Audere Apartments,"Phoenix-Mesa-Scottsdale, AZ",4030,2x2,1169,2252,06/09/2024,False
Audere Apartments,"Phoenix-Mesa-Scottsdale, AZ",4030,2x2,1169,2314,06/10/2024,False
Audere Apartments,"Phoenix-Mesa-Scottsdale, AZ",4030,2x2,1169,2314,06/11/2024,False
Audere Apartments,"Phoenix-Mesa-Scottsdale, AZ",4030,2x2,1169,2339,06/12/2024,False
Audere Apartments,"Phoenix-Mesa-Scottsdale, AZ",4030,2x2,1169,2339,06/13/2024,False
Audere Apartments,"Phoenix-Mesa-Scottsdale, AZ",4030,2x2,1169,2339,06/14/2024,False
Audere Apartments,"Phoenix-Mesa-Scottsdale, AZ",4030,2x2,1169,2339,06/15/2024,False
Audere Apartments,"Phoenix-Mesa-Scottsdale, AZ",4030,2x2,1169,2339,06/16/2024,False
Audere Apartments,"Phoenix-Mesa-Scottsdale, AZ",4030,2x2,1169,2257,06/17/2024,False
Audere Apartments,"Phoenix-Mesa-Scottsdale, AZ",4030,2x2,1169,2257,06/18/2024,False
Audere Apartments,"Phoenix-Mesa-Scottsdale, AZ",4030,2x2,1169,2257,06/19/2024,False
Audere Apartments,"Phoenix-Mesa-Scottsdale, AZ",4030,2x2,1169,2257,06/20/2024,False
Audere Apartments,"Phoenix-Mesa-Scottsdale, AZ",4030,2x2,1169,2176,06/21/2024,False
Audere Apartments,"Phoenix-Mesa-Scottsdale, AZ",4030,2x2,1169,2176,06/22/2024,False
Audere Apartments,"Phoenix-Mesa-Scottsdale, AZ",4030,2x2,1169,2176,06/23/2024,False
Audere Apartments,"Phoenix-Mesa-Scottsdale, AZ",4030,2x2,1169,2136,06/24/2024,False
Audere Apartments,"Phoenix-Mesa-Scottsdale, AZ",4030,2x2,1169,2175,06/25/2024,False
Audere Apartments,"Phoenix-Mesa-Scottsdale, AZ",4030,2x2,1169,2175,06/26/2024,False
Audere Apartments,"Phoenix-Mesa-Scottsdale, AZ",4030,2x2,1169,2215,06/27/2024,False
Audere Apartments,"Phoenix-Mesa-Scottsdale, AZ",4030,2x2,1169,2215,06/28/2024,False
Audere Apartments,"Phoenix-Mesa-Scottsdale, AZ",4030,2x2,1169,2215,06/29/2024,False
Audere Apartments,"Phoenix-Mesa-Scottsdale, AZ",4030,2x2,1169,2215,06/30/2024,False
Audere Apartments,"Phoenix-Mesa-Scottsdale, AZ",4030,2x2,1169,2255,07/01/2024,False
Audere Apartments,"Phoenix-Mesa-Scottsdale, AZ",4030,2x2,1169,2296,07/02/2024,False
Audere Apartments,"Phoenix-Mesa-Scottsdale, AZ",4030,2x2,1169,2321,07/03/2024,False
Audere Apartments,"Phoenix-Mesa-Scottsdale, AZ",4030,2x2,1169,2324,07/04/2024,False
Audere Apartments,"Phoenix-Mesa-Scottsdale, AZ",4030,2x2,1169,2324,07/05/2024,False
Audere Apartments,"Phoenix-Mesa-Scottsdale, AZ",4030,2x2,1169,2324,07/06/2024,False
Audere Apartments,"Phoenix-Mesa-Scottsdale, AZ",4030,2x2,1169,2319,07/07/2024,False
Audere Apartments,"Phoenix-Mesa-Scottsdale, AZ",4030,2x2,1169,2362,07/08/2024,False
Audere Apartments,"Phoenix-Mesa-Scottsdale, AZ",4030,2x2,1169,2362,07/09/2024,False
Audere Apartments,"Phoenix-Mesa-Scottsdale, AZ",4030,2x2,1169,2324,07/10/2024,False
Audere Apartments,"Phoenix-Mesa-Scottsdale, AZ",4030,2x2,1169,2281,07/11/2024,False
Audere Apartments,"Phoenix-Mesa-Scottsdale, AZ",4030,2x2,1169,2239,07/12/2024,False
Audere Apartments,"Phoenix-Mesa-Scottsdale, AZ",4030,2x2,1169,2239,07/13/2024,False
Audere Apartments,"Phoenix-Mesa-Scottsdale, AZ",4030,2x2,1169,2239,07/14/2024,False
Audere Apartments,"Phoenix-Mesa-Scottsdale, AZ",4030,2x2,1169,2215,07/15/2024,False
Audere Apartments,"Phoenix-Mesa-Scottsdale, AZ",4030,2x2,1169,2175,07/16/2024,False
Audere Apartments,"Phoenix-Mesa-Scottsdale, AZ",4030,2x2,1169,2175,07/17/2024,False
Audere Apartments,"Phoenix-Mesa-Scottsdale, AZ",4030,2x2,1169,2135,07/18/2024,False
Audere Apartments,"Phoenix-Mesa-Scottsdale, AZ",4030,2x2,1169,2096,07/19/2024,False
Audere Apartments,"Phoenix-Mesa-Scottsdale, AZ",4030,2x2,1169,2096,07/20/2024,False
Audere Apartments,"Phoenix-Mesa-Scottsdale, AZ",4030,2x2,1169,2096,07/21/2024,False
Audere Apartments,"Phoenix-Mesa-Scottsdale, AZ",4030,2x2,1169,2073,07/22/2024,False
Audere Apartments,"Phoenix-Mesa-Scottsdale, AZ",4030,2x2,1169,2036,07/23/2024,False
Audere Apartments,"Phoenix-Mesa-Scottsdale, AZ",4030,2x2,1169,1998,07/24/2024,False
Audere Apartments,"Phoenix-Mesa-Scottsdale, AZ",4030,2x2,1169,1998,07/25/2024,False
Audere Apartments,"Phoenix-Mesa-Scottsdale, AZ",4030,2x2,1169,2022,07/26/2024,False
Audere Apartments,"Phoenix-Mesa-Scottsdale, AZ",4030,2x2,1169,2022,07/27/2024,False
Audere Apartments,"Phoenix-Mesa-Scottsdale, AZ",4030,2x2,1169,2022,07/28/2024,False
Audere Apartments,"Phoenix-Mesa-Scottsdale, AZ",4030,2x2,1169,2016,07/29/2024,False
Audere Apartments,"Phoenix-Mesa-Scottsdale, AZ",4030,2x2,1169,2011,07/30/2024,False
Audere Apartments,"Phoenix-Mesa-Scottsdale, AZ",4030,2x2,1169,2006,07/31/2024,False
Audere Apartments,"Phoenix-Mesa-Scottsdale, AZ",4030,2x2,1169,2006,08/01/2024,False
Audere Apartments,"Phoenix-Mesa-Scottsdale, AZ",4030,2x2,1169,1976,08/02/2024,False
Audere Apartments,"Phoenix-Mesa-Scottsdale, AZ",4030,2x2,1169,1969,08/03/2024,False
Audere Apartments,"Phoenix-Mesa-Scottsdale, AZ",4030,2x2,1169,1962,08/04/2024,False
Audere Apartments,"Phoenix-Mesa-Scottsdale, AZ",4030,2x2,1169,1956,08/05/2024,False
Audere Apartments,"Phoenix-Mesa-Scottsdale, AZ",4030,2x2,1169,1919,08/06/2024,False
Audere Apartments,"Phoenix-Mesa-Scottsdale, AZ",4030,2x2,1169,1912,08/07/2024,False
Audere Apartments,"Phoenix-Mesa-Scottsdale, AZ",4030,2x2,1169,1933,08/08/2024,False
Audere Apartments,"Phoenix-Mesa-Scottsdale, AZ",4030,2x2,1169,1929,08/09/2024,False
Audere Apartments,"Phoenix-Mesa-Scottsdale, AZ",4030,2x2,1169,1923,08/10/2024,False
Audere Apartments,"Phoenix-Mesa-Scottsdale, AZ",4030,2x2,1169,1918,08/11/2024,False
Audere Apartments,"Phoenix-Mesa-Scottsdale, AZ",4030,2x2,1169,1954,08/12/2024,False
Audere Apartments,"Phoenix-Mesa-Scottsdale, AZ",4030,2x2,1169,1976,08/13/2024,False
Audere Apartments,"Phoenix-Mesa-Scottsdale, AZ",4030,2x2,1169,2013,08/14/2024,False
Audere Apartments,"Phoenix-Mesa-Scottsdale, AZ",4030,2x2,1169,2011,08/15/2024,False
Audere Apartments,"Phoenix-Mesa-Scottsdale, AZ",4030,2x2,1169,1942,08/16/2024,False
Audere Apartments,"Phoenix-Mesa-Scottsdale, AZ",4030,2x2,1169,1942,08/17/2024,False
Audere Apartments,"Phoenix-Mesa-Scottsdale, AZ",4030,2x2,1169,1942,08/18/2024,False
Audere Apartments,"Phoenix-Mesa-Scottsdale, AZ",4030,2x2,1169,1978,08/19/2024,False
Audere Apartments,"Phoenix-Mesa-Scottsdale, AZ",4030,2x2,1169,2013,08/20/2024,False
Audere Apartments,"Phoenix-Mesa-Scottsdale, AZ",4030,2x2,1169,2050,08/21/2024,False
Audere Apartments,"Phoenix-Mesa-Scottsdale, AZ",4030,2x2,1169,2088,08/22/2024,False
Audere Apartments,"Phoenix-Mesa-Scottsdale, AZ",4030,2x2,1169,2088,08/23/2024,False
Audere Apartments,"Phoenix-Mesa-Scottsdale, AZ",4030,2x2,1169,2088,08/24/2024,False
Audere Apartments,"Phoenix-Mesa-Scottsdale, AZ",4030,2x2,1169,2088,08/25/2024,False
Audere Apartments,"Phoenix-Mesa-Scottsdale, AZ",4030,2x2,1169,2050,08/26/2024,False
Audere Apartments,"Phoenix-Mesa-Scottsdale, AZ",4030,2x2,1169,2012,08/27/2024,False
Audere Apartments,"Phoenix-Mesa-Scottsdale, AZ",4030,2x2,1169,2061,08/28/2024,False
Audere Apartments,"Phoenix-Mesa-Scottsdale, AZ",4030,2x2,1169,2098,08/29/2024,False
Audere Apartments,"Phoenix-Mesa-Scottsdale, AZ",4030,2x2,1169,2044,08/30/2024,False
Audere Apartments,"Phoenix-Mesa-Scottsdale, AZ",4030,2x2,1169,2044,08/31/2024,False
Audere Apartments,"Phoenix-Mesa-Scottsdale, AZ",4030,2x2,1169,2044,09/01/2024,False
Audere Apartments,"Phoenix-Mesa-Scottsdale, AZ",4030,2x2,1169,2095,09/02/2024,False
Audere Apartments,"Phoenix-Mesa-Scottsdale, AZ",4030,2x2,1169,2135,09/03/2024,False
Audere Apartments,"Phoenix-Mesa-Scottsdale, AZ",4030,2x2,1169,2154,09/04/2024,False
Audere Apartments,"Phoenix-Mesa-Scottsdale, AZ",4030,2x2,1169,2115,09/05/2024,False
Audere Apartments,"Phoenix-Mesa-Scottsdale, AZ",4030,2x2,1169,2061,09/06/2024,False
Audere Apartments,"Phoenix-Mesa-Scottsdale, AZ",4030,2x2,1169,2061,09/07/2024,False
Audere Apartments,"Phoenix-Mesa-Scottsdale, AZ",4030,2x2,1169,2061,09/08/2024,False
Audere Apartments,"Phoenix-Mesa-Scottsdale, AZ",4030,2x2,1169,2024,09/09/2024,False
Audere Apartments,"Phoenix-Mesa-Scottsdale, AZ",4030,2x2,1169,1987,09/10/2024,False
Audere Apartments,"Phoenix-Mesa-Scottsdale, AZ",4030,2x2,1169,1987,09/11/2024,False
Audere Apartments,"Phoenix-Mesa-Scottsdale, AZ",4030,2x2,1169,1951,09/12/2024,False
Audere Apartments,"Phoenix-Mesa-Scottsdale, AZ",4030,2x2,1169,1951,09/13/2024,False
Audere Apartments,"Phoenix-Mesa-Scottsdale, AZ",4030,2x2,1169,1951,09/14/2024,False
Audere Apartments,"Phoenix-Mesa-Scottsdale, AZ",4030,2x2,1169,1951,09/15/2024,False
Audere Apartments,"Phoenix-Mesa-Scottsdale, AZ",4030,2x2,1169,1916,09/16/2024,False
Audere Apartments,"Phoenix-Mesa-Scottsdale, AZ",4030,2x2,1169,1916,09/17/2024,False
Audere Apartments,"Phoenix-Mesa-Scottsdale, AZ",4030,2x2,1169,1881,09/18/2024,False
Audere Apartments,"Phoenix-Mesa-Scottsdale, AZ",4030,2x2,1169,1863,09/19/2024,False
Audere Apartments,"Phoenix-Mesa-Scottsdale, AZ",4030,2x2,1169,1863,09/20/2024,False
Audere Apartments,"Phoenix-Mesa-Scottsdale, AZ",4030,2x2,1169,1868,09/21/2024,False
Audere Apartments,"Phoenix-Mesa-Scottsdale, AZ",4030,2x2,1169,1868,09/22/2024,False
Audere Apartments,"Phoenix-Mesa-Scottsdale, AZ",4030,2x2,1169,1868,09/23/2024,False
Audere Apartments,"Phoenix-Mesa-Scottsdale, AZ",4030,2x2,1169,1868,09/24/2024,True
Audere Apartments,"Phoenix-Mesa-Scottsdale, AZ",4031,3x2,1343,2458,01/17/2025,False
Audere Apartments,"Phoenix-Mesa-Scottsdale, AZ",4031,3x2,1343,2458,01/18/2025,False
Audere Apartments,"Phoenix-Mesa-Scottsdale, AZ",4031,3x2,1343,2458,01/19/2025,False
Audere Apartments,"Phoenix-Mesa-Scottsdale, AZ",4031,3x2,1343,2482,01/20/2025,False
Audere Apartments,"Phoenix-Mesa-Scottsdale, AZ",4031,3x2,1343,2506,01/21/2025,False
Audere Apartments,"Phoenix-Mesa-Scottsdale, AZ",4031,3x2,1343,2530,01/22/2025,False
Audere Apartments,"Phoenix-Mesa-Scottsdale, AZ",4031,3x2,1343,2555,01/23/2025,False
Audere Apartments,"Phoenix-Mesa-Scottsdale, AZ",4031,3x2,1343,2580,01/24/2025,False
Audere Apartments,"Phoenix-Mesa-Scottsdale, AZ",4031,3x2,1343,2580,01/25/2025,False
Audere Apartments,"Phoenix-Mesa-Scottsdale, AZ",4031,3x2,1343,2580,01/26/2025,False
Audere Apartments,"Phoenix-Mesa-Scottsdale, AZ",4031,3x2,1343,2606,01/27/2025,False
Audere Apartments,"Phoenix-Mesa-Scottsdale, AZ",4031,3x2,1343,2625,01/28/2025,False
Audere Apartments,"Phoenix-Mesa-Scottsdale, AZ",4031,3x2,1343,2625,01/29/2025,False
Audere Apartments,"Phoenix-Mesa-Scottsdale, AZ",4031,3x2,1343,2625,01/30/2025,False
Audere Apartments,"Phoenix-Mesa-Scottsdale, AZ",4031,3x2,1343,2625,01/31/2025,False
Audere Apartments,"Phoenix-Mesa-Scottsdale, AZ",4031,3x2,1343,2625,02/01/2025,False
Audere Apartments,"Phoenix-Mesa-Scottsdale, AZ",4031,3x2,1343,2625,02/02/2025,False
Audere Apartments,"Phoenix-Mesa-Scottsdale, AZ",4031,3x2,1343,2625,02/03/2025,False
Audere Apartments,"Phoenix-Mesa-Scottsdale, AZ",4031,3x2,1343,2625,02/04/2025,False
Audere Apartments,"Phoenix-Mesa-Scottsdale, AZ",4031,3x2,1343,2625,02/05/2025,False
Audere Apartments,"Phoenix-Mesa-Scottsdale, AZ",4031,3x2,1343,2625,02/06/2025,False
Audere Apartments,"Phoenix-Mesa-Scottsdale, AZ",4031,3x2,1343,2625,02/07/2025,False
Audere Apartments,"Phoenix-Mesa-Scottsdale, AZ",4031,3x2,1343,2625,02/08/2025,False
Audere Apartments,"Phoenix-Mesa-Scottsdale, AZ",4031,3x2,1343,2625,02/09/2025,False
Audere Apartments,"Phoenix-Mesa-Scottsdale, AZ",4031,3x2,1343,2625,02/10/2025,False
Audere Apartments,"Phoenix-Mesa-Scottsdale, AZ",4031,3x2,1343,2636,02/11/2025,False
Audere Apartments,"Phoenix-Mesa-Scottsdale, AZ",4031,3x2,1343,2610,02/12/2025,False
Audere Apartments,"Phoenix-Mesa-Scottsdale, AZ",4031,3x2,1343,2585,02/13/2025,False
Audere Apartments,"Phoenix-Mesa-Scottsdale, AZ",4031,3x2,1343,2529,02/14/2025,False
Audere Apartments,"Phoenix-Mesa-Scottsdale, AZ",4031,3x2,1343,2529,02/15/2025,False
Audere Apartments,"Phoenix-Mesa-Scottsdale, AZ",4031,3x2,1343,2529,02/16/2025,False
Audere Apartments,"Phoenix-Mesa-Scottsdale, AZ",4031,3x2,1343,2529,02/17/2025,False
Audere Apartments,"Phoenix-Mesa-Scottsdale, AZ",4031,3x2,1343,2529,02/18/2025,False
Audere Apartments,"Phoenix-Mesa-Scottsdale, AZ",4031,3x2,1343,2529,02/19/2025,False
Audere Apartments,"Phoenix-Mesa-Scottsdale, AZ",4031,3x2,1343,2529,02/20/2025,False
Audere Apartments,"Phoenix-Mesa-Scottsdale, AZ",4031,3x2,1343,2505,02/21/2025,False
Audere Apartments,"Phoenix-Mesa-Scottsdale, AZ",4031,3x2,1343,2505,02/22/2025,False
Audere Apartments,"Phoenix-Mesa-Scottsdale, AZ",4031,3x2,1343,2505,02/23/2025,False
Audere Apartments,"Phoenix-Mesa-Scottsdale, AZ",4031,3x2,1343,2481,02/24/2025,False
Audere Apartments,"Phoenix-Mesa-Scottsdale, AZ",4031,3x2,1343,2457,02/25/2025,False
Audere Apartments,"Phoenix-Mesa-Scottsdale, AZ",4031,3x2,1343,2433,02/26/2025,False
Audere Apartments,"Phoenix-Mesa-Scottsdale, AZ",4031,3x2,1343,2409,02/27/2025,False
Audere Apartments,"Phoenix-Mesa-Scottsdale, AZ",4031,3x2,1343,2386,02/28/2025,False
Audere Apartments,"Phoenix-Mesa-Scottsdale, AZ",4031,3x2,1343,2386,03/01/2025,False
Audere Apartments,"Phoenix-Mesa-Scottsdale, AZ",4031,3x2,1343,2386,03/02/2025,False
Audere Apartments,"Phoenix-Mesa-Scottsdale, AZ",4031,3x2,1343,2386,03/03/2025,False
Audere Apartments,"Phoenix-Mesa-Scottsdale, AZ",4031,3x2,1343,2409,03/04/2025,False
Audere Apartments,"Phoenix-Mesa-Scottsdale, AZ",4031,3x2,1343,2432,03/05/2025,False
Audere Apartments,"Phoenix-Mesa-Scottsdale, AZ",4031,3x2,1343,2456,03/06/2025,False
Audere Apartments,"Phoenix-Mesa-Scottsdale, AZ",4031,3x2,1343,2480,03/07/2025,False
Audere Apartments,"Phoenix-Mesa-Scottsdale, AZ",4031,3x2,1343,2480,03/08/2025,False
Audere Apartments,"Phoenix-Mesa-Scottsdale, AZ",4031,3x2,1343,2480,03/09/2025,False
Audere Apartments,"Phoenix-Mesa-Scottsdale, AZ",4031,3x2,1343,2504,03/10/2025,False
Audere Apartments,"Phoenix-Mesa-Scottsdale, AZ",4031,3x2,1343,2508,03/11/2025,False
Audere Apartments,"Phoenix-Mesa-Scottsdale, AZ",4031,3x2,1343,2532,03/12/2025,False
Audere Apartments,"Phoenix-Mesa-Scottsdale, AZ",4031,3x2,1343,2479,03/13/2025,False
Audere Apartments,"Phoenix-Mesa-Scottsdale, AZ",4031,3x2,1343,2479,03/14/2025,False
Audere Apartments,"Phoenix-Mesa-Scottsdale, AZ",4031,3x2,1343,2479,03/15/2025,False
Audere Apartments,"Phoenix-Mesa-Scottsdale, AZ",4031,3x2,1343,2479,03/16/2025,False
Audere Apartments,"Phoenix-Mesa-Scottsdale, AZ",4031,3x2,1343,2503,03/17/2025,False
Audere Apartments,"Phoenix-Mesa-Scottsdale, AZ",4031,3x2,1343,2479,03/18/2025,False
Audere Apartments,"Phoenix-Mesa-Scottsdale, AZ",4031,3x2,1343,2455,03/19/2025,False
Audere Apartments,"Phoenix-Mesa-Scottsdale, AZ",4031,3x2,1343,2431,03/20/2025,False
Audere Apartments,"Phoenix-Mesa-Scottsdale, AZ",4031,3x2,1343,2407,03/21/2025,False
Audere Apartments,"Phoenix-Mesa-Scottsdale, AZ",4031,3x2,1343,2407,03/22/2025,False
Audere Apartments,"Phoenix-Mesa-Scottsdale, AZ",4031,3x2,1343,2407,03/23/2025,False
Audere Apartments,"Phoenix-Mesa-Scottsdale, AZ",4031,3x2,1343,2384,03/24/2025,False
Audere Apartments,"Phoenix-Mesa-Scottsdale, AZ",4031,3x2,1343,2361,03/25/2025,False
Audere Apartments,"Phoenix-Mesa-Scottsdale, AZ",4031,3x2,1343,2338,03/26/2025,False
Audere Apartments,"Phoenix-Mesa-Scottsdale, AZ",4031,3x2,1343,2361,03/27/2025,False
Audere Apartments,"Phoenix-Mesa-Scottsdale, AZ",4031,3x2,1343,2379,03/28/2025,False
Audere Apartments,"Phoenix-Mesa-Scottsdale, AZ",4031,3x2,1343,2379,03/29/2025,False
Audere Apartments,"Phoenix-Mesa-Scottsdale, AZ",4031,3x2,1343,2379,03/30/2025,False
Audere Apartments,"Phoenix-Mesa-Scottsdale, AZ",4031,3x2,1343,2402,03/31/2025,False
Audere Apartments,"Phoenix-Mesa-Scottsdale, AZ",4031,3x2,1343,2402,04/01/2025,True
Audere Apartments,"Phoenix-Mesa-Scottsdale, AZ",4032,2x2,1169,2154,12/19/2024,False
Audere Apartments,"Phoenix-Mesa-Scottsdale, AZ",4032,2x2,1169,2154,12/20/2024,False
Audere Apartments,"Phoenix-Mesa-Scottsdale, AZ",4032,2x2,1169,2154,12/21/2024,False
Audere Apartments,"Phoenix-Mesa-Scottsdale, AZ",4032,2x2,1169,2154,12/22/2024,False
Audere Apartments,"Phoenix-Mesa-Scottsdale, AZ",4032,2x2,1169,2194,12/23/2024,False
Audere Apartments,"Phoenix-Mesa-Scottsdale, AZ",4032,2x2,1169,2168,12/24/2024,False
Audere Apartments,"Phoenix-Mesa-Scottsdale, AZ",4032,2x2,1169,2128,12/25/2024,False
Audere Apartments,"Phoenix-Mesa-Scottsdale, AZ",4032,2x2,1169,2088,12/26/2024,False
Audere Apartments,"Phoenix-Mesa-Scottsdale, AZ",4032,2x2,1169,2128,12/27/2024,False
Audere Apartments,"Phoenix-Mesa-Scottsdale, AZ",4032,2x2,1169,2128,12/28/2024,False
Audere Apartments,"Phoenix-Mesa-Scottsdale, AZ",4032,2x2,1169,2128,12/29/2024,False
Audere Apartments,"Phoenix-Mesa-Scottsdale, AZ",4032,2x2,1169,2128,12/30/2024,True
Audere Apartments,"Phoenix-Mesa-Scottsdale, AZ",4033,2x2,1063,2134,05/30/2024,False
Audere Apartments,"Phoenix-Mesa-Scottsdale, AZ",4033,2x2,1063,2165,05/31/2024,False
Audere Apartments,"Phoenix-Mesa-Scottsdale, AZ",4033,2x2,1063,2134,06/01/2024,False
Audere Apartments,"Phoenix-Mesa-Scottsdale, AZ",4033,2x2,1063,2134,06/02/2024,False
Audere Apartments,"Phoenix-Mesa-Scottsdale, AZ",4033,2x2,1063,2134,06/03/2024,False
Audere Apartments,"Phoenix-Mesa-Scottsdale, AZ",4033,2x2,1063,2165,06/04/2024,False
Audere Apartments,"Phoenix-Mesa-Scottsdale, AZ",4033,2x2,1063,2163,06/05/2024,False
Audere Apartments,"Phoenix-Mesa-Scottsdale, AZ",4033,2x2,1063,2182,06/06/2024,False
Audere Apartments,"Phoenix-Mesa-Scottsdale, AZ",4033,2x2,1063,2182,06/07/2024,False
Audere Apartments,"Phoenix-Mesa-Scottsdale, AZ",4033,2x2,1063,2182,06/08/2024,False
Audere Apartments,"Phoenix-Mesa-Scottsdale, AZ",4033,2x2,1063,2182,06/09/2024,False
Audere Apartments,"Phoenix-Mesa-Scottsdale, AZ",4033,2x2,1063,2245,06/10/2024,False
Audere Apartments,"Phoenix-Mesa-Scottsdale, AZ",4033,2x2,1063,2245,06/11/2024,False
Audere Apartments,"Phoenix-Mesa-Scottsdale, AZ",4033,2x2,1063,2270,06/12/2024,False
Audere Apartments,"Phoenix-Mesa-Scottsdale, AZ",4033,2x2,1063,2270,06/13/2024,False
Audere Apartments,"Phoenix-Mesa-Scottsdale, AZ",4033,2x2,1063,2270,06/14/2024,False
Audere Apartments,"Phoenix-Mesa-Scottsdale, AZ",4033,2x2,1063,2270,06/15/2024,False
Audere Apartments,"Phoenix-Mesa-Scottsdale, AZ",4033,2x2,1063,2270,06/16/2024,False
Audere Apartments,"Phoenix-Mesa-Scottsdale, AZ",4033,2x2,1063,2187,06/17/2024,False
Audere Apartments,"Phoenix-Mesa-Scottsdale, AZ",4033,2x2,1063,2187,06/18/2024,False
Audere Apartments,"Phoenix-Mesa-Scottsdale, AZ",4033,2x2,1063,2187,06/19/2024,False
Audere Apartments,"Phoenix-Mesa-Scottsdale, AZ",4033,2x2,1063,2187,06/20/2024,False
Audere Apartments,"Phoenix-Mesa-Scottsdale, AZ",4033,2x2,1063,2106,06/21/2024,False
Audere Apartments,"Phoenix-Mesa-Scottsdale, AZ",4033,2x2,1063,2106,06/22/2024,False
Audere Apartments,"Phoenix-Mesa-Scottsdale, AZ",4033,2x2,1063,2106,06/23/2024,False
Audere Apartments,"Phoenix-Mesa-Scottsdale, AZ",4033,2x2,1063,2066,06/24/2024,False
Audere Apartments,"Phoenix-Mesa-Scottsdale, AZ",4033,2x2,1063,2105,06/25/2024,False
Audere Apartments,"Phoenix-Mesa-Scottsdale, AZ",4033,2x2,1063,2105,06/26/2024,False
Audere Apartments,"Phoenix-Mesa-Scottsdale, AZ",4033,2x2,1063,2145,06/27/2024,False
Audere Apartments,"Phoenix-Mesa-Scottsdale, AZ",4033,2x2,1063,2145,06/28/2024,False
Audere Apartments,"Phoenix-Mesa-Scottsdale, AZ",4033,2x2,1063,2145,06/29/2024,False
Audere Apartments,"Phoenix-Mesa-Scottsdale, AZ",4033,2x2,1063,2145,06/30/2024,False
Audere Apartments,"Phoenix-Mesa-Scottsdale, AZ",4033,2x2,1063,2185,07/01/2024,False
Audere Apartments,"Phoenix-Mesa-Scottsdale, AZ",4033,2x2,1063,2227,07/02/2024,False
Audere Apartments,"Phoenix-Mesa-Scottsdale, AZ",4033,2x2,1063,2252,07/03/2024,False
Audere Apartments,"Phoenix-Mesa-Scottsdale, AZ",4033,2x2,1063,2255,07/04/2024,False
Audere Apartments,"Phoenix-Mesa-Scottsdale, AZ",4033,2x2,1063,2255,07/05/2024,False
Audere Apartments,"Phoenix-Mesa-Scottsdale, AZ",4033,2x2,1063,2255,07/06/2024,False
Audere Apartments,"Phoenix-Mesa-Scottsdale, AZ",4033,2x2,1063,2255,07/07/2024,False
Audere Apartments,"Phoenix-Mesa-Scottsdale, AZ",4033,2x2,1063,2298,07/08/2024,False
Audere Apartments,"Phoenix-Mesa-Scottsdale, AZ",4033,2x2,1063,2298,07/09/2024,False
Audere Apartments,"Phoenix-Mesa-Scottsdale, AZ",4033,2x2,1063,2255,07/10/2024,False
Audere Apartments,"Phoenix-Mesa-Scottsdale, AZ",4033,2x2,1063,2211,07/11/2024,False
Audere Apartments,"Phoenix-Mesa-Scottsdale, AZ",4033,2x2,1063,2169,07/12/2024,False
Audere Apartments,"Phoenix-Mesa-Scottsdale, AZ",4033,2x2,1063,2169,07/13/2024,False
Audere Apartments,"Phoenix-Mesa-Scottsdale, AZ",4033,2x2,1063,2169,07/14/2024,False
Audere Apartments,"Phoenix-Mesa-Scottsdale, AZ",4033,2x2,1063,2145,07/15/2024,False
Audere Apartments,"Phoenix-Mesa-Scottsdale, AZ",4033,2x2,1063,2105,07/16/2024,False
Audere Apartments,"Phoenix-Mesa-Scottsdale, AZ",4033,2x2,1063,2105,07/17/2024,False
Audere Apartments,"Phoenix-Mesa-Scottsdale, AZ",4033,2x2,1063,2065,07/18/2024,False
Audere Apartments,"Phoenix-Mesa-Scottsdale, AZ",4033,2x2,1063,2026,07/19/2024,False
Audere Apartments,"Phoenix-Mesa-Scottsdale, AZ",4033,2x2,1063,2026,07/20/2024,False
Audere Apartments,"Phoenix-Mesa-Scottsdale, AZ",4033,2x2,1063,2026,07/21/2024,False
Audere Apartments,"Phoenix-Mesa-Scottsdale, AZ",4033,2x2,1063,2002,07/22/2024,False
Audere Apartments,"Phoenix-Mesa-Scottsdale, AZ",4033,2x2,1063,1965,07/23/2024,False
Audere Apartments,"Phoenix-Mesa-Scottsdale, AZ",4033,2x2,1063,1928,07/24/2024,False
Audere Apartments,"Phoenix-Mesa-Scottsdale, AZ",4033,2x2,1063,1928,07/25/2024,False
Audere Apartments,"Phoenix-Mesa-Scottsdale, AZ",4033,2x2,1063,1972,07/26/2024,False
Audere Apartments,"Phoenix-Mesa-Scottsdale, AZ",4033,2x2,1063,1972,07/27/2024,False
Audere Apartments,"Phoenix-Mesa-Scottsdale, AZ",4033,2x2,1063,1972,07/28/2024,False
Audere Apartments,"Phoenix-Mesa-Scottsdale, AZ",4033,2x2,1063,1972,07/29/2024,False
Audere Apartments,"Phoenix-Mesa-Scottsdale, AZ",4033,2x2,1063,1972,07/30/2024,False
Audere Apartments,"Phoenix-Mesa-Scottsdale, AZ",4033,2x2,1063,1972,07/31/2024,False
Audere Apartments,"Phoenix-Mesa-Scottsdale, AZ",4033,2x2,1063,1972,08/01/2024,False
Audere Apartments,"Phoenix-Mesa-Scottsdale, AZ",4033,2x2,1063,1936,08/02/2024,False
Audere Apartments,"Phoenix-Mesa-Scottsdale, AZ",4033,2x2,1063,1936,08/03/2024,False
Audere Apartments,"Phoenix-Mesa-Scottsdale, AZ",4033,2x2,1063,1936,08/04/2024,False
Audere Apartments,"Phoenix-Mesa-Scottsdale, AZ",4033,2x2,1063,1936,08/05/2024,False
Audere Apartments,"Phoenix-Mesa-Scottsdale, AZ",4033,2x2,1063,1894,08/06/2024,False
Audere Apartments,"Phoenix-Mesa-Scottsdale, AZ",4033,2x2,1063,1894,08/07/2024,False
Audere Apartments,"Phoenix-Mesa-Scottsdale, AZ",4033,2x2,1063,1923,08/08/2024,False
Audere Apartments,"Phoenix-Mesa-Scottsdale, AZ",4033,2x2,1063,1926,08/09/2024,False
Audere Apartments,"Phoenix-Mesa-Scottsdale, AZ",4033,2x2,1063,1926,08/10/2024,False
Audere Apartments,"Phoenix-Mesa-Scottsdale, AZ",4033,2x2,1063,1926,08/11/2024,False
Audere Apartments,"Phoenix-Mesa-Scottsdale, AZ",4033,2x2,1063,1962,08/12/2024,False
Audere Apartments,"Phoenix-Mesa-Scottsdale, AZ",4033,2x2,1063,1985,08/13/2024,False
Audere Apartments,"Phoenix-Mesa-Scottsdale, AZ",4033,2x2,1063,2017,08/14/2024,False
Audere Apartments,"Phoenix-Mesa-Scottsdale, AZ",4033,2x2,1063,2020,08/15/2024,False
Audere Apartments,"Phoenix-Mesa-Scottsdale, AZ",4033,2x2,1063,1951,08/16/2024,False
Audere Apartments,"Phoenix-Mesa-Scottsdale, AZ",4033,2x2,1063,1951,08/17/2024,False
Audere Apartments,"Phoenix-Mesa-Scottsdale, AZ",4033,2x2,1063,1951,08/18/2024,False
Audere Apartments,"Phoenix-Mesa-Scottsdale, AZ",4033,2x2,1063,1987,08/19/2024,False
Audere Apartments,"Phoenix-Mesa-Scottsdale, AZ",4033,2x2,1063,2024,08/20/2024,False
Audere Apartments,"Phoenix-Mesa-Scottsdale, AZ",4033,2x2,1063,2063,08/21/2024,False
Audere Apartments,"Phoenix-Mesa-Scottsdale, AZ",4033,2x2,1063,2102,08/22/2024,False
Audere Apartments,"Phoenix-Mesa-Scottsdale, AZ",4033,2x2,1063,2102,08/23/2024,False
Audere Apartments,"Phoenix-Mesa-Scottsdale, AZ",4033,2x2,1063,2102,08/24/2024,False
Audere Apartments,"Phoenix-Mesa-Scottsdale, AZ",4033,2x2,1063,2102,08/25/2024,False
Audere Apartments,"Phoenix-Mesa-Scottsdale, AZ",4033,2x2,1063,2063,08/26/2024,False
Audere Apartments,"Phoenix-Mesa-Scottsdale, AZ",4033,2x2,1063,2023,08/27/2024,False
Audere Apartments,"Phoenix-Mesa-Scottsdale, AZ",4033,2x2,1063,1985,08/28/2024,False
Audere Apartments,"Phoenix-Mesa-Scottsdale, AZ",4033,2x2,1063,2022,08/29/2024,False
Audere Apartments,"Phoenix-Mesa-Scottsdale, AZ",4033,2x2,1063,1969,08/30/2024,False
Audere Apartments,"Phoenix-Mesa-Scottsdale, AZ",4033,2x2,1063,1969,08/31/2024,False
Audere Apartments,"Phoenix-Mesa-Scottsdale, AZ",4033,2x2,1063,1969,09/01/2024,False
Audere Apartments,"Phoenix-Mesa-Scottsdale, AZ",4033,2x2,1063,2019,09/02/2024,False
Audere Apartments,"Phoenix-Mesa-Scottsdale, AZ",4033,2x2,1063,2060,09/03/2024,False
Audere Apartments,"Phoenix-Mesa-Scottsdale, AZ",4033,2x2,1063,2079,09/04/2024,False
Audere Apartments,"Phoenix-Mesa-Scottsdale, AZ",4033,2x2,1063,2040,09/05/2024,False
Audere Apartments,"Phoenix-Mesa-Scottsdale, AZ",4033,2x2,1063,1986,09/06/2024,False
Audere Apartments,"Phoenix-Mesa-Scottsdale, AZ",4033,2x2,1063,1986,09/07/2024,False
Audere Apartments,"Phoenix-Mesa-Scottsdale, AZ",4033,2x2,1063,1986,09/08/2024,False
Audere Apartments,"Phoenix-Mesa-Scottsdale, AZ",4033,2x2,1063,1949,09/09/2024,False
Audere Apartments,"Phoenix-Mesa-Scottsdale, AZ",4033,2x2,1063,1912,09/10/2024,False
Audere Apartments,"Phoenix-Mesa-Scottsdale, AZ",4033,2x2,1063,1912,09/11/2024,False
Audere Apartments,"Phoenix-Mesa-Scottsdale, AZ",4033,2x2,1063,1876,09/12/2024,False
Audere Apartments,"Phoenix-Mesa-Scottsdale, AZ",4033,2x2,1063,1876,09/13/2024,False
Audere Apartments,"Phoenix-Mesa-Scottsdale, AZ",4033,2x2,1063,1876,09/14/2024,False
Audere Apartments,"Phoenix-Mesa-Scottsdale, AZ",4033,2x2,1063,1876,09/15/2024,False
Audere Apartments,"Phoenix-Mesa-Scottsdale, AZ",4033,2x2,1063,1841,09/16/2024,False
Audere Apartments,"Phoenix-Mesa-Scottsdale, AZ",4033,2x2,1063,1841,09/17/2024,False
Audere Apartments,"Phoenix-Mesa-Scottsdale, AZ",4033,2x2,1063,1806,09/18/2024,False
Audere Apartments,"Phoenix-Mesa-Scottsdale, AZ",4033,2x2,1063,1788,09/19/2024,False
Audere Apartments,"Phoenix-Mesa-Scottsdale, AZ",4033,2x2,1063,1788,09/20/2024,False
Audere Apartments,"Phoenix-Mesa-Scottsdale, AZ",4033,2x2,1063,1788,09/21/2024,False
Audere Apartments,"Phoenix-Mesa-Scottsdale, AZ",4033,2x2,1063,1788,09/22/2024,False
Audere Apartments,"Phoenix-Mesa-Scottsdale, AZ",4033,2x2,1063,1788,09/23/2024,False
Audere Apartments,"Phoenix-Mesa-Scottsdale, AZ",4033,2x2,1063,1790,09/24/2024,False
Audere Apartments,"Phoenix-Mesa-Scottsdale, AZ",4033,2x2,1063,1807,09/25/2024,False
Audere Apartments,"Phoenix-Mesa-Scottsdale, AZ",4033,2x2,1063,1840,09/26/2024,False
Audere Apartments,"Phoenix-Mesa-Scottsdale, AZ",4033,2x2,1063,1840,09/27/2024,False
Audere Apartments,"Phoenix-Mesa-Scottsdale, AZ",4033,2x2,1063,1840,09/28/2024,False
Audere Apartments,"Phoenix-Mesa-Scottsdale, AZ",4033,2x2,1063,1840,09/29/2024,False
Audere Apartments,"Phoenix-Mesa-Scottsdale, AZ",4033,2x2,1063,1840,09/30/2024,False
Audere Apartments,"Phoenix-Mesa-Scottsdale, AZ",4033,2x2,1063,1790,10/01/2024,False
Audere Apartments,"Phoenix-Mesa-Scottsdale, AZ",4033,2x2,1063,1726,10/02/2024,False
Audere Apartments,"Phoenix-Mesa-Scottsdale, AZ",4033,2x2,1063,1736,10/03/2024,False
Audere Apartments,"Phoenix-Mesa-Scottsdale, AZ",4033,2x2,1063,1736,10/04/2024,False
Audere Apartments,"Phoenix-Mesa-Scottsdale, AZ",4033,2x2,1063,1736,10/05/2024,False
Audere Apartments,"Phoenix-Mesa-Scottsdale, AZ",4033,2x2,1063,1740,10/06/2024,False
Audere Apartments,"Phoenix-Mesa-Scottsdale, AZ",4033,2x2,1063,1757,10/07/2024,False
Audere Apartments,"Phoenix-Mesa-Scottsdale, AZ",4033,2x2,1063,1774,10/08/2024,False
Audere Apartments,"Phoenix-Mesa-Scottsdale, AZ",4033,2x2,1063,1835,10/09/2024,False
Audere Apartments,"Phoenix-Mesa-Scottsdale, AZ",4033,2x2,1063,1839,10/10/2024,False
Audere Apartments,"Phoenix-Mesa-Scottsdale, AZ",4033,2x2,1063,1856,10/11/2024,False
Audere Apartments,"Phoenix-Mesa-Scottsdale, AZ",4033,2x2,1063,1856,10/12/2024,False
Audere Apartments,"Phoenix-Mesa-Scottsdale, AZ",4033,2x2,1063,1856,10/13/2024,False
Audere Apartments,"Phoenix-Mesa-Scottsdale, AZ",4033,2x2,1063,1873,10/14/2024,False
Audere Apartments,"Phoenix-Mesa-Scottsdale, AZ",4033,2x2,1063,1891,10/15/2024,False
Audere Apartments,"Phoenix-Mesa-Scottsdale, AZ",4033,2x2,1063,1908,10/16/2024,False
Audere Apartments,"Phoenix-Mesa-Scottsdale, AZ",4033,2x2,1063,1926,10/17/2024,False
Audere Apartments,"Phoenix-Mesa-Scottsdale, AZ",4033,2x2,1063,1944,10/18/2024,False
Audere Apartments,"Phoenix-Mesa-Scottsdale, AZ",4033,2x2,1063,1944,10/19/2024,False
Audere Apartments,"Phoenix-Mesa-Scottsdale, AZ",4033,2x2,1063,1944,10/20/2024,False
Audere Apartments,"Phoenix-Mesa-Scottsdale, AZ",4033,2x2,1063,1962,10/21/2024,False
Audere Apartments,"Phoenix-Mesa-Scottsdale, AZ",4033,2x2,1063,1981,10/22/2024,False
Audere Apartments,"Phoenix-Mesa-Scottsdale, AZ",4033,2x2,1063,1999,10/23/2024,False
Audere Apartments,"Phoenix-Mesa-Scottsdale, AZ",4033,2x2,1063,2018,10/24/2024,False
Audere Apartments,"Phoenix-Mesa-Scottsdale, AZ",4033,2x2,1063,2037,10/25/2024,False
Audere Apartments,"Phoenix-Mesa-Scottsdale, AZ",4033,2x2,1063,2037,10/26/2024,False
Audere Apartments,"Phoenix-Mesa-Scottsdale, AZ",4033,2x2,1063,2008,10/27/2024,False
Audere Apartments,"Phoenix-Mesa-Scottsdale, AZ",4033,2x2,1063,2027,10/28/2024,False
Audere Apartments,"Phoenix-Mesa-Scottsdale, AZ",4033,2x2,1063,2047,10/29/2024,False
Audere Apartments,"Phoenix-Mesa-Scottsdale, AZ",4033,2x2,1063,2067,10/30/2024,False
Audere Apartments,"Phoenix-Mesa-Scottsdale, AZ",4033,2x2,1063,2131,10/31/2024,False
Audere Apartments,"Phoenix-Mesa-Scottsdale, AZ",4033,2x2,1063,2131,11/01/2024,False
Audere Apartments,"Phoenix-Mesa-Scottsdale, AZ",4033,2x2,1063,2144,11/02/2024,False
Audere Apartments,"Phoenix-Mesa-Scottsdale, AZ",4033,2x2,1063,2144,11/03/2024,False
Audere Apartments,"Phoenix-Mesa-Scottsdale, AZ",4033,2x2,1063,2164,11/04/2024,False
Audere Apartments,"Phoenix-Mesa-Scottsdale, AZ",4033,2x2,1063,2218,11/05/2024,False
Audere Apartments,"Phoenix-Mesa-Scottsdale, AZ",4033,2x2,1063,2198,11/06/2024,False
Audere Apartments,"Phoenix-Mesa-Scottsdale, AZ",4033,2x2,1063,2213,11/07/2024,False
Audere Apartments,"Phoenix-Mesa-Scottsdale, AZ",4033,2x2,1063,2213,11/08/2024,False
Audere Apartments,"Phoenix-Mesa-Scottsdale, AZ",4033,2x2,1063,2213,11/09/2024,False
Audere Apartments,"Phoenix-Mesa-Scottsdale, AZ",4033,2x2,1063,2213,11/10/2024,False
Audere Apartments,"Phoenix-Mesa-Scottsdale, AZ",4033,2x2,1063,2192,11/11/2024,False
Audere Apartments,"Phoenix-Mesa-Scottsdale, AZ",4033,2x2,1063,2192,11/12/2024,False
Audere Apartments,"Phoenix-Mesa-Scottsdale, AZ",4033,2x2,1063,2171,11/13/2024,False
Audere Apartments,"Phoenix-Mesa-Scottsdale, AZ",4033,2x2,1063,2105,11/14/2024,False
Audere Apartments,"Phoenix-Mesa-Scottsdale, AZ",4033,2x2,1063,2061,11/15/2024,False
Audere Apartments,"Phoenix-Mesa-Scottsdale, AZ",4033,2x2,1063,2061,11/16/2024,False
Audere Apartments,"Phoenix-Mesa-Scottsdale, AZ",4033,2x2,1063,2061,11/17/2024,False
Audere Apartments,"Phoenix-Mesa-Scottsdale, AZ",4033,2x2,1063,2042,11/18/2024,False
Audere Apartments,"Phoenix-Mesa-Scottsdale, AZ",4033,2x2,1063,2022,11/19/2024,False
Audere Apartments,"Phoenix-Mesa-Scottsdale, AZ",4033,2x2,1063,2002,11/20/2024,False
Audere Apartments,"Phoenix-Mesa-Scottsdale, AZ",4033,2x2,1063,2002,11/21/2024,False
Audere Apartments,"Phoenix-Mesa-Scottsdale, AZ",4033,2x2,1063,2002,11/22/2024,False
Audere Apartments,"Phoenix-Mesa-Scottsdale, AZ",4033,2x2,1063,2002,11/23/2024,False
Audere Apartments,"Phoenix-Mesa-Scottsdale, AZ",4033,2x2,1063,2002,11/24/2024,False
Audere Apartments,"Phoenix-Mesa-Scottsdale, AZ",4033,2x2,1063,2002,11/25/2024,False
Audere Apartments,"Phoenix-Mesa-Scottsdale, AZ",4033,2x2,1063,2002,11/26/2024,False
Audere Apartments,"Phoenix-Mesa-Scottsdale, AZ",4033,2x2,1063,2002,11/27/2024,False
Audere Apartments,"Phoenix-Mesa-Scottsdale, AZ",4033,2x2,1063,2002,11/28/2024,False
Audere Apartments,"Phoenix-Mesa-Scottsdale, AZ",4033,2x2,1063,2002,11/29/2024,False
Audere Apartments,"Phoenix-Mesa-Scottsdale, AZ",4033,2x2,1063,2002,11/30/2024,False
Audere Apartments,"Phoenix-Mesa-Scottsdale, AZ",4033,2x2,1063,2056,12/01/2024,False
Audere Apartments,"Phoenix-Mesa-Scottsdale, AZ",4033,2x2,1063,2056,12/02/2024,False
Audere Apartments,"Phoenix-Mesa-Scottsdale, AZ",4033,2x2,1063,2076,12/03/2024,False
Audere Apartments,"Phoenix-Mesa-Scottsdale, AZ",4033,2x2,1063,2096,12/04/2024,False
Audere Apartments,"Phoenix-Mesa-Scottsdale, AZ",4033,2x2,1063,2116,12/05/2024,False
Audere Apartments,"Phoenix-Mesa-Scottsdale, AZ",4033,2x2,1063,2136,12/06/2024,False
Audere Apartments,"Phoenix-Mesa-Scottsdale, AZ",4033,2x2,1063,2116,12/07/2024,False
Audere Apartments,"Phoenix-Mesa-Scottsdale, AZ",4033,2x2,1063,2116,12/08/2024,False
Audere Apartments,"Phoenix-Mesa-Scottsdale, AZ",4033,2x2,1063,2136,12/09/2024,False
Audere Apartments,"Phoenix-Mesa-Scottsdale, AZ",4033,2x2,1063,2156,12/10/2024,False
Audere Apartments,"Phoenix-Mesa-Scottsdale, AZ",4033,2x2,1063,2177,12/11/2024,False
Audere Apartments,"Phoenix-Mesa-Scottsdale, AZ",4033,2x2,1063,2198,12/12/2024,False
Audere Apartments,"Phoenix-Mesa-Scottsdale, AZ",4033,2x2,1063,2240,12/13/2024,False
Audere Apartments,"Phoenix-Mesa-Scottsdale, AZ",4033,2x2,1063,2240,12/14/2024,False
Audere Apartments,"Phoenix-Mesa-Scottsdale, AZ",4033,2x2,1063,2240,12/15/2024,False
Audere Apartments,"Phoenix-Mesa-Scottsdale, AZ",4033,2x2,1063,2197,12/16/2024,False
Audere Apartments,"Phoenix-Mesa-Scottsdale, AZ",4033,2x2,1063,2155,12/17/2024,False
Audere Apartments,"Phoenix-Mesa-Scottsdale, AZ",4033,2x2,1063,2114,12/18/2024,False
Audere Apartments,"Phoenix-Mesa-Scottsdale, AZ",4033,2x2,1063,2090,12/19/2024,False
Audere Apartments,"Phoenix-Mesa-Scottsdale, AZ",4033,2x2,1063,2090,12/20/2024,False
Audere Apartments,"Phoenix-Mesa-Scottsdale, AZ",4033,2x2,1063,2090,12/21/2024,False
Audere Apartments,"Phoenix-Mesa-Scottsdale, AZ",4033,2x2,1063,2090,12/22/2024,False
Audere Apartments,"Phoenix-Mesa-Scottsdale, AZ",4033,2x2,1063,2130,12/23/2024,False
Audere Apartments,"Phoenix-Mesa-Scottsdale, AZ",4033,2x2,1063,2104,12/24/2024,False
Audere Apartments,"Phoenix-Mesa-Scottsdale, AZ",4033,2x2,1063,2064,12/25/2024,False
Audere Apartments,"Phoenix-Mesa-Scottsdale, AZ",4033,2x2,1063,2025,12/26/2024,False
Audere Apartments,"Phoenix-Mesa-Scottsdale, AZ",4033,2x2,1063,2064,12/27/2024,False
Audere Apartments,"Phoenix-Mesa-Scottsdale, AZ",4033,2x2,1063,2064,12/28/2024,False
Audere Apartments,"Phoenix-Mesa-Scottsdale, AZ",4033,2x2,1063,2064,12/29/2024,False
Audere Apartments,"Phoenix-Mesa-Scottsdale, AZ",4033,2x2,1063,2025,12/30/2024,False
Audere Apartments,"Phoenix-Mesa-Scottsdale, AZ",4033,2x2,1063,1986,12/31/2024,False
Audere Apartments,"Phoenix-Mesa-Scottsdale, AZ",4033,2x2,1063,2024,01/01/2025,False
Audere Apartments,"Phoenix-Mesa-Scottsdale, AZ",4033,2x2,1063,1992,01/02/2025,False
Audere Apartments,"Phoenix-Mesa-Scottsdale, AZ",4033,2x2,1063,1954,01/03/2025,False
Audere Apartments,"Phoenix-Mesa-Scottsdale, AZ",4033,2x2,1063,1999,01/04/2025,False
Audere Apartments,"Phoenix-Mesa-Scottsdale, AZ",4033,2x2,1063,1999,01/05/2025,False
Audere Apartments,"Phoenix-Mesa-Scottsdale, AZ",4033,2x2,1063,1961,01/06/2025,False
Audere Apartments,"Phoenix-Mesa-Scottsdale, AZ",4033,2x2,1063,1924,01/07/2025,False
Audere Apartments,"Phoenix-Mesa-Scottsdale, AZ",4033,2x2,1063,1888,01/08/2025,False
Audere Apartments,"Phoenix-Mesa-Scottsdale, AZ",4033,2x2,1063,1852,01/09/2025,False
Audere Apartments,"Phoenix-Mesa-Scottsdale, AZ",4033,2x2,1063,1926,01/10/2025,False
Audere Apartments,"Phoenix-Mesa-Scottsdale, AZ",4033,2x2,1063,1927,01/11/2025,False
Audere Apartments,"Phoenix-Mesa-Scottsdale, AZ",4033,2x2,1063,1927,01/12/2025,False
Audere Apartments,"Phoenix-Mesa-Scottsdale, AZ",4033,2x2,1063,1927,01/13/2025,False
Audere Apartments,"Phoenix-Mesa-Scottsdale, AZ",4033,2x2,1063,1927,01/14/2025,False
Audere Apartments,"Phoenix-Mesa-Scottsdale, AZ",4033,2x2,1063,2019,01/15/2025,False
Audere Apartments,"Phoenix-Mesa-Scottsdale, AZ",4033,2x2,1063,2019,01/16/2025,False
Audere Apartments,"Phoenix-Mesa-Scottsdale, AZ",4033,2x2,1063,2019,01/17/2025,False
Audere Apartments,"Phoenix-Mesa-Scottsdale, AZ",4033,2x2,1063,2019,01/18/2025,False
Audere Apartments,"Phoenix-Mesa-Scottsdale, AZ",4033,2x2,1063,2019,01/19/2025,False
Audere Apartments,"Phoenix-Mesa-Scottsdale, AZ",4033,2x2,1063,2038,01/20/2025,False
Audere Apartments,"Phoenix-Mesa-Scottsdale, AZ",4033,2x2,1063,2057,01/21/2025,False
Audere Apartments,"Phoenix-Mesa-Scottsdale, AZ",4033,2x2,1063,2057,01/22/2025,False
Audere Apartments,"Phoenix-Mesa-Scottsdale, AZ",4033,2x2,1063,2037,01/23/2025,False
Audere Apartments,"Phoenix-Mesa-Scottsdale, AZ",4033,2x2,1063,2018,01/24/2025,False
Audere Apartments,"Phoenix-Mesa-Scottsdale, AZ",4033,2x2,1063,2004,01/25/2025,False
Audere Apartments,"Phoenix-Mesa-Scottsdale, AZ",4033,2x2,1063,2004,01/26/2025,False
Audere Apartments,"Phoenix-Mesa-Scottsdale, AZ",4033,2x2,1063,2004,01/27/2025,False
Audere Apartments,"Phoenix-Mesa-Scottsdale, AZ",4033,2x2,1063,2010,01/28/2025,False
Audere Apartments,"Phoenix-Mesa-Scottsdale, AZ",4033,2x2,1063,1991,01/29/2025,False
Audere Apartments,"Phoenix-Mesa-Scottsdale, AZ",4033,2x2,1063,1972,01/30/2025,False
Audere Apartments,"Phoenix-Mesa-Scottsdale, AZ",4033,2x2,1063,1953,01/31/2025,False
Audere Apartments,"Phoenix-Mesa-Scottsdale, AZ",4033,2x2,1063,1953,02/01/2025,False
Audere Apartments,"Phoenix-Mesa-Scottsdale, AZ",4033,2x2,1063,1953,02/02/2025,False
Audere Apartments,"Phoenix-Mesa-Scottsdale, AZ",4033,2x2,1063,1935,02/03/2025,False
Audere Apartments,"Phoenix-Mesa-Scottsdale, AZ",4033,2x2,1063,1935,02/04/2025,False
Audere Apartments,"Phoenix-Mesa-Scottsdale, AZ",4033,2x2,1063,1935,02/05/2025,False
Audere Apartments,"Phoenix-Mesa-Scottsdale, AZ",4033,2x2,1063,1935,02/06/2025,False
Audere Apartments,"Phoenix-Mesa-Scottsdale, AZ",4033,2x2,1063,1917,02/07/2025,False
Audere Apartments,"Phoenix-Mesa-Scottsdale, AZ",4033,2x2,1063,1917,02/08/2025,False
Audere Apartments,"Phoenix-Mesa-Scottsdale, AZ",4033,2x2,1063,1917,02/09/2025,False
Audere Apartments,"Phoenix-Mesa-Scottsdale, AZ",4033,2x2,1063,1899,02/10/2025,False
Audere Apartments,"Phoenix-Mesa-Scottsdale, AZ",4033,2x2,1063,1881,02/11/2025,False
Audere Apartments,"Phoenix-Mesa-Scottsdale, AZ",4033,2x2,1063,1863,02/12/2025,False
Audere Apartments,"Phoenix-Mesa-Scottsdale, AZ",4033,2x2,1063,1845,02/13/2025,False
Audere Apartments,"Phoenix-Mesa-Scottsdale, AZ",4033,2x2,1063,1894,02/14/2025,False
Audere Apartments,"Phoenix-Mesa-Scottsdale, AZ",4033,2x2,1063,1894,02/15/2025,False
Audere Apartments,"Phoenix-Mesa-Scottsdale, AZ",4033,2x2,1063,1894,02/16/2025,False
Audere Apartments,"Phoenix-Mesa-Scottsdale, AZ",4033,2x2,1063,1912,02/17/2025,False
Audere Apartments,"Phoenix-Mesa-Scottsdale, AZ",4033,2x2,1063,1930,02/18/2025,False
Audere Apartments,"Phoenix-Mesa-Scottsdale, AZ",4033,2x2,1063,1948,02/19/2025,False
Audere Apartments,"Phoenix-Mesa-Scottsdale, AZ",4033,2x2,1063,1966,02/20/2025,False
Audere Apartments,"Phoenix-Mesa-Scottsdale, AZ",4033,2x2,1063,1985,02/21/2025,False
Audere Apartments,"Phoenix-Mesa-Scottsdale, AZ",4033,2x2,1063,1985,02/22/2025,False
Audere Apartments,"Phoenix-Mesa-Scottsdale, AZ",4033,2x2,1063,1985,02/23/2025,False
Audere Apartments,"Phoenix-Mesa-Scottsdale, AZ",4033,2x2,1063,2004,02/24/2025,False
Audere Apartments,"Phoenix-Mesa-Scottsdale, AZ",4033,2x2,1063,2023,02/25/2025,False
Audere Apartments,"Phoenix-Mesa-Scottsdale, AZ",4033,2x2,1063,2042,02/26/2025,False
Audere Apartments,"Phoenix-Mesa-Scottsdale, AZ",4033,2x2,1063,2042,02/27/2025,True
Audere Apartments,"Phoenix-Mesa-Scottsdale, AZ",4034,2x2,1040,2002,06/17/2024,False
Audere Apartments,"Phoenix-Mesa-Scottsdale, AZ",4034,2x2,1040,2002,06/18/2024,False
Audere Apartments,"Phoenix-Mesa-Scottsdale, AZ",4034,2x2,1040,2002,06/19/2024,False
Audere Apartments,"Phoenix-Mesa-Scottsdale, AZ",4034,2x2,1040,2002,06/20/2024,False
Audere Apartments,"Phoenix-Mesa-Scottsdale, AZ",4034,2x2,1040,1921,06/21/2024,False
Audere Apartments,"Phoenix-Mesa-Scottsdale, AZ",4034,2x2,1040,1921,06/22/2024,False
Audere Apartments,"Phoenix-Mesa-Scottsdale, AZ",4034,2x2,1040,1921,06/23/2024,False
Audere Apartments,"Phoenix-Mesa-Scottsdale, AZ",4034,2x2,1040,1881,06/24/2024,False
Audere Apartments,"Phoenix-Mesa-Scottsdale, AZ",4034,2x2,1040,1920,06/25/2024,False
Audere Apartments,"Phoenix-Mesa-Scottsdale, AZ",4034,2x2,1040,1920,06/26/2024,False
Audere Apartments,"Phoenix-Mesa-Scottsdale, AZ",4034,2x2,1040,1960,06/27/2024,False
Audere Apartments,"Phoenix-Mesa-Scottsdale, AZ",4034,2x2,1040,1960,06/28/2024,False
Audere Apartments,"Phoenix-Mesa-Scottsdale, AZ",4034,2x2,1040,1960,06/29/2024,False
Audere Apartments,"Phoenix-Mesa-Scottsdale, AZ",4034,2x2,1040,1960,06/30/2024,False
Audere Apartments,"Phoenix-Mesa-Scottsdale, AZ",4034,2x2,1040,2000,07/01/2024,False
Audere Apartments,"Phoenix-Mesa-Scottsdale, AZ",4034,2x2,1040,2041,07/02/2024,False
Audere Apartments,"Phoenix-Mesa-Scottsdale, AZ",4034,2x2,1040,2066,07/03/2024,False
Audere Apartments,"Phoenix-Mesa-Scottsdale, AZ",4034,2x2,1040,2069,07/04/2024,False
Audere Apartments,"Phoenix-Mesa-Scottsdale, AZ",4034,2x2,1040,2069,07/05/2024,False
Audere Apartments,"Phoenix-Mesa-Scottsdale, AZ",4034,2x2,1040,2069,07/06/2024,False
Audere Apartments,"Phoenix-Mesa-Scottsdale, AZ",4034,2x2,1040,2069,07/07/2024,False
Audere Apartments,"Phoenix-Mesa-Scottsdale, AZ",4034,2x2,1040,2112,07/08/2024,False
Audere Apartments,"Phoenix-Mesa-Scottsdale, AZ",4034,2x2,1040,2112,07/09/2024,False
Audere Apartments,"Phoenix-Mesa-Scottsdale, AZ",4034,2x2,1040,2069,07/10/2024,False
Audere Apartments,"Phoenix-Mesa-Scottsdale, AZ",4034,2x2,1040,2026,07/11/2024,False
Audere Apartments,"Phoenix-Mesa-Scottsdale, AZ",4034,2x2,1040,1984,07/12/2024,False
Audere Apartments,"Phoenix-Mesa-Scottsdale, AZ",4034,2x2,1040,1984,07/13/2024,False
Audere Apartments,"Phoenix-Mesa-Scottsdale, AZ",4034,2x2,1040,1984,07/14/2024,False
Audere Apartments,"Phoenix-Mesa-Scottsdale, AZ",4034,2x2,1040,1960,07/15/2024,False
Audere Apartments,"Phoenix-Mesa-Scottsdale, AZ",4034,2x2,1040,1920,07/16/2024,False
Audere Apartments,"Phoenix-Mesa-Scottsdale, AZ",4034,2x2,1040,1920,07/17/2024,False
Audere Apartments,"Phoenix-Mesa-Scottsdale, AZ",4034,2x2,1040,1880,07/18/2024,False
Audere Apartments,"Phoenix-Mesa-Scottsdale, AZ",4034,2x2,1040,1841,07/19/2024,False
Audere Apartments,"Phoenix-Mesa-Scottsdale, AZ",4034,2x2,1040,1841,07/20/2024,False
Audere Apartments,"Phoenix-Mesa-Scottsdale, AZ",4034,2x2,1040,1841,07/21/2024,False
Audere Apartments,"Phoenix-Mesa-Scottsdale, AZ",4034,2x2,1040,1818,07/22/2024,False
Audere Apartments,"Phoenix-Mesa-Scottsdale, AZ",4034,2x2,1040,1781,07/23/2024,False
Audere Apartments,"Phoenix-Mesa-Scottsdale, AZ",4034,2x2,1040,1744,07/24/2024,False
Audere Apartments,"Phoenix-Mesa-Scottsdale, AZ",4034,2x2,1040,1744,07/25/2024,False
Audere Apartments,"Phoenix-Mesa-Scottsdale, AZ",4034,2x2,1040,1744,07/26/2024,True
Audere Apartments,"Phoenix-Mesa-Scottsdale, AZ",4035,2x2,1063,2292,07/09/2024,False
Audere Apartments,"Phoenix-Mesa-Scottsdale, AZ",4035,2x2,1063,2249,07/10/2024,False
Audere Apartments,"Phoenix-Mesa-Scottsdale, AZ",4035,2x2,1063,2206,07/11/2024,False
Audere Apartments,"Phoenix-Mesa-Scottsdale, AZ",4035,2x2,1063,2164,07/12/2024,False
Audere Apartments,"Phoenix-Mesa-Scottsdale, AZ",4035,2x2,1063,2164,07/13/2024,False
Audere Apartments,"Phoenix-Mesa-Scottsdale, AZ",4035,2x2,1063,2164,07/14/2024,False
Audere Apartments,"Phoenix-Mesa-Scottsdale, AZ",4035,2x2,1063,2140,07/15/2024,False
Audere Apartments,"Phoenix-Mesa-Scottsdale, AZ",4035,2x2,1063,2100,07/16/2024,False
Audere Apartments,"Phoenix-Mesa-Scottsdale, AZ",4035,2x2,1063,2100,07/17/2024,False
Audere Apartments,"Phoenix-Mesa-Scottsdale, AZ",4035,2x2,1063,2060,07/18/2024,False
Audere Apartments,"Phoenix-Mesa-Scottsdale, AZ",4035,2x2,1063,2020,07/19/2024,False
Audere Apartments,"Phoenix-Mesa-Scottsdale, AZ",4035,2x2,1063,2020,07/20/2024,False
Audere Apartments,"Phoenix-Mesa-Scottsdale, AZ",4035,2x2,1063,2020,07/21/2024,False
Audere Apartments,"Phoenix-Mesa-Scottsdale, AZ",4035,2x2,1063,1997,07/22/2024,False
Audere Apartments,"Phoenix-Mesa-Scottsdale, AZ",4035,2x2,1063,1960,07/23/2024,False
Audere Apartments,"Phoenix-Mesa-Scottsdale, AZ",4035,2x2,1063,1923,07/24/2024,False
Audere Apartments,"Phoenix-Mesa-Scottsdale, AZ",4035,2x2,1063,1923,07/25/2024,False
Audere Apartments,"Phoenix-Mesa-Scottsdale, AZ",4035,2x2,1063,1947,07/26/2024,False
Audere Apartments,"Phoenix-Mesa-Scottsdale, AZ",4035,2x2,1063,1947,07/27/2024,False
Audere Apartments,"Phoenix-Mesa-Scottsdale, AZ",4035,2x2,1063,1947,07/28/2024,False
Audere Apartments,"Phoenix-Mesa-Scottsdale, AZ",4035,2x2,1063,1947,07/29/2024,False
Audere Apartments,"Phoenix-Mesa-Scottsdale, AZ",4035,2x2,1063,1947,07/30/2024,False
Audere Apartments,"Phoenix-Mesa-Scottsdale, AZ",4035,2x2,1063,1947,07/31/2024,False
Audere Apartments,"Phoenix-Mesa-Scottsdale, AZ",4035,2x2,1063,1947,08/01/2024,False
Audere Apartments,"Phoenix-Mesa-Scottsdale, AZ",4035,2x2,1063,1920,08/02/2024,False
Audere Apartments,"Phoenix-Mesa-Scottsdale, AZ",4035,2x2,1063,1913,08/03/2024,False
Audere Apartments,"Phoenix-Mesa-Scottsdale, AZ",4035,2x2,1063,1907,08/04/2024,False
Audere Apartments,"Phoenix-Mesa-Scottsdale, AZ",4035,2x2,1063,1900,08/05/2024,False
Audere Apartments,"Phoenix-Mesa-Scottsdale, AZ",4035,2x2,1063,1863,08/06/2024,False
Audere Apartments,"Phoenix-Mesa-Scottsdale, AZ",4035,2x2,1063,1856,08/07/2024,False
Audere Apartments,"Phoenix-Mesa-Scottsdale, AZ",4035,2x2,1063,1878,08/08/2024,False
Audere Apartments,"Phoenix-Mesa-Scottsdale, AZ",4035,2x2,1063,1874,08/09/2024,False
Audere Apartments,"Phoenix-Mesa-Scottsdale, AZ",4035,2x2,1063,1869,08/10/2024,False
Audere Apartments,"Phoenix-Mesa-Scottsdale, AZ",4035,2x2,1063,1863,08/11/2024,False
Audere Apartments,"Phoenix-Mesa-Scottsdale, AZ",4035,2x2,1063,1892,08/12/2024,False
Audere Apartments,"Phoenix-Mesa-Scottsdale, AZ",4035,2x2,1063,1908,08/13/2024,False
Audere Apartments,"Phoenix-Mesa-Scottsdale, AZ",4035,2x2,1063,1945,08/14/2024,False
Audere Apartments,"Phoenix-Mesa-Scottsdale, AZ",4035,2x2,1063,1948,08/15/2024,False
Audere Apartments,"Phoenix-Mesa-Scottsdale, AZ",4035,2x2,1063,1870,08/16/2024,False
Audere Apartments,"Phoenix-Mesa-Scottsdale, AZ",4035,2x2,1063,1870,08/17/2024,False
Audere Apartments,"Phoenix-Mesa-Scottsdale, AZ",4035,2x2,1063,1870,08/18/2024,False
Audere Apartments,"Phoenix-Mesa-Scottsdale, AZ",4035,2x2,1063,1905,08/19/2024,False
Audere Apartments,"Phoenix-Mesa-Scottsdale, AZ",4035,2x2,1063,1940,08/20/2024,False
Audere Apartments,"Phoenix-Mesa-Scottsdale, AZ",4035,2x2,1063,1978,08/21/2024,False
Audere Apartments,"Phoenix-Mesa-Scottsdale, AZ",4035,2x2,1063,2015,08/22/2024,False
Audere Apartments,"Phoenix-Mesa-Scottsdale, AZ",4035,2x2,1063,2015,08/23/2024,False
Audere Apartments,"Phoenix-Mesa-Scottsdale, AZ",4035,2x2,1063,2015,08/24/2024,False
Audere Apartments,"Phoenix-Mesa-Scottsdale, AZ",4035,2x2,1063,2015,08/25/2024,False
Audere Apartments,"Phoenix-Mesa-Scottsdale, AZ",4035,2x2,1063,1978,08/26/2024,False
Audere Apartments,"Phoenix-Mesa-Scottsdale, AZ",4035,2x2,1063,1939,08/27/2024,False
Audere Apartments,"Phoenix-Mesa-Scottsdale, AZ",4035,2x2,1063,1985,08/28/2024,False
Audere Apartments,"Phoenix-Mesa-Scottsdale, AZ",4035,2x2,1063,2022,08/29/2024,False
Audere Apartments,"Phoenix-Mesa-Scottsdale, AZ",4035,2x2,1063,1969,08/30/2024,False
Audere Apartments,"Phoenix-Mesa-Scottsdale, AZ",4035,2x2,1063,1969,08/31/2024,False
Audere Apartments,"Phoenix-Mesa-Scottsdale, AZ",4035,2x2,1063,1969,09/01/2024,False
Audere Apartments,"Phoenix-Mesa-Scottsdale, AZ",4035,2x2,1063,2019,09/02/2024,False
Audere Apartments,"Phoenix-Mesa-Scottsdale, AZ",4035,2x2,1063,2060,09/03/2024,False
Audere Apartments,"Phoenix-Mesa-Scottsdale, AZ",4035,2x2,1063,2079,09/04/2024,False
Audere Apartments,"Phoenix-Mesa-Scottsdale, AZ",4035,2x2,1063,2040,09/05/2024,False
Audere Apartments,"Phoenix-Mesa-Scottsdale, AZ",4035,2x2,1063,1986,09/06/2024,False
Audere Apartments,"Phoenix-Mesa-Scottsdale, AZ",4035,2x2,1063,1986,09/07/2024,False
Audere Apartments,"Phoenix-Mesa-Scottsdale, AZ",4035,2x2,1063,1986,09/08/2024,False
Audere Apartments,"Phoenix-Mesa-Scottsdale, AZ",4035,2x2,1063,1949,09/09/2024,False
Audere Apartments,"Phoenix-Mesa-Scottsdale, AZ",4035,2x2,1063,1912,09/10/2024,False
Audere Apartments,"Phoenix-Mesa-Scottsdale, AZ",4035,2x2,1063,1912,09/11/2024,False
Audere Apartments,"Phoenix-Mesa-Scottsdale, AZ",4035,2x2,1063,1876,09/12/2024,False
Audere Apartments,"Phoenix-Mesa-Scottsdale, AZ",4035,2x2,1063,1876,09/13/2024,False
Audere Apartments,"Phoenix-Mesa-Scottsdale, AZ",4035,2x2,1063,1876,09/14/2024,False
Audere Apartments,"Phoenix-Mesa-Scottsdale, AZ",4035,2x2,1063,1876,09/15/2024,False
Audere Apartments,"Phoenix-Mesa-Scottsdale, AZ",4035,2x2,1063,1841,09/16/2024,False
Audere Apartments,"Phoenix-Mesa-Scottsdale, AZ",4035,2x2,1063,1841,09/17/2024,False
Audere Apartments,"Phoenix-Mesa-Scottsdale, AZ",4035,2x2,1063,1806,09/18/2024,False
Audere Apartments,"Phoenix-Mesa-Scottsdale, AZ",4035,2x2,1063,1788,09/19/2024,False
Audere Apartments,"Phoenix-Mesa-Scottsdale, AZ",4035,2x2,1063,1788,09/20/2024,False
Audere Apartments,"Phoenix-Mesa-Scottsdale, AZ",4035,2x2,1063,1793,09/21/2024,False
Audere Apartments,"Phoenix-Mesa-Scottsdale, AZ",4035,2x2,1063,1793,09/22/2024,False
Audere Apartments,"Phoenix-Mesa-Scottsdale, AZ",4035,2x2,1063,1793,09/23/2024,False
Audere Apartments,"Phoenix-Mesa-Scottsdale, AZ",4035,2x2,1063,1795,09/24/2024,False
Audere Apartments,"Phoenix-Mesa-Scottsdale, AZ",4035,2x2,1063,1812,09/25/2024,False
Audere Apartments,"Phoenix-Mesa-Scottsdale, AZ",4035,2x2,1063,1840,09/26/2024,False
Audere Apartments,"Phoenix-Mesa-Scottsdale, AZ",4035,2x2,1063,1840,09/27/2024,False
Audere Apartments,"Phoenix-Mesa-Scottsdale, AZ",4035,2x2,1063,1840,09/28/2024,False
Audere Apartments,"Phoenix-Mesa-Scottsdale, AZ",4035,2x2,1063,1840,09/29/2024,False
Audere Apartments,"Phoenix-Mesa-Scottsdale, AZ",4035,2x2,1063,1840,09/30/2024,False
Audere Apartments,"Phoenix-Mesa-Scottsdale, AZ",4035,2x2,1063,1794,10/01/2024,False
Audere Apartments,"Phoenix-Mesa-Scottsdale, AZ",4035,2x2,1063,1768,10/02/2024,False
Audere Apartments,"Phoenix-Mesa-Scottsdale, AZ",4035,2x2,1063,1778,10/03/2024,False
Audere Apartments,"Phoenix-Mesa-Scottsdale, AZ",4035,2x2,1063,1778,10/04/2024,False
Audere Apartments,"Phoenix-Mesa-Scottsdale, AZ",4035,2x2,1063,1778,10/05/2024,False
Audere Apartments,"Phoenix-Mesa-Scottsdale, AZ",4035,2x2,1063,1778,10/06/2024,False
Audere Apartments,"Phoenix-Mesa-Scottsdale, AZ",4035,2x2,1063,1795,10/07/2024,False
Audere Apartments,"Phoenix-Mesa-Scottsdale, AZ",4035,2x2,1063,1795,10/08/2024,True
Audere Apartments,"Phoenix-Mesa-Scottsdale, AZ",4035,2x2,1063,1969,04/01/2025,False
Audere Apartments,"Phoenix-Mesa-Scottsdale, AZ",4035,2x2,1063,1950,04/02/2025,False
Audere Apartments,"Phoenix-Mesa-Scottsdale, AZ",4035,2x2,1063,1931,04/03/2025,False
Audere Apartments,"Phoenix-Mesa-Scottsdale, AZ",4035,2x2,1063,1912,04/04/2025,False
Audere Apartments,"Phoenix-Mesa-Scottsdale, AZ",4035,2x2,1063,1912,04/05/2025,False
Audere Apartments,"Phoenix-Mesa-Scottsdale, AZ",4035,2x2,1063,1912,04/06/2025,False
Audere Apartments,"Phoenix-Mesa-Scottsdale, AZ",4035,2x2,1063,1930,04/07/2025,False
Audere Apartments,"Phoenix-Mesa-Scottsdale, AZ",4035,2x2,1063,1949,04/08/2025,False
Audere Apartments,"Phoenix-Mesa-Scottsdale, AZ",4035,2x2,1063,1968,04/09/2025,False
Audere Apartments,"Phoenix-Mesa-Scottsdale, AZ",4035,2x2,1063,2008,04/10/2025,False
Audere Apartments,"Phoenix-Mesa-Scottsdale, AZ",4035,2x2,1063,2008,04/11/2025,False
Audere Apartments,"Phoenix-Mesa-Scottsdale, AZ",4035,2x2,1063,2008,04/12/2025,False
Audere Apartments,"Phoenix-Mesa-Scottsdale, AZ",4035,2x2,1063,2008,04/13/2025,False
Audere Apartments,"Phoenix-Mesa-Scottsdale, AZ",4035,2x2,1063,2027,04/14/2025,False
Audere Apartments,"Phoenix-Mesa-Scottsdale, AZ",4035,2x2,1063,2046,04/15/2025,False
Audere Apartments,"Phoenix-Mesa-Scottsdale, AZ",4035,2x2,1063,2065,04/16/2025,False
Audere Apartments,"Phoenix-Mesa-Scottsdale, AZ",4035,2x2,1063,2085,04/17/2025,False
Audere Apartments,"Phoenix-Mesa-Scottsdale, AZ",4035,2x2,1063,1987,04/18/2025,False
Audere Apartments,"Phoenix-Mesa-Scottsdale, AZ",4035,2x2,1063,1987,04/19/2025,False
Audere Apartments,"Phoenix-Mesa-Scottsdale, AZ",4035,2x2,1063,1987,04/20/2025,False
Audere Apartments,"Phoenix-Mesa-Scottsdale, AZ",4035,2x2,1063,2006,04/21/2025,False
Audere Apartments,"Phoenix-Mesa-Scottsdale, AZ",4035,2x2,1063,2025,04/22/2025,False
Audere Apartments,"Phoenix-Mesa-Scottsdale, AZ",4035,2x2,1063,2044,04/23/2025,False
Audere Apartments,"Phoenix-Mesa-Scottsdale, AZ",4035,2x2,1063,2044,04/24/2025,True
Audere Apartments,"Phoenix-Mesa-Scottsdale, AZ",4038,2x2,1040,2020,04/25/2024,False
Audere Apartments,"Phoenix-Mesa-Scottsdale, AZ",4038,2x2,1040,2033,04/26/2024,False
Audere Apartments,"Phoenix-Mesa-Scottsdale, AZ",4038,2x2,1040,1939,04/27/2024,False
Audere Apartments,"Phoenix-Mesa-Scottsdale, AZ",4038,2x2,1040,1939,04/28/2024,False
Audere Apartments,"Phoenix-Mesa-Scottsdale, AZ",4038,2x2,1040,1884,04/29/2024,False
Audere Apartments,"Phoenix-Mesa-Scottsdale, AZ",4038,2x2,1040,1852,04/30/2024,False
Audere Apartments,"Phoenix-Mesa-Scottsdale, AZ",4038,2x2,1040,1755,05/01/2024,False
Audere Apartments,"Phoenix-Mesa-Scottsdale, AZ",4038,2x2,1040,1831,05/02/2024,False
Audere Apartments,"Phoenix-Mesa-Scottsdale, AZ",4038,2x2,1040,1831,05/03/2024,True
Audere Apartments,"Phoenix-Mesa-Scottsdale, AZ",4039,1x1,691,1660,07/12/2023,False
Audere Apartments,"Phoenix-Mesa-Scottsdale, AZ",4039,1x1,691,1660,07/13/2023,False
Audere Apartments,"Phoenix-Mesa-Scottsdale, AZ",4039,1x1,691,1660,07/14/2023,False
Audere Apartments,"Phoenix-Mesa-Scottsdale, AZ",4039,1x1,691,1625,07/15/2023,False
Audere Apartments,"Phoenix-Mesa-Scottsdale, AZ",4039,1x1,691,1620,07/16/2023,False
Audere Apartments,"Phoenix-Mesa-Scottsdale, AZ",4039,1x1,691,1620,07/17/2023,False
Audere Apartments,"Phoenix-Mesa-Scottsdale, AZ",4039,1x1,691,1620,07/18/2023,False
Audere Apartments,"Phoenix-Mesa-Scottsdale, AZ",4039,1x1,691,1600,07/19/2023,False
Audere Apartments,"Phoenix-Mesa-Scottsdale, AZ",4039,1x1,691,1600,07/20/2023,False
Audere Apartments,"Phoenix-Mesa-Scottsdale, AZ",4039,1x1,691,1595,07/21/2023,False
Audere Apartments,"Phoenix-Mesa-Scottsdale, AZ",4039,1x1,691,1595,07/22/2023,False
Audere Apartments,"Phoenix-Mesa-Scottsdale, AZ",4039,1x1,691,1605,07/23/2023,False
Audere Apartments,"Phoenix-Mesa-Scottsdale, AZ",4039,1x1,691,1615,07/24/2023,False
Audere Apartments,"Phoenix-Mesa-Scottsdale, AZ",4039,1x1,691,1620,07/25/2023,False
Audere Apartments,"Phoenix-Mesa-Scottsdale, AZ",4039,1x1,691,1620,07/26/2023,False
Audere Apartments,"Phoenix-Mesa-Scottsdale, AZ",4039,1x1,691,1660,07/27/2023,False
Audere Apartments,"Phoenix-Mesa-Scottsdale, AZ",4039,1x1,691,1700,07/28/2023,False
Audere Apartments,"Phoenix-Mesa-Scottsdale, AZ",4039,1x1,691,1710,07/29/2023,False
Audere Apartments,"Phoenix-Mesa-Scottsdale, AZ",4039,1x1,691,1680,07/30/2023,False
Audere Apartments,"Phoenix-Mesa-Scottsdale, AZ",4039,1x1,691,1675,07/31/2023,False
Audere Apartments,"Phoenix-Mesa-Scottsdale, AZ",4039,1x1,691,1685,08/01/2023,False
Audere Apartments,"Phoenix-Mesa-Scottsdale, AZ",4039,1x1,691,1650,08/02/2023,False
Audere Apartments,"Phoenix-Mesa-Scottsdale, AZ",4039,1x1,691,1650,08/03/2023,False
Audere Apartments,"Phoenix-Mesa-Scottsdale, AZ",4039,1x1,691,1650,08/04/2023,False
Audere Apartments,"Phoenix-Mesa-Scottsdale, AZ",4039,1x1,691,1660,08/05/2023,False
Audere Apartments,"Phoenix-Mesa-Scottsdale, AZ",4039,1x1,691,1660,08/06/2023,False
Audere Apartments,"Phoenix-Mesa-Scottsdale, AZ",4039,1x1,691,1655,08/07/2023,False
Audere Apartments,"Phoenix-Mesa-Scottsdale, AZ",4039,1x1,691,1670,08/08/2023,False
Audere Apartments,"Phoenix-Mesa-Scottsdale, AZ",4039,1x1,691,1590,08/09/2023,False
Audere Apartments,"Phoenix-Mesa-Scottsdale, AZ",4039,1x1,691,1605,08/10/2023,False
Audere Apartments,"Phoenix-Mesa-Scottsdale, AZ",4039,1x1,691,1600,08/11/2023,False
Audere Apartments,"Phoenix-Mesa-Scottsdale, AZ",4039,1x1,691,1600,08/12/2023,False
Audere Apartments,"Phoenix-Mesa-Scottsdale, AZ",4039,1x1,691,1595,08/13/2023,False
Audere Apartments,"Phoenix-Mesa-Scottsdale, AZ",4039,1x1,691,1595,08/14/2023,False
Audere Apartments,"Phoenix-Mesa-Scottsdale, AZ",4039,1x1,691,1595,08/15/2023,False
Audere Apartments,"Phoenix-Mesa-Scottsdale, AZ",4039,1x1,691,1595,08/16/2023,False
Audere Apartments,"Phoenix-Mesa-Scottsdale, AZ",4039,1x1,691,1605,08/17/2023,False
Audere Apartments,"Phoenix-Mesa-Scottsdale, AZ",4039,1x1,691,1605,08/18/2023,False
Audere Apartments,"Phoenix-Mesa-Scottsdale, AZ",4039,1x1,691,1595,08/19/2023,False
Audere Apartments,"Phoenix-Mesa-Scottsdale, AZ",4039,1x1,691,1595,08/20/2023,False
Audere Apartments,"Phoenix-Mesa-Scottsdale, AZ",4039,1x1,691,1595,08/21/2023,False
Audere Apartments,"Phoenix-Mesa-Scottsdale, AZ",4039,1x1,691,1605,08/22/2023,False
Audere Apartments,"Phoenix-Mesa-Scottsdale, AZ",4039,1x1,691,1605,08/23/2023,False
Audere Apartments,"Phoenix-Mesa-Scottsdale, AZ",4039,1x1,691,1560,08/24/2023,False
Audere Apartments,"Phoenix-Mesa-Scottsdale, AZ",4039,1x1,691,1560,08/25/2023,False
Audere Apartments,"Phoenix-Mesa-Scottsdale, AZ",4039,1x1,691,1580,08/26/2023,False
Audere Apartments,"Phoenix-Mesa-Scottsdale, AZ",4039,1x1,691,1575,08/27/2023,False
Audere Apartments,"Phoenix-Mesa-Scottsdale, AZ",4039,1x1,691,1575,08/28/2023,False
Audere Apartments,"Phoenix-Mesa-Scottsdale, AZ",4039,1x1,691,1590,08/29/2023,False
Audere Apartments,"Phoenix-Mesa-Scottsdale, AZ",4039,1x1,691,1600,08/30/2023,False
Audere Apartments,"Phoenix-Mesa-Scottsdale, AZ",4039,1x1,691,1570,08/31/2023,False
Audere Apartments,"Phoenix-Mesa-Scottsdale, AZ",4039,1x1,691,1560,09/01/2023,False
Audere Apartments,"Phoenix-Mesa-Scottsdale, AZ",4039,1x1,691,1555,09/02/2023,False
Audere Apartments,"Phoenix-Mesa-Scottsdale, AZ",4039,1x1,691,1550,09/03/2023,False
Audere Apartments,"Phoenix-Mesa-Scottsdale, AZ",4039,1x1,691,1560,09/04/2023,False
Audere Apartments,"Phoenix-Mesa-Scottsdale, AZ",4039,1x1,691,1565,09/05/2023,False
Audere Apartments,"Phoenix-Mesa-Scottsdale, AZ",4039,1x1,691,1560,09/06/2023,False
Audere Apartments,"Phoenix-Mesa-Scottsdale, AZ",4039,1x1,691,1530,09/07/2023,False
Audere Apartments,"Phoenix-Mesa-Scottsdale, AZ",4039,1x1,691,1515,09/08/2023,False
Audere Apartments,"Phoenix-Mesa-Scottsdale, AZ",4039,1x1,691,1515,09/09/2023,False
Audere Apartments,"Phoenix-Mesa-Scottsdale, AZ",4039,1x1,691,1515,09/10/2023,False
Audere Apartments,"Phoenix-Mesa-Scottsdale, AZ",4039,1x1,691,1515,09/11/2023,False
Audere Apartments,"Phoenix-Mesa-Scottsdale, AZ",4039,1x1,691,1520,09/12/2023,False
Audere Apartments,"Phoenix-Mesa-Scottsdale, AZ",4039,1x1,691,1520,09/13/2023,False
Audere Apartments,"Phoenix-Mesa-Scottsdale, AZ",4039,1x1,691,1565,09/14/2023,False
Audere Apartments,"Phoenix-Mesa-Scottsdale, AZ",4039,1x1,691,1555,09/15/2023,False
Audere Apartments,"Phoenix-Mesa-Scottsdale, AZ",4039,1x1,691,1565,09/16/2023,False
Audere Apartments,"Phoenix-Mesa-Scottsdale, AZ",4039,1x1,691,1570,09/17/2023,False
Audere Apartments,"Phoenix-Mesa-Scottsdale, AZ",4039,1x1,691,1595,09/18/2023,False
Audere Apartments,"Phoenix-Mesa-Scottsdale, AZ",4039,1x1,691,1600,09/19/2023,False
Audere Apartments,"Phoenix-Mesa-Scottsdale, AZ",4039,1x1,691,1600,09/20/2023,False
Audere Apartments,"Phoenix-Mesa-Scottsdale, AZ",4039,1x1,691,1605,09/21/2023,False
Audere Apartments,"Phoenix-Mesa-Scottsdale, AZ",4039,1x1,691,1605,09/22/2023,False
Audere Apartments,"Phoenix-Mesa-Scottsdale, AZ",4039,1x1,691,1600,09/23/2023,False
Audere Apartments,"Phoenix-Mesa-Scottsdale, AZ",4039,1x1,691,1590,09/24/2023,False
Audere Apartments,"Phoenix-Mesa-Scottsdale, AZ",4039,1x1,691,1590,09/25/2023,False
Audere Apartments,"Phoenix-Mesa-Scottsdale, AZ",4039,1x1,691,1605,09/26/2023,False
Audere Apartments,"Phoenix-Mesa-Scottsdale, AZ",4039,1x1,691,1605,09/27/2023,False
Audere Apartments,"Phoenix-Mesa-Scottsdale, AZ",4039,1x1,691,1590,09/28/2023,False
Audere Apartments,"Phoenix-Mesa-Scottsdale, AZ",4039,1x1,691,1585,09/29/2023,False
Audere Apartments,"Phoenix-Mesa-Scottsdale, AZ",4039,1x1,691,1585,09/30/2023,False
Audere Apartments,"Phoenix-Mesa-Scottsdale, AZ",4039,1x1,691,1590,10/01/2023,False
Audere Apartments,"Phoenix-Mesa-Scottsdale, AZ",4039,1x1,691,1590,10/02/2023,False
Audere Apartments,"Phoenix-Mesa-Scottsdale, AZ",4039,1x1,691,1590,10/03/2023,False
Audere Apartments,"Phoenix-Mesa-Scottsdale, AZ",4039,1x1,691,1590,10/04/2023,False
Audere Apartments,"Phoenix-Mesa-Scottsdale, AZ",4039,1x1,691,1590,10/05/2023,False
Audere Apartments,"Phoenix-Mesa-Scottsdale, AZ",4039,1x1,691,1590,10/06/2023,False
Audere Apartments,"Phoenix-Mesa-Scottsdale, AZ",4039,1x1,691,1590,10/07/2023,False
Audere Apartments,"Phoenix-Mesa-Scottsdale, AZ",4039,1x1,691,1590,10/08/2023,False
Audere Apartments,"Phoenix-Mesa-Scottsdale, AZ",4039,1x1,691,1590,10/09/2023,False
Audere Apartments,"Phoenix-Mesa-Scottsdale, AZ",4039,1x1,691,1560,10/10/2023,False
Audere Apartments,"Phoenix-Mesa-Scottsdale, AZ",4039,1x1,691,1590,10/11/2023,False
Audere Apartments,"Phoenix-Mesa-Scottsdale, AZ",4039,1x1,691,1590,10/12/2023,False
Audere Apartments,"Phoenix-Mesa-Scottsdale, AZ",4039,1x1,691,1590,10/13/2023,False
Audere Apartments,"Phoenix-Mesa-Scottsdale, AZ",4039,1x1,691,1590,10/14/2023,False
Audere Apartments,"Phoenix-Mesa-Scottsdale, AZ",4039,1x1,691,1590,10/15/2023,False
Audere Apartments,"Phoenix-Mesa-Scottsdale, AZ",4039,1x1,691,1590,10/16/2023,False
Audere Apartments,"Phoenix-Mesa-Scottsdale, AZ",4039,1x1,691,1625,10/17/2023,False
Audere Apartments,"Phoenix-Mesa-Scottsdale, AZ",4039,1x1,691,1590,10/18/2023,False
Audere Apartments,"Phoenix-Mesa-Scottsdale, AZ",4039,1x1,691,1595,10/19/2023,False
Audere Apartments,"Phoenix-Mesa-Scottsdale, AZ",4039,1x1,691,1575,10/20/2023,False
Audere Apartments,"Phoenix-Mesa-Scottsdale, AZ",4039,1x1,691,1580,10/21/2023,False
Audere Apartments,"Phoenix-Mesa-Scottsdale, AZ",4039,1x1,691,1580,10/22/2023,False
Audere Apartments,"Phoenix-Mesa-Scottsdale, AZ",4039,1x1,691,1580,10/23/2023,False
Audere Apartments,"Phoenix-Mesa-Scottsdale, AZ",4039,1x1,691,1580,10/24/2023,True
Audere Apartments,"Phoenix-Mesa-Scottsdale, AZ",4041,2x2,1063,2140,07/30/2023,False
Audere Apartments,"Phoenix-Mesa-Scottsdale, AZ",4041,2x2,1063,2140,07/31/2023,False
Audere Apartments,"Phoenix-Mesa-Scottsdale, AZ",4041,2x2,1063,2155,08/01/2023,False
Audere Apartments,"Phoenix-Mesa-Scottsdale, AZ",4041,2x2,1063,2115,08/02/2023,False
Audere Apartments,"Phoenix-Mesa-Scottsdale, AZ",4041,2x2,1063,2125,08/03/2023,False
Audere Apartments,"Phoenix-Mesa-Scottsdale, AZ",4041,2x2,1063,2125,08/04/2023,False
Audere Apartments,"Phoenix-Mesa-Scottsdale, AZ",4041,2x2,1063,2130,08/05/2023,False
Audere Apartments,"Phoenix-Mesa-Scottsdale, AZ",4041,2x2,1063,2130,08/06/2023,False
Audere Apartments,"Phoenix-Mesa-Scottsdale, AZ",4041,2x2,1063,2125,08/07/2023,False
Audere Apartments,"Phoenix-Mesa-Scottsdale, AZ",4041,2x2,1063,2135,08/08/2023,False
Audere Apartments,"Phoenix-Mesa-Scottsdale, AZ",4041,2x2,1063,2125,08/09/2023,False
Audere Apartments,"Phoenix-Mesa-Scottsdale, AZ",4041,2x2,1063,2115,08/10/2023,False
Audere Apartments,"Phoenix-Mesa-Scottsdale, AZ",4041,2x2,1063,2105,08/11/2023,False
Audere Apartments,"Phoenix-Mesa-Scottsdale, AZ",4041,2x2,1063,2105,08/12/2023,False
Audere Apartments,"Phoenix-Mesa-Scottsdale, AZ",4041,2x2,1063,2080,08/13/2023,False
Audere Apartments,"Phoenix-Mesa-Scottsdale, AZ",4041,2x2,1063,2070,08/14/2023,False
Audere Apartments,"Phoenix-Mesa-Scottsdale, AZ",4041,2x2,1063,2060,08/15/2023,False
Audere Apartments,"Phoenix-Mesa-Scottsdale, AZ",4041,2x2,1063,2070,08/16/2023,False
Audere Apartments,"Phoenix-Mesa-Scottsdale, AZ",4041,2x2,1063,2070,08/17/2023,True
Audere Apartments,"Phoenix-Mesa-Scottsdale, AZ",4042,1x1,642,1600,05/30/2024,False
Audere Apartments,"Phoenix-Mesa-Scottsdale, AZ",4042,1x1,642,1600,05/31/2024,False
Audere Apartments,"Phoenix-Mesa-Scottsdale, AZ",4042,1x1,642,1600,06/01/2024,False
Audere Apartments,"Phoenix-Mesa-Scottsdale, AZ",4042,1x1,642,1600,06/02/2024,False
Audere Apartments,"Phoenix-Mesa-Scottsdale, AZ",4042,1x1,642,1600,06/03/2024,False
Audere Apartments,"Phoenix-Mesa-Scottsdale, AZ",4042,1x1,642,1600,06/04/2024,False
Audere Apartments,"Phoenix-Mesa-Scottsdale, AZ",4042,1x1,642,1578,06/05/2024,False
Audere Apartments,"Phoenix-Mesa-Scottsdale, AZ",4042,1x1,642,1553,06/06/2024,False
Audere Apartments,"Phoenix-Mesa-Scottsdale, AZ",4042,1x1,642,1553,06/07/2024,False
Audere Apartments,"Phoenix-Mesa-Scottsdale, AZ",4042,1x1,642,1553,06/08/2024,False
Audere Apartments,"Phoenix-Mesa-Scottsdale, AZ",4042,1x1,642,1553,06/09/2024,False
Audere Apartments,"Phoenix-Mesa-Scottsdale, AZ",4042,1x1,642,1505,06/10/2024,False
Audere Apartments,"Phoenix-Mesa-Scottsdale, AZ",4042,1x1,642,1527,06/11/2024,False
Audere Apartments,"Phoenix-Mesa-Scottsdale, AZ",4042,1x1,642,1574,06/12/2024,False
Audere Apartments,"Phoenix-Mesa-Scottsdale, AZ",4042,1x1,642,1574,06/13/2024,False
Audere Apartments,"Phoenix-Mesa-Scottsdale, AZ",4042,1x1,642,1574,06/14/2024,False
Audere Apartments,"Phoenix-Mesa-Scottsdale, AZ",4042,1x1,642,1574,06/15/2024,False
Audere Apartments,"Phoenix-Mesa-Scottsdale, AZ",4042,1x1,642,1574,06/16/2024,False
Audere Apartments,"Phoenix-Mesa-Scottsdale, AZ",4042,1x1,642,1542,06/17/2024,False
Audere Apartments,"Phoenix-Mesa-Scottsdale, AZ",4042,1x1,642,1542,06/18/2024,False
Audere Apartments,"Phoenix-Mesa-Scottsdale, AZ",4042,1x1,642,1542,06/19/2024,False
Audere Apartments,"Phoenix-Mesa-Scottsdale, AZ",4042,1x1,642,1542,06/20/2024,False
Audere Apartments,"Phoenix-Mesa-Scottsdale, AZ",4042,1x1,642,1525,06/21/2024,False
Audere Apartments,"Phoenix-Mesa-Scottsdale, AZ",4042,1x1,642,1525,06/22/2024,False
Audere Apartments,"Phoenix-Mesa-Scottsdale, AZ",4042,1x1,642,1525,06/23/2024,False
Audere Apartments,"Phoenix-Mesa-Scottsdale, AZ",4042,1x1,642,1525,06/24/2024,False
Audere Apartments,"Phoenix-Mesa-Scottsdale, AZ",4042,1x1,642,1525,06/25/2024,False
Audere Apartments,"Phoenix-Mesa-Scottsdale, AZ",4042,1x1,642,1541,06/26/2024,False
Audere Apartments,"Phoenix-Mesa-Scottsdale, AZ",4042,1x1,642,1509,06/27/2024,False
Audere Apartments,"Phoenix-Mesa-Scottsdale, AZ",4042,1x1,642,1478,06/28/2024,False
Audere Apartments,"Phoenix-Mesa-Scottsdale, AZ",4042,1x1,642,1478,06/29/2024,True
Audere Apartments,"Phoenix-Mesa-Scottsdale, AZ",4045,1x1,691,1660,07/13/2023,False
Audere Apartments,"Phoenix-Mesa-Scottsdale, AZ",4045,1x1,691,1660,07/14/2023,False
Audere Apartments,"Phoenix-Mesa-Scottsdale, AZ",4045,1x1,691,1625,07/15/2023,False
Audere Apartments,"Phoenix-Mesa-Scottsdale, AZ",4045,1x1,691,1620,07/16/2023,False
Audere Apartments,"Phoenix-Mesa-Scottsdale, AZ",4045,1x1,691,1620,07/17/2023,False
Audere Apartments,"Phoenix-Mesa-Scottsdale, AZ",4045,1x1,691,1620,07/18/2023,False
Audere Apartments,"Phoenix-Mesa-Scottsdale, AZ",4045,1x1,691,1600,07/19/2023,False
Audere Apartments,"Phoenix-Mesa-Scottsdale, AZ",4045,1x1,691,1600,07/20/2023,False
Audere Apartments,"Phoenix-Mesa-Scottsdale, AZ",4045,1x1,691,1595,07/21/2023,False
Audere Apartments,"Phoenix-Mesa-Scottsdale, AZ",4045,1x1,691,1595,07/22/2023,False
Audere Apartments,"Phoenix-Mesa-Scottsdale, AZ",4045,1x1,691,1605,07/23/2023,False
Audere Apartments,"Phoenix-Mesa-Scottsdale, AZ",4045,1x1,691,1615,07/24/2023,False
Audere Apartments,"Phoenix-Mesa-Scottsdale, AZ",4045,1x1,691,1620,07/25/2023,False
Audere Apartments,"Phoenix-Mesa-Scottsdale, AZ",4045,1x1,691,1620,07/26/2023,False
Audere Apartments,"Phoenix-Mesa-Scottsdale, AZ",4045,1x1,691,1660,07/27/2023,False
Audere Apartments,"Phoenix-Mesa-Scottsdale, AZ",4045,1x1,691,1700,07/28/2023,False
Audere Apartments,"Phoenix-Mesa-Scottsdale, AZ",4045,1x1,691,1710,07/29/2023,False
Audere Apartments,"Phoenix-Mesa-Scottsdale, AZ",4045,1x1,691,1680,07/30/2023,False
Audere Apartments,"Phoenix-Mesa-Scottsdale, AZ",4045,1x1,691,1675,07/31/2023,False
Audere Apartments,"Phoenix-Mesa-Scottsdale, AZ",4045,1x1,691,1685,08/01/2023,False
Audere Apartments,"Phoenix-Mesa-Scottsdale, AZ",4045,1x1,691,1650,08/02/2023,False
Audere Apartments,"Phoenix-Mesa-Scottsdale, AZ",4045,1x1,691,1650,08/03/2023,False
Audere Apartments,"Phoenix-Mesa-Scottsdale, AZ",4045,1x1,691,1650,08/04/2023,False
Audere Apartments,"Phoenix-Mesa-Scottsdale, AZ",4045,1x1,691,1660,08/05/2023,False
Audere Apartments,"Phoenix-Mesa-Scottsdale, AZ",4045,1x1,691,1660,08/06/2023,False
Audere Apartments,"Phoenix-Mesa-Scottsdale, AZ",4045,1x1,691,1655,08/07/2023,False
Audere Apartments,"Phoenix-Mesa-Scottsdale, AZ",4045,1x1,691,1670,08/08/2023,False
Audere Apartments,"Phoenix-Mesa-Scottsdale, AZ",4045,1x1,691,1590,08/09/2023,False
Audere Apartments,"Phoenix-Mesa-Scottsdale, AZ",4045,1x1,691,1605,08/10/2023,False
Audere Apartments,"Phoenix-Mesa-Scottsdale, AZ",4045,1x1,691,1600,08/11/2023,False
Audere Apartments,"Phoenix-Mesa-Scottsdale, AZ",4045,1x1,691,1600,08/12/2023,False
Audere Apartments,"Phoenix-Mesa-Scottsdale, AZ",4045,1x1,691,1595,08/13/2023,False
Audere Apartments,"Phoenix-Mesa-Scottsdale, AZ",4045,1x1,691,1595,08/14/2023,False
Audere Apartments,"Phoenix-Mesa-Scottsdale, AZ",4045,1x1,691,1595,08/15/2023,False
Audere Apartments,"Phoenix-Mesa-Scottsdale, AZ",4045,1x1,691,1595,08/16/2023,False
Audere Apartments,"Phoenix-Mesa-Scottsdale, AZ",4045,1x1,691,1595,08/17/2023,False
Audere Apartments,"Phoenix-Mesa-Scottsdale, AZ",4045,1x1,691,1595,08/18/2023,False
Audere Apartments,"Phoenix-Mesa-Scottsdale, AZ",4045,1x1,691,1595,08/19/2023,False
Audere Apartments,"Phoenix-Mesa-Scottsdale, AZ",4045,1x1,691,1595,08/20/2023,False
Audere Apartments,"Phoenix-Mesa-Scottsdale, AZ",4045,1x1,691,1595,08/21/2023,False
Audere Apartments,"Phoenix-Mesa-Scottsdale, AZ",4045,1x1,691,1605,08/22/2023,False
Audere Apartments,"Phoenix-Mesa-Scottsdale, AZ",4045,1x1,691,1605,08/23/2023,False
Audere Apartments,"Phoenix-Mesa-Scottsdale, AZ",4045,1x1,691,1560,08/24/2023,False
Audere Apartments,"Phoenix-Mesa-Scottsdale, AZ",4045,1x1,691,1560,08/25/2023,False
Audere Apartments,"Phoenix-Mesa-Scottsdale, AZ",4045,1x1,691,1580,08/26/2023,False
Audere Apartments,"Phoenix-Mesa-Scottsdale, AZ",4045,1x1,691,1575,08/27/2023,False
Audere Apartments,"Phoenix-Mesa-Scottsdale, AZ",4045,1x1,691,1575,08/28/2023,False
Audere Apartments,"Phoenix-Mesa-Scottsdale, AZ",4045,1x1,691,1590,08/29/2023,False
Audere Apartments,"Phoenix-Mesa-Scottsdale, AZ",4045,1x1,691,1600,08/30/2023,False
Audere Apartments,"Phoenix-Mesa-Scottsdale, AZ",4045,1x1,691,1570,08/31/2023,False
Audere Apartments,"Phoenix-Mesa-Scottsdale, AZ",4045,1x1,691,1560,09/01/2023,False
Audere Apartments,"Phoenix-Mesa-Scottsdale, AZ",4045,1x1,691,1555,09/02/2023,False
Audere Apartments,"Phoenix-Mesa-Scottsdale, AZ",4045,1x1,691,1550,09/03/2023,False
Audere Apartments,"Phoenix-Mesa-Scottsdale, AZ",4045,1x1,691,1560,09/04/2023,False
Audere Apartments,"Phoenix-Mesa-Scottsdale, AZ",4045,1x1,691,1565,09/05/2023,False
Audere Apartments,"Phoenix-Mesa-Scottsdale, AZ",4045,1x1,691,1560,09/06/2023,False
Audere Apartments,"Phoenix-Mesa-Scottsdale, AZ",4045,1x1,691,1530,09/07/2023,False
Audere Apartments,"Phoenix-Mesa-Scottsdale, AZ",4045,1x1,691,1515,09/08/2023,False
Audere Apartments,"Phoenix-Mesa-Scottsdale, AZ",4045,1x1,691,1515,09/09/2023,False
Audere Apartments,"Phoenix-Mesa-Scottsdale, AZ",4045,1x1,691,1515,09/10/2023,False
Audere Apartments,"Phoenix-Mesa-Scottsdale, AZ",4045,1x1,691,1515,09/11/2023,False
Audere Apartments,"Phoenix-Mesa-Scottsdale, AZ",4045,1x1,691,1520,09/12/2023,False
Audere Apartments,"Phoenix-Mesa-Scottsdale, AZ",4045,1x1,691,1520,09/13/2023,False
Audere Apartments,"Phoenix-Mesa-Scottsdale, AZ",4045,1x1,691,1565,09/14/2023,False
Audere Apartments,"Phoenix-Mesa-Scottsdale, AZ",4045,1x1,691,1555,09/15/2023,False
Audere Apartments,"Phoenix-Mesa-Scottsdale, AZ",4045,1x1,691,1565,09/16/2023,False
Audere Apartments,"Phoenix-Mesa-Scottsdale, AZ",4045,1x1,691,1570,09/17/2023,False
Audere Apartments,"Phoenix-Mesa-Scottsdale, AZ",4045,1x1,691,1595,09/18/2023,False
Audere Apartments,"Phoenix-Mesa-Scottsdale, AZ",4045,1x1,691,1600,09/19/2023,False
Audere Apartments,"Phoenix-Mesa-Scottsdale, AZ",4045,1x1,691,1600,09/20/2023,False
Audere Apartments,"Phoenix-Mesa-Scottsdale, AZ",4045,1x1,691,1605,09/21/2023,False
Audere Apartments,"Phoenix-Mesa-Scottsdale, AZ",4045,1x1,691,1605,09/22/2023,False
Audere Apartments,"Phoenix-Mesa-Scottsdale, AZ",4045,1x1,691,1600,09/23/2023,False
Audere Apartments,"Phoenix-Mesa-Scottsdale, AZ",4045,1x1,691,1590,09/24/2023,False
Audere Apartments,"Phoenix-Mesa-Scottsdale, AZ",4045,1x1,691,1590,09/25/2023,False
Audere Apartments,"Phoenix-Mesa-Scottsdale, AZ",4045,1x1,691,1605,09/26/2023,False
Audere Apartments,"Phoenix-Mesa-Scottsdale, AZ",4045,1x1,691,1605,09/27/2023,False
Audere Apartments,"Phoenix-Mesa-Scottsdale, AZ",4045,1x1,691,1590,09/28/2023,False
Audere Apartments,"Phoenix-Mesa-Scottsdale, AZ",4045,1x1,691,1585,09/29/2023,False
Audere Apartments,"Phoenix-Mesa-Scottsdale, AZ",4045,1x1,691,1585,09/30/2023,False
Audere Apartments,"Phoenix-Mesa-Scottsdale, AZ",4045,1x1,691,1590,10/01/2023,False
Audere Apartments,"Phoenix-Mesa-Scottsdale, AZ",4045,1x1,691,1590,10/02/2023,False
Audere Apartments,"Phoenix-Mesa-Scottsdale, AZ",4045,1x1,691,1590,10/03/2023,False
Audere Apartments,"Phoenix-Mesa-Scottsdale, AZ",4045,1x1,691,1590,10/04/2023,False
Audere Apartments,"Phoenix-Mesa-Scottsdale, AZ",4045,1x1,691,1590,10/05/2023,False
Audere Apartments,"Phoenix-Mesa-Scottsdale, AZ",4045,1x1,691,1590,10/06/2023,False
Audere Apartments,"Phoenix-Mesa-Scottsdale, AZ",4045,1x1,691,1590,10/07/2023,False
Audere Apartments,"Phoenix-Mesa-Scottsdale, AZ",4045,1x1,691,1590,10/08/2023,False
Audere Apartments,"Phoenix-Mesa-Scottsdale, AZ",4045,1x1,691,1590,10/09/2023,False
Audere Apartments,"Phoenix-Mesa-Scottsdale, AZ",4045,1x1,691,1560,10/10/2023,False
Audere Apartments,"Phoenix-Mesa-Scottsdale, AZ",4045,1x1,691,1590,10/11/2023,False
Audere Apartments,"Phoenix-Mesa-Scottsdale, AZ",4045,1x1,691,1590,10/12/2023,False
Audere Apartments,"Phoenix-Mesa-Scottsdale, AZ",4045,1x1,691,1590,10/13/2023,False
Audere Apartments,"Phoenix-Mesa-Scottsdale, AZ",4045,1x1,691,1590,10/14/2023,False
Audere Apartments,"Phoenix-Mesa-Scottsdale, AZ",4045,1x1,691,1590,10/15/2023,False
Audere Apartments,"Phoenix-Mesa-Scottsdale, AZ",4045,1x1,691,1590,10/16/2023,False
Audere Apartments,"Phoenix-Mesa-Scottsdale, AZ",4045,1x1,691,1625,10/17/2023,False
Audere Apartments,"Phoenix-Mesa-Scottsdale, AZ",4045,1x1,691,1590,10/18/2023,False
Audere Apartments,"Phoenix-Mesa-Scottsdale, AZ",4045,1x1,691,1595,10/19/2023,False
Audere Apartments,"Phoenix-Mesa-Scottsdale, AZ",4045,1x1,691,1575,10/20/2023,False
Audere Apartments,"Phoenix-Mesa-Scottsdale, AZ",4045,1x1,691,1580,10/21/2023,False
Audere Apartments,"Phoenix-Mesa-Scottsdale, AZ",4045,1x1,691,1580,10/22/2023,False
Audere Apartments,"Phoenix-Mesa-Scottsdale, AZ",4045,1x1,691,1580,10/23/2023,False
Audere Apartments,"Phoenix-Mesa-Scottsdale, AZ",4045,1x1,691,1580,10/24/2023,True
Audere Apartments,"Phoenix-Mesa-Scottsdale, AZ",4045,1x1,691,1504,07/10/2024,False
Audere Apartments,"Phoenix-Mesa-Scottsdale, AZ",4045,1x1,691,1486,07/11/2024,False
Audere Apartments,"Phoenix-Mesa-Scottsdale, AZ",4045,1x1,691,1486,07/12/2024,False
Audere Apartments,"Phoenix-Mesa-Scottsdale, AZ",4045,1x1,691,1486,07/13/2024,False
Audere Apartments,"Phoenix-Mesa-Scottsdale, AZ",4045,1x1,691,1486,07/14/2024,False
Audere Apartments,"Phoenix-Mesa-Scottsdale, AZ",4045,1x1,691,1458,07/15/2024,False
Audere Apartments,"Phoenix-Mesa-Scottsdale, AZ",4045,1x1,691,1430,07/16/2024,False
Audere Apartments,"Phoenix-Mesa-Scottsdale, AZ",4045,1x1,691,1430,07/17/2024,False
Audere Apartments,"Phoenix-Mesa-Scottsdale, AZ",4045,1x1,691,1430,07/18/2024,False
Audere Apartments,"Phoenix-Mesa-Scottsdale, AZ",4045,1x1,691,1430,07/19/2024,False
Audere Apartments,"Phoenix-Mesa-Scottsdale, AZ",4045,1x1,691,1430,07/20/2024,False
Audere Apartments,"Phoenix-Mesa-Scottsdale, AZ",4045,1x1,691,1430,07/21/2024,False
Audere Apartments,"Phoenix-Mesa-Scottsdale, AZ",4045,1x1,691,1430,07/22/2024,False
Audere Apartments,"Phoenix-Mesa-Scottsdale, AZ",4045,1x1,691,1450,07/23/2024,False
Audere Apartments,"Phoenix-Mesa-Scottsdale, AZ",4045,1x1,691,1429,07/24/2024,False
Audere Apartments,"Phoenix-Mesa-Scottsdale, AZ",4045,1x1,691,1429,07/25/2024,False
Audere Apartments,"Phoenix-Mesa-Scottsdale, AZ",4045,1x1,691,1429,07/26/2024,False
Audere Apartments,"Phoenix-Mesa-Scottsdale, AZ",4045,1x1,691,1429,07/27/2024,False
Audere Apartments,"Phoenix-Mesa-Scottsdale, AZ",4045,1x1,691,1429,07/28/2024,False
Audere Apartments,"Phoenix-Mesa-Scottsdale, AZ",4045,1x1,691,1429,07/29/2024,False
Audere Apartments,"Phoenix-Mesa-Scottsdale, AZ",4045,1x1,691,1429,07/30/2024,False
Audere Apartments,"Phoenix-Mesa-Scottsdale, AZ",4045,1x1,691,1498,07/31/2024,False
Audere Apartments,"Phoenix-Mesa-Scottsdale, AZ",4045,1x1,691,1498,08/01/2024,True
Audere Apartments,"Phoenix-Mesa-Scottsdale, AZ",4046,3x2,1343,2385,03/23/2024,False
Audere Apartments,"Phoenix-Mesa-Scottsdale, AZ",4046,3x2,1343,2385,03/24/2024,False
Audere Apartments,"Phoenix-Mesa-Scottsdale, AZ",4046,3x2,1343,2385,03/25/2024,False
Audere Apartments,"Phoenix-Mesa-Scottsdale, AZ",4046,3x2,1343,2385,03/26/2024,False
Audere Apartments,"Phoenix-Mesa-Scottsdale, AZ",4046,3x2,1343,2385,03/27/2024,False
Audere Apartments,"Phoenix-Mesa-Scottsdale, AZ",4046,3x2,1343,2385,03/28/2024,False
Audere Apartments,"Phoenix-Mesa-Scottsdale, AZ",4046,3x2,1343,2385,03/29/2024,False
Audere Apartments,"Phoenix-Mesa-Scottsdale, AZ",4046,3x2,1343,2385,03/30/2024,False
Audere Apartments,"Phoenix-Mesa-Scottsdale, AZ",4046,3x2,1343,2385,03/31/2024,False
Audere Apartments,"Phoenix-Mesa-Scottsdale, AZ",4046,3x2,1343,2385,04/01/2024,False
Audere Apartments,"Phoenix-Mesa-Scottsdale, AZ",4046,3x2,1343,2385,04/02/2024,False
Audere Apartments,"Phoenix-Mesa-Scottsdale, AZ",4046,3x2,1343,2265,04/03/2024,False
Audere Apartments,"Phoenix-Mesa-Scottsdale, AZ",4046,3x2,1343,2265,04/04/2024,False
Audere Apartments,"Phoenix-Mesa-Scottsdale, AZ",4046,3x2,1343,2265,04/05/2024,False
Audere Apartments,"Phoenix-Mesa-Scottsdale, AZ",4046,3x2,1343,2265,04/06/2024,False
Audere Apartments,"Phoenix-Mesa-Scottsdale, AZ",4046,3x2,1343,2265,04/07/2024,False
Audere Apartments,"Phoenix-Mesa-Scottsdale, AZ",4046,3x2,1343,2265,04/08/2024,False
Audere Apartments,"Phoenix-Mesa-Scottsdale, AZ",4046,3x2,1343,2526,04/09/2024,False
Audere Apartments,"Phoenix-Mesa-Scottsdale, AZ",4046,3x2,1343,2450,04/10/2024,False
Audere Apartments,"Phoenix-Mesa-Scottsdale, AZ",4046,3x2,1343,2327,04/11/2024,False
Audere Apartments,"Phoenix-Mesa-Scottsdale, AZ",4046,3x2,1343,2327,04/12/2024,False
Audere Apartments,"Phoenix-Mesa-Scottsdale, AZ",4046,3x2,1343,2327,04/13/2024,False
Audere Apartments,"Phoenix-Mesa-Scottsdale, AZ",4046,3x2,1343,2327,04/14/2024,False
Audere Apartments,"Phoenix-Mesa-Scottsdale, AZ",4046,3x2,1343,2327,04/15/2024,False
Audere Apartments,"Phoenix-Mesa-Scottsdale, AZ",4046,3x2,1343,2327,04/16/2024,False
Audere Apartments,"Phoenix-Mesa-Scottsdale, AZ",4046,3x2,1343,2210,04/17/2024,False
Audere Apartments,"Phoenix-Mesa-Scottsdale, AZ",4046,3x2,1343,2504,04/18/2024,False
Audere Apartments,"Phoenix-Mesa-Scottsdale, AZ",4046,3x2,1343,2378,04/19/2024,False
Audere Apartments,"Phoenix-Mesa-Scottsdale, AZ",4046,3x2,1343,2378,04/20/2024,False
Audere Apartments,"Phoenix-Mesa-Scottsdale, AZ",4046,3x2,1343,2378,04/21/2024,False
Audere Apartments,"Phoenix-Mesa-Scottsdale, AZ",4046,3x2,1343,2378,04/22/2024,False
Audere Apartments,"Phoenix-Mesa-Scottsdale, AZ",4046,3x2,1343,2378,04/23/2024,False
Audere Apartments,"Phoenix-Mesa-Scottsdale, AZ",4046,3x2,1343,2378,04/24/2024,False
Audere Apartments,"Phoenix-Mesa-Scottsdale, AZ",4046,3x2,1343,2378,04/25/2024,False
Audere Apartments,"Phoenix-Mesa-Scottsdale, AZ",4046,3x2,1343,2378,04/26/2024,False
Audere Apartments,"Phoenix-Mesa-Scottsdale, AZ",4046,3x2,1343,2378,04/27/2024,False
Audere Apartments,"Phoenix-Mesa-Scottsdale, AZ",4046,3x2,1343,2378,04/28/2024,False
Audere Apartments,"Phoenix-Mesa-Scottsdale, AZ",4046,3x2,1343,2306,04/29/2024,False
Audere Apartments,"Phoenix-Mesa-Scottsdale, AZ",4046,3x2,1343,2259,04/30/2024,False
Audere Apartments,"Phoenix-Mesa-Scottsdale, AZ",4046,3x2,1343,2146,05/01/2024,False
Audere Apartments,"Phoenix-Mesa-Scottsdale, AZ",4046,3x2,1343,2146,05/02/2024,False
Audere Apartments,"Phoenix-Mesa-Scottsdale, AZ",4046,3x2,1343,2146,05/03/2024,False
Audere Apartments,"Phoenix-Mesa-Scottsdale, AZ",4046,3x2,1343,2146,05/04/2024,False
Audere Apartments,"Phoenix-Mesa-Scottsdale, AZ",4046,3x2,1343,2146,05/05/2024,False
Audere Apartments,"Phoenix-Mesa-Scottsdale, AZ",4046,3x2,1343,2097,05/06/2024,False
Audere Apartments,"Phoenix-Mesa-Scottsdale, AZ",4046,3x2,1343,2097,05/07/2024,False
Audere Apartments,"Phoenix-Mesa-Scottsdale, AZ",4046,3x2,1343,2097,05/08/2024,False
Audere Apartments,"Phoenix-Mesa-Scottsdale, AZ",4046,3x2,1343,2097,05/09/2024,False
Audere Apartments,"Phoenix-Mesa-Scottsdale, AZ",4046,3x2,1343,2097,05/10/2024,False
Audere Apartments,"Phoenix-Mesa-Scottsdale, AZ",4046,3x2,1343,2097,05/11/2024,False
Audere Apartments,"Phoenix-Mesa-Scottsdale, AZ",4046,3x2,1343,2097,05/12/2024,False
Audere Apartments,"Phoenix-Mesa-Scottsdale, AZ",4046,3x2,1343,2132,05/13/2024,False
Audere Apartments,"Phoenix-Mesa-Scottsdale, AZ",4046,3x2,1343,2132,05/14/2024,False
Audere Apartments,"Phoenix-Mesa-Scottsdale, AZ",4046,3x2,1343,2132,05/15/2024,False
Audere Apartments,"Phoenix-Mesa-Scottsdale, AZ",4046,3x2,1343,2503,05/16/2024,False
Audere Apartments,"Phoenix-Mesa-Scottsdale, AZ",4046,3x2,1343,2503,05/17/2024,False
Audere Apartments,"Phoenix-Mesa-Scottsdale, AZ",4046,3x2,1343,2503,05/18/2024,False
Audere Apartments,"Phoenix-Mesa-Scottsdale, AZ",4046,3x2,1343,2578,05/19/2024,False
Audere Apartments,"Phoenix-Mesa-Scottsdale, AZ",4046,3x2,1343,2578,05/20/2024,False
Audere Apartments,"Phoenix-Mesa-Scottsdale, AZ",4046,3x2,1343,2578,05/21/2024,False
Audere Apartments,"Phoenix-Mesa-Scottsdale, AZ",4046,3x2,1343,2577,05/22/2024,False
Audere Apartments,"Phoenix-Mesa-Scottsdale, AZ",4046,3x2,1343,2626,05/23/2024,False
Audere Apartments,"Phoenix-Mesa-Scottsdale, AZ",4046,3x2,1343,2626,05/24/2024,False
Audere Apartments,"Phoenix-Mesa-Scottsdale, AZ",4046,3x2,1343,2626,05/25/2024,False
Audere Apartments,"Phoenix-Mesa-Scottsdale, AZ",4046,3x2,1343,2626,05/26/2024,False
Audere Apartments,"Phoenix-Mesa-Scottsdale, AZ",4046,3x2,1343,2626,05/27/2024,False
Audere Apartments,"Phoenix-Mesa-Scottsdale, AZ",4046,3x2,1343,2626,05/28/2024,False
Audere Apartments,"Phoenix-Mesa-Scottsdale, AZ",4046,3x2,1343,2626,05/29/2024,False
Audere Apartments,"Phoenix-Mesa-Scottsdale, AZ",4046,3x2,1343,2502,05/30/2024,False
Audere Apartments,"Phoenix-Mesa-Scottsdale, AZ",4046,3x2,1343,2577,05/31/2024,False
Audere Apartments,"Phoenix-Mesa-Scottsdale, AZ",4046,3x2,1343,2502,06/01/2024,False
Audere Apartments,"Phoenix-Mesa-Scottsdale, AZ",4046,3x2,1343,2502,06/02/2024,False
Audere Apartments,"Phoenix-Mesa-Scottsdale, AZ",4046,3x2,1343,2502,06/03/2024,False
Audere Apartments,"Phoenix-Mesa-Scottsdale, AZ",4046,3x2,1343,2577,06/04/2024,False
Audere Apartments,"Phoenix-Mesa-Scottsdale, AZ",4046,3x2,1343,2646,06/05/2024,False
Audere Apartments,"Phoenix-Mesa-Scottsdale, AZ",4046,3x2,1343,2646,06/06/2024,False
Audere Apartments,"Phoenix-Mesa-Scottsdale, AZ",4046,3x2,1343,2646,06/07/2024,False
Audere Apartments,"Phoenix-Mesa-Scottsdale, AZ",4046,3x2,1343,2646,06/08/2024,False
Audere Apartments,"Phoenix-Mesa-Scottsdale, AZ",4046,3x2,1343,2646,06/09/2024,False
Audere Apartments,"Phoenix-Mesa-Scottsdale, AZ",4046,3x2,1343,2646,06/10/2024,False
Audere Apartments,"Phoenix-Mesa-Scottsdale, AZ",4046,3x2,1343,2646,06/11/2024,False
Audere Apartments,"Phoenix-Mesa-Scottsdale, AZ",4046,3x2,1343,2568,06/12/2024,False
Audere Apartments,"Phoenix-Mesa-Scottsdale, AZ",4046,3x2,1343,2492,06/13/2024,False
Audere Apartments,"Phoenix-Mesa-Scottsdale, AZ",4046,3x2,1343,2492,06/14/2024,False
Audere Apartments,"Phoenix-Mesa-Scottsdale, AZ",4046,3x2,1343,2492,06/15/2024,False
Audere Apartments,"Phoenix-Mesa-Scottsdale, AZ",4046,3x2,1343,2492,06/16/2024,False
Audere Apartments,"Phoenix-Mesa-Scottsdale, AZ",4046,3x2,1343,2492,06/17/2024,False
Audere Apartments,"Phoenix-Mesa-Scottsdale, AZ",4046,3x2,1343,2492,06/18/2024,False
Audere Apartments,"Phoenix-Mesa-Scottsdale, AZ",4046,3x2,1343,2492,06/19/2024,False
Audere Apartments,"Phoenix-Mesa-Scottsdale, AZ",4046,3x2,1343,2492,06/20/2024,False
Audere Apartments,"Phoenix-Mesa-Scottsdale, AZ",4046,3x2,1343,2657,06/21/2024,False
Audere Apartments,"Phoenix-Mesa-Scottsdale, AZ",4046,3x2,1343,2653,06/22/2024,False
Audere Apartments,"Phoenix-Mesa-Scottsdale, AZ",4046,3x2,1343,2649,06/23/2024,False
Audere Apartments,"Phoenix-Mesa-Scottsdale, AZ",4046,3x2,1343,2645,06/24/2024,False
Audere Apartments,"Phoenix-Mesa-Scottsdale, AZ",4046,3x2,1343,2640,06/25/2024,False
Audere Apartments,"Phoenix-Mesa-Scottsdale, AZ",4046,3x2,1343,2636,06/26/2024,False
Audere Apartments,"Phoenix-Mesa-Scottsdale, AZ",4046,3x2,1343,2632,06/27/2024,False
Audere Apartments,"Phoenix-Mesa-Scottsdale, AZ",4046,3x2,1343,2628,06/28/2024,False
Audere Apartments,"Phoenix-Mesa-Scottsdale, AZ",4046,3x2,1343,2624,06/29/2024,False
Audere Apartments,"Phoenix-Mesa-Scottsdale, AZ",4046,3x2,1343,2620,06/30/2024,False
Audere Apartments,"Phoenix-Mesa-Scottsdale, AZ",4046,3x2,1343,2873,07/01/2024,False
Audere Apartments,"Phoenix-Mesa-Scottsdale, AZ",4046,3x2,1343,2500,07/02/2024,False
Audere Apartments,"Phoenix-Mesa-Scottsdale, AZ",4046,3x2,1343,2407,07/03/2024,False
Audere Apartments,"Phoenix-Mesa-Scottsdale, AZ",4046,3x2,1343,2407,07/04/2024,False
Audere Apartments,"Phoenix-Mesa-Scottsdale, AZ",4046,3x2,1343,2407,07/05/2024,False
Audere Apartments,"Phoenix-Mesa-Scottsdale, AZ",4046,3x2,1343,2440,07/06/2024,False
Audere Apartments,"Phoenix-Mesa-Scottsdale, AZ",4046,3x2,1343,2440,07/07/2024,False
Audere Apartments,"Phoenix-Mesa-Scottsdale, AZ",4046,3x2,1343,2440,07/08/2024,False
Audere Apartments,"Phoenix-Mesa-Scottsdale, AZ",4046,3x2,1343,2440,07/09/2024,False
Audere Apartments,"Phoenix-Mesa-Scottsdale, AZ",4046,3x2,1343,2440,07/10/2024,False
Audere Apartments,"Phoenix-Mesa-Scottsdale, AZ",4046,3x2,1343,2440,07/11/2024,False
Audere Apartments,"Phoenix-Mesa-Scottsdale, AZ",4046,3x2,1343,2440,07/12/2024,False
Audere Apartments,"Phoenix-Mesa-Scottsdale, AZ",4046,3x2,1343,2440,07/13/2024,False
Audere Apartments,"Phoenix-Mesa-Scottsdale, AZ",4046,3x2,1343,2440,07/14/2024,False
Audere Apartments,"Phoenix-Mesa-Scottsdale, AZ",4046,3x2,1343,2440,07/15/2024,False
Audere Apartments,"Phoenix-Mesa-Scottsdale, AZ",4046,3x2,1343,2440,07/16/2024,False
Audere Apartments,"Phoenix-Mesa-Scottsdale, AZ",4046,3x2,1343,2319,07/17/2024,False
Audere Apartments,"Phoenix-Mesa-Scottsdale, AZ",4046,3x2,1343,2319,07/18/2024,False
Audere Apartments,"Phoenix-Mesa-Scottsdale, AZ",4046,3x2,1343,2319,07/19/2024,False
Audere Apartments,"Phoenix-Mesa-Scottsdale, AZ",4046,3x2,1343,2319,07/20/2024,False
Audere Apartments,"Phoenix-Mesa-Scottsdale, AZ",4046,3x2,1343,2319,07/21/2024,False
Audere Apartments,"Phoenix-Mesa-Scottsdale, AZ",4046,3x2,1343,2319,07/22/2024,False
Audere Apartments,"Phoenix-Mesa-Scottsdale, AZ",4046,3x2,1343,2319,07/23/2024,False
Audere Apartments,"Phoenix-Mesa-Scottsdale, AZ",4046,3x2,1343,2319,07/24/2024,False
Audere Apartments,"Phoenix-Mesa-Scottsdale, AZ",4046,3x2,1343,2319,07/25/2024,False
Audere Apartments,"Phoenix-Mesa-Scottsdale, AZ",4046,3x2,1343,2319,07/26/2024,False
Audere Apartments,"Phoenix-Mesa-Scottsdale, AZ",4046,3x2,1343,2319,07/27/2024,False
Audere Apartments,"Phoenix-Mesa-Scottsdale, AZ",4046,3x2,1343,2319,07/28/2024,False
Audere Apartments,"Phoenix-Mesa-Scottsdale, AZ",4046,3x2,1343,2319,07/29/2024,False
Audere Apartments,"Phoenix-Mesa-Scottsdale, AZ",4046,3x2,1343,2319,07/30/2024,True
Audere Apartments,"Phoenix-Mesa-Scottsdale, AZ",4049,2x2,1063,2024,03/04/2024,False
Audere Apartments,"Phoenix-Mesa-Scottsdale, AZ",4049,2x2,1063,1959,03/05/2024,False
Audere Apartments,"Phoenix-Mesa-Scottsdale, AZ",4049,2x2,1063,1865,03/06/2024,False
Audere Apartments,"Phoenix-Mesa-Scottsdale, AZ",4049,2x2,1063,1865,03/07/2024,False
Audere Apartments,"Phoenix-Mesa-Scottsdale, AZ",4049,2x2,1063,1835,03/08/2024,False
Audere Apartments,"Phoenix-Mesa-Scottsdale, AZ",4049,2x2,1063,1915,03/09/2024,False
Audere Apartments,"Phoenix-Mesa-Scottsdale, AZ",4049,2x2,1063,1915,03/10/2024,False
Audere Apartments,"Phoenix-Mesa-Scottsdale, AZ",4049,2x2,1063,1915,03/11/2024,False
Audere Apartments,"Phoenix-Mesa-Scottsdale, AZ",4049,2x2,1063,1915,03/12/2024,False
Audere Apartments,"Phoenix-Mesa-Scottsdale, AZ",4049,2x2,1063,1915,03/13/2024,False
Audere Apartments,"Phoenix-Mesa-Scottsdale, AZ",4049,2x2,1063,2007,03/14/2024,False
Audere Apartments,"Phoenix-Mesa-Scottsdale, AZ",4049,2x2,1063,2103,03/15/2024,False
Audere Apartments,"Phoenix-Mesa-Scottsdale, AZ",4049,2x2,1063,2103,03/16/2024,False
Audere Apartments,"Phoenix-Mesa-Scottsdale, AZ",4049,2x2,1063,2103,03/17/2024,False
Audere Apartments,"Phoenix-Mesa-Scottsdale, AZ",4049,2x2,1063,2103,03/18/2024,False
Audere Apartments,"Phoenix-Mesa-Scottsdale, AZ",4049,2x2,1063,2103,03/19/2024,False
Audere Apartments,"Phoenix-Mesa-Scottsdale, AZ",4049,2x2,1063,2254,03/20/2024,False
Audere Apartments,"Phoenix-Mesa-Scottsdale, AZ",4049,2x2,1063,2230,03/21/2024,False
Audere Apartments,"Phoenix-Mesa-Scottsdale, AZ",4049,2x2,1063,2122,03/22/2024,False
Audere Apartments,"Phoenix-Mesa-Scottsdale, AZ",4049,2x2,1063,2061,03/23/2024,False
Audere Apartments,"Phoenix-Mesa-Scottsdale, AZ",4049,2x2,1063,2104,03/24/2024,False
Audere Apartments,"Phoenix-Mesa-Scottsdale, AZ",4049,2x2,1063,2104,03/25/2024,False
Audere Apartments,"Phoenix-Mesa-Scottsdale, AZ",4049,2x2,1063,2104,03/26/2024,False
Audere Apartments,"Phoenix-Mesa-Scottsdale, AZ",4049,2x2,1063,2102,03/27/2024,False
Audere Apartments,"Phoenix-Mesa-Scottsdale, AZ",4049,2x2,1063,2001,03/28/2024,False
Audere Apartments,"Phoenix-Mesa-Scottsdale, AZ",4049,2x2,1063,1944,03/29/2024,False
Audere Apartments,"Phoenix-Mesa-Scottsdale, AZ",4049,2x2,1063,1851,03/30/2024,False
Audere Apartments,"Phoenix-Mesa-Scottsdale, AZ",4049,2x2,1063,1904,03/31/2024,False
Audere Apartments,"Phoenix-Mesa-Scottsdale, AZ",4049,2x2,1063,1904,04/01/2024,False
Audere Apartments,"Phoenix-Mesa-Scottsdale, AZ",4049,2x2,1063,1818,04/02/2024,False
Audere Apartments,"Phoenix-Mesa-Scottsdale, AZ",4049,2x2,1063,1818,04/03/2024,False
Audere Apartments,"Phoenix-Mesa-Scottsdale, AZ",4049,2x2,1063,1835,04/04/2024,False
Audere Apartments,"Phoenix-Mesa-Scottsdale, AZ",4049,2x2,1063,1835,04/05/2024,False
Audere Apartments,"Phoenix-Mesa-Scottsdale, AZ",4049,2x2,1063,1835,04/06/2024,False
Audere Apartments,"Phoenix-Mesa-Scottsdale, AZ",4049,2x2,1063,1835,04/07/2024,False
Audere Apartments,"Phoenix-Mesa-Scottsdale, AZ",4049,2x2,1063,1782,04/08/2024,False
Audere Apartments,"Phoenix-Mesa-Scottsdale, AZ",4049,2x2,1063,1903,04/09/2024,False
Audere Apartments,"Phoenix-Mesa-Scottsdale, AZ",4049,2x2,1063,1958,04/10/2024,False
Audere Apartments,"Phoenix-Mesa-Scottsdale, AZ",4049,2x2,1063,1958,04/11/2024,False
Audere Apartments,"Phoenix-Mesa-Scottsdale, AZ",4049,2x2,1063,1958,04/12/2024,False
Audere Apartments,"Phoenix-Mesa-Scottsdale, AZ",4049,2x2,1063,2151,04/13/2024,False
Audere Apartments,"Phoenix-Mesa-Scottsdale, AZ",4049,2x2,1063,2151,04/14/2024,False
Audere Apartments,"Phoenix-Mesa-Scottsdale, AZ",4049,2x2,1063,2151,04/15/2024,False
Audere Apartments,"Phoenix-Mesa-Scottsdale, AZ",4049,2x2,1063,2225,04/16/2024,False
Audere Apartments,"Phoenix-Mesa-Scottsdale, AZ",4049,2x2,1063,2225,04/17/2024,False
Audere Apartments,"Phoenix-Mesa-Scottsdale, AZ",4049,2x2,1063,2225,04/18/2024,False
Audere Apartments,"Phoenix-Mesa-Scottsdale, AZ",4049,2x2,1063,2208,04/19/2024,False
Audere Apartments,"Phoenix-Mesa-Scottsdale, AZ",4049,2x2,1063,2208,04/20/2024,False
Audere Apartments,"Phoenix-Mesa-Scottsdale, AZ",4049,2x2,1063,2208,04/21/2024,False
Audere Apartments,"Phoenix-Mesa-Scottsdale, AZ",4049,2x2,1063,2208,04/22/2024,False
Audere Apartments,"Phoenix-Mesa-Scottsdale, AZ",4049,2x2,1063,2208,04/23/2024,False
Audere Apartments,"Phoenix-Mesa-Scottsdale, AZ",4049,2x2,1063,2208,04/24/2024,False
Audere Apartments,"Phoenix-Mesa-Scottsdale, AZ",4049,2x2,1063,2195,04/25/2024,False
Audere Apartments,"Phoenix-Mesa-Scottsdale, AZ",4049,2x2,1063,2208,04/26/2024,False
Audere Apartments,"Phoenix-Mesa-Scottsdale, AZ",4049,2x2,1063,2114,04/27/2024,False
Audere Apartments,"Phoenix-Mesa-Scottsdale, AZ",4049,2x2,1063,2114,04/28/2024,False
Audere Apartments,"Phoenix-Mesa-Scottsdale, AZ",4049,2x2,1063,2059,04/29/2024,False
Audere Apartments,"Phoenix-Mesa-Scottsdale, AZ",4049,2x2,1063,2027,04/30/2024,False
Audere Apartments,"Phoenix-Mesa-Scottsdale, AZ",4049,2x2,1063,1930,05/01/2024,False
Audere Apartments,"Phoenix-Mesa-Scottsdale, AZ",4049,2x2,1063,2006,05/02/2024,False
Audere Apartments,"Phoenix-Mesa-Scottsdale, AZ",4049,2x2,1063,1971,05/03/2024,False
Audere Apartments,"Phoenix-Mesa-Scottsdale, AZ",4049,2x2,1063,1910,05/04/2024,False
Audere Apartments,"Phoenix-Mesa-Scottsdale, AZ",4049,2x2,1063,1910,05/05/2024,False
Audere Apartments,"Phoenix-Mesa-Scottsdale, AZ",4049,2x2,1063,1882,05/06/2024,False
Audere Apartments,"Phoenix-Mesa-Scottsdale, AZ",4049,2x2,1063,1882,05/07/2024,False
Audere Apartments,"Phoenix-Mesa-Scottsdale, AZ",4049,2x2,1063,1882,05/08/2024,False
Audere Apartments,"Phoenix-Mesa-Scottsdale, AZ",4049,2x2,1063,1882,05/09/2024,False
Audere Apartments,"Phoenix-Mesa-Scottsdale, AZ",4049,2x2,1063,1807,05/10/2024,False
Audere Apartments,"Phoenix-Mesa-Scottsdale, AZ",4049,2x2,1063,1807,05/11/2024,False
Audere Apartments,"Phoenix-Mesa-Scottsdale, AZ",4049,2x2,1063,1807,05/12/2024,False
Audere Apartments,"Phoenix-Mesa-Scottsdale, AZ",4049,2x2,1063,1853,05/13/2024,False
Audere Apartments,"Phoenix-Mesa-Scottsdale, AZ",4049,2x2,1063,1853,05/14/2024,False
Audere Apartments,"Phoenix-Mesa-Scottsdale, AZ",4049,2x2,1063,1906,05/15/2024,False
Audere Apartments,"Phoenix-Mesa-Scottsdale, AZ",4049,2x2,1063,1985,05/16/2024,False
Audere Apartments,"Phoenix-Mesa-Scottsdale, AZ",4049,2x2,1063,1971,05/17/2024,False
Audere Apartments,"Phoenix-Mesa-Scottsdale, AZ",4049,2x2,1063,1971,05/18/2024,False
Audere Apartments,"Phoenix-Mesa-Scottsdale, AZ",4049,2x2,1063,1971,05/19/2024,False
Audere Apartments,"Phoenix-Mesa-Scottsdale, AZ",4049,2x2,1063,1915,05/20/2024,False
Audere Apartments,"Phoenix-Mesa-Scottsdale, AZ",4049,2x2,1063,1825,05/21/2024,False
Audere Apartments,"Phoenix-Mesa-Scottsdale, AZ",4049,2x2,1063,1837,05/22/2024,False
Audere Apartments,"Phoenix-Mesa-Scottsdale, AZ",4049,2x2,1063,1917,05/23/2024,False
Audere Apartments,"Phoenix-Mesa-Scottsdale, AZ",4049,2x2,1063,1917,05/24/2024,True
Audere Apartments,"Phoenix-Mesa-Scottsdale, AZ",4051,2x2,1063,2150,07/27/2023,False
Audere Apartments,"Phoenix-Mesa-Scottsdale, AZ",4051,2x2,1063,2150,07/28/2023,False
Audere Apartments,"Phoenix-Mesa-Scottsdale, AZ",4051,2x2,1063,2150,07/29/2023,False
Audere Apartments,"Phoenix-Mesa-Scottsdale, AZ",4051,2x2,1063,2140,07/30/2023,False
Audere Apartments,"Phoenix-Mesa-Scottsdale, AZ",4051,2x2,1063,2140,07/31/2023,False
Audere Apartments,"Phoenix-Mesa-Scottsdale, AZ",4051,2x2,1063,2155,08/01/2023,False
Audere Apartments,"Phoenix-Mesa-Scottsdale, AZ",4051,2x2,1063,2115,08/02/2023,False
Audere Apartments,"Phoenix-Mesa-Scottsdale, AZ",4051,2x2,1063,2125,08/03/2023,False
Audere Apartments,"Phoenix-Mesa-Scottsdale, AZ",4051,2x2,1063,2125,08/04/2023,False
Audere Apartments,"Phoenix-Mesa-Scottsdale, AZ",4051,2x2,1063,2130,08/05/2023,False
Audere Apartments,"Phoenix-Mesa-Scottsdale, AZ",4051,2x2,1063,2130,08/06/2023,False
Audere Apartments,"Phoenix-Mesa-Scottsdale, AZ",4051,2x2,1063,2125,08/07/2023,False
Audere Apartments,"Phoenix-Mesa-Scottsdale, AZ",4051,2x2,1063,2135,08/08/2023,False
Audere Apartments,"Phoenix-Mesa-Scottsdale, AZ",4051,2x2,1063,2125,08/09/2023,False
Audere Apartments,"Phoenix-Mesa-Scottsdale, AZ",4051,2x2,1063,2115,08/10/2023,False
Audere Apartments,"Phoenix-Mesa-Scottsdale, AZ",4051,2x2,1063,2105,08/11/2023,False
Audere Apartments,"Phoenix-Mesa-Scottsdale, AZ",4051,2x2,1063,2105,08/12/2023,False
Audere Apartments,"Phoenix-Mesa-Scottsdale, AZ",4051,2x2,1063,2080,08/13/2023,False
Audere Apartments,"Phoenix-Mesa-Scottsdale, AZ",4051,2x2,1063,2070,08/14/2023,False
Audere Apartments,"Phoenix-Mesa-Scottsdale, AZ",4051,2x2,1063,2060,08/15/2023,False
Audere Apartments,"Phoenix-Mesa-Scottsdale, AZ",4051,2x2,1063,2070,08/16/2023,False
Audere Apartments,"Phoenix-Mesa-Scottsdale, AZ",4051,2x2,1063,2040,08/17/2023,False
Audere Apartments,"Phoenix-Mesa-Scottsdale, AZ",4051,2x2,1063,2065,08/18/2023,False
Audere Apartments,"Phoenix-Mesa-Scottsdale, AZ",4051,2x2,1063,2065,08/19/2023,False
Audere Apartments,"Phoenix-Mesa-Scottsdale, AZ",4051,2x2,1063,2060,08/20/2023,False
Audere Apartments,"Phoenix-Mesa-Scottsdale, AZ",4051,2x2,1063,2060,08/21/2023,False
Audere Apartments,"Phoenix-Mesa-Scottsdale, AZ",4051,2x2,1063,2055,08/22/2023,False
Audere Apartments,"Phoenix-Mesa-Scottsdale, AZ",4051,2x2,1063,2055,08/23/2023,False
Audere Apartments,"Phoenix-Mesa-Scottsdale, AZ",4051,2x2,1063,2070,08/24/2023,False
Audere Apartments,"Phoenix-Mesa-Scottsdale, AZ",4051,2x2,1063,2070,08/25/2023,False
Audere Apartments,"Phoenix-Mesa-Scottsdale, AZ",4051,2x2,1063,2065,08/26/2023,False
Audere Apartments,"Phoenix-Mesa-Scottsdale, AZ",4051,2x2,1063,2065,08/27/2023,False
Audere Apartments,"Phoenix-Mesa-Scottsdale, AZ",4051,2x2,1063,2080,08/28/2023,False
Audere Apartments,"Phoenix-Mesa-Scottsdale, AZ",4051,2x2,1063,2095,08/29/2023,False
Audere Apartments,"Phoenix-Mesa-Scottsdale, AZ",4051,2x2,1063,2110,08/30/2023,False
Audere Apartments,"Phoenix-Mesa-Scottsdale, AZ",4051,2x2,1063,2110,08/31/2023,False
Audere Apartments,"Phoenix-Mesa-Scottsdale, AZ",4051,2x2,1063,2110,09/01/2023,False
Audere Apartments,"Phoenix-Mesa-Scottsdale, AZ",4051,2x2,1063,2110,09/02/2023,False
Audere Apartments,"Phoenix-Mesa-Scottsdale, AZ",4051,2x2,1063,2110,09/03/2023,False
Audere Apartments,"Phoenix-Mesa-Scottsdale, AZ",4051,2x2,1063,2105,09/04/2023,False
Audere Apartments,"Phoenix-Mesa-Scottsdale, AZ",4051,2x2,1063,2125,09/05/2023,False
Audere Apartments,"Phoenix-Mesa-Scottsdale, AZ",4051,2x2,1063,2125,09/06/2023,False
Audere Apartments,"Phoenix-Mesa-Scottsdale, AZ",4051,2x2,1063,2065,09/07/2023,False
Audere Apartments,"Phoenix-Mesa-Scottsdale, AZ",4051,2x2,1063,2065,09/08/2023,False
Audere Apartments,"Phoenix-Mesa-Scottsdale, AZ",4051,2x2,1063,2060,09/09/2023,False
Audere Apartments,"Phoenix-Mesa-Scottsdale, AZ",4051,2x2,1063,2060,09/10/2023,False
Audere Apartments,"Phoenix-Mesa-Scottsdale, AZ",4051,2x2,1063,2060,09/11/2023,False
Audere Apartments,"Phoenix-Mesa-Scottsdale, AZ",4051,2x2,1063,2070,09/12/2023,False
Audere Apartments,"Phoenix-Mesa-Scottsdale, AZ",4051,2x2,1063,2110,09/13/2023,False
Audere Apartments,"Phoenix-Mesa-Scottsdale, AZ",4051,2x2,1063,2065,09/14/2023,False
Audere Apartments,"Phoenix-Mesa-Scottsdale, AZ",4051,2x2,1063,2075,09/15/2023,False
Audere Apartments,"Phoenix-Mesa-Scottsdale, AZ",4051,2x2,1063,2075,09/16/2023,True
