building_name,market,unit_name,unit_group,sqft,effective_price,date,leased_rate
La Reserve Villas,"Tucson, AZ",01101,3x2,1111,1792,08/11/2023,False
La Reserve Villas,"Tucson, AZ",01101,3x2,1111,1792,08/12/2023,False
La Reserve Villas,"Tucson, AZ",01101,3x2,1111,1792,08/13/2023,False
La Reserve Villas,"Tucson, AZ",01101,3x2,1111,1792,08/14/2023,False
La Reserve Villas,"Tucson, AZ",01101,3x2,1111,1792,08/15/2023,False
La Reserve Villas,"Tucson, AZ",01101,3x2,1111,1792,08/16/2023,False
La Reserve Villas,"Tucson, AZ",01101,3x2,1111,1792,08/17/2023,False
La Reserve Villas,"Tucson, AZ",01101,3x2,1111,1792,08/18/2023,False
La Reserve Villas,"Tucson, AZ",01101,3x2,1111,1792,08/19/2023,False
La Reserve Villas,"Tucson, AZ",01101,3x2,1111,1792,08/20/2023,False
La Reserve Villas,"Tucson, AZ",01101,3x2,1111,1792,08/21/2023,False
La Reserve Villas,"Tucson, AZ",01101,3x2,1111,1792,08/22/2023,False
La Reserve Villas,"Tucson, AZ",01101,3x2,1111,1792,08/23/2023,False
La Reserve Villas,"Tucson, AZ",01101,3x2,1111,1792,08/24/2023,False
La Reserve Villas,"Tucson, AZ",01101,3x2,1111,1772,08/25/2023,False
La Reserve Villas,"Tucson, AZ",01101,3x2,1111,1707,08/26/2023,False
La Reserve Villas,"Tucson, AZ",01101,3x2,1111,1707,08/27/2023,False
La Reserve Villas,"Tucson, AZ",01101,3x2,1111,1707,08/28/2023,False
La Reserve Villas,"Tucson, AZ",01101,3x2,1111,1707,08/29/2023,False
La Reserve Villas,"Tucson, AZ",01101,3x2,1111,1707,08/30/2023,False
La Reserve Villas,"Tucson, AZ",01101,3x2,1111,1707,08/31/2023,False
La Reserve Villas,"Tucson, AZ",01101,3x2,1111,1707,09/01/2023,False
La Reserve Villas,"Tucson, AZ",01101,3x2,1111,1707,09/02/2023,False
La Reserve Villas,"Tucson, AZ",01101,3x2,1111,1707,09/03/2023,False
La Reserve Villas,"Tucson, AZ",01101,3x2,1111,1707,09/04/2023,False
La Reserve Villas,"Tucson, AZ",01101,3x2,1111,1707,09/05/2023,False
La Reserve Villas,"Tucson, AZ",01101,3x2,1111,1687,09/06/2023,False
La Reserve Villas,"Tucson, AZ",01101,3x2,1111,1687,09/07/2023,False
La Reserve Villas,"Tucson, AZ",01101,3x2,1111,1687,09/08/2023,False
La Reserve Villas,"Tucson, AZ",01101,3x2,1111,1687,09/09/2023,False
La Reserve Villas,"Tucson, AZ",01101,3x2,1111,1687,09/10/2023,False
La Reserve Villas,"Tucson, AZ",01101,3x2,1111,1687,09/11/2023,False
La Reserve Villas,"Tucson, AZ",01101,3x2,1111,1687,09/12/2023,False
La Reserve Villas,"Tucson, AZ",01101,3x2,1111,1687,09/13/2023,False
La Reserve Villas,"Tucson, AZ",01101,3x2,1111,1687,09/14/2023,False
La Reserve Villas,"Tucson, AZ",01101,3x2,1111,1687,09/15/2023,False
La Reserve Villas,"Tucson, AZ",01101,3x2,1111,1687,09/16/2023,False
La Reserve Villas,"Tucson, AZ",01101,3x2,1111,1687,09/17/2023,False
La Reserve Villas,"Tucson, AZ",01101,3x2,1111,1687,09/18/2023,False
La Reserve Villas,"Tucson, AZ",01101,3x2,1111,1687,09/19/2023,False
La Reserve Villas,"Tucson, AZ",01101,3x2,1111,1687,09/20/2023,False
La Reserve Villas,"Tucson, AZ",01101,3x2,1111,1687,09/21/2023,False
La Reserve Villas,"Tucson, AZ",01101,3x2,1111,1692,09/22/2023,False
La Reserve Villas,"Tucson, AZ",01101,3x2,1111,1697,09/23/2023,False
La Reserve Villas,"Tucson, AZ",01101,3x2,1111,1697,09/24/2023,False
La Reserve Villas,"Tucson, AZ",01101,3x2,1111,1697,09/25/2023,False
La Reserve Villas,"Tucson, AZ",01101,3x2,1111,1702,09/26/2023,False
La Reserve Villas,"Tucson, AZ",01101,3x2,1111,1702,09/27/2023,False
La Reserve Villas,"Tucson, AZ",01101,3x2,1111,1702,09/28/2023,False
La Reserve Villas,"Tucson, AZ",01101,3x2,1111,1702,09/29/2023,False
La Reserve Villas,"Tucson, AZ",01101,3x2,1111,1702,09/30/2023,False
La Reserve Villas,"Tucson, AZ",01101,3x2,1111,1702,10/01/2023,False
La Reserve Villas,"Tucson, AZ",01101,3x2,1111,1702,10/02/2023,False
La Reserve Villas,"Tucson, AZ",01101,3x2,1111,1702,10/03/2023,False
La Reserve Villas,"Tucson, AZ",01101,3x2,1111,1702,10/04/2023,False
La Reserve Villas,"Tucson, AZ",01101,3x2,1111,1702,10/05/2023,False
La Reserve Villas,"Tucson, AZ",01101,3x2,1111,1702,10/06/2023,False
La Reserve Villas,"Tucson, AZ",01101,3x2,1111,1702,10/07/2023,False
La Reserve Villas,"Tucson, AZ",01101,3x2,1111,1702,10/08/2023,False
La Reserve Villas,"Tucson, AZ",01101,3x2,1111,1702,10/09/2023,False
La Reserve Villas,"Tucson, AZ",01101,3x2,1111,1702,10/10/2023,False
La Reserve Villas,"Tucson, AZ",01101,3x2,1111,1702,10/11/2023,False
La Reserve Villas,"Tucson, AZ",01101,3x2,1111,1702,10/12/2023,False
La Reserve Villas,"Tucson, AZ",01101,3x2,1111,1702,10/13/2023,False
La Reserve Villas,"Tucson, AZ",01101,3x2,1111,1702,10/14/2023,False
La Reserve Villas,"Tucson, AZ",01101,3x2,1111,1702,10/15/2023,False
La Reserve Villas,"Tucson, AZ",01101,3x2,1111,1702,10/16/2023,False
La Reserve Villas,"Tucson, AZ",01101,3x2,1111,1702,10/17/2023,False
La Reserve Villas,"Tucson, AZ",01101,3x2,1111,1702,10/18/2023,False
La Reserve Villas,"Tucson, AZ",01101,3x2,1111,1702,10/19/2023,False
La Reserve Villas,"Tucson, AZ",01101,3x2,1111,1702,10/20/2023,False
La Reserve Villas,"Tucson, AZ",01101,3x2,1111,1702,10/21/2023,False
La Reserve Villas,"Tucson, AZ",01101,3x2,1111,1702,10/22/2023,False
La Reserve Villas,"Tucson, AZ",01101,3x2,1111,1702,10/23/2023,False
La Reserve Villas,"Tucson, AZ",01101,3x2,1111,1702,10/24/2023,False
La Reserve Villas,"Tucson, AZ",01101,3x2,1111,1702,10/25/2023,False
La Reserve Villas,"Tucson, AZ",01101,3x2,1111,1702,10/26/2023,False
La Reserve Villas,"Tucson, AZ",01101,3x2,1111,1702,10/27/2023,False
La Reserve Villas,"Tucson, AZ",01101,3x2,1111,1702,10/28/2023,False
La Reserve Villas,"Tucson, AZ",01101,3x2,1111,1702,10/29/2023,False
La Reserve Villas,"Tucson, AZ",01101,3x2,1111,2218,10/30/2023,False
La Reserve Villas,"Tucson, AZ",01101,3x2,1111,2218,10/31/2023,False
La Reserve Villas,"Tucson, AZ",01101,3x2,1111,2234,11/01/2023,False
La Reserve Villas,"Tucson, AZ",01101,3x2,1111,2229,11/02/2023,False
La Reserve Villas,"Tucson, AZ",01101,3x2,1111,2241,11/03/2023,False
La Reserve Villas,"Tucson, AZ",01101,3x2,1111,1973,11/04/2023,False
La Reserve Villas,"Tucson, AZ",01101,3x2,1111,1973,11/05/2023,False
La Reserve Villas,"Tucson, AZ",01101,3x2,1111,1973,11/06/2023,False
La Reserve Villas,"Tucson, AZ",01101,3x2,1111,1973,11/07/2023,False
La Reserve Villas,"Tucson, AZ",01101,3x2,1111,1973,11/08/2023,False
La Reserve Villas,"Tucson, AZ",01101,3x2,1111,2068,11/09/2023,False
La Reserve Villas,"Tucson, AZ",01101,3x2,1111,2068,11/10/2023,False
La Reserve Villas,"Tucson, AZ",01101,3x2,1111,1873,11/11/2023,False
La Reserve Villas,"Tucson, AZ",01101,3x2,1111,1873,11/12/2023,False
La Reserve Villas,"Tucson, AZ",01101,3x2,1111,1873,11/13/2023,False
La Reserve Villas,"Tucson, AZ",01101,3x2,1111,1963,11/14/2023,False
La Reserve Villas,"Tucson, AZ",01101,3x2,1111,1873,11/15/2023,False
La Reserve Villas,"Tucson, AZ",01101,3x2,1111,1873,11/16/2023,False
La Reserve Villas,"Tucson, AZ",01101,3x2,1111,1873,11/17/2023,False
La Reserve Villas,"Tucson, AZ",01101,3x2,1111,1873,11/18/2023,False
La Reserve Villas,"Tucson, AZ",01101,3x2,1111,1873,11/19/2023,False
La Reserve Villas,"Tucson, AZ",01101,3x2,1111,1873,11/20/2023,False
La Reserve Villas,"Tucson, AZ",01101,3x2,1111,1868,11/21/2023,False
La Reserve Villas,"Tucson, AZ",01101,3x2,1111,1868,11/22/2023,False
La Reserve Villas,"Tucson, AZ",01101,3x2,1111,1863,11/23/2023,False
La Reserve Villas,"Tucson, AZ",01101,3x2,1111,1854,11/24/2023,False
La Reserve Villas,"Tucson, AZ",01101,3x2,1111,1854,11/25/2023,False
La Reserve Villas,"Tucson, AZ",01101,3x2,1111,1849,11/26/2023,False
La Reserve Villas,"Tucson, AZ",01101,3x2,1111,1840,11/27/2023,False
La Reserve Villas,"Tucson, AZ",01101,3x2,1111,1840,11/28/2023,False
La Reserve Villas,"Tucson, AZ",01101,3x2,1111,1835,11/29/2023,False
La Reserve Villas,"Tucson, AZ",01101,3x2,1111,1830,11/30/2023,False
La Reserve Villas,"Tucson, AZ",01101,3x2,1111,1825,12/01/2023,False
La Reserve Villas,"Tucson, AZ",01101,3x2,1111,1821,12/02/2023,False
La Reserve Villas,"Tucson, AZ",01101,3x2,1111,1834,12/03/2023,False
La Reserve Villas,"Tucson, AZ",01101,3x2,1111,1825,12/04/2023,False
La Reserve Villas,"Tucson, AZ",01101,3x2,1111,1825,12/05/2023,False
La Reserve Villas,"Tucson, AZ",01101,3x2,1111,1821,12/06/2023,False
La Reserve Villas,"Tucson, AZ",01101,3x2,1111,1768,12/07/2023,False
La Reserve Villas,"Tucson, AZ",01101,3x2,1111,1768,12/08/2023,False
La Reserve Villas,"Tucson, AZ",01101,3x2,1111,1768,12/09/2023,True
La Reserve Villas,"Tucson, AZ",01103,1x1,697,1478,06/17/2024,False
La Reserve Villas,"Tucson, AZ",01103,1x1,697,1405,06/18/2024,False
La Reserve Villas,"Tucson, AZ",01103,1x1,697,1405,06/19/2024,False
La Reserve Villas,"Tucson, AZ",01103,1x1,697,1405,06/20/2024,False
La Reserve Villas,"Tucson, AZ",01103,1x1,697,1405,06/21/2024,False
La Reserve Villas,"Tucson, AZ",01103,1x1,697,1405,06/22/2024,False
La Reserve Villas,"Tucson, AZ",01103,1x1,697,1405,06/23/2024,False
La Reserve Villas,"Tucson, AZ",01103,1x1,697,1405,06/24/2024,False
La Reserve Villas,"Tucson, AZ",01103,1x1,697,1405,06/25/2024,False
La Reserve Villas,"Tucson, AZ",01103,1x1,697,1405,06/26/2024,False
La Reserve Villas,"Tucson, AZ",01103,1x1,697,1405,06/27/2024,False
La Reserve Villas,"Tucson, AZ",01103,1x1,697,1405,06/28/2024,False
La Reserve Villas,"Tucson, AZ",01103,1x1,697,1405,06/29/2024,False
La Reserve Villas,"Tucson, AZ",01103,1x1,697,1405,06/30/2024,False
La Reserve Villas,"Tucson, AZ",01103,1x1,697,1405,07/01/2024,False
La Reserve Villas,"Tucson, AZ",01103,1x1,697,1470,07/02/2024,False
La Reserve Villas,"Tucson, AZ",01103,1x1,697,1470,07/03/2024,False
La Reserve Villas,"Tucson, AZ",01103,1x1,697,1470,07/04/2024,False
La Reserve Villas,"Tucson, AZ",01103,1x1,697,1470,07/05/2024,False
La Reserve Villas,"Tucson, AZ",01103,1x1,697,1470,07/06/2024,False
La Reserve Villas,"Tucson, AZ",01103,1x1,697,1470,07/07/2024,False
La Reserve Villas,"Tucson, AZ",01103,1x1,697,1470,07/08/2024,False
La Reserve Villas,"Tucson, AZ",01103,1x1,697,1470,07/09/2024,False
La Reserve Villas,"Tucson, AZ",01103,1x1,697,1470,07/10/2024,False
La Reserve Villas,"Tucson, AZ",01103,1x1,697,1541,07/11/2024,False
La Reserve Villas,"Tucson, AZ",01103,1x1,697,1541,07/12/2024,False
La Reserve Villas,"Tucson, AZ",01103,1x1,697,1541,07/13/2024,False
La Reserve Villas,"Tucson, AZ",01103,1x1,697,1541,07/14/2024,False
La Reserve Villas,"Tucson, AZ",01103,1x1,697,1541,07/15/2024,False
La Reserve Villas,"Tucson, AZ",01103,1x1,697,1541,07/16/2024,False
La Reserve Villas,"Tucson, AZ",01103,1x1,697,1541,07/17/2024,False
La Reserve Villas,"Tucson, AZ",01103,1x1,697,1541,07/18/2024,False
La Reserve Villas,"Tucson, AZ",01103,1x1,697,1541,07/19/2024,False
La Reserve Villas,"Tucson, AZ",01103,1x1,697,1541,07/20/2024,False
La Reserve Villas,"Tucson, AZ",01103,1x1,697,1541,07/21/2024,False
La Reserve Villas,"Tucson, AZ",01103,1x1,697,1541,07/22/2024,False
La Reserve Villas,"Tucson, AZ",01103,1x1,697,1541,07/23/2024,False
La Reserve Villas,"Tucson, AZ",01103,1x1,697,1541,07/24/2024,False
La Reserve Villas,"Tucson, AZ",01103,1x1,697,1541,07/25/2024,False
La Reserve Villas,"Tucson, AZ",01103,1x1,697,1467,07/26/2024,False
La Reserve Villas,"Tucson, AZ",01103,1x1,697,1467,07/27/2024,False
La Reserve Villas,"Tucson, AZ",01103,1x1,697,1467,07/28/2024,False
La Reserve Villas,"Tucson, AZ",01103,1x1,697,1467,07/29/2024,False
La Reserve Villas,"Tucson, AZ",01103,1x1,697,1538,07/30/2024,False
La Reserve Villas,"Tucson, AZ",01103,1x1,697,1538,07/31/2024,False
La Reserve Villas,"Tucson, AZ",01103,1x1,697,1538,08/01/2024,False
La Reserve Villas,"Tucson, AZ",01103,1x1,697,1538,08/02/2024,False
La Reserve Villas,"Tucson, AZ",01103,1x1,697,1538,08/03/2024,False
La Reserve Villas,"Tucson, AZ",01103,1x1,697,1538,08/04/2024,False
La Reserve Villas,"Tucson, AZ",01103,1x1,697,1538,08/05/2024,False
La Reserve Villas,"Tucson, AZ",01103,1x1,697,1538,08/06/2024,False
La Reserve Villas,"Tucson, AZ",01103,1x1,697,1538,08/07/2024,False
La Reserve Villas,"Tucson, AZ",01103,1x1,697,1538,08/08/2024,False
La Reserve Villas,"Tucson, AZ",01103,1x1,697,1538,08/09/2024,False
La Reserve Villas,"Tucson, AZ",01103,1x1,697,1479,08/10/2024,False
La Reserve Villas,"Tucson, AZ",01103,1x1,697,1479,08/11/2024,False
La Reserve Villas,"Tucson, AZ",01103,1x1,697,1479,08/12/2024,False
La Reserve Villas,"Tucson, AZ",01103,1x1,697,1479,08/13/2024,False
La Reserve Villas,"Tucson, AZ",01103,1x1,697,1479,08/14/2024,False
La Reserve Villas,"Tucson, AZ",01103,1x1,697,1453,08/15/2024,False
La Reserve Villas,"Tucson, AZ",01103,1x1,697,1453,08/16/2024,False
La Reserve Villas,"Tucson, AZ",01103,1x1,697,1453,08/17/2024,False
La Reserve Villas,"Tucson, AZ",01103,1x1,697,1453,08/18/2024,False
La Reserve Villas,"Tucson, AZ",01103,1x1,697,1453,08/19/2024,False
La Reserve Villas,"Tucson, AZ",01103,1x1,697,1453,08/20/2024,False
La Reserve Villas,"Tucson, AZ",01103,1x1,697,1453,08/21/2024,False
La Reserve Villas,"Tucson, AZ",01103,1x1,697,1453,08/22/2024,False
La Reserve Villas,"Tucson, AZ",01103,1x1,697,1453,08/23/2024,False
La Reserve Villas,"Tucson, AZ",01103,1x1,697,1453,08/24/2024,False
La Reserve Villas,"Tucson, AZ",01103,1x1,697,1453,08/25/2024,False
La Reserve Villas,"Tucson, AZ",01103,1x1,697,1453,08/26/2024,False
La Reserve Villas,"Tucson, AZ",01103,1x1,697,1453,08/27/2024,False
La Reserve Villas,"Tucson, AZ",01103,1x1,697,1453,08/28/2024,False
La Reserve Villas,"Tucson, AZ",01103,1x1,697,1453,08/29/2024,False
La Reserve Villas,"Tucson, AZ",01103,1x1,697,1453,08/30/2024,False
La Reserve Villas,"Tucson, AZ",01103,1x1,697,1453,08/31/2024,False
La Reserve Villas,"Tucson, AZ",01103,1x1,697,1453,09/01/2024,False
La Reserve Villas,"Tucson, AZ",01103,1x1,697,1453,09/02/2024,False
La Reserve Villas,"Tucson, AZ",01103,1x1,697,1453,09/03/2024,False
La Reserve Villas,"Tucson, AZ",01103,1x1,697,1453,09/04/2024,False
La Reserve Villas,"Tucson, AZ",01103,1x1,697,1450,09/05/2024,False
La Reserve Villas,"Tucson, AZ",01103,1x1,697,1450,09/06/2024,False
La Reserve Villas,"Tucson, AZ",01103,1x1,697,1450,09/07/2024,False
La Reserve Villas,"Tucson, AZ",01103,1x1,697,1450,09/08/2024,False
La Reserve Villas,"Tucson, AZ",01103,1x1,697,1450,09/09/2024,False
La Reserve Villas,"Tucson, AZ",01103,1x1,697,1450,09/10/2024,False
La Reserve Villas,"Tucson, AZ",01103,1x1,697,1450,09/11/2024,False
La Reserve Villas,"Tucson, AZ",01103,1x1,697,1450,09/12/2024,False
La Reserve Villas,"Tucson, AZ",01103,1x1,697,1450,09/13/2024,False
La Reserve Villas,"Tucson, AZ",01103,1x1,697,1450,09/14/2024,False
La Reserve Villas,"Tucson, AZ",01103,1x1,697,1450,09/15/2024,False
La Reserve Villas,"Tucson, AZ",01103,1x1,697,1450,09/16/2024,False
La Reserve Villas,"Tucson, AZ",01103,1x1,697,1450,09/17/2024,False
La Reserve Villas,"Tucson, AZ",01103,1x1,697,1450,09/18/2024,False
La Reserve Villas,"Tucson, AZ",01103,1x1,697,1450,09/19/2024,False
La Reserve Villas,"Tucson, AZ",01103,1x1,697,1450,09/20/2024,False
La Reserve Villas,"Tucson, AZ",01103,1x1,697,1450,09/21/2024,False
La Reserve Villas,"Tucson, AZ",01103,1x1,697,1450,09/22/2024,False
La Reserve Villas,"Tucson, AZ",01103,1x1,697,1450,09/23/2024,False
La Reserve Villas,"Tucson, AZ",01103,1x1,697,1450,09/24/2024,True
La Reserve Villas,"Tucson, AZ",01103,1x1,697,1376,03/27/2025,False
La Reserve Villas,"Tucson, AZ",01103,1x1,697,1376,03/28/2025,False
La Reserve Villas,"Tucson, AZ",01103,1x1,697,1376,03/29/2025,False
La Reserve Villas,"Tucson, AZ",01103,1x1,697,1376,03/30/2025,False
La Reserve Villas,"Tucson, AZ",01103,1x1,697,1376,03/31/2025,False
La Reserve Villas,"Tucson, AZ",01103,1x1,697,1376,04/01/2025,False
La Reserve Villas,"Tucson, AZ",01103,1x1,697,1376,04/02/2025,True
La Reserve Villas,"Tucson, AZ",01106,3x2,1111,1742,08/25/2023,False
La Reserve Villas,"Tucson, AZ",01106,3x2,1111,1677,08/26/2023,False
La Reserve Villas,"Tucson, AZ",01106,3x2,1111,1677,08/27/2023,False
La Reserve Villas,"Tucson, AZ",01106,3x2,1111,1677,08/28/2023,False
La Reserve Villas,"Tucson, AZ",01106,3x2,1111,1677,08/29/2023,False
La Reserve Villas,"Tucson, AZ",01106,3x2,1111,1677,08/30/2023,False
La Reserve Villas,"Tucson, AZ",01106,3x2,1111,1677,08/31/2023,False
La Reserve Villas,"Tucson, AZ",01106,3x2,1111,1677,09/01/2023,False
La Reserve Villas,"Tucson, AZ",01106,3x2,1111,1677,09/02/2023,False
La Reserve Villas,"Tucson, AZ",01106,3x2,1111,1677,09/03/2023,False
La Reserve Villas,"Tucson, AZ",01106,3x2,1111,1677,09/04/2023,False
La Reserve Villas,"Tucson, AZ",01106,3x2,1111,1677,09/05/2023,False
La Reserve Villas,"Tucson, AZ",01106,3x2,1111,1657,09/06/2023,False
La Reserve Villas,"Tucson, AZ",01106,3x2,1111,1657,09/07/2023,False
La Reserve Villas,"Tucson, AZ",01106,3x2,1111,1657,09/08/2023,False
La Reserve Villas,"Tucson, AZ",01106,3x2,1111,1657,09/09/2023,False
La Reserve Villas,"Tucson, AZ",01106,3x2,1111,1657,09/10/2023,False
La Reserve Villas,"Tucson, AZ",01106,3x2,1111,1657,09/11/2023,False
La Reserve Villas,"Tucson, AZ",01106,3x2,1111,1657,09/12/2023,False
La Reserve Villas,"Tucson, AZ",01106,3x2,1111,1657,09/13/2023,False
La Reserve Villas,"Tucson, AZ",01106,3x2,1111,1657,09/14/2023,False
La Reserve Villas,"Tucson, AZ",01106,3x2,1111,1657,09/15/2023,False
La Reserve Villas,"Tucson, AZ",01106,3x2,1111,1657,09/16/2023,False
La Reserve Villas,"Tucson, AZ",01106,3x2,1111,1657,09/17/2023,False
La Reserve Villas,"Tucson, AZ",01106,3x2,1111,1657,09/18/2023,False
La Reserve Villas,"Tucson, AZ",01106,3x2,1111,1657,09/19/2023,False
La Reserve Villas,"Tucson, AZ",01106,3x2,1111,1657,09/20/2023,False
La Reserve Villas,"Tucson, AZ",01106,3x2,1111,1657,09/21/2023,False
La Reserve Villas,"Tucson, AZ",01106,3x2,1111,1662,09/22/2023,False
La Reserve Villas,"Tucson, AZ",01106,3x2,1111,1667,09/23/2023,False
La Reserve Villas,"Tucson, AZ",01106,3x2,1111,1667,09/24/2023,True
La Reserve Villas,"Tucson, AZ",01201,3x2,1111,1836,12/07/2023,False
La Reserve Villas,"Tucson, AZ",01201,3x2,1111,1836,12/08/2023,False
La Reserve Villas,"Tucson, AZ",01201,3x2,1111,1836,12/09/2023,False
La Reserve Villas,"Tucson, AZ",01201,3x2,1111,1836,12/10/2023,False
La Reserve Villas,"Tucson, AZ",01201,3x2,1111,1836,12/11/2023,False
La Reserve Villas,"Tucson, AZ",01201,3x2,1111,1836,12/12/2023,False
La Reserve Villas,"Tucson, AZ",01201,3x2,1111,1836,12/13/2023,False
La Reserve Villas,"Tucson, AZ",01201,3x2,1111,1836,12/14/2023,False
La Reserve Villas,"Tucson, AZ",01201,3x2,1111,1836,12/15/2023,False
La Reserve Villas,"Tucson, AZ",01201,3x2,1111,1836,12/16/2023,False
La Reserve Villas,"Tucson, AZ",01201,3x2,1111,1836,12/17/2023,False
La Reserve Villas,"Tucson, AZ",01201,3x2,1111,1836,12/18/2023,False
La Reserve Villas,"Tucson, AZ",01201,3x2,1111,1926,12/19/2023,False
La Reserve Villas,"Tucson, AZ",01201,3x2,1111,1836,12/20/2023,False
La Reserve Villas,"Tucson, AZ",01201,3x2,1111,1836,12/21/2023,False
La Reserve Villas,"Tucson, AZ",01201,3x2,1111,1836,12/22/2023,False
La Reserve Villas,"Tucson, AZ",01201,3x2,1111,1836,12/23/2023,False
La Reserve Villas,"Tucson, AZ",01201,3x2,1111,1836,12/24/2023,False
La Reserve Villas,"Tucson, AZ",01201,3x2,1111,1836,12/25/2023,False
La Reserve Villas,"Tucson, AZ",01201,3x2,1111,1836,12/26/2023,False
La Reserve Villas,"Tucson, AZ",01201,3x2,1111,1926,12/27/2023,False
La Reserve Villas,"Tucson, AZ",01201,3x2,1111,2020,12/28/2023,False
La Reserve Villas,"Tucson, AZ",01201,3x2,1111,2093,12/29/2023,False
La Reserve Villas,"Tucson, AZ",01201,3x2,1111,2093,12/30/2023,False
La Reserve Villas,"Tucson, AZ",01201,3x2,1111,2093,12/31/2023,False
La Reserve Villas,"Tucson, AZ",01201,3x2,1111,2093,01/01/2024,False
La Reserve Villas,"Tucson, AZ",01201,3x2,1111,2093,01/02/2024,False
La Reserve Villas,"Tucson, AZ",01201,3x2,1111,2098,01/03/2024,False
La Reserve Villas,"Tucson, AZ",01201,3x2,1111,2098,01/04/2024,False
La Reserve Villas,"Tucson, AZ",01201,3x2,1111,2098,01/05/2024,False
La Reserve Villas,"Tucson, AZ",01201,3x2,1111,2098,01/06/2024,False
La Reserve Villas,"Tucson, AZ",01201,3x2,1111,2098,01/07/2024,False
La Reserve Villas,"Tucson, AZ",01201,3x2,1111,2098,01/08/2024,False
La Reserve Villas,"Tucson, AZ",01201,3x2,1111,2188,01/09/2024,False
La Reserve Villas,"Tucson, AZ",01201,3x2,1111,2188,01/10/2024,False
La Reserve Villas,"Tucson, AZ",01201,3x2,1111,2141,01/11/2024,False
La Reserve Villas,"Tucson, AZ",01201,3x2,1111,2060,01/12/2024,False
La Reserve Villas,"Tucson, AZ",01201,3x2,1111,2060,01/13/2024,False
La Reserve Villas,"Tucson, AZ",01201,3x2,1111,2060,01/14/2024,False
La Reserve Villas,"Tucson, AZ",01201,3x2,1111,2060,01/15/2024,False
La Reserve Villas,"Tucson, AZ",01201,3x2,1111,1959,01/16/2024,False
La Reserve Villas,"Tucson, AZ",01201,3x2,1111,1959,01/17/2024,False
La Reserve Villas,"Tucson, AZ",01201,3x2,1111,1863,01/18/2024,False
La Reserve Villas,"Tucson, AZ",01201,3x2,1111,1863,01/19/2024,False
La Reserve Villas,"Tucson, AZ",01201,3x2,1111,1772,01/20/2024,False
La Reserve Villas,"Tucson, AZ",01201,3x2,1111,1772,01/21/2024,False
La Reserve Villas,"Tucson, AZ",01201,3x2,1111,1772,01/22/2024,False
La Reserve Villas,"Tucson, AZ",01201,3x2,1111,1772,01/23/2024,False
La Reserve Villas,"Tucson, AZ",01201,3x2,1111,1772,01/24/2024,False
La Reserve Villas,"Tucson, AZ",01201,3x2,1111,1772,01/25/2024,False
La Reserve Villas,"Tucson, AZ",01201,3x2,1111,1772,01/26/2024,False
La Reserve Villas,"Tucson, AZ",01201,3x2,1111,1772,01/27/2024,False
La Reserve Villas,"Tucson, AZ",01201,3x2,1111,1772,01/28/2024,False
La Reserve Villas,"Tucson, AZ",01201,3x2,1111,1772,01/29/2024,False
La Reserve Villas,"Tucson, AZ",01201,3x2,1111,1859,01/30/2024,False
La Reserve Villas,"Tucson, AZ",01201,3x2,1111,1859,01/31/2024,False
La Reserve Villas,"Tucson, AZ",01201,3x2,1111,1859,02/01/2024,False
La Reserve Villas,"Tucson, AZ",01201,3x2,1111,1859,02/02/2024,False
La Reserve Villas,"Tucson, AZ",01201,3x2,1111,1859,02/03/2024,False
La Reserve Villas,"Tucson, AZ",01201,3x2,1111,1859,02/04/2024,False
La Reserve Villas,"Tucson, AZ",01201,3x2,1111,1859,02/05/2024,False
La Reserve Villas,"Tucson, AZ",01201,3x2,1111,1859,02/06/2024,False
La Reserve Villas,"Tucson, AZ",01201,3x2,1111,1859,02/07/2024,False
La Reserve Villas,"Tucson, AZ",01201,3x2,1111,1859,02/08/2024,False
La Reserve Villas,"Tucson, AZ",01201,3x2,1111,1859,02/09/2024,False
La Reserve Villas,"Tucson, AZ",01201,3x2,1111,1859,02/10/2024,False
La Reserve Villas,"Tucson, AZ",01201,3x2,1111,1859,02/11/2024,False
La Reserve Villas,"Tucson, AZ",01201,3x2,1111,1859,02/12/2024,False
La Reserve Villas,"Tucson, AZ",01201,3x2,1111,1859,02/13/2024,False
La Reserve Villas,"Tucson, AZ",01201,3x2,1111,1859,02/14/2024,False
La Reserve Villas,"Tucson, AZ",01201,3x2,1111,1859,02/15/2024,False
La Reserve Villas,"Tucson, AZ",01201,3x2,1111,1859,02/16/2024,False
La Reserve Villas,"Tucson, AZ",01201,3x2,1111,1859,02/17/2024,False
La Reserve Villas,"Tucson, AZ",01201,3x2,1111,1812,02/18/2024,False
La Reserve Villas,"Tucson, AZ",01201,3x2,1111,1812,02/19/2024,False
La Reserve Villas,"Tucson, AZ",01201,3x2,1111,1812,02/20/2024,False
La Reserve Villas,"Tucson, AZ",01201,3x2,1111,1812,02/21/2024,False
La Reserve Villas,"Tucson, AZ",01201,3x2,1111,1812,02/22/2024,False
La Reserve Villas,"Tucson, AZ",01201,3x2,1111,1812,02/23/2024,False
La Reserve Villas,"Tucson, AZ",01201,3x2,1111,1812,02/24/2024,False
La Reserve Villas,"Tucson, AZ",01201,3x2,1111,1812,02/25/2024,False
La Reserve Villas,"Tucson, AZ",01201,3x2,1111,1812,02/26/2024,False
La Reserve Villas,"Tucson, AZ",01201,3x2,1111,1812,02/27/2024,False
La Reserve Villas,"Tucson, AZ",01201,3x2,1111,1812,02/28/2024,False
La Reserve Villas,"Tucson, AZ",01201,3x2,1111,1723,02/29/2024,False
La Reserve Villas,"Tucson, AZ",01201,3x2,1111,1723,03/01/2024,False
La Reserve Villas,"Tucson, AZ",01201,3x2,1111,1723,03/02/2024,False
La Reserve Villas,"Tucson, AZ",01201,3x2,1111,1723,03/03/2024,False
La Reserve Villas,"Tucson, AZ",01201,3x2,1111,1734,03/04/2024,False
La Reserve Villas,"Tucson, AZ",01201,3x2,1111,1734,03/05/2024,False
La Reserve Villas,"Tucson, AZ",01201,3x2,1111,1734,03/06/2024,False
La Reserve Villas,"Tucson, AZ",01201,3x2,1111,1734,03/07/2024,False
La Reserve Villas,"Tucson, AZ",01201,3x2,1111,1734,03/08/2024,False
La Reserve Villas,"Tucson, AZ",01201,3x2,1111,1734,03/09/2024,False
La Reserve Villas,"Tucson, AZ",01201,3x2,1111,1734,03/10/2024,False
La Reserve Villas,"Tucson, AZ",01201,3x2,1111,1734,03/11/2024,False
La Reserve Villas,"Tucson, AZ",01201,3x2,1111,1734,03/12/2024,False
La Reserve Villas,"Tucson, AZ",01201,3x2,1111,1734,03/13/2024,False
La Reserve Villas,"Tucson, AZ",01201,3x2,1111,1734,03/14/2024,False
La Reserve Villas,"Tucson, AZ",01201,3x2,1111,1734,03/15/2024,False
La Reserve Villas,"Tucson, AZ",01201,3x2,1111,1734,03/16/2024,False
La Reserve Villas,"Tucson, AZ",01201,3x2,1111,1734,03/17/2024,False
La Reserve Villas,"Tucson, AZ",01201,3x2,1111,1734,03/18/2024,False
La Reserve Villas,"Tucson, AZ",01201,3x2,1111,1734,03/19/2024,False
La Reserve Villas,"Tucson, AZ",01201,3x2,1111,1734,03/20/2024,False
La Reserve Villas,"Tucson, AZ",01201,3x2,1111,1734,03/21/2024,False
La Reserve Villas,"Tucson, AZ",01201,3x2,1111,1729,03/22/2024,False
La Reserve Villas,"Tucson, AZ",01201,3x2,1111,1725,03/23/2024,False
La Reserve Villas,"Tucson, AZ",01201,3x2,1111,1720,03/24/2024,False
La Reserve Villas,"Tucson, AZ",01201,3x2,1111,1716,03/25/2024,False
La Reserve Villas,"Tucson, AZ",01201,3x2,1111,1712,03/26/2024,False
La Reserve Villas,"Tucson, AZ",01201,3x2,1111,1707,03/27/2024,False
La Reserve Villas,"Tucson, AZ",01201,3x2,1111,1703,03/28/2024,False
La Reserve Villas,"Tucson, AZ",01201,3x2,1111,1699,03/29/2024,False
La Reserve Villas,"Tucson, AZ",01201,3x2,1111,1694,03/30/2024,False
La Reserve Villas,"Tucson, AZ",01201,3x2,1111,1690,03/31/2024,False
La Reserve Villas,"Tucson, AZ",01201,3x2,1111,1690,04/01/2024,False
La Reserve Villas,"Tucson, AZ",01201,3x2,1111,1681,04/02/2024,False
La Reserve Villas,"Tucson, AZ",01201,3x2,1111,1661,04/03/2024,False
La Reserve Villas,"Tucson, AZ",01201,3x2,1111,1656,04/04/2024,False
La Reserve Villas,"Tucson, AZ",01201,3x2,1111,1651,04/05/2024,False
La Reserve Villas,"Tucson, AZ",01201,3x2,1111,1646,04/06/2024,False
La Reserve Villas,"Tucson, AZ",01201,3x2,1111,1642,04/07/2024,False
La Reserve Villas,"Tucson, AZ",01201,3x2,1111,1637,04/08/2024,False
La Reserve Villas,"Tucson, AZ",01201,3x2,1111,1632,04/09/2024,False
La Reserve Villas,"Tucson, AZ",01201,3x2,1111,1623,04/10/2024,False
La Reserve Villas,"Tucson, AZ",01201,3x2,1111,1623,04/11/2024,False
La Reserve Villas,"Tucson, AZ",01201,3x2,1111,1613,04/12/2024,False
La Reserve Villas,"Tucson, AZ",01201,3x2,1111,1608,04/13/2024,False
La Reserve Villas,"Tucson, AZ",01201,3x2,1111,1603,04/14/2024,False
La Reserve Villas,"Tucson, AZ",01201,3x2,1111,1597,04/15/2024,False
La Reserve Villas,"Tucson, AZ",01201,3x2,1111,1592,04/16/2024,False
La Reserve Villas,"Tucson, AZ",01201,3x2,1111,1587,04/17/2024,False
La Reserve Villas,"Tucson, AZ",01201,3x2,1111,1583,04/18/2024,False
La Reserve Villas,"Tucson, AZ",01201,3x2,1111,1583,04/19/2024,False
La Reserve Villas,"Tucson, AZ",01201,3x2,1111,1579,04/20/2024,False
La Reserve Villas,"Tucson, AZ",01201,3x2,1111,1579,04/21/2024,False
La Reserve Villas,"Tucson, AZ",01201,3x2,1111,1579,04/22/2024,False
La Reserve Villas,"Tucson, AZ",01201,3x2,1111,1579,04/23/2024,False
La Reserve Villas,"Tucson, AZ",01201,3x2,1111,1579,04/24/2024,False
La Reserve Villas,"Tucson, AZ",01201,3x2,1111,1579,04/25/2024,False
La Reserve Villas,"Tucson, AZ",01201,3x2,1111,1760,04/26/2024,False
La Reserve Villas,"Tucson, AZ",01201,3x2,1111,1760,04/27/2024,False
La Reserve Villas,"Tucson, AZ",01201,3x2,1111,1760,04/28/2024,False
La Reserve Villas,"Tucson, AZ",01201,3x2,1111,1760,04/29/2024,False
La Reserve Villas,"Tucson, AZ",01201,3x2,1111,1610,04/30/2024,False
La Reserve Villas,"Tucson, AZ",01201,3x2,1111,1626,05/01/2024,False
La Reserve Villas,"Tucson, AZ",01201,3x2,1111,1626,05/02/2024,False
La Reserve Villas,"Tucson, AZ",01201,3x2,1111,1626,05/03/2024,False
La Reserve Villas,"Tucson, AZ",01201,3x2,1111,1626,05/04/2024,False
La Reserve Villas,"Tucson, AZ",01201,3x2,1111,1626,05/05/2024,False
La Reserve Villas,"Tucson, AZ",01201,3x2,1111,1665,05/06/2024,False
La Reserve Villas,"Tucson, AZ",01201,3x2,1111,1665,05/07/2024,False
La Reserve Villas,"Tucson, AZ",01201,3x2,1111,1665,05/08/2024,False
La Reserve Villas,"Tucson, AZ",01201,3x2,1111,1665,05/09/2024,False
La Reserve Villas,"Tucson, AZ",01201,3x2,1111,1665,05/10/2024,False
La Reserve Villas,"Tucson, AZ",01201,3x2,1111,1665,05/11/2024,False
La Reserve Villas,"Tucson, AZ",01201,3x2,1111,1665,05/12/2024,False
La Reserve Villas,"Tucson, AZ",01201,3x2,1111,1665,05/13/2024,False
La Reserve Villas,"Tucson, AZ",01201,3x2,1111,1665,05/14/2024,False
La Reserve Villas,"Tucson, AZ",01201,3x2,1111,1665,05/15/2024,False
La Reserve Villas,"Tucson, AZ",01201,3x2,1111,1665,05/16/2024,False
La Reserve Villas,"Tucson, AZ",01201,3x2,1111,1665,05/17/2024,False
La Reserve Villas,"Tucson, AZ",01201,3x2,1111,1665,05/18/2024,False
La Reserve Villas,"Tucson, AZ",01201,3x2,1111,1665,05/19/2024,False
La Reserve Villas,"Tucson, AZ",01201,3x2,1111,1665,05/20/2024,False
La Reserve Villas,"Tucson, AZ",01201,3x2,1111,1665,05/21/2024,False
La Reserve Villas,"Tucson, AZ",01201,3x2,1111,1665,05/22/2024,False
La Reserve Villas,"Tucson, AZ",01201,3x2,1111,1637,05/23/2024,False
La Reserve Villas,"Tucson, AZ",01201,3x2,1111,1637,05/24/2024,False
La Reserve Villas,"Tucson, AZ",01201,3x2,1111,1673,05/25/2024,False
La Reserve Villas,"Tucson, AZ",01201,3x2,1111,1673,05/26/2024,False
La Reserve Villas,"Tucson, AZ",01201,3x2,1111,1673,05/27/2024,False
La Reserve Villas,"Tucson, AZ",01201,3x2,1111,1673,05/28/2024,False
La Reserve Villas,"Tucson, AZ",01201,3x2,1111,1606,05/29/2024,False
La Reserve Villas,"Tucson, AZ",01201,3x2,1111,1606,05/30/2024,False
La Reserve Villas,"Tucson, AZ",01201,3x2,1111,1606,05/31/2024,False
La Reserve Villas,"Tucson, AZ",01201,3x2,1111,1606,06/01/2024,False
La Reserve Villas,"Tucson, AZ",01201,3x2,1111,1606,06/02/2024,False
La Reserve Villas,"Tucson, AZ",01201,3x2,1111,1606,06/03/2024,False
La Reserve Villas,"Tucson, AZ",01201,3x2,1111,1606,06/04/2024,False
La Reserve Villas,"Tucson, AZ",01201,3x2,1111,1606,06/05/2024,False
La Reserve Villas,"Tucson, AZ",01201,3x2,1111,1606,06/06/2024,True
La Reserve Villas,"Tucson, AZ",01202,1x1,697,1558,06/06/2024,False
La Reserve Villas,"Tucson, AZ",01202,1x1,697,1558,06/07/2024,False
La Reserve Villas,"Tucson, AZ",01202,1x1,697,1558,06/08/2024,False
La Reserve Villas,"Tucson, AZ",01202,1x1,697,1558,06/09/2024,False
La Reserve Villas,"Tucson, AZ",01202,1x1,697,1558,06/10/2024,False
La Reserve Villas,"Tucson, AZ",01202,1x1,697,1558,06/11/2024,False
La Reserve Villas,"Tucson, AZ",01202,1x1,697,1558,06/12/2024,False
La Reserve Villas,"Tucson, AZ",01202,1x1,697,1483,06/13/2024,False
La Reserve Villas,"Tucson, AZ",01202,1x1,697,1483,06/14/2024,False
La Reserve Villas,"Tucson, AZ",01202,1x1,697,1483,06/15/2024,False
La Reserve Villas,"Tucson, AZ",01202,1x1,697,1483,06/16/2024,False
La Reserve Villas,"Tucson, AZ",01202,1x1,697,1487,06/17/2024,False
La Reserve Villas,"Tucson, AZ",01202,1x1,697,1431,06/18/2024,False
La Reserve Villas,"Tucson, AZ",01202,1x1,697,1431,06/19/2024,False
La Reserve Villas,"Tucson, AZ",01202,1x1,697,1431,06/20/2024,False
La Reserve Villas,"Tucson, AZ",01202,1x1,697,1431,06/21/2024,False
La Reserve Villas,"Tucson, AZ",01202,1x1,697,1431,06/22/2024,False
La Reserve Villas,"Tucson, AZ",01202,1x1,697,1431,06/23/2024,False
La Reserve Villas,"Tucson, AZ",01202,1x1,697,1431,06/24/2024,False
La Reserve Villas,"Tucson, AZ",01202,1x1,697,1431,06/25/2024,False
La Reserve Villas,"Tucson, AZ",01202,1x1,697,1431,06/26/2024,False
La Reserve Villas,"Tucson, AZ",01202,1x1,697,1431,06/27/2024,False
La Reserve Villas,"Tucson, AZ",01202,1x1,697,1431,06/28/2024,False
La Reserve Villas,"Tucson, AZ",01202,1x1,697,1431,06/29/2024,False
La Reserve Villas,"Tucson, AZ",01202,1x1,697,1431,06/30/2024,False
La Reserve Villas,"Tucson, AZ",01202,1x1,697,1455,07/01/2024,False
La Reserve Villas,"Tucson, AZ",01202,1x1,697,1507,07/02/2024,False
La Reserve Villas,"Tucson, AZ",01202,1x1,697,1507,07/03/2024,False
La Reserve Villas,"Tucson, AZ",01202,1x1,697,1507,07/04/2024,False
La Reserve Villas,"Tucson, AZ",01202,1x1,697,1496,07/05/2024,False
La Reserve Villas,"Tucson, AZ",01202,1x1,697,1496,07/06/2024,False
La Reserve Villas,"Tucson, AZ",01202,1x1,697,1501,07/07/2024,False
La Reserve Villas,"Tucson, AZ",01202,1x1,697,1501,07/08/2024,False
La Reserve Villas,"Tucson, AZ",01202,1x1,697,1512,07/09/2024,False
La Reserve Villas,"Tucson, AZ",01202,1x1,697,1512,07/10/2024,False
La Reserve Villas,"Tucson, AZ",01202,1x1,697,1584,07/11/2024,False
La Reserve Villas,"Tucson, AZ",01202,1x1,697,1584,07/12/2024,False
La Reserve Villas,"Tucson, AZ",01202,1x1,697,1584,07/13/2024,False
La Reserve Villas,"Tucson, AZ",01202,1x1,697,1584,07/14/2024,False
La Reserve Villas,"Tucson, AZ",01202,1x1,697,1584,07/15/2024,False
La Reserve Villas,"Tucson, AZ",01202,1x1,697,1584,07/16/2024,False
La Reserve Villas,"Tucson, AZ",01202,1x1,697,1584,07/17/2024,False
La Reserve Villas,"Tucson, AZ",01202,1x1,697,1584,07/18/2024,False
La Reserve Villas,"Tucson, AZ",01202,1x1,697,1584,07/19/2024,False
La Reserve Villas,"Tucson, AZ",01202,1x1,697,1584,07/20/2024,False
La Reserve Villas,"Tucson, AZ",01202,1x1,697,1584,07/21/2024,False
La Reserve Villas,"Tucson, AZ",01202,1x1,697,1581,07/22/2024,False
La Reserve Villas,"Tucson, AZ",01202,1x1,697,1577,07/23/2024,False
La Reserve Villas,"Tucson, AZ",01202,1x1,697,1577,07/24/2024,False
La Reserve Villas,"Tucson, AZ",01202,1x1,697,1570,07/25/2024,False
La Reserve Villas,"Tucson, AZ",01202,1x1,697,1492,07/26/2024,False
La Reserve Villas,"Tucson, AZ",01202,1x1,697,1489,07/27/2024,False
La Reserve Villas,"Tucson, AZ",01202,1x1,697,1486,07/28/2024,False
La Reserve Villas,"Tucson, AZ",01202,1x1,697,1452,07/29/2024,False
La Reserve Villas,"Tucson, AZ",01202,1x1,697,1537,07/30/2024,False
La Reserve Villas,"Tucson, AZ",01202,1x1,697,1533,07/31/2024,False
La Reserve Villas,"Tucson, AZ",01202,1x1,697,1528,08/01/2024,False
La Reserve Villas,"Tucson, AZ",01202,1x1,697,1523,08/02/2024,False
La Reserve Villas,"Tucson, AZ",01202,1x1,697,1519,08/03/2024,False
La Reserve Villas,"Tucson, AZ",01202,1x1,697,1514,08/04/2024,False
La Reserve Villas,"Tucson, AZ",01202,1x1,697,1509,08/05/2024,False
La Reserve Villas,"Tucson, AZ",01202,1x1,697,1513,08/06/2024,False
La Reserve Villas,"Tucson, AZ",01202,1x1,697,1509,08/07/2024,False
La Reserve Villas,"Tucson, AZ",01202,1x1,697,1504,08/08/2024,False
La Reserve Villas,"Tucson, AZ",01202,1x1,697,1499,08/09/2024,False
La Reserve Villas,"Tucson, AZ",01202,1x1,697,1437,08/10/2024,False
La Reserve Villas,"Tucson, AZ",01202,1x1,697,1433,08/11/2024,False
La Reserve Villas,"Tucson, AZ",01202,1x1,697,1428,08/12/2024,False
La Reserve Villas,"Tucson, AZ",01202,1x1,697,1424,08/13/2024,False
La Reserve Villas,"Tucson, AZ",01202,1x1,697,1419,08/14/2024,False
La Reserve Villas,"Tucson, AZ",01202,1x1,697,1390,08/15/2024,False
La Reserve Villas,"Tucson, AZ",01202,1x1,697,1390,08/16/2024,True
La Reserve Villas,"Tucson, AZ",01203,1x1,697,1390,11/11/2024,False
La Reserve Villas,"Tucson, AZ",01203,1x1,697,1390,11/12/2024,False
La Reserve Villas,"Tucson, AZ",01203,1x1,697,1390,11/13/2024,False
La Reserve Villas,"Tucson, AZ",01203,1x1,697,1362,11/14/2024,False
La Reserve Villas,"Tucson, AZ",01203,1x1,697,1362,11/15/2024,False
La Reserve Villas,"Tucson, AZ",01203,1x1,697,1362,11/16/2024,False
La Reserve Villas,"Tucson, AZ",01203,1x1,697,1362,11/17/2024,False
La Reserve Villas,"Tucson, AZ",01203,1x1,697,1362,11/18/2024,False
La Reserve Villas,"Tucson, AZ",01203,1x1,697,1380,11/19/2024,False
La Reserve Villas,"Tucson, AZ",01203,1x1,697,1380,11/20/2024,False
La Reserve Villas,"Tucson, AZ",01203,1x1,697,1362,11/21/2024,False
La Reserve Villas,"Tucson, AZ",01203,1x1,697,1362,11/22/2024,False
La Reserve Villas,"Tucson, AZ",01203,1x1,697,1362,11/23/2024,False
La Reserve Villas,"Tucson, AZ",01203,1x1,697,1362,11/24/2024,False
La Reserve Villas,"Tucson, AZ",01203,1x1,697,1362,11/25/2024,False
La Reserve Villas,"Tucson, AZ",01203,1x1,697,1362,11/26/2024,False
La Reserve Villas,"Tucson, AZ",01203,1x1,697,1362,11/27/2024,False
La Reserve Villas,"Tucson, AZ",01203,1x1,697,1362,11/28/2024,False
La Reserve Villas,"Tucson, AZ",01203,1x1,697,1362,11/29/2024,False
La Reserve Villas,"Tucson, AZ",01203,1x1,697,1362,11/30/2024,False
La Reserve Villas,"Tucson, AZ",01203,1x1,697,1362,12/01/2024,False
La Reserve Villas,"Tucson, AZ",01203,1x1,697,1362,12/02/2024,False
La Reserve Villas,"Tucson, AZ",01203,1x1,697,1362,12/03/2024,False
La Reserve Villas,"Tucson, AZ",01203,1x1,697,1362,12/04/2024,False
La Reserve Villas,"Tucson, AZ",01203,1x1,697,1362,12/05/2024,False
La Reserve Villas,"Tucson, AZ",01203,1x1,697,1362,12/06/2024,False
La Reserve Villas,"Tucson, AZ",01203,1x1,697,1362,12/07/2024,False
La Reserve Villas,"Tucson, AZ",01203,1x1,697,1362,12/08/2024,False
La Reserve Villas,"Tucson, AZ",01203,1x1,697,1406,12/09/2024,False
La Reserve Villas,"Tucson, AZ",01203,1x1,697,1396,12/10/2024,False
La Reserve Villas,"Tucson, AZ",01203,1x1,697,1396,12/11/2024,False
La Reserve Villas,"Tucson, AZ",01203,1x1,697,1386,12/12/2024,False
La Reserve Villas,"Tucson, AZ",01203,1x1,697,1360,12/13/2024,False
La Reserve Villas,"Tucson, AZ",01203,1x1,697,1360,12/14/2024,False
La Reserve Villas,"Tucson, AZ",01203,1x1,697,1360,12/15/2024,False
La Reserve Villas,"Tucson, AZ",01203,1x1,697,1360,12/16/2024,False
La Reserve Villas,"Tucson, AZ",01203,1x1,697,1390,12/17/2024,False
La Reserve Villas,"Tucson, AZ",01203,1x1,697,1376,12/18/2024,False
La Reserve Villas,"Tucson, AZ",01203,1x1,697,1376,12/19/2024,False
La Reserve Villas,"Tucson, AZ",01203,1x1,697,1360,12/20/2024,False
La Reserve Villas,"Tucson, AZ",01203,1x1,697,1360,12/21/2024,False
La Reserve Villas,"Tucson, AZ",01203,1x1,697,1360,12/22/2024,False
La Reserve Villas,"Tucson, AZ",01203,1x1,697,1360,12/23/2024,False
La Reserve Villas,"Tucson, AZ",01203,1x1,697,1360,12/24/2024,False
La Reserve Villas,"Tucson, AZ",01203,1x1,697,1360,12/25/2024,False
La Reserve Villas,"Tucson, AZ",01203,1x1,697,1360,12/26/2024,False
La Reserve Villas,"Tucson, AZ",01203,1x1,697,1360,12/27/2024,False
La Reserve Villas,"Tucson, AZ",01203,1x1,697,1360,12/28/2024,False
La Reserve Villas,"Tucson, AZ",01203,1x1,697,1360,12/29/2024,False
La Reserve Villas,"Tucson, AZ",01203,1x1,697,1360,12/30/2024,False
La Reserve Villas,"Tucson, AZ",01203,1x1,697,1360,12/31/2024,False
La Reserve Villas,"Tucson, AZ",01203,1x1,697,1360,01/01/2025,False
La Reserve Villas,"Tucson, AZ",01203,1x1,697,1360,01/02/2025,False
La Reserve Villas,"Tucson, AZ",01203,1x1,697,1360,01/03/2025,False
La Reserve Villas,"Tucson, AZ",01203,1x1,697,1360,01/04/2025,False
La Reserve Villas,"Tucson, AZ",01203,1x1,697,1360,01/05/2025,False
La Reserve Villas,"Tucson, AZ",01203,1x1,697,1360,01/06/2025,False
La Reserve Villas,"Tucson, AZ",01203,1x1,697,1390,01/07/2025,False
La Reserve Villas,"Tucson, AZ",01203,1x1,697,1390,01/08/2025,False
La Reserve Villas,"Tucson, AZ",01203,1x1,697,1390,01/09/2025,False
La Reserve Villas,"Tucson, AZ",01203,1x1,697,1386,01/10/2025,False
La Reserve Villas,"Tucson, AZ",01203,1x1,697,1386,01/11/2025,False
La Reserve Villas,"Tucson, AZ",01203,1x1,697,1377,01/12/2025,False
La Reserve Villas,"Tucson, AZ",01203,1x1,697,1344,01/13/2025,False
La Reserve Villas,"Tucson, AZ",01203,1x1,697,1340,01/14/2025,False
La Reserve Villas,"Tucson, AZ",01203,1x1,697,1335,01/15/2025,False
La Reserve Villas,"Tucson, AZ",01203,1x1,697,1331,01/16/2025,False
La Reserve Villas,"Tucson, AZ",01203,1x1,697,1327,01/17/2025,False
La Reserve Villas,"Tucson, AZ",01203,1x1,697,1323,01/18/2025,False
La Reserve Villas,"Tucson, AZ",01203,1x1,697,1323,01/19/2025,False
La Reserve Villas,"Tucson, AZ",01203,1x1,697,1315,01/20/2025,False
La Reserve Villas,"Tucson, AZ",01203,1x1,697,1311,01/21/2025,False
La Reserve Villas,"Tucson, AZ",01203,1x1,697,1307,01/22/2025,False
La Reserve Villas,"Tucson, AZ",01203,1x1,697,1303,01/23/2025,False
La Reserve Villas,"Tucson, AZ",01203,1x1,697,1299,01/24/2025,False
La Reserve Villas,"Tucson, AZ",01203,1x1,697,1295,01/25/2025,False
La Reserve Villas,"Tucson, AZ",01203,1x1,697,1295,01/26/2025,False
La Reserve Villas,"Tucson, AZ",01203,1x1,697,1295,01/27/2025,False
La Reserve Villas,"Tucson, AZ",01203,1x1,697,1295,01/28/2025,False
La Reserve Villas,"Tucson, AZ",01203,1x1,697,1295,01/29/2025,False
La Reserve Villas,"Tucson, AZ",01203,1x1,697,1295,01/30/2025,False
La Reserve Villas,"Tucson, AZ",01203,1x1,697,1295,01/31/2025,False
La Reserve Villas,"Tucson, AZ",01203,1x1,697,1295,02/01/2025,False
La Reserve Villas,"Tucson, AZ",01203,1x1,697,1295,02/02/2025,False
La Reserve Villas,"Tucson, AZ",01203,1x1,697,1295,02/03/2025,False
La Reserve Villas,"Tucson, AZ",01203,1x1,697,1295,02/04/2025,False
La Reserve Villas,"Tucson, AZ",01203,1x1,697,1295,02/05/2025,False
La Reserve Villas,"Tucson, AZ",01203,1x1,697,1295,02/06/2025,False
La Reserve Villas,"Tucson, AZ",01203,1x1,697,1295,02/07/2025,False
La Reserve Villas,"Tucson, AZ",01203,1x1,697,1295,02/08/2025,False
La Reserve Villas,"Tucson, AZ",01203,1x1,697,1295,02/09/2025,False
La Reserve Villas,"Tucson, AZ",01203,1x1,697,1295,02/10/2025,False
La Reserve Villas,"Tucson, AZ",01203,1x1,697,1295,02/11/2025,False
La Reserve Villas,"Tucson, AZ",01203,1x1,697,1265,02/12/2025,False
La Reserve Villas,"Tucson, AZ",01203,1x1,697,1247,02/13/2025,False
La Reserve Villas,"Tucson, AZ",01203,1x1,697,1247,02/14/2025,False
La Reserve Villas,"Tucson, AZ",01203,1x1,697,1247,02/15/2025,False
La Reserve Villas,"Tucson, AZ",01203,1x1,697,1247,02/16/2025,False
La Reserve Villas,"Tucson, AZ",01203,1x1,697,1247,02/17/2025,False
La Reserve Villas,"Tucson, AZ",01203,1x1,697,1247,02/18/2025,False
La Reserve Villas,"Tucson, AZ",01203,1x1,697,1247,02/19/2025,False
La Reserve Villas,"Tucson, AZ",01203,1x1,697,1243,02/20/2025,False
La Reserve Villas,"Tucson, AZ",01203,1x1,697,1243,02/21/2025,False
La Reserve Villas,"Tucson, AZ",01203,1x1,697,1243,02/22/2025,True
La Reserve Villas,"Tucson, AZ",02104,2x2,943,1533,05/25/2024,False
La Reserve Villas,"Tucson, AZ",02104,2x2,943,1533,05/26/2024,False
La Reserve Villas,"Tucson, AZ",02104,2x2,943,1533,05/27/2024,False
La Reserve Villas,"Tucson, AZ",02104,2x2,943,1533,05/28/2024,False
La Reserve Villas,"Tucson, AZ",02104,2x2,943,1533,05/29/2024,False
La Reserve Villas,"Tucson, AZ",02104,2x2,943,1533,05/30/2024,False
La Reserve Villas,"Tucson, AZ",02104,2x2,943,1533,05/31/2024,False
La Reserve Villas,"Tucson, AZ",02104,2x2,943,1533,06/01/2024,False
La Reserve Villas,"Tucson, AZ",02104,2x2,943,1533,06/02/2024,False
La Reserve Villas,"Tucson, AZ",02104,2x2,943,1533,06/03/2024,False
La Reserve Villas,"Tucson, AZ",02104,2x2,943,1533,06/04/2024,False
La Reserve Villas,"Tucson, AZ",02104,2x2,943,1533,06/05/2024,False
La Reserve Villas,"Tucson, AZ",02104,2x2,943,1533,06/06/2024,False
La Reserve Villas,"Tucson, AZ",02104,2x2,943,1533,06/07/2024,False
La Reserve Villas,"Tucson, AZ",02104,2x2,943,1533,06/08/2024,False
La Reserve Villas,"Tucson, AZ",02104,2x2,943,1533,06/09/2024,False
La Reserve Villas,"Tucson, AZ",02104,2x2,943,1533,06/10/2024,False
La Reserve Villas,"Tucson, AZ",02104,2x2,943,1542,06/11/2024,False
La Reserve Villas,"Tucson, AZ",02104,2x2,943,1542,06/12/2024,False
La Reserve Villas,"Tucson, AZ",02104,2x2,943,1542,06/13/2024,False
La Reserve Villas,"Tucson, AZ",02104,2x2,943,1542,06/14/2024,False
La Reserve Villas,"Tucson, AZ",02104,2x2,943,1542,06/15/2024,False
La Reserve Villas,"Tucson, AZ",02104,2x2,943,1542,06/16/2024,False
La Reserve Villas,"Tucson, AZ",02104,2x2,943,1542,06/17/2024,False
La Reserve Villas,"Tucson, AZ",02104,2x2,943,1542,06/18/2024,False
La Reserve Villas,"Tucson, AZ",02104,2x2,943,1542,06/19/2024,False
La Reserve Villas,"Tucson, AZ",02104,2x2,943,1542,06/20/2024,False
La Reserve Villas,"Tucson, AZ",02104,2x2,943,1542,06/21/2024,False
La Reserve Villas,"Tucson, AZ",02104,2x2,943,1542,06/22/2024,False
La Reserve Villas,"Tucson, AZ",02104,2x2,943,1542,06/23/2024,False
La Reserve Villas,"Tucson, AZ",02104,2x2,943,1580,06/24/2024,False
La Reserve Villas,"Tucson, AZ",02104,2x2,943,1580,06/25/2024,False
La Reserve Villas,"Tucson, AZ",02104,2x2,943,1580,06/26/2024,False
La Reserve Villas,"Tucson, AZ",02104,2x2,943,1532,06/27/2024,False
La Reserve Villas,"Tucson, AZ",02104,2x2,943,1532,06/28/2024,False
La Reserve Villas,"Tucson, AZ",02104,2x2,943,1532,06/29/2024,False
La Reserve Villas,"Tucson, AZ",02104,2x2,943,1532,06/30/2024,False
La Reserve Villas,"Tucson, AZ",02104,2x2,943,1532,07/01/2024,False
La Reserve Villas,"Tucson, AZ",02104,2x2,943,1532,07/02/2024,False
La Reserve Villas,"Tucson, AZ",02104,2x2,943,1532,07/03/2024,False
La Reserve Villas,"Tucson, AZ",02104,2x2,943,1532,07/04/2024,False
La Reserve Villas,"Tucson, AZ",02104,2x2,943,1532,07/05/2024,False
La Reserve Villas,"Tucson, AZ",02104,2x2,943,1532,07/06/2024,False
La Reserve Villas,"Tucson, AZ",02104,2x2,943,1532,07/07/2024,False
La Reserve Villas,"Tucson, AZ",02104,2x2,943,1509,07/08/2024,False
La Reserve Villas,"Tucson, AZ",02104,2x2,943,1509,07/09/2024,False
La Reserve Villas,"Tucson, AZ",02104,2x2,943,1559,07/10/2024,False
La Reserve Villas,"Tucson, AZ",02104,2x2,943,1551,07/11/2024,False
La Reserve Villas,"Tucson, AZ",02104,2x2,943,1551,07/12/2024,False
La Reserve Villas,"Tucson, AZ",02104,2x2,943,1551,07/13/2024,False
La Reserve Villas,"Tucson, AZ",02104,2x2,943,1551,07/14/2024,False
La Reserve Villas,"Tucson, AZ",02104,2x2,943,1558,07/15/2024,False
La Reserve Villas,"Tucson, AZ",02104,2x2,943,1558,07/16/2024,False
La Reserve Villas,"Tucson, AZ",02104,2x2,943,1558,07/17/2024,False
La Reserve Villas,"Tucson, AZ",02104,2x2,943,1602,07/18/2024,False
La Reserve Villas,"Tucson, AZ",02104,2x2,943,1564,07/19/2024,False
La Reserve Villas,"Tucson, AZ",02104,2x2,943,1564,07/20/2024,False
La Reserve Villas,"Tucson, AZ",02104,2x2,943,1564,07/21/2024,False
La Reserve Villas,"Tucson, AZ",02104,2x2,943,1564,07/22/2024,False
La Reserve Villas,"Tucson, AZ",02104,2x2,943,1564,07/23/2024,False
La Reserve Villas,"Tucson, AZ",02104,2x2,943,1564,07/24/2024,False
La Reserve Villas,"Tucson, AZ",02104,2x2,943,1518,07/25/2024,False
La Reserve Villas,"Tucson, AZ",02104,2x2,943,1518,07/26/2024,False
La Reserve Villas,"Tucson, AZ",02104,2x2,943,1518,07/27/2024,False
La Reserve Villas,"Tucson, AZ",02104,2x2,943,1518,07/28/2024,False
La Reserve Villas,"Tucson, AZ",02104,2x2,943,1564,07/29/2024,False
La Reserve Villas,"Tucson, AZ",02104,2x2,943,1556,07/30/2024,False
La Reserve Villas,"Tucson, AZ",02104,2x2,943,1556,07/31/2024,False
La Reserve Villas,"Tucson, AZ",02104,2x2,943,1556,08/01/2024,False
La Reserve Villas,"Tucson, AZ",02104,2x2,943,1565,08/02/2024,False
La Reserve Villas,"Tucson, AZ",02104,2x2,943,1565,08/03/2024,False
La Reserve Villas,"Tucson, AZ",02104,2x2,943,1565,08/04/2024,False
La Reserve Villas,"Tucson, AZ",02104,2x2,943,1565,08/05/2024,False
La Reserve Villas,"Tucson, AZ",02104,2x2,943,1581,08/06/2024,False
La Reserve Villas,"Tucson, AZ",02104,2x2,943,1600,08/07/2024,False
La Reserve Villas,"Tucson, AZ",02104,2x2,943,1600,08/08/2024,False
La Reserve Villas,"Tucson, AZ",02104,2x2,943,1600,08/09/2024,False
La Reserve Villas,"Tucson, AZ",02104,2x2,943,1565,08/10/2024,False
La Reserve Villas,"Tucson, AZ",02104,2x2,943,1565,08/11/2024,False
La Reserve Villas,"Tucson, AZ",02104,2x2,943,1565,08/12/2024,False
La Reserve Villas,"Tucson, AZ",02104,2x2,943,1565,08/13/2024,False
La Reserve Villas,"Tucson, AZ",02104,2x2,943,1565,08/14/2024,False
La Reserve Villas,"Tucson, AZ",02104,2x2,943,1565,08/15/2024,False
La Reserve Villas,"Tucson, AZ",02104,2x2,943,1565,08/16/2024,False
La Reserve Villas,"Tucson, AZ",02104,2x2,943,1539,08/17/2024,False
La Reserve Villas,"Tucson, AZ",02104,2x2,943,1539,08/18/2024,False
La Reserve Villas,"Tucson, AZ",02104,2x2,943,1539,08/19/2024,False
La Reserve Villas,"Tucson, AZ",02104,2x2,943,1539,08/20/2024,False
La Reserve Villas,"Tucson, AZ",02104,2x2,943,1539,08/21/2024,False
La Reserve Villas,"Tucson, AZ",02104,2x2,943,1564,08/22/2024,False
La Reserve Villas,"Tucson, AZ",02104,2x2,943,1564,08/23/2024,False
La Reserve Villas,"Tucson, AZ",02104,2x2,943,1564,08/24/2024,False
La Reserve Villas,"Tucson, AZ",02104,2x2,943,1564,08/25/2024,False
La Reserve Villas,"Tucson, AZ",02104,2x2,943,1564,08/26/2024,False
La Reserve Villas,"Tucson, AZ",02104,2x2,943,1564,08/27/2024,False
La Reserve Villas,"Tucson, AZ",02104,2x2,943,1548,08/28/2024,False
La Reserve Villas,"Tucson, AZ",02104,2x2,943,1559,08/29/2024,False
La Reserve Villas,"Tucson, AZ",02104,2x2,943,1559,08/30/2024,False
La Reserve Villas,"Tucson, AZ",02104,2x2,943,1564,08/31/2024,False
La Reserve Villas,"Tucson, AZ",02104,2x2,943,1548,09/01/2024,False
La Reserve Villas,"Tucson, AZ",02104,2x2,943,1559,09/02/2024,False
La Reserve Villas,"Tucson, AZ",02104,2x2,943,1539,09/03/2024,False
La Reserve Villas,"Tucson, AZ",02104,2x2,943,1614,09/04/2024,False
La Reserve Villas,"Tucson, AZ",02104,2x2,943,1617,09/05/2024,False
La Reserve Villas,"Tucson, AZ",02104,2x2,943,1617,09/06/2024,False
La Reserve Villas,"Tucson, AZ",02104,2x2,943,1617,09/07/2024,False
La Reserve Villas,"Tucson, AZ",02104,2x2,943,1617,09/08/2024,False
La Reserve Villas,"Tucson, AZ",02104,2x2,943,1617,09/09/2024,False
La Reserve Villas,"Tucson, AZ",02104,2x2,943,1617,09/10/2024,False
La Reserve Villas,"Tucson, AZ",02104,2x2,943,1570,09/11/2024,False
La Reserve Villas,"Tucson, AZ",02104,2x2,943,1570,09/12/2024,False
La Reserve Villas,"Tucson, AZ",02104,2x2,943,1570,09/13/2024,False
La Reserve Villas,"Tucson, AZ",02104,2x2,943,1539,09/14/2024,False
La Reserve Villas,"Tucson, AZ",02104,2x2,943,1539,09/15/2024,False
La Reserve Villas,"Tucson, AZ",02104,2x2,943,1539,09/16/2024,False
La Reserve Villas,"Tucson, AZ",02104,2x2,943,1539,09/17/2024,False
La Reserve Villas,"Tucson, AZ",02104,2x2,943,1539,09/18/2024,False
La Reserve Villas,"Tucson, AZ",02104,2x2,943,1535,09/19/2024,False
La Reserve Villas,"Tucson, AZ",02104,2x2,943,1530,09/20/2024,False
La Reserve Villas,"Tucson, AZ",02104,2x2,943,1526,09/21/2024,False
La Reserve Villas,"Tucson, AZ",02104,2x2,943,1522,09/22/2024,False
La Reserve Villas,"Tucson, AZ",02104,2x2,943,1518,09/23/2024,False
La Reserve Villas,"Tucson, AZ",02104,2x2,943,1513,09/24/2024,False
La Reserve Villas,"Tucson, AZ",02104,2x2,943,1513,09/25/2024,True
La Reserve Villas,"Tucson, AZ",02105,2x2,943,1519,07/08/2023,False
La Reserve Villas,"Tucson, AZ",02105,2x2,943,1561,07/09/2023,False
La Reserve Villas,"Tucson, AZ",02105,2x2,943,1561,07/10/2023,False
La Reserve Villas,"Tucson, AZ",02105,2x2,943,1561,07/11/2023,False
La Reserve Villas,"Tucson, AZ",02105,2x2,943,1561,07/12/2023,False
La Reserve Villas,"Tucson, AZ",02105,2x2,943,1561,07/13/2023,False
La Reserve Villas,"Tucson, AZ",02105,2x2,943,1561,07/14/2023,False
La Reserve Villas,"Tucson, AZ",02105,2x2,943,1561,07/15/2023,False
La Reserve Villas,"Tucson, AZ",02105,2x2,943,1561,07/16/2023,False
La Reserve Villas,"Tucson, AZ",02105,2x2,943,1561,07/17/2023,False
La Reserve Villas,"Tucson, AZ",02105,2x2,943,1561,07/18/2023,False
La Reserve Villas,"Tucson, AZ",02105,2x2,943,1561,07/19/2023,False
La Reserve Villas,"Tucson, AZ",02105,2x2,943,1561,07/20/2023,False
La Reserve Villas,"Tucson, AZ",02105,2x2,943,1561,07/21/2023,False
La Reserve Villas,"Tucson, AZ",02105,2x2,943,1561,07/22/2023,False
La Reserve Villas,"Tucson, AZ",02105,2x2,943,1561,07/23/2023,False
La Reserve Villas,"Tucson, AZ",02105,2x2,943,1561,07/24/2023,False
La Reserve Villas,"Tucson, AZ",02105,2x2,943,1561,07/25/2023,False
La Reserve Villas,"Tucson, AZ",02105,2x2,943,1561,07/26/2023,False
La Reserve Villas,"Tucson, AZ",02105,2x2,943,1561,07/27/2023,False
La Reserve Villas,"Tucson, AZ",02105,2x2,943,1561,07/28/2023,False
La Reserve Villas,"Tucson, AZ",02105,2x2,943,1561,07/29/2023,False
La Reserve Villas,"Tucson, AZ",02105,2x2,943,1561,07/30/2023,False
La Reserve Villas,"Tucson, AZ",02105,2x2,943,1561,07/31/2023,False
La Reserve Villas,"Tucson, AZ",02105,2x2,943,1561,08/01/2023,False
La Reserve Villas,"Tucson, AZ",02105,2x2,943,1536,08/02/2023,False
La Reserve Villas,"Tucson, AZ",02105,2x2,943,1555,08/03/2023,False
La Reserve Villas,"Tucson, AZ",02105,2x2,943,1555,08/04/2023,False
La Reserve Villas,"Tucson, AZ",02105,2x2,943,1555,08/05/2023,False
La Reserve Villas,"Tucson, AZ",02105,2x2,943,1555,08/06/2023,False
La Reserve Villas,"Tucson, AZ",02105,2x2,943,1564,08/07/2023,False
La Reserve Villas,"Tucson, AZ",02105,2x2,943,1564,08/08/2023,False
La Reserve Villas,"Tucson, AZ",02105,2x2,943,1564,08/09/2023,False
La Reserve Villas,"Tucson, AZ",02105,2x2,943,1564,08/10/2023,False
La Reserve Villas,"Tucson, AZ",02105,2x2,943,1594,08/11/2023,False
La Reserve Villas,"Tucson, AZ",02105,2x2,943,1594,08/12/2023,False
La Reserve Villas,"Tucson, AZ",02105,2x2,943,1594,08/13/2023,False
La Reserve Villas,"Tucson, AZ",02105,2x2,943,1594,08/14/2023,False
La Reserve Villas,"Tucson, AZ",02105,2x2,943,1594,08/15/2023,True
La Reserve Villas,"Tucson, AZ",02105,2x2,943,1630,03/11/2024,False
La Reserve Villas,"Tucson, AZ",02105,2x2,943,1630,03/12/2024,False
La Reserve Villas,"Tucson, AZ",02105,2x2,943,1630,03/13/2024,False
La Reserve Villas,"Tucson, AZ",02105,2x2,943,1576,03/14/2024,False
La Reserve Villas,"Tucson, AZ",02105,2x2,943,1576,03/15/2024,False
La Reserve Villas,"Tucson, AZ",02105,2x2,943,1651,03/16/2024,False
La Reserve Villas,"Tucson, AZ",02105,2x2,943,1651,03/17/2024,False
La Reserve Villas,"Tucson, AZ",02105,2x2,943,1651,03/18/2024,False
La Reserve Villas,"Tucson, AZ",02105,2x2,943,1651,03/19/2024,False
La Reserve Villas,"Tucson, AZ",02105,2x2,943,1591,03/20/2024,False
La Reserve Villas,"Tucson, AZ",02105,2x2,943,1666,03/21/2024,False
La Reserve Villas,"Tucson, AZ",02105,2x2,943,1666,03/22/2024,False
La Reserve Villas,"Tucson, AZ",02105,2x2,943,1666,03/23/2024,False
La Reserve Villas,"Tucson, AZ",02105,2x2,943,1721,03/24/2024,False
La Reserve Villas,"Tucson, AZ",02105,2x2,943,1721,03/25/2024,False
La Reserve Villas,"Tucson, AZ",02105,2x2,943,1721,03/26/2024,False
La Reserve Villas,"Tucson, AZ",02105,2x2,943,1721,03/27/2024,False
La Reserve Villas,"Tucson, AZ",02105,2x2,943,1721,03/28/2024,False
La Reserve Villas,"Tucson, AZ",02105,2x2,943,1721,03/29/2024,False
La Reserve Villas,"Tucson, AZ",02105,2x2,943,1721,03/30/2024,False
La Reserve Villas,"Tucson, AZ",02105,2x2,943,1721,03/31/2024,False
La Reserve Villas,"Tucson, AZ",02105,2x2,943,1721,04/01/2024,False
La Reserve Villas,"Tucson, AZ",02105,2x2,943,1721,04/02/2024,False
La Reserve Villas,"Tucson, AZ",02105,2x2,943,1720,04/03/2024,False
La Reserve Villas,"Tucson, AZ",02105,2x2,943,1720,04/04/2024,False
La Reserve Villas,"Tucson, AZ",02105,2x2,943,1720,04/05/2024,False
La Reserve Villas,"Tucson, AZ",02105,2x2,943,1638,04/06/2024,False
La Reserve Villas,"Tucson, AZ",02105,2x2,943,1641,04/07/2024,False
La Reserve Villas,"Tucson, AZ",02105,2x2,943,1641,04/08/2024,False
La Reserve Villas,"Tucson, AZ",02105,2x2,943,1641,04/09/2024,False
La Reserve Villas,"Tucson, AZ",02105,2x2,943,1641,04/10/2024,False
La Reserve Villas,"Tucson, AZ",02105,2x2,943,1655,04/11/2024,False
La Reserve Villas,"Tucson, AZ",02105,2x2,943,1628,04/12/2024,False
La Reserve Villas,"Tucson, AZ",02105,2x2,943,1628,04/13/2024,False
La Reserve Villas,"Tucson, AZ",02105,2x2,943,1628,04/14/2024,False
La Reserve Villas,"Tucson, AZ",02105,2x2,943,1628,04/15/2024,False
La Reserve Villas,"Tucson, AZ",02105,2x2,943,1628,04/16/2024,False
La Reserve Villas,"Tucson, AZ",02105,2x2,943,1550,04/17/2024,False
La Reserve Villas,"Tucson, AZ",02105,2x2,943,1554,04/18/2024,False
La Reserve Villas,"Tucson, AZ",02105,2x2,943,1598,04/19/2024,False
La Reserve Villas,"Tucson, AZ",02105,2x2,943,1598,04/20/2024,False
La Reserve Villas,"Tucson, AZ",02105,2x2,943,1598,04/21/2024,False
La Reserve Villas,"Tucson, AZ",02105,2x2,943,1598,04/22/2024,False
La Reserve Villas,"Tucson, AZ",02105,2x2,943,1521,04/23/2024,False
La Reserve Villas,"Tucson, AZ",02105,2x2,943,1576,04/24/2024,False
La Reserve Villas,"Tucson, AZ",02105,2x2,943,1500,04/25/2024,False
La Reserve Villas,"Tucson, AZ",02105,2x2,943,1522,04/26/2024,False
La Reserve Villas,"Tucson, AZ",02105,2x2,943,1522,04/27/2024,False
La Reserve Villas,"Tucson, AZ",02105,2x2,943,1522,04/28/2024,False
La Reserve Villas,"Tucson, AZ",02105,2x2,943,1522,04/29/2024,False
La Reserve Villas,"Tucson, AZ",02105,2x2,943,1561,04/30/2024,False
La Reserve Villas,"Tucson, AZ",02105,2x2,943,1561,05/01/2024,False
La Reserve Villas,"Tucson, AZ",02105,2x2,943,1601,05/02/2024,False
La Reserve Villas,"Tucson, AZ",02105,2x2,943,1601,05/03/2024,False
La Reserve Villas,"Tucson, AZ",02105,2x2,943,1553,05/04/2024,False
La Reserve Villas,"Tucson, AZ",02105,2x2,943,1553,05/05/2024,False
La Reserve Villas,"Tucson, AZ",02105,2x2,943,1553,05/06/2024,False
La Reserve Villas,"Tucson, AZ",02105,2x2,943,1553,05/07/2024,False
La Reserve Villas,"Tucson, AZ",02105,2x2,943,1553,05/08/2024,False
La Reserve Villas,"Tucson, AZ",02105,2x2,943,1553,05/09/2024,False
La Reserve Villas,"Tucson, AZ",02105,2x2,943,1553,05/10/2024,False
La Reserve Villas,"Tucson, AZ",02105,2x2,943,1553,05/11/2024,False
La Reserve Villas,"Tucson, AZ",02105,2x2,943,1553,05/12/2024,False
La Reserve Villas,"Tucson, AZ",02105,2x2,943,1553,05/13/2024,False
La Reserve Villas,"Tucson, AZ",02105,2x2,943,1553,05/14/2024,False
La Reserve Villas,"Tucson, AZ",02105,2x2,943,1553,05/15/2024,False
La Reserve Villas,"Tucson, AZ",02105,2x2,943,1553,05/16/2024,False
La Reserve Villas,"Tucson, AZ",02105,2x2,943,1553,05/17/2024,False
La Reserve Villas,"Tucson, AZ",02105,2x2,943,1553,05/18/2024,False
La Reserve Villas,"Tucson, AZ",02105,2x2,943,1553,05/19/2024,False
La Reserve Villas,"Tucson, AZ",02105,2x2,943,1553,05/20/2024,False
La Reserve Villas,"Tucson, AZ",02105,2x2,943,1553,05/21/2024,False
La Reserve Villas,"Tucson, AZ",02105,2x2,943,1544,05/22/2024,False
La Reserve Villas,"Tucson, AZ",02105,2x2,943,1540,05/23/2024,False
La Reserve Villas,"Tucson, AZ",02105,2x2,943,1536,05/24/2024,False
La Reserve Villas,"Tucson, AZ",02105,2x2,943,1536,05/25/2024,False
La Reserve Villas,"Tucson, AZ",02105,2x2,943,1527,05/26/2024,False
La Reserve Villas,"Tucson, AZ",02105,2x2,943,1523,05/27/2024,False
La Reserve Villas,"Tucson, AZ",02105,2x2,943,1519,05/28/2024,False
La Reserve Villas,"Tucson, AZ",02105,2x2,943,1519,05/29/2024,False
La Reserve Villas,"Tucson, AZ",02105,2x2,943,1493,05/30/2024,False
La Reserve Villas,"Tucson, AZ",02105,2x2,943,1493,05/31/2024,False
La Reserve Villas,"Tucson, AZ",02105,2x2,943,1488,06/01/2024,False
La Reserve Villas,"Tucson, AZ",02105,2x2,943,1493,06/02/2024,False
La Reserve Villas,"Tucson, AZ",02105,2x2,943,1493,06/03/2024,False
La Reserve Villas,"Tucson, AZ",02105,2x2,943,1488,06/04/2024,False
La Reserve Villas,"Tucson, AZ",02105,2x2,943,1494,06/05/2024,False
La Reserve Villas,"Tucson, AZ",02105,2x2,943,1474,06/06/2024,False
La Reserve Villas,"Tucson, AZ",02105,2x2,943,1469,06/07/2024,False
La Reserve Villas,"Tucson, AZ",02105,2x2,943,1464,06/08/2024,False
La Reserve Villas,"Tucson, AZ",02105,2x2,943,1460,06/09/2024,False
La Reserve Villas,"Tucson, AZ",02105,2x2,943,1455,06/10/2024,False
La Reserve Villas,"Tucson, AZ",02105,2x2,943,1459,06/11/2024,False
La Reserve Villas,"Tucson, AZ",02105,2x2,943,1454,06/12/2024,False
La Reserve Villas,"Tucson, AZ",02105,2x2,943,1449,06/13/2024,False
La Reserve Villas,"Tucson, AZ",02105,2x2,943,1449,06/14/2024,False
La Reserve Villas,"Tucson, AZ",02105,2x2,943,1449,06/15/2024,False
La Reserve Villas,"Tucson, AZ",02105,2x2,943,1449,06/16/2024,False
La Reserve Villas,"Tucson, AZ",02105,2x2,943,1432,06/17/2024,False
La Reserve Villas,"Tucson, AZ",02105,2x2,943,1432,06/18/2024,False
La Reserve Villas,"Tucson, AZ",02105,2x2,943,1432,06/19/2024,False
La Reserve Villas,"Tucson, AZ",02105,2x2,943,1432,06/20/2024,False
La Reserve Villas,"Tucson, AZ",02105,2x2,943,1432,06/21/2024,False
La Reserve Villas,"Tucson, AZ",02105,2x2,943,1432,06/22/2024,False
La Reserve Villas,"Tucson, AZ",02105,2x2,943,1432,06/23/2024,False
La Reserve Villas,"Tucson, AZ",02105,2x2,943,1432,06/24/2024,True
La Reserve Villas,"Tucson, AZ",02203,2x2,943,1587,07/13/2023,False
La Reserve Villas,"Tucson, AZ",02203,2x2,943,1593,07/14/2023,False
La Reserve Villas,"Tucson, AZ",02203,2x2,943,1593,07/15/2023,False
La Reserve Villas,"Tucson, AZ",02203,2x2,943,1593,07/16/2023,False
La Reserve Villas,"Tucson, AZ",02203,2x2,943,1593,07/17/2023,False
La Reserve Villas,"Tucson, AZ",02203,2x2,943,1598,07/18/2023,False
La Reserve Villas,"Tucson, AZ",02203,2x2,943,1598,07/19/2023,True
La Reserve Villas,"Tucson, AZ",02203,2x2,943,1500,04/16/2025,False
La Reserve Villas,"Tucson, AZ",02203,2x2,943,1500,04/17/2025,False
La Reserve Villas,"Tucson, AZ",02203,2x2,943,1500,04/18/2025,False
La Reserve Villas,"Tucson, AZ",02203,2x2,943,1500,04/19/2025,False
La Reserve Villas,"Tucson, AZ",02203,2x2,943,1500,04/20/2025,False
La Reserve Villas,"Tucson, AZ",02203,2x2,943,1500,04/21/2025,False
La Reserve Villas,"Tucson, AZ",02203,2x2,943,1500,04/22/2025,False
La Reserve Villas,"Tucson, AZ",02203,2x2,943,1500,04/23/2025,False
La Reserve Villas,"Tucson, AZ",02203,2x2,943,1500,04/24/2025,False
La Reserve Villas,"Tucson, AZ",02203,2x2,943,1505,04/25/2025,False
La Reserve Villas,"Tucson, AZ",02203,2x2,943,1505,04/26/2025,False
La Reserve Villas,"Tucson, AZ",02203,2x2,943,1505,04/27/2025,True
La Reserve Villas,"Tucson, AZ",02205,2x2,943,1639,12/27/2024,False
La Reserve Villas,"Tucson, AZ",02205,2x2,943,1639,12/28/2024,False
La Reserve Villas,"Tucson, AZ",02205,2x2,943,1639,12/29/2024,False
La Reserve Villas,"Tucson, AZ",02205,2x2,943,1639,12/30/2024,False
La Reserve Villas,"Tucson, AZ",02205,2x2,943,1639,12/31/2024,False
La Reserve Villas,"Tucson, AZ",02205,2x2,943,1639,01/01/2025,False
La Reserve Villas,"Tucson, AZ",02205,2x2,943,1639,01/02/2025,False
La Reserve Villas,"Tucson, AZ",02205,2x2,943,1639,01/03/2025,False
La Reserve Villas,"Tucson, AZ",02205,2x2,943,1639,01/04/2025,False
La Reserve Villas,"Tucson, AZ",02205,2x2,943,1639,01/05/2025,False
La Reserve Villas,"Tucson, AZ",02205,2x2,943,1639,01/06/2025,False
La Reserve Villas,"Tucson, AZ",02205,2x2,943,1639,01/07/2025,False
La Reserve Villas,"Tucson, AZ",02205,2x2,943,1619,01/08/2025,False
La Reserve Villas,"Tucson, AZ",02205,2x2,943,1619,01/09/2025,False
La Reserve Villas,"Tucson, AZ",02205,2x2,943,1619,01/10/2025,False
La Reserve Villas,"Tucson, AZ",02205,2x2,943,1619,01/11/2025,False
La Reserve Villas,"Tucson, AZ",02205,2x2,943,1619,01/12/2025,False
La Reserve Villas,"Tucson, AZ",02205,2x2,943,1619,01/13/2025,False
La Reserve Villas,"Tucson, AZ",02205,2x2,943,1619,01/14/2025,False
La Reserve Villas,"Tucson, AZ",02205,2x2,943,1619,01/15/2025,False
La Reserve Villas,"Tucson, AZ",02205,2x2,943,1619,01/16/2025,False
La Reserve Villas,"Tucson, AZ",02205,2x2,943,1619,01/17/2025,False
La Reserve Villas,"Tucson, AZ",02205,2x2,943,1619,01/18/2025,False
La Reserve Villas,"Tucson, AZ",02205,2x2,943,1619,01/19/2025,False
La Reserve Villas,"Tucson, AZ",02205,2x2,943,1619,01/20/2025,False
La Reserve Villas,"Tucson, AZ",02205,2x2,943,1619,01/21/2025,False
La Reserve Villas,"Tucson, AZ",02205,2x2,943,1619,01/22/2025,False
La Reserve Villas,"Tucson, AZ",02205,2x2,943,1619,01/23/2025,False
La Reserve Villas,"Tucson, AZ",02205,2x2,943,1589,01/24/2025,False
La Reserve Villas,"Tucson, AZ",02205,2x2,943,1589,01/25/2025,False
La Reserve Villas,"Tucson, AZ",02205,2x2,943,1589,01/26/2025,False
La Reserve Villas,"Tucson, AZ",02205,2x2,943,1589,01/27/2025,False
La Reserve Villas,"Tucson, AZ",02205,2x2,943,1589,01/28/2025,False
La Reserve Villas,"Tucson, AZ",02205,2x2,943,1589,01/29/2025,False
La Reserve Villas,"Tucson, AZ",02205,2x2,943,1589,01/30/2025,False
La Reserve Villas,"Tucson, AZ",02205,2x2,943,1589,01/31/2025,False
La Reserve Villas,"Tucson, AZ",02205,2x2,943,1589,02/01/2025,False
La Reserve Villas,"Tucson, AZ",02205,2x2,943,1589,02/02/2025,False
La Reserve Villas,"Tucson, AZ",02205,2x2,943,1589,02/03/2025,False
La Reserve Villas,"Tucson, AZ",02205,2x2,943,1589,02/04/2025,False
La Reserve Villas,"Tucson, AZ",02205,2x2,943,1589,02/05/2025,False
La Reserve Villas,"Tucson, AZ",02205,2x2,943,1589,02/06/2025,False
La Reserve Villas,"Tucson, AZ",02205,2x2,943,1589,02/07/2025,False
La Reserve Villas,"Tucson, AZ",02205,2x2,943,1589,02/08/2025,False
La Reserve Villas,"Tucson, AZ",02205,2x2,943,1589,02/09/2025,False
La Reserve Villas,"Tucson, AZ",02205,2x2,943,1589,02/10/2025,False
La Reserve Villas,"Tucson, AZ",02205,2x2,943,1589,02/11/2025,False
La Reserve Villas,"Tucson, AZ",02205,2x2,943,1589,02/12/2025,False
La Reserve Villas,"Tucson, AZ",02205,2x2,943,1589,02/13/2025,False
La Reserve Villas,"Tucson, AZ",02205,2x2,943,1589,02/14/2025,False
La Reserve Villas,"Tucson, AZ",02205,2x2,943,1589,02/15/2025,False
La Reserve Villas,"Tucson, AZ",02205,2x2,943,1589,02/16/2025,False
La Reserve Villas,"Tucson, AZ",02205,2x2,943,1589,02/17/2025,False
La Reserve Villas,"Tucson, AZ",02205,2x2,943,1589,02/18/2025,False
La Reserve Villas,"Tucson, AZ",02205,2x2,943,1592,02/19/2025,False
La Reserve Villas,"Tucson, AZ",02205,2x2,943,1572,02/20/2025,False
La Reserve Villas,"Tucson, AZ",02205,2x2,943,1572,02/21/2025,False
La Reserve Villas,"Tucson, AZ",02205,2x2,943,1572,02/22/2025,False
La Reserve Villas,"Tucson, AZ",02205,2x2,943,1572,02/23/2025,False
La Reserve Villas,"Tucson, AZ",02205,2x2,943,1572,02/24/2025,False
La Reserve Villas,"Tucson, AZ",02205,2x2,943,1572,02/25/2025,False
La Reserve Villas,"Tucson, AZ",02205,2x2,943,1572,02/26/2025,False
La Reserve Villas,"Tucson, AZ",02205,2x2,943,1572,02/27/2025,False
La Reserve Villas,"Tucson, AZ",02205,2x2,943,1546,02/28/2025,False
La Reserve Villas,"Tucson, AZ",02205,2x2,943,1546,03/01/2025,False
La Reserve Villas,"Tucson, AZ",02205,2x2,943,1546,03/02/2025,False
La Reserve Villas,"Tucson, AZ",02205,2x2,943,1546,03/03/2025,False
La Reserve Villas,"Tucson, AZ",02205,2x2,943,1546,03/04/2025,False
La Reserve Villas,"Tucson, AZ",02205,2x2,943,1546,03/05/2025,False
La Reserve Villas,"Tucson, AZ",02205,2x2,943,1546,03/06/2025,False
La Reserve Villas,"Tucson, AZ",02205,2x2,943,1566,03/07/2025,False
La Reserve Villas,"Tucson, AZ",02205,2x2,943,1557,03/08/2025,False
La Reserve Villas,"Tucson, AZ",02205,2x2,943,1557,03/09/2025,False
La Reserve Villas,"Tucson, AZ",02205,2x2,943,1557,03/10/2025,False
La Reserve Villas,"Tucson, AZ",02205,2x2,943,1557,03/11/2025,False
La Reserve Villas,"Tucson, AZ",02205,2x2,943,1557,03/12/2025,False
La Reserve Villas,"Tucson, AZ",02205,2x2,943,1549,03/13/2025,False
La Reserve Villas,"Tucson, AZ",02205,2x2,943,1545,03/14/2025,False
La Reserve Villas,"Tucson, AZ",02205,2x2,943,1541,03/15/2025,False
La Reserve Villas,"Tucson, AZ",02205,2x2,943,1537,03/16/2025,False
La Reserve Villas,"Tucson, AZ",02205,2x2,943,1533,03/17/2025,False
La Reserve Villas,"Tucson, AZ",02205,2x2,943,1529,03/18/2025,False
La Reserve Villas,"Tucson, AZ",02205,2x2,943,1525,03/19/2025,False
La Reserve Villas,"Tucson, AZ",02205,2x2,943,1525,03/20/2025,False
La Reserve Villas,"Tucson, AZ",02205,2x2,943,1521,03/21/2025,False
La Reserve Villas,"Tucson, AZ",02205,2x2,943,1492,03/22/2025,False
La Reserve Villas,"Tucson, AZ",02205,2x2,943,1488,03/23/2025,False
La Reserve Villas,"Tucson, AZ",02205,2x2,943,1488,03/24/2025,False
La Reserve Villas,"Tucson, AZ",02205,2x2,943,1480,03/25/2025,False
La Reserve Villas,"Tucson, AZ",02205,2x2,943,1475,03/26/2025,False
La Reserve Villas,"Tucson, AZ",02205,2x2,943,1466,03/27/2025,False
La Reserve Villas,"Tucson, AZ",02205,2x2,943,1466,03/28/2025,False
La Reserve Villas,"Tucson, AZ",02205,2x2,943,1461,03/29/2025,False
La Reserve Villas,"Tucson, AZ",02205,2x2,943,1457,03/30/2025,False
La Reserve Villas,"Tucson, AZ",02205,2x2,943,1448,03/31/2025,False
La Reserve Villas,"Tucson, AZ",02205,2x2,943,1443,04/01/2025,False
La Reserve Villas,"Tucson, AZ",02205,2x2,943,1419,04/02/2025,False
La Reserve Villas,"Tucson, AZ",02205,2x2,943,1419,04/03/2025,False
La Reserve Villas,"Tucson, AZ",02205,2x2,943,1410,04/04/2025,False
La Reserve Villas,"Tucson, AZ",02205,2x2,943,1406,04/05/2025,False
La Reserve Villas,"Tucson, AZ",02205,2x2,943,1401,04/06/2025,False
La Reserve Villas,"Tucson, AZ",02205,2x2,943,1401,04/07/2025,False
La Reserve Villas,"Tucson, AZ",02205,2x2,943,1393,04/08/2025,False
La Reserve Villas,"Tucson, AZ",02205,2x2,943,1393,04/09/2025,False
La Reserve Villas,"Tucson, AZ",02205,2x2,943,1393,04/10/2025,False
La Reserve Villas,"Tucson, AZ",02205,2x2,943,1393,04/11/2025,False
La Reserve Villas,"Tucson, AZ",02205,2x2,943,1393,04/12/2025,False
La Reserve Villas,"Tucson, AZ",02205,2x2,943,1393,04/13/2025,False
La Reserve Villas,"Tucson, AZ",02205,2x2,943,1393,04/14/2025,False
La Reserve Villas,"Tucson, AZ",02205,2x2,943,1393,04/15/2025,False
La Reserve Villas,"Tucson, AZ",02205,2x2,943,1393,04/16/2025,False
La Reserve Villas,"Tucson, AZ",02205,2x2,943,1393,04/17/2025,False
La Reserve Villas,"Tucson, AZ",02205,2x2,943,1416,04/18/2025,False
La Reserve Villas,"Tucson, AZ",02205,2x2,943,1414,04/19/2025,False
La Reserve Villas,"Tucson, AZ",02205,2x2,943,1414,04/20/2025,False
La Reserve Villas,"Tucson, AZ",02205,2x2,943,1412,04/21/2025,False
La Reserve Villas,"Tucson, AZ",02205,2x2,943,1410,04/22/2025,False
La Reserve Villas,"Tucson, AZ",02205,2x2,943,1410,04/23/2025,True
La Reserve Villas,"Tucson, AZ",03101,3x2,1111,1930,07/26/2023,False
La Reserve Villas,"Tucson, AZ",03101,3x2,1111,1930,07/27/2023,False
La Reserve Villas,"Tucson, AZ",03101,3x2,1111,1895,07/28/2023,False
La Reserve Villas,"Tucson, AZ",03101,3x2,1111,1895,07/29/2023,False
La Reserve Villas,"Tucson, AZ",03101,3x2,1111,1895,07/30/2023,False
La Reserve Villas,"Tucson, AZ",03101,3x2,1111,1895,07/31/2023,False
La Reserve Villas,"Tucson, AZ",03101,3x2,1111,1895,08/01/2023,False
La Reserve Villas,"Tucson, AZ",03101,3x2,1111,1795,08/02/2023,False
La Reserve Villas,"Tucson, AZ",03101,3x2,1111,1795,08/03/2023,False
La Reserve Villas,"Tucson, AZ",03101,3x2,1111,1795,08/04/2023,False
La Reserve Villas,"Tucson, AZ",03101,3x2,1111,1795,08/05/2023,False
La Reserve Villas,"Tucson, AZ",03101,3x2,1111,1795,08/06/2023,False
La Reserve Villas,"Tucson, AZ",03101,3x2,1111,1824,08/07/2023,False
La Reserve Villas,"Tucson, AZ",03101,3x2,1111,1824,08/08/2023,False
La Reserve Villas,"Tucson, AZ",03101,3x2,1111,1824,08/09/2023,False
La Reserve Villas,"Tucson, AZ",03101,3x2,1111,1824,08/10/2023,False
La Reserve Villas,"Tucson, AZ",03101,3x2,1111,1829,08/11/2023,False
La Reserve Villas,"Tucson, AZ",03101,3x2,1111,1829,08/12/2023,False
La Reserve Villas,"Tucson, AZ",03101,3x2,1111,1829,08/13/2023,False
La Reserve Villas,"Tucson, AZ",03101,3x2,1111,1829,08/14/2023,False
La Reserve Villas,"Tucson, AZ",03101,3x2,1111,1829,08/15/2023,False
La Reserve Villas,"Tucson, AZ",03101,3x2,1111,1829,08/16/2023,False
La Reserve Villas,"Tucson, AZ",03101,3x2,1111,1829,08/17/2023,False
La Reserve Villas,"Tucson, AZ",03101,3x2,1111,1829,08/18/2023,False
La Reserve Villas,"Tucson, AZ",03101,3x2,1111,1836,08/19/2023,False
La Reserve Villas,"Tucson, AZ",03101,3x2,1111,1836,08/20/2023,False
La Reserve Villas,"Tucson, AZ",03101,3x2,1111,1836,08/21/2023,False
La Reserve Villas,"Tucson, AZ",03101,3x2,1111,1836,08/22/2023,False
La Reserve Villas,"Tucson, AZ",03101,3x2,1111,1836,08/23/2023,False
La Reserve Villas,"Tucson, AZ",03101,3x2,1111,1836,08/24/2023,False
La Reserve Villas,"Tucson, AZ",03101,3x2,1111,1816,08/25/2023,False
La Reserve Villas,"Tucson, AZ",03101,3x2,1111,1750,08/26/2023,False
La Reserve Villas,"Tucson, AZ",03101,3x2,1111,1750,08/27/2023,False
La Reserve Villas,"Tucson, AZ",03101,3x2,1111,1750,08/28/2023,False
La Reserve Villas,"Tucson, AZ",03101,3x2,1111,1750,08/29/2023,False
La Reserve Villas,"Tucson, AZ",03101,3x2,1111,1750,08/30/2023,False
La Reserve Villas,"Tucson, AZ",03101,3x2,1111,1750,08/31/2023,False
La Reserve Villas,"Tucson, AZ",03101,3x2,1111,1750,09/01/2023,False
La Reserve Villas,"Tucson, AZ",03101,3x2,1111,1750,09/02/2023,False
La Reserve Villas,"Tucson, AZ",03101,3x2,1111,1862,09/03/2023,False
La Reserve Villas,"Tucson, AZ",03101,3x2,1111,1862,09/04/2023,False
La Reserve Villas,"Tucson, AZ",03101,3x2,1111,1692,09/05/2023,False
La Reserve Villas,"Tucson, AZ",03101,3x2,1111,1672,09/06/2023,False
La Reserve Villas,"Tucson, AZ",03101,3x2,1111,1663,09/07/2023,False
La Reserve Villas,"Tucson, AZ",03101,3x2,1111,1658,09/08/2023,False
La Reserve Villas,"Tucson, AZ",03101,3x2,1111,1666,09/09/2023,False
La Reserve Villas,"Tucson, AZ",03101,3x2,1111,1666,09/10/2023,False
La Reserve Villas,"Tucson, AZ",03101,3x2,1111,1657,09/11/2023,False
La Reserve Villas,"Tucson, AZ",03101,3x2,1111,1657,09/12/2023,False
La Reserve Villas,"Tucson, AZ",03101,3x2,1111,1653,09/13/2023,False
La Reserve Villas,"Tucson, AZ",03101,3x2,1111,1644,09/14/2023,False
La Reserve Villas,"Tucson, AZ",03101,3x2,1111,1644,09/15/2023,False
La Reserve Villas,"Tucson, AZ",03101,3x2,1111,1640,09/16/2023,False
La Reserve Villas,"Tucson, AZ",03101,3x2,1111,1632,09/17/2023,False
La Reserve Villas,"Tucson, AZ",03101,3x2,1111,1632,09/18/2023,False
La Reserve Villas,"Tucson, AZ",03101,3x2,1111,1627,09/19/2023,False
La Reserve Villas,"Tucson, AZ",03101,3x2,1111,1623,09/20/2023,False
La Reserve Villas,"Tucson, AZ",03101,3x2,1111,1623,09/21/2023,True
La Reserve Villas,"Tucson, AZ",03101,3x2,1111,2055,08/12/2024,False
La Reserve Villas,"Tucson, AZ",03101,3x2,1111,2055,08/13/2024,False
La Reserve Villas,"Tucson, AZ",03101,3x2,1111,2055,08/14/2024,False
La Reserve Villas,"Tucson, AZ",03101,3x2,1111,2055,08/15/2024,False
La Reserve Villas,"Tucson, AZ",03101,3x2,1111,2055,08/16/2024,False
La Reserve Villas,"Tucson, AZ",03101,3x2,1111,2055,08/17/2024,False
La Reserve Villas,"Tucson, AZ",03101,3x2,1111,2055,08/18/2024,False
La Reserve Villas,"Tucson, AZ",03101,3x2,1111,2055,08/19/2024,False
La Reserve Villas,"Tucson, AZ",03101,3x2,1111,2055,08/20/2024,False
La Reserve Villas,"Tucson, AZ",03101,3x2,1111,2055,08/21/2024,False
La Reserve Villas,"Tucson, AZ",03101,3x2,1111,2055,08/22/2024,False
La Reserve Villas,"Tucson, AZ",03101,3x2,1111,2055,08/23/2024,False
La Reserve Villas,"Tucson, AZ",03101,3x2,1111,2055,08/24/2024,False
La Reserve Villas,"Tucson, AZ",03101,3x2,1111,2055,08/25/2024,False
La Reserve Villas,"Tucson, AZ",03101,3x2,1111,2055,08/26/2024,False
La Reserve Villas,"Tucson, AZ",03101,3x2,1111,1955,08/27/2024,False
La Reserve Villas,"Tucson, AZ",03101,3x2,1111,1955,08/28/2024,False
La Reserve Villas,"Tucson, AZ",03101,3x2,1111,1955,08/29/2024,False
La Reserve Villas,"Tucson, AZ",03101,3x2,1111,1955,08/30/2024,False
La Reserve Villas,"Tucson, AZ",03101,3x2,1111,1955,08/31/2024,False
La Reserve Villas,"Tucson, AZ",03101,3x2,1111,1955,09/01/2024,False
La Reserve Villas,"Tucson, AZ",03101,3x2,1111,1955,09/02/2024,False
La Reserve Villas,"Tucson, AZ",03101,3x2,1111,1955,09/03/2024,False
La Reserve Villas,"Tucson, AZ",03101,3x2,1111,1955,09/04/2024,False
La Reserve Villas,"Tucson, AZ",03101,3x2,1111,1955,09/05/2024,False
La Reserve Villas,"Tucson, AZ",03101,3x2,1111,1955,09/06/2024,False
La Reserve Villas,"Tucson, AZ",03101,3x2,1111,1955,09/07/2024,False
La Reserve Villas,"Tucson, AZ",03101,3x2,1111,1955,09/08/2024,False
La Reserve Villas,"Tucson, AZ",03101,3x2,1111,1955,09/09/2024,False
La Reserve Villas,"Tucson, AZ",03101,3x2,1111,1955,09/10/2024,False
La Reserve Villas,"Tucson, AZ",03101,3x2,1111,1990,09/11/2024,False
La Reserve Villas,"Tucson, AZ",03101,3x2,1111,1990,09/12/2024,False
La Reserve Villas,"Tucson, AZ",03101,3x2,1111,1990,09/13/2024,False
La Reserve Villas,"Tucson, AZ",03101,3x2,1111,1964,09/14/2024,False
La Reserve Villas,"Tucson, AZ",03101,3x2,1111,1964,09/15/2024,False
La Reserve Villas,"Tucson, AZ",03101,3x2,1111,1939,09/16/2024,False
La Reserve Villas,"Tucson, AZ",03101,3x2,1111,1919,09/17/2024,False
La Reserve Villas,"Tucson, AZ",03101,3x2,1111,1894,09/18/2024,False
La Reserve Villas,"Tucson, AZ",03101,3x2,1111,1868,09/19/2024,False
La Reserve Villas,"Tucson, AZ",03101,3x2,1111,1829,09/20/2024,False
La Reserve Villas,"Tucson, AZ",03101,3x2,1111,1829,09/21/2024,False
La Reserve Villas,"Tucson, AZ",03101,3x2,1111,1829,09/22/2024,False
La Reserve Villas,"Tucson, AZ",03101,3x2,1111,1803,09/23/2024,False
La Reserve Villas,"Tucson, AZ",03101,3x2,1111,1778,09/24/2024,False
La Reserve Villas,"Tucson, AZ",03101,3x2,1111,1754,09/25/2024,False
La Reserve Villas,"Tucson, AZ",03101,3x2,1111,1754,09/26/2024,False
La Reserve Villas,"Tucson, AZ",03101,3x2,1111,1756,09/27/2024,False
La Reserve Villas,"Tucson, AZ",03101,3x2,1111,1756,09/28/2024,False
La Reserve Villas,"Tucson, AZ",03101,3x2,1111,1756,09/29/2024,False
La Reserve Villas,"Tucson, AZ",03101,3x2,1111,1756,09/30/2024,False
La Reserve Villas,"Tucson, AZ",03101,3x2,1111,1756,10/01/2024,False
La Reserve Villas,"Tucson, AZ",03101,3x2,1111,1756,10/02/2024,False
La Reserve Villas,"Tucson, AZ",03101,3x2,1111,1756,10/03/2024,False
La Reserve Villas,"Tucson, AZ",03101,3x2,1111,1756,10/04/2024,False
La Reserve Villas,"Tucson, AZ",03101,3x2,1111,1756,10/05/2024,False
La Reserve Villas,"Tucson, AZ",03101,3x2,1111,1756,10/06/2024,False
La Reserve Villas,"Tucson, AZ",03101,3x2,1111,1756,10/07/2024,False
La Reserve Villas,"Tucson, AZ",03101,3x2,1111,1756,10/08/2024,False
La Reserve Villas,"Tucson, AZ",03101,3x2,1111,1756,10/09/2024,False
La Reserve Villas,"Tucson, AZ",03101,3x2,1111,1756,10/10/2024,False
La Reserve Villas,"Tucson, AZ",03101,3x2,1111,1756,10/11/2024,False
La Reserve Villas,"Tucson, AZ",03101,3x2,1111,1756,10/12/2024,False
La Reserve Villas,"Tucson, AZ",03101,3x2,1111,1756,10/13/2024,False
La Reserve Villas,"Tucson, AZ",03101,3x2,1111,1756,10/14/2024,False
La Reserve Villas,"Tucson, AZ",03101,3x2,1111,1746,10/15/2024,False
La Reserve Villas,"Tucson, AZ",03101,3x2,1111,1746,10/16/2024,False
La Reserve Villas,"Tucson, AZ",03101,3x2,1111,1746,10/17/2024,False
La Reserve Villas,"Tucson, AZ",03101,3x2,1111,1746,10/18/2024,False
La Reserve Villas,"Tucson, AZ",03101,3x2,1111,1746,10/19/2024,False
La Reserve Villas,"Tucson, AZ",03101,3x2,1111,1746,10/20/2024,False
La Reserve Villas,"Tucson, AZ",03101,3x2,1111,1746,10/21/2024,False
La Reserve Villas,"Tucson, AZ",03101,3x2,1111,1746,10/22/2024,False
La Reserve Villas,"Tucson, AZ",03101,3x2,1111,1746,10/23/2024,False
La Reserve Villas,"Tucson, AZ",03101,3x2,1111,1746,10/24/2024,False
La Reserve Villas,"Tucson, AZ",03101,3x2,1111,1746,10/25/2024,False
La Reserve Villas,"Tucson, AZ",03101,3x2,1111,1746,10/26/2024,False
La Reserve Villas,"Tucson, AZ",03101,3x2,1111,1746,10/27/2024,False
La Reserve Villas,"Tucson, AZ",03101,3x2,1111,1746,10/28/2024,False
La Reserve Villas,"Tucson, AZ",03101,3x2,1111,1746,10/29/2024,False
La Reserve Villas,"Tucson, AZ",03101,3x2,1111,1746,10/30/2024,False
La Reserve Villas,"Tucson, AZ",03101,3x2,1111,1746,10/31/2024,False
La Reserve Villas,"Tucson, AZ",03101,3x2,1111,1746,11/01/2024,False
La Reserve Villas,"Tucson, AZ",03101,3x2,1111,1746,11/02/2024,False
La Reserve Villas,"Tucson, AZ",03101,3x2,1111,1746,11/03/2024,False
La Reserve Villas,"Tucson, AZ",03101,3x2,1111,1746,11/04/2024,False
La Reserve Villas,"Tucson, AZ",03101,3x2,1111,1746,11/05/2024,False
La Reserve Villas,"Tucson, AZ",03101,3x2,1111,1746,11/06/2024,False
La Reserve Villas,"Tucson, AZ",03101,3x2,1111,1746,11/07/2024,False
La Reserve Villas,"Tucson, AZ",03101,3x2,1111,1716,11/08/2024,False
La Reserve Villas,"Tucson, AZ",03101,3x2,1111,1716,11/09/2024,False
La Reserve Villas,"Tucson, AZ",03101,3x2,1111,1716,11/10/2024,False
La Reserve Villas,"Tucson, AZ",03101,3x2,1111,1716,11/11/2024,False
La Reserve Villas,"Tucson, AZ",03101,3x2,1111,1716,11/12/2024,False
La Reserve Villas,"Tucson, AZ",03101,3x2,1111,1716,11/13/2024,False
La Reserve Villas,"Tucson, AZ",03101,3x2,1111,1716,11/14/2024,True
La Reserve Villas,"Tucson, AZ",03104,1x1,697,1322,06/30/2023,False
La Reserve Villas,"Tucson, AZ",03104,1x1,697,1322,07/01/2023,False
La Reserve Villas,"Tucson, AZ",03104,1x1,697,1322,07/02/2023,False
La Reserve Villas,"Tucson, AZ",03104,1x1,697,1339,07/03/2023,False
La Reserve Villas,"Tucson, AZ",03104,1x1,697,1339,07/04/2023,False
La Reserve Villas,"Tucson, AZ",03104,1x1,697,1356,07/05/2023,False
La Reserve Villas,"Tucson, AZ",03104,1x1,697,1356,07/06/2023,False
La Reserve Villas,"Tucson, AZ",03104,1x1,697,1402,07/07/2023,False
La Reserve Villas,"Tucson, AZ",03104,1x1,697,1402,07/08/2023,False
La Reserve Villas,"Tucson, AZ",03104,1x1,697,1402,07/09/2023,False
La Reserve Villas,"Tucson, AZ",03104,1x1,697,1451,07/10/2023,False
La Reserve Villas,"Tucson, AZ",03104,1x1,697,1488,07/11/2023,False
La Reserve Villas,"Tucson, AZ",03104,1x1,697,1488,07/12/2023,False
La Reserve Villas,"Tucson, AZ",03104,1x1,697,1498,07/13/2023,False
La Reserve Villas,"Tucson, AZ",03104,1x1,697,1499,07/14/2023,False
La Reserve Villas,"Tucson, AZ",03104,1x1,697,1499,07/15/2023,False
La Reserve Villas,"Tucson, AZ",03104,1x1,697,1499,07/16/2023,False
La Reserve Villas,"Tucson, AZ",03104,1x1,697,1499,07/17/2023,False
La Reserve Villas,"Tucson, AZ",03104,1x1,697,1499,07/18/2023,False
La Reserve Villas,"Tucson, AZ",03104,1x1,697,1499,07/19/2023,False
La Reserve Villas,"Tucson, AZ",03104,1x1,697,1499,07/20/2023,False
La Reserve Villas,"Tucson, AZ",03104,1x1,697,1499,07/21/2023,False
La Reserve Villas,"Tucson, AZ",03104,1x1,697,1499,07/22/2023,False
La Reserve Villas,"Tucson, AZ",03104,1x1,697,1499,07/23/2023,False
La Reserve Villas,"Tucson, AZ",03104,1x1,697,1499,07/24/2023,False
La Reserve Villas,"Tucson, AZ",03104,1x1,697,1499,07/25/2023,False
La Reserve Villas,"Tucson, AZ",03104,1x1,697,1499,07/26/2023,False
La Reserve Villas,"Tucson, AZ",03104,1x1,697,1499,07/27/2023,False
La Reserve Villas,"Tucson, AZ",03104,1x1,697,1499,07/28/2023,False
La Reserve Villas,"Tucson, AZ",03104,1x1,697,1499,07/29/2023,False
La Reserve Villas,"Tucson, AZ",03104,1x1,697,1499,07/30/2023,False
La Reserve Villas,"Tucson, AZ",03104,1x1,697,1499,07/31/2023,False
La Reserve Villas,"Tucson, AZ",03104,1x1,697,1499,08/01/2023,False
La Reserve Villas,"Tucson, AZ",03104,1x1,697,1499,08/02/2023,False
La Reserve Villas,"Tucson, AZ",03104,1x1,697,1499,08/03/2023,False
La Reserve Villas,"Tucson, AZ",03104,1x1,697,1499,08/04/2023,False
La Reserve Villas,"Tucson, AZ",03104,1x1,697,1499,08/05/2023,False
La Reserve Villas,"Tucson, AZ",03104,1x1,697,1499,08/06/2023,False
La Reserve Villas,"Tucson, AZ",03104,1x1,697,1499,08/07/2023,False
La Reserve Villas,"Tucson, AZ",03104,1x1,697,1499,08/08/2023,False
La Reserve Villas,"Tucson, AZ",03104,1x1,697,1499,08/09/2023,False
La Reserve Villas,"Tucson, AZ",03104,1x1,697,1499,08/10/2023,False
La Reserve Villas,"Tucson, AZ",03104,1x1,697,1499,08/11/2023,False
La Reserve Villas,"Tucson, AZ",03104,1x1,697,1499,08/12/2023,False
La Reserve Villas,"Tucson, AZ",03104,1x1,697,1499,08/13/2023,False
La Reserve Villas,"Tucson, AZ",03104,1x1,697,1499,08/14/2023,False
La Reserve Villas,"Tucson, AZ",03104,1x1,697,1499,08/15/2023,False
La Reserve Villas,"Tucson, AZ",03104,1x1,697,1499,08/16/2023,False
La Reserve Villas,"Tucson, AZ",03104,1x1,697,1499,08/17/2023,False
La Reserve Villas,"Tucson, AZ",03104,1x1,697,1499,08/18/2023,False
La Reserve Villas,"Tucson, AZ",03104,1x1,697,1499,08/19/2023,False
La Reserve Villas,"Tucson, AZ",03104,1x1,697,1499,08/20/2023,False
La Reserve Villas,"Tucson, AZ",03104,1x1,697,1499,08/21/2023,False
La Reserve Villas,"Tucson, AZ",03104,1x1,697,1499,08/22/2023,False
La Reserve Villas,"Tucson, AZ",03104,1x1,697,1499,08/23/2023,False
La Reserve Villas,"Tucson, AZ",03104,1x1,697,1499,08/24/2023,False
La Reserve Villas,"Tucson, AZ",03104,1x1,697,1499,08/25/2023,False
La Reserve Villas,"Tucson, AZ",03104,1x1,697,1499,08/26/2023,False
La Reserve Villas,"Tucson, AZ",03104,1x1,697,1499,08/27/2023,False
La Reserve Villas,"Tucson, AZ",03104,1x1,697,1499,08/28/2023,False
La Reserve Villas,"Tucson, AZ",03104,1x1,697,1499,08/29/2023,False
La Reserve Villas,"Tucson, AZ",03104,1x1,697,1499,08/30/2023,False
La Reserve Villas,"Tucson, AZ",03104,1x1,697,1499,08/31/2023,False
La Reserve Villas,"Tucson, AZ",03104,1x1,697,1499,09/01/2023,False
La Reserve Villas,"Tucson, AZ",03104,1x1,697,1499,09/02/2023,False
La Reserve Villas,"Tucson, AZ",03104,1x1,697,1499,09/03/2023,False
La Reserve Villas,"Tucson, AZ",03104,1x1,697,1499,09/04/2023,False
La Reserve Villas,"Tucson, AZ",03104,1x1,697,1499,09/05/2023,False
La Reserve Villas,"Tucson, AZ",03104,1x1,697,1499,09/06/2023,False
La Reserve Villas,"Tucson, AZ",03104,1x1,697,1402,09/07/2023,False
La Reserve Villas,"Tucson, AZ",03104,1x1,697,1402,09/08/2023,False
La Reserve Villas,"Tucson, AZ",03104,1x1,697,1402,09/09/2023,False
La Reserve Villas,"Tucson, AZ",03104,1x1,697,1402,09/10/2023,False
La Reserve Villas,"Tucson, AZ",03104,1x1,697,1402,09/11/2023,False
La Reserve Villas,"Tucson, AZ",03104,1x1,697,1402,09/12/2023,False
La Reserve Villas,"Tucson, AZ",03104,1x1,697,1402,09/13/2023,True
La Reserve Villas,"Tucson, AZ",03104,1x1,697,1634,01/12/2024,False
La Reserve Villas,"Tucson, AZ",03104,1x1,697,1634,01/13/2024,False
La Reserve Villas,"Tucson, AZ",03104,1x1,697,1630,01/14/2024,False
La Reserve Villas,"Tucson, AZ",03104,1x1,697,1630,01/15/2024,False
La Reserve Villas,"Tucson, AZ",03104,1x1,697,1630,01/16/2024,False
La Reserve Villas,"Tucson, AZ",03104,1x1,697,1630,01/17/2024,False
La Reserve Villas,"Tucson, AZ",03104,1x1,697,1479,01/18/2024,False
La Reserve Villas,"Tucson, AZ",03104,1x1,697,1479,01/19/2024,False
La Reserve Villas,"Tucson, AZ",03104,1x1,697,1549,01/20/2024,False
La Reserve Villas,"Tucson, AZ",03104,1x1,697,1549,01/21/2024,False
La Reserve Villas,"Tucson, AZ",03104,1x1,697,1549,01/22/2024,False
La Reserve Villas,"Tucson, AZ",03104,1x1,697,1549,01/23/2024,False
La Reserve Villas,"Tucson, AZ",03104,1x1,697,1549,01/24/2024,False
La Reserve Villas,"Tucson, AZ",03104,1x1,697,1549,01/25/2024,False
La Reserve Villas,"Tucson, AZ",03104,1x1,697,1549,01/26/2024,False
La Reserve Villas,"Tucson, AZ",03104,1x1,697,1549,01/27/2024,False
La Reserve Villas,"Tucson, AZ",03104,1x1,697,1549,01/28/2024,False
La Reserve Villas,"Tucson, AZ",03104,1x1,697,1549,01/29/2024,False
La Reserve Villas,"Tucson, AZ",03104,1x1,697,1549,01/30/2024,False
La Reserve Villas,"Tucson, AZ",03104,1x1,697,1549,01/31/2024,False
La Reserve Villas,"Tucson, AZ",03104,1x1,697,1549,02/01/2024,False
La Reserve Villas,"Tucson, AZ",03104,1x1,697,1549,02/02/2024,False
La Reserve Villas,"Tucson, AZ",03104,1x1,697,1529,02/03/2024,False
La Reserve Villas,"Tucson, AZ",03104,1x1,697,1529,02/04/2024,False
La Reserve Villas,"Tucson, AZ",03104,1x1,697,1529,02/05/2024,False
La Reserve Villas,"Tucson, AZ",03104,1x1,697,1533,02/06/2024,False
La Reserve Villas,"Tucson, AZ",03104,1x1,697,1529,02/07/2024,False
La Reserve Villas,"Tucson, AZ",03104,1x1,697,1456,02/08/2024,False
La Reserve Villas,"Tucson, AZ",03104,1x1,697,1456,02/09/2024,False
La Reserve Villas,"Tucson, AZ",03104,1x1,697,1437,02/10/2024,False
La Reserve Villas,"Tucson, AZ",03104,1x1,697,1437,02/11/2024,False
La Reserve Villas,"Tucson, AZ",03104,1x1,697,1437,02/12/2024,False
La Reserve Villas,"Tucson, AZ",03104,1x1,697,1437,02/13/2024,False
La Reserve Villas,"Tucson, AZ",03104,1x1,697,1437,02/14/2024,False
La Reserve Villas,"Tucson, AZ",03104,1x1,697,1437,02/15/2024,False
La Reserve Villas,"Tucson, AZ",03104,1x1,697,1437,02/16/2024,False
La Reserve Villas,"Tucson, AZ",03104,1x1,697,1437,02/17/2024,False
La Reserve Villas,"Tucson, AZ",03104,1x1,697,1437,02/18/2024,False
La Reserve Villas,"Tucson, AZ",03104,1x1,697,1437,02/19/2024,False
La Reserve Villas,"Tucson, AZ",03104,1x1,697,1437,02/20/2024,False
La Reserve Villas,"Tucson, AZ",03104,1x1,697,1437,02/21/2024,False
La Reserve Villas,"Tucson, AZ",03104,1x1,697,1437,02/22/2024,False
La Reserve Villas,"Tucson, AZ",03104,1x1,697,1437,02/23/2024,False
La Reserve Villas,"Tucson, AZ",03104,1x1,697,1437,02/24/2024,False
La Reserve Villas,"Tucson, AZ",03104,1x1,697,1437,02/25/2024,False
La Reserve Villas,"Tucson, AZ",03104,1x1,697,1437,02/26/2024,False
La Reserve Villas,"Tucson, AZ",03104,1x1,697,1437,02/27/2024,False
La Reserve Villas,"Tucson, AZ",03104,1x1,697,1437,02/28/2024,False
La Reserve Villas,"Tucson, AZ",03104,1x1,697,1419,02/29/2024,False
La Reserve Villas,"Tucson, AZ",03104,1x1,697,1437,03/01/2024,False
La Reserve Villas,"Tucson, AZ",03104,1x1,697,1480,03/02/2024,False
La Reserve Villas,"Tucson, AZ",03104,1x1,697,1480,03/03/2024,False
La Reserve Villas,"Tucson, AZ",03104,1x1,697,1480,03/04/2024,False
La Reserve Villas,"Tucson, AZ",03104,1x1,697,1437,03/05/2024,False
La Reserve Villas,"Tucson, AZ",03104,1x1,697,1437,03/06/2024,False
La Reserve Villas,"Tucson, AZ",03104,1x1,697,1437,03/07/2024,False
La Reserve Villas,"Tucson, AZ",03104,1x1,697,1437,03/08/2024,False
La Reserve Villas,"Tucson, AZ",03104,1x1,697,1437,03/09/2024,False
La Reserve Villas,"Tucson, AZ",03104,1x1,697,1437,03/10/2024,False
La Reserve Villas,"Tucson, AZ",03104,1x1,697,1437,03/11/2024,False
La Reserve Villas,"Tucson, AZ",03104,1x1,697,1437,03/12/2024,False
La Reserve Villas,"Tucson, AZ",03104,1x1,697,1437,03/13/2024,False
La Reserve Villas,"Tucson, AZ",03104,1x1,697,1437,03/14/2024,False
La Reserve Villas,"Tucson, AZ",03104,1x1,697,1437,03/15/2024,False
La Reserve Villas,"Tucson, AZ",03104,1x1,697,1437,03/16/2024,False
La Reserve Villas,"Tucson, AZ",03104,1x1,697,1437,03/17/2024,False
La Reserve Villas,"Tucson, AZ",03104,1x1,697,1437,03/18/2024,False
La Reserve Villas,"Tucson, AZ",03104,1x1,697,1437,03/19/2024,False
La Reserve Villas,"Tucson, AZ",03104,1x1,697,1427,03/20/2024,False
La Reserve Villas,"Tucson, AZ",03104,1x1,697,1427,03/21/2024,False
La Reserve Villas,"Tucson, AZ",03104,1x1,697,1427,03/22/2024,False
La Reserve Villas,"Tucson, AZ",03104,1x1,697,1427,03/23/2024,False
La Reserve Villas,"Tucson, AZ",03104,1x1,697,1427,03/24/2024,False
La Reserve Villas,"Tucson, AZ",03104,1x1,697,1427,03/25/2024,False
La Reserve Villas,"Tucson, AZ",03104,1x1,697,1427,03/26/2024,False
La Reserve Villas,"Tucson, AZ",03104,1x1,697,1427,03/27/2024,False
La Reserve Villas,"Tucson, AZ",03104,1x1,697,1427,03/28/2024,False
La Reserve Villas,"Tucson, AZ",03104,1x1,697,1427,03/29/2024,False
La Reserve Villas,"Tucson, AZ",03104,1x1,697,1427,03/30/2024,False
La Reserve Villas,"Tucson, AZ",03104,1x1,697,1427,03/31/2024,False
La Reserve Villas,"Tucson, AZ",03104,1x1,697,1427,04/01/2024,False
La Reserve Villas,"Tucson, AZ",03104,1x1,697,1452,04/02/2024,False
La Reserve Villas,"Tucson, AZ",03104,1x1,697,1452,04/03/2024,False
La Reserve Villas,"Tucson, AZ",03104,1x1,697,1452,04/04/2024,False
La Reserve Villas,"Tucson, AZ",03104,1x1,697,1452,04/05/2024,False
La Reserve Villas,"Tucson, AZ",03104,1x1,697,1452,04/06/2024,False
La Reserve Villas,"Tucson, AZ",03104,1x1,697,1452,04/07/2024,False
La Reserve Villas,"Tucson, AZ",03104,1x1,697,1452,04/08/2024,False
La Reserve Villas,"Tucson, AZ",03104,1x1,697,1452,04/09/2024,False
La Reserve Villas,"Tucson, AZ",03104,1x1,697,1449,04/10/2024,False
La Reserve Villas,"Tucson, AZ",03104,1x1,697,1449,04/11/2024,False
La Reserve Villas,"Tucson, AZ",03104,1x1,697,1435,04/12/2024,False
La Reserve Villas,"Tucson, AZ",03104,1x1,697,1479,04/13/2024,False
La Reserve Villas,"Tucson, AZ",03104,1x1,697,1479,04/14/2024,False
La Reserve Villas,"Tucson, AZ",03104,1x1,697,1479,04/15/2024,False
La Reserve Villas,"Tucson, AZ",03104,1x1,697,1479,04/16/2024,False
La Reserve Villas,"Tucson, AZ",03104,1x1,697,1505,04/17/2024,False
La Reserve Villas,"Tucson, AZ",03104,1x1,697,1505,04/18/2024,False
La Reserve Villas,"Tucson, AZ",03104,1x1,697,1475,04/19/2024,False
La Reserve Villas,"Tucson, AZ",03104,1x1,697,1421,04/20/2024,False
La Reserve Villas,"Tucson, AZ",03104,1x1,697,1416,04/21/2024,False
La Reserve Villas,"Tucson, AZ",03104,1x1,697,1416,04/22/2024,False
La Reserve Villas,"Tucson, AZ",03104,1x1,697,1388,04/23/2024,False
La Reserve Villas,"Tucson, AZ",03104,1x1,697,1399,04/24/2024,False
La Reserve Villas,"Tucson, AZ",03104,1x1,697,1402,04/25/2024,False
La Reserve Villas,"Tucson, AZ",03104,1x1,697,1398,04/26/2024,False
La Reserve Villas,"Tucson, AZ",03104,1x1,697,1394,04/27/2024,False
La Reserve Villas,"Tucson, AZ",03104,1x1,697,1389,04/28/2024,False
La Reserve Villas,"Tucson, AZ",03104,1x1,697,1389,04/29/2024,False
La Reserve Villas,"Tucson, AZ",03104,1x1,697,1400,04/30/2024,False
La Reserve Villas,"Tucson, AZ",03104,1x1,697,1463,05/01/2024,False
La Reserve Villas,"Tucson, AZ",03104,1x1,697,1417,05/02/2024,False
La Reserve Villas,"Tucson, AZ",03104,1x1,697,1413,05/03/2024,False
La Reserve Villas,"Tucson, AZ",03104,1x1,697,1408,05/04/2024,False
La Reserve Villas,"Tucson, AZ",03104,1x1,697,1404,05/05/2024,False
La Reserve Villas,"Tucson, AZ",03104,1x1,697,1375,05/06/2024,False
La Reserve Villas,"Tucson, AZ",03104,1x1,697,1375,05/07/2024,False
La Reserve Villas,"Tucson, AZ",03104,1x1,697,1375,05/08/2024,False
La Reserve Villas,"Tucson, AZ",03104,1x1,697,1375,05/09/2024,False
La Reserve Villas,"Tucson, AZ",03104,1x1,697,1366,05/10/2024,False
La Reserve Villas,"Tucson, AZ",03104,1x1,697,1362,05/11/2024,False
La Reserve Villas,"Tucson, AZ",03104,1x1,697,1358,05/12/2024,False
La Reserve Villas,"Tucson, AZ",03104,1x1,697,1353,05/13/2024,False
La Reserve Villas,"Tucson, AZ",03104,1x1,697,1349,05/14/2024,False
La Reserve Villas,"Tucson, AZ",03104,1x1,697,1410,05/15/2024,False
La Reserve Villas,"Tucson, AZ",03104,1x1,697,1410,05/16/2024,False
La Reserve Villas,"Tucson, AZ",03104,1x1,697,1410,05/17/2024,True
La Reserve Villas,"Tucson, AZ",03106,3x2,1111,1742,02/22/2025,False
La Reserve Villas,"Tucson, AZ",03106,3x2,1111,1742,02/23/2025,False
La Reserve Villas,"Tucson, AZ",03106,3x2,1111,1742,02/24/2025,False
La Reserve Villas,"Tucson, AZ",03106,3x2,1111,1742,02/25/2025,False
La Reserve Villas,"Tucson, AZ",03106,3x2,1111,1742,02/26/2025,False
La Reserve Villas,"Tucson, AZ",03106,3x2,1111,1742,02/27/2025,False
La Reserve Villas,"Tucson, AZ",03106,3x2,1111,1742,02/28/2025,True
La Reserve Villas,"Tucson, AZ",03201,3x2,1111,1935,09/05/2024,False
La Reserve Villas,"Tucson, AZ",03201,3x2,1111,1935,09/06/2024,False
La Reserve Villas,"Tucson, AZ",03201,3x2,1111,1935,09/07/2024,False
La Reserve Villas,"Tucson, AZ",03201,3x2,1111,1935,09/08/2024,False
La Reserve Villas,"Tucson, AZ",03201,3x2,1111,1935,09/09/2024,False
La Reserve Villas,"Tucson, AZ",03201,3x2,1111,1935,09/10/2024,False
La Reserve Villas,"Tucson, AZ",03201,3x2,1111,1935,09/11/2024,False
La Reserve Villas,"Tucson, AZ",03201,3x2,1111,1935,09/12/2024,False
La Reserve Villas,"Tucson, AZ",03201,3x2,1111,1935,09/13/2024,False
La Reserve Villas,"Tucson, AZ",03201,3x2,1111,1910,09/14/2024,False
La Reserve Villas,"Tucson, AZ",03201,3x2,1111,1910,09/15/2024,False
La Reserve Villas,"Tucson, AZ",03201,3x2,1111,2050,09/16/2024,False
La Reserve Villas,"Tucson, AZ",03201,3x2,1111,1886,09/17/2024,False
La Reserve Villas,"Tucson, AZ",03201,3x2,1111,1860,09/18/2024,False
La Reserve Villas,"Tucson, AZ",03201,3x2,1111,1835,09/19/2024,False
La Reserve Villas,"Tucson, AZ",03201,3x2,1111,1776,09/20/2024,False
La Reserve Villas,"Tucson, AZ",03201,3x2,1111,1776,09/21/2024,False
La Reserve Villas,"Tucson, AZ",03201,3x2,1111,1776,09/22/2024,False
La Reserve Villas,"Tucson, AZ",03201,3x2,1111,1751,09/23/2024,False
La Reserve Villas,"Tucson, AZ",03201,3x2,1111,1726,09/24/2024,False
La Reserve Villas,"Tucson, AZ",03201,3x2,1111,1702,09/25/2024,False
La Reserve Villas,"Tucson, AZ",03201,3x2,1111,1702,09/26/2024,False
La Reserve Villas,"Tucson, AZ",03201,3x2,1111,1713,09/27/2024,False
La Reserve Villas,"Tucson, AZ",03201,3x2,1111,1713,09/28/2024,False
La Reserve Villas,"Tucson, AZ",03201,3x2,1111,1713,09/29/2024,False
La Reserve Villas,"Tucson, AZ",03201,3x2,1111,1713,09/30/2024,False
La Reserve Villas,"Tucson, AZ",03201,3x2,1111,1713,10/01/2024,False
La Reserve Villas,"Tucson, AZ",03201,3x2,1111,1713,10/02/2024,False
La Reserve Villas,"Tucson, AZ",03201,3x2,1111,1713,10/03/2024,False
La Reserve Villas,"Tucson, AZ",03201,3x2,1111,1713,10/04/2024,False
La Reserve Villas,"Tucson, AZ",03201,3x2,1111,1713,10/05/2024,False
La Reserve Villas,"Tucson, AZ",03201,3x2,1111,1713,10/06/2024,False
La Reserve Villas,"Tucson, AZ",03201,3x2,1111,1713,10/07/2024,False
La Reserve Villas,"Tucson, AZ",03201,3x2,1111,1713,10/08/2024,False
La Reserve Villas,"Tucson, AZ",03201,3x2,1111,1713,10/09/2024,False
La Reserve Villas,"Tucson, AZ",03201,3x2,1111,1713,10/10/2024,False
La Reserve Villas,"Tucson, AZ",03201,3x2,1111,1713,10/11/2024,False
La Reserve Villas,"Tucson, AZ",03201,3x2,1111,1713,10/12/2024,False
La Reserve Villas,"Tucson, AZ",03201,3x2,1111,1713,10/13/2024,False
La Reserve Villas,"Tucson, AZ",03201,3x2,1111,1713,10/14/2024,False
La Reserve Villas,"Tucson, AZ",03201,3x2,1111,1703,10/15/2024,False
La Reserve Villas,"Tucson, AZ",03201,3x2,1111,1703,10/16/2024,False
La Reserve Villas,"Tucson, AZ",03201,3x2,1111,1703,10/17/2024,False
La Reserve Villas,"Tucson, AZ",03201,3x2,1111,1703,10/18/2024,False
La Reserve Villas,"Tucson, AZ",03201,3x2,1111,1703,10/19/2024,False
La Reserve Villas,"Tucson, AZ",03201,3x2,1111,1703,10/20/2024,False
La Reserve Villas,"Tucson, AZ",03201,3x2,1111,1703,10/21/2024,False
La Reserve Villas,"Tucson, AZ",03201,3x2,1111,1703,10/22/2024,False
La Reserve Villas,"Tucson, AZ",03201,3x2,1111,1703,10/23/2024,False
La Reserve Villas,"Tucson, AZ",03201,3x2,1111,1703,10/24/2024,False
La Reserve Villas,"Tucson, AZ",03201,3x2,1111,1703,10/25/2024,False
La Reserve Villas,"Tucson, AZ",03201,3x2,1111,1703,10/26/2024,False
La Reserve Villas,"Tucson, AZ",03201,3x2,1111,1703,10/27/2024,False
La Reserve Villas,"Tucson, AZ",03201,3x2,1111,1703,10/28/2024,False
La Reserve Villas,"Tucson, AZ",03201,3x2,1111,1703,10/29/2024,False
La Reserve Villas,"Tucson, AZ",03201,3x2,1111,1703,10/30/2024,False
La Reserve Villas,"Tucson, AZ",03201,3x2,1111,1703,10/31/2024,False
La Reserve Villas,"Tucson, AZ",03201,3x2,1111,1703,11/01/2024,False
La Reserve Villas,"Tucson, AZ",03201,3x2,1111,1715,11/02/2024,False
La Reserve Villas,"Tucson, AZ",03201,3x2,1111,1715,11/03/2024,False
La Reserve Villas,"Tucson, AZ",03201,3x2,1111,1711,11/04/2024,False
La Reserve Villas,"Tucson, AZ",03201,3x2,1111,1708,11/05/2024,False
La Reserve Villas,"Tucson, AZ",03201,3x2,1111,1715,11/06/2024,False
La Reserve Villas,"Tucson, AZ",03201,3x2,1111,1711,11/07/2024,False
La Reserve Villas,"Tucson, AZ",03201,3x2,1111,1677,11/08/2024,False
La Reserve Villas,"Tucson, AZ",03201,3x2,1111,1673,11/09/2024,False
La Reserve Villas,"Tucson, AZ",03201,3x2,1111,1669,11/10/2024,False
La Reserve Villas,"Tucson, AZ",03201,3x2,1111,1666,11/11/2024,False
La Reserve Villas,"Tucson, AZ",03201,3x2,1111,1662,11/12/2024,False
La Reserve Villas,"Tucson, AZ",03201,3x2,1111,1658,11/13/2024,False
La Reserve Villas,"Tucson, AZ",03201,3x2,1111,1654,11/14/2024,False
La Reserve Villas,"Tucson, AZ",03201,3x2,1111,1650,11/15/2024,False
La Reserve Villas,"Tucson, AZ",03201,3x2,1111,1646,11/16/2024,False
La Reserve Villas,"Tucson, AZ",03201,3x2,1111,1643,11/17/2024,False
La Reserve Villas,"Tucson, AZ",03201,3x2,1111,1639,11/18/2024,False
La Reserve Villas,"Tucson, AZ",03201,3x2,1111,1635,11/19/2024,False
La Reserve Villas,"Tucson, AZ",03201,3x2,1111,1631,11/20/2024,False
La Reserve Villas,"Tucson, AZ",03201,3x2,1111,1707,11/21/2024,False
La Reserve Villas,"Tucson, AZ",03201,3x2,1111,1703,11/22/2024,False
La Reserve Villas,"Tucson, AZ",03201,3x2,1111,1703,11/23/2024,False
La Reserve Villas,"Tucson, AZ",03201,3x2,1111,1695,11/24/2024,False
La Reserve Villas,"Tucson, AZ",03201,3x2,1111,1691,11/25/2024,False
La Reserve Villas,"Tucson, AZ",03201,3x2,1111,1703,11/26/2024,False
La Reserve Villas,"Tucson, AZ",03201,3x2,1111,1698,11/27/2024,False
La Reserve Villas,"Tucson, AZ",03201,3x2,1111,1692,11/28/2024,False
La Reserve Villas,"Tucson, AZ",03201,3x2,1111,1687,11/29/2024,False
La Reserve Villas,"Tucson, AZ",03201,3x2,1111,1682,11/30/2024,False
La Reserve Villas,"Tucson, AZ",03201,3x2,1111,1678,12/01/2024,False
La Reserve Villas,"Tucson, AZ",03201,3x2,1111,1678,12/02/2024,False
La Reserve Villas,"Tucson, AZ",03201,3x2,1111,1682,12/03/2024,False
La Reserve Villas,"Tucson, AZ",03201,3x2,1111,1653,12/04/2024,False
La Reserve Villas,"Tucson, AZ",03201,3x2,1111,1648,12/05/2024,False
La Reserve Villas,"Tucson, AZ",03201,3x2,1111,1633,12/06/2024,False
La Reserve Villas,"Tucson, AZ",03201,3x2,1111,1628,12/07/2024,False
La Reserve Villas,"Tucson, AZ",03201,3x2,1111,1628,12/08/2024,False
La Reserve Villas,"Tucson, AZ",03201,3x2,1111,1708,12/09/2024,False
La Reserve Villas,"Tucson, AZ",03201,3x2,1111,1709,12/10/2024,False
La Reserve Villas,"Tucson, AZ",03201,3x2,1111,1767,12/11/2024,False
La Reserve Villas,"Tucson, AZ",03201,3x2,1111,1763,12/12/2024,False
La Reserve Villas,"Tucson, AZ",03201,3x2,1111,1674,12/13/2024,False
La Reserve Villas,"Tucson, AZ",03201,3x2,1111,1671,12/14/2024,False
La Reserve Villas,"Tucson, AZ",03201,3x2,1111,1671,12/15/2024,False
La Reserve Villas,"Tucson, AZ",03201,3x2,1111,1663,12/16/2024,False
La Reserve Villas,"Tucson, AZ",03201,3x2,1111,1674,12/17/2024,False
La Reserve Villas,"Tucson, AZ",03201,3x2,1111,1705,12/18/2024,False
La Reserve Villas,"Tucson, AZ",03201,3x2,1111,1705,12/19/2024,False
La Reserve Villas,"Tucson, AZ",03201,3x2,1111,1698,12/20/2024,False
La Reserve Villas,"Tucson, AZ",03201,3x2,1111,1695,12/21/2024,False
La Reserve Villas,"Tucson, AZ",03201,3x2,1111,1695,12/22/2024,False
La Reserve Villas,"Tucson, AZ",03201,3x2,1111,1695,12/23/2024,False
La Reserve Villas,"Tucson, AZ",03201,3x2,1111,1695,12/24/2024,False
La Reserve Villas,"Tucson, AZ",03201,3x2,1111,1695,12/25/2024,False
La Reserve Villas,"Tucson, AZ",03201,3x2,1111,1695,12/26/2024,False
La Reserve Villas,"Tucson, AZ",03201,3x2,1111,1695,12/27/2024,True
La Reserve Villas,"Tucson, AZ",03203,1x1,697,1487,02/02/2024,False
La Reserve Villas,"Tucson, AZ",03203,1x1,697,1467,02/03/2024,False
La Reserve Villas,"Tucson, AZ",03203,1x1,697,1467,02/04/2024,False
La Reserve Villas,"Tucson, AZ",03203,1x1,697,1467,02/05/2024,False
La Reserve Villas,"Tucson, AZ",03203,1x1,697,1467,02/06/2024,False
La Reserve Villas,"Tucson, AZ",03203,1x1,697,1467,02/07/2024,False
La Reserve Villas,"Tucson, AZ",03203,1x1,697,1395,02/08/2024,False
La Reserve Villas,"Tucson, AZ",03203,1x1,697,1395,02/09/2024,False
La Reserve Villas,"Tucson, AZ",03203,1x1,697,1376,02/10/2024,False
La Reserve Villas,"Tucson, AZ",03203,1x1,697,1376,02/11/2024,False
La Reserve Villas,"Tucson, AZ",03203,1x1,697,1376,02/12/2024,False
La Reserve Villas,"Tucson, AZ",03203,1x1,697,1376,02/13/2024,False
La Reserve Villas,"Tucson, AZ",03203,1x1,697,1376,02/14/2024,False
La Reserve Villas,"Tucson, AZ",03203,1x1,697,1376,02/15/2024,False
La Reserve Villas,"Tucson, AZ",03203,1x1,697,1376,02/16/2024,False
La Reserve Villas,"Tucson, AZ",03203,1x1,697,1376,02/17/2024,False
La Reserve Villas,"Tucson, AZ",03203,1x1,697,1401,02/18/2024,False
La Reserve Villas,"Tucson, AZ",03203,1x1,697,1401,02/19/2024,False
La Reserve Villas,"Tucson, AZ",03203,1x1,697,1401,02/20/2024,False
La Reserve Villas,"Tucson, AZ",03203,1x1,697,1401,02/21/2024,False
La Reserve Villas,"Tucson, AZ",03203,1x1,697,1401,02/22/2024,False
La Reserve Villas,"Tucson, AZ",03203,1x1,697,1401,02/23/2024,False
La Reserve Villas,"Tucson, AZ",03203,1x1,697,1401,02/24/2024,False
La Reserve Villas,"Tucson, AZ",03203,1x1,697,1401,02/25/2024,False
La Reserve Villas,"Tucson, AZ",03203,1x1,697,1401,02/26/2024,False
La Reserve Villas,"Tucson, AZ",03203,1x1,697,1401,02/27/2024,False
La Reserve Villas,"Tucson, AZ",03203,1x1,697,1401,02/28/2024,False
La Reserve Villas,"Tucson, AZ",03203,1x1,697,1382,02/29/2024,False
La Reserve Villas,"Tucson, AZ",03203,1x1,697,1401,03/01/2024,False
La Reserve Villas,"Tucson, AZ",03203,1x1,697,1444,03/02/2024,False
La Reserve Villas,"Tucson, AZ",03203,1x1,697,1444,03/03/2024,False
La Reserve Villas,"Tucson, AZ",03203,1x1,697,1444,03/04/2024,False
La Reserve Villas,"Tucson, AZ",03203,1x1,697,1401,03/05/2024,False
La Reserve Villas,"Tucson, AZ",03203,1x1,697,1401,03/06/2024,False
La Reserve Villas,"Tucson, AZ",03203,1x1,697,1401,03/07/2024,False
La Reserve Villas,"Tucson, AZ",03203,1x1,697,1401,03/08/2024,False
La Reserve Villas,"Tucson, AZ",03203,1x1,697,1401,03/09/2024,False
La Reserve Villas,"Tucson, AZ",03203,1x1,697,1401,03/10/2024,False
La Reserve Villas,"Tucson, AZ",03203,1x1,697,1401,03/11/2024,False
La Reserve Villas,"Tucson, AZ",03203,1x1,697,1401,03/12/2024,False
La Reserve Villas,"Tucson, AZ",03203,1x1,697,1401,03/13/2024,False
La Reserve Villas,"Tucson, AZ",03203,1x1,697,1401,03/14/2024,False
La Reserve Villas,"Tucson, AZ",03203,1x1,697,1401,03/15/2024,False
La Reserve Villas,"Tucson, AZ",03203,1x1,697,1401,03/16/2024,False
La Reserve Villas,"Tucson, AZ",03203,1x1,697,1401,03/17/2024,False
La Reserve Villas,"Tucson, AZ",03203,1x1,697,1401,03/18/2024,False
La Reserve Villas,"Tucson, AZ",03203,1x1,697,1401,03/19/2024,False
La Reserve Villas,"Tucson, AZ",03203,1x1,697,1391,03/20/2024,False
La Reserve Villas,"Tucson, AZ",03203,1x1,697,1391,03/21/2024,False
La Reserve Villas,"Tucson, AZ",03203,1x1,697,1391,03/22/2024,False
La Reserve Villas,"Tucson, AZ",03203,1x1,697,1391,03/23/2024,False
La Reserve Villas,"Tucson, AZ",03203,1x1,697,1381,03/24/2024,False
La Reserve Villas,"Tucson, AZ",03203,1x1,697,1381,03/25/2024,False
La Reserve Villas,"Tucson, AZ",03203,1x1,697,1381,03/26/2024,False
La Reserve Villas,"Tucson, AZ",03203,1x1,697,1381,03/27/2024,False
La Reserve Villas,"Tucson, AZ",03203,1x1,697,1381,03/28/2024,False
La Reserve Villas,"Tucson, AZ",03203,1x1,697,1381,03/29/2024,False
La Reserve Villas,"Tucson, AZ",03203,1x1,697,1381,03/30/2024,False
La Reserve Villas,"Tucson, AZ",03203,1x1,697,1381,03/31/2024,False
La Reserve Villas,"Tucson, AZ",03203,1x1,697,1381,04/01/2024,False
La Reserve Villas,"Tucson, AZ",03203,1x1,697,1407,04/02/2024,False
La Reserve Villas,"Tucson, AZ",03203,1x1,697,1407,04/03/2024,False
La Reserve Villas,"Tucson, AZ",03203,1x1,697,1407,04/04/2024,False
La Reserve Villas,"Tucson, AZ",03203,1x1,697,1407,04/05/2024,False
La Reserve Villas,"Tucson, AZ",03203,1x1,697,1407,04/06/2024,False
La Reserve Villas,"Tucson, AZ",03203,1x1,697,1407,04/07/2024,False
La Reserve Villas,"Tucson, AZ",03203,1x1,697,1407,04/08/2024,False
La Reserve Villas,"Tucson, AZ",03203,1x1,697,1407,04/09/2024,False
La Reserve Villas,"Tucson, AZ",03203,1x1,697,1404,04/10/2024,False
La Reserve Villas,"Tucson, AZ",03203,1x1,697,1404,04/11/2024,False
La Reserve Villas,"Tucson, AZ",03203,1x1,697,1390,04/12/2024,False
La Reserve Villas,"Tucson, AZ",03203,1x1,697,1434,04/13/2024,False
La Reserve Villas,"Tucson, AZ",03203,1x1,697,1434,04/14/2024,False
La Reserve Villas,"Tucson, AZ",03203,1x1,697,1434,04/15/2024,False
La Reserve Villas,"Tucson, AZ",03203,1x1,697,1434,04/16/2024,False
La Reserve Villas,"Tucson, AZ",03203,1x1,697,1460,04/17/2024,False
La Reserve Villas,"Tucson, AZ",03203,1x1,697,1460,04/18/2024,False
La Reserve Villas,"Tucson, AZ",03203,1x1,697,1434,04/19/2024,False
La Reserve Villas,"Tucson, AZ",03203,1x1,697,1384,04/20/2024,False
La Reserve Villas,"Tucson, AZ",03203,1x1,697,1384,04/21/2024,False
La Reserve Villas,"Tucson, AZ",03203,1x1,697,1384,04/22/2024,False
La Reserve Villas,"Tucson, AZ",03203,1x1,697,1355,04/23/2024,False
La Reserve Villas,"Tucson, AZ",03203,1x1,697,1368,04/24/2024,False
La Reserve Villas,"Tucson, AZ",03203,1x1,697,1370,04/25/2024,False
La Reserve Villas,"Tucson, AZ",03203,1x1,697,1366,04/26/2024,False
La Reserve Villas,"Tucson, AZ",03203,1x1,697,1362,04/27/2024,False
La Reserve Villas,"Tucson, AZ",03203,1x1,697,1358,04/28/2024,False
La Reserve Villas,"Tucson, AZ",03203,1x1,697,1358,04/29/2024,False
La Reserve Villas,"Tucson, AZ",03203,1x1,697,1369,04/30/2024,False
La Reserve Villas,"Tucson, AZ",03203,1x1,697,1432,05/01/2024,False
La Reserve Villas,"Tucson, AZ",03203,1x1,697,1387,05/02/2024,False
La Reserve Villas,"Tucson, AZ",03203,1x1,697,1383,05/03/2024,False
La Reserve Villas,"Tucson, AZ",03203,1x1,697,1378,05/04/2024,False
La Reserve Villas,"Tucson, AZ",03203,1x1,697,1374,05/05/2024,False
La Reserve Villas,"Tucson, AZ",03203,1x1,697,1346,05/06/2024,False
La Reserve Villas,"Tucson, AZ",03203,1x1,697,1346,05/07/2024,False
La Reserve Villas,"Tucson, AZ",03203,1x1,697,1346,05/08/2024,False
La Reserve Villas,"Tucson, AZ",03203,1x1,697,1346,05/09/2024,False
La Reserve Villas,"Tucson, AZ",03203,1x1,697,1337,05/10/2024,False
La Reserve Villas,"Tucson, AZ",03203,1x1,697,1333,05/11/2024,False
La Reserve Villas,"Tucson, AZ",03203,1x1,697,1329,05/12/2024,False
La Reserve Villas,"Tucson, AZ",03203,1x1,697,1325,05/13/2024,False
La Reserve Villas,"Tucson, AZ",03203,1x1,697,1320,05/14/2024,False
La Reserve Villas,"Tucson, AZ",03203,1x1,697,1381,05/15/2024,False
La Reserve Villas,"Tucson, AZ",03203,1x1,697,1376,05/16/2024,False
La Reserve Villas,"Tucson, AZ",03203,1x1,697,1376,05/17/2024,True
La Reserve Villas,"Tucson, AZ",03204,1x1,697,1340,06/30/2023,False
La Reserve Villas,"Tucson, AZ",03204,1x1,697,1340,07/01/2023,False
La Reserve Villas,"Tucson, AZ",03204,1x1,697,1340,07/02/2023,False
La Reserve Villas,"Tucson, AZ",03204,1x1,697,1340,07/03/2023,False
La Reserve Villas,"Tucson, AZ",03204,1x1,697,1340,07/04/2023,False
La Reserve Villas,"Tucson, AZ",03204,1x1,697,1340,07/05/2023,False
La Reserve Villas,"Tucson, AZ",03204,1x1,697,1340,07/06/2023,False
La Reserve Villas,"Tucson, AZ",03204,1x1,697,1340,07/07/2023,False
La Reserve Villas,"Tucson, AZ",03204,1x1,697,1340,07/08/2023,False
La Reserve Villas,"Tucson, AZ",03204,1x1,697,1340,07/09/2023,False
La Reserve Villas,"Tucson, AZ",03204,1x1,697,1340,07/10/2023,False
La Reserve Villas,"Tucson, AZ",03204,1x1,697,1340,07/11/2023,False
La Reserve Villas,"Tucson, AZ",03204,1x1,697,1340,07/12/2023,False
La Reserve Villas,"Tucson, AZ",03204,1x1,697,1340,07/13/2023,False
La Reserve Villas,"Tucson, AZ",03204,1x1,697,1340,07/14/2023,False
La Reserve Villas,"Tucson, AZ",03204,1x1,697,1340,07/15/2023,False
La Reserve Villas,"Tucson, AZ",03204,1x1,697,1340,07/16/2023,False
La Reserve Villas,"Tucson, AZ",03204,1x1,697,1340,07/17/2023,False
La Reserve Villas,"Tucson, AZ",03204,1x1,697,1340,07/18/2023,False
La Reserve Villas,"Tucson, AZ",03204,1x1,697,1340,07/19/2023,False
La Reserve Villas,"Tucson, AZ",03204,1x1,697,1340,07/20/2023,False
La Reserve Villas,"Tucson, AZ",03204,1x1,697,1340,07/21/2023,False
La Reserve Villas,"Tucson, AZ",03204,1x1,697,1340,07/22/2023,False
La Reserve Villas,"Tucson, AZ",03204,1x1,697,1340,07/23/2023,False
La Reserve Villas,"Tucson, AZ",03204,1x1,697,1340,07/24/2023,False
La Reserve Villas,"Tucson, AZ",03204,1x1,697,1340,07/25/2023,False
La Reserve Villas,"Tucson, AZ",03204,1x1,697,1340,07/26/2023,False
La Reserve Villas,"Tucson, AZ",03204,1x1,697,1340,07/27/2023,False
La Reserve Villas,"Tucson, AZ",03204,1x1,697,1340,07/28/2023,False
La Reserve Villas,"Tucson, AZ",03204,1x1,697,1340,07/29/2023,False
La Reserve Villas,"Tucson, AZ",03204,1x1,697,1340,07/30/2023,False
La Reserve Villas,"Tucson, AZ",03204,1x1,697,1340,07/31/2023,False
La Reserve Villas,"Tucson, AZ",03204,1x1,697,1340,08/01/2023,False
La Reserve Villas,"Tucson, AZ",03204,1x1,697,1340,08/02/2023,False
La Reserve Villas,"Tucson, AZ",03204,1x1,697,1340,08/03/2023,False
La Reserve Villas,"Tucson, AZ",03204,1x1,697,1340,08/04/2023,False
La Reserve Villas,"Tucson, AZ",03204,1x1,697,1340,08/05/2023,False
La Reserve Villas,"Tucson, AZ",03204,1x1,697,1340,08/06/2023,False
La Reserve Villas,"Tucson, AZ",03204,1x1,697,1340,08/07/2023,False
La Reserve Villas,"Tucson, AZ",03204,1x1,697,1340,08/08/2023,False
La Reserve Villas,"Tucson, AZ",03204,1x1,697,1340,08/09/2023,False
La Reserve Villas,"Tucson, AZ",03204,1x1,697,1340,08/10/2023,False
La Reserve Villas,"Tucson, AZ",03204,1x1,697,1340,08/11/2023,False
La Reserve Villas,"Tucson, AZ",03204,1x1,697,1340,08/12/2023,False
La Reserve Villas,"Tucson, AZ",03204,1x1,697,1340,08/13/2023,False
La Reserve Villas,"Tucson, AZ",03204,1x1,697,1340,08/14/2023,False
La Reserve Villas,"Tucson, AZ",03204,1x1,697,1340,08/15/2023,False
La Reserve Villas,"Tucson, AZ",03204,1x1,697,1340,08/16/2023,False
La Reserve Villas,"Tucson, AZ",03204,1x1,697,1340,08/17/2023,False
La Reserve Villas,"Tucson, AZ",03204,1x1,697,1340,08/18/2023,False
La Reserve Villas,"Tucson, AZ",03204,1x1,697,1340,08/19/2023,False
La Reserve Villas,"Tucson, AZ",03204,1x1,697,1340,08/20/2023,False
La Reserve Villas,"Tucson, AZ",03204,1x1,697,1340,08/21/2023,False
La Reserve Villas,"Tucson, AZ",03204,1x1,697,1340,08/22/2023,False
La Reserve Villas,"Tucson, AZ",03204,1x1,697,1340,08/23/2023,False
La Reserve Villas,"Tucson, AZ",03204,1x1,697,1340,08/24/2023,False
La Reserve Villas,"Tucson, AZ",03204,1x1,697,1340,08/25/2023,False
La Reserve Villas,"Tucson, AZ",03204,1x1,697,1340,08/26/2023,False
La Reserve Villas,"Tucson, AZ",03204,1x1,697,1340,08/27/2023,False
La Reserve Villas,"Tucson, AZ",03204,1x1,697,1340,08/28/2023,False
La Reserve Villas,"Tucson, AZ",03204,1x1,697,1733,08/29/2023,False
La Reserve Villas,"Tucson, AZ",03204,1x1,697,1759,08/30/2023,False
La Reserve Villas,"Tucson, AZ",03204,1x1,697,1437,08/31/2023,False
La Reserve Villas,"Tucson, AZ",03204,1x1,697,1437,09/01/2023,False
La Reserve Villas,"Tucson, AZ",03204,1x1,697,1437,09/02/2023,False
La Reserve Villas,"Tucson, AZ",03204,1x1,697,1437,09/03/2023,False
La Reserve Villas,"Tucson, AZ",03204,1x1,697,1437,09/04/2023,False
La Reserve Villas,"Tucson, AZ",03204,1x1,697,1437,09/05/2023,False
La Reserve Villas,"Tucson, AZ",03204,1x1,697,1421,09/06/2023,False
La Reserve Villas,"Tucson, AZ",03204,1x1,697,1421,09/07/2023,False
La Reserve Villas,"Tucson, AZ",03204,1x1,697,1421,09/08/2023,False
La Reserve Villas,"Tucson, AZ",03204,1x1,697,1421,09/09/2023,False
La Reserve Villas,"Tucson, AZ",03204,1x1,697,1421,09/10/2023,False
La Reserve Villas,"Tucson, AZ",03204,1x1,697,1421,09/11/2023,False
La Reserve Villas,"Tucson, AZ",03204,1x1,697,1421,09/12/2023,False
La Reserve Villas,"Tucson, AZ",03204,1x1,697,1401,09/13/2023,False
La Reserve Villas,"Tucson, AZ",03204,1x1,697,1401,09/14/2023,False
La Reserve Villas,"Tucson, AZ",03204,1x1,697,1401,09/15/2023,False
La Reserve Villas,"Tucson, AZ",03204,1x1,697,1401,09/16/2023,False
La Reserve Villas,"Tucson, AZ",03204,1x1,697,1401,09/17/2023,False
La Reserve Villas,"Tucson, AZ",03204,1x1,697,1401,09/18/2023,False
La Reserve Villas,"Tucson, AZ",03204,1x1,697,1401,09/19/2023,False
La Reserve Villas,"Tucson, AZ",03204,1x1,697,1401,09/20/2023,False
La Reserve Villas,"Tucson, AZ",03204,1x1,697,1401,09/21/2023,False
La Reserve Villas,"Tucson, AZ",03204,1x1,697,1406,09/22/2023,False
La Reserve Villas,"Tucson, AZ",03204,1x1,697,1411,09/23/2023,False
La Reserve Villas,"Tucson, AZ",03204,1x1,697,1411,09/24/2023,False
La Reserve Villas,"Tucson, AZ",03204,1x1,697,1411,09/25/2023,False
La Reserve Villas,"Tucson, AZ",03204,1x1,697,1416,09/26/2023,False
La Reserve Villas,"Tucson, AZ",03204,1x1,697,1416,09/27/2023,True
La Reserve Villas,"Tucson, AZ",03205,1x1,697,1543,06/10/2024,False
La Reserve Villas,"Tucson, AZ",03205,1x1,697,1543,06/11/2024,False
La Reserve Villas,"Tucson, AZ",03205,1x1,697,1543,06/12/2024,False
La Reserve Villas,"Tucson, AZ",03205,1x1,697,1468,06/13/2024,False
La Reserve Villas,"Tucson, AZ",03205,1x1,697,1468,06/14/2024,False
La Reserve Villas,"Tucson, AZ",03205,1x1,697,1468,06/15/2024,False
La Reserve Villas,"Tucson, AZ",03205,1x1,697,1468,06/16/2024,False
La Reserve Villas,"Tucson, AZ",03205,1x1,697,1468,06/17/2024,False
La Reserve Villas,"Tucson, AZ",03205,1x1,697,1395,06/18/2024,False
La Reserve Villas,"Tucson, AZ",03205,1x1,697,1395,06/19/2024,False
La Reserve Villas,"Tucson, AZ",03205,1x1,697,1395,06/20/2024,False
La Reserve Villas,"Tucson, AZ",03205,1x1,697,1395,06/21/2024,False
La Reserve Villas,"Tucson, AZ",03205,1x1,697,1395,06/22/2024,False
La Reserve Villas,"Tucson, AZ",03205,1x1,697,1395,06/23/2024,False
La Reserve Villas,"Tucson, AZ",03205,1x1,697,1395,06/24/2024,False
La Reserve Villas,"Tucson, AZ",03205,1x1,697,1395,06/25/2024,True
La Reserve Villas,"Tucson, AZ",04101,2x2,957,1687,03/24/2024,False
La Reserve Villas,"Tucson, AZ",04101,2x2,957,1687,03/25/2024,False
La Reserve Villas,"Tucson, AZ",04101,2x2,957,1687,03/26/2024,False
La Reserve Villas,"Tucson, AZ",04101,2x2,957,1687,03/27/2024,False
La Reserve Villas,"Tucson, AZ",04101,2x2,957,1687,03/28/2024,False
La Reserve Villas,"Tucson, AZ",04101,2x2,957,1687,03/29/2024,False
La Reserve Villas,"Tucson, AZ",04101,2x2,957,1687,03/30/2024,False
La Reserve Villas,"Tucson, AZ",04101,2x2,957,1687,03/31/2024,False
La Reserve Villas,"Tucson, AZ",04101,2x2,957,1687,04/01/2024,False
La Reserve Villas,"Tucson, AZ",04101,2x2,957,1687,04/02/2024,False
La Reserve Villas,"Tucson, AZ",04101,2x2,957,1686,04/03/2024,False
La Reserve Villas,"Tucson, AZ",04101,2x2,957,1686,04/04/2024,False
La Reserve Villas,"Tucson, AZ",04101,2x2,957,1686,04/05/2024,False
La Reserve Villas,"Tucson, AZ",04101,2x2,957,1604,04/06/2024,False
La Reserve Villas,"Tucson, AZ",04101,2x2,957,1604,04/07/2024,False
La Reserve Villas,"Tucson, AZ",04101,2x2,957,1604,04/08/2024,False
La Reserve Villas,"Tucson, AZ",04101,2x2,957,1604,04/09/2024,False
La Reserve Villas,"Tucson, AZ",04101,2x2,957,1604,04/10/2024,False
La Reserve Villas,"Tucson, AZ",04101,2x2,957,1618,04/11/2024,False
La Reserve Villas,"Tucson, AZ",04101,2x2,957,1618,04/12/2024,False
La Reserve Villas,"Tucson, AZ",04101,2x2,957,1618,04/13/2024,False
La Reserve Villas,"Tucson, AZ",04101,2x2,957,1618,04/14/2024,False
La Reserve Villas,"Tucson, AZ",04101,2x2,957,1618,04/15/2024,False
La Reserve Villas,"Tucson, AZ",04101,2x2,957,1618,04/16/2024,False
La Reserve Villas,"Tucson, AZ",04101,2x2,957,1540,04/17/2024,False
La Reserve Villas,"Tucson, AZ",04101,2x2,957,1544,04/18/2024,False
La Reserve Villas,"Tucson, AZ",04101,2x2,957,1588,04/19/2024,False
La Reserve Villas,"Tucson, AZ",04101,2x2,957,1588,04/20/2024,False
La Reserve Villas,"Tucson, AZ",04101,2x2,957,1588,04/21/2024,False
La Reserve Villas,"Tucson, AZ",04101,2x2,957,1588,04/22/2024,False
La Reserve Villas,"Tucson, AZ",04101,2x2,957,1511,04/23/2024,False
La Reserve Villas,"Tucson, AZ",04101,2x2,957,1566,04/24/2024,False
La Reserve Villas,"Tucson, AZ",04101,2x2,957,1490,04/25/2024,False
La Reserve Villas,"Tucson, AZ",04101,2x2,957,1512,04/26/2024,False
La Reserve Villas,"Tucson, AZ",04101,2x2,957,1512,04/27/2024,False
La Reserve Villas,"Tucson, AZ",04101,2x2,957,1512,04/28/2024,False
La Reserve Villas,"Tucson, AZ",04101,2x2,957,1512,04/29/2024,False
La Reserve Villas,"Tucson, AZ",04101,2x2,957,1551,04/30/2024,False
La Reserve Villas,"Tucson, AZ",04101,2x2,957,1551,05/01/2024,False
La Reserve Villas,"Tucson, AZ",04101,2x2,957,1591,05/02/2024,False
La Reserve Villas,"Tucson, AZ",04101,2x2,957,1591,05/03/2024,False
La Reserve Villas,"Tucson, AZ",04101,2x2,957,1543,05/04/2024,False
La Reserve Villas,"Tucson, AZ",04101,2x2,957,1543,05/05/2024,False
La Reserve Villas,"Tucson, AZ",04101,2x2,957,1543,05/06/2024,False
La Reserve Villas,"Tucson, AZ",04101,2x2,957,1543,05/07/2024,False
La Reserve Villas,"Tucson, AZ",04101,2x2,957,1543,05/08/2024,False
La Reserve Villas,"Tucson, AZ",04101,2x2,957,1543,05/09/2024,False
La Reserve Villas,"Tucson, AZ",04101,2x2,957,1543,05/10/2024,False
La Reserve Villas,"Tucson, AZ",04101,2x2,957,1543,05/11/2024,False
La Reserve Villas,"Tucson, AZ",04101,2x2,957,1543,05/12/2024,False
La Reserve Villas,"Tucson, AZ",04101,2x2,957,1543,05/13/2024,False
La Reserve Villas,"Tucson, AZ",04101,2x2,957,1543,05/14/2024,False
La Reserve Villas,"Tucson, AZ",04101,2x2,957,1543,05/15/2024,False
La Reserve Villas,"Tucson, AZ",04101,2x2,957,1543,05/16/2024,False
La Reserve Villas,"Tucson, AZ",04101,2x2,957,1543,05/17/2024,False
La Reserve Villas,"Tucson, AZ",04101,2x2,957,1543,05/18/2024,False
La Reserve Villas,"Tucson, AZ",04101,2x2,957,1543,05/19/2024,False
La Reserve Villas,"Tucson, AZ",04101,2x2,957,1543,05/20/2024,False
La Reserve Villas,"Tucson, AZ",04101,2x2,957,1543,05/21/2024,False
La Reserve Villas,"Tucson, AZ",04101,2x2,957,1543,05/22/2024,False
La Reserve Villas,"Tucson, AZ",04101,2x2,957,1543,05/23/2024,False
La Reserve Villas,"Tucson, AZ",04101,2x2,957,1543,05/24/2024,False
La Reserve Villas,"Tucson, AZ",04101,2x2,957,1543,05/25/2024,False
La Reserve Villas,"Tucson, AZ",04101,2x2,957,1543,05/26/2024,False
La Reserve Villas,"Tucson, AZ",04101,2x2,957,1543,05/27/2024,False
La Reserve Villas,"Tucson, AZ",04101,2x2,957,1543,05/28/2024,False
La Reserve Villas,"Tucson, AZ",04101,2x2,957,1543,05/29/2024,False
La Reserve Villas,"Tucson, AZ",04101,2x2,957,1543,05/30/2024,False
La Reserve Villas,"Tucson, AZ",04101,2x2,957,1543,05/31/2024,False
La Reserve Villas,"Tucson, AZ",04101,2x2,957,1543,06/01/2024,False
La Reserve Villas,"Tucson, AZ",04101,2x2,957,1543,06/02/2024,False
La Reserve Villas,"Tucson, AZ",04101,2x2,957,1543,06/03/2024,False
La Reserve Villas,"Tucson, AZ",04101,2x2,957,1543,06/04/2024,False
La Reserve Villas,"Tucson, AZ",04101,2x2,957,1543,06/05/2024,False
La Reserve Villas,"Tucson, AZ",04101,2x2,957,1543,06/06/2024,False
La Reserve Villas,"Tucson, AZ",04101,2x2,957,1543,06/07/2024,False
La Reserve Villas,"Tucson, AZ",04101,2x2,957,1543,06/08/2024,False
La Reserve Villas,"Tucson, AZ",04101,2x2,957,1543,06/09/2024,False
La Reserve Villas,"Tucson, AZ",04101,2x2,957,1543,06/10/2024,False
La Reserve Villas,"Tucson, AZ",04101,2x2,957,1543,06/11/2024,False
La Reserve Villas,"Tucson, AZ",04101,2x2,957,1543,06/12/2024,False
La Reserve Villas,"Tucson, AZ",04101,2x2,957,1543,06/13/2024,False
La Reserve Villas,"Tucson, AZ",04101,2x2,957,1543,06/14/2024,False
La Reserve Villas,"Tucson, AZ",04101,2x2,957,1543,06/15/2024,False
La Reserve Villas,"Tucson, AZ",04101,2x2,957,1543,06/16/2024,False
La Reserve Villas,"Tucson, AZ",04101,2x2,957,1543,06/17/2024,False
La Reserve Villas,"Tucson, AZ",04101,2x2,957,1543,06/18/2024,False
La Reserve Villas,"Tucson, AZ",04101,2x2,957,1543,06/19/2024,False
La Reserve Villas,"Tucson, AZ",04101,2x2,957,1543,06/20/2024,False
La Reserve Villas,"Tucson, AZ",04101,2x2,957,1543,06/21/2024,False
La Reserve Villas,"Tucson, AZ",04101,2x2,957,1543,06/22/2024,False
La Reserve Villas,"Tucson, AZ",04101,2x2,957,1543,06/23/2024,False
La Reserve Villas,"Tucson, AZ",04101,2x2,957,1778,06/24/2024,False
La Reserve Villas,"Tucson, AZ",04101,2x2,957,1590,06/25/2024,False
La Reserve Villas,"Tucson, AZ",04101,2x2,957,1590,06/26/2024,False
La Reserve Villas,"Tucson, AZ",04101,2x2,957,1542,06/27/2024,False
La Reserve Villas,"Tucson, AZ",04101,2x2,957,1542,06/28/2024,False
La Reserve Villas,"Tucson, AZ",04101,2x2,957,1542,06/29/2024,False
La Reserve Villas,"Tucson, AZ",04101,2x2,957,1542,06/30/2024,False
La Reserve Villas,"Tucson, AZ",04101,2x2,957,1542,07/01/2024,False
La Reserve Villas,"Tucson, AZ",04101,2x2,957,1542,07/02/2024,False
La Reserve Villas,"Tucson, AZ",04101,2x2,957,1542,07/03/2024,False
La Reserve Villas,"Tucson, AZ",04101,2x2,957,1542,07/04/2024,False
La Reserve Villas,"Tucson, AZ",04101,2x2,957,1542,07/05/2024,False
La Reserve Villas,"Tucson, AZ",04101,2x2,957,1542,07/06/2024,False
La Reserve Villas,"Tucson, AZ",04101,2x2,957,1542,07/07/2024,False
La Reserve Villas,"Tucson, AZ",04101,2x2,957,1519,07/08/2024,False
La Reserve Villas,"Tucson, AZ",04101,2x2,957,1519,07/09/2024,False
La Reserve Villas,"Tucson, AZ",04101,2x2,957,1569,07/10/2024,False
La Reserve Villas,"Tucson, AZ",04101,2x2,957,1561,07/11/2024,False
La Reserve Villas,"Tucson, AZ",04101,2x2,957,1561,07/12/2024,False
La Reserve Villas,"Tucson, AZ",04101,2x2,957,1561,07/13/2024,False
La Reserve Villas,"Tucson, AZ",04101,2x2,957,1561,07/14/2024,False
La Reserve Villas,"Tucson, AZ",04101,2x2,957,1568,07/15/2024,False
La Reserve Villas,"Tucson, AZ",04101,2x2,957,1568,07/16/2024,False
La Reserve Villas,"Tucson, AZ",04101,2x2,957,1568,07/17/2024,False
La Reserve Villas,"Tucson, AZ",04101,2x2,957,1612,07/18/2024,False
La Reserve Villas,"Tucson, AZ",04101,2x2,957,1574,07/19/2024,False
La Reserve Villas,"Tucson, AZ",04101,2x2,957,1574,07/20/2024,False
La Reserve Villas,"Tucson, AZ",04101,2x2,957,1574,07/21/2024,False
La Reserve Villas,"Tucson, AZ",04101,2x2,957,1574,07/22/2024,False
La Reserve Villas,"Tucson, AZ",04101,2x2,957,1574,07/23/2024,False
La Reserve Villas,"Tucson, AZ",04101,2x2,957,1574,07/24/2024,False
La Reserve Villas,"Tucson, AZ",04101,2x2,957,1524,07/25/2024,False
La Reserve Villas,"Tucson, AZ",04101,2x2,957,1520,07/26/2024,False
La Reserve Villas,"Tucson, AZ",04101,2x2,957,1514,07/27/2024,False
La Reserve Villas,"Tucson, AZ",04101,2x2,957,1511,07/28/2024,False
La Reserve Villas,"Tucson, AZ",04101,2x2,957,1511,07/29/2024,True
La Reserve Villas,"Tucson, AZ",04102,2x2,943,1696,04/05/2024,False
La Reserve Villas,"Tucson, AZ",04102,2x2,943,1614,04/06/2024,False
La Reserve Villas,"Tucson, AZ",04102,2x2,943,1614,04/07/2024,False
La Reserve Villas,"Tucson, AZ",04102,2x2,943,1614,04/08/2024,False
La Reserve Villas,"Tucson, AZ",04102,2x2,943,1614,04/09/2024,False
La Reserve Villas,"Tucson, AZ",04102,2x2,943,1614,04/10/2024,False
La Reserve Villas,"Tucson, AZ",04102,2x2,943,1628,04/11/2024,False
La Reserve Villas,"Tucson, AZ",04102,2x2,943,1628,04/12/2024,False
La Reserve Villas,"Tucson, AZ",04102,2x2,943,1628,04/13/2024,False
La Reserve Villas,"Tucson, AZ",04102,2x2,943,1628,04/14/2024,False
La Reserve Villas,"Tucson, AZ",04102,2x2,943,1628,04/15/2024,False
La Reserve Villas,"Tucson, AZ",04102,2x2,943,1628,04/16/2024,False
La Reserve Villas,"Tucson, AZ",04102,2x2,943,1550,04/17/2024,False
La Reserve Villas,"Tucson, AZ",04102,2x2,943,1554,04/18/2024,False
La Reserve Villas,"Tucson, AZ",04102,2x2,943,1598,04/19/2024,False
La Reserve Villas,"Tucson, AZ",04102,2x2,943,1614,04/20/2024,False
La Reserve Villas,"Tucson, AZ",04102,2x2,943,1614,04/21/2024,False
La Reserve Villas,"Tucson, AZ",04102,2x2,943,1614,04/22/2024,False
La Reserve Villas,"Tucson, AZ",04102,2x2,943,1537,04/23/2024,False
La Reserve Villas,"Tucson, AZ",04102,2x2,943,1576,04/24/2024,False
La Reserve Villas,"Tucson, AZ",04102,2x2,943,1500,04/25/2024,False
La Reserve Villas,"Tucson, AZ",04102,2x2,943,1522,04/26/2024,False
La Reserve Villas,"Tucson, AZ",04102,2x2,943,1522,04/27/2024,False
La Reserve Villas,"Tucson, AZ",04102,2x2,943,1522,04/28/2024,False
La Reserve Villas,"Tucson, AZ",04102,2x2,943,1522,04/29/2024,False
La Reserve Villas,"Tucson, AZ",04102,2x2,943,1561,04/30/2024,False
La Reserve Villas,"Tucson, AZ",04102,2x2,943,1561,05/01/2024,False
La Reserve Villas,"Tucson, AZ",04102,2x2,943,1601,05/02/2024,False
La Reserve Villas,"Tucson, AZ",04102,2x2,943,1601,05/03/2024,False
La Reserve Villas,"Tucson, AZ",04102,2x2,943,1553,05/04/2024,False
La Reserve Villas,"Tucson, AZ",04102,2x2,943,1553,05/05/2024,False
La Reserve Villas,"Tucson, AZ",04102,2x2,943,1553,05/06/2024,False
La Reserve Villas,"Tucson, AZ",04102,2x2,943,1553,05/07/2024,False
La Reserve Villas,"Tucson, AZ",04102,2x2,943,1553,05/08/2024,False
La Reserve Villas,"Tucson, AZ",04102,2x2,943,1553,05/09/2024,False
La Reserve Villas,"Tucson, AZ",04102,2x2,943,1553,05/10/2024,False
La Reserve Villas,"Tucson, AZ",04102,2x2,943,1553,05/11/2024,False
La Reserve Villas,"Tucson, AZ",04102,2x2,943,1553,05/12/2024,False
La Reserve Villas,"Tucson, AZ",04102,2x2,943,1553,05/13/2024,False
La Reserve Villas,"Tucson, AZ",04102,2x2,943,1553,05/14/2024,False
La Reserve Villas,"Tucson, AZ",04102,2x2,943,1553,05/15/2024,False
La Reserve Villas,"Tucson, AZ",04102,2x2,943,1553,05/16/2024,False
La Reserve Villas,"Tucson, AZ",04102,2x2,943,1553,05/17/2024,False
La Reserve Villas,"Tucson, AZ",04102,2x2,943,1553,05/18/2024,False
La Reserve Villas,"Tucson, AZ",04102,2x2,943,1553,05/19/2024,False
La Reserve Villas,"Tucson, AZ",04102,2x2,943,1553,05/20/2024,False
La Reserve Villas,"Tucson, AZ",04102,2x2,943,1553,05/21/2024,False
La Reserve Villas,"Tucson, AZ",04102,2x2,943,1553,05/22/2024,False
La Reserve Villas,"Tucson, AZ",04102,2x2,943,1553,05/23/2024,False
La Reserve Villas,"Tucson, AZ",04102,2x2,943,1553,05/24/2024,False
La Reserve Villas,"Tucson, AZ",04102,2x2,943,1553,05/25/2024,False
La Reserve Villas,"Tucson, AZ",04102,2x2,943,1549,05/26/2024,False
La Reserve Villas,"Tucson, AZ",04102,2x2,943,1544,05/27/2024,False
La Reserve Villas,"Tucson, AZ",04102,2x2,943,1540,05/28/2024,False
La Reserve Villas,"Tucson, AZ",04102,2x2,943,1542,05/29/2024,False
La Reserve Villas,"Tucson, AZ",04102,2x2,943,1514,05/30/2024,False
La Reserve Villas,"Tucson, AZ",04102,2x2,943,1514,05/31/2024,False
La Reserve Villas,"Tucson, AZ",04102,2x2,943,1510,06/01/2024,False
La Reserve Villas,"Tucson, AZ",04102,2x2,943,1514,06/02/2024,False
La Reserve Villas,"Tucson, AZ",04102,2x2,943,1514,06/03/2024,False
La Reserve Villas,"Tucson, AZ",04102,2x2,943,1510,06/04/2024,False
La Reserve Villas,"Tucson, AZ",04102,2x2,943,1518,06/05/2024,False
La Reserve Villas,"Tucson, AZ",04102,2x2,943,1497,06/06/2024,False
La Reserve Villas,"Tucson, AZ",04102,2x2,943,1492,06/07/2024,False
La Reserve Villas,"Tucson, AZ",04102,2x2,943,1488,06/08/2024,False
La Reserve Villas,"Tucson, AZ",04102,2x2,943,1483,06/09/2024,False
La Reserve Villas,"Tucson, AZ",04102,2x2,943,1478,06/10/2024,False
La Reserve Villas,"Tucson, AZ",04102,2x2,943,1482,06/11/2024,False
La Reserve Villas,"Tucson, AZ",04102,2x2,943,1477,06/12/2024,False
La Reserve Villas,"Tucson, AZ",04102,2x2,943,1473,06/13/2024,False
La Reserve Villas,"Tucson, AZ",04102,2x2,943,1473,06/14/2024,False
La Reserve Villas,"Tucson, AZ",04102,2x2,943,1473,06/15/2024,False
La Reserve Villas,"Tucson, AZ",04102,2x2,943,1473,06/16/2024,False
La Reserve Villas,"Tucson, AZ",04102,2x2,943,1454,06/17/2024,False
La Reserve Villas,"Tucson, AZ",04102,2x2,943,1449,06/18/2024,False
La Reserve Villas,"Tucson, AZ",04102,2x2,943,1445,06/19/2024,False
La Reserve Villas,"Tucson, AZ",04102,2x2,943,1440,06/20/2024,False
La Reserve Villas,"Tucson, AZ",04102,2x2,943,1435,06/21/2024,False
La Reserve Villas,"Tucson, AZ",04102,2x2,943,1435,06/22/2024,False
La Reserve Villas,"Tucson, AZ",04102,2x2,943,1432,06/23/2024,False
La Reserve Villas,"Tucson, AZ",04102,2x2,943,1467,06/24/2024,False
La Reserve Villas,"Tucson, AZ",04102,2x2,943,1467,06/25/2024,False
La Reserve Villas,"Tucson, AZ",04102,2x2,943,1467,06/26/2024,False
La Reserve Villas,"Tucson, AZ",04102,2x2,943,1423,06/27/2024,False
La Reserve Villas,"Tucson, AZ",04102,2x2,943,1423,06/28/2024,False
La Reserve Villas,"Tucson, AZ",04102,2x2,943,1423,06/29/2024,False
La Reserve Villas,"Tucson, AZ",04102,2x2,943,1423,06/30/2024,False
La Reserve Villas,"Tucson, AZ",04102,2x2,943,1423,07/01/2024,False
La Reserve Villas,"Tucson, AZ",04102,2x2,943,1423,07/02/2024,False
La Reserve Villas,"Tucson, AZ",04102,2x2,943,1423,07/03/2024,False
La Reserve Villas,"Tucson, AZ",04102,2x2,943,1423,07/04/2024,False
La Reserve Villas,"Tucson, AZ",04102,2x2,943,1423,07/05/2024,False
La Reserve Villas,"Tucson, AZ",04102,2x2,943,1423,07/06/2024,False
La Reserve Villas,"Tucson, AZ",04102,2x2,943,1423,07/07/2024,False
La Reserve Villas,"Tucson, AZ",04102,2x2,943,1402,07/08/2024,False
La Reserve Villas,"Tucson, AZ",04102,2x2,943,1402,07/09/2024,False
La Reserve Villas,"Tucson, AZ",04102,2x2,943,1447,07/10/2024,False
La Reserve Villas,"Tucson, AZ",04102,2x2,943,1440,07/11/2024,False
La Reserve Villas,"Tucson, AZ",04102,2x2,943,1440,07/12/2024,False
La Reserve Villas,"Tucson, AZ",04102,2x2,943,1440,07/13/2024,False
La Reserve Villas,"Tucson, AZ",04102,2x2,943,1440,07/14/2024,False
La Reserve Villas,"Tucson, AZ",04102,2x2,943,1447,07/15/2024,False
La Reserve Villas,"Tucson, AZ",04102,2x2,943,1447,07/16/2024,False
La Reserve Villas,"Tucson, AZ",04102,2x2,943,1447,07/17/2024,False
La Reserve Villas,"Tucson, AZ",04102,2x2,943,1487,07/18/2024,False
La Reserve Villas,"Tucson, AZ",04102,2x2,943,1452,07/19/2024,False
La Reserve Villas,"Tucson, AZ",04102,2x2,943,1452,07/20/2024,False
La Reserve Villas,"Tucson, AZ",04102,2x2,943,1452,07/21/2024,False
La Reserve Villas,"Tucson, AZ",04102,2x2,943,1452,07/22/2024,False
La Reserve Villas,"Tucson, AZ",04102,2x2,943,1452,07/23/2024,False
La Reserve Villas,"Tucson, AZ",04102,2x2,943,1452,07/24/2024,False
La Reserve Villas,"Tucson, AZ",04102,2x2,943,1452,07/25/2024,False
La Reserve Villas,"Tucson, AZ",04102,2x2,943,1452,07/26/2024,False
La Reserve Villas,"Tucson, AZ",04102,2x2,943,1452,07/27/2024,False
La Reserve Villas,"Tucson, AZ",04102,2x2,943,1452,07/28/2024,False
La Reserve Villas,"Tucson, AZ",04102,2x2,943,1452,07/29/2024,False
La Reserve Villas,"Tucson, AZ",04102,2x2,943,1452,07/30/2024,False
La Reserve Villas,"Tucson, AZ",04102,2x2,943,1445,07/31/2024,False
La Reserve Villas,"Tucson, AZ",04102,2x2,943,1445,08/01/2024,False
La Reserve Villas,"Tucson, AZ",04102,2x2,943,1445,08/02/2024,False
La Reserve Villas,"Tucson, AZ",04102,2x2,943,1445,08/03/2024,False
La Reserve Villas,"Tucson, AZ",04102,2x2,943,1445,08/04/2024,False
La Reserve Villas,"Tucson, AZ",04102,2x2,943,1445,08/05/2024,False
La Reserve Villas,"Tucson, AZ",04102,2x2,943,1461,08/06/2024,False
La Reserve Villas,"Tucson, AZ",04102,2x2,943,1478,08/07/2024,False
La Reserve Villas,"Tucson, AZ",04102,2x2,943,1478,08/08/2024,False
La Reserve Villas,"Tucson, AZ",04102,2x2,943,1478,08/09/2024,False
La Reserve Villas,"Tucson, AZ",04102,2x2,943,1446,08/10/2024,False
La Reserve Villas,"Tucson, AZ",04102,2x2,943,1446,08/11/2024,False
La Reserve Villas,"Tucson, AZ",04102,2x2,943,1446,08/12/2024,False
La Reserve Villas,"Tucson, AZ",04102,2x2,943,1446,08/13/2024,False
La Reserve Villas,"Tucson, AZ",04102,2x2,943,1446,08/14/2024,False
La Reserve Villas,"Tucson, AZ",04102,2x2,943,1446,08/15/2024,False
La Reserve Villas,"Tucson, AZ",04102,2x2,943,1446,08/16/2024,False
La Reserve Villas,"Tucson, AZ",04102,2x2,943,1429,08/17/2024,False
La Reserve Villas,"Tucson, AZ",04102,2x2,943,1429,08/18/2024,False
La Reserve Villas,"Tucson, AZ",04102,2x2,943,1429,08/19/2024,False
La Reserve Villas,"Tucson, AZ",04102,2x2,943,1429,08/20/2024,False
La Reserve Villas,"Tucson, AZ",04102,2x2,943,1429,08/21/2024,False
La Reserve Villas,"Tucson, AZ",04102,2x2,943,1445,08/22/2024,False
La Reserve Villas,"Tucson, AZ",04102,2x2,943,1445,08/23/2024,False
La Reserve Villas,"Tucson, AZ",04102,2x2,943,1445,08/24/2024,False
La Reserve Villas,"Tucson, AZ",04102,2x2,943,1445,08/25/2024,False
La Reserve Villas,"Tucson, AZ",04102,2x2,943,1445,08/26/2024,False
La Reserve Villas,"Tucson, AZ",04102,2x2,943,1445,08/27/2024,True
La Reserve Villas,"Tucson, AZ",04106,2x2,957,1642,11/03/2023,False
La Reserve Villas,"Tucson, AZ",04106,2x2,957,1642,11/04/2023,False
La Reserve Villas,"Tucson, AZ",04106,2x2,957,1642,11/05/2023,False
La Reserve Villas,"Tucson, AZ",04106,2x2,957,1642,11/06/2023,False
La Reserve Villas,"Tucson, AZ",04106,2x2,957,1642,11/07/2023,False
La Reserve Villas,"Tucson, AZ",04106,2x2,957,1642,11/08/2023,False
La Reserve Villas,"Tucson, AZ",04106,2x2,957,1642,11/09/2023,False
La Reserve Villas,"Tucson, AZ",04106,2x2,957,1642,11/10/2023,False
La Reserve Villas,"Tucson, AZ",04106,2x2,957,1642,11/11/2023,False
La Reserve Villas,"Tucson, AZ",04106,2x2,957,1642,11/12/2023,False
La Reserve Villas,"Tucson, AZ",04106,2x2,957,1642,11/13/2023,False
La Reserve Villas,"Tucson, AZ",04106,2x2,957,1642,11/14/2023,False
La Reserve Villas,"Tucson, AZ",04106,2x2,957,1642,11/15/2023,False
La Reserve Villas,"Tucson, AZ",04106,2x2,957,1642,11/16/2023,False
La Reserve Villas,"Tucson, AZ",04106,2x2,957,1642,11/17/2023,False
La Reserve Villas,"Tucson, AZ",04106,2x2,957,1642,11/18/2023,False
La Reserve Villas,"Tucson, AZ",04106,2x2,957,1642,11/19/2023,False
La Reserve Villas,"Tucson, AZ",04106,2x2,957,1642,11/20/2023,False
La Reserve Villas,"Tucson, AZ",04106,2x2,957,1594,11/21/2023,False
La Reserve Villas,"Tucson, AZ",04106,2x2,957,1672,11/22/2023,False
La Reserve Villas,"Tucson, AZ",04106,2x2,957,1672,11/23/2023,False
La Reserve Villas,"Tucson, AZ",04106,2x2,957,1672,11/24/2023,False
La Reserve Villas,"Tucson, AZ",04106,2x2,957,1726,11/25/2023,False
La Reserve Villas,"Tucson, AZ",04106,2x2,957,1726,11/26/2023,False
La Reserve Villas,"Tucson, AZ",04106,2x2,957,1726,11/27/2023,False
La Reserve Villas,"Tucson, AZ",04106,2x2,957,1726,11/28/2023,False
La Reserve Villas,"Tucson, AZ",04106,2x2,957,1726,11/29/2023,False
La Reserve Villas,"Tucson, AZ",04106,2x2,957,1642,11/30/2023,False
La Reserve Villas,"Tucson, AZ",04106,2x2,957,1642,12/01/2023,False
La Reserve Villas,"Tucson, AZ",04106,2x2,957,1642,12/02/2023,False
La Reserve Villas,"Tucson, AZ",04106,2x2,957,1642,12/03/2023,False
La Reserve Villas,"Tucson, AZ",04106,2x2,957,1642,12/04/2023,False
La Reserve Villas,"Tucson, AZ",04106,2x2,957,1671,12/05/2023,False
La Reserve Villas,"Tucson, AZ",04106,2x2,957,1671,12/06/2023,False
La Reserve Villas,"Tucson, AZ",04106,2x2,957,1671,12/07/2023,False
La Reserve Villas,"Tucson, AZ",04106,2x2,957,1703,12/08/2023,False
La Reserve Villas,"Tucson, AZ",04106,2x2,957,1786,12/09/2023,False
La Reserve Villas,"Tucson, AZ",04106,2x2,957,1786,12/10/2023,False
La Reserve Villas,"Tucson, AZ",04106,2x2,957,1786,12/11/2023,False
La Reserve Villas,"Tucson, AZ",04106,2x2,957,1701,12/12/2023,False
La Reserve Villas,"Tucson, AZ",04106,2x2,957,1701,12/13/2023,False
La Reserve Villas,"Tucson, AZ",04106,2x2,957,1701,12/14/2023,False
La Reserve Villas,"Tucson, AZ",04106,2x2,957,1712,12/15/2023,False
La Reserve Villas,"Tucson, AZ",04106,2x2,957,1712,12/16/2023,False
La Reserve Villas,"Tucson, AZ",04106,2x2,957,1712,12/17/2023,True
La Reserve Villas,"Tucson, AZ",04201,2x2,957,1484,06/30/2023,False
La Reserve Villas,"Tucson, AZ",04201,2x2,957,1484,07/01/2023,True
La Reserve Villas,"Tucson, AZ",04203,2x2,943,1531,08/04/2023,False
La Reserve Villas,"Tucson, AZ",04203,2x2,943,1531,08/05/2023,False
La Reserve Villas,"Tucson, AZ",04203,2x2,943,1531,08/06/2023,False
La Reserve Villas,"Tucson, AZ",04203,2x2,943,1540,08/07/2023,False
La Reserve Villas,"Tucson, AZ",04203,2x2,943,1550,08/08/2023,False
La Reserve Villas,"Tucson, AZ",04203,2x2,943,1550,08/09/2023,False
La Reserve Villas,"Tucson, AZ",04203,2x2,943,1560,08/10/2023,False
La Reserve Villas,"Tucson, AZ",04203,2x2,943,1570,08/11/2023,False
La Reserve Villas,"Tucson, AZ",04203,2x2,943,1570,08/12/2023,False
La Reserve Villas,"Tucson, AZ",04203,2x2,943,1570,08/13/2023,False
La Reserve Villas,"Tucson, AZ",04203,2x2,943,1570,08/14/2023,False
La Reserve Villas,"Tucson, AZ",04203,2x2,943,1570,08/15/2023,False
La Reserve Villas,"Tucson, AZ",04203,2x2,943,1570,08/16/2023,False
La Reserve Villas,"Tucson, AZ",04203,2x2,943,1570,08/17/2023,False
La Reserve Villas,"Tucson, AZ",04203,2x2,943,1552,08/18/2023,False
La Reserve Villas,"Tucson, AZ",04203,2x2,943,1552,08/19/2023,False
La Reserve Villas,"Tucson, AZ",04203,2x2,943,1552,08/20/2023,False
La Reserve Villas,"Tucson, AZ",04203,2x2,943,1552,08/21/2023,False
La Reserve Villas,"Tucson, AZ",04203,2x2,943,1552,08/22/2023,False
La Reserve Villas,"Tucson, AZ",04203,2x2,943,1552,08/23/2023,False
La Reserve Villas,"Tucson, AZ",04203,2x2,943,1552,08/24/2023,False
La Reserve Villas,"Tucson, AZ",04203,2x2,943,1557,08/25/2023,False
La Reserve Villas,"Tucson, AZ",04203,2x2,943,1517,08/26/2023,False
La Reserve Villas,"Tucson, AZ",04203,2x2,943,1517,08/27/2023,False
La Reserve Villas,"Tucson, AZ",04203,2x2,943,1517,08/28/2023,False
La Reserve Villas,"Tucson, AZ",04203,2x2,943,1517,08/29/2023,False
La Reserve Villas,"Tucson, AZ",04203,2x2,943,1521,08/30/2023,False
La Reserve Villas,"Tucson, AZ",04203,2x2,943,1546,08/31/2023,False
La Reserve Villas,"Tucson, AZ",04203,2x2,943,1546,09/01/2023,False
La Reserve Villas,"Tucson, AZ",04203,2x2,943,1546,09/02/2023,False
La Reserve Villas,"Tucson, AZ",04203,2x2,943,1546,09/03/2023,False
La Reserve Villas,"Tucson, AZ",04203,2x2,943,1546,09/04/2023,False
La Reserve Villas,"Tucson, AZ",04203,2x2,943,1546,09/05/2023,False
La Reserve Villas,"Tucson, AZ",04203,2x2,943,1516,09/06/2023,False
La Reserve Villas,"Tucson, AZ",04203,2x2,943,1516,09/07/2023,False
La Reserve Villas,"Tucson, AZ",04203,2x2,943,1516,09/08/2023,False
La Reserve Villas,"Tucson, AZ",04203,2x2,943,1516,09/09/2023,False
La Reserve Villas,"Tucson, AZ",04203,2x2,943,1516,09/10/2023,False
La Reserve Villas,"Tucson, AZ",04203,2x2,943,1516,09/11/2023,False
La Reserve Villas,"Tucson, AZ",04203,2x2,943,1516,09/12/2023,False
La Reserve Villas,"Tucson, AZ",04203,2x2,943,1516,09/13/2023,False
La Reserve Villas,"Tucson, AZ",04203,2x2,943,1516,09/14/2023,False
La Reserve Villas,"Tucson, AZ",04203,2x2,943,1516,09/15/2023,False
La Reserve Villas,"Tucson, AZ",04203,2x2,943,1516,09/16/2023,False
La Reserve Villas,"Tucson, AZ",04203,2x2,943,1516,09/17/2023,False
La Reserve Villas,"Tucson, AZ",04203,2x2,943,1516,09/18/2023,False
La Reserve Villas,"Tucson, AZ",04203,2x2,943,1516,09/19/2023,False
La Reserve Villas,"Tucson, AZ",04203,2x2,943,1516,09/20/2023,False
La Reserve Villas,"Tucson, AZ",04203,2x2,943,1516,09/21/2023,False
La Reserve Villas,"Tucson, AZ",04203,2x2,943,1521,09/22/2023,False
La Reserve Villas,"Tucson, AZ",04203,2x2,943,1526,09/23/2023,False
La Reserve Villas,"Tucson, AZ",04203,2x2,943,1526,09/24/2023,False
La Reserve Villas,"Tucson, AZ",04203,2x2,943,1526,09/25/2023,False
La Reserve Villas,"Tucson, AZ",04203,2x2,943,1572,09/26/2023,False
La Reserve Villas,"Tucson, AZ",04203,2x2,943,1597,09/27/2023,False
La Reserve Villas,"Tucson, AZ",04203,2x2,943,1597,09/28/2023,False
La Reserve Villas,"Tucson, AZ",04203,2x2,943,1602,09/29/2023,False
La Reserve Villas,"Tucson, AZ",04203,2x2,943,1607,09/30/2023,False
La Reserve Villas,"Tucson, AZ",04203,2x2,943,1607,10/01/2023,False
La Reserve Villas,"Tucson, AZ",04203,2x2,943,1607,10/02/2023,False
La Reserve Villas,"Tucson, AZ",04203,2x2,943,1612,10/03/2023,False
La Reserve Villas,"Tucson, AZ",04203,2x2,943,1617,10/04/2023,False
La Reserve Villas,"Tucson, AZ",04203,2x2,943,1617,10/05/2023,True
La Reserve Villas,"Tucson, AZ",04203,2x2,943,1532,07/04/2024,False
La Reserve Villas,"Tucson, AZ",04203,2x2,943,1532,07/05/2024,False
La Reserve Villas,"Tucson, AZ",04203,2x2,943,1532,07/06/2024,False
La Reserve Villas,"Tucson, AZ",04203,2x2,943,1532,07/07/2024,False
La Reserve Villas,"Tucson, AZ",04203,2x2,943,1509,07/08/2024,False
La Reserve Villas,"Tucson, AZ",04203,2x2,943,1509,07/09/2024,False
La Reserve Villas,"Tucson, AZ",04203,2x2,943,1559,07/10/2024,False
La Reserve Villas,"Tucson, AZ",04203,2x2,943,1551,07/11/2024,False
La Reserve Villas,"Tucson, AZ",04203,2x2,943,1551,07/12/2024,False
La Reserve Villas,"Tucson, AZ",04203,2x2,943,1551,07/13/2024,False
La Reserve Villas,"Tucson, AZ",04203,2x2,943,1551,07/14/2024,False
La Reserve Villas,"Tucson, AZ",04203,2x2,943,1558,07/15/2024,False
La Reserve Villas,"Tucson, AZ",04203,2x2,943,1558,07/16/2024,False
La Reserve Villas,"Tucson, AZ",04203,2x2,943,1558,07/17/2024,False
La Reserve Villas,"Tucson, AZ",04203,2x2,943,1602,07/18/2024,False
La Reserve Villas,"Tucson, AZ",04203,2x2,943,1564,07/19/2024,False
La Reserve Villas,"Tucson, AZ",04203,2x2,943,1564,07/20/2024,False
La Reserve Villas,"Tucson, AZ",04203,2x2,943,1564,07/21/2024,False
La Reserve Villas,"Tucson, AZ",04203,2x2,943,1564,07/22/2024,False
La Reserve Villas,"Tucson, AZ",04203,2x2,943,1564,07/23/2024,False
La Reserve Villas,"Tucson, AZ",04203,2x2,943,1564,07/24/2024,False
La Reserve Villas,"Tucson, AZ",04203,2x2,943,1518,07/25/2024,False
La Reserve Villas,"Tucson, AZ",04203,2x2,943,1518,07/26/2024,False
La Reserve Villas,"Tucson, AZ",04203,2x2,943,1518,07/27/2024,False
La Reserve Villas,"Tucson, AZ",04203,2x2,943,1518,07/28/2024,False
La Reserve Villas,"Tucson, AZ",04203,2x2,943,1564,07/29/2024,False
La Reserve Villas,"Tucson, AZ",04203,2x2,943,1556,07/30/2024,False
La Reserve Villas,"Tucson, AZ",04203,2x2,943,1556,07/31/2024,False
La Reserve Villas,"Tucson, AZ",04203,2x2,943,1556,08/01/2024,False
La Reserve Villas,"Tucson, AZ",04203,2x2,943,1556,08/02/2024,False
La Reserve Villas,"Tucson, AZ",04203,2x2,943,1556,08/03/2024,False
La Reserve Villas,"Tucson, AZ",04203,2x2,943,1556,08/04/2024,False
La Reserve Villas,"Tucson, AZ",04203,2x2,943,1556,08/05/2024,False
La Reserve Villas,"Tucson, AZ",04203,2x2,943,1556,08/06/2024,False
La Reserve Villas,"Tucson, AZ",04203,2x2,943,1575,08/07/2024,False
La Reserve Villas,"Tucson, AZ",04203,2x2,943,1575,08/08/2024,False
La Reserve Villas,"Tucson, AZ",04203,2x2,943,1575,08/09/2024,False
La Reserve Villas,"Tucson, AZ",04203,2x2,943,1540,08/10/2024,False
La Reserve Villas,"Tucson, AZ",04203,2x2,943,1540,08/11/2024,False
La Reserve Villas,"Tucson, AZ",04203,2x2,943,1540,08/12/2024,False
La Reserve Villas,"Tucson, AZ",04203,2x2,943,1540,08/13/2024,False
La Reserve Villas,"Tucson, AZ",04203,2x2,943,1595,08/14/2024,False
La Reserve Villas,"Tucson, AZ",04203,2x2,943,1595,08/15/2024,False
La Reserve Villas,"Tucson, AZ",04203,2x2,943,1595,08/16/2024,False
La Reserve Villas,"Tucson, AZ",04203,2x2,943,1539,08/17/2024,False
La Reserve Villas,"Tucson, AZ",04203,2x2,943,1539,08/18/2024,False
La Reserve Villas,"Tucson, AZ",04203,2x2,943,1552,08/19/2024,False
La Reserve Villas,"Tucson, AZ",04203,2x2,943,1552,08/20/2024,False
La Reserve Villas,"Tucson, AZ",04203,2x2,943,1552,08/21/2024,False
La Reserve Villas,"Tucson, AZ",04203,2x2,943,1594,08/22/2024,False
La Reserve Villas,"Tucson, AZ",04203,2x2,943,1594,08/23/2024,False
La Reserve Villas,"Tucson, AZ",04203,2x2,943,1594,08/24/2024,False
La Reserve Villas,"Tucson, AZ",04203,2x2,943,1594,08/25/2024,False
La Reserve Villas,"Tucson, AZ",04203,2x2,943,1594,08/26/2024,False
La Reserve Villas,"Tucson, AZ",04203,2x2,943,1573,08/27/2024,False
La Reserve Villas,"Tucson, AZ",04203,2x2,943,1573,08/28/2024,False
La Reserve Villas,"Tucson, AZ",04203,2x2,943,1573,08/29/2024,False
La Reserve Villas,"Tucson, AZ",04203,2x2,943,1573,08/30/2024,False
La Reserve Villas,"Tucson, AZ",04203,2x2,943,1573,08/31/2024,False
La Reserve Villas,"Tucson, AZ",04203,2x2,943,1573,09/01/2024,False
La Reserve Villas,"Tucson, AZ",04203,2x2,943,1573,09/02/2024,False
La Reserve Villas,"Tucson, AZ",04203,2x2,943,1552,09/03/2024,False
La Reserve Villas,"Tucson, AZ",04203,2x2,943,1627,09/04/2024,False
La Reserve Villas,"Tucson, AZ",04203,2x2,943,1630,09/05/2024,False
La Reserve Villas,"Tucson, AZ",04203,2x2,943,1630,09/06/2024,False
La Reserve Villas,"Tucson, AZ",04203,2x2,943,1630,09/07/2024,False
La Reserve Villas,"Tucson, AZ",04203,2x2,943,1630,09/08/2024,False
La Reserve Villas,"Tucson, AZ",04203,2x2,943,1630,09/09/2024,False
La Reserve Villas,"Tucson, AZ",04203,2x2,943,1630,09/10/2024,False
La Reserve Villas,"Tucson, AZ",04203,2x2,943,1583,09/11/2024,False
La Reserve Villas,"Tucson, AZ",04203,2x2,943,1583,09/12/2024,False
La Reserve Villas,"Tucson, AZ",04203,2x2,943,1583,09/13/2024,False
La Reserve Villas,"Tucson, AZ",04203,2x2,943,1552,09/14/2024,False
La Reserve Villas,"Tucson, AZ",04203,2x2,943,1552,09/15/2024,False
La Reserve Villas,"Tucson, AZ",04203,2x2,943,1552,09/16/2024,False
La Reserve Villas,"Tucson, AZ",04203,2x2,943,1552,09/17/2024,False
La Reserve Villas,"Tucson, AZ",04203,2x2,943,1552,09/18/2024,False
La Reserve Villas,"Tucson, AZ",04203,2x2,943,1552,09/19/2024,False
La Reserve Villas,"Tucson, AZ",04203,2x2,943,1552,09/20/2024,False
La Reserve Villas,"Tucson, AZ",04203,2x2,943,1552,09/21/2024,False
La Reserve Villas,"Tucson, AZ",04203,2x2,943,1552,09/22/2024,False
La Reserve Villas,"Tucson, AZ",04203,2x2,943,1552,09/23/2024,False
La Reserve Villas,"Tucson, AZ",04203,2x2,943,1552,09/24/2024,False
La Reserve Villas,"Tucson, AZ",04203,2x2,943,1565,09/25/2024,False
La Reserve Villas,"Tucson, AZ",04203,2x2,943,1587,09/26/2024,False
La Reserve Villas,"Tucson, AZ",04203,2x2,943,1565,09/27/2024,False
La Reserve Villas,"Tucson, AZ",04203,2x2,943,1587,09/28/2024,False
La Reserve Villas,"Tucson, AZ",04203,2x2,943,1587,09/29/2024,False
La Reserve Villas,"Tucson, AZ",04203,2x2,943,1587,09/30/2024,False
La Reserve Villas,"Tucson, AZ",04203,2x2,943,1587,10/01/2024,False
La Reserve Villas,"Tucson, AZ",04203,2x2,943,1599,10/02/2024,False
La Reserve Villas,"Tucson, AZ",04203,2x2,943,1594,10/03/2024,False
La Reserve Villas,"Tucson, AZ",04203,2x2,943,1594,10/04/2024,False
La Reserve Villas,"Tucson, AZ",04203,2x2,943,1594,10/05/2024,False
La Reserve Villas,"Tucson, AZ",04203,2x2,943,1587,10/06/2024,False
La Reserve Villas,"Tucson, AZ",04203,2x2,943,1594,10/07/2024,False
La Reserve Villas,"Tucson, AZ",04203,2x2,943,1604,10/08/2024,False
La Reserve Villas,"Tucson, AZ",04203,2x2,943,1604,10/09/2024,False
La Reserve Villas,"Tucson, AZ",04203,2x2,943,1604,10/10/2024,False
La Reserve Villas,"Tucson, AZ",04203,2x2,943,1604,10/11/2024,False
La Reserve Villas,"Tucson, AZ",04203,2x2,943,1604,10/12/2024,False
La Reserve Villas,"Tucson, AZ",04203,2x2,943,1604,10/13/2024,False
La Reserve Villas,"Tucson, AZ",04203,2x2,943,1604,10/14/2024,False
La Reserve Villas,"Tucson, AZ",04203,2x2,943,1589,10/15/2024,False
La Reserve Villas,"Tucson, AZ",04203,2x2,943,1585,10/16/2024,False
La Reserve Villas,"Tucson, AZ",04203,2x2,943,1580,10/17/2024,False
La Reserve Villas,"Tucson, AZ",04203,2x2,943,1580,10/18/2024,False
La Reserve Villas,"Tucson, AZ",04203,2x2,943,1561,10/19/2024,False
La Reserve Villas,"Tucson, AZ",04203,2x2,943,1556,10/20/2024,False
La Reserve Villas,"Tucson, AZ",04203,2x2,943,1551,10/21/2024,False
La Reserve Villas,"Tucson, AZ",04203,2x2,943,1557,10/22/2024,False
La Reserve Villas,"Tucson, AZ",04203,2x2,943,1553,10/23/2024,False
La Reserve Villas,"Tucson, AZ",04203,2x2,943,1549,10/24/2024,False
La Reserve Villas,"Tucson, AZ",04203,2x2,943,1536,10/25/2024,False
La Reserve Villas,"Tucson, AZ",04203,2x2,943,1539,10/26/2024,False
La Reserve Villas,"Tucson, AZ",04203,2x2,943,1528,10/27/2024,False
La Reserve Villas,"Tucson, AZ",04203,2x2,943,1524,10/28/2024,False
La Reserve Villas,"Tucson, AZ",04203,2x2,943,1524,10/29/2024,False
La Reserve Villas,"Tucson, AZ",04203,2x2,943,1517,10/30/2024,False
La Reserve Villas,"Tucson, AZ",04203,2x2,943,1513,10/31/2024,False
La Reserve Villas,"Tucson, AZ",04203,2x2,943,1509,11/01/2024,False
La Reserve Villas,"Tucson, AZ",04203,2x2,943,1506,11/02/2024,False
La Reserve Villas,"Tucson, AZ",04203,2x2,943,1506,11/03/2024,False
La Reserve Villas,"Tucson, AZ",04203,2x2,943,1497,11/04/2024,False
La Reserve Villas,"Tucson, AZ",04203,2x2,943,1492,11/05/2024,False
La Reserve Villas,"Tucson, AZ",04203,2x2,943,1472,11/06/2024,False
La Reserve Villas,"Tucson, AZ",04203,2x2,943,1467,11/07/2024,False
La Reserve Villas,"Tucson, AZ",04203,2x2,943,1448,11/08/2024,False
La Reserve Villas,"Tucson, AZ",04203,2x2,943,1448,11/09/2024,True
La Reserve Villas,"Tucson, AZ",05103,2x2,943,1484,06/30/2023,False
La Reserve Villas,"Tucson, AZ",05103,2x2,943,1484,07/01/2023,False
La Reserve Villas,"Tucson, AZ",05103,2x2,943,1484,07/02/2023,False
La Reserve Villas,"Tucson, AZ",05103,2x2,943,1484,07/03/2023,False
La Reserve Villas,"Tucson, AZ",05103,2x2,943,1484,07/04/2023,False
La Reserve Villas,"Tucson, AZ",05103,2x2,943,1484,07/05/2023,False
La Reserve Villas,"Tucson, AZ",05103,2x2,943,1484,07/06/2023,False
La Reserve Villas,"Tucson, AZ",05103,2x2,943,1489,07/07/2023,False
La Reserve Villas,"Tucson, AZ",05103,2x2,943,1489,07/08/2023,False
La Reserve Villas,"Tucson, AZ",05103,2x2,943,1489,07/09/2023,False
La Reserve Villas,"Tucson, AZ",05103,2x2,943,1489,07/10/2023,False
La Reserve Villas,"Tucson, AZ",05103,2x2,943,1497,07/11/2023,False
La Reserve Villas,"Tucson, AZ",05103,2x2,943,1497,07/12/2023,False
La Reserve Villas,"Tucson, AZ",05103,2x2,943,1522,07/13/2023,False
La Reserve Villas,"Tucson, AZ",05103,2x2,943,1527,07/14/2023,False
La Reserve Villas,"Tucson, AZ",05103,2x2,943,1527,07/15/2023,False
La Reserve Villas,"Tucson, AZ",05103,2x2,943,1527,07/16/2023,False
La Reserve Villas,"Tucson, AZ",05103,2x2,943,1527,07/17/2023,False
La Reserve Villas,"Tucson, AZ",05103,2x2,943,1527,07/18/2023,True
La Reserve Villas,"Tucson, AZ",05104,2x2,943,1523,05/14/2024,False
La Reserve Villas,"Tucson, AZ",05104,2x2,943,1523,05/15/2024,False
La Reserve Villas,"Tucson, AZ",05104,2x2,943,1523,05/16/2024,False
La Reserve Villas,"Tucson, AZ",05104,2x2,943,1523,05/17/2024,False
La Reserve Villas,"Tucson, AZ",05104,2x2,943,1523,05/18/2024,False
La Reserve Villas,"Tucson, AZ",05104,2x2,943,1523,05/19/2024,False
La Reserve Villas,"Tucson, AZ",05104,2x2,943,1523,05/20/2024,False
La Reserve Villas,"Tucson, AZ",05104,2x2,943,1523,05/21/2024,False
La Reserve Villas,"Tucson, AZ",05104,2x2,943,1523,05/22/2024,False
La Reserve Villas,"Tucson, AZ",05104,2x2,943,1523,05/23/2024,False
La Reserve Villas,"Tucson, AZ",05104,2x2,943,1523,05/24/2024,False
La Reserve Villas,"Tucson, AZ",05104,2x2,943,1523,05/25/2024,False
La Reserve Villas,"Tucson, AZ",05104,2x2,943,1523,05/26/2024,False
La Reserve Villas,"Tucson, AZ",05104,2x2,943,1523,05/27/2024,False
La Reserve Villas,"Tucson, AZ",05104,2x2,943,1523,05/28/2024,False
La Reserve Villas,"Tucson, AZ",05104,2x2,943,1523,05/29/2024,False
La Reserve Villas,"Tucson, AZ",05104,2x2,943,1523,05/30/2024,True
La Reserve Villas,"Tucson, AZ",05105,2x2,943,1629,12/24/2024,False
La Reserve Villas,"Tucson, AZ",05105,2x2,943,1629,12/25/2024,False
La Reserve Villas,"Tucson, AZ",05105,2x2,943,1629,12/26/2024,False
La Reserve Villas,"Tucson, AZ",05105,2x2,943,1629,12/27/2024,False
La Reserve Villas,"Tucson, AZ",05105,2x2,943,1629,12/28/2024,False
La Reserve Villas,"Tucson, AZ",05105,2x2,943,1629,12/29/2024,False
La Reserve Villas,"Tucson, AZ",05105,2x2,943,1629,12/30/2024,False
La Reserve Villas,"Tucson, AZ",05105,2x2,943,1629,12/31/2024,False
La Reserve Villas,"Tucson, AZ",05105,2x2,943,1629,01/01/2025,False
La Reserve Villas,"Tucson, AZ",05105,2x2,943,1629,01/02/2025,False
La Reserve Villas,"Tucson, AZ",05105,2x2,943,1629,01/03/2025,False
La Reserve Villas,"Tucson, AZ",05105,2x2,943,1629,01/04/2025,False
La Reserve Villas,"Tucson, AZ",05105,2x2,943,1629,01/05/2025,False
La Reserve Villas,"Tucson, AZ",05105,2x2,943,1629,01/06/2025,False
La Reserve Villas,"Tucson, AZ",05105,2x2,943,1629,01/07/2025,False
La Reserve Villas,"Tucson, AZ",05105,2x2,943,1609,01/08/2025,False
La Reserve Villas,"Tucson, AZ",05105,2x2,943,1609,01/09/2025,False
La Reserve Villas,"Tucson, AZ",05105,2x2,943,1609,01/10/2025,False
La Reserve Villas,"Tucson, AZ",05105,2x2,943,1609,01/11/2025,False
La Reserve Villas,"Tucson, AZ",05105,2x2,943,1609,01/12/2025,False
La Reserve Villas,"Tucson, AZ",05105,2x2,943,1609,01/13/2025,False
La Reserve Villas,"Tucson, AZ",05105,2x2,943,1609,01/14/2025,False
La Reserve Villas,"Tucson, AZ",05105,2x2,943,1609,01/15/2025,False
La Reserve Villas,"Tucson, AZ",05105,2x2,943,1609,01/16/2025,False
La Reserve Villas,"Tucson, AZ",05105,2x2,943,1609,01/17/2025,False
La Reserve Villas,"Tucson, AZ",05105,2x2,943,1609,01/18/2025,False
La Reserve Villas,"Tucson, AZ",05105,2x2,943,1609,01/19/2025,False
La Reserve Villas,"Tucson, AZ",05105,2x2,943,1609,01/20/2025,False
La Reserve Villas,"Tucson, AZ",05105,2x2,943,1609,01/21/2025,False
La Reserve Villas,"Tucson, AZ",05105,2x2,943,1609,01/22/2025,False
La Reserve Villas,"Tucson, AZ",05105,2x2,943,1609,01/23/2025,False
La Reserve Villas,"Tucson, AZ",05105,2x2,943,1579,01/24/2025,False
La Reserve Villas,"Tucson, AZ",05105,2x2,943,1579,01/25/2025,False
La Reserve Villas,"Tucson, AZ",05105,2x2,943,1579,01/26/2025,False
La Reserve Villas,"Tucson, AZ",05105,2x2,943,1579,01/27/2025,False
La Reserve Villas,"Tucson, AZ",05105,2x2,943,1579,01/28/2025,False
La Reserve Villas,"Tucson, AZ",05105,2x2,943,1579,01/29/2025,False
La Reserve Villas,"Tucson, AZ",05105,2x2,943,1579,01/30/2025,False
La Reserve Villas,"Tucson, AZ",05105,2x2,943,1579,01/31/2025,False
La Reserve Villas,"Tucson, AZ",05105,2x2,943,1579,02/01/2025,False
La Reserve Villas,"Tucson, AZ",05105,2x2,943,1579,02/02/2025,False
La Reserve Villas,"Tucson, AZ",05105,2x2,943,1579,02/03/2025,False
La Reserve Villas,"Tucson, AZ",05105,2x2,943,1579,02/04/2025,False
La Reserve Villas,"Tucson, AZ",05105,2x2,943,1579,02/05/2025,False
La Reserve Villas,"Tucson, AZ",05105,2x2,943,1579,02/06/2025,False
La Reserve Villas,"Tucson, AZ",05105,2x2,943,1579,02/07/2025,False
La Reserve Villas,"Tucson, AZ",05105,2x2,943,1579,02/08/2025,False
La Reserve Villas,"Tucson, AZ",05105,2x2,943,1579,02/09/2025,False
La Reserve Villas,"Tucson, AZ",05105,2x2,943,1579,02/10/2025,False
La Reserve Villas,"Tucson, AZ",05105,2x2,943,1579,02/11/2025,False
La Reserve Villas,"Tucson, AZ",05105,2x2,943,1579,02/12/2025,False
La Reserve Villas,"Tucson, AZ",05105,2x2,943,1579,02/13/2025,False
La Reserve Villas,"Tucson, AZ",05105,2x2,943,1579,02/14/2025,False
La Reserve Villas,"Tucson, AZ",05105,2x2,943,1579,02/15/2025,False
La Reserve Villas,"Tucson, AZ",05105,2x2,943,1579,02/16/2025,False
La Reserve Villas,"Tucson, AZ",05105,2x2,943,1579,02/17/2025,False
La Reserve Villas,"Tucson, AZ",05105,2x2,943,1579,02/18/2025,False
La Reserve Villas,"Tucson, AZ",05105,2x2,943,1582,02/19/2025,False
La Reserve Villas,"Tucson, AZ",05105,2x2,943,1562,02/20/2025,False
La Reserve Villas,"Tucson, AZ",05105,2x2,943,1562,02/21/2025,False
La Reserve Villas,"Tucson, AZ",05105,2x2,943,1562,02/22/2025,False
La Reserve Villas,"Tucson, AZ",05105,2x2,943,1562,02/23/2025,False
La Reserve Villas,"Tucson, AZ",05105,2x2,943,1562,02/24/2025,False
La Reserve Villas,"Tucson, AZ",05105,2x2,943,1562,02/25/2025,False
La Reserve Villas,"Tucson, AZ",05105,2x2,943,1562,02/26/2025,False
La Reserve Villas,"Tucson, AZ",05105,2x2,943,1562,02/27/2025,False
La Reserve Villas,"Tucson, AZ",05105,2x2,943,1536,02/28/2025,False
La Reserve Villas,"Tucson, AZ",05105,2x2,943,1536,03/01/2025,False
La Reserve Villas,"Tucson, AZ",05105,2x2,943,1536,03/02/2025,False
La Reserve Villas,"Tucson, AZ",05105,2x2,943,1536,03/03/2025,False
La Reserve Villas,"Tucson, AZ",05105,2x2,943,1536,03/04/2025,False
La Reserve Villas,"Tucson, AZ",05105,2x2,943,1536,03/05/2025,False
La Reserve Villas,"Tucson, AZ",05105,2x2,943,1536,03/06/2025,False
La Reserve Villas,"Tucson, AZ",05105,2x2,943,1536,03/07/2025,True
La Reserve Villas,"Tucson, AZ",05201,2x2,957,1625,03/07/2024,False
La Reserve Villas,"Tucson, AZ",05201,2x2,957,1625,03/08/2024,False
La Reserve Villas,"Tucson, AZ",05201,2x2,957,1625,03/09/2024,False
La Reserve Villas,"Tucson, AZ",05201,2x2,957,1625,03/10/2024,False
La Reserve Villas,"Tucson, AZ",05201,2x2,957,1625,03/11/2024,False
La Reserve Villas,"Tucson, AZ",05201,2x2,957,1625,03/12/2024,False
La Reserve Villas,"Tucson, AZ",05201,2x2,957,1625,03/13/2024,False
La Reserve Villas,"Tucson, AZ",05201,2x2,957,1547,03/14/2024,False
La Reserve Villas,"Tucson, AZ",05201,2x2,957,1547,03/15/2024,True
La Reserve Villas,"Tucson, AZ",05201,2x2,957,1561,03/08/2025,False
La Reserve Villas,"Tucson, AZ",05201,2x2,957,1561,03/09/2025,False
La Reserve Villas,"Tucson, AZ",05201,2x2,957,1561,03/10/2025,False
La Reserve Villas,"Tucson, AZ",05201,2x2,957,1561,03/11/2025,False
La Reserve Villas,"Tucson, AZ",05201,2x2,957,1561,03/12/2025,False
La Reserve Villas,"Tucson, AZ",05201,2x2,957,1561,03/13/2025,False
La Reserve Villas,"Tucson, AZ",05201,2x2,957,1561,03/14/2025,False
La Reserve Villas,"Tucson, AZ",05201,2x2,957,1561,03/15/2025,False
La Reserve Villas,"Tucson, AZ",05201,2x2,957,1561,03/16/2025,False
La Reserve Villas,"Tucson, AZ",05201,2x2,957,1561,03/17/2025,False
La Reserve Villas,"Tucson, AZ",05201,2x2,957,1561,03/18/2025,False
La Reserve Villas,"Tucson, AZ",05201,2x2,957,1561,03/19/2025,False
La Reserve Villas,"Tucson, AZ",05201,2x2,957,1561,03/20/2025,False
La Reserve Villas,"Tucson, AZ",05201,2x2,957,1561,03/21/2025,False
La Reserve Villas,"Tucson, AZ",05201,2x2,957,1535,03/22/2025,False
La Reserve Villas,"Tucson, AZ",05201,2x2,957,1535,03/23/2025,False
La Reserve Villas,"Tucson, AZ",05201,2x2,957,1535,03/24/2025,False
La Reserve Villas,"Tucson, AZ",05201,2x2,957,1535,03/25/2025,False
La Reserve Villas,"Tucson, AZ",05201,2x2,957,1535,03/26/2025,False
La Reserve Villas,"Tucson, AZ",05201,2x2,957,1535,03/27/2025,False
La Reserve Villas,"Tucson, AZ",05201,2x2,957,1535,03/28/2025,False
La Reserve Villas,"Tucson, AZ",05201,2x2,957,1535,03/29/2025,False
La Reserve Villas,"Tucson, AZ",05201,2x2,957,1535,03/30/2025,False
La Reserve Villas,"Tucson, AZ",05201,2x2,957,1535,03/31/2025,False
La Reserve Villas,"Tucson, AZ",05201,2x2,957,1535,04/01/2025,False
La Reserve Villas,"Tucson, AZ",05201,2x2,957,1535,04/02/2025,False
La Reserve Villas,"Tucson, AZ",05201,2x2,957,1535,04/03/2025,False
La Reserve Villas,"Tucson, AZ",05201,2x2,957,1535,04/04/2025,False
La Reserve Villas,"Tucson, AZ",05201,2x2,957,1535,04/05/2025,False
La Reserve Villas,"Tucson, AZ",05201,2x2,957,1535,04/06/2025,False
La Reserve Villas,"Tucson, AZ",05201,2x2,957,1535,04/07/2025,False
La Reserve Villas,"Tucson, AZ",05201,2x2,957,1535,04/08/2025,False
La Reserve Villas,"Tucson, AZ",05201,2x2,957,1535,04/09/2025,False
La Reserve Villas,"Tucson, AZ",05201,2x2,957,1535,04/10/2025,False
La Reserve Villas,"Tucson, AZ",05201,2x2,957,1535,04/11/2025,False
La Reserve Villas,"Tucson, AZ",05201,2x2,957,1535,04/12/2025,False
La Reserve Villas,"Tucson, AZ",05201,2x2,957,1535,04/13/2025,False
La Reserve Villas,"Tucson, AZ",05201,2x2,957,1535,04/14/2025,False
La Reserve Villas,"Tucson, AZ",05201,2x2,957,1535,04/15/2025,False
La Reserve Villas,"Tucson, AZ",05201,2x2,957,1535,04/16/2025,False
La Reserve Villas,"Tucson, AZ",05201,2x2,957,1535,04/17/2025,False
La Reserve Villas,"Tucson, AZ",05201,2x2,957,1535,04/18/2025,False
La Reserve Villas,"Tucson, AZ",05201,2x2,957,1535,04/19/2025,False
La Reserve Villas,"Tucson, AZ",05201,2x2,957,1535,04/20/2025,False
La Reserve Villas,"Tucson, AZ",05201,2x2,957,1535,04/21/2025,False
La Reserve Villas,"Tucson, AZ",05201,2x2,957,1535,04/22/2025,False
La Reserve Villas,"Tucson, AZ",05201,2x2,957,1535,04/23/2025,False
La Reserve Villas,"Tucson, AZ",05201,2x2,957,1535,04/24/2025,False
La Reserve Villas,"Tucson, AZ",05201,2x2,957,1540,04/25/2025,False
La Reserve Villas,"Tucson, AZ",05201,2x2,957,1540,04/26/2025,False
La Reserve Villas,"Tucson, AZ",05201,2x2,957,1540,04/27/2025,True
La Reserve Villas,"Tucson, AZ",05203,2x2,943,1520,04/17/2025,False
La Reserve Villas,"Tucson, AZ",05203,2x2,943,1520,04/18/2025,False
La Reserve Villas,"Tucson, AZ",05203,2x2,943,1520,04/19/2025,False
La Reserve Villas,"Tucson, AZ",05203,2x2,943,1520,04/20/2025,False
La Reserve Villas,"Tucson, AZ",05203,2x2,943,1520,04/21/2025,False
La Reserve Villas,"Tucson, AZ",05203,2x2,943,1520,04/22/2025,False
La Reserve Villas,"Tucson, AZ",05203,2x2,943,1520,04/23/2025,False
La Reserve Villas,"Tucson, AZ",05203,2x2,943,1520,04/24/2025,False
La Reserve Villas,"Tucson, AZ",05203,2x2,943,1525,04/25/2025,False
La Reserve Villas,"Tucson, AZ",05203,2x2,943,1525,04/26/2025,False
La Reserve Villas,"Tucson, AZ",05203,2x2,943,1525,04/27/2025,True
La Reserve Villas,"Tucson, AZ",06106,2x2,957,1609,04/09/2024,False
La Reserve Villas,"Tucson, AZ",06106,2x2,957,1609,04/10/2024,False
La Reserve Villas,"Tucson, AZ",06106,2x2,957,1623,04/11/2024,False
La Reserve Villas,"Tucson, AZ",06106,2x2,957,1640,04/12/2024,False
La Reserve Villas,"Tucson, AZ",06106,2x2,957,1623,04/13/2024,False
La Reserve Villas,"Tucson, AZ",06106,2x2,957,1623,04/14/2024,False
La Reserve Villas,"Tucson, AZ",06106,2x2,957,1623,04/15/2024,False
La Reserve Villas,"Tucson, AZ",06106,2x2,957,1623,04/16/2024,False
La Reserve Villas,"Tucson, AZ",06106,2x2,957,1545,04/17/2024,False
La Reserve Villas,"Tucson, AZ",06106,2x2,957,1549,04/18/2024,False
La Reserve Villas,"Tucson, AZ",06106,2x2,957,1593,04/19/2024,False
La Reserve Villas,"Tucson, AZ",06106,2x2,957,1593,04/20/2024,False
La Reserve Villas,"Tucson, AZ",06106,2x2,957,1593,04/21/2024,False
La Reserve Villas,"Tucson, AZ",06106,2x2,957,1593,04/22/2024,False
La Reserve Villas,"Tucson, AZ",06106,2x2,957,1593,04/23/2024,True
La Reserve Villas,"Tucson, AZ",06201,2x2,957,1643,02/02/2024,False
La Reserve Villas,"Tucson, AZ",06201,2x2,957,1628,02/03/2024,False
La Reserve Villas,"Tucson, AZ",06201,2x2,957,1628,02/04/2024,False
La Reserve Villas,"Tucson, AZ",06201,2x2,957,1628,02/05/2024,False
La Reserve Villas,"Tucson, AZ",06201,2x2,957,1628,02/06/2024,False
La Reserve Villas,"Tucson, AZ",06201,2x2,957,1628,02/07/2024,False
La Reserve Villas,"Tucson, AZ",06201,2x2,957,1628,02/08/2024,False
La Reserve Villas,"Tucson, AZ",06201,2x2,957,1628,02/09/2024,False
La Reserve Villas,"Tucson, AZ",06201,2x2,957,1628,02/10/2024,False
La Reserve Villas,"Tucson, AZ",06201,2x2,957,1628,02/11/2024,False
La Reserve Villas,"Tucson, AZ",06201,2x2,957,1628,02/12/2024,False
La Reserve Villas,"Tucson, AZ",06201,2x2,957,1628,02/13/2024,False
La Reserve Villas,"Tucson, AZ",06201,2x2,957,1603,02/14/2024,False
La Reserve Villas,"Tucson, AZ",06201,2x2,957,1603,02/15/2024,False
La Reserve Villas,"Tucson, AZ",06201,2x2,957,1603,02/16/2024,False
La Reserve Villas,"Tucson, AZ",06201,2x2,957,1603,02/17/2024,False
La Reserve Villas,"Tucson, AZ",06201,2x2,957,1553,02/18/2024,False
La Reserve Villas,"Tucson, AZ",06201,2x2,957,1553,02/19/2024,False
La Reserve Villas,"Tucson, AZ",06201,2x2,957,1553,02/20/2024,False
La Reserve Villas,"Tucson, AZ",06201,2x2,957,1553,02/21/2024,False
La Reserve Villas,"Tucson, AZ",06201,2x2,957,1553,02/22/2024,False
La Reserve Villas,"Tucson, AZ",06201,2x2,957,1577,02/23/2024,False
La Reserve Villas,"Tucson, AZ",06201,2x2,957,1577,02/24/2024,False
La Reserve Villas,"Tucson, AZ",06201,2x2,957,1577,02/25/2024,False
La Reserve Villas,"Tucson, AZ",06201,2x2,957,1627,02/26/2024,False
La Reserve Villas,"Tucson, AZ",06201,2x2,957,1577,02/27/2024,False
La Reserve Villas,"Tucson, AZ",06201,2x2,957,1577,02/28/2024,False
La Reserve Villas,"Tucson, AZ",06201,2x2,957,1627,02/29/2024,False
La Reserve Villas,"Tucson, AZ",06201,2x2,957,1627,03/01/2024,False
La Reserve Villas,"Tucson, AZ",06201,2x2,957,1576,03/02/2024,False
La Reserve Villas,"Tucson, AZ",06201,2x2,957,1576,03/03/2024,False
La Reserve Villas,"Tucson, AZ",06201,2x2,957,1576,03/04/2024,False
La Reserve Villas,"Tucson, AZ",06201,2x2,957,1653,03/05/2024,False
La Reserve Villas,"Tucson, AZ",06201,2x2,957,1596,03/06/2024,False
La Reserve Villas,"Tucson, AZ",06201,2x2,957,1604,03/07/2024,False
La Reserve Villas,"Tucson, AZ",06201,2x2,957,1604,03/08/2024,False
La Reserve Villas,"Tucson, AZ",06201,2x2,957,1604,03/09/2024,False
La Reserve Villas,"Tucson, AZ",06201,2x2,957,1604,03/10/2024,False
La Reserve Villas,"Tucson, AZ",06201,2x2,957,1604,03/11/2024,False
La Reserve Villas,"Tucson, AZ",06201,2x2,957,1604,03/12/2024,False
La Reserve Villas,"Tucson, AZ",06201,2x2,957,1604,03/13/2024,False
La Reserve Villas,"Tucson, AZ",06201,2x2,957,1526,03/14/2024,False
La Reserve Villas,"Tucson, AZ",06201,2x2,957,1526,03/15/2024,False
La Reserve Villas,"Tucson, AZ",06201,2x2,957,1601,03/16/2024,False
La Reserve Villas,"Tucson, AZ",06201,2x2,957,1601,03/17/2024,False
La Reserve Villas,"Tucson, AZ",06201,2x2,957,1601,03/18/2024,False
La Reserve Villas,"Tucson, AZ",06201,2x2,957,1601,03/19/2024,False
La Reserve Villas,"Tucson, AZ",06201,2x2,957,1541,03/20/2024,False
La Reserve Villas,"Tucson, AZ",06201,2x2,957,1616,03/21/2024,False
La Reserve Villas,"Tucson, AZ",06201,2x2,957,1616,03/22/2024,False
La Reserve Villas,"Tucson, AZ",06201,2x2,957,1616,03/23/2024,False
La Reserve Villas,"Tucson, AZ",06201,2x2,957,1616,03/24/2024,False
La Reserve Villas,"Tucson, AZ",06201,2x2,957,1647,03/25/2024,False
La Reserve Villas,"Tucson, AZ",06201,2x2,957,1647,03/26/2024,False
La Reserve Villas,"Tucson, AZ",06201,2x2,957,1647,03/27/2024,False
La Reserve Villas,"Tucson, AZ",06201,2x2,957,1647,03/28/2024,False
La Reserve Villas,"Tucson, AZ",06201,2x2,957,1647,03/29/2024,False
La Reserve Villas,"Tucson, AZ",06201,2x2,957,1647,03/30/2024,False
La Reserve Villas,"Tucson, AZ",06201,2x2,957,1647,03/31/2024,False
La Reserve Villas,"Tucson, AZ",06201,2x2,957,1647,04/01/2024,False
La Reserve Villas,"Tucson, AZ",06201,2x2,957,1647,04/02/2024,False
La Reserve Villas,"Tucson, AZ",06201,2x2,957,1646,04/03/2024,False
La Reserve Villas,"Tucson, AZ",06201,2x2,957,1646,04/04/2024,False
La Reserve Villas,"Tucson, AZ",06201,2x2,957,1646,04/05/2024,False
La Reserve Villas,"Tucson, AZ",06201,2x2,957,1564,04/06/2024,False
La Reserve Villas,"Tucson, AZ",06201,2x2,957,1564,04/07/2024,False
La Reserve Villas,"Tucson, AZ",06201,2x2,957,1564,04/08/2024,True
La Reserve Villas,"Tucson, AZ",06203,2x2,943,1634,01/21/2025,False
La Reserve Villas,"Tucson, AZ",06203,2x2,943,1634,01/22/2025,False
La Reserve Villas,"Tucson, AZ",06203,2x2,943,1634,01/23/2025,False
La Reserve Villas,"Tucson, AZ",06203,2x2,943,1604,01/24/2025,False
La Reserve Villas,"Tucson, AZ",06203,2x2,943,1604,01/25/2025,False
La Reserve Villas,"Tucson, AZ",06203,2x2,943,1604,01/26/2025,False
La Reserve Villas,"Tucson, AZ",06203,2x2,943,1604,01/27/2025,False
La Reserve Villas,"Tucson, AZ",06203,2x2,943,1604,01/28/2025,False
La Reserve Villas,"Tucson, AZ",06203,2x2,943,1604,01/29/2025,False
La Reserve Villas,"Tucson, AZ",06203,2x2,943,1604,01/30/2025,False
La Reserve Villas,"Tucson, AZ",06203,2x2,943,1604,01/31/2025,False
La Reserve Villas,"Tucson, AZ",06203,2x2,943,1604,02/01/2025,False
La Reserve Villas,"Tucson, AZ",06203,2x2,943,1604,02/02/2025,False
La Reserve Villas,"Tucson, AZ",06203,2x2,943,1616,02/03/2025,False
La Reserve Villas,"Tucson, AZ",06203,2x2,943,1616,02/04/2025,False
La Reserve Villas,"Tucson, AZ",06203,2x2,943,1616,02/05/2025,False
La Reserve Villas,"Tucson, AZ",06203,2x2,943,1604,02/06/2025,False
La Reserve Villas,"Tucson, AZ",06203,2x2,943,1616,02/07/2025,False
La Reserve Villas,"Tucson, AZ",06203,2x2,943,1604,02/08/2025,False
La Reserve Villas,"Tucson, AZ",06203,2x2,943,1604,02/09/2025,False
La Reserve Villas,"Tucson, AZ",06203,2x2,943,1604,02/10/2025,False
La Reserve Villas,"Tucson, AZ",06203,2x2,943,1604,02/11/2025,False
La Reserve Villas,"Tucson, AZ",06203,2x2,943,1604,02/12/2025,False
La Reserve Villas,"Tucson, AZ",06203,2x2,943,1604,02/13/2025,False
La Reserve Villas,"Tucson, AZ",06203,2x2,943,1604,02/14/2025,False
La Reserve Villas,"Tucson, AZ",06203,2x2,943,1604,02/15/2025,False
La Reserve Villas,"Tucson, AZ",06203,2x2,943,1604,02/16/2025,False
La Reserve Villas,"Tucson, AZ",06203,2x2,943,1604,02/17/2025,False
La Reserve Villas,"Tucson, AZ",06203,2x2,943,1604,02/18/2025,False
La Reserve Villas,"Tucson, AZ",06203,2x2,943,1607,02/19/2025,False
La Reserve Villas,"Tucson, AZ",06203,2x2,943,1587,02/20/2025,False
La Reserve Villas,"Tucson, AZ",06203,2x2,943,1587,02/21/2025,False
La Reserve Villas,"Tucson, AZ",06203,2x2,943,1587,02/22/2025,False
La Reserve Villas,"Tucson, AZ",06203,2x2,943,1587,02/23/2025,False
La Reserve Villas,"Tucson, AZ",06203,2x2,943,1587,02/24/2025,False
La Reserve Villas,"Tucson, AZ",06203,2x2,943,1587,02/25/2025,False
La Reserve Villas,"Tucson, AZ",06203,2x2,943,1587,02/26/2025,False
La Reserve Villas,"Tucson, AZ",06203,2x2,943,1587,02/27/2025,False
La Reserve Villas,"Tucson, AZ",06203,2x2,943,1557,02/28/2025,False
La Reserve Villas,"Tucson, AZ",06203,2x2,943,1552,03/01/2025,False
La Reserve Villas,"Tucson, AZ",06203,2x2,943,1561,03/02/2025,False
La Reserve Villas,"Tucson, AZ",06203,2x2,943,1556,03/03/2025,False
La Reserve Villas,"Tucson, AZ",06203,2x2,943,1556,03/04/2025,True
La Reserve Villas,"Tucson, AZ",06204,2x2,943,1489,07/07/2023,False
La Reserve Villas,"Tucson, AZ",06204,2x2,943,1489,07/08/2023,False
La Reserve Villas,"Tucson, AZ",06204,2x2,943,1489,07/09/2023,False
La Reserve Villas,"Tucson, AZ",06204,2x2,943,1489,07/10/2023,False
La Reserve Villas,"Tucson, AZ",06204,2x2,943,1497,07/11/2023,False
La Reserve Villas,"Tucson, AZ",06204,2x2,943,1497,07/12/2023,False
La Reserve Villas,"Tucson, AZ",06204,2x2,943,1522,07/13/2023,False
La Reserve Villas,"Tucson, AZ",06204,2x2,943,1527,07/14/2023,False
La Reserve Villas,"Tucson, AZ",06204,2x2,943,1527,07/15/2023,False
La Reserve Villas,"Tucson, AZ",06204,2x2,943,1527,07/16/2023,False
La Reserve Villas,"Tucson, AZ",06204,2x2,943,1527,07/17/2023,False
La Reserve Villas,"Tucson, AZ",06204,2x2,943,1532,07/18/2023,False
La Reserve Villas,"Tucson, AZ",06204,2x2,943,1546,07/19/2023,False
La Reserve Villas,"Tucson, AZ",06204,2x2,943,1551,07/20/2023,False
La Reserve Villas,"Tucson, AZ",06204,2x2,943,1557,07/21/2023,False
La Reserve Villas,"Tucson, AZ",06204,2x2,943,1557,07/22/2023,False
La Reserve Villas,"Tucson, AZ",06204,2x2,943,1557,07/23/2023,False
La Reserve Villas,"Tucson, AZ",06204,2x2,943,1557,07/24/2023,False
La Reserve Villas,"Tucson, AZ",06204,2x2,943,1557,07/25/2023,False
La Reserve Villas,"Tucson, AZ",06204,2x2,943,1557,07/26/2023,False
La Reserve Villas,"Tucson, AZ",06204,2x2,943,1531,07/27/2023,False
La Reserve Villas,"Tucson, AZ",06204,2x2,943,1525,07/28/2023,False
La Reserve Villas,"Tucson, AZ",06204,2x2,943,1525,07/29/2023,False
La Reserve Villas,"Tucson, AZ",06204,2x2,943,1525,07/30/2023,True
La Reserve Villas,"Tucson, AZ",06204,2x2,943,1510,04/15/2025,False
La Reserve Villas,"Tucson, AZ",06204,2x2,943,1510,04/16/2025,False
La Reserve Villas,"Tucson, AZ",06204,2x2,943,1510,04/17/2025,False
La Reserve Villas,"Tucson, AZ",06204,2x2,943,1510,04/18/2025,False
La Reserve Villas,"Tucson, AZ",06204,2x2,943,1510,04/19/2025,False
La Reserve Villas,"Tucson, AZ",06204,2x2,943,1510,04/20/2025,False
La Reserve Villas,"Tucson, AZ",06204,2x2,943,1510,04/21/2025,False
La Reserve Villas,"Tucson, AZ",06204,2x2,943,1510,04/22/2025,False
La Reserve Villas,"Tucson, AZ",06204,2x2,943,1510,04/23/2025,False
La Reserve Villas,"Tucson, AZ",06204,2x2,943,1510,04/24/2025,False
La Reserve Villas,"Tucson, AZ",06204,2x2,943,1515,04/25/2025,False
La Reserve Villas,"Tucson, AZ",06204,2x2,943,1515,04/26/2025,False
La Reserve Villas,"Tucson, AZ",06204,2x2,943,1515,04/27/2025,True
La Reserve Villas,"Tucson, AZ",07102,2x2,943,1577,10/03/2023,False
La Reserve Villas,"Tucson, AZ",07102,2x2,943,1582,10/04/2023,False
La Reserve Villas,"Tucson, AZ",07102,2x2,943,1582,10/05/2023,False
La Reserve Villas,"Tucson, AZ",07102,2x2,943,1587,10/06/2023,False
La Reserve Villas,"Tucson, AZ",07102,2x2,943,1587,10/07/2023,False
La Reserve Villas,"Tucson, AZ",07102,2x2,943,1587,10/08/2023,False
La Reserve Villas,"Tucson, AZ",07102,2x2,943,1587,10/09/2023,False
La Reserve Villas,"Tucson, AZ",07102,2x2,943,1587,10/10/2023,False
La Reserve Villas,"Tucson, AZ",07102,2x2,943,1587,10/11/2023,False
La Reserve Villas,"Tucson, AZ",07102,2x2,943,1587,10/12/2023,False
La Reserve Villas,"Tucson, AZ",07102,2x2,943,1587,10/13/2023,False
La Reserve Villas,"Tucson, AZ",07102,2x2,943,1592,10/14/2023,False
La Reserve Villas,"Tucson, AZ",07102,2x2,943,1592,10/15/2023,False
La Reserve Villas,"Tucson, AZ",07102,2x2,943,1592,10/16/2023,False
La Reserve Villas,"Tucson, AZ",07102,2x2,943,1627,10/17/2023,False
La Reserve Villas,"Tucson, AZ",07102,2x2,943,1637,10/18/2023,False
La Reserve Villas,"Tucson, AZ",07102,2x2,943,1637,10/19/2023,False
La Reserve Villas,"Tucson, AZ",07102,2x2,943,1642,10/20/2023,False
La Reserve Villas,"Tucson, AZ",07102,2x2,943,1642,10/21/2023,False
La Reserve Villas,"Tucson, AZ",07102,2x2,943,1642,10/22/2023,False
La Reserve Villas,"Tucson, AZ",07102,2x2,943,1642,10/23/2023,False
La Reserve Villas,"Tucson, AZ",07102,2x2,943,1642,10/24/2023,False
La Reserve Villas,"Tucson, AZ",07102,2x2,943,1642,10/25/2023,False
La Reserve Villas,"Tucson, AZ",07102,2x2,943,1642,10/26/2023,False
La Reserve Villas,"Tucson, AZ",07102,2x2,943,1642,10/27/2023,False
La Reserve Villas,"Tucson, AZ",07102,2x2,943,1642,10/28/2023,False
La Reserve Villas,"Tucson, AZ",07102,2x2,943,1642,10/29/2023,False
La Reserve Villas,"Tucson, AZ",07102,2x2,943,1642,10/30/2023,False
La Reserve Villas,"Tucson, AZ",07102,2x2,943,1642,10/31/2023,False
La Reserve Villas,"Tucson, AZ",07102,2x2,943,1642,11/01/2023,False
La Reserve Villas,"Tucson, AZ",07102,2x2,943,1642,11/02/2023,False
La Reserve Villas,"Tucson, AZ",07102,2x2,943,1642,11/03/2023,False
La Reserve Villas,"Tucson, AZ",07102,2x2,943,1642,11/04/2023,False
La Reserve Villas,"Tucson, AZ",07102,2x2,943,1642,11/05/2023,False
La Reserve Villas,"Tucson, AZ",07102,2x2,943,1642,11/06/2023,False
La Reserve Villas,"Tucson, AZ",07102,2x2,943,1642,11/07/2023,False
La Reserve Villas,"Tucson, AZ",07102,2x2,943,1642,11/08/2023,False
La Reserve Villas,"Tucson, AZ",07102,2x2,943,1642,11/09/2023,False
La Reserve Villas,"Tucson, AZ",07102,2x2,943,1642,11/10/2023,False
La Reserve Villas,"Tucson, AZ",07102,2x2,943,1642,11/11/2023,False
La Reserve Villas,"Tucson, AZ",07102,2x2,943,1642,11/12/2023,False
La Reserve Villas,"Tucson, AZ",07102,2x2,943,1642,11/13/2023,False
La Reserve Villas,"Tucson, AZ",07102,2x2,943,1642,11/14/2023,False
La Reserve Villas,"Tucson, AZ",07102,2x2,943,1642,11/15/2023,False
La Reserve Villas,"Tucson, AZ",07102,2x2,943,1642,11/16/2023,False
La Reserve Villas,"Tucson, AZ",07102,2x2,943,1642,11/17/2023,False
La Reserve Villas,"Tucson, AZ",07102,2x2,943,1642,11/18/2023,False
La Reserve Villas,"Tucson, AZ",07102,2x2,943,1642,11/19/2023,False
La Reserve Villas,"Tucson, AZ",07102,2x2,943,1642,11/20/2023,False
La Reserve Villas,"Tucson, AZ",07102,2x2,943,1594,11/21/2023,False
La Reserve Villas,"Tucson, AZ",07102,2x2,943,1672,11/22/2023,False
La Reserve Villas,"Tucson, AZ",07102,2x2,943,1672,11/23/2023,False
La Reserve Villas,"Tucson, AZ",07102,2x2,943,1672,11/24/2023,False
La Reserve Villas,"Tucson, AZ",07102,2x2,943,1726,11/25/2023,False
La Reserve Villas,"Tucson, AZ",07102,2x2,943,1726,11/26/2023,False
La Reserve Villas,"Tucson, AZ",07102,2x2,943,1726,11/27/2023,False
La Reserve Villas,"Tucson, AZ",07102,2x2,943,1726,11/28/2023,False
La Reserve Villas,"Tucson, AZ",07102,2x2,943,1726,11/29/2023,False
La Reserve Villas,"Tucson, AZ",07102,2x2,943,1642,11/30/2023,False
La Reserve Villas,"Tucson, AZ",07102,2x2,943,1642,12/01/2023,False
La Reserve Villas,"Tucson, AZ",07102,2x2,943,1642,12/02/2023,False
La Reserve Villas,"Tucson, AZ",07102,2x2,943,1642,12/03/2023,False
La Reserve Villas,"Tucson, AZ",07102,2x2,943,1642,12/04/2023,False
La Reserve Villas,"Tucson, AZ",07102,2x2,943,1671,12/05/2023,False
La Reserve Villas,"Tucson, AZ",07102,2x2,943,1671,12/06/2023,False
La Reserve Villas,"Tucson, AZ",07102,2x2,943,1671,12/07/2023,False
La Reserve Villas,"Tucson, AZ",07102,2x2,943,1671,12/08/2023,True
La Reserve Villas,"Tucson, AZ",07102,2x2,943,1618,04/12/2024,False
La Reserve Villas,"Tucson, AZ",07102,2x2,943,1618,04/13/2024,False
La Reserve Villas,"Tucson, AZ",07102,2x2,943,1618,04/14/2024,False
La Reserve Villas,"Tucson, AZ",07102,2x2,943,1618,04/15/2024,False
La Reserve Villas,"Tucson, AZ",07102,2x2,943,1618,04/16/2024,False
La Reserve Villas,"Tucson, AZ",07102,2x2,943,1540,04/17/2024,False
La Reserve Villas,"Tucson, AZ",07102,2x2,943,1544,04/18/2024,False
La Reserve Villas,"Tucson, AZ",07102,2x2,943,1588,04/19/2024,False
La Reserve Villas,"Tucson, AZ",07102,2x2,943,1588,04/20/2024,False
La Reserve Villas,"Tucson, AZ",07102,2x2,943,1588,04/21/2024,False
La Reserve Villas,"Tucson, AZ",07102,2x2,943,1588,04/22/2024,False
La Reserve Villas,"Tucson, AZ",07102,2x2,943,1511,04/23/2024,False
La Reserve Villas,"Tucson, AZ",07102,2x2,943,1566,04/24/2024,False
La Reserve Villas,"Tucson, AZ",07102,2x2,943,1490,04/25/2024,False
La Reserve Villas,"Tucson, AZ",07102,2x2,943,1512,04/26/2024,False
La Reserve Villas,"Tucson, AZ",07102,2x2,943,1512,04/27/2024,False
La Reserve Villas,"Tucson, AZ",07102,2x2,943,1512,04/28/2024,False
La Reserve Villas,"Tucson, AZ",07102,2x2,943,1512,04/29/2024,False
La Reserve Villas,"Tucson, AZ",07102,2x2,943,1551,04/30/2024,False
La Reserve Villas,"Tucson, AZ",07102,2x2,943,1551,05/01/2024,False
La Reserve Villas,"Tucson, AZ",07102,2x2,943,1591,05/02/2024,False
La Reserve Villas,"Tucson, AZ",07102,2x2,943,1591,05/03/2024,False
La Reserve Villas,"Tucson, AZ",07102,2x2,943,1543,05/04/2024,False
La Reserve Villas,"Tucson, AZ",07102,2x2,943,1543,05/05/2024,False
La Reserve Villas,"Tucson, AZ",07102,2x2,943,1543,05/06/2024,False
La Reserve Villas,"Tucson, AZ",07102,2x2,943,1543,05/07/2024,False
La Reserve Villas,"Tucson, AZ",07102,2x2,943,1543,05/08/2024,False
La Reserve Villas,"Tucson, AZ",07102,2x2,943,1543,05/09/2024,False
La Reserve Villas,"Tucson, AZ",07102,2x2,943,1543,05/10/2024,False
La Reserve Villas,"Tucson, AZ",07102,2x2,943,1543,05/11/2024,False
La Reserve Villas,"Tucson, AZ",07102,2x2,943,1543,05/12/2024,False
La Reserve Villas,"Tucson, AZ",07102,2x2,943,1543,05/13/2024,False
La Reserve Villas,"Tucson, AZ",07102,2x2,943,1543,05/14/2024,False
La Reserve Villas,"Tucson, AZ",07102,2x2,943,1543,05/15/2024,False
La Reserve Villas,"Tucson, AZ",07102,2x2,943,1543,05/16/2024,False
La Reserve Villas,"Tucson, AZ",07102,2x2,943,1543,05/17/2024,False
La Reserve Villas,"Tucson, AZ",07102,2x2,943,1543,05/18/2024,False
La Reserve Villas,"Tucson, AZ",07102,2x2,943,1543,05/19/2024,False
La Reserve Villas,"Tucson, AZ",07102,2x2,943,1543,05/20/2024,False
La Reserve Villas,"Tucson, AZ",07102,2x2,943,1543,05/21/2024,False
La Reserve Villas,"Tucson, AZ",07102,2x2,943,1543,05/22/2024,False
La Reserve Villas,"Tucson, AZ",07102,2x2,943,1543,05/23/2024,False
La Reserve Villas,"Tucson, AZ",07102,2x2,943,1543,05/24/2024,False
La Reserve Villas,"Tucson, AZ",07102,2x2,943,1543,05/25/2024,False
La Reserve Villas,"Tucson, AZ",07102,2x2,943,1543,05/26/2024,False
La Reserve Villas,"Tucson, AZ",07102,2x2,943,1543,05/27/2024,False
La Reserve Villas,"Tucson, AZ",07102,2x2,943,1543,05/28/2024,False
La Reserve Villas,"Tucson, AZ",07102,2x2,943,1543,05/29/2024,False
La Reserve Villas,"Tucson, AZ",07102,2x2,943,1543,05/30/2024,False
La Reserve Villas,"Tucson, AZ",07102,2x2,943,1543,05/31/2024,False
La Reserve Villas,"Tucson, AZ",07102,2x2,943,1543,06/01/2024,False
La Reserve Villas,"Tucson, AZ",07102,2x2,943,1543,06/02/2024,False
La Reserve Villas,"Tucson, AZ",07102,2x2,943,1543,06/03/2024,False
La Reserve Villas,"Tucson, AZ",07102,2x2,943,1543,06/04/2024,False
La Reserve Villas,"Tucson, AZ",07102,2x2,943,1543,06/05/2024,False
La Reserve Villas,"Tucson, AZ",07102,2x2,943,1543,06/06/2024,False
La Reserve Villas,"Tucson, AZ",07102,2x2,943,1543,06/07/2024,False
La Reserve Villas,"Tucson, AZ",07102,2x2,943,1543,06/08/2024,False
La Reserve Villas,"Tucson, AZ",07102,2x2,943,1543,06/09/2024,False
La Reserve Villas,"Tucson, AZ",07102,2x2,943,1543,06/10/2024,False
La Reserve Villas,"Tucson, AZ",07102,2x2,943,1552,06/11/2024,False
La Reserve Villas,"Tucson, AZ",07102,2x2,943,1552,06/12/2024,False
La Reserve Villas,"Tucson, AZ",07102,2x2,943,1552,06/13/2024,False
La Reserve Villas,"Tucson, AZ",07102,2x2,943,1552,06/14/2024,False
La Reserve Villas,"Tucson, AZ",07102,2x2,943,1552,06/15/2024,False
La Reserve Villas,"Tucson, AZ",07102,2x2,943,1552,06/16/2024,False
La Reserve Villas,"Tucson, AZ",07102,2x2,943,1552,06/17/2024,False
La Reserve Villas,"Tucson, AZ",07102,2x2,943,1552,06/18/2024,False
La Reserve Villas,"Tucson, AZ",07102,2x2,943,1552,06/19/2024,False
La Reserve Villas,"Tucson, AZ",07102,2x2,943,1552,06/20/2024,False
La Reserve Villas,"Tucson, AZ",07102,2x2,943,1552,06/21/2024,False
La Reserve Villas,"Tucson, AZ",07102,2x2,943,1552,06/22/2024,False
La Reserve Villas,"Tucson, AZ",07102,2x2,943,1552,06/23/2024,False
La Reserve Villas,"Tucson, AZ",07102,2x2,943,1590,06/24/2024,False
La Reserve Villas,"Tucson, AZ",07102,2x2,943,1590,06/25/2024,False
La Reserve Villas,"Tucson, AZ",07102,2x2,943,1590,06/26/2024,False
La Reserve Villas,"Tucson, AZ",07102,2x2,943,1542,06/27/2024,False
La Reserve Villas,"Tucson, AZ",07102,2x2,943,1542,06/28/2024,False
La Reserve Villas,"Tucson, AZ",07102,2x2,943,1542,06/29/2024,False
La Reserve Villas,"Tucson, AZ",07102,2x2,943,1542,06/30/2024,False
La Reserve Villas,"Tucson, AZ",07102,2x2,943,1542,07/01/2024,False
La Reserve Villas,"Tucson, AZ",07102,2x2,943,1542,07/02/2024,False
La Reserve Villas,"Tucson, AZ",07102,2x2,943,1542,07/03/2024,False
La Reserve Villas,"Tucson, AZ",07102,2x2,943,1542,07/04/2024,False
La Reserve Villas,"Tucson, AZ",07102,2x2,943,1542,07/05/2024,False
La Reserve Villas,"Tucson, AZ",07102,2x2,943,1542,07/06/2024,False
La Reserve Villas,"Tucson, AZ",07102,2x2,943,1542,07/07/2024,False
La Reserve Villas,"Tucson, AZ",07102,2x2,943,1519,07/08/2024,False
La Reserve Villas,"Tucson, AZ",07102,2x2,943,1519,07/09/2024,False
La Reserve Villas,"Tucson, AZ",07102,2x2,943,1569,07/10/2024,False
La Reserve Villas,"Tucson, AZ",07102,2x2,943,1561,07/11/2024,False
La Reserve Villas,"Tucson, AZ",07102,2x2,943,1561,07/12/2024,False
La Reserve Villas,"Tucson, AZ",07102,2x2,943,1561,07/13/2024,False
La Reserve Villas,"Tucson, AZ",07102,2x2,943,1561,07/14/2024,False
La Reserve Villas,"Tucson, AZ",07102,2x2,943,1568,07/15/2024,False
La Reserve Villas,"Tucson, AZ",07102,2x2,943,1568,07/16/2024,False
La Reserve Villas,"Tucson, AZ",07102,2x2,943,1568,07/17/2024,False
La Reserve Villas,"Tucson, AZ",07102,2x2,943,1612,07/18/2024,False
La Reserve Villas,"Tucson, AZ",07102,2x2,943,1574,07/19/2024,False
La Reserve Villas,"Tucson, AZ",07102,2x2,943,1570,07/20/2024,False
La Reserve Villas,"Tucson, AZ",07102,2x2,943,1565,07/21/2024,False
La Reserve Villas,"Tucson, AZ",07102,2x2,943,1561,07/22/2024,False
La Reserve Villas,"Tucson, AZ",07102,2x2,943,1557,07/23/2024,False
La Reserve Villas,"Tucson, AZ",07102,2x2,943,1557,07/24/2024,False
La Reserve Villas,"Tucson, AZ",07102,2x2,943,1503,07/25/2024,False
La Reserve Villas,"Tucson, AZ",07102,2x2,943,1498,07/26/2024,False
La Reserve Villas,"Tucson, AZ",07102,2x2,943,1491,07/27/2024,False
La Reserve Villas,"Tucson, AZ",07102,2x2,943,1490,07/28/2024,False
La Reserve Villas,"Tucson, AZ",07102,2x2,943,1527,07/29/2024,False
La Reserve Villas,"Tucson, AZ",07102,2x2,943,1524,07/30/2024,False
La Reserve Villas,"Tucson, AZ",07102,2x2,943,1519,07/31/2024,False
La Reserve Villas,"Tucson, AZ",07102,2x2,943,1514,08/01/2024,False
La Reserve Villas,"Tucson, AZ",07102,2x2,943,1514,08/02/2024,False
La Reserve Villas,"Tucson, AZ",07102,2x2,943,1509,08/03/2024,False
La Reserve Villas,"Tucson, AZ",07102,2x2,943,1505,08/04/2024,False
La Reserve Villas,"Tucson, AZ",07102,2x2,943,1501,08/05/2024,False
La Reserve Villas,"Tucson, AZ",07102,2x2,943,1518,08/06/2024,False
La Reserve Villas,"Tucson, AZ",07102,2x2,943,1532,08/07/2024,False
La Reserve Villas,"Tucson, AZ",07102,2x2,943,1528,08/08/2024,False
La Reserve Villas,"Tucson, AZ",07102,2x2,943,1524,08/09/2024,False
La Reserve Villas,"Tucson, AZ",07102,2x2,943,1487,08/10/2024,False
La Reserve Villas,"Tucson, AZ",07102,2x2,943,1483,08/11/2024,False
La Reserve Villas,"Tucson, AZ",07102,2x2,943,1479,08/12/2024,False
La Reserve Villas,"Tucson, AZ",07102,2x2,943,1475,08/13/2024,False
La Reserve Villas,"Tucson, AZ",07102,2x2,943,1471,08/14/2024,False
La Reserve Villas,"Tucson, AZ",07102,2x2,943,1467,08/15/2024,False
La Reserve Villas,"Tucson, AZ",07102,2x2,943,1467,08/16/2024,False
La Reserve Villas,"Tucson, AZ",07102,2x2,943,1423,08/17/2024,False
La Reserve Villas,"Tucson, AZ",07102,2x2,943,1420,08/18/2024,False
La Reserve Villas,"Tucson, AZ",07102,2x2,943,1420,08/19/2024,True
La Reserve Villas,"Tucson, AZ",07104,2x2,943,1584,10/05/2024,False
La Reserve Villas,"Tucson, AZ",07104,2x2,943,1584,10/06/2024,False
La Reserve Villas,"Tucson, AZ",07104,2x2,943,1584,10/07/2024,False
La Reserve Villas,"Tucson, AZ",07104,2x2,943,1594,10/08/2024,False
La Reserve Villas,"Tucson, AZ",07104,2x2,943,1594,10/09/2024,False
La Reserve Villas,"Tucson, AZ",07104,2x2,943,1594,10/10/2024,False
La Reserve Villas,"Tucson, AZ",07104,2x2,943,1594,10/11/2024,False
La Reserve Villas,"Tucson, AZ",07104,2x2,943,1594,10/12/2024,False
La Reserve Villas,"Tucson, AZ",07104,2x2,943,1594,10/13/2024,False
La Reserve Villas,"Tucson, AZ",07104,2x2,943,1594,10/14/2024,False
La Reserve Villas,"Tucson, AZ",07104,2x2,943,1594,10/15/2024,False
La Reserve Villas,"Tucson, AZ",07104,2x2,943,1594,10/16/2024,False
La Reserve Villas,"Tucson, AZ",07104,2x2,943,1594,10/17/2024,False
La Reserve Villas,"Tucson, AZ",07104,2x2,943,1594,10/18/2024,False
La Reserve Villas,"Tucson, AZ",07104,2x2,943,1594,10/19/2024,False
La Reserve Villas,"Tucson, AZ",07104,2x2,943,1594,10/20/2024,False
La Reserve Villas,"Tucson, AZ",07104,2x2,943,1594,10/21/2024,False
La Reserve Villas,"Tucson, AZ",07104,2x2,943,1594,10/22/2024,False
La Reserve Villas,"Tucson, AZ",07104,2x2,943,1594,10/23/2024,False
La Reserve Villas,"Tucson, AZ",07104,2x2,943,1594,10/24/2024,False
La Reserve Villas,"Tucson, AZ",07104,2x2,943,1594,10/25/2024,False
La Reserve Villas,"Tucson, AZ",07104,2x2,943,1594,10/26/2024,False
La Reserve Villas,"Tucson, AZ",07104,2x2,943,1594,10/27/2024,False
La Reserve Villas,"Tucson, AZ",07104,2x2,943,1594,10/28/2024,False
La Reserve Villas,"Tucson, AZ",07104,2x2,943,1594,10/29/2024,False
La Reserve Villas,"Tucson, AZ",07104,2x2,943,1594,10/30/2024,False
La Reserve Villas,"Tucson, AZ",07104,2x2,943,1594,10/31/2024,False
La Reserve Villas,"Tucson, AZ",07104,2x2,943,1594,11/01/2024,False
La Reserve Villas,"Tucson, AZ",07104,2x2,943,1594,11/02/2024,False
La Reserve Villas,"Tucson, AZ",07104,2x2,943,1594,11/03/2024,False
La Reserve Villas,"Tucson, AZ",07104,2x2,943,1594,11/04/2024,False
La Reserve Villas,"Tucson, AZ",07104,2x2,943,1594,11/05/2024,False
La Reserve Villas,"Tucson, AZ",07104,2x2,943,1594,11/06/2024,False
La Reserve Villas,"Tucson, AZ",07104,2x2,943,1594,11/07/2024,False
La Reserve Villas,"Tucson, AZ",07104,2x2,943,1594,11/08/2024,False
La Reserve Villas,"Tucson, AZ",07104,2x2,943,1594,11/09/2024,False
La Reserve Villas,"Tucson, AZ",07104,2x2,943,1594,11/10/2024,False
La Reserve Villas,"Tucson, AZ",07104,2x2,943,1594,11/11/2024,False
La Reserve Villas,"Tucson, AZ",07104,2x2,943,1594,11/12/2024,False
La Reserve Villas,"Tucson, AZ",07104,2x2,943,1594,11/13/2024,False
La Reserve Villas,"Tucson, AZ",07104,2x2,943,1594,11/14/2024,False
La Reserve Villas,"Tucson, AZ",07104,2x2,943,1594,11/15/2024,False
La Reserve Villas,"Tucson, AZ",07104,2x2,943,1594,11/16/2024,False
La Reserve Villas,"Tucson, AZ",07104,2x2,943,1594,11/17/2024,False
La Reserve Villas,"Tucson, AZ",07104,2x2,943,1594,11/18/2024,False
La Reserve Villas,"Tucson, AZ",07104,2x2,943,1594,11/19/2024,False
La Reserve Villas,"Tucson, AZ",07104,2x2,943,1594,11/20/2024,False
La Reserve Villas,"Tucson, AZ",07104,2x2,943,1594,11/21/2024,False
La Reserve Villas,"Tucson, AZ",07104,2x2,943,1594,11/22/2024,False
La Reserve Villas,"Tucson, AZ",07104,2x2,943,1594,11/23/2024,False
La Reserve Villas,"Tucson, AZ",07104,2x2,943,1594,11/24/2024,False
La Reserve Villas,"Tucson, AZ",07104,2x2,943,1594,11/25/2024,False
La Reserve Villas,"Tucson, AZ",07104,2x2,943,1594,11/26/2024,False
La Reserve Villas,"Tucson, AZ",07104,2x2,943,1594,11/27/2024,False
La Reserve Villas,"Tucson, AZ",07104,2x2,943,1594,11/28/2024,False
La Reserve Villas,"Tucson, AZ",07104,2x2,943,1594,11/29/2024,False
La Reserve Villas,"Tucson, AZ",07104,2x2,943,1594,11/30/2024,False
La Reserve Villas,"Tucson, AZ",07104,2x2,943,1594,12/01/2024,False
La Reserve Villas,"Tucson, AZ",07104,2x2,943,1594,12/02/2024,False
La Reserve Villas,"Tucson, AZ",07104,2x2,943,1594,12/03/2024,False
La Reserve Villas,"Tucson, AZ",07104,2x2,943,1594,12/04/2024,False
La Reserve Villas,"Tucson, AZ",07104,2x2,943,1594,12/05/2024,False
La Reserve Villas,"Tucson, AZ",07104,2x2,943,1594,12/06/2024,False
La Reserve Villas,"Tucson, AZ",07104,2x2,943,1594,12/07/2024,False
La Reserve Villas,"Tucson, AZ",07104,2x2,943,1594,12/08/2024,False
La Reserve Villas,"Tucson, AZ",07104,2x2,943,1594,12/09/2024,False
La Reserve Villas,"Tucson, AZ",07104,2x2,943,1594,12/10/2024,False
La Reserve Villas,"Tucson, AZ",07104,2x2,943,1594,12/11/2024,False
La Reserve Villas,"Tucson, AZ",07104,2x2,943,1594,12/12/2024,False
La Reserve Villas,"Tucson, AZ",07104,2x2,943,1594,12/13/2024,False
La Reserve Villas,"Tucson, AZ",07104,2x2,943,1594,12/14/2024,False
La Reserve Villas,"Tucson, AZ",07104,2x2,943,1594,12/15/2024,False
La Reserve Villas,"Tucson, AZ",07104,2x2,943,1594,12/16/2024,False
La Reserve Villas,"Tucson, AZ",07104,2x2,943,1594,12/17/2024,False
La Reserve Villas,"Tucson, AZ",07104,2x2,943,1594,12/18/2024,False
La Reserve Villas,"Tucson, AZ",07104,2x2,943,1594,12/19/2024,False
La Reserve Villas,"Tucson, AZ",07104,2x2,943,1594,12/20/2024,False
La Reserve Villas,"Tucson, AZ",07104,2x2,943,1594,12/21/2024,False
La Reserve Villas,"Tucson, AZ",07104,2x2,943,1594,12/22/2024,False
La Reserve Villas,"Tucson, AZ",07104,2x2,943,1594,12/23/2024,False
La Reserve Villas,"Tucson, AZ",07104,2x2,943,1649,12/24/2024,False
La Reserve Villas,"Tucson, AZ",07104,2x2,943,1649,12/25/2024,False
La Reserve Villas,"Tucson, AZ",07104,2x2,943,1649,12/26/2024,False
La Reserve Villas,"Tucson, AZ",07104,2x2,943,1649,12/27/2024,False
La Reserve Villas,"Tucson, AZ",07104,2x2,943,1649,12/28/2024,False
La Reserve Villas,"Tucson, AZ",07104,2x2,943,1649,12/29/2024,False
La Reserve Villas,"Tucson, AZ",07104,2x2,943,1649,12/30/2024,False
La Reserve Villas,"Tucson, AZ",07104,2x2,943,1649,12/31/2024,False
La Reserve Villas,"Tucson, AZ",07104,2x2,943,1649,01/01/2025,False
La Reserve Villas,"Tucson, AZ",07104,2x2,943,1649,01/02/2025,False
La Reserve Villas,"Tucson, AZ",07104,2x2,943,1649,01/03/2025,False
La Reserve Villas,"Tucson, AZ",07104,2x2,943,1649,01/04/2025,False
La Reserve Villas,"Tucson, AZ",07104,2x2,943,1649,01/05/2025,False
La Reserve Villas,"Tucson, AZ",07104,2x2,943,1649,01/06/2025,False
La Reserve Villas,"Tucson, AZ",07104,2x2,943,1649,01/07/2025,False
La Reserve Villas,"Tucson, AZ",07104,2x2,943,1629,01/08/2025,False
La Reserve Villas,"Tucson, AZ",07104,2x2,943,1629,01/09/2025,False
La Reserve Villas,"Tucson, AZ",07104,2x2,943,1629,01/10/2025,False
La Reserve Villas,"Tucson, AZ",07104,2x2,943,1629,01/11/2025,False
La Reserve Villas,"Tucson, AZ",07104,2x2,943,1629,01/12/2025,False
La Reserve Villas,"Tucson, AZ",07104,2x2,943,1629,01/13/2025,False
La Reserve Villas,"Tucson, AZ",07104,2x2,943,1629,01/14/2025,False
La Reserve Villas,"Tucson, AZ",07104,2x2,943,1629,01/15/2025,False
La Reserve Villas,"Tucson, AZ",07104,2x2,943,1629,01/16/2025,False
La Reserve Villas,"Tucson, AZ",07104,2x2,943,1629,01/17/2025,False
La Reserve Villas,"Tucson, AZ",07104,2x2,943,1629,01/18/2025,False
La Reserve Villas,"Tucson, AZ",07104,2x2,943,1629,01/19/2025,False
La Reserve Villas,"Tucson, AZ",07104,2x2,943,1629,01/20/2025,False
La Reserve Villas,"Tucson, AZ",07104,2x2,943,1629,01/21/2025,False
La Reserve Villas,"Tucson, AZ",07104,2x2,943,1629,01/22/2025,False
La Reserve Villas,"Tucson, AZ",07104,2x2,943,1629,01/23/2025,False
La Reserve Villas,"Tucson, AZ",07104,2x2,943,1599,01/24/2025,False
La Reserve Villas,"Tucson, AZ",07104,2x2,943,1599,01/25/2025,False
La Reserve Villas,"Tucson, AZ",07104,2x2,943,1599,01/26/2025,False
La Reserve Villas,"Tucson, AZ",07104,2x2,943,1599,01/27/2025,False
La Reserve Villas,"Tucson, AZ",07104,2x2,943,1599,01/28/2025,False
La Reserve Villas,"Tucson, AZ",07104,2x2,943,1599,01/29/2025,False
La Reserve Villas,"Tucson, AZ",07104,2x2,943,1599,01/30/2025,False
La Reserve Villas,"Tucson, AZ",07104,2x2,943,1599,01/31/2025,False
La Reserve Villas,"Tucson, AZ",07104,2x2,943,1599,02/01/2025,False
La Reserve Villas,"Tucson, AZ",07104,2x2,943,1599,02/02/2025,False
La Reserve Villas,"Tucson, AZ",07104,2x2,943,1599,02/03/2025,False
La Reserve Villas,"Tucson, AZ",07104,2x2,943,1599,02/04/2025,False
La Reserve Villas,"Tucson, AZ",07104,2x2,943,1599,02/05/2025,False
La Reserve Villas,"Tucson, AZ",07104,2x2,943,1599,02/06/2025,False
La Reserve Villas,"Tucson, AZ",07104,2x2,943,1599,02/07/2025,False
La Reserve Villas,"Tucson, AZ",07104,2x2,943,1599,02/08/2025,False
La Reserve Villas,"Tucson, AZ",07104,2x2,943,1599,02/09/2025,False
La Reserve Villas,"Tucson, AZ",07104,2x2,943,1599,02/10/2025,False
La Reserve Villas,"Tucson, AZ",07104,2x2,943,1599,02/11/2025,False
La Reserve Villas,"Tucson, AZ",07104,2x2,943,1599,02/12/2025,False
La Reserve Villas,"Tucson, AZ",07104,2x2,943,1599,02/13/2025,False
La Reserve Villas,"Tucson, AZ",07104,2x2,943,1599,02/14/2025,False
La Reserve Villas,"Tucson, AZ",07104,2x2,943,1599,02/15/2025,False
La Reserve Villas,"Tucson, AZ",07104,2x2,943,1599,02/16/2025,False
La Reserve Villas,"Tucson, AZ",07104,2x2,943,1599,02/17/2025,False
La Reserve Villas,"Tucson, AZ",07104,2x2,943,1599,02/18/2025,False
La Reserve Villas,"Tucson, AZ",07104,2x2,943,1602,02/19/2025,False
La Reserve Villas,"Tucson, AZ",07104,2x2,943,1582,02/20/2025,False
La Reserve Villas,"Tucson, AZ",07104,2x2,943,1582,02/21/2025,False
La Reserve Villas,"Tucson, AZ",07104,2x2,943,1582,02/22/2025,False
La Reserve Villas,"Tucson, AZ",07104,2x2,943,1582,02/23/2025,False
La Reserve Villas,"Tucson, AZ",07104,2x2,943,1582,02/24/2025,False
La Reserve Villas,"Tucson, AZ",07104,2x2,943,1582,02/25/2025,False
La Reserve Villas,"Tucson, AZ",07104,2x2,943,1582,02/26/2025,False
La Reserve Villas,"Tucson, AZ",07104,2x2,943,1582,02/27/2025,False
La Reserve Villas,"Tucson, AZ",07104,2x2,943,1556,02/28/2025,False
La Reserve Villas,"Tucson, AZ",07104,2x2,943,1556,03/01/2025,False
La Reserve Villas,"Tucson, AZ",07104,2x2,943,1556,03/02/2025,False
La Reserve Villas,"Tucson, AZ",07104,2x2,943,1556,03/03/2025,False
La Reserve Villas,"Tucson, AZ",07104,2x2,943,1556,03/04/2025,False
La Reserve Villas,"Tucson, AZ",07104,2x2,943,1556,03/05/2025,False
La Reserve Villas,"Tucson, AZ",07104,2x2,943,1556,03/06/2025,False
La Reserve Villas,"Tucson, AZ",07104,2x2,943,1576,03/07/2025,False
La Reserve Villas,"Tucson, AZ",07104,2x2,943,1567,03/08/2025,False
La Reserve Villas,"Tucson, AZ",07104,2x2,943,1567,03/09/2025,False
La Reserve Villas,"Tucson, AZ",07104,2x2,943,1567,03/10/2025,False
La Reserve Villas,"Tucson, AZ",07104,2x2,943,1567,03/11/2025,False
La Reserve Villas,"Tucson, AZ",07104,2x2,943,1567,03/12/2025,False
La Reserve Villas,"Tucson, AZ",07104,2x2,943,1567,03/13/2025,False
La Reserve Villas,"Tucson, AZ",07104,2x2,943,1567,03/14/2025,False
La Reserve Villas,"Tucson, AZ",07104,2x2,943,1563,03/15/2025,False
La Reserve Villas,"Tucson, AZ",07104,2x2,943,1559,03/16/2025,False
La Reserve Villas,"Tucson, AZ",07104,2x2,943,1555,03/17/2025,False
La Reserve Villas,"Tucson, AZ",07104,2x2,943,1551,03/18/2025,False
La Reserve Villas,"Tucson, AZ",07104,2x2,943,1547,03/19/2025,False
La Reserve Villas,"Tucson, AZ",07104,2x2,943,1547,03/20/2025,False
La Reserve Villas,"Tucson, AZ",07104,2x2,943,1543,03/21/2025,False
La Reserve Villas,"Tucson, AZ",07104,2x2,943,1514,03/22/2025,False
La Reserve Villas,"Tucson, AZ",07104,2x2,943,1510,03/23/2025,False
La Reserve Villas,"Tucson, AZ",07104,2x2,943,1510,03/24/2025,False
La Reserve Villas,"Tucson, AZ",07104,2x2,943,1502,03/25/2025,False
La Reserve Villas,"Tucson, AZ",07104,2x2,943,1498,03/26/2025,False
La Reserve Villas,"Tucson, AZ",07104,2x2,943,1498,03/27/2025,True
La Reserve Villas,"Tucson, AZ",07105,2x2,943,1543,05/22/2024,False
La Reserve Villas,"Tucson, AZ",07105,2x2,943,1543,05/23/2024,False
La Reserve Villas,"Tucson, AZ",07105,2x2,943,1543,05/24/2024,False
La Reserve Villas,"Tucson, AZ",07105,2x2,943,1543,05/25/2024,False
La Reserve Villas,"Tucson, AZ",07105,2x2,943,1543,05/26/2024,False
La Reserve Villas,"Tucson, AZ",07105,2x2,943,1543,05/27/2024,False
La Reserve Villas,"Tucson, AZ",07105,2x2,943,1543,05/28/2024,False
La Reserve Villas,"Tucson, AZ",07105,2x2,943,1543,05/29/2024,False
La Reserve Villas,"Tucson, AZ",07105,2x2,943,1543,05/30/2024,False
La Reserve Villas,"Tucson, AZ",07105,2x2,943,1543,05/31/2024,False
La Reserve Villas,"Tucson, AZ",07105,2x2,943,1543,06/01/2024,False
La Reserve Villas,"Tucson, AZ",07105,2x2,943,1543,06/02/2024,False
La Reserve Villas,"Tucson, AZ",07105,2x2,943,1543,06/03/2024,False
La Reserve Villas,"Tucson, AZ",07105,2x2,943,1543,06/04/2024,False
La Reserve Villas,"Tucson, AZ",07105,2x2,943,1543,06/05/2024,False
La Reserve Villas,"Tucson, AZ",07105,2x2,943,1543,06/06/2024,False
La Reserve Villas,"Tucson, AZ",07105,2x2,943,1543,06/07/2024,False
La Reserve Villas,"Tucson, AZ",07105,2x2,943,1543,06/08/2024,False
La Reserve Villas,"Tucson, AZ",07105,2x2,943,1543,06/09/2024,False
La Reserve Villas,"Tucson, AZ",07105,2x2,943,1543,06/10/2024,False
La Reserve Villas,"Tucson, AZ",07105,2x2,943,1543,06/11/2024,True
La Reserve Villas,"Tucson, AZ",07202,2x2,943,1535,04/27/2025,True
La Reserve Villas,"Tucson, AZ",07204,2x2,943,1625,06/30/2023,False
La Reserve Villas,"Tucson, AZ",07204,2x2,943,1637,07/01/2023,False
La Reserve Villas,"Tucson, AZ",07204,2x2,943,1637,07/02/2023,False
La Reserve Villas,"Tucson, AZ",07204,2x2,943,1630,07/03/2023,False
La Reserve Villas,"Tucson, AZ",07204,2x2,943,1627,07/04/2023,False
La Reserve Villas,"Tucson, AZ",07204,2x2,943,1624,07/05/2023,False
La Reserve Villas,"Tucson, AZ",07204,2x2,943,1624,07/06/2023,False
La Reserve Villas,"Tucson, AZ",07204,2x2,943,1626,07/07/2023,False
La Reserve Villas,"Tucson, AZ",07204,2x2,943,1637,07/08/2023,False
La Reserve Villas,"Tucson, AZ",07204,2x2,943,1633,07/09/2023,False
La Reserve Villas,"Tucson, AZ",07204,2x2,943,1633,07/10/2023,True
La Reserve Villas,"Tucson, AZ",07204,2x2,943,1741,11/03/2023,False
La Reserve Villas,"Tucson, AZ",07204,2x2,943,1741,11/04/2023,False
La Reserve Villas,"Tucson, AZ",07204,2x2,943,1741,11/05/2023,False
La Reserve Villas,"Tucson, AZ",07204,2x2,943,1741,11/06/2023,False
La Reserve Villas,"Tucson, AZ",07204,2x2,943,1741,11/07/2023,False
La Reserve Villas,"Tucson, AZ",07204,2x2,943,1741,11/08/2023,False
La Reserve Villas,"Tucson, AZ",07204,2x2,943,1741,11/09/2023,False
La Reserve Villas,"Tucson, AZ",07204,2x2,943,1741,11/10/2023,False
La Reserve Villas,"Tucson, AZ",07204,2x2,943,1741,11/11/2023,False
La Reserve Villas,"Tucson, AZ",07204,2x2,943,1741,11/12/2023,False
La Reserve Villas,"Tucson, AZ",07204,2x2,943,1741,11/13/2023,False
La Reserve Villas,"Tucson, AZ",07204,2x2,943,1741,11/14/2023,False
La Reserve Villas,"Tucson, AZ",07204,2x2,943,1741,11/15/2023,False
La Reserve Villas,"Tucson, AZ",07204,2x2,943,1741,11/16/2023,False
La Reserve Villas,"Tucson, AZ",07204,2x2,943,1741,11/17/2023,False
La Reserve Villas,"Tucson, AZ",07204,2x2,943,1741,11/18/2023,False
La Reserve Villas,"Tucson, AZ",07204,2x2,943,1741,11/19/2023,False
La Reserve Villas,"Tucson, AZ",07204,2x2,943,1741,11/20/2023,False
La Reserve Villas,"Tucson, AZ",07204,2x2,943,1693,11/21/2023,False
La Reserve Villas,"Tucson, AZ",07204,2x2,943,1771,11/22/2023,False
La Reserve Villas,"Tucson, AZ",07204,2x2,943,1771,11/23/2023,False
La Reserve Villas,"Tucson, AZ",07204,2x2,943,1771,11/24/2023,False
La Reserve Villas,"Tucson, AZ",07204,2x2,943,1826,11/25/2023,False
La Reserve Villas,"Tucson, AZ",07204,2x2,943,1826,11/26/2023,False
La Reserve Villas,"Tucson, AZ",07204,2x2,943,1826,11/27/2023,False
La Reserve Villas,"Tucson, AZ",07204,2x2,943,1826,11/28/2023,False
La Reserve Villas,"Tucson, AZ",07204,2x2,943,1826,11/29/2023,False
La Reserve Villas,"Tucson, AZ",07204,2x2,943,1741,11/30/2023,False
La Reserve Villas,"Tucson, AZ",07204,2x2,943,1741,12/01/2023,False
La Reserve Villas,"Tucson, AZ",07204,2x2,943,1741,12/02/2023,False
La Reserve Villas,"Tucson, AZ",07204,2x2,943,1741,12/03/2023,False
La Reserve Villas,"Tucson, AZ",07204,2x2,943,1741,12/04/2023,False
La Reserve Villas,"Tucson, AZ",07204,2x2,943,1770,12/05/2023,False
La Reserve Villas,"Tucson, AZ",07204,2x2,943,1770,12/06/2023,False
La Reserve Villas,"Tucson, AZ",07204,2x2,943,1770,12/07/2023,False
La Reserve Villas,"Tucson, AZ",07204,2x2,943,1803,12/08/2023,False
La Reserve Villas,"Tucson, AZ",07204,2x2,943,1887,12/09/2023,False
La Reserve Villas,"Tucson, AZ",07204,2x2,943,1887,12/10/2023,False
La Reserve Villas,"Tucson, AZ",07204,2x2,943,1887,12/11/2023,False
La Reserve Villas,"Tucson, AZ",07204,2x2,943,1860,12/12/2023,False
La Reserve Villas,"Tucson, AZ",07204,2x2,943,1781,12/13/2023,False
La Reserve Villas,"Tucson, AZ",07204,2x2,943,1781,12/14/2023,False
La Reserve Villas,"Tucson, AZ",07204,2x2,943,1792,12/15/2023,False
La Reserve Villas,"Tucson, AZ",07204,2x2,943,1792,12/16/2023,False
La Reserve Villas,"Tucson, AZ",07204,2x2,943,1792,12/17/2023,False
La Reserve Villas,"Tucson, AZ",07204,2x2,943,1792,12/18/2023,False
La Reserve Villas,"Tucson, AZ",07204,2x2,943,1875,12/19/2023,False
La Reserve Villas,"Tucson, AZ",07204,2x2,943,1831,12/20/2023,False
La Reserve Villas,"Tucson, AZ",07204,2x2,943,1831,12/21/2023,False
La Reserve Villas,"Tucson, AZ",07204,2x2,943,1831,12/22/2023,False
La Reserve Villas,"Tucson, AZ",07204,2x2,943,1831,12/23/2023,False
La Reserve Villas,"Tucson, AZ",07204,2x2,943,1831,12/24/2023,False
La Reserve Villas,"Tucson, AZ",07204,2x2,943,1831,12/25/2023,False
La Reserve Villas,"Tucson, AZ",07204,2x2,943,1831,12/26/2023,False
La Reserve Villas,"Tucson, AZ",07204,2x2,943,1916,12/27/2023,False
La Reserve Villas,"Tucson, AZ",07204,2x2,943,2008,12/28/2023,False
La Reserve Villas,"Tucson, AZ",07204,2x2,943,1831,12/29/2023,False
La Reserve Villas,"Tucson, AZ",07204,2x2,943,1831,12/30/2023,False
La Reserve Villas,"Tucson, AZ",07204,2x2,943,1831,12/31/2023,False
La Reserve Villas,"Tucson, AZ",07204,2x2,943,1831,01/01/2024,False
La Reserve Villas,"Tucson, AZ",07204,2x2,943,1831,01/02/2024,False
La Reserve Villas,"Tucson, AZ",07204,2x2,943,1831,01/03/2024,False
La Reserve Villas,"Tucson, AZ",07204,2x2,943,1831,01/04/2024,False
La Reserve Villas,"Tucson, AZ",07204,2x2,943,1831,01/05/2024,False
La Reserve Villas,"Tucson, AZ",07204,2x2,943,1781,01/06/2024,False
La Reserve Villas,"Tucson, AZ",07204,2x2,943,1781,01/07/2024,False
La Reserve Villas,"Tucson, AZ",07204,2x2,943,1781,01/08/2024,False
La Reserve Villas,"Tucson, AZ",07204,2x2,943,1781,01/09/2024,False
La Reserve Villas,"Tucson, AZ",07204,2x2,943,1781,01/10/2024,False
La Reserve Villas,"Tucson, AZ",07204,2x2,943,1724,01/11/2024,False
La Reserve Villas,"Tucson, AZ",07204,2x2,943,1724,01/12/2024,False
La Reserve Villas,"Tucson, AZ",07204,2x2,943,1724,01/13/2024,False
La Reserve Villas,"Tucson, AZ",07204,2x2,943,1724,01/14/2024,False
La Reserve Villas,"Tucson, AZ",07204,2x2,943,1724,01/15/2024,False
La Reserve Villas,"Tucson, AZ",07204,2x2,943,1747,01/16/2024,False
La Reserve Villas,"Tucson, AZ",07204,2x2,943,1747,01/17/2024,False
La Reserve Villas,"Tucson, AZ",07204,2x2,943,1747,01/18/2024,False
La Reserve Villas,"Tucson, AZ",07204,2x2,943,1747,01/19/2024,False
La Reserve Villas,"Tucson, AZ",07204,2x2,943,1747,01/20/2024,False
La Reserve Villas,"Tucson, AZ",07204,2x2,943,1747,01/21/2024,False
La Reserve Villas,"Tucson, AZ",07204,2x2,943,1747,01/22/2024,False
La Reserve Villas,"Tucson, AZ",07204,2x2,943,1747,01/23/2024,False
La Reserve Villas,"Tucson, AZ",07204,2x2,943,1747,01/24/2024,False
La Reserve Villas,"Tucson, AZ",07204,2x2,943,1747,01/25/2024,False
La Reserve Villas,"Tucson, AZ",07204,2x2,943,1747,01/26/2024,False
La Reserve Villas,"Tucson, AZ",07204,2x2,943,1747,01/27/2024,False
La Reserve Villas,"Tucson, AZ",07204,2x2,943,1742,01/28/2024,False
La Reserve Villas,"Tucson, AZ",07204,2x2,943,1737,01/29/2024,False
La Reserve Villas,"Tucson, AZ",07204,2x2,943,1732,01/30/2024,False
La Reserve Villas,"Tucson, AZ",07204,2x2,943,1728,01/31/2024,False
La Reserve Villas,"Tucson, AZ",07204,2x2,943,1723,02/01/2024,False
La Reserve Villas,"Tucson, AZ",07204,2x2,943,1718,02/02/2024,False
La Reserve Villas,"Tucson, AZ",07204,2x2,943,1698,02/03/2024,False
La Reserve Villas,"Tucson, AZ",07204,2x2,943,1694,02/04/2024,False
La Reserve Villas,"Tucson, AZ",07204,2x2,943,1689,02/05/2024,False
La Reserve Villas,"Tucson, AZ",07204,2x2,943,1684,02/06/2024,False
La Reserve Villas,"Tucson, AZ",07204,2x2,943,1679,02/07/2024,False
La Reserve Villas,"Tucson, AZ",07204,2x2,943,1674,02/08/2024,False
La Reserve Villas,"Tucson, AZ",07204,2x2,943,1669,02/09/2024,False
La Reserve Villas,"Tucson, AZ",07204,2x2,943,1665,02/10/2024,False
La Reserve Villas,"Tucson, AZ",07204,2x2,943,1660,02/11/2024,False
La Reserve Villas,"Tucson, AZ",07204,2x2,943,1655,02/12/2024,False
La Reserve Villas,"Tucson, AZ",07204,2x2,943,1650,02/13/2024,False
La Reserve Villas,"Tucson, AZ",07204,2x2,943,1622,02/14/2024,False
La Reserve Villas,"Tucson, AZ",07204,2x2,943,1617,02/15/2024,False
La Reserve Villas,"Tucson, AZ",07204,2x2,943,1617,02/16/2024,False
La Reserve Villas,"Tucson, AZ",07204,2x2,943,1617,02/17/2024,False
La Reserve Villas,"Tucson, AZ",07204,2x2,943,1556,02/18/2024,False
La Reserve Villas,"Tucson, AZ",07204,2x2,943,1551,02/19/2024,False
La Reserve Villas,"Tucson, AZ",07204,2x2,943,1547,02/20/2024,False
La Reserve Villas,"Tucson, AZ",07204,2x2,943,1542,02/21/2024,False
La Reserve Villas,"Tucson, AZ",07204,2x2,943,1537,02/22/2024,False
La Reserve Villas,"Tucson, AZ",07204,2x2,943,1555,02/23/2024,False
La Reserve Villas,"Tucson, AZ",07204,2x2,943,1555,02/24/2024,False
La Reserve Villas,"Tucson, AZ",07204,2x2,943,1555,02/25/2024,False
La Reserve Villas,"Tucson, AZ",07204,2x2,943,1587,02/26/2024,False
La Reserve Villas,"Tucson, AZ",07204,2x2,943,1555,02/27/2024,False
La Reserve Villas,"Tucson, AZ",07204,2x2,943,1555,02/28/2024,False
La Reserve Villas,"Tucson, AZ",07204,2x2,943,1592,02/29/2024,False
La Reserve Villas,"Tucson, AZ",07204,2x2,943,1592,03/01/2024,False
La Reserve Villas,"Tucson, AZ",07204,2x2,943,1545,03/02/2024,False
La Reserve Villas,"Tucson, AZ",07204,2x2,943,1545,03/03/2024,False
La Reserve Villas,"Tucson, AZ",07204,2x2,943,1545,03/04/2024,False
La Reserve Villas,"Tucson, AZ",07204,2x2,943,1616,03/05/2024,False
La Reserve Villas,"Tucson, AZ",07204,2x2,943,1563,03/06/2024,False
La Reserve Villas,"Tucson, AZ",07204,2x2,943,1569,03/07/2024,False
La Reserve Villas,"Tucson, AZ",07204,2x2,943,1569,03/08/2024,False
La Reserve Villas,"Tucson, AZ",07204,2x2,943,1569,03/09/2024,False
La Reserve Villas,"Tucson, AZ",07204,2x2,943,1569,03/10/2024,False
La Reserve Villas,"Tucson, AZ",07204,2x2,943,1569,03/11/2024,False
La Reserve Villas,"Tucson, AZ",07204,2x2,943,1569,03/12/2024,False
La Reserve Villas,"Tucson, AZ",07204,2x2,943,1569,03/13/2024,False
La Reserve Villas,"Tucson, AZ",07204,2x2,943,1498,03/14/2024,False
La Reserve Villas,"Tucson, AZ",07204,2x2,943,1498,03/15/2024,False
La Reserve Villas,"Tucson, AZ",07204,2x2,943,1566,03/16/2024,False
La Reserve Villas,"Tucson, AZ",07204,2x2,943,1566,03/17/2024,False
La Reserve Villas,"Tucson, AZ",07204,2x2,943,1566,03/18/2024,False
La Reserve Villas,"Tucson, AZ",07204,2x2,943,1566,03/19/2024,False
La Reserve Villas,"Tucson, AZ",07204,2x2,943,1566,03/20/2024,True
La Reserve Villas,"Tucson, AZ",07204,2x2,943,1729,01/02/2025,False
La Reserve Villas,"Tucson, AZ",07204,2x2,943,1729,01/03/2025,False
La Reserve Villas,"Tucson, AZ",07204,2x2,943,1729,01/04/2025,False
La Reserve Villas,"Tucson, AZ",07204,2x2,943,1729,01/05/2025,False
La Reserve Villas,"Tucson, AZ",07204,2x2,943,1729,01/06/2025,False
La Reserve Villas,"Tucson, AZ",07204,2x2,943,1729,01/07/2025,False
La Reserve Villas,"Tucson, AZ",07204,2x2,943,1709,01/08/2025,False
La Reserve Villas,"Tucson, AZ",07204,2x2,943,1709,01/09/2025,False
La Reserve Villas,"Tucson, AZ",07204,2x2,943,1709,01/10/2025,True
La Reserve Villas,"Tucson, AZ",08101,3x2,1111,2207,07/19/2023,False
La Reserve Villas,"Tucson, AZ",08101,3x2,1111,1936,07/20/2023,False
La Reserve Villas,"Tucson, AZ",08101,3x2,1111,1936,07/21/2023,False
La Reserve Villas,"Tucson, AZ",08101,3x2,1111,1936,07/22/2023,False
La Reserve Villas,"Tucson, AZ",08101,3x2,1111,1936,07/23/2023,False
La Reserve Villas,"Tucson, AZ",08101,3x2,1111,1936,07/24/2023,False
La Reserve Villas,"Tucson, AZ",08101,3x2,1111,1936,07/25/2023,False
La Reserve Villas,"Tucson, AZ",08101,3x2,1111,1936,07/26/2023,False
La Reserve Villas,"Tucson, AZ",08101,3x2,1111,1936,07/27/2023,False
La Reserve Villas,"Tucson, AZ",08101,3x2,1111,1901,07/28/2023,False
La Reserve Villas,"Tucson, AZ",08101,3x2,1111,1901,07/29/2023,False
La Reserve Villas,"Tucson, AZ",08101,3x2,1111,1901,07/30/2023,False
La Reserve Villas,"Tucson, AZ",08101,3x2,1111,1901,07/31/2023,False
La Reserve Villas,"Tucson, AZ",08101,3x2,1111,1901,08/01/2023,False
La Reserve Villas,"Tucson, AZ",08101,3x2,1111,1801,08/02/2023,False
La Reserve Villas,"Tucson, AZ",08101,3x2,1111,1801,08/03/2023,False
La Reserve Villas,"Tucson, AZ",08101,3x2,1111,1801,08/04/2023,False
La Reserve Villas,"Tucson, AZ",08101,3x2,1111,1813,08/05/2023,False
La Reserve Villas,"Tucson, AZ",08101,3x2,1111,1813,08/06/2023,True
La Reserve Villas,"Tucson, AZ",08102,1x1,697,1370,12/27/2024,False
La Reserve Villas,"Tucson, AZ",08102,1x1,697,1370,12/28/2024,False
La Reserve Villas,"Tucson, AZ",08102,1x1,697,1370,12/29/2024,False
La Reserve Villas,"Tucson, AZ",08102,1x1,697,1370,12/30/2024,False
La Reserve Villas,"Tucson, AZ",08102,1x1,697,1370,12/31/2024,False
La Reserve Villas,"Tucson, AZ",08102,1x1,697,1370,01/01/2025,False
La Reserve Villas,"Tucson, AZ",08102,1x1,697,1370,01/02/2025,False
La Reserve Villas,"Tucson, AZ",08102,1x1,697,1370,01/03/2025,False
La Reserve Villas,"Tucson, AZ",08102,1x1,697,1370,01/04/2025,False
La Reserve Villas,"Tucson, AZ",08102,1x1,697,1370,01/05/2025,False
La Reserve Villas,"Tucson, AZ",08102,1x1,697,1370,01/06/2025,False
La Reserve Villas,"Tucson, AZ",08102,1x1,697,1400,01/07/2025,False
La Reserve Villas,"Tucson, AZ",08102,1x1,697,1400,01/08/2025,False
La Reserve Villas,"Tucson, AZ",08102,1x1,697,1400,01/09/2025,False
La Reserve Villas,"Tucson, AZ",08102,1x1,697,1400,01/10/2025,False
La Reserve Villas,"Tucson, AZ",08102,1x1,697,1400,01/11/2025,False
La Reserve Villas,"Tucson, AZ",08102,1x1,697,1400,01/12/2025,False
La Reserve Villas,"Tucson, AZ",08102,1x1,697,1370,01/13/2025,False
La Reserve Villas,"Tucson, AZ",08102,1x1,697,1370,01/14/2025,False
La Reserve Villas,"Tucson, AZ",08102,1x1,697,1370,01/15/2025,False
La Reserve Villas,"Tucson, AZ",08102,1x1,697,1370,01/16/2025,False
La Reserve Villas,"Tucson, AZ",08102,1x1,697,1370,01/17/2025,False
La Reserve Villas,"Tucson, AZ",08102,1x1,697,1370,01/18/2025,False
La Reserve Villas,"Tucson, AZ",08102,1x1,697,1370,01/19/2025,False
La Reserve Villas,"Tucson, AZ",08102,1x1,697,1370,01/20/2025,False
La Reserve Villas,"Tucson, AZ",08102,1x1,697,1370,01/21/2025,False
La Reserve Villas,"Tucson, AZ",08102,1x1,697,1370,01/22/2025,False
La Reserve Villas,"Tucson, AZ",08102,1x1,697,1370,01/23/2025,False
La Reserve Villas,"Tucson, AZ",08102,1x1,697,1370,01/24/2025,False
La Reserve Villas,"Tucson, AZ",08102,1x1,697,1370,01/25/2025,False
La Reserve Villas,"Tucson, AZ",08102,1x1,697,1370,01/26/2025,False
La Reserve Villas,"Tucson, AZ",08102,1x1,697,1370,01/27/2025,False
La Reserve Villas,"Tucson, AZ",08102,1x1,697,1390,01/28/2025,False
La Reserve Villas,"Tucson, AZ",08102,1x1,697,1390,01/29/2025,False
La Reserve Villas,"Tucson, AZ",08102,1x1,697,1390,01/30/2025,False
La Reserve Villas,"Tucson, AZ",08102,1x1,697,1390,01/31/2025,False
La Reserve Villas,"Tucson, AZ",08102,1x1,697,1390,02/01/2025,False
La Reserve Villas,"Tucson, AZ",08102,1x1,697,1390,02/02/2025,False
La Reserve Villas,"Tucson, AZ",08102,1x1,697,1390,02/03/2025,False
La Reserve Villas,"Tucson, AZ",08102,1x1,697,1406,02/04/2025,False
La Reserve Villas,"Tucson, AZ",08102,1x1,697,1406,02/05/2025,False
La Reserve Villas,"Tucson, AZ",08102,1x1,697,1406,02/06/2025,False
La Reserve Villas,"Tucson, AZ",08102,1x1,697,1406,02/07/2025,False
La Reserve Villas,"Tucson, AZ",08102,1x1,697,1406,02/08/2025,False
La Reserve Villas,"Tucson, AZ",08102,1x1,697,1406,02/09/2025,False
La Reserve Villas,"Tucson, AZ",08102,1x1,697,1406,02/10/2025,False
La Reserve Villas,"Tucson, AZ",08102,1x1,697,1406,02/11/2025,False
La Reserve Villas,"Tucson, AZ",08102,1x1,697,1406,02/12/2025,False
La Reserve Villas,"Tucson, AZ",08102,1x1,697,1386,02/13/2025,False
La Reserve Villas,"Tucson, AZ",08102,1x1,697,1386,02/14/2025,False
La Reserve Villas,"Tucson, AZ",08102,1x1,697,1386,02/15/2025,False
La Reserve Villas,"Tucson, AZ",08102,1x1,697,1386,02/16/2025,False
La Reserve Villas,"Tucson, AZ",08102,1x1,697,1386,02/17/2025,True
La Reserve Villas,"Tucson, AZ",08104,1x1,697,1203,06/30/2023,False
La Reserve Villas,"Tucson, AZ",08104,1x1,697,1203,07/01/2023,True
La Reserve Villas,"Tucson, AZ",08104,1x1,697,1411,04/10/2024,False
La Reserve Villas,"Tucson, AZ",08104,1x1,697,1411,04/11/2024,False
La Reserve Villas,"Tucson, AZ",08104,1x1,697,1427,04/12/2024,False
La Reserve Villas,"Tucson, AZ",08104,1x1,697,1443,04/13/2024,False
La Reserve Villas,"Tucson, AZ",08104,1x1,697,1443,04/14/2024,False
La Reserve Villas,"Tucson, AZ",08104,1x1,697,1443,04/15/2024,False
La Reserve Villas,"Tucson, AZ",08104,1x1,697,1443,04/16/2024,False
La Reserve Villas,"Tucson, AZ",08104,1x1,697,1469,04/17/2024,False
La Reserve Villas,"Tucson, AZ",08104,1x1,697,1469,04/18/2024,False
La Reserve Villas,"Tucson, AZ",08104,1x1,697,1443,04/19/2024,False
La Reserve Villas,"Tucson, AZ",08104,1x1,697,1393,04/20/2024,False
La Reserve Villas,"Tucson, AZ",08104,1x1,697,1393,04/21/2024,False
La Reserve Villas,"Tucson, AZ",08104,1x1,697,1393,04/22/2024,False
La Reserve Villas,"Tucson, AZ",08104,1x1,697,1373,04/23/2024,False
La Reserve Villas,"Tucson, AZ",08104,1x1,697,1393,04/24/2024,False
La Reserve Villas,"Tucson, AZ",08104,1x1,697,1396,04/25/2024,False
La Reserve Villas,"Tucson, AZ",08104,1x1,697,1400,04/26/2024,False
La Reserve Villas,"Tucson, AZ",08104,1x1,697,1400,04/27/2024,False
La Reserve Villas,"Tucson, AZ",08104,1x1,697,1400,04/28/2024,False
La Reserve Villas,"Tucson, AZ",08104,1x1,697,1400,04/29/2024,False
La Reserve Villas,"Tucson, AZ",08104,1x1,697,1420,04/30/2024,False
La Reserve Villas,"Tucson, AZ",08104,1x1,697,1489,05/01/2024,False
La Reserve Villas,"Tucson, AZ",08104,1x1,697,1447,05/02/2024,False
La Reserve Villas,"Tucson, AZ",08104,1x1,697,1447,05/03/2024,False
La Reserve Villas,"Tucson, AZ",08104,1x1,697,1447,05/04/2024,False
La Reserve Villas,"Tucson, AZ",08104,1x1,697,1447,05/05/2024,False
La Reserve Villas,"Tucson, AZ",08104,1x1,697,1447,05/06/2024,False
La Reserve Villas,"Tucson, AZ",08104,1x1,697,1447,05/07/2024,False
La Reserve Villas,"Tucson, AZ",08104,1x1,697,1447,05/08/2024,False
La Reserve Villas,"Tucson, AZ",08104,1x1,697,1447,05/09/2024,False
La Reserve Villas,"Tucson, AZ",08104,1x1,697,1447,05/10/2024,False
La Reserve Villas,"Tucson, AZ",08104,1x1,697,1447,05/11/2024,False
La Reserve Villas,"Tucson, AZ",08104,1x1,697,1447,05/12/2024,False
La Reserve Villas,"Tucson, AZ",08104,1x1,697,1447,05/13/2024,False
La Reserve Villas,"Tucson, AZ",08104,1x1,697,1443,05/14/2024,False
La Reserve Villas,"Tucson, AZ",08104,1x1,697,1513,05/15/2024,False
La Reserve Villas,"Tucson, AZ",08104,1x1,697,1513,05/16/2024,False
La Reserve Villas,"Tucson, AZ",08104,1x1,697,1513,05/17/2024,False
La Reserve Villas,"Tucson, AZ",08104,1x1,697,1586,05/18/2024,False
La Reserve Villas,"Tucson, AZ",08104,1x1,697,1586,05/19/2024,False
La Reserve Villas,"Tucson, AZ",08104,1x1,697,1586,05/20/2024,False
La Reserve Villas,"Tucson, AZ",08104,1x1,697,1663,05/21/2024,False
La Reserve Villas,"Tucson, AZ",08104,1x1,697,1663,05/22/2024,False
La Reserve Villas,"Tucson, AZ",08104,1x1,697,1663,05/23/2024,False
La Reserve Villas,"Tucson, AZ",08104,1x1,697,1663,05/24/2024,False
La Reserve Villas,"Tucson, AZ",08104,1x1,697,1663,05/25/2024,False
La Reserve Villas,"Tucson, AZ",08104,1x1,697,1663,05/26/2024,False
La Reserve Villas,"Tucson, AZ",08104,1x1,697,1663,05/27/2024,False
La Reserve Villas,"Tucson, AZ",08104,1x1,697,1663,05/28/2024,False
La Reserve Villas,"Tucson, AZ",08104,1x1,697,1543,05/29/2024,False
La Reserve Villas,"Tucson, AZ",08104,1x1,697,1543,05/30/2024,False
La Reserve Villas,"Tucson, AZ",08104,1x1,697,1543,05/31/2024,False
La Reserve Villas,"Tucson, AZ",08104,1x1,697,1543,06/01/2024,False
La Reserve Villas,"Tucson, AZ",08104,1x1,697,1543,06/02/2024,False
La Reserve Villas,"Tucson, AZ",08104,1x1,697,1543,06/03/2024,False
La Reserve Villas,"Tucson, AZ",08104,1x1,697,1543,06/04/2024,False
La Reserve Villas,"Tucson, AZ",08104,1x1,697,1543,06/05/2024,False
La Reserve Villas,"Tucson, AZ",08104,1x1,697,1543,06/06/2024,False
La Reserve Villas,"Tucson, AZ",08104,1x1,697,1543,06/07/2024,False
La Reserve Villas,"Tucson, AZ",08104,1x1,697,1543,06/08/2024,False
La Reserve Villas,"Tucson, AZ",08104,1x1,697,1543,06/09/2024,False
La Reserve Villas,"Tucson, AZ",08104,1x1,697,1543,06/10/2024,False
La Reserve Villas,"Tucson, AZ",08104,1x1,697,1543,06/11/2024,False
La Reserve Villas,"Tucson, AZ",08104,1x1,697,1543,06/12/2024,False
La Reserve Villas,"Tucson, AZ",08104,1x1,697,1468,06/13/2024,False
La Reserve Villas,"Tucson, AZ",08104,1x1,697,1468,06/14/2024,False
La Reserve Villas,"Tucson, AZ",08104,1x1,697,1468,06/15/2024,False
La Reserve Villas,"Tucson, AZ",08104,1x1,697,1468,06/16/2024,False
La Reserve Villas,"Tucson, AZ",08104,1x1,697,1468,06/17/2024,False
La Reserve Villas,"Tucson, AZ",08104,1x1,697,1395,06/18/2024,False
La Reserve Villas,"Tucson, AZ",08104,1x1,697,1395,06/19/2024,False
La Reserve Villas,"Tucson, AZ",08104,1x1,697,1395,06/20/2024,False
La Reserve Villas,"Tucson, AZ",08104,1x1,697,1395,06/21/2024,False
La Reserve Villas,"Tucson, AZ",08104,1x1,697,1395,06/22/2024,False
La Reserve Villas,"Tucson, AZ",08104,1x1,697,1395,06/23/2024,False
La Reserve Villas,"Tucson, AZ",08104,1x1,697,1395,06/24/2024,False
La Reserve Villas,"Tucson, AZ",08104,1x1,697,1395,06/25/2024,False
La Reserve Villas,"Tucson, AZ",08104,1x1,697,1395,06/26/2024,False
La Reserve Villas,"Tucson, AZ",08104,1x1,697,1395,06/27/2024,True
La Reserve Villas,"Tucson, AZ",08106,3x2,1111,1740,06/30/2023,False
La Reserve Villas,"Tucson, AZ",08106,3x2,1111,1740,07/01/2023,True
La Reserve Villas,"Tucson, AZ",08204,1x1,697,1477,07/02/2023,False
La Reserve Villas,"Tucson, AZ",08204,1x1,697,1277,07/03/2023,False
La Reserve Villas,"Tucson, AZ",08204,1x1,697,1277,07/04/2023,False
La Reserve Villas,"Tucson, AZ",08204,1x1,697,1300,07/05/2023,False
La Reserve Villas,"Tucson, AZ",08204,1x1,697,1300,07/06/2023,True
La Reserve Villas,"Tucson, AZ",08204,1x1,697,1373,04/24/2024,False
La Reserve Villas,"Tucson, AZ",08204,1x1,697,1376,04/25/2024,False
La Reserve Villas,"Tucson, AZ",08204,1x1,697,1376,04/26/2024,True
La Reserve Villas,"Tucson, AZ",08204,1x1,697,1352,11/14/2024,False
La Reserve Villas,"Tucson, AZ",08204,1x1,697,1352,11/15/2024,False
La Reserve Villas,"Tucson, AZ",08204,1x1,697,1352,11/16/2024,False
La Reserve Villas,"Tucson, AZ",08204,1x1,697,1352,11/17/2024,False
La Reserve Villas,"Tucson, AZ",08204,1x1,697,1352,11/18/2024,False
La Reserve Villas,"Tucson, AZ",08204,1x1,697,1370,11/19/2024,False
La Reserve Villas,"Tucson, AZ",08204,1x1,697,1370,11/20/2024,False
La Reserve Villas,"Tucson, AZ",08204,1x1,697,1352,11/21/2024,False
La Reserve Villas,"Tucson, AZ",08204,1x1,697,1352,11/22/2024,False
La Reserve Villas,"Tucson, AZ",08204,1x1,697,1352,11/23/2024,False
La Reserve Villas,"Tucson, AZ",08204,1x1,697,1352,11/24/2024,False
La Reserve Villas,"Tucson, AZ",08204,1x1,697,1352,11/25/2024,False
La Reserve Villas,"Tucson, AZ",08204,1x1,697,1352,11/26/2024,False
La Reserve Villas,"Tucson, AZ",08204,1x1,697,1352,11/27/2024,False
La Reserve Villas,"Tucson, AZ",08204,1x1,697,1352,11/28/2024,False
La Reserve Villas,"Tucson, AZ",08204,1x1,697,1352,11/29/2024,False
La Reserve Villas,"Tucson, AZ",08204,1x1,697,1352,11/30/2024,False
La Reserve Villas,"Tucson, AZ",08204,1x1,697,1352,12/01/2024,False
La Reserve Villas,"Tucson, AZ",08204,1x1,697,1352,12/02/2024,False
La Reserve Villas,"Tucson, AZ",08204,1x1,697,1352,12/03/2024,False
La Reserve Villas,"Tucson, AZ",08204,1x1,697,1352,12/04/2024,False
La Reserve Villas,"Tucson, AZ",08204,1x1,697,1352,12/05/2024,False
La Reserve Villas,"Tucson, AZ",08204,1x1,697,1352,12/06/2024,False
La Reserve Villas,"Tucson, AZ",08204,1x1,697,1352,12/07/2024,False
La Reserve Villas,"Tucson, AZ",08204,1x1,697,1352,12/08/2024,False
La Reserve Villas,"Tucson, AZ",08204,1x1,697,1396,12/09/2024,False
La Reserve Villas,"Tucson, AZ",08204,1x1,697,1386,12/10/2024,False
La Reserve Villas,"Tucson, AZ",08204,1x1,697,1386,12/11/2024,False
La Reserve Villas,"Tucson, AZ",08204,1x1,697,1376,12/12/2024,False
La Reserve Villas,"Tucson, AZ",08204,1x1,697,1350,12/13/2024,False
La Reserve Villas,"Tucson, AZ",08204,1x1,697,1350,12/14/2024,False
La Reserve Villas,"Tucson, AZ",08204,1x1,697,1350,12/15/2024,False
La Reserve Villas,"Tucson, AZ",08204,1x1,697,1350,12/16/2024,False
La Reserve Villas,"Tucson, AZ",08204,1x1,697,1380,12/17/2024,False
La Reserve Villas,"Tucson, AZ",08204,1x1,697,1366,12/18/2024,False
La Reserve Villas,"Tucson, AZ",08204,1x1,697,1366,12/19/2024,False
La Reserve Villas,"Tucson, AZ",08204,1x1,697,1350,12/20/2024,False
La Reserve Villas,"Tucson, AZ",08204,1x1,697,1350,12/21/2024,False
La Reserve Villas,"Tucson, AZ",08204,1x1,697,1350,12/22/2024,False
La Reserve Villas,"Tucson, AZ",08204,1x1,697,1350,12/23/2024,False
La Reserve Villas,"Tucson, AZ",08204,1x1,697,1350,12/24/2024,False
La Reserve Villas,"Tucson, AZ",08204,1x1,697,1350,12/25/2024,False
La Reserve Villas,"Tucson, AZ",08204,1x1,697,1350,12/26/2024,False
La Reserve Villas,"Tucson, AZ",08204,1x1,697,1350,12/27/2024,False
La Reserve Villas,"Tucson, AZ",08204,1x1,697,1350,12/28/2024,False
La Reserve Villas,"Tucson, AZ",08204,1x1,697,1350,12/29/2024,False
La Reserve Villas,"Tucson, AZ",08204,1x1,697,1350,12/30/2024,False
La Reserve Villas,"Tucson, AZ",08204,1x1,697,1350,12/31/2024,False
La Reserve Villas,"Tucson, AZ",08204,1x1,697,1350,01/01/2025,False
La Reserve Villas,"Tucson, AZ",08204,1x1,697,1350,01/02/2025,False
La Reserve Villas,"Tucson, AZ",08204,1x1,697,1350,01/03/2025,False
La Reserve Villas,"Tucson, AZ",08204,1x1,697,1350,01/04/2025,False
La Reserve Villas,"Tucson, AZ",08204,1x1,697,1350,01/05/2025,False
La Reserve Villas,"Tucson, AZ",08204,1x1,697,1350,01/06/2025,False
La Reserve Villas,"Tucson, AZ",08204,1x1,697,1380,01/07/2025,False
La Reserve Villas,"Tucson, AZ",08204,1x1,697,1380,01/08/2025,False
La Reserve Villas,"Tucson, AZ",08204,1x1,697,1380,01/09/2025,False
La Reserve Villas,"Tucson, AZ",08204,1x1,697,1380,01/10/2025,False
La Reserve Villas,"Tucson, AZ",08204,1x1,697,1380,01/11/2025,False
La Reserve Villas,"Tucson, AZ",08204,1x1,697,1380,01/12/2025,False
La Reserve Villas,"Tucson, AZ",08204,1x1,697,1350,01/13/2025,False
La Reserve Villas,"Tucson, AZ",08204,1x1,697,1350,01/14/2025,False
La Reserve Villas,"Tucson, AZ",08204,1x1,697,1350,01/15/2025,False
La Reserve Villas,"Tucson, AZ",08204,1x1,697,1350,01/16/2025,False
La Reserve Villas,"Tucson, AZ",08204,1x1,697,1350,01/17/2025,False
La Reserve Villas,"Tucson, AZ",08204,1x1,697,1350,01/18/2025,False
La Reserve Villas,"Tucson, AZ",08204,1x1,697,1350,01/19/2025,False
La Reserve Villas,"Tucson, AZ",08204,1x1,697,1350,01/20/2025,False
La Reserve Villas,"Tucson, AZ",08204,1x1,697,1350,01/21/2025,False
La Reserve Villas,"Tucson, AZ",08204,1x1,697,1350,01/22/2025,False
La Reserve Villas,"Tucson, AZ",08204,1x1,697,1350,01/23/2025,False
La Reserve Villas,"Tucson, AZ",08204,1x1,697,1350,01/24/2025,False
La Reserve Villas,"Tucson, AZ",08204,1x1,697,1350,01/25/2025,False
La Reserve Villas,"Tucson, AZ",08204,1x1,697,1350,01/26/2025,False
La Reserve Villas,"Tucson, AZ",08204,1x1,697,1350,01/27/2025,False
La Reserve Villas,"Tucson, AZ",08204,1x1,697,1370,01/28/2025,False
La Reserve Villas,"Tucson, AZ",08204,1x1,697,1370,01/29/2025,False
La Reserve Villas,"Tucson, AZ",08204,1x1,697,1370,01/30/2025,False
La Reserve Villas,"Tucson, AZ",08204,1x1,697,1370,01/31/2025,False
La Reserve Villas,"Tucson, AZ",08204,1x1,697,1370,02/01/2025,False
La Reserve Villas,"Tucson, AZ",08204,1x1,697,1370,02/02/2025,False
La Reserve Villas,"Tucson, AZ",08204,1x1,697,1370,02/03/2025,False
La Reserve Villas,"Tucson, AZ",08204,1x1,697,1370,02/04/2025,False
La Reserve Villas,"Tucson, AZ",08204,1x1,697,1370,02/05/2025,False
La Reserve Villas,"Tucson, AZ",08204,1x1,697,1370,02/06/2025,False
La Reserve Villas,"Tucson, AZ",08204,1x1,697,1370,02/07/2025,False
La Reserve Villas,"Tucson, AZ",08204,1x1,697,1370,02/08/2025,False
La Reserve Villas,"Tucson, AZ",08204,1x1,697,1370,02/09/2025,False
La Reserve Villas,"Tucson, AZ",08204,1x1,697,1370,02/10/2025,False
La Reserve Villas,"Tucson, AZ",08204,1x1,697,1370,02/11/2025,False
La Reserve Villas,"Tucson, AZ",08204,1x1,697,1370,02/12/2025,False
La Reserve Villas,"Tucson, AZ",08204,1x1,697,1350,02/13/2025,False
La Reserve Villas,"Tucson, AZ",08204,1x1,697,1350,02/14/2025,False
La Reserve Villas,"Tucson, AZ",08204,1x1,697,1346,02/15/2025,False
La Reserve Villas,"Tucson, AZ",08204,1x1,697,1343,02/16/2025,False
La Reserve Villas,"Tucson, AZ",08204,1x1,697,1339,02/17/2025,False
La Reserve Villas,"Tucson, AZ",08204,1x1,697,1335,02/18/2025,False
La Reserve Villas,"Tucson, AZ",08204,1x1,697,1331,02/19/2025,False
La Reserve Villas,"Tucson, AZ",08204,1x1,697,1324,02/20/2025,False
La Reserve Villas,"Tucson, AZ",08204,1x1,697,1320,02/21/2025,False
La Reserve Villas,"Tucson, AZ",08204,1x1,697,1316,02/22/2025,False
La Reserve Villas,"Tucson, AZ",08204,1x1,697,1312,02/23/2025,False
La Reserve Villas,"Tucson, AZ",08204,1x1,697,1309,02/24/2025,False
La Reserve Villas,"Tucson, AZ",08204,1x1,697,1305,02/25/2025,False
La Reserve Villas,"Tucson, AZ",08204,1x1,697,1301,02/26/2025,False
La Reserve Villas,"Tucson, AZ",08204,1x1,697,1297,02/27/2025,False
La Reserve Villas,"Tucson, AZ",08204,1x1,697,1294,02/28/2025,False
La Reserve Villas,"Tucson, AZ",08204,1x1,697,1290,03/01/2025,False
La Reserve Villas,"Tucson, AZ",08204,1x1,697,1299,03/02/2025,False
La Reserve Villas,"Tucson, AZ",08204,1x1,697,1296,03/03/2025,False
La Reserve Villas,"Tucson, AZ",08204,1x1,697,1292,03/04/2025,False
La Reserve Villas,"Tucson, AZ",08204,1x1,697,1292,03/05/2025,False
La Reserve Villas,"Tucson, AZ",08204,1x1,697,1271,03/06/2025,False
La Reserve Villas,"Tucson, AZ",08204,1x1,697,1268,03/07/2025,False
La Reserve Villas,"Tucson, AZ",08204,1x1,697,1264,03/08/2025,False
La Reserve Villas,"Tucson, AZ",08204,1x1,697,1264,03/09/2025,False
La Reserve Villas,"Tucson, AZ",08204,1x1,697,1264,03/10/2025,False
La Reserve Villas,"Tucson, AZ",08204,1x1,697,1253,03/11/2025,False
La Reserve Villas,"Tucson, AZ",08204,1x1,697,1253,03/12/2025,False
La Reserve Villas,"Tucson, AZ",08204,1x1,697,1245,03/13/2025,False
La Reserve Villas,"Tucson, AZ",08204,1x1,697,1241,03/14/2025,False
La Reserve Villas,"Tucson, AZ",08204,1x1,697,1238,03/15/2025,False
La Reserve Villas,"Tucson, AZ",08204,1x1,697,1234,03/16/2025,False
La Reserve Villas,"Tucson, AZ",08204,1x1,697,1234,03/17/2025,False
La Reserve Villas,"Tucson, AZ",08204,1x1,697,1234,03/18/2025,False
La Reserve Villas,"Tucson, AZ",08204,1x1,697,1234,03/19/2025,False
La Reserve Villas,"Tucson, AZ",08204,1x1,697,1234,03/20/2025,False
La Reserve Villas,"Tucson, AZ",08204,1x1,697,1234,03/21/2025,False
La Reserve Villas,"Tucson, AZ",08204,1x1,697,1234,03/22/2025,False
La Reserve Villas,"Tucson, AZ",08204,1x1,697,1234,03/23/2025,False
La Reserve Villas,"Tucson, AZ",08204,1x1,697,1234,03/24/2025,False
La Reserve Villas,"Tucson, AZ",08204,1x1,697,1234,03/25/2025,False
La Reserve Villas,"Tucson, AZ",08204,1x1,697,1234,03/26/2025,True
La Reserve Villas,"Tucson, AZ",08206,3x2,1111,1879,12/09/2023,False
La Reserve Villas,"Tucson, AZ",08206,3x2,1111,1879,12/10/2023,False
La Reserve Villas,"Tucson, AZ",08206,3x2,1111,1879,12/11/2023,False
La Reserve Villas,"Tucson, AZ",08206,3x2,1111,1879,12/12/2023,False
La Reserve Villas,"Tucson, AZ",08206,3x2,1111,1879,12/13/2023,False
La Reserve Villas,"Tucson, AZ",08206,3x2,1111,1879,12/14/2023,False
La Reserve Villas,"Tucson, AZ",08206,3x2,1111,1879,12/15/2023,False
La Reserve Villas,"Tucson, AZ",08206,3x2,1111,1879,12/16/2023,False
La Reserve Villas,"Tucson, AZ",08206,3x2,1111,1879,12/17/2023,False
La Reserve Villas,"Tucson, AZ",08206,3x2,1111,1879,12/18/2023,False
La Reserve Villas,"Tucson, AZ",08206,3x2,1111,1970,12/19/2023,False
La Reserve Villas,"Tucson, AZ",08206,3x2,1111,1879,12/20/2023,False
La Reserve Villas,"Tucson, AZ",08206,3x2,1111,1879,12/21/2023,False
La Reserve Villas,"Tucson, AZ",08206,3x2,1111,1879,12/22/2023,False
La Reserve Villas,"Tucson, AZ",08206,3x2,1111,1879,12/23/2023,False
La Reserve Villas,"Tucson, AZ",08206,3x2,1111,1879,12/24/2023,False
La Reserve Villas,"Tucson, AZ",08206,3x2,1111,1879,12/25/2023,False
La Reserve Villas,"Tucson, AZ",08206,3x2,1111,1879,12/26/2023,True
La Reserve Villas,"Tucson, AZ",08206,3x2,1111,1848,06/11/2024,False
La Reserve Villas,"Tucson, AZ",08206,3x2,1111,1848,06/12/2024,False
La Reserve Villas,"Tucson, AZ",08206,3x2,1111,1848,06/13/2024,False
La Reserve Villas,"Tucson, AZ",08206,3x2,1111,1848,06/14/2024,False
La Reserve Villas,"Tucson, AZ",08206,3x2,1111,1848,06/15/2024,False
La Reserve Villas,"Tucson, AZ",08206,3x2,1111,1848,06/16/2024,False
La Reserve Villas,"Tucson, AZ",08206,3x2,1111,1848,06/17/2024,False
La Reserve Villas,"Tucson, AZ",08206,3x2,1111,1848,06/18/2024,False
La Reserve Villas,"Tucson, AZ",08206,3x2,1111,1848,06/19/2024,False
La Reserve Villas,"Tucson, AZ",08206,3x2,1111,1848,06/20/2024,False
La Reserve Villas,"Tucson, AZ",08206,3x2,1111,1848,06/21/2024,False
La Reserve Villas,"Tucson, AZ",08206,3x2,1111,1848,06/22/2024,False
La Reserve Villas,"Tucson, AZ",08206,3x2,1111,1848,06/23/2024,False
La Reserve Villas,"Tucson, AZ",08206,3x2,1111,1938,06/24/2024,False
La Reserve Villas,"Tucson, AZ",08206,3x2,1111,2021,06/25/2024,False
La Reserve Villas,"Tucson, AZ",08206,3x2,1111,2021,06/26/2024,False
La Reserve Villas,"Tucson, AZ",08206,3x2,1111,2044,06/27/2024,False
La Reserve Villas,"Tucson, AZ",08206,3x2,1111,2044,06/28/2024,False
La Reserve Villas,"Tucson, AZ",08206,3x2,1111,2044,06/29/2024,False
La Reserve Villas,"Tucson, AZ",08206,3x2,1111,2044,06/30/2024,False
La Reserve Villas,"Tucson, AZ",08206,3x2,1111,2044,07/01/2024,False
La Reserve Villas,"Tucson, AZ",08206,3x2,1111,2044,07/02/2024,False
La Reserve Villas,"Tucson, AZ",08206,3x2,1111,2044,07/03/2024,False
La Reserve Villas,"Tucson, AZ",08206,3x2,1111,2044,07/04/2024,False
La Reserve Villas,"Tucson, AZ",08206,3x2,1111,2044,07/05/2024,False
La Reserve Villas,"Tucson, AZ",08206,3x2,1111,2044,07/06/2024,False
La Reserve Villas,"Tucson, AZ",08206,3x2,1111,2044,07/07/2024,False
La Reserve Villas,"Tucson, AZ",08206,3x2,1111,2144,07/08/2024,False
La Reserve Villas,"Tucson, AZ",08206,3x2,1111,2144,07/09/2024,False
La Reserve Villas,"Tucson, AZ",08206,3x2,1111,2148,07/10/2024,False
La Reserve Villas,"Tucson, AZ",08206,3x2,1111,2071,07/11/2024,False
La Reserve Villas,"Tucson, AZ",08206,3x2,1111,2071,07/12/2024,False
La Reserve Villas,"Tucson, AZ",08206,3x2,1111,2071,07/13/2024,False
La Reserve Villas,"Tucson, AZ",08206,3x2,1111,2071,07/14/2024,False
La Reserve Villas,"Tucson, AZ",08206,3x2,1111,1993,07/15/2024,False
La Reserve Villas,"Tucson, AZ",08206,3x2,1111,1997,07/16/2024,False
La Reserve Villas,"Tucson, AZ",08206,3x2,1111,1997,07/17/2024,False
La Reserve Villas,"Tucson, AZ",08206,3x2,1111,2045,07/18/2024,False
La Reserve Villas,"Tucson, AZ",08206,3x2,1111,2045,07/19/2024,False
La Reserve Villas,"Tucson, AZ",08206,3x2,1111,2045,07/20/2024,False
La Reserve Villas,"Tucson, AZ",08206,3x2,1111,2045,07/21/2024,False
La Reserve Villas,"Tucson, AZ",08206,3x2,1111,2045,07/22/2024,False
La Reserve Villas,"Tucson, AZ",08206,3x2,1111,2050,07/23/2024,False
La Reserve Villas,"Tucson, AZ",08206,3x2,1111,2050,07/24/2024,False
La Reserve Villas,"Tucson, AZ",08206,3x2,1111,2057,07/25/2024,False
La Reserve Villas,"Tucson, AZ",08206,3x2,1111,2057,07/26/2024,False
La Reserve Villas,"Tucson, AZ",08206,3x2,1111,2057,07/27/2024,False
La Reserve Villas,"Tucson, AZ",08206,3x2,1111,2057,07/28/2024,False
La Reserve Villas,"Tucson, AZ",08206,3x2,1111,2167,07/29/2024,False
La Reserve Villas,"Tucson, AZ",08206,3x2,1111,2167,07/30/2024,False
La Reserve Villas,"Tucson, AZ",08206,3x2,1111,2167,07/31/2024,False
La Reserve Villas,"Tucson, AZ",08206,3x2,1111,2167,08/01/2024,False
La Reserve Villas,"Tucson, AZ",08206,3x2,1111,2167,08/02/2024,False
La Reserve Villas,"Tucson, AZ",08206,3x2,1111,2167,08/03/2024,False
La Reserve Villas,"Tucson, AZ",08206,3x2,1111,2167,08/04/2024,False
La Reserve Villas,"Tucson, AZ",08206,3x2,1111,2167,08/05/2024,False
La Reserve Villas,"Tucson, AZ",08206,3x2,1111,2167,08/06/2024,False
La Reserve Villas,"Tucson, AZ",08206,3x2,1111,2179,08/07/2024,False
La Reserve Villas,"Tucson, AZ",08206,3x2,1111,2106,08/08/2024,False
La Reserve Villas,"Tucson, AZ",08206,3x2,1111,2055,08/09/2024,False
La Reserve Villas,"Tucson, AZ",08206,3x2,1111,2055,08/10/2024,False
La Reserve Villas,"Tucson, AZ",08206,3x2,1111,2055,08/11/2024,False
La Reserve Villas,"Tucson, AZ",08206,3x2,1111,2055,08/12/2024,False
La Reserve Villas,"Tucson, AZ",08206,3x2,1111,2055,08/13/2024,False
La Reserve Villas,"Tucson, AZ",08206,3x2,1111,2055,08/14/2024,False
La Reserve Villas,"Tucson, AZ",08206,3x2,1111,2055,08/15/2024,False
La Reserve Villas,"Tucson, AZ",08206,3x2,1111,2055,08/16/2024,False
La Reserve Villas,"Tucson, AZ",08206,3x2,1111,2055,08/17/2024,False
La Reserve Villas,"Tucson, AZ",08206,3x2,1111,2055,08/18/2024,False
La Reserve Villas,"Tucson, AZ",08206,3x2,1111,2055,08/19/2024,False
La Reserve Villas,"Tucson, AZ",08206,3x2,1111,2055,08/20/2024,False
La Reserve Villas,"Tucson, AZ",08206,3x2,1111,2055,08/21/2024,False
La Reserve Villas,"Tucson, AZ",08206,3x2,1111,2055,08/22/2024,False
La Reserve Villas,"Tucson, AZ",08206,3x2,1111,2055,08/23/2024,False
La Reserve Villas,"Tucson, AZ",08206,3x2,1111,2055,08/24/2024,False
La Reserve Villas,"Tucson, AZ",08206,3x2,1111,2055,08/25/2024,False
La Reserve Villas,"Tucson, AZ",08206,3x2,1111,2055,08/26/2024,False
La Reserve Villas,"Tucson, AZ",08206,3x2,1111,1955,08/27/2024,False
La Reserve Villas,"Tucson, AZ",08206,3x2,1111,1955,08/28/2024,False
La Reserve Villas,"Tucson, AZ",08206,3x2,1111,1955,08/29/2024,False
La Reserve Villas,"Tucson, AZ",08206,3x2,1111,1955,08/30/2024,False
La Reserve Villas,"Tucson, AZ",08206,3x2,1111,1955,08/31/2024,False
La Reserve Villas,"Tucson, AZ",08206,3x2,1111,1955,09/01/2024,False
La Reserve Villas,"Tucson, AZ",08206,3x2,1111,1955,09/02/2024,False
La Reserve Villas,"Tucson, AZ",08206,3x2,1111,1955,09/03/2024,False
La Reserve Villas,"Tucson, AZ",08206,3x2,1111,1955,09/04/2024,False
La Reserve Villas,"Tucson, AZ",08206,3x2,1111,1955,09/05/2024,False
La Reserve Villas,"Tucson, AZ",08206,3x2,1111,1955,09/06/2024,False
La Reserve Villas,"Tucson, AZ",08206,3x2,1111,1955,09/07/2024,False
La Reserve Villas,"Tucson, AZ",08206,3x2,1111,1955,09/08/2024,False
La Reserve Villas,"Tucson, AZ",08206,3x2,1111,1955,09/09/2024,False
La Reserve Villas,"Tucson, AZ",08206,3x2,1111,1955,09/10/2024,False
La Reserve Villas,"Tucson, AZ",08206,3x2,1111,1955,09/11/2024,False
La Reserve Villas,"Tucson, AZ",08206,3x2,1111,1955,09/12/2024,False
La Reserve Villas,"Tucson, AZ",08206,3x2,1111,1955,09/13/2024,False
La Reserve Villas,"Tucson, AZ",08206,3x2,1111,1930,09/14/2024,False
La Reserve Villas,"Tucson, AZ",08206,3x2,1111,1930,09/15/2024,False
La Reserve Villas,"Tucson, AZ",08206,3x2,1111,1900,09/16/2024,False
La Reserve Villas,"Tucson, AZ",08206,3x2,1111,1875,09/17/2024,False
La Reserve Villas,"Tucson, AZ",08206,3x2,1111,1845,09/18/2024,False
La Reserve Villas,"Tucson, AZ",08206,3x2,1111,1845,09/19/2024,False
La Reserve Villas,"Tucson, AZ",08206,3x2,1111,1845,09/20/2024,False
La Reserve Villas,"Tucson, AZ",08206,3x2,1111,1845,09/21/2024,False
La Reserve Villas,"Tucson, AZ",08206,3x2,1111,1845,09/22/2024,False
La Reserve Villas,"Tucson, AZ",08206,3x2,1111,1845,09/23/2024,False
La Reserve Villas,"Tucson, AZ",08206,3x2,1111,1815,09/24/2024,False
La Reserve Villas,"Tucson, AZ",08206,3x2,1111,1674,09/25/2024,False
La Reserve Villas,"Tucson, AZ",08206,3x2,1111,1674,09/26/2024,True
La Reserve Villas,"Tucson, AZ",08206,3x2,1111,1742,01/15/2025,False
La Reserve Villas,"Tucson, AZ",08206,3x2,1111,1742,01/16/2025,False
La Reserve Villas,"Tucson, AZ",08206,3x2,1111,1742,01/17/2025,False
La Reserve Villas,"Tucson, AZ",08206,3x2,1111,1742,01/18/2025,False
La Reserve Villas,"Tucson, AZ",08206,3x2,1111,1742,01/19/2025,True
La Reserve Villas,"Tucson, AZ",09102,1x1,697,1357,09/14/2023,False
La Reserve Villas,"Tucson, AZ",09102,1x1,697,1357,09/15/2023,False
La Reserve Villas,"Tucson, AZ",09102,1x1,697,1357,09/16/2023,False
La Reserve Villas,"Tucson, AZ",09102,1x1,697,1357,09/17/2023,False
La Reserve Villas,"Tucson, AZ",09102,1x1,697,1357,09/18/2023,False
La Reserve Villas,"Tucson, AZ",09102,1x1,697,1357,09/19/2023,True
La Reserve Villas,"Tucson, AZ",09102,1x1,697,1471,07/04/2024,False
La Reserve Villas,"Tucson, AZ",09102,1x1,697,1471,07/05/2024,False
La Reserve Villas,"Tucson, AZ",09102,1x1,697,1471,07/06/2024,False
La Reserve Villas,"Tucson, AZ",09102,1x1,697,1471,07/07/2024,False
La Reserve Villas,"Tucson, AZ",09102,1x1,697,1471,07/08/2024,False
La Reserve Villas,"Tucson, AZ",09102,1x1,697,1471,07/09/2024,False
La Reserve Villas,"Tucson, AZ",09102,1x1,697,1508,07/10/2024,False
La Reserve Villas,"Tucson, AZ",09102,1x1,697,1531,07/11/2024,False
La Reserve Villas,"Tucson, AZ",09102,1x1,697,1531,07/12/2024,False
La Reserve Villas,"Tucson, AZ",09102,1x1,697,1531,07/13/2024,False
La Reserve Villas,"Tucson, AZ",09102,1x1,697,1531,07/14/2024,False
La Reserve Villas,"Tucson, AZ",09102,1x1,697,1531,07/15/2024,False
La Reserve Villas,"Tucson, AZ",09102,1x1,697,1531,07/16/2024,False
La Reserve Villas,"Tucson, AZ",09102,1x1,697,1531,07/17/2024,False
La Reserve Villas,"Tucson, AZ",09102,1x1,697,1531,07/18/2024,False
La Reserve Villas,"Tucson, AZ",09102,1x1,697,1531,07/19/2024,False
La Reserve Villas,"Tucson, AZ",09102,1x1,697,1531,07/20/2024,False
La Reserve Villas,"Tucson, AZ",09102,1x1,697,1531,07/21/2024,False
La Reserve Villas,"Tucson, AZ",09102,1x1,697,1531,07/22/2024,False
La Reserve Villas,"Tucson, AZ",09102,1x1,697,1531,07/23/2024,False
La Reserve Villas,"Tucson, AZ",09102,1x1,697,1531,07/24/2024,False
La Reserve Villas,"Tucson, AZ",09102,1x1,697,1531,07/25/2024,False
La Reserve Villas,"Tucson, AZ",09102,1x1,697,1457,07/26/2024,False
La Reserve Villas,"Tucson, AZ",09102,1x1,697,1457,07/27/2024,False
La Reserve Villas,"Tucson, AZ",09102,1x1,697,1457,07/28/2024,False
La Reserve Villas,"Tucson, AZ",09102,1x1,697,1457,07/29/2024,False
La Reserve Villas,"Tucson, AZ",09102,1x1,697,1528,07/30/2024,False
La Reserve Villas,"Tucson, AZ",09102,1x1,697,1528,07/31/2024,False
La Reserve Villas,"Tucson, AZ",09102,1x1,697,1528,08/01/2024,False
La Reserve Villas,"Tucson, AZ",09102,1x1,697,1528,08/02/2024,False
La Reserve Villas,"Tucson, AZ",09102,1x1,697,1528,08/03/2024,False
La Reserve Villas,"Tucson, AZ",09102,1x1,697,1528,08/04/2024,False
La Reserve Villas,"Tucson, AZ",09102,1x1,697,1528,08/05/2024,False
La Reserve Villas,"Tucson, AZ",09102,1x1,697,1528,08/06/2024,False
La Reserve Villas,"Tucson, AZ",09102,1x1,697,1528,08/07/2024,False
La Reserve Villas,"Tucson, AZ",09102,1x1,697,1528,08/08/2024,False
La Reserve Villas,"Tucson, AZ",09102,1x1,697,1528,08/09/2024,False
La Reserve Villas,"Tucson, AZ",09102,1x1,697,1507,08/10/2024,False
La Reserve Villas,"Tucson, AZ",09102,1x1,697,1507,08/11/2024,False
La Reserve Villas,"Tucson, AZ",09102,1x1,697,1507,08/12/2024,False
La Reserve Villas,"Tucson, AZ",09102,1x1,697,1507,08/13/2024,False
La Reserve Villas,"Tucson, AZ",09102,1x1,697,1507,08/14/2024,False
La Reserve Villas,"Tucson, AZ",09102,1x1,697,1480,08/15/2024,False
La Reserve Villas,"Tucson, AZ",09102,1x1,697,1480,08/16/2024,False
La Reserve Villas,"Tucson, AZ",09102,1x1,697,1493,08/17/2024,False
La Reserve Villas,"Tucson, AZ",09102,1x1,697,1493,08/18/2024,False
La Reserve Villas,"Tucson, AZ",09102,1x1,697,1493,08/19/2024,False
La Reserve Villas,"Tucson, AZ",09102,1x1,697,1493,08/20/2024,False
La Reserve Villas,"Tucson, AZ",09102,1x1,697,1493,08/21/2024,False
La Reserve Villas,"Tucson, AZ",09102,1x1,697,1493,08/22/2024,False
La Reserve Villas,"Tucson, AZ",09102,1x1,697,1493,08/23/2024,False
La Reserve Villas,"Tucson, AZ",09102,1x1,697,1493,08/24/2024,False
La Reserve Villas,"Tucson, AZ",09102,1x1,697,1493,08/25/2024,False
La Reserve Villas,"Tucson, AZ",09102,1x1,697,1493,08/26/2024,False
La Reserve Villas,"Tucson, AZ",09102,1x1,697,1493,08/27/2024,False
La Reserve Villas,"Tucson, AZ",09102,1x1,697,1447,08/28/2024,False
La Reserve Villas,"Tucson, AZ",09102,1x1,697,1443,08/29/2024,False
La Reserve Villas,"Tucson, AZ",09102,1x1,697,1438,08/30/2024,False
La Reserve Villas,"Tucson, AZ",09102,1x1,697,1434,08/31/2024,False
La Reserve Villas,"Tucson, AZ",09102,1x1,697,1430,09/01/2024,False
La Reserve Villas,"Tucson, AZ",09102,1x1,697,1425,09/02/2024,False
La Reserve Villas,"Tucson, AZ",09102,1x1,697,1421,09/03/2024,False
La Reserve Villas,"Tucson, AZ",09102,1x1,697,1417,09/04/2024,False
La Reserve Villas,"Tucson, AZ",09102,1x1,697,1409,09/05/2024,False
La Reserve Villas,"Tucson, AZ",09102,1x1,697,1401,09/06/2024,False
La Reserve Villas,"Tucson, AZ",09102,1x1,697,1401,09/07/2024,False
La Reserve Villas,"Tucson, AZ",09102,1x1,697,1392,09/08/2024,False
La Reserve Villas,"Tucson, AZ",09102,1x1,697,1388,09/09/2024,False
La Reserve Villas,"Tucson, AZ",09102,1x1,697,1384,09/10/2024,False
La Reserve Villas,"Tucson, AZ",09102,1x1,697,1384,09/11/2024,True
La Reserve Villas,"Tucson, AZ",09103,1x1,697,1401,09/28/2023,False
La Reserve Villas,"Tucson, AZ",09103,1x1,697,1427,09/29/2023,False
La Reserve Villas,"Tucson, AZ",09103,1x1,697,1432,09/30/2023,False
La Reserve Villas,"Tucson, AZ",09103,1x1,697,1432,10/01/2023,False
La Reserve Villas,"Tucson, AZ",09103,1x1,697,1432,10/02/2023,False
La Reserve Villas,"Tucson, AZ",09103,1x1,697,1432,10/03/2023,True
La Reserve Villas,"Tucson, AZ",09104,1x1,697,1664,01/01/2024,False
La Reserve Villas,"Tucson, AZ",09104,1x1,697,1664,01/02/2024,False
La Reserve Villas,"Tucson, AZ",09104,1x1,697,1583,01/03/2024,False
La Reserve Villas,"Tucson, AZ",09104,1x1,697,1583,01/04/2024,False
La Reserve Villas,"Tucson, AZ",09104,1x1,697,1507,01/05/2024,False
La Reserve Villas,"Tucson, AZ",09104,1x1,697,1507,01/06/2024,False
La Reserve Villas,"Tucson, AZ",09104,1x1,697,1507,01/07/2024,False
La Reserve Villas,"Tucson, AZ",09104,1x1,697,1507,01/08/2024,False
La Reserve Villas,"Tucson, AZ",09104,1x1,697,1507,01/09/2024,False
La Reserve Villas,"Tucson, AZ",09104,1x1,697,1511,01/10/2024,False
La Reserve Villas,"Tucson, AZ",09104,1x1,697,1584,01/11/2024,False
La Reserve Villas,"Tucson, AZ",09104,1x1,697,1605,01/12/2024,False
La Reserve Villas,"Tucson, AZ",09104,1x1,697,1605,01/13/2024,False
La Reserve Villas,"Tucson, AZ",09104,1x1,697,1587,01/14/2024,False
La Reserve Villas,"Tucson, AZ",09104,1x1,697,1587,01/15/2024,False
La Reserve Villas,"Tucson, AZ",09104,1x1,697,1587,01/16/2024,False
La Reserve Villas,"Tucson, AZ",09104,1x1,697,1587,01/17/2024,False
La Reserve Villas,"Tucson, AZ",09104,1x1,697,1437,01/18/2024,False
La Reserve Villas,"Tucson, AZ",09104,1x1,697,1437,01/19/2024,False
La Reserve Villas,"Tucson, AZ",09104,1x1,697,1507,01/20/2024,False
La Reserve Villas,"Tucson, AZ",09104,1x1,697,1507,01/21/2024,False
La Reserve Villas,"Tucson, AZ",09104,1x1,697,1507,01/22/2024,False
La Reserve Villas,"Tucson, AZ",09104,1x1,697,1507,01/23/2024,False
La Reserve Villas,"Tucson, AZ",09104,1x1,697,1507,01/24/2024,False
La Reserve Villas,"Tucson, AZ",09104,1x1,697,1507,01/25/2024,False
La Reserve Villas,"Tucson, AZ",09104,1x1,697,1507,01/26/2024,False
La Reserve Villas,"Tucson, AZ",09104,1x1,697,1507,01/27/2024,False
La Reserve Villas,"Tucson, AZ",09104,1x1,697,1507,01/28/2024,False
La Reserve Villas,"Tucson, AZ",09104,1x1,697,1507,01/29/2024,False
La Reserve Villas,"Tucson, AZ",09104,1x1,697,1507,01/30/2024,False
La Reserve Villas,"Tucson, AZ",09104,1x1,697,1507,01/31/2024,False
La Reserve Villas,"Tucson, AZ",09104,1x1,697,1507,02/01/2024,False
La Reserve Villas,"Tucson, AZ",09104,1x1,697,1507,02/02/2024,False
La Reserve Villas,"Tucson, AZ",09104,1x1,697,1487,02/03/2024,False
La Reserve Villas,"Tucson, AZ",09104,1x1,697,1487,02/04/2024,False
La Reserve Villas,"Tucson, AZ",09104,1x1,697,1487,02/05/2024,False
La Reserve Villas,"Tucson, AZ",09104,1x1,697,1504,02/06/2024,False
La Reserve Villas,"Tucson, AZ",09104,1x1,697,1504,02/07/2024,False
La Reserve Villas,"Tucson, AZ",09104,1x1,697,1432,02/08/2024,False
La Reserve Villas,"Tucson, AZ",09104,1x1,697,1432,02/09/2024,False
La Reserve Villas,"Tucson, AZ",09104,1x1,697,1412,02/10/2024,False
La Reserve Villas,"Tucson, AZ",09104,1x1,697,1412,02/11/2024,False
La Reserve Villas,"Tucson, AZ",09104,1x1,697,1412,02/12/2024,False
La Reserve Villas,"Tucson, AZ",09104,1x1,697,1412,02/13/2024,False
La Reserve Villas,"Tucson, AZ",09104,1x1,697,1412,02/14/2024,False
La Reserve Villas,"Tucson, AZ",09104,1x1,697,1412,02/15/2024,False
La Reserve Villas,"Tucson, AZ",09104,1x1,697,1412,02/16/2024,False
La Reserve Villas,"Tucson, AZ",09104,1x1,697,1412,02/17/2024,False
La Reserve Villas,"Tucson, AZ",09104,1x1,697,1412,02/18/2024,False
La Reserve Villas,"Tucson, AZ",09104,1x1,697,1412,02/19/2024,False
La Reserve Villas,"Tucson, AZ",09104,1x1,697,1412,02/20/2024,False
La Reserve Villas,"Tucson, AZ",09104,1x1,697,1412,02/21/2024,False
La Reserve Villas,"Tucson, AZ",09104,1x1,697,1412,02/22/2024,False
La Reserve Villas,"Tucson, AZ",09104,1x1,697,1412,02/23/2024,False
La Reserve Villas,"Tucson, AZ",09104,1x1,697,1412,02/24/2024,False
La Reserve Villas,"Tucson, AZ",09104,1x1,697,1412,02/25/2024,False
La Reserve Villas,"Tucson, AZ",09104,1x1,697,1408,02/26/2024,False
La Reserve Villas,"Tucson, AZ",09104,1x1,697,1412,02/27/2024,False
La Reserve Villas,"Tucson, AZ",09104,1x1,697,1412,02/28/2024,False
La Reserve Villas,"Tucson, AZ",09104,1x1,697,1389,02/29/2024,False
La Reserve Villas,"Tucson, AZ",09104,1x1,697,1408,03/01/2024,False
La Reserve Villas,"Tucson, AZ",09104,1x1,697,1451,03/02/2024,False
La Reserve Villas,"Tucson, AZ",09104,1x1,697,1451,03/03/2024,False
La Reserve Villas,"Tucson, AZ",09104,1x1,697,1443,03/04/2024,False
La Reserve Villas,"Tucson, AZ",09104,1x1,697,1396,03/05/2024,False
La Reserve Villas,"Tucson, AZ",09104,1x1,697,1393,03/06/2024,False
La Reserve Villas,"Tucson, AZ",09104,1x1,697,1377,03/07/2024,False
La Reserve Villas,"Tucson, AZ",09104,1x1,697,1373,03/08/2024,False
La Reserve Villas,"Tucson, AZ",09104,1x1,697,1369,03/09/2024,False
La Reserve Villas,"Tucson, AZ",09104,1x1,697,1365,03/10/2024,False
La Reserve Villas,"Tucson, AZ",09104,1x1,697,1357,03/11/2024,False
La Reserve Villas,"Tucson, AZ",09104,1x1,697,1357,03/12/2024,False
La Reserve Villas,"Tucson, AZ",09104,1x1,697,1353,03/13/2024,False
La Reserve Villas,"Tucson, AZ",09104,1x1,697,1350,03/14/2024,False
La Reserve Villas,"Tucson, AZ",09104,1x1,697,1346,03/15/2024,False
La Reserve Villas,"Tucson, AZ",09104,1x1,697,1342,03/16/2024,False
La Reserve Villas,"Tucson, AZ",09104,1x1,697,1334,03/17/2024,False
La Reserve Villas,"Tucson, AZ",09104,1x1,697,1334,03/18/2024,False
La Reserve Villas,"Tucson, AZ",09104,1x1,697,1334,03/19/2024,False
La Reserve Villas,"Tucson, AZ",09104,1x1,697,1317,03/20/2024,False
La Reserve Villas,"Tucson, AZ",09104,1x1,697,1313,03/21/2024,False
La Reserve Villas,"Tucson, AZ",09104,1x1,697,1309,03/22/2024,False
La Reserve Villas,"Tucson, AZ",09104,1x1,697,1305,03/23/2024,False
La Reserve Villas,"Tucson, AZ",09104,1x1,697,1301,03/24/2024,False
La Reserve Villas,"Tucson, AZ",09104,1x1,697,1297,03/25/2024,False
La Reserve Villas,"Tucson, AZ",09104,1x1,697,1294,03/26/2024,False
La Reserve Villas,"Tucson, AZ",09104,1x1,697,1290,03/27/2024,False
La Reserve Villas,"Tucson, AZ",09104,1x1,697,1286,03/28/2024,False
La Reserve Villas,"Tucson, AZ",09104,1x1,697,1282,03/29/2024,False
La Reserve Villas,"Tucson, AZ",09104,1x1,697,1278,03/30/2024,False
La Reserve Villas,"Tucson, AZ",09104,1x1,697,1274,03/31/2024,False
La Reserve Villas,"Tucson, AZ",09104,1x1,697,1274,04/01/2024,False
La Reserve Villas,"Tucson, AZ",09104,1x1,697,1299,04/02/2024,False
La Reserve Villas,"Tucson, AZ",09104,1x1,697,1296,04/03/2024,False
La Reserve Villas,"Tucson, AZ",09104,1x1,697,1293,04/04/2024,False
La Reserve Villas,"Tucson, AZ",09104,1x1,697,1293,04/05/2024,False
La Reserve Villas,"Tucson, AZ",09104,1x1,697,1293,04/06/2024,False
La Reserve Villas,"Tucson, AZ",09104,1x1,697,1310,04/07/2024,False
La Reserve Villas,"Tucson, AZ",09104,1x1,697,1310,04/08/2024,False
La Reserve Villas,"Tucson, AZ",09104,1x1,697,1310,04/09/2024,False
La Reserve Villas,"Tucson, AZ",09104,1x1,697,1307,04/10/2024,False
La Reserve Villas,"Tucson, AZ",09104,1x1,697,1307,04/11/2024,False
La Reserve Villas,"Tucson, AZ",09104,1x1,697,1293,04/12/2024,False
La Reserve Villas,"Tucson, AZ",09104,1x1,697,1334,04/13/2024,False
La Reserve Villas,"Tucson, AZ",09104,1x1,697,1334,04/14/2024,False
La Reserve Villas,"Tucson, AZ",09104,1x1,697,1334,04/15/2024,False
La Reserve Villas,"Tucson, AZ",09104,1x1,697,1334,04/16/2024,False
La Reserve Villas,"Tucson, AZ",09104,1x1,697,1358,04/17/2024,False
La Reserve Villas,"Tucson, AZ",09104,1x1,697,1358,04/18/2024,False
La Reserve Villas,"Tucson, AZ",09104,1x1,697,1334,04/19/2024,False
La Reserve Villas,"Tucson, AZ",09104,1x1,697,1288,04/20/2024,False
La Reserve Villas,"Tucson, AZ",09104,1x1,697,1288,04/21/2024,False
La Reserve Villas,"Tucson, AZ",09104,1x1,697,1288,04/22/2024,False
La Reserve Villas,"Tucson, AZ",09104,1x1,697,1270,04/23/2024,False
La Reserve Villas,"Tucson, AZ",09104,1x1,697,1288,04/24/2024,False
La Reserve Villas,"Tucson, AZ",09104,1x1,697,1291,04/25/2024,False
La Reserve Villas,"Tucson, AZ",09104,1x1,697,1291,04/26/2024,False
La Reserve Villas,"Tucson, AZ",09104,1x1,697,1291,04/27/2024,False
La Reserve Villas,"Tucson, AZ",09104,1x1,697,1291,04/28/2024,False
La Reserve Villas,"Tucson, AZ",09104,1x1,697,1291,04/29/2024,False
La Reserve Villas,"Tucson, AZ",09104,1x1,697,1291,04/30/2024,True
La Reserve Villas,"Tucson, AZ",09203,1x1,697,1370,04/18/2025,False
La Reserve Villas,"Tucson, AZ",09203,1x1,697,1370,04/19/2025,False
La Reserve Villas,"Tucson, AZ",09203,1x1,697,1370,04/20/2025,False
La Reserve Villas,"Tucson, AZ",09203,1x1,697,1370,04/21/2025,False
La Reserve Villas,"Tucson, AZ",09203,1x1,697,1370,04/22/2025,False
La Reserve Villas,"Tucson, AZ",09203,1x1,697,1370,04/23/2025,False
La Reserve Villas,"Tucson, AZ",09203,1x1,697,1370,04/24/2025,False
La Reserve Villas,"Tucson, AZ",09203,1x1,697,1376,04/25/2025,False
La Reserve Villas,"Tucson, AZ",09203,1x1,697,1376,04/26/2025,False
La Reserve Villas,"Tucson, AZ",09203,1x1,697,1376,04/27/2025,True
La Reserve Villas,"Tucson, AZ",09204,1x1,697,1350,01/01/2025,False
La Reserve Villas,"Tucson, AZ",09204,1x1,697,1350,01/02/2025,False
La Reserve Villas,"Tucson, AZ",09204,1x1,697,1350,01/03/2025,False
La Reserve Villas,"Tucson, AZ",09204,1x1,697,1350,01/04/2025,False
La Reserve Villas,"Tucson, AZ",09204,1x1,697,1350,01/05/2025,False
La Reserve Villas,"Tucson, AZ",09204,1x1,697,1350,01/06/2025,False
La Reserve Villas,"Tucson, AZ",09204,1x1,697,1380,01/07/2025,False
La Reserve Villas,"Tucson, AZ",09204,1x1,697,1380,01/08/2025,False
La Reserve Villas,"Tucson, AZ",09204,1x1,697,1380,01/09/2025,False
La Reserve Villas,"Tucson, AZ",09204,1x1,697,1380,01/10/2025,False
La Reserve Villas,"Tucson, AZ",09204,1x1,697,1380,01/11/2025,False
La Reserve Villas,"Tucson, AZ",09204,1x1,697,1380,01/12/2025,False
La Reserve Villas,"Tucson, AZ",09204,1x1,697,1350,01/13/2025,False
La Reserve Villas,"Tucson, AZ",09204,1x1,697,1350,01/14/2025,False
La Reserve Villas,"Tucson, AZ",09204,1x1,697,1350,01/15/2025,False
La Reserve Villas,"Tucson, AZ",09204,1x1,697,1350,01/16/2025,False
La Reserve Villas,"Tucson, AZ",09204,1x1,697,1350,01/17/2025,False
La Reserve Villas,"Tucson, AZ",09204,1x1,697,1350,01/18/2025,False
La Reserve Villas,"Tucson, AZ",09204,1x1,697,1350,01/19/2025,False
La Reserve Villas,"Tucson, AZ",09204,1x1,697,1350,01/20/2025,False
La Reserve Villas,"Tucson, AZ",09204,1x1,697,1350,01/21/2025,False
La Reserve Villas,"Tucson, AZ",09204,1x1,697,1350,01/22/2025,False
La Reserve Villas,"Tucson, AZ",09204,1x1,697,1350,01/23/2025,False
La Reserve Villas,"Tucson, AZ",09204,1x1,697,1350,01/24/2025,False
La Reserve Villas,"Tucson, AZ",09204,1x1,697,1350,01/25/2025,False
La Reserve Villas,"Tucson, AZ",09204,1x1,697,1350,01/26/2025,False
La Reserve Villas,"Tucson, AZ",09204,1x1,697,1350,01/27/2025,False
La Reserve Villas,"Tucson, AZ",09204,1x1,697,1370,01/28/2025,False
La Reserve Villas,"Tucson, AZ",09204,1x1,697,1370,01/29/2025,False
La Reserve Villas,"Tucson, AZ",09204,1x1,697,1370,01/30/2025,False
La Reserve Villas,"Tucson, AZ",09204,1x1,697,1370,01/31/2025,False
La Reserve Villas,"Tucson, AZ",09204,1x1,697,1370,02/01/2025,False
La Reserve Villas,"Tucson, AZ",09204,1x1,697,1370,02/02/2025,False
La Reserve Villas,"Tucson, AZ",09204,1x1,697,1370,02/03/2025,False
La Reserve Villas,"Tucson, AZ",09204,1x1,697,1386,02/04/2025,False
La Reserve Villas,"Tucson, AZ",09204,1x1,697,1386,02/05/2025,False
La Reserve Villas,"Tucson, AZ",09204,1x1,697,1386,02/06/2025,False
La Reserve Villas,"Tucson, AZ",09204,1x1,697,1386,02/07/2025,False
La Reserve Villas,"Tucson, AZ",09204,1x1,697,1386,02/08/2025,False
La Reserve Villas,"Tucson, AZ",09204,1x1,697,1386,02/09/2025,False
La Reserve Villas,"Tucson, AZ",09204,1x1,697,1386,02/10/2025,False
La Reserve Villas,"Tucson, AZ",09204,1x1,697,1386,02/11/2025,False
La Reserve Villas,"Tucson, AZ",09204,1x1,697,1386,02/12/2025,False
La Reserve Villas,"Tucson, AZ",09204,1x1,697,1366,02/13/2025,False
La Reserve Villas,"Tucson, AZ",09204,1x1,697,1366,02/14/2025,False
La Reserve Villas,"Tucson, AZ",09204,1x1,697,1366,02/15/2025,False
La Reserve Villas,"Tucson, AZ",09204,1x1,697,1366,02/16/2025,False
La Reserve Villas,"Tucson, AZ",09204,1x1,697,1366,02/17/2025,False
La Reserve Villas,"Tucson, AZ",09204,1x1,697,1366,02/18/2025,False
La Reserve Villas,"Tucson, AZ",09204,1x1,697,1366,02/19/2025,False
La Reserve Villas,"Tucson, AZ",09204,1x1,697,1362,02/20/2025,False
La Reserve Villas,"Tucson, AZ",09204,1x1,697,1362,02/21/2025,False
La Reserve Villas,"Tucson, AZ",09204,1x1,697,1362,02/22/2025,False
La Reserve Villas,"Tucson, AZ",09204,1x1,697,1362,02/23/2025,False
La Reserve Villas,"Tucson, AZ",09204,1x1,697,1362,02/24/2025,False
La Reserve Villas,"Tucson, AZ",09204,1x1,697,1362,02/25/2025,False
La Reserve Villas,"Tucson, AZ",09204,1x1,697,1362,02/26/2025,False
La Reserve Villas,"Tucson, AZ",09204,1x1,697,1362,02/27/2025,False
La Reserve Villas,"Tucson, AZ",09204,1x1,697,1362,02/28/2025,False
La Reserve Villas,"Tucson, AZ",09204,1x1,697,1362,03/01/2025,False
La Reserve Villas,"Tucson, AZ",09204,1x1,697,1362,03/02/2025,False
La Reserve Villas,"Tucson, AZ",09204,1x1,697,1362,03/03/2025,False
La Reserve Villas,"Tucson, AZ",09204,1x1,697,1362,03/04/2025,False
La Reserve Villas,"Tucson, AZ",09204,1x1,697,1362,03/05/2025,False
La Reserve Villas,"Tucson, AZ",09204,1x1,697,1362,03/06/2025,False
La Reserve Villas,"Tucson, AZ",09204,1x1,697,1362,03/07/2025,False
La Reserve Villas,"Tucson, AZ",09204,1x1,697,1362,03/08/2025,False
La Reserve Villas,"Tucson, AZ",09204,1x1,697,1362,03/09/2025,False
La Reserve Villas,"Tucson, AZ",09204,1x1,697,1362,03/10/2025,False
La Reserve Villas,"Tucson, AZ",09204,1x1,697,1362,03/11/2025,False
La Reserve Villas,"Tucson, AZ",09204,1x1,697,1362,03/12/2025,False
La Reserve Villas,"Tucson, AZ",09204,1x1,697,1362,03/13/2025,False
La Reserve Villas,"Tucson, AZ",09204,1x1,697,1362,03/14/2025,False
La Reserve Villas,"Tucson, AZ",09204,1x1,697,1362,03/15/2025,False
La Reserve Villas,"Tucson, AZ",09204,1x1,697,1362,03/16/2025,False
La Reserve Villas,"Tucson, AZ",09204,1x1,697,1362,03/17/2025,False
La Reserve Villas,"Tucson, AZ",09204,1x1,697,1362,03/18/2025,False
La Reserve Villas,"Tucson, AZ",09204,1x1,697,1362,03/19/2025,False
La Reserve Villas,"Tucson, AZ",09204,1x1,697,1362,03/20/2025,False
La Reserve Villas,"Tucson, AZ",09204,1x1,697,1362,03/21/2025,False
La Reserve Villas,"Tucson, AZ",09204,1x1,697,1362,03/22/2025,False
La Reserve Villas,"Tucson, AZ",09204,1x1,697,1362,03/23/2025,False
La Reserve Villas,"Tucson, AZ",09204,1x1,697,1362,03/24/2025,False
La Reserve Villas,"Tucson, AZ",09204,1x1,697,1362,03/25/2025,False
La Reserve Villas,"Tucson, AZ",09204,1x1,697,1362,03/26/2025,False
La Reserve Villas,"Tucson, AZ",09204,1x1,697,1362,03/27/2025,False
La Reserve Villas,"Tucson, AZ",09204,1x1,697,1362,03/28/2025,False
La Reserve Villas,"Tucson, AZ",09204,1x1,697,1362,03/29/2025,False
La Reserve Villas,"Tucson, AZ",09204,1x1,697,1362,03/30/2025,False
La Reserve Villas,"Tucson, AZ",09204,1x1,697,1362,03/31/2025,False
La Reserve Villas,"Tucson, AZ",09204,1x1,697,1362,04/01/2025,False
La Reserve Villas,"Tucson, AZ",09204,1x1,697,1363,04/02/2025,False
La Reserve Villas,"Tucson, AZ",09204,1x1,697,1363,04/03/2025,False
La Reserve Villas,"Tucson, AZ",09204,1x1,697,1363,04/04/2025,False
La Reserve Villas,"Tucson, AZ",09204,1x1,697,1363,04/05/2025,False
La Reserve Villas,"Tucson, AZ",09204,1x1,697,1363,04/06/2025,False
La Reserve Villas,"Tucson, AZ",09204,1x1,697,1363,04/07/2025,False
La Reserve Villas,"Tucson, AZ",09204,1x1,697,1363,04/08/2025,False
La Reserve Villas,"Tucson, AZ",09204,1x1,697,1363,04/09/2025,False
La Reserve Villas,"Tucson, AZ",09204,1x1,697,1363,04/10/2025,False
La Reserve Villas,"Tucson, AZ",09204,1x1,697,1363,04/11/2025,False
La Reserve Villas,"Tucson, AZ",09204,1x1,697,1363,04/12/2025,False
La Reserve Villas,"Tucson, AZ",09204,1x1,697,1363,04/13/2025,False
La Reserve Villas,"Tucson, AZ",09204,1x1,697,1363,04/14/2025,False
La Reserve Villas,"Tucson, AZ",09204,1x1,697,1363,04/15/2025,False
La Reserve Villas,"Tucson, AZ",09204,1x1,697,1363,04/16/2025,False
La Reserve Villas,"Tucson, AZ",09204,1x1,697,1274,04/17/2025,False
La Reserve Villas,"Tucson, AZ",09204,1x1,697,1337,04/18/2025,False
La Reserve Villas,"Tucson, AZ",09204,1x1,697,1336,04/19/2025,False
La Reserve Villas,"Tucson, AZ",09204,1x1,697,1336,04/20/2025,False
La Reserve Villas,"Tucson, AZ",09204,1x1,697,1334,04/21/2025,False
La Reserve Villas,"Tucson, AZ",09204,1x1,697,1332,04/22/2025,False
La Reserve Villas,"Tucson, AZ",09204,1x1,697,1331,04/23/2025,False
La Reserve Villas,"Tucson, AZ",09204,1x1,697,1330,04/24/2025,False
La Reserve Villas,"Tucson, AZ",09204,1x1,697,1334,04/25/2025,False
La Reserve Villas,"Tucson, AZ",09204,1x1,697,1333,04/26/2025,False
La Reserve Villas,"Tucson, AZ",09204,1x1,697,1332,04/27/2025,True
La Reserve Villas,"Tucson, AZ",09206,3x2,1111,1804,12/17/2024,False
La Reserve Villas,"Tucson, AZ",09206,3x2,1111,1805,12/18/2024,False
La Reserve Villas,"Tucson, AZ",09206,3x2,1111,1805,12/19/2024,False
La Reserve Villas,"Tucson, AZ",09206,3x2,1111,1805,12/20/2024,False
La Reserve Villas,"Tucson, AZ",09206,3x2,1111,1805,12/21/2024,False
La Reserve Villas,"Tucson, AZ",09206,3x2,1111,1805,12/22/2024,False
La Reserve Villas,"Tucson, AZ",09206,3x2,1111,1805,12/23/2024,False
La Reserve Villas,"Tucson, AZ",09206,3x2,1111,1805,12/24/2024,False
La Reserve Villas,"Tucson, AZ",09206,3x2,1111,1805,12/25/2024,False
La Reserve Villas,"Tucson, AZ",09206,3x2,1111,1805,12/26/2024,False
La Reserve Villas,"Tucson, AZ",09206,3x2,1111,1717,12/27/2024,False
La Reserve Villas,"Tucson, AZ",09206,3x2,1111,1801,12/28/2024,False
La Reserve Villas,"Tucson, AZ",09206,3x2,1111,1801,12/29/2024,False
La Reserve Villas,"Tucson, AZ",09206,3x2,1111,1801,12/30/2024,False
La Reserve Villas,"Tucson, AZ",09206,3x2,1111,1801,12/31/2024,False
La Reserve Villas,"Tucson, AZ",09206,3x2,1111,1801,01/01/2025,False
La Reserve Villas,"Tucson, AZ",09206,3x2,1111,1831,01/02/2025,False
La Reserve Villas,"Tucson, AZ",09206,3x2,1111,1831,01/03/2025,False
La Reserve Villas,"Tucson, AZ",09206,3x2,1111,1831,01/04/2025,False
La Reserve Villas,"Tucson, AZ",09206,3x2,1111,1831,01/05/2025,False
La Reserve Villas,"Tucson, AZ",09206,3x2,1111,1831,01/06/2025,False
La Reserve Villas,"Tucson, AZ",09206,3x2,1111,1831,01/07/2025,False
La Reserve Villas,"Tucson, AZ",09206,3x2,1111,1831,01/08/2025,False
La Reserve Villas,"Tucson, AZ",09206,3x2,1111,1831,01/09/2025,False
La Reserve Villas,"Tucson, AZ",09206,3x2,1111,1831,01/10/2025,False
La Reserve Villas,"Tucson, AZ",09206,3x2,1111,1742,01/11/2025,False
La Reserve Villas,"Tucson, AZ",09206,3x2,1111,1742,01/12/2025,False
La Reserve Villas,"Tucson, AZ",09206,3x2,1111,1742,01/13/2025,False
La Reserve Villas,"Tucson, AZ",09206,3x2,1111,1742,01/14/2025,False
La Reserve Villas,"Tucson, AZ",09206,3x2,1111,1742,01/15/2025,False
La Reserve Villas,"Tucson, AZ",09206,3x2,1111,1742,01/16/2025,False
La Reserve Villas,"Tucson, AZ",09206,3x2,1111,1742,01/17/2025,False
La Reserve Villas,"Tucson, AZ",09206,3x2,1111,1742,01/18/2025,False
La Reserve Villas,"Tucson, AZ",09206,3x2,1111,1742,01/19/2025,False
La Reserve Villas,"Tucson, AZ",09206,3x2,1111,1742,01/20/2025,False
La Reserve Villas,"Tucson, AZ",09206,3x2,1111,1742,01/21/2025,False
La Reserve Villas,"Tucson, AZ",09206,3x2,1111,1742,01/22/2025,False
La Reserve Villas,"Tucson, AZ",09206,3x2,1111,1742,01/23/2025,False
La Reserve Villas,"Tucson, AZ",09206,3x2,1111,1742,01/24/2025,False
La Reserve Villas,"Tucson, AZ",09206,3x2,1111,1742,01/25/2025,False
La Reserve Villas,"Tucson, AZ",09206,3x2,1111,1742,01/26/2025,False
La Reserve Villas,"Tucson, AZ",09206,3x2,1111,1742,01/27/2025,False
La Reserve Villas,"Tucson, AZ",09206,3x2,1111,1742,01/28/2025,False
La Reserve Villas,"Tucson, AZ",09206,3x2,1111,1742,01/29/2025,False
La Reserve Villas,"Tucson, AZ",09206,3x2,1111,1742,01/30/2025,False
La Reserve Villas,"Tucson, AZ",09206,3x2,1111,1742,01/31/2025,False
La Reserve Villas,"Tucson, AZ",09206,3x2,1111,1742,02/01/2025,False
La Reserve Villas,"Tucson, AZ",09206,3x2,1111,1742,02/02/2025,False
La Reserve Villas,"Tucson, AZ",09206,3x2,1111,1742,02/03/2025,False
La Reserve Villas,"Tucson, AZ",09206,3x2,1111,1742,02/04/2025,False
La Reserve Villas,"Tucson, AZ",09206,3x2,1111,1742,02/05/2025,False
La Reserve Villas,"Tucson, AZ",09206,3x2,1111,1742,02/06/2025,False
La Reserve Villas,"Tucson, AZ",09206,3x2,1111,1742,02/07/2025,False
La Reserve Villas,"Tucson, AZ",09206,3x2,1111,1742,02/08/2025,False
La Reserve Villas,"Tucson, AZ",09206,3x2,1111,1742,02/09/2025,False
La Reserve Villas,"Tucson, AZ",09206,3x2,1111,1742,02/10/2025,False
La Reserve Villas,"Tucson, AZ",09206,3x2,1111,1742,02/11/2025,False
La Reserve Villas,"Tucson, AZ",09206,3x2,1111,1742,02/12/2025,False
La Reserve Villas,"Tucson, AZ",09206,3x2,1111,1742,02/13/2025,False
La Reserve Villas,"Tucson, AZ",09206,3x2,1111,1742,02/14/2025,False
La Reserve Villas,"Tucson, AZ",09206,3x2,1111,1742,02/15/2025,False
La Reserve Villas,"Tucson, AZ",09206,3x2,1111,1742,02/16/2025,False
La Reserve Villas,"Tucson, AZ",09206,3x2,1111,1742,02/17/2025,False
La Reserve Villas,"Tucson, AZ",09206,3x2,1111,1742,02/18/2025,False
La Reserve Villas,"Tucson, AZ",09206,3x2,1111,1742,02/19/2025,False
La Reserve Villas,"Tucson, AZ",09206,3x2,1111,1742,02/20/2025,False
La Reserve Villas,"Tucson, AZ",09206,3x2,1111,1742,02/21/2025,False
La Reserve Villas,"Tucson, AZ",09206,3x2,1111,1742,02/22/2025,False
La Reserve Villas,"Tucson, AZ",09206,3x2,1111,1742,02/23/2025,False
La Reserve Villas,"Tucson, AZ",09206,3x2,1111,1742,02/24/2025,False
La Reserve Villas,"Tucson, AZ",09206,3x2,1111,1742,02/25/2025,False
La Reserve Villas,"Tucson, AZ",09206,3x2,1111,1742,02/26/2025,False
La Reserve Villas,"Tucson, AZ",09206,3x2,1111,1742,02/27/2025,False
La Reserve Villas,"Tucson, AZ",09206,3x2,1111,1742,02/28/2025,False
La Reserve Villas,"Tucson, AZ",09206,3x2,1111,1702,03/01/2025,False
La Reserve Villas,"Tucson, AZ",09206,3x2,1111,1702,03/02/2025,False
La Reserve Villas,"Tucson, AZ",09206,3x2,1111,1702,03/03/2025,False
La Reserve Villas,"Tucson, AZ",09206,3x2,1111,1702,03/04/2025,False
La Reserve Villas,"Tucson, AZ",09206,3x2,1111,1702,03/05/2025,False
La Reserve Villas,"Tucson, AZ",09206,3x2,1111,1702,03/06/2025,False
La Reserve Villas,"Tucson, AZ",09206,3x2,1111,1702,03/07/2025,False
La Reserve Villas,"Tucson, AZ",09206,3x2,1111,1702,03/08/2025,False
La Reserve Villas,"Tucson, AZ",09206,3x2,1111,1702,03/09/2025,False
La Reserve Villas,"Tucson, AZ",09206,3x2,1111,1702,03/10/2025,False
La Reserve Villas,"Tucson, AZ",09206,3x2,1111,1702,03/11/2025,False
La Reserve Villas,"Tucson, AZ",09206,3x2,1111,1702,03/12/2025,False
La Reserve Villas,"Tucson, AZ",09206,3x2,1111,1702,03/13/2025,False
La Reserve Villas,"Tucson, AZ",09206,3x2,1111,1702,03/14/2025,False
La Reserve Villas,"Tucson, AZ",09206,3x2,1111,1702,03/15/2025,False
La Reserve Villas,"Tucson, AZ",09206,3x2,1111,1702,03/16/2025,False
La Reserve Villas,"Tucson, AZ",09206,3x2,1111,1702,03/17/2025,False
La Reserve Villas,"Tucson, AZ",09206,3x2,1111,1702,03/18/2025,False
La Reserve Villas,"Tucson, AZ",09206,3x2,1111,1702,03/19/2025,False
La Reserve Villas,"Tucson, AZ",09206,3x2,1111,1702,03/20/2025,False
La Reserve Villas,"Tucson, AZ",09206,3x2,1111,1796,03/21/2025,False
La Reserve Villas,"Tucson, AZ",09206,3x2,1111,1796,03/22/2025,True
La Reserve Villas,"Tucson, AZ",10101,2x2,957,1507,08/26/2023,False
La Reserve Villas,"Tucson, AZ",10101,2x2,957,1507,08/27/2023,False
La Reserve Villas,"Tucson, AZ",10101,2x2,957,1507,08/28/2023,False
La Reserve Villas,"Tucson, AZ",10101,2x2,957,1507,08/29/2023,False
La Reserve Villas,"Tucson, AZ",10101,2x2,957,1507,08/30/2023,True
La Reserve Villas,"Tucson, AZ",10102,2x2,943,1499,07/09/2024,False
La Reserve Villas,"Tucson, AZ",10102,2x2,943,1549,07/10/2024,False
La Reserve Villas,"Tucson, AZ",10102,2x2,943,1541,07/11/2024,False
La Reserve Villas,"Tucson, AZ",10102,2x2,943,1541,07/12/2024,False
La Reserve Villas,"Tucson, AZ",10102,2x2,943,1541,07/13/2024,False
La Reserve Villas,"Tucson, AZ",10102,2x2,943,1541,07/14/2024,False
La Reserve Villas,"Tucson, AZ",10102,2x2,943,1541,07/15/2024,False
La Reserve Villas,"Tucson, AZ",10102,2x2,943,1541,07/16/2024,False
La Reserve Villas,"Tucson, AZ",10102,2x2,943,1541,07/17/2024,False
La Reserve Villas,"Tucson, AZ",10102,2x2,943,1541,07/18/2024,False
La Reserve Villas,"Tucson, AZ",10102,2x2,943,1554,07/19/2024,False
La Reserve Villas,"Tucson, AZ",10102,2x2,943,1554,07/20/2024,False
La Reserve Villas,"Tucson, AZ",10102,2x2,943,1554,07/21/2024,False
La Reserve Villas,"Tucson, AZ",10102,2x2,943,1554,07/22/2024,False
La Reserve Villas,"Tucson, AZ",10102,2x2,943,1554,07/23/2024,False
La Reserve Villas,"Tucson, AZ",10102,2x2,943,1554,07/24/2024,False
La Reserve Villas,"Tucson, AZ",10102,2x2,943,1508,07/25/2024,False
La Reserve Villas,"Tucson, AZ",10102,2x2,943,1508,07/26/2024,False
La Reserve Villas,"Tucson, AZ",10102,2x2,943,1508,07/27/2024,False
La Reserve Villas,"Tucson, AZ",10102,2x2,943,1508,07/28/2024,False
La Reserve Villas,"Tucson, AZ",10102,2x2,943,1554,07/29/2024,False
La Reserve Villas,"Tucson, AZ",10102,2x2,943,1546,07/30/2024,False
La Reserve Villas,"Tucson, AZ",10102,2x2,943,1546,07/31/2024,False
La Reserve Villas,"Tucson, AZ",10102,2x2,943,1546,08/01/2024,False
La Reserve Villas,"Tucson, AZ",10102,2x2,943,1546,08/02/2024,False
La Reserve Villas,"Tucson, AZ",10102,2x2,943,1566,08/03/2024,False
La Reserve Villas,"Tucson, AZ",10102,2x2,943,1566,08/04/2024,False
La Reserve Villas,"Tucson, AZ",10102,2x2,943,1566,08/05/2024,False
La Reserve Villas,"Tucson, AZ",10102,2x2,943,1566,08/06/2024,False
La Reserve Villas,"Tucson, AZ",10102,2x2,943,1585,08/07/2024,False
La Reserve Villas,"Tucson, AZ",10102,2x2,943,1585,08/08/2024,False
La Reserve Villas,"Tucson, AZ",10102,2x2,943,1585,08/09/2024,False
La Reserve Villas,"Tucson, AZ",10102,2x2,943,1550,08/10/2024,False
La Reserve Villas,"Tucson, AZ",10102,2x2,943,1550,08/11/2024,False
La Reserve Villas,"Tucson, AZ",10102,2x2,943,1550,08/12/2024,False
La Reserve Villas,"Tucson, AZ",10102,2x2,943,1550,08/13/2024,False
La Reserve Villas,"Tucson, AZ",10102,2x2,943,1550,08/14/2024,False
La Reserve Villas,"Tucson, AZ",10102,2x2,943,1550,08/15/2024,False
La Reserve Villas,"Tucson, AZ",10102,2x2,943,1550,08/16/2024,False
La Reserve Villas,"Tucson, AZ",10102,2x2,943,1542,08/17/2024,False
La Reserve Villas,"Tucson, AZ",10102,2x2,943,1542,08/18/2024,False
La Reserve Villas,"Tucson, AZ",10102,2x2,943,1542,08/19/2024,False
La Reserve Villas,"Tucson, AZ",10102,2x2,943,1542,08/20/2024,False
La Reserve Villas,"Tucson, AZ",10102,2x2,943,1542,08/21/2024,False
La Reserve Villas,"Tucson, AZ",10102,2x2,943,1549,08/22/2024,False
La Reserve Villas,"Tucson, AZ",10102,2x2,943,1549,08/23/2024,False
La Reserve Villas,"Tucson, AZ",10102,2x2,943,1549,08/24/2024,False
La Reserve Villas,"Tucson, AZ",10102,2x2,943,1549,08/25/2024,False
La Reserve Villas,"Tucson, AZ",10102,2x2,943,1549,08/26/2024,False
La Reserve Villas,"Tucson, AZ",10102,2x2,943,1549,08/27/2024,False
La Reserve Villas,"Tucson, AZ",10102,2x2,943,1549,08/28/2024,False
La Reserve Villas,"Tucson, AZ",10102,2x2,943,1549,08/29/2024,False
La Reserve Villas,"Tucson, AZ",10102,2x2,943,1549,08/30/2024,False
La Reserve Villas,"Tucson, AZ",10102,2x2,943,1549,08/31/2024,False
La Reserve Villas,"Tucson, AZ",10102,2x2,943,1549,09/01/2024,False
La Reserve Villas,"Tucson, AZ",10102,2x2,943,1549,09/02/2024,False
La Reserve Villas,"Tucson, AZ",10102,2x2,943,1542,09/03/2024,False
La Reserve Villas,"Tucson, AZ",10102,2x2,943,1617,09/04/2024,False
La Reserve Villas,"Tucson, AZ",10102,2x2,943,1620,09/05/2024,False
La Reserve Villas,"Tucson, AZ",10102,2x2,943,1620,09/06/2024,False
La Reserve Villas,"Tucson, AZ",10102,2x2,943,1620,09/07/2024,False
La Reserve Villas,"Tucson, AZ",10102,2x2,943,1620,09/08/2024,False
La Reserve Villas,"Tucson, AZ",10102,2x2,943,1620,09/09/2024,False
La Reserve Villas,"Tucson, AZ",10102,2x2,943,1620,09/10/2024,False
La Reserve Villas,"Tucson, AZ",10102,2x2,943,1573,09/11/2024,False
La Reserve Villas,"Tucson, AZ",10102,2x2,943,1573,09/12/2024,False
La Reserve Villas,"Tucson, AZ",10102,2x2,943,1573,09/13/2024,False
La Reserve Villas,"Tucson, AZ",10102,2x2,943,1542,09/14/2024,False
La Reserve Villas,"Tucson, AZ",10102,2x2,943,1542,09/15/2024,False
La Reserve Villas,"Tucson, AZ",10102,2x2,943,1542,09/16/2024,False
La Reserve Villas,"Tucson, AZ",10102,2x2,943,1542,09/17/2024,False
La Reserve Villas,"Tucson, AZ",10102,2x2,943,1542,09/18/2024,False
La Reserve Villas,"Tucson, AZ",10102,2x2,943,1542,09/19/2024,False
La Reserve Villas,"Tucson, AZ",10102,2x2,943,1542,09/20/2024,False
La Reserve Villas,"Tucson, AZ",10102,2x2,943,1549,09/21/2024,False
La Reserve Villas,"Tucson, AZ",10102,2x2,943,1549,09/22/2024,False
La Reserve Villas,"Tucson, AZ",10102,2x2,943,1549,09/23/2024,False
La Reserve Villas,"Tucson, AZ",10102,2x2,943,1549,09/24/2024,False
La Reserve Villas,"Tucson, AZ",10102,2x2,943,1562,09/25/2024,False
La Reserve Villas,"Tucson, AZ",10102,2x2,943,1562,09/26/2024,False
La Reserve Villas,"Tucson, AZ",10102,2x2,943,1567,09/27/2024,False
La Reserve Villas,"Tucson, AZ",10102,2x2,943,1589,09/28/2024,False
La Reserve Villas,"Tucson, AZ",10102,2x2,943,1589,09/29/2024,False
La Reserve Villas,"Tucson, AZ",10102,2x2,943,1589,09/30/2024,False
La Reserve Villas,"Tucson, AZ",10102,2x2,943,1589,10/01/2024,False
La Reserve Villas,"Tucson, AZ",10102,2x2,943,1584,10/02/2024,False
La Reserve Villas,"Tucson, AZ",10102,2x2,943,1584,10/03/2024,False
La Reserve Villas,"Tucson, AZ",10102,2x2,943,1584,10/04/2024,False
La Reserve Villas,"Tucson, AZ",10102,2x2,943,1584,10/05/2024,False
La Reserve Villas,"Tucson, AZ",10102,2x2,943,1577,10/06/2024,False
La Reserve Villas,"Tucson, AZ",10102,2x2,943,1584,10/07/2024,False
La Reserve Villas,"Tucson, AZ",10102,2x2,943,1594,10/08/2024,False
La Reserve Villas,"Tucson, AZ",10102,2x2,943,1594,10/09/2024,False
La Reserve Villas,"Tucson, AZ",10102,2x2,943,1594,10/10/2024,False
La Reserve Villas,"Tucson, AZ",10102,2x2,943,1594,10/11/2024,False
La Reserve Villas,"Tucson, AZ",10102,2x2,943,1594,10/12/2024,False
La Reserve Villas,"Tucson, AZ",10102,2x2,943,1594,10/13/2024,False
La Reserve Villas,"Tucson, AZ",10102,2x2,943,1594,10/14/2024,False
La Reserve Villas,"Tucson, AZ",10102,2x2,943,1584,10/15/2024,False
La Reserve Villas,"Tucson, AZ",10102,2x2,943,1584,10/16/2024,False
La Reserve Villas,"Tucson, AZ",10102,2x2,943,1584,10/17/2024,False
La Reserve Villas,"Tucson, AZ",10102,2x2,943,1584,10/18/2024,False
La Reserve Villas,"Tucson, AZ",10102,2x2,943,1574,10/19/2024,False
La Reserve Villas,"Tucson, AZ",10102,2x2,943,1574,10/20/2024,False
La Reserve Villas,"Tucson, AZ",10102,2x2,943,1574,10/21/2024,False
La Reserve Villas,"Tucson, AZ",10102,2x2,943,1579,10/22/2024,False
La Reserve Villas,"Tucson, AZ",10102,2x2,943,1579,10/23/2024,False
La Reserve Villas,"Tucson, AZ",10102,2x2,943,1579,10/24/2024,False
La Reserve Villas,"Tucson, AZ",10102,2x2,943,1570,10/25/2024,False
La Reserve Villas,"Tucson, AZ",10102,2x2,943,1575,10/26/2024,False
La Reserve Villas,"Tucson, AZ",10102,2x2,943,1562,10/27/2024,False
La Reserve Villas,"Tucson, AZ",10102,2x2,943,1558,10/28/2024,False
La Reserve Villas,"Tucson, AZ",10102,2x2,943,1558,10/29/2024,False
La Reserve Villas,"Tucson, AZ",10102,2x2,943,1550,10/30/2024,False
La Reserve Villas,"Tucson, AZ",10102,2x2,943,1546,10/31/2024,False
La Reserve Villas,"Tucson, AZ",10102,2x2,943,1542,11/01/2024,False
La Reserve Villas,"Tucson, AZ",10102,2x2,943,1548,11/02/2024,False
La Reserve Villas,"Tucson, AZ",10102,2x2,943,1548,11/03/2024,False
La Reserve Villas,"Tucson, AZ",10102,2x2,943,1539,11/04/2024,False
La Reserve Villas,"Tucson, AZ",10102,2x2,943,1534,11/05/2024,False
La Reserve Villas,"Tucson, AZ",10102,2x2,943,1509,11/06/2024,False
La Reserve Villas,"Tucson, AZ",10102,2x2,943,1505,11/07/2024,False
La Reserve Villas,"Tucson, AZ",10102,2x2,943,1485,11/08/2024,False
La Reserve Villas,"Tucson, AZ",10102,2x2,943,1485,11/09/2024,True
La Reserve Villas,"Tucson, AZ",10102,2x2,943,1536,03/13/2025,False
La Reserve Villas,"Tucson, AZ",10102,2x2,943,1536,03/14/2025,False
La Reserve Villas,"Tucson, AZ",10102,2x2,943,1536,03/15/2025,False
La Reserve Villas,"Tucson, AZ",10102,2x2,943,1536,03/16/2025,False
La Reserve Villas,"Tucson, AZ",10102,2x2,943,1536,03/17/2025,False
La Reserve Villas,"Tucson, AZ",10102,2x2,943,1536,03/18/2025,False
La Reserve Villas,"Tucson, AZ",10102,2x2,943,1536,03/19/2025,False
La Reserve Villas,"Tucson, AZ",10102,2x2,943,1536,03/20/2025,False
La Reserve Villas,"Tucson, AZ",10102,2x2,943,1536,03/21/2025,False
La Reserve Villas,"Tucson, AZ",10102,2x2,943,1510,03/22/2025,False
La Reserve Villas,"Tucson, AZ",10102,2x2,943,1510,03/23/2025,False
La Reserve Villas,"Tucson, AZ",10102,2x2,943,1510,03/24/2025,False
La Reserve Villas,"Tucson, AZ",10102,2x2,943,1510,03/25/2025,False
La Reserve Villas,"Tucson, AZ",10102,2x2,943,1510,03/26/2025,False
La Reserve Villas,"Tucson, AZ",10102,2x2,943,1510,03/27/2025,False
La Reserve Villas,"Tucson, AZ",10102,2x2,943,1510,03/28/2025,False
La Reserve Villas,"Tucson, AZ",10102,2x2,943,1510,03/29/2025,False
La Reserve Villas,"Tucson, AZ",10102,2x2,943,1510,03/30/2025,False
La Reserve Villas,"Tucson, AZ",10102,2x2,943,1510,03/31/2025,True
La Reserve Villas,"Tucson, AZ",10106,2x2,957,1535,04/24/2025,False
La Reserve Villas,"Tucson, AZ",10106,2x2,957,1540,04/25/2025,False
La Reserve Villas,"Tucson, AZ",10106,2x2,957,1540,04/26/2025,False
La Reserve Villas,"Tucson, AZ",10106,2x2,957,1540,04/27/2025,True
La Reserve Villas,"Tucson, AZ",10201,2x2,957,1472,06/30/2023,False
La Reserve Villas,"Tucson, AZ",10201,2x2,957,1472,07/01/2023,True
La Reserve Villas,"Tucson, AZ",10202,2x2,943,1505,07/30/2023,False
La Reserve Villas,"Tucson, AZ",10202,2x2,943,1505,07/31/2023,False
La Reserve Villas,"Tucson, AZ",10202,2x2,943,1505,08/01/2023,False
La Reserve Villas,"Tucson, AZ",10202,2x2,943,1505,08/02/2023,False
La Reserve Villas,"Tucson, AZ",10202,2x2,943,1505,08/03/2023,False
La Reserve Villas,"Tucson, AZ",10202,2x2,943,1505,08/04/2023,False
La Reserve Villas,"Tucson, AZ",10202,2x2,943,1505,08/05/2023,False
La Reserve Villas,"Tucson, AZ",10202,2x2,943,1505,08/06/2023,False
La Reserve Villas,"Tucson, AZ",10202,2x2,943,1514,08/07/2023,False
La Reserve Villas,"Tucson, AZ",10202,2x2,943,1524,08/08/2023,False
La Reserve Villas,"Tucson, AZ",10202,2x2,943,1524,08/09/2023,False
La Reserve Villas,"Tucson, AZ",10202,2x2,943,1534,08/10/2023,False
La Reserve Villas,"Tucson, AZ",10202,2x2,943,1544,08/11/2023,False
La Reserve Villas,"Tucson, AZ",10202,2x2,943,1544,08/12/2023,False
La Reserve Villas,"Tucson, AZ",10202,2x2,943,1544,08/13/2023,False
La Reserve Villas,"Tucson, AZ",10202,2x2,943,1544,08/14/2023,False
La Reserve Villas,"Tucson, AZ",10202,2x2,943,1544,08/15/2023,False
La Reserve Villas,"Tucson, AZ",10202,2x2,943,1544,08/16/2023,False
La Reserve Villas,"Tucson, AZ",10202,2x2,943,1544,08/17/2023,False
La Reserve Villas,"Tucson, AZ",10202,2x2,943,1526,08/18/2023,False
La Reserve Villas,"Tucson, AZ",10202,2x2,943,1526,08/19/2023,False
La Reserve Villas,"Tucson, AZ",10202,2x2,943,1526,08/20/2023,False
La Reserve Villas,"Tucson, AZ",10202,2x2,943,1526,08/21/2023,False
La Reserve Villas,"Tucson, AZ",10202,2x2,943,1522,08/22/2023,False
La Reserve Villas,"Tucson, AZ",10202,2x2,943,1522,08/23/2023,False
La Reserve Villas,"Tucson, AZ",10202,2x2,943,1522,08/24/2023,False
La Reserve Villas,"Tucson, AZ",10202,2x2,943,1522,08/25/2023,True
La Reserve Villas,"Tucson, AZ",11101,2x2,957,1548,06/06/2024,False
La Reserve Villas,"Tucson, AZ",11101,2x2,957,1548,06/07/2024,True
La Reserve Villas,"Tucson, AZ",11202,2x2,943,1730,12/29/2023,False
La Reserve Villas,"Tucson, AZ",11202,2x2,943,1730,12/30/2023,False
La Reserve Villas,"Tucson, AZ",11202,2x2,943,1730,12/31/2023,False
La Reserve Villas,"Tucson, AZ",11202,2x2,943,1730,01/01/2024,False
La Reserve Villas,"Tucson, AZ",11202,2x2,943,1730,01/02/2024,False
La Reserve Villas,"Tucson, AZ",11202,2x2,943,1730,01/03/2024,False
La Reserve Villas,"Tucson, AZ",11202,2x2,943,1730,01/04/2024,False
La Reserve Villas,"Tucson, AZ",11202,2x2,943,1730,01/05/2024,False
La Reserve Villas,"Tucson, AZ",11202,2x2,943,1679,01/06/2024,False
La Reserve Villas,"Tucson, AZ",11202,2x2,943,1679,01/07/2024,False
La Reserve Villas,"Tucson, AZ",11202,2x2,943,1679,01/08/2024,False
La Reserve Villas,"Tucson, AZ",11202,2x2,943,1679,01/09/2024,False
La Reserve Villas,"Tucson, AZ",11202,2x2,943,1679,01/10/2024,False
La Reserve Villas,"Tucson, AZ",11202,2x2,943,1622,01/11/2024,False
La Reserve Villas,"Tucson, AZ",11202,2x2,943,1622,01/12/2024,False
La Reserve Villas,"Tucson, AZ",11202,2x2,943,1622,01/13/2024,False
La Reserve Villas,"Tucson, AZ",11202,2x2,943,1622,01/14/2024,False
La Reserve Villas,"Tucson, AZ",11202,2x2,943,1622,01/15/2024,False
La Reserve Villas,"Tucson, AZ",11202,2x2,943,1645,01/16/2024,False
La Reserve Villas,"Tucson, AZ",11202,2x2,943,1645,01/17/2024,False
La Reserve Villas,"Tucson, AZ",11202,2x2,943,1645,01/18/2024,False
La Reserve Villas,"Tucson, AZ",11202,2x2,943,1645,01/19/2024,False
La Reserve Villas,"Tucson, AZ",11202,2x2,943,1645,01/20/2024,False
La Reserve Villas,"Tucson, AZ",11202,2x2,943,1645,01/21/2024,False
La Reserve Villas,"Tucson, AZ",11202,2x2,943,1627,01/22/2024,False
La Reserve Villas,"Tucson, AZ",11202,2x2,943,1627,01/23/2024,False
La Reserve Villas,"Tucson, AZ",11202,2x2,943,1645,01/24/2024,False
La Reserve Villas,"Tucson, AZ",11202,2x2,943,1645,01/25/2024,False
La Reserve Villas,"Tucson, AZ",11202,2x2,943,1645,01/26/2024,False
La Reserve Villas,"Tucson, AZ",11202,2x2,943,1645,01/27/2024,False
La Reserve Villas,"Tucson, AZ",11202,2x2,943,1645,01/28/2024,False
La Reserve Villas,"Tucson, AZ",11202,2x2,943,1645,01/29/2024,False
La Reserve Villas,"Tucson, AZ",11202,2x2,943,1645,01/30/2024,False
La Reserve Villas,"Tucson, AZ",11202,2x2,943,1645,01/31/2024,False
La Reserve Villas,"Tucson, AZ",11202,2x2,943,1645,02/01/2024,False
La Reserve Villas,"Tucson, AZ",11202,2x2,943,1645,02/02/2024,False
La Reserve Villas,"Tucson, AZ",11202,2x2,943,1630,02/03/2024,False
La Reserve Villas,"Tucson, AZ",11202,2x2,943,1630,02/04/2024,False
La Reserve Villas,"Tucson, AZ",11202,2x2,943,1630,02/05/2024,False
La Reserve Villas,"Tucson, AZ",11202,2x2,943,1612,02/06/2024,False
La Reserve Villas,"Tucson, AZ",11202,2x2,943,1612,02/07/2024,False
La Reserve Villas,"Tucson, AZ",11202,2x2,943,1612,02/08/2024,False
La Reserve Villas,"Tucson, AZ",11202,2x2,943,1612,02/09/2024,False
La Reserve Villas,"Tucson, AZ",11202,2x2,943,1612,02/10/2024,False
La Reserve Villas,"Tucson, AZ",11202,2x2,943,1612,02/11/2024,False
La Reserve Villas,"Tucson, AZ",11202,2x2,943,1612,02/12/2024,False
La Reserve Villas,"Tucson, AZ",11202,2x2,943,1612,02/13/2024,False
La Reserve Villas,"Tucson, AZ",11202,2x2,943,1587,02/14/2024,False
La Reserve Villas,"Tucson, AZ",11202,2x2,943,1587,02/15/2024,False
La Reserve Villas,"Tucson, AZ",11202,2x2,943,1587,02/16/2024,False
La Reserve Villas,"Tucson, AZ",11202,2x2,943,1587,02/17/2024,False
La Reserve Villas,"Tucson, AZ",11202,2x2,943,1537,02/18/2024,False
La Reserve Villas,"Tucson, AZ",11202,2x2,943,1537,02/19/2024,False
La Reserve Villas,"Tucson, AZ",11202,2x2,943,1537,02/20/2024,False
La Reserve Villas,"Tucson, AZ",11202,2x2,943,1537,02/21/2024,False
La Reserve Villas,"Tucson, AZ",11202,2x2,943,1537,02/22/2024,False
La Reserve Villas,"Tucson, AZ",11202,2x2,943,1561,02/23/2024,False
La Reserve Villas,"Tucson, AZ",11202,2x2,943,1561,02/24/2024,False
La Reserve Villas,"Tucson, AZ",11202,2x2,943,1561,02/25/2024,False
La Reserve Villas,"Tucson, AZ",11202,2x2,943,1611,02/26/2024,False
La Reserve Villas,"Tucson, AZ",11202,2x2,943,1561,02/27/2024,False
La Reserve Villas,"Tucson, AZ",11202,2x2,943,1561,02/28/2024,False
La Reserve Villas,"Tucson, AZ",11202,2x2,943,1602,02/29/2024,False
La Reserve Villas,"Tucson, AZ",11202,2x2,943,1597,03/01/2024,False
La Reserve Villas,"Tucson, AZ",11202,2x2,943,1542,03/02/2024,False
La Reserve Villas,"Tucson, AZ",11202,2x2,943,1542,03/03/2024,False
La Reserve Villas,"Tucson, AZ",11202,2x2,943,1534,03/04/2024,False
La Reserve Villas,"Tucson, AZ",11202,2x2,943,1606,03/05/2024,False
La Reserve Villas,"Tucson, AZ",11202,2x2,943,1545,03/06/2024,False
La Reserve Villas,"Tucson, AZ",11202,2x2,943,1551,03/07/2024,False
La Reserve Villas,"Tucson, AZ",11202,2x2,943,1547,03/08/2024,False
La Reserve Villas,"Tucson, AZ",11202,2x2,943,1543,03/09/2024,False
La Reserve Villas,"Tucson, AZ",11202,2x2,943,1539,03/10/2024,False
La Reserve Villas,"Tucson, AZ",11202,2x2,943,1531,03/11/2024,False
La Reserve Villas,"Tucson, AZ",11202,2x2,943,1531,03/12/2024,False
La Reserve Villas,"Tucson, AZ",11202,2x2,943,1527,03/13/2024,False
La Reserve Villas,"Tucson, AZ",11202,2x2,943,1448,03/14/2024,False
La Reserve Villas,"Tucson, AZ",11202,2x2,943,1448,03/15/2024,True
La Reserve Villas,"Tucson, AZ",11202,2x2,943,1516,03/08/2025,False
La Reserve Villas,"Tucson, AZ",11202,2x2,943,1516,03/09/2025,False
La Reserve Villas,"Tucson, AZ",11202,2x2,943,1516,03/10/2025,False
La Reserve Villas,"Tucson, AZ",11202,2x2,943,1516,03/11/2025,False
La Reserve Villas,"Tucson, AZ",11202,2x2,943,1516,03/12/2025,False
La Reserve Villas,"Tucson, AZ",11202,2x2,943,1516,03/13/2025,False
La Reserve Villas,"Tucson, AZ",11202,2x2,943,1516,03/14/2025,False
La Reserve Villas,"Tucson, AZ",11202,2x2,943,1516,03/15/2025,False
La Reserve Villas,"Tucson, AZ",11202,2x2,943,1516,03/16/2025,False
La Reserve Villas,"Tucson, AZ",11202,2x2,943,1516,03/17/2025,False
La Reserve Villas,"Tucson, AZ",11202,2x2,943,1516,03/18/2025,False
La Reserve Villas,"Tucson, AZ",11202,2x2,943,1516,03/19/2025,False
La Reserve Villas,"Tucson, AZ",11202,2x2,943,1516,03/20/2025,False
La Reserve Villas,"Tucson, AZ",11202,2x2,943,1516,03/21/2025,False
La Reserve Villas,"Tucson, AZ",11202,2x2,943,1516,03/22/2025,False
La Reserve Villas,"Tucson, AZ",11202,2x2,943,1516,03/23/2025,False
La Reserve Villas,"Tucson, AZ",11202,2x2,943,1516,03/24/2025,False
La Reserve Villas,"Tucson, AZ",11202,2x2,943,1516,03/25/2025,False
La Reserve Villas,"Tucson, AZ",11202,2x2,943,1516,03/26/2025,False
La Reserve Villas,"Tucson, AZ",11202,2x2,943,1490,03/27/2025,False
La Reserve Villas,"Tucson, AZ",11202,2x2,943,1490,03/28/2025,False
La Reserve Villas,"Tucson, AZ",11202,2x2,943,1490,03/29/2025,False
La Reserve Villas,"Tucson, AZ",11202,2x2,943,1490,03/30/2025,False
La Reserve Villas,"Tucson, AZ",11202,2x2,943,1490,03/31/2025,False
La Reserve Villas,"Tucson, AZ",11202,2x2,943,1490,04/01/2025,False
La Reserve Villas,"Tucson, AZ",11202,2x2,943,1490,04/02/2025,False
La Reserve Villas,"Tucson, AZ",11202,2x2,943,1490,04/03/2025,False
La Reserve Villas,"Tucson, AZ",11202,2x2,943,1490,04/04/2025,False
La Reserve Villas,"Tucson, AZ",11202,2x2,943,1490,04/05/2025,False
La Reserve Villas,"Tucson, AZ",11202,2x2,943,1490,04/06/2025,False
La Reserve Villas,"Tucson, AZ",11202,2x2,943,1490,04/07/2025,False
La Reserve Villas,"Tucson, AZ",11202,2x2,943,1490,04/08/2025,False
La Reserve Villas,"Tucson, AZ",11202,2x2,943,1490,04/09/2025,False
La Reserve Villas,"Tucson, AZ",11202,2x2,943,1490,04/10/2025,False
La Reserve Villas,"Tucson, AZ",11202,2x2,943,1490,04/11/2025,False
La Reserve Villas,"Tucson, AZ",11202,2x2,943,1490,04/12/2025,False
La Reserve Villas,"Tucson, AZ",11202,2x2,943,1490,04/13/2025,False
La Reserve Villas,"Tucson, AZ",11202,2x2,943,1490,04/14/2025,False
La Reserve Villas,"Tucson, AZ",11202,2x2,943,1490,04/15/2025,True
La Reserve Villas,"Tucson, AZ",11205,2x2,943,1561,05/02/2024,False
La Reserve Villas,"Tucson, AZ",11205,2x2,943,1561,05/03/2024,False
La Reserve Villas,"Tucson, AZ",11205,2x2,943,1513,05/04/2024,False
La Reserve Villas,"Tucson, AZ",11205,2x2,943,1513,05/05/2024,False
La Reserve Villas,"Tucson, AZ",11205,2x2,943,1513,05/06/2024,False
La Reserve Villas,"Tucson, AZ",11205,2x2,943,1513,05/07/2024,False
La Reserve Villas,"Tucson, AZ",11205,2x2,943,1513,05/08/2024,False
La Reserve Villas,"Tucson, AZ",11205,2x2,943,1513,05/09/2024,False
La Reserve Villas,"Tucson, AZ",11205,2x2,943,1513,05/10/2024,False
La Reserve Villas,"Tucson, AZ",11205,2x2,943,1513,05/11/2024,False
La Reserve Villas,"Tucson, AZ",11205,2x2,943,1513,05/12/2024,False
La Reserve Villas,"Tucson, AZ",11205,2x2,943,1513,05/13/2024,False
La Reserve Villas,"Tucson, AZ",11205,2x2,943,1513,05/14/2024,False
La Reserve Villas,"Tucson, AZ",11205,2x2,943,1513,05/15/2024,False
La Reserve Villas,"Tucson, AZ",11205,2x2,943,1513,05/16/2024,False
La Reserve Villas,"Tucson, AZ",11205,2x2,943,1513,05/17/2024,False
La Reserve Villas,"Tucson, AZ",11205,2x2,943,1513,05/18/2024,False
La Reserve Villas,"Tucson, AZ",11205,2x2,943,1513,05/19/2024,False
La Reserve Villas,"Tucson, AZ",11205,2x2,943,1513,05/20/2024,False
La Reserve Villas,"Tucson, AZ",11205,2x2,943,1513,05/21/2024,False
La Reserve Villas,"Tucson, AZ",11205,2x2,943,1513,05/22/2024,False
La Reserve Villas,"Tucson, AZ",11205,2x2,943,1513,05/23/2024,False
La Reserve Villas,"Tucson, AZ",11205,2x2,943,1513,05/24/2024,False
La Reserve Villas,"Tucson, AZ",11205,2x2,943,1513,05/25/2024,False
La Reserve Villas,"Tucson, AZ",11205,2x2,943,1513,05/26/2024,False
La Reserve Villas,"Tucson, AZ",11205,2x2,943,1513,05/27/2024,False
La Reserve Villas,"Tucson, AZ",11205,2x2,943,1513,05/28/2024,False
La Reserve Villas,"Tucson, AZ",11205,2x2,943,1513,05/29/2024,False
La Reserve Villas,"Tucson, AZ",11205,2x2,943,1513,05/30/2024,False
La Reserve Villas,"Tucson, AZ",11205,2x2,943,1513,05/31/2024,False
La Reserve Villas,"Tucson, AZ",11205,2x2,943,1513,06/01/2024,False
La Reserve Villas,"Tucson, AZ",11205,2x2,943,1513,06/02/2024,False
La Reserve Villas,"Tucson, AZ",11205,2x2,943,1513,06/03/2024,False
La Reserve Villas,"Tucson, AZ",11205,2x2,943,1513,06/04/2024,False
La Reserve Villas,"Tucson, AZ",11205,2x2,943,1513,06/05/2024,False
La Reserve Villas,"Tucson, AZ",11205,2x2,943,1513,06/06/2024,False
La Reserve Villas,"Tucson, AZ",11205,2x2,943,1513,06/07/2024,False
La Reserve Villas,"Tucson, AZ",11205,2x2,943,1513,06/08/2024,False
La Reserve Villas,"Tucson, AZ",11205,2x2,943,1513,06/09/2024,False
La Reserve Villas,"Tucson, AZ",11205,2x2,943,1513,06/10/2024,True
La Reserve Villas,"Tucson, AZ",12104,1x1,697,1416,10/08/2023,False
La Reserve Villas,"Tucson, AZ",12104,1x1,697,1416,10/09/2023,False
La Reserve Villas,"Tucson, AZ",12104,1x1,697,1416,10/10/2023,False
La Reserve Villas,"Tucson, AZ",12104,1x1,697,1416,10/11/2023,False
La Reserve Villas,"Tucson, AZ",12104,1x1,697,1421,10/12/2023,False
La Reserve Villas,"Tucson, AZ",12104,1x1,697,1421,10/13/2023,False
La Reserve Villas,"Tucson, AZ",12104,1x1,697,1406,10/14/2023,False
La Reserve Villas,"Tucson, AZ",12104,1x1,697,1406,10/15/2023,False
La Reserve Villas,"Tucson, AZ",12104,1x1,697,1406,10/16/2023,False
La Reserve Villas,"Tucson, AZ",12104,1x1,697,1462,10/17/2023,False
La Reserve Villas,"Tucson, AZ",12104,1x1,697,1467,10/18/2023,False
La Reserve Villas,"Tucson, AZ",12104,1x1,697,1467,10/19/2023,False
La Reserve Villas,"Tucson, AZ",12104,1x1,697,1467,10/20/2023,False
La Reserve Villas,"Tucson, AZ",12104,1x1,697,1467,10/21/2023,False
La Reserve Villas,"Tucson, AZ",12104,1x1,697,1467,10/22/2023,False
La Reserve Villas,"Tucson, AZ",12104,1x1,697,1467,10/23/2023,False
La Reserve Villas,"Tucson, AZ",12104,1x1,697,1467,10/24/2023,False
La Reserve Villas,"Tucson, AZ",12104,1x1,697,1467,10/25/2023,False
La Reserve Villas,"Tucson, AZ",12104,1x1,697,1467,10/26/2023,False
La Reserve Villas,"Tucson, AZ",12104,1x1,697,1467,10/27/2023,False
La Reserve Villas,"Tucson, AZ",12104,1x1,697,1467,10/28/2023,False
La Reserve Villas,"Tucson, AZ",12104,1x1,697,1467,10/29/2023,False
La Reserve Villas,"Tucson, AZ",12104,1x1,697,1467,10/30/2023,False
La Reserve Villas,"Tucson, AZ",12104,1x1,697,1467,10/31/2023,False
La Reserve Villas,"Tucson, AZ",12104,1x1,697,1467,11/01/2023,False
La Reserve Villas,"Tucson, AZ",12104,1x1,697,1427,11/02/2023,False
La Reserve Villas,"Tucson, AZ",12104,1x1,697,1427,11/03/2023,False
La Reserve Villas,"Tucson, AZ",12104,1x1,697,1427,11/04/2023,False
La Reserve Villas,"Tucson, AZ",12104,1x1,697,1427,11/05/2023,False
La Reserve Villas,"Tucson, AZ",12104,1x1,697,1427,11/06/2023,False
La Reserve Villas,"Tucson, AZ",12104,1x1,697,1427,11/07/2023,False
La Reserve Villas,"Tucson, AZ",12104,1x1,697,1427,11/08/2023,False
La Reserve Villas,"Tucson, AZ",12104,1x1,697,1427,11/09/2023,False
La Reserve Villas,"Tucson, AZ",12104,1x1,697,1427,11/10/2023,False
La Reserve Villas,"Tucson, AZ",12104,1x1,697,1472,11/11/2023,False
La Reserve Villas,"Tucson, AZ",12104,1x1,697,1472,11/12/2023,False
La Reserve Villas,"Tucson, AZ",12104,1x1,697,1472,11/13/2023,False
La Reserve Villas,"Tucson, AZ",12104,1x1,697,1503,11/14/2023,False
La Reserve Villas,"Tucson, AZ",12104,1x1,697,1503,11/15/2023,False
La Reserve Villas,"Tucson, AZ",12104,1x1,697,1503,11/16/2023,False
La Reserve Villas,"Tucson, AZ",12104,1x1,697,1503,11/17/2023,False
La Reserve Villas,"Tucson, AZ",12104,1x1,697,1503,11/18/2023,False
La Reserve Villas,"Tucson, AZ",12104,1x1,697,1503,11/19/2023,False
La Reserve Villas,"Tucson, AZ",12104,1x1,697,1503,11/20/2023,False
La Reserve Villas,"Tucson, AZ",12104,1x1,697,1503,11/21/2023,False
La Reserve Villas,"Tucson, AZ",12104,1x1,697,1503,11/22/2023,False
La Reserve Villas,"Tucson, AZ",12104,1x1,697,1503,11/23/2023,False
La Reserve Villas,"Tucson, AZ",12104,1x1,697,1503,11/24/2023,False
La Reserve Villas,"Tucson, AZ",12104,1x1,697,1503,11/25/2023,False
La Reserve Villas,"Tucson, AZ",12104,1x1,697,1503,11/26/2023,False
La Reserve Villas,"Tucson, AZ",12104,1x1,697,1503,11/27/2023,False
La Reserve Villas,"Tucson, AZ",12104,1x1,697,1503,11/28/2023,False
La Reserve Villas,"Tucson, AZ",12104,1x1,697,1503,11/29/2023,False
La Reserve Villas,"Tucson, AZ",12104,1x1,697,1503,11/30/2023,False
La Reserve Villas,"Tucson, AZ",12104,1x1,697,1576,12/01/2023,False
La Reserve Villas,"Tucson, AZ",12104,1x1,697,1576,12/02/2023,False
La Reserve Villas,"Tucson, AZ",12104,1x1,697,1576,12/03/2023,False
La Reserve Villas,"Tucson, AZ",12104,1x1,697,1576,12/04/2023,False
La Reserve Villas,"Tucson, AZ",12104,1x1,697,1652,12/05/2023,False
La Reserve Villas,"Tucson, AZ",12104,1x1,697,1618,12/06/2023,False
La Reserve Villas,"Tucson, AZ",12104,1x1,697,1618,12/07/2023,False
La Reserve Villas,"Tucson, AZ",12104,1x1,697,1618,12/08/2023,False
La Reserve Villas,"Tucson, AZ",12104,1x1,697,1618,12/09/2023,False
La Reserve Villas,"Tucson, AZ",12104,1x1,697,1618,12/10/2023,False
La Reserve Villas,"Tucson, AZ",12104,1x1,697,1618,12/11/2023,False
La Reserve Villas,"Tucson, AZ",12104,1x1,697,1618,12/12/2023,False
La Reserve Villas,"Tucson, AZ",12104,1x1,697,1618,12/13/2023,False
La Reserve Villas,"Tucson, AZ",12104,1x1,697,1618,12/14/2023,False
La Reserve Villas,"Tucson, AZ",12104,1x1,697,1644,12/15/2023,False
La Reserve Villas,"Tucson, AZ",12104,1x1,697,1644,12/16/2023,False
La Reserve Villas,"Tucson, AZ",12104,1x1,697,1618,12/17/2023,False
La Reserve Villas,"Tucson, AZ",12104,1x1,697,1618,12/18/2023,False
La Reserve Villas,"Tucson, AZ",12104,1x1,697,1618,12/19/2023,False
La Reserve Villas,"Tucson, AZ",12104,1x1,697,1618,12/20/2023,False
La Reserve Villas,"Tucson, AZ",12104,1x1,697,1618,12/21/2023,False
La Reserve Villas,"Tucson, AZ",12104,1x1,697,1618,12/22/2023,False
La Reserve Villas,"Tucson, AZ",12104,1x1,697,1618,12/23/2023,False
La Reserve Villas,"Tucson, AZ",12104,1x1,697,1618,12/24/2023,False
La Reserve Villas,"Tucson, AZ",12104,1x1,697,1618,12/25/2023,False
La Reserve Villas,"Tucson, AZ",12104,1x1,697,1618,12/26/2023,False
La Reserve Villas,"Tucson, AZ",12104,1x1,697,1696,12/27/2023,False
La Reserve Villas,"Tucson, AZ",12104,1x1,697,1778,12/28/2023,False
La Reserve Villas,"Tucson, AZ",12104,1x1,697,1669,12/29/2023,False
La Reserve Villas,"Tucson, AZ",12104,1x1,697,1669,12/30/2023,False
La Reserve Villas,"Tucson, AZ",12104,1x1,697,1669,12/31/2023,False
La Reserve Villas,"Tucson, AZ",12104,1x1,697,1669,01/01/2024,False
La Reserve Villas,"Tucson, AZ",12104,1x1,697,1669,01/02/2024,False
La Reserve Villas,"Tucson, AZ",12104,1x1,697,1566,01/03/2024,False
La Reserve Villas,"Tucson, AZ",12104,1x1,697,1566,01/04/2024,False
La Reserve Villas,"Tucson, AZ",12104,1x1,697,1566,01/05/2024,True
La Reserve Villas,"Tucson, AZ",12104,1x1,697,1443,08/15/2024,False
La Reserve Villas,"Tucson, AZ",12104,1x1,697,1443,08/16/2024,False
La Reserve Villas,"Tucson, AZ",12104,1x1,697,1443,08/17/2024,False
La Reserve Villas,"Tucson, AZ",12104,1x1,697,1443,08/18/2024,False
La Reserve Villas,"Tucson, AZ",12104,1x1,697,1443,08/19/2024,False
La Reserve Villas,"Tucson, AZ",12104,1x1,697,1443,08/20/2024,False
La Reserve Villas,"Tucson, AZ",12104,1x1,697,1443,08/21/2024,False
La Reserve Villas,"Tucson, AZ",12104,1x1,697,1443,08/22/2024,False
La Reserve Villas,"Tucson, AZ",12104,1x1,697,1443,08/23/2024,False
La Reserve Villas,"Tucson, AZ",12104,1x1,697,1443,08/24/2024,False
La Reserve Villas,"Tucson, AZ",12104,1x1,697,1443,08/25/2024,False
La Reserve Villas,"Tucson, AZ",12104,1x1,697,1443,08/26/2024,False
La Reserve Villas,"Tucson, AZ",12104,1x1,697,1443,08/27/2024,False
La Reserve Villas,"Tucson, AZ",12104,1x1,697,1443,08/28/2024,False
La Reserve Villas,"Tucson, AZ",12104,1x1,697,1443,08/29/2024,False
La Reserve Villas,"Tucson, AZ",12104,1x1,697,1443,08/30/2024,False
La Reserve Villas,"Tucson, AZ",12104,1x1,697,1443,08/31/2024,False
La Reserve Villas,"Tucson, AZ",12104,1x1,697,1443,09/01/2024,False
La Reserve Villas,"Tucson, AZ",12104,1x1,697,1443,09/02/2024,False
La Reserve Villas,"Tucson, AZ",12104,1x1,697,1443,09/03/2024,False
La Reserve Villas,"Tucson, AZ",12104,1x1,697,1443,09/04/2024,False
La Reserve Villas,"Tucson, AZ",12104,1x1,697,1440,09/05/2024,False
La Reserve Villas,"Tucson, AZ",12104,1x1,697,1440,09/06/2024,False
La Reserve Villas,"Tucson, AZ",12104,1x1,697,1440,09/07/2024,False
La Reserve Villas,"Tucson, AZ",12104,1x1,697,1440,09/08/2024,False
La Reserve Villas,"Tucson, AZ",12104,1x1,697,1440,09/09/2024,False
La Reserve Villas,"Tucson, AZ",12104,1x1,697,1440,09/10/2024,False
La Reserve Villas,"Tucson, AZ",12104,1x1,697,1440,09/11/2024,False
La Reserve Villas,"Tucson, AZ",12104,1x1,697,1440,09/12/2024,False
La Reserve Villas,"Tucson, AZ",12104,1x1,697,1440,09/13/2024,False
La Reserve Villas,"Tucson, AZ",12104,1x1,697,1440,09/14/2024,False
La Reserve Villas,"Tucson, AZ",12104,1x1,697,1440,09/15/2024,False
La Reserve Villas,"Tucson, AZ",12104,1x1,697,1440,09/16/2024,False
La Reserve Villas,"Tucson, AZ",12104,1x1,697,1440,09/17/2024,False
La Reserve Villas,"Tucson, AZ",12104,1x1,697,1440,09/18/2024,False
La Reserve Villas,"Tucson, AZ",12104,1x1,697,1440,09/19/2024,False
La Reserve Villas,"Tucson, AZ",12104,1x1,697,1440,09/20/2024,False
La Reserve Villas,"Tucson, AZ",12104,1x1,697,1440,09/21/2024,False
La Reserve Villas,"Tucson, AZ",12104,1x1,697,1440,09/22/2024,False
La Reserve Villas,"Tucson, AZ",12104,1x1,697,1440,09/23/2024,False
La Reserve Villas,"Tucson, AZ",12104,1x1,697,1440,09/24/2024,False
La Reserve Villas,"Tucson, AZ",12104,1x1,697,1440,09/25/2024,False
La Reserve Villas,"Tucson, AZ",12104,1x1,697,1440,09/26/2024,False
La Reserve Villas,"Tucson, AZ",12104,1x1,697,1440,09/27/2024,False
La Reserve Villas,"Tucson, AZ",12104,1x1,697,1440,09/28/2024,False
La Reserve Villas,"Tucson, AZ",12104,1x1,697,1440,09/29/2024,False
La Reserve Villas,"Tucson, AZ",12104,1x1,697,1440,09/30/2024,False
La Reserve Villas,"Tucson, AZ",12104,1x1,697,1440,10/01/2024,False
La Reserve Villas,"Tucson, AZ",12104,1x1,697,1440,10/02/2024,False
La Reserve Villas,"Tucson, AZ",12104,1x1,697,1440,10/03/2024,False
La Reserve Villas,"Tucson, AZ",12104,1x1,697,1440,10/04/2024,False
La Reserve Villas,"Tucson, AZ",12104,1x1,697,1440,10/05/2024,False
La Reserve Villas,"Tucson, AZ",12104,1x1,697,1440,10/06/2024,False
La Reserve Villas,"Tucson, AZ",12104,1x1,697,1440,10/07/2024,False
La Reserve Villas,"Tucson, AZ",12104,1x1,697,1440,10/08/2024,False
La Reserve Villas,"Tucson, AZ",12104,1x1,697,1440,10/09/2024,False
La Reserve Villas,"Tucson, AZ",12104,1x1,697,1440,10/10/2024,False
La Reserve Villas,"Tucson, AZ",12104,1x1,697,1440,10/11/2024,False
La Reserve Villas,"Tucson, AZ",12104,1x1,697,1440,10/12/2024,False
La Reserve Villas,"Tucson, AZ",12104,1x1,697,1440,10/13/2024,False
La Reserve Villas,"Tucson, AZ",12104,1x1,697,1440,10/14/2024,False
La Reserve Villas,"Tucson, AZ",12104,1x1,697,1435,10/15/2024,False
La Reserve Villas,"Tucson, AZ",12104,1x1,697,1435,10/16/2024,False
La Reserve Villas,"Tucson, AZ",12104,1x1,697,1435,10/17/2024,False
La Reserve Villas,"Tucson, AZ",12104,1x1,697,1435,10/18/2024,False
La Reserve Villas,"Tucson, AZ",12104,1x1,697,1435,10/19/2024,False
La Reserve Villas,"Tucson, AZ",12104,1x1,697,1435,10/20/2024,False
La Reserve Villas,"Tucson, AZ",12104,1x1,697,1435,10/21/2024,False
La Reserve Villas,"Tucson, AZ",12104,1x1,697,1435,10/22/2024,False
La Reserve Villas,"Tucson, AZ",12104,1x1,697,1435,10/23/2024,False
La Reserve Villas,"Tucson, AZ",12104,1x1,697,1435,10/24/2024,False
La Reserve Villas,"Tucson, AZ",12104,1x1,697,1435,10/25/2024,False
La Reserve Villas,"Tucson, AZ",12104,1x1,697,1435,10/26/2024,False
La Reserve Villas,"Tucson, AZ",12104,1x1,697,1435,10/27/2024,False
La Reserve Villas,"Tucson, AZ",12104,1x1,697,1435,10/28/2024,False
La Reserve Villas,"Tucson, AZ",12104,1x1,697,1435,10/29/2024,False
La Reserve Villas,"Tucson, AZ",12104,1x1,697,1435,10/30/2024,False
La Reserve Villas,"Tucson, AZ",12104,1x1,697,1435,10/31/2024,False
La Reserve Villas,"Tucson, AZ",12104,1x1,697,1435,11/01/2024,False
La Reserve Villas,"Tucson, AZ",12104,1x1,697,1435,11/02/2024,False
La Reserve Villas,"Tucson, AZ",12104,1x1,697,1435,11/03/2024,False
La Reserve Villas,"Tucson, AZ",12104,1x1,697,1435,11/04/2024,False
La Reserve Villas,"Tucson, AZ",12104,1x1,697,1435,11/05/2024,False
La Reserve Villas,"Tucson, AZ",12104,1x1,697,1435,11/06/2024,False
La Reserve Villas,"Tucson, AZ",12104,1x1,697,1435,11/07/2024,False
La Reserve Villas,"Tucson, AZ",12104,1x1,697,1400,11/08/2024,False
La Reserve Villas,"Tucson, AZ",12104,1x1,697,1400,11/09/2024,False
La Reserve Villas,"Tucson, AZ",12104,1x1,697,1400,11/10/2024,False
La Reserve Villas,"Tucson, AZ",12104,1x1,697,1400,11/11/2024,False
La Reserve Villas,"Tucson, AZ",12104,1x1,697,1400,11/12/2024,False
La Reserve Villas,"Tucson, AZ",12104,1x1,697,1400,11/13/2024,False
La Reserve Villas,"Tucson, AZ",12104,1x1,697,1372,11/14/2024,False
La Reserve Villas,"Tucson, AZ",12104,1x1,697,1372,11/15/2024,False
La Reserve Villas,"Tucson, AZ",12104,1x1,697,1372,11/16/2024,False
La Reserve Villas,"Tucson, AZ",12104,1x1,697,1368,11/17/2024,False
La Reserve Villas,"Tucson, AZ",12104,1x1,697,1364,11/18/2024,False
La Reserve Villas,"Tucson, AZ",12104,1x1,697,1378,11/19/2024,False
La Reserve Villas,"Tucson, AZ",12104,1x1,697,1375,11/20/2024,False
La Reserve Villas,"Tucson, AZ",12104,1x1,697,1353,11/21/2024,False
La Reserve Villas,"Tucson, AZ",12104,1x1,697,1349,11/22/2024,False
La Reserve Villas,"Tucson, AZ",12104,1x1,697,1349,11/23/2024,False
La Reserve Villas,"Tucson, AZ",12104,1x1,697,1342,11/24/2024,False
La Reserve Villas,"Tucson, AZ",12104,1x1,697,1338,11/25/2024,False
La Reserve Villas,"Tucson, AZ",12104,1x1,697,1334,11/26/2024,False
La Reserve Villas,"Tucson, AZ",12104,1x1,697,1330,11/27/2024,False
La Reserve Villas,"Tucson, AZ",12104,1x1,697,1326,11/28/2024,False
La Reserve Villas,"Tucson, AZ",12104,1x1,697,1322,11/29/2024,False
La Reserve Villas,"Tucson, AZ",12104,1x1,697,1319,11/30/2024,False
La Reserve Villas,"Tucson, AZ",12104,1x1,697,1315,12/01/2024,False
La Reserve Villas,"Tucson, AZ",12104,1x1,697,1315,12/02/2024,False
La Reserve Villas,"Tucson, AZ",12104,1x1,697,1320,12/03/2024,False
La Reserve Villas,"Tucson, AZ",12104,1x1,697,1316,12/04/2024,False
La Reserve Villas,"Tucson, AZ",12104,1x1,697,1312,12/05/2024,False
La Reserve Villas,"Tucson, AZ",12104,1x1,697,1289,12/06/2024,False
La Reserve Villas,"Tucson, AZ",12104,1x1,697,1289,12/07/2024,False
La Reserve Villas,"Tucson, AZ",12104,1x1,697,1285,12/08/2024,False
La Reserve Villas,"Tucson, AZ",12104,1x1,697,1322,12/09/2024,False
La Reserve Villas,"Tucson, AZ",12104,1x1,697,1309,12/10/2024,False
La Reserve Villas,"Tucson, AZ",12104,1x1,697,1304,12/11/2024,False
La Reserve Villas,"Tucson, AZ",12104,1x1,697,1291,12/12/2024,False
La Reserve Villas,"Tucson, AZ",12104,1x1,697,1263,12/13/2024,False
La Reserve Villas,"Tucson, AZ",12104,1x1,697,1259,12/14/2024,False
La Reserve Villas,"Tucson, AZ",12104,1x1,697,1259,12/15/2024,False
La Reserve Villas,"Tucson, AZ",12104,1x1,697,1256,12/16/2024,False
La Reserve Villas,"Tucson, AZ",12104,1x1,697,1283,12/17/2024,False
La Reserve Villas,"Tucson, AZ",12104,1x1,697,1271,12/18/2024,False
La Reserve Villas,"Tucson, AZ",12104,1x1,697,1271,12/19/2024,False
La Reserve Villas,"Tucson, AZ",12104,1x1,697,1256,12/20/2024,False
La Reserve Villas,"Tucson, AZ",12104,1x1,697,1256,12/21/2024,False
La Reserve Villas,"Tucson, AZ",12104,1x1,697,1256,12/22/2024,False
La Reserve Villas,"Tucson, AZ",12104,1x1,697,1256,12/23/2024,False
La Reserve Villas,"Tucson, AZ",12104,1x1,697,1256,12/24/2024,False
La Reserve Villas,"Tucson, AZ",12104,1x1,697,1256,12/25/2024,False
La Reserve Villas,"Tucson, AZ",12104,1x1,697,1256,12/26/2024,False
La Reserve Villas,"Tucson, AZ",12104,1x1,697,1256,12/27/2024,False
La Reserve Villas,"Tucson, AZ",12104,1x1,697,1256,12/28/2024,False
La Reserve Villas,"Tucson, AZ",12104,1x1,697,1256,12/29/2024,False
La Reserve Villas,"Tucson, AZ",12104,1x1,697,1256,12/30/2024,False
La Reserve Villas,"Tucson, AZ",12104,1x1,697,1256,12/31/2024,False
La Reserve Villas,"Tucson, AZ",12104,1x1,697,1256,01/01/2025,False
La Reserve Villas,"Tucson, AZ",12104,1x1,697,1256,01/02/2025,False
La Reserve Villas,"Tucson, AZ",12104,1x1,697,1256,01/03/2025,False
La Reserve Villas,"Tucson, AZ",12104,1x1,697,1256,01/04/2025,False
La Reserve Villas,"Tucson, AZ",12104,1x1,697,1256,01/05/2025,False
La Reserve Villas,"Tucson, AZ",12104,1x1,697,1256,01/06/2025,False
La Reserve Villas,"Tucson, AZ",12104,1x1,697,1256,01/07/2025,True
La Reserve Villas,"Tucson, AZ",12201,2x2,957,1672,03/27/2024,False
La Reserve Villas,"Tucson, AZ",12201,2x2,957,1672,03/28/2024,False
La Reserve Villas,"Tucson, AZ",12201,2x2,957,1672,03/29/2024,False
La Reserve Villas,"Tucson, AZ",12201,2x2,957,1672,03/30/2024,False
La Reserve Villas,"Tucson, AZ",12201,2x2,957,1672,03/31/2024,False
La Reserve Villas,"Tucson, AZ",12201,2x2,957,1672,04/01/2024,False
La Reserve Villas,"Tucson, AZ",12201,2x2,957,1672,04/02/2024,False
La Reserve Villas,"Tucson, AZ",12201,2x2,957,1671,04/03/2024,False
La Reserve Villas,"Tucson, AZ",12201,2x2,957,1671,04/04/2024,False
La Reserve Villas,"Tucson, AZ",12201,2x2,957,1671,04/05/2024,False
La Reserve Villas,"Tucson, AZ",12201,2x2,957,1589,04/06/2024,False
La Reserve Villas,"Tucson, AZ",12201,2x2,957,1589,04/07/2024,False
La Reserve Villas,"Tucson, AZ",12201,2x2,957,1589,04/08/2024,False
La Reserve Villas,"Tucson, AZ",12201,2x2,957,1589,04/09/2024,False
La Reserve Villas,"Tucson, AZ",12201,2x2,957,1589,04/10/2024,False
La Reserve Villas,"Tucson, AZ",12201,2x2,957,1603,04/11/2024,False
La Reserve Villas,"Tucson, AZ",12201,2x2,957,1603,04/12/2024,False
La Reserve Villas,"Tucson, AZ",12201,2x2,957,1603,04/13/2024,False
La Reserve Villas,"Tucson, AZ",12201,2x2,957,1603,04/14/2024,False
La Reserve Villas,"Tucson, AZ",12201,2x2,957,1603,04/15/2024,False
La Reserve Villas,"Tucson, AZ",12201,2x2,957,1603,04/16/2024,False
La Reserve Villas,"Tucson, AZ",12201,2x2,957,1525,04/17/2024,False
La Reserve Villas,"Tucson, AZ",12201,2x2,957,1529,04/18/2024,False
La Reserve Villas,"Tucson, AZ",12201,2x2,957,1573,04/19/2024,False
La Reserve Villas,"Tucson, AZ",12201,2x2,957,1573,04/20/2024,False
La Reserve Villas,"Tucson, AZ",12201,2x2,957,1573,04/21/2024,False
La Reserve Villas,"Tucson, AZ",12201,2x2,957,1573,04/22/2024,False
La Reserve Villas,"Tucson, AZ",12201,2x2,957,1496,04/23/2024,False
La Reserve Villas,"Tucson, AZ",12201,2x2,957,1551,04/24/2024,False
La Reserve Villas,"Tucson, AZ",12201,2x2,957,1475,04/25/2024,False
La Reserve Villas,"Tucson, AZ",12201,2x2,957,1497,04/26/2024,False
La Reserve Villas,"Tucson, AZ",12201,2x2,957,1497,04/27/2024,False
La Reserve Villas,"Tucson, AZ",12201,2x2,957,1497,04/28/2024,False
La Reserve Villas,"Tucson, AZ",12201,2x2,957,1497,04/29/2024,False
La Reserve Villas,"Tucson, AZ",12201,2x2,957,1536,04/30/2024,False
La Reserve Villas,"Tucson, AZ",12201,2x2,957,1536,05/01/2024,False
La Reserve Villas,"Tucson, AZ",12201,2x2,957,1576,05/02/2024,False
La Reserve Villas,"Tucson, AZ",12201,2x2,957,1576,05/03/2024,False
La Reserve Villas,"Tucson, AZ",12201,2x2,957,1528,05/04/2024,False
La Reserve Villas,"Tucson, AZ",12201,2x2,957,1528,05/05/2024,False
La Reserve Villas,"Tucson, AZ",12201,2x2,957,1528,05/06/2024,False
La Reserve Villas,"Tucson, AZ",12201,2x2,957,1528,05/07/2024,False
La Reserve Villas,"Tucson, AZ",12201,2x2,957,1528,05/08/2024,False
La Reserve Villas,"Tucson, AZ",12201,2x2,957,1528,05/09/2024,False
La Reserve Villas,"Tucson, AZ",12201,2x2,957,1528,05/10/2024,False
La Reserve Villas,"Tucson, AZ",12201,2x2,957,1528,05/11/2024,False
La Reserve Villas,"Tucson, AZ",12201,2x2,957,1528,05/12/2024,False
La Reserve Villas,"Tucson, AZ",12201,2x2,957,1528,05/13/2024,False
La Reserve Villas,"Tucson, AZ",12201,2x2,957,1528,05/14/2024,False
La Reserve Villas,"Tucson, AZ",12201,2x2,957,1528,05/15/2024,False
La Reserve Villas,"Tucson, AZ",12201,2x2,957,1528,05/16/2024,False
La Reserve Villas,"Tucson, AZ",12201,2x2,957,1528,05/17/2024,False
La Reserve Villas,"Tucson, AZ",12201,2x2,957,1528,05/18/2024,False
La Reserve Villas,"Tucson, AZ",12201,2x2,957,1528,05/19/2024,False
La Reserve Villas,"Tucson, AZ",12201,2x2,957,1528,05/20/2024,False
La Reserve Villas,"Tucson, AZ",12201,2x2,957,1528,05/21/2024,False
La Reserve Villas,"Tucson, AZ",12201,2x2,957,1528,05/22/2024,True
La Reserve Villas,"Tucson, AZ",12206,2x2,957,1622,11/19/2023,False
La Reserve Villas,"Tucson, AZ",12206,2x2,957,1622,11/20/2023,False
La Reserve Villas,"Tucson, AZ",12206,2x2,957,1574,11/21/2023,False
La Reserve Villas,"Tucson, AZ",12206,2x2,957,1652,11/22/2023,False
La Reserve Villas,"Tucson, AZ",12206,2x2,957,1652,11/23/2023,False
La Reserve Villas,"Tucson, AZ",12206,2x2,957,1652,11/24/2023,False
La Reserve Villas,"Tucson, AZ",12206,2x2,957,1706,11/25/2023,False
La Reserve Villas,"Tucson, AZ",12206,2x2,957,1706,11/26/2023,False
La Reserve Villas,"Tucson, AZ",12206,2x2,957,1706,11/27/2023,False
La Reserve Villas,"Tucson, AZ",12206,2x2,957,1706,11/28/2023,False
La Reserve Villas,"Tucson, AZ",12206,2x2,957,1734,11/29/2023,False
La Reserve Villas,"Tucson, AZ",12206,2x2,957,1622,11/30/2023,False
La Reserve Villas,"Tucson, AZ",12206,2x2,957,1622,12/01/2023,False
La Reserve Villas,"Tucson, AZ",12206,2x2,957,1622,12/02/2023,False
La Reserve Villas,"Tucson, AZ",12206,2x2,957,1622,12/03/2023,False
La Reserve Villas,"Tucson, AZ",12206,2x2,957,1622,12/04/2023,False
La Reserve Villas,"Tucson, AZ",12206,2x2,957,1651,12/05/2023,False
La Reserve Villas,"Tucson, AZ",12206,2x2,957,1651,12/06/2023,False
La Reserve Villas,"Tucson, AZ",12206,2x2,957,1651,12/07/2023,False
La Reserve Villas,"Tucson, AZ",12206,2x2,957,1683,12/08/2023,False
La Reserve Villas,"Tucson, AZ",12206,2x2,957,1766,12/09/2023,False
La Reserve Villas,"Tucson, AZ",12206,2x2,957,1766,12/10/2023,False
La Reserve Villas,"Tucson, AZ",12206,2x2,957,1766,12/11/2023,False
La Reserve Villas,"Tucson, AZ",12206,2x2,957,1681,12/12/2023,False
La Reserve Villas,"Tucson, AZ",12206,2x2,957,1681,12/13/2023,False
La Reserve Villas,"Tucson, AZ",12206,2x2,957,1681,12/14/2023,False
La Reserve Villas,"Tucson, AZ",12206,2x2,957,1692,12/15/2023,False
La Reserve Villas,"Tucson, AZ",12206,2x2,957,1692,12/16/2023,False
La Reserve Villas,"Tucson, AZ",12206,2x2,957,1692,12/17/2023,False
La Reserve Villas,"Tucson, AZ",12206,2x2,957,1692,12/18/2023,False
La Reserve Villas,"Tucson, AZ",12206,2x2,957,1775,12/19/2023,False
La Reserve Villas,"Tucson, AZ",12206,2x2,957,1731,12/20/2023,False
La Reserve Villas,"Tucson, AZ",12206,2x2,957,1731,12/21/2023,False
La Reserve Villas,"Tucson, AZ",12206,2x2,957,1731,12/22/2023,False
La Reserve Villas,"Tucson, AZ",12206,2x2,957,1731,12/23/2023,False
La Reserve Villas,"Tucson, AZ",12206,2x2,957,1731,12/24/2023,False
La Reserve Villas,"Tucson, AZ",12206,2x2,957,1731,12/25/2023,False
La Reserve Villas,"Tucson, AZ",12206,2x2,957,1731,12/26/2023,False
La Reserve Villas,"Tucson, AZ",12206,2x2,957,1816,12/27/2023,False
La Reserve Villas,"Tucson, AZ",12206,2x2,957,1908,12/28/2023,False
La Reserve Villas,"Tucson, AZ",12206,2x2,957,1731,12/29/2023,False
La Reserve Villas,"Tucson, AZ",12206,2x2,957,1731,12/30/2023,False
La Reserve Villas,"Tucson, AZ",12206,2x2,957,1731,12/31/2023,False
La Reserve Villas,"Tucson, AZ",12206,2x2,957,1731,01/01/2024,False
La Reserve Villas,"Tucson, AZ",12206,2x2,957,1731,01/02/2024,False
La Reserve Villas,"Tucson, AZ",12206,2x2,957,1731,01/03/2024,False
La Reserve Villas,"Tucson, AZ",12206,2x2,957,1731,01/04/2024,False
La Reserve Villas,"Tucson, AZ",12206,2x2,957,1731,01/05/2024,False
La Reserve Villas,"Tucson, AZ",12206,2x2,957,1681,01/06/2024,False
La Reserve Villas,"Tucson, AZ",12206,2x2,957,1681,01/07/2024,False
La Reserve Villas,"Tucson, AZ",12206,2x2,957,1681,01/08/2024,False
La Reserve Villas,"Tucson, AZ",12206,2x2,957,1681,01/09/2024,False
La Reserve Villas,"Tucson, AZ",12206,2x2,957,1681,01/10/2024,False
La Reserve Villas,"Tucson, AZ",12206,2x2,957,1624,01/11/2024,False
La Reserve Villas,"Tucson, AZ",12206,2x2,957,1624,01/12/2024,False
La Reserve Villas,"Tucson, AZ",12206,2x2,957,1624,01/13/2024,False
La Reserve Villas,"Tucson, AZ",12206,2x2,957,1624,01/14/2024,False
La Reserve Villas,"Tucson, AZ",12206,2x2,957,1624,01/15/2024,False
La Reserve Villas,"Tucson, AZ",12206,2x2,957,1624,01/16/2024,False
La Reserve Villas,"Tucson, AZ",12206,2x2,957,1624,01/17/2024,False
La Reserve Villas,"Tucson, AZ",12206,2x2,957,1624,01/18/2024,False
La Reserve Villas,"Tucson, AZ",12206,2x2,957,1624,01/19/2024,False
La Reserve Villas,"Tucson, AZ",12206,2x2,957,1624,01/20/2024,False
La Reserve Villas,"Tucson, AZ",12206,2x2,957,1624,01/21/2024,False
La Reserve Villas,"Tucson, AZ",12206,2x2,957,1624,01/22/2024,False
La Reserve Villas,"Tucson, AZ",12206,2x2,957,1624,01/23/2024,False
La Reserve Villas,"Tucson, AZ",12206,2x2,957,1624,01/24/2024,False
La Reserve Villas,"Tucson, AZ",12206,2x2,957,1647,01/25/2024,False
La Reserve Villas,"Tucson, AZ",12206,2x2,957,1647,01/26/2024,False
La Reserve Villas,"Tucson, AZ",12206,2x2,957,1647,01/27/2024,False
La Reserve Villas,"Tucson, AZ",12206,2x2,957,1647,01/28/2024,False
La Reserve Villas,"Tucson, AZ",12206,2x2,957,1647,01/29/2024,False
La Reserve Villas,"Tucson, AZ",12206,2x2,957,1647,01/30/2024,False
La Reserve Villas,"Tucson, AZ",12206,2x2,957,1647,01/31/2024,False
La Reserve Villas,"Tucson, AZ",12206,2x2,957,1647,02/01/2024,False
La Reserve Villas,"Tucson, AZ",12206,2x2,957,1665,02/02/2024,False
La Reserve Villas,"Tucson, AZ",12206,2x2,957,1650,02/03/2024,False
La Reserve Villas,"Tucson, AZ",12206,2x2,957,1650,02/04/2024,False
La Reserve Villas,"Tucson, AZ",12206,2x2,957,1650,02/05/2024,False
La Reserve Villas,"Tucson, AZ",12206,2x2,957,1632,02/06/2024,False
La Reserve Villas,"Tucson, AZ",12206,2x2,957,1632,02/07/2024,False
La Reserve Villas,"Tucson, AZ",12206,2x2,957,1632,02/08/2024,False
La Reserve Villas,"Tucson, AZ",12206,2x2,957,1632,02/09/2024,False
La Reserve Villas,"Tucson, AZ",12206,2x2,957,1632,02/10/2024,False
La Reserve Villas,"Tucson, AZ",12206,2x2,957,1632,02/11/2024,False
La Reserve Villas,"Tucson, AZ",12206,2x2,957,1632,02/12/2024,False
La Reserve Villas,"Tucson, AZ",12206,2x2,957,1632,02/13/2024,False
La Reserve Villas,"Tucson, AZ",12206,2x2,957,1607,02/14/2024,False
La Reserve Villas,"Tucson, AZ",12206,2x2,957,1607,02/15/2024,False
La Reserve Villas,"Tucson, AZ",12206,2x2,957,1607,02/16/2024,False
La Reserve Villas,"Tucson, AZ",12206,2x2,957,1607,02/17/2024,False
La Reserve Villas,"Tucson, AZ",12206,2x2,957,1557,02/18/2024,False
La Reserve Villas,"Tucson, AZ",12206,2x2,957,1557,02/19/2024,False
La Reserve Villas,"Tucson, AZ",12206,2x2,957,1557,02/20/2024,False
La Reserve Villas,"Tucson, AZ",12206,2x2,957,1557,02/21/2024,False
La Reserve Villas,"Tucson, AZ",12206,2x2,957,1557,02/22/2024,True
La Reserve Villas,"Tucson, AZ",13102,1x1,697,1402,09/07/2023,False
La Reserve Villas,"Tucson, AZ",13102,1x1,697,1402,09/08/2023,False
La Reserve Villas,"Tucson, AZ",13102,1x1,697,1402,09/09/2023,False
La Reserve Villas,"Tucson, AZ",13102,1x1,697,1402,09/10/2023,False
La Reserve Villas,"Tucson, AZ",13102,1x1,697,1402,09/11/2023,False
La Reserve Villas,"Tucson, AZ",13102,1x1,697,1402,09/12/2023,False
La Reserve Villas,"Tucson, AZ",13102,1x1,697,1382,09/13/2023,False
La Reserve Villas,"Tucson, AZ",13102,1x1,697,1382,09/14/2023,False
La Reserve Villas,"Tucson, AZ",13102,1x1,697,1382,09/15/2023,False
La Reserve Villas,"Tucson, AZ",13102,1x1,697,1382,09/16/2023,False
La Reserve Villas,"Tucson, AZ",13102,1x1,697,1382,09/17/2023,False
La Reserve Villas,"Tucson, AZ",13102,1x1,697,1382,09/18/2023,False
La Reserve Villas,"Tucson, AZ",13102,1x1,697,1382,09/19/2023,False
La Reserve Villas,"Tucson, AZ",13102,1x1,697,1382,09/20/2023,False
La Reserve Villas,"Tucson, AZ",13102,1x1,697,1382,09/21/2023,False
La Reserve Villas,"Tucson, AZ",13102,1x1,697,1416,09/22/2023,False
La Reserve Villas,"Tucson, AZ",13102,1x1,697,1421,09/23/2023,False
La Reserve Villas,"Tucson, AZ",13102,1x1,697,1421,09/24/2023,False
La Reserve Villas,"Tucson, AZ",13102,1x1,697,1421,09/25/2023,False
La Reserve Villas,"Tucson, AZ",13102,1x1,697,1426,09/26/2023,False
La Reserve Villas,"Tucson, AZ",13102,1x1,697,1436,09/27/2023,False
La Reserve Villas,"Tucson, AZ",13102,1x1,697,1436,09/28/2023,False
La Reserve Villas,"Tucson, AZ",13102,1x1,697,1441,09/29/2023,False
La Reserve Villas,"Tucson, AZ",13102,1x1,697,1446,09/30/2023,False
La Reserve Villas,"Tucson, AZ",13102,1x1,697,1446,10/01/2023,False
La Reserve Villas,"Tucson, AZ",13102,1x1,697,1446,10/02/2023,False
La Reserve Villas,"Tucson, AZ",13102,1x1,697,1452,10/03/2023,False
La Reserve Villas,"Tucson, AZ",13102,1x1,697,1457,10/04/2023,False
La Reserve Villas,"Tucson, AZ",13102,1x1,697,1441,10/05/2023,False
La Reserve Villas,"Tucson, AZ",13102,1x1,697,1446,10/06/2023,False
La Reserve Villas,"Tucson, AZ",13102,1x1,697,1452,10/07/2023,False
La Reserve Villas,"Tucson, AZ",13102,1x1,697,1452,10/08/2023,False
La Reserve Villas,"Tucson, AZ",13102,1x1,697,1452,10/09/2023,False
La Reserve Villas,"Tucson, AZ",13102,1x1,697,1457,10/10/2023,False
La Reserve Villas,"Tucson, AZ",13102,1x1,697,1457,10/11/2023,False
La Reserve Villas,"Tucson, AZ",13102,1x1,697,1457,10/12/2023,False
La Reserve Villas,"Tucson, AZ",13102,1x1,697,1457,10/13/2023,False
La Reserve Villas,"Tucson, AZ",13102,1x1,697,1441,10/14/2023,False
La Reserve Villas,"Tucson, AZ",13102,1x1,697,1441,10/15/2023,False
La Reserve Villas,"Tucson, AZ",13102,1x1,697,1441,10/16/2023,False
La Reserve Villas,"Tucson, AZ",13102,1x1,697,1497,10/17/2023,False
La Reserve Villas,"Tucson, AZ",13102,1x1,697,1502,10/18/2023,False
La Reserve Villas,"Tucson, AZ",13102,1x1,697,1502,10/19/2023,False
La Reserve Villas,"Tucson, AZ",13102,1x1,697,1502,10/20/2023,False
La Reserve Villas,"Tucson, AZ",13102,1x1,697,1502,10/21/2023,False
La Reserve Villas,"Tucson, AZ",13102,1x1,697,1502,10/22/2023,False
La Reserve Villas,"Tucson, AZ",13102,1x1,697,1502,10/23/2023,False
La Reserve Villas,"Tucson, AZ",13102,1x1,697,1502,10/24/2023,False
La Reserve Villas,"Tucson, AZ",13102,1x1,697,1502,10/25/2023,False
La Reserve Villas,"Tucson, AZ",13102,1x1,697,1502,10/26/2023,False
La Reserve Villas,"Tucson, AZ",13102,1x1,697,1502,10/27/2023,False
La Reserve Villas,"Tucson, AZ",13102,1x1,697,1502,10/28/2023,False
La Reserve Villas,"Tucson, AZ",13102,1x1,697,1502,10/29/2023,False
La Reserve Villas,"Tucson, AZ",13102,1x1,697,1502,10/30/2023,False
La Reserve Villas,"Tucson, AZ",13102,1x1,697,1502,10/31/2023,False
La Reserve Villas,"Tucson, AZ",13102,1x1,697,1502,11/01/2023,False
La Reserve Villas,"Tucson, AZ",13102,1x1,697,1462,11/02/2023,False
La Reserve Villas,"Tucson, AZ",13102,1x1,697,1467,11/03/2023,False
La Reserve Villas,"Tucson, AZ",13102,1x1,697,1463,11/04/2023,False
La Reserve Villas,"Tucson, AZ",13102,1x1,697,1460,11/05/2023,False
La Reserve Villas,"Tucson, AZ",13102,1x1,697,1457,11/06/2023,False
La Reserve Villas,"Tucson, AZ",13102,1x1,697,1440,11/07/2023,False
La Reserve Villas,"Tucson, AZ",13102,1x1,697,1436,11/08/2023,False
La Reserve Villas,"Tucson, AZ",13102,1x1,697,1436,11/09/2023,False
La Reserve Villas,"Tucson, AZ",13102,1x1,697,1447,11/10/2023,False
La Reserve Villas,"Tucson, AZ",13102,1x1,697,1489,11/11/2023,False
La Reserve Villas,"Tucson, AZ",13102,1x1,697,1485,11/12/2023,False
La Reserve Villas,"Tucson, AZ",13102,1x1,697,1482,11/13/2023,False
La Reserve Villas,"Tucson, AZ",13102,1x1,697,1504,11/14/2023,False
La Reserve Villas,"Tucson, AZ",13102,1x1,697,1504,11/15/2023,False
La Reserve Villas,"Tucson, AZ",13102,1x1,697,1501,11/16/2023,False
La Reserve Villas,"Tucson, AZ",13102,1x1,697,1497,11/17/2023,False
La Reserve Villas,"Tucson, AZ",13102,1x1,697,1494,11/18/2023,False
La Reserve Villas,"Tucson, AZ",13102,1x1,697,1490,11/19/2023,False
La Reserve Villas,"Tucson, AZ",13102,1x1,697,1483,11/20/2023,False
La Reserve Villas,"Tucson, AZ",13102,1x1,697,1480,11/21/2023,False
La Reserve Villas,"Tucson, AZ",13102,1x1,697,1480,11/22/2023,False
La Reserve Villas,"Tucson, AZ",13102,1x1,697,1476,11/23/2023,False
La Reserve Villas,"Tucson, AZ",13102,1x1,697,1469,11/24/2023,False
La Reserve Villas,"Tucson, AZ",13102,1x1,697,1469,11/25/2023,False
La Reserve Villas,"Tucson, AZ",13102,1x1,697,1466,11/26/2023,False
La Reserve Villas,"Tucson, AZ",13102,1x1,697,1459,11/27/2023,False
La Reserve Villas,"Tucson, AZ",13102,1x1,697,1459,11/28/2023,False
La Reserve Villas,"Tucson, AZ",13102,1x1,697,1455,11/29/2023,False
La Reserve Villas,"Tucson, AZ",13102,1x1,697,1455,11/30/2023,False
La Reserve Villas,"Tucson, AZ",13102,1x1,697,1455,12/01/2023,False
La Reserve Villas,"Tucson, AZ",13102,1x1,697,1455,12/02/2023,False
La Reserve Villas,"Tucson, AZ",13102,1x1,697,1455,12/03/2023,False
La Reserve Villas,"Tucson, AZ",13102,1x1,697,1455,12/04/2023,False
La Reserve Villas,"Tucson, AZ",13102,1x1,697,1455,12/05/2023,False
La Reserve Villas,"Tucson, AZ",13102,1x1,697,1455,12/06/2023,False
La Reserve Villas,"Tucson, AZ",13102,1x1,697,1455,12/07/2023,False
La Reserve Villas,"Tucson, AZ",13102,1x1,697,1455,12/08/2023,False
La Reserve Villas,"Tucson, AZ",13102,1x1,697,1455,12/09/2023,False
La Reserve Villas,"Tucson, AZ",13102,1x1,697,1455,12/10/2023,False
La Reserve Villas,"Tucson, AZ",13102,1x1,697,1455,12/11/2023,False
La Reserve Villas,"Tucson, AZ",13102,1x1,697,1455,12/12/2023,False
La Reserve Villas,"Tucson, AZ",13102,1x1,697,1455,12/13/2023,False
La Reserve Villas,"Tucson, AZ",13102,1x1,697,1455,12/14/2023,False
La Reserve Villas,"Tucson, AZ",13102,1x1,697,1455,12/15/2023,False
La Reserve Villas,"Tucson, AZ",13102,1x1,697,1455,12/16/2023,False
La Reserve Villas,"Tucson, AZ",13102,1x1,697,1455,12/17/2023,False
La Reserve Villas,"Tucson, AZ",13102,1x1,697,1455,12/18/2023,False
La Reserve Villas,"Tucson, AZ",13102,1x1,697,1455,12/19/2023,False
La Reserve Villas,"Tucson, AZ",13102,1x1,697,1455,12/20/2023,False
La Reserve Villas,"Tucson, AZ",13102,1x1,697,1455,12/21/2023,False
La Reserve Villas,"Tucson, AZ",13102,1x1,697,1455,12/22/2023,False
La Reserve Villas,"Tucson, AZ",13102,1x1,697,1455,12/23/2023,False
La Reserve Villas,"Tucson, AZ",13102,1x1,697,1455,12/24/2023,False
La Reserve Villas,"Tucson, AZ",13102,1x1,697,1455,12/25/2023,False
La Reserve Villas,"Tucson, AZ",13102,1x1,697,1455,12/26/2023,False
La Reserve Villas,"Tucson, AZ",13102,1x1,697,1455,12/27/2023,False
La Reserve Villas,"Tucson, AZ",13102,1x1,697,1455,12/28/2023,False
La Reserve Villas,"Tucson, AZ",13102,1x1,697,1455,12/29/2023,False
La Reserve Villas,"Tucson, AZ",13102,1x1,697,1455,12/30/2023,False
La Reserve Villas,"Tucson, AZ",13102,1x1,697,1455,12/31/2023,False
La Reserve Villas,"Tucson, AZ",13102,1x1,697,1455,01/01/2024,False
La Reserve Villas,"Tucson, AZ",13102,1x1,697,1455,01/02/2024,False
La Reserve Villas,"Tucson, AZ",13102,1x1,697,1455,01/03/2024,False
La Reserve Villas,"Tucson, AZ",13102,1x1,697,1455,01/04/2024,False
La Reserve Villas,"Tucson, AZ",13102,1x1,697,1389,01/05/2024,False
La Reserve Villas,"Tucson, AZ",13102,1x1,697,1389,01/06/2024,False
La Reserve Villas,"Tucson, AZ",13102,1x1,697,1389,01/07/2024,False
La Reserve Villas,"Tucson, AZ",13102,1x1,697,1389,01/08/2024,False
La Reserve Villas,"Tucson, AZ",13102,1x1,697,1389,01/09/2024,True
La Reserve Villas,"Tucson, AZ",13102,1x1,697,1425,01/07/2025,False
La Reserve Villas,"Tucson, AZ",13102,1x1,697,1425,01/08/2025,False
La Reserve Villas,"Tucson, AZ",13102,1x1,697,1425,01/09/2025,False
La Reserve Villas,"Tucson, AZ",13102,1x1,697,1425,01/10/2025,False
La Reserve Villas,"Tucson, AZ",13102,1x1,697,1425,01/11/2025,False
La Reserve Villas,"Tucson, AZ",13102,1x1,697,1425,01/12/2025,False
La Reserve Villas,"Tucson, AZ",13102,1x1,697,1395,01/13/2025,False
La Reserve Villas,"Tucson, AZ",13102,1x1,697,1395,01/14/2025,False
La Reserve Villas,"Tucson, AZ",13102,1x1,697,1395,01/15/2025,False
La Reserve Villas,"Tucson, AZ",13102,1x1,697,1395,01/16/2025,False
La Reserve Villas,"Tucson, AZ",13102,1x1,697,1395,01/17/2025,False
La Reserve Villas,"Tucson, AZ",13102,1x1,697,1395,01/18/2025,False
La Reserve Villas,"Tucson, AZ",13102,1x1,697,1395,01/19/2025,False
La Reserve Villas,"Tucson, AZ",13102,1x1,697,1395,01/20/2025,False
La Reserve Villas,"Tucson, AZ",13102,1x1,697,1395,01/21/2025,False
La Reserve Villas,"Tucson, AZ",13102,1x1,697,1395,01/22/2025,False
La Reserve Villas,"Tucson, AZ",13102,1x1,697,1395,01/23/2025,False
La Reserve Villas,"Tucson, AZ",13102,1x1,697,1395,01/24/2025,False
La Reserve Villas,"Tucson, AZ",13102,1x1,697,1395,01/25/2025,False
La Reserve Villas,"Tucson, AZ",13102,1x1,697,1395,01/26/2025,False
La Reserve Villas,"Tucson, AZ",13102,1x1,697,1395,01/27/2025,False
La Reserve Villas,"Tucson, AZ",13102,1x1,697,1415,01/28/2025,False
La Reserve Villas,"Tucson, AZ",13102,1x1,697,1415,01/29/2025,False
La Reserve Villas,"Tucson, AZ",13102,1x1,697,1415,01/30/2025,False
La Reserve Villas,"Tucson, AZ",13102,1x1,697,1415,01/31/2025,False
La Reserve Villas,"Tucson, AZ",13102,1x1,697,1415,02/01/2025,False
La Reserve Villas,"Tucson, AZ",13102,1x1,697,1415,02/02/2025,False
La Reserve Villas,"Tucson, AZ",13102,1x1,697,1415,02/03/2025,False
La Reserve Villas,"Tucson, AZ",13102,1x1,697,1441,02/04/2025,False
La Reserve Villas,"Tucson, AZ",13102,1x1,697,1441,02/05/2025,False
La Reserve Villas,"Tucson, AZ",13102,1x1,697,1433,02/06/2025,False
La Reserve Villas,"Tucson, AZ",13102,1x1,697,1433,02/07/2025,False
La Reserve Villas,"Tucson, AZ",13102,1x1,697,1433,02/08/2025,False
La Reserve Villas,"Tucson, AZ",13102,1x1,697,1433,02/09/2025,False
La Reserve Villas,"Tucson, AZ",13102,1x1,697,1433,02/10/2025,False
La Reserve Villas,"Tucson, AZ",13102,1x1,697,1433,02/11/2025,False
La Reserve Villas,"Tucson, AZ",13102,1x1,697,1433,02/12/2025,False
La Reserve Villas,"Tucson, AZ",13102,1x1,697,1413,02/13/2025,False
La Reserve Villas,"Tucson, AZ",13102,1x1,697,1413,02/14/2025,False
La Reserve Villas,"Tucson, AZ",13102,1x1,697,1413,02/15/2025,False
La Reserve Villas,"Tucson, AZ",13102,1x1,697,1413,02/16/2025,False
La Reserve Villas,"Tucson, AZ",13102,1x1,697,1413,02/17/2025,False
La Reserve Villas,"Tucson, AZ",13102,1x1,697,1413,02/18/2025,False
La Reserve Villas,"Tucson, AZ",13102,1x1,697,1413,02/19/2025,False
La Reserve Villas,"Tucson, AZ",13102,1x1,697,1409,02/20/2025,False
La Reserve Villas,"Tucson, AZ",13102,1x1,697,1409,02/21/2025,False
La Reserve Villas,"Tucson, AZ",13102,1x1,697,1409,02/22/2025,False
La Reserve Villas,"Tucson, AZ",13102,1x1,697,1409,02/23/2025,False
La Reserve Villas,"Tucson, AZ",13102,1x1,697,1409,02/24/2025,False
La Reserve Villas,"Tucson, AZ",13102,1x1,697,1409,02/25/2025,False
La Reserve Villas,"Tucson, AZ",13102,1x1,697,1409,02/26/2025,False
La Reserve Villas,"Tucson, AZ",13102,1x1,697,1409,02/27/2025,False
La Reserve Villas,"Tucson, AZ",13102,1x1,697,1409,02/28/2025,False
La Reserve Villas,"Tucson, AZ",13102,1x1,697,1409,03/01/2025,False
La Reserve Villas,"Tucson, AZ",13102,1x1,697,1409,03/02/2025,False
La Reserve Villas,"Tucson, AZ",13102,1x1,697,1409,03/03/2025,False
La Reserve Villas,"Tucson, AZ",13102,1x1,697,1409,03/04/2025,False
La Reserve Villas,"Tucson, AZ",13102,1x1,697,1409,03/05/2025,False
La Reserve Villas,"Tucson, AZ",13102,1x1,697,1409,03/06/2025,True
La Reserve Villas,"Tucson, AZ",13105,1x1,697,1564,12/03/2023,False
La Reserve Villas,"Tucson, AZ",13105,1x1,697,1564,12/04/2023,False
La Reserve Villas,"Tucson, AZ",13105,1x1,697,1639,12/05/2023,False
La Reserve Villas,"Tucson, AZ",13105,1x1,697,1606,12/06/2023,False
La Reserve Villas,"Tucson, AZ",13105,1x1,697,1606,12/07/2023,False
La Reserve Villas,"Tucson, AZ",13105,1x1,697,1606,12/08/2023,False
La Reserve Villas,"Tucson, AZ",13105,1x1,697,1606,12/09/2023,False
La Reserve Villas,"Tucson, AZ",13105,1x1,697,1606,12/10/2023,False
La Reserve Villas,"Tucson, AZ",13105,1x1,697,1606,12/11/2023,False
La Reserve Villas,"Tucson, AZ",13105,1x1,697,1606,12/12/2023,False
La Reserve Villas,"Tucson, AZ",13105,1x1,697,1606,12/13/2023,False
La Reserve Villas,"Tucson, AZ",13105,1x1,697,1606,12/14/2023,False
La Reserve Villas,"Tucson, AZ",13105,1x1,697,1631,12/15/2023,False
La Reserve Villas,"Tucson, AZ",13105,1x1,697,1631,12/16/2023,False
La Reserve Villas,"Tucson, AZ",13105,1x1,697,1606,12/17/2023,False
La Reserve Villas,"Tucson, AZ",13105,1x1,697,1606,12/18/2023,False
La Reserve Villas,"Tucson, AZ",13105,1x1,697,1606,12/19/2023,False
La Reserve Villas,"Tucson, AZ",13105,1x1,697,1606,12/20/2023,False
La Reserve Villas,"Tucson, AZ",13105,1x1,697,1606,12/21/2023,False
La Reserve Villas,"Tucson, AZ",13105,1x1,697,1606,12/22/2023,False
La Reserve Villas,"Tucson, AZ",13105,1x1,697,1606,12/23/2023,False
La Reserve Villas,"Tucson, AZ",13105,1x1,697,1606,12/24/2023,False
La Reserve Villas,"Tucson, AZ",13105,1x1,697,1606,12/25/2023,False
La Reserve Villas,"Tucson, AZ",13105,1x1,697,1606,12/26/2023,False
La Reserve Villas,"Tucson, AZ",13105,1x1,697,1683,12/27/2023,False
La Reserve Villas,"Tucson, AZ",13105,1x1,697,1764,12/28/2023,False
La Reserve Villas,"Tucson, AZ",13105,1x1,697,1656,12/29/2023,False
La Reserve Villas,"Tucson, AZ",13105,1x1,697,1656,12/30/2023,False
La Reserve Villas,"Tucson, AZ",13105,1x1,697,1656,12/31/2023,False
La Reserve Villas,"Tucson, AZ",13105,1x1,697,1656,01/01/2024,False
La Reserve Villas,"Tucson, AZ",13105,1x1,697,1656,01/02/2024,False
La Reserve Villas,"Tucson, AZ",13105,1x1,697,1576,01/03/2024,False
La Reserve Villas,"Tucson, AZ",13105,1x1,697,1576,01/04/2024,False
La Reserve Villas,"Tucson, AZ",13105,1x1,697,1500,01/05/2024,False
La Reserve Villas,"Tucson, AZ",13105,1x1,697,1500,01/06/2024,True
La Reserve Villas,"Tucson, AZ",13201,3x2,1111,1924,01/16/2024,False
La Reserve Villas,"Tucson, AZ",13201,3x2,1111,1958,01/17/2024,False
La Reserve Villas,"Tucson, AZ",13201,3x2,1111,1861,01/18/2024,False
La Reserve Villas,"Tucson, AZ",13201,3x2,1111,1861,01/19/2024,False
La Reserve Villas,"Tucson, AZ",13201,3x2,1111,1769,01/20/2024,False
La Reserve Villas,"Tucson, AZ",13201,3x2,1111,1769,01/21/2024,False
La Reserve Villas,"Tucson, AZ",13201,3x2,1111,1769,01/22/2024,False
La Reserve Villas,"Tucson, AZ",13201,3x2,1111,1769,01/23/2024,False
La Reserve Villas,"Tucson, AZ",13201,3x2,1111,1769,01/24/2024,False
La Reserve Villas,"Tucson, AZ",13201,3x2,1111,1769,01/25/2024,False
La Reserve Villas,"Tucson, AZ",13201,3x2,1111,1769,01/26/2024,False
La Reserve Villas,"Tucson, AZ",13201,3x2,1111,1769,01/27/2024,False
La Reserve Villas,"Tucson, AZ",13201,3x2,1111,1769,01/28/2024,False
La Reserve Villas,"Tucson, AZ",13201,3x2,1111,1769,01/29/2024,False
La Reserve Villas,"Tucson, AZ",13201,3x2,1111,1857,01/30/2024,False
La Reserve Villas,"Tucson, AZ",13201,3x2,1111,1857,01/31/2024,False
La Reserve Villas,"Tucson, AZ",13201,3x2,1111,1857,02/01/2024,False
La Reserve Villas,"Tucson, AZ",13201,3x2,1111,1857,02/02/2024,False
La Reserve Villas,"Tucson, AZ",13201,3x2,1111,1857,02/03/2024,False
La Reserve Villas,"Tucson, AZ",13201,3x2,1111,1857,02/04/2024,False
La Reserve Villas,"Tucson, AZ",13201,3x2,1111,1857,02/05/2024,False
La Reserve Villas,"Tucson, AZ",13201,3x2,1111,1857,02/06/2024,False
La Reserve Villas,"Tucson, AZ",13201,3x2,1111,1857,02/07/2024,False
La Reserve Villas,"Tucson, AZ",13201,3x2,1111,1857,02/08/2024,False
La Reserve Villas,"Tucson, AZ",13201,3x2,1111,1857,02/09/2024,False
La Reserve Villas,"Tucson, AZ",13201,3x2,1111,1857,02/10/2024,False
La Reserve Villas,"Tucson, AZ",13201,3x2,1111,1857,02/11/2024,False
La Reserve Villas,"Tucson, AZ",13201,3x2,1111,1857,02/12/2024,False
La Reserve Villas,"Tucson, AZ",13201,3x2,1111,1857,02/13/2024,False
La Reserve Villas,"Tucson, AZ",13201,3x2,1111,1857,02/14/2024,False
La Reserve Villas,"Tucson, AZ",13201,3x2,1111,1857,02/15/2024,False
La Reserve Villas,"Tucson, AZ",13201,3x2,1111,1857,02/16/2024,False
La Reserve Villas,"Tucson, AZ",13201,3x2,1111,1857,02/17/2024,False
La Reserve Villas,"Tucson, AZ",13201,3x2,1111,1810,02/18/2024,False
La Reserve Villas,"Tucson, AZ",13201,3x2,1111,1810,02/19/2024,False
La Reserve Villas,"Tucson, AZ",13201,3x2,1111,1810,02/20/2024,False
La Reserve Villas,"Tucson, AZ",13201,3x2,1111,1810,02/21/2024,False
La Reserve Villas,"Tucson, AZ",13201,3x2,1111,1810,02/22/2024,False
La Reserve Villas,"Tucson, AZ",13201,3x2,1111,1810,02/23/2024,False
La Reserve Villas,"Tucson, AZ",13201,3x2,1111,1810,02/24/2024,False
La Reserve Villas,"Tucson, AZ",13201,3x2,1111,1810,02/25/2024,False
La Reserve Villas,"Tucson, AZ",13201,3x2,1111,1810,02/26/2024,False
La Reserve Villas,"Tucson, AZ",13201,3x2,1111,1810,02/27/2024,False
La Reserve Villas,"Tucson, AZ",13201,3x2,1111,1810,02/28/2024,False
La Reserve Villas,"Tucson, AZ",13201,3x2,1111,1719,02/29/2024,False
La Reserve Villas,"Tucson, AZ",13201,3x2,1111,1719,03/01/2024,False
La Reserve Villas,"Tucson, AZ",13201,3x2,1111,1719,03/02/2024,False
La Reserve Villas,"Tucson, AZ",13201,3x2,1111,1719,03/03/2024,False
La Reserve Villas,"Tucson, AZ",13201,3x2,1111,1719,03/04/2024,False
La Reserve Villas,"Tucson, AZ",13201,3x2,1111,1719,03/05/2024,False
La Reserve Villas,"Tucson, AZ",13201,3x2,1111,1719,03/06/2024,False
La Reserve Villas,"Tucson, AZ",13201,3x2,1111,1719,03/07/2024,False
La Reserve Villas,"Tucson, AZ",13201,3x2,1111,1719,03/08/2024,False
La Reserve Villas,"Tucson, AZ",13201,3x2,1111,1719,03/09/2024,False
La Reserve Villas,"Tucson, AZ",13201,3x2,1111,1719,03/10/2024,False
La Reserve Villas,"Tucson, AZ",13201,3x2,1111,1719,03/11/2024,False
La Reserve Villas,"Tucson, AZ",13201,3x2,1111,1719,03/12/2024,False
La Reserve Villas,"Tucson, AZ",13201,3x2,1111,1719,03/13/2024,False
La Reserve Villas,"Tucson, AZ",13201,3x2,1111,1719,03/14/2024,False
La Reserve Villas,"Tucson, AZ",13201,3x2,1111,1719,03/15/2024,False
La Reserve Villas,"Tucson, AZ",13201,3x2,1111,1719,03/16/2024,False
La Reserve Villas,"Tucson, AZ",13201,3x2,1111,1719,03/17/2024,False
La Reserve Villas,"Tucson, AZ",13201,3x2,1111,1719,03/18/2024,False
La Reserve Villas,"Tucson, AZ",13201,3x2,1111,1719,03/19/2024,False
La Reserve Villas,"Tucson, AZ",13201,3x2,1111,1719,03/20/2024,False
La Reserve Villas,"Tucson, AZ",13201,3x2,1111,1719,03/21/2024,False
La Reserve Villas,"Tucson, AZ",13201,3x2,1111,1719,03/22/2024,False
La Reserve Villas,"Tucson, AZ",13201,3x2,1111,1719,03/23/2024,False
La Reserve Villas,"Tucson, AZ",13201,3x2,1111,1719,03/24/2024,False
La Reserve Villas,"Tucson, AZ",13201,3x2,1111,1719,03/25/2024,False
La Reserve Villas,"Tucson, AZ",13201,3x2,1111,1719,03/26/2024,False
La Reserve Villas,"Tucson, AZ",13201,3x2,1111,1719,03/27/2024,False
La Reserve Villas,"Tucson, AZ",13201,3x2,1111,1719,03/28/2024,False
La Reserve Villas,"Tucson, AZ",13201,3x2,1111,1719,03/29/2024,False
La Reserve Villas,"Tucson, AZ",13201,3x2,1111,1719,03/30/2024,False
La Reserve Villas,"Tucson, AZ",13201,3x2,1111,1688,03/31/2024,False
La Reserve Villas,"Tucson, AZ",13201,3x2,1111,1688,04/01/2024,False
La Reserve Villas,"Tucson, AZ",13201,3x2,1111,1688,04/02/2024,False
La Reserve Villas,"Tucson, AZ",13201,3x2,1111,1688,04/03/2024,False
La Reserve Villas,"Tucson, AZ",13201,3x2,1111,1688,04/04/2024,False
La Reserve Villas,"Tucson, AZ",13201,3x2,1111,1688,04/05/2024,False
La Reserve Villas,"Tucson, AZ",13201,3x2,1111,1688,04/06/2024,False
La Reserve Villas,"Tucson, AZ",13201,3x2,1111,1688,04/07/2024,False
La Reserve Villas,"Tucson, AZ",13201,3x2,1111,1688,04/08/2024,False
La Reserve Villas,"Tucson, AZ",13201,3x2,1111,1688,04/09/2024,False
La Reserve Villas,"Tucson, AZ",13201,3x2,1111,1688,04/10/2024,False
La Reserve Villas,"Tucson, AZ",13201,3x2,1111,1688,04/11/2024,False
La Reserve Villas,"Tucson, AZ",13201,3x2,1111,1688,04/12/2024,False
La Reserve Villas,"Tucson, AZ",13201,3x2,1111,1688,04/13/2024,False
La Reserve Villas,"Tucson, AZ",13201,3x2,1111,1688,04/14/2024,False
La Reserve Villas,"Tucson, AZ",13201,3x2,1111,1688,04/15/2024,False
La Reserve Villas,"Tucson, AZ",13201,3x2,1111,1688,04/16/2024,False
La Reserve Villas,"Tucson, AZ",13201,3x2,1111,1688,04/17/2024,False
La Reserve Villas,"Tucson, AZ",13201,3x2,1111,1688,04/18/2024,False
La Reserve Villas,"Tucson, AZ",13201,3x2,1111,1688,04/19/2024,False
La Reserve Villas,"Tucson, AZ",13201,3x2,1111,1688,04/20/2024,False
La Reserve Villas,"Tucson, AZ",13201,3x2,1111,1688,04/21/2024,False
La Reserve Villas,"Tucson, AZ",13201,3x2,1111,1688,04/22/2024,True
La Reserve Villas,"Tucson, AZ",13201,3x2,1111,1821,03/27/2025,False
La Reserve Villas,"Tucson, AZ",13201,3x2,1111,1821,03/28/2025,False
La Reserve Villas,"Tucson, AZ",13201,3x2,1111,1821,03/29/2025,False
La Reserve Villas,"Tucson, AZ",13201,3x2,1111,1821,03/30/2025,False
La Reserve Villas,"Tucson, AZ",13201,3x2,1111,1821,03/31/2025,False
La Reserve Villas,"Tucson, AZ",13201,3x2,1111,1832,04/01/2025,False
La Reserve Villas,"Tucson, AZ",13201,3x2,1111,1832,04/02/2025,False
La Reserve Villas,"Tucson, AZ",13201,3x2,1111,1832,04/03/2025,False
La Reserve Villas,"Tucson, AZ",13201,3x2,1111,1841,04/04/2025,False
La Reserve Villas,"Tucson, AZ",13201,3x2,1111,1849,04/05/2025,False
La Reserve Villas,"Tucson, AZ",13201,3x2,1111,1849,04/06/2025,False
La Reserve Villas,"Tucson, AZ",13201,3x2,1111,1849,04/07/2025,False
La Reserve Villas,"Tucson, AZ",13201,3x2,1111,1858,04/08/2025,False
La Reserve Villas,"Tucson, AZ",13201,3x2,1111,1862,04/09/2025,False
La Reserve Villas,"Tucson, AZ",13201,3x2,1111,1862,04/10/2025,False
La Reserve Villas,"Tucson, AZ",13201,3x2,1111,1862,04/11/2025,False
La Reserve Villas,"Tucson, AZ",13201,3x2,1111,1862,04/12/2025,False
La Reserve Villas,"Tucson, AZ",13201,3x2,1111,1862,04/13/2025,False
La Reserve Villas,"Tucson, AZ",13201,3x2,1111,1862,04/14/2025,False
La Reserve Villas,"Tucson, AZ",13201,3x2,1111,1800,04/15/2025,False
La Reserve Villas,"Tucson, AZ",13201,3x2,1111,1752,04/16/2025,False
La Reserve Villas,"Tucson, AZ",13201,3x2,1111,1759,04/17/2025,False
La Reserve Villas,"Tucson, AZ",13201,3x2,1111,1759,04/18/2025,False
La Reserve Villas,"Tucson, AZ",13201,3x2,1111,1759,04/19/2025,False
La Reserve Villas,"Tucson, AZ",13201,3x2,1111,1759,04/20/2025,False
La Reserve Villas,"Tucson, AZ",13201,3x2,1111,1759,04/21/2025,False
La Reserve Villas,"Tucson, AZ",13201,3x2,1111,1759,04/22/2025,False
La Reserve Villas,"Tucson, AZ",13201,3x2,1111,1759,04/23/2025,False
La Reserve Villas,"Tucson, AZ",13201,3x2,1111,1759,04/24/2025,False
La Reserve Villas,"Tucson, AZ",13201,3x2,1111,1769,04/25/2025,False
La Reserve Villas,"Tucson, AZ",13201,3x2,1111,1769,04/26/2025,False
La Reserve Villas,"Tucson, AZ",13201,3x2,1111,1769,04/27/2025,True
La Reserve Villas,"Tucson, AZ",13202,1x1,697,1468,08/26/2024,False
La Reserve Villas,"Tucson, AZ",13202,1x1,697,1468,08/27/2024,False
La Reserve Villas,"Tucson, AZ",13202,1x1,697,1468,08/28/2024,False
La Reserve Villas,"Tucson, AZ",13202,1x1,697,1468,08/29/2024,False
La Reserve Villas,"Tucson, AZ",13202,1x1,697,1468,08/30/2024,False
La Reserve Villas,"Tucson, AZ",13202,1x1,697,1468,08/31/2024,False
La Reserve Villas,"Tucson, AZ",13202,1x1,697,1468,09/01/2024,False
La Reserve Villas,"Tucson, AZ",13202,1x1,697,1468,09/02/2024,False
La Reserve Villas,"Tucson, AZ",13202,1x1,697,1468,09/03/2024,False
La Reserve Villas,"Tucson, AZ",13202,1x1,697,1468,09/04/2024,False
La Reserve Villas,"Tucson, AZ",13202,1x1,697,1465,09/05/2024,False
La Reserve Villas,"Tucson, AZ",13202,1x1,697,1465,09/06/2024,False
La Reserve Villas,"Tucson, AZ",13202,1x1,697,1465,09/07/2024,False
La Reserve Villas,"Tucson, AZ",13202,1x1,697,1465,09/08/2024,False
La Reserve Villas,"Tucson, AZ",13202,1x1,697,1465,09/09/2024,False
La Reserve Villas,"Tucson, AZ",13202,1x1,697,1465,09/10/2024,False
La Reserve Villas,"Tucson, AZ",13202,1x1,697,1465,09/11/2024,False
La Reserve Villas,"Tucson, AZ",13202,1x1,697,1465,09/12/2024,False
La Reserve Villas,"Tucson, AZ",13202,1x1,697,1465,09/13/2024,False
La Reserve Villas,"Tucson, AZ",13202,1x1,697,1465,09/14/2024,False
La Reserve Villas,"Tucson, AZ",13202,1x1,697,1465,09/15/2024,False
La Reserve Villas,"Tucson, AZ",13202,1x1,697,1465,09/16/2024,False
La Reserve Villas,"Tucson, AZ",13202,1x1,697,1465,09/17/2024,False
La Reserve Villas,"Tucson, AZ",13202,1x1,697,1465,09/18/2024,False
La Reserve Villas,"Tucson, AZ",13202,1x1,697,1465,09/19/2024,False
La Reserve Villas,"Tucson, AZ",13202,1x1,697,1465,09/20/2024,False
La Reserve Villas,"Tucson, AZ",13202,1x1,697,1465,09/21/2024,False
La Reserve Villas,"Tucson, AZ",13202,1x1,697,1465,09/22/2024,False
La Reserve Villas,"Tucson, AZ",13202,1x1,697,1465,09/23/2024,False
La Reserve Villas,"Tucson, AZ",13202,1x1,697,1465,09/24/2024,False
La Reserve Villas,"Tucson, AZ",13202,1x1,697,1465,09/25/2024,False
La Reserve Villas,"Tucson, AZ",13202,1x1,697,1465,09/26/2024,False
La Reserve Villas,"Tucson, AZ",13202,1x1,697,1465,09/27/2024,False
La Reserve Villas,"Tucson, AZ",13202,1x1,697,1465,09/28/2024,False
La Reserve Villas,"Tucson, AZ",13202,1x1,697,1465,09/29/2024,False
La Reserve Villas,"Tucson, AZ",13202,1x1,697,1465,09/30/2024,False
La Reserve Villas,"Tucson, AZ",13202,1x1,697,1465,10/01/2024,True
La Reserve Villas,"Tucson, AZ",13203,1x1,697,1287,06/30/2023,False
La Reserve Villas,"Tucson, AZ",13203,1x1,697,1287,07/01/2023,False
La Reserve Villas,"Tucson, AZ",13203,1x1,697,1287,07/02/2023,False
La Reserve Villas,"Tucson, AZ",13203,1x1,697,1304,07/03/2023,False
La Reserve Villas,"Tucson, AZ",13203,1x1,697,1304,07/04/2023,True
La Reserve Villas,"Tucson, AZ",13203,1x1,697,1480,01/05/2024,False
La Reserve Villas,"Tucson, AZ",13203,1x1,697,1480,01/06/2024,False
La Reserve Villas,"Tucson, AZ",13203,1x1,697,1480,01/07/2024,False
La Reserve Villas,"Tucson, AZ",13203,1x1,697,1480,01/08/2024,False
La Reserve Villas,"Tucson, AZ",13203,1x1,697,1480,01/09/2024,False
La Reserve Villas,"Tucson, AZ",13203,1x1,697,1488,01/10/2024,False
La Reserve Villas,"Tucson, AZ",13203,1x1,697,1561,01/11/2024,False
La Reserve Villas,"Tucson, AZ",13203,1x1,697,1586,01/12/2024,False
La Reserve Villas,"Tucson, AZ",13203,1x1,697,1586,01/13/2024,False
La Reserve Villas,"Tucson, AZ",13203,1x1,697,1586,01/14/2024,False
La Reserve Villas,"Tucson, AZ",13203,1x1,697,1577,01/15/2024,False
La Reserve Villas,"Tucson, AZ",13203,1x1,697,1586,01/16/2024,False
La Reserve Villas,"Tucson, AZ",13203,1x1,697,1586,01/17/2024,False
La Reserve Villas,"Tucson, AZ",13203,1x1,697,1435,01/18/2024,False
La Reserve Villas,"Tucson, AZ",13203,1x1,697,1435,01/19/2024,False
La Reserve Villas,"Tucson, AZ",13203,1x1,697,1505,01/20/2024,False
La Reserve Villas,"Tucson, AZ",13203,1x1,697,1505,01/21/2024,False
La Reserve Villas,"Tucson, AZ",13203,1x1,697,1505,01/22/2024,False
La Reserve Villas,"Tucson, AZ",13203,1x1,697,1505,01/23/2024,False
La Reserve Villas,"Tucson, AZ",13203,1x1,697,1505,01/24/2024,False
La Reserve Villas,"Tucson, AZ",13203,1x1,697,1505,01/25/2024,False
La Reserve Villas,"Tucson, AZ",13203,1x1,697,1505,01/26/2024,False
La Reserve Villas,"Tucson, AZ",13203,1x1,697,1505,01/27/2024,False
La Reserve Villas,"Tucson, AZ",13203,1x1,697,1505,01/28/2024,False
La Reserve Villas,"Tucson, AZ",13203,1x1,697,1505,01/29/2024,False
La Reserve Villas,"Tucson, AZ",13203,1x1,697,1497,01/30/2024,False
La Reserve Villas,"Tucson, AZ",13203,1x1,697,1497,01/31/2024,False
La Reserve Villas,"Tucson, AZ",13203,1x1,697,1497,02/01/2024,False
La Reserve Villas,"Tucson, AZ",13203,1x1,697,1497,02/02/2024,False
La Reserve Villas,"Tucson, AZ",13203,1x1,697,1477,02/03/2024,False
La Reserve Villas,"Tucson, AZ",13203,1x1,697,1477,02/04/2024,False
La Reserve Villas,"Tucson, AZ",13203,1x1,697,1477,02/05/2024,False
La Reserve Villas,"Tucson, AZ",13203,1x1,697,1494,02/06/2024,False
La Reserve Villas,"Tucson, AZ",13203,1x1,697,1494,02/07/2024,False
La Reserve Villas,"Tucson, AZ",13203,1x1,697,1422,02/08/2024,False
La Reserve Villas,"Tucson, AZ",13203,1x1,697,1422,02/09/2024,False
La Reserve Villas,"Tucson, AZ",13203,1x1,697,1402,02/10/2024,False
La Reserve Villas,"Tucson, AZ",13203,1x1,697,1402,02/11/2024,False
La Reserve Villas,"Tucson, AZ",13203,1x1,697,1402,02/12/2024,False
La Reserve Villas,"Tucson, AZ",13203,1x1,697,1402,02/13/2024,True
La Reserve Villas,"Tucson, AZ",13204,1x1,697,1542,02/02/2024,False
La Reserve Villas,"Tucson, AZ",13204,1x1,697,1522,02/03/2024,False
La Reserve Villas,"Tucson, AZ",13204,1x1,697,1522,02/04/2024,False
La Reserve Villas,"Tucson, AZ",13204,1x1,697,1522,02/05/2024,False
La Reserve Villas,"Tucson, AZ",13204,1x1,697,1539,02/06/2024,False
La Reserve Villas,"Tucson, AZ",13204,1x1,697,1539,02/07/2024,False
La Reserve Villas,"Tucson, AZ",13204,1x1,697,1467,02/08/2024,False
La Reserve Villas,"Tucson, AZ",13204,1x1,697,1467,02/09/2024,False
La Reserve Villas,"Tucson, AZ",13204,1x1,697,1448,02/10/2024,False
La Reserve Villas,"Tucson, AZ",13204,1x1,697,1448,02/11/2024,False
La Reserve Villas,"Tucson, AZ",13204,1x1,697,1448,02/12/2024,False
La Reserve Villas,"Tucson, AZ",13204,1x1,697,1448,02/13/2024,False
La Reserve Villas,"Tucson, AZ",13204,1x1,697,1448,02/14/2024,False
La Reserve Villas,"Tucson, AZ",13204,1x1,697,1448,02/15/2024,False
La Reserve Villas,"Tucson, AZ",13204,1x1,697,1448,02/16/2024,False
La Reserve Villas,"Tucson, AZ",13204,1x1,697,1448,02/17/2024,False
La Reserve Villas,"Tucson, AZ",13204,1x1,697,1448,02/18/2024,False
La Reserve Villas,"Tucson, AZ",13204,1x1,697,1448,02/19/2024,False
La Reserve Villas,"Tucson, AZ",13204,1x1,697,1448,02/20/2024,False
La Reserve Villas,"Tucson, AZ",13204,1x1,697,1448,02/21/2024,False
La Reserve Villas,"Tucson, AZ",13204,1x1,697,1448,02/22/2024,False
La Reserve Villas,"Tucson, AZ",13204,1x1,697,1448,02/23/2024,False
La Reserve Villas,"Tucson, AZ",13204,1x1,697,1448,02/24/2024,False
La Reserve Villas,"Tucson, AZ",13204,1x1,697,1448,02/25/2024,False
La Reserve Villas,"Tucson, AZ",13204,1x1,697,1443,02/26/2024,False
La Reserve Villas,"Tucson, AZ",13204,1x1,697,1448,02/27/2024,False
La Reserve Villas,"Tucson, AZ",13204,1x1,697,1448,02/28/2024,False
La Reserve Villas,"Tucson, AZ",13204,1x1,697,1425,02/29/2024,False
La Reserve Villas,"Tucson, AZ",13204,1x1,697,1443,03/01/2024,False
La Reserve Villas,"Tucson, AZ",13204,1x1,697,1486,03/02/2024,False
La Reserve Villas,"Tucson, AZ",13204,1x1,697,1486,03/03/2024,False
La Reserve Villas,"Tucson, AZ",13204,1x1,697,1486,03/04/2024,False
La Reserve Villas,"Tucson, AZ",13204,1x1,697,1439,03/05/2024,False
La Reserve Villas,"Tucson, AZ",13204,1x1,697,1435,03/06/2024,False
La Reserve Villas,"Tucson, AZ",13204,1x1,697,1419,03/07/2024,False
La Reserve Villas,"Tucson, AZ",13204,1x1,697,1415,03/08/2024,False
La Reserve Villas,"Tucson, AZ",13204,1x1,697,1411,03/09/2024,False
La Reserve Villas,"Tucson, AZ",13204,1x1,697,1407,03/10/2024,False
La Reserve Villas,"Tucson, AZ",13204,1x1,697,1399,03/11/2024,False
La Reserve Villas,"Tucson, AZ",13204,1x1,697,1399,03/12/2024,False
La Reserve Villas,"Tucson, AZ",13204,1x1,697,1395,03/13/2024,False
La Reserve Villas,"Tucson, AZ",13204,1x1,697,1391,03/14/2024,False
La Reserve Villas,"Tucson, AZ",13204,1x1,697,1387,03/15/2024,False
La Reserve Villas,"Tucson, AZ",13204,1x1,697,1383,03/16/2024,False
La Reserve Villas,"Tucson, AZ",13204,1x1,697,1375,03/17/2024,False
La Reserve Villas,"Tucson, AZ",13204,1x1,697,1375,03/18/2024,False
La Reserve Villas,"Tucson, AZ",13204,1x1,697,1375,03/19/2024,False
La Reserve Villas,"Tucson, AZ",13204,1x1,697,1358,03/20/2024,False
La Reserve Villas,"Tucson, AZ",13204,1x1,697,1354,03/21/2024,False
La Reserve Villas,"Tucson, AZ",13204,1x1,697,1350,03/22/2024,False
La Reserve Villas,"Tucson, AZ",13204,1x1,697,1346,03/23/2024,False
La Reserve Villas,"Tucson, AZ",13204,1x1,697,1342,03/24/2024,False
La Reserve Villas,"Tucson, AZ",13204,1x1,697,1338,03/25/2024,False
La Reserve Villas,"Tucson, AZ",13204,1x1,697,1334,03/26/2024,False
La Reserve Villas,"Tucson, AZ",13204,1x1,697,1330,03/27/2024,False
La Reserve Villas,"Tucson, AZ",13204,1x1,697,1326,03/28/2024,False
La Reserve Villas,"Tucson, AZ",13204,1x1,697,1322,03/29/2024,False
La Reserve Villas,"Tucson, AZ",13204,1x1,697,1318,03/30/2024,False
La Reserve Villas,"Tucson, AZ",13204,1x1,697,1314,03/31/2024,False
La Reserve Villas,"Tucson, AZ",13204,1x1,697,1314,04/01/2024,False
La Reserve Villas,"Tucson, AZ",13204,1x1,697,1339,04/02/2024,False
La Reserve Villas,"Tucson, AZ",13204,1x1,697,1335,04/03/2024,False
La Reserve Villas,"Tucson, AZ",13204,1x1,697,1331,04/04/2024,False
La Reserve Villas,"Tucson, AZ",13204,1x1,697,1328,04/05/2024,False
La Reserve Villas,"Tucson, AZ",13204,1x1,697,1325,04/06/2024,False
La Reserve Villas,"Tucson, AZ",13204,1x1,697,1342,04/07/2024,False
La Reserve Villas,"Tucson, AZ",13204,1x1,697,1342,04/08/2024,False
La Reserve Villas,"Tucson, AZ",13204,1x1,697,1342,04/09/2024,False
La Reserve Villas,"Tucson, AZ",13204,1x1,697,1339,04/10/2024,False
La Reserve Villas,"Tucson, AZ",13204,1x1,697,1339,04/11/2024,False
La Reserve Villas,"Tucson, AZ",13204,1x1,697,1326,04/12/2024,False
La Reserve Villas,"Tucson, AZ",13204,1x1,697,1366,04/13/2024,False
La Reserve Villas,"Tucson, AZ",13204,1x1,697,1366,04/14/2024,False
La Reserve Villas,"Tucson, AZ",13204,1x1,697,1366,04/15/2024,False
La Reserve Villas,"Tucson, AZ",13204,1x1,697,1366,04/16/2024,False
La Reserve Villas,"Tucson, AZ",13204,1x1,697,1391,04/17/2024,False
La Reserve Villas,"Tucson, AZ",13204,1x1,697,1391,04/18/2024,False
La Reserve Villas,"Tucson, AZ",13204,1x1,697,1366,04/19/2024,False
La Reserve Villas,"Tucson, AZ",13204,1x1,697,1320,04/20/2024,False
La Reserve Villas,"Tucson, AZ",13204,1x1,697,1320,04/21/2024,False
La Reserve Villas,"Tucson, AZ",13204,1x1,697,1320,04/22/2024,False
La Reserve Villas,"Tucson, AZ",13204,1x1,697,1302,04/23/2024,False
La Reserve Villas,"Tucson, AZ",13204,1x1,697,1302,04/24/2024,True
La Reserve Villas,"Tucson, AZ",14101,2x2,957,1562,07/01/2023,False
La Reserve Villas,"Tucson, AZ",14101,2x2,957,1562,07/02/2023,False
La Reserve Villas,"Tucson, AZ",14101,2x2,957,1562,07/03/2023,False
La Reserve Villas,"Tucson, AZ",14101,2x2,957,1562,07/04/2023,False
La Reserve Villas,"Tucson, AZ",14101,2x2,957,1562,07/05/2023,False
La Reserve Villas,"Tucson, AZ",14101,2x2,957,1562,07/06/2023,False
La Reserve Villas,"Tucson, AZ",14101,2x2,957,1567,07/07/2023,False
La Reserve Villas,"Tucson, AZ",14101,2x2,957,1567,07/08/2023,False
La Reserve Villas,"Tucson, AZ",14101,2x2,957,1589,07/09/2023,False
La Reserve Villas,"Tucson, AZ",14101,2x2,957,1567,07/10/2023,False
La Reserve Villas,"Tucson, AZ",14101,2x2,957,1567,07/11/2023,True
La Reserve Villas,"Tucson, AZ",14103,1x1,697,1628,12/13/2023,False
La Reserve Villas,"Tucson, AZ",14103,1x1,697,1628,12/14/2023,False
La Reserve Villas,"Tucson, AZ",14103,1x1,697,1654,12/15/2023,False
La Reserve Villas,"Tucson, AZ",14103,1x1,697,1654,12/16/2023,False
La Reserve Villas,"Tucson, AZ",14103,1x1,697,1628,12/17/2023,False
La Reserve Villas,"Tucson, AZ",14103,1x1,697,1628,12/18/2023,False
La Reserve Villas,"Tucson, AZ",14103,1x1,697,1628,12/19/2023,False
La Reserve Villas,"Tucson, AZ",14103,1x1,697,1628,12/20/2023,False
La Reserve Villas,"Tucson, AZ",14103,1x1,697,1628,12/21/2023,False
La Reserve Villas,"Tucson, AZ",14103,1x1,697,1628,12/22/2023,False
La Reserve Villas,"Tucson, AZ",14103,1x1,697,1628,12/23/2023,False
La Reserve Villas,"Tucson, AZ",14103,1x1,697,1628,12/24/2023,False
La Reserve Villas,"Tucson, AZ",14103,1x1,697,1628,12/25/2023,False
La Reserve Villas,"Tucson, AZ",14103,1x1,697,1628,12/26/2023,False
La Reserve Villas,"Tucson, AZ",14103,1x1,697,1706,12/27/2023,False
La Reserve Villas,"Tucson, AZ",14103,1x1,697,1789,12/28/2023,False
La Reserve Villas,"Tucson, AZ",14103,1x1,697,1679,12/29/2023,False
La Reserve Villas,"Tucson, AZ",14103,1x1,697,1679,12/30/2023,False
La Reserve Villas,"Tucson, AZ",14103,1x1,697,1679,12/31/2023,False
La Reserve Villas,"Tucson, AZ",14103,1x1,697,1679,01/01/2024,False
La Reserve Villas,"Tucson, AZ",14103,1x1,697,1679,01/02/2024,False
La Reserve Villas,"Tucson, AZ",14103,1x1,697,1576,01/03/2024,False
La Reserve Villas,"Tucson, AZ",14103,1x1,697,1576,01/04/2024,False
La Reserve Villas,"Tucson, AZ",14103,1x1,697,1500,01/05/2024,False
La Reserve Villas,"Tucson, AZ",14103,1x1,697,1500,01/06/2024,False
La Reserve Villas,"Tucson, AZ",14103,1x1,697,1500,01/07/2024,False
La Reserve Villas,"Tucson, AZ",14103,1x1,697,1500,01/08/2024,False
La Reserve Villas,"Tucson, AZ",14103,1x1,697,1500,01/09/2024,False
La Reserve Villas,"Tucson, AZ",14103,1x1,697,1500,01/10/2024,False
La Reserve Villas,"Tucson, AZ",14103,1x1,697,1572,01/11/2024,False
La Reserve Villas,"Tucson, AZ",14103,1x1,697,1597,01/12/2024,False
La Reserve Villas,"Tucson, AZ",14103,1x1,697,1597,01/13/2024,False
La Reserve Villas,"Tucson, AZ",14103,1x1,697,1597,01/14/2024,False
La Reserve Villas,"Tucson, AZ",14103,1x1,697,1597,01/15/2024,False
La Reserve Villas,"Tucson, AZ",14103,1x1,697,1597,01/16/2024,False
La Reserve Villas,"Tucson, AZ",14103,1x1,697,1597,01/17/2024,False
La Reserve Villas,"Tucson, AZ",14103,1x1,697,1447,01/18/2024,False
La Reserve Villas,"Tucson, AZ",14103,1x1,697,1447,01/19/2024,False
La Reserve Villas,"Tucson, AZ",14103,1x1,697,1517,01/20/2024,False
La Reserve Villas,"Tucson, AZ",14103,1x1,697,1517,01/21/2024,False
La Reserve Villas,"Tucson, AZ",14103,1x1,697,1513,01/22/2024,False
La Reserve Villas,"Tucson, AZ",14103,1x1,697,1509,01/23/2024,False
La Reserve Villas,"Tucson, AZ",14103,1x1,697,1504,01/24/2024,False
La Reserve Villas,"Tucson, AZ",14103,1x1,697,1496,01/25/2024,False
La Reserve Villas,"Tucson, AZ",14103,1x1,697,1492,01/26/2024,False
La Reserve Villas,"Tucson, AZ",14103,1x1,697,1492,01/27/2024,False
La Reserve Villas,"Tucson, AZ",14103,1x1,697,1488,01/28/2024,False
La Reserve Villas,"Tucson, AZ",14103,1x1,697,1483,01/29/2024,False
La Reserve Villas,"Tucson, AZ",14103,1x1,697,1479,01/30/2024,False
La Reserve Villas,"Tucson, AZ",14103,1x1,697,1475,01/31/2024,False
La Reserve Villas,"Tucson, AZ",14103,1x1,697,1471,02/01/2024,False
La Reserve Villas,"Tucson, AZ",14103,1x1,697,1466,02/02/2024,False
La Reserve Villas,"Tucson, AZ",14103,1x1,697,1443,02/03/2024,False
La Reserve Villas,"Tucson, AZ",14103,1x1,697,1439,02/04/2024,False
La Reserve Villas,"Tucson, AZ",14103,1x1,697,1435,02/05/2024,False
La Reserve Villas,"Tucson, AZ",14103,1x1,697,1444,02/06/2024,False
La Reserve Villas,"Tucson, AZ",14103,1x1,697,1440,02/07/2024,False
La Reserve Villas,"Tucson, AZ",14103,1x1,697,1377,02/08/2024,False
La Reserve Villas,"Tucson, AZ",14103,1x1,697,1373,02/09/2024,False
La Reserve Villas,"Tucson, AZ",14103,1x1,697,1351,02/10/2024,False
La Reserve Villas,"Tucson, AZ",14103,1x1,697,1348,02/11/2024,False
La Reserve Villas,"Tucson, AZ",14103,1x1,697,1344,02/12/2024,False
La Reserve Villas,"Tucson, AZ",14103,1x1,697,1341,02/13/2024,False
La Reserve Villas,"Tucson, AZ",14103,1x1,697,1337,02/14/2024,False
La Reserve Villas,"Tucson, AZ",14103,1x1,697,1333,02/15/2024,False
La Reserve Villas,"Tucson, AZ",14103,1x1,697,1333,02/16/2024,False
La Reserve Villas,"Tucson, AZ",14103,1x1,697,1333,02/17/2024,False
La Reserve Villas,"Tucson, AZ",14103,1x1,697,1323,02/18/2024,False
La Reserve Villas,"Tucson, AZ",14103,1x1,697,1319,02/19/2024,False
La Reserve Villas,"Tucson, AZ",14103,1x1,697,1315,02/20/2024,False
La Reserve Villas,"Tucson, AZ",14103,1x1,697,1312,02/21/2024,False
La Reserve Villas,"Tucson, AZ",14103,1x1,697,1308,02/22/2024,False
La Reserve Villas,"Tucson, AZ",14103,1x1,697,1306,02/23/2024,False
La Reserve Villas,"Tucson, AZ",14103,1x1,697,1306,02/24/2024,False
La Reserve Villas,"Tucson, AZ",14103,1x1,697,1306,02/25/2024,False
La Reserve Villas,"Tucson, AZ",14103,1x1,697,1301,02/26/2024,False
La Reserve Villas,"Tucson, AZ",14103,1x1,697,1306,02/27/2024,False
La Reserve Villas,"Tucson, AZ",14103,1x1,697,1306,02/28/2024,False
La Reserve Villas,"Tucson, AZ",14103,1x1,697,1306,02/29/2024,True
La Reserve Villas,"Tucson, AZ",14105,1x1,697,1507,01/29/2024,False
La Reserve Villas,"Tucson, AZ",14105,1x1,697,1507,01/30/2024,False
La Reserve Villas,"Tucson, AZ",14105,1x1,697,1507,01/31/2024,False
La Reserve Villas,"Tucson, AZ",14105,1x1,697,1507,02/01/2024,False
La Reserve Villas,"Tucson, AZ",14105,1x1,697,1507,02/02/2024,False
La Reserve Villas,"Tucson, AZ",14105,1x1,697,1487,02/03/2024,False
La Reserve Villas,"Tucson, AZ",14105,1x1,697,1487,02/04/2024,False
La Reserve Villas,"Tucson, AZ",14105,1x1,697,1487,02/05/2024,False
La Reserve Villas,"Tucson, AZ",14105,1x1,697,1487,02/06/2024,False
La Reserve Villas,"Tucson, AZ",14105,1x1,697,1487,02/07/2024,False
La Reserve Villas,"Tucson, AZ",14105,1x1,697,1415,02/08/2024,False
La Reserve Villas,"Tucson, AZ",14105,1x1,697,1415,02/09/2024,False
La Reserve Villas,"Tucson, AZ",14105,1x1,697,1396,02/10/2024,False
La Reserve Villas,"Tucson, AZ",14105,1x1,697,1404,02/11/2024,False
La Reserve Villas,"Tucson, AZ",14105,1x1,697,1404,02/12/2024,False
La Reserve Villas,"Tucson, AZ",14105,1x1,697,1404,02/13/2024,False
La Reserve Villas,"Tucson, AZ",14105,1x1,697,1404,02/14/2024,False
La Reserve Villas,"Tucson, AZ",14105,1x1,697,1404,02/15/2024,False
La Reserve Villas,"Tucson, AZ",14105,1x1,697,1404,02/16/2024,False
La Reserve Villas,"Tucson, AZ",14105,1x1,697,1404,02/17/2024,False
La Reserve Villas,"Tucson, AZ",14105,1x1,697,1404,02/18/2024,False
La Reserve Villas,"Tucson, AZ",14105,1x1,697,1404,02/19/2024,False
La Reserve Villas,"Tucson, AZ",14105,1x1,697,1404,02/20/2024,False
La Reserve Villas,"Tucson, AZ",14105,1x1,697,1404,02/21/2024,False
La Reserve Villas,"Tucson, AZ",14105,1x1,697,1404,02/22/2024,False
La Reserve Villas,"Tucson, AZ",14105,1x1,697,1404,02/23/2024,False
La Reserve Villas,"Tucson, AZ",14105,1x1,697,1404,02/24/2024,False
La Reserve Villas,"Tucson, AZ",14105,1x1,697,1404,02/25/2024,False
La Reserve Villas,"Tucson, AZ",14105,1x1,697,1396,02/26/2024,False
La Reserve Villas,"Tucson, AZ",14105,1x1,697,1404,02/27/2024,False
La Reserve Villas,"Tucson, AZ",14105,1x1,697,1404,02/28/2024,False
La Reserve Villas,"Tucson, AZ",14105,1x1,697,1378,02/29/2024,False
La Reserve Villas,"Tucson, AZ",14105,1x1,697,1396,03/01/2024,False
La Reserve Villas,"Tucson, AZ",14105,1x1,697,1439,03/02/2024,False
La Reserve Villas,"Tucson, AZ",14105,1x1,697,1439,03/03/2024,False
La Reserve Villas,"Tucson, AZ",14105,1x1,697,1439,03/04/2024,False
La Reserve Villas,"Tucson, AZ",14105,1x1,697,1396,03/05/2024,False
La Reserve Villas,"Tucson, AZ",14105,1x1,697,1396,03/06/2024,False
La Reserve Villas,"Tucson, AZ",14105,1x1,697,1396,03/07/2024,False
La Reserve Villas,"Tucson, AZ",14105,1x1,697,1396,03/08/2024,False
La Reserve Villas,"Tucson, AZ",14105,1x1,697,1396,03/09/2024,False
La Reserve Villas,"Tucson, AZ",14105,1x1,697,1396,03/10/2024,False
La Reserve Villas,"Tucson, AZ",14105,1x1,697,1396,03/11/2024,False
La Reserve Villas,"Tucson, AZ",14105,1x1,697,1396,03/12/2024,False
La Reserve Villas,"Tucson, AZ",14105,1x1,697,1396,03/13/2024,False
La Reserve Villas,"Tucson, AZ",14105,1x1,697,1392,03/14/2024,False
La Reserve Villas,"Tucson, AZ",14105,1x1,697,1388,03/15/2024,False
La Reserve Villas,"Tucson, AZ",14105,1x1,697,1384,03/16/2024,False
La Reserve Villas,"Tucson, AZ",14105,1x1,697,1377,03/17/2024,False
La Reserve Villas,"Tucson, AZ",14105,1x1,697,1377,03/18/2024,False
La Reserve Villas,"Tucson, AZ",14105,1x1,697,1377,03/19/2024,False
La Reserve Villas,"Tucson, AZ",14105,1x1,697,1359,03/20/2024,False
La Reserve Villas,"Tucson, AZ",14105,1x1,697,1355,03/21/2024,False
La Reserve Villas,"Tucson, AZ",14105,1x1,697,1351,03/22/2024,False
La Reserve Villas,"Tucson, AZ",14105,1x1,697,1348,03/23/2024,False
La Reserve Villas,"Tucson, AZ",14105,1x1,697,1344,03/24/2024,False
La Reserve Villas,"Tucson, AZ",14105,1x1,697,1340,03/25/2024,False
La Reserve Villas,"Tucson, AZ",14105,1x1,697,1336,03/26/2024,False
La Reserve Villas,"Tucson, AZ",14105,1x1,697,1332,03/27/2024,False
La Reserve Villas,"Tucson, AZ",14105,1x1,697,1328,03/28/2024,False
La Reserve Villas,"Tucson, AZ",14105,1x1,697,1324,03/29/2024,False
La Reserve Villas,"Tucson, AZ",14105,1x1,697,1321,03/30/2024,False
La Reserve Villas,"Tucson, AZ",14105,1x1,697,1317,03/31/2024,False
La Reserve Villas,"Tucson, AZ",14105,1x1,697,1317,04/01/2024,False
La Reserve Villas,"Tucson, AZ",14105,1x1,697,1338,04/02/2024,False
La Reserve Villas,"Tucson, AZ",14105,1x1,697,1335,04/03/2024,False
La Reserve Villas,"Tucson, AZ",14105,1x1,697,1331,04/04/2024,False
La Reserve Villas,"Tucson, AZ",14105,1x1,697,1328,04/05/2024,False
La Reserve Villas,"Tucson, AZ",14105,1x1,697,1324,04/06/2024,False
La Reserve Villas,"Tucson, AZ",14105,1x1,697,1338,04/07/2024,False
La Reserve Villas,"Tucson, AZ",14105,1x1,697,1334,04/08/2024,False
La Reserve Villas,"Tucson, AZ",14105,1x1,697,1330,04/09/2024,False
La Reserve Villas,"Tucson, AZ",14105,1x1,697,1321,04/10/2024,False
La Reserve Villas,"Tucson, AZ",14105,1x1,697,1321,04/11/2024,False
La Reserve Villas,"Tucson, AZ",14105,1x1,697,1293,04/12/2024,False
La Reserve Villas,"Tucson, AZ",14105,1x1,697,1334,04/13/2024,False
La Reserve Villas,"Tucson, AZ",14105,1x1,697,1334,04/14/2024,False
La Reserve Villas,"Tucson, AZ",14105,1x1,697,1334,04/15/2024,False
La Reserve Villas,"Tucson, AZ",14105,1x1,697,1334,04/16/2024,False
La Reserve Villas,"Tucson, AZ",14105,1x1,697,1358,04/17/2024,False
La Reserve Villas,"Tucson, AZ",14105,1x1,697,1358,04/18/2024,False
La Reserve Villas,"Tucson, AZ",14105,1x1,697,1334,04/19/2024,False
La Reserve Villas,"Tucson, AZ",14105,1x1,697,1288,04/20/2024,False
La Reserve Villas,"Tucson, AZ",14105,1x1,697,1288,04/21/2024,True
La Reserve Villas,"Tucson, AZ",14106,2x2,957,1523,05/29/2024,False
La Reserve Villas,"Tucson, AZ",14106,2x2,957,1523,05/30/2024,False
La Reserve Villas,"Tucson, AZ",14106,2x2,957,1523,05/31/2024,False
La Reserve Villas,"Tucson, AZ",14106,2x2,957,1523,06/01/2024,False
La Reserve Villas,"Tucson, AZ",14106,2x2,957,1523,06/02/2024,False
La Reserve Villas,"Tucson, AZ",14106,2x2,957,1523,06/03/2024,False
La Reserve Villas,"Tucson, AZ",14106,2x2,957,1523,06/04/2024,False
La Reserve Villas,"Tucson, AZ",14106,2x2,957,1523,06/05/2024,False
La Reserve Villas,"Tucson, AZ",14106,2x2,957,1523,06/06/2024,False
La Reserve Villas,"Tucson, AZ",14106,2x2,957,1523,06/07/2024,False
La Reserve Villas,"Tucson, AZ",14106,2x2,957,1523,06/08/2024,False
La Reserve Villas,"Tucson, AZ",14106,2x2,957,1523,06/09/2024,False
La Reserve Villas,"Tucson, AZ",14106,2x2,957,1523,06/10/2024,False
La Reserve Villas,"Tucson, AZ",14106,2x2,957,1532,06/11/2024,False
La Reserve Villas,"Tucson, AZ",14106,2x2,957,1532,06/12/2024,False
La Reserve Villas,"Tucson, AZ",14106,2x2,957,1532,06/13/2024,False
La Reserve Villas,"Tucson, AZ",14106,2x2,957,1532,06/14/2024,False
La Reserve Villas,"Tucson, AZ",14106,2x2,957,1532,06/15/2024,False
La Reserve Villas,"Tucson, AZ",14106,2x2,957,1532,06/16/2024,False
La Reserve Villas,"Tucson, AZ",14106,2x2,957,1532,06/17/2024,False
La Reserve Villas,"Tucson, AZ",14106,2x2,957,1532,06/18/2024,False
La Reserve Villas,"Tucson, AZ",14106,2x2,957,1532,06/19/2024,False
La Reserve Villas,"Tucson, AZ",14106,2x2,957,1532,06/20/2024,False
La Reserve Villas,"Tucson, AZ",14106,2x2,957,1532,06/21/2024,False
La Reserve Villas,"Tucson, AZ",14106,2x2,957,1532,06/22/2024,False
La Reserve Villas,"Tucson, AZ",14106,2x2,957,1532,06/23/2024,False
La Reserve Villas,"Tucson, AZ",14106,2x2,957,1570,06/24/2024,False
La Reserve Villas,"Tucson, AZ",14106,2x2,957,1570,06/25/2024,False
La Reserve Villas,"Tucson, AZ",14106,2x2,957,1570,06/26/2024,False
La Reserve Villas,"Tucson, AZ",14106,2x2,957,1522,06/27/2024,False
La Reserve Villas,"Tucson, AZ",14106,2x2,957,1522,06/28/2024,False
La Reserve Villas,"Tucson, AZ",14106,2x2,957,1522,06/29/2024,False
La Reserve Villas,"Tucson, AZ",14106,2x2,957,1522,06/30/2024,False
La Reserve Villas,"Tucson, AZ",14106,2x2,957,1522,07/01/2024,False
La Reserve Villas,"Tucson, AZ",14106,2x2,957,1522,07/02/2024,False
La Reserve Villas,"Tucson, AZ",14106,2x2,957,1522,07/03/2024,True
La Reserve Villas,"Tucson, AZ",14201,2x2,957,1654,02/01/2024,False
La Reserve Villas,"Tucson, AZ",14201,2x2,957,1627,02/02/2024,False
La Reserve Villas,"Tucson, AZ",14201,2x2,957,1612,02/03/2024,False
La Reserve Villas,"Tucson, AZ",14201,2x2,957,1612,02/04/2024,False
La Reserve Villas,"Tucson, AZ",14201,2x2,957,1612,02/05/2024,False
La Reserve Villas,"Tucson, AZ",14201,2x2,957,1612,02/06/2024,False
La Reserve Villas,"Tucson, AZ",14201,2x2,957,1612,02/07/2024,False
La Reserve Villas,"Tucson, AZ",14201,2x2,957,1612,02/08/2024,False
La Reserve Villas,"Tucson, AZ",14201,2x2,957,1612,02/09/2024,False
La Reserve Villas,"Tucson, AZ",14201,2x2,957,1612,02/10/2024,False
La Reserve Villas,"Tucson, AZ",14201,2x2,957,1612,02/11/2024,False
La Reserve Villas,"Tucson, AZ",14201,2x2,957,1612,02/12/2024,False
La Reserve Villas,"Tucson, AZ",14201,2x2,957,1612,02/13/2024,False
La Reserve Villas,"Tucson, AZ",14201,2x2,957,1587,02/14/2024,False
La Reserve Villas,"Tucson, AZ",14201,2x2,957,1587,02/15/2024,False
La Reserve Villas,"Tucson, AZ",14201,2x2,957,1587,02/16/2024,False
La Reserve Villas,"Tucson, AZ",14201,2x2,957,1587,02/17/2024,False
La Reserve Villas,"Tucson, AZ",14201,2x2,957,1537,02/18/2024,False
La Reserve Villas,"Tucson, AZ",14201,2x2,957,1537,02/19/2024,False
La Reserve Villas,"Tucson, AZ",14201,2x2,957,1537,02/20/2024,False
La Reserve Villas,"Tucson, AZ",14201,2x2,957,1537,02/21/2024,False
La Reserve Villas,"Tucson, AZ",14201,2x2,957,1537,02/22/2024,False
La Reserve Villas,"Tucson, AZ",14201,2x2,957,1561,02/23/2024,False
La Reserve Villas,"Tucson, AZ",14201,2x2,957,1561,02/24/2024,False
La Reserve Villas,"Tucson, AZ",14201,2x2,957,1561,02/25/2024,False
La Reserve Villas,"Tucson, AZ",14201,2x2,957,1611,02/26/2024,False
La Reserve Villas,"Tucson, AZ",14201,2x2,957,1561,02/27/2024,False
La Reserve Villas,"Tucson, AZ",14201,2x2,957,1561,02/28/2024,False
La Reserve Villas,"Tucson, AZ",14201,2x2,957,1611,02/29/2024,False
La Reserve Villas,"Tucson, AZ",14201,2x2,957,1611,03/01/2024,False
La Reserve Villas,"Tucson, AZ",14201,2x2,957,1560,03/02/2024,False
La Reserve Villas,"Tucson, AZ",14201,2x2,957,1560,03/03/2024,False
La Reserve Villas,"Tucson, AZ",14201,2x2,957,1560,03/04/2024,False
La Reserve Villas,"Tucson, AZ",14201,2x2,957,1637,03/05/2024,False
La Reserve Villas,"Tucson, AZ",14201,2x2,957,1580,03/06/2024,False
La Reserve Villas,"Tucson, AZ",14201,2x2,957,1580,03/07/2024,False
La Reserve Villas,"Tucson, AZ",14201,2x2,957,1580,03/08/2024,False
La Reserve Villas,"Tucson, AZ",14201,2x2,957,1580,03/09/2024,False
La Reserve Villas,"Tucson, AZ",14201,2x2,957,1580,03/10/2024,False
La Reserve Villas,"Tucson, AZ",14201,2x2,957,1580,03/11/2024,False
La Reserve Villas,"Tucson, AZ",14201,2x2,957,1580,03/12/2024,False
La Reserve Villas,"Tucson, AZ",14201,2x2,957,1580,03/13/2024,False
La Reserve Villas,"Tucson, AZ",14201,2x2,957,1502,03/14/2024,False
La Reserve Villas,"Tucson, AZ",14201,2x2,957,1502,03/15/2024,False
La Reserve Villas,"Tucson, AZ",14201,2x2,957,1577,03/16/2024,False
La Reserve Villas,"Tucson, AZ",14201,2x2,957,1577,03/17/2024,False
La Reserve Villas,"Tucson, AZ",14201,2x2,957,1577,03/18/2024,False
La Reserve Villas,"Tucson, AZ",14201,2x2,957,1577,03/19/2024,False
La Reserve Villas,"Tucson, AZ",14201,2x2,957,1577,03/20/2024,True
La Reserve Villas,"Tucson, AZ",14201,2x2,957,1559,04/02/2025,False
La Reserve Villas,"Tucson, AZ",14201,2x2,957,1559,04/03/2025,False
La Reserve Villas,"Tucson, AZ",14201,2x2,957,1490,04/04/2025,False
La Reserve Villas,"Tucson, AZ",14201,2x2,957,1490,04/05/2025,False
La Reserve Villas,"Tucson, AZ",14201,2x2,957,1490,04/06/2025,False
La Reserve Villas,"Tucson, AZ",14201,2x2,957,1490,04/07/2025,False
La Reserve Villas,"Tucson, AZ",14201,2x2,957,1490,04/08/2025,False
La Reserve Villas,"Tucson, AZ",14201,2x2,957,1490,04/09/2025,False
La Reserve Villas,"Tucson, AZ",14201,2x2,957,1490,04/10/2025,False
La Reserve Villas,"Tucson, AZ",14201,2x2,957,1490,04/11/2025,False
La Reserve Villas,"Tucson, AZ",14201,2x2,957,1490,04/12/2025,False
La Reserve Villas,"Tucson, AZ",14201,2x2,957,1490,04/13/2025,False
La Reserve Villas,"Tucson, AZ",14201,2x2,957,1490,04/14/2025,False
La Reserve Villas,"Tucson, AZ",14201,2x2,957,1490,04/15/2025,False
La Reserve Villas,"Tucson, AZ",14201,2x2,957,1490,04/16/2025,False
La Reserve Villas,"Tucson, AZ",14201,2x2,957,1490,04/17/2025,False
La Reserve Villas,"Tucson, AZ",14201,2x2,957,1490,04/18/2025,True
La Reserve Villas,"Tucson, AZ",14203,1x1,697,1287,06/30/2023,False
La Reserve Villas,"Tucson, AZ",14203,1x1,697,1287,07/01/2023,True
La Reserve Villas,"Tucson, AZ",14204,1x1,697,1386,09/29/2023,False
La Reserve Villas,"Tucson, AZ",14204,1x1,697,1391,09/30/2023,False
La Reserve Villas,"Tucson, AZ",14204,1x1,697,1391,10/01/2023,False
La Reserve Villas,"Tucson, AZ",14204,1x1,697,1391,10/02/2023,False
La Reserve Villas,"Tucson, AZ",14204,1x1,697,1391,10/03/2023,False
La Reserve Villas,"Tucson, AZ",14204,1x1,697,1391,10/04/2023,False
La Reserve Villas,"Tucson, AZ",14204,1x1,697,1391,10/05/2023,False
La Reserve Villas,"Tucson, AZ",14204,1x1,697,1391,10/06/2023,False
La Reserve Villas,"Tucson, AZ",14204,1x1,697,1391,10/07/2023,False
La Reserve Villas,"Tucson, AZ",14204,1x1,697,1391,10/08/2023,False
La Reserve Villas,"Tucson, AZ",14204,1x1,697,1391,10/09/2023,False
La Reserve Villas,"Tucson, AZ",14204,1x1,697,1401,10/10/2023,False
La Reserve Villas,"Tucson, AZ",14204,1x1,697,1401,10/11/2023,False
La Reserve Villas,"Tucson, AZ",14204,1x1,697,1401,10/12/2023,False
La Reserve Villas,"Tucson, AZ",14204,1x1,697,1401,10/13/2023,False
La Reserve Villas,"Tucson, AZ",14204,1x1,697,1386,10/14/2023,False
La Reserve Villas,"Tucson, AZ",14204,1x1,697,1386,10/15/2023,False
La Reserve Villas,"Tucson, AZ",14204,1x1,697,1386,10/16/2023,False
La Reserve Villas,"Tucson, AZ",14204,1x1,697,1442,10/17/2023,False
La Reserve Villas,"Tucson, AZ",14204,1x1,697,1447,10/18/2023,False
La Reserve Villas,"Tucson, AZ",14204,1x1,697,1447,10/19/2023,False
La Reserve Villas,"Tucson, AZ",14204,1x1,697,1447,10/20/2023,False
La Reserve Villas,"Tucson, AZ",14204,1x1,697,1447,10/21/2023,False
La Reserve Villas,"Tucson, AZ",14204,1x1,697,1447,10/22/2023,False
La Reserve Villas,"Tucson, AZ",14204,1x1,697,1447,10/23/2023,False
La Reserve Villas,"Tucson, AZ",14204,1x1,697,1447,10/24/2023,False
La Reserve Villas,"Tucson, AZ",14204,1x1,697,1447,10/25/2023,False
La Reserve Villas,"Tucson, AZ",14204,1x1,697,1447,10/26/2023,False
La Reserve Villas,"Tucson, AZ",14204,1x1,697,1447,10/27/2023,False
La Reserve Villas,"Tucson, AZ",14204,1x1,697,1447,10/28/2023,False
La Reserve Villas,"Tucson, AZ",14204,1x1,697,1447,10/29/2023,False
La Reserve Villas,"Tucson, AZ",14204,1x1,697,1447,10/30/2023,False
La Reserve Villas,"Tucson, AZ",14204,1x1,697,1447,10/31/2023,False
La Reserve Villas,"Tucson, AZ",14204,1x1,697,1447,11/01/2023,False
La Reserve Villas,"Tucson, AZ",14204,1x1,697,1406,11/02/2023,False
La Reserve Villas,"Tucson, AZ",14204,1x1,697,1406,11/03/2023,False
La Reserve Villas,"Tucson, AZ",14204,1x1,697,1406,11/04/2023,False
La Reserve Villas,"Tucson, AZ",14204,1x1,697,1406,11/05/2023,False
La Reserve Villas,"Tucson, AZ",14204,1x1,697,1406,11/06/2023,False
La Reserve Villas,"Tucson, AZ",14204,1x1,697,1406,11/07/2023,False
La Reserve Villas,"Tucson, AZ",14204,1x1,697,1406,11/08/2023,False
La Reserve Villas,"Tucson, AZ",14204,1x1,697,1406,11/09/2023,False
La Reserve Villas,"Tucson, AZ",14204,1x1,697,1406,11/10/2023,False
La Reserve Villas,"Tucson, AZ",14204,1x1,697,1452,11/11/2023,False
La Reserve Villas,"Tucson, AZ",14204,1x1,697,1452,11/12/2023,False
La Reserve Villas,"Tucson, AZ",14204,1x1,697,1452,11/13/2023,False
La Reserve Villas,"Tucson, AZ",14204,1x1,697,1482,11/14/2023,False
La Reserve Villas,"Tucson, AZ",14204,1x1,697,1482,11/15/2023,False
La Reserve Villas,"Tucson, AZ",14204,1x1,697,1482,11/16/2023,False
La Reserve Villas,"Tucson, AZ",14204,1x1,697,1482,11/17/2023,False
La Reserve Villas,"Tucson, AZ",14204,1x1,697,1482,11/18/2023,False
La Reserve Villas,"Tucson, AZ",14204,1x1,697,1482,11/19/2023,False
La Reserve Villas,"Tucson, AZ",14204,1x1,697,1482,11/20/2023,False
La Reserve Villas,"Tucson, AZ",14204,1x1,697,1482,11/21/2023,False
La Reserve Villas,"Tucson, AZ",14204,1x1,697,1482,11/22/2023,False
La Reserve Villas,"Tucson, AZ",14204,1x1,697,1482,11/23/2023,False
La Reserve Villas,"Tucson, AZ",14204,1x1,697,1482,11/24/2023,False
La Reserve Villas,"Tucson, AZ",14204,1x1,697,1482,11/25/2023,False
La Reserve Villas,"Tucson, AZ",14204,1x1,697,1482,11/26/2023,False
La Reserve Villas,"Tucson, AZ",14204,1x1,697,1482,11/27/2023,False
La Reserve Villas,"Tucson, AZ",14204,1x1,697,1482,11/28/2023,False
La Reserve Villas,"Tucson, AZ",14204,1x1,697,1482,11/29/2023,False
La Reserve Villas,"Tucson, AZ",14204,1x1,697,1482,11/30/2023,False
La Reserve Villas,"Tucson, AZ",14204,1x1,697,1555,12/01/2023,False
La Reserve Villas,"Tucson, AZ",14204,1x1,697,1555,12/02/2023,True
La Reserve Villas,"Tucson, AZ",14204,1x1,697,1420,09/27/2024,False
La Reserve Villas,"Tucson, AZ",14204,1x1,697,1420,09/28/2024,False
La Reserve Villas,"Tucson, AZ",14204,1x1,697,1420,09/29/2024,False
La Reserve Villas,"Tucson, AZ",14204,1x1,697,1420,09/30/2024,False
La Reserve Villas,"Tucson, AZ",14204,1x1,697,1420,10/01/2024,False
La Reserve Villas,"Tucson, AZ",14204,1x1,697,1420,10/02/2024,False
La Reserve Villas,"Tucson, AZ",14204,1x1,697,1420,10/03/2024,False
La Reserve Villas,"Tucson, AZ",14204,1x1,697,1420,10/04/2024,False
La Reserve Villas,"Tucson, AZ",14204,1x1,697,1420,10/05/2024,False
La Reserve Villas,"Tucson, AZ",14204,1x1,697,1420,10/06/2024,False
La Reserve Villas,"Tucson, AZ",14204,1x1,697,1420,10/07/2024,False
La Reserve Villas,"Tucson, AZ",14204,1x1,697,1420,10/08/2024,False
La Reserve Villas,"Tucson, AZ",14204,1x1,697,1420,10/09/2024,False
La Reserve Villas,"Tucson, AZ",14204,1x1,697,1420,10/10/2024,False
La Reserve Villas,"Tucson, AZ",14204,1x1,697,1420,10/11/2024,False
La Reserve Villas,"Tucson, AZ",14204,1x1,697,1420,10/12/2024,False
La Reserve Villas,"Tucson, AZ",14204,1x1,697,1420,10/13/2024,False
La Reserve Villas,"Tucson, AZ",14204,1x1,697,1420,10/14/2024,False
La Reserve Villas,"Tucson, AZ",14204,1x1,697,1420,10/15/2024,False
La Reserve Villas,"Tucson, AZ",14204,1x1,697,1420,10/16/2024,False
La Reserve Villas,"Tucson, AZ",14204,1x1,697,1420,10/17/2024,False
La Reserve Villas,"Tucson, AZ",14204,1x1,697,1420,10/18/2024,False
La Reserve Villas,"Tucson, AZ",14204,1x1,697,1420,10/19/2024,False
La Reserve Villas,"Tucson, AZ",14204,1x1,697,1420,10/20/2024,False
La Reserve Villas,"Tucson, AZ",14204,1x1,697,1420,10/21/2024,False
La Reserve Villas,"Tucson, AZ",14204,1x1,697,1521,10/22/2024,False
La Reserve Villas,"Tucson, AZ",14204,1x1,697,1415,10/23/2024,False
La Reserve Villas,"Tucson, AZ",14204,1x1,697,1415,10/24/2024,False
La Reserve Villas,"Tucson, AZ",14204,1x1,697,1415,10/25/2024,False
La Reserve Villas,"Tucson, AZ",14204,1x1,697,1415,10/26/2024,False
La Reserve Villas,"Tucson, AZ",14204,1x1,697,1415,10/27/2024,False
La Reserve Villas,"Tucson, AZ",14204,1x1,697,1415,10/28/2024,False
La Reserve Villas,"Tucson, AZ",14204,1x1,697,1415,10/29/2024,False
La Reserve Villas,"Tucson, AZ",14204,1x1,697,1415,10/30/2024,False
La Reserve Villas,"Tucson, AZ",14204,1x1,697,1415,10/31/2024,False
La Reserve Villas,"Tucson, AZ",14204,1x1,697,1415,11/01/2024,False
La Reserve Villas,"Tucson, AZ",14204,1x1,697,1415,11/02/2024,False
La Reserve Villas,"Tucson, AZ",14204,1x1,697,1415,11/03/2024,False
La Reserve Villas,"Tucson, AZ",14204,1x1,697,1415,11/04/2024,False
La Reserve Villas,"Tucson, AZ",14204,1x1,697,1415,11/05/2024,False
La Reserve Villas,"Tucson, AZ",14204,1x1,697,1415,11/06/2024,False
La Reserve Villas,"Tucson, AZ",14204,1x1,697,1415,11/07/2024,False
La Reserve Villas,"Tucson, AZ",14204,1x1,697,1380,11/08/2024,False
La Reserve Villas,"Tucson, AZ",14204,1x1,697,1380,11/09/2024,False
La Reserve Villas,"Tucson, AZ",14204,1x1,697,1380,11/10/2024,False
La Reserve Villas,"Tucson, AZ",14204,1x1,697,1380,11/11/2024,False
La Reserve Villas,"Tucson, AZ",14204,1x1,697,1380,11/12/2024,False
La Reserve Villas,"Tucson, AZ",14204,1x1,697,1380,11/13/2024,False
La Reserve Villas,"Tucson, AZ",14204,1x1,697,1352,11/14/2024,False
La Reserve Villas,"Tucson, AZ",14204,1x1,697,1352,11/15/2024,False
La Reserve Villas,"Tucson, AZ",14204,1x1,697,1352,11/16/2024,False
La Reserve Villas,"Tucson, AZ",14204,1x1,697,1352,11/17/2024,False
La Reserve Villas,"Tucson, AZ",14204,1x1,697,1352,11/18/2024,False
La Reserve Villas,"Tucson, AZ",14204,1x1,697,1370,11/19/2024,False
La Reserve Villas,"Tucson, AZ",14204,1x1,697,1370,11/20/2024,False
La Reserve Villas,"Tucson, AZ",14204,1x1,697,1352,11/21/2024,False
La Reserve Villas,"Tucson, AZ",14204,1x1,697,1352,11/22/2024,False
La Reserve Villas,"Tucson, AZ",14204,1x1,697,1352,11/23/2024,False
La Reserve Villas,"Tucson, AZ",14204,1x1,697,1352,11/24/2024,False
La Reserve Villas,"Tucson, AZ",14204,1x1,697,1352,11/25/2024,False
La Reserve Villas,"Tucson, AZ",14204,1x1,697,1352,11/26/2024,False
La Reserve Villas,"Tucson, AZ",14204,1x1,697,1352,11/27/2024,False
La Reserve Villas,"Tucson, AZ",14204,1x1,697,1352,11/28/2024,False
La Reserve Villas,"Tucson, AZ",14204,1x1,697,1352,11/29/2024,False
La Reserve Villas,"Tucson, AZ",14204,1x1,697,1352,11/30/2024,False
La Reserve Villas,"Tucson, AZ",14204,1x1,697,1352,12/01/2024,False
La Reserve Villas,"Tucson, AZ",14204,1x1,697,1352,12/02/2024,False
La Reserve Villas,"Tucson, AZ",14204,1x1,697,1352,12/03/2024,False
La Reserve Villas,"Tucson, AZ",14204,1x1,697,1352,12/04/2024,False
La Reserve Villas,"Tucson, AZ",14204,1x1,697,1352,12/05/2024,False
La Reserve Villas,"Tucson, AZ",14204,1x1,697,1352,12/06/2024,False
La Reserve Villas,"Tucson, AZ",14204,1x1,697,1352,12/07/2024,False
La Reserve Villas,"Tucson, AZ",14204,1x1,697,1352,12/08/2024,False
La Reserve Villas,"Tucson, AZ",14204,1x1,697,1352,12/09/2024,False
La Reserve Villas,"Tucson, AZ",14204,1x1,697,1352,12/10/2024,False
La Reserve Villas,"Tucson, AZ",14204,1x1,697,1352,12/11/2024,False
La Reserve Villas,"Tucson, AZ",14204,1x1,697,1352,12/12/2024,False
La Reserve Villas,"Tucson, AZ",14204,1x1,697,1352,12/13/2024,False
La Reserve Villas,"Tucson, AZ",14204,1x1,697,1352,12/14/2024,False
La Reserve Villas,"Tucson, AZ",14204,1x1,697,1352,12/15/2024,False
La Reserve Villas,"Tucson, AZ",14204,1x1,697,1352,12/16/2024,False
La Reserve Villas,"Tucson, AZ",14204,1x1,697,1352,12/17/2024,False
La Reserve Villas,"Tucson, AZ",14204,1x1,697,1352,12/18/2024,False
La Reserve Villas,"Tucson, AZ",14204,1x1,697,1352,12/19/2024,False
La Reserve Villas,"Tucson, AZ",14204,1x1,697,1352,12/20/2024,False
La Reserve Villas,"Tucson, AZ",14204,1x1,697,1352,12/21/2024,False
La Reserve Villas,"Tucson, AZ",14204,1x1,697,1352,12/22/2024,False
La Reserve Villas,"Tucson, AZ",14204,1x1,697,1352,12/23/2024,False
La Reserve Villas,"Tucson, AZ",14204,1x1,697,1352,12/24/2024,False
La Reserve Villas,"Tucson, AZ",14204,1x1,697,1352,12/25/2024,False
La Reserve Villas,"Tucson, AZ",14204,1x1,697,1352,12/26/2024,False
La Reserve Villas,"Tucson, AZ",14204,1x1,697,1352,12/27/2024,False
La Reserve Villas,"Tucson, AZ",14204,1x1,697,1352,12/28/2024,False
La Reserve Villas,"Tucson, AZ",14204,1x1,697,1352,12/29/2024,False
La Reserve Villas,"Tucson, AZ",14204,1x1,697,1352,12/30/2024,False
La Reserve Villas,"Tucson, AZ",14204,1x1,697,1273,12/31/2024,False
La Reserve Villas,"Tucson, AZ",14204,1x1,697,1269,01/01/2025,False
La Reserve Villas,"Tucson, AZ",14204,1x1,697,1269,01/02/2025,False
La Reserve Villas,"Tucson, AZ",14204,1x1,697,1265,01/03/2025,False
La Reserve Villas,"Tucson, AZ",14204,1x1,697,1261,01/04/2025,False
La Reserve Villas,"Tucson, AZ",14204,1x1,697,1261,01/05/2025,False
La Reserve Villas,"Tucson, AZ",14204,1x1,697,1257,01/06/2025,False
La Reserve Villas,"Tucson, AZ",14204,1x1,697,1285,01/07/2025,False
La Reserve Villas,"Tucson, AZ",14204,1x1,697,1276,01/08/2025,False
La Reserve Villas,"Tucson, AZ",14204,1x1,697,1272,01/09/2025,False
La Reserve Villas,"Tucson, AZ",14204,1x1,697,1268,01/10/2025,False
La Reserve Villas,"Tucson, AZ",14204,1x1,697,1268,01/11/2025,False
La Reserve Villas,"Tucson, AZ",14204,1x1,697,1265,01/12/2025,False
La Reserve Villas,"Tucson, AZ",14204,1x1,697,1238,01/13/2025,False
La Reserve Villas,"Tucson, AZ",14204,1x1,697,1238,01/14/2025,False
La Reserve Villas,"Tucson, AZ",14204,1x1,697,1238,01/15/2025,False
La Reserve Villas,"Tucson, AZ",14204,1x1,697,1238,01/16/2025,False
La Reserve Villas,"Tucson, AZ",14204,1x1,697,1238,01/17/2025,False
La Reserve Villas,"Tucson, AZ",14204,1x1,697,1238,01/18/2025,False
La Reserve Villas,"Tucson, AZ",14204,1x1,697,1238,01/19/2025,True
La Reserve Villas,"Tucson, AZ",14205,1x1,697,1375,06/30/2024,False
La Reserve Villas,"Tucson, AZ",14205,1x1,697,1420,07/01/2024,False
La Reserve Villas,"Tucson, AZ",14205,1x1,697,1440,07/02/2024,False
La Reserve Villas,"Tucson, AZ",14205,1x1,697,1440,07/03/2024,False
La Reserve Villas,"Tucson, AZ",14205,1x1,697,1440,07/04/2024,False
La Reserve Villas,"Tucson, AZ",14205,1x1,697,1440,07/05/2024,False
La Reserve Villas,"Tucson, AZ",14205,1x1,697,1440,07/06/2024,False
La Reserve Villas,"Tucson, AZ",14205,1x1,697,1440,07/07/2024,False
La Reserve Villas,"Tucson, AZ",14205,1x1,697,1440,07/08/2024,False
La Reserve Villas,"Tucson, AZ",14205,1x1,697,1440,07/09/2024,False
La Reserve Villas,"Tucson, AZ",14205,1x1,697,1440,07/10/2024,False
La Reserve Villas,"Tucson, AZ",14205,1x1,697,1511,07/11/2024,False
La Reserve Villas,"Tucson, AZ",14205,1x1,697,1511,07/12/2024,False
La Reserve Villas,"Tucson, AZ",14205,1x1,697,1511,07/13/2024,False
La Reserve Villas,"Tucson, AZ",14205,1x1,697,1511,07/14/2024,False
La Reserve Villas,"Tucson, AZ",14205,1x1,697,1511,07/15/2024,False
La Reserve Villas,"Tucson, AZ",14205,1x1,697,1511,07/16/2024,False
La Reserve Villas,"Tucson, AZ",14205,1x1,697,1511,07/17/2024,False
La Reserve Villas,"Tucson, AZ",14205,1x1,697,1511,07/18/2024,False
La Reserve Villas,"Tucson, AZ",14205,1x1,697,1511,07/19/2024,False
La Reserve Villas,"Tucson, AZ",14205,1x1,697,1511,07/20/2024,False
La Reserve Villas,"Tucson, AZ",14205,1x1,697,1511,07/21/2024,False
La Reserve Villas,"Tucson, AZ",14205,1x1,697,1619,07/22/2024,False
La Reserve Villas,"Tucson, AZ",14205,1x1,697,1511,07/23/2024,False
La Reserve Villas,"Tucson, AZ",14205,1x1,697,1511,07/24/2024,False
La Reserve Villas,"Tucson, AZ",14205,1x1,697,1511,07/25/2024,False
La Reserve Villas,"Tucson, AZ",14205,1x1,697,1437,07/26/2024,False
La Reserve Villas,"Tucson, AZ",14205,1x1,697,1437,07/27/2024,False
La Reserve Villas,"Tucson, AZ",14205,1x1,697,1437,07/28/2024,False
La Reserve Villas,"Tucson, AZ",14205,1x1,697,1437,07/29/2024,False
La Reserve Villas,"Tucson, AZ",14205,1x1,697,1508,07/30/2024,False
La Reserve Villas,"Tucson, AZ",14205,1x1,697,1508,07/31/2024,False
La Reserve Villas,"Tucson, AZ",14205,1x1,697,1508,08/01/2024,False
La Reserve Villas,"Tucson, AZ",14205,1x1,697,1508,08/02/2024,False
La Reserve Villas,"Tucson, AZ",14205,1x1,697,1508,08/03/2024,False
La Reserve Villas,"Tucson, AZ",14205,1x1,697,1508,08/04/2024,False
La Reserve Villas,"Tucson, AZ",14205,1x1,697,1508,08/05/2024,False
La Reserve Villas,"Tucson, AZ",14205,1x1,697,1508,08/06/2024,False
La Reserve Villas,"Tucson, AZ",14205,1x1,697,1508,08/07/2024,False
La Reserve Villas,"Tucson, AZ",14205,1x1,697,1508,08/08/2024,False
La Reserve Villas,"Tucson, AZ",14205,1x1,697,1508,08/09/2024,False
La Reserve Villas,"Tucson, AZ",14205,1x1,697,1449,08/10/2024,False
La Reserve Villas,"Tucson, AZ",14205,1x1,697,1449,08/11/2024,False
La Reserve Villas,"Tucson, AZ",14205,1x1,697,1449,08/12/2024,False
La Reserve Villas,"Tucson, AZ",14205,1x1,697,1449,08/13/2024,False
La Reserve Villas,"Tucson, AZ",14205,1x1,697,1449,08/14/2024,False
La Reserve Villas,"Tucson, AZ",14205,1x1,697,1423,08/15/2024,False
La Reserve Villas,"Tucson, AZ",14205,1x1,697,1423,08/16/2024,False
La Reserve Villas,"Tucson, AZ",14205,1x1,697,1423,08/17/2024,False
La Reserve Villas,"Tucson, AZ",14205,1x1,697,1423,08/18/2024,False
La Reserve Villas,"Tucson, AZ",14205,1x1,697,1423,08/19/2024,False
La Reserve Villas,"Tucson, AZ",14205,1x1,697,1423,08/20/2024,False
La Reserve Villas,"Tucson, AZ",14205,1x1,697,1423,08/21/2024,False
La Reserve Villas,"Tucson, AZ",14205,1x1,697,1423,08/22/2024,False
La Reserve Villas,"Tucson, AZ",14205,1x1,697,1423,08/23/2024,False
La Reserve Villas,"Tucson, AZ",14205,1x1,697,1423,08/24/2024,False
La Reserve Villas,"Tucson, AZ",14205,1x1,697,1423,08/25/2024,False
La Reserve Villas,"Tucson, AZ",14205,1x1,697,1423,08/26/2024,False
La Reserve Villas,"Tucson, AZ",14205,1x1,697,1423,08/27/2024,False
La Reserve Villas,"Tucson, AZ",14205,1x1,697,1423,08/28/2024,False
La Reserve Villas,"Tucson, AZ",14205,1x1,697,1423,08/29/2024,False
La Reserve Villas,"Tucson, AZ",14205,1x1,697,1423,08/30/2024,False
La Reserve Villas,"Tucson, AZ",14205,1x1,697,1423,08/31/2024,False
La Reserve Villas,"Tucson, AZ",14205,1x1,697,1423,09/01/2024,False
La Reserve Villas,"Tucson, AZ",14205,1x1,697,1423,09/02/2024,False
La Reserve Villas,"Tucson, AZ",14205,1x1,697,1423,09/03/2024,False
La Reserve Villas,"Tucson, AZ",14205,1x1,697,1423,09/04/2024,False
La Reserve Villas,"Tucson, AZ",14205,1x1,697,1420,09/05/2024,False
La Reserve Villas,"Tucson, AZ",14205,1x1,697,1420,09/06/2024,False
La Reserve Villas,"Tucson, AZ",14205,1x1,697,1420,09/07/2024,False
La Reserve Villas,"Tucson, AZ",14205,1x1,697,1420,09/08/2024,False
La Reserve Villas,"Tucson, AZ",14205,1x1,697,1420,09/09/2024,False
La Reserve Villas,"Tucson, AZ",14205,1x1,697,1420,09/10/2024,False
La Reserve Villas,"Tucson, AZ",14205,1x1,697,1420,09/11/2024,False
La Reserve Villas,"Tucson, AZ",14205,1x1,697,1420,09/12/2024,False
La Reserve Villas,"Tucson, AZ",14205,1x1,697,1420,09/13/2024,False
La Reserve Villas,"Tucson, AZ",14205,1x1,697,1420,09/14/2024,False
La Reserve Villas,"Tucson, AZ",14205,1x1,697,1420,09/15/2024,False
La Reserve Villas,"Tucson, AZ",14205,1x1,697,1420,09/16/2024,False
La Reserve Villas,"Tucson, AZ",14205,1x1,697,1420,09/17/2024,False
La Reserve Villas,"Tucson, AZ",14205,1x1,697,1420,09/18/2024,False
La Reserve Villas,"Tucson, AZ",14205,1x1,697,1420,09/19/2024,False
La Reserve Villas,"Tucson, AZ",14205,1x1,697,1420,09/20/2024,False
La Reserve Villas,"Tucson, AZ",14205,1x1,697,1420,09/21/2024,False
La Reserve Villas,"Tucson, AZ",14205,1x1,697,1420,09/22/2024,False
La Reserve Villas,"Tucson, AZ",14205,1x1,697,1420,09/23/2024,False
La Reserve Villas,"Tucson, AZ",14205,1x1,697,1420,09/24/2024,False
La Reserve Villas,"Tucson, AZ",14205,1x1,697,1420,09/25/2024,False
La Reserve Villas,"Tucson, AZ",14205,1x1,697,1420,09/26/2024,False
La Reserve Villas,"Tucson, AZ",14205,1x1,697,1420,09/27/2024,False
La Reserve Villas,"Tucson, AZ",14205,1x1,697,1420,09/28/2024,False
La Reserve Villas,"Tucson, AZ",14205,1x1,697,1420,09/29/2024,False
La Reserve Villas,"Tucson, AZ",14205,1x1,697,1420,09/30/2024,False
La Reserve Villas,"Tucson, AZ",14205,1x1,697,1420,10/01/2024,False
La Reserve Villas,"Tucson, AZ",14205,1x1,697,1420,10/02/2024,False
La Reserve Villas,"Tucson, AZ",14205,1x1,697,1420,10/03/2024,False
La Reserve Villas,"Tucson, AZ",14205,1x1,697,1420,10/04/2024,False
La Reserve Villas,"Tucson, AZ",14205,1x1,697,1420,10/05/2024,False
La Reserve Villas,"Tucson, AZ",14205,1x1,697,1420,10/06/2024,False
La Reserve Villas,"Tucson, AZ",14205,1x1,697,1420,10/07/2024,False
La Reserve Villas,"Tucson, AZ",14205,1x1,697,1420,10/08/2024,False
La Reserve Villas,"Tucson, AZ",14205,1x1,697,1420,10/09/2024,False
La Reserve Villas,"Tucson, AZ",14205,1x1,697,1420,10/10/2024,False
La Reserve Villas,"Tucson, AZ",14205,1x1,697,1420,10/11/2024,False
La Reserve Villas,"Tucson, AZ",14205,1x1,697,1420,10/12/2024,False
La Reserve Villas,"Tucson, AZ",14205,1x1,697,1420,10/13/2024,False
La Reserve Villas,"Tucson, AZ",14205,1x1,697,1420,10/14/2024,False
La Reserve Villas,"Tucson, AZ",14205,1x1,697,1415,10/15/2024,False
La Reserve Villas,"Tucson, AZ",14205,1x1,697,1415,10/16/2024,False
La Reserve Villas,"Tucson, AZ",14205,1x1,697,1415,10/17/2024,False
La Reserve Villas,"Tucson, AZ",14205,1x1,697,1415,10/18/2024,False
La Reserve Villas,"Tucson, AZ",14205,1x1,697,1411,10/19/2024,False
La Reserve Villas,"Tucson, AZ",14205,1x1,697,1407,10/20/2024,False
La Reserve Villas,"Tucson, AZ",14205,1x1,697,1403,10/21/2024,False
La Reserve Villas,"Tucson, AZ",14205,1x1,697,1403,10/22/2024,True
La Reserve Villas,"Tucson, AZ",14205,1x1,697,1346,04/14/2025,False
La Reserve Villas,"Tucson, AZ",14205,1x1,697,1346,04/15/2025,False
La Reserve Villas,"Tucson, AZ",14205,1x1,697,1346,04/16/2025,False
La Reserve Villas,"Tucson, AZ",14205,1x1,697,1370,04/17/2025,False
La Reserve Villas,"Tucson, AZ",14205,1x1,697,1370,04/18/2025,False
La Reserve Villas,"Tucson, AZ",14205,1x1,697,1370,04/19/2025,False
La Reserve Villas,"Tucson, AZ",14205,1x1,697,1370,04/20/2025,False
La Reserve Villas,"Tucson, AZ",14205,1x1,697,1370,04/21/2025,False
La Reserve Villas,"Tucson, AZ",14205,1x1,697,1370,04/22/2025,False
La Reserve Villas,"Tucson, AZ",14205,1x1,697,1370,04/23/2025,False
La Reserve Villas,"Tucson, AZ",14205,1x1,697,1370,04/24/2025,False
La Reserve Villas,"Tucson, AZ",14205,1x1,697,1376,04/25/2025,False
La Reserve Villas,"Tucson, AZ",14205,1x1,697,1376,04/26/2025,False
La Reserve Villas,"Tucson, AZ",14205,1x1,697,1376,04/27/2025,True
La Reserve Villas,"Tucson, AZ",14206,2x2,957,1532,10/01/2023,False
La Reserve Villas,"Tucson, AZ",14206,2x2,957,1532,10/02/2023,False
La Reserve Villas,"Tucson, AZ",14206,2x2,957,1537,10/03/2023,False
La Reserve Villas,"Tucson, AZ",14206,2x2,957,1542,10/04/2023,False
La Reserve Villas,"Tucson, AZ",14206,2x2,957,1542,10/05/2023,False
La Reserve Villas,"Tucson, AZ",14206,2x2,957,1547,10/06/2023,False
La Reserve Villas,"Tucson, AZ",14206,2x2,957,1547,10/07/2023,False
La Reserve Villas,"Tucson, AZ",14206,2x2,957,1547,10/08/2023,False
La Reserve Villas,"Tucson, AZ",14206,2x2,957,1547,10/09/2023,False
La Reserve Villas,"Tucson, AZ",14206,2x2,957,1547,10/10/2023,False
La Reserve Villas,"Tucson, AZ",14206,2x2,957,1547,10/11/2023,False
La Reserve Villas,"Tucson, AZ",14206,2x2,957,1547,10/12/2023,False
La Reserve Villas,"Tucson, AZ",14206,2x2,957,1547,10/13/2023,False
La Reserve Villas,"Tucson, AZ",14206,2x2,957,1552,10/14/2023,False
La Reserve Villas,"Tucson, AZ",14206,2x2,957,1552,10/15/2023,False
La Reserve Villas,"Tucson, AZ",14206,2x2,957,1552,10/16/2023,False
La Reserve Villas,"Tucson, AZ",14206,2x2,957,1587,10/17/2023,False
La Reserve Villas,"Tucson, AZ",14206,2x2,957,1597,10/18/2023,False
La Reserve Villas,"Tucson, AZ",14206,2x2,957,1597,10/19/2023,False
La Reserve Villas,"Tucson, AZ",14206,2x2,957,1602,10/20/2023,False
La Reserve Villas,"Tucson, AZ",14206,2x2,957,1602,10/21/2023,False
La Reserve Villas,"Tucson, AZ",14206,2x2,957,1602,10/22/2023,False
La Reserve Villas,"Tucson, AZ",14206,2x2,957,1602,10/23/2023,False
La Reserve Villas,"Tucson, AZ",14206,2x2,957,1602,10/24/2023,False
La Reserve Villas,"Tucson, AZ",14206,2x2,957,1602,10/25/2023,False
La Reserve Villas,"Tucson, AZ",14206,2x2,957,1602,10/26/2023,False
La Reserve Villas,"Tucson, AZ",14206,2x2,957,1602,10/27/2023,False
La Reserve Villas,"Tucson, AZ",14206,2x2,957,1602,10/28/2023,True
La Reserve Villas,"Tucson, AZ",15102,1x1,697,1463,04/13/2024,False
La Reserve Villas,"Tucson, AZ",15102,1x1,697,1463,04/14/2024,False
La Reserve Villas,"Tucson, AZ",15102,1x1,697,1463,04/15/2024,False
La Reserve Villas,"Tucson, AZ",15102,1x1,697,1463,04/16/2024,False
La Reserve Villas,"Tucson, AZ",15102,1x1,697,1489,04/17/2024,False
La Reserve Villas,"Tucson, AZ",15102,1x1,697,1489,04/18/2024,False
La Reserve Villas,"Tucson, AZ",15102,1x1,697,1463,04/19/2024,False
La Reserve Villas,"Tucson, AZ",15102,1x1,697,1463,04/20/2024,True
La Reserve Villas,"Tucson, AZ",15204,1x1,697,1346,03/04/2025,False
La Reserve Villas,"Tucson, AZ",15204,1x1,697,1346,03/05/2025,False
La Reserve Villas,"Tucson, AZ",15204,1x1,697,1346,03/06/2025,False
La Reserve Villas,"Tucson, AZ",15204,1x1,697,1346,03/07/2025,False
La Reserve Villas,"Tucson, AZ",15204,1x1,697,1346,03/08/2025,False
La Reserve Villas,"Tucson, AZ",15204,1x1,697,1346,03/09/2025,False
La Reserve Villas,"Tucson, AZ",15204,1x1,697,1346,03/10/2025,False
La Reserve Villas,"Tucson, AZ",15204,1x1,697,1346,03/11/2025,False
La Reserve Villas,"Tucson, AZ",15204,1x1,697,1346,03/12/2025,False
La Reserve Villas,"Tucson, AZ",15204,1x1,697,1346,03/13/2025,False
La Reserve Villas,"Tucson, AZ",15204,1x1,697,1346,03/14/2025,False
La Reserve Villas,"Tucson, AZ",15204,1x1,697,1346,03/15/2025,False
La Reserve Villas,"Tucson, AZ",15204,1x1,697,1346,03/16/2025,False
La Reserve Villas,"Tucson, AZ",15204,1x1,697,1346,03/17/2025,False
La Reserve Villas,"Tucson, AZ",15204,1x1,697,1346,03/18/2025,False
La Reserve Villas,"Tucson, AZ",15204,1x1,697,1346,03/19/2025,False
La Reserve Villas,"Tucson, AZ",15204,1x1,697,1346,03/20/2025,False
La Reserve Villas,"Tucson, AZ",15204,1x1,697,1346,03/21/2025,False
La Reserve Villas,"Tucson, AZ",15204,1x1,697,1346,03/22/2025,False
La Reserve Villas,"Tucson, AZ",15204,1x1,697,1346,03/23/2025,False
La Reserve Villas,"Tucson, AZ",15204,1x1,697,1346,03/24/2025,False
La Reserve Villas,"Tucson, AZ",15204,1x1,697,1346,03/25/2025,False
La Reserve Villas,"Tucson, AZ",15204,1x1,697,1346,03/26/2025,False
La Reserve Villas,"Tucson, AZ",15204,1x1,697,1346,03/27/2025,False
La Reserve Villas,"Tucson, AZ",15204,1x1,697,1346,03/28/2025,False
La Reserve Villas,"Tucson, AZ",15204,1x1,697,1346,03/29/2025,False
La Reserve Villas,"Tucson, AZ",15204,1x1,697,1346,03/30/2025,False
La Reserve Villas,"Tucson, AZ",15204,1x1,697,1346,03/31/2025,False
La Reserve Villas,"Tucson, AZ",15204,1x1,697,1346,04/01/2025,False
La Reserve Villas,"Tucson, AZ",15204,1x1,697,1346,04/02/2025,False
La Reserve Villas,"Tucson, AZ",15204,1x1,697,1346,04/03/2025,False
La Reserve Villas,"Tucson, AZ",15204,1x1,697,1346,04/04/2025,True
La Reserve Villas,"Tucson, AZ",16101,2x2,957,1700,04/04/2024,False
La Reserve Villas,"Tucson, AZ",16101,2x2,957,1700,04/05/2024,False
La Reserve Villas,"Tucson, AZ",16101,2x2,957,1618,04/06/2024,False
La Reserve Villas,"Tucson, AZ",16101,2x2,957,1618,04/07/2024,False
La Reserve Villas,"Tucson, AZ",16101,2x2,957,1618,04/08/2024,False
La Reserve Villas,"Tucson, AZ",16101,2x2,957,1618,04/09/2024,False
La Reserve Villas,"Tucson, AZ",16101,2x2,957,1618,04/10/2024,False
La Reserve Villas,"Tucson, AZ",16101,2x2,957,1618,04/11/2024,False
La Reserve Villas,"Tucson, AZ",16101,2x2,957,1618,04/12/2024,False
La Reserve Villas,"Tucson, AZ",16101,2x2,957,1618,04/13/2024,False
La Reserve Villas,"Tucson, AZ",16101,2x2,957,1618,04/14/2024,False
La Reserve Villas,"Tucson, AZ",16101,2x2,957,1618,04/15/2024,False
La Reserve Villas,"Tucson, AZ",16101,2x2,957,1618,04/16/2024,False
La Reserve Villas,"Tucson, AZ",16101,2x2,957,1618,04/17/2024,False
La Reserve Villas,"Tucson, AZ",16101,2x2,957,1618,04/18/2024,False
La Reserve Villas,"Tucson, AZ",16101,2x2,957,1618,04/19/2024,False
La Reserve Villas,"Tucson, AZ",16101,2x2,957,1618,04/20/2024,False
La Reserve Villas,"Tucson, AZ",16101,2x2,957,1618,04/21/2024,False
La Reserve Villas,"Tucson, AZ",16101,2x2,957,1618,04/22/2024,False
La Reserve Villas,"Tucson, AZ",16101,2x2,957,1618,04/23/2024,False
La Reserve Villas,"Tucson, AZ",16101,2x2,957,1618,04/24/2024,False
La Reserve Villas,"Tucson, AZ",16101,2x2,957,1618,04/25/2024,False
La Reserve Villas,"Tucson, AZ",16101,2x2,957,1618,04/26/2024,False
La Reserve Villas,"Tucson, AZ",16101,2x2,957,1618,04/27/2024,False
La Reserve Villas,"Tucson, AZ",16101,2x2,957,1618,04/28/2024,False
La Reserve Villas,"Tucson, AZ",16101,2x2,957,1618,04/29/2024,False
La Reserve Villas,"Tucson, AZ",16101,2x2,957,1618,04/30/2024,False
La Reserve Villas,"Tucson, AZ",16101,2x2,957,1618,05/01/2024,False
La Reserve Villas,"Tucson, AZ",16101,2x2,957,1618,05/02/2024,False
La Reserve Villas,"Tucson, AZ",16101,2x2,957,1618,05/03/2024,False
La Reserve Villas,"Tucson, AZ",16101,2x2,957,1618,05/04/2024,False
La Reserve Villas,"Tucson, AZ",16101,2x2,957,1618,05/05/2024,False
La Reserve Villas,"Tucson, AZ",16101,2x2,957,1618,05/06/2024,False
La Reserve Villas,"Tucson, AZ",16101,2x2,957,1618,05/07/2024,False
La Reserve Villas,"Tucson, AZ",16101,2x2,957,1618,05/08/2024,False
La Reserve Villas,"Tucson, AZ",16101,2x2,957,1618,05/09/2024,False
La Reserve Villas,"Tucson, AZ",16101,2x2,957,1618,05/10/2024,False
La Reserve Villas,"Tucson, AZ",16101,2x2,957,1618,05/11/2024,False
La Reserve Villas,"Tucson, AZ",16101,2x2,957,1618,05/12/2024,False
La Reserve Villas,"Tucson, AZ",16101,2x2,957,1618,05/13/2024,False
La Reserve Villas,"Tucson, AZ",16101,2x2,957,1618,05/14/2024,False
La Reserve Villas,"Tucson, AZ",16101,2x2,957,1618,05/15/2024,False
La Reserve Villas,"Tucson, AZ",16101,2x2,957,1618,05/16/2024,False
La Reserve Villas,"Tucson, AZ",16101,2x2,957,1618,05/17/2024,False
La Reserve Villas,"Tucson, AZ",16101,2x2,957,1618,05/18/2024,False
La Reserve Villas,"Tucson, AZ",16101,2x2,957,1618,05/19/2024,False
La Reserve Villas,"Tucson, AZ",16101,2x2,957,1618,05/20/2024,False
La Reserve Villas,"Tucson, AZ",16101,2x2,957,1618,05/21/2024,False
La Reserve Villas,"Tucson, AZ",16101,2x2,957,1618,05/22/2024,False
La Reserve Villas,"Tucson, AZ",16101,2x2,957,1618,05/23/2024,False
La Reserve Villas,"Tucson, AZ",16101,2x2,957,1618,05/24/2024,False
La Reserve Villas,"Tucson, AZ",16101,2x2,957,1618,05/25/2024,False
La Reserve Villas,"Tucson, AZ",16101,2x2,957,1618,05/26/2024,False
La Reserve Villas,"Tucson, AZ",16101,2x2,957,1618,05/27/2024,False
La Reserve Villas,"Tucson, AZ",16101,2x2,957,1618,05/28/2024,False
La Reserve Villas,"Tucson, AZ",16101,2x2,957,1618,05/29/2024,False
La Reserve Villas,"Tucson, AZ",16101,2x2,957,1618,05/30/2024,False
La Reserve Villas,"Tucson, AZ",16101,2x2,957,1618,05/31/2024,False
La Reserve Villas,"Tucson, AZ",16101,2x2,957,1618,06/01/2024,False
La Reserve Villas,"Tucson, AZ",16101,2x2,957,1618,06/02/2024,False
La Reserve Villas,"Tucson, AZ",16101,2x2,957,1618,06/03/2024,False
La Reserve Villas,"Tucson, AZ",16101,2x2,957,1618,06/04/2024,False
La Reserve Villas,"Tucson, AZ",16101,2x2,957,1618,06/05/2024,False
La Reserve Villas,"Tucson, AZ",16101,2x2,957,1618,06/06/2024,False
La Reserve Villas,"Tucson, AZ",16101,2x2,957,1618,06/07/2024,False
La Reserve Villas,"Tucson, AZ",16101,2x2,957,1618,06/08/2024,False
La Reserve Villas,"Tucson, AZ",16101,2x2,957,1618,06/09/2024,False
La Reserve Villas,"Tucson, AZ",16101,2x2,957,1618,06/10/2024,False
La Reserve Villas,"Tucson, AZ",16101,2x2,957,1618,06/11/2024,False
La Reserve Villas,"Tucson, AZ",16101,2x2,957,1618,06/12/2024,False
La Reserve Villas,"Tucson, AZ",16101,2x2,957,1618,06/13/2024,False
La Reserve Villas,"Tucson, AZ",16101,2x2,957,1618,06/14/2024,False
La Reserve Villas,"Tucson, AZ",16101,2x2,957,1618,06/15/2024,False
La Reserve Villas,"Tucson, AZ",16101,2x2,957,1618,06/16/2024,False
La Reserve Villas,"Tucson, AZ",16101,2x2,957,1557,06/17/2024,False
La Reserve Villas,"Tucson, AZ",16101,2x2,957,1557,06/18/2024,True
La Reserve Villas,"Tucson, AZ",16103,2x2,943,1509,07/10/2023,False
La Reserve Villas,"Tucson, AZ",16103,2x2,943,1517,07/11/2023,False
La Reserve Villas,"Tucson, AZ",16103,2x2,943,1517,07/12/2023,False
La Reserve Villas,"Tucson, AZ",16103,2x2,943,1556,07/13/2023,False
La Reserve Villas,"Tucson, AZ",16103,2x2,943,1561,07/14/2023,False
La Reserve Villas,"Tucson, AZ",16103,2x2,943,1561,07/15/2023,False
La Reserve Villas,"Tucson, AZ",16103,2x2,943,1561,07/16/2023,False
La Reserve Villas,"Tucson, AZ",16103,2x2,943,1561,07/17/2023,False
La Reserve Villas,"Tucson, AZ",16103,2x2,943,1566,07/18/2023,False
La Reserve Villas,"Tucson, AZ",16103,2x2,943,1581,07/19/2023,False
La Reserve Villas,"Tucson, AZ",16103,2x2,943,1587,07/20/2023,False
La Reserve Villas,"Tucson, AZ",16103,2x2,943,1592,07/21/2023,False
La Reserve Villas,"Tucson, AZ",16103,2x2,943,1592,07/22/2023,False
La Reserve Villas,"Tucson, AZ",16103,2x2,943,1592,07/23/2023,False
La Reserve Villas,"Tucson, AZ",16103,2x2,943,1592,07/24/2023,False
La Reserve Villas,"Tucson, AZ",16103,2x2,943,1592,07/25/2023,False
La Reserve Villas,"Tucson, AZ",16103,2x2,943,1592,07/26/2023,False
La Reserve Villas,"Tucson, AZ",16103,2x2,943,1551,07/27/2023,False
La Reserve Villas,"Tucson, AZ",16103,2x2,943,1545,07/28/2023,False
La Reserve Villas,"Tucson, AZ",16103,2x2,943,1545,07/29/2023,False
La Reserve Villas,"Tucson, AZ",16103,2x2,943,1545,07/30/2023,False
La Reserve Villas,"Tucson, AZ",16103,2x2,943,1545,07/31/2023,False
La Reserve Villas,"Tucson, AZ",16103,2x2,943,1545,08/01/2023,False
La Reserve Villas,"Tucson, AZ",16103,2x2,943,1545,08/02/2023,False
La Reserve Villas,"Tucson, AZ",16103,2x2,943,1545,08/03/2023,False
La Reserve Villas,"Tucson, AZ",16103,2x2,943,1545,08/04/2023,False
La Reserve Villas,"Tucson, AZ",16103,2x2,943,1545,08/05/2023,False
La Reserve Villas,"Tucson, AZ",16103,2x2,943,1545,08/06/2023,False
La Reserve Villas,"Tucson, AZ",16103,2x2,943,1554,08/07/2023,False
La Reserve Villas,"Tucson, AZ",16103,2x2,943,1564,08/08/2023,False
La Reserve Villas,"Tucson, AZ",16103,2x2,943,1564,08/09/2023,False
La Reserve Villas,"Tucson, AZ",16103,2x2,943,1574,08/10/2023,False
La Reserve Villas,"Tucson, AZ",16103,2x2,943,1584,08/11/2023,False
La Reserve Villas,"Tucson, AZ",16103,2x2,943,1584,08/12/2023,False
La Reserve Villas,"Tucson, AZ",16103,2x2,943,1584,08/13/2023,False
La Reserve Villas,"Tucson, AZ",16103,2x2,943,1584,08/14/2023,False
La Reserve Villas,"Tucson, AZ",16103,2x2,943,1584,08/15/2023,False
La Reserve Villas,"Tucson, AZ",16103,2x2,943,1584,08/16/2023,False
La Reserve Villas,"Tucson, AZ",16103,2x2,943,1584,08/17/2023,False
La Reserve Villas,"Tucson, AZ",16103,2x2,943,1566,08/18/2023,False
La Reserve Villas,"Tucson, AZ",16103,2x2,943,1566,08/19/2023,False
La Reserve Villas,"Tucson, AZ",16103,2x2,943,1566,08/20/2023,False
La Reserve Villas,"Tucson, AZ",16103,2x2,943,1566,08/21/2023,False
La Reserve Villas,"Tucson, AZ",16103,2x2,943,1566,08/22/2023,False
La Reserve Villas,"Tucson, AZ",16103,2x2,943,1566,08/23/2023,False
La Reserve Villas,"Tucson, AZ",16103,2x2,943,1566,08/24/2023,False
La Reserve Villas,"Tucson, AZ",16103,2x2,943,1571,08/25/2023,False
La Reserve Villas,"Tucson, AZ",16103,2x2,943,1531,08/26/2023,False
La Reserve Villas,"Tucson, AZ",16103,2x2,943,1531,08/27/2023,False
La Reserve Villas,"Tucson, AZ",16103,2x2,943,1531,08/28/2023,True
La Reserve Villas,"Tucson, AZ",16103,2x2,943,1566,08/02/2024,False
La Reserve Villas,"Tucson, AZ",16103,2x2,943,1566,08/03/2024,False
La Reserve Villas,"Tucson, AZ",16103,2x2,943,1566,08/04/2024,False
La Reserve Villas,"Tucson, AZ",16103,2x2,943,1566,08/05/2024,False
La Reserve Villas,"Tucson, AZ",16103,2x2,943,1566,08/06/2024,False
La Reserve Villas,"Tucson, AZ",16103,2x2,943,1585,08/07/2024,False
La Reserve Villas,"Tucson, AZ",16103,2x2,943,1585,08/08/2024,False
La Reserve Villas,"Tucson, AZ",16103,2x2,943,1585,08/09/2024,False
La Reserve Villas,"Tucson, AZ",16103,2x2,943,1550,08/10/2024,False
La Reserve Villas,"Tucson, AZ",16103,2x2,943,1550,08/11/2024,False
La Reserve Villas,"Tucson, AZ",16103,2x2,943,1550,08/12/2024,False
La Reserve Villas,"Tucson, AZ",16103,2x2,943,1550,08/13/2024,False
La Reserve Villas,"Tucson, AZ",16103,2x2,943,1570,08/14/2024,False
La Reserve Villas,"Tucson, AZ",16103,2x2,943,1570,08/15/2024,False
La Reserve Villas,"Tucson, AZ",16103,2x2,943,1570,08/16/2024,False
La Reserve Villas,"Tucson, AZ",16103,2x2,943,1549,08/17/2024,False
La Reserve Villas,"Tucson, AZ",16103,2x2,943,1549,08/18/2024,False
La Reserve Villas,"Tucson, AZ",16103,2x2,943,1569,08/19/2024,False
La Reserve Villas,"Tucson, AZ",16103,2x2,943,1569,08/20/2024,False
La Reserve Villas,"Tucson, AZ",16103,2x2,943,1569,08/21/2024,False
La Reserve Villas,"Tucson, AZ",16103,2x2,943,1569,08/22/2024,False
La Reserve Villas,"Tucson, AZ",16103,2x2,943,1569,08/23/2024,False
La Reserve Villas,"Tucson, AZ",16103,2x2,943,1569,08/24/2024,False
La Reserve Villas,"Tucson, AZ",16103,2x2,943,1569,08/25/2024,False
La Reserve Villas,"Tucson, AZ",16103,2x2,943,1569,08/26/2024,False
La Reserve Villas,"Tucson, AZ",16103,2x2,943,1569,08/27/2024,False
La Reserve Villas,"Tucson, AZ",16103,2x2,943,1569,08/28/2024,False
La Reserve Villas,"Tucson, AZ",16103,2x2,943,1569,08/29/2024,False
La Reserve Villas,"Tucson, AZ",16103,2x2,943,1569,08/30/2024,False
La Reserve Villas,"Tucson, AZ",16103,2x2,943,1569,08/31/2024,False
La Reserve Villas,"Tucson, AZ",16103,2x2,943,1569,09/01/2024,False
La Reserve Villas,"Tucson, AZ",16103,2x2,943,1569,09/02/2024,False
La Reserve Villas,"Tucson, AZ",16103,2x2,943,1569,09/03/2024,False
La Reserve Villas,"Tucson, AZ",16103,2x2,943,1645,09/04/2024,False
La Reserve Villas,"Tucson, AZ",16103,2x2,943,1648,09/05/2024,False
La Reserve Villas,"Tucson, AZ",16103,2x2,943,1648,09/06/2024,False
La Reserve Villas,"Tucson, AZ",16103,2x2,943,1648,09/07/2024,False
La Reserve Villas,"Tucson, AZ",16103,2x2,943,1648,09/08/2024,False
La Reserve Villas,"Tucson, AZ",16103,2x2,943,1648,09/09/2024,False
La Reserve Villas,"Tucson, AZ",16103,2x2,943,1648,09/10/2024,False
La Reserve Villas,"Tucson, AZ",16103,2x2,943,1600,09/11/2024,False
La Reserve Villas,"Tucson, AZ",16103,2x2,943,1600,09/12/2024,False
La Reserve Villas,"Tucson, AZ",16103,2x2,943,1600,09/13/2024,False
La Reserve Villas,"Tucson, AZ",16103,2x2,943,1569,09/14/2024,False
La Reserve Villas,"Tucson, AZ",16103,2x2,943,1569,09/15/2024,False
La Reserve Villas,"Tucson, AZ",16103,2x2,943,1569,09/16/2024,False
La Reserve Villas,"Tucson, AZ",16103,2x2,943,1569,09/17/2024,False
La Reserve Villas,"Tucson, AZ",16103,2x2,943,1569,09/18/2024,False
La Reserve Villas,"Tucson, AZ",16103,2x2,943,1569,09/19/2024,False
La Reserve Villas,"Tucson, AZ",16103,2x2,943,1569,09/20/2024,False
La Reserve Villas,"Tucson, AZ",16103,2x2,943,1569,09/21/2024,False
La Reserve Villas,"Tucson, AZ",16103,2x2,943,1569,09/22/2024,False
La Reserve Villas,"Tucson, AZ",16103,2x2,943,1569,09/23/2024,False
La Reserve Villas,"Tucson, AZ",16103,2x2,943,1569,09/24/2024,False
La Reserve Villas,"Tucson, AZ",16103,2x2,943,1582,09/25/2024,False
La Reserve Villas,"Tucson, AZ",16103,2x2,943,1582,09/26/2024,False
La Reserve Villas,"Tucson, AZ",16103,2x2,943,1582,09/27/2024,True
La Reserve Villas,"Tucson, AZ",16106,3x2,1111,1753,03/05/2024,False
La Reserve Villas,"Tucson, AZ",16106,3x2,1111,1753,03/06/2024,False
La Reserve Villas,"Tucson, AZ",16106,3x2,1111,1753,03/07/2024,False
La Reserve Villas,"Tucson, AZ",16106,3x2,1111,1753,03/08/2024,False
La Reserve Villas,"Tucson, AZ",16106,3x2,1111,1753,03/09/2024,False
La Reserve Villas,"Tucson, AZ",16106,3x2,1111,1753,03/10/2024,False
La Reserve Villas,"Tucson, AZ",16106,3x2,1111,1753,03/11/2024,False
La Reserve Villas,"Tucson, AZ",16106,3x2,1111,1753,03/12/2024,False
La Reserve Villas,"Tucson, AZ",16106,3x2,1111,1753,03/13/2024,False
La Reserve Villas,"Tucson, AZ",16106,3x2,1111,1753,03/14/2024,False
La Reserve Villas,"Tucson, AZ",16106,3x2,1111,1753,03/15/2024,False
La Reserve Villas,"Tucson, AZ",16106,3x2,1111,1753,03/16/2024,False
La Reserve Villas,"Tucson, AZ",16106,3x2,1111,1753,03/17/2024,False
La Reserve Villas,"Tucson, AZ",16106,3x2,1111,1753,03/18/2024,False
La Reserve Villas,"Tucson, AZ",16106,3x2,1111,1753,03/19/2024,False
La Reserve Villas,"Tucson, AZ",16106,3x2,1111,1753,03/20/2024,False
La Reserve Villas,"Tucson, AZ",16106,3x2,1111,1753,03/21/2024,False
La Reserve Villas,"Tucson, AZ",16106,3x2,1111,1753,03/22/2024,False
La Reserve Villas,"Tucson, AZ",16106,3x2,1111,1753,03/23/2024,False
La Reserve Villas,"Tucson, AZ",16106,3x2,1111,1753,03/24/2024,False
La Reserve Villas,"Tucson, AZ",16106,3x2,1111,1753,03/25/2024,False
La Reserve Villas,"Tucson, AZ",16106,3x2,1111,1753,03/26/2024,False
La Reserve Villas,"Tucson, AZ",16106,3x2,1111,1753,03/27/2024,False
La Reserve Villas,"Tucson, AZ",16106,3x2,1111,1753,03/28/2024,False
La Reserve Villas,"Tucson, AZ",16106,3x2,1111,1753,03/29/2024,False
La Reserve Villas,"Tucson, AZ",16106,3x2,1111,1753,03/30/2024,False
La Reserve Villas,"Tucson, AZ",16106,3x2,1111,1753,03/31/2024,False
La Reserve Villas,"Tucson, AZ",16106,3x2,1111,1753,04/01/2024,False
La Reserve Villas,"Tucson, AZ",16106,3x2,1111,1753,04/02/2024,False
La Reserve Villas,"Tucson, AZ",16106,3x2,1111,1753,04/03/2024,False
La Reserve Villas,"Tucson, AZ",16106,3x2,1111,1753,04/04/2024,False
La Reserve Villas,"Tucson, AZ",16106,3x2,1111,1753,04/05/2024,False
La Reserve Villas,"Tucson, AZ",16106,3x2,1111,1753,04/06/2024,False
La Reserve Villas,"Tucson, AZ",16106,3x2,1111,1753,04/07/2024,False
La Reserve Villas,"Tucson, AZ",16106,3x2,1111,1753,04/08/2024,False
La Reserve Villas,"Tucson, AZ",16106,3x2,1111,1753,04/09/2024,False
La Reserve Villas,"Tucson, AZ",16106,3x2,1111,1753,04/10/2024,False
La Reserve Villas,"Tucson, AZ",16106,3x2,1111,1753,04/11/2024,False
La Reserve Villas,"Tucson, AZ",16106,3x2,1111,1753,04/12/2024,False
La Reserve Villas,"Tucson, AZ",16106,3x2,1111,1753,04/13/2024,True
La Reserve Villas,"Tucson, AZ",16106,3x2,1111,1975,08/27/2024,False
La Reserve Villas,"Tucson, AZ",16106,3x2,1111,1975,08/28/2024,False
La Reserve Villas,"Tucson, AZ",16106,3x2,1111,1975,08/29/2024,False
La Reserve Villas,"Tucson, AZ",16106,3x2,1111,1975,08/30/2024,False
La Reserve Villas,"Tucson, AZ",16106,3x2,1111,1975,08/31/2024,False
La Reserve Villas,"Tucson, AZ",16106,3x2,1111,1975,09/01/2024,False
La Reserve Villas,"Tucson, AZ",16106,3x2,1111,1975,09/02/2024,False
La Reserve Villas,"Tucson, AZ",16106,3x2,1111,1975,09/03/2024,False
La Reserve Villas,"Tucson, AZ",16106,3x2,1111,1975,09/04/2024,False
La Reserve Villas,"Tucson, AZ",16106,3x2,1111,1975,09/05/2024,False
La Reserve Villas,"Tucson, AZ",16106,3x2,1111,1975,09/06/2024,False
La Reserve Villas,"Tucson, AZ",16106,3x2,1111,1975,09/07/2024,False
La Reserve Villas,"Tucson, AZ",16106,3x2,1111,1975,09/08/2024,False
La Reserve Villas,"Tucson, AZ",16106,3x2,1111,1975,09/09/2024,False
La Reserve Villas,"Tucson, AZ",16106,3x2,1111,1975,09/10/2024,False
La Reserve Villas,"Tucson, AZ",16106,3x2,1111,1975,09/11/2024,False
La Reserve Villas,"Tucson, AZ",16106,3x2,1111,1975,09/12/2024,False
La Reserve Villas,"Tucson, AZ",16106,3x2,1111,1975,09/13/2024,False
La Reserve Villas,"Tucson, AZ",16106,3x2,1111,1950,09/14/2024,False
La Reserve Villas,"Tucson, AZ",16106,3x2,1111,1950,09/15/2024,False
La Reserve Villas,"Tucson, AZ",16106,3x2,1111,1925,09/16/2024,False
La Reserve Villas,"Tucson, AZ",16106,3x2,1111,1905,09/17/2024,False
La Reserve Villas,"Tucson, AZ",16106,3x2,1111,1880,09/18/2024,False
La Reserve Villas,"Tucson, AZ",16106,3x2,1111,1855,09/19/2024,False
La Reserve Villas,"Tucson, AZ",16106,3x2,1111,1816,09/20/2024,False
La Reserve Villas,"Tucson, AZ",16106,3x2,1111,1816,09/21/2024,False
La Reserve Villas,"Tucson, AZ",16106,3x2,1111,1816,09/22/2024,False
La Reserve Villas,"Tucson, AZ",16106,3x2,1111,1791,09/23/2024,False
La Reserve Villas,"Tucson, AZ",16106,3x2,1111,1766,09/24/2024,False
La Reserve Villas,"Tucson, AZ",16106,3x2,1111,1742,09/25/2024,False
La Reserve Villas,"Tucson, AZ",16106,3x2,1111,1742,09/26/2024,False
La Reserve Villas,"Tucson, AZ",16106,3x2,1111,1742,09/27/2024,False
La Reserve Villas,"Tucson, AZ",16106,3x2,1111,1742,09/28/2024,False
La Reserve Villas,"Tucson, AZ",16106,3x2,1111,1742,09/29/2024,False
La Reserve Villas,"Tucson, AZ",16106,3x2,1111,1742,09/30/2024,False
La Reserve Villas,"Tucson, AZ",16106,3x2,1111,1742,10/01/2024,False
La Reserve Villas,"Tucson, AZ",16106,3x2,1111,1753,10/02/2024,False
La Reserve Villas,"Tucson, AZ",16106,3x2,1111,1753,10/03/2024,False
La Reserve Villas,"Tucson, AZ",16106,3x2,1111,1753,10/04/2024,False
La Reserve Villas,"Tucson, AZ",16106,3x2,1111,1753,10/05/2024,False
La Reserve Villas,"Tucson, AZ",16106,3x2,1111,1753,10/06/2024,False
La Reserve Villas,"Tucson, AZ",16106,3x2,1111,1753,10/07/2024,False
La Reserve Villas,"Tucson, AZ",16106,3x2,1111,1753,10/08/2024,False
La Reserve Villas,"Tucson, AZ",16106,3x2,1111,1753,10/09/2024,False
La Reserve Villas,"Tucson, AZ",16106,3x2,1111,1753,10/10/2024,False
La Reserve Villas,"Tucson, AZ",16106,3x2,1111,1753,10/11/2024,False
La Reserve Villas,"Tucson, AZ",16106,3x2,1111,1753,10/12/2024,False
La Reserve Villas,"Tucson, AZ",16106,3x2,1111,1753,10/13/2024,False
La Reserve Villas,"Tucson, AZ",16106,3x2,1111,1753,10/14/2024,False
La Reserve Villas,"Tucson, AZ",16106,3x2,1111,1743,10/15/2024,False
La Reserve Villas,"Tucson, AZ",16106,3x2,1111,1743,10/16/2024,False
La Reserve Villas,"Tucson, AZ",16106,3x2,1111,1743,10/17/2024,False
La Reserve Villas,"Tucson, AZ",16106,3x2,1111,1743,10/18/2024,False
La Reserve Villas,"Tucson, AZ",16106,3x2,1111,1734,10/19/2024,False
La Reserve Villas,"Tucson, AZ",16106,3x2,1111,1729,10/20/2024,False
La Reserve Villas,"Tucson, AZ",16106,3x2,1111,1725,10/21/2024,False
La Reserve Villas,"Tucson, AZ",16106,3x2,1111,1721,10/22/2024,False
La Reserve Villas,"Tucson, AZ",16106,3x2,1111,1716,10/23/2024,False
La Reserve Villas,"Tucson, AZ",16106,3x2,1111,1712,10/24/2024,False
La Reserve Villas,"Tucson, AZ",16106,3x2,1111,1707,10/25/2024,False
La Reserve Villas,"Tucson, AZ",16106,3x2,1111,1703,10/26/2024,False
La Reserve Villas,"Tucson, AZ",16106,3x2,1111,1699,10/27/2024,False
La Reserve Villas,"Tucson, AZ",16106,3x2,1111,1694,10/28/2024,False
La Reserve Villas,"Tucson, AZ",16106,3x2,1111,1694,10/29/2024,False
La Reserve Villas,"Tucson, AZ",16106,3x2,1111,1685,10/30/2024,False
La Reserve Villas,"Tucson, AZ",16106,3x2,1111,1681,10/31/2024,False
La Reserve Villas,"Tucson, AZ",16106,3x2,1111,1676,11/01/2024,False
La Reserve Villas,"Tucson, AZ",16106,3x2,1111,1680,11/02/2024,False
La Reserve Villas,"Tucson, AZ",16106,3x2,1111,1680,11/03/2024,False
La Reserve Villas,"Tucson, AZ",16106,3x2,1111,1669,11/04/2024,False
La Reserve Villas,"Tucson, AZ",16106,3x2,1111,1664,11/05/2024,False
La Reserve Villas,"Tucson, AZ",16106,3x2,1111,1677,11/06/2024,False
La Reserve Villas,"Tucson, AZ",16106,3x2,1111,1672,11/07/2024,False
La Reserve Villas,"Tucson, AZ",16106,3x2,1111,1637,11/08/2024,False
La Reserve Villas,"Tucson, AZ",16106,3x2,1111,1632,11/09/2024,False
La Reserve Villas,"Tucson, AZ",16106,3x2,1111,1627,11/10/2024,False
La Reserve Villas,"Tucson, AZ",16106,3x2,1111,1622,11/11/2024,False
La Reserve Villas,"Tucson, AZ",16106,3x2,1111,1617,11/12/2024,False
La Reserve Villas,"Tucson, AZ",16106,3x2,1111,1612,11/13/2024,False
La Reserve Villas,"Tucson, AZ",16106,3x2,1111,1608,11/14/2024,False
La Reserve Villas,"Tucson, AZ",16106,3x2,1111,1622,11/15/2024,False
La Reserve Villas,"Tucson, AZ",16106,3x2,1111,1618,11/16/2024,False
La Reserve Villas,"Tucson, AZ",16106,3x2,1111,1614,11/17/2024,False
La Reserve Villas,"Tucson, AZ",16106,3x2,1111,1610,11/18/2024,False
La Reserve Villas,"Tucson, AZ",16106,3x2,1111,1606,11/19/2024,False
La Reserve Villas,"Tucson, AZ",16106,3x2,1111,1602,11/20/2024,False
La Reserve Villas,"Tucson, AZ",16106,3x2,1111,1602,11/21/2024,True
La Reserve Villas,"Tucson, AZ",16201,2x2,957,1545,08/09/2023,False
La Reserve Villas,"Tucson, AZ",16201,2x2,957,1555,08/10/2023,False
La Reserve Villas,"Tucson, AZ",16201,2x2,957,1565,08/11/2023,False
La Reserve Villas,"Tucson, AZ",16201,2x2,957,1565,08/12/2023,False
La Reserve Villas,"Tucson, AZ",16201,2x2,957,1565,08/13/2023,False
La Reserve Villas,"Tucson, AZ",16201,2x2,957,1565,08/14/2023,False
La Reserve Villas,"Tucson, AZ",16201,2x2,957,1565,08/15/2023,False
La Reserve Villas,"Tucson, AZ",16201,2x2,957,1565,08/16/2023,False
La Reserve Villas,"Tucson, AZ",16201,2x2,957,1565,08/17/2023,False
La Reserve Villas,"Tucson, AZ",16201,2x2,957,1547,08/18/2023,False
La Reserve Villas,"Tucson, AZ",16201,2x2,957,1547,08/19/2023,False
La Reserve Villas,"Tucson, AZ",16201,2x2,957,1547,08/20/2023,False
La Reserve Villas,"Tucson, AZ",16201,2x2,957,1547,08/21/2023,False
La Reserve Villas,"Tucson, AZ",16201,2x2,957,1547,08/22/2023,False
La Reserve Villas,"Tucson, AZ",16201,2x2,957,1547,08/23/2023,False
La Reserve Villas,"Tucson, AZ",16201,2x2,957,1547,08/24/2023,False
La Reserve Villas,"Tucson, AZ",16201,2x2,957,1552,08/25/2023,False
La Reserve Villas,"Tucson, AZ",16201,2x2,957,1512,08/26/2023,False
La Reserve Villas,"Tucson, AZ",16201,2x2,957,1512,08/27/2023,False
La Reserve Villas,"Tucson, AZ",16201,2x2,957,1512,08/28/2023,False
La Reserve Villas,"Tucson, AZ",16201,2x2,957,1512,08/29/2023,False
La Reserve Villas,"Tucson, AZ",16201,2x2,957,1512,08/30/2023,False
La Reserve Villas,"Tucson, AZ",16201,2x2,957,1512,08/31/2023,False
La Reserve Villas,"Tucson, AZ",16201,2x2,957,1512,09/01/2023,False
La Reserve Villas,"Tucson, AZ",16201,2x2,957,1512,09/02/2023,False
La Reserve Villas,"Tucson, AZ",16201,2x2,957,1512,09/03/2023,False
La Reserve Villas,"Tucson, AZ",16201,2x2,957,1512,09/04/2023,False
La Reserve Villas,"Tucson, AZ",16201,2x2,957,1512,09/05/2023,False
La Reserve Villas,"Tucson, AZ",16201,2x2,957,1482,09/06/2023,False
La Reserve Villas,"Tucson, AZ",16201,2x2,957,1482,09/07/2023,False
La Reserve Villas,"Tucson, AZ",16201,2x2,957,1482,09/08/2023,False
La Reserve Villas,"Tucson, AZ",16201,2x2,957,1482,09/09/2023,False
La Reserve Villas,"Tucson, AZ",16201,2x2,957,1482,09/10/2023,False
La Reserve Villas,"Tucson, AZ",16201,2x2,957,1482,09/11/2023,False
La Reserve Villas,"Tucson, AZ",16201,2x2,957,1482,09/12/2023,False
La Reserve Villas,"Tucson, AZ",16201,2x2,957,1482,09/13/2023,False
La Reserve Villas,"Tucson, AZ",16201,2x2,957,1482,09/14/2023,False
La Reserve Villas,"Tucson, AZ",16201,2x2,957,1482,09/15/2023,False
La Reserve Villas,"Tucson, AZ",16201,2x2,957,1482,09/16/2023,False
La Reserve Villas,"Tucson, AZ",16201,2x2,957,1482,09/17/2023,False
La Reserve Villas,"Tucson, AZ",16201,2x2,957,1482,09/18/2023,False
La Reserve Villas,"Tucson, AZ",16201,2x2,957,1482,09/19/2023,False
La Reserve Villas,"Tucson, AZ",16201,2x2,957,1482,09/20/2023,False
La Reserve Villas,"Tucson, AZ",16201,2x2,957,1482,09/21/2023,False
La Reserve Villas,"Tucson, AZ",16201,2x2,957,1487,09/22/2023,False
La Reserve Villas,"Tucson, AZ",16201,2x2,957,1492,09/23/2023,False
La Reserve Villas,"Tucson, AZ",16201,2x2,957,1492,09/24/2023,False
La Reserve Villas,"Tucson, AZ",16201,2x2,957,1521,09/25/2023,False
La Reserve Villas,"Tucson, AZ",16201,2x2,957,1566,09/26/2023,False
La Reserve Villas,"Tucson, AZ",16201,2x2,957,1576,09/27/2023,False
La Reserve Villas,"Tucson, AZ",16201,2x2,957,1576,09/28/2023,True
La Reserve Villas,"Tucson, AZ",16201,2x2,957,1528,06/01/2024,False
La Reserve Villas,"Tucson, AZ",16201,2x2,957,1528,06/02/2024,False
La Reserve Villas,"Tucson, AZ",16201,2x2,957,1528,06/03/2024,False
La Reserve Villas,"Tucson, AZ",16201,2x2,957,1528,06/04/2024,False
La Reserve Villas,"Tucson, AZ",16201,2x2,957,1528,06/05/2024,False
La Reserve Villas,"Tucson, AZ",16201,2x2,957,1528,06/06/2024,False
La Reserve Villas,"Tucson, AZ",16201,2x2,957,1528,06/07/2024,False
La Reserve Villas,"Tucson, AZ",16201,2x2,957,1528,06/08/2024,False
La Reserve Villas,"Tucson, AZ",16201,2x2,957,1528,06/09/2024,False
La Reserve Villas,"Tucson, AZ",16201,2x2,957,1528,06/10/2024,False
La Reserve Villas,"Tucson, AZ",16201,2x2,957,1537,06/11/2024,False
La Reserve Villas,"Tucson, AZ",16201,2x2,957,1537,06/12/2024,False
La Reserve Villas,"Tucson, AZ",16201,2x2,957,1537,06/13/2024,False
La Reserve Villas,"Tucson, AZ",16201,2x2,957,1537,06/14/2024,False
La Reserve Villas,"Tucson, AZ",16201,2x2,957,1537,06/15/2024,False
La Reserve Villas,"Tucson, AZ",16201,2x2,957,1537,06/16/2024,False
La Reserve Villas,"Tucson, AZ",16201,2x2,957,1537,06/17/2024,False
La Reserve Villas,"Tucson, AZ",16201,2x2,957,1537,06/18/2024,False
La Reserve Villas,"Tucson, AZ",16201,2x2,957,1537,06/19/2024,False
La Reserve Villas,"Tucson, AZ",16201,2x2,957,1537,06/20/2024,False
La Reserve Villas,"Tucson, AZ",16201,2x2,957,1537,06/21/2024,False
La Reserve Villas,"Tucson, AZ",16201,2x2,957,1537,06/22/2024,True
La Reserve Villas,"Tucson, AZ",16203,2x2,943,1510,03/23/2025,False
La Reserve Villas,"Tucson, AZ",16203,2x2,943,1510,03/24/2025,False
La Reserve Villas,"Tucson, AZ",16203,2x2,943,1510,03/25/2025,False
La Reserve Villas,"Tucson, AZ",16203,2x2,943,1510,03/26/2025,False
La Reserve Villas,"Tucson, AZ",16203,2x2,943,1510,03/27/2025,False
La Reserve Villas,"Tucson, AZ",16203,2x2,943,1510,03/28/2025,False
La Reserve Villas,"Tucson, AZ",16203,2x2,943,1510,03/29/2025,False
La Reserve Villas,"Tucson, AZ",16203,2x2,943,1510,03/30/2025,False
La Reserve Villas,"Tucson, AZ",16203,2x2,943,1510,03/31/2025,False
La Reserve Villas,"Tucson, AZ",16203,2x2,943,1510,04/01/2025,False
La Reserve Villas,"Tucson, AZ",16203,2x2,943,1510,04/02/2025,False
La Reserve Villas,"Tucson, AZ",16203,2x2,943,1510,04/03/2025,False
La Reserve Villas,"Tucson, AZ",16203,2x2,943,1510,04/04/2025,False
La Reserve Villas,"Tucson, AZ",16203,2x2,943,1510,04/05/2025,False
La Reserve Villas,"Tucson, AZ",16203,2x2,943,1510,04/06/2025,False
La Reserve Villas,"Tucson, AZ",16203,2x2,943,1510,04/07/2025,False
La Reserve Villas,"Tucson, AZ",16203,2x2,943,1510,04/08/2025,False
La Reserve Villas,"Tucson, AZ",16203,2x2,943,1510,04/09/2025,False
La Reserve Villas,"Tucson, AZ",16203,2x2,943,1510,04/10/2025,False
La Reserve Villas,"Tucson, AZ",16203,2x2,943,1510,04/11/2025,False
La Reserve Villas,"Tucson, AZ",16203,2x2,943,1510,04/12/2025,False
La Reserve Villas,"Tucson, AZ",16203,2x2,943,1510,04/13/2025,False
La Reserve Villas,"Tucson, AZ",16203,2x2,943,1510,04/14/2025,False
La Reserve Villas,"Tucson, AZ",16203,2x2,943,1510,04/15/2025,False
La Reserve Villas,"Tucson, AZ",16203,2x2,943,1510,04/16/2025,False
La Reserve Villas,"Tucson, AZ",16203,2x2,943,1510,04/17/2025,False
La Reserve Villas,"Tucson, AZ",16203,2x2,943,1510,04/18/2025,False
La Reserve Villas,"Tucson, AZ",16203,2x2,943,1510,04/19/2025,False
La Reserve Villas,"Tucson, AZ",16203,2x2,943,1510,04/20/2025,False
La Reserve Villas,"Tucson, AZ",16203,2x2,943,1510,04/21/2025,False
La Reserve Villas,"Tucson, AZ",16203,2x2,943,1510,04/22/2025,False
La Reserve Villas,"Tucson, AZ",16203,2x2,943,1510,04/23/2025,False
La Reserve Villas,"Tucson, AZ",16203,2x2,943,1510,04/24/2025,False
La Reserve Villas,"Tucson, AZ",16203,2x2,943,1515,04/25/2025,False
La Reserve Villas,"Tucson, AZ",16203,2x2,943,1515,04/26/2025,False
La Reserve Villas,"Tucson, AZ",16203,2x2,943,1515,04/27/2025,True
La Reserve Villas,"Tucson, AZ",17102,2x2,943,1549,08/17/2024,False
La Reserve Villas,"Tucson, AZ",17102,2x2,943,1549,08/18/2024,False
La Reserve Villas,"Tucson, AZ",17102,2x2,943,1549,08/19/2024,False
La Reserve Villas,"Tucson, AZ",17102,2x2,943,1549,08/20/2024,False
La Reserve Villas,"Tucson, AZ",17102,2x2,943,1549,08/21/2024,False
La Reserve Villas,"Tucson, AZ",17102,2x2,943,1549,08/22/2024,True
La Reserve Villas,"Tucson, AZ",17103,2x2,943,1576,04/30/2024,False
La Reserve Villas,"Tucson, AZ",17103,2x2,943,1576,05/01/2024,False
La Reserve Villas,"Tucson, AZ",17103,2x2,943,1616,05/02/2024,False
La Reserve Villas,"Tucson, AZ",17103,2x2,943,1616,05/03/2024,False
La Reserve Villas,"Tucson, AZ",17103,2x2,943,1568,05/04/2024,False
La Reserve Villas,"Tucson, AZ",17103,2x2,943,1568,05/05/2024,False
La Reserve Villas,"Tucson, AZ",17103,2x2,943,1568,05/06/2024,False
La Reserve Villas,"Tucson, AZ",17103,2x2,943,1568,05/07/2024,False
La Reserve Villas,"Tucson, AZ",17103,2x2,943,1568,05/08/2024,False
La Reserve Villas,"Tucson, AZ",17103,2x2,943,1568,05/09/2024,False
La Reserve Villas,"Tucson, AZ",17103,2x2,943,1568,05/10/2024,False
La Reserve Villas,"Tucson, AZ",17103,2x2,943,1568,05/11/2024,False
La Reserve Villas,"Tucson, AZ",17103,2x2,943,1568,05/12/2024,False
La Reserve Villas,"Tucson, AZ",17103,2x2,943,1568,05/13/2024,False
La Reserve Villas,"Tucson, AZ",17103,2x2,943,1568,05/14/2024,False
La Reserve Villas,"Tucson, AZ",17103,2x2,943,1568,05/15/2024,False
La Reserve Villas,"Tucson, AZ",17103,2x2,943,1568,05/16/2024,False
La Reserve Villas,"Tucson, AZ",17103,2x2,943,1568,05/17/2024,False
La Reserve Villas,"Tucson, AZ",17103,2x2,943,1568,05/18/2024,False
La Reserve Villas,"Tucson, AZ",17103,2x2,943,1568,05/19/2024,False
La Reserve Villas,"Tucson, AZ",17103,2x2,943,1568,05/20/2024,False
La Reserve Villas,"Tucson, AZ",17103,2x2,943,1568,05/21/2024,False
La Reserve Villas,"Tucson, AZ",17103,2x2,943,1568,05/22/2024,False
La Reserve Villas,"Tucson, AZ",17103,2x2,943,1568,05/23/2024,False
La Reserve Villas,"Tucson, AZ",17103,2x2,943,1568,05/24/2024,False
La Reserve Villas,"Tucson, AZ",17103,2x2,943,1568,05/25/2024,False
La Reserve Villas,"Tucson, AZ",17103,2x2,943,1568,05/26/2024,False
La Reserve Villas,"Tucson, AZ",17103,2x2,943,1568,05/27/2024,False
La Reserve Villas,"Tucson, AZ",17103,2x2,943,1568,05/28/2024,False
La Reserve Villas,"Tucson, AZ",17103,2x2,943,1568,05/29/2024,False
La Reserve Villas,"Tucson, AZ",17103,2x2,943,1568,05/30/2024,False
La Reserve Villas,"Tucson, AZ",17103,2x2,943,1568,05/31/2024,False
La Reserve Villas,"Tucson, AZ",17103,2x2,943,1568,06/01/2024,False
La Reserve Villas,"Tucson, AZ",17103,2x2,943,1568,06/02/2024,False
La Reserve Villas,"Tucson, AZ",17103,2x2,943,1568,06/03/2024,False
La Reserve Villas,"Tucson, AZ",17103,2x2,943,1568,06/04/2024,False
La Reserve Villas,"Tucson, AZ",17103,2x2,943,1568,06/05/2024,False
La Reserve Villas,"Tucson, AZ",17103,2x2,943,1568,06/06/2024,False
La Reserve Villas,"Tucson, AZ",17103,2x2,943,1568,06/07/2024,False
La Reserve Villas,"Tucson, AZ",17103,2x2,943,1568,06/08/2024,False
La Reserve Villas,"Tucson, AZ",17103,2x2,943,1568,06/09/2024,False
La Reserve Villas,"Tucson, AZ",17103,2x2,943,1568,06/10/2024,False
La Reserve Villas,"Tucson, AZ",17103,2x2,943,1577,06/11/2024,False
La Reserve Villas,"Tucson, AZ",17103,2x2,943,1577,06/12/2024,False
La Reserve Villas,"Tucson, AZ",17103,2x2,943,1577,06/13/2024,False
La Reserve Villas,"Tucson, AZ",17103,2x2,943,1577,06/14/2024,False
La Reserve Villas,"Tucson, AZ",17103,2x2,943,1577,06/15/2024,False
La Reserve Villas,"Tucson, AZ",17103,2x2,943,1577,06/16/2024,False
La Reserve Villas,"Tucson, AZ",17103,2x2,943,1577,06/17/2024,False
La Reserve Villas,"Tucson, AZ",17103,2x2,943,1577,06/18/2024,False
La Reserve Villas,"Tucson, AZ",17103,2x2,943,1577,06/19/2024,False
La Reserve Villas,"Tucson, AZ",17103,2x2,943,1577,06/20/2024,False
La Reserve Villas,"Tucson, AZ",17103,2x2,943,1577,06/21/2024,False
La Reserve Villas,"Tucson, AZ",17103,2x2,943,1577,06/22/2024,False
La Reserve Villas,"Tucson, AZ",17103,2x2,943,1577,06/23/2024,False
La Reserve Villas,"Tucson, AZ",17103,2x2,943,1577,06/24/2024,False
La Reserve Villas,"Tucson, AZ",17103,2x2,943,1577,06/25/2024,False
La Reserve Villas,"Tucson, AZ",17103,2x2,943,1615,06/26/2024,False
La Reserve Villas,"Tucson, AZ",17103,2x2,943,1567,06/27/2024,False
La Reserve Villas,"Tucson, AZ",17103,2x2,943,1567,06/28/2024,False
La Reserve Villas,"Tucson, AZ",17103,2x2,943,1567,06/29/2024,False
La Reserve Villas,"Tucson, AZ",17103,2x2,943,1567,06/30/2024,False
La Reserve Villas,"Tucson, AZ",17103,2x2,943,1567,07/01/2024,False
La Reserve Villas,"Tucson, AZ",17103,2x2,943,1567,07/02/2024,False
La Reserve Villas,"Tucson, AZ",17103,2x2,943,1567,07/03/2024,False
La Reserve Villas,"Tucson, AZ",17103,2x2,943,1567,07/04/2024,False
La Reserve Villas,"Tucson, AZ",17103,2x2,943,1567,07/05/2024,False
La Reserve Villas,"Tucson, AZ",17103,2x2,943,1567,07/06/2024,False
La Reserve Villas,"Tucson, AZ",17103,2x2,943,1567,07/07/2024,False
La Reserve Villas,"Tucson, AZ",17103,2x2,943,1544,07/08/2024,False
La Reserve Villas,"Tucson, AZ",17103,2x2,943,1544,07/09/2024,False
La Reserve Villas,"Tucson, AZ",17103,2x2,943,1594,07/10/2024,False
La Reserve Villas,"Tucson, AZ",17103,2x2,943,1586,07/11/2024,False
La Reserve Villas,"Tucson, AZ",17103,2x2,943,1586,07/12/2024,False
La Reserve Villas,"Tucson, AZ",17103,2x2,943,1586,07/13/2024,False
La Reserve Villas,"Tucson, AZ",17103,2x2,943,1586,07/14/2024,False
La Reserve Villas,"Tucson, AZ",17103,2x2,943,1593,07/15/2024,False
La Reserve Villas,"Tucson, AZ",17103,2x2,943,1593,07/16/2024,False
La Reserve Villas,"Tucson, AZ",17103,2x2,943,1593,07/17/2024,False
La Reserve Villas,"Tucson, AZ",17103,2x2,943,1715,07/18/2024,False
La Reserve Villas,"Tucson, AZ",17103,2x2,943,1599,07/19/2024,False
La Reserve Villas,"Tucson, AZ",17103,2x2,943,1599,07/20/2024,False
La Reserve Villas,"Tucson, AZ",17103,2x2,943,1599,07/21/2024,False
La Reserve Villas,"Tucson, AZ",17103,2x2,943,1599,07/22/2024,False
La Reserve Villas,"Tucson, AZ",17103,2x2,943,1599,07/23/2024,False
La Reserve Villas,"Tucson, AZ",17103,2x2,943,1599,07/24/2024,False
La Reserve Villas,"Tucson, AZ",17103,2x2,943,1557,07/25/2024,False
La Reserve Villas,"Tucson, AZ",17103,2x2,943,1557,07/26/2024,False
La Reserve Villas,"Tucson, AZ",17103,2x2,943,1553,07/27/2024,False
La Reserve Villas,"Tucson, AZ",17103,2x2,943,1557,07/28/2024,False
La Reserve Villas,"Tucson, AZ",17103,2x2,943,1599,07/29/2024,False
La Reserve Villas,"Tucson, AZ",17103,2x2,943,1591,07/30/2024,False
La Reserve Villas,"Tucson, AZ",17103,2x2,943,1591,07/31/2024,False
La Reserve Villas,"Tucson, AZ",17103,2x2,943,1591,08/01/2024,False
La Reserve Villas,"Tucson, AZ",17103,2x2,943,1591,08/02/2024,False
La Reserve Villas,"Tucson, AZ",17103,2x2,943,1595,08/03/2024,False
La Reserve Villas,"Tucson, AZ",17103,2x2,943,1595,08/04/2024,False
La Reserve Villas,"Tucson, AZ",17103,2x2,943,1595,08/05/2024,True
La Reserve Villas,"Tucson, AZ",17104,2x2,943,1504,06/30/2023,False
La Reserve Villas,"Tucson, AZ",17104,2x2,943,1504,07/01/2023,False
La Reserve Villas,"Tucson, AZ",17104,2x2,943,1504,07/02/2023,False
La Reserve Villas,"Tucson, AZ",17104,2x2,943,1504,07/03/2023,False
La Reserve Villas,"Tucson, AZ",17104,2x2,943,1504,07/04/2023,False
La Reserve Villas,"Tucson, AZ",17104,2x2,943,1504,07/05/2023,False
La Reserve Villas,"Tucson, AZ",17104,2x2,943,1504,07/06/2023,False
La Reserve Villas,"Tucson, AZ",17104,2x2,943,1509,07/07/2023,False
La Reserve Villas,"Tucson, AZ",17104,2x2,943,1509,07/08/2023,False
La Reserve Villas,"Tucson, AZ",17104,2x2,943,1509,07/09/2023,False
La Reserve Villas,"Tucson, AZ",17104,2x2,943,1509,07/10/2023,True
La Reserve Villas,"Tucson, AZ",17105,2x2,943,1568,07/16/2024,False
La Reserve Villas,"Tucson, AZ",17105,2x2,943,1568,07/17/2024,False
La Reserve Villas,"Tucson, AZ",17105,2x2,943,1612,07/18/2024,False
La Reserve Villas,"Tucson, AZ",17105,2x2,943,1574,07/19/2024,False
La Reserve Villas,"Tucson, AZ",17105,2x2,943,1574,07/20/2024,False
La Reserve Villas,"Tucson, AZ",17105,2x2,943,1574,07/21/2024,False
La Reserve Villas,"Tucson, AZ",17105,2x2,943,1574,07/22/2024,False
La Reserve Villas,"Tucson, AZ",17105,2x2,943,1574,07/23/2024,False
La Reserve Villas,"Tucson, AZ",17105,2x2,943,1574,07/24/2024,False
La Reserve Villas,"Tucson, AZ",17105,2x2,943,1528,07/25/2024,False
La Reserve Villas,"Tucson, AZ",17105,2x2,943,1528,07/26/2024,False
La Reserve Villas,"Tucson, AZ",17105,2x2,943,1528,07/27/2024,False
La Reserve Villas,"Tucson, AZ",17105,2x2,943,1528,07/28/2024,False
La Reserve Villas,"Tucson, AZ",17105,2x2,943,1574,07/29/2024,False
La Reserve Villas,"Tucson, AZ",17105,2x2,943,1566,07/30/2024,False
La Reserve Villas,"Tucson, AZ",17105,2x2,943,1566,07/31/2024,False
La Reserve Villas,"Tucson, AZ",17105,2x2,943,1566,08/01/2024,False
La Reserve Villas,"Tucson, AZ",17105,2x2,943,1566,08/02/2024,False
La Reserve Villas,"Tucson, AZ",17105,2x2,943,1566,08/03/2024,False
La Reserve Villas,"Tucson, AZ",17105,2x2,943,1566,08/04/2024,False
La Reserve Villas,"Tucson, AZ",17105,2x2,943,1566,08/05/2024,False
La Reserve Villas,"Tucson, AZ",17105,2x2,943,1566,08/06/2024,False
La Reserve Villas,"Tucson, AZ",17105,2x2,943,1585,08/07/2024,False
La Reserve Villas,"Tucson, AZ",17105,2x2,943,1585,08/08/2024,False
La Reserve Villas,"Tucson, AZ",17105,2x2,943,1585,08/09/2024,False
La Reserve Villas,"Tucson, AZ",17105,2x2,943,1550,08/10/2024,False
La Reserve Villas,"Tucson, AZ",17105,2x2,943,1550,08/11/2024,False
La Reserve Villas,"Tucson, AZ",17105,2x2,943,1550,08/12/2024,False
La Reserve Villas,"Tucson, AZ",17105,2x2,943,1550,08/13/2024,False
La Reserve Villas,"Tucson, AZ",17105,2x2,943,1605,08/14/2024,False
La Reserve Villas,"Tucson, AZ",17105,2x2,943,1605,08/15/2024,False
La Reserve Villas,"Tucson, AZ",17105,2x2,943,1605,08/16/2024,False
La Reserve Villas,"Tucson, AZ",17105,2x2,943,1549,08/17/2024,False
La Reserve Villas,"Tucson, AZ",17105,2x2,943,1549,08/18/2024,False
La Reserve Villas,"Tucson, AZ",17105,2x2,943,1562,08/19/2024,False
La Reserve Villas,"Tucson, AZ",17105,2x2,943,1562,08/20/2024,False
La Reserve Villas,"Tucson, AZ",17105,2x2,943,1562,08/21/2024,False
La Reserve Villas,"Tucson, AZ",17105,2x2,943,1604,08/22/2024,False
La Reserve Villas,"Tucson, AZ",17105,2x2,943,1604,08/23/2024,False
La Reserve Villas,"Tucson, AZ",17105,2x2,943,1604,08/24/2024,False
La Reserve Villas,"Tucson, AZ",17105,2x2,943,1604,08/25/2024,False
La Reserve Villas,"Tucson, AZ",17105,2x2,943,1604,08/26/2024,False
La Reserve Villas,"Tucson, AZ",17105,2x2,943,1583,08/27/2024,False
La Reserve Villas,"Tucson, AZ",17105,2x2,943,1583,08/28/2024,False
La Reserve Villas,"Tucson, AZ",17105,2x2,943,1583,08/29/2024,False
La Reserve Villas,"Tucson, AZ",17105,2x2,943,1583,08/30/2024,False
La Reserve Villas,"Tucson, AZ",17105,2x2,943,1583,08/31/2024,False
La Reserve Villas,"Tucson, AZ",17105,2x2,943,1583,09/01/2024,False
La Reserve Villas,"Tucson, AZ",17105,2x2,943,1583,09/02/2024,False
La Reserve Villas,"Tucson, AZ",17105,2x2,943,1562,09/03/2024,False
La Reserve Villas,"Tucson, AZ",17105,2x2,943,1638,09/04/2024,False
La Reserve Villas,"Tucson, AZ",17105,2x2,943,1641,09/05/2024,False
La Reserve Villas,"Tucson, AZ",17105,2x2,943,1641,09/06/2024,False
La Reserve Villas,"Tucson, AZ",17105,2x2,943,1641,09/07/2024,False
La Reserve Villas,"Tucson, AZ",17105,2x2,943,1641,09/08/2024,False
La Reserve Villas,"Tucson, AZ",17105,2x2,943,1641,09/09/2024,False
La Reserve Villas,"Tucson, AZ",17105,2x2,943,1641,09/10/2024,False
La Reserve Villas,"Tucson, AZ",17105,2x2,943,1593,09/11/2024,False
La Reserve Villas,"Tucson, AZ",17105,2x2,943,1593,09/12/2024,False
La Reserve Villas,"Tucson, AZ",17105,2x2,943,1593,09/13/2024,False
La Reserve Villas,"Tucson, AZ",17105,2x2,943,1593,09/14/2024,False
La Reserve Villas,"Tucson, AZ",17105,2x2,943,1593,09/15/2024,False
La Reserve Villas,"Tucson, AZ",17105,2x2,943,1593,09/16/2024,False
La Reserve Villas,"Tucson, AZ",17105,2x2,943,1593,09/17/2024,False
La Reserve Villas,"Tucson, AZ",17105,2x2,943,1593,09/18/2024,False
La Reserve Villas,"Tucson, AZ",17105,2x2,943,1593,09/19/2024,False
La Reserve Villas,"Tucson, AZ",17105,2x2,943,1593,09/20/2024,False
La Reserve Villas,"Tucson, AZ",17105,2x2,943,1593,09/21/2024,False
La Reserve Villas,"Tucson, AZ",17105,2x2,943,1593,09/22/2024,False
La Reserve Villas,"Tucson, AZ",17105,2x2,943,1593,09/23/2024,False
La Reserve Villas,"Tucson, AZ",17105,2x2,943,1593,09/24/2024,False
La Reserve Villas,"Tucson, AZ",17105,2x2,943,1562,09/25/2024,False
La Reserve Villas,"Tucson, AZ",17105,2x2,943,1582,09/26/2024,False
La Reserve Villas,"Tucson, AZ",17105,2x2,943,1587,09/27/2024,False
La Reserve Villas,"Tucson, AZ",17105,2x2,943,1609,09/28/2024,False
La Reserve Villas,"Tucson, AZ",17105,2x2,943,1609,09/29/2024,False
La Reserve Villas,"Tucson, AZ",17105,2x2,943,1609,09/30/2024,False
La Reserve Villas,"Tucson, AZ",17105,2x2,943,1609,10/01/2024,False
La Reserve Villas,"Tucson, AZ",17105,2x2,943,1604,10/02/2024,False
La Reserve Villas,"Tucson, AZ",17105,2x2,943,1604,10/03/2024,False
La Reserve Villas,"Tucson, AZ",17105,2x2,943,1604,10/04/2024,False
La Reserve Villas,"Tucson, AZ",17105,2x2,943,1604,10/05/2024,False
La Reserve Villas,"Tucson, AZ",17105,2x2,943,1597,10/06/2024,False
La Reserve Villas,"Tucson, AZ",17105,2x2,943,1604,10/07/2024,False
La Reserve Villas,"Tucson, AZ",17105,2x2,943,1604,10/08/2024,False
La Reserve Villas,"Tucson, AZ",17105,2x2,943,1604,10/09/2024,False
La Reserve Villas,"Tucson, AZ",17105,2x2,943,1604,10/10/2024,False
La Reserve Villas,"Tucson, AZ",17105,2x2,943,1604,10/11/2024,False
La Reserve Villas,"Tucson, AZ",17105,2x2,943,1614,10/12/2024,False
La Reserve Villas,"Tucson, AZ",17105,2x2,943,1614,10/13/2024,False
La Reserve Villas,"Tucson, AZ",17105,2x2,943,1614,10/14/2024,False
La Reserve Villas,"Tucson, AZ",17105,2x2,943,1604,10/15/2024,False
La Reserve Villas,"Tucson, AZ",17105,2x2,943,1604,10/16/2024,False
La Reserve Villas,"Tucson, AZ",17105,2x2,943,1604,10/17/2024,False
La Reserve Villas,"Tucson, AZ",17105,2x2,943,1604,10/18/2024,False
La Reserve Villas,"Tucson, AZ",17105,2x2,943,1594,10/19/2024,False
La Reserve Villas,"Tucson, AZ",17105,2x2,943,1594,10/20/2024,False
La Reserve Villas,"Tucson, AZ",17105,2x2,943,1594,10/21/2024,False
La Reserve Villas,"Tucson, AZ",17105,2x2,943,1599,10/22/2024,False
La Reserve Villas,"Tucson, AZ",17105,2x2,943,1599,10/23/2024,False
La Reserve Villas,"Tucson, AZ",17105,2x2,943,1599,10/24/2024,False
La Reserve Villas,"Tucson, AZ",17105,2x2,943,1590,10/25/2024,False
La Reserve Villas,"Tucson, AZ",17105,2x2,943,1599,10/26/2024,False
La Reserve Villas,"Tucson, AZ",17105,2x2,943,1590,10/27/2024,False
La Reserve Villas,"Tucson, AZ",17105,2x2,943,1590,10/28/2024,False
La Reserve Villas,"Tucson, AZ",17105,2x2,943,1590,10/29/2024,False
La Reserve Villas,"Tucson, AZ",17105,2x2,943,1590,10/30/2024,False
La Reserve Villas,"Tucson, AZ",17105,2x2,943,1590,10/31/2024,False
La Reserve Villas,"Tucson, AZ",17105,2x2,943,1586,11/01/2024,False
La Reserve Villas,"Tucson, AZ",17105,2x2,943,1596,11/02/2024,False
La Reserve Villas,"Tucson, AZ",17105,2x2,943,1596,11/03/2024,False
La Reserve Villas,"Tucson, AZ",17105,2x2,943,1584,11/04/2024,False
La Reserve Villas,"Tucson, AZ",17105,2x2,943,1581,11/05/2024,False
La Reserve Villas,"Tucson, AZ",17105,2x2,943,1552,11/06/2024,False
La Reserve Villas,"Tucson, AZ",17105,2x2,943,1552,11/07/2024,False
La Reserve Villas,"Tucson, AZ",17105,2x2,943,1532,11/08/2024,False
La Reserve Villas,"Tucson, AZ",17105,2x2,943,1527,11/09/2024,False
La Reserve Villas,"Tucson, AZ",17105,2x2,943,1522,11/10/2024,False
La Reserve Villas,"Tucson, AZ",17105,2x2,943,1518,11/11/2024,False
La Reserve Villas,"Tucson, AZ",17105,2x2,943,1513,11/12/2024,False
La Reserve Villas,"Tucson, AZ",17105,2x2,943,1508,11/13/2024,False
La Reserve Villas,"Tucson, AZ",17105,2x2,943,1480,11/14/2024,False
La Reserve Villas,"Tucson, AZ",17105,2x2,943,1475,11/15/2024,False
La Reserve Villas,"Tucson, AZ",17105,2x2,943,1471,11/16/2024,False
La Reserve Villas,"Tucson, AZ",17105,2x2,943,1466,11/17/2024,False
La Reserve Villas,"Tucson, AZ",17105,2x2,943,1461,11/18/2024,False
La Reserve Villas,"Tucson, AZ",17105,2x2,943,1471,11/19/2024,False
La Reserve Villas,"Tucson, AZ",17105,2x2,943,1466,11/20/2024,False
La Reserve Villas,"Tucson, AZ",17105,2x2,943,1448,11/21/2024,False
La Reserve Villas,"Tucson, AZ",17105,2x2,943,1443,11/22/2024,False
La Reserve Villas,"Tucson, AZ",17105,2x2,943,1443,11/23/2024,False
La Reserve Villas,"Tucson, AZ",17105,2x2,943,1434,11/24/2024,False
La Reserve Villas,"Tucson, AZ",17105,2x2,943,1429,11/25/2024,False
La Reserve Villas,"Tucson, AZ",17105,2x2,943,1425,11/26/2024,False
La Reserve Villas,"Tucson, AZ",17105,2x2,943,1420,11/27/2024,False
La Reserve Villas,"Tucson, AZ",17105,2x2,943,1417,11/28/2024,False
La Reserve Villas,"Tucson, AZ",17105,2x2,943,1417,11/29/2024,False
La Reserve Villas,"Tucson, AZ",17105,2x2,943,1417,11/30/2024,False
La Reserve Villas,"Tucson, AZ",17105,2x2,943,1417,12/01/2024,False
La Reserve Villas,"Tucson, AZ",17105,2x2,943,1417,12/02/2024,False
La Reserve Villas,"Tucson, AZ",17105,2x2,943,1417,12/03/2024,False
La Reserve Villas,"Tucson, AZ",17105,2x2,943,1417,12/04/2024,True
La Reserve Villas,"Tucson, AZ",17201,2x2,957,1530,04/23/2025,False
La Reserve Villas,"Tucson, AZ",17201,2x2,957,1530,04/24/2025,False
La Reserve Villas,"Tucson, AZ",17201,2x2,957,1535,04/25/2025,False
La Reserve Villas,"Tucson, AZ",17201,2x2,957,1535,04/26/2025,False
La Reserve Villas,"Tucson, AZ",17201,2x2,957,1535,04/27/2025,True
La Reserve Villas,"Tucson, AZ",18101,2x2,957,1579,07/23/2024,False
La Reserve Villas,"Tucson, AZ",18101,2x2,957,1579,07/24/2024,False
La Reserve Villas,"Tucson, AZ",18101,2x2,957,1533,07/25/2024,False
La Reserve Villas,"Tucson, AZ",18101,2x2,957,1533,07/26/2024,False
La Reserve Villas,"Tucson, AZ",18101,2x2,957,1533,07/27/2024,False
La Reserve Villas,"Tucson, AZ",18101,2x2,957,1533,07/28/2024,False
La Reserve Villas,"Tucson, AZ",18101,2x2,957,1579,07/29/2024,False
La Reserve Villas,"Tucson, AZ",18101,2x2,957,1571,07/30/2024,False
La Reserve Villas,"Tucson, AZ",18101,2x2,957,1571,07/31/2024,False
La Reserve Villas,"Tucson, AZ",18101,2x2,957,1571,08/01/2024,False
La Reserve Villas,"Tucson, AZ",18101,2x2,957,1571,08/02/2024,False
La Reserve Villas,"Tucson, AZ",18101,2x2,957,1571,08/03/2024,False
La Reserve Villas,"Tucson, AZ",18101,2x2,957,1571,08/04/2024,False
La Reserve Villas,"Tucson, AZ",18101,2x2,957,1571,08/05/2024,False
La Reserve Villas,"Tucson, AZ",18101,2x2,957,1571,08/06/2024,False
La Reserve Villas,"Tucson, AZ",18101,2x2,957,1590,08/07/2024,False
La Reserve Villas,"Tucson, AZ",18101,2x2,957,1590,08/08/2024,False
La Reserve Villas,"Tucson, AZ",18101,2x2,957,1590,08/09/2024,False
La Reserve Villas,"Tucson, AZ",18101,2x2,957,1555,08/10/2024,False
La Reserve Villas,"Tucson, AZ",18101,2x2,957,1555,08/11/2024,False
La Reserve Villas,"Tucson, AZ",18101,2x2,957,1555,08/12/2024,False
La Reserve Villas,"Tucson, AZ",18101,2x2,957,1555,08/13/2024,False
La Reserve Villas,"Tucson, AZ",18101,2x2,957,1575,08/14/2024,False
La Reserve Villas,"Tucson, AZ",18101,2x2,957,1575,08/15/2024,False
La Reserve Villas,"Tucson, AZ",18101,2x2,957,1575,08/16/2024,False
La Reserve Villas,"Tucson, AZ",18101,2x2,957,1554,08/17/2024,False
La Reserve Villas,"Tucson, AZ",18101,2x2,957,1554,08/18/2024,False
La Reserve Villas,"Tucson, AZ",18101,2x2,957,1574,08/19/2024,False
La Reserve Villas,"Tucson, AZ",18101,2x2,957,1574,08/20/2024,False
La Reserve Villas,"Tucson, AZ",18101,2x2,957,1574,08/21/2024,False
La Reserve Villas,"Tucson, AZ",18101,2x2,957,1574,08/22/2024,False
La Reserve Villas,"Tucson, AZ",18101,2x2,957,1574,08/23/2024,False
La Reserve Villas,"Tucson, AZ",18101,2x2,957,1574,08/24/2024,False
La Reserve Villas,"Tucson, AZ",18101,2x2,957,1574,08/25/2024,False
La Reserve Villas,"Tucson, AZ",18101,2x2,957,1574,08/26/2024,False
La Reserve Villas,"Tucson, AZ",18101,2x2,957,1574,08/27/2024,False
La Reserve Villas,"Tucson, AZ",18101,2x2,957,1574,08/28/2024,False
La Reserve Villas,"Tucson, AZ",18101,2x2,957,1574,08/29/2024,False
La Reserve Villas,"Tucson, AZ",18101,2x2,957,1574,08/30/2024,False
La Reserve Villas,"Tucson, AZ",18101,2x2,957,1574,08/31/2024,False
La Reserve Villas,"Tucson, AZ",18101,2x2,957,1574,09/01/2024,False
La Reserve Villas,"Tucson, AZ",18101,2x2,957,1574,09/02/2024,False
La Reserve Villas,"Tucson, AZ",18101,2x2,957,1574,09/03/2024,False
La Reserve Villas,"Tucson, AZ",18101,2x2,957,1650,09/04/2024,False
La Reserve Villas,"Tucson, AZ",18101,2x2,957,1653,09/05/2024,False
La Reserve Villas,"Tucson, AZ",18101,2x2,957,1653,09/06/2024,False
La Reserve Villas,"Tucson, AZ",18101,2x2,957,1653,09/07/2024,False
La Reserve Villas,"Tucson, AZ",18101,2x2,957,1653,09/08/2024,False
La Reserve Villas,"Tucson, AZ",18101,2x2,957,1653,09/09/2024,False
La Reserve Villas,"Tucson, AZ",18101,2x2,957,1653,09/10/2024,False
La Reserve Villas,"Tucson, AZ",18101,2x2,957,1605,09/11/2024,False
La Reserve Villas,"Tucson, AZ",18101,2x2,957,1605,09/12/2024,False
La Reserve Villas,"Tucson, AZ",18101,2x2,957,1605,09/13/2024,False
La Reserve Villas,"Tucson, AZ",18101,2x2,957,1574,09/14/2024,False
La Reserve Villas,"Tucson, AZ",18101,2x2,957,1574,09/15/2024,False
La Reserve Villas,"Tucson, AZ",18101,2x2,957,1574,09/16/2024,False
La Reserve Villas,"Tucson, AZ",18101,2x2,957,1574,09/17/2024,False
La Reserve Villas,"Tucson, AZ",18101,2x2,957,1574,09/18/2024,False
La Reserve Villas,"Tucson, AZ",18101,2x2,957,1574,09/19/2024,False
La Reserve Villas,"Tucson, AZ",18101,2x2,957,1574,09/20/2024,False
La Reserve Villas,"Tucson, AZ",18101,2x2,957,1574,09/21/2024,False
La Reserve Villas,"Tucson, AZ",18101,2x2,957,1574,09/22/2024,False
La Reserve Villas,"Tucson, AZ",18101,2x2,957,1574,09/23/2024,False
La Reserve Villas,"Tucson, AZ",18101,2x2,957,1574,09/24/2024,False
La Reserve Villas,"Tucson, AZ",18101,2x2,957,1587,09/25/2024,False
La Reserve Villas,"Tucson, AZ",18101,2x2,957,1587,09/26/2024,False
La Reserve Villas,"Tucson, AZ",18101,2x2,957,1592,09/27/2024,False
La Reserve Villas,"Tucson, AZ",18101,2x2,957,1614,09/28/2024,False
La Reserve Villas,"Tucson, AZ",18101,2x2,957,1614,09/29/2024,False
La Reserve Villas,"Tucson, AZ",18101,2x2,957,1614,09/30/2024,False
La Reserve Villas,"Tucson, AZ",18101,2x2,957,1614,10/01/2024,False
La Reserve Villas,"Tucson, AZ",18101,2x2,957,1609,10/02/2024,False
La Reserve Villas,"Tucson, AZ",18101,2x2,957,1609,10/03/2024,False
La Reserve Villas,"Tucson, AZ",18101,2x2,957,1609,10/04/2024,False
La Reserve Villas,"Tucson, AZ",18101,2x2,957,1609,10/05/2024,False
La Reserve Villas,"Tucson, AZ",18101,2x2,957,1609,10/06/2024,False
La Reserve Villas,"Tucson, AZ",18101,2x2,957,1609,10/07/2024,False
La Reserve Villas,"Tucson, AZ",18101,2x2,957,1620,10/08/2024,False
La Reserve Villas,"Tucson, AZ",18101,2x2,957,1620,10/09/2024,False
La Reserve Villas,"Tucson, AZ",18101,2x2,957,1620,10/10/2024,False
La Reserve Villas,"Tucson, AZ",18101,2x2,957,1620,10/11/2024,False
La Reserve Villas,"Tucson, AZ",18101,2x2,957,1620,10/12/2024,False
La Reserve Villas,"Tucson, AZ",18101,2x2,957,1620,10/13/2024,False
La Reserve Villas,"Tucson, AZ",18101,2x2,957,1620,10/14/2024,False
La Reserve Villas,"Tucson, AZ",18101,2x2,957,1609,10/15/2024,False
La Reserve Villas,"Tucson, AZ",18101,2x2,957,1609,10/16/2024,False
La Reserve Villas,"Tucson, AZ",18101,2x2,957,1609,10/17/2024,False
La Reserve Villas,"Tucson, AZ",18101,2x2,957,1609,10/18/2024,False
La Reserve Villas,"Tucson, AZ",18101,2x2,957,1599,10/19/2024,False
La Reserve Villas,"Tucson, AZ",18101,2x2,957,1599,10/20/2024,False
La Reserve Villas,"Tucson, AZ",18101,2x2,957,1599,10/21/2024,False
La Reserve Villas,"Tucson, AZ",18101,2x2,957,1604,10/22/2024,False
La Reserve Villas,"Tucson, AZ",18101,2x2,957,1604,10/23/2024,False
La Reserve Villas,"Tucson, AZ",18101,2x2,957,1604,10/24/2024,False
La Reserve Villas,"Tucson, AZ",18101,2x2,957,1595,10/25/2024,False
La Reserve Villas,"Tucson, AZ",18101,2x2,957,1604,10/26/2024,False
La Reserve Villas,"Tucson, AZ",18101,2x2,957,1595,10/27/2024,False
La Reserve Villas,"Tucson, AZ",18101,2x2,957,1595,10/28/2024,False
La Reserve Villas,"Tucson, AZ",18101,2x2,957,1595,10/29/2024,False
La Reserve Villas,"Tucson, AZ",18101,2x2,957,1595,10/30/2024,False
La Reserve Villas,"Tucson, AZ",18101,2x2,957,1595,10/31/2024,False
La Reserve Villas,"Tucson, AZ",18101,2x2,957,1595,11/01/2024,False
La Reserve Villas,"Tucson, AZ",18101,2x2,957,1610,11/02/2024,False
La Reserve Villas,"Tucson, AZ",18101,2x2,957,1610,11/03/2024,False
La Reserve Villas,"Tucson, AZ",18101,2x2,957,1597,11/04/2024,False
La Reserve Villas,"Tucson, AZ",18101,2x2,957,1596,11/05/2024,False
La Reserve Villas,"Tucson, AZ",18101,2x2,957,1565,11/06/2024,False
La Reserve Villas,"Tucson, AZ",18101,2x2,957,1566,11/07/2024,False
La Reserve Villas,"Tucson, AZ",18101,2x2,957,1546,11/08/2024,False
La Reserve Villas,"Tucson, AZ",18101,2x2,957,1541,11/09/2024,False
La Reserve Villas,"Tucson, AZ",18101,2x2,957,1537,11/10/2024,False
La Reserve Villas,"Tucson, AZ",18101,2x2,957,1532,11/11/2024,False
La Reserve Villas,"Tucson, AZ",18101,2x2,957,1527,11/12/2024,False
La Reserve Villas,"Tucson, AZ",18101,2x2,957,1523,11/13/2024,False
La Reserve Villas,"Tucson, AZ",18101,2x2,957,1494,11/14/2024,False
La Reserve Villas,"Tucson, AZ",18101,2x2,957,1489,11/15/2024,False
La Reserve Villas,"Tucson, AZ",18101,2x2,957,1485,11/16/2024,False
La Reserve Villas,"Tucson, AZ",18101,2x2,957,1480,11/17/2024,False
La Reserve Villas,"Tucson, AZ",18101,2x2,957,1475,11/18/2024,False
La Reserve Villas,"Tucson, AZ",18101,2x2,957,1485,11/19/2024,False
La Reserve Villas,"Tucson, AZ",18101,2x2,957,1480,11/20/2024,False
La Reserve Villas,"Tucson, AZ",18101,2x2,957,1462,11/21/2024,False
La Reserve Villas,"Tucson, AZ",18101,2x2,957,1457,11/22/2024,False
La Reserve Villas,"Tucson, AZ",18101,2x2,957,1457,11/23/2024,False
La Reserve Villas,"Tucson, AZ",18101,2x2,957,1448,11/24/2024,False
La Reserve Villas,"Tucson, AZ",18101,2x2,957,1443,11/25/2024,False
La Reserve Villas,"Tucson, AZ",18101,2x2,957,1439,11/26/2024,False
La Reserve Villas,"Tucson, AZ",18101,2x2,957,1434,11/27/2024,False
La Reserve Villas,"Tucson, AZ",18101,2x2,957,1429,11/28/2024,False
La Reserve Villas,"Tucson, AZ",18101,2x2,957,1425,11/29/2024,False
La Reserve Villas,"Tucson, AZ",18101,2x2,957,1422,11/30/2024,False
La Reserve Villas,"Tucson, AZ",18101,2x2,957,1422,12/01/2024,False
La Reserve Villas,"Tucson, AZ",18101,2x2,957,1422,12/02/2024,False
La Reserve Villas,"Tucson, AZ",18101,2x2,957,1422,12/03/2024,False
La Reserve Villas,"Tucson, AZ",18101,2x2,957,1422,12/04/2024,False
La Reserve Villas,"Tucson, AZ",18101,2x2,957,1445,12/05/2024,False
La Reserve Villas,"Tucson, AZ",18101,2x2,957,1425,12/06/2024,False
La Reserve Villas,"Tucson, AZ",18101,2x2,957,1425,12/07/2024,True
La Reserve Villas,"Tucson, AZ",18102,2x2,943,1583,07/30/2023,False
La Reserve Villas,"Tucson, AZ",18102,2x2,943,1546,07/31/2023,False
La Reserve Villas,"Tucson, AZ",18102,2x2,943,1546,08/01/2023,False
La Reserve Villas,"Tucson, AZ",18102,2x2,943,1546,08/02/2023,False
La Reserve Villas,"Tucson, AZ",18102,2x2,943,1546,08/03/2023,False
La Reserve Villas,"Tucson, AZ",18102,2x2,943,1546,08/04/2023,False
La Reserve Villas,"Tucson, AZ",18102,2x2,943,1546,08/05/2023,False
La Reserve Villas,"Tucson, AZ",18102,2x2,943,1546,08/06/2023,False
La Reserve Villas,"Tucson, AZ",18102,2x2,943,1555,08/07/2023,False
La Reserve Villas,"Tucson, AZ",18102,2x2,943,1565,08/08/2023,False
La Reserve Villas,"Tucson, AZ",18102,2x2,943,1565,08/09/2023,False
La Reserve Villas,"Tucson, AZ",18102,2x2,943,1565,08/10/2023,False
La Reserve Villas,"Tucson, AZ",18102,2x2,943,1565,08/11/2023,False
La Reserve Villas,"Tucson, AZ",18102,2x2,943,1565,08/12/2023,False
La Reserve Villas,"Tucson, AZ",18102,2x2,943,1565,08/13/2023,False
La Reserve Villas,"Tucson, AZ",18102,2x2,943,1565,08/14/2023,False
La Reserve Villas,"Tucson, AZ",18102,2x2,943,1565,08/15/2023,False
La Reserve Villas,"Tucson, AZ",18102,2x2,943,1565,08/16/2023,False
La Reserve Villas,"Tucson, AZ",18102,2x2,943,1565,08/17/2023,False
La Reserve Villas,"Tucson, AZ",18102,2x2,943,1565,08/18/2023,False
La Reserve Villas,"Tucson, AZ",18102,2x2,943,1565,08/19/2023,False
La Reserve Villas,"Tucson, AZ",18102,2x2,943,1565,08/20/2023,False
La Reserve Villas,"Tucson, AZ",18102,2x2,943,1565,08/21/2023,False
La Reserve Villas,"Tucson, AZ",18102,2x2,943,1565,08/22/2023,False
La Reserve Villas,"Tucson, AZ",18102,2x2,943,1565,08/23/2023,False
La Reserve Villas,"Tucson, AZ",18102,2x2,943,1565,08/24/2023,False
La Reserve Villas,"Tucson, AZ",18102,2x2,943,1565,08/25/2023,False
La Reserve Villas,"Tucson, AZ",18102,2x2,943,1565,08/26/2023,False
La Reserve Villas,"Tucson, AZ",18102,2x2,943,1565,08/27/2023,False
La Reserve Villas,"Tucson, AZ",18102,2x2,943,1565,08/28/2023,False
La Reserve Villas,"Tucson, AZ",18102,2x2,943,1565,08/29/2023,False
La Reserve Villas,"Tucson, AZ",18102,2x2,943,1565,08/30/2023,False
La Reserve Villas,"Tucson, AZ",18102,2x2,943,1565,08/31/2023,False
La Reserve Villas,"Tucson, AZ",18102,2x2,943,1565,09/01/2023,False
La Reserve Villas,"Tucson, AZ",18102,2x2,943,1565,09/02/2023,False
La Reserve Villas,"Tucson, AZ",18102,2x2,943,1565,09/03/2023,False
La Reserve Villas,"Tucson, AZ",18102,2x2,943,1565,09/04/2023,False
La Reserve Villas,"Tucson, AZ",18102,2x2,943,1565,09/05/2023,False
La Reserve Villas,"Tucson, AZ",18102,2x2,943,1565,09/06/2023,False
La Reserve Villas,"Tucson, AZ",18102,2x2,943,1565,09/07/2023,False
La Reserve Villas,"Tucson, AZ",18102,2x2,943,1565,09/08/2023,False
La Reserve Villas,"Tucson, AZ",18102,2x2,943,1565,09/09/2023,False
La Reserve Villas,"Tucson, AZ",18102,2x2,943,1565,09/10/2023,False
La Reserve Villas,"Tucson, AZ",18102,2x2,943,1565,09/11/2023,False
La Reserve Villas,"Tucson, AZ",18102,2x2,943,1565,09/12/2023,False
La Reserve Villas,"Tucson, AZ",18102,2x2,943,1565,09/13/2023,False
La Reserve Villas,"Tucson, AZ",18102,2x2,943,1565,09/14/2023,False
La Reserve Villas,"Tucson, AZ",18102,2x2,943,1565,09/15/2023,False
La Reserve Villas,"Tucson, AZ",18102,2x2,943,1565,09/16/2023,False
La Reserve Villas,"Tucson, AZ",18102,2x2,943,1565,09/17/2023,False
La Reserve Villas,"Tucson, AZ",18102,2x2,943,1565,09/18/2023,False
La Reserve Villas,"Tucson, AZ",18102,2x2,943,1565,09/19/2023,False
La Reserve Villas,"Tucson, AZ",18102,2x2,943,1565,09/20/2023,False
La Reserve Villas,"Tucson, AZ",18102,2x2,943,1565,09/21/2023,False
La Reserve Villas,"Tucson, AZ",18102,2x2,943,1565,09/22/2023,False
La Reserve Villas,"Tucson, AZ",18102,2x2,943,1565,09/23/2023,False
La Reserve Villas,"Tucson, AZ",18102,2x2,943,1565,09/24/2023,False
La Reserve Villas,"Tucson, AZ",18102,2x2,943,1565,09/25/2023,False
La Reserve Villas,"Tucson, AZ",18102,2x2,943,1565,09/26/2023,False
La Reserve Villas,"Tucson, AZ",18102,2x2,943,1565,09/27/2023,False
La Reserve Villas,"Tucson, AZ",18102,2x2,943,1565,09/28/2023,False
La Reserve Villas,"Tucson, AZ",18102,2x2,943,1565,09/29/2023,False
La Reserve Villas,"Tucson, AZ",18102,2x2,943,1565,09/30/2023,False
La Reserve Villas,"Tucson, AZ",18102,2x2,943,1565,10/01/2023,False
La Reserve Villas,"Tucson, AZ",18102,2x2,943,1565,10/02/2023,False
La Reserve Villas,"Tucson, AZ",18102,2x2,943,1565,10/03/2023,False
La Reserve Villas,"Tucson, AZ",18102,2x2,943,1565,10/04/2023,False
La Reserve Villas,"Tucson, AZ",18102,2x2,943,1565,10/05/2023,False
La Reserve Villas,"Tucson, AZ",18102,2x2,943,1565,10/06/2023,False
La Reserve Villas,"Tucson, AZ",18102,2x2,943,1603,10/07/2023,False
La Reserve Villas,"Tucson, AZ",18102,2x2,943,1603,10/08/2023,False
La Reserve Villas,"Tucson, AZ",18102,2x2,943,1603,10/09/2023,False
La Reserve Villas,"Tucson, AZ",18102,2x2,943,1603,10/10/2023,False
La Reserve Villas,"Tucson, AZ",18102,2x2,943,1603,10/11/2023,False
La Reserve Villas,"Tucson, AZ",18102,2x2,943,1603,10/12/2023,True
La Reserve Villas,"Tucson, AZ",18102,2x2,943,1625,03/09/2024,False
La Reserve Villas,"Tucson, AZ",18102,2x2,943,1625,03/10/2024,False
La Reserve Villas,"Tucson, AZ",18102,2x2,943,1625,03/11/2024,False
La Reserve Villas,"Tucson, AZ",18102,2x2,943,1625,03/12/2024,False
La Reserve Villas,"Tucson, AZ",18102,2x2,943,1625,03/13/2024,False
La Reserve Villas,"Tucson, AZ",18102,2x2,943,1547,03/14/2024,False
La Reserve Villas,"Tucson, AZ",18102,2x2,943,1547,03/15/2024,False
La Reserve Villas,"Tucson, AZ",18102,2x2,943,1622,03/16/2024,False
La Reserve Villas,"Tucson, AZ",18102,2x2,943,1622,03/17/2024,False
La Reserve Villas,"Tucson, AZ",18102,2x2,943,1622,03/18/2024,False
La Reserve Villas,"Tucson, AZ",18102,2x2,943,1622,03/19/2024,False
La Reserve Villas,"Tucson, AZ",18102,2x2,943,1562,03/20/2024,False
La Reserve Villas,"Tucson, AZ",18102,2x2,943,1637,03/21/2024,False
La Reserve Villas,"Tucson, AZ",18102,2x2,943,1637,03/22/2024,False
La Reserve Villas,"Tucson, AZ",18102,2x2,943,1637,03/23/2024,False
La Reserve Villas,"Tucson, AZ",18102,2x2,943,1692,03/24/2024,False
La Reserve Villas,"Tucson, AZ",18102,2x2,943,1692,03/25/2024,False
La Reserve Villas,"Tucson, AZ",18102,2x2,943,1692,03/26/2024,False
La Reserve Villas,"Tucson, AZ",18102,2x2,943,1692,03/27/2024,False
La Reserve Villas,"Tucson, AZ",18102,2x2,943,1692,03/28/2024,False
La Reserve Villas,"Tucson, AZ",18102,2x2,943,1692,03/29/2024,False
La Reserve Villas,"Tucson, AZ",18102,2x2,943,1692,03/30/2024,False
La Reserve Villas,"Tucson, AZ",18102,2x2,943,1692,03/31/2024,False
La Reserve Villas,"Tucson, AZ",18102,2x2,943,1692,04/01/2024,False
La Reserve Villas,"Tucson, AZ",18102,2x2,943,1692,04/02/2024,False
La Reserve Villas,"Tucson, AZ",18102,2x2,943,1691,04/03/2024,False
La Reserve Villas,"Tucson, AZ",18102,2x2,943,1691,04/04/2024,False
La Reserve Villas,"Tucson, AZ",18102,2x2,943,1691,04/05/2024,False
La Reserve Villas,"Tucson, AZ",18102,2x2,943,1609,04/06/2024,False
La Reserve Villas,"Tucson, AZ",18102,2x2,943,1609,04/07/2024,False
La Reserve Villas,"Tucson, AZ",18102,2x2,943,1609,04/08/2024,False
La Reserve Villas,"Tucson, AZ",18102,2x2,943,1609,04/09/2024,False
La Reserve Villas,"Tucson, AZ",18102,2x2,943,1609,04/10/2024,False
La Reserve Villas,"Tucson, AZ",18102,2x2,943,1623,04/11/2024,False
La Reserve Villas,"Tucson, AZ",18102,2x2,943,1623,04/12/2024,False
La Reserve Villas,"Tucson, AZ",18102,2x2,943,1623,04/13/2024,False
La Reserve Villas,"Tucson, AZ",18102,2x2,943,1623,04/14/2024,False
La Reserve Villas,"Tucson, AZ",18102,2x2,943,1623,04/15/2024,False
La Reserve Villas,"Tucson, AZ",18102,2x2,943,1623,04/16/2024,False
La Reserve Villas,"Tucson, AZ",18102,2x2,943,1545,04/17/2024,False
La Reserve Villas,"Tucson, AZ",18102,2x2,943,1549,04/18/2024,False
La Reserve Villas,"Tucson, AZ",18102,2x2,943,1593,04/19/2024,False
La Reserve Villas,"Tucson, AZ",18102,2x2,943,1593,04/20/2024,False
La Reserve Villas,"Tucson, AZ",18102,2x2,943,1593,04/21/2024,False
La Reserve Villas,"Tucson, AZ",18102,2x2,943,1593,04/22/2024,False
La Reserve Villas,"Tucson, AZ",18102,2x2,943,1516,04/23/2024,False
La Reserve Villas,"Tucson, AZ",18102,2x2,943,1571,04/24/2024,False
La Reserve Villas,"Tucson, AZ",18102,2x2,943,1495,04/25/2024,False
La Reserve Villas,"Tucson, AZ",18102,2x2,943,1517,04/26/2024,False
La Reserve Villas,"Tucson, AZ",18102,2x2,943,1517,04/27/2024,False
La Reserve Villas,"Tucson, AZ",18102,2x2,943,1517,04/28/2024,False
La Reserve Villas,"Tucson, AZ",18102,2x2,943,1517,04/29/2024,False
La Reserve Villas,"Tucson, AZ",18102,2x2,943,1556,04/30/2024,False
La Reserve Villas,"Tucson, AZ",18102,2x2,943,1556,05/01/2024,True
La Reserve Villas,"Tucson, AZ",18102,2x2,943,1535,04/02/2025,False
La Reserve Villas,"Tucson, AZ",18102,2x2,943,1535,04/03/2025,False
La Reserve Villas,"Tucson, AZ",18102,2x2,943,1535,04/04/2025,False
La Reserve Villas,"Tucson, AZ",18102,2x2,943,1535,04/05/2025,False
La Reserve Villas,"Tucson, AZ",18102,2x2,943,1535,04/06/2025,False
La Reserve Villas,"Tucson, AZ",18102,2x2,943,1535,04/07/2025,False
La Reserve Villas,"Tucson, AZ",18102,2x2,943,1535,04/08/2025,False
La Reserve Villas,"Tucson, AZ",18102,2x2,943,1535,04/09/2025,False
La Reserve Villas,"Tucson, AZ",18102,2x2,943,1535,04/10/2025,False
La Reserve Villas,"Tucson, AZ",18102,2x2,943,1535,04/11/2025,False
La Reserve Villas,"Tucson, AZ",18102,2x2,943,1535,04/12/2025,False
La Reserve Villas,"Tucson, AZ",18102,2x2,943,1535,04/13/2025,False
La Reserve Villas,"Tucson, AZ",18102,2x2,943,1535,04/14/2025,False
La Reserve Villas,"Tucson, AZ",18102,2x2,943,1535,04/15/2025,False
La Reserve Villas,"Tucson, AZ",18102,2x2,943,1535,04/16/2025,False
La Reserve Villas,"Tucson, AZ",18102,2x2,943,1535,04/17/2025,False
La Reserve Villas,"Tucson, AZ",18102,2x2,943,1535,04/18/2025,False
La Reserve Villas,"Tucson, AZ",18102,2x2,943,1535,04/19/2025,False
La Reserve Villas,"Tucson, AZ",18102,2x2,943,1535,04/20/2025,False
La Reserve Villas,"Tucson, AZ",18102,2x2,943,1535,04/21/2025,False
La Reserve Villas,"Tucson, AZ",18102,2x2,943,1535,04/22/2025,False
La Reserve Villas,"Tucson, AZ",18102,2x2,943,1535,04/23/2025,False
La Reserve Villas,"Tucson, AZ",18102,2x2,943,1535,04/24/2025,False
La Reserve Villas,"Tucson, AZ",18102,2x2,943,1540,04/25/2025,False
La Reserve Villas,"Tucson, AZ",18102,2x2,943,1540,04/26/2025,False
La Reserve Villas,"Tucson, AZ",18102,2x2,943,1540,04/27/2025,True
La Reserve Villas,"Tucson, AZ",18104,2x2,943,1484,07/04/2023,False
La Reserve Villas,"Tucson, AZ",18104,2x2,943,1484,07/05/2023,False
La Reserve Villas,"Tucson, AZ",18104,2x2,943,1484,07/06/2023,False
La Reserve Villas,"Tucson, AZ",18104,2x2,943,1489,07/07/2023,False
La Reserve Villas,"Tucson, AZ",18104,2x2,943,1489,07/08/2023,False
La Reserve Villas,"Tucson, AZ",18104,2x2,943,1489,07/09/2023,False
La Reserve Villas,"Tucson, AZ",18104,2x2,943,1489,07/10/2023,False
La Reserve Villas,"Tucson, AZ",18104,2x2,943,1497,07/11/2023,False
La Reserve Villas,"Tucson, AZ",18104,2x2,943,1497,07/12/2023,False
La Reserve Villas,"Tucson, AZ",18104,2x2,943,1522,07/13/2023,False
La Reserve Villas,"Tucson, AZ",18104,2x2,943,1527,07/14/2023,False
La Reserve Villas,"Tucson, AZ",18104,2x2,943,1527,07/15/2023,False
La Reserve Villas,"Tucson, AZ",18104,2x2,943,1527,07/16/2023,False
La Reserve Villas,"Tucson, AZ",18104,2x2,943,1527,07/17/2023,False
La Reserve Villas,"Tucson, AZ",18104,2x2,943,1532,07/18/2023,False
La Reserve Villas,"Tucson, AZ",18104,2x2,943,1546,07/19/2023,False
La Reserve Villas,"Tucson, AZ",18104,2x2,943,1551,07/20/2023,False
La Reserve Villas,"Tucson, AZ",18104,2x2,943,1557,07/21/2023,False
La Reserve Villas,"Tucson, AZ",18104,2x2,943,1557,07/22/2023,False
La Reserve Villas,"Tucson, AZ",18104,2x2,943,1557,07/23/2023,False
La Reserve Villas,"Tucson, AZ",18104,2x2,943,1557,07/24/2023,False
La Reserve Villas,"Tucson, AZ",18104,2x2,943,1557,07/25/2023,False
La Reserve Villas,"Tucson, AZ",18104,2x2,943,1557,07/26/2023,False
La Reserve Villas,"Tucson, AZ",18104,2x2,943,1531,07/27/2023,False
La Reserve Villas,"Tucson, AZ",18104,2x2,943,1525,07/28/2023,False
La Reserve Villas,"Tucson, AZ",18104,2x2,943,1525,07/29/2023,False
La Reserve Villas,"Tucson, AZ",18104,2x2,943,1525,07/30/2023,False
La Reserve Villas,"Tucson, AZ",18104,2x2,943,1525,07/31/2023,False
La Reserve Villas,"Tucson, AZ",18104,2x2,943,1525,08/01/2023,False
La Reserve Villas,"Tucson, AZ",18104,2x2,943,1525,08/02/2023,False
La Reserve Villas,"Tucson, AZ",18104,2x2,943,1525,08/03/2023,False
La Reserve Villas,"Tucson, AZ",18104,2x2,943,1525,08/04/2023,False
La Reserve Villas,"Tucson, AZ",18104,2x2,943,1525,08/05/2023,False
La Reserve Villas,"Tucson, AZ",18104,2x2,943,1525,08/06/2023,True
La Reserve Villas,"Tucson, AZ",18104,2x2,943,1523,05/22/2024,False
La Reserve Villas,"Tucson, AZ",18104,2x2,943,1523,05/23/2024,False
La Reserve Villas,"Tucson, AZ",18104,2x2,943,1523,05/24/2024,False
La Reserve Villas,"Tucson, AZ",18104,2x2,943,1523,05/25/2024,False
La Reserve Villas,"Tucson, AZ",18104,2x2,943,1523,05/26/2024,False
La Reserve Villas,"Tucson, AZ",18104,2x2,943,1523,05/27/2024,False
La Reserve Villas,"Tucson, AZ",18104,2x2,943,1523,05/28/2024,False
La Reserve Villas,"Tucson, AZ",18104,2x2,943,1523,05/29/2024,False
La Reserve Villas,"Tucson, AZ",18104,2x2,943,1523,05/30/2024,False
La Reserve Villas,"Tucson, AZ",18104,2x2,943,1523,05/31/2024,False
La Reserve Villas,"Tucson, AZ",18104,2x2,943,1523,06/01/2024,False
La Reserve Villas,"Tucson, AZ",18104,2x2,943,1523,06/02/2024,False
La Reserve Villas,"Tucson, AZ",18104,2x2,943,1523,06/03/2024,False
La Reserve Villas,"Tucson, AZ",18104,2x2,943,1523,06/04/2024,False
La Reserve Villas,"Tucson, AZ",18104,2x2,943,1523,06/05/2024,False
La Reserve Villas,"Tucson, AZ",18104,2x2,943,1523,06/06/2024,False
La Reserve Villas,"Tucson, AZ",18104,2x2,943,1523,06/07/2024,False
La Reserve Villas,"Tucson, AZ",18104,2x2,943,1523,06/08/2024,False
La Reserve Villas,"Tucson, AZ",18104,2x2,943,1523,06/09/2024,False
La Reserve Villas,"Tucson, AZ",18104,2x2,943,1523,06/10/2024,False
La Reserve Villas,"Tucson, AZ",18104,2x2,943,1532,06/11/2024,False
La Reserve Villas,"Tucson, AZ",18104,2x2,943,1532,06/12/2024,False
La Reserve Villas,"Tucson, AZ",18104,2x2,943,1532,06/13/2024,False
La Reserve Villas,"Tucson, AZ",18104,2x2,943,1532,06/14/2024,False
La Reserve Villas,"Tucson, AZ",18104,2x2,943,1532,06/15/2024,False
La Reserve Villas,"Tucson, AZ",18104,2x2,943,1532,06/16/2024,False
La Reserve Villas,"Tucson, AZ",18104,2x2,943,1532,06/17/2024,False
La Reserve Villas,"Tucson, AZ",18104,2x2,943,1532,06/18/2024,False
La Reserve Villas,"Tucson, AZ",18104,2x2,943,1532,06/19/2024,False
La Reserve Villas,"Tucson, AZ",18104,2x2,943,1532,06/20/2024,False
La Reserve Villas,"Tucson, AZ",18104,2x2,943,1532,06/21/2024,False
La Reserve Villas,"Tucson, AZ",18104,2x2,943,1532,06/22/2024,False
La Reserve Villas,"Tucson, AZ",18104,2x2,943,1532,06/23/2024,False
La Reserve Villas,"Tucson, AZ",18104,2x2,943,1570,06/24/2024,False
La Reserve Villas,"Tucson, AZ",18104,2x2,943,1570,06/25/2024,False
La Reserve Villas,"Tucson, AZ",18104,2x2,943,1570,06/26/2024,False
La Reserve Villas,"Tucson, AZ",18104,2x2,943,1522,06/27/2024,False
La Reserve Villas,"Tucson, AZ",18104,2x2,943,1522,06/28/2024,False
La Reserve Villas,"Tucson, AZ",18104,2x2,943,1522,06/29/2024,False
La Reserve Villas,"Tucson, AZ",18104,2x2,943,1522,06/30/2024,False
La Reserve Villas,"Tucson, AZ",18104,2x2,943,1522,07/01/2024,False
La Reserve Villas,"Tucson, AZ",18104,2x2,943,1522,07/02/2024,False
La Reserve Villas,"Tucson, AZ",18104,2x2,943,1522,07/03/2024,False
La Reserve Villas,"Tucson, AZ",18104,2x2,943,1522,07/04/2024,False
La Reserve Villas,"Tucson, AZ",18104,2x2,943,1522,07/05/2024,False
La Reserve Villas,"Tucson, AZ",18104,2x2,943,1522,07/06/2024,False
La Reserve Villas,"Tucson, AZ",18104,2x2,943,1522,07/07/2024,False
La Reserve Villas,"Tucson, AZ",18104,2x2,943,1499,07/08/2024,False
La Reserve Villas,"Tucson, AZ",18104,2x2,943,1499,07/09/2024,False
La Reserve Villas,"Tucson, AZ",18104,2x2,943,1549,07/10/2024,False
La Reserve Villas,"Tucson, AZ",18104,2x2,943,1536,07/11/2024,False
La Reserve Villas,"Tucson, AZ",18104,2x2,943,1532,07/12/2024,False
La Reserve Villas,"Tucson, AZ",18104,2x2,943,1527,07/13/2024,False
La Reserve Villas,"Tucson, AZ",18104,2x2,943,1527,07/14/2024,False
La Reserve Villas,"Tucson, AZ",18104,2x2,943,1525,07/15/2024,False
La Reserve Villas,"Tucson, AZ",18104,2x2,943,1520,07/16/2024,False
La Reserve Villas,"Tucson, AZ",18104,2x2,943,1515,07/17/2024,False
La Reserve Villas,"Tucson, AZ",18104,2x2,943,1559,07/18/2024,False
La Reserve Villas,"Tucson, AZ",18104,2x2,943,1515,07/19/2024,False
La Reserve Villas,"Tucson, AZ",18104,2x2,943,1511,07/20/2024,False
La Reserve Villas,"Tucson, AZ",18104,2x2,943,1507,07/21/2024,False
La Reserve Villas,"Tucson, AZ",18104,2x2,943,1502,07/22/2024,False
La Reserve Villas,"Tucson, AZ",18104,2x2,943,1498,07/23/2024,False
La Reserve Villas,"Tucson, AZ",18104,2x2,943,1498,07/24/2024,False
La Reserve Villas,"Tucson, AZ",18104,2x2,943,1445,07/25/2024,False
La Reserve Villas,"Tucson, AZ",18104,2x2,943,1441,07/26/2024,False
La Reserve Villas,"Tucson, AZ",18104,2x2,943,1431,07/27/2024,False
La Reserve Villas,"Tucson, AZ",18104,2x2,943,1433,07/28/2024,False
La Reserve Villas,"Tucson, AZ",18104,2x2,943,1465,07/29/2024,False
La Reserve Villas,"Tucson, AZ",18104,2x2,943,1462,07/30/2024,False
La Reserve Villas,"Tucson, AZ",18104,2x2,943,1458,07/31/2024,False
La Reserve Villas,"Tucson, AZ",18104,2x2,943,1453,08/01/2024,False
La Reserve Villas,"Tucson, AZ",18104,2x2,943,1456,08/02/2024,False
La Reserve Villas,"Tucson, AZ",18104,2x2,943,1456,08/03/2024,True
La Reserve Villas,"Tucson, AZ",18105,2x2,943,1510,04/01/2025,False
La Reserve Villas,"Tucson, AZ",18105,2x2,943,1510,04/02/2025,False
La Reserve Villas,"Tucson, AZ",18105,2x2,943,1510,04/03/2025,False
La Reserve Villas,"Tucson, AZ",18105,2x2,943,1510,04/04/2025,False
La Reserve Villas,"Tucson, AZ",18105,2x2,943,1510,04/05/2025,False
La Reserve Villas,"Tucson, AZ",18105,2x2,943,1510,04/06/2025,False
La Reserve Villas,"Tucson, AZ",18105,2x2,943,1510,04/07/2025,False
La Reserve Villas,"Tucson, AZ",18105,2x2,943,1510,04/08/2025,False
La Reserve Villas,"Tucson, AZ",18105,2x2,943,1510,04/09/2025,False
La Reserve Villas,"Tucson, AZ",18105,2x2,943,1510,04/10/2025,False
La Reserve Villas,"Tucson, AZ",18105,2x2,943,1510,04/11/2025,False
La Reserve Villas,"Tucson, AZ",18105,2x2,943,1510,04/12/2025,False
La Reserve Villas,"Tucson, AZ",18105,2x2,943,1510,04/13/2025,False
La Reserve Villas,"Tucson, AZ",18105,2x2,943,1510,04/14/2025,False
La Reserve Villas,"Tucson, AZ",18105,2x2,943,1510,04/15/2025,False
La Reserve Villas,"Tucson, AZ",18105,2x2,943,1510,04/16/2025,False
La Reserve Villas,"Tucson, AZ",18105,2x2,943,1510,04/17/2025,False
La Reserve Villas,"Tucson, AZ",18105,2x2,943,1510,04/18/2025,False
La Reserve Villas,"Tucson, AZ",18105,2x2,943,1510,04/19/2025,False
La Reserve Villas,"Tucson, AZ",18105,2x2,943,1510,04/20/2025,False
La Reserve Villas,"Tucson, AZ",18105,2x2,943,1510,04/21/2025,False
La Reserve Villas,"Tucson, AZ",18105,2x2,943,1510,04/22/2025,False
La Reserve Villas,"Tucson, AZ",18105,2x2,943,1510,04/23/2025,False
La Reserve Villas,"Tucson, AZ",18105,2x2,943,1510,04/24/2025,False
La Reserve Villas,"Tucson, AZ",18105,2x2,943,1515,04/25/2025,False
La Reserve Villas,"Tucson, AZ",18105,2x2,943,1515,04/26/2025,False
La Reserve Villas,"Tucson, AZ",18105,2x2,943,1515,04/27/2025,True
La Reserve Villas,"Tucson, AZ",18106,2x2,957,1595,06/25/2024,False
La Reserve Villas,"Tucson, AZ",18106,2x2,957,1595,06/26/2024,False
La Reserve Villas,"Tucson, AZ",18106,2x2,957,1547,06/27/2024,False
La Reserve Villas,"Tucson, AZ",18106,2x2,957,1547,06/28/2024,False
La Reserve Villas,"Tucson, AZ",18106,2x2,957,1547,06/29/2024,False
La Reserve Villas,"Tucson, AZ",18106,2x2,957,1547,06/30/2024,False
La Reserve Villas,"Tucson, AZ",18106,2x2,957,1547,07/01/2024,False
La Reserve Villas,"Tucson, AZ",18106,2x2,957,1547,07/02/2024,False
La Reserve Villas,"Tucson, AZ",18106,2x2,957,1547,07/03/2024,False
La Reserve Villas,"Tucson, AZ",18106,2x2,957,1547,07/04/2024,False
La Reserve Villas,"Tucson, AZ",18106,2x2,957,1547,07/05/2024,False
La Reserve Villas,"Tucson, AZ",18106,2x2,957,1547,07/06/2024,False
La Reserve Villas,"Tucson, AZ",18106,2x2,957,1547,07/07/2024,False
La Reserve Villas,"Tucson, AZ",18106,2x2,957,1524,07/08/2024,False
La Reserve Villas,"Tucson, AZ",18106,2x2,957,1524,07/09/2024,False
La Reserve Villas,"Tucson, AZ",18106,2x2,957,1574,07/10/2024,False
La Reserve Villas,"Tucson, AZ",18106,2x2,957,1566,07/11/2024,False
La Reserve Villas,"Tucson, AZ",18106,2x2,957,1566,07/12/2024,False
La Reserve Villas,"Tucson, AZ",18106,2x2,957,1566,07/13/2024,False
La Reserve Villas,"Tucson, AZ",18106,2x2,957,1566,07/14/2024,False
La Reserve Villas,"Tucson, AZ",18106,2x2,957,1573,07/15/2024,False
La Reserve Villas,"Tucson, AZ",18106,2x2,957,1573,07/16/2024,False
La Reserve Villas,"Tucson, AZ",18106,2x2,957,1573,07/17/2024,False
La Reserve Villas,"Tucson, AZ",18106,2x2,957,1617,07/18/2024,False
La Reserve Villas,"Tucson, AZ",18106,2x2,957,1579,07/19/2024,False
La Reserve Villas,"Tucson, AZ",18106,2x2,957,1579,07/20/2024,False
La Reserve Villas,"Tucson, AZ",18106,2x2,957,1579,07/21/2024,False
La Reserve Villas,"Tucson, AZ",18106,2x2,957,1691,07/22/2024,False
La Reserve Villas,"Tucson, AZ",18106,2x2,957,1579,07/23/2024,False
La Reserve Villas,"Tucson, AZ",18106,2x2,957,1579,07/24/2024,False
La Reserve Villas,"Tucson, AZ",18106,2x2,957,1533,07/25/2024,False
La Reserve Villas,"Tucson, AZ",18106,2x2,957,1533,07/26/2024,False
La Reserve Villas,"Tucson, AZ",18106,2x2,957,1533,07/27/2024,False
La Reserve Villas,"Tucson, AZ",18106,2x2,957,1533,07/28/2024,False
La Reserve Villas,"Tucson, AZ",18106,2x2,957,1579,07/29/2024,False
La Reserve Villas,"Tucson, AZ",18106,2x2,957,1571,07/30/2024,False
La Reserve Villas,"Tucson, AZ",18106,2x2,957,1571,07/31/2024,False
La Reserve Villas,"Tucson, AZ",18106,2x2,957,1571,08/01/2024,False
La Reserve Villas,"Tucson, AZ",18106,2x2,957,1571,08/02/2024,False
La Reserve Villas,"Tucson, AZ",18106,2x2,957,1571,08/03/2024,False
La Reserve Villas,"Tucson, AZ",18106,2x2,957,1571,08/04/2024,False
La Reserve Villas,"Tucson, AZ",18106,2x2,957,1571,08/05/2024,False
La Reserve Villas,"Tucson, AZ",18106,2x2,957,1571,08/06/2024,False
La Reserve Villas,"Tucson, AZ",18106,2x2,957,1590,08/07/2024,False
La Reserve Villas,"Tucson, AZ",18106,2x2,957,1590,08/08/2024,False
La Reserve Villas,"Tucson, AZ",18106,2x2,957,1590,08/09/2024,False
La Reserve Villas,"Tucson, AZ",18106,2x2,957,1555,08/10/2024,False
La Reserve Villas,"Tucson, AZ",18106,2x2,957,1555,08/11/2024,False
La Reserve Villas,"Tucson, AZ",18106,2x2,957,1555,08/12/2024,False
La Reserve Villas,"Tucson, AZ",18106,2x2,957,1555,08/13/2024,False
La Reserve Villas,"Tucson, AZ",18106,2x2,957,1610,08/14/2024,False
La Reserve Villas,"Tucson, AZ",18106,2x2,957,1610,08/15/2024,False
La Reserve Villas,"Tucson, AZ",18106,2x2,957,1610,08/16/2024,False
La Reserve Villas,"Tucson, AZ",18106,2x2,957,1554,08/17/2024,False
La Reserve Villas,"Tucson, AZ",18106,2x2,957,1554,08/18/2024,False
La Reserve Villas,"Tucson, AZ",18106,2x2,957,1567,08/19/2024,False
La Reserve Villas,"Tucson, AZ",18106,2x2,957,1567,08/20/2024,False
La Reserve Villas,"Tucson, AZ",18106,2x2,957,1567,08/21/2024,False
La Reserve Villas,"Tucson, AZ",18106,2x2,957,1609,08/22/2024,False
La Reserve Villas,"Tucson, AZ",18106,2x2,957,1609,08/23/2024,False
La Reserve Villas,"Tucson, AZ",18106,2x2,957,1609,08/24/2024,False
La Reserve Villas,"Tucson, AZ",18106,2x2,957,1609,08/25/2024,False
La Reserve Villas,"Tucson, AZ",18106,2x2,957,1609,08/26/2024,False
La Reserve Villas,"Tucson, AZ",18106,2x2,957,1589,08/27/2024,False
La Reserve Villas,"Tucson, AZ",18106,2x2,957,1589,08/28/2024,False
La Reserve Villas,"Tucson, AZ",18106,2x2,957,1589,08/29/2024,False
La Reserve Villas,"Tucson, AZ",18106,2x2,957,1589,08/30/2024,False
La Reserve Villas,"Tucson, AZ",18106,2x2,957,1589,08/31/2024,False
La Reserve Villas,"Tucson, AZ",18106,2x2,957,1589,09/01/2024,False
La Reserve Villas,"Tucson, AZ",18106,2x2,957,1565,09/02/2024,False
La Reserve Villas,"Tucson, AZ",18106,2x2,957,1554,09/03/2024,False
La Reserve Villas,"Tucson, AZ",18106,2x2,957,1629,09/04/2024,False
La Reserve Villas,"Tucson, AZ",18106,2x2,957,1632,09/05/2024,False
La Reserve Villas,"Tucson, AZ",18106,2x2,957,1632,09/06/2024,False
La Reserve Villas,"Tucson, AZ",18106,2x2,957,1632,09/07/2024,False
La Reserve Villas,"Tucson, AZ",18106,2x2,957,1632,09/08/2024,False
La Reserve Villas,"Tucson, AZ",18106,2x2,957,1632,09/09/2024,False
La Reserve Villas,"Tucson, AZ",18106,2x2,957,1632,09/10/2024,False
La Reserve Villas,"Tucson, AZ",18106,2x2,957,1585,09/11/2024,False
La Reserve Villas,"Tucson, AZ",18106,2x2,957,1585,09/12/2024,False
La Reserve Villas,"Tucson, AZ",18106,2x2,957,1585,09/13/2024,False
La Reserve Villas,"Tucson, AZ",18106,2x2,957,1554,09/14/2024,False
La Reserve Villas,"Tucson, AZ",18106,2x2,957,1554,09/15/2024,False
La Reserve Villas,"Tucson, AZ",18106,2x2,957,1554,09/16/2024,False
La Reserve Villas,"Tucson, AZ",18106,2x2,957,1554,09/17/2024,False
La Reserve Villas,"Tucson, AZ",18106,2x2,957,1554,09/18/2024,False
La Reserve Villas,"Tucson, AZ",18106,2x2,957,1554,09/19/2024,False
La Reserve Villas,"Tucson, AZ",18106,2x2,957,1567,09/20/2024,False
La Reserve Villas,"Tucson, AZ",18106,2x2,957,1567,09/21/2024,False
La Reserve Villas,"Tucson, AZ",18106,2x2,957,1567,09/22/2024,False
La Reserve Villas,"Tucson, AZ",18106,2x2,957,1567,09/23/2024,False
La Reserve Villas,"Tucson, AZ",18106,2x2,957,1567,09/24/2024,False
La Reserve Villas,"Tucson, AZ",18106,2x2,957,1580,09/25/2024,False
La Reserve Villas,"Tucson, AZ",18106,2x2,957,1602,09/26/2024,False
La Reserve Villas,"Tucson, AZ",18106,2x2,957,1580,09/27/2024,False
La Reserve Villas,"Tucson, AZ",18106,2x2,957,1602,09/28/2024,False
La Reserve Villas,"Tucson, AZ",18106,2x2,957,1602,09/29/2024,False
La Reserve Villas,"Tucson, AZ",18106,2x2,957,1602,09/30/2024,False
La Reserve Villas,"Tucson, AZ",18106,2x2,957,1602,10/01/2024,False
La Reserve Villas,"Tucson, AZ",18106,2x2,957,1614,10/02/2024,False
La Reserve Villas,"Tucson, AZ",18106,2x2,957,1609,10/03/2024,False
La Reserve Villas,"Tucson, AZ",18106,2x2,957,1609,10/04/2024,False
La Reserve Villas,"Tucson, AZ",18106,2x2,957,1609,10/05/2024,False
La Reserve Villas,"Tucson, AZ",18106,2x2,957,1602,10/06/2024,False
La Reserve Villas,"Tucson, AZ",18106,2x2,957,1609,10/07/2024,False
La Reserve Villas,"Tucson, AZ",18106,2x2,957,1620,10/08/2024,False
La Reserve Villas,"Tucson, AZ",18106,2x2,957,1620,10/09/2024,False
La Reserve Villas,"Tucson, AZ",18106,2x2,957,1620,10/10/2024,False
La Reserve Villas,"Tucson, AZ",18106,2x2,957,1620,10/11/2024,False
La Reserve Villas,"Tucson, AZ",18106,2x2,957,1620,10/12/2024,False
La Reserve Villas,"Tucson, AZ",18106,2x2,957,1615,10/13/2024,False
La Reserve Villas,"Tucson, AZ",18106,2x2,957,1610,10/14/2024,False
La Reserve Villas,"Tucson, AZ",18106,2x2,957,1595,10/15/2024,False
La Reserve Villas,"Tucson, AZ",18106,2x2,957,1590,10/16/2024,False
La Reserve Villas,"Tucson, AZ",18106,2x2,957,1585,10/17/2024,False
La Reserve Villas,"Tucson, AZ",18106,2x2,957,1585,10/18/2024,False
La Reserve Villas,"Tucson, AZ",18106,2x2,957,1566,10/19/2024,False
La Reserve Villas,"Tucson, AZ",18106,2x2,957,1561,10/20/2024,False
La Reserve Villas,"Tucson, AZ",18106,2x2,957,1556,10/21/2024,False
La Reserve Villas,"Tucson, AZ",18106,2x2,957,1564,10/22/2024,False
La Reserve Villas,"Tucson, AZ",18106,2x2,957,1560,10/23/2024,False
La Reserve Villas,"Tucson, AZ",18106,2x2,957,1556,10/24/2024,False
La Reserve Villas,"Tucson, AZ",18106,2x2,957,1543,10/25/2024,False
La Reserve Villas,"Tucson, AZ",18106,2x2,957,1544,10/26/2024,False
La Reserve Villas,"Tucson, AZ",18106,2x2,957,1535,10/27/2024,False
La Reserve Villas,"Tucson, AZ",18106,2x2,957,1531,10/28/2024,False
La Reserve Villas,"Tucson, AZ",18106,2x2,957,1531,10/29/2024,False
La Reserve Villas,"Tucson, AZ",18106,2x2,957,1523,10/30/2024,False
La Reserve Villas,"Tucson, AZ",18106,2x2,957,1519,10/31/2024,False
La Reserve Villas,"Tucson, AZ",18106,2x2,957,1515,11/01/2024,False
La Reserve Villas,"Tucson, AZ",18106,2x2,957,1511,11/02/2024,False
La Reserve Villas,"Tucson, AZ",18106,2x2,957,1511,11/03/2024,False
La Reserve Villas,"Tucson, AZ",18106,2x2,957,1501,11/04/2024,False
La Reserve Villas,"Tucson, AZ",18106,2x2,957,1497,11/05/2024,False
La Reserve Villas,"Tucson, AZ",18106,2x2,957,1477,11/06/2024,False
La Reserve Villas,"Tucson, AZ",18106,2x2,957,1472,11/07/2024,False
La Reserve Villas,"Tucson, AZ",18106,2x2,957,1452,11/08/2024,False
La Reserve Villas,"Tucson, AZ",18106,2x2,957,1448,11/09/2024,False
La Reserve Villas,"Tucson, AZ",18106,2x2,957,1445,11/10/2024,False
La Reserve Villas,"Tucson, AZ",18106,2x2,957,1445,11/11/2024,False
La Reserve Villas,"Tucson, AZ",18106,2x2,957,1445,11/12/2024,False
La Reserve Villas,"Tucson, AZ",18106,2x2,957,1445,11/13/2024,False
La Reserve Villas,"Tucson, AZ",18106,2x2,957,1422,11/14/2024,False
La Reserve Villas,"Tucson, AZ",18106,2x2,957,1422,11/15/2024,False
La Reserve Villas,"Tucson, AZ",18106,2x2,957,1422,11/16/2024,False
La Reserve Villas,"Tucson, AZ",18106,2x2,957,1422,11/17/2024,False
La Reserve Villas,"Tucson, AZ",18106,2x2,957,1422,11/18/2024,False
La Reserve Villas,"Tucson, AZ",18106,2x2,957,1435,11/19/2024,False
La Reserve Villas,"Tucson, AZ",18106,2x2,957,1435,11/20/2024,False
La Reserve Villas,"Tucson, AZ",18106,2x2,957,1422,11/21/2024,False
La Reserve Villas,"Tucson, AZ",18106,2x2,957,1422,11/22/2024,False
La Reserve Villas,"Tucson, AZ",18106,2x2,957,1422,11/23/2024,False
La Reserve Villas,"Tucson, AZ",18106,2x2,957,1422,11/24/2024,False
La Reserve Villas,"Tucson, AZ",18106,2x2,957,1422,11/25/2024,False
La Reserve Villas,"Tucson, AZ",18106,2x2,957,1422,11/26/2024,False
La Reserve Villas,"Tucson, AZ",18106,2x2,957,1422,11/27/2024,False
La Reserve Villas,"Tucson, AZ",18106,2x2,957,1422,11/28/2024,False
La Reserve Villas,"Tucson, AZ",18106,2x2,957,1422,11/29/2024,False
La Reserve Villas,"Tucson, AZ",18106,2x2,957,1422,11/30/2024,False
La Reserve Villas,"Tucson, AZ",18106,2x2,957,1422,12/01/2024,False
La Reserve Villas,"Tucson, AZ",18106,2x2,957,1422,12/02/2024,False
La Reserve Villas,"Tucson, AZ",18106,2x2,957,1422,12/03/2024,False
La Reserve Villas,"Tucson, AZ",18106,2x2,957,1422,12/04/2024,False
La Reserve Villas,"Tucson, AZ",18106,2x2,957,1445,12/05/2024,False
La Reserve Villas,"Tucson, AZ",18106,2x2,957,1425,12/06/2024,False
La Reserve Villas,"Tucson, AZ",18106,2x2,957,1425,12/07/2024,False
La Reserve Villas,"Tucson, AZ",18106,2x2,957,1425,12/08/2024,False
La Reserve Villas,"Tucson, AZ",18106,2x2,957,1493,12/09/2024,False
La Reserve Villas,"Tucson, AZ",18106,2x2,957,1493,12/10/2024,False
La Reserve Villas,"Tucson, AZ",18106,2x2,957,1493,12/11/2024,False
La Reserve Villas,"Tucson, AZ",18106,2x2,957,1493,12/12/2024,False
La Reserve Villas,"Tucson, AZ",18106,2x2,957,1493,12/13/2024,False
La Reserve Villas,"Tucson, AZ",18106,2x2,957,1493,12/14/2024,False
La Reserve Villas,"Tucson, AZ",18106,2x2,957,1493,12/15/2024,False
La Reserve Villas,"Tucson, AZ",18106,2x2,957,1493,12/16/2024,False
La Reserve Villas,"Tucson, AZ",18106,2x2,957,1493,12/17/2024,False
La Reserve Villas,"Tucson, AZ",18106,2x2,957,1493,12/18/2024,False
La Reserve Villas,"Tucson, AZ",18106,2x2,957,1493,12/19/2024,False
La Reserve Villas,"Tucson, AZ",18106,2x2,957,1470,12/20/2024,False
La Reserve Villas,"Tucson, AZ",18106,2x2,957,1470,12/21/2024,False
La Reserve Villas,"Tucson, AZ",18106,2x2,957,1470,12/22/2024,False
La Reserve Villas,"Tucson, AZ",18106,2x2,957,1470,12/23/2024,False
La Reserve Villas,"Tucson, AZ",18106,2x2,957,1470,12/24/2024,False
La Reserve Villas,"Tucson, AZ",18106,2x2,957,1516,12/25/2024,False
La Reserve Villas,"Tucson, AZ",18106,2x2,957,1516,12/26/2024,False
La Reserve Villas,"Tucson, AZ",18106,2x2,957,1516,12/27/2024,False
La Reserve Villas,"Tucson, AZ",18106,2x2,957,1516,12/28/2024,False
La Reserve Villas,"Tucson, AZ",18106,2x2,957,1516,12/29/2024,False
La Reserve Villas,"Tucson, AZ",18106,2x2,957,1516,12/30/2024,False
La Reserve Villas,"Tucson, AZ",18106,2x2,957,1516,12/31/2024,False
La Reserve Villas,"Tucson, AZ",18106,2x2,957,1516,01/01/2025,False
La Reserve Villas,"Tucson, AZ",18106,2x2,957,1516,01/02/2025,False
La Reserve Villas,"Tucson, AZ",18106,2x2,957,1516,01/03/2025,False
La Reserve Villas,"Tucson, AZ",18106,2x2,957,1516,01/04/2025,False
La Reserve Villas,"Tucson, AZ",18106,2x2,957,1516,01/05/2025,False
La Reserve Villas,"Tucson, AZ",18106,2x2,957,1516,01/06/2025,False
La Reserve Villas,"Tucson, AZ",18106,2x2,957,1516,01/07/2025,False
La Reserve Villas,"Tucson, AZ",18106,2x2,957,1498,01/08/2025,False
La Reserve Villas,"Tucson, AZ",18106,2x2,957,1498,01/09/2025,False
La Reserve Villas,"Tucson, AZ",18106,2x2,957,1498,01/10/2025,True
La Reserve Villas,"Tucson, AZ",18201,2x2,957,1603,04/12/2024,False
La Reserve Villas,"Tucson, AZ",18201,2x2,957,1603,04/13/2024,False
La Reserve Villas,"Tucson, AZ",18201,2x2,957,1603,04/14/2024,False
La Reserve Villas,"Tucson, AZ",18201,2x2,957,1603,04/15/2024,False
La Reserve Villas,"Tucson, AZ",18201,2x2,957,1603,04/16/2024,False
La Reserve Villas,"Tucson, AZ",18201,2x2,957,1525,04/17/2024,False
La Reserve Villas,"Tucson, AZ",18201,2x2,957,1529,04/18/2024,False
La Reserve Villas,"Tucson, AZ",18201,2x2,957,1573,04/19/2024,False
La Reserve Villas,"Tucson, AZ",18201,2x2,957,1573,04/20/2024,False
La Reserve Villas,"Tucson, AZ",18201,2x2,957,1573,04/21/2024,False
La Reserve Villas,"Tucson, AZ",18201,2x2,957,1573,04/22/2024,False
La Reserve Villas,"Tucson, AZ",18201,2x2,957,1496,04/23/2024,False
La Reserve Villas,"Tucson, AZ",18201,2x2,957,1551,04/24/2024,False
La Reserve Villas,"Tucson, AZ",18201,2x2,957,1475,04/25/2024,False
La Reserve Villas,"Tucson, AZ",18201,2x2,957,1497,04/26/2024,False
La Reserve Villas,"Tucson, AZ",18201,2x2,957,1497,04/27/2024,False
La Reserve Villas,"Tucson, AZ",18201,2x2,957,1497,04/28/2024,False
La Reserve Villas,"Tucson, AZ",18201,2x2,957,1497,04/29/2024,False
La Reserve Villas,"Tucson, AZ",18201,2x2,957,1536,04/30/2024,False
La Reserve Villas,"Tucson, AZ",18201,2x2,957,1536,05/01/2024,False
La Reserve Villas,"Tucson, AZ",18201,2x2,957,1576,05/02/2024,False
La Reserve Villas,"Tucson, AZ",18201,2x2,957,1576,05/03/2024,False
La Reserve Villas,"Tucson, AZ",18201,2x2,957,1528,05/04/2024,False
La Reserve Villas,"Tucson, AZ",18201,2x2,957,1528,05/05/2024,False
La Reserve Villas,"Tucson, AZ",18201,2x2,957,1528,05/06/2024,False
La Reserve Villas,"Tucson, AZ",18201,2x2,957,1528,05/07/2024,False
La Reserve Villas,"Tucson, AZ",18201,2x2,957,1528,05/08/2024,False
La Reserve Villas,"Tucson, AZ",18201,2x2,957,1528,05/09/2024,False
La Reserve Villas,"Tucson, AZ",18201,2x2,957,1528,05/10/2024,False
La Reserve Villas,"Tucson, AZ",18201,2x2,957,1528,05/11/2024,False
La Reserve Villas,"Tucson, AZ",18201,2x2,957,1528,05/12/2024,False
La Reserve Villas,"Tucson, AZ",18201,2x2,957,1528,05/13/2024,False
La Reserve Villas,"Tucson, AZ",18201,2x2,957,1528,05/14/2024,False
La Reserve Villas,"Tucson, AZ",18201,2x2,957,1528,05/15/2024,False
La Reserve Villas,"Tucson, AZ",18201,2x2,957,1528,05/16/2024,False
La Reserve Villas,"Tucson, AZ",18201,2x2,957,1528,05/17/2024,False
La Reserve Villas,"Tucson, AZ",18201,2x2,957,1528,05/18/2024,False
La Reserve Villas,"Tucson, AZ",18201,2x2,957,1528,05/19/2024,False
La Reserve Villas,"Tucson, AZ",18201,2x2,957,1528,05/20/2024,False
La Reserve Villas,"Tucson, AZ",18201,2x2,957,1528,05/21/2024,False
La Reserve Villas,"Tucson, AZ",18201,2x2,957,1528,05/22/2024,False
La Reserve Villas,"Tucson, AZ",18201,2x2,957,1528,05/23/2024,False
La Reserve Villas,"Tucson, AZ",18201,2x2,957,1528,05/24/2024,False
La Reserve Villas,"Tucson, AZ",18201,2x2,957,1528,05/25/2024,False
La Reserve Villas,"Tucson, AZ",18201,2x2,957,1528,05/26/2024,False
La Reserve Villas,"Tucson, AZ",18201,2x2,957,1528,05/27/2024,False
La Reserve Villas,"Tucson, AZ",18201,2x2,957,1528,05/28/2024,False
La Reserve Villas,"Tucson, AZ",18201,2x2,957,1528,05/29/2024,False
La Reserve Villas,"Tucson, AZ",18201,2x2,957,1528,05/30/2024,False
La Reserve Villas,"Tucson, AZ",18201,2x2,957,1528,05/31/2024,False
La Reserve Villas,"Tucson, AZ",18201,2x2,957,1528,06/01/2024,False
La Reserve Villas,"Tucson, AZ",18201,2x2,957,1528,06/02/2024,False
La Reserve Villas,"Tucson, AZ",18201,2x2,957,1528,06/03/2024,False
La Reserve Villas,"Tucson, AZ",18201,2x2,957,1528,06/04/2024,False
La Reserve Villas,"Tucson, AZ",18201,2x2,957,1528,06/05/2024,False
La Reserve Villas,"Tucson, AZ",18201,2x2,957,1528,06/06/2024,False
La Reserve Villas,"Tucson, AZ",18201,2x2,957,1528,06/07/2024,False
La Reserve Villas,"Tucson, AZ",18201,2x2,957,1528,06/08/2024,False
La Reserve Villas,"Tucson, AZ",18201,2x2,957,1528,06/09/2024,False
La Reserve Villas,"Tucson, AZ",18201,2x2,957,1528,06/10/2024,False
La Reserve Villas,"Tucson, AZ",18201,2x2,957,1537,06/11/2024,False
La Reserve Villas,"Tucson, AZ",18201,2x2,957,1537,06/12/2024,False
La Reserve Villas,"Tucson, AZ",18201,2x2,957,1537,06/13/2024,False
La Reserve Villas,"Tucson, AZ",18201,2x2,957,1537,06/14/2024,False
La Reserve Villas,"Tucson, AZ",18201,2x2,957,1537,06/15/2024,False
La Reserve Villas,"Tucson, AZ",18201,2x2,957,1537,06/16/2024,False
La Reserve Villas,"Tucson, AZ",18201,2x2,957,1537,06/17/2024,False
La Reserve Villas,"Tucson, AZ",18201,2x2,957,1537,06/18/2024,False
La Reserve Villas,"Tucson, AZ",18201,2x2,957,1537,06/19/2024,False
La Reserve Villas,"Tucson, AZ",18201,2x2,957,1537,06/20/2024,False
La Reserve Villas,"Tucson, AZ",18201,2x2,957,1537,06/21/2024,False
La Reserve Villas,"Tucson, AZ",18201,2x2,957,1537,06/22/2024,False
La Reserve Villas,"Tucson, AZ",18201,2x2,957,1537,06/23/2024,False
La Reserve Villas,"Tucson, AZ",18201,2x2,957,1575,06/24/2024,False
La Reserve Villas,"Tucson, AZ",18201,2x2,957,1575,06/25/2024,False
La Reserve Villas,"Tucson, AZ",18201,2x2,957,1575,06/26/2024,False
La Reserve Villas,"Tucson, AZ",18201,2x2,957,1527,06/27/2024,False
La Reserve Villas,"Tucson, AZ",18201,2x2,957,1527,06/28/2024,False
La Reserve Villas,"Tucson, AZ",18201,2x2,957,1527,06/29/2024,False
La Reserve Villas,"Tucson, AZ",18201,2x2,957,1527,06/30/2024,False
La Reserve Villas,"Tucson, AZ",18201,2x2,957,1527,07/01/2024,False
La Reserve Villas,"Tucson, AZ",18201,2x2,957,1527,07/02/2024,False
La Reserve Villas,"Tucson, AZ",18201,2x2,957,1527,07/03/2024,False
La Reserve Villas,"Tucson, AZ",18201,2x2,957,1527,07/04/2024,False
La Reserve Villas,"Tucson, AZ",18201,2x2,957,1527,07/05/2024,False
La Reserve Villas,"Tucson, AZ",18201,2x2,957,1527,07/06/2024,False
La Reserve Villas,"Tucson, AZ",18201,2x2,957,1527,07/07/2024,False
La Reserve Villas,"Tucson, AZ",18201,2x2,957,1504,07/08/2024,False
La Reserve Villas,"Tucson, AZ",18201,2x2,957,1504,07/09/2024,False
La Reserve Villas,"Tucson, AZ",18201,2x2,957,1554,07/10/2024,False
La Reserve Villas,"Tucson, AZ",18201,2x2,957,1546,07/11/2024,False
La Reserve Villas,"Tucson, AZ",18201,2x2,957,1546,07/12/2024,False
La Reserve Villas,"Tucson, AZ",18201,2x2,957,1546,07/13/2024,False
La Reserve Villas,"Tucson, AZ",18201,2x2,957,1546,07/14/2024,False
La Reserve Villas,"Tucson, AZ",18201,2x2,957,1553,07/15/2024,False
La Reserve Villas,"Tucson, AZ",18201,2x2,957,1553,07/16/2024,True
La Reserve Villas,"Tucson, AZ",18201,2x2,957,1584,02/04/2025,False
La Reserve Villas,"Tucson, AZ",18201,2x2,957,1584,02/05/2025,True
La Reserve Villas,"Tucson, AZ",18202,2x2,943,1489,06/30/2023,False
La Reserve Villas,"Tucson, AZ",18202,2x2,943,1489,07/01/2023,False
La Reserve Villas,"Tucson, AZ",18202,2x2,943,1489,07/02/2023,False
La Reserve Villas,"Tucson, AZ",18202,2x2,943,1489,07/03/2023,False
La Reserve Villas,"Tucson, AZ",18202,2x2,943,1489,07/04/2023,False
La Reserve Villas,"Tucson, AZ",18202,2x2,943,1489,07/05/2023,False
La Reserve Villas,"Tucson, AZ",18202,2x2,943,1489,07/06/2023,False
La Reserve Villas,"Tucson, AZ",18202,2x2,943,1494,07/07/2023,False
La Reserve Villas,"Tucson, AZ",18202,2x2,943,1494,07/08/2023,False
La Reserve Villas,"Tucson, AZ",18202,2x2,943,1494,07/09/2023,True
La Reserve Villas,"Tucson, AZ",18204,2x2,943,1622,11/19/2023,False
La Reserve Villas,"Tucson, AZ",18204,2x2,943,1622,11/20/2023,False
La Reserve Villas,"Tucson, AZ",18204,2x2,943,1574,11/21/2023,False
La Reserve Villas,"Tucson, AZ",18204,2x2,943,1652,11/22/2023,False
La Reserve Villas,"Tucson, AZ",18204,2x2,943,1652,11/23/2023,False
La Reserve Villas,"Tucson, AZ",18204,2x2,943,1652,11/24/2023,False
La Reserve Villas,"Tucson, AZ",18204,2x2,943,1706,11/25/2023,False
La Reserve Villas,"Tucson, AZ",18204,2x2,943,1706,11/26/2023,False
La Reserve Villas,"Tucson, AZ",18204,2x2,943,1706,11/27/2023,False
La Reserve Villas,"Tucson, AZ",18204,2x2,943,1706,11/28/2023,False
La Reserve Villas,"Tucson, AZ",18204,2x2,943,1706,11/29/2023,False
La Reserve Villas,"Tucson, AZ",18204,2x2,943,1622,11/30/2023,False
La Reserve Villas,"Tucson, AZ",18204,2x2,943,1622,12/01/2023,False
La Reserve Villas,"Tucson, AZ",18204,2x2,943,1622,12/02/2023,False
La Reserve Villas,"Tucson, AZ",18204,2x2,943,1622,12/03/2023,False
La Reserve Villas,"Tucson, AZ",18204,2x2,943,1622,12/04/2023,False
La Reserve Villas,"Tucson, AZ",18204,2x2,943,1651,12/05/2023,False
La Reserve Villas,"Tucson, AZ",18204,2x2,943,1651,12/06/2023,False
La Reserve Villas,"Tucson, AZ",18204,2x2,943,1651,12/07/2023,False
La Reserve Villas,"Tucson, AZ",18204,2x2,943,1683,12/08/2023,False
La Reserve Villas,"Tucson, AZ",18204,2x2,943,1766,12/09/2023,False
La Reserve Villas,"Tucson, AZ",18204,2x2,943,1766,12/10/2023,False
La Reserve Villas,"Tucson, AZ",18204,2x2,943,1766,12/11/2023,False
La Reserve Villas,"Tucson, AZ",18204,2x2,943,1681,12/12/2023,False
La Reserve Villas,"Tucson, AZ",18204,2x2,943,1681,12/13/2023,False
La Reserve Villas,"Tucson, AZ",18204,2x2,943,1681,12/14/2023,False
La Reserve Villas,"Tucson, AZ",18204,2x2,943,1692,12/15/2023,False
La Reserve Villas,"Tucson, AZ",18204,2x2,943,1692,12/16/2023,False
La Reserve Villas,"Tucson, AZ",18204,2x2,943,1692,12/17/2023,False
La Reserve Villas,"Tucson, AZ",18204,2x2,943,1692,12/18/2023,False
La Reserve Villas,"Tucson, AZ",18204,2x2,943,1775,12/19/2023,False
La Reserve Villas,"Tucson, AZ",18204,2x2,943,1731,12/20/2023,False
La Reserve Villas,"Tucson, AZ",18204,2x2,943,1731,12/21/2023,False
La Reserve Villas,"Tucson, AZ",18204,2x2,943,1731,12/22/2023,False
La Reserve Villas,"Tucson, AZ",18204,2x2,943,1731,12/23/2023,False
La Reserve Villas,"Tucson, AZ",18204,2x2,943,1731,12/24/2023,False
La Reserve Villas,"Tucson, AZ",18204,2x2,943,1731,12/25/2023,False
La Reserve Villas,"Tucson, AZ",18204,2x2,943,1731,12/26/2023,False
La Reserve Villas,"Tucson, AZ",18204,2x2,943,1816,12/27/2023,False
La Reserve Villas,"Tucson, AZ",18204,2x2,943,1971,12/28/2023,False
La Reserve Villas,"Tucson, AZ",18204,2x2,943,1750,12/29/2023,False
La Reserve Villas,"Tucson, AZ",18204,2x2,943,1750,12/30/2023,False
La Reserve Villas,"Tucson, AZ",18204,2x2,943,1750,12/31/2023,False
La Reserve Villas,"Tucson, AZ",18204,2x2,943,1750,01/01/2024,False
La Reserve Villas,"Tucson, AZ",18204,2x2,943,1750,01/02/2024,False
La Reserve Villas,"Tucson, AZ",18204,2x2,943,1750,01/03/2024,False
La Reserve Villas,"Tucson, AZ",18204,2x2,943,1750,01/04/2024,False
La Reserve Villas,"Tucson, AZ",18204,2x2,943,1750,01/05/2024,False
La Reserve Villas,"Tucson, AZ",18204,2x2,943,1700,01/06/2024,False
La Reserve Villas,"Tucson, AZ",18204,2x2,943,1700,01/07/2024,False
La Reserve Villas,"Tucson, AZ",18204,2x2,943,1700,01/08/2024,False
La Reserve Villas,"Tucson, AZ",18204,2x2,943,1700,01/09/2024,False
La Reserve Villas,"Tucson, AZ",18204,2x2,943,1681,01/10/2024,False
La Reserve Villas,"Tucson, AZ",18204,2x2,943,1624,01/11/2024,False
La Reserve Villas,"Tucson, AZ",18204,2x2,943,1624,01/12/2024,False
La Reserve Villas,"Tucson, AZ",18204,2x2,943,1624,01/13/2024,False
La Reserve Villas,"Tucson, AZ",18204,2x2,943,1624,01/14/2024,False
La Reserve Villas,"Tucson, AZ",18204,2x2,943,1624,01/15/2024,False
La Reserve Villas,"Tucson, AZ",18204,2x2,943,1647,01/16/2024,False
La Reserve Villas,"Tucson, AZ",18204,2x2,943,1647,01/17/2024,False
La Reserve Villas,"Tucson, AZ",18204,2x2,943,1647,01/18/2024,False
La Reserve Villas,"Tucson, AZ",18204,2x2,943,1647,01/19/2024,False
La Reserve Villas,"Tucson, AZ",18204,2x2,943,1647,01/20/2024,False
La Reserve Villas,"Tucson, AZ",18204,2x2,943,1647,01/21/2024,False
La Reserve Villas,"Tucson, AZ",18204,2x2,943,1647,01/22/2024,False
La Reserve Villas,"Tucson, AZ",18204,2x2,943,1647,01/23/2024,False
La Reserve Villas,"Tucson, AZ",18204,2x2,943,1647,01/24/2024,False
La Reserve Villas,"Tucson, AZ",18204,2x2,943,1647,01/25/2024,False
La Reserve Villas,"Tucson, AZ",18204,2x2,943,1647,01/26/2024,False
La Reserve Villas,"Tucson, AZ",18204,2x2,943,1647,01/27/2024,False
La Reserve Villas,"Tucson, AZ",18204,2x2,943,1647,01/28/2024,False
La Reserve Villas,"Tucson, AZ",18204,2x2,943,1647,01/29/2024,False
La Reserve Villas,"Tucson, AZ",18204,2x2,943,1647,01/30/2024,False
La Reserve Villas,"Tucson, AZ",18204,2x2,943,1647,01/31/2024,False
La Reserve Villas,"Tucson, AZ",18204,2x2,943,1647,02/01/2024,False
La Reserve Villas,"Tucson, AZ",18204,2x2,943,1647,02/02/2024,False
La Reserve Villas,"Tucson, AZ",18204,2x2,943,1632,02/03/2024,False
La Reserve Villas,"Tucson, AZ",18204,2x2,943,1632,02/04/2024,False
La Reserve Villas,"Tucson, AZ",18204,2x2,943,1632,02/05/2024,False
La Reserve Villas,"Tucson, AZ",18204,2x2,943,1632,02/06/2024,False
La Reserve Villas,"Tucson, AZ",18204,2x2,943,1628,02/07/2024,False
La Reserve Villas,"Tucson, AZ",18204,2x2,943,1623,02/08/2024,False
La Reserve Villas,"Tucson, AZ",18204,2x2,943,1618,02/09/2024,False
La Reserve Villas,"Tucson, AZ",18204,2x2,943,1614,02/10/2024,False
La Reserve Villas,"Tucson, AZ",18204,2x2,943,1609,02/11/2024,False
La Reserve Villas,"Tucson, AZ",18204,2x2,943,1605,02/12/2024,False
La Reserve Villas,"Tucson, AZ",18204,2x2,943,1600,02/13/2024,False
La Reserve Villas,"Tucson, AZ",18204,2x2,943,1571,02/14/2024,False
La Reserve Villas,"Tucson, AZ",18204,2x2,943,1567,02/15/2024,False
La Reserve Villas,"Tucson, AZ",18204,2x2,943,1567,02/16/2024,False
La Reserve Villas,"Tucson, AZ",18204,2x2,943,1567,02/17/2024,False
La Reserve Villas,"Tucson, AZ",18204,2x2,943,1505,02/18/2024,False
La Reserve Villas,"Tucson, AZ",18204,2x2,943,1501,02/19/2024,False
La Reserve Villas,"Tucson, AZ",18204,2x2,943,1496,02/20/2024,False
La Reserve Villas,"Tucson, AZ",18204,2x2,943,1492,02/21/2024,False
La Reserve Villas,"Tucson, AZ",18204,2x2,943,1488,02/22/2024,False
La Reserve Villas,"Tucson, AZ",18204,2x2,943,1506,02/23/2024,False
La Reserve Villas,"Tucson, AZ",18204,2x2,943,1506,02/24/2024,False
La Reserve Villas,"Tucson, AZ",18204,2x2,943,1506,02/25/2024,False
La Reserve Villas,"Tucson, AZ",18204,2x2,943,1540,02/26/2024,False
La Reserve Villas,"Tucson, AZ",18204,2x2,943,1506,02/27/2024,False
La Reserve Villas,"Tucson, AZ",18204,2x2,943,1506,02/28/2024,False
La Reserve Villas,"Tucson, AZ",18204,2x2,943,1532,02/29/2024,False
La Reserve Villas,"Tucson, AZ",18204,2x2,943,1527,03/01/2024,False
La Reserve Villas,"Tucson, AZ",18204,2x2,943,1527,03/02/2024,True
La Reserve Villas,"Tucson, AZ",19101,2x2,957,1589,10/02/2023,False
La Reserve Villas,"Tucson, AZ",19101,2x2,957,1577,10/03/2023,False
La Reserve Villas,"Tucson, AZ",19101,2x2,957,1582,10/04/2023,False
La Reserve Villas,"Tucson, AZ",19101,2x2,957,1582,10/05/2023,False
La Reserve Villas,"Tucson, AZ",19101,2x2,957,1587,10/06/2023,False
La Reserve Villas,"Tucson, AZ",19101,2x2,957,1587,10/07/2023,False
La Reserve Villas,"Tucson, AZ",19101,2x2,957,1587,10/08/2023,False
La Reserve Villas,"Tucson, AZ",19101,2x2,957,1587,10/09/2023,False
La Reserve Villas,"Tucson, AZ",19101,2x2,957,1587,10/10/2023,False
La Reserve Villas,"Tucson, AZ",19101,2x2,957,1587,10/11/2023,False
La Reserve Villas,"Tucson, AZ",19101,2x2,957,1587,10/12/2023,False
La Reserve Villas,"Tucson, AZ",19101,2x2,957,1587,10/13/2023,False
La Reserve Villas,"Tucson, AZ",19101,2x2,957,1592,10/14/2023,False
La Reserve Villas,"Tucson, AZ",19101,2x2,957,1592,10/15/2023,False
La Reserve Villas,"Tucson, AZ",19101,2x2,957,1592,10/16/2023,False
La Reserve Villas,"Tucson, AZ",19101,2x2,957,1627,10/17/2023,False
La Reserve Villas,"Tucson, AZ",19101,2x2,957,1637,10/18/2023,False
La Reserve Villas,"Tucson, AZ",19101,2x2,957,1637,10/19/2023,False
La Reserve Villas,"Tucson, AZ",19101,2x2,957,1642,10/20/2023,False
La Reserve Villas,"Tucson, AZ",19101,2x2,957,1642,10/21/2023,False
La Reserve Villas,"Tucson, AZ",19101,2x2,957,1642,10/22/2023,False
La Reserve Villas,"Tucson, AZ",19101,2x2,957,1642,10/23/2023,False
La Reserve Villas,"Tucson, AZ",19101,2x2,957,1642,10/24/2023,False
La Reserve Villas,"Tucson, AZ",19101,2x2,957,1642,10/25/2023,False
La Reserve Villas,"Tucson, AZ",19101,2x2,957,1642,10/26/2023,False
La Reserve Villas,"Tucson, AZ",19101,2x2,957,1642,10/27/2023,False
La Reserve Villas,"Tucson, AZ",19101,2x2,957,1642,10/28/2023,False
La Reserve Villas,"Tucson, AZ",19101,2x2,957,1642,10/29/2023,False
La Reserve Villas,"Tucson, AZ",19101,2x2,957,1642,10/30/2023,False
La Reserve Villas,"Tucson, AZ",19101,2x2,957,1642,10/31/2023,False
La Reserve Villas,"Tucson, AZ",19101,2x2,957,1642,11/01/2023,False
La Reserve Villas,"Tucson, AZ",19101,2x2,957,1642,11/02/2023,False
La Reserve Villas,"Tucson, AZ",19101,2x2,957,1642,11/03/2023,False
La Reserve Villas,"Tucson, AZ",19101,2x2,957,1642,11/04/2023,False
La Reserve Villas,"Tucson, AZ",19101,2x2,957,1642,11/05/2023,False
La Reserve Villas,"Tucson, AZ",19101,2x2,957,1642,11/06/2023,False
La Reserve Villas,"Tucson, AZ",19101,2x2,957,1642,11/07/2023,False
La Reserve Villas,"Tucson, AZ",19101,2x2,957,1642,11/08/2023,False
La Reserve Villas,"Tucson, AZ",19101,2x2,957,1642,11/09/2023,False
La Reserve Villas,"Tucson, AZ",19101,2x2,957,1642,11/10/2023,False
La Reserve Villas,"Tucson, AZ",19101,2x2,957,1642,11/11/2023,False
La Reserve Villas,"Tucson, AZ",19101,2x2,957,1642,11/12/2023,False
La Reserve Villas,"Tucson, AZ",19101,2x2,957,1642,11/13/2023,False
La Reserve Villas,"Tucson, AZ",19101,2x2,957,1642,11/14/2023,True
La Reserve Villas,"Tucson, AZ",19101,2x2,957,1590,06/26/2024,False
La Reserve Villas,"Tucson, AZ",19101,2x2,957,1542,06/27/2024,False
La Reserve Villas,"Tucson, AZ",19101,2x2,957,1542,06/28/2024,False
La Reserve Villas,"Tucson, AZ",19101,2x2,957,1542,06/29/2024,False
La Reserve Villas,"Tucson, AZ",19101,2x2,957,1542,06/30/2024,False
La Reserve Villas,"Tucson, AZ",19101,2x2,957,1542,07/01/2024,False
La Reserve Villas,"Tucson, AZ",19101,2x2,957,1542,07/02/2024,False
La Reserve Villas,"Tucson, AZ",19101,2x2,957,1542,07/03/2024,False
La Reserve Villas,"Tucson, AZ",19101,2x2,957,1542,07/04/2024,False
La Reserve Villas,"Tucson, AZ",19101,2x2,957,1542,07/05/2024,False
La Reserve Villas,"Tucson, AZ",19101,2x2,957,1542,07/06/2024,False
La Reserve Villas,"Tucson, AZ",19101,2x2,957,1542,07/07/2024,False
La Reserve Villas,"Tucson, AZ",19101,2x2,957,1519,07/08/2024,False
La Reserve Villas,"Tucson, AZ",19101,2x2,957,1519,07/09/2024,False
La Reserve Villas,"Tucson, AZ",19101,2x2,957,1569,07/10/2024,False
La Reserve Villas,"Tucson, AZ",19101,2x2,957,1561,07/11/2024,False
La Reserve Villas,"Tucson, AZ",19101,2x2,957,1561,07/12/2024,False
La Reserve Villas,"Tucson, AZ",19101,2x2,957,1561,07/13/2024,False
La Reserve Villas,"Tucson, AZ",19101,2x2,957,1561,07/14/2024,False
La Reserve Villas,"Tucson, AZ",19101,2x2,957,1568,07/15/2024,False
La Reserve Villas,"Tucson, AZ",19101,2x2,957,1568,07/16/2024,False
La Reserve Villas,"Tucson, AZ",19101,2x2,957,1568,07/17/2024,False
La Reserve Villas,"Tucson, AZ",19101,2x2,957,1612,07/18/2024,False
La Reserve Villas,"Tucson, AZ",19101,2x2,957,1578,07/19/2024,False
La Reserve Villas,"Tucson, AZ",19101,2x2,957,1578,07/20/2024,False
La Reserve Villas,"Tucson, AZ",19101,2x2,957,1578,07/21/2024,False
La Reserve Villas,"Tucson, AZ",19101,2x2,957,1578,07/22/2024,False
La Reserve Villas,"Tucson, AZ",19101,2x2,957,1578,07/23/2024,False
La Reserve Villas,"Tucson, AZ",19101,2x2,957,1578,07/24/2024,False
La Reserve Villas,"Tucson, AZ",19101,2x2,957,1532,07/25/2024,False
La Reserve Villas,"Tucson, AZ",19101,2x2,957,1532,07/26/2024,False
La Reserve Villas,"Tucson, AZ",19101,2x2,957,1528,07/27/2024,False
La Reserve Villas,"Tucson, AZ",19101,2x2,957,1532,07/28/2024,False
La Reserve Villas,"Tucson, AZ",19101,2x2,957,1574,07/29/2024,False
La Reserve Villas,"Tucson, AZ",19101,2x2,957,1566,07/30/2024,False
La Reserve Villas,"Tucson, AZ",19101,2x2,957,1566,07/31/2024,False
La Reserve Villas,"Tucson, AZ",19101,2x2,957,1566,08/01/2024,False
La Reserve Villas,"Tucson, AZ",19101,2x2,957,1566,08/02/2024,False
La Reserve Villas,"Tucson, AZ",19101,2x2,957,1566,08/03/2024,True
La Reserve Villas,"Tucson, AZ",19203,2x2,943,1622,11/12/2023,False
La Reserve Villas,"Tucson, AZ",19203,2x2,943,1622,11/13/2023,False
La Reserve Villas,"Tucson, AZ",19203,2x2,943,1622,11/14/2023,False
La Reserve Villas,"Tucson, AZ",19203,2x2,943,1622,11/15/2023,False
La Reserve Villas,"Tucson, AZ",19203,2x2,943,1622,11/16/2023,False
La Reserve Villas,"Tucson, AZ",19203,2x2,943,1622,11/17/2023,False
La Reserve Villas,"Tucson, AZ",19203,2x2,943,1622,11/18/2023,False
La Reserve Villas,"Tucson, AZ",19203,2x2,943,1622,11/19/2023,False
La Reserve Villas,"Tucson, AZ",19203,2x2,943,1622,11/20/2023,False
La Reserve Villas,"Tucson, AZ",19203,2x2,943,1574,11/21/2023,False
La Reserve Villas,"Tucson, AZ",19203,2x2,943,1652,11/22/2023,False
La Reserve Villas,"Tucson, AZ",19203,2x2,943,1652,11/23/2023,False
La Reserve Villas,"Tucson, AZ",19203,2x2,943,1652,11/24/2023,False
La Reserve Villas,"Tucson, AZ",19203,2x2,943,1706,11/25/2023,False
La Reserve Villas,"Tucson, AZ",19203,2x2,943,1706,11/26/2023,False
La Reserve Villas,"Tucson, AZ",19203,2x2,943,1706,11/27/2023,False
La Reserve Villas,"Tucson, AZ",19203,2x2,943,1706,11/28/2023,False
La Reserve Villas,"Tucson, AZ",19203,2x2,943,1706,11/29/2023,False
La Reserve Villas,"Tucson, AZ",19203,2x2,943,1622,11/30/2023,False
La Reserve Villas,"Tucson, AZ",19203,2x2,943,1622,12/01/2023,False
La Reserve Villas,"Tucson, AZ",19203,2x2,943,1622,12/02/2023,False
La Reserve Villas,"Tucson, AZ",19203,2x2,943,1622,12/03/2023,False
La Reserve Villas,"Tucson, AZ",19203,2x2,943,1622,12/04/2023,False
La Reserve Villas,"Tucson, AZ",19203,2x2,943,1651,12/05/2023,False
La Reserve Villas,"Tucson, AZ",19203,2x2,943,1651,12/06/2023,False
La Reserve Villas,"Tucson, AZ",19203,2x2,943,1651,12/07/2023,False
La Reserve Villas,"Tucson, AZ",19203,2x2,943,1683,12/08/2023,False
La Reserve Villas,"Tucson, AZ",19203,2x2,943,1766,12/09/2023,False
La Reserve Villas,"Tucson, AZ",19203,2x2,943,1766,12/10/2023,False
La Reserve Villas,"Tucson, AZ",19203,2x2,943,1766,12/11/2023,False
La Reserve Villas,"Tucson, AZ",19203,2x2,943,1681,12/12/2023,False
La Reserve Villas,"Tucson, AZ",19203,2x2,943,1681,12/13/2023,False
La Reserve Villas,"Tucson, AZ",19203,2x2,943,1681,12/14/2023,False
La Reserve Villas,"Tucson, AZ",19203,2x2,943,1692,12/15/2023,False
La Reserve Villas,"Tucson, AZ",19203,2x2,943,1692,12/16/2023,False
La Reserve Villas,"Tucson, AZ",19203,2x2,943,1692,12/17/2023,False
La Reserve Villas,"Tucson, AZ",19203,2x2,943,1692,12/18/2023,False
La Reserve Villas,"Tucson, AZ",19203,2x2,943,1775,12/19/2023,False
La Reserve Villas,"Tucson, AZ",19203,2x2,943,1731,12/20/2023,False
La Reserve Villas,"Tucson, AZ",19203,2x2,943,1731,12/21/2023,False
La Reserve Villas,"Tucson, AZ",19203,2x2,943,1731,12/22/2023,False
La Reserve Villas,"Tucson, AZ",19203,2x2,943,1731,12/23/2023,False
La Reserve Villas,"Tucson, AZ",19203,2x2,943,1731,12/24/2023,False
La Reserve Villas,"Tucson, AZ",19203,2x2,943,1731,12/25/2023,False
La Reserve Villas,"Tucson, AZ",19203,2x2,943,1731,12/26/2023,False
La Reserve Villas,"Tucson, AZ",19203,2x2,943,1816,12/27/2023,False
La Reserve Villas,"Tucson, AZ",19203,2x2,943,1908,12/28/2023,False
La Reserve Villas,"Tucson, AZ",19203,2x2,943,1731,12/29/2023,False
La Reserve Villas,"Tucson, AZ",19203,2x2,943,1731,12/30/2023,False
La Reserve Villas,"Tucson, AZ",19203,2x2,943,1731,12/31/2023,False
La Reserve Villas,"Tucson, AZ",19203,2x2,943,1731,01/01/2024,False
La Reserve Villas,"Tucson, AZ",19203,2x2,943,1731,01/02/2024,False
La Reserve Villas,"Tucson, AZ",19203,2x2,943,1731,01/03/2024,False
La Reserve Villas,"Tucson, AZ",19203,2x2,943,1731,01/04/2024,False
La Reserve Villas,"Tucson, AZ",19203,2x2,943,1731,01/05/2024,False
La Reserve Villas,"Tucson, AZ",19203,2x2,943,1681,01/06/2024,False
La Reserve Villas,"Tucson, AZ",19203,2x2,943,1681,01/07/2024,False
La Reserve Villas,"Tucson, AZ",19203,2x2,943,1681,01/08/2024,False
La Reserve Villas,"Tucson, AZ",19203,2x2,943,1681,01/09/2024,False
La Reserve Villas,"Tucson, AZ",19203,2x2,943,1681,01/10/2024,False
La Reserve Villas,"Tucson, AZ",19203,2x2,943,1624,01/11/2024,False
La Reserve Villas,"Tucson, AZ",19203,2x2,943,1624,01/12/2024,False
La Reserve Villas,"Tucson, AZ",19203,2x2,943,1624,01/13/2024,False
La Reserve Villas,"Tucson, AZ",19203,2x2,943,1624,01/14/2024,False
La Reserve Villas,"Tucson, AZ",19203,2x2,943,1624,01/15/2024,False
La Reserve Villas,"Tucson, AZ",19203,2x2,943,1647,01/16/2024,False
La Reserve Villas,"Tucson, AZ",19203,2x2,943,1647,01/17/2024,False
La Reserve Villas,"Tucson, AZ",19203,2x2,943,1647,01/18/2024,False
La Reserve Villas,"Tucson, AZ",19203,2x2,943,1647,01/19/2024,False
La Reserve Villas,"Tucson, AZ",19203,2x2,943,1647,01/20/2024,False
La Reserve Villas,"Tucson, AZ",19203,2x2,943,1647,01/21/2024,False
La Reserve Villas,"Tucson, AZ",19203,2x2,943,1647,01/22/2024,False
La Reserve Villas,"Tucson, AZ",19203,2x2,943,1647,01/23/2024,True
La Reserve Villas,"Tucson, AZ",19206,2x2,957,1666,04/04/2024,False
La Reserve Villas,"Tucson, AZ",19206,2x2,957,1666,04/05/2024,False
La Reserve Villas,"Tucson, AZ",19206,2x2,957,1584,04/06/2024,False
La Reserve Villas,"Tucson, AZ",19206,2x2,957,1584,04/07/2024,False
La Reserve Villas,"Tucson, AZ",19206,2x2,957,1584,04/08/2024,False
La Reserve Villas,"Tucson, AZ",19206,2x2,957,1584,04/09/2024,False
La Reserve Villas,"Tucson, AZ",19206,2x2,957,1584,04/10/2024,True
La Reserve Villas,"Tucson, AZ",20103,2x2,943,1523,05/29/2024,False
La Reserve Villas,"Tucson, AZ",20103,2x2,943,1523,05/30/2024,False
La Reserve Villas,"Tucson, AZ",20103,2x2,943,1523,05/31/2024,False
La Reserve Villas,"Tucson, AZ",20103,2x2,943,1523,06/01/2024,False
La Reserve Villas,"Tucson, AZ",20103,2x2,943,1523,06/02/2024,False
La Reserve Villas,"Tucson, AZ",20103,2x2,943,1523,06/03/2024,False
La Reserve Villas,"Tucson, AZ",20103,2x2,943,1523,06/04/2024,False
La Reserve Villas,"Tucson, AZ",20103,2x2,943,1523,06/05/2024,False
La Reserve Villas,"Tucson, AZ",20103,2x2,943,1523,06/06/2024,False
La Reserve Villas,"Tucson, AZ",20103,2x2,943,1523,06/07/2024,False
La Reserve Villas,"Tucson, AZ",20103,2x2,943,1523,06/08/2024,False
La Reserve Villas,"Tucson, AZ",20103,2x2,943,1523,06/09/2024,False
La Reserve Villas,"Tucson, AZ",20103,2x2,943,1523,06/10/2024,False
La Reserve Villas,"Tucson, AZ",20103,2x2,943,1532,06/11/2024,False
La Reserve Villas,"Tucson, AZ",20103,2x2,943,1532,06/12/2024,False
La Reserve Villas,"Tucson, AZ",20103,2x2,943,1532,06/13/2024,False
La Reserve Villas,"Tucson, AZ",20103,2x2,943,1532,06/14/2024,False
La Reserve Villas,"Tucson, AZ",20103,2x2,943,1532,06/15/2024,False
La Reserve Villas,"Tucson, AZ",20103,2x2,943,1532,06/16/2024,False
La Reserve Villas,"Tucson, AZ",20103,2x2,943,1532,06/17/2024,False
La Reserve Villas,"Tucson, AZ",20103,2x2,943,1532,06/18/2024,False
La Reserve Villas,"Tucson, AZ",20103,2x2,943,1532,06/19/2024,False
La Reserve Villas,"Tucson, AZ",20103,2x2,943,1532,06/20/2024,False
La Reserve Villas,"Tucson, AZ",20103,2x2,943,1532,06/21/2024,False
La Reserve Villas,"Tucson, AZ",20103,2x2,943,1532,06/22/2024,False
La Reserve Villas,"Tucson, AZ",20103,2x2,943,1532,06/23/2024,True
La Reserve Villas,"Tucson, AZ",20202,2x2,943,1488,07/25/2024,False
La Reserve Villas,"Tucson, AZ",20202,2x2,943,1488,07/26/2024,False
La Reserve Villas,"Tucson, AZ",20202,2x2,943,1488,07/27/2024,False
La Reserve Villas,"Tucson, AZ",20202,2x2,943,1488,07/28/2024,False
La Reserve Villas,"Tucson, AZ",20202,2x2,943,1534,07/29/2024,False
La Reserve Villas,"Tucson, AZ",20202,2x2,943,1526,07/30/2024,False
La Reserve Villas,"Tucson, AZ",20202,2x2,943,1526,07/31/2024,False
La Reserve Villas,"Tucson, AZ",20202,2x2,943,1526,08/01/2024,False
La Reserve Villas,"Tucson, AZ",20202,2x2,943,1534,08/02/2024,False
La Reserve Villas,"Tucson, AZ",20202,2x2,943,1526,08/03/2024,False
La Reserve Villas,"Tucson, AZ",20202,2x2,943,1526,08/04/2024,False
La Reserve Villas,"Tucson, AZ",20202,2x2,943,1526,08/05/2024,False
La Reserve Villas,"Tucson, AZ",20202,2x2,943,1526,08/06/2024,False
La Reserve Villas,"Tucson, AZ",20202,2x2,943,1545,08/07/2024,False
La Reserve Villas,"Tucson, AZ",20202,2x2,943,1545,08/08/2024,False
La Reserve Villas,"Tucson, AZ",20202,2x2,943,1545,08/09/2024,False
La Reserve Villas,"Tucson, AZ",20202,2x2,943,1510,08/10/2024,False
La Reserve Villas,"Tucson, AZ",20202,2x2,943,1510,08/11/2024,False
La Reserve Villas,"Tucson, AZ",20202,2x2,943,1510,08/12/2024,True
La Reserve Villas,"Tucson, AZ",20203,2x2,943,1464,06/30/2023,False
La Reserve Villas,"Tucson, AZ",20203,2x2,943,1464,07/01/2023,False
La Reserve Villas,"Tucson, AZ",20203,2x2,943,1464,07/02/2023,False
La Reserve Villas,"Tucson, AZ",20203,2x2,943,1464,07/03/2023,False
La Reserve Villas,"Tucson, AZ",20203,2x2,943,1464,07/04/2023,False
La Reserve Villas,"Tucson, AZ",20203,2x2,943,1464,07/05/2023,False
La Reserve Villas,"Tucson, AZ",20203,2x2,943,1464,07/06/2023,False
La Reserve Villas,"Tucson, AZ",20203,2x2,943,1469,07/07/2023,False
La Reserve Villas,"Tucson, AZ",20203,2x2,943,1469,07/08/2023,False
La Reserve Villas,"Tucson, AZ",20203,2x2,943,1469,07/09/2023,False
La Reserve Villas,"Tucson, AZ",20203,2x2,943,1469,07/10/2023,False
La Reserve Villas,"Tucson, AZ",20203,2x2,943,1477,07/11/2023,False
La Reserve Villas,"Tucson, AZ",20203,2x2,943,1477,07/12/2023,True
La Reserve Villas,"Tucson, AZ",20204,2x2,943,1472,06/30/2023,False
La Reserve Villas,"Tucson, AZ",20204,2x2,943,1472,07/01/2023,False
La Reserve Villas,"Tucson, AZ",20204,2x2,943,1472,07/02/2023,False
La Reserve Villas,"Tucson, AZ",20204,2x2,943,1472,07/03/2023,False
La Reserve Villas,"Tucson, AZ",20204,2x2,943,1472,07/04/2023,False
La Reserve Villas,"Tucson, AZ",20204,2x2,943,1472,07/05/2023,False
La Reserve Villas,"Tucson, AZ",20204,2x2,943,1472,07/06/2023,False
La Reserve Villas,"Tucson, AZ",20204,2x2,943,1477,07/07/2023,False
La Reserve Villas,"Tucson, AZ",20204,2x2,943,1477,07/08/2023,False
La Reserve Villas,"Tucson, AZ",20204,2x2,943,1477,07/09/2023,False
La Reserve Villas,"Tucson, AZ",20204,2x2,943,1477,07/10/2023,False
La Reserve Villas,"Tucson, AZ",20204,2x2,943,1485,07/11/2023,False
La Reserve Villas,"Tucson, AZ",20204,2x2,943,1485,07/12/2023,True
La Reserve Villas,"Tucson, AZ",20204,2x2,943,1502,06/28/2024,False
La Reserve Villas,"Tucson, AZ",20204,2x2,943,1502,06/29/2024,False
La Reserve Villas,"Tucson, AZ",20204,2x2,943,1502,06/30/2024,False
La Reserve Villas,"Tucson, AZ",20204,2x2,943,1502,07/01/2024,False
La Reserve Villas,"Tucson, AZ",20204,2x2,943,1502,07/02/2024,False
La Reserve Villas,"Tucson, AZ",20204,2x2,943,1502,07/03/2024,False
La Reserve Villas,"Tucson, AZ",20204,2x2,943,1502,07/04/2024,False
La Reserve Villas,"Tucson, AZ",20204,2x2,943,1502,07/05/2024,False
La Reserve Villas,"Tucson, AZ",20204,2x2,943,1502,07/06/2024,False
La Reserve Villas,"Tucson, AZ",20204,2x2,943,1502,07/07/2024,False
La Reserve Villas,"Tucson, AZ",20204,2x2,943,1479,07/08/2024,False
La Reserve Villas,"Tucson, AZ",20204,2x2,943,1479,07/09/2024,False
La Reserve Villas,"Tucson, AZ",20204,2x2,943,1529,07/10/2024,False
La Reserve Villas,"Tucson, AZ",20204,2x2,943,1521,07/11/2024,False
La Reserve Villas,"Tucson, AZ",20204,2x2,943,1521,07/12/2024,False
La Reserve Villas,"Tucson, AZ",20204,2x2,943,1521,07/13/2024,False
La Reserve Villas,"Tucson, AZ",20204,2x2,943,1521,07/14/2024,False
La Reserve Villas,"Tucson, AZ",20204,2x2,943,1528,07/15/2024,False
La Reserve Villas,"Tucson, AZ",20204,2x2,943,1528,07/16/2024,False
La Reserve Villas,"Tucson, AZ",20204,2x2,943,1528,07/17/2024,False
La Reserve Villas,"Tucson, AZ",20204,2x2,943,1572,07/18/2024,False
La Reserve Villas,"Tucson, AZ",20204,2x2,943,1534,07/19/2024,False
La Reserve Villas,"Tucson, AZ",20204,2x2,943,1534,07/20/2024,False
La Reserve Villas,"Tucson, AZ",20204,2x2,943,1534,07/21/2024,False
La Reserve Villas,"Tucson, AZ",20204,2x2,943,1534,07/22/2024,False
La Reserve Villas,"Tucson, AZ",20204,2x2,943,1534,07/23/2024,False
La Reserve Villas,"Tucson, AZ",20204,2x2,943,1534,07/24/2024,False
La Reserve Villas,"Tucson, AZ",20204,2x2,943,1492,07/25/2024,False
La Reserve Villas,"Tucson, AZ",20204,2x2,943,1492,07/26/2024,False
La Reserve Villas,"Tucson, AZ",20204,2x2,943,1488,07/27/2024,False
La Reserve Villas,"Tucson, AZ",20204,2x2,943,1492,07/28/2024,False
La Reserve Villas,"Tucson, AZ",20204,2x2,943,1534,07/29/2024,False
La Reserve Villas,"Tucson, AZ",20204,2x2,943,1526,07/30/2024,False
La Reserve Villas,"Tucson, AZ",20204,2x2,943,1526,07/31/2024,False
La Reserve Villas,"Tucson, AZ",20204,2x2,943,1526,08/01/2024,False
La Reserve Villas,"Tucson, AZ",20204,2x2,943,1526,08/02/2024,False
La Reserve Villas,"Tucson, AZ",20204,2x2,943,1530,08/03/2024,False
La Reserve Villas,"Tucson, AZ",20204,2x2,943,1530,08/04/2024,False
La Reserve Villas,"Tucson, AZ",20204,2x2,943,1526,08/05/2024,False
La Reserve Villas,"Tucson, AZ",20204,2x2,943,1542,08/06/2024,False
La Reserve Villas,"Tucson, AZ",20204,2x2,943,1561,08/07/2024,False
La Reserve Villas,"Tucson, AZ",20204,2x2,943,1561,08/08/2024,False
La Reserve Villas,"Tucson, AZ",20204,2x2,943,1561,08/09/2024,False
La Reserve Villas,"Tucson, AZ",20204,2x2,943,1526,08/10/2024,False
La Reserve Villas,"Tucson, AZ",20204,2x2,943,1526,08/11/2024,False
La Reserve Villas,"Tucson, AZ",20204,2x2,943,1526,08/12/2024,False
La Reserve Villas,"Tucson, AZ",20204,2x2,943,1526,08/13/2024,False
La Reserve Villas,"Tucson, AZ",20204,2x2,943,1526,08/14/2024,False
La Reserve Villas,"Tucson, AZ",20204,2x2,943,1526,08/15/2024,False
La Reserve Villas,"Tucson, AZ",20204,2x2,943,1526,08/16/2024,False
La Reserve Villas,"Tucson, AZ",20204,2x2,943,1509,08/17/2024,False
La Reserve Villas,"Tucson, AZ",20204,2x2,943,1509,08/18/2024,False
La Reserve Villas,"Tucson, AZ",20204,2x2,943,1509,08/19/2024,False
La Reserve Villas,"Tucson, AZ",20204,2x2,943,1509,08/20/2024,False
La Reserve Villas,"Tucson, AZ",20204,2x2,943,1509,08/21/2024,False
La Reserve Villas,"Tucson, AZ",20204,2x2,943,1521,08/22/2024,False
La Reserve Villas,"Tucson, AZ",20204,2x2,943,1517,08/23/2024,False
La Reserve Villas,"Tucson, AZ",20204,2x2,943,1513,08/24/2024,False
La Reserve Villas,"Tucson, AZ",20204,2x2,943,1513,08/25/2024,False
La Reserve Villas,"Tucson, AZ",20204,2x2,943,1506,08/26/2024,False
La Reserve Villas,"Tucson, AZ",20204,2x2,943,1502,08/27/2024,False
La Reserve Villas,"Tucson, AZ",20204,2x2,943,1480,08/28/2024,False
La Reserve Villas,"Tucson, AZ",20204,2x2,943,1489,08/29/2024,False
La Reserve Villas,"Tucson, AZ",20204,2x2,943,1485,08/30/2024,False
La Reserve Villas,"Tucson, AZ",20204,2x2,943,1485,08/31/2024,False
La Reserve Villas,"Tucson, AZ",20204,2x2,943,1485,09/01/2024,False
La Reserve Villas,"Tucson, AZ",20204,2x2,943,1485,09/02/2024,False
La Reserve Villas,"Tucson, AZ",20204,2x2,943,1485,09/03/2024,False
La Reserve Villas,"Tucson, AZ",20204,2x2,943,1522,09/04/2024,False
La Reserve Villas,"Tucson, AZ",20204,2x2,943,1515,09/05/2024,False
La Reserve Villas,"Tucson, AZ",20204,2x2,943,1511,09/06/2024,False
La Reserve Villas,"Tucson, AZ",20204,2x2,943,1511,09/07/2024,False
La Reserve Villas,"Tucson, AZ",20204,2x2,943,1501,09/08/2024,False
La Reserve Villas,"Tucson, AZ",20204,2x2,943,1503,09/09/2024,False
La Reserve Villas,"Tucson, AZ",20204,2x2,943,1499,09/10/2024,False
La Reserve Villas,"Tucson, AZ",20204,2x2,943,1450,09/11/2024,False
La Reserve Villas,"Tucson, AZ",20204,2x2,943,1446,09/12/2024,False
La Reserve Villas,"Tucson, AZ",20204,2x2,943,1442,09/13/2024,False
La Reserve Villas,"Tucson, AZ",20204,2x2,943,1408,09/14/2024,False
La Reserve Villas,"Tucson, AZ",20204,2x2,943,1404,09/15/2024,False
La Reserve Villas,"Tucson, AZ",20204,2x2,943,1400,09/16/2024,False
La Reserve Villas,"Tucson, AZ",20204,2x2,943,1396,09/17/2024,False
La Reserve Villas,"Tucson, AZ",20204,2x2,943,1392,09/18/2024,False
La Reserve Villas,"Tucson, AZ",20204,2x2,943,1387,09/19/2024,False
La Reserve Villas,"Tucson, AZ",20204,2x2,943,1383,09/20/2024,False
La Reserve Villas,"Tucson, AZ",20204,2x2,943,1383,09/21/2024,False
La Reserve Villas,"Tucson, AZ",20204,2x2,943,1383,09/22/2024,False
La Reserve Villas,"Tucson, AZ",20204,2x2,943,1383,09/23/2024,False
La Reserve Villas,"Tucson, AZ",20204,2x2,943,1383,09/24/2024,False
La Reserve Villas,"Tucson, AZ",20204,2x2,943,1395,09/25/2024,False
La Reserve Villas,"Tucson, AZ",20204,2x2,943,1415,09/26/2024,False
La Reserve Villas,"Tucson, AZ",20204,2x2,943,1395,09/27/2024,False
La Reserve Villas,"Tucson, AZ",20204,2x2,943,1415,09/28/2024,False
La Reserve Villas,"Tucson, AZ",20204,2x2,943,1415,09/29/2024,False
La Reserve Villas,"Tucson, AZ",20204,2x2,943,1415,09/30/2024,False
La Reserve Villas,"Tucson, AZ",20204,2x2,943,1415,10/01/2024,False
La Reserve Villas,"Tucson, AZ",20204,2x2,943,1426,10/02/2024,False
La Reserve Villas,"Tucson, AZ",20204,2x2,943,1423,10/03/2024,False
La Reserve Villas,"Tucson, AZ",20204,2x2,943,1423,10/04/2024,False
La Reserve Villas,"Tucson, AZ",20204,2x2,943,1423,10/05/2024,False
La Reserve Villas,"Tucson, AZ",20204,2x2,943,1428,10/06/2024,False
La Reserve Villas,"Tucson, AZ",20204,2x2,943,1435,10/07/2024,False
La Reserve Villas,"Tucson, AZ",20204,2x2,943,1444,10/08/2024,False
La Reserve Villas,"Tucson, AZ",20204,2x2,943,1445,10/09/2024,False
La Reserve Villas,"Tucson, AZ",20204,2x2,943,1445,10/10/2024,False
La Reserve Villas,"Tucson, AZ",20204,2x2,943,1445,10/11/2024,False
La Reserve Villas,"Tucson, AZ",20204,2x2,943,1445,10/12/2024,False
La Reserve Villas,"Tucson, AZ",20204,2x2,943,1445,10/13/2024,False
La Reserve Villas,"Tucson, AZ",20204,2x2,943,1445,10/14/2024,False
La Reserve Villas,"Tucson, AZ",20204,2x2,943,1435,10/15/2024,False
La Reserve Villas,"Tucson, AZ",20204,2x2,943,1435,10/16/2024,False
La Reserve Villas,"Tucson, AZ",20204,2x2,943,1435,10/17/2024,False
La Reserve Villas,"Tucson, AZ",20204,2x2,943,1435,10/18/2024,False
La Reserve Villas,"Tucson, AZ",20204,2x2,943,1426,10/19/2024,False
La Reserve Villas,"Tucson, AZ",20204,2x2,943,1426,10/20/2024,False
La Reserve Villas,"Tucson, AZ",20204,2x2,943,1426,10/21/2024,False
La Reserve Villas,"Tucson, AZ",20204,2x2,943,1431,10/22/2024,False
La Reserve Villas,"Tucson, AZ",20204,2x2,943,1431,10/23/2024,False
La Reserve Villas,"Tucson, AZ",20204,2x2,943,1431,10/24/2024,False
La Reserve Villas,"Tucson, AZ",20204,2x2,943,1423,10/25/2024,False
La Reserve Villas,"Tucson, AZ",20204,2x2,943,1432,10/26/2024,False
La Reserve Villas,"Tucson, AZ",20204,2x2,943,1423,10/27/2024,False
La Reserve Villas,"Tucson, AZ",20204,2x2,943,1423,10/28/2024,False
La Reserve Villas,"Tucson, AZ",20204,2x2,943,1423,10/29/2024,False
La Reserve Villas,"Tucson, AZ",20204,2x2,943,1423,10/30/2024,False
La Reserve Villas,"Tucson, AZ",20204,2x2,943,1423,10/31/2024,False
La Reserve Villas,"Tucson, AZ",20204,2x2,943,1423,11/01/2024,False
La Reserve Villas,"Tucson, AZ",20204,2x2,943,1437,11/02/2024,False
La Reserve Villas,"Tucson, AZ",20204,2x2,943,1437,11/03/2024,False
La Reserve Villas,"Tucson, AZ",20204,2x2,943,1432,11/04/2024,False
La Reserve Villas,"Tucson, AZ",20204,2x2,943,1437,11/05/2024,False
La Reserve Villas,"Tucson, AZ",20204,2x2,943,1409,11/06/2024,False
La Reserve Villas,"Tucson, AZ",20204,2x2,943,1418,11/07/2024,False
La Reserve Villas,"Tucson, AZ",20204,2x2,943,1402,11/08/2024,False
La Reserve Villas,"Tucson, AZ",20204,2x2,943,1402,11/09/2024,False
La Reserve Villas,"Tucson, AZ",20204,2x2,943,1402,11/10/2024,False
La Reserve Villas,"Tucson, AZ",20204,2x2,943,1402,11/11/2024,True
La Reserve Villas,"Tucson, AZ",20204,2x2,943,1490,04/04/2025,False
La Reserve Villas,"Tucson, AZ",20204,2x2,943,1490,04/05/2025,False
La Reserve Villas,"Tucson, AZ",20204,2x2,943,1490,04/06/2025,False
La Reserve Villas,"Tucson, AZ",20204,2x2,943,1490,04/07/2025,False
La Reserve Villas,"Tucson, AZ",20204,2x2,943,1490,04/08/2025,False
La Reserve Villas,"Tucson, AZ",20204,2x2,943,1490,04/09/2025,False
La Reserve Villas,"Tucson, AZ",20204,2x2,943,1490,04/10/2025,True
La Reserve Villas,"Tucson, AZ",20205,2x2,943,1621,03/06/2024,False
La Reserve Villas,"Tucson, AZ",20205,2x2,943,1629,03/07/2024,False
La Reserve Villas,"Tucson, AZ",20205,2x2,943,1629,03/08/2024,False
La Reserve Villas,"Tucson, AZ",20205,2x2,943,1629,03/09/2024,False
La Reserve Villas,"Tucson, AZ",20205,2x2,943,1629,03/10/2024,False
La Reserve Villas,"Tucson, AZ",20205,2x2,943,1629,03/11/2024,False
La Reserve Villas,"Tucson, AZ",20205,2x2,943,1629,03/12/2024,False
La Reserve Villas,"Tucson, AZ",20205,2x2,943,1629,03/13/2024,False
La Reserve Villas,"Tucson, AZ",20205,2x2,943,1551,03/14/2024,False
La Reserve Villas,"Tucson, AZ",20205,2x2,943,1551,03/15/2024,False
La Reserve Villas,"Tucson, AZ",20205,2x2,943,1626,03/16/2024,False
La Reserve Villas,"Tucson, AZ",20205,2x2,943,1626,03/17/2024,False
La Reserve Villas,"Tucson, AZ",20205,2x2,943,1626,03/18/2024,False
La Reserve Villas,"Tucson, AZ",20205,2x2,943,1626,03/19/2024,False
La Reserve Villas,"Tucson, AZ",20205,2x2,943,1566,03/20/2024,False
La Reserve Villas,"Tucson, AZ",20205,2x2,943,1641,03/21/2024,False
La Reserve Villas,"Tucson, AZ",20205,2x2,943,1641,03/22/2024,False
La Reserve Villas,"Tucson, AZ",20205,2x2,943,1641,03/23/2024,False
La Reserve Villas,"Tucson, AZ",20205,2x2,943,1696,03/24/2024,False
La Reserve Villas,"Tucson, AZ",20205,2x2,943,1696,03/25/2024,False
La Reserve Villas,"Tucson, AZ",20205,2x2,943,1696,03/26/2024,False
La Reserve Villas,"Tucson, AZ",20205,2x2,943,1696,03/27/2024,False
La Reserve Villas,"Tucson, AZ",20205,2x2,943,1696,03/28/2024,False
La Reserve Villas,"Tucson, AZ",20205,2x2,943,1696,03/29/2024,False
La Reserve Villas,"Tucson, AZ",20205,2x2,943,1696,03/30/2024,False
La Reserve Villas,"Tucson, AZ",20205,2x2,943,1696,03/31/2024,False
La Reserve Villas,"Tucson, AZ",20205,2x2,943,1696,04/01/2024,False
La Reserve Villas,"Tucson, AZ",20205,2x2,943,1696,04/02/2024,False
La Reserve Villas,"Tucson, AZ",20205,2x2,943,1695,04/03/2024,False
La Reserve Villas,"Tucson, AZ",20205,2x2,943,1695,04/04/2024,False
La Reserve Villas,"Tucson, AZ",20205,2x2,943,1695,04/05/2024,False
La Reserve Villas,"Tucson, AZ",20205,2x2,943,1613,04/06/2024,False
La Reserve Villas,"Tucson, AZ",20205,2x2,943,1615,04/07/2024,False
La Reserve Villas,"Tucson, AZ",20205,2x2,943,1615,04/08/2024,False
La Reserve Villas,"Tucson, AZ",20205,2x2,943,1615,04/09/2024,False
La Reserve Villas,"Tucson, AZ",20205,2x2,943,1615,04/10/2024,False
La Reserve Villas,"Tucson, AZ",20205,2x2,943,1630,04/11/2024,False
La Reserve Villas,"Tucson, AZ",20205,2x2,943,1603,04/12/2024,False
La Reserve Villas,"Tucson, AZ",20205,2x2,943,1603,04/13/2024,False
La Reserve Villas,"Tucson, AZ",20205,2x2,943,1603,04/14/2024,False
La Reserve Villas,"Tucson, AZ",20205,2x2,943,1603,04/15/2024,False
La Reserve Villas,"Tucson, AZ",20205,2x2,943,1603,04/16/2024,False
La Reserve Villas,"Tucson, AZ",20205,2x2,943,1525,04/17/2024,False
La Reserve Villas,"Tucson, AZ",20205,2x2,943,1529,04/18/2024,False
La Reserve Villas,"Tucson, AZ",20205,2x2,943,1573,04/19/2024,False
La Reserve Villas,"Tucson, AZ",20205,2x2,943,1573,04/20/2024,False
La Reserve Villas,"Tucson, AZ",20205,2x2,943,1573,04/21/2024,False
La Reserve Villas,"Tucson, AZ",20205,2x2,943,1573,04/22/2024,False
La Reserve Villas,"Tucson, AZ",20205,2x2,943,1496,04/23/2024,False
La Reserve Villas,"Tucson, AZ",20205,2x2,943,1551,04/24/2024,False
La Reserve Villas,"Tucson, AZ",20205,2x2,943,1551,04/25/2024,True
La Reserve Villas,"Tucson, AZ",20206,2x2,957,1665,11/30/2023,False
La Reserve Villas,"Tucson, AZ",20206,2x2,957,1665,12/01/2023,False
La Reserve Villas,"Tucson, AZ",20206,2x2,957,1665,12/02/2023,False
La Reserve Villas,"Tucson, AZ",20206,2x2,957,1665,12/03/2023,False
La Reserve Villas,"Tucson, AZ",20206,2x2,957,1665,12/04/2023,False
La Reserve Villas,"Tucson, AZ",20206,2x2,957,1695,12/05/2023,False
La Reserve Villas,"Tucson, AZ",20206,2x2,957,1695,12/06/2023,False
La Reserve Villas,"Tucson, AZ",20206,2x2,957,1695,12/07/2023,False
La Reserve Villas,"Tucson, AZ",20206,2x2,957,1695,12/08/2023,False
La Reserve Villas,"Tucson, AZ",20206,2x2,957,1695,12/09/2023,False
La Reserve Villas,"Tucson, AZ",20206,2x2,957,1695,12/10/2023,False
La Reserve Villas,"Tucson, AZ",20206,2x2,957,1695,12/11/2023,False
La Reserve Villas,"Tucson, AZ",20206,2x2,957,1695,12/12/2023,False
La Reserve Villas,"Tucson, AZ",20206,2x2,957,1695,12/13/2023,False
La Reserve Villas,"Tucson, AZ",20206,2x2,957,1695,12/14/2023,False
La Reserve Villas,"Tucson, AZ",20206,2x2,957,1695,12/15/2023,False
La Reserve Villas,"Tucson, AZ",20206,2x2,957,1695,12/16/2023,False
La Reserve Villas,"Tucson, AZ",20206,2x2,957,1695,12/17/2023,False
La Reserve Villas,"Tucson, AZ",20206,2x2,957,1695,12/18/2023,False
La Reserve Villas,"Tucson, AZ",20206,2x2,957,1695,12/19/2023,False
La Reserve Villas,"Tucson, AZ",20206,2x2,957,1695,12/20/2023,False
La Reserve Villas,"Tucson, AZ",20206,2x2,957,1695,12/21/2023,False
La Reserve Villas,"Tucson, AZ",20206,2x2,957,1695,12/22/2023,False
La Reserve Villas,"Tucson, AZ",20206,2x2,957,1695,12/23/2023,False
La Reserve Villas,"Tucson, AZ",20206,2x2,957,1695,12/24/2023,False
La Reserve Villas,"Tucson, AZ",20206,2x2,957,1695,12/25/2023,False
La Reserve Villas,"Tucson, AZ",20206,2x2,957,1695,12/26/2023,False
La Reserve Villas,"Tucson, AZ",20206,2x2,957,1695,12/27/2023,False
La Reserve Villas,"Tucson, AZ",20206,2x2,957,1695,12/28/2023,False
La Reserve Villas,"Tucson, AZ",20206,2x2,957,1695,12/29/2023,False
La Reserve Villas,"Tucson, AZ",20206,2x2,957,1695,12/30/2023,False
La Reserve Villas,"Tucson, AZ",20206,2x2,957,1695,12/31/2023,False
La Reserve Villas,"Tucson, AZ",20206,2x2,957,1695,01/01/2024,False
La Reserve Villas,"Tucson, AZ",20206,2x2,957,1695,01/02/2024,False
La Reserve Villas,"Tucson, AZ",20206,2x2,957,1695,01/03/2024,False
La Reserve Villas,"Tucson, AZ",20206,2x2,957,1695,01/04/2024,False
La Reserve Villas,"Tucson, AZ",20206,2x2,957,1695,01/05/2024,False
La Reserve Villas,"Tucson, AZ",20206,2x2,957,1695,01/06/2024,False
La Reserve Villas,"Tucson, AZ",20206,2x2,957,1695,01/07/2024,False
La Reserve Villas,"Tucson, AZ",20206,2x2,957,1695,01/08/2024,False
La Reserve Villas,"Tucson, AZ",20206,2x2,957,1695,01/09/2024,False
La Reserve Villas,"Tucson, AZ",20206,2x2,957,1695,01/10/2024,False
La Reserve Villas,"Tucson, AZ",20206,2x2,957,1695,01/11/2024,False
La Reserve Villas,"Tucson, AZ",20206,2x2,957,1695,01/12/2024,False
La Reserve Villas,"Tucson, AZ",20206,2x2,957,1695,01/13/2024,False
La Reserve Villas,"Tucson, AZ",20206,2x2,957,1695,01/14/2024,False
La Reserve Villas,"Tucson, AZ",20206,2x2,957,1695,01/15/2024,False
La Reserve Villas,"Tucson, AZ",20206,2x2,957,1695,01/16/2024,False
La Reserve Villas,"Tucson, AZ",20206,2x2,957,1695,01/17/2024,False
La Reserve Villas,"Tucson, AZ",20206,2x2,957,1695,01/18/2024,False
La Reserve Villas,"Tucson, AZ",20206,2x2,957,1695,01/19/2024,False
La Reserve Villas,"Tucson, AZ",20206,2x2,957,1691,01/20/2024,False
La Reserve Villas,"Tucson, AZ",20206,2x2,957,1691,01/21/2024,False
La Reserve Villas,"Tucson, AZ",20206,2x2,957,1691,01/22/2024,False
La Reserve Villas,"Tucson, AZ",20206,2x2,957,1691,01/23/2024,False
La Reserve Villas,"Tucson, AZ",20206,2x2,957,1691,01/24/2024,False
La Reserve Villas,"Tucson, AZ",20206,2x2,957,1691,01/25/2024,False
La Reserve Villas,"Tucson, AZ",20206,2x2,957,1691,01/26/2024,False
La Reserve Villas,"Tucson, AZ",20206,2x2,957,1691,01/27/2024,False
La Reserve Villas,"Tucson, AZ",20206,2x2,957,1691,01/28/2024,False
La Reserve Villas,"Tucson, AZ",20206,2x2,957,1691,01/29/2024,False
La Reserve Villas,"Tucson, AZ",20206,2x2,957,1691,01/30/2024,False
La Reserve Villas,"Tucson, AZ",20206,2x2,957,1691,01/31/2024,False
La Reserve Villas,"Tucson, AZ",20206,2x2,957,1691,02/01/2024,False
La Reserve Villas,"Tucson, AZ",20206,2x2,957,1691,02/02/2024,False
La Reserve Villas,"Tucson, AZ",20206,2x2,957,1675,02/03/2024,False
La Reserve Villas,"Tucson, AZ",20206,2x2,957,1675,02/04/2024,False
La Reserve Villas,"Tucson, AZ",20206,2x2,957,1675,02/05/2024,False
La Reserve Villas,"Tucson, AZ",20206,2x2,957,1657,02/06/2024,False
La Reserve Villas,"Tucson, AZ",20206,2x2,957,1657,02/07/2024,False
La Reserve Villas,"Tucson, AZ",20206,2x2,957,1657,02/08/2024,False
La Reserve Villas,"Tucson, AZ",20206,2x2,957,1657,02/09/2024,False
La Reserve Villas,"Tucson, AZ",20206,2x2,957,1657,02/10/2024,False
La Reserve Villas,"Tucson, AZ",20206,2x2,957,1657,02/11/2024,False
La Reserve Villas,"Tucson, AZ",20206,2x2,957,1657,02/12/2024,False
La Reserve Villas,"Tucson, AZ",20206,2x2,957,1657,02/13/2024,False
La Reserve Villas,"Tucson, AZ",20206,2x2,957,1632,02/14/2024,False
La Reserve Villas,"Tucson, AZ",20206,2x2,957,1632,02/15/2024,False
La Reserve Villas,"Tucson, AZ",20206,2x2,957,1632,02/16/2024,False
La Reserve Villas,"Tucson, AZ",20206,2x2,957,1632,02/17/2024,False
La Reserve Villas,"Tucson, AZ",20206,2x2,957,1582,02/18/2024,False
La Reserve Villas,"Tucson, AZ",20206,2x2,957,1582,02/19/2024,False
La Reserve Villas,"Tucson, AZ",20206,2x2,957,1582,02/20/2024,False
La Reserve Villas,"Tucson, AZ",20206,2x2,957,1582,02/21/2024,False
La Reserve Villas,"Tucson, AZ",20206,2x2,957,1582,02/22/2024,False
La Reserve Villas,"Tucson, AZ",20206,2x2,957,1606,02/23/2024,False
La Reserve Villas,"Tucson, AZ",20206,2x2,957,1606,02/24/2024,False
La Reserve Villas,"Tucson, AZ",20206,2x2,957,1606,02/25/2024,False
La Reserve Villas,"Tucson, AZ",20206,2x2,957,1606,02/26/2024,False
La Reserve Villas,"Tucson, AZ",20206,2x2,957,1606,02/27/2024,False
La Reserve Villas,"Tucson, AZ",20206,2x2,957,1606,02/28/2024,False
La Reserve Villas,"Tucson, AZ",20206,2x2,957,1606,02/29/2024,True
La Reserve Villas,"Tucson, AZ",20206,2x2,957,1579,07/19/2024,False
La Reserve Villas,"Tucson, AZ",20206,2x2,957,1579,07/20/2024,False
La Reserve Villas,"Tucson, AZ",20206,2x2,957,1579,07/21/2024,False
La Reserve Villas,"Tucson, AZ",20206,2x2,957,1579,07/22/2024,False
La Reserve Villas,"Tucson, AZ",20206,2x2,957,1579,07/23/2024,False
La Reserve Villas,"Tucson, AZ",20206,2x2,957,1579,07/24/2024,False
La Reserve Villas,"Tucson, AZ",20206,2x2,957,1533,07/25/2024,False
La Reserve Villas,"Tucson, AZ",20206,2x2,957,1533,07/26/2024,False
La Reserve Villas,"Tucson, AZ",20206,2x2,957,1533,07/27/2024,False
La Reserve Villas,"Tucson, AZ",20206,2x2,957,1533,07/28/2024,False
La Reserve Villas,"Tucson, AZ",20206,2x2,957,1579,07/29/2024,False
La Reserve Villas,"Tucson, AZ",20206,2x2,957,1571,07/30/2024,False
La Reserve Villas,"Tucson, AZ",20206,2x2,957,1571,07/31/2024,False
La Reserve Villas,"Tucson, AZ",20206,2x2,957,1571,08/01/2024,False
La Reserve Villas,"Tucson, AZ",20206,2x2,957,1580,08/02/2024,False
La Reserve Villas,"Tucson, AZ",20206,2x2,957,1580,08/03/2024,False
La Reserve Villas,"Tucson, AZ",20206,2x2,957,1580,08/04/2024,False
La Reserve Villas,"Tucson, AZ",20206,2x2,957,1580,08/05/2024,False
La Reserve Villas,"Tucson, AZ",20206,2x2,957,1596,08/06/2024,False
La Reserve Villas,"Tucson, AZ",20206,2x2,957,1615,08/07/2024,False
La Reserve Villas,"Tucson, AZ",20206,2x2,957,1615,08/08/2024,False
La Reserve Villas,"Tucson, AZ",20206,2x2,957,1615,08/09/2024,False
La Reserve Villas,"Tucson, AZ",20206,2x2,957,1580,08/10/2024,False
La Reserve Villas,"Tucson, AZ",20206,2x2,957,1580,08/11/2024,False
La Reserve Villas,"Tucson, AZ",20206,2x2,957,1580,08/12/2024,False
La Reserve Villas,"Tucson, AZ",20206,2x2,957,1580,08/13/2024,False
La Reserve Villas,"Tucson, AZ",20206,2x2,957,1580,08/14/2024,False
La Reserve Villas,"Tucson, AZ",20206,2x2,957,1580,08/15/2024,False
La Reserve Villas,"Tucson, AZ",20206,2x2,957,1580,08/16/2024,False
La Reserve Villas,"Tucson, AZ",20206,2x2,957,1554,08/17/2024,False
La Reserve Villas,"Tucson, AZ",20206,2x2,957,1554,08/18/2024,False
La Reserve Villas,"Tucson, AZ",20206,2x2,957,1554,08/19/2024,False
La Reserve Villas,"Tucson, AZ",20206,2x2,957,1554,08/20/2024,False
La Reserve Villas,"Tucson, AZ",20206,2x2,957,1554,08/21/2024,False
La Reserve Villas,"Tucson, AZ",20206,2x2,957,1579,08/22/2024,False
La Reserve Villas,"Tucson, AZ",20206,2x2,957,1579,08/23/2024,False
La Reserve Villas,"Tucson, AZ",20206,2x2,957,1579,08/24/2024,False
La Reserve Villas,"Tucson, AZ",20206,2x2,957,1579,08/25/2024,False
La Reserve Villas,"Tucson, AZ",20206,2x2,957,1579,08/26/2024,False
La Reserve Villas,"Tucson, AZ",20206,2x2,957,1563,08/27/2024,False
La Reserve Villas,"Tucson, AZ",20206,2x2,957,1625,08/28/2024,False
La Reserve Villas,"Tucson, AZ",20206,2x2,957,1574,08/29/2024,False
La Reserve Villas,"Tucson, AZ",20206,2x2,957,1574,08/30/2024,False
La Reserve Villas,"Tucson, AZ",20206,2x2,957,1574,08/31/2024,False
La Reserve Villas,"Tucson, AZ",20206,2x2,957,1574,09/01/2024,False
La Reserve Villas,"Tucson, AZ",20206,2x2,957,1574,09/02/2024,False
La Reserve Villas,"Tucson, AZ",20206,2x2,957,1554,09/03/2024,False
La Reserve Villas,"Tucson, AZ",20206,2x2,957,1629,09/04/2024,False
La Reserve Villas,"Tucson, AZ",20206,2x2,957,1632,09/05/2024,False
La Reserve Villas,"Tucson, AZ",20206,2x2,957,1632,09/06/2024,False
La Reserve Villas,"Tucson, AZ",20206,2x2,957,1632,09/07/2024,False
La Reserve Villas,"Tucson, AZ",20206,2x2,957,1632,09/08/2024,False
La Reserve Villas,"Tucson, AZ",20206,2x2,957,1632,09/09/2024,False
La Reserve Villas,"Tucson, AZ",20206,2x2,957,1632,09/10/2024,False
La Reserve Villas,"Tucson, AZ",20206,2x2,957,1598,09/11/2024,False
La Reserve Villas,"Tucson, AZ",20206,2x2,957,1598,09/12/2024,False
La Reserve Villas,"Tucson, AZ",20206,2x2,957,1598,09/13/2024,False
La Reserve Villas,"Tucson, AZ",20206,2x2,957,1567,09/14/2024,False
La Reserve Villas,"Tucson, AZ",20206,2x2,957,1567,09/15/2024,False
La Reserve Villas,"Tucson, AZ",20206,2x2,957,1567,09/16/2024,False
La Reserve Villas,"Tucson, AZ",20206,2x2,957,1567,09/17/2024,False
La Reserve Villas,"Tucson, AZ",20206,2x2,957,1567,09/18/2024,False
La Reserve Villas,"Tucson, AZ",20206,2x2,957,1567,09/19/2024,False
La Reserve Villas,"Tucson, AZ",20206,2x2,957,1567,09/20/2024,False
La Reserve Villas,"Tucson, AZ",20206,2x2,957,1567,09/21/2024,False
La Reserve Villas,"Tucson, AZ",20206,2x2,957,1567,09/22/2024,False
La Reserve Villas,"Tucson, AZ",20206,2x2,957,1567,09/23/2024,False
La Reserve Villas,"Tucson, AZ",20206,2x2,957,1567,09/24/2024,False
La Reserve Villas,"Tucson, AZ",20206,2x2,957,1580,09/25/2024,False
La Reserve Villas,"Tucson, AZ",20206,2x2,957,1602,09/26/2024,False
La Reserve Villas,"Tucson, AZ",20206,2x2,957,1580,09/27/2024,False
La Reserve Villas,"Tucson, AZ",20206,2x2,957,1602,09/28/2024,False
La Reserve Villas,"Tucson, AZ",20206,2x2,957,1602,09/29/2024,False
La Reserve Villas,"Tucson, AZ",20206,2x2,957,1602,09/30/2024,False
La Reserve Villas,"Tucson, AZ",20206,2x2,957,1602,10/01/2024,False
La Reserve Villas,"Tucson, AZ",20206,2x2,957,1614,10/02/2024,False
La Reserve Villas,"Tucson, AZ",20206,2x2,957,1609,10/03/2024,False
La Reserve Villas,"Tucson, AZ",20206,2x2,957,1609,10/04/2024,False
La Reserve Villas,"Tucson, AZ",20206,2x2,957,1609,10/05/2024,False
La Reserve Villas,"Tucson, AZ",20206,2x2,957,1602,10/06/2024,False
La Reserve Villas,"Tucson, AZ",20206,2x2,957,1609,10/07/2024,False
La Reserve Villas,"Tucson, AZ",20206,2x2,957,1615,10/08/2024,False
La Reserve Villas,"Tucson, AZ",20206,2x2,957,1615,10/09/2024,True
