property,date,avg_rent_per_sqft,net_leased,rev_pasf,rev_pasf_rank,year_month,quarter
Cortland Inkwell Greenhouse,2023-09-30,1.674805770762739,0.9069767441860466,1.5190098851103913,1.0,2023-09,Q3 2023
Cortland Inkwell Greenhouse,2023-10-01,1.674805770762739,0.9102990033222591,1.5245740238836893,1.0,2023-10,Q4 2023
Cortland Inkwell Greenhouse,2023-10-02,1.674805770762739,0.9102990033222591,1.5245740238836893,1.0,2023-10,Q4 2023
Cortland Inkwell Greenhouse,2023-10-03,1.674805770762739,0.9102990033222591,1.5245740238836893,1.0,2023-10,Q4 2023
Cortland Inkwell Greenhouse,2023-10-04,1.6761401594686158,0.9069767441860466,1.520220144634326,1.0,2023-10,Q4 2023
Cortland Inkwell Greenhouse,2023-10-05,1.6761401594686158,0.9136212624584718,1.531357288551061,1.0,2023-10,Q4 2023
Cortland Inkwell Greenhouse,2023-10-06,1.6761401594686158,0.9069767441860466,1.520220144634326,1.0,2023-10,Q4 2023
Cortland Inkwell Greenhouse,2023-10-07,1.6786089630545151,0.9036544850498339,1.5168825181090635,1.0,2023-10,Q4 2023
Cortland Inkwell Greenhouse,2023-10-08,1.6786089630545151,0.9069767441860466,1.5224592920726998,1.0,2023-10,Q4 2023
Cortland Inkwell Greenhouse,2023-10-09,1.6806021773646411,0.9069767441860466,1.524267091098163,1.0,2023-10,Q4 2023
Cortland Inkwell Greenhouse,2023-10-10,1.6806021773646411,0.9102990033222591,1.5298504870362513,1.0,2023-10,Q4 2023
Cortland Inkwell Greenhouse,2023-10-11,1.6823702758372046,0.9069767441860466,1.5258707152942088,1.0,2023-10,Q4 2023
Cortland Inkwell Greenhouse,2023-10-12,1.6823702758372046,0.9169435215946844,1.5426385253523869,1.0,2023-10,Q4 2023
Cortland Inkwell Greenhouse,2023-10-13,1.6823702758372046,0.9169435215946844,1.5426385253523869,1.0,2023-10,Q4 2023
Cortland Inkwell Greenhouse,2023-10-14,1.6823702758372046,0.9169435215946844,1.5426385253523869,1.0,2023-10,Q4 2023
Cortland Inkwell Greenhouse,2023-10-15,1.6823702758372046,0.9169435215946844,1.5426385253523869,1.0,2023-10,Q4 2023
Cortland Inkwell Greenhouse,2023-10-16,1.6823702758372046,0.9169435215946844,1.5426385253523869,1.0,2023-10,Q4 2023
Cortland Inkwell Greenhouse,2023-10-17,1.6823702758372046,0.9069767441860466,1.5258707152942088,1.0,2023-10,Q4 2023
Cortland Inkwell Greenhouse,2023-10-18,1.6823702758372046,0.9069767441860466,1.5258707152942088,1.0,2023-10,Q4 2023
Cortland Inkwell Greenhouse,2023-10-19,1.6823702758372046,0.9069767441860466,1.5258707152942088,1.0,2023-10,Q4 2023
Cortland Inkwell Greenhouse,2023-10-20,1.6823702758372046,0.9069767441860466,1.5258707152942088,1.0,2023-10,Q4 2023
Cortland Inkwell Greenhouse,2023-10-21,1.679529741815987,0.9036544850498339,1.5177145839666062,1.0,2023-10,Q4 2023
Cortland Inkwell Greenhouse,2023-10-22,1.679529741815987,0.9069767441860466,1.5232944169958953,1.0,2023-10,Q4 2023
Cortland Inkwell Greenhouse,2023-10-23,1.679529741815987,0.9069767441860466,1.5232944169958953,1.0,2023-10,Q4 2023
Cortland Inkwell Greenhouse,2023-10-24,1.6705775111706114,0.9036544850498339,1.509624860592712,1.0,2023-10,Q4 2023
Cortland Inkwell Greenhouse,2023-10-25,1.6627836711456778,0.9036544850498339,1.5025819220984198,1.0,2023-10,Q4 2023
Cortland Inkwell Greenhouse,2023-10-26,1.6627836711456778,0.9102990033222591,1.5136303185844375,1.0,2023-10,Q4 2023
Cortland Inkwell Greenhouse,2023-10-27,1.6627836711456778,0.9102990033222591,1.5136303185844375,1.0,2023-10,Q4 2023
Cortland Inkwell Greenhouse,2023-10-28,1.6627836711456778,0.9102990033222591,1.5136303185844375,1.0,2023-10,Q4 2023
Cortland Inkwell Greenhouse,2023-10-29,1.6627836711456778,0.9102990033222591,1.5136303185844375,1.0,2023-10,Q4 2023
Cortland Inkwell Greenhouse,2023-10-30,1.6627836711456778,0.9102990033222591,1.5136303185844375,1.0,2023-10,Q4 2023
Cortland Inkwell Greenhouse,2023-10-31,1.6627836711456778,0.9102990033222591,1.5136303185844375,1.0,2023-10,Q4 2023
Cortland Inkwell Greenhouse,2023-11-01,1.6627836711456778,0.9102990033222591,1.5136303185844375,1.0,2023-11,Q4 2023
Cortland Inkwell Greenhouse,2023-11-02,1.6627836711456778,0.9102990033222591,1.5136303185844375,1.0,2023-11,Q4 2023
Cortland Inkwell Greenhouse,2023-11-03,1.6627836711456778,0.9102990033222591,1.5136303185844375,1.0,2023-11,Q4 2023
Cortland Inkwell Greenhouse,2023-11-04,1.6662129193517679,0.9102990033222591,1.516751959808586,1.0,2023-11,Q4 2023
Cortland Inkwell Greenhouse,2023-11-05,1.6662129193517679,0.9136212624584718,1.522287550902778,1.0,2023-11,Q4 2023
Cortland Inkwell Greenhouse,2023-11-06,1.6662129193517679,0.9136212624584718,1.522287550902778,1.0,2023-11,Q4 2023
Cortland Inkwell Greenhouse,2023-11-07,1.6629633342503927,0.9136212624584718,1.5193186608599933,1.0,2023-11,Q4 2023
Cortland Inkwell Greenhouse,2023-11-08,1.6662519445783361,0.920265780730897,1.5333946466717578,1.0,2023-11,Q4 2023
Cortland Inkwell Greenhouse,2023-11-09,1.6614472570903531,0.9235880398671097,1.534492815518665,1.0,2023-11,Q4 2023
Cortland Inkwell Greenhouse,2023-11-10,1.6614472570903531,0.9269102990033222,1.5400125738478687,1.0,2023-11,Q4 2023
Cortland Inkwell Greenhouse,2023-11-11,1.6614472570903531,0.9269102990033222,1.5400125738478687,1.0,2023-11,Q4 2023
Cortland Inkwell Greenhouse,2023-11-12,1.6648180630657652,0.920265780730897,1.5320750945821162,1.0,2023-11,Q4 2023
Cortland Inkwell Greenhouse,2023-11-13,1.6648180630657652,0.9235880398671097,1.5376060516022683,1.0,2023-11,Q4 2023
Cortland Inkwell Greenhouse,2023-11-14,1.6624208330255628,0.920265780730897,1.5298690058075777,1.0,2023-11,Q4 2023
Cortland Inkwell Greenhouse,2023-11-15,1.6557137999893754,0.9235880398671097,1.5291974631131109,1.0,2023-11,Q4 2023
Cortland Inkwell Greenhouse,2023-11-16,1.6557137999893754,0.9235880398671097,1.5291974631131109,1.0,2023-11,Q4 2023
Cortland Inkwell Greenhouse,2023-11-17,1.6538898569213143,0.9235880398671097,1.527512891110051,1.0,2023-11,Q4 2023
Cortland Inkwell Greenhouse,2023-11-18,1.6538898569213143,0.9269102990033222,1.5330075417974973,1.0,2023-11,Q4 2023
Cortland Inkwell Greenhouse,2023-11-19,1.6538898569213143,0.9269102990033222,1.5330075417974973,1.0,2023-11,Q4 2023
Cortland Inkwell Greenhouse,2023-11-20,1.6538898569213143,0.9269102990033222,1.5330075417974973,1.0,2023-11,Q4 2023
Cortland Inkwell Greenhouse,2023-11-21,1.6563118210848968,0.9269102990033222,1.5352524853245388,1.0,2023-11,Q4 2023
Cortland Inkwell Greenhouse,2023-11-22,1.6563118210848968,0.9335548172757475,1.5462578794845714,1.0,2023-11,Q4 2023
Cortland Inkwell Greenhouse,2023-11-23,1.6563118210848968,0.9335548172757475,1.5462578794845714,1.0,2023-11,Q4 2023
Cortland Inkwell Greenhouse,2023-11-24,1.6563118210848968,0.9335548172757475,1.5462578794845714,1.0,2023-11,Q4 2023
Cortland Inkwell Greenhouse,2023-11-25,1.6563118210848968,0.9335548172757475,1.5462578794845714,1.0,2023-11,Q4 2023
Cortland Inkwell Greenhouse,2023-11-26,1.6563118210848968,0.9335548172757475,1.5462578794845714,1.0,2023-11,Q4 2023
Cortland Inkwell Greenhouse,2023-11-27,1.6563118210848968,0.9335548172757475,1.5462578794845714,1.0,2023-11,Q4 2023
Cortland Inkwell Greenhouse,2023-11-28,1.6533337241475476,0.9335548172757475,1.543477662742395,1.0,2023-11,Q4 2023
Cortland Inkwell Greenhouse,2023-11-29,1.6533337241475476,0.9368770764119602,1.5489704658126526,1.0,2023-11,Q4 2023
Cortland Inkwell Greenhouse,2023-11-30,1.6533337241475476,0.9335548172757475,1.543477662742395,1.0,2023-11,Q4 2023
Cortland Inkwell Greenhouse,2023-12-01,1.6533337241475476,0.9335548172757475,1.543477662742395,1.0,2023-12,Q4 2023
Cortland Inkwell Greenhouse,2023-12-02,1.6491322373437087,0.9335548172757475,1.5395553444969508,1.0,2023-12,Q4 2023
Cortland Inkwell Greenhouse,2023-12-03,1.6491322373437087,0.9368770764119602,1.5450341891392887,1.0,2023-12,Q4 2023
Cortland Inkwell Greenhouse,2023-12-04,1.6491322373437087,0.9335548172757475,1.5395553444969508,1.0,2023-12,Q4 2023
Cortland Inkwell Greenhouse,2023-12-05,1.6491322373437087,0.9335548172757475,1.5395553444969508,1.0,2023-12,Q4 2023
Cortland Inkwell Greenhouse,2023-12-06,1.6491322373437087,0.9335548172757475,1.5395553444969508,1.0,2023-12,Q4 2023
Cortland Inkwell Greenhouse,2023-12-07,1.6491322373437087,0.9335548172757475,1.5395553444969508,1.0,2023-12,Q4 2023
Cortland Inkwell Greenhouse,2023-12-08,1.6491322373437087,0.9335548172757475,1.5395553444969508,1.0,2023-12,Q4 2023
Cortland Inkwell Greenhouse,2023-12-09,1.6491322373437087,0.9302325581395349,1.5340764998546128,1.0,2023-12,Q4 2023
Cortland Inkwell Greenhouse,2023-12-10,1.6456120537062562,0.9302325581395349,1.5308019104244244,1.0,2023-12,Q4 2023
Cortland Inkwell Greenhouse,2023-12-11,1.6456120537062562,0.9335548172757475,1.5362690601045117,1.0,2023-12,Q4 2023
Cortland Inkwell Greenhouse,2023-12-12,1.6456120537062562,0.9302325581395349,1.5308019104244244,1.0,2023-12,Q4 2023
Cortland Inkwell Greenhouse,2023-12-13,1.6421939323109673,0.9269102990033222,1.5221664688198002,1.0,2023-12,Q4 2023
Cortland Inkwell Greenhouse,2023-12-14,1.6421939323109673,0.9302325581395349,1.5276222626148532,1.0,2023-12,Q4 2023
Cortland Inkwell Greenhouse,2023-12-15,1.6421939323109673,0.9302325581395349,1.5276222626148532,1.0,2023-12,Q4 2023
Cortland Inkwell Greenhouse,2023-12-16,1.638495527717948,0.9269102990033222,1.5187383795126495,1.0,2023-12,Q4 2023
Cortland Inkwell Greenhouse,2023-12-17,1.638495527717948,0.9302325581395349,1.524181886249254,1.0,2023-12,Q4 2023
Cortland Inkwell Greenhouse,2023-12-18,1.638495527717948,0.9302325581395349,1.524181886249254,1.0,2023-12,Q4 2023
Cortland Inkwell Greenhouse,2023-12-19,1.638495527717948,0.9302325581395349,1.524181886249254,1.0,2023-12,Q4 2023
Cortland Inkwell Greenhouse,2023-12-20,1.638495527717948,0.9302325581395349,1.524181886249254,1.0,2023-12,Q4 2023
Cortland Inkwell Greenhouse,2023-12-21,1.638495527717948,0.9302325581395349,1.524181886249254,1.0,2023-12,Q4 2023
Cortland Inkwell Greenhouse,2023-12-22,1.638495527717948,0.9302325581395349,1.524181886249254,1.0,2023-12,Q4 2023
Cortland Inkwell Greenhouse,2023-12-23,1.635708729238295,0.9269102990033222,1.5161552673006122,1.0,2023-12,Q4 2023
Cortland Inkwell Greenhouse,2023-12-24,1.635708729238295,0.9302325581395349,1.521589515570507,1.0,2023-12,Q4 2023
Cortland Inkwell Greenhouse,2023-12-25,1.635708729238295,0.9302325581395349,1.521589515570507,1.0,2023-12,Q4 2023
Cortland Inkwell Greenhouse,2023-12-26,1.635708729238295,0.9302325581395349,1.521589515570507,1.0,2023-12,Q4 2023
Cortland Inkwell Greenhouse,2023-12-27,1.635708729238295,0.9302325581395349,1.521589515570507,1.0,2023-12,Q4 2023
Cortland Inkwell Greenhouse,2023-12-28,1.635708729238295,0.9302325581395349,1.521589515570507,1.0,2023-12,Q4 2023
Cortland Inkwell Greenhouse,2023-12-29,1.635708729238295,0.9269102990033222,1.5161552673006122,1.0,2023-12,Q4 2023
Cortland Inkwell Greenhouse,2023-12-30,1.635708729238295,0.9235880398671097,1.5107210190307176,1.0,2023-12,Q4 2023
Cortland Inkwell Greenhouse,2023-12-31,1.635708729238295,0.9235880398671097,1.5107210190307176,1.0,2023-12,Q4 2023
Cortland Inkwell Greenhouse,2024-01-01,1.635708729238295,0.9235880398671097,1.5107210190307176,1.0,2024-01,Q1 2024
Cortland Inkwell Greenhouse,2024-01-02,1.635708729238295,0.9235880398671097,1.5107210190307176,1.0,2024-01,Q1 2024
Cortland Inkwell Greenhouse,2024-01-03,1.635708729238295,0.920265780730897,1.505286770760823,1.0,2024-01,Q1 2024
Cortland Inkwell Greenhouse,2024-01-04,1.635708729238295,0.920265780730897,1.505286770760823,1.0,2024-01,Q1 2024
Cortland Inkwell Greenhouse,2024-01-05,1.635708729238295,0.920265780730897,1.505286770760823,1.0,2024-01,Q1 2024
Cortland Inkwell Greenhouse,2024-01-06,1.638318619521136,0.9136212624584718,1.496802725476121,1.0,2024-01,Q1 2024
Cortland Inkwell Greenhouse,2024-01-07,1.638318619521136,0.920265780730897,1.5076885634795838,1.0,2024-01,Q1 2024
Cortland Inkwell Greenhouse,2024-01-08,1.638318619521136,0.920265780730897,1.5076885634795838,1.0,2024-01,Q1 2024
Cortland Inkwell Greenhouse,2024-01-09,1.628482552083811,0.9169435215946844,1.4932265261632287,1.0,2024-01,Q1 2024
Cortland Inkwell Greenhouse,2024-01-10,1.628482552083811,0.9235880398671097,1.5040470082368755,1.0,2024-01,Q1 2024
Cortland Inkwell Greenhouse,2024-01-11,1.628482552083811,0.9235880398671097,1.5040470082368755,1.0,2024-01,Q1 2024
Cortland Inkwell Greenhouse,2024-01-12,1.628482552083811,0.920265780730897,1.4986367672000522,1.0,2024-01,Q1 2024
Cortland Inkwell Greenhouse,2024-01-13,1.628482552083811,0.920265780730897,1.4986367672000522,1.0,2024-01,Q1 2024
Cortland Inkwell Greenhouse,2024-01-14,1.628482552083811,0.920265780730897,1.4986367672000522,1.0,2024-01,Q1 2024
Cortland Inkwell Greenhouse,2024-01-15,1.628482552083811,0.920265780730897,1.4986367672000522,1.0,2024-01,Q1 2024
Cortland Inkwell Greenhouse,2024-01-16,1.628482552083811,0.920265780730897,1.4986367672000522,1.0,2024-01,Q1 2024
Cortland Inkwell Greenhouse,2024-01-17,1.628482552083811,0.920265780730897,1.4986367672000522,1.0,2024-01,Q1 2024
Cortland Inkwell Greenhouse,2024-01-18,1.6279359980428523,0.9136212624584718,1.4873169417335028,1.0,2024-01,Q1 2024
Cortland Inkwell Greenhouse,2024-01-19,1.6250941436404773,0.9169435215946844,1.4901195469925972,1.0,2024-01,Q1 2024
Cortland Inkwell Greenhouse,2024-01-20,1.6270581864081477,0.920265780730897,1.4973259722094914,1.0,2024-01,Q1 2024
Cortland Inkwell Greenhouse,2024-01-21,1.6289854210158718,0.9235880398671097,1.5045114519681475,1.0,2024-01,Q1 2024
Cortland Inkwell Greenhouse,2024-01-22,1.6289854210158718,0.9269102990033222,1.5099233636658744,1.0,2024-01,Q1 2024
Cortland Inkwell Greenhouse,2024-01-23,1.6247741668978493,0.9235880398671097,1.5006219880319007,1.0,2024-01,Q1 2024
Cortland Inkwell Greenhouse,2024-01-24,1.6285908608297788,0.9235880398671097,1.504147040899264,1.0,2024-01,Q1 2024
Cortland Inkwell Greenhouse,2024-01-25,1.630236601010333,0.920265780730897,1.500250958404858,1.0,2024-01,Q1 2024
Cortland Inkwell Greenhouse,2024-01-26,1.630236601010333,0.9235880398671097,1.505667026846753,1.0,2024-01,Q1 2024
Cortland Inkwell Greenhouse,2024-01-27,1.630236601010333,0.920265780730897,1.500250958404858,1.0,2024-01,Q1 2024
Cortland Inkwell Greenhouse,2024-01-28,1.630236601010333,0.920265780730897,1.500250958404858,1.0,2024-01,Q1 2024
Cortland Inkwell Greenhouse,2024-01-29,1.629245235560584,0.920265780730897,1.4993386387052552,1.0,2024-01,Q1 2024
Cortland Inkwell Greenhouse,2024-01-30,1.629245235560584,0.920265780730897,1.4993386387052552,1.0,2024-01,Q1 2024
Cortland Inkwell Greenhouse,2024-01-31,1.6316830410213812,0.9169435215946844,1.496161193760469,1.0,2024-01,Q1 2024
Cortland Inkwell Greenhouse,2024-02-01,1.6316830410213812,0.920265780730897,1.5015820676509057,1.0,2024-02,Q1 2024
Cortland Inkwell Greenhouse,2024-02-02,1.6316830410213812,0.920265780730897,1.5015820676509057,1.0,2024-02,Q1 2024
Cortland Inkwell Greenhouse,2024-02-03,1.6361433281266686,0.9102990033222591,1.4893796408860704,1.0,2024-02,Q1 2024
Cortland Inkwell Greenhouse,2024-02-04,1.6385096817689688,0.9136212624584718,1.496977284008194,1.0,2024-02,Q1 2024
Cortland Inkwell Greenhouse,2024-02-05,1.6385096817689688,0.9169435215946844,1.502420837768224,1.0,2024-02,Q1 2024
Cortland Inkwell Greenhouse,2024-02-06,1.6346060415503172,0.9169435215946844,1.498841420159095,1.0,2024-02,Q1 2024
Cortland Inkwell Greenhouse,2024-02-07,1.6346060415503172,0.920265780730897,1.5042720050147438,1.0,2024-02,Q1 2024
Cortland Inkwell Greenhouse,2024-02-08,1.6346060415503172,0.920265780730897,1.5042720050147438,1.0,2024-02,Q1 2024
Cortland Inkwell Greenhouse,2024-02-09,1.6346060415503172,0.9169435215946844,1.498841420159095,1.0,2024-02,Q1 2024
Cortland Inkwell Greenhouse,2024-02-10,1.633832370362194,0.9102990033222591,1.4872759783363492,1.0,2024-02,Q1 2024
Cortland Inkwell Greenhouse,2024-02-11,1.6297321791181656,0.9136212624584718,1.4889579709551346,1.0,2024-02,Q1 2024
Cortland Inkwell Greenhouse,2024-02-12,1.6257345648634969,0.9069767441860466,1.4745034425506136,1.0,2024-02,Q1 2024
Cortland Inkwell Greenhouse,2024-02-13,1.6257345648634969,0.9102990033222591,1.479904554061788,1.0,2024-02,Q1 2024
Cortland Inkwell Greenhouse,2024-02-14,1.6257345648634969,0.9069767441860466,1.4745034425506136,1.0,2024-02,Q1 2024
Cortland Inkwell Greenhouse,2024-02-15,1.628788647942165,0.9036544850498339,1.4718621669111922,1.0,2024-02,Q1 2024
Cortland Inkwell Greenhouse,2024-02-16,1.628788647942165,0.9036544850498339,1.4718621669111922,1.0,2024-02,Q1 2024
Cortland Inkwell Greenhouse,2024-02-17,1.6326412349577697,0.9036544850498339,1.4753435744468884,1.0,2024-02,Q1 2024
Cortland Inkwell Greenhouse,2024-02-18,1.6326412349577697,0.9136212624584718,1.491615746223876,1.0,2024-02,Q1 2024
Cortland Inkwell Greenhouse,2024-02-19,1.6326412349577697,0.9136212624584718,1.491615746223876,1.0,2024-02,Q1 2024
Cortland Inkwell Greenhouse,2024-02-20,1.6333076676117322,0.9102990033222591,1.4867983419455635,1.0,2024-02,Q1 2024
Cortland Inkwell Greenhouse,2024-02-21,1.6332390752988757,0.9136212624584718,1.4921619458710658,1.0,2024-02,Q1 2024
Cortland Inkwell Greenhouse,2024-02-22,1.6353692654837833,0.9102990033222591,1.488675012433743,1.0,2024-02,Q1 2024
Cortland Inkwell Greenhouse,2024-02-23,1.6353692654837833,0.9102990033222591,1.488675012433743,1.0,2024-02,Q1 2024
Cortland Inkwell Greenhouse,2024-02-24,1.634576936336493,0.9069767441860466,1.4825232678400753,1.0,2024-02,Q1 2024
Cortland Inkwell Greenhouse,2024-02-25,1.634576936336493,0.9102990033222591,1.4879537560006615,1.0,2024-02,Q1 2024
Cortland Inkwell Greenhouse,2024-02-26,1.6359453241605757,0.9102990033222591,1.4891993980730822,1.0,2024-02,Q1 2024
Cortland Inkwell Greenhouse,2024-02-27,1.6336445308248513,0.9069767441860466,1.4816775977248653,1.0,2024-02,Q1 2024
Cortland Inkwell Greenhouse,2024-02-28,1.636362061656483,0.9102990033222591,1.4895787538002534,1.0,2024-02,Q1 2024
Cortland Inkwell Greenhouse,2024-02-29,1.636362061656483,0.9136212624584718,1.4950151726097436,1.0,2024-02,Q1 2024
Cortland Inkwell Greenhouse,2024-03-01,1.636362061656483,0.9136212624584718,1.4950151726097436,1.0,2024-03,Q1 2024
Cortland Inkwell Greenhouse,2024-03-02,1.636362061656483,0.9136212624584718,1.4950151726097436,1.0,2024-03,Q1 2024
Cortland Inkwell Greenhouse,2024-03-03,1.636362061656483,0.9036544850498339,1.4787059161812737,1.0,2024-03,Q1 2024
Cortland Inkwell Greenhouse,2024-03-04,1.636362061656483,0.9036544850498339,1.4787059161812737,1.0,2024-03,Q1 2024
Cortland Inkwell Greenhouse,2024-03-05,1.6298038477371832,0.893687707641196,1.4565356645890442,1.0,2024-03,Q1 2024
Cortland Inkwell Greenhouse,2024-03-06,1.6298038477371832,0.9036544850498339,1.4727795567591822,1.0,2024-03,Q1 2024
Cortland Inkwell Greenhouse,2024-03-07,1.6272687256229141,0.8970099667774086,1.4596762655089264,1.0,2024-03,Q1 2024
Cortland Inkwell Greenhouse,2024-03-08,1.6272687256229141,0.9036544850498339,1.470488682290474,1.0,2024-03,Q1 2024
Cortland Inkwell Greenhouse,2024-03-09,1.6272687256229141,0.9036544850498339,1.470488682290474,1.0,2024-03,Q1 2024
Cortland Inkwell Greenhouse,2024-03-10,1.6264716492574047,0.9036544850498339,1.4697684006578542,1.0,2024-03,Q1 2024
Cortland Inkwell Greenhouse,2024-03-11,1.6264716492574047,0.9102990033222591,1.4805755212509266,1.0,2024-03,Q1 2024
Cortland Inkwell Greenhouse,2024-03-12,1.6283034699687793,0.9069767441860466,1.4768333797391255,1.0,2024-03,Q1 2024
Cortland Inkwell Greenhouse,2024-03-13,1.6283034699687793,0.9102990033222591,1.4822430258187558,1.0,2024-03,Q1 2024
Cortland Inkwell Greenhouse,2024-03-14,1.6262559654897024,0.9102990033222591,1.4803791845321543,1.0,2024-03,Q1 2024
Cortland Inkwell Greenhouse,2024-03-15,1.6262559654897024,0.9136212624584718,1.4857820282713228,1.0,2024-03,Q1 2024
Cortland Inkwell Greenhouse,2024-03-16,1.6262559654897024,0.9102990033222591,1.4803791845321543,1.0,2024-03,Q1 2024
Cortland Inkwell Greenhouse,2024-03-17,1.6262559654897024,0.9102990033222591,1.4803791845321543,1.0,2024-03,Q1 2024
Cortland Inkwell Greenhouse,2024-03-18,1.6262559654897024,0.9102990033222591,1.4803791845321543,1.0,2024-03,Q1 2024
Cortland Inkwell Greenhouse,2024-03-19,1.6262559654897024,0.9102990033222591,1.4803791845321543,1.0,2024-03,Q1 2024
Cortland Inkwell Greenhouse,2024-03-20,1.6262559654897024,0.9102990033222591,1.4803791845321543,1.0,2024-03,Q1 2024
Cortland Inkwell Greenhouse,2024-03-21,1.6249872538259607,0.9102990033222591,1.4792242775691469,1.0,2024-03,Q1 2024
Cortland Inkwell Greenhouse,2024-03-22,1.6270818910786402,0.9102990033222591,1.4811310237725828,1.0,2024-03,Q1 2024
Cortland Inkwell Greenhouse,2024-03-23,1.6270818910786402,0.9136212624584718,1.486536611450585,1.0,2024-03,Q1 2024
Cortland Inkwell Greenhouse,2024-03-24,1.6270818910786402,0.9102990033222591,1.4811310237725828,1.0,2024-03,Q1 2024
Cortland Inkwell Greenhouse,2024-03-25,1.6270818910786402,0.9102990033222591,1.4811310237725828,1.0,2024-03,Q1 2024
Cortland Inkwell Greenhouse,2024-03-26,1.6261977465294655,0.9102990033222591,1.4803261878706762,1.0,2024-03,Q1 2024
Cortland Inkwell Greenhouse,2024-03-27,1.6315172442136512,0.9102990033222591,1.4851685213107655,1.0,2024-03,Q1 2024
Cortland Inkwell Greenhouse,2024-03-28,1.6315172442136512,0.920265780730897,1.5014294905221974,1.0,2024-03,Q1 2024
Cortland Inkwell Greenhouse,2024-03-29,1.6315172442136512,0.9169435215946844,1.49600916745172,1.0,2024-03,Q1 2024
Cortland Inkwell Greenhouse,2024-03-30,1.6315172442136512,0.9136212624584718,1.4905888443812427,1.0,2024-03,Q1 2024
Cortland Inkwell Greenhouse,2024-03-31,1.6315172442136512,0.9102990033222591,1.4851685213107655,1.0,2024-03,Q1 2024
Cortland Inkwell Greenhouse,2024-04-01,1.6315172442136512,0.9069767441860466,1.4797481982402885,1.0,2024-04,Q2 2024
Cortland Inkwell Greenhouse,2024-04-02,1.6315172442136512,0.9036544850498339,1.474327875169811,1.0,2024-04,Q2 2024
Cortland Inkwell Greenhouse,2024-04-03,1.633068847269011,0.8970099667774086,1.4648790324339964,1.0,2024-04,Q2 2024
Cortland Inkwell Greenhouse,2024-04-04,1.6336319954915395,0.893687707641196,1.4599568331801465,1.0,2024-04,Q2 2024
Cortland Inkwell Greenhouse,2024-04-05,1.6336319954915395,0.8970099667774086,1.4653841820023776,1.0,2024-04,Q2 2024
Cortland Inkwell Greenhouse,2024-04-06,1.6336319954915395,0.8970099667774086,1.4653841820023776,1.0,2024-04,Q2 2024
Cortland Inkwell Greenhouse,2024-04-07,1.6336319954915395,0.8970099667774086,1.4653841820023776,1.0,2024-04,Q2 2024
Cortland Inkwell Greenhouse,2024-04-08,1.6336319954915395,0.893687707641196,1.4599568331801465,1.0,2024-04,Q2 2024
Cortland Inkwell Greenhouse,2024-04-09,1.6336319954915395,0.8903654485049834,1.4545294843579157,1.0,2024-04,Q2 2024
Cortland Inkwell Greenhouse,2024-04-10,1.6336319954915395,0.8903654485049834,1.4545294843579157,1.0,2024-04,Q2 2024
Cortland Inkwell Greenhouse,2024-04-11,1.6336319954915395,0.8870431893687708,1.4491021355356846,1.0,2024-04,Q2 2024
Cortland Inkwell Greenhouse,2024-04-12,1.6322660589334594,0.8870431893687708,1.4478904908147299,1.0,2024-04,Q2 2024
Cortland Inkwell Greenhouse,2024-04-13,1.630904432378166,0.8870431893687708,1.4466826692523933,1.0,2024-04,Q2 2024
Cortland Inkwell Greenhouse,2024-04-14,1.6286284173924357,0.8903654485049834,1.4500744712995774,1.0,2024-04,Q2 2024
Cortland Inkwell Greenhouse,2024-04-15,1.6286284173924357,0.893687707641196,1.4554851969387548,1.0,2024-04,Q2 2024
Cortland Inkwell Greenhouse,2024-04-16,1.6280022697776897,0.8870431893687708,1.4441083256832,1.0,2024-04,Q2 2024
Cortland Inkwell Greenhouse,2024-04-17,1.6280022697776897,0.8837209302325582,1.438699680268656,1.0,2024-04,Q2 2024
Cortland Inkwell Greenhouse,2024-04-18,1.6260732538073959,0.8803986710963455,1.4315927317573418,1.0,2024-04,Q2 2024
Cortland Inkwell Greenhouse,2024-04-19,1.625347682054317,0.8837209302325582,1.4363537655363732,1.0,2024-04,Q2 2024
Cortland Inkwell Greenhouse,2024-04-20,1.622596872523037,0.8803986710963455,1.428532130294368,1.0,2024-04,Q2 2024
Cortland Inkwell Greenhouse,2024-04-21,1.6208568074429641,0.8837209302325582,1.4323850856472706,1.0,2024-04,Q2 2024
Cortland Inkwell Greenhouse,2024-04-22,1.6195653635774567,0.8870431893687708,1.43662442549894,1.0,2024-04,Q2 2024
Cortland Inkwell Greenhouse,2024-04-23,1.6135705866934107,0.8837209302325582,1.4259460998685956,1.0,2024-04,Q2 2024
Cortland Inkwell Greenhouse,2024-04-24,1.6135705866934107,0.893687707641196,1.442028198739294,1.0,2024-04,Q2 2024
Cortland Inkwell Greenhouse,2024-04-25,1.611138054047793,0.893687707641196,1.4398542742154696,1.0,2024-04,Q2 2024
Cortland Inkwell Greenhouse,2024-04-26,1.6100823983979247,0.9003322259136213,1.4496090696539454,1.0,2024-04,Q2 2024
Cortland Inkwell Greenhouse,2024-04-27,1.6100823983979247,0.9036544850498339,1.4549581806120782,1.0,2024-04,Q2 2024
Cortland Inkwell Greenhouse,2024-04-28,1.6100823983979247,0.9036544850498339,1.4549581806120782,1.0,2024-04,Q2 2024
Cortland Inkwell Greenhouse,2024-04-29,1.6084062649831603,0.9036544850498339,1.4534435351342845,1.0,2024-04,Q2 2024
Cortland Inkwell Greenhouse,2024-04-30,1.6064494390404223,0.9069767441860466,1.457012281920383,1.0,2024-04,Q2 2024
Cortland Inkwell Greenhouse,2024-05-01,1.6064494390404223,0.9102990033222591,1.4623493232460987,1.0,2024-05,Q2 2024
Cortland Inkwell Greenhouse,2024-05-02,1.607552372086202,0.9102990033222591,1.463353322098403,1.0,2024-05,Q2 2024
Cortland Inkwell Greenhouse,2024-05-03,1.607552372086202,0.9136212624584718,1.4686940276535068,1.0,2024-05,Q2 2024
Cortland Inkwell Greenhouse,2024-05-04,1.606626451717864,0.9136212624584718,1.4678480871176498,1.0,2024-05,Q2 2024
Cortland Inkwell Greenhouse,2024-05-05,1.6043544393773055,0.9169435215946844,1.4711024095286922,1.0,2024-05,Q2 2024
Cortland Inkwell Greenhouse,2024-05-06,1.6043544393773055,0.920265780730897,1.4764324907226367,1.0,2024-05,Q2 2024
Cortland Inkwell Greenhouse,2024-05-07,1.6057828708729702,0.920265780730897,1.4777470273482152,1.0,2024-05,Q2 2024
Cortland Inkwell Greenhouse,2024-05-08,1.605613021119196,0.9235880398671097,1.4829249829605864,1.0,2024-05,Q2 2024
Cortland Inkwell Greenhouse,2024-05-09,1.605613021119196,0.9269102990033222,1.4882592454892214,1.0,2024-05,Q2 2024
Cortland Inkwell Greenhouse,2024-05-10,1.6045314175466847,0.9269102990033222,1.487256695998422,1.0,2024-05,Q2 2024
Cortland Inkwell Greenhouse,2024-05-11,1.6045314175466847,0.9302325581395349,1.4925873651597066,1.0,2024-05,Q2 2024
Cortland Inkwell Greenhouse,2024-05-12,1.6045314175466847,0.9302325581395349,1.4925873651597066,1.0,2024-05,Q2 2024
Cortland Inkwell Greenhouse,2024-05-13,1.6045314175466847,0.9335548172757475,1.4979180343209915,1.0,2024-05,Q2 2024
Cortland Inkwell Greenhouse,2024-05-14,1.6056950377321166,0.9302325581395349,1.4936698025415038,1.0,2024-05,Q2 2024
Cortland Inkwell Greenhouse,2024-05-15,1.6053363094618776,0.9368770764119602,1.5040027882666096,1.0,2024-05,Q2 2024
Cortland Inkwell Greenhouse,2024-05-16,1.6053363094618776,0.9335548172757475,1.498669445045806,1.0,2024-05,Q2 2024
Cortland Inkwell Greenhouse,2024-05-17,1.6053363094618776,0.9335548172757475,1.498669445045806,1.0,2024-05,Q2 2024
Cortland Inkwell Greenhouse,2024-05-18,1.6053363094618776,0.9302325581395349,1.4933361018250024,1.0,2024-05,Q2 2024
Cortland Inkwell Greenhouse,2024-05-19,1.6053363094618776,0.9269102990033222,1.4880027586041988,1.0,2024-05,Q2 2024
Cortland Inkwell Greenhouse,2024-05-20,1.6053363094618776,0.9269102990033222,1.4880027586041988,1.0,2024-05,Q2 2024
Cortland Inkwell Greenhouse,2024-05-21,1.6045736109549338,0.9235880398671097,1.4819649961643575,1.0,2024-05,Q2 2024
Cortland Inkwell Greenhouse,2024-05-22,1.6058238221154733,0.920265780730897,1.4777847133753692,1.0,2024-05,Q2 2024
Cortland Inkwell Greenhouse,2024-05-23,1.6058238221154733,0.9235880398671097,1.4831196762395402,1.0,2024-05,Q2 2024
Cortland Inkwell Greenhouse,2024-05-24,1.6058238221154733,0.9235880398671097,1.4831196762395402,1.0,2024-05,Q2 2024
Cortland Inkwell Greenhouse,2024-05-25,1.6059640793862533,0.920265780730897,1.4779137873421666,1.0,2024-05,Q2 2024
Cortland Inkwell Greenhouse,2024-05-26,1.6059640793862533,0.9269102990033222,1.488584645012507,1.0,2024-05,Q2 2024
Cortland Inkwell Greenhouse,2024-05-27,1.6059640793862533,0.9269102990033222,1.488584645012507,1.0,2024-05,Q2 2024
Cortland Inkwell Greenhouse,2024-05-28,1.6052183151047308,0.9269102990033222,1.487893388419335,1.0,2024-05,Q2 2024
Cortland Inkwell Greenhouse,2024-05-29,1.6066238997360436,0.9269102990033222,1.4891962392902198,1.0,2024-05,Q2 2024
Cortland Inkwell Greenhouse,2024-05-30,1.6073858347218932,0.9269102990033222,1.4899024846757747,1.0,2024-05,Q2 2024
Cortland Inkwell Greenhouse,2024-05-31,1.6073858347218932,0.9302325581395349,1.4952426369505982,1.0,2024-05,Q2 2024
Cortland Inkwell Greenhouse,2024-06-01,1.6073858347218932,0.9302325581395349,1.4952426369505982,1.0,2024-06,Q2 2024
Cortland Inkwell Greenhouse,2024-06-02,1.6073858347218932,0.9269102990033222,1.4899024846757747,1.0,2024-06,Q2 2024
Cortland Inkwell Greenhouse,2024-06-03,1.6073858347218932,0.9269102990033222,1.4899024846757747,1.0,2024-06,Q2 2024
Cortland Inkwell Greenhouse,2024-06-04,1.609832960962399,0.9235880398671097,1.4868224689287273,1.0,2024-06,Q2 2024
Cortland Inkwell Greenhouse,2024-06-05,1.6122337098301283,0.9169435215946844,1.4783272555253004,1.0,2024-06,Q2 2024
Cortland Inkwell Greenhouse,2024-06-06,1.6122337098301283,0.9169435215946844,1.4783272555253004,1.0,2024-06,Q2 2024
Cortland Inkwell Greenhouse,2024-06-07,1.6117525442099425,0.9169435215946844,1.4778860538270568,1.0,2024-06,Q2 2024
Cortland Inkwell Greenhouse,2024-06-08,1.6117525442099425,0.9169435215946844,1.4778860538270568,1.0,2024-06,Q2 2024
Cortland Inkwell Greenhouse,2024-06-09,1.6117525442099425,0.9169435215946844,1.4778860538270568,1.0,2024-06,Q2 2024
Cortland Inkwell Greenhouse,2024-06-10,1.6134605647192293,0.9136212624584718,1.474091878065741,1.0,2024-06,Q2 2024
Cortland Inkwell Greenhouse,2024-06-11,1.6134605647192293,0.9069767441860466,1.4633712098616267,1.0,2024-06,Q2 2024
Cortland Inkwell Greenhouse,2024-06-12,1.6134605647192293,0.9036544850498339,1.4580108757595693,1.0,2024-06,Q2 2024
Cortland Inkwell Greenhouse,2024-06-13,1.6134605647192293,0.9003322259136213,1.4526505416575122,1.0,2024-06,Q2 2024
Cortland Inkwell Greenhouse,2024-06-14,1.6134605647192293,0.9003322259136213,1.4526505416575122,1.0,2024-06,Q2 2024
Cortland Inkwell Greenhouse,2024-06-15,1.6134605647192293,0.8970099667774086,1.4472902075554548,1.0,2024-06,Q2 2024
Cortland Inkwell Greenhouse,2024-06-16,1.6134605647192293,0.8870431893687708,1.431209205249283,1.0,2024-06,Q2 2024
Cortland Inkwell Greenhouse,2024-06-17,1.6134605647192293,0.8903654485049834,1.4365695393513405,1.0,2024-06,Q2 2024
Cortland Inkwell Greenhouse,2024-06-18,1.6134605647192293,0.8870431893687708,1.431209205249283,1.0,2024-06,Q2 2024
Cortland Inkwell Greenhouse,2024-06-19,1.6134605647192293,0.8837209302325582,1.425848871147226,1.0,2024-06,Q2 2024
Cortland Inkwell Greenhouse,2024-06-20,1.6134605647192293,0.8837209302325582,1.425848871147226,1.0,2024-06,Q2 2024
Cortland Inkwell Greenhouse,2024-06-21,1.6105776130715976,0.8770764119601329,1.412599634056152,1.0,2024-06,Q2 2024
Cortland Inkwell Greenhouse,2024-06-22,1.6100473769007086,0.8870431893687708,1.428181560240828,1.0,2024-06,Q2 2024
Cortland Inkwell Greenhouse,2024-06-23,1.6100473769007086,0.8903654485049834,1.4335305548484716,1.0,2024-06,Q2 2024
Cortland Inkwell Greenhouse,2024-06-24,1.6110476393592879,0.8837209302325582,1.4237165185035567,1.0,2024-06,Q2 2024
Cortland Inkwell Greenhouse,2024-06-25,1.6103645383314,0.8870431893687708,1.4284628961278532,1.0,2024-06,Q2 2024
Cortland Inkwell Greenhouse,2024-06-26,1.6103645383314,0.8903654485049834,1.4338129444279577,1.0,2024-06,Q2 2024
Cortland Inkwell Greenhouse,2024-06-27,1.6095267006535774,0.8903654485049834,1.4330669627081687,1.0,2024-06,Q2 2024
Cortland Inkwell Greenhouse,2024-06-28,1.6110937294479963,0.893687707641196,1.439814661865485,1.0,2024-06,Q2 2024
Cortland Inkwell Greenhouse,2024-06-29,1.6110937294479963,0.8970099667774086,1.4451671327274385,1.0,2024-06,Q2 2024
Cortland Inkwell Greenhouse,2024-06-30,1.6110937294479963,0.8970099667774086,1.4451671327274385,1.0,2024-06,Q2 2024
Cortland Inkwell Greenhouse,2024-07-01,1.6110937294479963,0.8970099667774086,1.4451671327274385,1.0,2024-07,Q3 2024
Cortland Inkwell Greenhouse,2024-07-02,1.6110937294479963,0.8970099667774086,1.4451671327274385,1.0,2024-07,Q3 2024
Cortland Inkwell Greenhouse,2024-07-03,1.6110937294479963,0.8970099667774086,1.4451671327274385,1.0,2024-07,Q3 2024
Cortland Inkwell Greenhouse,2024-07-04,1.6110937294479963,0.893687707641196,1.439814661865485,1.0,2024-07,Q3 2024
Cortland Inkwell Greenhouse,2024-07-05,1.610313170239433,0.893687707641196,1.4391170856957058,1.0,2024-07,Q3 2024
Cortland Inkwell Greenhouse,2024-07-06,1.6117776046182717,0.8970099667774086,1.4457805755712072,1.0,2024-07,Q3 2024
Cortland Inkwell Greenhouse,2024-07-07,1.6117776046182717,0.9003322259136213,1.451135318443693,1.0,2024-07,Q3 2024
Cortland Inkwell Greenhouse,2024-07-08,1.6117776046182717,0.9003322259136213,1.451135318443693,1.0,2024-07,Q3 2024
Cortland Inkwell Greenhouse,2024-07-09,1.6117776046182717,0.9003322259136213,1.451135318443693,1.0,2024-07,Q3 2024
Cortland Inkwell Greenhouse,2024-07-10,1.6120374634749206,0.8903654485049834,1.4353024591736836,1.0,2024-07,Q3 2024
Cortland Inkwell Greenhouse,2024-07-11,1.6120374634749206,0.893687707641196,1.44065806536463,1.0,2024-07,Q3 2024
Cortland Inkwell Greenhouse,2024-07-12,1.6120437186055498,0.893687707641196,1.440663655497983,1.0,2024-07,Q3 2024
Cortland Inkwell Greenhouse,2024-07-13,1.6119284987194453,0.8870431893687708,1.4298501965385113,1.0,2024-07,Q3 2024
Cortland Inkwell Greenhouse,2024-07-14,1.6119284987194453,0.8903654485049834,1.4352054407203036,1.0,2024-07,Q3 2024
Cortland Inkwell Greenhouse,2024-07-15,1.611223413038526,0.8870431893687708,1.4292247550873303,1.0,2024-07,Q3 2024
Cortland Inkwell Greenhouse,2024-07-16,1.611223413038526,0.8870431893687708,1.4292247550873303,1.0,2024-07,Q3 2024
Cortland Inkwell Greenhouse,2024-07-17,1.611223413038526,0.8870431893687708,1.4292247550873303,1.0,2024-07,Q3 2024
Cortland Inkwell Greenhouse,2024-07-18,1.6123051800829307,0.8870431893687708,1.4301843291765532,1.0,2024-07,Q3 2024
Cortland Inkwell Greenhouse,2024-07-19,1.6123051800829307,0.8903654485049834,1.4355408247914467,1.0,2024-07,Q3 2024
Cortland Inkwell Greenhouse,2024-07-20,1.611540688632983,0.8870431893687708,1.4295061922425465,1.0,2024-07,Q3 2024
Cortland Inkwell Greenhouse,2024-07-21,1.6124091035846502,0.8903654485049834,1.4356333546866653,1.0,2024-07,Q3 2024
Cortland Inkwell Greenhouse,2024-07-22,1.6124091035846502,0.893687707641196,1.4409901955623616,1.0,2024-07,Q3 2024
Cortland Inkwell Greenhouse,2024-07-23,1.6124091035846502,0.8903654485049834,1.4356333546866653,1.0,2024-07,Q3 2024
Cortland Inkwell Greenhouse,2024-07-24,1.6119027766650356,0.8870431893687708,1.4298273799653307,1.0,2024-07,Q3 2024
Cortland Inkwell Greenhouse,2024-07-25,1.6119027766650356,0.8903654485049834,1.4351825386917925,1.0,2024-07,Q3 2024
Cortland Inkwell Greenhouse,2024-07-26,1.6119027766650356,0.8870431893687708,1.4298273799653307,1.0,2024-07,Q3 2024
Cortland Inkwell Greenhouse,2024-07-27,1.610648215274523,0.8870431893687708,1.4287145298282313,1.0,2024-07,Q3 2024
Cortland Inkwell Greenhouse,2024-07-28,1.6092401348963388,0.8837209302325582,1.42211918897816,1.0,2024-07,Q3 2024
Cortland Inkwell Greenhouse,2024-07-29,1.6092401348963388,0.8903654485049834,1.4328118144591988,1.0,2024-07,Q3 2024
Cortland Inkwell Greenhouse,2024-07-30,1.6092401348963388,0.8903654485049834,1.4328118144591988,1.0,2024-07,Q3 2024
Cortland Inkwell Greenhouse,2024-07-31,1.6098343802646944,0.8903654485049834,1.4333409100031167,1.0,2024-07,Q3 2024
Cortland Inkwell Greenhouse,2024-08-01,1.6091189049287529,0.893687707641196,1.4380497854678886,1.0,2024-08,Q3 2024
Cortland Inkwell Greenhouse,2024-08-02,1.6086359590769923,0.8970099667774086,1.4429624882085976,1.0,2024-08,Q3 2024
Cortland Inkwell Greenhouse,2024-08-03,1.6086359590769923,0.8970099667774086,1.4429624882085976,1.0,2024-08,Q3 2024
Cortland Inkwell Greenhouse,2024-08-04,1.6086359590769923,0.893687707641196,1.437618182696714,1.0,2024-08,Q3 2024
Cortland Inkwell Greenhouse,2024-08-05,1.6093487168668419,0.893687707641196,1.4382551655720281,1.0,2024-08,Q3 2024
Cortland Inkwell Greenhouse,2024-08-06,1.6093487168668419,0.9003322259136213,1.448948512527954,1.0,2024-08,Q3 2024
Cortland Inkwell Greenhouse,2024-08-07,1.6082031283241487,0.8970099667774086,1.4425742347093693,1.0,2024-08,Q3 2024
Cortland Inkwell Greenhouse,2024-08-08,1.6082031283241487,0.8970099667774086,1.4425742347093693,1.0,2024-08,Q3 2024
Cortland Inkwell Greenhouse,2024-08-09,1.6082031283241487,0.8970099667774086,1.4425742347093693,1.0,2024-08,Q3 2024
Cortland Inkwell Greenhouse,2024-08-10,1.6080178659808284,0.8970099667774086,1.4424080525409424,1.0,2024-08,Q3 2024
Cortland Inkwell Greenhouse,2024-08-11,1.6080178659808284,0.9003322259136213,1.4477503045873903,1.0,2024-08,Q3 2024
Cortland Inkwell Greenhouse,2024-08-12,1.6080178659808284,0.9003322259136213,1.4477503045873903,1.0,2024-08,Q3 2024
Cortland Inkwell Greenhouse,2024-08-13,1.6080178659808284,0.9003322259136213,1.4477503045873903,1.0,2024-08,Q3 2024
Cortland Inkwell Greenhouse,2024-08-14,1.6103692092762993,0.8870431893687708,1.4284670394577141,1.0,2024-08,Q3 2024
Cortland Inkwell Greenhouse,2024-08-15,1.6103692092762993,0.893687707641196,1.4391671670941013,1.0,2024-08,Q3 2024
Cortland Inkwell Greenhouse,2024-08-16,1.6103692092762993,0.8903654485049834,1.4338171032759077,1.0,2024-08,Q3 2024
Cortland Inkwell Greenhouse,2024-08-17,1.6104323064131203,0.8903654485049834,1.433873282786433,1.0,2024-08,Q3 2024
Cortland Inkwell Greenhouse,2024-08-18,1.6104323064131203,0.9003322259136213,1.4499241031161316,1.0,2024-08,Q3 2024
Cortland Inkwell Greenhouse,2024-08-19,1.6104323064131203,0.8970099667774086,1.4445738296728985,1.0,2024-08,Q3 2024
Cortland Inkwell Greenhouse,2024-08-20,1.6112342722155086,0.8970099667774086,1.4452932009906556,1.0,2024-08,Q3 2024
Cortland Inkwell Greenhouse,2024-08-21,1.6125367642554784,0.8970099667774086,1.4464615493321566,1.0,2024-08,Q3 2024
Cortland Inkwell Greenhouse,2024-08-22,1.6125367642554784,0.9003322259136213,1.4518188143296833,1.0,2024-08,Q3 2024
Cortland Inkwell Greenhouse,2024-08-23,1.612827964236646,0.9003322259136213,1.452080991056914,1.0,2024-08,Q3 2024
Cortland Inkwell Greenhouse,2024-08-24,1.6101304029062133,0.9003322259136213,1.449652289659747,1.0,2024-08,Q3 2024
Cortland Inkwell Greenhouse,2024-08-25,1.6101304029062133,0.9036544850498339,1.4550015601012958,1.0,2024-08,Q3 2024
Cortland Inkwell Greenhouse,2024-08-26,1.6101304029062133,0.9036544850498339,1.4550015601012958,1.0,2024-08,Q3 2024
Cortland Inkwell Greenhouse,2024-08-27,1.6101304029062133,0.9003322259136213,1.449652289659747,1.0,2024-08,Q3 2024
Cortland Inkwell Greenhouse,2024-08-28,1.6101304029062133,0.9003322259136213,1.449652289659747,1.0,2024-08,Q3 2024
Cortland Inkwell Greenhouse,2024-08-29,1.6101304029062133,0.8970099667774086,1.444303019218198,1.0,2024-08,Q3 2024
Cortland Inkwell Greenhouse,2024-08-30,1.6101304029062133,0.893687707641196,1.438953748776649,1.0,2024-08,Q3 2024
Cortland Inkwell Greenhouse,2024-08-31,1.6101304029062133,0.8903654485049834,1.4336044783351003,1.0,2024-08,Q3 2024
Cortland Inkwell Greenhouse,2024-09-01,1.6101304029062133,0.8903654485049834,1.4336044783351003,1.0,2024-09,Q3 2024
Cortland Inkwell Greenhouse,2024-09-02,1.6101304029062133,0.8903654485049834,1.4336044783351003,1.0,2024-09,Q3 2024
Cortland Inkwell Greenhouse,2024-09-03,1.6101304029062133,0.8903654485049834,1.4336044783351003,1.0,2024-09,Q3 2024
Cortland Inkwell Greenhouse,2024-09-04,1.6079679437955596,0.8903654485049834,1.4316790994591695,1.0,2024-09,Q3 2024
Cortland Inkwell Greenhouse,2024-09-05,1.6079679437955596,0.8970099667774086,1.442363271843193,1.0,2024-09,Q3 2024
Cortland Inkwell Greenhouse,2024-09-06,1.60862099207992,0.8970099667774086,1.442949062663051,1.0,2024-09,Q3 2024
Cortland Inkwell Greenhouse,2024-09-07,1.60862099207992,0.9036544850498339,1.453637574238333,1.0,2024-09,Q3 2024
Cortland Inkwell Greenhouse,2024-09-08,1.60862099207992,0.9036544850498339,1.453637574238333,1.0,2024-09,Q3 2024
Cortland Inkwell Greenhouse,2024-09-09,1.60862099207992,0.9036544850498339,1.453637574238333,1.0,2024-09,Q3 2024
Cortland Inkwell Greenhouse,2024-09-10,1.60862099207992,0.9036544850498339,1.453637574238333,1.0,2024-09,Q3 2024
Cortland Inkwell Greenhouse,2024-09-11,1.609243413411516,0.9036544850498339,1.4542000280662206,1.0,2024-09,Q3 2024
Cortland Inkwell Greenhouse,2024-09-12,1.609243413411516,0.9069767441860466,1.459546351698817,1.0,2024-09,Q3 2024
Cortland Inkwell Greenhouse,2024-09-13,1.609217372593541,0.9036544850498339,1.4541764961642631,1.0,2024-09,Q3 2024
Cortland Inkwell Greenhouse,2024-09-14,1.609217372593541,0.9036544850498339,1.4541764961642631,1.0,2024-09,Q3 2024
Cortland Inkwell Greenhouse,2024-09-15,1.609217372593541,0.9036544850498339,1.4541764961642631,1.0,2024-09,Q3 2024
Cortland Inkwell Greenhouse,2024-09-16,1.609217372593541,0.9036544850498339,1.4541764961642631,1.0,2024-09,Q3 2024
Cortland Inkwell Greenhouse,2024-09-17,1.609217372593541,0.9036544850498339,1.4541764961642631,1.0,2024-09,Q3 2024
Cortland Inkwell Greenhouse,2024-09-18,1.609217372593541,0.9036544850498339,1.4541764961642631,1.0,2024-09,Q3 2024
Cortland Inkwell Greenhouse,2024-09-19,1.609217372593541,0.9003322259136213,1.448830259046012,1.0,2024-09,Q3 2024
Cortland Inkwell Greenhouse,2024-09-20,1.609217372593541,0.9003322259136213,1.448830259046012,1.0,2024-09,Q3 2024
Cortland Inkwell Greenhouse,2024-09-21,1.6079298806063504,0.8970099667774086,1.442329128783105,1.0,2024-09,Q3 2024
Cortland Inkwell Greenhouse,2024-09-22,1.6079298806063504,0.9003322259136213,1.447671088519339,1.0,2024-09,Q3 2024
Cortland Inkwell Greenhouse,2024-09-23,1.6079298806063504,0.9003322259136213,1.447671088519339,1.0,2024-09,Q3 2024
Cortland Inkwell Greenhouse,2024-09-24,1.6090439983073317,0.9003322259136213,1.448674164588993,1.0,2024-09,Q3 2024
Cortland Inkwell Greenhouse,2024-09-25,1.610068760923539,0.9036544850498339,1.4549458570471847,1.0,2024-09,Q3 2024
Cortland Inkwell Greenhouse,2024-09-26,1.6090572601983923,0.9069767441860466,1.4593775150636583,1.0,2024-09,Q3 2024
Cortland Inkwell Greenhouse,2024-09-27,1.6090572601983923,0.9069767441860466,1.4593775150636583,1.0,2024-09,Q3 2024
Cortland Inkwell Greenhouse,2024-09-28,1.6089072437226244,0.9069767441860466,1.459241453608892,1.0,2024-09,Q3 2024
Cortland Inkwell Greenhouse,2024-09-29,1.6089072437226244,0.9069767441860466,1.459241453608892,1.0,2024-09,Q3 2024
Cortland Inkwell Greenhouse,2024-09-30,1.6089072437226244,0.9069767441860466,1.459241453608892,1.0,2024-09,Q3 2024
Cortland Inkwell Greenhouse,2024-10-01,1.6089072437226244,0.9069767441860466,1.459241453608892,1.0,2024-10,Q4 2024
Cortland Inkwell Greenhouse,2024-10-02,1.607427904248176,0.8970099667774086,1.441878850986736,1.0,2024-10,Q4 2024
Cortland Inkwell Greenhouse,2024-10-03,1.6072947364666204,0.9003322259136213,1.4470992477822395,1.0,2024-10,Q4 2024
Cortland Inkwell Greenhouse,2024-10-04,1.605702742942519,0.9003322259136213,1.4456659247090453,1.0,2024-10,Q4 2024
Cortland Inkwell Greenhouse,2024-10-05,1.604677940067601,0.9069767441860466,1.4554055735496847,1.0,2024-10,Q4 2024
Cortland Inkwell Greenhouse,2024-10-06,1.604061183730445,0.9102990033222591,1.4601752968177473,1.0,2024-10,Q4 2024
Cortland Inkwell Greenhouse,2024-10-07,1.6043670547594413,0.9136212624584718,1.4657838540161008,1.0,2024-10,Q4 2024
Cortland Inkwell Greenhouse,2024-10-08,1.6043670547594413,0.9136212624584718,1.4657838540161008,1.0,2024-10,Q4 2024
Cortland Inkwell Greenhouse,2024-10-09,1.6038039736577065,0.9136212624584718,1.4652694111490674,1.0,2024-10,Q4 2024
Cortland Inkwell Greenhouse,2024-10-10,1.6038039736577065,0.9136212624584718,1.4652694111490674,1.0,2024-10,Q4 2024
Cortland Inkwell Greenhouse,2024-10-11,1.6038039736577065,0.9136212624584718,1.4652694111490674,1.0,2024-10,Q4 2024
Cortland Inkwell Greenhouse,2024-10-12,1.6038039736577065,0.9136212624584718,1.4652694111490674,1.0,2024-10,Q4 2024
Cortland Inkwell Greenhouse,2024-10-13,1.6024523784253137,0.9136212624584718,1.4640345650065159,1.0,2024-10,Q4 2024
Cortland Inkwell Greenhouse,2024-10-14,1.6016238195722545,0.9169435215946844,1.4685985853885124,1.0,2024-10,Q4 2024
Cortland Inkwell Greenhouse,2024-10-15,1.601879557971176,0.9169435215946844,1.4688330830566265,1.0,2024-10,Q4 2024
Cortland Inkwell Greenhouse,2024-10-16,1.601879557971176,0.920265780730897,1.4741549420532085,1.0,2024-10,Q4 2024
Cortland Inkwell Greenhouse,2024-10-17,1.601879557971176,0.9136212624584718,1.4635112240600445,1.0,2024-10,Q4 2024
Cortland Inkwell Greenhouse,2024-10-18,1.601097898722188,0.9069767441860466,1.4521585593061705,1.0,2024-10,Q4 2024
Cortland Inkwell Greenhouse,2024-10-19,1.6018426333841063,0.9036544850498339,1.4475122800015845,1.0,2024-10,Q4 2024
Cortland Inkwell Greenhouse,2024-10-20,1.6018426333841063,0.9102990033222591,1.4581557526486548,1.0,2024-10,Q4 2024
Cortland Inkwell Greenhouse,2024-10-21,1.6018426333841063,0.9069767441860466,1.4528340163251197,1.0,2024-10,Q4 2024
Cortland Inkwell Greenhouse,2024-10-22,1.6018426333841063,0.9069767441860466,1.4528340163251197,1.0,2024-10,Q4 2024
Cortland Inkwell Greenhouse,2024-10-23,1.6018403027893653,0.9069767441860466,1.4528319025298895,1.0,2024-10,Q4 2024
Cortland Inkwell Greenhouse,2024-10-24,1.601066301383382,0.9102990033222591,1.4574490584021482,1.0,2024-10,Q4 2024
Cortland Inkwell Greenhouse,2024-10-25,1.601066301383382,0.9136212624584718,1.4627682155496013,1.0,2024-10,Q4 2024
Cortland Inkwell Greenhouse,2024-10-26,1.601066301383382,0.9136212624584718,1.4627682155496013,1.0,2024-10,Q4 2024
Cortland Inkwell Greenhouse,2024-10-27,1.6013038764955259,0.9102990033222591,1.457665322789947,1.0,2024-10,Q4 2024
Cortland Inkwell Greenhouse,2024-10-28,1.6013038764955259,0.9136212624584718,1.462985269223487,1.0,2024-10,Q4 2024
Cortland Inkwell Greenhouse,2024-10-29,1.6013038764955259,0.9136212624584718,1.462985269223487,1.0,2024-10,Q4 2024
Cortland Inkwell Greenhouse,2024-10-30,1.6013038764955259,0.9102990033222591,1.457665322789947,1.0,2024-10,Q4 2024
Cortland Inkwell Greenhouse,2024-10-31,1.6013038764955259,0.9102990033222591,1.457665322789947,1.0,2024-10,Q4 2024
Cortland Inkwell Greenhouse,2024-11-01,1.6013038764955259,0.9069767441860466,1.4523453763564074,1.0,2024-11,Q4 2024
Cortland Inkwell Greenhouse,2024-11-02,1.6013038764955259,0.9069767441860466,1.4523453763564074,1.0,2024-11,Q4 2024
Cortland Inkwell Greenhouse,2024-11-03,1.6013038764955259,0.9069767441860466,1.4523453763564074,1.0,2024-11,Q4 2024
Cortland Inkwell Greenhouse,2024-11-04,1.6009561781161192,0.9036544850498339,1.446711230722872,1.0,2024-11,Q4 2024
Cortland Inkwell Greenhouse,2024-11-05,1.6009561781161192,0.9069767441860466,1.4520300220122944,1.0,2024-11,Q4 2024
Cortland Inkwell Greenhouse,2024-11-06,1.5996306859299123,0.9036544850498339,1.4455134437639074,1.0,2024-11,Q4 2024
Cortland Inkwell Greenhouse,2024-11-07,1.5996306859299123,0.9036544850498339,1.4455134437639074,1.0,2024-11,Q4 2024
Cortland Inkwell Greenhouse,2024-11-08,1.5996306859299123,0.9036544850498339,1.4455134437639074,1.0,2024-11,Q4 2024
Cortland Inkwell Greenhouse,2024-11-09,1.5996306859299123,0.9036544850498339,1.4455134437639074,1.0,2024-11,Q4 2024
Cortland Inkwell Greenhouse,2024-11-10,1.5996306859299123,0.9036544850498339,1.4455134437639074,1.0,2024-11,Q4 2024
Cortland Inkwell Greenhouse,2024-11-11,1.5996306859299123,0.9036544850498339,1.4455134437639074,1.0,2024-11,Q4 2024
Cortland Inkwell Greenhouse,2024-11-12,1.59860180049682,0.9036544850498339,1.4445836868276913,1.0,2024-11,Q4 2024
Cortland Inkwell Greenhouse,2024-11-13,1.5977779631009306,0.9069767441860466,1.4491474549054952,1.0,2024-11,Q4 2024
Cortland Inkwell Greenhouse,2024-11-14,1.598195380982826,0.9069767441860466,1.4495260432169819,1.0,2024-11,Q4 2024
Cortland Inkwell Greenhouse,2024-11-15,1.598195380982826,0.9136212624584718,1.4601452816288276,1.0,2024-11,Q4 2024
Cortland Inkwell Greenhouse,2024-11-16,1.5988757222948833,0.9136212624584718,1.4607668559172522,1.0,2024-11,Q4 2024
Cortland Inkwell Greenhouse,2024-11-17,1.5982069287350833,0.9169435215946844,1.4654654894713721,1.0,2024-11,Q4 2024
Cortland Inkwell Greenhouse,2024-11-18,1.5982069287350833,0.920265780730897,1.4707751470419206,1.0,2024-11,Q4 2024
Cortland Inkwell Greenhouse,2024-11-19,1.5974595151765196,0.920265780730897,1.47008732791992,1.0,2024-11,Q4 2024
Cortland Inkwell Greenhouse,2024-11-20,1.5976051484653513,0.9235880398671097,1.4755290075527165,1.0,2024-11,Q4 2024
Cortland Inkwell Greenhouse,2024-11-21,1.5976051484653513,0.9235880398671097,1.4755290075527165,1.0,2024-11,Q4 2024
Cortland Inkwell Greenhouse,2024-11-22,1.5968769820211925,0.9235880398671097,1.474856481733859,1.0,2024-11,Q4 2024
Cortland Inkwell Greenhouse,2024-11-23,1.5949835165410102,0.9235880398671097,1.4731076996624615,1.0,2024-11,Q4 2024
Cortland Inkwell Greenhouse,2024-11-24,1.5949835165410102,0.9302325581395349,1.4837055967823352,1.0,2024-11,Q4 2024
Cortland Inkwell Greenhouse,2024-11-25,1.5949835165410102,0.9302325581395349,1.4837055967823352,1.0,2024-11,Q4 2024
Cortland Inkwell Greenhouse,2024-11-26,1.5949835165410102,0.9302325581395349,1.4837055967823352,1.0,2024-11,Q4 2024
Cortland Inkwell Greenhouse,2024-11-27,1.5949835165410102,0.9302325581395349,1.4837055967823352,1.0,2024-11,Q4 2024
Cortland Inkwell Greenhouse,2024-11-28,1.5949835165410102,0.9302325581395349,1.4837055967823352,1.0,2024-11,Q4 2024
Cortland Inkwell Greenhouse,2024-11-29,1.5962692552617395,0.9302325581395349,1.484901632801618,1.0,2024-11,Q4 2024
Cortland Inkwell Greenhouse,2024-11-30,1.5959340332213199,0.9335548172757475,1.489891904768076,1.0,2024-11,Q4 2024
Cortland Inkwell Greenhouse,2024-12-01,1.5959340332213199,0.9368770764119602,1.4951940111907382,1.0,2024-12,Q4 2024
Cortland Inkwell Greenhouse,2024-12-02,1.5959340332213199,0.9302325581395349,1.4845897983454137,1.0,2024-12,Q4 2024
Cortland Inkwell Greenhouse,2024-12-03,1.5959340332213199,0.9302325581395349,1.4845897983454137,1.0,2024-12,Q4 2024
Cortland Inkwell Greenhouse,2024-12-04,1.597070419603105,0.9269102990033222,1.4803410201636753,1.0,2024-12,Q4 2024
Cortland Inkwell Greenhouse,2024-12-05,1.5968030691773871,0.9368770764119602,1.4960081910565555,1.0,2024-12,Q4 2024
Cortland Inkwell Greenhouse,2024-12-06,1.5973592597423738,0.9368770764119602,1.4965292732470081,1.0,2024-12,Q4 2024
Cortland Inkwell Greenhouse,2024-12-07,1.5971452385413447,0.9401993355481728,1.5016348920505003,1.0,2024-12,Q4 2024
Cortland Inkwell Greenhouse,2024-12-08,1.5971832867548612,0.9435215946843853,1.5069769217221947,1.0,2024-12,Q4 2024
Cortland Inkwell Greenhouse,2024-12-09,1.5971832867548612,0.946843853820598,1.512283178488822,1.0,2024-12,Q4 2024
Cortland Inkwell Greenhouse,2024-12-10,1.5971832867548612,0.946843853820598,1.512283178488822,1.0,2024-12,Q4 2024
Cortland Inkwell Greenhouse,2024-12-11,1.5971832867548612,0.9435215946843853,1.5069769217221947,1.0,2024-12,Q4 2024
Cortland Inkwell Greenhouse,2024-12-12,1.5968551190614886,0.9435215946843853,1.5066672884168197,1.0,2024-12,Q4 2024
Cortland Inkwell Greenhouse,2024-12-13,1.5964175621369923,0.9501661129568106,1.5168618696716936,1.0,2024-12,Q4 2024
Cortland Inkwell Greenhouse,2024-12-14,1.5964175621369923,0.9501661129568106,1.5168618696716936,1.0,2024-12,Q4 2024
Cortland Inkwell Greenhouse,2024-12-15,1.5964175621369923,0.9501661129568106,1.5168618696716936,1.0,2024-12,Q4 2024
Cortland Inkwell Greenhouse,2024-12-16,1.5964175621369923,0.9501661129568106,1.5168618696716936,1.0,2024-12,Q4 2024
Cortland Inkwell Greenhouse,2024-12-17,1.5964175621369923,0.9501661129568106,1.5168618696716936,1.0,2024-12,Q4 2024
Cortland Inkwell Greenhouse,2024-12-18,1.595521426353814,0.9501661129568106,1.5160103918179098,1.0,2024-12,Q4 2024
Cortland Inkwell Greenhouse,2024-12-19,1.595521426353814,0.9534883720930233,1.5213111274536366,1.0,2024-12,Q4 2024
Cortland Inkwell Greenhouse,2024-12-20,1.595521426353814,0.9534883720930233,1.5213111274536366,1.0,2024-12,Q4 2024
Cortland Inkwell Greenhouse,2024-12-21,1.595521426353814,0.9534883720930233,1.5213111274536366,1.0,2024-12,Q4 2024
Cortland Inkwell Greenhouse,2024-12-22,1.595521426353814,0.9534883720930233,1.5213111274536366,1.0,2024-12,Q4 2024
Cortland Inkwell Greenhouse,2024-12-23,1.595521426353814,0.9534883720930233,1.5213111274536366,1.0,2024-12,Q4 2024
Cortland Inkwell Greenhouse,2024-12-24,1.595521426353814,0.9534883720930233,1.5213111274536366,1.0,2024-12,Q4 2024
Cortland Inkwell Greenhouse,2024-12-25,1.595521426353814,0.9534883720930233,1.5213111274536366,1.0,2024-12,Q4 2024
Cortland Inkwell Greenhouse,2024-12-26,1.595521426353814,0.9534883720930233,1.5213111274536366,1.0,2024-12,Q4 2024
Cortland Inkwell Greenhouse,2024-12-27,1.595521426353814,0.9534883720930233,1.5213111274536366,1.0,2024-12,Q4 2024
Cortland Inkwell Greenhouse,2024-12-28,1.595671063004103,0.9534883720930233,1.5214538042597263,1.0,2024-12,Q4 2024
Cortland Inkwell Greenhouse,2024-12-29,1.595671063004103,0.9568106312292359,1.5267550370271818,1.0,2024-12,Q4 2024
Cortland Inkwell Greenhouse,2024-12-30,1.595671063004103,0.9568106312292359,1.5267550370271818,1.0,2024-12,Q4 2024
Cortland Inkwell Greenhouse,2024-12-31,1.5956302530085698,0.9568106312292359,1.526715989589595,1.0,2024-12,Q4 2024
Cortland Inkwell Greenhouse,2025-01-01,1.5956302530085698,0.9601328903654485,1.53201708677567,1.0,2025-01,Q1 2025
Cortland Inkwell Greenhouse,2025-01-02,1.5956302530085698,0.9601328903654485,1.53201708677567,1.0,2025-01,Q1 2025
Cortland Inkwell Greenhouse,2025-01-03,1.5971950866684694,0.9568106312292359,1.5282132390714924,1.0,2025-01,Q1 2025
Cortland Inkwell Greenhouse,2025-01-04,1.5971950866684694,0.9634551495016611,1.5388258310094889,1.0,2025-01,Q1 2025
Cortland Inkwell Greenhouse,2025-01-05,1.5971950866684694,0.9634551495016611,1.5388258310094889,1.0,2025-01,Q1 2025
Cortland Inkwell Greenhouse,2025-01-06,1.5976762356010963,0.9601328903654485,1.5339815019558698,1.0,2025-01,Q1 2025
Cortland Inkwell Greenhouse,2025-01-07,1.5976762356010963,0.9634551495016611,1.5392893964263055,1.0,2025-01,Q1 2025
Cortland Inkwell Greenhouse,2025-01-08,1.5968670438798878,0.9568106312292359,1.5278993642438794,1.0,2025-01,Q1 2025
Cortland Inkwell Greenhouse,2025-01-09,1.5968670438798878,0.9568106312292359,1.5278993642438794,1.0,2025-01,Q1 2025
Cortland Inkwell Greenhouse,2025-01-10,1.5968670438798878,0.9568106312292359,1.5278993642438794,1.0,2025-01,Q1 2025
Cortland Inkwell Greenhouse,2025-01-11,1.5968670438798878,0.9568106312292359,1.5278993642438794,1.0,2025-01,Q1 2025
Cortland Inkwell Greenhouse,2025-01-12,1.5968670438798878,0.9534883720930233,1.5225941581180327,1.0,2025-01,Q1 2025
Cortland Inkwell Greenhouse,2025-01-13,1.5968670438798878,0.9534883720930233,1.5225941581180327,1.0,2025-01,Q1 2025
Cortland Inkwell Greenhouse,2025-01-14,1.5968670438798878,0.9501661129568106,1.5172889519921857,1.0,2025-01,Q1 2025
Cortland Inkwell Greenhouse,2025-01-15,1.5968670438798878,0.9501661129568106,1.5172889519921857,1.0,2025-01,Q1 2025
Cortland Inkwell Greenhouse,2025-01-16,1.5968670438798878,0.946843853820598,1.511983745866339,1.0,2025-01,Q1 2025
Cortland Inkwell Greenhouse,2025-01-17,1.5968670438798878,0.9435215946843853,1.506678539740492,1.0,2025-01,Q1 2025
Cortland Inkwell Greenhouse,2025-01-18,1.5968670438798878,0.9435215946843853,1.506678539740492,1.0,2025-01,Q1 2025
Cortland Inkwell Greenhouse,2025-01-19,1.5965066163346653,0.9435215946843853,1.5063384685682555,1.0,2025-01,Q1 2025
Cortland Inkwell Greenhouse,2025-01-20,1.5965066163346653,0.946843853820598,1.5116424772603974,1.0,2025-01,Q1 2025
Cortland Inkwell Greenhouse,2025-01-21,1.5958142418801493,0.946843853820598,1.5109869067635966,1.0,2025-01,Q1 2025
Cortland Inkwell Greenhouse,2025-01-22,1.595128859773156,0.9501661129568106,1.5156373883558891,1.0,2025-01,Q1 2025
Cortland Inkwell Greenhouse,2025-01-23,1.595128859773156,0.9501661129568106,1.5156373883558891,1.0,2025-01,Q1 2025
Cortland Inkwell Greenhouse,2025-01-24,1.595128859773156,0.9435215946843853,1.5050385255002536,1.0,2025-01,Q1 2025
Cortland Inkwell Greenhouse,2025-01-25,1.595128859773156,0.9435215946843853,1.5050385255002536,1.0,2025-01,Q1 2025
Cortland Inkwell Greenhouse,2025-01-26,1.5947771404841427,0.9435215946843853,1.5047066707558023,1.0,2025-01,Q1 2025
Cortland Inkwell Greenhouse,2025-01-27,1.5948122539268244,0.946843853820598,1.5100381806283885,1.0,2025-01,Q1 2025
Cortland Inkwell Greenhouse,2025-01-28,1.5948122539268244,0.9501661129568106,1.5153365602095408,1.0,2025-01,Q1 2025
Cortland Inkwell Greenhouse,2025-01-29,1.594138733340632,0.9501661129568106,1.514696603772162,1.0,2025-01,Q1 2025
Cortland Inkwell Greenhouse,2025-01-30,1.594138733340632,0.9534883720930233,1.5199927457433935,1.0,2025-01,Q1 2025
Cortland Inkwell Greenhouse,2025-01-31,1.594138733340632,0.9534883720930233,1.5199927457433935,1.0,2025-01,Q1 2025
Cortland Inkwell Greenhouse,2025-02-01,1.594138733340632,0.9534883720930233,1.5199927457433935,1.0,2025-02,Q1 2025
Cortland Inkwell Greenhouse,2025-02-02,1.594138733340632,0.9501661129568106,1.514696603772162,1.0,2025-02,Q1 2025
Cortland Inkwell Greenhouse,2025-02-03,1.594138733340632,0.9501661129568106,1.514696603772162,1.0,2025-02,Q1 2025
Cortland Inkwell Greenhouse,2025-02-04,1.594138733340632,0.9501661129568106,1.514696603772162,1.0,2025-02,Q1 2025
Cortland Inkwell Greenhouse,2025-02-05,1.593988873924843,0.9501661129568106,1.5145542124335716,1.0,2025-02,Q1 2025
Cortland Inkwell Greenhouse,2025-02-06,1.593988873924843,0.9534883720930233,1.5198498565329899,1.0,2025-02,Q1 2025
Cortland Inkwell Greenhouse,2025-02-07,1.593988873924843,0.9501661129568106,1.5145542124335716,1.0,2025-02,Q1 2025
Cortland Inkwell Greenhouse,2025-02-08,1.593988873924843,0.9501661129568106,1.5145542124335716,1.0,2025-02,Q1 2025
Cortland Inkwell Greenhouse,2025-02-09,1.593988873924843,0.9435215946843853,1.5039629242347354,1.0,2025-02,Q1 2025
Cortland Inkwell Greenhouse,2025-02-10,1.593988873924843,0.9435215946843853,1.5039629242347354,1.0,2025-02,Q1 2025
Cortland Inkwell Greenhouse,2025-02-11,1.593988873924843,0.9435215946843853,1.5039629242347354,1.0,2025-02,Q1 2025
Cortland Inkwell Greenhouse,2025-02-12,1.593988873924843,0.9435215946843853,1.5039629242347354,1.0,2025-02,Q1 2025
Cortland Inkwell Greenhouse,2025-02-13,1.593988873924843,0.9435215946843853,1.5039629242347354,1.0,2025-02,Q1 2025
Cortland Inkwell Greenhouse,2025-02-14,1.593988873924843,0.9435215946843853,1.5039629242347354,1.0,2025-02,Q1 2025
Cortland Inkwell Greenhouse,2025-02-15,1.593988873924843,0.9435215946843853,1.5039629242347354,1.0,2025-02,Q1 2025
Cortland Inkwell Greenhouse,2025-02-16,1.593988873924843,0.9435215946843853,1.5039629242347354,1.0,2025-02,Q1 2025
Cortland Inkwell Greenhouse,2025-02-17,1.593988873924843,0.9435215946843853,1.5039629242347354,1.0,2025-02,Q1 2025
Cortland Inkwell Greenhouse,2025-02-18,1.593988873924843,0.9435215946843853,1.5039629242347354,1.0,2025-02,Q1 2025
Cortland Inkwell Greenhouse,2025-02-19,1.5956127612380266,0.9435215946843853,1.5054950969820584,1.0,2025-02,Q1 2025
Cortland Inkwell Greenhouse,2025-02-20,1.5956127612380266,0.9435215946843853,1.5054950969820584,1.0,2025-02,Q1 2025
Cortland Inkwell Greenhouse,2025-02-21,1.5956127612380266,0.9435215946843853,1.5054950969820584,1.0,2025-02,Q1 2025
Cortland Inkwell Greenhouse,2025-02-22,1.5956127612380266,0.9435215946843853,1.5054950969820584,1.0,2025-02,Q1 2025
Cortland Inkwell Greenhouse,2025-02-23,1.5956127612380266,0.9435215946843853,1.5054950969820584,1.0,2025-02,Q1 2025
Cortland Inkwell Greenhouse,2025-02-24,1.5956127612380266,0.9435215946843853,1.5054950969820584,1.0,2025-02,Q1 2025
Cortland Inkwell Greenhouse,2025-02-25,1.5956127612380266,0.9435215946843853,1.5054950969820584,1.0,2025-02,Q1 2025
Cortland Inkwell Greenhouse,2025-02-26,1.5956127612380266,0.9435215946843853,1.5054950969820584,1.0,2025-02,Q1 2025
Cortland Inkwell Greenhouse,2025-02-27,1.5956127612380266,0.9435215946843853,1.5054950969820584,1.0,2025-02,Q1 2025
Cortland Inkwell Greenhouse,2025-02-28,1.5955028969595417,0.9401993355481728,1.500090763586546,1.0,2025-02,Q1 2025
Cortland Inkwell Greenhouse,2025-03-01,1.5955028969595417,0.9401993355481728,1.500090763586546,1.0,2025-03,Q1 2025
Cortland Inkwell Greenhouse,2025-03-02,1.5955028969595417,0.9401993355481728,1.500090763586546,1.0,2025-03,Q1 2025
Cortland Inkwell Greenhouse,2025-03-03,1.5955028969595417,0.9368770764119602,1.4947900895102684,1.0,2025-03,Q1 2025
Cortland Inkwell Greenhouse,2025-03-04,1.5955028969595417,0.9368770764119602,1.4947900895102684,1.0,2025-03,Q1 2025
Cortland Inkwell Greenhouse,2025-03-05,1.5955028969595417,0.9368770764119602,1.4947900895102684,1.0,2025-03,Q1 2025
Cortland Inkwell Greenhouse,2025-03-06,1.5946290722363652,0.9302325581395349,1.4833758811501072,1.0,2025-03,Q1 2025
Cortland Inkwell Greenhouse,2025-03-07,1.5944368141409833,0.9335548172757475,1.4884941686831106,1.0,2025-03,Q1 2025
Cortland Inkwell Greenhouse,2025-03-08,1.5944368141409833,0.9368770764119602,1.4937913009560042,1.0,2025-03,Q1 2025
Cortland Inkwell Greenhouse,2025-03-09,1.5944368141409833,0.9368770764119602,1.4937913009560042,1.0,2025-03,Q1 2025
Cortland Inkwell Greenhouse,2025-03-10,1.5944368141409833,0.9335548172757475,1.4884941686831106,1.0,2025-03,Q1 2025
Cortland Inkwell Greenhouse,2025-03-11,1.5944368141409833,0.9335548172757475,1.4884941686831106,1.0,2025-03,Q1 2025
Cortland Inkwell Greenhouse,2025-03-12,1.5944368141409833,0.9335548172757475,1.4884941686831106,1.0,2025-03,Q1 2025
Cortland Inkwell Greenhouse,2025-03-13,1.5944368141409833,0.9302325581395349,1.483197036410217,1.0,2025-03,Q1 2025
Cortland Inkwell Greenhouse,2025-03-14,1.5944368141409833,0.9302325581395349,1.483197036410217,1.0,2025-03,Q1 2025
Cortland Inkwell Greenhouse,2025-03-15,1.5944368141409833,0.9302325581395349,1.483197036410217,1.0,2025-03,Q1 2025
Cortland Inkwell Greenhouse,2025-03-16,1.5944368141409833,0.9302325581395349,1.483197036410217,1.0,2025-03,Q1 2025
Cortland Inkwell Greenhouse,2025-03-17,1.5944368141409833,0.920265780730897,1.467305639591536,1.0,2025-03,Q1 2025
Cortland Inkwell Greenhouse,2025-03-18,1.5944368141409833,0.920265780730897,1.467305639591536,1.0,2025-03,Q1 2025
Cortland Inkwell Greenhouse,2025-03-19,1.5944368141409833,0.920265780730897,1.467305639591536,1.0,2025-03,Q1 2025
Cortland Inkwell Greenhouse,2025-03-20,1.5944368141409833,0.920265780730897,1.467305639591536,1.0,2025-03,Q1 2025
Cortland Inkwell Greenhouse,2025-03-21,1.5944368141409833,0.920265780730897,1.467305639591536,1.0,2025-03,Q1 2025
Cortland Inkwell Greenhouse,2025-03-22,1.5944368141409833,0.9102990033222591,1.4514142427728551,1.0,2025-03,Q1 2025
Cortland Inkwell Greenhouse,2025-03-23,1.5944368141409833,0.9102990033222591,1.4514142427728551,1.0,2025-03,Q1 2025
Cortland Inkwell Greenhouse,2025-03-24,1.5934163816344937,0.9136212624584718,1.4557790862109161,1.0,2025-03,Q1 2025
Cortland Inkwell Greenhouse,2025-03-25,1.5934163816344937,0.9169435215946844,1.4610728283425922,1.0,2025-03,Q1 2025
Cortland Inkwell Greenhouse,2025-03-26,1.5934163816344937,0.9136212624584718,1.4557790862109161,1.0,2025-03,Q1 2025
Cortland Inkwell Greenhouse,2025-03-27,1.5934163816344937,0.9102990033222591,1.45048534407924,1.0,2025-03,Q1 2025
Cortland Inkwell Greenhouse,2025-03-28,1.5934163816344937,0.9102990033222591,1.45048534407924,1.0,2025-03,Q1 2025
Cortland Inkwell Greenhouse,2025-03-29,1.5934163816344937,0.9102990033222591,1.45048534407924,1.0,2025-03,Q1 2025
Cortland Inkwell Greenhouse,2025-03-30,1.5934163816344937,0.9102990033222591,1.45048534407924,1.0,2025-03,Q1 2025
Cortland Inkwell Greenhouse,2025-03-31,1.5934163816344937,0.9069767441860466,1.4451916019475641,1.0,2025-03,Q1 2025
Cortland Inkwell Greenhouse,2025-04-01,1.5927463882965966,0.9069767441860466,1.444583933571332,1.0,2025-04,Q2 2025
Cortland Inkwell Greenhouse,2025-04-02,1.594218596447736,0.9102990033222591,1.4512155994241849,1.0,2025-04,Q2 2025
Cortland Inkwell Greenhouse,2025-04-03,1.594218596447736,0.9169435215946844,1.4618084140185221,1.0,2025-04,Q2 2025
Cortland Inkwell Greenhouse,2025-04-04,1.5946001960876335,0.9169435215946844,1.462158319336169,1.0,2025-04,Q2 2025
Cortland Inkwell Greenhouse,2025-04-05,1.5946001960876335,0.9169435215946844,1.462158319336169,1.0,2025-04,Q2 2025
Cortland Inkwell Greenhouse,2025-04-06,1.5946001960876335,0.9169435215946844,1.462158319336169,1.0,2025-04,Q2 2025
Cortland Inkwell Greenhouse,2025-04-07,1.595116480866685,0.9102990033222591,1.4520329427158527,1.0,2025-04,Q2 2025
Cortland Inkwell Greenhouse,2025-04-08,1.595116480866685,0.9169435215946844,1.462631723319618,1.0,2025-04,Q2 2025
Cortland Inkwell Greenhouse,2025-04-09,1.594051317802064,0.9169435215946844,1.461655028948072,1.0,2025-04,Q2 2025
Cortland Inkwell Greenhouse,2025-04-10,1.594051317802064,0.9235880398671097,1.4722467320563914,1.0,2025-04,Q2 2025
Cortland Inkwell Greenhouse,2025-04-11,1.5943309720573837,0.9235880398671097,1.4725050173819028,1.0,2025-04,Q2 2025
Cortland Inkwell Greenhouse,2025-04-12,1.5943309720573837,0.9269102990033222,1.477801798019967,1.0,2025-04,Q2 2025
Cortland Inkwell Greenhouse,2025-04-13,1.597914133427906,0.9269102990033222,1.4811230671972948,1.0,2025-04,Q2 2025
Territory at Greenhouse,2024-05-28,1.4494474482756405,0.9166666666666666,1.3286601609193371,1.0,2024-05,Q2 2024
Territory at Greenhouse,2024-05-29,1.4494474482756405,0.9270833333333334,1.3437585718388751,1.0,2024-05,Q2 2024
Territory at Greenhouse,2024-05-30,1.4544040322006644,0.9270833333333334,1.3483537381860327,1.0,2024-05,Q2 2024
Territory at Greenhouse,2024-05-31,1.4529271532334185,0.9270833333333334,1.3469845483101484,1.0,2024-05,Q2 2024
Territory at Greenhouse,2024-06-01,1.4529271532334185,0.9305555555555556,1.3520294342588757,1.0,2024-06,Q2 2024
Territory at Greenhouse,2024-06-02,1.4607358101090069,0.9270833333333334,1.3542238239552251,1.0,2024-06,Q2 2024
Territory at Greenhouse,2024-06-03,1.4607358101090069,0.9305555555555556,1.3592958232958814,1.0,2024-06,Q2 2024
Territory at Greenhouse,2024-06-04,1.4607358101090069,0.9305555555555556,1.3592958232958814,1.0,2024-06,Q2 2024
Territory at Greenhouse,2024-06-05,1.4607358101090069,0.9236111111111112,1.3491518246145688,1.0,2024-06,Q2 2024
Territory at Greenhouse,2024-06-06,1.4607358101090069,0.9236111111111112,1.3491518246145688,1.0,2024-06,Q2 2024
Territory at Greenhouse,2024-06-07,1.4607358101090069,0.9201388888888888,1.3440798252739126,1.0,2024-06,Q2 2024
Territory at Greenhouse,2024-06-08,1.4607358101090069,0.9201388888888888,1.3440798252739126,1.0,2024-06,Q2 2024
Territory at Greenhouse,2024-06-09,1.4607358101090069,0.9201388888888888,1.3440798252739126,1.0,2024-06,Q2 2024
Territory at Greenhouse,2024-06-10,1.4607358101090069,0.9201388888888888,1.3440798252739126,1.0,2024-06,Q2 2024
Territory at Greenhouse,2024-06-11,1.4607358101090069,0.9201388888888888,1.3440798252739126,1.0,2024-06,Q2 2024
Territory at Greenhouse,2024-06-12,1.4607358101090069,0.9201388888888888,1.3440798252739126,1.0,2024-06,Q2 2024
Territory at Greenhouse,2024-06-13,1.4607358101090069,0.9201388888888888,1.3440798252739126,1.0,2024-06,Q2 2024
Territory at Greenhouse,2024-06-14,1.4607358101090069,0.9201388888888888,1.3440798252739126,1.0,2024-06,Q2 2024
Territory at Greenhouse,2024-06-15,1.4607358101090069,0.9201388888888888,1.3440798252739126,1.0,2024-06,Q2 2024
Territory at Greenhouse,2024-06-16,1.4607358101090069,0.9201388888888888,1.3440798252739126,1.0,2024-06,Q2 2024
Territory at Greenhouse,2024-06-17,1.4607358101090069,0.9201388888888888,1.3440798252739126,1.0,2024-06,Q2 2024
Territory at Greenhouse,2024-06-18,1.4607358101090069,0.9097222222222222,1.3288638272519437,1.0,2024-06,Q2 2024
Territory at Greenhouse,2024-06-19,1.4618933819544069,0.90625,1.3248408773961813,1.0,2024-06,Q2 2024
Territory at Greenhouse,2024-06-20,1.4449617639832146,0.9097222222222222,1.3145138269569523,1.0,2024-06,Q2 2024
Territory at Greenhouse,2024-06-21,1.4273842482168708,0.9131944444444444,1.3034793655591563,1.0,2024-06,Q2 2024
Territory at Greenhouse,2024-06-22,1.4217219878268421,0.9236111111111112,1.3131182248678472,1.0,2024-06,Q2 2024
Territory at Greenhouse,2024-06-23,1.4217219878268421,0.9270833333333334,1.3180547595478016,1.0,2024-06,Q2 2024
Territory at Greenhouse,2024-06-24,1.4217219878268421,0.9270833333333334,1.3180547595478016,1.0,2024-06,Q2 2024
Territory at Greenhouse,2024-06-25,1.4217219878268421,0.9270833333333334,1.3180547595478016,1.0,2024-06,Q2 2024
Territory at Greenhouse,2024-06-26,1.4217219878268421,0.9270833333333334,1.3180547595478016,1.0,2024-06,Q2 2024
Territory at Greenhouse,2024-06-27,1.4217219878268421,0.9236111111111112,1.3131182248678472,1.0,2024-06,Q2 2024
Territory at Greenhouse,2024-06-28,1.4163461315740027,0.9236111111111112,1.3081530243009887,1.0,2024-06,Q2 2024
Territory at Greenhouse,2024-06-29,1.4163461315740027,0.9270833333333334,1.3130708928133983,1.0,2024-06,Q2 2024
Territory at Greenhouse,2024-06-30,1.4163461315740027,0.9270833333333334,1.3130708928133983,1.0,2024-06,Q2 2024
Territory at Greenhouse,2024-07-01,1.4163461315740027,0.9270833333333334,1.3130708928133983,1.0,2024-07,Q3 2024
Territory at Greenhouse,2024-07-02,1.4163461315740027,0.9201388888888888,1.3032351557885788,1.0,2024-07,Q3 2024
Territory at Greenhouse,2024-07-03,1.4163461315740027,0.9166666666666666,1.298317287276169,1.0,2024-07,Q3 2024
Territory at Greenhouse,2024-07-04,1.4163461315740027,0.9166666666666666,1.298317287276169,1.0,2024-07,Q3 2024
Territory at Greenhouse,2024-07-05,1.4163461315740027,0.9166666666666666,1.298317287276169,1.0,2024-07,Q3 2024
Territory at Greenhouse,2024-07-06,1.4111084583999471,0.9131944444444444,1.2886164047193962,1.0,2024-07,Q3 2024
Territory at Greenhouse,2024-07-07,1.4111084583999471,0.9131944444444444,1.2886164047193962,1.0,2024-07,Q3 2024
Territory at Greenhouse,2024-07-08,1.4111084583999471,0.9131944444444444,1.2886164047193962,1.0,2024-07,Q3 2024
Territory at Greenhouse,2024-07-09,1.4111084583999471,0.9131944444444444,1.2886164047193962,1.0,2024-07,Q3 2024
Territory at Greenhouse,2024-07-10,1.4111084583999471,0.9131944444444444,1.2886164047193962,1.0,2024-07,Q3 2024
Territory at Greenhouse,2024-07-11,1.3981626116391577,0.9131944444444444,1.276794329378814,1.0,2024-07,Q3 2024
Territory at Greenhouse,2024-07-12,1.3981626116391577,0.9166666666666666,1.281649060669228,1.0,2024-07,Q3 2024
Territory at Greenhouse,2024-07-13,1.3981626116391577,0.9166666666666666,1.281649060669228,1.0,2024-07,Q3 2024
Territory at Greenhouse,2024-07-14,1.3981626116391577,0.9166666666666666,1.281649060669228,1.0,2024-07,Q3 2024
Territory at Greenhouse,2024-07-15,1.393450708271999,0.9166666666666666,1.277329815915999,1.0,2024-07,Q3 2024
Territory at Greenhouse,2024-07-16,1.393450708271999,0.9201388888888888,1.2821681864308323,1.0,2024-07,Q3 2024
Territory at Greenhouse,2024-07-17,1.393450708271999,0.9201388888888888,1.2821681864308323,1.0,2024-07,Q3 2024
Territory at Greenhouse,2024-07-18,1.393450708271999,0.9166666666666666,1.277329815915999,1.0,2024-07,Q3 2024
Territory at Greenhouse,2024-07-19,1.3888798101578415,0.9166666666666666,1.2731398259780213,1.0,2024-07,Q3 2024
Territory at Greenhouse,2024-07-20,1.3888798101578415,0.9201388888888888,1.277962325318847,1.0,2024-07,Q3 2024
Territory at Greenhouse,2024-07-21,1.3888798101578415,0.9201388888888888,1.277962325318847,1.0,2024-07,Q3 2024
Territory at Greenhouse,2024-07-22,1.4106693467483635,0.9166666666666666,1.2931135678526666,1.0,2024-07,Q3 2024
Territory at Greenhouse,2024-07-23,1.4316076718393442,0.9166666666666666,1.3123070325193988,1.0,2024-07,Q3 2024
Territory at Greenhouse,2024-07-24,1.4165853916481175,0.9166666666666666,1.2985366090107744,1.0,2024-07,Q3 2024
Territory at Greenhouse,2024-07-25,1.4024849936172576,0.9236111111111112,1.295350723271495,1.0,2024-07,Q3 2024
Territory at Greenhouse,2024-07-26,1.4024849936172576,0.9305555555555556,1.305090202393837,1.0,2024-07,Q3 2024
Territory at Greenhouse,2024-07-27,1.4024849936172576,0.9305555555555556,1.305090202393837,1.0,2024-07,Q3 2024
Territory at Greenhouse,2024-07-28,1.4024849936172576,0.9305555555555556,1.305090202393837,1.0,2024-07,Q3 2024
Territory at Greenhouse,2024-07-29,1.4024849936172576,0.9305555555555556,1.305090202393837,1.0,2024-07,Q3 2024
Territory at Greenhouse,2024-07-30,1.4024849936172576,0.9236111111111112,1.295350723271495,1.0,2024-07,Q3 2024
Territory at Greenhouse,2024-07-31,1.4024849936172576,0.9166666666666666,1.2856112441491527,1.0,2024-07,Q3 2024
Territory at Greenhouse,2024-08-01,1.401114952176725,0.9131944444444444,1.2794903903558288,1.0,2024-08,Q3 2024
Territory at Greenhouse,2024-08-02,1.401114952176725,0.9131944444444444,1.2794903903558288,1.0,2024-08,Q3 2024
Territory at Greenhouse,2024-08-03,1.401114952176725,0.9131944444444444,1.2794903903558288,1.0,2024-08,Q3 2024
Territory at Greenhouse,2024-08-04,1.401114952176725,0.9131944444444444,1.2794903903558288,1.0,2024-08,Q3 2024
Territory at Greenhouse,2024-08-05,1.4047243052739598,0.9097222222222222,1.277908916603394,1.0,2024-08,Q3 2024
Territory at Greenhouse,2024-08-06,1.4047243052739598,0.9097222222222222,1.277908916603394,1.0,2024-08,Q3 2024
Territory at Greenhouse,2024-08-07,1.4047243052739598,0.90625,1.273031401654526,1.0,2024-08,Q3 2024
Territory at Greenhouse,2024-08-08,1.4047243052739598,0.90625,1.273031401654526,1.0,2024-08,Q3 2024
Territory at Greenhouse,2024-08-09,1.409275010048684,0.9027777777777778,1.2722621618495062,1.0,2024-08,Q3 2024
Territory at Greenhouse,2024-08-10,1.409275010048684,0.9097222222222222,1.2820487938637333,1.0,2024-08,Q3 2024
Territory at Greenhouse,2024-08-11,1.409275010048684,0.9097222222222222,1.2820487938637333,1.0,2024-08,Q3 2024
Territory at Greenhouse,2024-08-12,1.4092452751191018,0.9097222222222222,1.2820217433375163,1.0,2024-08,Q3 2024
Territory at Greenhouse,2024-08-13,1.4100590708644292,0.9131944444444444,1.2876581098518918,1.0,2024-08,Q3 2024
Territory at Greenhouse,2024-08-14,1.4135100346346536,0.9131944444444444,1.2908095107948399,1.0,2024-08,Q3 2024
Territory at Greenhouse,2024-08-15,1.4135100346346536,0.9166666666666666,1.2957175317484324,1.0,2024-08,Q3 2024
Territory at Greenhouse,2024-08-16,1.4135100346346536,0.9166666666666666,1.2957175317484324,1.0,2024-08,Q3 2024
Territory at Greenhouse,2024-08-17,1.4135100346346536,0.9166666666666666,1.2957175317484324,1.0,2024-08,Q3 2024
Territory at Greenhouse,2024-08-18,1.4135100346346536,0.9166666666666666,1.2957175317484324,1.0,2024-08,Q3 2024
Territory at Greenhouse,2024-08-19,1.4135100346346536,0.9166666666666666,1.2957175317484324,1.0,2024-08,Q3 2024
Territory at Greenhouse,2024-08-20,1.4135100346346536,0.9166666666666666,1.2957175317484324,1.0,2024-08,Q3 2024
Territory at Greenhouse,2024-08-21,1.4095700567728793,0.9166666666666666,1.2921058853751393,1.0,2024-08,Q3 2024
Territory at Greenhouse,2024-08-22,1.403428639449289,0.9201388888888888,1.2913492689377137,1.0,2024-08,Q3 2024
Territory at Greenhouse,2024-08-23,1.403428639449289,0.9201388888888888,1.2913492689377137,1.0,2024-08,Q3 2024
Territory at Greenhouse,2024-08-24,1.403428639449289,0.9201388888888888,1.2913492689377137,1.0,2024-08,Q3 2024
Territory at Greenhouse,2024-08-25,1.403428639449289,0.9201388888888888,1.2913492689377137,1.0,2024-08,Q3 2024
Territory at Greenhouse,2024-08-26,1.4388015202128774,0.9166666666666666,1.318901393528471,1.0,2024-08,Q3 2024
Territory at Greenhouse,2024-08-27,1.4388015202128774,0.9131944444444444,1.3139055549166208,1.0,2024-08,Q3 2024
Territory at Greenhouse,2024-08-28,1.4324525229450182,0.9131944444444444,1.3081076858838188,1.0,2024-08,Q3 2024
Territory at Greenhouse,2024-08-29,1.4324525229450182,0.9166666666666666,1.3130814793662666,1.0,2024-08,Q3 2024
Territory at Greenhouse,2024-08-30,1.4324525229450182,0.9166666666666666,1.3130814793662666,1.0,2024-08,Q3 2024
Territory at Greenhouse,2024-08-31,1.4324525229450182,0.9166666666666666,1.3130814793662666,1.0,2024-08,Q3 2024
Territory at Greenhouse,2024-09-01,1.4324525229450182,0.9166666666666666,1.3130814793662666,1.0,2024-09,Q3 2024
Territory at Greenhouse,2024-09-02,1.4324525229450182,0.9166666666666666,1.3130814793662666,1.0,2024-09,Q3 2024
Territory at Greenhouse,2024-09-03,1.4324525229450182,0.9166666666666666,1.3130814793662666,1.0,2024-09,Q3 2024
Territory at Greenhouse,2024-09-04,1.4303955204285639,0.9131944444444444,1.3062292426135844,1.0,2024-09,Q3 2024
Territory at Greenhouse,2024-09-05,1.4306077070535332,0.9166666666666666,1.3113903981324053,1.0,2024-09,Q3 2024
Territory at Greenhouse,2024-09-06,1.4306077070535332,0.9236111111111112,1.321325173875833,1.0,2024-09,Q3 2024
Territory at Greenhouse,2024-09-07,1.4306077070535332,0.9201388888888888,1.3163577860041191,1.0,2024-09,Q3 2024
Territory at Greenhouse,2024-09-08,1.4306077070535332,0.9201388888888888,1.3163577860041191,1.0,2024-09,Q3 2024
Territory at Greenhouse,2024-09-09,1.4306077070535332,0.9201388888888888,1.3163577860041191,1.0,2024-09,Q3 2024
Territory at Greenhouse,2024-09-10,1.4306077070535332,0.9166666666666666,1.3113903981324053,1.0,2024-09,Q3 2024
Territory at Greenhouse,2024-09-11,1.4306077070535332,0.9166666666666666,1.3113903981324053,1.0,2024-09,Q3 2024
Territory at Greenhouse,2024-09-12,1.4306077070535332,0.9131944444444444,1.3064230102606917,1.0,2024-09,Q3 2024
Territory at Greenhouse,2024-09-13,1.4306077070535332,0.9097222222222222,1.3014556223889782,1.0,2024-09,Q3 2024
Territory at Greenhouse,2024-09-14,1.4249637447075016,0.90625,1.2913733936411733,1.0,2024-09,Q3 2024
Territory at Greenhouse,2024-09-15,1.4249637447075016,0.9131944444444444,1.3012689752016422,1.0,2024-09,Q3 2024
Territory at Greenhouse,2024-09-16,1.4249637447075016,0.9131944444444444,1.3012689752016422,1.0,2024-09,Q3 2024
Territory at Greenhouse,2024-09-17,1.4571492530714287,0.9097222222222222,1.3256010566135914,1.0,2024-09,Q3 2024
Territory at Greenhouse,2024-09-18,1.4571128963148887,0.9131944444444444,1.3306274018431101,1.0,2024-09,Q3 2024
Territory at Greenhouse,2024-09-19,1.4571128963148887,0.9131944444444444,1.3306274018431101,1.0,2024-09,Q3 2024
Territory at Greenhouse,2024-09-20,1.4571128963148887,0.90625,1.3205085622853678,1.0,2024-09,Q3 2024
Territory at Greenhouse,2024-09-21,1.4571128963148887,0.90625,1.3205085622853678,1.0,2024-09,Q3 2024
Territory at Greenhouse,2024-09-22,1.4571128963148887,0.9027777777777778,1.3154491425064967,1.0,2024-09,Q3 2024
Territory at Greenhouse,2024-09-23,1.4571128963148887,0.9027777777777778,1.3154491425064967,1.0,2024-09,Q3 2024
Territory at Greenhouse,2024-09-24,1.4571128963148887,0.8923611111111112,1.3002708831698835,1.0,2024-09,Q3 2024
Territory at Greenhouse,2024-09-25,1.4583926254655069,0.8923611111111112,1.3014128636966502,1.0,2024-09,Q3 2024
Territory at Greenhouse,2024-09-26,1.4583926254655069,0.8993055555555556,1.311540590262383,1.0,2024-09,Q3 2024
Territory at Greenhouse,2024-09-27,1.4583926254655069,0.8958333333333334,1.3064767269795166,1.0,2024-09,Q3 2024
Territory at Greenhouse,2024-09-28,1.4583926254655069,0.8923611111111112,1.3014128636966502,1.0,2024-09,Q3 2024
Territory at Greenhouse,2024-09-29,1.4583926254655069,0.8888888888888888,1.2963490004137839,1.0,2024-09,Q3 2024
Territory at Greenhouse,2024-09-30,1.4583926254655069,0.8819444444444444,1.2862212738480512,1.0,2024-09,Q3 2024
Territory at Greenhouse,2024-10-01,1.4583926254655069,0.8784722222222222,1.2811574105651848,1.0,2024-10,Q4 2024
Territory at Greenhouse,2024-10-02,1.4590633870130454,0.8784722222222222,1.2817466559524322,1.0,2024-10,Q4 2024
Territory at Greenhouse,2024-10-03,1.4590633870130454,0.8784722222222222,1.2817466559524322,1.0,2024-10,Q4 2024
Territory at Greenhouse,2024-10-04,1.4590633870130454,0.8784722222222222,1.2817466559524322,1.0,2024-10,Q4 2024
Territory at Greenhouse,2024-10-05,1.4590633870130454,0.875,1.2766804636364146,1.0,2024-10,Q4 2024
Territory at Greenhouse,2024-10-06,1.459724500823633,0.875,1.277258938220679,1.0,2024-10,Q4 2024
Territory at Greenhouse,2024-10-07,1.459724500823633,0.8784722222222222,1.282327426070761,1.0,2024-10,Q4 2024
Territory at Greenhouse,2024-10-08,1.459724500823633,0.875,1.277258938220679,1.0,2024-10,Q4 2024
Territory at Greenhouse,2024-10-09,1.459724500823633,0.875,1.277258938220679,1.0,2024-10,Q4 2024
Territory at Greenhouse,2024-10-10,1.459724500823633,0.8680555555555556,1.2671219625205148,1.0,2024-10,Q4 2024
Territory at Greenhouse,2024-10-11,1.457555150503548,0.8680555555555556,1.265238845923219,1.0,2024-10,Q4 2024
Territory at Greenhouse,2024-10-12,1.4606834067866121,0.8715277777777778,1.27302616355361,1.0,2024-10,Q4 2024
Territory at Greenhouse,2024-10-13,1.4606834067866121,0.875,1.2780979809382855,1.0,2024-10,Q4 2024
Territory at Greenhouse,2024-10-14,1.4613162749844444,0.875,1.2786517406113889,1.0,2024-10,Q4 2024
Territory at Greenhouse,2024-10-15,1.4613162749844444,0.875,1.2786517406113889,1.0,2024-10,Q4 2024
Territory at Greenhouse,2024-10-16,1.4613162749844444,0.875,1.2786517406113889,1.0,2024-10,Q4 2024
Territory at Greenhouse,2024-10-17,1.4613162749844444,0.875,1.2786517406113889,1.0,2024-10,Q4 2024
Territory at Greenhouse,2024-10-18,1.4618826332542916,0.8715277777777778,1.2740713227320388,1.0,2024-10,Q4 2024
Territory at Greenhouse,2024-10-19,1.4601881625362165,0.875,1.2776646422191895,1.0,2024-10,Q4 2024
Territory at Greenhouse,2024-10-20,1.4601881625362165,0.8784722222222222,1.2827347400057736,1.0,2024-10,Q4 2024
Territory at Greenhouse,2024-10-21,1.4601881625362165,0.8784722222222222,1.2827347400057736,1.0,2024-10,Q4 2024
Territory at Greenhouse,2024-10-22,1.4601881625362165,0.8784722222222222,1.2827347400057736,1.0,2024-10,Q4 2024
Territory at Greenhouse,2024-10-23,1.4601881625362165,0.8784722222222222,1.2827347400057736,1.0,2024-10,Q4 2024
Territory at Greenhouse,2024-10-24,1.4585315302454658,0.8784722222222222,1.2812794345559126,1.0,2024-10,Q4 2024
Territory at Greenhouse,2024-10-25,1.4585315302454658,0.8819444444444444,1.2863437801470428,1.0,2024-10,Q4 2024
Territory at Greenhouse,2024-10-26,1.4585315302454658,0.8819444444444444,1.2863437801470428,1.0,2024-10,Q4 2024
Territory at Greenhouse,2024-10-27,1.4585315302454658,0.8819444444444444,1.2863437801470428,1.0,2024-10,Q4 2024
Territory at Greenhouse,2024-10-28,1.4585315302454658,0.8819444444444444,1.2863437801470428,1.0,2024-10,Q4 2024
Territory at Greenhouse,2024-10-29,1.4585315302454658,0.8784722222222222,1.2812794345559126,1.0,2024-10,Q4 2024
Territory at Greenhouse,2024-10-30,1.4585315302454658,0.875,1.2762150889647825,1.0,2024-10,Q4 2024
Territory at Greenhouse,2024-10-31,1.4585315302454658,0.875,1.2762150889647825,1.0,2024-10,Q4 2024
Territory at Greenhouse,2024-11-01,1.4585315302454658,0.8680555555555556,1.2660863977825225,1.0,2024-11,Q4 2024
Territory at Greenhouse,2024-11-02,1.457291130162248,0.8680555555555556,1.2650096615991737,1.0,2024-11,Q4 2024
Territory at Greenhouse,2024-11-03,1.457291130162248,0.875,1.275129738891967,1.0,2024-11,Q4 2024
Territory at Greenhouse,2024-11-04,1.457291130162248,0.875,1.275129738891967,1.0,2024-11,Q4 2024
Territory at Greenhouse,2024-11-05,1.457291130162248,0.8715277777777778,1.2700697002455703,1.0,2024-11,Q4 2024
Territory at Greenhouse,2024-11-06,1.457291130162248,0.8715277777777778,1.2700697002455703,1.0,2024-11,Q4 2024
Territory at Greenhouse,2024-11-07,1.460218098554904,0.8715277777777778,1.2726206345044477,1.0,2024-11,Q4 2024
Territory at Greenhouse,2024-11-08,1.460218098554904,0.875,1.277690836235541,1.0,2024-11,Q4 2024
Territory at Greenhouse,2024-11-09,1.458220201771538,0.875,1.2759426765500956,1.0,2024-11,Q4 2024
Territory at Greenhouse,2024-11-10,1.4585775401777825,0.875,1.2762553476555598,1.0,2024-11,Q4 2024
Territory at Greenhouse,2024-11-11,1.4585775401777825,0.8784722222222222,1.2813198530033991,1.0,2024-11,Q4 2024
Territory at Greenhouse,2024-11-12,1.457081054333033,0.875,1.274945922541404,1.0,2024-11,Q4 2024
Territory at Greenhouse,2024-11-13,1.457081054333033,0.8819444444444444,1.2850645409742723,1.0,2024-11,Q4 2024
Territory at Greenhouse,2024-11-14,1.457081054333033,0.875,1.274945922541404,1.0,2024-11,Q4 2024
Territory at Greenhouse,2024-11-15,1.4551888783736162,0.8680555555555556,1.2631847902548752,1.0,2024-11,Q4 2024
Territory at Greenhouse,2024-11-16,1.4590154845057561,0.8715277777777778,1.2715725229546695,1.0,2024-11,Q4 2024
Territory at Greenhouse,2024-11-17,1.4607947822586267,0.875,1.2781954344762982,1.0,2024-11,Q4 2024
Territory at Greenhouse,2024-11-18,1.460550818009127,0.8784722222222222,1.283053322764962,1.0,2024-11,Q4 2024
Territory at Greenhouse,2024-11-19,1.460550818009127,0.8819444444444444,1.2881246797719383,1.0,2024-11,Q4 2024
Territory at Greenhouse,2024-11-20,1.460550818009127,0.8819444444444444,1.2881246797719383,1.0,2024-11,Q4 2024
Territory at Greenhouse,2024-11-21,1.4628959458563795,0.8819444444444444,1.2901929522483346,1.0,2024-11,Q4 2024
Territory at Greenhouse,2024-11-22,1.461383423322667,0.8854166666666666,1.293933239400278,1.0,2024-11,Q4 2024
Territory at Greenhouse,2024-11-23,1.461383423322667,0.8888888888888888,1.2990074873979263,1.0,2024-11,Q4 2024
Territory at Greenhouse,2024-11-24,1.461874986351773,0.8854166666666666,1.2943684774989657,1.0,2024-11,Q4 2024
Territory at Greenhouse,2024-11-25,1.461874986351773,0.8854166666666666,1.2943684774989657,1.0,2024-11,Q4 2024
Territory at Greenhouse,2024-11-26,1.461874986351773,0.8854166666666666,1.2943684774989657,1.0,2024-11,Q4 2024
Territory at Greenhouse,2024-11-27,1.4641589559157593,0.8819444444444444,1.291306856953482,1.0,2024-11,Q4 2024
Territory at Greenhouse,2024-11-28,1.4641589559157593,0.8854166666666666,1.2963907422170784,1.0,2024-11,Q4 2024
Territory at Greenhouse,2024-11-29,1.4641589559157593,0.8854166666666666,1.2963907422170784,1.0,2024-11,Q4 2024
Territory at Greenhouse,2024-11-30,1.4666408342133108,0.8819444444444444,1.293495735729795,1.0,2024-11,Q4 2024
Territory at Greenhouse,2024-12-01,1.4666408342133108,0.8854166666666666,1.298588238626369,1.0,2024-12,Q4 2024
Territory at Greenhouse,2024-12-02,1.4666408342133108,0.8854166666666666,1.298588238626369,1.0,2024-12,Q4 2024
Territory at Greenhouse,2024-12-03,1.4666408342133108,0.8854166666666666,1.298588238626369,1.0,2024-12,Q4 2024
Territory at Greenhouse,2024-12-04,1.4666408342133108,0.8819444444444444,1.293495735729795,1.0,2024-12,Q4 2024
Territory at Greenhouse,2024-12-05,1.467140897205196,0.8819444444444444,1.2939367635073604,1.0,2024-12,Q4 2024
Territory at Greenhouse,2024-12-06,1.467140897205196,0.8854166666666666,1.2990310027337673,1.0,2024-12,Q4 2024
Territory at Greenhouse,2024-12-07,1.467140897205196,0.8819444444444444,1.2939367635073604,1.0,2024-12,Q4 2024
Territory at Greenhouse,2024-12-08,1.467140897205196,0.8715277777777778,1.2786540458281397,1.0,2024-12,Q4 2024
Territory at Greenhouse,2024-12-09,1.467140897205196,0.8715277777777778,1.2786540458281397,1.0,2024-12,Q4 2024
Territory at Greenhouse,2024-12-10,1.4693622522168193,0.8680555555555556,1.2754880661604335,1.0,2024-12,Q4 2024
Territory at Greenhouse,2024-12-11,1.4693622522168193,0.8680555555555556,1.2754880661604335,1.0,2024-12,Q4 2024
Territory at Greenhouse,2024-12-12,1.4693622522168193,0.8645833333333334,1.2703861138957917,1.0,2024-12,Q4 2024
Territory at Greenhouse,2024-12-13,1.4693622522168193,0.8645833333333334,1.2703861138957917,1.0,2024-12,Q4 2024
Territory at Greenhouse,2024-12-14,1.4693622522168193,0.8645833333333334,1.2703861138957917,1.0,2024-12,Q4 2024
Territory at Greenhouse,2024-12-15,1.4693622522168193,0.8645833333333334,1.2703861138957917,1.0,2024-12,Q4 2024
Territory at Greenhouse,2024-12-16,1.4693622522168193,0.8645833333333334,1.2703861138957917,1.0,2024-12,Q4 2024
Territory at Greenhouse,2024-12-17,1.4693622522168193,0.8645833333333334,1.2703861138957917,1.0,2024-12,Q4 2024
Territory at Greenhouse,2024-12-18,1.4693622522168193,0.8645833333333334,1.2703861138957917,1.0,2024-12,Q4 2024
Territory at Greenhouse,2024-12-19,1.4693622522168193,0.8645833333333334,1.2703861138957917,1.0,2024-12,Q4 2024
Territory at Greenhouse,2024-12-20,1.4693622522168193,0.8645833333333334,1.2703861138957917,1.0,2024-12,Q4 2024
Territory at Greenhouse,2024-12-21,1.4693622522168193,0.8611111111111112,1.26528416163115,1.0,2024-12,Q4 2024
Territory at Greenhouse,2024-12-22,1.4693622522168193,0.8611111111111112,1.26528416163115,1.0,2024-12,Q4 2024
Territory at Greenhouse,2024-12-23,1.4693622522168193,0.8576388888888888,1.260182209366508,1.0,2024-12,Q4 2024
Territory at Greenhouse,2024-12-24,1.4693622522168193,0.8576388888888888,1.260182209366508,1.0,2024-12,Q4 2024
Territory at Greenhouse,2024-12-25,1.4693622522168193,0.8576388888888888,1.260182209366508,1.0,2024-12,Q4 2024
Territory at Greenhouse,2024-12-26,1.4693622522168193,0.8576388888888888,1.260182209366508,1.0,2024-12,Q4 2024
Territory at Greenhouse,2024-12-27,1.4693622522168193,0.8576388888888888,1.260182209366508,1.0,2024-12,Q4 2024
Territory at Greenhouse,2024-12-28,1.4693622522168193,0.8541666666666666,1.2550802571018664,1.0,2024-12,Q4 2024
Territory at Greenhouse,2024-12-29,1.4693622522168193,0.8541666666666666,1.2550802571018664,1.0,2024-12,Q4 2024
Territory at Greenhouse,2024-12-30,1.4693622522168193,0.8541666666666666,1.2550802571018664,1.0,2024-12,Q4 2024
Territory at Greenhouse,2024-12-31,1.4678467038879797,0.8506944444444444,1.2486890362935938,1.0,2024-12,Q4 2024
Territory at Greenhouse,2025-01-01,1.4660027199854089,0.8541666666666666,1.2522106566542033,1.0,2025-01,Q1 2025
Territory at Greenhouse,2025-01-02,1.4660027199854089,0.8506944444444444,1.2471203694320319,1.0,2025-01,Q1 2025
Territory at Greenhouse,2025-01-03,1.4660027199854089,0.8472222222222222,1.2420300822098602,1.0,2025-01,Q1 2025
Territory at Greenhouse,2025-01-04,1.4660027199854089,0.8472222222222222,1.2420300822098602,1.0,2025-01,Q1 2025
Territory at Greenhouse,2025-01-05,1.4660027199854089,0.8472222222222222,1.2420300822098602,1.0,2025-01,Q1 2025
Territory at Greenhouse,2025-01-06,1.4642943147074468,0.8472222222222222,1.240582683293809,1.0,2025-01,Q1 2025
Territory at Greenhouse,2025-01-07,1.4642943147074468,0.8506944444444444,1.2456670385532098,1.0,2025-01,Q1 2025
Territory at Greenhouse,2025-01-08,1.4642943147074468,0.8472222222222222,1.240582683293809,1.0,2025-01,Q1 2025
Territory at Greenhouse,2025-01-09,1.4673817912343265,0.84375,1.238103386353963,1.0,2025-01,Q1 2025
Territory at Greenhouse,2025-01-10,1.4673817912343265,0.8472222222222222,1.243198462017971,1.0,2025-01,Q1 2025
Territory at Greenhouse,2025-01-11,1.4660908599049507,0.8402777777777778,1.2319235697812434,1.0,2025-01,Q1 2025
Territory at Greenhouse,2025-01-12,1.4660908599049507,0.84375,1.2370141630448022,1.0,2025-01,Q1 2025
Territory at Greenhouse,2025-01-13,1.4660908599049507,0.84375,1.2370141630448022,1.0,2025-01,Q1 2025
Territory at Greenhouse,2025-01-14,1.4660908599049507,0.8402777777777778,1.2319235697812434,1.0,2025-01,Q1 2025
Territory at Greenhouse,2025-01-15,1.4660908599049507,0.8368055555555556,1.2268329765176844,1.0,2025-01,Q1 2025
Territory at Greenhouse,2025-01-16,1.4660908599049507,0.8368055555555556,1.2268329765176844,1.0,2025-01,Q1 2025
Territory at Greenhouse,2025-01-17,1.4660908599049507,0.8368055555555556,1.2268329765176844,1.0,2025-01,Q1 2025
Territory at Greenhouse,2025-01-18,1.4659895492028507,0.8368055555555556,1.22674819915933,1.0,2025-01,Q1 2025
Territory at Greenhouse,2025-01-19,1.4659895492028507,0.8402777777777778,1.2318384406496177,1.0,2025-01,Q1 2025
Territory at Greenhouse,2025-01-20,1.4659895492028507,0.8402777777777778,1.2318384406496177,1.0,2025-01,Q1 2025
Territory at Greenhouse,2025-01-21,1.4659895492028507,0.8368055555555556,1.22674819915933,1.0,2025-01,Q1 2025
Territory at Greenhouse,2025-01-22,1.4659895492028507,0.8333333333333334,1.2216579576690423,1.0,2025-01,Q1 2025
Territory at Greenhouse,2025-01-23,1.4659895492028507,0.8333333333333334,1.2216579576690423,1.0,2025-01,Q1 2025
Territory at Greenhouse,2025-01-24,1.4659895492028507,0.8333333333333334,1.2216579576690423,1.0,2025-01,Q1 2025
Territory at Greenhouse,2025-01-25,1.4659895492028507,0.8333333333333334,1.2216579576690423,1.0,2025-01,Q1 2025
Territory at Greenhouse,2025-01-26,1.4659895492028507,0.8333333333333334,1.2216579576690423,1.0,2025-01,Q1 2025
Territory at Greenhouse,2025-01-27,1.4659895492028507,0.8333333333333334,1.2216579576690423,1.0,2025-01,Q1 2025
Territory at Greenhouse,2025-01-28,1.4659895492028507,0.8333333333333334,1.2216579576690423,1.0,2025-01,Q1 2025
Territory at Greenhouse,2025-01-29,1.4659895492028507,0.8333333333333334,1.2216579576690423,1.0,2025-01,Q1 2025
Territory at Greenhouse,2025-01-30,1.4659895492028507,0.8333333333333334,1.2216579576690423,1.0,2025-01,Q1 2025
Territory at Greenhouse,2025-01-31,1.4659895492028507,0.8333333333333334,1.2216579576690423,1.0,2025-01,Q1 2025
Territory at Greenhouse,2025-02-01,1.4660385254878223,0.8333333333333334,1.221698771239852,1.0,2025-02,Q1 2025
Territory at Greenhouse,2025-02-02,1.4660385254878223,0.8368055555555556,1.2267891827866846,1.0,2025-02,Q1 2025
Territory at Greenhouse,2025-02-03,1.4660385254878223,0.8333333333333334,1.221698771239852,1.0,2025-02,Q1 2025
Territory at Greenhouse,2025-02-04,1.4660385254878223,0.8333333333333334,1.221698771239852,1.0,2025-02,Q1 2025
Territory at Greenhouse,2025-02-05,1.4679925895158903,0.8263888888888888,1.2131327649471593,1.0,2025-02,Q1 2025
Territory at Greenhouse,2025-02-06,1.4679925895158903,0.8263888888888888,1.2131327649471593,1.0,2025-02,Q1 2025
Territory at Greenhouse,2025-02-07,1.4679925895158903,0.8263888888888888,1.2131327649471593,1.0,2025-02,Q1 2025
Territory at Greenhouse,2025-02-08,1.4704165885429739,0.8263888888888888,1.2151359308098186,1.0,2025-02,Q1 2025
Territory at Greenhouse,2025-02-09,1.4704165885429739,0.8298611111111112,1.2202415439644818,1.0,2025-02,Q1 2025
Territory at Greenhouse,2025-02-10,1.4704165885429739,0.8298611111111112,1.2202415439644818,1.0,2025-02,Q1 2025
Territory at Greenhouse,2025-02-11,1.4704165885429739,0.8298611111111112,1.2202415439644818,1.0,2025-02,Q1 2025
Territory at Greenhouse,2025-02-12,1.4704165885429739,0.8263888888888888,1.2151359308098186,1.0,2025-02,Q1 2025
Territory at Greenhouse,2025-02-13,1.4704165885429739,0.8263888888888888,1.2151359308098186,1.0,2025-02,Q1 2025
Territory at Greenhouse,2025-02-14,1.4704165885429739,0.8229166666666666,1.2100303176551555,1.0,2025-02,Q1 2025
Territory at Greenhouse,2025-02-15,1.4704165885429739,0.8229166666666666,1.2100303176551555,1.0,2025-02,Q1 2025
Territory at Greenhouse,2025-02-16,1.4724330684543114,0.8229166666666666,1.2116897125821937,1.0,2025-02,Q1 2025
Territory at Greenhouse,2025-02-17,1.4724330684543114,0.8263888888888888,1.2168023274032156,1.0,2025-02,Q1 2025
Territory at Greenhouse,2025-02-18,1.4739369536709355,0.8263888888888888,1.218045121436398,1.0,2025-02,Q1 2025
Territory at Greenhouse,2025-02-19,1.4745349125310963,0.8298611111111112,1.2236591808851807,1.0,2025-02,Q1 2025
Territory at Greenhouse,2025-02-20,1.4742042654969958,0.8402777777777778,1.2387410842023368,1.0,2025-02,Q1 2025
Territory at Greenhouse,2025-02-21,1.4763020214348288,0.8472222222222222,1.2507558792711744,1.0,2025-02,Q1 2025
Territory at Greenhouse,2025-02-22,1.4763020214348288,0.8506944444444444,1.255881927956712,1.0,2025-02,Q1 2025
Territory at Greenhouse,2025-02-23,1.4763020214348288,0.8506944444444444,1.255881927956712,1.0,2025-02,Q1 2025
Territory at Greenhouse,2025-02-24,1.4778897873440597,0.8506944444444444,1.257232631594773,1.0,2025-02,Q1 2025
Territory at Greenhouse,2025-02-25,1.4778897873440597,0.8576388888888888,1.2674957551179955,1.0,2025-02,Q1 2025
Territory at Greenhouse,2025-02-26,1.4778897873440597,0.8541666666666666,1.2623641933563843,1.0,2025-02,Q1 2025
Territory at Greenhouse,2025-02-27,1.4778897873440597,0.8541666666666666,1.2623641933563843,1.0,2025-02,Q1 2025
Territory at Greenhouse,2025-02-28,1.4778897873440597,0.8506944444444444,1.257232631594773,1.0,2025-02,Q1 2025
Territory at Greenhouse,2025-03-01,1.4778897873440597,0.8506944444444444,1.257232631594773,1.0,2025-03,Q1 2025
Territory at Greenhouse,2025-03-02,1.4778897873440597,0.8506944444444444,1.257232631594773,1.0,2025-03,Q1 2025
Territory at Greenhouse,2025-03-03,1.4753652325353865,0.84375,1.2448394149517323,1.0,2025-03,Q1 2025
Territory at Greenhouse,2025-03-04,1.477206194886611,0.8472222222222222,1.2515219151122676,1.0,2025-03,Q1 2025
Territory at Greenhouse,2025-03-05,1.477206194886611,0.8506944444444444,1.2566511032889573,1.0,2025-03,Q1 2025
Territory at Greenhouse,2025-03-06,1.477206194886611,0.8472222222222222,1.2515219151122676,1.0,2025-03,Q1 2025
Territory at Greenhouse,2025-03-07,1.479246788849373,0.8472222222222222,1.253250751664052,1.0,2025-03,Q1 2025
Territory at Greenhouse,2025-03-08,1.4812703120750481,0.8506944444444444,1.260108425202732,1.0,2025-03,Q1 2025
Territory at Greenhouse,2025-03-09,1.4812703120750481,0.8541666666666666,1.2652517248974369,1.0,2025-03,Q1 2025
Territory at Greenhouse,2025-03-10,1.4812703120750481,0.8541666666666666,1.2652517248974369,1.0,2025-03,Q1 2025
Territory at Greenhouse,2025-03-11,1.4812703120750481,0.8541666666666666,1.2652517248974369,1.0,2025-03,Q1 2025
Territory at Greenhouse,2025-03-12,1.4822953420623626,0.8541666666666666,1.2661272713449347,1.0,2025-03,Q1 2025
Territory at Greenhouse,2025-03-13,1.484115585068329,0.8541666666666666,1.2676820622458642,1.0,2025-03,Q1 2025
Territory at Greenhouse,2025-03-14,1.484115585068329,0.8576388888888888,1.272835241360685,1.0,2025-03,Q1 2025
Territory at Greenhouse,2025-03-15,1.4815084395476175,0.8576388888888888,1.2705992519731302,1.0,2025-03,Q1 2025
Territory at Greenhouse,2025-03-16,1.4780773415874735,0.8611111111111112,1.2727888219225467,1.0,2025-03,Q1 2025
Territory at Greenhouse,2025-03-17,1.4780773415874735,0.8680555555555556,1.283053247905793,1.0,2025-03,Q1 2025
Territory at Greenhouse,2025-03-18,1.4755823769426857,0.8680555555555556,1.2808874799849703,1.0,2025-03,Q1 2025
Territory at Greenhouse,2025-03-19,1.4751848453138257,0.8715277777777778,1.2856645700478133,1.0,2025-03,Q1 2025
Territory at Greenhouse,2025-03-20,1.4751848453138257,0.875,1.2907867396495973,1.0,2025-03,Q1 2025
Territory at Greenhouse,2025-03-21,1.4781687041559486,0.875,1.293397616136455,1.0,2025-03,Q1 2025
Territory at Greenhouse,2025-03-22,1.4768077918704914,0.8784722222222222,1.2973346227195637,1.0,2025-03,Q1 2025
Territory at Greenhouse,2025-03-23,1.4766583898745518,0.8819444444444444,1.3023306632921394,1.0,2025-03,Q1 2025
Territory at Greenhouse,2025-03-24,1.4766583898745518,0.8854166666666666,1.3074579493680927,1.0,2025-03,Q1 2025
Territory at Greenhouse,2025-03-25,1.4766583898745518,0.8854166666666666,1.3074579493680927,1.0,2025-03,Q1 2025
Territory at Greenhouse,2025-03-26,1.4766583898745518,0.8854166666666666,1.3074579493680927,1.0,2025-03,Q1 2025
Territory at Greenhouse,2025-03-27,1.4766583898745518,0.8854166666666666,1.3074579493680927,1.0,2025-03,Q1 2025
Territory at Greenhouse,2025-03-28,1.4766583898745518,0.8784722222222222,1.2972033772161862,1.0,2025-03,Q1 2025
Territory at Greenhouse,2025-03-29,1.4766583898745518,0.8784722222222222,1.2972033772161862,1.0,2025-03,Q1 2025
Territory at Greenhouse,2025-03-30,1.4766583898745518,0.8784722222222222,1.2972033772161862,1.0,2025-03,Q1 2025
Territory at Greenhouse,2025-03-31,1.4766583898745518,0.875,1.292076091140233,1.0,2025-03,Q1 2025
Territory at Greenhouse,2025-04-01,1.4783489154953942,0.8715277777777778,1.2884221451018887,1.0,2025-04,Q2 2025
Territory at Greenhouse,2025-04-02,1.4783489154953942,0.875,1.29355530105847,1.0,2025-04,Q2 2025
Territory at Greenhouse,2025-04-03,1.477124615264836,0.875,1.2924840383567315,1.0,2025-04,Q2 2025
Territory at Greenhouse,2025-04-04,1.477124615264836,0.8784722222222222,1.2976129432708456,1.0,2025-04,Q2 2025
Territory at Greenhouse,2025-04-05,1.477124615264836,0.8784722222222222,1.2976129432708456,1.0,2025-04,Q2 2025
Territory at Greenhouse,2025-04-06,1.477124615264836,0.8784722222222222,1.2976129432708456,1.0,2025-04,Q2 2025
Territory at Greenhouse,2025-04-07,1.477124615264836,0.8784722222222222,1.2976129432708456,1.0,2025-04,Q2 2025
Territory at Greenhouse,2025-04-08,1.477124615264836,0.8784722222222222,1.2976129432708456,1.0,2025-04,Q2 2025
Territory at Greenhouse,2025-04-09,1.4750004053944998,0.8715277777777778,1.2855038255347897,1.0,2025-04,Q2 2025
Territory at Greenhouse,2025-04-10,1.4750004053944998,0.875,1.2906253547201874,1.0,2025-04,Q2 2025
Territory at Greenhouse,2025-04-11,1.4753018003491112,0.8715277777777778,1.2857664996098157,1.0,2025-04,Q2 2025
Territory at Greenhouse,2025-04-12,1.4753018003491112,0.875,1.2908890753054723,1.0,2025-04,Q2 2025
Territory at Greenhouse,2025-04-13,1.516901312662385,0.875,1.3272886485795867,1.0,2025-04,Q2 2025
Greenhouse,2023-10-18,1.5772646229684295,0.8,1.2618116983747436,1.0,2023-10,Q4 2023
Greenhouse,2023-10-19,1.5772646229684295,0.8057142857142857,1.2708246390774203,1.0,2023-10,Q4 2023
Greenhouse,2023-10-20,1.582122180841243,0.8057142857142857,1.27473844284923,1.0,2023-10,Q4 2023
Greenhouse,2023-10-21,1.5869744255886409,0.8114285714285714,1.2877163910490685,1.0,2023-10,Q4 2023
Greenhouse,2023-10-22,1.5869744255886409,0.8171428571428572,1.2967848163381466,1.0,2023-10,Q4 2023
Greenhouse,2023-10-23,1.5869744255886409,0.8171428571428572,1.2967848163381466,1.0,2023-10,Q4 2023
Greenhouse,2023-10-24,1.5869744255886409,0.8171428571428572,1.2967848163381466,1.0,2023-10,Q4 2023
Greenhouse,2023-10-25,1.6045970589558003,0.8171428571428572,1.3111850253181683,1.0,2023-10,Q4 2023
Greenhouse,2023-10-26,1.6026461632292943,0.8085714285714286,1.2958538976968295,1.0,2023-10,Q4 2023
Greenhouse,2023-10-27,1.5923825960567044,0.8085714285714286,1.2875550705258496,1.0,2023-10,Q4 2023
Greenhouse,2023-10-28,1.5911475671296904,0.8114285714285714,1.2911025973280916,1.0,2023-10,Q4 2023
Greenhouse,2023-10-29,1.5911475671296904,0.8142857142857143,1.2956487332341764,1.0,2023-10,Q4 2023
Greenhouse,2023-10-30,1.5911475671296904,0.8142857142857143,1.2956487332341764,1.0,2023-10,Q4 2023
Greenhouse,2023-10-31,1.581676394547002,0.8114285714285714,1.2834174172895674,1.0,2023-10,Q4 2023
Greenhouse,2023-11-01,1.572767595647138,0.8142857142857143,1.2806821850269552,1.0,2023-11,Q4 2023
Greenhouse,2023-11-02,1.572767595647138,0.8114285714285714,1.2761885633251062,1.0,2023-11,Q4 2023
Greenhouse,2023-11-03,1.572767595647138,0.8114285714285714,1.2761885633251062,1.0,2023-11,Q4 2023
Greenhouse,2023-11-04,1.572767595647138,0.8114285714285714,1.2761885633251062,1.0,2023-11,Q4 2023
Greenhouse,2023-11-05,1.572767595647138,0.8114285714285714,1.2761885633251062,1.0,2023-11,Q4 2023
Greenhouse,2023-11-06,1.572767595647138,0.8114285714285714,1.2761885633251062,1.0,2023-11,Q4 2023
Greenhouse,2023-11-07,1.572767595647138,0.8114285714285714,1.2761885633251062,1.0,2023-11,Q4 2023
Greenhouse,2023-11-08,1.572767595647138,0.8114285714285714,1.2761885633251062,1.0,2023-11,Q4 2023
Greenhouse,2023-11-09,1.5695359176725636,0.8114285714285714,1.2735662874828801,1.0,2023-11,Q4 2023
Greenhouse,2023-11-10,1.5613375430523273,0.8114285714285714,1.2669138920767455,1.0,2023-11,Q4 2023
Greenhouse,2023-11-11,1.5770775863036888,0.8114285714285714,1.2796858128864217,1.0,2023-11,Q4 2023
Greenhouse,2023-11-12,1.5770775863036888,0.8142857142857143,1.2841917488472894,1.0,2023-11,Q4 2023
Greenhouse,2023-11-13,1.5770775863036888,0.8142857142857143,1.2841917488472894,1.0,2023-11,Q4 2023
Greenhouse,2023-11-14,1.5770775863036888,0.8114285714285714,1.2796858128864217,1.0,2023-11,Q4 2023
Greenhouse,2023-11-15,1.5770775863036888,0.8114285714285714,1.2796858128864217,1.0,2023-11,Q4 2023
Greenhouse,2023-11-16,1.5744602937129197,0.8085714285714286,1.2730636089164467,1.0,2023-11,Q4 2023
Greenhouse,2023-11-17,1.5738124081292666,0.8142857142857143,1.28153296090526,1.0,2023-11,Q4 2023
Greenhouse,2023-11-18,1.5697053467067752,0.8171428571428572,1.2826735118803936,1.0,2023-11,Q4 2023
Greenhouse,2023-11-19,1.5697053467067752,0.8200000000000001,1.2871583842995558,1.0,2023-11,Q4 2023
Greenhouse,2023-11-20,1.5697053467067752,0.8200000000000001,1.2871583842995558,1.0,2023-11,Q4 2023
Greenhouse,2023-11-21,1.5697053467067752,0.8200000000000001,1.2871583842995558,1.0,2023-11,Q4 2023
Greenhouse,2023-11-22,1.562984518429832,0.8200000000000001,1.2816473051124624,1.0,2023-11,Q4 2023
Greenhouse,2023-11-23,1.562984518429832,0.8228571428571428,1.286112975165119,1.0,2023-11,Q4 2023
Greenhouse,2023-11-24,1.562984518429832,0.8171428571428572,1.2771816350598058,1.0,2023-11,Q4 2023
Greenhouse,2023-11-25,1.562984518429832,0.8142857142857143,1.272715965007149,1.0,2023-11,Q4 2023
Greenhouse,2023-11-26,1.562984518429832,0.8114285714285714,1.2682502949544923,1.0,2023-11,Q4 2023
Greenhouse,2023-11-27,1.562984518429832,0.8114285714285714,1.2682502949544923,1.0,2023-11,Q4 2023
Greenhouse,2023-11-28,1.562984518429832,0.8085714285714286,1.2637846249018356,1.0,2023-11,Q4 2023
Greenhouse,2023-11-29,1.562984518429832,0.8085714285714286,1.2637846249018356,1.0,2023-11,Q4 2023
Greenhouse,2023-11-30,1.5694903668691815,0.8057142857142857,1.2645608098774548,1.0,2023-11,Q4 2023
Greenhouse,2023-12-01,1.5694903668691815,0.8142857142857143,1.2780135844506193,1.0,2023-12,Q4 2023
Greenhouse,2023-12-02,1.5686544260048663,0.8114285714285714,1.2728510199582344,1.0,2023-12,Q4 2023
Greenhouse,2023-12-03,1.5686544260048663,0.8114285714285714,1.2728510199582344,1.0,2023-12,Q4 2023
Greenhouse,2023-12-04,1.5686544260048663,0.8114285714285714,1.2728510199582344,1.0,2023-12,Q4 2023
Greenhouse,2023-12-05,1.5730781742856057,0.8114285714285714,1.2764405757060342,1.0,2023-12,Q4 2023
Greenhouse,2023-12-06,1.5730781742856057,0.8114285714285714,1.2764405757060342,1.0,2023-12,Q4 2023
Greenhouse,2023-12-07,1.5730781742856057,0.8114285714285714,1.2764405757060342,1.0,2023-12,Q4 2023
Greenhouse,2023-12-08,1.5730781742856057,0.8114285714285714,1.2764405757060342,1.0,2023-12,Q4 2023
Greenhouse,2023-12-09,1.5768920670565014,0.8114285714285714,1.2795352772687039,1.0,2023-12,Q4 2023
Greenhouse,2023-12-10,1.5768920670565014,0.8142857142857143,1.2840406831745796,1.0,2023-12,Q4 2023
Greenhouse,2023-12-11,1.5768920670565014,0.8142857142857143,1.2840406831745796,1.0,2023-12,Q4 2023
Greenhouse,2023-12-12,1.5838733530021705,0.8142857142857143,1.2897254445874817,1.0,2023-12,Q4 2023
Greenhouse,2023-12-13,1.5656853336801275,0.8171428571428572,1.2793885869500472,1.0,2023-12,Q4 2023
Greenhouse,2023-12-14,1.5656853336801275,0.8314285714285714,1.3017555202883346,1.0,2023-12,Q4 2023
Greenhouse,2023-12-15,1.5995809272985189,0.8142857142857143,1.3025158979430795,1.0,2023-12,Q4 2023
Greenhouse,2023-12-16,1.5995809272985189,0.8371428571428572,1.339077747709903,1.0,2023-12,Q4 2023
Greenhouse,2023-12-17,1.5995809272985189,0.8371428571428572,1.339077747709903,1.0,2023-12,Q4 2023
Greenhouse,2023-12-18,1.5995809272985189,0.8371428571428572,1.339077747709903,1.0,2023-12,Q4 2023
Greenhouse,2023-12-19,1.597675032819457,0.8371428571428572,1.3374822417602885,1.0,2023-12,Q4 2023
Greenhouse,2023-12-20,1.596030512827117,0.84,1.3406656307747782,1.0,2023-12,Q4 2023
Greenhouse,2023-12-21,1.5889548198639438,0.84,1.3347220486857128,1.0,2023-12,Q4 2023
Greenhouse,2023-12-22,1.593611987685163,0.8428571428571429,1.3431872467632089,1.0,2023-12,Q4 2023
Greenhouse,2023-12-23,1.5927465700749532,0.8485714285714285,1.351559232320746,1.0,2023-12,Q4 2023
Greenhouse,2023-12-24,1.5924751488782742,0.8514285714285714,1.3558788410449307,1.0,2023-12,Q4 2023
Greenhouse,2023-12-25,1.5924751488782742,0.8542857142857143,1.3604287700417257,1.0,2023-12,Q4 2023
Greenhouse,2023-12-26,1.5924751488782742,0.8542857142857143,1.3604287700417257,1.0,2023-12,Q4 2023
Greenhouse,2023-12-27,1.5924751488782742,0.8514285714285714,1.3558788410449307,1.0,2023-12,Q4 2023
Greenhouse,2023-12-28,1.5997597628818598,0.8514285714285714,1.3620811695394122,1.0,2023-12,Q4 2023
Greenhouse,2023-12-29,1.6054826426964883,0.86,1.3807150727189799,1.0,2023-12,Q4 2023
Greenhouse,2023-12-30,1.6041695419851747,0.86,1.3795858061072501,1.0,2023-12,Q4 2023
Greenhouse,2023-12-31,1.6041695419851747,0.8628571428571429,1.3841691476557794,1.0,2023-12,Q4 2023
Greenhouse,2024-01-01,1.6041695419851747,0.8571428571428572,1.3750024645587213,1.0,2024-01,Q1 2024
Greenhouse,2024-01-02,1.6041695419851747,0.8571428571428572,1.3750024645587213,1.0,2024-01,Q1 2024
Greenhouse,2024-01-03,1.6041695419851747,0.8542857142857143,1.370419123010192,1.0,2024-01,Q1 2024
Greenhouse,2024-01-04,1.6041695419851747,0.8514285714285714,1.365835781461663,1.0,2024-01,Q1 2024
Greenhouse,2024-01-05,1.6049004633727637,0.8485714285714285,1.3618726789191737,1.0,2024-01,Q1 2024
Greenhouse,2024-01-06,1.607995088875745,0.8571428571428572,1.3782815047506387,1.0,2024-01,Q1 2024
Greenhouse,2024-01-07,1.607995088875745,0.8628571428571429,1.387470048115643,1.0,2024-01,Q1 2024
Greenhouse,2024-01-08,1.607995088875745,0.8628571428571429,1.387470048115643,1.0,2024-01,Q1 2024
Greenhouse,2024-01-09,1.6066798811472462,0.8628571428571429,1.3863352117327667,1.0,2024-01,Q1 2024
Greenhouse,2024-01-10,1.6094963738497523,0.8714285714285714,1.4025611257833557,1.0,2024-01,Q1 2024
Greenhouse,2024-01-11,1.6083926327156406,0.8742857142857143,1.4061947017456744,1.0,2024-01,Q1 2024
Greenhouse,2024-01-12,1.6085062480132113,0.8771428571428571,1.4108897661144453,1.0,2024-01,Q1 2024
Greenhouse,2024-01-13,1.6085062480132113,0.88,1.4154854982516258,1.0,2024-01,Q1 2024
Greenhouse,2024-01-14,1.6085062480132113,0.88,1.4154854982516258,1.0,2024-01,Q1 2024
Greenhouse,2024-01-15,1.606959125043775,0.8771428571428571,1.4095327182526824,1.0,2024-01,Q1 2024
Greenhouse,2024-01-16,1.606959125043775,0.8742857142857143,1.4049414064668433,1.0,2024-01,Q1 2024
Greenhouse,2024-01-17,1.606959125043775,0.8742857142857143,1.4049414064668433,1.0,2024-01,Q1 2024
Greenhouse,2024-01-18,1.6066495652731863,0.8714285714285714,1.4000803354523481,1.0,2024-01,Q1 2024
Greenhouse,2024-01-19,1.6119477354871192,0.8714285714285714,1.404697312353061,1.0,2024-01,Q1 2024
Greenhouse,2024-01-20,1.6119477354871192,0.8742857142857143,1.4093028773115956,1.0,2024-01,Q1 2024
Greenhouse,2024-01-21,1.6119477354871192,0.8742857142857143,1.4093028773115956,1.0,2024-01,Q1 2024
Greenhouse,2024-01-22,1.6119477354871192,0.8742857142857143,1.4093028773115956,1.0,2024-01,Q1 2024
Greenhouse,2024-01-23,1.6239117629441122,0.8685714285714285,1.4104833598143145,1.0,2024-01,Q1 2024
Greenhouse,2024-01-24,1.6242875333854947,0.8714285714285714,1.4154505648073596,1.0,2024-01,Q1 2024
Greenhouse,2024-01-25,1.6242875333854947,0.8628571428571429,1.401528100235484,1.0,2024-01,Q1 2024
Greenhouse,2024-01-26,1.6240718582448537,0.8628571428571429,1.4013420033998452,1.0,2024-01,Q1 2024
Greenhouse,2024-01-27,1.6231034505127038,0.86,1.3958689674409253,1.0,2024-01,Q1 2024
Greenhouse,2024-01-28,1.6231034505127038,0.8628571428571429,1.4005064058709615,1.0,2024-01,Q1 2024
Greenhouse,2024-01-29,1.6231034505127038,0.8628571428571429,1.4005064058709615,1.0,2024-01,Q1 2024
Greenhouse,2024-01-30,1.6231034505127038,0.8628571428571429,1.4005064058709615,1.0,2024-01,Q1 2024
Greenhouse,2024-01-31,1.6227406717431325,0.86,1.395556977699094,1.0,2024-01,Q1 2024
Greenhouse,2024-02-01,1.6227406717431325,0.8628571428571429,1.40019337961836,1.0,2024-02,Q1 2024
Greenhouse,2024-02-02,1.62052660926275,0.86,1.393652883965965,1.0,2024-02,Q1 2024
Greenhouse,2024-02-03,1.6230545828560923,0.8628571428571429,1.4004642400643996,1.0,2024-02,Q1 2024
Greenhouse,2024-02-04,1.6221758857056587,0.8685714285714285,1.4089756264414863,1.0,2024-02,Q1 2024
Greenhouse,2024-02-05,1.6221758857056587,0.8714285714285714,1.4136104146863597,1.0,2024-02,Q1 2024
Greenhouse,2024-02-06,1.6221758857056587,0.8685714285714285,1.4089756264414863,1.0,2024-02,Q1 2024
Greenhouse,2024-02-07,1.6221758857056587,0.8685714285714285,1.4089756264414863,1.0,2024-02,Q1 2024
Greenhouse,2024-02-08,1.6206593606844197,0.8628571428571429,1.398397505504842,1.0,2024-02,Q1 2024
Greenhouse,2024-02-09,1.6206593606844197,0.8571428571428572,1.38913659487236,1.0,2024-02,Q1 2024
Greenhouse,2024-02-10,1.6206593606844197,0.8514285714285714,1.3798756842398774,1.0,2024-02,Q1 2024
Greenhouse,2024-02-11,1.6206593606844197,0.8514285714285714,1.3798756842398774,1.0,2024-02,Q1 2024
Greenhouse,2024-02-12,1.6206593606844197,0.8514285714285714,1.3798756842398774,1.0,2024-02,Q1 2024
Greenhouse,2024-02-13,1.6157371020036047,0.8485714285714285,1.3710683408430588,1.0,2024-02,Q1 2024
Greenhouse,2024-02-14,1.6157371020036047,0.8514285714285714,1.375684732563069,1.0,2024-02,Q1 2024
Greenhouse,2024-02-15,1.6157371020036047,0.8514285714285714,1.375684732563069,1.0,2024-02,Q1 2024
Greenhouse,2024-02-16,1.6157371020036047,0.8514285714285714,1.375684732563069,1.0,2024-02,Q1 2024
Greenhouse,2024-02-17,1.6196386692322817,0.8485714285714285,1.3743790993199647,1.0,2024-02,Q1 2024
Greenhouse,2024-02-18,1.6196386692322817,0.8542857142857143,1.3836341774298635,1.0,2024-02,Q1 2024
Greenhouse,2024-02-19,1.6196386692322817,0.8542857142857143,1.3836341774298635,1.0,2024-02,Q1 2024
Greenhouse,2024-02-20,1.6196386692322817,0.8485714285714285,1.3743790993199647,1.0,2024-02,Q1 2024
Greenhouse,2024-02-21,1.6445305897514344,0.8428571428571429,1.386104354219066,1.0,2024-02,Q1 2024
Greenhouse,2024-02-22,1.6449790673699378,0.8485714285714285,1.3958822371682043,1.0,2024-02,Q1 2024
Greenhouse,2024-02-23,1.6492102393199395,0.8514285714285714,1.4041847180495484,1.0,2024-02,Q1 2024
Greenhouse,2024-02-24,1.6546238022857014,0.86,1.4229764699657033,1.0,2024-02,Q1 2024
Greenhouse,2024-02-25,1.6546238022857014,0.8628571428571429,1.4277039665436624,1.0,2024-02,Q1 2024
Greenhouse,2024-02-26,1.6546238022857014,0.8628571428571429,1.4277039665436624,1.0,2024-02,Q1 2024
Greenhouse,2024-02-27,1.6546238022857014,0.86,1.4229764699657033,1.0,2024-02,Q1 2024
Greenhouse,2024-02-28,1.6594408223559185,0.86,1.4271191072260898,1.0,2024-02,Q1 2024
Greenhouse,2024-02-29,1.6594408223559185,0.8628571428571429,1.4318603667185354,1.0,2024-02,Q1 2024
Greenhouse,2024-03-01,1.6594408223559185,0.8628571428571429,1.4318603667185354,1.0,2024-03,Q1 2024
Greenhouse,2024-03-02,1.6594408223559185,0.8628571428571429,1.4318603667185354,1.0,2024-03,Q1 2024
Greenhouse,2024-03-03,1.6594408223559185,0.8628571428571429,1.4318603667185354,1.0,2024-03,Q1 2024
Greenhouse,2024-03-04,1.6594408223559185,0.8571428571428572,1.4223778477336446,1.0,2024-03,Q1 2024
Greenhouse,2024-03-05,1.6594408223559185,0.8571428571428572,1.4223778477336446,1.0,2024-03,Q1 2024
Greenhouse,2024-03-06,1.65633635660858,0.8542857142857143,1.4149844875027584,1.0,2024-03,Q1 2024
Greenhouse,2024-03-07,1.65633635660858,0.8571428571428572,1.4197168770930686,1.0,2024-03,Q1 2024
Greenhouse,2024-03-08,1.65633635660858,0.8542857142857143,1.4149844875027584,1.0,2024-03,Q1 2024
Greenhouse,2024-03-09,1.6664019104586845,0.8542857142857143,1.423583346363276,1.0,2024-03,Q1 2024
Greenhouse,2024-03-10,1.6664019104586845,0.8657142857142857,1.442627939625661,1.0,2024-03,Q1 2024
Greenhouse,2024-03-11,1.6664019104586845,0.8657142857142857,1.442627939625661,1.0,2024-03,Q1 2024
Greenhouse,2024-03-12,1.6664019104586845,0.8657142857142857,1.442627939625661,1.0,2024-03,Q1 2024
Greenhouse,2024-03-13,1.6664019104586845,0.8657142857142857,1.442627939625661,1.0,2024-03,Q1 2024
Greenhouse,2024-03-14,1.6664019104586845,0.8571428571428572,1.4283444946788726,1.0,2024-03,Q1 2024
Greenhouse,2024-03-15,1.6664019104586845,0.8571428571428572,1.4283444946788726,1.0,2024-03,Q1 2024
Greenhouse,2024-03-16,1.6664019104586845,0.8571428571428572,1.4283444946788726,1.0,2024-03,Q1 2024
Greenhouse,2024-03-17,1.6664019104586845,0.8571428571428572,1.4283444946788726,1.0,2024-03,Q1 2024
Greenhouse,2024-03-18,1.6664019104586845,0.8428571428571429,1.4045387531008913,1.0,2024-03,Q1 2024
Greenhouse,2024-03-19,1.6639495116026768,0.8428571428571429,1.4024717312079704,1.0,2024-03,Q1 2024
Greenhouse,2024-03-20,1.6639495116026768,0.8371428571428572,1.3929634482845266,1.0,2024-03,Q1 2024
Greenhouse,2024-03-21,1.6639495116026768,0.8371428571428572,1.3929634482845266,1.0,2024-03,Q1 2024
Greenhouse,2024-03-22,1.6718801022894194,0.8342857142857143,1.3948256853386014,1.0,2024-03,Q1 2024
Greenhouse,2024-03-23,1.6683100727559677,0.8514285714285714,1.4204468619465096,1.0,2024-03,Q1 2024
Greenhouse,2024-03-24,1.6683100727559677,0.8571428571428572,1.429980062362258,1.0,2024-03,Q1 2024
Greenhouse,2024-03-25,1.6683100727559677,0.8571428571428572,1.429980062362258,1.0,2024-03,Q1 2024
Greenhouse,2024-03-26,1.6683100727559677,0.8485714285714285,1.4156802617386353,1.0,2024-03,Q1 2024
Greenhouse,2024-03-27,1.6715661302408744,0.8485714285714285,1.4184432590901133,1.0,2024-03,Q1 2024
Greenhouse,2024-03-28,1.6715661302408744,0.8485714285714285,1.4184432590901133,1.0,2024-03,Q1 2024
Greenhouse,2024-03-29,1.6669774735494687,0.8485714285714285,1.4145494561262633,1.0,2024-03,Q1 2024
Greenhouse,2024-03-30,1.6669774735494687,0.86,1.433600627252543,1.0,2024-03,Q1 2024
Greenhouse,2024-03-31,1.6669774735494687,0.86,1.433600627252543,1.0,2024-03,Q1 2024
Greenhouse,2024-04-01,1.6669774735494687,0.8542857142857143,1.4240750416894032,1.0,2024-04,Q2 2024
Greenhouse,2024-04-02,1.67426203141563,0.8542857142857143,1.4302981354093525,1.0,2024-04,Q2 2024
Greenhouse,2024-04-03,1.67426203141563,0.8542857142857143,1.4302981354093525,1.0,2024-04,Q2 2024
Greenhouse,2024-04-04,1.6721030837980897,0.8542857142857143,1.4284537773017967,1.0,2024-04,Q2 2024
Greenhouse,2024-04-05,1.6721030837980897,0.86,1.438008652066357,1.0,2024-04,Q2 2024
Greenhouse,2024-04-06,1.6721030837980897,0.8571428571428572,1.4332312146840769,1.0,2024-04,Q2 2024
Greenhouse,2024-04-07,1.676687655676427,0.8571428571428572,1.4371608477226518,1.0,2024-04,Q2 2024
Greenhouse,2024-04-08,1.676687655676427,0.8628571428571429,1.4467419200408027,1.0,2024-04,Q2 2024
Greenhouse,2024-04-09,1.676687655676427,0.86,1.4419513838817273,1.0,2024-04,Q2 2024
Greenhouse,2024-04-10,1.6775236514206082,0.86,1.4426703402217231,1.0,2024-04,Q2 2024
Greenhouse,2024-04-11,1.6775236514206082,0.8685714285714285,1.4570491143767568,1.0,2024-04,Q2 2024
Greenhouse,2024-04-12,1.6775236514206082,0.8685714285714285,1.4570491143767568,1.0,2024-04,Q2 2024
Greenhouse,2024-04-13,1.6775236514206082,0.8657142857142857,1.452256189658412,1.0,2024-04,Q2 2024
Greenhouse,2024-04-14,1.6775236514206082,0.8657142857142857,1.452256189658412,1.0,2024-04,Q2 2024
Greenhouse,2024-04-15,1.6775236514206082,0.8657142857142857,1.452256189658412,1.0,2024-04,Q2 2024
Greenhouse,2024-04-16,1.6770628367396951,0.8657142857142857,1.451857255806079,1.0,2024-04,Q2 2024
Greenhouse,2024-04-17,1.6770628367396951,0.8771428571428571,1.471023688225961,1.0,2024-04,Q2 2024
Greenhouse,2024-04-18,1.6770628367396951,0.8742857142857143,1.4662320801209907,1.0,2024-04,Q2 2024
Greenhouse,2024-04-19,1.666541366628694,0.8742857142857143,1.4570333091096581,1.0,2024-04,Q2 2024
Greenhouse,2024-04-20,1.666541366628694,0.8857142857142857,1.476079496156843,1.0,2024-04,Q2 2024
Greenhouse,2024-04-21,1.666541366628694,0.8857142857142857,1.476079496156843,1.0,2024-04,Q2 2024
Greenhouse,2024-04-22,1.666541366628694,0.88,1.4665564026332507,1.0,2024-04,Q2 2024
Greenhouse,2024-04-23,1.666541366628694,0.88,1.4665564026332507,1.0,2024-04,Q2 2024
Greenhouse,2024-04-24,1.6657500611369511,0.88,1.465860053800517,1.0,2024-04,Q2 2024
Greenhouse,2024-04-25,1.6688141133613672,0.8828571428571429,1.4733244600818929,1.0,2024-04,Q2 2024
Greenhouse,2024-04-26,1.6688141133613672,0.8857142857142857,1.4780925004057823,1.0,2024-04,Q2 2024
Greenhouse,2024-04-27,1.6669719145226838,0.8771428571428571,1.4621725078813255,1.0,2024-04,Q2 2024
Greenhouse,2024-04-28,1.6663958908049563,0.88,1.4664283839083616,1.0,2024-04,Q2 2024
Greenhouse,2024-04-29,1.6663958908049563,0.8828571428571429,1.4711895150249472,1.0,2024-04,Q2 2024
Greenhouse,2024-04-30,1.6663958908049563,0.8828571428571429,1.4711895150249472,1.0,2024-04,Q2 2024
Greenhouse,2024-05-01,1.6663958908049563,0.88,1.4664283839083616,1.0,2024-05,Q2 2024
Greenhouse,2024-05-02,1.6663958908049563,0.88,1.4664283839083616,1.0,2024-05,Q2 2024
Greenhouse,2024-05-03,1.6736324761639136,0.88,1.472796579024244,1.0,2024-05,Q2 2024
Greenhouse,2024-05-04,1.6736324761639136,0.9085714285714286,1.5206146497717845,1.0,2024-05,Q2 2024
Greenhouse,2024-05-05,1.6736324761639136,0.9085714285714286,1.5206146497717845,1.0,2024-05,Q2 2024
Greenhouse,2024-05-06,1.6736324761639136,0.9085714285714286,1.5206146497717845,1.0,2024-05,Q2 2024
Greenhouse,2024-05-07,1.6736324761639136,0.9085714285714286,1.5206146497717845,1.0,2024-05,Q2 2024
Greenhouse,2024-05-08,1.6736324761639136,0.9085714285714286,1.5206146497717845,1.0,2024-05,Q2 2024
Greenhouse,2024-05-09,1.6736324761639136,0.9085714285714286,1.5206146497717845,1.0,2024-05,Q2 2024
Greenhouse,2024-05-10,1.6736324761639136,0.9085714285714286,1.5206146497717845,1.0,2024-05,Q2 2024
Greenhouse,2024-05-11,1.6736324761639136,0.9085714285714286,1.5206146497717845,1.0,2024-05,Q2 2024
Greenhouse,2024-05-12,1.6736324761639136,0.9085714285714286,1.5206146497717845,1.0,2024-05,Q2 2024
Greenhouse,2024-05-13,1.6736324761639136,0.9085714285714286,1.5206146497717845,1.0,2024-05,Q2 2024
Greenhouse,2024-05-14,1.6736324761639136,0.9085714285714286,1.5206146497717845,1.0,2024-05,Q2 2024
Greenhouse,2024-05-15,1.6736324761639136,0.9085714285714286,1.5206146497717845,1.0,2024-05,Q2 2024
Greenhouse,2024-05-16,1.6736324761639136,0.8971428571428571,1.5014874214727683,1.0,2024-05,Q2 2024
Greenhouse,2024-05-17,1.6709442703304835,0.8914285714285715,1.4895274638374596,1.0,2024-05,Q2 2024
Greenhouse,2024-05-18,1.6705337354268612,0.8971428571428571,1.498707408354384,1.0,2024-05,Q2 2024
Greenhouse,2024-05-19,1.6705337354268612,0.9,1.5034803618841752,1.0,2024-05,Q2 2024
Greenhouse,2024-05-20,1.6705337354268612,0.9,1.5034803618841752,1.0,2024-05,Q2 2024
Greenhouse,2024-05-21,1.678749955075863,0.9,1.5108749595682769,1.0,2024-05,Q2 2024
Greenhouse,2024-05-22,1.678749955075863,0.9114285714285715,1.5300606733405724,1.0,2024-05,Q2 2024
Greenhouse,2024-05-23,1.678749955075863,0.9114285714285715,1.5300606733405724,1.0,2024-05,Q2 2024
Greenhouse,2024-05-24,1.678749955075863,0.9085714285714286,1.5252642448974985,1.0,2024-05,Q2 2024
Greenhouse,2024-05-25,1.678749955075863,0.9085714285714286,1.5252642448974985,1.0,2024-05,Q2 2024
Greenhouse,2024-05-26,1.678749955075863,0.9085714285714286,1.5252642448974985,1.0,2024-05,Q2 2024
Greenhouse,2024-05-27,1.678749955075863,0.9085714285714286,1.5252642448974985,1.0,2024-05,Q2 2024
Greenhouse,2024-05-28,1.678749955075863,0.9057142857142857,1.5204678164544245,1.0,2024-05,Q2 2024
Greenhouse,2024-05-29,1.678749955075863,0.9028571428571428,1.5156713880113506,1.0,2024-05,Q2 2024
Greenhouse,2024-05-30,1.677808115594182,0.8971428571428571,1.5052335665616374,1.0,2024-05,Q2 2024
Greenhouse,2024-05-31,1.677808115594182,0.9028571428571428,1.51482104150789,1.0,2024-05,Q2 2024
Greenhouse,2024-06-01,1.6761346705099156,0.8971428571428571,1.503732247257467,1.0,2024-06,Q2 2024
Greenhouse,2024-06-02,1.6761346705099156,0.9028571428571428,1.5133101596603808,1.0,2024-06,Q2 2024
Greenhouse,2024-06-03,1.6761346705099156,0.9028571428571428,1.5133101596603808,1.0,2024-06,Q2 2024
Greenhouse,2024-06-04,1.6795422490606922,0.9,1.511588024154623,1.0,2024-06,Q2 2024
Greenhouse,2024-06-05,1.6780270228397989,0.9028571428571428,1.5150186834782182,1.0,2024-06,Q2 2024
Greenhouse,2024-06-06,1.6775141450030364,0.9057142857142857,1.5193485256170358,1.0,2024-06,Q2 2024
Greenhouse,2024-06-07,1.6775141450030364,0.9085714285714286,1.5241414231741874,1.0,2024-06,Q2 2024
Greenhouse,2024-06-08,1.6775141450030364,0.9085714285714286,1.5241414231741874,1.0,2024-06,Q2 2024
Greenhouse,2024-06-09,1.6775141450030364,0.9114285714285715,1.528934320731339,1.0,2024-06,Q2 2024
Greenhouse,2024-06-10,1.676577831961747,0.9085714285714286,1.523290715896673,1.0,2024-06,Q2 2024
Greenhouse,2024-06-11,1.6754132864648232,0.9114285714285715,1.5270195382350817,1.0,2024-06,Q2 2024
Greenhouse,2024-06-12,1.675648287996737,0.9085714285714286,1.522446158808464,1.0,2024-06,Q2 2024
Greenhouse,2024-06-13,1.67429615558098,0.9057142857142857,1.516433946626202,1.0,2024-06,Q2 2024
Greenhouse,2024-06-14,1.67429615558098,0.9085714285714286,1.521217649927862,1.0,2024-06,Q2 2024
Greenhouse,2024-06-15,1.67429615558098,0.9085714285714286,1.521217649927862,1.0,2024-06,Q2 2024
Greenhouse,2024-06-16,1.67429615558098,0.9085714285714286,1.521217649927862,1.0,2024-06,Q2 2024
Greenhouse,2024-06-17,1.6775838308781252,0.9057142857142857,1.5194116411096164,1.0,2024-06,Q2 2024
Greenhouse,2024-06-18,1.6775838308781252,0.9028571428571428,1.5146185444499645,1.0,2024-06,Q2 2024
Greenhouse,2024-06-19,1.6775838308781252,0.8914285714285715,1.4954461578113574,1.0,2024-06,Q2 2024
Greenhouse,2024-06-20,1.6775838308781252,0.8914285714285715,1.4954461578113574,1.0,2024-06,Q2 2024
Greenhouse,2024-06-21,1.6814490768103991,0.8885714285714286,1.494087608251526,1.0,2024-06,Q2 2024
Greenhouse,2024-06-22,1.6814490768103991,0.8885714285714286,1.494087608251526,1.0,2024-06,Q2 2024
Greenhouse,2024-06-23,1.6814490768103991,0.8885714285714286,1.494087608251526,1.0,2024-06,Q2 2024
Greenhouse,2024-06-24,1.6814490768103991,0.8857142857142857,1.4892834680320677,1.0,2024-06,Q2 2024
Greenhouse,2024-06-25,1.6814490768103991,0.8828571428571429,1.4844793278126096,1.0,2024-06,Q2 2024
Greenhouse,2024-06-26,1.683485212222249,0.88,1.4814669867555792,1.0,2024-06,Q2 2024
Greenhouse,2024-06-27,1.6817351993518774,0.88,1.4799269754296522,1.0,2024-06,Q2 2024
Greenhouse,2024-06-28,1.6840320081908176,0.8857142857142857,1.491571207254724,1.0,2024-06,Q2 2024
Greenhouse,2024-06-29,1.6840320081908176,0.8742857142857143,1.4723251271611149,1.0,2024-06,Q2 2024
Greenhouse,2024-06-30,1.6840320081908176,0.8742857142857143,1.4723251271611149,1.0,2024-06,Q2 2024
Greenhouse,2024-07-01,1.687232247751522,0.8714285714285714,1.4703023873263263,1.0,2024-07,Q3 2024
Greenhouse,2024-07-02,1.686223990975517,0.8742857142857143,1.474241546395738,1.0,2024-07,Q3 2024
Greenhouse,2024-07-03,1.6819624203425543,0.8771428571428571,1.4753213229861832,1.0,2024-07,Q3 2024
Greenhouse,2024-07-04,1.6819624203425543,0.88,1.4801269299014477,1.0,2024-07,Q3 2024
Greenhouse,2024-07-05,1.6819624203425543,0.8742857142857143,1.470515716070919,1.0,2024-07,Q3 2024
Greenhouse,2024-07-06,1.6819624203425543,0.8742857142857143,1.470515716070919,1.0,2024-07,Q3 2024
Greenhouse,2024-07-07,1.6819624203425543,0.8742857142857143,1.470515716070919,1.0,2024-07,Q3 2024
Greenhouse,2024-07-08,1.6819624203425543,0.8742857142857143,1.470515716070919,1.0,2024-07,Q3 2024
Greenhouse,2024-07-09,1.6812752888132336,0.8628571428571429,1.4507003920617045,1.0,2024-07,Q3 2024
Greenhouse,2024-07-10,1.678936252890899,0.8685714285714285,1.4582760596538094,1.0,2024-07,Q3 2024
Greenhouse,2024-07-11,1.6774438421333708,0.8742857142857143,1.466565187693747,1.0,2024-07,Q3 2024
Greenhouse,2024-07-12,1.6774438421333708,0.8714285714285714,1.4617724910019374,1.0,2024-07,Q3 2024
Greenhouse,2024-07-13,1.6774438421333708,0.8714285714285714,1.4617724910019374,1.0,2024-07,Q3 2024
Greenhouse,2024-07-14,1.6774438421333708,0.8714285714285714,1.4617724910019374,1.0,2024-07,Q3 2024
Greenhouse,2024-07-15,1.6774438421333708,0.8714285714285714,1.4617724910019374,1.0,2024-07,Q3 2024
Greenhouse,2024-07-16,1.675076031066558,0.8685714285714285,1.454923181269239,1.0,2024-07,Q3 2024
Greenhouse,2024-07-17,1.675076031066558,0.8714285714285714,1.459709112786572,1.0,2024-07,Q3 2024
Greenhouse,2024-07-18,1.6694702015847578,0.8714285714285714,1.4548240328095747,1.0,2024-07,Q3 2024
Greenhouse,2024-07-19,1.6694702015847578,0.88,1.469133777394587,1.0,2024-07,Q3 2024
Greenhouse,2024-07-20,1.6695453272681178,0.8771428571428571,1.4644297584894632,1.0,2024-07,Q3 2024
Greenhouse,2024-07-21,1.6695453272681178,0.88,1.4691998879959436,1.0,2024-07,Q3 2024
Greenhouse,2024-07-22,1.6686911126769939,0.88,1.4684481791557547,1.0,2024-07,Q3 2024
Greenhouse,2024-07-23,1.6686911126769939,0.8828571428571429,1.4732158680491174,1.0,2024-07,Q3 2024
Greenhouse,2024-07-24,1.6677226835443881,0.88,1.4675959615190615,1.0,2024-07,Q3 2024
Greenhouse,2024-07-25,1.672764073745182,0.8828571428571429,1.4768117108207466,1.0,2024-07,Q3 2024
Greenhouse,2024-07-26,1.672764073745182,0.8828571428571429,1.4768117108207466,1.0,2024-07,Q3 2024
Greenhouse,2024-07-27,1.672764073745182,0.8771428571428571,1.467253058970774,1.0,2024-07,Q3 2024
Greenhouse,2024-07-28,1.668578423260099,0.8771428571428571,1.4635816455452868,1.0,2024-07,Q3 2024
Greenhouse,2024-07-29,1.668578423260099,0.88,1.4683490124688872,1.0,2024-07,Q3 2024
Greenhouse,2024-07-30,1.6673535920336435,0.88,1.4672711609896063,1.0,2024-07,Q3 2024
Greenhouse,2024-07-31,1.6666879228888305,0.8771428571428571,1.4619234066482028,1.0,2024-07,Q3 2024
Greenhouse,2024-08-01,1.6665065184655172,0.88,1.466525736249655,1.0,2024-08,Q3 2024
Greenhouse,2024-08-02,1.6665065184655172,0.8885714285714286,1.4808100778365025,1.0,2024-08,Q3 2024
Greenhouse,2024-08-03,1.6665065184655172,0.8885714285714286,1.4808100778365025,1.0,2024-08,Q3 2024
Greenhouse,2024-08-04,1.6665065184655172,0.8885714285714286,1.4808100778365025,1.0,2024-08,Q3 2024
Greenhouse,2024-08-05,1.6695767601200868,0.8828571428571429,1.4739977682203054,1.0,2024-08,Q3 2024
Greenhouse,2024-08-06,1.6695767601200868,0.8857142857142857,1.478767987534934,1.0,2024-08,Q3 2024
Greenhouse,2024-08-07,1.6638206554618475,0.8885714285714286,1.4784234967103844,1.0,2024-08,Q3 2024
Greenhouse,2024-08-08,1.6638206554618475,0.8885714285714286,1.4784234967103844,1.0,2024-08,Q3 2024
Greenhouse,2024-08-09,1.6624391817343336,0.8885714285714286,1.4771959586267935,1.0,2024-08,Q3 2024
Greenhouse,2024-08-10,1.6624391817343336,0.8914285714285715,1.4819457848603204,1.0,2024-08,Q3 2024
Greenhouse,2024-08-11,1.6624391817343336,0.8914285714285715,1.4819457848603204,1.0,2024-08,Q3 2024
Greenhouse,2024-08-12,1.6609285983126598,0.8914285714285715,1.480599207638714,1.0,2024-08,Q3 2024
Greenhouse,2024-08-13,1.6558776932499695,0.8942857142857142,1.4808277656778297,1.0,2024-08,Q3 2024
Greenhouse,2024-08-14,1.6558776932499695,0.9,1.4902899239249725,1.0,2024-08,Q3 2024
Greenhouse,2024-08-15,1.6529581908172755,0.8971428571428571,1.4829396340474985,1.0,2024-08,Q3 2024
Greenhouse,2024-08-16,1.6529581908172755,0.9085714285714286,1.501830584799696,1.0,2024-08,Q3 2024
Greenhouse,2024-08-17,1.6529581908172755,0.9085714285714286,1.501830584799696,1.0,2024-08,Q3 2024
Greenhouse,2024-08-18,1.6529581908172755,0.9085714285714286,1.501830584799696,1.0,2024-08,Q3 2024
Greenhouse,2024-08-19,1.6529581908172755,0.9085714285714286,1.501830584799696,1.0,2024-08,Q3 2024
Greenhouse,2024-08-20,1.6529581908172755,0.9085714285714286,1.501830584799696,1.0,2024-08,Q3 2024
Greenhouse,2024-08-21,1.6529581908172755,0.9057142857142857,1.4971078471116466,1.0,2024-08,Q3 2024
Greenhouse,2024-08-22,1.6529581908172755,0.9057142857142857,1.4971078471116466,1.0,2024-08,Q3 2024
Greenhouse,2024-08-23,1.6529581908172755,0.9057142857142857,1.4971078471116466,1.0,2024-08,Q3 2024
Greenhouse,2024-08-24,1.6529581908172755,0.9057142857142857,1.4971078471116466,1.0,2024-08,Q3 2024
Greenhouse,2024-08-25,1.6529581908172755,0.9,1.487662371735548,1.0,2024-08,Q3 2024
Greenhouse,2024-08-26,1.6529581908172755,0.9,1.487662371735548,1.0,2024-08,Q3 2024
Greenhouse,2024-08-27,1.6564386878140929,0.9,1.4907948190326836,1.0,2024-08,Q3 2024
Greenhouse,2024-08-28,1.6564717527741668,0.9028571428571428,1.4955573539332476,1.0,2024-08,Q3 2024
Greenhouse,2024-08-29,1.6577565767239861,0.9057142857142857,1.5014538137757245,1.0,2024-08,Q3 2024
Greenhouse,2024-08-30,1.6566167048672673,0.9114285714285715,1.509887796721881,1.0,2024-08,Q3 2024
Greenhouse,2024-08-31,1.6559849504910173,0.9142857142857143,1.514043383306073,1.0,2024-08,Q3 2024
Greenhouse,2024-09-01,1.6549151114153768,0.9171428571428571,1.5177935736123884,1.0,2024-09,Q3 2024
Greenhouse,2024-09-02,1.6549151114153768,0.92,1.5225219025021468,1.0,2024-09,Q3 2024
Greenhouse,2024-09-03,1.6549151114153768,0.9171428571428571,1.5177935736123884,1.0,2024-09,Q3 2024
Greenhouse,2024-09-04,1.6549151114153768,0.9171428571428571,1.5177935736123884,1.0,2024-09,Q3 2024
Greenhouse,2024-09-05,1.6549151114153768,0.9085714285714286,1.503608586943114,1.0,2024-09,Q3 2024
Greenhouse,2024-09-06,1.6549151114153768,0.9057142857142857,1.4988802580533556,1.0,2024-09,Q3 2024
Greenhouse,2024-09-07,1.6548303906492525,0.9028571428571428,1.4940754384147537,1.0,2024-09,Q3 2024
Greenhouse,2024-09-08,1.6548303906492525,0.9057142857142857,1.4988035252451801,1.0,2024-09,Q3 2024
Greenhouse,2024-09-09,1.6548303906492525,0.9057142857142857,1.4988035252451801,1.0,2024-09,Q3 2024
Greenhouse,2024-09-10,1.6548303906492525,0.9057142857142857,1.4988035252451801,1.0,2024-09,Q3 2024
Greenhouse,2024-09-11,1.6538312900245702,0.9028571428571428,1.493173393279326,1.0,2024-09,Q3 2024
Greenhouse,2024-09-12,1.6533096079041985,0.9028571428571428,1.4927023888506477,1.0,2024-09,Q3 2024
Greenhouse,2024-09-13,1.6533096079041985,0.9057142857142857,1.497426130587517,1.0,2024-09,Q3 2024
Greenhouse,2024-09-14,1.6533096079041985,0.9057142857142857,1.497426130587517,1.0,2024-09,Q3 2024
Greenhouse,2024-09-15,1.6533096079041985,0.9057142857142857,1.497426130587517,1.0,2024-09,Q3 2024
Greenhouse,2024-09-16,1.6528144592601466,0.9057142857142857,1.496977667387047,1.0,2024-09,Q3 2024
Greenhouse,2024-09-17,1.6528144592601466,0.9085714285714286,1.5016999944135045,1.0,2024-09,Q3 2024
Greenhouse,2024-09-18,1.6528144592601466,0.9085714285714286,1.5016999944135045,1.0,2024-09,Q3 2024
Greenhouse,2024-09-19,1.6528144592601466,0.9057142857142857,1.496977667387047,1.0,2024-09,Q3 2024
Greenhouse,2024-09-20,1.6527658464346124,0.9028571428571428,1.4922114499238215,1.0,2024-09,Q3 2024
Greenhouse,2024-09-21,1.6527658464346124,0.9057142857142857,1.4969336380564917,1.0,2024-09,Q3 2024
Greenhouse,2024-09-22,1.6527658464346124,0.9057142857142857,1.4969336380564917,1.0,2024-09,Q3 2024
Greenhouse,2024-09-23,1.6527658464346124,0.9028571428571428,1.4922114499238215,1.0,2024-09,Q3 2024
Greenhouse,2024-09-24,1.6528277400151188,0.9028571428571428,1.4922673309850787,1.0,2024-09,Q3 2024
Greenhouse,2024-09-25,1.652188555703803,0.9028571428571428,1.491690238864005,1.0,2024-09,Q3 2024
Greenhouse,2024-09-26,1.6521562521638025,0.9057142857142857,1.4963815198169297,1.0,2024-09,Q3 2024
Greenhouse,2024-09-27,1.6521562521638025,0.9057142857142857,1.4963815198169297,1.0,2024-09,Q3 2024
Greenhouse,2024-09-28,1.6521562521638025,0.9057142857142857,1.4963815198169297,1.0,2024-09,Q3 2024
Greenhouse,2024-09-29,1.6521562521638025,0.9057142857142857,1.4963815198169297,1.0,2024-09,Q3 2024
Greenhouse,2024-09-30,1.6521562521638025,0.9057142857142857,1.4963815198169297,1.0,2024-09,Q3 2024
Greenhouse,2024-10-01,1.6549592960494084,0.8971428571428571,1.4847349113128978,1.0,2024-10,Q4 2024
Greenhouse,2024-10-02,1.6549592960494084,0.9028571428571428,1.4941918215760372,1.0,2024-10,Q4 2024
Greenhouse,2024-10-03,1.6549592960494084,0.9028571428571428,1.4941918215760372,1.0,2024-10,Q4 2024
Greenhouse,2024-10-04,1.6550008760909884,0.9028571428571428,1.494229362413578,1.0,2024-10,Q4 2024
Greenhouse,2024-10-05,1.6550008760909884,0.9028571428571428,1.494229362413578,1.0,2024-10,Q4 2024
Greenhouse,2024-10-06,1.6550008760909884,0.9028571428571428,1.494229362413578,1.0,2024-10,Q4 2024
Greenhouse,2024-10-07,1.6550008760909884,0.9028571428571428,1.494229362413578,1.0,2024-10,Q4 2024
Greenhouse,2024-10-08,1.6550008760909884,0.9,1.4895007884818896,1.0,2024-10,Q4 2024
Greenhouse,2024-10-09,1.6550008760909884,0.9,1.4895007884818896,1.0,2024-10,Q4 2024
Greenhouse,2024-10-10,1.6561282488797582,0.8971428571428571,1.485783628994983,1.0,2024-10,Q4 2024
Greenhouse,2024-10-11,1.6561282488797582,0.9028571428571428,1.4952472189885815,1.0,2024-10,Q4 2024
Greenhouse,2024-10-12,1.655936852353257,0.9028571428571428,1.495074415267512,1.0,2024-10,Q4 2024
Greenhouse,2024-10-13,1.655936852353257,0.9028571428571428,1.495074415267512,1.0,2024-10,Q4 2024
Greenhouse,2024-10-14,1.655936852353257,0.9028571428571428,1.495074415267512,1.0,2024-10,Q4 2024
Greenhouse,2024-10-15,1.6589507923052194,0.9028571428571428,1.4977955724812837,1.0,2024-10,Q4 2024
Greenhouse,2024-10-16,1.6589507923052194,0.9085714285714286,1.5072752912944565,1.0,2024-10,Q4 2024
Greenhouse,2024-10-17,1.6584047727160225,0.9085714285714286,1.506779193496272,1.0,2024-10,Q4 2024
Greenhouse,2024-10-18,1.6586017297076927,0.9085714285714286,1.5069581429915608,1.0,2024-10,Q4 2024
Greenhouse,2024-10-19,1.6586017297076927,0.9142857142857143,1.516435867161319,1.0,2024-10,Q4 2024
Greenhouse,2024-10-20,1.6586017297076927,0.9142857142857143,1.516435867161319,1.0,2024-10,Q4 2024
Greenhouse,2024-10-21,1.6586017297076927,0.9142857142857143,1.516435867161319,1.0,2024-10,Q4 2024
Greenhouse,2024-10-22,1.6586017297076927,0.9114285714285715,1.51169700507644,1.0,2024-10,Q4 2024
Greenhouse,2024-10-23,1.658490544309169,0.9114285714285715,1.5115956675275,1.0,2024-10,Q4 2024
Greenhouse,2024-10-24,1.658490544309169,0.9114285714285715,1.5115956675275,1.0,2024-10,Q4 2024
Greenhouse,2024-10-25,1.6611256778396981,0.9085714285714286,1.5092513301514972,1.0,2024-10,Q4 2024
Greenhouse,2024-10-26,1.6611256778396981,0.9114285714285715,1.5139974035167536,1.0,2024-10,Q4 2024
Greenhouse,2024-10-27,1.6611256778396981,0.9114285714285715,1.5139974035167536,1.0,2024-10,Q4 2024
Greenhouse,2024-10-28,1.6611256778396981,0.9114285714285715,1.5139974035167536,1.0,2024-10,Q4 2024
Greenhouse,2024-10-29,1.660447357132937,0.9,1.4944026214196433,1.0,2024-10,Q4 2024
Greenhouse,2024-10-30,1.6594782672543034,0.9028571428571428,1.4982718070067425,1.0,2024-10,Q4 2024
Greenhouse,2024-10-31,1.6594782672543034,0.9085714285714286,1.5077545399624814,1.0,2024-10,Q4 2024
Greenhouse,2024-11-01,1.6594782672543034,0.9085714285714286,1.5077545399624814,1.0,2024-11,Q4 2024
Greenhouse,2024-11-02,1.6594782672543034,0.9057142857142857,1.503013173484612,1.0,2024-11,Q4 2024
Greenhouse,2024-11-03,1.6594782672543034,0.9057142857142857,1.503013173484612,1.0,2024-11,Q4 2024
Greenhouse,2024-11-04,1.660056174693627,0.8942857142857142,1.4845645219403008,1.0,2024-11,Q4 2024
Greenhouse,2024-11-05,1.660056174693627,0.8971428571428571,1.4893075395822826,1.0,2024-11,Q4 2024
Greenhouse,2024-11-06,1.660056174693627,0.8971428571428571,1.4893075395822826,1.0,2024-11,Q4 2024
Greenhouse,2024-11-07,1.660056174693627,0.8971428571428571,1.4893075395822826,1.0,2024-11,Q4 2024
Greenhouse,2024-11-08,1.660056174693627,0.8971428571428571,1.4893075395822826,1.0,2024-11,Q4 2024
Greenhouse,2024-11-09,1.6590753156940745,0.8971428571428571,1.4884275689369697,1.0,2024-11,Q4 2024
Greenhouse,2024-11-10,1.6590753156940745,0.9028571428571428,1.4979079993123643,1.0,2024-11,Q4 2024
Greenhouse,2024-11-11,1.6590753156940745,0.9028571428571428,1.4979079993123643,1.0,2024-11,Q4 2024
Greenhouse,2024-11-12,1.6590753156940745,0.9028571428571428,1.4979079993123643,1.0,2024-11,Q4 2024
Greenhouse,2024-11-13,1.6590753156940745,0.9028571428571428,1.4979079993123643,1.0,2024-11,Q4 2024
Greenhouse,2024-11-14,1.6590753156940745,0.9028571428571428,1.4979079993123643,1.0,2024-11,Q4 2024
Greenhouse,2024-11-15,1.6590753156940745,0.9028571428571428,1.4979079993123643,1.0,2024-11,Q4 2024
Greenhouse,2024-11-16,1.658933882291912,0.9,1.4930404940627209,1.0,2024-11,Q4 2024
Greenhouse,2024-11-17,1.658933882291912,0.9,1.4930404940627209,1.0,2024-11,Q4 2024
Greenhouse,2024-11-18,1.658933882291912,0.9,1.4930404940627209,1.0,2024-11,Q4 2024
Greenhouse,2024-11-19,1.656799194246514,0.8942857142857142,1.4816518508547394,1.0,2024-11,Q4 2024
Greenhouse,2024-11-20,1.656799194246514,0.9028571428571428,1.4958529868054238,1.0,2024-11,Q4 2024
Greenhouse,2024-11-21,1.656799194246514,0.9028571428571428,1.4958529868054238,1.0,2024-11,Q4 2024
Greenhouse,2024-11-22,1.656799194246514,0.9028571428571428,1.4958529868054238,1.0,2024-11,Q4 2024
Greenhouse,2024-11-23,1.656799194246514,0.9028571428571428,1.4958529868054238,1.0,2024-11,Q4 2024
Greenhouse,2024-11-24,1.656799194246514,0.9028571428571428,1.4958529868054238,1.0,2024-11,Q4 2024
Greenhouse,2024-11-25,1.656564840993379,0.9028571428571428,1.4956413992968793,1.0,2024-11,Q4 2024
Greenhouse,2024-11-26,1.656564840993379,0.9,1.490908356894041,1.0,2024-11,Q4 2024
Greenhouse,2024-11-27,1.6566273351942151,0.9,1.4909646016747937,1.0,2024-11,Q4 2024
Greenhouse,2024-11-28,1.656537822014635,0.9,1.4908840398131715,1.0,2024-11,Q4 2024
Greenhouse,2024-11-29,1.656537822014635,0.9028571428571428,1.4956170050189275,1.0,2024-11,Q4 2024
Greenhouse,2024-11-30,1.656537822014635,0.9028571428571428,1.4956170050189275,1.0,2024-11,Q4 2024
Greenhouse,2024-12-01,1.656537822014635,0.9,1.4908840398131715,1.0,2024-12,Q4 2024
Greenhouse,2024-12-02,1.656537822014635,0.9,1.4908840398131715,1.0,2024-12,Q4 2024
Greenhouse,2024-12-03,1.656537822014635,0.8971428571428571,1.4861510746074154,1.0,2024-12,Q4 2024
Greenhouse,2024-12-04,1.656537822014635,0.8971428571428571,1.4861510746074154,1.0,2024-12,Q4 2024
Greenhouse,2024-12-05,1.656537822014635,0.8914285714285715,1.4766851441959032,1.0,2024-12,Q4 2024
Greenhouse,2024-12-06,1.656537822014635,0.8914285714285715,1.4766851441959032,1.0,2024-12,Q4 2024
Greenhouse,2024-12-07,1.656537822014635,0.8914285714285715,1.4766851441959032,1.0,2024-12,Q4 2024
Greenhouse,2024-12-08,1.656537822014635,0.8914285714285715,1.4766851441959032,1.0,2024-12,Q4 2024
Greenhouse,2024-12-09,1.656537822014635,0.8914285714285715,1.4766851441959032,1.0,2024-12,Q4 2024
Greenhouse,2024-12-10,1.6595613549340458,0.8914285714285715,1.4793804078269208,1.0,2024-12,Q4 2024
Greenhouse,2024-12-11,1.6602820616178497,0.8971428571428571,1.4895101924228709,1.0,2024-12,Q4 2024
Greenhouse,2024-12-12,1.6602820616178497,0.9,1.4942538554560647,1.0,2024-12,Q4 2024
Greenhouse,2024-12-13,1.6602820616178497,0.9,1.4942538554560647,1.0,2024-12,Q4 2024
Greenhouse,2024-12-14,1.659827775111841,0.9,1.493844997600657,1.0,2024-12,Q4 2024
Greenhouse,2024-12-15,1.659827775111841,0.9028571428571428,1.498587362672405,1.0,2024-12,Q4 2024
Greenhouse,2024-12-16,1.659827775111841,0.9,1.493844997600657,1.0,2024-12,Q4 2024
Greenhouse,2024-12-17,1.659827775111841,0.9,1.493844997600657,1.0,2024-12,Q4 2024
Greenhouse,2024-12-18,1.659827775111841,0.9,1.493844997600657,1.0,2024-12,Q4 2024
Greenhouse,2024-12-19,1.659827775111841,0.9,1.493844997600657,1.0,2024-12,Q4 2024
Greenhouse,2024-12-20,1.659827775111841,0.9,1.493844997600657,1.0,2024-12,Q4 2024
Greenhouse,2024-12-21,1.659827775111841,0.9,1.493844997600657,1.0,2024-12,Q4 2024
Greenhouse,2024-12-22,1.659827775111841,0.9,1.493844997600657,1.0,2024-12,Q4 2024
Greenhouse,2024-12-23,1.659827775111841,0.9,1.493844997600657,1.0,2024-12,Q4 2024
Greenhouse,2024-12-24,1.659827775111841,0.9,1.493844997600657,1.0,2024-12,Q4 2024
Greenhouse,2024-12-25,1.6601595304209031,0.9,1.4941435773788128,1.0,2024-12,Q4 2024
Greenhouse,2024-12-26,1.6601595304209031,0.9085714285714286,1.508373516210992,1.0,2024-12,Q4 2024
Greenhouse,2024-12-27,1.6601595304209031,0.9057142857142857,1.5036302032669322,1.0,2024-12,Q4 2024
Greenhouse,2024-12-28,1.6601595304209031,0.9057142857142857,1.5036302032669322,1.0,2024-12,Q4 2024
Greenhouse,2024-12-29,1.6601595304209031,0.9057142857142857,1.5036302032669322,1.0,2024-12,Q4 2024
Greenhouse,2024-12-30,1.6596784163674552,0.9057142857142857,1.5031944513956665,1.0,2024-12,Q4 2024
Greenhouse,2024-12-31,1.6596784163674552,0.9085714285714286,1.507936389728145,1.0,2024-12,Q4 2024
Greenhouse,2025-01-01,1.6596784163674552,0.9085714285714286,1.507936389728145,1.0,2025-01,Q1 2025
Greenhouse,2025-01-02,1.6596784163674552,0.9085714285714286,1.507936389728145,1.0,2025-01,Q1 2025
Greenhouse,2025-01-03,1.6596784163674552,0.9057142857142857,1.5031944513956665,1.0,2025-01,Q1 2025
Greenhouse,2025-01-04,1.6586231569714753,0.9057142857142857,1.5022386878855933,1.0,2025-01,Q1 2025
Greenhouse,2025-01-05,1.6586231569714753,0.9114285714285715,1.511716534496859,1.0,2025-01,Q1 2025
Greenhouse,2025-01-06,1.6586231569714753,0.9114285714285715,1.511716534496859,1.0,2025-01,Q1 2025
Greenhouse,2025-01-07,1.6586231569714753,0.9114285714285715,1.511716534496859,1.0,2025-01,Q1 2025
Greenhouse,2025-01-08,1.6581600508874361,0.9085714285714286,1.5065568462348706,1.0,2025-01,Q1 2025
Greenhouse,2025-01-09,1.6611710225157377,0.9085714285714286,1.5092925290285846,1.0,2025-01,Q1 2025
Greenhouse,2025-01-10,1.6606952747912842,0.9114285714285715,1.5136051218811992,1.0,2025-01,Q1 2025
Greenhouse,2025-01-11,1.6606952747912842,0.9171428571428571,1.5230948091657206,1.0,2025-01,Q1 2025
Greenhouse,2025-01-12,1.6606952747912842,0.9171428571428571,1.5230948091657206,1.0,2025-01,Q1 2025
Greenhouse,2025-01-13,1.6606952747912842,0.9171428571428571,1.5230948091657206,1.0,2025-01,Q1 2025
Greenhouse,2025-01-14,1.659846393451913,0.9142857142857143,1.517573845441749,1.0,2025-01,Q1 2025
Greenhouse,2025-01-15,1.6597084486002347,0.9114285714285715,1.5127057002956426,1.0,2025-01,Q1 2025
Greenhouse,2025-01-16,1.6597084486002347,0.9114285714285715,1.5127057002956426,1.0,2025-01,Q1 2025
Greenhouse,2025-01-17,1.6597084486002347,0.9114285714285715,1.5127057002956426,1.0,2025-01,Q1 2025
Greenhouse,2025-01-18,1.6597084486002347,0.9085714285714286,1.5079636761567847,1.0,2025-01,Q1 2025
Greenhouse,2025-01-19,1.6597084486002347,0.9085714285714286,1.5079636761567847,1.0,2025-01,Q1 2025
Greenhouse,2025-01-20,1.6597084486002347,0.9085714285714286,1.5079636761567847,1.0,2025-01,Q1 2025
Greenhouse,2025-01-21,1.6597084486002347,0.9085714285714286,1.5079636761567847,1.0,2025-01,Q1 2025
Greenhouse,2025-01-22,1.6613969597001799,0.9057142857142857,1.5047509606427343,1.0,2025-01,Q1 2025
Greenhouse,2025-01-23,1.6606895871163623,0.9085714285714286,1.5088551105800092,1.0,2025-01,Q1 2025
Greenhouse,2025-01-24,1.660644110227284,0.9028571428571428,1.4993243966623477,1.0,2025-01,Q1 2025
Greenhouse,2025-01-25,1.660644110227284,0.9,1.4945796992045557,1.0,2025-01,Q1 2025
Greenhouse,2025-01-26,1.660644110227284,0.9,1.4945796992045557,1.0,2025-01,Q1 2025
Greenhouse,2025-01-27,1.660644110227284,0.9,1.4945796992045557,1.0,2025-01,Q1 2025
Greenhouse,2025-01-28,1.659266685668604,0.8971428571428571,1.4885992551426905,1.0,2025-01,Q1 2025
Greenhouse,2025-01-29,1.659266685668604,0.9057142857142857,1.50282154101985,1.0,2025-01,Q1 2025
Greenhouse,2025-01-30,1.6579793440066861,0.9057142857142857,1.5016555772860556,1.0,2025-01,Q1 2025
Greenhouse,2025-01-31,1.6579793440066861,0.9057142857142857,1.5016555772860556,1.0,2025-01,Q1 2025
Greenhouse,2025-02-01,1.6586999350113305,0.8971428571428571,1.4880907988387364,1.0,2025-02,Q1 2025
Greenhouse,2025-02-02,1.6586999350113305,0.9057142857142857,1.5023082268531194,1.0,2025-02,Q1 2025
Greenhouse,2025-02-03,1.6586999350113305,0.9028571428571428,1.4975690841816582,1.0,2025-02,Q1 2025
Greenhouse,2025-02-04,1.6586999350113305,0.9028571428571428,1.4975690841816582,1.0,2025-02,Q1 2025
Greenhouse,2025-02-05,1.6586999350113305,0.9028571428571428,1.4975690841816582,1.0,2025-02,Q1 2025
Greenhouse,2025-02-06,1.6584410114559638,0.9,1.4925969103103673,1.0,2025-02,Q1 2025
Greenhouse,2025-02-07,1.6584410114559638,0.9028571428571428,1.4973353132002416,1.0,2025-02,Q1 2025
Greenhouse,2025-02-08,1.6584410114559638,0.9028571428571428,1.4973353132002416,1.0,2025-02,Q1 2025
Greenhouse,2025-02-09,1.6584410114559638,0.9028571428571428,1.4973353132002416,1.0,2025-02,Q1 2025
Greenhouse,2025-02-10,1.6584410114559638,0.9028571428571428,1.4973353132002416,1.0,2025-02,Q1 2025
Greenhouse,2025-02-11,1.6575550020332221,0.9,1.4917995018299,1.0,2025-02,Q1 2025
Greenhouse,2025-02-12,1.6575550020332221,0.8971428571428571,1.4870636303955194,1.0,2025-02,Q1 2025
Greenhouse,2025-02-13,1.6575550020332221,0.8971428571428571,1.4870636303955194,1.0,2025-02,Q1 2025
Greenhouse,2025-02-14,1.6569389240252472,0.8942857142857142,1.481776809199721,1.0,2025-02,Q1 2025
Greenhouse,2025-02-15,1.6569389240252472,0.8971428571428571,1.4865109204112217,1.0,2025-02,Q1 2025
Greenhouse,2025-02-16,1.6569389240252472,0.8971428571428571,1.4865109204112217,1.0,2025-02,Q1 2025
Greenhouse,2025-02-17,1.6569389240252472,0.8971428571428571,1.4865109204112217,1.0,2025-02,Q1 2025
Greenhouse,2025-02-18,1.656548240410434,0.8914285714285715,1.4766944314515869,1.0,2025-02,Q1 2025
Greenhouse,2025-02-19,1.6561575567956206,0.8942857142857142,1.4810780436486548,1.0,2025-02,Q1 2025
Greenhouse,2025-02-20,1.6557668731808075,0.8971428571428571,1.4854594233679244,1.0,2025-02,Q1 2025
Greenhouse,2025-02-21,1.6548501534819617,0.8971428571428571,1.4846369948381029,1.0,2025-02,Q1 2025
Greenhouse,2025-02-22,1.6548501534819617,0.9028571428571428,1.4940932814294283,1.0,2025-02,Q1 2025
Greenhouse,2025-02-23,1.6548501534819617,0.9028571428571428,1.4940932814294283,1.0,2025-02,Q1 2025
Greenhouse,2025-02-24,1.6541589440095996,0.9,1.4887430496086398,1.0,2025-02,Q1 2025
Greenhouse,2025-02-25,1.6536901236718236,0.9,1.4883211113046413,1.0,2025-02,Q1 2025
Greenhouse,2025-02-26,1.6533355031599162,0.8971428571428571,1.4832781371206105,1.0,2025-02,Q1 2025
Greenhouse,2025-02-27,1.6528366302363853,0.9028571428571428,1.4922753575848506,1.0,2025-02,Q1 2025
Greenhouse,2025-02-28,1.6510842058316804,0.9028571428571428,1.4906931686937457,1.0,2025-02,Q1 2025
Greenhouse,2025-03-01,1.6502932019882424,0.9,1.4852638817894181,1.0,2025-03,Q1 2025
Greenhouse,2025-03-02,1.6502932019882424,0.9057142857142857,1.4946941286579223,1.0,2025-03,Q1 2025
Greenhouse,2025-03-03,1.649626662594414,0.9057142857142857,1.4940904344069408,1.0,2025-03,Q1 2025
Greenhouse,2025-03-04,1.649626662594414,0.9085714285714286,1.4988036534429248,1.0,2025-03,Q1 2025
Greenhouse,2025-03-05,1.649626662594414,0.9,1.4846639963349726,1.0,2025-03,Q1 2025
Greenhouse,2025-03-06,1.649626662594414,0.9,1.4846639963349726,1.0,2025-03,Q1 2025
Greenhouse,2025-03-07,1.649626662594414,0.8942857142857142,1.4752375582630044,1.0,2025-03,Q1 2025
Greenhouse,2025-03-08,1.649626662594414,0.8942857142857142,1.4752375582630044,1.0,2025-03,Q1 2025
Greenhouse,2025-03-09,1.649626662594414,0.8942857142857142,1.4752375582630044,1.0,2025-03,Q1 2025
Greenhouse,2025-03-10,1.649626662594414,0.8942857142857142,1.4752375582630044,1.0,2025-03,Q1 2025
Greenhouse,2025-03-11,1.649626662594414,0.8857142857142857,1.4610979011550524,1.0,2025-03,Q1 2025
Greenhouse,2025-03-12,1.649626662594414,0.8828571428571429,1.4563846821190685,1.0,2025-03,Q1 2025
Greenhouse,2025-03-13,1.649626662594414,0.8828571428571429,1.4563846821190685,1.0,2025-03,Q1 2025
Greenhouse,2025-03-14,1.649626662594414,0.88,1.4516714630830843,1.0,2025-03,Q1 2025
Greenhouse,2025-03-15,1.649220845616192,0.8771428571428571,1.4466022845833455,1.0,2025-03,Q1 2025
Greenhouse,2025-03-16,1.649220845616192,0.8828571428571429,1.4560264037011525,1.0,2025-03,Q1 2025
Greenhouse,2025-03-17,1.649220845616192,0.8828571428571429,1.4560264037011525,1.0,2025-03,Q1 2025
Greenhouse,2025-03-18,1.649220845616192,0.8828571428571429,1.4560264037011525,1.0,2025-03,Q1 2025
Greenhouse,2025-03-19,1.6490241777548036,0.8828571428571429,1.4558527740749552,1.0,2025-03,Q1 2025
Greenhouse,2025-03-20,1.64992901941042,0.8857142857142857,1.4613657029063718,1.0,2025-03,Q1 2025
Greenhouse,2025-03-21,1.64992901941042,0.8885714285714286,1.4660797858189731,1.0,2025-03,Q1 2025
Greenhouse,2025-03-22,1.6495058855268263,0.8857142857142857,1.4609909271809032,1.0,2025-03,Q1 2025
Greenhouse,2025-03-23,1.6495058855268263,0.8914285714285715,1.4704166750981995,1.0,2025-03,Q1 2025
Greenhouse,2025-03-24,1.6495058855268263,0.8914285714285715,1.4704166750981995,1.0,2025-03,Q1 2025
Greenhouse,2025-03-25,1.6495058855268263,0.8914285714285715,1.4704166750981995,1.0,2025-03,Q1 2025
Greenhouse,2025-03-26,1.6491302908773253,0.8914285714285715,1.4700818592963587,1.0,2025-03,Q1 2025
Greenhouse,2025-03-27,1.6491302908773253,0.8942857142857142,1.4747936601274365,1.0,2025-03,Q1 2025
Greenhouse,2025-03-28,1.6491302908773253,0.8914285714285715,1.4700818592963587,1.0,2025-03,Q1 2025
Greenhouse,2025-03-29,1.6491302908773253,0.8914285714285715,1.4700818592963587,1.0,2025-03,Q1 2025
Greenhouse,2025-03-30,1.6491302908773253,0.8914285714285715,1.4700818592963587,1.0,2025-03,Q1 2025
Greenhouse,2025-03-31,1.6491302908773253,0.8914285714285715,1.4700818592963587,1.0,2025-03,Q1 2025
Greenhouse,2025-04-01,1.6489783202571615,0.8885714285714286,1.4652350217142207,1.0,2025-04,Q2 2025
Greenhouse,2025-04-02,1.647436655662057,0.8857142857142857,1.4591581807292504,1.0,2025-04,Q2 2025
Greenhouse,2025-04-03,1.6478266609409113,0.8857142857142857,1.4595036139762356,1.0,2025-04,Q2 2025
Greenhouse,2025-04-04,1.6478266609409113,0.8885714285714286,1.4642116901503526,1.0,2025-04,Q2 2025
Greenhouse,2025-04-05,1.6478266609409113,0.8828571428571429,1.454795537802119,1.0,2025-04,Q2 2025
Greenhouse,2025-04-06,1.6478266609409113,0.8828571428571429,1.454795537802119,1.0,2025-04,Q2 2025
Greenhouse,2025-04-07,1.6478266609409113,0.8828571428571429,1.454795537802119,1.0,2025-04,Q2 2025
Greenhouse,2025-04-08,1.6478266609409113,0.8742857142857143,1.4406713092797683,1.0,2025-04,Q2 2025
Greenhouse,2025-04-09,1.6478266609409113,0.8714285714285714,1.4359632331056513,1.0,2025-04,Q2 2025
Greenhouse,2025-04-10,1.6478266609409113,0.8685714285714285,1.4312551569315344,1.0,2025-04,Q2 2025
Greenhouse,2025-04-11,1.6472692011902255,0.8571428571428572,1.4119450295916218,1.0,2025-04,Q2 2025
Greenhouse,2025-04-12,1.6472692011902255,0.8657142857142857,1.426064479887538,1.0,2025-04,Q2 2025
Greenhouse,2025-04-13,1.6467164599052069,0.8657142857142857,1.4255859638607933,1.0,2025-04,Q2 2025
Radius West,2023-10-12,1.9843475057945386,0.9196675900277008,1.8249400884315423,1.0,2023-10,Q4 2023
Radius West,2023-10-13,1.9843475057945386,0.9224376731301939,1.830436895926818,1.0,2023-10,Q4 2023
Radius West,2023-10-14,1.9843475057945386,0.9224376731301939,1.830436895926818,1.0,2023-10,Q4 2023
Radius West,2023-10-15,1.9843475057945386,0.9224376731301939,1.830436895926818,1.0,2023-10,Q4 2023
Radius West,2023-10-16,1.9843475057945386,0.9224376731301939,1.830436895926818,1.0,2023-10,Q4 2023
Radius West,2023-10-17,1.9714860146097712,0.9224376731301939,1.8185729719253567,1.0,2023-10,Q4 2023
Radius West,2023-10-18,1.9499987542729063,0.925207756232687,1.8041539720973705,1.0,2023-10,Q4 2023
Radius West,2023-10-19,1.9499987542729063,0.9307479224376731,1.814957289295558,1.0,2023-10,Q4 2023
Radius West,2023-10-20,1.9413531730095563,0.9279778393351801,1.8015327228759042,1.0,2023-10,Q4 2023
Radius West,2023-10-21,1.9413531730095563,0.9307479224376731,1.8069104324964291,1.0,2023-10,Q4 2023
Radius West,2023-10-22,1.9300665524274385,0.9307479224376731,1.7964054338382807,1.0,2023-10,Q4 2023
Radius West,2023-10-23,1.9300665524274385,0.9335180055401662,1.801751878581847,1.0,2023-10,Q4 2023
Radius West,2023-10-24,1.9300665524274385,0.9335180055401662,1.801751878581847,1.0,2023-10,Q4 2023
Radius West,2023-10-25,1.9300665524274385,0.9335180055401662,1.801751878581847,1.0,2023-10,Q4 2023
Radius West,2023-10-26,1.9300665524274385,0.9307479224376731,1.7964054338382807,1.0,2023-10,Q4 2023
Radius West,2023-10-27,1.9300665524274385,0.9307479224376731,1.7964054338382807,1.0,2023-10,Q4 2023
Radius West,2023-10-28,1.9300665524274385,0.9307479224376731,1.7964054338382807,1.0,2023-10,Q4 2023
Radius West,2023-10-29,1.9300665524274385,0.9307479224376731,1.7964054338382807,1.0,2023-10,Q4 2023
Radius West,2023-10-30,1.9300665524274385,0.9307479224376731,1.7964054338382807,1.0,2023-10,Q4 2023
Radius West,2023-10-31,1.9300665524274385,0.9279778393351801,1.7910589890947144,1.0,2023-10,Q4 2023
Radius West,2023-11-01,1.9235601177930401,0.925207756232687,1.7796927405619818,1.0,2023-11,Q4 2023
Radius West,2023-11-02,1.9235601177930401,0.9279778393351801,1.78502116194091,1.0,2023-11,Q4 2023
Radius West,2023-11-03,1.9178958965149213,0.9279778393351801,1.7797648901177248,1.0,2023-11,Q4 2023
Radius West,2023-11-04,1.9178958965149213,0.9307479224376731,1.7850776211330015,1.0,2023-11,Q4 2023
Radius West,2023-11-05,1.9178958965149213,0.9279778393351801,1.7797648901177248,1.0,2023-11,Q4 2023
Radius West,2023-11-06,1.9178958965149213,0.9279778393351801,1.7797648901177248,1.0,2023-11,Q4 2023
Radius West,2023-11-07,1.9632775780615817,0.9279778393351801,1.821878084904792,1.0,2023-11,Q4 2023
Radius West,2023-11-08,1.9632775780615817,0.9335180055401662,1.8327549689937757,1.0,2023-11,Q4 2023
Radius West,2023-11-09,1.9718074935216259,0.9335180055401662,1.8407177986614622,1.0,2023-11,Q4 2023
Radius West,2023-11-10,1.9900242595664628,0.9362880886426592,1.8632360103420067,1.0,2023-11,Q4 2023
Radius West,2023-11-11,1.9900242595664628,0.9390581717451524,1.868748542916983,1.0,2023-11,Q4 2023
Radius West,2023-11-12,1.9900242595664628,0.9390581717451524,1.868748542916983,1.0,2023-11,Q4 2023
Radius West,2023-11-13,1.9900242595664628,0.9390581717451524,1.868748542916983,1.0,2023-11,Q4 2023
Radius West,2023-11-14,1.9818976151129648,0.9362880886426592,1.8556271299395626,1.0,2023-11,Q4 2023
Radius West,2023-11-15,1.968102118882486,0.9362880886426592,1.8427105711420506,1.0,2023-11,Q4 2023
Radius West,2023-11-16,1.968102118882486,0.9390581717451524,1.848162377565548,1.0,2023-11,Q4 2023
Radius West,2023-11-17,1.955153636630569,0.9390581717451524,1.836002999495188,1.0,2023-11,Q4 2023
Radius West,2023-11-18,1.955153636630569,0.9445983379501385,1.8468348755984045,1.0,2023-11,Q4 2023
Radius West,2023-11-19,1.955153636630569,0.9445983379501385,1.8468348755984045,1.0,2023-11,Q4 2023
Radius West,2023-11-20,1.955153636630569,0.9418282548476454,1.8414189375467964,1.0,2023-11,Q4 2023
Radius West,2023-11-21,1.9613694418104992,0.9418282548476454,1.847273158491883,1.0,2023-11,Q4 2023
Radius West,2023-11-22,1.9976255356030155,0.9418282548476454,1.881420172036081,1.0,2023-11,Q4 2023
Radius West,2023-11-23,1.9976255356030155,0.9445983379501385,1.8869537607773637,1.0,2023-11,Q4 2023
Radius West,2023-11-24,1.9976255356030155,0.9445983379501385,1.8869537607773637,1.0,2023-11,Q4 2023
Radius West,2023-11-25,2.0119461330634056,0.9445983379501385,1.900480973336901,1.0,2023-11,Q4 2023
Radius West,2023-11-26,2.0119461330634056,0.9473684210526316,1.9060542313232265,1.0,2023-11,Q4 2023
Radius West,2023-11-27,2.0119461330634056,0.9473684210526316,1.9060542313232265,1.0,2023-11,Q4 2023
Radius West,2023-11-28,2.0119461330634056,0.9473684210526316,1.9060542313232265,1.0,2023-11,Q4 2023
Radius West,2023-11-29,2.0048562930360907,0.9473684210526316,1.8993375407710333,1.0,2023-11,Q4 2023
Radius West,2023-11-30,1.9942876666330995,0.9473684210526316,1.8893251578629364,1.0,2023-11,Q4 2023
Radius West,2023-12-01,1.9775211186637731,0.9501385041551247,1.8789189576223662,1.0,2023-12,Q4 2023
Radius West,2023-12-02,1.9940485063948181,0.9556786703601108,1.9056696252249647,1.0,2023-12,Q4 2023
Radius West,2023-12-03,1.9940485063948181,0.9584487534626038,1.9111933052980805,1.0,2023-12,Q4 2023
Radius West,2023-12-04,1.9940485063948181,0.9584487534626038,1.9111933052980805,1.0,2023-12,Q4 2023
Radius West,2023-12-05,2.0014306152596615,0.9556786703601108,1.9127245492093716,1.0,2023-12,Q4 2023
Radius West,2023-12-06,2.0014306152596615,0.961218836565097,1.923812807465658,1.0,2023-12,Q4 2023
Radius West,2023-12-07,2.0014306152596615,0.961218836565097,1.923812807465658,1.0,2023-12,Q4 2023
Radius West,2023-12-08,2.016651873233035,0.9556786703601108,1.9272711807905738,1.0,2023-12,Q4 2023
Radius West,2023-12-09,2.0097437244138434,0.961218836565097,1.9318035245750795,1.0,2023-12,Q4 2023
Radius West,2023-12-10,2.0097437244138434,0.96398891966759,1.9373706817064198,1.0,2023-12,Q4 2023
Radius West,2023-12-11,2.0097437244138434,0.96398891966759,1.9373706817064198,1.0,2023-12,Q4 2023
Radius West,2023-12-12,2.0097437244138434,0.961218836565097,1.9318035245750795,1.0,2023-12,Q4 2023
Radius West,2023-12-13,2.059801142977588,0.961218836565097,1.9799196582083742,1.0,2023-12,Q4 2023
Radius West,2023-12-14,2.0804266923207786,0.961218836565097,1.9997453247515518,1.0,2023-12,Q4 2023
Radius West,2023-12-15,2.0804266923207786,0.96398891966759,2.005508279577925,1.0,2023-12,Q4 2023
Radius West,2023-12-16,2.073394023981546,0.9584487534626038,1.987241917721925,1.0,2023-12,Q4 2023
Radius West,2023-12-17,2.064400291353099,0.961218836565097,1.984340446259073,1.0,2023-12,Q4 2023
Radius West,2023-12-18,2.064400291353099,0.96398891966759,1.990059006622932,1.0,2023-12,Q4 2023
Radius West,2023-12-19,2.064400291353099,0.96398891966759,1.990059006622932,1.0,2023-12,Q4 2023
Radius West,2023-12-20,2.064400291353099,0.96398891966759,1.990059006622932,1.0,2023-12,Q4 2023
Radius West,2023-12-21,2.064400291353099,0.96398891966759,1.990059006622932,1.0,2023-12,Q4 2023
Radius West,2023-12-22,2.064400291353099,0.961218836565097,1.984340446259073,1.0,2023-12,Q4 2023
Radius West,2023-12-23,2.064400291353099,0.961218836565097,1.984340446259073,1.0,2023-12,Q4 2023
Radius West,2023-12-24,2.064400291353099,0.961218836565097,1.984340446259073,1.0,2023-12,Q4 2023
Radius West,2023-12-25,2.064400291353099,0.961218836565097,1.984340446259073,1.0,2023-12,Q4 2023
Radius West,2023-12-26,2.064400291353099,0.961218836565097,1.984340446259073,1.0,2023-12,Q4 2023
Radius West,2023-12-27,2.064400291353099,0.961218836565097,1.984340446259073,1.0,2023-12,Q4 2023
Radius West,2023-12-28,2.064400291353099,0.9584487534626038,1.9786218858952138,1.0,2023-12,Q4 2023
Radius West,2023-12-29,2.064400291353099,0.9584487534626038,1.9786218858952138,1.0,2023-12,Q4 2023
Radius West,2023-12-30,2.064400291353099,0.9584487534626038,1.9786218858952138,1.0,2023-12,Q4 2023
Radius West,2023-12-31,2.064400291353099,0.9584487534626038,1.9786218858952138,1.0,2023-12,Q4 2023
Radius West,2024-01-01,2.064400291353099,0.9584487534626038,1.9786218858952138,1.0,2024-01,Q1 2024
Radius West,2024-01-02,2.064400291353099,0.9584487534626038,1.9786218858952138,1.0,2024-01,Q1 2024
Radius West,2024-01-03,2.064400291353099,0.9584487534626038,1.9786218858952138,1.0,2024-01,Q1 2024
Radius West,2024-01-04,2.064400291353099,0.9529085872576177,1.967184765167496,1.0,2024-01,Q1 2024
Radius West,2024-01-05,2.064400291353099,0.9501385041551247,1.961466204803637,1.0,2024-01,Q1 2024
Radius West,2024-01-06,2.0641810351740344,0.9418282548476454,1.944104022047567,1.0,2024-01,Q1 2024
Radius West,2024-01-07,2.0641810351740344,0.9445983379501385,1.9498219750535892,1.0,2024-01,Q1 2024
Radius West,2024-01-08,2.0641810351740344,0.9445983379501385,1.9498219750535892,1.0,2024-01,Q1 2024
Radius West,2024-01-09,2.0641810351740344,0.9445983379501385,1.9498219750535892,1.0,2024-01,Q1 2024
Radius West,2024-01-10,2.0641810351740344,0.9390581717451524,1.9383860690415449,1.0,2024-01,Q1 2024
Radius West,2024-01-11,2.0420712931406055,0.9335180055401662,1.9063103207434462,1.0,2024-01,Q1 2024
Radius West,2024-01-12,2.0420712931406055,0.9390581717451524,1.9176237351098762,1.0,2024-01,Q1 2024
Radius West,2024-01-13,2.0420712931406055,0.9390581717451524,1.9176237351098762,1.0,2024-01,Q1 2024
Radius West,2024-01-14,2.0420712931406055,0.9390581717451524,1.9176237351098762,1.0,2024-01,Q1 2024
Radius West,2024-01-15,2.0420712931406055,0.9390581717451524,1.9176237351098762,1.0,2024-01,Q1 2024
Radius West,2024-01-16,2.0420712931406055,0.9390581717451524,1.9176237351098762,1.0,2024-01,Q1 2024
Radius West,2024-01-17,2.0420712931406055,0.9390581717451524,1.9176237351098762,1.0,2024-01,Q1 2024
Radius West,2024-01-18,2.035214031788013,0.9390581717451524,1.911184367800932,1.0,2024-01,Q1 2024
Radius West,2024-01-19,2.035214031788013,0.9418282548476454,1.9168220798003446,1.0,2024-01,Q1 2024
Radius West,2024-01-20,2.035214031788013,0.9390581717451524,1.911184367800932,1.0,2024-01,Q1 2024
Radius West,2024-01-21,2.035214031788013,0.9390581717451524,1.911184367800932,1.0,2024-01,Q1 2024
Radius West,2024-01-22,2.035214031788013,0.9390581717451524,1.911184367800932,1.0,2024-01,Q1 2024
Radius West,2024-01-23,2.035214031788013,0.9390581717451524,1.911184367800932,1.0,2024-01,Q1 2024
Radius West,2024-01-24,2.0273472036554723,0.9362880886426592,1.8981810383256221,1.0,2024-01,Q1 2024
Radius West,2024-01-25,2.0273472036554723,0.9390581717451524,1.9037969585573549,1.0,2024-01,Q1 2024
Radius West,2024-01-26,2.0273472036554723,0.9362880886426592,1.8981810383256221,1.0,2024-01,Q1 2024
Radius West,2024-01-27,2.0110185053861924,0.9335180055401662,1.8773219842524842,1.0,2024-01,Q1 2024
Radius West,2024-01-28,2.0110185053861924,0.9390581717451524,1.8884633610136268,1.0,2024-01,Q1 2024
Radius West,2024-01-29,2.0110185053861924,0.9390581717451524,1.8884633610136268,1.0,2024-01,Q1 2024
Radius West,2024-01-30,2.005467475066833,0.9362880886426592,1.8776953090653448,1.0,2024-01,Q1 2024
Radius West,2024-01-31,2.0218520330725354,0.9362880886426592,1.8930359755637587,1.0,2024-01,Q1 2024
Radius West,2024-02-01,2.044139837266171,0.9390581717451524,1.9195662183746038,1.0,2024-02,Q1 2024
Radius West,2024-02-02,2.044139837266171,0.9390581717451524,1.9195662183746038,1.0,2024-02,Q1 2024
Radius West,2024-02-03,2.044139837266171,0.9390581717451524,1.9195662183746038,1.0,2024-02,Q1 2024
Radius West,2024-02-04,2.044139837266171,0.9390581717451524,1.9195662183746038,1.0,2024-02,Q1 2024
Radius West,2024-02-05,2.044139837266171,0.9390581717451524,1.9195662183746038,1.0,2024-02,Q1 2024
Radius West,2024-02-06,2.044139837266171,0.9362880886426592,1.9139037811522597,1.0,2024-02,Q1 2024
Radius West,2024-02-07,2.044139837266171,0.9362880886426592,1.9139037811522597,1.0,2024-02,Q1 2024
Radius West,2024-02-08,2.044139837266171,0.9362880886426592,1.9139037811522597,1.0,2024-02,Q1 2024
Radius West,2024-02-09,2.038772700008897,0.9362880886426592,1.9088785944681637,1.0,2024-02,Q1 2024
Radius West,2024-02-10,2.045011730773387,0.9390581717451524,1.9203849770974464,1.0,2024-02,Q1 2024
Radius West,2024-02-11,2.045011730773387,0.9418282548476454,1.926049829537262,1.0,2024-02,Q1 2024
Radius West,2024-02-12,2.045011730773387,0.9085872576177285,1.8580716002594762,1.0,2024-02,Q1 2024
Radius West,2024-02-13,2.045011730773387,0.9058171745152355,1.8524067478196606,1.0,2024-02,Q1 2024
Radius West,2024-02-14,2.045011730773387,0.9002770083102493,1.8410770429400296,1.0,2024-02,Q1 2024
Radius West,2024-02-15,2.0367437788576384,0.9002770083102493,1.8336335959244665,1.0,2024-02,Q1 2024
Radius West,2024-02-16,2.0367437788576384,0.8975069252077562,1.8279916463985453,1.0,2024-02,Q1 2024
Radius West,2024-02-17,2.0220288362351146,0.8975069252077562,1.8147848834907954,1.0,2024-02,Q1 2024
Radius West,2024-02-18,2.021476071399996,0.9030470914127424,1.8254880866382235,1.0,2024-02,Q1 2024
Radius West,2024-02-19,2.0105175026960307,0.9085872576177285,1.8267305841670307,1.0,2024-02,Q1 2024
Radius West,2024-02-20,2.0105175026960307,0.9085872576177285,1.8267305841670307,1.0,2024-02,Q1 2024
Radius West,2024-02-21,2.0105175026960307,0.9085872576177285,1.8267305841670307,1.0,2024-02,Q1 2024
Radius West,2024-02-22,2.0105175026960307,0.9058171745152355,1.8211612836055457,1.0,2024-02,Q1 2024
Radius West,2024-02-23,2.0030698792570027,0.9030470914127424,1.8088664283595095,1.0,2024-02,Q1 2024
Radius West,2024-02-24,2.0030698792570027,0.9030470914127424,1.8088664283595095,1.0,2024-02,Q1 2024
Radius West,2024-02-25,1.9884806845576481,0.9030470914127424,1.7956916985202032,1.0,2024-02,Q1 2024
Radius West,2024-02-26,1.994464438276803,0.9058171745152355,1.80662014215101,1.0,2024-02,Q1 2024
Radius West,2024-02-27,1.9873903336702792,0.9058171745152355,1.8002122967041032,1.0,2024-02,Q1 2024
Radius West,2024-02-28,1.9873903336702792,0.9085872576177285,1.8057175330854613,1.0,2024-02,Q1 2024
Radius West,2024-02-29,1.9873903336702792,0.9085872576177285,1.8057175330854613,1.0,2024-02,Q1 2024
Radius West,2024-03-01,1.9873903336702792,0.9085872576177285,1.8057175330854613,1.0,2024-03,Q1 2024
Radius West,2024-03-02,1.9873903336702792,0.9058171745152355,1.8002122967041032,1.0,2024-03,Q1 2024
Radius West,2024-03-03,1.9804263557654027,0.9058171745152355,1.7939042059149215,1.0,2024-03,Q1 2024
Radius West,2024-03-04,1.979555538604208,0.9058171745152355,1.7931154047744489,1.0,2024-03,Q1 2024
Radius West,2024-03-05,1.979555538604208,0.9058171745152355,1.7931154047744489,1.0,2024-03,Q1 2024
Radius West,2024-03-06,1.979555538604208,0.9058171745152355,1.7931154047744489,1.0,2024-03,Q1 2024
Radius West,2024-03-07,1.979555538604208,0.9058171745152355,1.7931154047744489,1.0,2024-03,Q1 2024
Radius West,2024-03-08,1.9745512667528118,0.9030470914127424,1.7831127782864729,1.0,2024-03,Q1 2024
Radius West,2024-03-09,1.97293643538779,0.9058171745152355,1.7871197074011285,1.0,2024-03,Q1 2024
Radius West,2024-03-10,1.9573008175996305,0.9113573407202216,1.7838004681171147,1.0,2024-03,Q1 2024
Radius West,2024-03-11,1.9573008175996305,0.9141274238227147,1.7892223540384435,1.0,2024-03,Q1 2024
Radius West,2024-03-12,1.9501497018274285,0.9113573407202216,1.7772832462637782,1.0,2024-03,Q1 2024
Radius West,2024-03-13,1.9437955033495664,0.9168975069252078,1.7822612509936469,1.0,2024-03,Q1 2024
Radius West,2024-03-14,1.9376097233550875,0.9196675900277008,1.7819568646922135,1.0,2024-03,Q1 2024
Radius West,2024-03-15,1.9376097233550875,0.9196675900277008,1.7819568646922135,1.0,2024-03,Q1 2024
Radius West,2024-03-16,1.9376097233550875,0.9196675900277008,1.7819568646922135,1.0,2024-03,Q1 2024
Radius West,2024-03-17,1.9425710523317896,0.9196675900277008,1.7865196381555517,1.0,2024-03,Q1 2024
Radius West,2024-03-18,1.9425710523317896,0.9224376731301939,1.791900721403008,1.0,2024-03,Q1 2024
Radius West,2024-03-19,1.9425710523317896,0.9196675900277008,1.7865196381555517,1.0,2024-03,Q1 2024
Radius West,2024-03-20,1.9448687407054326,0.9168975069252078,1.7832452996495796,1.0,2024-03,Q1 2024
Radius West,2024-03-21,1.9448687407054326,0.9196675900277008,1.7886327476847745,1.0,2024-03,Q1 2024
Radius West,2024-03-22,1.936924646695441,0.9196675900277008,1.7813268218916523,1.0,2024-03,Q1 2024
Radius West,2024-03-23,1.936924646695441,0.9279778393351801,1.7974231485954923,1.0,2024-03,Q1 2024
Radius West,2024-03-24,1.936924646695441,0.9279778393351801,1.7974231485954923,1.0,2024-03,Q1 2024
Radius West,2024-03-25,1.936924646695441,0.925207756232687,1.7920577063608791,1.0,2024-03,Q1 2024
Radius West,2024-03-26,1.936924646695441,0.9196675900277008,1.7813268218916523,1.0,2024-03,Q1 2024
Radius West,2024-03-27,1.9196491810925262,0.9196675900277008,1.7654391360740131,1.0,2024-03,Q1 2024
Radius West,2024-03-28,1.9196491810925262,0.9307479224376731,1.7867094871110494,1.0,2024-03,Q1 2024
Radius West,2024-03-29,1.9182733963897904,0.9224376731301939,1.7694876481933524,1.0,2024-03,Q1 2024
Radius West,2024-03-30,1.9182733963897904,0.925207756232687,1.7748014249146538,1.0,2024-03,Q1 2024
Radius West,2024-03-31,1.9182733963897904,0.925207756232687,1.7748014249146538,1.0,2024-03,Q1 2024
Radius West,2024-04-01,1.9182733963897904,0.925207756232687,1.7748014249146538,1.0,2024-04,Q2 2024
Radius West,2024-04-02,1.9182733963897904,0.9196675900277008,1.764173871472051,1.0,2024-04,Q2 2024
Radius West,2024-04-03,1.9122965977561148,0.9168975069252078,1.7533799829841386,1.0,2024-04,Q2 2024
Radius West,2024-04-04,1.9156281291371442,0.9224376731301939,1.7670475540240138,1.0,2024-04,Q2 2024
Radius West,2024-04-05,1.9156281291371442,0.9224376731301939,1.7670475540240138,1.0,2024-04,Q2 2024
Radius West,2024-04-06,1.9156281291371442,0.9224376731301939,1.7670475540240138,1.0,2024-04,Q2 2024
Radius West,2024-04-07,1.9156281291371442,0.9224376731301939,1.7670475540240138,1.0,2024-04,Q2 2024
Radius West,2024-04-08,1.9120261962246394,0.9224376731301939,1.7637249954094318,1.0,2024-04,Q2 2024
Radius West,2024-04-09,1.9151821000250344,0.925207756232687,1.7719413335411676,1.0,2024-04,Q2 2024
Radius West,2024-04-10,1.9147355500861543,0.9279778393351801,1.776832158667207,1.0,2024-04,Q2 2024
Radius West,2024-04-11,1.9147355500861543,0.9307479224376731,1.7821361352602434,1.0,2024-04,Q2 2024
Radius West,2024-04-12,1.9134713992959183,0.9307479224376731,1.7809595295385832,1.0,2024-04,Q2 2024
Radius West,2024-04-13,1.923597388962224,0.925207756232687,1.7797272241367945,1.0,2024-04,Q2 2024
Radius West,2024-04-14,1.923597388962224,0.9335180055401662,1.7957127980062866,1.0,2024-04,Q2 2024
Radius West,2024-04-15,1.923597388962224,0.9335180055401662,1.7957127980062866,1.0,2024-04,Q2 2024
Radius West,2024-04-16,1.923597388962224,0.9335180055401662,1.7957127980062866,1.0,2024-04,Q2 2024
Radius West,2024-04-17,1.923597388962224,0.9335180055401662,1.7957127980062866,1.0,2024-04,Q2 2024
Radius West,2024-04-18,1.9171267250496358,0.9335180055401662,1.7896723167360866,1.0,2024-04,Q2 2024
Radius West,2024-04-19,1.9171267250496358,0.9335180055401662,1.7896723167360866,1.0,2024-04,Q2 2024
Radius West,2024-04-20,1.9171267250496358,0.9335180055401662,1.7896723167360866,1.0,2024-04,Q2 2024
Radius West,2024-04-21,1.9171267250496358,0.9335180055401662,1.7896723167360866,1.0,2024-04,Q2 2024
Radius West,2024-04-22,1.9171267250496358,0.9335180055401662,1.7896723167360866,1.0,2024-04,Q2 2024
Radius West,2024-04-23,1.9171267250496358,0.9279778393351801,1.779051116043291,1.0,2024-04,Q2 2024
Radius West,2024-04-24,1.9171267250496358,0.9279778393351801,1.779051116043291,1.0,2024-04,Q2 2024
Radius West,2024-04-25,1.9171267250496358,0.925207756232687,1.773740515696893,1.0,2024-04,Q2 2024
Radius West,2024-04-26,1.9171267250496358,0.9224376731301939,1.768429915350495,1.0,2024-04,Q2 2024
Radius West,2024-04-27,1.9171267250496358,0.9224376731301939,1.768429915350495,1.0,2024-04,Q2 2024
Radius West,2024-04-28,1.9171267250496358,0.9224376731301939,1.768429915350495,1.0,2024-04,Q2 2024
Radius West,2024-04-29,1.9171267250496358,0.9224376731301939,1.768429915350495,1.0,2024-04,Q2 2024
Radius West,2024-04-30,1.922608118479589,0.9196675900277008,1.7681603748898158,1.0,2024-04,Q2 2024
Radius West,2024-05-01,1.922608118479589,0.9224376731301939,1.773486159151532,1.0,2024-05,Q2 2024
Radius West,2024-05-02,1.922608118479589,0.9224376731301939,1.773486159151532,1.0,2024-05,Q2 2024
Radius West,2024-05-03,1.922608118479589,0.9196675900277008,1.7681603748898158,1.0,2024-05,Q2 2024
Radius West,2024-05-04,1.92864310820728,0.9168975069252078,1.7683680576637386,1.0,2024-05,Q2 2024
Radius West,2024-05-05,1.9343919252323987,0.9196675900277008,1.7789975600475245,1.0,2024-05,Q2 2024
Radius West,2024-05-06,1.9343919252323987,0.9224376731301939,1.7843559864332097,1.0,2024-05,Q2 2024
Radius West,2024-05-07,1.9395143433760313,0.9141274238227147,1.7729632501775356,1.0,2024-05,Q2 2024
Radius West,2024-05-08,1.9411375750116977,0.9113573407202216,1.7690699783347603,1.0,2024-05,Q2 2024
Radius West,2024-05-09,1.9411375750116977,0.9113573407202216,1.7690699783347603,1.0,2024-05,Q2 2024
Radius West,2024-05-10,1.9411375750116977,0.9113573407202216,1.7690699783347603,1.0,2024-05,Q2 2024
Radius West,2024-05-11,1.9411375750116977,0.9113573407202216,1.7690699783347603,1.0,2024-05,Q2 2024
Radius West,2024-05-12,1.9411375750116977,0.9113573407202216,1.7690699783347603,1.0,2024-05,Q2 2024
Radius West,2024-05-13,1.9411375750116977,0.9113573407202216,1.7690699783347603,1.0,2024-05,Q2 2024
Radius West,2024-05-14,1.9411375750116977,0.9058171745152355,1.758315753542452,1.0,2024-05,Q2 2024
Radius West,2024-05-15,1.9411375750116977,0.9030470914127424,1.7529386411462977,1.0,2024-05,Q2 2024
Radius West,2024-05-16,1.9411375750116977,0.9002770083102493,1.7475615287501434,1.0,2024-05,Q2 2024
Radius West,2024-05-17,1.9411375750116977,0.8975069252077562,1.742184416353989,1.0,2024-05,Q2 2024
Radius West,2024-05-18,1.9411375750116977,0.8975069252077562,1.742184416353989,1.0,2024-05,Q2 2024
Radius West,2024-05-19,1.9463681190268878,0.8947368421052632,1.7414872643924786,1.0,2024-05,Q2 2024
Radius West,2024-05-20,1.9463681190268878,0.8975069252077562,1.7468788658302261,1.0,2024-05,Q2 2024
Radius West,2024-05-21,1.9418910954944564,0.8947368421052632,1.73748150649504,1.0,2024-05,Q2 2024
Radius West,2024-05-22,1.9374673038665127,0.8947368421052632,1.733523377143722,1.0,2024-05,Q2 2024
Radius West,2024-05-23,1.9374673038665127,0.8919667590027701,1.7281564317036484,1.0,2024-05,Q2 2024
Radius West,2024-05-24,1.942198777909246,0.889196675900277,1.726996697254482,1.0,2024-05,Q2 2024
Radius West,2024-05-25,1.942198777909246,0.8864265927977839,1.7216166452381128,1.0,2024-05,Q2 2024
Radius West,2024-05-26,1.942198777909246,0.8864265927977839,1.7216166452381128,1.0,2024-05,Q2 2024
Radius West,2024-05-27,1.942198777909246,0.8864265927977839,1.7216166452381128,1.0,2024-05,Q2 2024
Radius West,2024-05-28,1.9345916174023967,0.8864265927977839,1.7148734558691605,1.0,2024-05,Q2 2024
Radius West,2024-05-29,1.9345916174023967,0.8919667590027701,1.725591414968343,1.0,2024-05,Q2 2024
Radius West,2024-05-30,1.9345916174023967,0.889196675900277,1.7202324354187515,1.0,2024-05,Q2 2024
Radius West,2024-05-31,1.9345916174023967,0.889196675900277,1.7202324354187515,1.0,2024-05,Q2 2024
Radius West,2024-06-01,1.9403933383873841,0.889196675900277,1.7253913064331032,1.0,2024-06,Q2 2024
Radius West,2024-06-02,1.9359714925140528,0.8919667590027701,1.7268222176995152,1.0,2024-06,Q2 2024
Radius West,2024-06-03,1.9359714925140528,0.8947368421052632,1.7321850196178368,1.0,2024-06,Q2 2024
Radius West,2024-06-04,1.9359714925140528,0.8836565096952909,1.7107338119445508,1.0,2024-06,Q2 2024
Radius West,2024-06-05,1.9359714925140528,0.8808864265927978,1.7053710100262294,1.0,2024-06,Q2 2024
Radius West,2024-06-06,1.9412072678994063,0.8781163434903048,1.7046058280446312,1.0,2024-06,Q2 2024
Radius West,2024-06-07,1.9412072678994063,0.8808864265927978,1.709983133495876,1.0,2024-06,Q2 2024
Radius West,2024-06-08,1.9365959681673508,0.8725761772853186,1.6898275068496273,1.0,2024-06,Q2 2024
Radius West,2024-06-09,1.9365959681673508,0.8753462603878116,1.695192038617404,1.0,2024-06,Q2 2024
Radius West,2024-06-10,1.9302234540854786,0.8753462603878116,1.6896138822465685,1.0,2024-06,Q2 2024
Radius West,2024-06-11,1.9254127600360087,0.8808864265927978,1.6960699659042957,1.0,2024-06,Q2 2024
Radius West,2024-06-12,1.9115031357789547,0.8836565096952909,1.6891121892340348,1.0,2024-06,Q2 2024
Radius West,2024-06-13,1.9115031357789547,0.8864265927977839,1.6944072117708184,1.0,2024-06,Q2 2024
Radius West,2024-06-14,1.9115031357789547,0.8836565096952909,1.6891121892340348,1.0,2024-06,Q2 2024
Radius West,2024-06-15,1.906913162526077,0.8836565096952909,1.685056229489802,1.0,2024-06,Q2 2024
Radius West,2024-06-16,1.9023877760329273,0.8864265927977839,1.6863271144890213,1.0,2024-06,Q2 2024
Radius West,2024-06-17,1.9023877760329273,0.8864265927977839,1.6863271144890213,1.0,2024-06,Q2 2024
Radius West,2024-06-18,1.898816673420738,0.8808864265927978,1.6726418342044174,1.0,2024-06,Q2 2024
Radius West,2024-06-19,1.8920215824192392,0.8836565096952909,1.671897187788746,1.0,2024-06,Q2 2024
Radius West,2024-06-20,1.886614181252718,0.8864265927977839,1.6723449806118276,1.0,2024-06,Q2 2024
Radius West,2024-06-21,1.886614181252718,0.889196675900277,1.6775710586762393,1.0,2024-06,Q2 2024
Radius West,2024-06-22,1.8852808618457542,0.889196675900277,1.6763854754916538,1.0,2024-06,Q2 2024
Radius West,2024-06-23,1.8852808618457542,0.8919667590027701,1.6816078601505065,1.0,2024-06,Q2 2024
Radius West,2024-06-24,1.8852808618457542,0.8919667590027701,1.6816078601505065,1.0,2024-06,Q2 2024
Radius West,2024-06-25,1.8852808618457542,0.8919667590027701,1.6816078601505065,1.0,2024-06,Q2 2024
Radius West,2024-06-26,1.8809411769263789,0.889196675900277,1.6725266420868907,1.0,2024-06,Q2 2024
Radius West,2024-06-27,1.8778376793786489,0.8919667590027701,1.6749687888086564,1.0,2024-06,Q2 2024
Radius West,2024-06-28,1.8778376793786489,0.8947368421052632,1.680170555233528,1.0,2024-06,Q2 2024
Radius West,2024-06-29,1.8778376793786489,0.8947368421052632,1.680170555233528,1.0,2024-06,Q2 2024
Radius West,2024-06-30,1.8778376793786489,0.8947368421052632,1.680170555233528,1.0,2024-06,Q2 2024
Radius West,2024-07-01,1.8778376793786489,0.8947368421052632,1.680170555233528,1.0,2024-07,Q3 2024
Radius West,2024-07-02,1.8736584073640814,0.8919667590027701,1.6712410170948317,1.0,2024-07,Q3 2024
Radius West,2024-07-03,1.8736584073640814,0.889196675900277,1.6660508276007482,1.0,2024-07,Q3 2024
Radius West,2024-07-04,1.8736584073640814,0.889196675900277,1.6660508276007482,1.0,2024-07,Q3 2024
Radius West,2024-07-05,1.8736584073640814,0.889196675900277,1.6660508276007482,1.0,2024-07,Q3 2024
Radius West,2024-07-06,1.8736584073640814,0.889196675900277,1.6660508276007482,1.0,2024-07,Q3 2024
Radius West,2024-07-07,1.8704645131808058,0.889196675900277,1.6632108275098023,1.0,2024-07,Q3 2024
Radius West,2024-07-08,1.8704645131808058,0.8919667590027701,1.6683921696515776,1.0,2024-07,Q3 2024
Radius West,2024-07-09,1.8704645131808058,0.8919667590027701,1.6683921696515776,1.0,2024-07,Q3 2024
Radius West,2024-07-10,1.8685401876068886,0.8864265927977839,1.656323712006106,1.0,2024-07,Q3 2024
Radius West,2024-07-11,1.8685401876068886,0.8947368421052632,1.6718517468061636,1.0,2024-07,Q3 2024
Radius West,2024-07-12,1.8685401876068886,0.8947368421052632,1.6718517468061636,1.0,2024-07,Q3 2024
Radius West,2024-07-13,1.8664561784662554,0.8947368421052632,1.6699871070487549,1.0,2024-07,Q3 2024
Radius West,2024-07-14,1.860235372452932,0.9030470914127424,1.6798801424367198,1.0,2024-07,Q3 2024
Radius West,2024-07-15,1.860235372452932,0.9085872576177285,1.6901861555805031,1.0,2024-07,Q3 2024
Radius West,2024-07-16,1.8566932593126275,0.9058171745152355,1.6818246420920477,1.0,2024-07,Q3 2024
Radius West,2024-07-17,1.854326574078395,0.9085872576177285,1.6848174966695666,1.0,2024-07,Q3 2024
Radius West,2024-07-18,1.8510164625807535,0.9030470914127424,1.6715550326906528,1.0,2024-07,Q3 2024
Radius West,2024-07-19,1.8461034461345536,0.8975069252077562,1.6568906275556659,1.0,2024-07,Q3 2024
Radius West,2024-07-20,1.8461034461345536,0.9030470914127424,1.667118347478849,1.0,2024-07,Q3 2024
Radius West,2024-07-21,1.8461034461345536,0.9030470914127424,1.667118347478849,1.0,2024-07,Q3 2024
Radius West,2024-07-22,1.8436754129204251,0.9030470914127424,1.6649257191469768,1.0,2024-07,Q3 2024
Radius West,2024-07-23,1.8391251245404072,0.9030470914127424,1.6608165944603124,1.0,2024-07,Q3 2024
Radius West,2024-07-24,1.8391251245404072,0.9002770083102493,1.6557220650294524,1.0,2024-07,Q3 2024
Radius West,2024-07-25,1.836034140222688,0.8947368421052632,1.6427673886202998,1.0,2024-07,Q3 2024
Radius West,2024-07-26,1.836034140222688,0.8947368421052632,1.6427673886202998,1.0,2024-07,Q3 2024
Radius West,2024-07-27,1.836034140222688,0.8947368421052632,1.6427673886202998,1.0,2024-07,Q3 2024
Radius West,2024-07-28,1.841972582587277,0.8947368421052632,1.6480807317886164,1.0,2024-07,Q3 2024
Radius West,2024-07-29,1.841972582587277,0.8975069252077562,1.6531831489148967,1.0,2024-07,Q3 2024
Radius West,2024-07-30,1.8405891529707645,0.8975069252077562,1.6519415112535394,1.0,2024-07,Q3 2024
Radius West,2024-07-31,1.8405891529707645,0.9030470914127424,1.662138681076092,1.0,2024-07,Q3 2024
Radius West,2024-08-01,1.841058574971771,0.8975069252077562,1.6523628207502874,1.0,2024-08,Q3 2024
Radius West,2024-08-02,1.841058574971771,0.9002770083102493,1.6574627059995166,1.0,2024-08,Q3 2024
Radius West,2024-08-03,1.8379428559369313,0.8975069252077562,1.6495664413395172,1.0,2024-08,Q3 2024
Radius West,2024-08-04,1.8379428559369313,0.9002770083102493,1.6546576957880959,1.0,2024-08,Q3 2024
Radius West,2024-08-05,1.8379428559369313,0.8975069252077562,1.6495664413395172,1.0,2024-08,Q3 2024
Radius West,2024-08-06,1.8379428559369313,0.8975069252077562,1.6495664413395172,1.0,2024-08,Q3 2024
Radius West,2024-08-07,1.8320412613126662,0.8975069252077562,1.6442697192944704,1.0,2024-08,Q3 2024
Radius West,2024-08-08,1.8320412613126662,0.9030470914127424,1.6544195323765352,1.0,2024-08,Q3 2024
Radius West,2024-08-09,1.8320412613126662,0.8975069252077562,1.6442697192944704,1.0,2024-08,Q3 2024
Radius West,2024-08-10,1.8320412613126662,0.8975069252077562,1.6442697192944704,1.0,2024-08,Q3 2024
Radius West,2024-08-11,1.824774975509858,0.8975069252077562,1.6377481774659113,1.0,2024-08,Q3 2024
Radius West,2024-08-12,1.8215726073569811,0.9058171745152355,1.6500117523704512,1.0,2024-08,Q3 2024
Radius West,2024-08-13,1.8215726073569811,0.9085872576177285,1.6550576598700548,1.0,2024-08,Q3 2024
Radius West,2024-08-14,1.8215726073569811,0.9002770083102493,1.6399199373712432,1.0,2024-08,Q3 2024
Radius West,2024-08-15,1.8214490659166174,0.8975069252077562,1.6347631505733629,1.0,2024-08,Q3 2024
Radius West,2024-08-16,1.8214490659166174,0.9002770083102493,1.6398087158529102,1.0,2024-08,Q3 2024
Radius West,2024-08-17,1.825452622743426,0.8947368421052632,1.6332997150862232,1.0,2024-08,Q3 2024
Radius West,2024-08-18,1.825452622743426,0.8975069252077562,1.6383563705508866,1.0,2024-08,Q3 2024
Radius West,2024-08-19,1.825452622743426,0.8947368421052632,1.6332997150862232,1.0,2024-08,Q3 2024
Radius West,2024-08-20,1.8230886861375932,0.8919667590027701,1.6261345067487674,1.0,2024-08,Q3 2024
Radius West,2024-08-21,1.8230886861375932,0.8947368421052632,1.6311846139125834,1.0,2024-08,Q3 2024
Radius West,2024-08-22,1.8230886861375932,0.8919667590027701,1.6261345067487674,1.0,2024-08,Q3 2024
Radius West,2024-08-23,1.827027218402285,0.8864265927977839,1.6195255121571501,1.0,2024-08,Q3 2024
Radius West,2024-08-24,1.8233804876142472,0.8864265927977839,1.6162929530098589,1.0,2024-08,Q3 2024
Radius West,2024-08-25,1.8233804876142472,0.8919667590027701,1.6263947839661708,1.0,2024-08,Q3 2024
Radius West,2024-08-26,1.8210351828642921,0.8919667590027701,1.6243028500894794,1.0,2024-08,Q3 2024
Radius West,2024-08-27,1.8210351828642921,0.889196675900277,1.6192584313003815,1.0,2024-08,Q3 2024
Radius West,2024-08-28,1.825036830253484,0.8864265927977839,1.6177611791720634,1.0,2024-08,Q3 2024
Radius West,2024-08-29,1.825036830253484,0.8836565096952909,1.6127056754871507,1.0,2024-08,Q3 2024
Radius West,2024-08-30,1.825036830253484,0.8836565096952909,1.6127056754871507,1.0,2024-08,Q3 2024
Radius West,2024-08-31,1.826232817140925,0.8808864265927978,1.6087037004177678,1.0,2024-08,Q3 2024
Radius West,2024-09-01,1.82306233207163,0.8836565096952909,1.6109608973153737,1.0,2024-09,Q3 2024
Radius West,2024-09-02,1.82306233207163,0.8864265927977839,1.616010931476237,1.0,2024-09,Q3 2024
Radius West,2024-09-03,1.82306233207163,0.8836565096952909,1.6109608973153737,1.0,2024-09,Q3 2024
Radius West,2024-09-04,1.82306233207163,0.8836565096952909,1.6109608973153737,1.0,2024-09,Q3 2024
Radius West,2024-09-05,1.8284609825467038,0.8808864265927978,1.610666461079922,1.0,2024-09,Q3 2024
Radius West,2024-09-06,1.8282949864254523,0.8808864265927978,1.6105202373498444,1.0,2024-09,Q3 2024
Radius West,2024-09-07,1.8316533221977538,0.8836565096952909,1.618552381665051,1.0,2024-09,Q3 2024
Radius West,2024-09-08,1.8318796967803697,0.8864265927977839,1.6238268780324605,1.0,2024-09,Q3 2024
Radius West,2024-09-09,1.8318796967803697,0.8919667590027701,1.6339757960201635,1.0,2024-09,Q3 2024
Radius West,2024-09-10,1.8291690410949746,0.8919667590027701,1.6315579812536893,1.0,2024-09,Q3 2024
Radius West,2024-09-11,1.8286811036007833,0.8864265927977839,1.6209915599785336,1.0,2024-09,Q3 2024
Radius West,2024-09-12,1.8268398000795556,0.8864265927977839,1.6193593795719052,1.0,2024-09,Q3 2024
Radius West,2024-09-13,1.829583953822021,0.8864265927977839,1.6217918704239522,1.0,2024-09,Q3 2024
Radius West,2024-09-14,1.830330055214924,0.8919667590027701,1.632593567255417,1.0,2024-09,Q3 2024
Radius West,2024-09-15,1.830330055214924,0.8975069252077562,1.642733899971289,1.0,2024-09,Q3 2024
Radius West,2024-09-16,1.830330055214924,0.8975069252077562,1.642733899971289,1.0,2024-09,Q3 2024
Radius West,2024-09-17,1.830143932237516,0.8947368421052632,1.6374972025283037,1.0,2024-09,Q3 2024
Radius West,2024-09-18,1.830143932237516,0.8975069252077562,1.642566853310125,1.0,2024-09,Q3 2024
Radius West,2024-09-19,1.830143932237516,0.8975069252077562,1.642566853310125,1.0,2024-09,Q3 2024
Radius West,2024-09-20,1.8242767290800435,0.8975069252077562,1.6373009978446926,1.0,2024-09,Q3 2024
Radius West,2024-09-21,1.827612000073238,0.9030470914127424,1.6504197008971624,1.0,2024-09,Q3 2024
Radius West,2024-09-22,1.827612000073238,0.9058171745152355,1.655482338016479,1.0,2024-09,Q3 2024
Radius West,2024-09-23,1.827612000073238,0.9058171745152355,1.655482338016479,1.0,2024-09,Q3 2024
Radius West,2024-09-24,1.827612000073238,0.9058171745152355,1.655482338016479,1.0,2024-09,Q3 2024
Radius West,2024-09-25,1.827612000073238,0.9058171745152355,1.655482338016479,1.0,2024-09,Q3 2024
Radius West,2024-09-26,1.8245532119492793,0.9030470914127424,1.6476574711785736,1.0,2024-09,Q3 2024
Radius West,2024-09-27,1.8245532119492793,0.9058171745152355,1.6527116352005937,1.0,2024-09,Q3 2024
Radius West,2024-09-28,1.8214576025600255,0.9058171745152355,1.6499075790502171,1.0,2024-09,Q3 2024
Radius West,2024-09-29,1.8214576025600255,0.9085872576177285,1.654953167976976,1.0,2024-09,Q3 2024
Radius West,2024-09-30,1.8214576025600255,0.9085872576177285,1.654953167976976,1.0,2024-09,Q3 2024
Radius West,2024-10-01,1.8171328793534791,0.9085872576177285,1.6510237795787843,1.0,2024-10,Q4 2024
Radius West,2024-10-02,1.812140784455377,0.9141274238227147,1.6565275868982672,1.0,2024-10,Q4 2024
Radius West,2024-10-03,1.80864167809537,0.9168975069252078,1.658339045566669,1.0,2024-10,Q4 2024
Radius West,2024-10-04,1.806290762797083,0.9196675900277008,1.6611870727108908,1.0,2024-10,Q4 2024
Radius West,2024-10-05,1.8035161843178327,0.9224376731301939,1.6636312725147875,1.0,2024-10,Q4 2024
Radius West,2024-10-06,1.8035161843178327,0.9279778393351801,1.6736230519292907,1.0,2024-10,Q4 2024
Radius West,2024-10-07,1.8035161843178327,0.9279778393351801,1.6736230519292907,1.0,2024-10,Q4 2024
Radius West,2024-10-08,1.8006939564181004,0.925207756232687,1.6660160150793506,1.0,2024-10,Q4 2024
Radius West,2024-10-09,1.8006939564181004,0.9196675900277008,1.6560398712764801,1.0,2024-10,Q4 2024
Radius West,2024-10-10,1.8006939564181004,0.9141274238227147,1.6460637274736099,1.0,2024-10,Q4 2024
Radius West,2024-10-11,1.7978267672880053,0.9085872576177285,1.6334824921619548,1.0,2024-10,Q4 2024
Radius West,2024-10-12,1.7978267672880053,0.9085872576177285,1.6334824921619548,1.0,2024-10,Q4 2024
Radius West,2024-10-13,1.7978267672880053,0.9085872576177285,1.6334824921619548,1.0,2024-10,Q4 2024
Radius West,2024-10-14,1.7978267672880053,0.9085872576177285,1.6334824921619548,1.0,2024-10,Q4 2024
Radius West,2024-10-15,1.7978267672880053,0.9058171745152355,1.6285023626126807,1.0,2024-10,Q4 2024
Radius West,2024-10-16,1.7950072140463398,0.9058171745152355,1.62594836286192,1.0,2024-10,Q4 2024
Radius West,2024-10-17,1.7931579708500138,0.9058171745152355,1.6242732866148324,1.0,2024-10,Q4 2024
Radius West,2024-10-18,1.7931579708500138,0.9085872576177285,1.629240483209985,1.0,2024-10,Q4 2024
Radius West,2024-10-19,1.7931579708500138,0.9058171745152355,1.6242732866148324,1.0,2024-10,Q4 2024
Radius West,2024-10-20,1.7931579708500138,0.9058171745152355,1.6242732866148324,1.0,2024-10,Q4 2024
Radius West,2024-10-21,1.7931579708500138,0.9058171745152355,1.6242732866148324,1.0,2024-10,Q4 2024
Radius West,2024-10-22,1.7919882453735498,0.9030470914127424,1.618249772830408,1.0,2024-10,Q4 2024
Radius West,2024-10-23,1.7912754454028856,0.9058171745152355,1.6225680627333618,1.0,2024-10,Q4 2024
Radius West,2024-10-24,1.788544687938883,0.9085872576177285,1.6250489131411459,1.0,2024-10,Q4 2024
Radius West,2024-10-25,1.788544687938883,0.9113573407202216,1.630003330559259,1.0,2024-10,Q4 2024
Radius West,2024-10-26,1.788544687938883,0.9085872576177285,1.6250489131411459,1.0,2024-10,Q4 2024
Radius West,2024-10-27,1.788544687938883,0.9085872576177285,1.6250489131411459,1.0,2024-10,Q4 2024
Radius West,2024-10-28,1.788544687938883,0.9085872576177285,1.6250489131411459,1.0,2024-10,Q4 2024
Radius West,2024-10-29,1.7815325245138358,0.9085872576177285,1.6186777508048147,1.0,2024-10,Q4 2024
Radius West,2024-10-30,1.7799606464478908,0.9113573407202216,1.6221802013333961,1.0,2024-10,Q4 2024
Radius West,2024-10-31,1.7799606464478908,0.9141274238227147,1.6271108402432244,1.0,2024-10,Q4 2024
Radius West,2024-11-01,1.7767295390818303,0.9085872576177285,1.614313819442771,1.0,2024-11,Q4 2024
Radius West,2024-11-02,1.7761251439842414,0.9168975069252078,1.6285247165063266,1.0,2024-11,Q4 2024
Radius West,2024-11-03,1.7755450636319574,0.9168975069252078,1.6279928422775012,1.0,2024-11,Q4 2024
Radius West,2024-11-04,1.7755450636319574,0.9196675900277008,1.632911249655983,1.0,2024-11,Q4 2024
Radius West,2024-11-05,1.778572515123987,0.9196675900277008,1.6356954986735837,1.0,2024-11,Q4 2024
Radius West,2024-11-06,1.7764432557529257,0.9196675900277008,1.6337372878392558,1.0,2024-11,Q4 2024
Radius West,2024-11-07,1.773892103481795,0.9224376731301939,1.636304904319772,1.0,2024-11,Q4 2024
Radius West,2024-11-08,1.773892103481795,0.925207756232687,1.641218732861273,1.0,2024-11,Q4 2024
Radius West,2024-11-09,1.773892103481795,0.9196675900277008,1.6313910757782712,1.0,2024-11,Q4 2024
Radius West,2024-11-10,1.773892103481795,0.9196675900277008,1.6313910757782712,1.0,2024-11,Q4 2024
Radius West,2024-11-11,1.773892103481795,0.9168975069252078,1.6264772472367706,1.0,2024-11,Q4 2024
Radius West,2024-11-12,1.7715756818939312,0.9141274238227147,1.6194459141966686,1.0,2024-11,Q4 2024
Radius West,2024-11-13,1.775517550756788,0.9168975069252078,1.62796761579085,1.0,2024-11,Q4 2024
Radius West,2024-11-14,1.775517550756788,0.9196675900277008,1.6328859469563812,1.0,2024-11,Q4 2024
Radius West,2024-11-15,1.7752254548455046,0.9168975069252078,1.627699793778011,1.0,2024-11,Q4 2024
Radius West,2024-11-16,1.7754733967236869,0.9224376731301939,1.6377635487783593,1.0,2024-11,Q4 2024
Radius West,2024-11-17,1.7754733967236869,0.925207756232687,1.6426817576335497,1.0,2024-11,Q4 2024
Radius West,2024-11-18,1.7754733967236869,0.925207756232687,1.6426817576335497,1.0,2024-11,Q4 2024
Radius West,2024-11-19,1.7751742100599586,0.925207756232687,1.6424049478117069,1.0,2024-11,Q4 2024
Radius West,2024-11-20,1.7751742100599586,0.9279778393351801,1.6473223278949753,1.0,2024-11,Q4 2024
Radius West,2024-11-21,1.7785022552983145,0.9279778393351801,1.6504106801244747,1.0,2024-11,Q4 2024
Radius West,2024-11-22,1.7778833560693779,0.925207756232687,1.6449114707123884,1.0,2024-11,Q4 2024
Radius West,2024-11-23,1.7778833560693779,0.9307479224376731,1.6547612399980913,1.0,2024-11,Q4 2024
Radius West,2024-11-24,1.7778833560693779,0.9307479224376731,1.6547612399980913,1.0,2024-11,Q4 2024
Radius West,2024-11-25,1.7778833560693779,0.9307479224376731,1.6547612399980913,1.0,2024-11,Q4 2024
Radius West,2024-11-26,1.7812594719207084,0.9307479224376731,1.657903552812626,1.0,2024-11,Q4 2024
Radius West,2024-11-27,1.7807920371595722,0.9307479224376731,1.6574684888798235,1.0,2024-11,Q4 2024
Radius West,2024-11-28,1.7807920371595722,0.9335180055401662,1.6624014308110133,1.0,2024-11,Q4 2024
Radius West,2024-11-29,1.7807920371595722,0.9307479224376731,1.6574684888798235,1.0,2024-11,Q4 2024
Radius West,2024-11-30,1.7807920371595722,0.9307479224376731,1.6574684888798235,1.0,2024-11,Q4 2024
Radius West,2024-12-01,1.7795759564155715,0.9307479224376731,1.6563366242538284,1.0,2024-12,Q4 2024
Radius West,2024-12-02,1.7795759564155715,0.9307479224376731,1.6563366242538284,1.0,2024-12,Q4 2024
Radius West,2024-12-03,1.7795759564155715,0.9279778393351801,1.6514070509673586,1.0,2024-12,Q4 2024
Radius West,2024-12-04,1.7795759564155715,0.925207756232687,1.646477477680889,1.0,2024-12,Q4 2024
Radius West,2024-12-05,1.7795759564155715,0.925207756232687,1.646477477680889,1.0,2024-12,Q4 2024
Radius West,2024-12-06,1.7795759564155715,0.925207756232687,1.646477477680889,1.0,2024-12,Q4 2024
Radius West,2024-12-07,1.7795759564155715,0.9196675900277008,1.6366183311079494,1.0,2024-12,Q4 2024
Radius West,2024-12-08,1.7795759564155715,0.9168975069252078,1.6316887578214798,1.0,2024-12,Q4 2024
Radius West,2024-12-09,1.7795759564155715,0.9168975069252078,1.6316887578214798,1.0,2024-12,Q4 2024
Radius West,2024-12-10,1.7795759564155715,0.9168975069252078,1.6316887578214798,1.0,2024-12,Q4 2024
Radius West,2024-12-11,1.7795759564155715,0.9141274238227147,1.62675918453501,1.0,2024-12,Q4 2024
Radius West,2024-12-12,1.7795759564155715,0.9141274238227147,1.62675918453501,1.0,2024-12,Q4 2024
Radius West,2024-12-13,1.7795759564155715,0.9141274238227147,1.62675918453501,1.0,2024-12,Q4 2024
Radius West,2024-12-14,1.7795759564155715,0.9113573407202216,1.6218296112485402,1.0,2024-12,Q4 2024
Radius West,2024-12-15,1.7795759564155715,0.9113573407202216,1.6218296112485402,1.0,2024-12,Q4 2024
Radius West,2024-12-16,1.7795759564155715,0.9113573407202216,1.6218296112485402,1.0,2024-12,Q4 2024
Radius West,2024-12-17,1.7737372097664907,0.9030470914127424,1.6017682282101828,1.0,2024-12,Q4 2024
Radius West,2024-12-18,1.7737372097664907,0.9058171745152355,1.60668162768322,1.0,2024-12,Q4 2024
Radius West,2024-12-19,1.7737372097664907,0.9058171745152355,1.60668162768322,1.0,2024-12,Q4 2024
Radius West,2024-12-20,1.7737372097664907,0.9058171745152355,1.60668162768322,1.0,2024-12,Q4 2024
Radius West,2024-12-21,1.7737372097664907,0.9058171745152355,1.60668162768322,1.0,2024-12,Q4 2024
Radius West,2024-12-22,1.7737372097664907,0.9058171745152355,1.60668162768322,1.0,2024-12,Q4 2024
Radius West,2024-12-23,1.7737372097664907,0.9058171745152355,1.60668162768322,1.0,2024-12,Q4 2024
Radius West,2024-12-24,1.7737372097664907,0.9058171745152355,1.60668162768322,1.0,2024-12,Q4 2024
Radius West,2024-12-25,1.7737372097664907,0.9058171745152355,1.60668162768322,1.0,2024-12,Q4 2024
Radius West,2024-12-26,1.7737372097664907,0.9058171745152355,1.60668162768322,1.0,2024-12,Q4 2024
Radius West,2024-12-27,1.7728628713643657,0.9030470914127424,1.6009786594592335,1.0,2024-12,Q4 2024
Radius West,2024-12-28,1.7728628713643657,0.9058171745152355,1.605889636942237,1.0,2024-12,Q4 2024
Radius West,2024-12-29,1.7728628713643657,0.9058171745152355,1.605889636942237,1.0,2024-12,Q4 2024
Radius West,2024-12-30,1.7728628713643657,0.9030470914127424,1.6009786594592335,1.0,2024-12,Q4 2024
Radius West,2024-12-31,1.7728628713643657,0.9030470914127424,1.6009786594592335,1.0,2024-12,Q4 2024
Radius West,2025-01-01,1.7728628713643657,0.9030470914127424,1.6009786594592335,1.0,2025-01,Q1 2025
Radius West,2025-01-02,1.7728628713643657,0.9030470914127424,1.6009786594592335,1.0,2025-01,Q1 2025
Radius West,2025-01-03,1.7773355897708416,0.8947368421052632,1.5902476329528583,1.0,2025-01,Q1 2025
Radius West,2025-01-04,1.7773355897708416,0.8947368421052632,1.5902476329528583,1.0,2025-01,Q1 2025
Radius West,2025-01-05,1.7773355897708416,0.8947368421052632,1.5902476329528583,1.0,2025-01,Q1 2025
Radius West,2025-01-06,1.7773355897708416,0.8947368421052632,1.5902476329528583,1.0,2025-01,Q1 2025
Radius West,2025-01-07,1.7781725164029467,0.8836565096952909,1.5712937194807202,1.0,2025-01,Q1 2025
Radius West,2025-01-08,1.7781725164029467,0.889196675900277,1.581145090762731,1.0,2025-01,Q1 2025
Radius West,2025-01-09,1.7781725164029467,0.889196675900277,1.581145090762731,1.0,2025-01,Q1 2025
Radius West,2025-01-10,1.7758713430030868,0.889196675900277,1.5790988950249054,1.0,2025-01,Q1 2025
Radius West,2025-01-11,1.7758713430030868,0.889196675900277,1.5790988950249054,1.0,2025-01,Q1 2025
Radius West,2025-01-12,1.7758713430030868,0.8864265927977839,1.5741795838254509,1.0,2025-01,Q1 2025
Radius West,2025-01-13,1.7758713430030868,0.8864265927977839,1.5741795838254509,1.0,2025-01,Q1 2025
Radius West,2025-01-14,1.7758713430030868,0.8864265927977839,1.5741795838254509,1.0,2025-01,Q1 2025
Radius West,2025-01-15,1.7758713430030868,0.8864265927977839,1.5741795838254509,1.0,2025-01,Q1 2025
Radius West,2025-01-16,1.7758713430030868,0.8864265927977839,1.5741795838254509,1.0,2025-01,Q1 2025
Radius West,2025-01-17,1.774213852418233,0.8836565096952909,1.5677956202809316,1.0,2025-01,Q1 2025
Radius West,2025-01-18,1.7779239765230703,0.8864265927977839,1.5759990927628325,1.0,2025-01,Q1 2025
Radius West,2025-01-19,1.777509777742573,0.889196675900277,1.580555785748936,1.0,2025-01,Q1 2025
Radius West,2025-01-20,1.777509777742573,0.8919667590027701,1.585479635548777,1.0,2025-01,Q1 2025
Radius West,2025-01-21,1.777509777742573,0.889196675900277,1.580555785748936,1.0,2025-01,Q1 2025
Radius West,2025-01-22,1.777509777742573,0.8864265927977839,1.5756319359490951,1.0,2025-01,Q1 2025
Radius West,2025-01-23,1.777509777742573,0.8781163434903048,1.5608603865495725,1.0,2025-01,Q1 2025
Radius West,2025-01-24,1.775228785467225,0.8781163434903048,1.5588574099532144,1.0,2025-01,Q1 2025
Radius West,2025-01-25,1.775228785467225,0.8808864265927978,1.5637749412148965,1.0,2025-01,Q1 2025
Radius West,2025-01-26,1.775228785467225,0.8808864265927978,1.5637749412148965,1.0,2025-01,Q1 2025
Radius West,2025-01-27,1.775228785467225,0.8808864265927978,1.5637749412148965,1.0,2025-01,Q1 2025
Radius West,2025-01-28,1.775228785467225,0.8753462603878116,1.5539398786915322,1.0,2025-01,Q1 2025
Radius West,2025-01-29,1.775228785467225,0.8753462603878116,1.5539398786915322,1.0,2025-01,Q1 2025
Radius West,2025-01-30,1.7781209518887762,0.8753462603878116,1.5564715257530561,1.0,2025-01,Q1 2025
Radius West,2025-01-31,1.7781209518887762,0.8781163434903048,1.5613970685560723,1.0,2025-01,Q1 2025
Radius West,2025-02-01,1.7781209518887762,0.8781163434903048,1.5613970685560723,1.0,2025-02,Q1 2025
Radius West,2025-02-02,1.7781209518887762,0.8781163434903048,1.5613970685560723,1.0,2025-02,Q1 2025
Radius West,2025-02-03,1.7758244906000724,0.8781163434903048,1.5593805083662686,1.0,2025-02,Q1 2025
Radius West,2025-02-04,1.7740841613944904,0.8781163434903048,1.5578522968477937,1.0,2025-02,Q1 2025
Radius West,2025-02-05,1.7722158831514012,0.8808864265927978,1.561120916460237,1.0,2025-02,Q1 2025
Radius West,2025-02-06,1.771918967367717,0.8836565096952909,1.5657677301670407,1.0,2025-02,Q1 2025
Radius West,2025-02-07,1.771918967367717,0.8836565096952909,1.5657677301670407,1.0,2025-02,Q1 2025
Radius West,2025-02-08,1.771918967367717,0.8808864265927978,1.5608593673765485,1.0,2025-02,Q1 2025
Radius West,2025-02-09,1.771918967367717,0.8808864265927978,1.5608593673765485,1.0,2025-02,Q1 2025
Radius West,2025-02-10,1.7574183763153042,0.8808864265927978,1.548085993540905,1.0,2025-02,Q1 2025
Radius West,2025-02-11,1.7574183763153042,0.8781163434903048,1.5432177985926634,1.0,2025-02,Q1 2025
Radius West,2025-02-12,1.7574183763153042,0.8753462603878116,1.5383496036444213,1.0,2025-02,Q1 2025
Radius West,2025-02-13,1.7570817178192941,0.8698060941828255,1.5283203861364498,1.0,2025-02,Q1 2025
Radius West,2025-02-14,1.761330357004515,0.8725761772853186,1.536894909851585,1.0,2025-02,Q1 2025
Radius West,2025-02-15,1.761016308305483,0.8753462603878116,1.541499039957154,1.0,2025-02,Q1 2025
Radius West,2025-02-16,1.7600068660585952,0.8781163434903048,1.5454907937412041,1.0,2025-02,Q1 2025
Radius West,2025-02-17,1.7600068660585952,0.8781163434903048,1.5454907937412041,1.0,2025-02,Q1 2025
Radius West,2025-02-18,1.7600068660585952,0.8781163434903048,1.5454907937412041,1.0,2025-02,Q1 2025
Radius West,2025-02-19,1.7600068660585952,0.8725761772853186,1.5357400631813227,1.0,2025-02,Q1 2025
Radius West,2025-02-20,1.7600068660585952,0.8725761772853186,1.5357400631813227,1.0,2025-02,Q1 2025
Radius West,2025-02-21,1.7600068660585952,0.8725761772853186,1.5357400631813227,1.0,2025-02,Q1 2025
Radius West,2025-02-22,1.7592377672038235,0.8725761772853186,1.5350689658426715,1.0,2025-02,Q1 2025
Radius West,2025-02-23,1.755594849056831,0.8753462603878116,1.5367533858780016,1.0,2025-02,Q1 2025
Radius West,2025-02-24,1.755594849056831,0.8808864265927978,1.546479673130394,1.0,2025-02,Q1 2025
Radius West,2025-02-25,1.7481252680100545,0.8725761772853186,1.5253724637760864,1.0,2025-02,Q1 2025
Radius West,2025-02-26,1.7481252680100545,0.8808864265927978,1.5398998205739538,1.0,2025-02,Q1 2025
Radius West,2025-02-27,1.7340120497190186,0.8808864265927978,1.5274676781458392,1.0,2025-02,Q1 2025
Radius West,2025-02-28,1.7340120497190186,0.8864265927977839,1.537074393102731,1.0,2025-02,Q1 2025
Radius West,2025-03-01,1.7340120497190186,0.8808864265927978,1.5274676781458392,1.0,2025-03,Q1 2025
Radius West,2025-03-02,1.7340120497190186,0.8808864265927978,1.5274676781458392,1.0,2025-03,Q1 2025
Radius West,2025-03-03,1.7340120497190186,0.8808864265927978,1.5274676781458392,1.0,2025-03,Q1 2025
Radius West,2025-03-04,1.7315326654478687,0.8808864265927978,1.5252836221950754,1.0,2025-03,Q1 2025
Radius West,2025-03-05,1.7318382590021857,0.8808864265927978,1.5255528154091276,1.0,2025-03,Q1 2025
Radius West,2025-03-06,1.7318382590021857,0.8753462603878116,1.5159581436141016,1.0,2025-03,Q1 2025
Radius West,2025-03-07,1.7316281634335928,0.8753462603878116,1.5157742372438097,1.0,2025-03,Q1 2025
Radius West,2025-03-08,1.7316281634335928,0.8781163434903048,1.5205709911591383,1.0,2025-03,Q1 2025
Radius West,2025-03-09,1.7316281634335928,0.8781163434903048,1.5205709911591383,1.0,2025-03,Q1 2025
Radius West,2025-03-10,1.7316281634335928,0.8753462603878116,1.5157742372438097,1.0,2025-03,Q1 2025
Radius West,2025-03-11,1.7316281634335928,0.8725761772853186,1.5109774833284813,1.0,2025-03,Q1 2025
Radius West,2025-03-12,1.7287106067482652,0.8698060941828255,1.5036430208281308,1.0,2025-03,Q1 2025
Radius West,2025-03-13,1.7287106067482652,0.8781163434903048,1.5180090369506927,1.0,2025-03,Q1 2025
Radius West,2025-03-14,1.7287106067482652,0.8781163434903048,1.5180090369506927,1.0,2025-03,Q1 2025
Radius West,2025-03-15,1.7287106067482652,0.8753462603878116,1.5132203649098388,1.0,2025-03,Q1 2025
Radius West,2025-03-16,1.7287106067482652,0.8753462603878116,1.5132203649098388,1.0,2025-03,Q1 2025
Radius West,2025-03-17,1.7287106067482652,0.8753462603878116,1.5132203649098388,1.0,2025-03,Q1 2025
Radius West,2025-03-18,1.7287106067482652,0.8753462603878116,1.5132203649098388,1.0,2025-03,Q1 2025
Radius West,2025-03-19,1.724413022990393,0.8725761772853186,1.5046817236619772,1.0,2025-03,Q1 2025
Radius West,2025-03-20,1.724413022990393,0.8781163434903048,1.5142352584153866,1.0,2025-03,Q1 2025
Radius West,2025-03-21,1.724413022990393,0.8781163434903048,1.5142352584153866,1.0,2025-03,Q1 2025
Radius West,2025-03-22,1.724413022990393,0.8753462603878116,1.509458491038682,1.0,2025-03,Q1 2025
Radius West,2025-03-23,1.7276564512603663,0.8698060941828255,1.5027261099605402,1.0,2025-03,Q1 2025
Radius West,2025-03-24,1.7276564512603663,0.8698060941828255,1.5027261099605402,1.0,2025-03,Q1 2025
Radius West,2025-03-25,1.7318409667506178,0.8670360110803323,1.5015684836369623,1.0,2025-03,Q1 2025
Radius West,2025-03-26,1.7318409667506178,0.8670360110803323,1.5015684836369623,1.0,2025-03,Q1 2025
Radius West,2025-03-27,1.7318409667506178,0.8670360110803323,1.5015684836369623,1.0,2025-03,Q1 2025
Radius West,2025-03-28,1.7311027918085247,0.8670360110803323,1.5009284593796903,1.0,2025-03,Q1 2025
Radius West,2025-03-29,1.7311027918085247,0.8698060941828255,1.5057237579719578,1.0,2025-03,Q1 2025
Radius West,2025-03-30,1.7311027918085247,0.8698060941828255,1.5057237579719578,1.0,2025-03,Q1 2025
Radius West,2025-03-31,1.7311027918085247,0.8670360110803323,1.5009284593796903,1.0,2025-03,Q1 2025
Radius West,2025-04-01,1.73086397050373,0.8670360110803323,1.5007213927082201,1.0,2025-04,Q2 2025
Radius West,2025-04-02,1.73086397050373,0.8698060941828255,1.5055160297456267,1.0,2025-04,Q2 2025
Radius West,2025-04-03,1.7298087475747121,0.8670360110803323,1.499806476429044,1.0,2025-04,Q2 2025
Radius West,2025-04-04,1.7298087475747121,0.8698060941828255,1.5045981904112455,1.0,2025-04,Q2 2025
Radius West,2025-04-05,1.727193101405626,0.8698060941828255,1.5023230854331484,1.0,2025-04,Q2 2025
Radius West,2025-04-06,1.7264863576619858,0.8753462603878116,1.511273376789993,1.0,2025-04,Q2 2025
Radius West,2025-04-07,1.7240776595969256,0.8781163434903048,1.5139407703385745,1.0,2025-04,Q2 2025
Radius West,2025-04-08,1.7240776595969256,0.8808864265927978,1.51871660873081,1.0,2025-04,Q2 2025
Radius West,2025-04-09,1.7240776595969256,0.8808864265927978,1.51871660873081,1.0,2025-04,Q2 2025
Radius West,2025-04-10,1.7240776595969256,0.8781163434903048,1.5139407703385745,1.0,2025-04,Q2 2025
Radius West,2025-04-11,1.7279587239050254,0.8753462603878116,1.512562207074759,1.0,2025-04,Q2 2025
Radius West,2025-04-12,1.7279587239050254,0.8725761772853186,1.5077756178118642,1.0,2025-04,Q2 2025
Radius West,2025-04-13,1.725696462555881,0.8725761772853186,1.5058016224518076,1.0,2025-04,Q2 2025
The Opal at Barker Cypress,2023-09-14,2.1645459062981414,0.9423076923076923,2.0396682578578638,1.0,2023-09,Q3 2023
The Opal at Barker Cypress,2023-09-15,2.1645459062981414,0.9478021978021978,2.0515613672331283,1.0,2023-09,Q3 2023
The Opal at Barker Cypress,2023-09-16,2.1683662619596675,0.9478021978021978,2.055182308725509,1.0,2023-09,Q3 2023
The Opal at Barker Cypress,2023-09-17,2.1683662619596675,0.9505494505494505,2.0611393588957276,1.0,2023-09,Q3 2023
The Opal at Barker Cypress,2023-09-18,2.1683662619596675,0.9505494505494505,2.0611393588957276,1.0,2023-09,Q3 2023
The Opal at Barker Cypress,2023-09-19,2.1683662619596675,0.9505494505494505,2.0611393588957276,1.0,2023-09,Q3 2023
The Opal at Barker Cypress,2023-09-20,2.1580193185876304,0.9505494505494505,2.0513040775585716,1.0,2023-09,Q3 2023
The Opal at Barker Cypress,2023-09-21,2.1592366982331765,0.9532967032967032,2.058393226062946,1.0,2023-09,Q3 2023
The Opal at Barker Cypress,2023-09-22,2.1592366982331765,0.9532967032967032,2.058393226062946,1.0,2023-09,Q3 2023
The Opal at Barker Cypress,2023-09-23,2.148373965024339,0.9532967032967032,2.0480378183061694,1.0,2023-09,Q3 2023
The Opal at Barker Cypress,2023-09-24,2.148373965024339,0.9560439560439561,2.0539399445837088,1.0,2023-09,Q3 2023
The Opal at Barker Cypress,2023-09-25,2.148373965024339,0.9560439560439561,2.0539399445837088,1.0,2023-09,Q3 2023
The Opal at Barker Cypress,2023-09-26,2.148373965024339,0.9560439560439561,2.0539399445837088,1.0,2023-09,Q3 2023
The Opal at Barker Cypress,2023-09-27,2.148373965024339,0.9532967032967032,2.0480378183061694,1.0,2023-09,Q3 2023
The Opal at Barker Cypress,2023-09-28,2.148373965024339,0.9532967032967032,2.0480378183061694,1.0,2023-09,Q3 2023
The Opal at Barker Cypress,2023-09-29,2.148373965024339,0.9532967032967032,2.0480378183061694,1.0,2023-09,Q3 2023
The Opal at Barker Cypress,2023-09-30,2.1542098383201846,0.9505494505494505,2.047682978183472,1.0,2023-09,Q3 2023
The Opal at Barker Cypress,2023-10-01,2.1542098383201846,0.9532967032967032,2.0536011370799563,1.0,2023-10,Q4 2023
The Opal at Barker Cypress,2023-10-02,2.1542098383201846,0.9532967032967032,2.0536011370799563,1.0,2023-10,Q4 2023
The Opal at Barker Cypress,2023-10-03,2.1549606899804488,0.9505494505494505,2.04839669981658,1.0,2023-10,Q4 2023
The Opal at Barker Cypress,2023-10-04,2.1413373103409947,0.9532967032967032,2.0413297985942997,1.0,2023-10,Q4 2023
The Opal at Barker Cypress,2023-10-05,2.1413373103409947,0.9560439560439561,2.047212593402929,1.0,2023-10,Q4 2023
The Opal at Barker Cypress,2023-10-06,2.1413373103409947,0.9532967032967032,2.0413297985942997,1.0,2023-10,Q4 2023
The Opal at Barker Cypress,2023-10-07,2.128031623273188,0.9532967032967032,2.028645530977462,1.0,2023-10,Q4 2023
The Opal at Barker Cypress,2023-10-08,2.128031623273188,0.9560439560439561,2.0344917717007402,1.0,2023-10,Q4 2023
The Opal at Barker Cypress,2023-10-09,2.128031623273188,0.9560439560439561,2.0344917717007402,1.0,2023-10,Q4 2023
The Opal at Barker Cypress,2023-10-10,2.128031623273188,0.9532967032967032,2.028645530977462,1.0,2023-10,Q4 2023
The Opal at Barker Cypress,2023-10-11,2.128031623273188,0.9532967032967032,2.028645530977462,1.0,2023-10,Q4 2023
The Opal at Barker Cypress,2023-10-12,2.119337654134822,0.9532967032967032,2.020357598859295,1.0,2023-10,Q4 2023
The Opal at Barker Cypress,2023-10-13,2.1117038848753813,0.9532967032967032,2.013080351790542,1.0,2023-10,Q4 2023
The Opal at Barker Cypress,2023-10-14,2.099887428371793,0.9532967032967032,2.0018157627610225,1.0,2023-10,Q4 2023
The Opal at Barker Cypress,2023-10-15,2.099887428371793,0.9560439560439561,2.007584684267538,1.0,2023-10,Q4 2023
The Opal at Barker Cypress,2023-10-16,2.099887428371793,0.9560439560439561,2.007584684267538,1.0,2023-10,Q4 2023
The Opal at Barker Cypress,2023-10-17,2.099887428371793,0.9560439560439561,2.007584684267538,1.0,2023-10,Q4 2023
The Opal at Barker Cypress,2023-10-18,2.099887428371793,0.9532967032967032,2.0018157627610225,1.0,2023-10,Q4 2023
The Opal at Barker Cypress,2023-10-19,2.099887428371793,0.9532967032967032,2.0018157627610225,1.0,2023-10,Q4 2023
The Opal at Barker Cypress,2023-10-20,2.099887428371793,0.9532967032967032,2.0018157627610225,1.0,2023-10,Q4 2023
The Opal at Barker Cypress,2023-10-21,2.099887428371793,0.9478021978021978,1.9902779197479905,1.0,2023-10,Q4 2023
The Opal at Barker Cypress,2023-10-22,2.099887428371793,0.945054945054945,1.9845089982414745,1.0,2023-10,Q4 2023
The Opal at Barker Cypress,2023-10-23,2.099887428371793,0.945054945054945,1.9845089982414745,1.0,2023-10,Q4 2023
The Opal at Barker Cypress,2023-10-24,2.1065091186460774,0.945054945054945,1.9907668593798094,1.0,2023-10,Q4 2023
The Opal at Barker Cypress,2023-10-25,2.1065091186460774,0.9478021978021978,1.9965539723431227,1.0,2023-10,Q4 2023
The Opal at Barker Cypress,2023-10-26,2.099565270700333,0.9478021978021978,1.989972577998942,1.0,2023-10,Q4 2023
The Opal at Barker Cypress,2023-10-27,2.091939677543316,0.9478021978021978,1.9827450240451758,1.0,2023-10,Q4 2023
The Opal at Barker Cypress,2023-10-28,2.091939677543316,0.9505494505494505,1.9884921110713938,1.0,2023-10,Q4 2023
The Opal at Barker Cypress,2023-10-29,2.0985814484237384,0.9505494505494505,1.9948054427324546,1.0,2023-10,Q4 2023
The Opal at Barker Cypress,2023-10-30,2.0985814484237384,0.9532967032967032,2.0005707763819705,1.0,2023-10,Q4 2023
The Opal at Barker Cypress,2023-10-31,2.0985814484237384,0.9532967032967032,2.0005707763819705,1.0,2023-10,Q4 2023
The Opal at Barker Cypress,2023-11-01,2.0985814484237384,0.9532967032967032,2.0005707763819705,1.0,2023-11,Q4 2023
The Opal at Barker Cypress,2023-11-02,2.0905079232728334,0.9532967032967032,1.9928743114716296,1.0,2023-11,Q4 2023
The Opal at Barker Cypress,2023-11-03,2.0905079232728334,0.9560439560439561,1.9986174651069948,1.0,2023-11,Q4 2023
The Opal at Barker Cypress,2023-11-04,2.0801584925006193,0.9505494505494505,1.977293512102237,1.0,2023-11,Q4 2023
The Opal at Barker Cypress,2023-11-05,2.0801584925006193,0.9587912087912088,1.9944376755019675,1.0,2023-11,Q4 2023
The Opal at Barker Cypress,2023-11-06,2.0801584925006193,0.9560439560439561,1.9887229543687241,1.0,2023-11,Q4 2023
The Opal at Barker Cypress,2023-11-07,2.0801584925006193,0.9560439560439561,1.9887229543687241,1.0,2023-11,Q4 2023
The Opal at Barker Cypress,2023-11-08,2.0652362009506255,0.9505494505494505,1.9631091360684516,1.0,2023-11,Q4 2023
The Opal at Barker Cypress,2023-11-09,2.0652362009506255,0.9560439560439561,1.9744565877220268,1.0,2023-11,Q4 2023
The Opal at Barker Cypress,2023-11-10,2.0652362009506255,0.9560439560439561,1.9744565877220268,1.0,2023-11,Q4 2023
The Opal at Barker Cypress,2023-11-11,2.0652362009506255,0.9560439560439561,1.9744565877220268,1.0,2023-11,Q4 2023
The Opal at Barker Cypress,2023-11-12,2.0652362009506255,0.9560439560439561,1.9744565877220268,1.0,2023-11,Q4 2023
The Opal at Barker Cypress,2023-11-13,2.0652362009506255,0.9560439560439561,1.9744565877220268,1.0,2023-11,Q4 2023
The Opal at Barker Cypress,2023-11-14,2.0652362009506255,0.9560439560439561,1.9744565877220268,1.0,2023-11,Q4 2023
The Opal at Barker Cypress,2023-11-15,2.0652362009506255,0.9560439560439561,1.9744565877220268,1.0,2023-11,Q4 2023
The Opal at Barker Cypress,2023-11-16,2.055206993599394,0.9532967032967032,1.959222051590631,1.0,2023-11,Q4 2023
The Opal at Barker Cypress,2023-11-17,2.055206993599394,0.9560439560439561,1.9648682246499702,1.0,2023-11,Q4 2023
The Opal at Barker Cypress,2023-11-18,2.055206993599394,0.9560439560439561,1.9648682246499702,1.0,2023-11,Q4 2023
The Opal at Barker Cypress,2023-11-19,2.055206993599394,0.9560439560439561,1.9648682246499702,1.0,2023-11,Q4 2023
The Opal at Barker Cypress,2023-11-20,2.054005348534436,0.9532967032967032,1.9580765273116738,1.0,2023-11,Q4 2023
The Opal at Barker Cypress,2023-11-21,2.059836148959154,0.9587912087912088,1.9749527911723759,1.0,2023-11,Q4 2023
The Opal at Barker Cypress,2023-11-22,2.0539066801798853,0.9615384615384616,1.974910269403736,1.0,2023-11,Q4 2023
The Opal at Barker Cypress,2023-11-23,2.0453281725786674,0.9642857142857143,1.972280737843715,1.0,2023-11,Q4 2023
The Opal at Barker Cypress,2023-11-24,2.0453281725786674,0.9642857142857143,1.972280737843715,1.0,2023-11,Q4 2023
The Opal at Barker Cypress,2023-11-25,2.0453281725786674,0.9642857142857143,1.972280737843715,1.0,2023-11,Q4 2023
The Opal at Barker Cypress,2023-11-26,2.0453281725786674,0.9615384615384616,1.966661704402565,1.0,2023-11,Q4 2023
The Opal at Barker Cypress,2023-11-27,2.0453281725786674,0.9615384615384616,1.966661704402565,1.0,2023-11,Q4 2023
The Opal at Barker Cypress,2023-11-28,2.0453281725786674,0.9615384615384616,1.966661704402565,1.0,2023-11,Q4 2023
The Opal at Barker Cypress,2023-11-29,2.0453281725786674,0.9587912087912088,1.9610426709614146,1.0,2023-11,Q4 2023
The Opal at Barker Cypress,2023-11-30,2.0453281725786674,0.9560439560439561,1.9554236375202645,1.0,2023-11,Q4 2023
The Opal at Barker Cypress,2023-12-01,2.0453281725786674,0.9560439560439561,1.9554236375202645,1.0,2023-12,Q4 2023
The Opal at Barker Cypress,2023-12-02,2.0453281725786674,0.9532967032967032,1.9498046040791142,1.0,2023-12,Q4 2023
The Opal at Barker Cypress,2023-12-03,2.0453281725786674,0.9478021978021978,1.9385665371968137,1.0,2023-12,Q4 2023
The Opal at Barker Cypress,2023-12-04,2.0453281725786674,0.9478021978021978,1.9385665371968137,1.0,2023-12,Q4 2023
The Opal at Barker Cypress,2023-12-05,2.0357388357877237,0.945054945054945,1.923885053601585,1.0,2023-12,Q4 2023
The Opal at Barker Cypress,2023-12-06,2.0357388357877237,0.9478021978021978,1.929477742710892,1.0,2023-12,Q4 2023
The Opal at Barker Cypress,2023-12-07,2.0357388357877237,0.9478021978021978,1.929477742710892,1.0,2023-12,Q4 2023
The Opal at Barker Cypress,2023-12-08,2.0357388357877237,0.945054945054945,1.923885053601585,1.0,2023-12,Q4 2023
The Opal at Barker Cypress,2023-12-09,2.022971846357939,0.9423076923076923,1.906261932144981,1.0,2023-12,Q4 2023
The Opal at Barker Cypress,2023-12-10,2.0144162085023214,0.9478021978021978,1.9092681097068704,1.0,2023-12,Q4 2023
The Opal at Barker Cypress,2023-12-11,2.0144162085023214,0.9505494505494505,1.914802220169789,1.0,2023-12,Q4 2023
The Opal at Barker Cypress,2023-12-12,2.012084898789614,0.9505494505494505,1.9125861950033143,1.0,2023-12,Q4 2023
The Opal at Barker Cypress,2023-12-13,2.012084898789614,0.9532967032967032,1.9181139007692198,1.0,2023-12,Q4 2023
The Opal at Barker Cypress,2023-12-14,2.012084898789614,0.9478021978021978,1.907058489237409,1.0,2023-12,Q4 2023
The Opal at Barker Cypress,2023-12-15,2.0118728970331765,0.945054945054945,1.9013304301632217,1.0,2023-12,Q4 2023
The Opal at Barker Cypress,2023-12-16,2.0063735953416004,0.945054945054945,1.8961332879052486,1.0,2023-12,Q4 2023
The Opal at Barker Cypress,2023-12-17,2.0063735953416004,0.9478021978021978,1.9016453032770662,1.0,2023-12,Q4 2023
The Opal at Barker Cypress,2023-12-18,2.0063735953416004,0.9478021978021978,1.9016453032770662,1.0,2023-12,Q4 2023
The Opal at Barker Cypress,2023-12-19,2.0063735953416004,0.9478021978021978,1.9016453032770662,1.0,2023-12,Q4 2023
The Opal at Barker Cypress,2023-12-20,2.0063735953416004,0.945054945054945,1.8961332879052486,1.0,2023-12,Q4 2023
The Opal at Barker Cypress,2023-12-21,2.0063735953416004,0.945054945054945,1.8961332879052486,1.0,2023-12,Q4 2023
The Opal at Barker Cypress,2023-12-22,2.0063735953416004,0.945054945054945,1.8961332879052486,1.0,2023-12,Q4 2023
The Opal at Barker Cypress,2023-12-23,1.9960555570711895,0.945054945054945,1.8863821748145306,1.0,2023-12,Q4 2023
The Opal at Barker Cypress,2023-12-24,1.9960555570711895,0.9505494505494505,1.8973495130401965,1.0,2023-12,Q4 2023
The Opal at Barker Cypress,2023-12-25,1.9960555570711895,0.9505494505494505,1.8973495130401965,1.0,2023-12,Q4 2023
The Opal at Barker Cypress,2023-12-26,1.9960555570711895,0.9505494505494505,1.8973495130401965,1.0,2023-12,Q4 2023
The Opal at Barker Cypress,2023-12-27,1.9960555570711895,0.9505494505494505,1.8973495130401965,1.0,2023-12,Q4 2023
The Opal at Barker Cypress,2023-12-28,1.9954742316523424,0.9505494505494505,1.896796934482721,1.0,2023-12,Q4 2023
The Opal at Barker Cypress,2023-12-29,2.0111203882770643,0.9505494505494505,1.911669380065561,1.0,2023-12,Q4 2023
The Opal at Barker Cypress,2023-12-30,2.0111203882770643,0.9560439560439561,1.9227194920890616,1.0,2023-12,Q4 2023
The Opal at Barker Cypress,2023-12-31,2.005498044068859,0.9532967032967032,1.9118346738788297,1.0,2023-12,Q4 2023
The Opal at Barker Cypress,2024-01-01,2.005498044068859,0.9560439560439561,1.917344283890008,1.0,2024-01,Q1 2024
The Opal at Barker Cypress,2024-01-02,2.005498044068859,0.9560439560439561,1.917344283890008,1.0,2024-01,Q1 2024
The Opal at Barker Cypress,2024-01-03,2.005498044068859,0.9560439560439561,1.917344283890008,1.0,2024-01,Q1 2024
The Opal at Barker Cypress,2024-01-04,2.005498044068859,0.9532967032967032,1.9118346738788297,1.0,2024-01,Q1 2024
The Opal at Barker Cypress,2024-01-05,2.005498044068859,0.9532967032967032,1.9118346738788297,1.0,2024-01,Q1 2024
The Opal at Barker Cypress,2024-01-06,2.005498044068859,0.9532967032967032,1.9118346738788297,1.0,2024-01,Q1 2024
The Opal at Barker Cypress,2024-01-07,2.005498044068859,0.9532967032967032,1.9118346738788297,1.0,2024-01,Q1 2024
The Opal at Barker Cypress,2024-01-08,2.005498044068859,0.9532967032967032,1.9118346738788297,1.0,2024-01,Q1 2024
The Opal at Barker Cypress,2024-01-09,1.997888743526671,0.9532967032967032,1.9045807527575682,1.0,2024-01,Q1 2024
The Opal at Barker Cypress,2024-01-10,1.997888743526671,0.9560439560439561,1.9100694580969273,1.0,2024-01,Q1 2024
The Opal at Barker Cypress,2024-01-11,1.997888743526671,0.9532967032967032,1.9045807527575682,1.0,2024-01,Q1 2024
The Opal at Barker Cypress,2024-01-12,1.997888743526671,0.9532967032967032,1.9045807527575682,1.0,2024-01,Q1 2024
The Opal at Barker Cypress,2024-01-13,1.9932445451369263,0.9532967032967032,1.9001534537431686,1.0,2024-01,Q1 2024
The Opal at Barker Cypress,2024-01-14,1.9932445451369263,0.9560439560439561,1.9056294002957428,1.0,2024-01,Q1 2024
The Opal at Barker Cypress,2024-01-15,1.9932445451369263,0.9560439560439561,1.9056294002957428,1.0,2024-01,Q1 2024
The Opal at Barker Cypress,2024-01-16,1.9932445451369263,0.9560439560439561,1.9056294002957428,1.0,2024-01,Q1 2024
The Opal at Barker Cypress,2024-01-17,1.9887972502212883,0.9560439560439561,1.901377590870902,1.0,2024-01,Q1 2024
The Opal at Barker Cypress,2024-01-18,1.9887972502212883,0.9560439560439561,1.901377590870902,1.0,2024-01,Q1 2024
The Opal at Barker Cypress,2024-01-19,1.9887972502212883,0.9560439560439561,1.901377590870902,1.0,2024-01,Q1 2024
The Opal at Barker Cypress,2024-01-20,1.9887972502212883,0.9532967032967032,1.8959138621615028,1.0,2024-01,Q1 2024
The Opal at Barker Cypress,2024-01-21,1.9887972502212883,0.9532967032967032,1.8959138621615028,1.0,2024-01,Q1 2024
The Opal at Barker Cypress,2024-01-22,1.9887972502212883,0.9532967032967032,1.8959138621615028,1.0,2024-01,Q1 2024
The Opal at Barker Cypress,2024-01-23,1.9887972502212883,0.9532967032967032,1.8959138621615028,1.0,2024-01,Q1 2024
The Opal at Barker Cypress,2024-01-24,1.9887972502212883,0.9478021978021978,1.8849864047427045,1.0,2024-01,Q1 2024
The Opal at Barker Cypress,2024-01-25,1.9887972502212883,0.9478021978021978,1.8849864047427045,1.0,2024-01,Q1 2024
The Opal at Barker Cypress,2024-01-26,1.9887972502212883,0.9478021978021978,1.8849864047427045,1.0,2024-01,Q1 2024
The Opal at Barker Cypress,2024-01-27,1.9941117162806843,0.9478021978021978,1.890023467353945,1.0,2024-01,Q1 2024
The Opal at Barker Cypress,2024-01-28,1.9941117162806843,0.9478021978021978,1.890023467353945,1.0,2024-01,Q1 2024
The Opal at Barker Cypress,2024-01-29,1.9941117162806843,0.9478021978021978,1.890023467353945,1.0,2024-01,Q1 2024
The Opal at Barker Cypress,2024-01-30,1.9941117162806843,0.9478021978021978,1.890023467353945,1.0,2024-01,Q1 2024
The Opal at Barker Cypress,2024-01-31,1.9941117162806843,0.945054945054945,1.8845451384630643,1.0,2024-01,Q1 2024
The Opal at Barker Cypress,2024-02-01,2.000085529438535,0.9423076923076923,1.884695979663235,1.0,2024-02,Q1 2024
The Opal at Barker Cypress,2024-02-02,2.000085529438535,0.9423076923076923,1.884695979663235,1.0,2024-02,Q1 2024
The Opal at Barker Cypress,2024-02-03,2.000085529438535,0.9423076923076923,1.884695979663235,1.0,2024-02,Q1 2024
The Opal at Barker Cypress,2024-02-04,2.000085529438535,0.9423076923076923,1.884695979663235,1.0,2024-02,Q1 2024
The Opal at Barker Cypress,2024-02-05,2.000085529438535,0.9423076923076923,1.884695979663235,1.0,2024-02,Q1 2024
The Opal at Barker Cypress,2024-02-06,2.000085529438535,0.9423076923076923,1.884695979663235,1.0,2024-02,Q1 2024
The Opal at Barker Cypress,2024-02-07,2.000085529438535,0.9423076923076923,1.884695979663235,1.0,2024-02,Q1 2024
The Opal at Barker Cypress,2024-02-08,2.000085529438535,0.9423076923076923,1.884695979663235,1.0,2024-02,Q1 2024
The Opal at Barker Cypress,2024-02-09,2.000085529438535,0.9368131868131868,1.873706498732254,1.0,2024-02,Q1 2024
The Opal at Barker Cypress,2024-02-10,2.000085529438535,0.9368131868131868,1.873706498732254,1.0,2024-02,Q1 2024
The Opal at Barker Cypress,2024-02-11,2.000085529438535,0.9368131868131868,1.873706498732254,1.0,2024-02,Q1 2024
The Opal at Barker Cypress,2024-02-12,2.000085529438535,0.8791208791208791,1.758316948956954,1.0,2024-02,Q1 2024
The Opal at Barker Cypress,2024-02-13,2.000085529438535,0.8791208791208791,1.758316948956954,1.0,2024-02,Q1 2024
The Opal at Barker Cypress,2024-02-14,1.995471657379116,0.8791208791208791,1.7542607976959261,1.0,2024-02,Q1 2024
The Opal at Barker Cypress,2024-02-15,1.995206624541663,0.8791208791208791,1.7540278017948687,1.0,2024-02,Q1 2024
The Opal at Barker Cypress,2024-02-16,1.995206624541663,0.8763736263736264,1.7485464649142597,1.0,2024-02,Q1 2024
The Opal at Barker Cypress,2024-02-17,1.995206624541663,0.8763736263736264,1.7485464649142597,1.0,2024-02,Q1 2024
The Opal at Barker Cypress,2024-02-18,2.0035973972934187,0.8763736263736264,1.7558999168587928,1.0,2024-02,Q1 2024
The Opal at Barker Cypress,2024-02-19,2.001187798751081,0.8791208791208791,1.7592859769240272,1.0,2024-02,Q1 2024
The Opal at Barker Cypress,2024-02-20,2.001187798751081,0.8791208791208791,1.7592859769240272,1.0,2024-02,Q1 2024
The Opal at Barker Cypress,2024-02-21,2.001187798751081,0.8791208791208791,1.7592859769240272,1.0,2024-02,Q1 2024
The Opal at Barker Cypress,2024-02-22,1.994124137118226,0.8763736263736264,1.7475978014854783,1.0,2024-02,Q1 2024
The Opal at Barker Cypress,2024-02-23,1.994124137118226,0.8791208791208791,1.7530761644995392,1.0,2024-02,Q1 2024
The Opal at Barker Cypress,2024-02-24,2.0037748347745348,0.8763736263736264,1.756055418387573,1.0,2024-02,Q1 2024
The Opal at Barker Cypress,2024-02-25,2.0037748347745348,0.8763736263736264,1.756055418387573,1.0,2024-02,Q1 2024
The Opal at Barker Cypress,2024-02-26,2.0037748347745348,0.8763736263736264,1.756055418387573,1.0,2024-02,Q1 2024
The Opal at Barker Cypress,2024-02-27,2.0037748347745348,0.8736263736263736,1.750550542467863,1.0,2024-02,Q1 2024
The Opal at Barker Cypress,2024-02-28,2.0037748347745348,0.8681318681318682,1.7395407906284424,1.0,2024-02,Q1 2024
The Opal at Barker Cypress,2024-02-29,2.0081352054313246,0.8653846153846154,1.7378093123924925,1.0,2024-02,Q1 2024
The Opal at Barker Cypress,2024-03-01,2.0081352054313246,0.8653846153846154,1.7378093123924925,1.0,2024-03,Q1 2024
The Opal at Barker Cypress,2024-03-02,2.0081352054313246,0.8626373626373627,1.7322924574325165,1.0,2024-03,Q1 2024
The Opal at Barker Cypress,2024-03-03,2.0074670128979015,0.8626373626373627,1.7317160495877504,1.0,2024-03,Q1 2024
The Opal at Barker Cypress,2024-03-04,2.000529261479726,0.8653846153846154,1.7312272455113016,1.0,2024-03,Q1 2024
The Opal at Barker Cypress,2024-03-05,2.000529261479726,0.8681318681318682,1.7367232050208612,1.0,2024-03,Q1 2024
The Opal at Barker Cypress,2024-03-06,2.0048655187090976,0.8626373626373627,1.729471903501804,1.0,2024-03,Q1 2024
The Opal at Barker Cypress,2024-03-07,2.0048655187090976,0.8598901098901099,1.7239640311976583,1.0,2024-03,Q1 2024
The Opal at Barker Cypress,2024-03-08,2.0075046156139584,0.8571428571428572,1.7207182419548217,1.0,2024-03,Q1 2024
The Opal at Barker Cypress,2024-03-09,2.0032274362517573,0.8543956043956044,1.711548716138177,1.0,2024-03,Q1 2024
The Opal at Barker Cypress,2024-03-10,2.0032274362517573,0.8516483516483516,1.7060453440605625,1.0,2024-03,Q1 2024
The Opal at Barker Cypress,2024-03-11,2.0032274362517573,0.8516483516483516,1.7060453440605625,1.0,2024-03,Q1 2024
The Opal at Barker Cypress,2024-03-12,1.9990071717222233,0.8489010989010989,1.696959384786173,1.0,2024-03,Q1 2024
The Opal at Barker Cypress,2024-03-13,2.0027320878396275,0.8516483516483516,1.7056234814018805,1.0,2024-03,Q1 2024
The Opal at Barker Cypress,2024-03-14,1.9973899534412831,0.8543956043956044,1.7065611964841731,1.0,2024-03,Q1 2024
The Opal at Barker Cypress,2024-03-15,1.9820747210481071,0.8598901098901099,1.7043664496924658,1.0,2024-03,Q1 2024
The Opal at Barker Cypress,2024-03-16,1.9832979388214365,0.8681318681318682,1.7217641446911371,1.0,2024-03,Q1 2024
The Opal at Barker Cypress,2024-03-17,1.9832979388214365,0.8791208791208791,1.7435586275353288,1.0,2024-03,Q1 2024
The Opal at Barker Cypress,2024-03-18,1.9832979388214365,0.8791208791208791,1.7435586275353288,1.0,2024-03,Q1 2024
The Opal at Barker Cypress,2024-03-19,1.9792454258130177,0.8791208791208791,1.7399959787367187,1.0,2024-03,Q1 2024
The Opal at Barker Cypress,2024-03-20,1.9792454258130177,0.8763736263736264,1.7345584913031666,1.0,2024-03,Q1 2024
The Opal at Barker Cypress,2024-03-21,1.9792454258130177,0.8763736263736264,1.7345584913031666,1.0,2024-03,Q1 2024
The Opal at Barker Cypress,2024-03-22,1.9792454258130177,0.8736263736263736,1.7291210038696143,1.0,2024-03,Q1 2024
The Opal at Barker Cypress,2024-03-23,1.9792454258130177,0.8708791208791209,1.7236835164360622,1.0,2024-03,Q1 2024
The Opal at Barker Cypress,2024-03-24,1.9730612405609613,0.8708791208791209,1.7182978386203978,1.0,2024-03,Q1 2024
The Opal at Barker Cypress,2024-03-25,1.9730612405609613,0.8736263736263736,1.7237183365340267,1.0,2024-03,Q1 2024
The Opal at Barker Cypress,2024-03-26,1.9730612405609613,0.8736263736263736,1.7237183365340267,1.0,2024-03,Q1 2024
The Opal at Barker Cypress,2024-03-27,1.9730612405609613,0.8708791208791209,1.7182978386203978,1.0,2024-03,Q1 2024
The Opal at Barker Cypress,2024-03-28,1.9649820438879104,0.8681318681318682,1.705863532605988,1.0,2024-03,Q1 2024
The Opal at Barker Cypress,2024-03-29,1.9627608333091742,0.8653846153846154,1.698543028825247,1.0,2024-03,Q1 2024
The Opal at Barker Cypress,2024-03-30,1.9627608333091742,0.8681318681318682,1.7039352289167558,1.0,2024-03,Q1 2024
The Opal at Barker Cypress,2024-03-31,1.9627608333091742,0.8681318681318682,1.7039352289167558,1.0,2024-03,Q1 2024
The Opal at Barker Cypress,2024-04-01,1.9627608333091742,0.8681318681318682,1.7039352289167558,1.0,2024-04,Q2 2024
The Opal at Barker Cypress,2024-04-02,1.9627608333091742,0.8681318681318682,1.7039352289167558,1.0,2024-04,Q2 2024
The Opal at Barker Cypress,2024-04-03,1.9586222677698621,0.8681318681318682,1.7003424082837266,1.0,2024-04,Q2 2024
The Opal at Barker Cypress,2024-04-04,1.9586222677698621,0.8681318681318682,1.7003424082837266,1.0,2024-04,Q2 2024
The Opal at Barker Cypress,2024-04-05,1.9577099550788897,0.8653846153846154,1.6941720765105777,1.0,2024-04,Q2 2024
The Opal at Barker Cypress,2024-04-06,1.9605646985573577,0.8653846153846154,1.6966425275977135,1.0,2024-04,Q2 2024
The Opal at Barker Cypress,2024-04-07,1.9605646985573577,0.8598901098901099,1.6858701940891565,1.0,2024-04,Q2 2024
The Opal at Barker Cypress,2024-04-08,1.9605646985573577,0.8598901098901099,1.6858701940891565,1.0,2024-04,Q2 2024
The Opal at Barker Cypress,2024-04-09,1.9562057784065947,0.8571428571428572,1.6767478100627955,1.0,2024-04,Q2 2024
The Opal at Barker Cypress,2024-04-10,1.9505247286079972,0.8598901098901099,1.6772369232261075,1.0,2024-04,Q2 2024
The Opal at Barker Cypress,2024-04-11,1.9404118901589018,0.8598901098901099,1.668540993460814,1.0,2024-04,Q2 2024
The Opal at Barker Cypress,2024-04-12,1.9360910239561917,0.8571428571428572,1.65950659196245,1.0,2024-04,Q2 2024
The Opal at Barker Cypress,2024-04-13,1.9360910239561917,0.8626373626373627,1.6701444547314401,1.0,2024-04,Q2 2024
The Opal at Barker Cypress,2024-04-14,1.9360910239561917,0.8626373626373627,1.6701444547314401,1.0,2024-04,Q2 2024
The Opal at Barker Cypress,2024-04-15,1.9374188518036988,0.8571428571428572,1.6606447301174563,1.0,2024-04,Q2 2024
The Opal at Barker Cypress,2024-04-16,1.9426159059107908,0.8626373626373627,1.6757730616922757,1.0,2024-04,Q2 2024
The Opal at Barker Cypress,2024-04-17,1.9426159059107908,0.8571428571428572,1.6650993479235352,1.0,2024-04,Q2 2024
The Opal at Barker Cypress,2024-04-18,1.9426159059107908,0.8543956043956044,1.6597624910391646,1.0,2024-04,Q2 2024
The Opal at Barker Cypress,2024-04-19,1.9430004882640544,0.8516483516483516,1.6547531630820242,1.0,2024-04,Q2 2024
The Opal at Barker Cypress,2024-04-20,1.9430004882640544,0.8516483516483516,1.6547531630820242,1.0,2024-04,Q2 2024
The Opal at Barker Cypress,2024-04-21,1.9477519732171305,0.8516483516483516,1.6587997574101934,1.0,2024-04,Q2 2024
The Opal at Barker Cypress,2024-04-22,1.9477519732171305,0.8543956043956044,1.6641507243695812,1.0,2024-04,Q2 2024
The Opal at Barker Cypress,2024-04-23,1.9477519732171305,0.8543956043956044,1.6641507243695812,1.0,2024-04,Q2 2024
The Opal at Barker Cypress,2024-04-24,1.945459695391095,0.8516483516483516,1.6568475427781302,1.0,2024-04,Q2 2024
The Opal at Barker Cypress,2024-04-25,1.945459695391095,0.8543956043956044,1.662192212270963,1.0,2024-04,Q2 2024
The Opal at Barker Cypress,2024-04-26,1.9456088477805287,0.8543956043956044,1.6623196474168802,1.0,2024-04,Q2 2024
The Opal at Barker Cypress,2024-04-27,1.9456088477805287,0.8626373626373627,1.6783548851733132,1.0,2024-04,Q2 2024
The Opal at Barker Cypress,2024-04-28,1.942169921755159,0.8626373626373627,1.6753883390964832,1.0,2024-04,Q2 2024
The Opal at Barker Cypress,2024-04-29,1.942169921755159,0.8653846153846154,1.6807239707496568,1.0,2024-04,Q2 2024
The Opal at Barker Cypress,2024-04-30,1.9366546149429202,0.8653846153846154,1.6759511090852195,1.0,2024-04,Q2 2024
The Opal at Barker Cypress,2024-05-01,1.9326941629904575,0.8681318681318682,1.6778333942444632,1.0,2024-05,Q2 2024
The Opal at Barker Cypress,2024-05-02,1.9326941629904575,0.8626373626373627,1.6672141955467135,1.0,2024-05,Q2 2024
The Opal at Barker Cypress,2024-05-03,1.9291351113675963,0.8516483516483516,1.6429447377031725,1.0,2024-05,Q2 2024
The Opal at Barker Cypress,2024-05-04,1.9240982789919583,0.8516483516483516,1.6386551277129315,1.0,2024-05,Q2 2024
The Opal at Barker Cypress,2024-05-05,1.9187683039193393,0.8543956043956044,1.6393872047222926,1.0,2024-05,Q2 2024
The Opal at Barker Cypress,2024-05-06,1.9187683039193393,0.8571428571428572,1.6446585462165766,1.0,2024-05,Q2 2024
The Opal at Barker Cypress,2024-05-07,1.9179733117029352,0.8516483516483516,1.6334388094173349,1.0,2024-05,Q2 2024
The Opal at Barker Cypress,2024-05-08,1.9107312270288925,0.8516483516483516,1.6272710999421887,1.0,2024-05,Q2 2024
The Opal at Barker Cypress,2024-05-09,1.9006077307878873,0.8571428571428572,1.6290923406753322,1.0,2024-05,Q2 2024
The Opal at Barker Cypress,2024-05-10,1.895943396034224,0.8681318681318682,1.6459288822714693,1.0,2024-05,Q2 2024
The Opal at Barker Cypress,2024-05-11,1.8898310111497474,0.8708791208791209,1.6458143696001921,1.0,2024-05,Q2 2024
The Opal at Barker Cypress,2024-05-12,1.8898310111497474,0.8763736263736264,1.6561980564746412,1.0,2024-05,Q2 2024
The Opal at Barker Cypress,2024-05-13,1.8898310111497474,0.8763736263736264,1.6561980564746412,1.0,2024-05,Q2 2024
The Opal at Barker Cypress,2024-05-14,1.8898310111497474,0.8736263736263736,1.6510062130374168,1.0,2024-05,Q2 2024
The Opal at Barker Cypress,2024-05-15,1.8898310111497474,0.8653846153846154,1.635430682725743,1.0,2024-05,Q2 2024
The Opal at Barker Cypress,2024-05-16,1.8898310111497474,0.8626373626373627,1.6302388392885185,1.0,2024-05,Q2 2024
The Opal at Barker Cypress,2024-05-17,1.886612035768951,0.8626373626373627,1.6274620308556338,1.0,2024-05,Q2 2024
The Opal at Barker Cypress,2024-05-18,1.886612035768951,0.8626373626373627,1.6274620308556338,1.0,2024-05,Q2 2024
The Opal at Barker Cypress,2024-05-19,1.8822507178027337,0.8598901098901099,1.618528776572131,1.0,2024-05,Q2 2024
The Opal at Barker Cypress,2024-05-20,1.8791132483885566,0.8653846153846154,1.6261556957208665,1.0,2024-05,Q2 2024
The Opal at Barker Cypress,2024-05-21,1.877998760672715,0.8598901098901099,1.6148725606883512,1.0,2024-05,Q2 2024
The Opal at Barker Cypress,2024-05-22,1.8716607845726514,0.8598901098901099,1.6094225977231866,1.0,2024-05,Q2 2024
The Opal at Barker Cypress,2024-05-23,1.8716607845726514,0.8571428571428572,1.6042806724908443,1.0,2024-05,Q2 2024
The Opal at Barker Cypress,2024-05-24,1.8697566949681927,0.8571428571428572,1.6026485956870224,1.0,2024-05,Q2 2024
The Opal at Barker Cypress,2024-05-25,1.866708990251826,0.8653846153846154,1.61542124156408,1.0,2024-05,Q2 2024
The Opal at Barker Cypress,2024-05-26,1.8556420751747487,0.8681318681318682,1.610942021305551,1.0,2024-05,Q2 2024
The Opal at Barker Cypress,2024-05-27,1.8556420751747487,0.8791208791208791,1.6313336924613175,1.0,2024-05,Q2 2024
The Opal at Barker Cypress,2024-05-28,1.8509317605500437,0.8791208791208791,1.6271927565275108,1.0,2024-05,Q2 2024
The Opal at Barker Cypress,2024-05-29,1.85011355824045,0.8818681318681318,1.6315561873494078,1.0,2024-05,Q2 2024
The Opal at Barker Cypress,2024-05-30,1.845456668781407,0.8818681318681318,1.627449424941845,1.0,2024-05,Q2 2024
The Opal at Barker Cypress,2024-05-31,1.845456668781407,0.8763736263736264,1.6173095531353539,1.0,2024-05,Q2 2024
The Opal at Barker Cypress,2024-06-01,1.8420880285492764,0.8763736263736264,1.6143573656791737,1.0,2024-06,Q2 2024
The Opal at Barker Cypress,2024-06-02,1.8420880285492764,0.8708791208791209,1.6042360028849467,1.0,2024-06,Q2 2024
The Opal at Barker Cypress,2024-06-03,1.838748984996501,0.8708791208791209,1.6013280995711288,1.0,2024-06,Q2 2024
The Opal at Barker Cypress,2024-06-04,1.838748984996501,0.8708791208791209,1.6013280995711288,1.0,2024-06,Q2 2024
The Opal at Barker Cypress,2024-06-05,1.8416629989231272,0.8708791208791209,1.6038658534577783,1.0,2024-06,Q2 2024
The Opal at Barker Cypress,2024-06-06,1.84016577863695,0.8653846153846154,1.5924511545896685,1.0,2024-06,Q2 2024
The Opal at Barker Cypress,2024-06-07,1.8423099831752179,0.8653846153846154,1.5943067162093232,1.0,2024-06,Q2 2024
The Opal at Barker Cypress,2024-06-08,1.8362549324542183,0.8708791208791209,1.599156081285679,1.0,2024-06,Q2 2024
The Opal at Barker Cypress,2024-06-09,1.8362549324542183,0.8763736263736264,1.6092453941013616,1.0,2024-06,Q2 2024
The Opal at Barker Cypress,2024-06-10,1.8330607536112984,0.8763736263736264,1.606446100005506,1.0,2024-06,Q2 2024
The Opal at Barker Cypress,2024-06-11,1.8330607536112984,0.8791208791208791,1.6114819811967458,1.0,2024-06,Q2 2024
The Opal at Barker Cypress,2024-06-12,1.8309753690863997,0.8763736263736264,1.604618524007037,1.0,2024-06,Q2 2024
The Opal at Barker Cypress,2024-06-13,1.8283980784115395,0.8736263736263736,1.597336782788103,1.0,2024-06,Q2 2024
The Opal at Barker Cypress,2024-06-14,1.8283980784115395,0.8763736263736264,1.602359854432091,1.0,2024-06,Q2 2024
The Opal at Barker Cypress,2024-06-15,1.8283980784115395,0.8708791208791209,1.5923137111441155,1.0,2024-06,Q2 2024
The Opal at Barker Cypress,2024-06-16,1.8271426641365147,0.8708791208791209,1.5912203970639427,1.0,2024-06,Q2 2024
The Opal at Barker Cypress,2024-06-17,1.8271426641365147,0.8818681318681318,1.6112988878786296,1.0,2024-06,Q2 2024
The Opal at Barker Cypress,2024-06-18,1.8271426641365147,0.8818681318681318,1.6112988878786296,1.0,2024-06,Q2 2024
The Opal at Barker Cypress,2024-06-19,1.8271426641365147,0.8791208791208791,1.606279265174958,1.0,2024-06,Q2 2024
The Opal at Barker Cypress,2024-06-20,1.8240894378738393,0.8791208791208791,1.6035951102187598,1.0,2024-06,Q2 2024
The Opal at Barker Cypress,2024-06-21,1.8240894378738393,0.8791208791208791,1.6035951102187598,1.0,2024-06,Q2 2024
The Opal at Barker Cypress,2024-06-22,1.8240894378738393,0.8791208791208791,1.6035951102187598,1.0,2024-06,Q2 2024
The Opal at Barker Cypress,2024-06-23,1.8240894378738393,0.8763736263736264,1.5985838754993262,1.0,2024-06,Q2 2024
The Opal at Barker Cypress,2024-06-24,1.8240894378738393,0.8763736263736264,1.5985838754993262,1.0,2024-06,Q2 2024
The Opal at Barker Cypress,2024-06-25,1.8240894378738393,0.8763736263736264,1.5985838754993262,1.0,2024-06,Q2 2024
The Opal at Barker Cypress,2024-06-26,1.822911545071081,0.8763736263736264,1.5975516013122937,1.0,2024-06,Q2 2024
The Opal at Barker Cypress,2024-06-27,1.822911545071081,0.8791208791208791,1.6025596000624889,1.0,2024-06,Q2 2024
The Opal at Barker Cypress,2024-06-28,1.822911545071081,0.8763736263736264,1.5975516013122937,1.0,2024-06,Q2 2024
The Opal at Barker Cypress,2024-06-29,1.8201659270007133,0.8763736263736264,1.5951454140473285,1.0,2024-06,Q2 2024
The Opal at Barker Cypress,2024-06-30,1.8201659270007133,0.8763736263736264,1.5951454140473285,1.0,2024-06,Q2 2024
The Opal at Barker Cypress,2024-07-01,1.8201659270007133,0.8763736263736264,1.5951454140473285,1.0,2024-07,Q3 2024
The Opal at Barker Cypress,2024-07-02,1.8176458888121947,0.8763736263736264,1.5929369190414564,1.0,2024-07,Q3 2024
The Opal at Barker Cypress,2024-07-03,1.8176458888121947,0.8791208791208791,1.5979304517030282,1.0,2024-07,Q3 2024
The Opal at Barker Cypress,2024-07-04,1.8176458888121947,0.8791208791208791,1.5979304517030282,1.0,2024-07,Q3 2024
The Opal at Barker Cypress,2024-07-05,1.814433656107297,0.8791208791208791,1.5951065108635576,1.0,2024-07,Q3 2024
The Opal at Barker Cypress,2024-07-06,1.814433656107297,0.8818681318681318,1.6000912187100063,1.0,2024-07,Q3 2024
The Opal at Barker Cypress,2024-07-07,1.8137220730355414,0.8818681318681318,1.5994636962758484,1.0,2024-07,Q3 2024
The Opal at Barker Cypress,2024-07-08,1.8099532372928888,0.8846153846153846,1.6011124791437092,1.0,2024-07,Q3 2024
The Opal at Barker Cypress,2024-07-09,1.807284592560197,0.8873626373626373,1.6037168225190759,1.0,2024-07,Q3 2024
The Opal at Barker Cypress,2024-07-10,1.7996256903388652,0.8846153846153846,1.5919765722228423,1.0,2024-07,Q3 2024
The Opal at Barker Cypress,2024-07-11,1.7996256903388652,0.8928571428571429,1.6068086520882725,1.0,2024-07,Q3 2024
The Opal at Barker Cypress,2024-07-12,1.7949012291401025,0.8901098901098901,1.5976593358280033,1.0,2024-07,Q3 2024
The Opal at Barker Cypress,2024-07-13,1.7949012291401025,0.8956043956043956,1.6075214304936083,1.0,2024-07,Q3 2024
The Opal at Barker Cypress,2024-07-14,1.7925483718456368,0.8928571428571429,1.6004896177193186,1.0,2024-07,Q3 2024
The Opal at Barker Cypress,2024-07-15,1.7925483718456368,0.8956043956043956,1.605414201158455,1.0,2024-07,Q3 2024
The Opal at Barker Cypress,2024-07-16,1.7895661176300555,0.8901098901098901,1.5929105003080712,1.0,2024-07,Q3 2024
The Opal at Barker Cypress,2024-07-17,1.7872978350368403,0.8956043956043956,1.6007117973132141,1.0,2024-07,Q3 2024
The Opal at Barker Cypress,2024-07-18,1.7847758275506225,0.8983516483516484,1.603356306618279,1.0,2024-07,Q3 2024
The Opal at Barker Cypress,2024-07-19,1.7966483680112215,0.9038461538461539,1.6238937172409118,1.0,2024-07,Q3 2024
The Opal at Barker Cypress,2024-07-20,1.7966483680112215,0.9120879120879121,1.6387012587355096,1.0,2024-07,Q3 2024
The Opal at Barker Cypress,2024-07-21,1.794493555603758,0.9120879120879121,1.6367358803858452,1.0,2024-07,Q3 2024
The Opal at Barker Cypress,2024-07-22,1.7954609331823408,0.9148351648351648,1.6425507987629655,1.0,2024-07,Q3 2024
The Opal at Barker Cypress,2024-07-23,1.7954609331823408,0.9148351648351648,1.6425507987629655,1.0,2024-07,Q3 2024
The Opal at Barker Cypress,2024-07-24,1.7927602601163495,0.9148351648351648,1.6400801280734736,1.0,2024-07,Q3 2024
The Opal at Barker Cypress,2024-07-25,1.7818506180804585,0.9230769230769231,1.6447851859204234,1.0,2024-07,Q3 2024
The Opal at Barker Cypress,2024-07-26,1.7850022031759827,0.9340659340659341,1.6673097502193246,1.0,2024-07,Q3 2024
The Opal at Barker Cypress,2024-07-27,1.7837843768202513,0.9368131868131868,1.6710727266365542,1.0,2024-07,Q3 2024
The Opal at Barker Cypress,2024-07-28,1.7837843768202513,0.9423076923076923,1.680873739696006,1.0,2024-07,Q3 2024
The Opal at Barker Cypress,2024-07-29,1.7837843768202513,0.9423076923076923,1.680873739696006,1.0,2024-07,Q3 2024
The Opal at Barker Cypress,2024-07-30,1.7822813834902844,0.9395604395604396,1.67456108009252,1.0,2024-07,Q3 2024
The Opal at Barker Cypress,2024-07-31,1.7815707290856537,0.9395604395604396,1.6738933773277296,1.0,2024-07,Q3 2024
The Opal at Barker Cypress,2024-08-01,1.7815707290856537,0.9395604395604396,1.6738933773277296,1.0,2024-08,Q3 2024
The Opal at Barker Cypress,2024-08-02,1.7815707290856537,0.9368131868131868,1.668998952247824,1.0,2024-08,Q3 2024
The Opal at Barker Cypress,2024-08-03,1.7815707290856537,0.9368131868131868,1.668998952247824,1.0,2024-08,Q3 2024
The Opal at Barker Cypress,2024-08-04,1.778727587937142,0.9368131868131868,1.666335460127927,1.0,2024-08,Q3 2024
The Opal at Barker Cypress,2024-08-05,1.778727587937142,0.9395604395604396,1.6712220743805015,1.0,2024-08,Q3 2024
The Opal at Barker Cypress,2024-08-06,1.781557573980372,0.9395604395604396,1.6738810173112286,1.0,2024-08,Q3 2024
The Opal at Barker Cypress,2024-08-07,1.7857439740526544,0.945054945054945,1.6876261732805304,1.0,2024-08,Q3 2024
The Opal at Barker Cypress,2024-08-08,1.7857439740526544,0.9478021978021978,1.6925320633191367,1.0,2024-08,Q3 2024
The Opal at Barker Cypress,2024-08-09,1.7841814755710064,0.9478021978021978,1.6910511238241681,1.0,2024-08,Q3 2024
The Opal at Barker Cypress,2024-08-10,1.7825657720944328,0.9478021978021978,1.689519756518075,1.0,2024-08,Q3 2024
The Opal at Barker Cypress,2024-08-11,1.7825657720944328,0.9505494505494505,1.69441691523262,1.0,2024-08,Q3 2024
The Opal at Barker Cypress,2024-08-12,1.7825657720944328,0.9505494505494505,1.69441691523262,1.0,2024-08,Q3 2024
The Opal at Barker Cypress,2024-08-13,1.7825657720944328,0.9505494505494505,1.69441691523262,1.0,2024-08,Q3 2024
The Opal at Barker Cypress,2024-08-14,1.7792297094192713,0.9505494505494505,1.6912458226897469,1.0,2024-08,Q3 2024
The Opal at Barker Cypress,2024-08-15,1.7792297094192713,0.9505494505494505,1.6912458226897469,1.0,2024-08,Q3 2024
The Opal at Barker Cypress,2024-08-16,1.7792297094192713,0.9478021978021978,1.686357828982551,1.0,2024-08,Q3 2024
The Opal at Barker Cypress,2024-08-17,1.7792297094192713,0.9478021978021978,1.686357828982551,1.0,2024-08,Q3 2024
The Opal at Barker Cypress,2024-08-18,1.7792297094192713,0.9478021978021978,1.686357828982551,1.0,2024-08,Q3 2024
The Opal at Barker Cypress,2024-08-19,1.7792297094192713,0.9478021978021978,1.686357828982551,1.0,2024-08,Q3 2024
The Opal at Barker Cypress,2024-08-20,1.7792297094192713,0.945054945054945,1.6814698352753552,1.0,2024-08,Q3 2024
The Opal at Barker Cypress,2024-08-21,1.7792297094192713,0.9395604395604396,1.6716938478609638,1.0,2024-08,Q3 2024
The Opal at Barker Cypress,2024-08-22,1.7792297094192713,0.9340659340659341,1.661917860446572,1.0,2024-08,Q3 2024
The Opal at Barker Cypress,2024-08-23,1.7788255151858046,0.9313186813186813,1.6566534330988674,1.0,2024-08,Q3 2024
The Opal at Barker Cypress,2024-08-24,1.7787893811874798,0.9340659340659341,1.6615065648454481,1.0,2024-08,Q3 2024
The Opal at Barker Cypress,2024-08-25,1.7787893811874798,0.9368131868131868,1.6663933488596994,1.0,2024-08,Q3 2024
The Opal at Barker Cypress,2024-08-26,1.7787893811874798,0.9368131868131868,1.6663933488596994,1.0,2024-08,Q3 2024
The Opal at Barker Cypress,2024-08-27,1.7787893811874798,0.9340659340659341,1.6615065648454481,1.0,2024-08,Q3 2024
The Opal at Barker Cypress,2024-08-28,1.7791687881698868,0.9313186813186813,1.6569731296417352,1.0,2024-08,Q3 2024
The Opal at Barker Cypress,2024-08-29,1.7793675251606713,0.9313186813186813,1.6571582171139219,1.0,2024-08,Q3 2024
The Opal at Barker Cypress,2024-08-30,1.7793675251606713,0.9313186813186813,1.6571582171139219,1.0,2024-08,Q3 2024
The Opal at Barker Cypress,2024-08-31,1.7783081955773967,0.9285714285714286,1.6512861816075828,1.0,2024-08,Q3 2024
The Opal at Barker Cypress,2024-09-01,1.7783081955773967,0.9285714285714286,1.6512861816075828,1.0,2024-09,Q3 2024
The Opal at Barker Cypress,2024-09-02,1.7789816255293773,0.9258241758241759,1.6470241972620885,1.0,2024-09,Q3 2024
The Opal at Barker Cypress,2024-09-03,1.7789816255293773,0.9285714285714286,1.6519115094201362,1.0,2024-09,Q3 2024
The Opal at Barker Cypress,2024-09-04,1.7790896624200696,0.9285714285714286,1.6520118293900647,1.0,2024-09,Q3 2024
The Opal at Barker Cypress,2024-09-05,1.7790896624200696,0.9313186813186813,1.656899438352757,1.0,2024-09,Q3 2024
The Opal at Barker Cypress,2024-09-06,1.7790896624200696,0.9313186813186813,1.656899438352757,1.0,2024-09,Q3 2024
The Opal at Barker Cypress,2024-09-07,1.7790896624200696,0.9313186813186813,1.656899438352757,1.0,2024-09,Q3 2024
The Opal at Barker Cypress,2024-09-08,1.7790896624200696,0.9313186813186813,1.656899438352757,1.0,2024-09,Q3 2024
The Opal at Barker Cypress,2024-09-09,1.7800908042738166,0.9313186813186813,1.6578318204638018,1.0,2024-09,Q3 2024
The Opal at Barker Cypress,2024-09-10,1.7800908042738166,0.9340659340659341,1.6627221798162024,1.0,2024-09,Q3 2024
The Opal at Barker Cypress,2024-09-11,1.7800908042738166,0.9340659340659341,1.6627221798162024,1.0,2024-09,Q3 2024
The Opal at Barker Cypress,2024-09-12,1.7800908042738166,0.9313186813186813,1.6578318204638018,1.0,2024-09,Q3 2024
The Opal at Barker Cypress,2024-09-13,1.7800908042738166,0.9313186813186813,1.6578318204638018,1.0,2024-09,Q3 2024
The Opal at Barker Cypress,2024-09-14,1.7800908042738166,0.9313186813186813,1.6578318204638018,1.0,2024-09,Q3 2024
The Opal at Barker Cypress,2024-09-15,1.7804509272427902,0.9313186813186813,1.6581672097123787,1.0,2024-09,Q3 2024
The Opal at Barker Cypress,2024-09-16,1.7807059865637969,0.9340659340659341,1.6632968006365136,1.0,2024-09,Q3 2024
The Opal at Barker Cypress,2024-09-17,1.7796804183001163,0.9313186813186813,1.6574496203399434,1.0,2024-09,Q3 2024
The Opal at Barker Cypress,2024-09-18,1.7796804183001163,0.9340659340659341,1.6623388522583504,1.0,2024-09,Q3 2024
The Opal at Barker Cypress,2024-09-19,1.7802786286770695,0.9313186813186813,1.6580067448393587,1.0,2024-09,Q3 2024
The Opal at Barker Cypress,2024-09-20,1.7802786286770695,0.9313186813186813,1.6580067448393587,1.0,2024-09,Q3 2024
The Opal at Barker Cypress,2024-09-21,1.7840373794872428,0.9258241758241759,1.651704936503299,1.0,2024-09,Q3 2024
The Opal at Barker Cypress,2024-09-22,1.7824229643181797,0.9340659340659341,1.6649005710664315,1.0,2024-09,Q3 2024
The Opal at Barker Cypress,2024-09-23,1.7824229643181797,0.9368131868131868,1.669797337451921,1.0,2024-09,Q3 2024
The Opal at Barker Cypress,2024-09-24,1.7824229643181797,0.9368131868131868,1.669797337451921,1.0,2024-09,Q3 2024
The Opal at Barker Cypress,2024-09-25,1.7824229643181797,0.9368131868131868,1.669797337451921,1.0,2024-09,Q3 2024
The Opal at Barker Cypress,2024-09-26,1.7824229643181797,0.9368131868131868,1.669797337451921,1.0,2024-09,Q3 2024
The Opal at Barker Cypress,2024-09-27,1.7824229643181797,0.9395604395604396,1.6746941038374106,1.0,2024-09,Q3 2024
The Opal at Barker Cypress,2024-09-28,1.7831335786146039,0.9395604395604396,1.6753617689181168,1.0,2024-09,Q3 2024
The Opal at Barker Cypress,2024-09-29,1.7832221076843997,0.9423076923076923,1.6803439091641459,1.0,2024-09,Q3 2024
The Opal at Barker Cypress,2024-09-30,1.7832221076843997,0.945054945054945,1.6852428709984437,1.0,2024-09,Q3 2024
The Opal at Barker Cypress,2024-10-01,1.7886997611544493,0.9423076923076923,1.6855055441647695,1.0,2024-10,Q4 2024
The Opal at Barker Cypress,2024-10-02,1.7886997611544493,0.945054945054945,1.6904195544976113,1.0,2024-10,Q4 2024
The Opal at Barker Cypress,2024-10-03,1.7886997611544493,0.9423076923076923,1.6855055441647695,1.0,2024-10,Q4 2024
The Opal at Barker Cypress,2024-10-04,1.7886997611544493,0.9395604395604396,1.6805915338319277,1.0,2024-10,Q4 2024
The Opal at Barker Cypress,2024-10-05,1.7886997611544493,0.9395604395604396,1.6805915338319277,1.0,2024-10,Q4 2024
The Opal at Barker Cypress,2024-10-06,1.7886997611544493,0.9395604395604396,1.6805915338319277,1.0,2024-10,Q4 2024
The Opal at Barker Cypress,2024-10-07,1.7886997611544493,0.9395604395604396,1.6805915338319277,1.0,2024-10,Q4 2024
The Opal at Barker Cypress,2024-10-08,1.7886997611544493,0.9395604395604396,1.6805915338319277,1.0,2024-10,Q4 2024
The Opal at Barker Cypress,2024-10-09,1.788893087020153,0.9395604395604396,1.6807731751672865,1.0,2024-10,Q4 2024
The Opal at Barker Cypress,2024-10-10,1.788893087020153,0.9423076923076923,1.685687716615144,1.0,2024-10,Q4 2024
The Opal at Barker Cypress,2024-10-11,1.788893087020153,0.9423076923076923,1.685687716615144,1.0,2024-10,Q4 2024
The Opal at Barker Cypress,2024-10-12,1.788893087020153,0.9368131868131868,1.675858633719429,1.0,2024-10,Q4 2024
The Opal at Barker Cypress,2024-10-13,1.788893087020153,0.9368131868131868,1.675858633719429,1.0,2024-10,Q4 2024
The Opal at Barker Cypress,2024-10-14,1.788893087020153,0.9368131868131868,1.675858633719429,1.0,2024-10,Q4 2024
The Opal at Barker Cypress,2024-10-15,1.7871391995552441,0.9368131868131868,1.674215568814116,1.0,2024-10,Q4 2024
The Opal at Barker Cypress,2024-10-16,1.7871391995552441,0.9368131868131868,1.674215568814116,1.0,2024-10,Q4 2024
The Opal at Barker Cypress,2024-10-17,1.7931880964182005,0.9340659340659341,1.6749559142367807,1.0,2024-10,Q4 2024
The Opal at Barker Cypress,2024-10-18,1.7931880964182005,0.9368131868131868,1.6798822551610066,1.0,2024-10,Q4 2024
The Opal at Barker Cypress,2024-10-19,1.7931880964182005,0.9368131868131868,1.6798822551610066,1.0,2024-10,Q4 2024
The Opal at Barker Cypress,2024-10-20,1.790522322153111,0.9423076923076923,1.6872229574135085,1.0,2024-10,Q4 2024
The Opal at Barker Cypress,2024-10-21,1.790522322153111,0.945054945054945,1.692141974782061,1.0,2024-10,Q4 2024
The Opal at Barker Cypress,2024-10-22,1.7904011098590857,0.945054945054945,1.692027422504191,1.0,2024-10,Q4 2024
The Opal at Barker Cypress,2024-10-23,1.7904011098590857,0.9478021978021978,1.6969461068719356,1.0,2024-10,Q4 2024
The Opal at Barker Cypress,2024-10-24,1.7904011098590857,0.945054945054945,1.692027422504191,1.0,2024-10,Q4 2024
The Opal at Barker Cypress,2024-10-25,1.7904011098590857,0.945054945054945,1.692027422504191,1.0,2024-10,Q4 2024
The Opal at Barker Cypress,2024-10-26,1.7904011098590857,0.945054945054945,1.692027422504191,1.0,2024-10,Q4 2024
The Opal at Barker Cypress,2024-10-27,1.7904184259010891,0.945054945054945,1.692043787115315,1.0,2024-10,Q4 2024
The Opal at Barker Cypress,2024-10-28,1.7904184259010891,0.9478021978021978,1.6969625190546036,1.0,2024-10,Q4 2024
The Opal at Barker Cypress,2024-10-29,1.7904184259010891,0.945054945054945,1.692043787115315,1.0,2024-10,Q4 2024
The Opal at Barker Cypress,2024-10-30,1.7953770196200265,0.945054945054945,1.696729930629915,1.0,2024-10,Q4 2024
The Opal at Barker Cypress,2024-10-31,1.7953082557039597,0.9478021978021978,1.7015971104886431,1.0,2024-10,Q4 2024
The Opal at Barker Cypress,2024-11-01,1.7953082557039597,0.9478021978021978,1.7015971104886431,1.0,2024-11,Q4 2024
The Opal at Barker Cypress,2024-11-02,1.7953082557039597,0.9478021978021978,1.7015971104886431,1.0,2024-11,Q4 2024
The Opal at Barker Cypress,2024-11-03,1.798153671648814,0.9478021978021978,1.7042940019748374,1.0,2024-11,Q4 2024
The Opal at Barker Cypress,2024-11-04,1.798153671648814,0.9505494505494505,1.7092339845892572,1.0,2024-11,Q4 2024
The Opal at Barker Cypress,2024-11-05,1.798153671648814,0.945054945054945,1.6993540193604175,1.0,2024-11,Q4 2024
The Opal at Barker Cypress,2024-11-06,1.798153671648814,0.945054945054945,1.6993540193604175,1.0,2024-11,Q4 2024
The Opal at Barker Cypress,2024-11-07,1.7991599852156126,0.9423076923076923,1.6953622937608657,1.0,2024-11,Q4 2024
The Opal at Barker Cypress,2024-11-08,1.7991599852156126,0.9532967032967032,1.7151332826093888,1.0,2024-11,Q4 2024
The Opal at Barker Cypress,2024-11-09,1.7991599852156126,0.9532967032967032,1.7151332826093888,1.0,2024-11,Q4 2024
The Opal at Barker Cypress,2024-11-10,1.797397483284526,0.9532967032967032,1.71345309532893,1.0,2024-11,Q4 2024
The Opal at Barker Cypress,2024-11-11,1.797397483284526,0.9560439560439561,1.7183910005027887,1.0,2024-11,Q4 2024
The Opal at Barker Cypress,2024-11-12,1.797397483284526,0.9560439560439561,1.7183910005027887,1.0,2024-11,Q4 2024
The Opal at Barker Cypress,2024-11-13,1.797397483284526,0.9532967032967032,1.71345309532893,1.0,2024-11,Q4 2024
The Opal at Barker Cypress,2024-11-14,1.797397483284526,0.9532967032967032,1.71345309532893,1.0,2024-11,Q4 2024
The Opal at Barker Cypress,2024-11-15,1.797397483284526,0.9532967032967032,1.71345309532893,1.0,2024-11,Q4 2024
The Opal at Barker Cypress,2024-11-16,1.797397483284526,0.9532967032967032,1.71345309532893,1.0,2024-11,Q4 2024
The Opal at Barker Cypress,2024-11-17,1.797397483284526,0.9532967032967032,1.71345309532893,1.0,2024-11,Q4 2024
The Opal at Barker Cypress,2024-11-18,1.797397483284526,0.9532967032967032,1.71345309532893,1.0,2024-11,Q4 2024
The Opal at Barker Cypress,2024-11-19,1.7973467266649794,0.9505494505494505,1.7084669434782496,1.0,2024-11,Q4 2024
The Opal at Barker Cypress,2024-11-20,1.7973467266649794,0.9505494505494505,1.7084669434782496,1.0,2024-11,Q4 2024
The Opal at Barker Cypress,2024-11-21,1.7973467266649794,0.9478021978021978,1.7035291777456536,1.0,2024-11,Q4 2024
The Opal at Barker Cypress,2024-11-22,1.7973467266649794,0.9423076923076923,1.6936536462804614,1.0,2024-11,Q4 2024
The Opal at Barker Cypress,2024-11-23,1.7973467266649794,0.945054945054945,1.6985914120130574,1.0,2024-11,Q4 2024
The Opal at Barker Cypress,2024-11-24,1.7973467266649794,0.945054945054945,1.6985914120130574,1.0,2024-11,Q4 2024
The Opal at Barker Cypress,2024-11-25,1.8010380142896756,0.945054945054945,1.7020798816363967,1.0,2024-11,Q4 2024
The Opal at Barker Cypress,2024-11-26,1.8010380142896756,0.9423076923076923,1.6971319750037328,1.0,2024-11,Q4 2024
The Opal at Barker Cypress,2024-11-27,1.8010380142896756,0.9395604395604396,1.6921840683710687,1.0,2024-11,Q4 2024
The Opal at Barker Cypress,2024-11-28,1.8010380142896756,0.9340659340659341,1.682288255105741,1.0,2024-11,Q4 2024
The Opal at Barker Cypress,2024-11-29,1.8010380142896756,0.9340659340659341,1.682288255105741,1.0,2024-11,Q4 2024
The Opal at Barker Cypress,2024-11-30,1.8010380142896756,0.9340659340659341,1.682288255105741,1.0,2024-11,Q4 2024
The Opal at Barker Cypress,2024-12-01,1.8010380142896756,0.9340659340659341,1.682288255105741,1.0,2024-12,Q4 2024
The Opal at Barker Cypress,2024-12-02,1.8010380142896756,0.9340659340659341,1.682288255105741,1.0,2024-12,Q4 2024
The Opal at Barker Cypress,2024-12-03,1.7993692351521164,0.9313186813186813,1.6757861832872734,1.0,2024-12,Q4 2024
The Opal at Barker Cypress,2024-12-04,1.7991680673592614,0.9340659340659341,1.6805416013795298,1.0,2024-12,Q4 2024
The Opal at Barker Cypress,2024-12-05,1.7991680673592614,0.9368131868131868,1.685484370795352,1.0,2024-12,Q4 2024
The Opal at Barker Cypress,2024-12-06,1.7999200363442547,0.9340659340659341,1.6812439899918863,1.0,2024-12,Q4 2024
The Opal at Barker Cypress,2024-12-07,1.7977405624702754,0.9340659340659341,1.6792082176920156,1.0,2024-12,Q4 2024
The Opal at Barker Cypress,2024-12-08,1.7977405624702754,0.9368131868131868,1.6841470653911097,1.0,2024-12,Q4 2024
The Opal at Barker Cypress,2024-12-09,1.7977405624702754,0.9368131868131868,1.6841470653911097,1.0,2024-12,Q4 2024
The Opal at Barker Cypress,2024-12-10,1.7977405624702754,0.9340659340659341,1.6792082176920156,1.0,2024-12,Q4 2024
The Opal at Barker Cypress,2024-12-11,1.7977405624702754,0.9340659340659341,1.6792082176920156,1.0,2024-12,Q4 2024
The Opal at Barker Cypress,2024-12-12,1.7977405624702754,0.9313186813186813,1.6742693699929214,1.0,2024-12,Q4 2024
The Opal at Barker Cypress,2024-12-13,1.796011401593645,0.9313186813186813,1.6726589701655101,1.0,2024-12,Q4 2024
The Opal at Barker Cypress,2024-12-14,1.796011401593645,0.9313186813186813,1.6726589701655101,1.0,2024-12,Q4 2024
The Opal at Barker Cypress,2024-12-15,1.796011401593645,0.9313186813186813,1.6726589701655101,1.0,2024-12,Q4 2024
The Opal at Barker Cypress,2024-12-16,1.796011401593645,0.9313186813186813,1.6726589701655101,1.0,2024-12,Q4 2024
The Opal at Barker Cypress,2024-12-17,1.796011401593645,0.9285714285714286,1.6677248729083847,1.0,2024-12,Q4 2024
The Opal at Barker Cypress,2024-12-18,1.796011401593645,0.9285714285714286,1.6677248729083847,1.0,2024-12,Q4 2024
The Opal at Barker Cypress,2024-12-19,1.7958782518695002,0.9285714285714286,1.6676012338788218,1.0,2024-12,Q4 2024
The Opal at Barker Cypress,2024-12-20,1.7958782518695002,0.9313186813186813,1.6725349653400017,1.0,2024-12,Q4 2024
The Opal at Barker Cypress,2024-12-21,1.7958782518695002,0.9285714285714286,1.6676012338788218,1.0,2024-12,Q4 2024
The Opal at Barker Cypress,2024-12-22,1.7958782518695002,0.9285714285714286,1.6676012338788218,1.0,2024-12,Q4 2024
The Opal at Barker Cypress,2024-12-23,1.7958782518695002,0.9285714285714286,1.6676012338788218,1.0,2024-12,Q4 2024
The Opal at Barker Cypress,2024-12-24,1.7958782518695002,0.9285714285714286,1.6676012338788218,1.0,2024-12,Q4 2024
The Opal at Barker Cypress,2024-12-25,1.7958782518695002,0.9285714285714286,1.6676012338788218,1.0,2024-12,Q4 2024
The Opal at Barker Cypress,2024-12-26,1.7958782518695002,0.9285714285714286,1.6676012338788218,1.0,2024-12,Q4 2024
The Opal at Barker Cypress,2024-12-27,1.7958782518695002,0.9230769230769231,1.657733770956462,1.0,2024-12,Q4 2024
The Opal at Barker Cypress,2024-12-28,1.7958782518695002,0.9175824175824175,1.6478663080341018,1.0,2024-12,Q4 2024
The Opal at Barker Cypress,2024-12-29,1.7942106528422077,0.9148351648351648,1.6414069983419097,1.0,2024-12,Q4 2024
The Opal at Barker Cypress,2024-12-30,1.7942106528422077,0.9175824175824175,1.6463361484870807,1.0,2024-12,Q4 2024
The Opal at Barker Cypress,2024-12-31,1.7942106528422077,0.9148351648351648,1.6414069983419097,1.0,2024-12,Q4 2024
The Opal at Barker Cypress,2025-01-01,1.7942106528422077,0.9148351648351648,1.6414069983419097,1.0,2025-01,Q1 2025
The Opal at Barker Cypress,2025-01-02,1.7942106528422077,0.9148351648351648,1.6414069983419097,1.0,2025-01,Q1 2025
The Opal at Barker Cypress,2025-01-03,1.7942106528422077,0.9148351648351648,1.6414069983419097,1.0,2025-01,Q1 2025
The Opal at Barker Cypress,2025-01-04,1.7942106528422077,0.9148351648351648,1.6414069983419097,1.0,2025-01,Q1 2025
The Opal at Barker Cypress,2025-01-05,1.7942106528422077,0.9148351648351648,1.6414069983419097,1.0,2025-01,Q1 2025
The Opal at Barker Cypress,2025-01-06,1.7927358533224556,0.9148351648351648,1.6400577998801584,1.0,2025-01,Q1 2025
The Opal at Barker Cypress,2025-01-07,1.7927358533224556,0.9148351648351648,1.6400577998801584,1.0,2025-01,Q1 2025
The Opal at Barker Cypress,2025-01-08,1.79341047131658,0.9120879120879121,1.6357480122997377,1.0,2025-01,Q1 2025
The Opal at Barker Cypress,2025-01-09,1.794085089310704,0.9120879120879121,1.6363633232174553,1.0,2025-01,Q1 2025
The Opal at Barker Cypress,2025-01-10,1.794085089310704,0.9093406593406593,1.6314345180270413,1.0,2025-01,Q1 2025
The Opal at Barker Cypress,2025-01-11,1.794085089310704,0.9065934065934066,1.6265057128366274,1.0,2025-01,Q1 2025
The Opal at Barker Cypress,2025-01-12,1.794085089310704,0.9065934065934066,1.6265057128366274,1.0,2025-01,Q1 2025
The Opal at Barker Cypress,2025-01-13,1.794085089310704,0.9065934065934066,1.6265057128366274,1.0,2025-01,Q1 2025
The Opal at Barker Cypress,2025-01-14,1.794085089310704,0.9065934065934066,1.6265057128366274,1.0,2025-01,Q1 2025
The Opal at Barker Cypress,2025-01-15,1.794085089310704,0.9010989010989011,1.6166481024557993,1.0,2025-01,Q1 2025
The Opal at Barker Cypress,2025-01-16,1.794448853915379,0.9010989010989011,1.6169758903413305,1.0,2025-01,Q1 2025
The Opal at Barker Cypress,2025-01-17,1.794448853915379,0.9038461538461539,1.621905694885054,1.0,2025-01,Q1 2025
The Opal at Barker Cypress,2025-01-18,1.7944878900565946,0.9010989010989011,1.617011065765283,1.0,2025-01,Q1 2025
The Opal at Barker Cypress,2025-01-19,1.7946830707626737,0.9038461538461539,1.6221173908816475,1.0,2025-01,Q1 2025
The Opal at Barker Cypress,2025-01-20,1.792911090592579,0.9065934065934066,1.625441373339426,1.0,2025-01,Q1 2025
The Opal at Barker Cypress,2025-01-21,1.792911090592579,0.9175824175824175,1.6451436930162673,1.0,2025-01,Q1 2025
The Opal at Barker Cypress,2025-01-22,1.792911090592579,0.9175824175824175,1.6451436930162673,1.0,2025-01,Q1 2025
The Opal at Barker Cypress,2025-01-23,1.792911090592579,0.9175824175824175,1.6451436930162673,1.0,2025-01,Q1 2025
The Opal at Barker Cypress,2025-01-24,1.792911090592579,0.9175824175824175,1.6451436930162673,1.0,2025-01,Q1 2025
The Opal at Barker Cypress,2025-01-25,1.792911090592579,0.9175824175824175,1.6451436930162673,1.0,2025-01,Q1 2025
The Opal at Barker Cypress,2025-01-26,1.792911090592579,0.9175824175824175,1.6451436930162673,1.0,2025-01,Q1 2025
The Opal at Barker Cypress,2025-01-27,1.792911090592579,0.9175824175824175,1.6451436930162673,1.0,2025-01,Q1 2025
The Opal at Barker Cypress,2025-01-28,1.792911090592579,0.9148351648351648,1.640218113097057,1.0,2025-01,Q1 2025
The Opal at Barker Cypress,2025-01-29,1.792911090592579,0.9065934065934066,1.625441373339426,1.0,2025-01,Q1 2025
The Opal at Barker Cypress,2025-01-30,1.792911090592579,0.9065934065934066,1.625441373339426,1.0,2025-01,Q1 2025
The Opal at Barker Cypress,2025-01-31,1.7938187579376683,0.9065934065934066,1.6262642585698641,1.0,2025-01,Q1 2025
The Opal at Barker Cypress,2025-02-01,1.7938187579376683,0.9093406593406593,1.6311923320806818,1.0,2025-02,Q1 2025
The Opal at Barker Cypress,2025-02-02,1.7938187579376683,0.9065934065934066,1.6262642585698641,1.0,2025-02,Q1 2025
The Opal at Barker Cypress,2025-02-03,1.7938187579376683,0.9065934065934066,1.6262642585698641,1.0,2025-02,Q1 2025
The Opal at Barker Cypress,2025-02-04,1.7968157280960082,0.9038461538461539,1.6240449850098535,1.0,2025-02,Q1 2025
The Opal at Barker Cypress,2025-02-05,1.7968157280960082,0.9093406593406593,1.633917598900491,1.0,2025-02,Q1 2025
The Opal at Barker Cypress,2025-02-06,1.7980154022088062,0.9093406593406593,1.6350085113492165,1.0,2025-02,Q1 2025
The Opal at Barker Cypress,2025-02-07,1.7956615359948989,0.9120879120879121,1.6378011811821604,1.0,2025-02,Q1 2025
The Opal at Barker Cypress,2025-02-08,1.7956615359948989,0.9093406593406593,1.6328680450942623,1.0,2025-02,Q1 2025
The Opal at Barker Cypress,2025-02-09,1.7956615359948989,0.9093406593406593,1.6328680450942623,1.0,2025-02,Q1 2025
The Opal at Barker Cypress,2025-02-10,1.7956615359948989,0.9093406593406593,1.6328680450942623,1.0,2025-02,Q1 2025
The Opal at Barker Cypress,2025-02-11,1.7956615359948989,0.9093406593406593,1.6328680450942623,1.0,2025-02,Q1 2025
The Opal at Barker Cypress,2025-02-12,1.7956615359948989,0.9038461538461539,1.6230017729184663,1.0,2025-02,Q1 2025
The Opal at Barker Cypress,2025-02-13,1.7960022683437107,0.9038461538461539,1.623309742541431,1.0,2025-02,Q1 2025
The Opal at Barker Cypress,2025-02-14,1.7939881391575871,0.9065934065934066,1.6264178184670433,1.0,2025-02,Q1 2025
The Opal at Barker Cypress,2025-02-15,1.7939881391575871,0.9065934065934066,1.6264178184670433,1.0,2025-02,Q1 2025
The Opal at Barker Cypress,2025-02-16,1.7939881391575871,0.9065934065934066,1.6264178184670433,1.0,2025-02,Q1 2025
The Opal at Barker Cypress,2025-02-17,1.796862114303579,0.9065934065934066,1.6290233453851128,1.0,2025-02,Q1 2025
The Opal at Barker Cypress,2025-02-18,1.796862114303579,0.9065934065934066,1.6290233453851128,1.0,2025-02,Q1 2025
The Opal at Barker Cypress,2025-02-19,1.796862114303579,0.9065934065934066,1.6290233453851128,1.0,2025-02,Q1 2025
The Opal at Barker Cypress,2025-02-20,1.7972035313354717,0.9065934065934066,1.6293328718151254,1.0,2025-02,Q1 2025
The Opal at Barker Cypress,2025-02-21,1.7972035313354717,0.9093406593406593,1.6342702441539592,1.0,2025-02,Q1 2025
The Opal at Barker Cypress,2025-02-22,1.793643469367919,0.9065934065934066,1.6261053431082784,1.0,2025-02,Q1 2025
The Opal at Barker Cypress,2025-02-23,1.793643469367919,0.9120879120879121,1.635960527005904,1.0,2025-02,Q1 2025
The Opal at Barker Cypress,2025-02-24,1.793643469367919,0.9120879120879121,1.635960527005904,1.0,2025-02,Q1 2025
The Opal at Barker Cypress,2025-02-25,1.793643469367919,0.9120879120879121,1.635960527005904,1.0,2025-02,Q1 2025
The Opal at Barker Cypress,2025-02-26,1.7957511015166066,0.9065934065934066,1.6280161085178027,1.0,2025-02,Q1 2025
The Opal at Barker Cypress,2025-02-27,1.7957511015166066,0.9065934065934066,1.6280161085178027,1.0,2025-02,Q1 2025
The Opal at Barker Cypress,2025-02-28,1.7957511015166066,0.9010989010989011,1.6181493442237553,1.0,2025-02,Q1 2025
The Opal at Barker Cypress,2025-03-01,1.7957511015166066,0.9010989010989011,1.6181493442237553,1.0,2025-03,Q1 2025
The Opal at Barker Cypress,2025-03-02,1.793660343094905,0.9010989010989011,1.6162653641074969,1.0,2025-03,Q1 2025
The Opal at Barker Cypress,2025-03-03,1.793104900532419,0.9038461538461539,1.6206909677889172,1.0,2025-03,Q1 2025
The Opal at Barker Cypress,2025-03-04,1.793104900532419,0.9093406593406593,1.6305431925171174,1.0,2025-03,Q1 2025
The Opal at Barker Cypress,2025-03-05,1.7929629356295418,0.9038461538461539,1.6205626533574704,1.0,2025-03,Q1 2025
The Opal at Barker Cypress,2025-03-06,1.7929629356295418,0.9065934065934066,1.6254883757081011,1.0,2025-03,Q1 2025
The Opal at Barker Cypress,2025-03-07,1.7929629356295418,0.9038461538461539,1.6205626533574704,1.0,2025-03,Q1 2025
The Opal at Barker Cypress,2025-03-08,1.7942928614337748,0.9038461538461539,1.6217647016805272,1.0,2025-03,Q1 2025
The Opal at Barker Cypress,2025-03-09,1.7942928614337748,0.9120879120879121,1.636552829659377,1.0,2025-03,Q1 2025
The Opal at Barker Cypress,2025-03-10,1.7942928614337748,0.9120879120879121,1.636552829659377,1.0,2025-03,Q1 2025
The Opal at Barker Cypress,2025-03-11,1.7942928614337748,0.9120879120879121,1.636552829659377,1.0,2025-03,Q1 2025
The Opal at Barker Cypress,2025-03-12,1.792741798424733,0.9120879120879121,1.6351381238379432,1.0,2025-03,Q1 2025
The Opal at Barker Cypress,2025-03-13,1.7917919396317978,0.9148351648351648,1.6391942744433754,1.0,2025-03,Q1 2025
The Opal at Barker Cypress,2025-03-14,1.7917139970155016,0.9148351648351648,1.6391229697971483,1.0,2025-03,Q1 2025
The Opal at Barker Cypress,2025-03-15,1.7917139970155016,0.9148351648351648,1.6391229697971483,1.0,2025-03,Q1 2025
The Opal at Barker Cypress,2025-03-16,1.7917139970155016,0.9148351648351648,1.6391229697971483,1.0,2025-03,Q1 2025
The Opal at Barker Cypress,2025-03-17,1.7917139970155016,0.9148351648351648,1.6391229697971483,1.0,2025-03,Q1 2025
The Opal at Barker Cypress,2025-03-18,1.791726467834109,0.9148351648351648,1.6391343785405446,1.0,2025-03,Q1 2025
The Opal at Barker Cypress,2025-03-19,1.7902543787606324,0.9148351648351648,1.6377876596903587,1.0,2025-03,Q1 2025
The Opal at Barker Cypress,2025-03-20,1.7902543787606324,0.9148351648351648,1.6377876596903587,1.0,2025-03,Q1 2025
The Opal at Barker Cypress,2025-03-21,1.7902543787606324,0.9148351648351648,1.6377876596903587,1.0,2025-03,Q1 2025
The Opal at Barker Cypress,2025-03-22,1.7902543787606324,0.9120879120879121,1.6328693784300274,1.0,2025-03,Q1 2025
The Opal at Barker Cypress,2025-03-23,1.7902543787606324,0.9120879120879121,1.6328693784300274,1.0,2025-03,Q1 2025
The Opal at Barker Cypress,2025-03-24,1.7927185962650847,0.9120879120879121,1.6351169614285936,1.0,2025-03,Q1 2025
The Opal at Barker Cypress,2025-03-25,1.7912058674432205,0.9120879120879121,1.6337372197559044,1.0,2025-03,Q1 2025
The Opal at Barker Cypress,2025-03-26,1.7912058674432205,0.9175824175824175,1.6435790102363617,1.0,2025-03,Q1 2025
The Opal at Barker Cypress,2025-03-27,1.7936432353770424,0.9175824175824175,1.6458154961976157,1.0,2025-03,Q1 2025
The Opal at Barker Cypress,2025-03-28,1.793658599828176,0.9148351648351648,1.6409019608318203,1.0,2025-03,Q1 2025
The Opal at Barker Cypress,2025-03-29,1.793658599828176,0.9175824175824175,1.6458295943478318,1.0,2025-03,Q1 2025
The Opal at Barker Cypress,2025-03-30,1.793658599828176,0.9175824175824175,1.6458295943478318,1.0,2025-03,Q1 2025
The Opal at Barker Cypress,2025-03-31,1.7928605888721993,0.9175824175824175,1.6450973535255895,1.0,2025-03,Q1 2025
The Opal at Barker Cypress,2025-04-01,1.7957332888836708,0.9203296703296704,1.6526666257583236,1.0,2025-04,Q2 2025
The Opal at Barker Cypress,2025-04-02,1.7945310307703457,0.9230769230769231,1.65649018224955,1.0,2025-04,Q2 2025
The Opal at Barker Cypress,2025-04-03,1.7941856478497045,0.9258241758241759,1.6611004486960177,1.0,2025-04,Q2 2025
The Opal at Barker Cypress,2025-04-04,1.7928001860207494,0.9285714285714286,1.6647430298764103,1.0,2025-04,Q2 2025
The Opal at Barker Cypress,2025-04-05,1.795509114850518,0.9313186813186813,1.6721911811382573,1.0,2025-04,Q2 2025
The Opal at Barker Cypress,2025-04-06,1.7954377762193587,0.9340659340659341,1.6770572635015988,1.0,2025-04,Q2 2025
The Opal at Barker Cypress,2025-04-07,1.7954377762193587,0.9368131868131868,1.6819897848648389,1.0,2025-04,Q2 2025
The Opal at Barker Cypress,2025-04-08,1.7940391549819794,0.9340659340659341,1.6757508590491017,1.0,2025-04,Q2 2025
The Opal at Barker Cypress,2025-04-09,1.7940391549819794,0.9395604395604396,1.685608217043508,1.0,2025-04,Q2 2025
The Opal at Barker Cypress,2025-04-10,1.7963310192864146,0.9340659340659341,1.6778916114213762,1.0,2025-04,Q2 2025
The Opal at Barker Cypress,2025-04-11,1.796930989807036,0.9395604395604396,1.6883252706428744,1.0,2025-04,Q2 2025
The Opal at Barker Cypress,2025-04-12,1.7974332758903278,0.9423076923076923,1.6937352022812704,1.0,2025-04,Q2 2025
The Opal at Barker Cypress,2025-04-13,1.80148478640598,0.945054945054945,1.7025021058342227,1.0,2025-04,Q2 2025
Lakefront Villas,2023-10-06,1.393214603248465,0.9273504273504274,1.2919981577133202,1.0,2023-10,Q4 2023
Lakefront Villas,2023-10-07,1.3917084878701094,0.9316239316239316,1.2965489331439481,1.0,2023-10,Q4 2023
Lakefront Villas,2023-10-08,1.3917084878701094,0.9358974358974359,1.302496405314333,1.0,2023-10,Q4 2023
Lakefront Villas,2023-10-09,1.3917084878701094,0.9358974358974359,1.302496405314333,1.0,2023-10,Q4 2023
Lakefront Villas,2023-10-10,1.3917084878701094,0.9358974358974359,1.302496405314333,1.0,2023-10,Q4 2023
Lakefront Villas,2023-10-11,1.3969816009397218,0.9358974358974359,1.3074314983153807,1.0,2023-10,Q4 2023
Lakefront Villas,2023-10-12,1.3969816009397218,0.9401709401709402,1.3134015051570034,1.0,2023-10,Q4 2023
Lakefront Villas,2023-10-13,1.3969816009397218,0.9401709401709402,1.3134015051570034,1.0,2023-10,Q4 2023
Lakefront Villas,2023-10-14,1.4013639461656966,0.9401709401709402,1.3175216587882617,1.0,2023-10,Q4 2023
Lakefront Villas,2023-10-15,1.4013639461656966,0.9444444444444444,1.3235103936009356,1.0,2023-10,Q4 2023
Lakefront Villas,2023-10-16,1.4013639461656966,0.9444444444444444,1.3235103936009356,1.0,2023-10,Q4 2023
Lakefront Villas,2023-10-17,1.4013639461656966,0.9444444444444444,1.3235103936009356,1.0,2023-10,Q4 2023
Lakefront Villas,2023-10-18,1.3938782033037547,0.9401709401709402,1.3104837808838719,1.0,2023-10,Q4 2023
Lakefront Villas,2023-10-19,1.3938782033037547,0.9487179487179487,1.322397269800998,1.0,2023-10,Q4 2023
Lakefront Villas,2023-10-20,1.3944468038320597,0.9487179487179487,1.3229367113278514,1.0,2023-10,Q4 2023
Lakefront Villas,2023-10-21,1.3880809518740764,0.9487179487179487,1.3168973133164315,1.0,2023-10,Q4 2023
Lakefront Villas,2023-10-22,1.3880809518740764,0.9487179487179487,1.3168973133164315,1.0,2023-10,Q4 2023
Lakefront Villas,2023-10-23,1.3880809518740764,0.9487179487179487,1.3168973133164315,1.0,2023-10,Q4 2023
Lakefront Villas,2023-10-24,1.3880809518740764,0.9487179487179487,1.3168973133164315,1.0,2023-10,Q4 2023
Lakefront Villas,2023-10-25,1.3880809518740764,0.9487179487179487,1.3168973133164315,1.0,2023-10,Q4 2023
Lakefront Villas,2023-10-26,1.3896222908525515,0.9316239316239316,1.2946053820763086,1.0,2023-10,Q4 2023
Lakefront Villas,2023-10-27,1.393318476864031,0.9358974358974359,1.3040031898855675,1.0,2023-10,Q4 2023
Lakefront Villas,2023-10-28,1.393318476864031,0.9401709401709402,1.3099575423507983,1.0,2023-10,Q4 2023
Lakefront Villas,2023-10-29,1.393318476864031,0.9401709401709402,1.3099575423507983,1.0,2023-10,Q4 2023
Lakefront Villas,2023-10-30,1.393318476864031,0.9401709401709402,1.3099575423507983,1.0,2023-10,Q4 2023
Lakefront Villas,2023-10-31,1.393318476864031,0.9401709401709402,1.3099575423507983,1.0,2023-10,Q4 2023
Lakefront Villas,2023-11-01,1.3896108795227942,0.9401709401709402,1.3064717670727124,1.0,2023-11,Q4 2023
Lakefront Villas,2023-11-02,1.3858989909754218,0.9444444444444444,1.3089046025878983,1.0,2023-11,Q4 2023
Lakefront Villas,2023-11-03,1.3858989909754218,0.9487179487179487,1.314827247848477,1.0,2023-11,Q4 2023
Lakefront Villas,2023-11-04,1.3858989909754218,0.9487179487179487,1.314827247848477,1.0,2023-11,Q4 2023
Lakefront Villas,2023-11-05,1.3858989909754218,0.9444444444444444,1.3089046025878983,1.0,2023-11,Q4 2023
Lakefront Villas,2023-11-06,1.3858989909754218,0.9444444444444444,1.3089046025878983,1.0,2023-11,Q4 2023
Lakefront Villas,2023-11-07,1.3858989909754218,0.9401709401709402,1.3029819573273196,1.0,2023-11,Q4 2023
Lakefront Villas,2023-11-08,1.3858989909754218,0.9401709401709402,1.3029819573273196,1.0,2023-11,Q4 2023
Lakefront Villas,2023-11-09,1.3858989909754218,0.9358974358974359,1.2970593120667409,1.0,2023-11,Q4 2023
Lakefront Villas,2023-11-10,1.3858989909754218,0.9273504273504274,1.2852140215455836,1.0,2023-11,Q4 2023
Lakefront Villas,2023-11-11,1.3858989909754218,0.9230769230769231,1.2792913762850049,1.0,2023-11,Q4 2023
Lakefront Villas,2023-11-12,1.3858989909754218,0.9230769230769231,1.2792913762850049,1.0,2023-11,Q4 2023
Lakefront Villas,2023-11-13,1.3858989909754218,0.9230769230769231,1.2792913762850049,1.0,2023-11,Q4 2023
Lakefront Villas,2023-11-14,1.3858989909754218,0.9230769230769231,1.2792913762850049,1.0,2023-11,Q4 2023
Lakefront Villas,2023-11-15,1.3914782830931671,0.9230769230769231,1.2844414920860006,1.0,2023-11,Q4 2023
Lakefront Villas,2023-11-16,1.3852904942962694,0.9230769230769231,1.2787296870427103,1.0,2023-11,Q4 2023
Lakefront Villas,2023-11-17,1.3857999392569351,0.9273504273504274,1.285122165892115,1.0,2023-11,Q4 2023
Lakefront Villas,2023-11-18,1.3857999392569351,0.9273504273504274,1.285122165892115,1.0,2023-11,Q4 2023
Lakefront Villas,2023-11-19,1.3857999392569351,0.9273504273504274,1.285122165892115,1.0,2023-11,Q4 2023
Lakefront Villas,2023-11-20,1.3912122227165131,0.9273504273504274,1.2901412492712965,1.0,2023-11,Q4 2023
Lakefront Villas,2023-11-21,1.3912122227165131,0.9316239316239316,1.2960866006504268,1.0,2023-11,Q4 2023
Lakefront Villas,2023-11-22,1.3912122227165131,0.9273504273504274,1.2901412492712965,1.0,2023-11,Q4 2023
Lakefront Villas,2023-11-23,1.3912122227165131,0.9273504273504274,1.2901412492712965,1.0,2023-11,Q4 2023
Lakefront Villas,2023-11-24,1.3910268674437196,0.9273504273504274,1.2899693599798596,1.0,2023-11,Q4 2023
Lakefront Villas,2023-11-25,1.3910268674437196,0.9316239316239316,1.2959139192424396,1.0,2023-11,Q4 2023
Lakefront Villas,2023-11-26,1.3910268674437196,0.9316239316239316,1.2959139192424396,1.0,2023-11,Q4 2023
Lakefront Villas,2023-11-27,1.3910268674437196,0.9316239316239316,1.2959139192424396,1.0,2023-11,Q4 2023
Lakefront Villas,2023-11-28,1.400729983594307,0.9316239316239316,1.3049535744596537,1.0,2023-11,Q4 2023
Lakefront Villas,2023-11-29,1.400729983594307,0.9358974358974359,1.3109396000305693,1.0,2023-11,Q4 2023
Lakefront Villas,2023-11-30,1.400729983594307,0.9358974358974359,1.3109396000305693,1.0,2023-11,Q4 2023
Lakefront Villas,2023-12-01,1.400729983594307,0.9358974358974359,1.3109396000305693,1.0,2023-12,Q4 2023
Lakefront Villas,2023-12-02,1.400729983594307,0.9358974358974359,1.3109396000305693,1.0,2023-12,Q4 2023
Lakefront Villas,2023-12-03,1.400729983594307,0.9358974358974359,1.3109396000305693,1.0,2023-12,Q4 2023
Lakefront Villas,2023-12-04,1.400729983594307,0.9273504273504274,1.2989675488887378,1.0,2023-12,Q4 2023
Lakefront Villas,2023-12-05,1.400729983594307,0.9273504273504274,1.2989675488887378,1.0,2023-12,Q4 2023
Lakefront Villas,2023-12-06,1.400729983594307,0.9273504273504274,1.2989675488887378,1.0,2023-12,Q4 2023
Lakefront Villas,2023-12-07,1.400729983594307,0.9273504273504274,1.2989675488887378,1.0,2023-12,Q4 2023
Lakefront Villas,2023-12-08,1.400729983594307,0.9273504273504274,1.2989675488887378,1.0,2023-12,Q4 2023
Lakefront Villas,2023-12-09,1.400729983594307,0.9273504273504274,1.2989675488887378,1.0,2023-12,Q4 2023
Lakefront Villas,2023-12-10,1.400729983594307,0.9273504273504274,1.2989675488887378,1.0,2023-12,Q4 2023
Lakefront Villas,2023-12-11,1.400729983594307,0.9273504273504274,1.2989675488887378,1.0,2023-12,Q4 2023
Lakefront Villas,2023-12-12,1.400729983594307,0.9273504273504274,1.2989675488887378,1.0,2023-12,Q4 2023
Lakefront Villas,2023-12-13,1.400729983594307,0.9273504273504274,1.2989675488887378,1.0,2023-12,Q4 2023
Lakefront Villas,2023-12-14,1.400729983594307,0.9188034188034188,1.286995497746906,1.0,2023-12,Q4 2023
Lakefront Villas,2023-12-15,1.3957763308646318,0.9188034188034188,1.2824440646833155,1.0,2023-12,Q4 2023
Lakefront Villas,2023-12-16,1.3957763308646318,0.9230769230769231,1.2884089207981217,1.0,2023-12,Q4 2023
Lakefront Villas,2023-12-17,1.3957763308646318,0.9230769230769231,1.2884089207981217,1.0,2023-12,Q4 2023
Lakefront Villas,2023-12-18,1.3957763308646318,0.9230769230769231,1.2884089207981217,1.0,2023-12,Q4 2023
Lakefront Villas,2023-12-19,1.3957763308646318,0.9230769230769231,1.2884089207981217,1.0,2023-12,Q4 2023
Lakefront Villas,2023-12-20,1.3957763308646318,0.9188034188034188,1.2824440646833155,1.0,2023-12,Q4 2023
Lakefront Villas,2023-12-21,1.3919950580174183,0.9188034188034188,1.2789698182638671,1.0,2023-12,Q4 2023
Lakefront Villas,2023-12-22,1.3919950580174183,0.9188034188034188,1.2789698182638671,1.0,2023-12,Q4 2023
Lakefront Villas,2023-12-23,1.3919950580174183,0.9145299145299145,1.273021121434733,1.0,2023-12,Q4 2023
Lakefront Villas,2023-12-24,1.3919950580174183,0.9102564102564102,1.2670724246055987,1.0,2023-12,Q4 2023
Lakefront Villas,2023-12-25,1.3919950580174183,0.9102564102564102,1.2670724246055987,1.0,2023-12,Q4 2023
Lakefront Villas,2023-12-26,1.3919950580174183,0.9102564102564102,1.2670724246055987,1.0,2023-12,Q4 2023
Lakefront Villas,2023-12-27,1.3919950580174183,0.9102564102564102,1.2670724246055987,1.0,2023-12,Q4 2023
Lakefront Villas,2023-12-28,1.3919950580174183,0.9102564102564102,1.2670724246055987,1.0,2023-12,Q4 2023
Lakefront Villas,2023-12-29,1.3919950580174183,0.9102564102564102,1.2670724246055987,1.0,2023-12,Q4 2023
Lakefront Villas,2023-12-30,1.3919950580174183,0.9102564102564102,1.2670724246055987,1.0,2023-12,Q4 2023
Lakefront Villas,2023-12-31,1.3919950580174183,0.9102564102564102,1.2670724246055987,1.0,2023-12,Q4 2023
Lakefront Villas,2024-01-01,1.3919950580174183,0.9102564102564102,1.2670724246055987,1.0,2024-01,Q1 2024
Lakefront Villas,2024-01-02,1.3919950580174183,0.9102564102564102,1.2670724246055987,1.0,2024-01,Q1 2024
Lakefront Villas,2024-01-03,1.394763991272553,0.9102564102564102,1.269592863850657,1.0,2024-01,Q1 2024
Lakefront Villas,2024-01-04,1.394763991272553,0.9145299145299145,1.2755533937278902,1.0,2024-01,Q1 2024
Lakefront Villas,2024-01-05,1.4204279725794828,0.9145299145299145,1.2990238723590142,1.0,2024-01,Q1 2024
Lakefront Villas,2024-01-06,1.4204279725794828,0.9188034188034188,1.3050940773700377,1.0,2024-01,Q1 2024
Lakefront Villas,2024-01-07,1.4204279725794828,0.9145299145299145,1.2990238723590142,1.0,2024-01,Q1 2024
Lakefront Villas,2024-01-08,1.4204279725794828,0.9145299145299145,1.2990238723590142,1.0,2024-01,Q1 2024
Lakefront Villas,2024-01-09,1.4204279725794828,0.9102564102564102,1.2929536673479907,1.0,2024-01,Q1 2024
Lakefront Villas,2024-01-10,1.4204279725794828,0.9102564102564102,1.2929536673479907,1.0,2024-01,Q1 2024
Lakefront Villas,2024-01-11,1.4204279725794828,0.905982905982906,1.2868834623369674,1.0,2024-01,Q1 2024
Lakefront Villas,2024-01-12,1.4199150235343778,0.905982905982906,1.286418739270462,1.0,2024-01,Q1 2024
Lakefront Villas,2024-01-13,1.4126901374247505,0.9017094017094017,1.2738359786180442,1.0,2024-01,Q1 2024
Lakefront Villas,2024-01-14,1.4126901374247505,0.905982905982906,1.2798731159574663,1.0,2024-01,Q1 2024
Lakefront Villas,2024-01-15,1.4126901374247505,0.905982905982906,1.2798731159574663,1.0,2024-01,Q1 2024
Lakefront Villas,2024-01-16,1.4126901374247505,0.905982905982906,1.2798731159574663,1.0,2024-01,Q1 2024
Lakefront Villas,2024-01-17,1.4126901374247505,0.905982905982906,1.2798731159574663,1.0,2024-01,Q1 2024
Lakefront Villas,2024-01-18,1.4126901374247505,0.8931623931623932,1.2617617039392002,1.0,2024-01,Q1 2024
Lakefront Villas,2024-01-19,1.4062512989050278,0.8846153846153846,1.2439915336467553,1.0,2024-01,Q1 2024
Lakefront Villas,2024-01-20,1.4062512989050278,0.8888888888888888,1.250001154582247,1.0,2024-01,Q1 2024
Lakefront Villas,2024-01-21,1.4104384988876326,0.8888888888888888,1.25372311012234,1.0,2024-01,Q1 2024
Lakefront Villas,2024-01-22,1.4104384988876326,0.8931623931623932,1.2597506250748514,1.0,2024-01,Q1 2024
Lakefront Villas,2024-01-23,1.4084045310695343,0.8931623931623932,1.2579339615108234,1.0,2024-01,Q1 2024
Lakefront Villas,2024-01-24,1.4084045310695343,0.8931623931623932,1.2579339615108234,1.0,2024-01,Q1 2024
Lakefront Villas,2024-01-25,1.4077602975073318,0.8846153846153846,1.2453264170257166,1.0,2024-01,Q1 2024
Lakefront Villas,2024-01-26,1.4077602975073318,0.8888888888888888,1.2513424866731837,1.0,2024-01,Q1 2024
Lakefront Villas,2024-01-27,1.4077602975073318,0.8888888888888888,1.2513424866731837,1.0,2024-01,Q1 2024
Lakefront Villas,2024-01-28,1.4073308084658633,0.8888888888888888,1.250960718636323,1.0,2024-01,Q1 2024
Lakefront Villas,2024-01-29,1.4073308084658633,0.8931623931623932,1.256974952860536,1.0,2024-01,Q1 2024
Lakefront Villas,2024-01-30,1.4073308084658633,0.8931623931623932,1.256974952860536,1.0,2024-01,Q1 2024
Lakefront Villas,2024-01-31,1.407224910527841,0.8888888888888888,1.2508665871358586,1.0,2024-01,Q1 2024
Lakefront Villas,2024-02-01,1.407224910527841,0.8931623931623932,1.2568803688047812,1.0,2024-02,Q1 2024
Lakefront Villas,2024-02-02,1.409512430969198,0.8931623931623932,1.2589234960365914,1.0,2024-02,Q1 2024
Lakefront Villas,2024-02-03,1.409354406049348,0.8974358974358975,1.2648052361981328,1.0,2024-02,Q1 2024
Lakefront Villas,2024-02-04,1.409354406049348,0.8974358974358975,1.2648052361981328,1.0,2024-02,Q1 2024
Lakefront Villas,2024-02-05,1.409354406049348,0.8974358974358975,1.2648052361981328,1.0,2024-02,Q1 2024
Lakefront Villas,2024-02-06,1.409354406049348,0.8974358974358975,1.2648052361981328,1.0,2024-02,Q1 2024
Lakefront Villas,2024-02-07,1.4166708472496752,0.8931623931623932,1.265317124252915,1.0,2024-02,Q1 2024
Lakefront Villas,2024-02-08,1.4166708472496752,0.8931623931623932,1.265317124252915,1.0,2024-02,Q1 2024
Lakefront Villas,2024-02-09,1.4166708472496752,0.8931623931623932,1.265317124252915,1.0,2024-02,Q1 2024
Lakefront Villas,2024-02-10,1.4142132101349874,0.8888888888888888,1.2570784090088776,1.0,2024-02,Q1 2024
Lakefront Villas,2024-02-11,1.4142132101349874,0.8888888888888888,1.2570784090088776,1.0,2024-02,Q1 2024
Lakefront Villas,2024-02-12,1.4142132101349874,0.8760683760683761,1.2389474704174035,1.0,2024-02,Q1 2024
Lakefront Villas,2024-02-13,1.4142132101349874,0.8717948717948718,1.2329038242202455,1.0,2024-02,Q1 2024
Lakefront Villas,2024-02-14,1.4142132101349874,0.8675213675213675,1.2268601780230874,1.0,2024-02,Q1 2024
Lakefront Villas,2024-02-15,1.4142132101349874,0.8675213675213675,1.2268601780230874,1.0,2024-02,Q1 2024
Lakefront Villas,2024-02-16,1.4142132101349874,0.858974358974359,1.2147728856287712,1.0,2024-02,Q1 2024
Lakefront Villas,2024-02-17,1.4211304881708542,0.858974358974359,1.2207146500954773,1.0,2024-02,Q1 2024
Lakefront Villas,2024-02-18,1.4211304881708542,0.8632478632478633,1.2267878573098827,1.0,2024-02,Q1 2024
Lakefront Villas,2024-02-19,1.4211304881708542,0.8632478632478633,1.2267878573098827,1.0,2024-02,Q1 2024
Lakefront Villas,2024-02-20,1.4203953001810419,0.8632478632478633,1.2261532078485917,1.0,2024-02,Q1 2024
Lakefront Villas,2024-02-21,1.4399004267307616,0.8675213675213675,1.249144387292071,1.0,2024-02,Q1 2024
Lakefront Villas,2024-02-22,1.4332632387444735,0.8717948717948718,1.249511541469541,1.0,2024-02,Q1 2024
Lakefront Villas,2024-02-23,1.4332632387444735,0.8760683760683761,1.255636598045372,1.0,2024-02,Q1 2024
Lakefront Villas,2024-02-24,1.4332632387444735,0.8760683760683761,1.255636598045372,1.0,2024-02,Q1 2024
Lakefront Villas,2024-02-25,1.4332632387444735,0.8760683760683761,1.255636598045372,1.0,2024-02,Q1 2024
Lakefront Villas,2024-02-26,1.431183439727921,0.8760683760683761,1.2538145518983923,1.0,2024-02,Q1 2024
Lakefront Villas,2024-02-27,1.431183439727921,0.8803418803418803,1.2599307204442383,1.0,2024-02,Q1 2024
Lakefront Villas,2024-02-28,1.431183439727921,0.8803418803418803,1.2599307204442383,1.0,2024-02,Q1 2024
Lakefront Villas,2024-02-29,1.432320484378924,0.8803418803418803,1.2609317084703346,1.0,2024-02,Q1 2024
Lakefront Villas,2024-03-01,1.432320484378924,0.8888888888888888,1.2731737638923768,1.0,2024-03,Q1 2024
Lakefront Villas,2024-03-02,1.432320484378924,0.8803418803418803,1.2609317084703346,1.0,2024-03,Q1 2024
Lakefront Villas,2024-03-03,1.432320484378924,0.8803418803418803,1.2609317084703346,1.0,2024-03,Q1 2024
Lakefront Villas,2024-03-04,1.432320484378924,0.8803418803418803,1.2609317084703346,1.0,2024-03,Q1 2024
Lakefront Villas,2024-03-05,1.432320484378924,0.8803418803418803,1.2609317084703346,1.0,2024-03,Q1 2024
Lakefront Villas,2024-03-06,1.432320484378924,0.8760683760683761,1.2548106807593136,1.0,2024-03,Q1 2024
Lakefront Villas,2024-03-07,1.432320484378924,0.8760683760683761,1.2548106807593136,1.0,2024-03,Q1 2024
Lakefront Villas,2024-03-08,1.432320484378924,0.8760683760683761,1.2548106807593136,1.0,2024-03,Q1 2024
Lakefront Villas,2024-03-09,1.432320484378924,0.8760683760683761,1.2548106807593136,1.0,2024-03,Q1 2024
Lakefront Villas,2024-03-10,1.4346283928056194,0.8760683760683761,1.2568325663468034,1.0,2024-03,Q1 2024
Lakefront Villas,2024-03-11,1.4346283928056194,0.8803418803418803,1.2629634569143486,1.0,2024-03,Q1 2024
Lakefront Villas,2024-03-12,1.4346283928056194,0.8803418803418803,1.2629634569143486,1.0,2024-03,Q1 2024
Lakefront Villas,2024-03-13,1.4346283928056194,0.8803418803418803,1.2629634569143486,1.0,2024-03,Q1 2024
Lakefront Villas,2024-03-14,1.4309357942671934,0.8803418803418803,1.2597127077736832,1.0,2024-03,Q1 2024
Lakefront Villas,2024-03-15,1.4319963112244274,0.8803418803418803,1.2606463252659488,1.0,2024-03,Q1 2024
Lakefront Villas,2024-03-16,1.4319963112244274,0.8846153846153846,1.2667659676216088,1.0,2024-03,Q1 2024
Lakefront Villas,2024-03-17,1.4319963112244274,0.8803418803418803,1.2606463252659488,1.0,2024-03,Q1 2024
Lakefront Villas,2024-03-18,1.4319963112244274,0.8803418803418803,1.2606463252659488,1.0,2024-03,Q1 2024
Lakefront Villas,2024-03-19,1.4280150663420457,0.8803418803418803,1.2571414686600915,1.0,2024-03,Q1 2024
Lakefront Villas,2024-03-20,1.427006269167198,0.8846153846153846,1.262351699647906,1.0,2024-03,Q1 2024
Lakefront Villas,2024-03-21,1.429253239526695,0.8931623931623932,1.2765552438507661,1.0,2024-03,Q1 2024
Lakefront Villas,2024-03-22,1.429253239526695,0.8974358974358975,1.2826631636778032,1.0,2024-03,Q1 2024
Lakefront Villas,2024-03-23,1.429253239526695,0.8974358974358975,1.2826631636778032,1.0,2024-03,Q1 2024
Lakefront Villas,2024-03-24,1.4261384124545788,0.8974358974358975,1.279867806048981,1.0,2024-03,Q1 2024
Lakefront Villas,2024-03-25,1.4261384124545788,0.9017094017094017,1.2859624146492143,1.0,2024-03,Q1 2024
Lakefront Villas,2024-03-26,1.4275213877029456,0.8974358974358975,1.2811089376821307,1.0,2024-03,Q1 2024
Lakefront Villas,2024-03-27,1.4275213877029456,0.9017094017094017,1.287209456432998,1.0,2024-03,Q1 2024
Lakefront Villas,2024-03-28,1.4276915724848827,0.8974358974358975,1.2812616676146382,1.0,2024-03,Q1 2024
Lakefront Villas,2024-03-29,1.4276915724848827,0.8931623931623932,1.275160421578378,1.0,2024-03,Q1 2024
Lakefront Villas,2024-03-30,1.4276915724848827,0.8931623931623932,1.275160421578378,1.0,2024-03,Q1 2024
Lakefront Villas,2024-03-31,1.4276915724848827,0.8931623931623932,1.275160421578378,1.0,2024-03,Q1 2024
Lakefront Villas,2024-04-01,1.4276915724848827,0.8931623931623932,1.275160421578378,1.0,2024-04,Q2 2024
Lakefront Villas,2024-04-02,1.4270430750816838,0.8931623931623932,1.2745812080857775,1.0,2024-04,Q2 2024
Lakefront Villas,2024-04-03,1.4209312507413967,0.9017094017094017,1.2812670679762168,1.0,2024-04,Q2 2024
Lakefront Villas,2024-04-04,1.4209312507413967,0.905982905982906,1.2873394237486158,1.0,2024-04,Q2 2024
Lakefront Villas,2024-04-05,1.4209312507413967,0.905982905982906,1.2873394237486158,1.0,2024-04,Q2 2024
Lakefront Villas,2024-04-06,1.4209312507413967,0.905982905982906,1.2873394237486158,1.0,2024-04,Q2 2024
Lakefront Villas,2024-04-07,1.4209312507413967,0.905982905982906,1.2873394237486158,1.0,2024-04,Q2 2024
Lakefront Villas,2024-04-08,1.4209312507413967,0.905982905982906,1.2873394237486158,1.0,2024-04,Q2 2024
Lakefront Villas,2024-04-09,1.4209312507413967,0.905982905982906,1.2873394237486158,1.0,2024-04,Q2 2024
Lakefront Villas,2024-04-10,1.4209312507413967,0.9017094017094017,1.2812670679762168,1.0,2024-04,Q2 2024
Lakefront Villas,2024-04-11,1.4235595711244529,0.8931623931623932,1.2714698733547465,1.0,2024-04,Q2 2024
Lakefront Villas,2024-04-12,1.422708535691292,0.8888888888888888,1.2646298095033706,1.0,2024-04,Q2 2024
Lakefront Villas,2024-04-13,1.422708535691292,0.8846153846153846,1.258549858496143,1.0,2024-04,Q2 2024
Lakefront Villas,2024-04-14,1.422708535691292,0.8846153846153846,1.258549858496143,1.0,2024-04,Q2 2024
Lakefront Villas,2024-04-15,1.422708535691292,0.8846153846153846,1.258549858496143,1.0,2024-04,Q2 2024
Lakefront Villas,2024-04-16,1.4221570240063406,0.8803418803418803,1.2519843886551545,1.0,2024-04,Q2 2024
Lakefront Villas,2024-04-17,1.4221570240063406,0.8846153846153846,1.2580619827748396,1.0,2024-04,Q2 2024
Lakefront Villas,2024-04-18,1.4148139746568458,0.8803418803418803,1.245519994783377,1.0,2024-04,Q2 2024
Lakefront Villas,2024-04-19,1.4148139746568458,0.8888888888888888,1.2576124219171962,1.0,2024-04,Q2 2024
Lakefront Villas,2024-04-20,1.416126340372783,0.8846153846153846,1.2527271472528465,1.0,2024-04,Q2 2024
Lakefront Villas,2024-04-21,1.416126340372783,0.8931623931623932,1.2648307911876568,1.0,2024-04,Q2 2024
Lakefront Villas,2024-04-22,1.4189056833657727,0.8931623931623932,1.2673131958266945,1.0,2024-04,Q2 2024
Lakefront Villas,2024-04-23,1.4163656551009545,0.8803418803418803,1.2468860040632335,1.0,2024-04,Q2 2024
Lakefront Villas,2024-04-24,1.4128521730299286,0.8803418803418803,1.243792938650279,1.0,2024-04,Q2 2024
Lakefront Villas,2024-04-25,1.4128521730299286,0.8846153846153846,1.2498307684495522,1.0,2024-04,Q2 2024
Lakefront Villas,2024-04-26,1.4128521730299286,0.8803418803418803,1.243792938650279,1.0,2024-04,Q2 2024
Lakefront Villas,2024-04-27,1.4082106148717892,0.8803418803418803,1.2397067806136264,1.0,2024-04,Q2 2024
Lakefront Villas,2024-04-28,1.4082106148717892,0.8803418803418803,1.2397067806136264,1.0,2024-04,Q2 2024
Lakefront Villas,2024-04-29,1.4082106148717892,0.8803418803418803,1.2397067806136264,1.0,2024-04,Q2 2024
Lakefront Villas,2024-04-30,1.4046040320858266,0.8803418803418803,1.2365317547422234,1.0,2024-04,Q2 2024
Lakefront Villas,2024-05-01,1.4046040320858266,0.8888888888888888,1.2485369174096237,1.0,2024-05,Q2 2024
Lakefront Villas,2024-05-02,1.4004199383476246,0.8888888888888888,1.2448177229756663,1.0,2024-05,Q2 2024
Lakefront Villas,2024-05-03,1.402573179540861,0.8931623931623932,1.2527256176241024,1.0,2024-05,Q2 2024
Lakefront Villas,2024-05-04,1.402573179540861,0.8974358974358975,1.2587195201007726,1.0,2024-05,Q2 2024
Lakefront Villas,2024-05-05,1.4214501059734932,0.8974358974358975,1.2756603515146734,1.0,2024-05,Q2 2024
Lakefront Villas,2024-05-06,1.4214501059734932,0.9017094017094017,1.2817349246171241,1.0,2024-05,Q2 2024
Lakefront Villas,2024-05-07,1.4214501059734932,0.9017094017094017,1.2817349246171241,1.0,2024-05,Q2 2024
Lakefront Villas,2024-05-08,1.4214501059734932,0.9017094017094017,1.2817349246171241,1.0,2024-05,Q2 2024
Lakefront Villas,2024-05-09,1.4214501059734932,0.8974358974358975,1.2756603515146734,1.0,2024-05,Q2 2024
Lakefront Villas,2024-05-10,1.4214501059734932,0.8931623931623932,1.2695857784122226,1.0,2024-05,Q2 2024
Lakefront Villas,2024-05-11,1.4214501059734932,0.8931623931623932,1.2695857784122226,1.0,2024-05,Q2 2024
Lakefront Villas,2024-05-12,1.4214501059734932,0.8931623931623932,1.2695857784122226,1.0,2024-05,Q2 2024
Lakefront Villas,2024-05-13,1.4214501059734932,0.8931623931623932,1.2695857784122226,1.0,2024-05,Q2 2024
Lakefront Villas,2024-05-14,1.4214501059734932,0.8931623931623932,1.2695857784122226,1.0,2024-05,Q2 2024
Lakefront Villas,2024-05-15,1.4214501059734932,0.8931623931623932,1.2695857784122226,1.0,2024-05,Q2 2024
Lakefront Villas,2024-05-16,1.4176423881575895,0.8931623931623932,1.266184868055283,1.0,2024-05,Q2 2024
Lakefront Villas,2024-05-17,1.4176423881575895,0.9017094017094017,1.2783014696634674,1.0,2024-05,Q2 2024
Lakefront Villas,2024-05-18,1.4176423881575895,0.9017094017094017,1.2783014696634674,1.0,2024-05,Q2 2024
Lakefront Villas,2024-05-19,1.4176423881575895,0.9017094017094017,1.2783014696634674,1.0,2024-05,Q2 2024
Lakefront Villas,2024-05-20,1.4176423881575895,0.9017094017094017,1.2783014696634674,1.0,2024-05,Q2 2024
Lakefront Villas,2024-05-21,1.4176423881575895,0.8931623931623932,1.266184868055283,1.0,2024-05,Q2 2024
Lakefront Villas,2024-05-22,1.4176423881575895,0.8931623931623932,1.266184868055283,1.0,2024-05,Q2 2024
Lakefront Villas,2024-05-23,1.4144488584985861,0.8931623931623932,1.2633325274624125,1.0,2024-05,Q2 2024
Lakefront Villas,2024-05-24,1.4144488584985861,0.905982905982906,1.2814664871867532,1.0,2024-05,Q2 2024
Lakefront Villas,2024-05-25,1.4126902971889335,0.905982905982906,1.279873260701085,1.0,2024-05,Q2 2024
Lakefront Villas,2024-05-26,1.4114961688437788,0.9102564102564102,1.284823435742414,1.0,2024-05,Q2 2024
Lakefront Villas,2024-05-27,1.4114961688437788,0.9145299145299145,1.2908554706520028,1.0,2024-05,Q2 2024
Lakefront Villas,2024-05-28,1.4101596165900132,0.9145299145299145,1.2896331536336019,1.0,2024-05,Q2 2024
Lakefront Villas,2024-05-29,1.4101596165900132,0.9273504273504274,1.3077121230770636,1.0,2024-05,Q2 2024
Lakefront Villas,2024-05-30,1.4101596165900132,0.9273504273504274,1.3077121230770636,1.0,2024-05,Q2 2024
Lakefront Villas,2024-05-31,1.4064357979247517,0.9273504273504274,1.304258838246458,1.0,2024-05,Q2 2024
Lakefront Villas,2024-06-01,1.4064357979247517,0.9316239316239316,1.3102692476392985,1.0,2024-06,Q2 2024
Lakefront Villas,2024-06-02,1.4064357979247517,0.9230769230769231,1.2982484288536171,1.0,2024-06,Q2 2024
Lakefront Villas,2024-06-03,1.4064357979247517,0.9230769230769231,1.2982484288536171,1.0,2024-06,Q2 2024
Lakefront Villas,2024-06-04,1.4064357979247517,0.9145299145299145,1.2862276100679353,1.0,2024-06,Q2 2024
Lakefront Villas,2024-06-05,1.4064357979247517,0.9102564102564102,1.2802172006750945,1.0,2024-06,Q2 2024
Lakefront Villas,2024-06-06,1.4064357979247517,0.9102564102564102,1.2802172006750945,1.0,2024-06,Q2 2024
Lakefront Villas,2024-06-07,1.4076459396796488,0.8974358974358975,1.2632719971484028,1.0,2024-06,Q2 2024
Lakefront Villas,2024-06-08,1.4076459396796488,0.9017094017094017,1.2692875780872046,1.0,2024-06,Q2 2024
Lakefront Villas,2024-06-09,1.4076459396796488,0.9017094017094017,1.2692875780872046,1.0,2024-06,Q2 2024
Lakefront Villas,2024-06-10,1.4076459396796488,0.9017094017094017,1.2692875780872046,1.0,2024-06,Q2 2024
Lakefront Villas,2024-06-11,1.4076459396796488,0.8974358974358975,1.2632719971484028,1.0,2024-06,Q2 2024
Lakefront Villas,2024-06-12,1.4076459396796488,0.8931623931623932,1.257256416209601,1.0,2024-06,Q2 2024
Lakefront Villas,2024-06-13,1.4076459396796488,0.8888888888888888,1.2512408352707989,1.0,2024-06,Q2 2024
Lakefront Villas,2024-06-14,1.4076459396796488,0.8846153846153846,1.245225254331997,1.0,2024-06,Q2 2024
Lakefront Villas,2024-06-15,1.4090355737938929,0.8846153846153846,1.2464545460484437,1.0,2024-06,Q2 2024
Lakefront Villas,2024-06-16,1.4090355737938929,0.8888888888888888,1.2524760655945715,1.0,2024-06,Q2 2024
Lakefront Villas,2024-06-17,1.4090355737938929,0.8888888888888888,1.2524760655945715,1.0,2024-06,Q2 2024
Lakefront Villas,2024-06-18,1.4262525085766644,0.8846153846153846,1.2616849114332032,1.0,2024-06,Q2 2024
Lakefront Villas,2024-06-19,1.4266150815770922,0.8803418803418803,1.2559090034396623,1.0,2024-06,Q2 2024
Lakefront Villas,2024-06-20,1.423042029745649,0.8846153846153846,1.258844872467305,1.0,2024-06,Q2 2024
Lakefront Villas,2024-06-21,1.4219255755810034,0.8888888888888888,1.263933844960892,1.0,2024-06,Q2 2024
Lakefront Villas,2024-06-22,1.4218440098517717,0.8846153846153846,1.2577850856381056,1.0,2024-06,Q2 2024
Lakefront Villas,2024-06-23,1.4218440098517717,0.8888888888888888,1.2638613420904636,1.0,2024-06,Q2 2024
Lakefront Villas,2024-06-24,1.4218440098517717,0.8888888888888888,1.2638613420904636,1.0,2024-06,Q2 2024
Lakefront Villas,2024-06-25,1.4218440098517717,0.8888888888888888,1.2638613420904636,1.0,2024-06,Q2 2024
Lakefront Villas,2024-06-26,1.4200960588224623,0.8846153846153846,1.2562388212660243,1.0,2024-06,Q2 2024
Lakefront Villas,2024-06-27,1.4200960588224623,0.8888888888888888,1.2623076078421887,1.0,2024-06,Q2 2024
Lakefront Villas,2024-06-28,1.4185065972282815,0.8888888888888888,1.2608947530918058,1.0,2024-06,Q2 2024
Lakefront Villas,2024-06-29,1.4185065972282815,0.8888888888888888,1.2608947530918058,1.0,2024-06,Q2 2024
Lakefront Villas,2024-06-30,1.4185065972282815,0.8888888888888888,1.2608947530918058,1.0,2024-06,Q2 2024
Lakefront Villas,2024-07-01,1.4185065972282815,0.8888888888888888,1.2608947530918058,1.0,2024-07,Q3 2024
Lakefront Villas,2024-07-02,1.418252780001877,0.8803418803418803,1.2485473191469514,1.0,2024-07,Q3 2024
Lakefront Villas,2024-07-03,1.418252780001877,0.8846153846153846,1.2546082284631987,1.0,2024-07,Q3 2024
Lakefront Villas,2024-07-04,1.418252780001877,0.8803418803418803,1.2485473191469514,1.0,2024-07,Q3 2024
Lakefront Villas,2024-07-05,1.418252780001877,0.8803418803418803,1.2485473191469514,1.0,2024-07,Q3 2024
Lakefront Villas,2024-07-06,1.4163400465034452,0.8803418803418803,1.2468634597423491,1.0,2024-07,Q3 2024
Lakefront Villas,2024-07-07,1.4163400465034452,0.8888888888888888,1.2589689302252847,1.0,2024-07,Q3 2024
Lakefront Villas,2024-07-08,1.4112566691343973,0.8888888888888888,1.2544503725639087,1.0,2024-07,Q3 2024
Lakefront Villas,2024-07-09,1.4112566691343973,0.8974358974358975,1.2665123953770232,1.0,2024-07,Q3 2024
Lakefront Villas,2024-07-10,1.4112566691343973,0.8974358974358975,1.2665123953770232,1.0,2024-07,Q3 2024
Lakefront Villas,2024-07-11,1.4112566691343973,0.8931623931623932,1.260481383970466,1.0,2024-07,Q3 2024
Lakefront Villas,2024-07-12,1.408589900301283,0.8931623931623932,1.2580995263374708,1.0,2024-07,Q3 2024
Lakefront Villas,2024-07-13,1.408589900301283,0.905982905982906,1.2761583712131281,1.0,2024-07,Q3 2024
Lakefront Villas,2024-07-14,1.408589900301283,0.905982905982906,1.2761583712131281,1.0,2024-07,Q3 2024
Lakefront Villas,2024-07-15,1.408589900301283,0.905982905982906,1.2761583712131281,1.0,2024-07,Q3 2024
Lakefront Villas,2024-07-16,1.408589900301283,0.905982905982906,1.2761583712131281,1.0,2024-07,Q3 2024
Lakefront Villas,2024-07-17,1.4110752157444015,0.9017094017094017,1.2723797885558492,1.0,2024-07,Q3 2024
Lakefront Villas,2024-07-18,1.4110752157444015,0.9102564102564102,1.2844402604852885,1.0,2024-07,Q3 2024
Lakefront Villas,2024-07-19,1.4110752157444015,0.905982905982906,1.278410024520569,1.0,2024-07,Q3 2024
Lakefront Villas,2024-07-20,1.4110752157444015,0.9017094017094017,1.2723797885558492,1.0,2024-07,Q3 2024
Lakefront Villas,2024-07-21,1.411045731177202,0.9017094017094017,1.2723532020444002,1.0,2024-07,Q3 2024
Lakefront Villas,2024-07-22,1.411045731177202,0.905982905982906,1.2783833120066959,1.0,2024-07,Q3 2024
Lakefront Villas,2024-07-23,1.411045731177202,0.8974358974358975,1.2663230920821045,1.0,2024-07,Q3 2024
Lakefront Villas,2024-07-24,1.411045731177202,0.8974358974358975,1.2663230920821045,1.0,2024-07,Q3 2024
Lakefront Villas,2024-07-25,1.4068963700792947,0.8974358974358975,1.2625993064814183,1.0,2024-07,Q3 2024
Lakefront Villas,2024-07-26,1.4029125617472316,0.9017094017094017,1.2650194467037004,1.0,2024-07,Q3 2024
Lakefront Villas,2024-07-27,1.4025943891362478,0.9017094017094017,1.2647325474690099,1.0,2024-07,Q3 2024
Lakefront Villas,2024-07-28,1.4023051413080807,0.905982905982906,1.2704644869970645,1.0,2024-07,Q3 2024
Lakefront Villas,2024-07-29,1.4024497652221641,0.9145299145299145,1.2825822639211244,1.0,2024-07,Q3 2024
Lakefront Villas,2024-07-30,1.3998632610574562,0.9188034188034188,1.2861991501168935,1.0,2024-07,Q3 2024
Lakefront Villas,2024-07-31,1.401858722729735,0.9188034188034188,1.2880325871234743,1.0,2024-07,Q3 2024
Lakefront Villas,2024-08-01,1.4021152182796728,0.9230769230769231,1.2942602014889288,1.0,2024-08,Q3 2024
Lakefront Villas,2024-08-02,1.4021152182796728,0.9188034188034188,1.2882682561116652,1.0,2024-08,Q3 2024
Lakefront Villas,2024-08-03,1.4021152182796728,0.9145299145299145,1.2822763107344015,1.0,2024-08,Q3 2024
Lakefront Villas,2024-08-04,1.4021152182796728,0.905982905982906,1.2702924199798744,1.0,2024-08,Q3 2024
Lakefront Villas,2024-08-05,1.4021152182796728,0.905982905982906,1.2702924199798744,1.0,2024-08,Q3 2024
Lakefront Villas,2024-08-06,1.4021152182796728,0.905982905982906,1.2702924199798744,1.0,2024-08,Q3 2024
Lakefront Villas,2024-08-07,1.4021152182796728,0.905982905982906,1.2702924199798744,1.0,2024-08,Q3 2024
Lakefront Villas,2024-08-08,1.4021152182796728,0.905982905982906,1.2702924199798744,1.0,2024-08,Q3 2024
Lakefront Villas,2024-08-09,1.4021152182796728,0.905982905982906,1.2702924199798744,1.0,2024-08,Q3 2024
Lakefront Villas,2024-08-10,1.4024344127418173,0.905982905982906,1.270581604706262,1.0,2024-08,Q3 2024
Lakefront Villas,2024-08-11,1.4024344127418173,0.9102564102564102,1.2765749141624234,1.0,2024-08,Q3 2024
Lakefront Villas,2024-08-12,1.4024344127418173,0.9102564102564102,1.2765749141624234,1.0,2024-08,Q3 2024
Lakefront Villas,2024-08-13,1.4024344127418173,0.905982905982906,1.270581604706262,1.0,2024-08,Q3 2024
Lakefront Villas,2024-08-14,1.4024344127418173,0.9017094017094017,1.2645882952501002,1.0,2024-08,Q3 2024
Lakefront Villas,2024-08-15,1.4041167280762106,0.9017094017094017,1.2661052548037626,1.0,2024-08,Q3 2024
Lakefront Villas,2024-08-16,1.4041167280762106,0.905982905982906,1.272105753641695,1.0,2024-08,Q3 2024
Lakefront Villas,2024-08-17,1.4039742305484675,0.905982905982906,1.271976653317415,1.0,2024-08,Q3 2024
Lakefront Villas,2024-08-18,1.4039742305484675,0.9102564102564102,1.2779765431915537,1.0,2024-08,Q3 2024
Lakefront Villas,2024-08-19,1.4039742305484675,0.9102564102564102,1.2779765431915537,1.0,2024-08,Q3 2024
Lakefront Villas,2024-08-20,1.4030907458764597,0.9017094017094017,1.2651801170082606,1.0,2024-08,Q3 2024
Lakefront Villas,2024-08-21,1.4030907458764597,0.905982905982906,1.271176231306878,1.0,2024-08,Q3 2024
Lakefront Villas,2024-08-22,1.4030907458764597,0.905982905982906,1.271176231306878,1.0,2024-08,Q3 2024
Lakefront Villas,2024-08-23,1.4030907458764597,0.8931623931623932,1.253187888411026,1.0,2024-08,Q3 2024
Lakefront Villas,2024-08-24,1.4030907458764597,0.8931623931623932,1.253187888411026,1.0,2024-08,Q3 2024
Lakefront Villas,2024-08-25,1.405508219471957,0.8931623931623932,1.2553470849129873,1.0,2024-08,Q3 2024
Lakefront Villas,2024-08-26,1.4059618499030517,0.905982905982906,1.2737774024762691,1.0,2024-08,Q3 2024
Lakefront Villas,2024-08-27,1.4059618499030517,0.9102564102564102,1.2797857864502138,1.0,2024-08,Q3 2024
Lakefront Villas,2024-08-28,1.4066165271437234,0.9102564102564102,1.280381710605184,1.0,2024-08,Q3 2024
Lakefront Villas,2024-08-29,1.4070418056728748,0.9145299145299145,1.2867818222820309,1.0,2024-08,Q3 2024
Lakefront Villas,2024-08-30,1.407542441209859,0.9145299145299145,1.2872396684568794,1.0,2024-08,Q3 2024
Lakefront Villas,2024-08-31,1.407542441209859,0.9145299145299145,1.2872396684568794,1.0,2024-08,Q3 2024
Lakefront Villas,2024-09-01,1.407542441209859,0.9145299145299145,1.2872396684568794,1.0,2024-09,Q3 2024
Lakefront Villas,2024-09-02,1.407542441209859,0.9145299145299145,1.2872396684568794,1.0,2024-09,Q3 2024
Lakefront Villas,2024-09-03,1.407542441209859,0.9145299145299145,1.2872396684568794,1.0,2024-09,Q3 2024
Lakefront Villas,2024-09-04,1.407542441209859,0.9145299145299145,1.2872396684568794,1.0,2024-09,Q3 2024
Lakefront Villas,2024-09-05,1.407542441209859,0.905982905982906,1.2752093911815816,1.0,2024-09,Q3 2024
Lakefront Villas,2024-09-06,1.407542441209859,0.905982905982906,1.2752093911815816,1.0,2024-09,Q3 2024
Lakefront Villas,2024-09-07,1.407542441209859,0.905982905982906,1.2752093911815816,1.0,2024-09,Q3 2024
Lakefront Villas,2024-09-08,1.407542441209859,0.8974358974358975,1.2631791139062838,1.0,2024-09,Q3 2024
Lakefront Villas,2024-09-09,1.407542441209859,0.8974358974358975,1.2631791139062838,1.0,2024-09,Q3 2024
Lakefront Villas,2024-09-10,1.407542441209859,0.8931623931623932,1.2571639752686348,1.0,2024-09,Q3 2024
Lakefront Villas,2024-09-11,1.4057148876534749,0.8888888888888888,1.2495243445808664,1.0,2024-09,Q3 2024
Lakefront Villas,2024-09-12,1.4057148876534749,0.8931623931623932,1.2555316731605823,1.0,2024-09,Q3 2024
Lakefront Villas,2024-09-13,1.4057148876534749,0.8931623931623932,1.2555316731605823,1.0,2024-09,Q3 2024
Lakefront Villas,2024-09-14,1.4057148876534749,0.8931623931623932,1.2555316731605823,1.0,2024-09,Q3 2024
Lakefront Villas,2024-09-15,1.4057148876534749,0.8931623931623932,1.2555316731605823,1.0,2024-09,Q3 2024
Lakefront Villas,2024-09-16,1.4057148876534749,0.8931623931623932,1.2555316731605823,1.0,2024-09,Q3 2024
Lakefront Villas,2024-09-17,1.4057148876534749,0.8931623931623932,1.2555316731605823,1.0,2024-09,Q3 2024
Lakefront Villas,2024-09-18,1.4057148876534749,0.8888888888888888,1.2495243445808664,1.0,2024-09,Q3 2024
Lakefront Villas,2024-09-19,1.4057148876534749,0.8888888888888888,1.2495243445808664,1.0,2024-09,Q3 2024
Lakefront Villas,2024-09-20,1.4057148876534749,0.8888888888888888,1.2495243445808664,1.0,2024-09,Q3 2024
Lakefront Villas,2024-09-21,1.4057148876534749,0.8888888888888888,1.2495243445808664,1.0,2024-09,Q3 2024
Lakefront Villas,2024-09-22,1.4054338707555694,0.8888888888888888,1.2492745517827282,1.0,2024-09,Q3 2024
Lakefront Villas,2024-09-23,1.4054338707555694,0.8931623931623932,1.25528067943553,1.0,2024-09,Q3 2024
Lakefront Villas,2024-09-24,1.4054338707555694,0.8931623931623932,1.25528067943553,1.0,2024-09,Q3 2024
Lakefront Villas,2024-09-25,1.4059099503218098,0.8931623931623932,1.255705895800249,1.0,2024-09,Q3 2024
Lakefront Villas,2024-09-26,1.4059099503218098,0.9017094017094017,1.2677222201619738,1.0,2024-09,Q3 2024
Lakefront Villas,2024-09-27,1.4059099503218098,0.8974358974358975,1.2617140579811115,1.0,2024-09,Q3 2024
Lakefront Villas,2024-09-28,1.4024737190018828,0.8974358974358975,1.2586302606427153,1.0,2024-09,Q3 2024
Lakefront Villas,2024-09-29,1.4024737190018828,0.9017094017094017,1.2646237380743472,1.0,2024-09,Q3 2024
Lakefront Villas,2024-09-30,1.4024737190018828,0.9017094017094017,1.2646237380743472,1.0,2024-09,Q3 2024
Lakefront Villas,2024-10-01,1.4024737190018828,0.8974358974358975,1.2586302606427153,1.0,2024-10,Q4 2024
Lakefront Villas,2024-10-02,1.4024737190018828,0.8974358974358975,1.2586302606427153,1.0,2024-10,Q4 2024
Lakefront Villas,2024-10-03,1.3990997224371682,0.8974358974358975,1.2556023150077151,1.0,2024-10,Q4 2024
Lakefront Villas,2024-10-04,1.4151565843742933,0.9017094017094017,1.2760599970212645,1.0,2024-10,Q4 2024
Lakefront Villas,2024-10-05,1.4164560402435162,0.9017094017094017,1.2772317285956494,1.0,2024-10,Q4 2024
Lakefront Villas,2024-10-06,1.4164560402435162,0.905982905982906,1.283284959536861,1.0,2024-10,Q4 2024
Lakefront Villas,2024-10-07,1.4164560402435162,0.905982905982906,1.283284959536861,1.0,2024-10,Q4 2024
Lakefront Villas,2024-10-08,1.4164560402435162,0.905982905982906,1.283284959536861,1.0,2024-10,Q4 2024
Lakefront Villas,2024-10-09,1.4164560402435162,0.905982905982906,1.283284959536861,1.0,2024-10,Q4 2024
Lakefront Villas,2024-10-10,1.4146566764546278,0.9017094017094017,1.275609225350113,1.0,2024-10,Q4 2024
Lakefront Villas,2024-10-11,1.4146566764546278,0.9102564102564102,1.2877003080548535,1.0,2024-10,Q4 2024
Lakefront Villas,2024-10-12,1.4146566764546278,0.905982905982906,1.2816547667024834,1.0,2024-10,Q4 2024
Lakefront Villas,2024-10-13,1.4147375789306098,0.905982905982906,1.2817280629627748,1.0,2024-10,Q4 2024
Lakefront Villas,2024-10-14,1.4147375789306098,0.9102564102564102,1.2877739500522216,1.0,2024-10,Q4 2024
Lakefront Villas,2024-10-15,1.4147375789306098,0.9102564102564102,1.2877739500522216,1.0,2024-10,Q4 2024
Lakefront Villas,2024-10-16,1.4147375789306098,0.905982905982906,1.2817280629627748,1.0,2024-10,Q4 2024
Lakefront Villas,2024-10-17,1.4147375789306098,0.905982905982906,1.2817280629627748,1.0,2024-10,Q4 2024
Lakefront Villas,2024-10-18,1.4147919719404487,0.905982905982906,1.2817773420998937,1.0,2024-10,Q4 2024
Lakefront Villas,2024-10-19,1.4148984479816755,0.9145299145299145,1.2939669567011904,1.0,2024-10,Q4 2024
Lakefront Villas,2024-10-20,1.4148984479816755,0.9188034188034188,1.3000135312652146,1.0,2024-10,Q4 2024
Lakefront Villas,2024-10-21,1.4148984479816755,0.9188034188034188,1.3000135312652146,1.0,2024-10,Q4 2024
Lakefront Villas,2024-10-22,1.4148984479816755,0.9188034188034188,1.3000135312652146,1.0,2024-10,Q4 2024
Lakefront Villas,2024-10-23,1.4148984479816755,0.9188034188034188,1.3000135312652146,1.0,2024-10,Q4 2024
Lakefront Villas,2024-10-24,1.4145368816124855,0.9145299145299145,1.2936362934404781,1.0,2024-10,Q4 2024
Lakefront Villas,2024-10-25,1.4145368816124855,0.9145299145299145,1.2936362934404781,1.0,2024-10,Q4 2024
Lakefront Villas,2024-10-26,1.4144284117017285,0.9145299145299145,1.2935370944622644,1.0,2024-10,Q4 2024
Lakefront Villas,2024-10-27,1.4144284117017285,0.9188034188034188,1.2995816603242376,1.0,2024-10,Q4 2024
Lakefront Villas,2024-10-28,1.4144284117017285,0.9188034188034188,1.2995816603242376,1.0,2024-10,Q4 2024
Lakefront Villas,2024-10-29,1.4144284117017285,0.9188034188034188,1.2995816603242376,1.0,2024-10,Q4 2024
Lakefront Villas,2024-10-30,1.4147538214339996,0.9188034188034188,1.2998806478987603,1.0,2024-10,Q4 2024
Lakefront Villas,2024-10-31,1.4147538214339996,0.9230769230769231,1.305926604400615,1.0,2024-10,Q4 2024
Lakefront Villas,2024-11-01,1.4147538214339996,0.9230769230769231,1.305926604400615,1.0,2024-11,Q4 2024
Lakefront Villas,2024-11-02,1.4147538214339996,0.9230769230769231,1.305926604400615,1.0,2024-11,Q4 2024
Lakefront Villas,2024-11-03,1.4147538214339996,0.9188034188034188,1.2998806478987603,1.0,2024-11,Q4 2024
Lakefront Villas,2024-11-04,1.4147538214339996,0.9188034188034188,1.2998806478987603,1.0,2024-11,Q4 2024
Lakefront Villas,2024-11-05,1.4147538214339996,0.9145299145299145,1.2938346913969057,1.0,2024-11,Q4 2024
Lakefront Villas,2024-11-06,1.4147538214339996,0.9145299145299145,1.2938346913969057,1.0,2024-11,Q4 2024
Lakefront Villas,2024-11-07,1.4147538214339996,0.9145299145299145,1.2938346913969057,1.0,2024-11,Q4 2024
Lakefront Villas,2024-11-08,1.4147538214339996,0.9145299145299145,1.2938346913969057,1.0,2024-11,Q4 2024
Lakefront Villas,2024-11-09,1.4147538214339996,0.9145299145299145,1.2938346913969057,1.0,2024-11,Q4 2024
Lakefront Villas,2024-11-10,1.4147538214339996,0.9145299145299145,1.2938346913969057,1.0,2024-11,Q4 2024
Lakefront Villas,2024-11-11,1.4147538214339996,0.9145299145299145,1.2938346913969057,1.0,2024-11,Q4 2024
Lakefront Villas,2024-11-12,1.4147538214339996,0.9102564102564102,1.287788734895051,1.0,2024-11,Q4 2024
Lakefront Villas,2024-11-13,1.4147538214339996,0.9102564102564102,1.287788734895051,1.0,2024-11,Q4 2024
Lakefront Villas,2024-11-14,1.4147538214339996,0.9102564102564102,1.287788734895051,1.0,2024-11,Q4 2024
Lakefront Villas,2024-11-15,1.4147538214339996,0.9102564102564102,1.287788734895051,1.0,2024-11,Q4 2024
Lakefront Villas,2024-11-16,1.4147538214339996,0.9102564102564102,1.287788734895051,1.0,2024-11,Q4 2024
Lakefront Villas,2024-11-17,1.415802363904651,0.9102564102564102,1.2887431774003875,1.0,2024-11,Q4 2024
Lakefront Villas,2024-11-18,1.415802363904651,0.9145299145299145,1.2947936148529715,1.0,2024-11,Q4 2024
Lakefront Villas,2024-11-19,1.415802363904651,0.9145299145299145,1.2947936148529715,1.0,2024-11,Q4 2024
Lakefront Villas,2024-11-20,1.415802363904651,0.9145299145299145,1.2947936148529715,1.0,2024-11,Q4 2024
Lakefront Villas,2024-11-21,1.415802363904651,0.9145299145299145,1.2947936148529715,1.0,2024-11,Q4 2024
Lakefront Villas,2024-11-22,1.4153498407294363,0.9145299145299145,1.2943797688722194,1.0,2024-11,Q4 2024
Lakefront Villas,2024-11-23,1.4153498407294363,0.9145299145299145,1.2943797688722194,1.0,2024-11,Q4 2024
Lakefront Villas,2024-11-24,1.4153498407294363,0.9102564102564102,1.2883312652793586,1.0,2024-11,Q4 2024
Lakefront Villas,2024-11-25,1.4153498407294363,0.9102564102564102,1.2883312652793586,1.0,2024-11,Q4 2024
Lakefront Villas,2024-11-26,1.4153498407294363,0.9102564102564102,1.2883312652793586,1.0,2024-11,Q4 2024
Lakefront Villas,2024-11-27,1.4153498407294363,0.9102564102564102,1.2883312652793586,1.0,2024-11,Q4 2024
Lakefront Villas,2024-11-28,1.4153498407294363,0.9102564102564102,1.2883312652793586,1.0,2024-11,Q4 2024
Lakefront Villas,2024-11-29,1.4153498407294363,0.9102564102564102,1.2883312652793586,1.0,2024-11,Q4 2024
Lakefront Villas,2024-11-30,1.4153498407294363,0.9102564102564102,1.2883312652793586,1.0,2024-11,Q4 2024
Lakefront Villas,2024-12-01,1.414710984482074,0.9102564102564102,1.2877497422849649,1.0,2024-12,Q4 2024
Lakefront Villas,2024-12-02,1.414710984482074,0.9145299145299145,1.2937955157229224,1.0,2024-12,Q4 2024
Lakefront Villas,2024-12-03,1.414710984482074,0.9145299145299145,1.2937955157229224,1.0,2024-12,Q4 2024
Lakefront Villas,2024-12-04,1.414710984482074,0.9145299145299145,1.2937955157229224,1.0,2024-12,Q4 2024
Lakefront Villas,2024-12-05,1.414710984482074,0.9145299145299145,1.2937955157229224,1.0,2024-12,Q4 2024
Lakefront Villas,2024-12-06,1.414710984482074,0.9145299145299145,1.2937955157229224,1.0,2024-12,Q4 2024
Lakefront Villas,2024-12-07,1.414710984482074,0.9145299145299145,1.2937955157229224,1.0,2024-12,Q4 2024
Lakefront Villas,2024-12-08,1.414710984482074,0.9145299145299145,1.2937955157229224,1.0,2024-12,Q4 2024
Lakefront Villas,2024-12-09,1.414710984482074,0.9145299145299145,1.2937955157229224,1.0,2024-12,Q4 2024
Lakefront Villas,2024-12-10,1.414710984482074,0.9145299145299145,1.2937955157229224,1.0,2024-12,Q4 2024
Lakefront Villas,2024-12-11,1.414710984482074,0.9145299145299145,1.2937955157229224,1.0,2024-12,Q4 2024
Lakefront Villas,2024-12-12,1.414710984482074,0.9145299145299145,1.2937955157229224,1.0,2024-12,Q4 2024
Lakefront Villas,2024-12-13,1.417057719897452,0.9145299145299145,1.2959416754617723,1.0,2024-12,Q4 2024
Lakefront Villas,2024-12-14,1.417057719897452,0.9188034188034188,1.3019974776835563,1.0,2024-12,Q4 2024
Lakefront Villas,2024-12-15,1.417057719897452,0.9188034188034188,1.3019974776835563,1.0,2024-12,Q4 2024
Lakefront Villas,2024-12-16,1.417057719897452,0.9188034188034188,1.3019974776835563,1.0,2024-12,Q4 2024
Lakefront Villas,2024-12-17,1.417057719897452,0.9188034188034188,1.3019974776835563,1.0,2024-12,Q4 2024
Lakefront Villas,2024-12-18,1.417057719897452,0.9188034188034188,1.3019974776835563,1.0,2024-12,Q4 2024
Lakefront Villas,2024-12-19,1.417057719897452,0.9145299145299145,1.2959416754617723,1.0,2024-12,Q4 2024
Lakefront Villas,2024-12-20,1.417057719897452,0.9145299145299145,1.2959416754617723,1.0,2024-12,Q4 2024
Lakefront Villas,2024-12-21,1.417057719897452,0.9102564102564102,1.2898858732399885,1.0,2024-12,Q4 2024
Lakefront Villas,2024-12-22,1.417057719897452,0.9102564102564102,1.2898858732399885,1.0,2024-12,Q4 2024
Lakefront Villas,2024-12-23,1.417057719897452,0.9102564102564102,1.2898858732399885,1.0,2024-12,Q4 2024
Lakefront Villas,2024-12-24,1.417057719897452,0.905982905982906,1.2838300710182045,1.0,2024-12,Q4 2024
Lakefront Villas,2024-12-25,1.417057719897452,0.905982905982906,1.2838300710182045,1.0,2024-12,Q4 2024
Lakefront Villas,2024-12-26,1.417057719897452,0.905982905982906,1.2838300710182045,1.0,2024-12,Q4 2024
Lakefront Villas,2024-12-27,1.417057719897452,0.905982905982906,1.2838300710182045,1.0,2024-12,Q4 2024
Lakefront Villas,2024-12-28,1.417057719897452,0.8974358974358975,1.2717184665746366,1.0,2024-12,Q4 2024
Lakefront Villas,2024-12-29,1.417057719897452,0.8931623931623932,1.2656626643528526,1.0,2024-12,Q4 2024
Lakefront Villas,2024-12-30,1.415368078948815,0.8931623931623932,1.2641535405995827,1.0,2024-12,Q4 2024
Lakefront Villas,2024-12-31,1.415368078948815,0.8931623931623932,1.2641535405995827,1.0,2024-12,Q4 2024
Lakefront Villas,2025-01-01,1.415131510514635,0.8931623931623932,1.2639422465707637,1.0,2025-01,Q1 2025
Lakefront Villas,2025-01-02,1.415131510514635,0.8974358974358975,1.2699898171285187,1.0,2025-01,Q1 2025
Lakefront Villas,2025-01-03,1.4129868145061582,0.8931623931623932,1.2620266847512267,1.0,2025-01,Q1 2025
Lakefront Villas,2025-01-04,1.4129868145061582,0.8931623931623932,1.2620266847512267,1.0,2025-01,Q1 2025
Lakefront Villas,2025-01-05,1.4129868145061582,0.8931623931623932,1.2620266847512267,1.0,2025-01,Q1 2025
Lakefront Villas,2025-01-06,1.4129868145061582,0.8931623931623932,1.2620266847512267,1.0,2025-01,Q1 2025
Lakefront Villas,2025-01-07,1.4108195112702404,0.8931623931623932,1.260090931006326,1.0,2025-01,Q1 2025
Lakefront Villas,2025-01-08,1.4108195112702404,0.8931623931623932,1.260090931006326,1.0,2025-01,Q1 2025
Lakefront Villas,2025-01-09,1.4108195112702404,0.8846153846153846,1.2480326445852126,1.0,2025-01,Q1 2025
Lakefront Villas,2025-01-10,1.4108195112702404,0.8846153846153846,1.2480326445852126,1.0,2025-01,Q1 2025
Lakefront Villas,2025-01-11,1.4108195112702404,0.8760683760683761,1.2359743581640994,1.0,2025-01,Q1 2025
Lakefront Villas,2025-01-12,1.4100935570930395,0.8760683760683761,1.235338372666979,1.0,2025-01,Q1 2025
Lakefront Villas,2025-01-13,1.4100935570930395,0.8846153846153846,1.2473904543515348,1.0,2025-01,Q1 2025
Lakefront Villas,2025-01-14,1.4100935570930395,0.8803418803418803,1.241364413509257,1.0,2025-01,Q1 2025
Lakefront Villas,2025-01-15,1.4100935570930395,0.8803418803418803,1.241364413509257,1.0,2025-01,Q1 2025
Lakefront Villas,2025-01-16,1.4100935570930395,0.8803418803418803,1.241364413509257,1.0,2025-01,Q1 2025
Lakefront Villas,2025-01-17,1.4086157218037378,0.8803418803418803,1.2400634132118376,1.0,2025-01,Q1 2025
Lakefront Villas,2025-01-18,1.4086157218037378,0.8846153846153846,1.246083138518691,1.0,2025-01,Q1 2025
Lakefront Villas,2025-01-19,1.410239693292804,0.8846153846153846,1.2475197286820958,1.0,2025-01,Q1 2025
Lakefront Villas,2025-01-20,1.410239693292804,0.8888888888888888,1.253546394038048,1.0,2025-01,Q1 2025
Lakefront Villas,2025-01-21,1.410239693292804,0.8888888888888888,1.253546394038048,1.0,2025-01,Q1 2025
Lakefront Villas,2025-01-22,1.410239693292804,0.8888888888888888,1.253546394038048,1.0,2025-01,Q1 2025
Lakefront Villas,2025-01-23,1.4117744428902754,0.8846153846153846,1.2488773917875513,1.0,2025-01,Q1 2025
Lakefront Villas,2025-01-24,1.4117744428902754,0.8846153846153846,1.2488773917875513,1.0,2025-01,Q1 2025
Lakefront Villas,2025-01-25,1.4117744428902754,0.8803418803418803,1.2428441676726356,1.0,2025-01,Q1 2025
Lakefront Villas,2025-01-26,1.4117744428902754,0.8803418803418803,1.2428441676726356,1.0,2025-01,Q1 2025
Lakefront Villas,2025-01-27,1.4117744428902754,0.8803418803418803,1.2428441676726356,1.0,2025-01,Q1 2025
Lakefront Villas,2025-01-28,1.4116718415859382,0.8803418803418803,1.2427538434474499,1.0,2025-01,Q1 2025
Lakefront Villas,2025-01-29,1.4116718415859382,0.8803418803418803,1.2427538434474499,1.0,2025-01,Q1 2025
Lakefront Villas,2025-01-30,1.4111588350642525,0.8803418803418803,1.2423022223215214,1.0,2025-01,Q1 2025
Lakefront Villas,2025-01-31,1.4111588350642525,0.8760683760683761,1.236271629009281,1.0,2025-01,Q1 2025
Lakefront Villas,2025-02-01,1.4111588350642525,0.8760683760683761,1.236271629009281,1.0,2025-02,Q1 2025
Lakefront Villas,2025-02-02,1.410188819036172,0.8760683760683761,1.2354218286428003,1.0,2025-02,Q1 2025
Lakefront Villas,2025-02-03,1.410188819036172,0.8803418803418803,1.2414482765873993,1.0,2025-02,Q1 2025
Lakefront Villas,2025-02-04,1.4112382769783798,0.8803418803418803,1.2423721583655822,1.0,2025-02,Q1 2025
Lakefront Villas,2025-02-05,1.41264137273196,0.8846153846153846,1.2496442912628876,1.0,2025-02,Q1 2025
Lakefront Villas,2025-02-06,1.4126917916483563,0.8888888888888888,1.255726037020761,1.0,2025-02,Q1 2025
Lakefront Villas,2025-02-07,1.4129314859313307,0.8888888888888888,1.2559390986056271,1.0,2025-02,Q1 2025
Lakefront Villas,2025-02-08,1.4129314859313307,0.8931623931623932,1.2619772673489236,1.0,2025-02,Q1 2025
Lakefront Villas,2025-02-09,1.4129314859313307,0.8931623931623932,1.2619772673489236,1.0,2025-02,Q1 2025
Lakefront Villas,2025-02-10,1.4129314859313307,0.8931623931623932,1.2619772673489236,1.0,2025-02,Q1 2025
Lakefront Villas,2025-02-11,1.4129314859313307,0.8888888888888888,1.2559390986056271,1.0,2025-02,Q1 2025
Lakefront Villas,2025-02-12,1.4130071143059253,0.8888888888888888,1.256006323827489,1.0,2025-02,Q1 2025
Lakefront Villas,2025-02-13,1.4130071143059253,0.8931623931623932,1.2620448157689674,1.0,2025-02,Q1 2025
Lakefront Villas,2025-02-14,1.4130071143059253,0.8931623931623932,1.2620448157689674,1.0,2025-02,Q1 2025
Lakefront Villas,2025-02-15,1.4120483371740273,0.8931623931623932,1.2611884720913322,1.0,2025-02,Q1 2025
Lakefront Villas,2025-02-16,1.4120483371740273,0.8974358974358975,1.26722286669464,1.0,2025-02,Q1 2025
Lakefront Villas,2025-02-17,1.413687484171336,0.8974358974358975,1.268693896051199,1.0,2025-02,Q1 2025
Lakefront Villas,2025-02-18,1.413687484171336,0.9145299145299145,1.292859494071222,1.0,2025-02,Q1 2025
Lakefront Villas,2025-02-19,1.4263662877149337,0.9145299145299145,1.3044546391922898,1.0,2025-02,Q1 2025
Lakefront Villas,2025-02-20,1.4263662877149337,0.9188034188034188,1.310550221618422,1.0,2025-02,Q1 2025
Lakefront Villas,2025-02-21,1.4263662877149337,0.9188034188034188,1.310550221618422,1.0,2025-02,Q1 2025
Lakefront Villas,2025-02-22,1.4257286295523546,0.9145299145299145,1.3038714817273669,1.0,2025-02,Q1 2025
Lakefront Villas,2025-02-23,1.4257286295523546,0.9188034188034188,1.3099643391186164,1.0,2025-02,Q1 2025
Lakefront Villas,2025-02-24,1.4252252152134763,0.9188034188034188,1.3095018003029804,1.0,2025-02,Q1 2025
Lakefront Villas,2025-02-25,1.4252252152134763,0.9188034188034188,1.3095018003029804,1.0,2025-02,Q1 2025
Lakefront Villas,2025-02-26,1.4252252152134763,0.9145299145299145,1.3034110942550594,1.0,2025-02,Q1 2025
Lakefront Villas,2025-02-27,1.425493702860878,0.9145299145299145,1.3036566342402902,1.0,2025-02,Q1 2025
Lakefront Villas,2025-02-28,1.425493702860878,0.9188034188034188,1.3097484876713195,1.0,2025-02,Q1 2025
Lakefront Villas,2025-03-01,1.425493702860878,0.9102564102564102,1.2975647808092607,1.0,2025-03,Q1 2025
Lakefront Villas,2025-03-02,1.425493702860878,0.9017094017094017,1.285381073947202,1.0,2025-03,Q1 2025
Lakefront Villas,2025-03-03,1.425493702860878,0.9017094017094017,1.285381073947202,1.0,2025-03,Q1 2025
Lakefront Villas,2025-03-04,1.425493702860878,0.9017094017094017,1.285381073947202,1.0,2025-03,Q1 2025
Lakefront Villas,2025-03-05,1.425493702860878,0.8974358974358975,1.2792892205161728,1.0,2025-03,Q1 2025
Lakefront Villas,2025-03-06,1.4255925349987983,0.8931623931623932,1.2732856402339696,1.0,2025-03,Q1 2025
Lakefront Villas,2025-03-07,1.4255925349987983,0.8974358974358975,1.2793779160245626,1.0,2025-03,Q1 2025
Lakefront Villas,2025-03-08,1.4255925349987983,0.8931623931623932,1.2732856402339696,1.0,2025-03,Q1 2025
Lakefront Villas,2025-03-09,1.425538177322942,0.8931623931623932,1.273237090002115,1.0,2025-03,Q1 2025
Lakefront Villas,2025-03-10,1.425538177322942,0.8974358974358975,1.2793291334949481,1.0,2025-03,Q1 2025
Lakefront Villas,2025-03-11,1.425538177322942,0.8974358974358975,1.2793291334949481,1.0,2025-03,Q1 2025
Lakefront Villas,2025-03-12,1.425538177322942,0.8974358974358975,1.2793291334949481,1.0,2025-03,Q1 2025
Lakefront Villas,2025-03-13,1.4257718638672334,0.8974358974358975,1.279538852188543,1.0,2025-03,Q1 2025
Lakefront Villas,2025-03-14,1.4257718638672334,0.9017094017094017,1.2856318943418217,1.0,2025-03,Q1 2025
Lakefront Villas,2025-03-15,1.4256433820879373,0.8974358974358975,1.2794235480276361,1.0,2025-03,Q1 2025
Lakefront Villas,2025-03-16,1.4256433820879373,0.9017094017094017,1.2855160411134818,1.0,2025-03,Q1 2025
Lakefront Villas,2025-03-17,1.4256433820879373,0.9017094017094017,1.2855160411134818,1.0,2025-03,Q1 2025
Lakefront Villas,2025-03-18,1.4255179911856815,0.8974358974358975,1.2793110177307399,1.0,2025-03,Q1 2025
Lakefront Villas,2025-03-19,1.4255179911856815,0.9017094017094017,1.2854029749580291,1.0,2025-03,Q1 2025
Lakefront Villas,2025-03-20,1.4256662393925619,0.9017094017094017,1.2855366517599596,1.0,2025-03,Q1 2025
Lakefront Villas,2025-03-21,1.4256662393925619,0.9017094017094017,1.2855366517599596,1.0,2025-03,Q1 2025
Lakefront Villas,2025-03-22,1.4262839402545633,0.9017094017094017,1.2860936384346704,1.0,2025-03,Q1 2025
Lakefront Villas,2025-03-23,1.4262839402545633,0.905982905982906,1.2921888689485788,1.0,2025-03,Q1 2025
Lakefront Villas,2025-03-24,1.4262839402545633,0.905982905982906,1.2921888689485788,1.0,2025-03,Q1 2025
Lakefront Villas,2025-03-25,1.4266298527372843,0.905982905982906,1.29250225974489,1.0,2025-03,Q1 2025
Lakefront Villas,2025-03-26,1.4266298527372843,0.905982905982906,1.29250225974489,1.0,2025-03,Q1 2025
Lakefront Villas,2025-03-27,1.4266298527372843,0.9017094017094017,1.2864055509725085,1.0,2025-03,Q1 2025
Lakefront Villas,2025-03-28,1.4266298527372843,0.9017094017094017,1.2864055509725085,1.0,2025-03,Q1 2025
Lakefront Villas,2025-03-29,1.4266298527372843,0.9017094017094017,1.2864055509725085,1.0,2025-03,Q1 2025
Lakefront Villas,2025-03-30,1.4266298527372843,0.9017094017094017,1.2864055509725085,1.0,2025-03,Q1 2025
Lakefront Villas,2025-03-31,1.4266298527372843,0.9017094017094017,1.2864055509725085,1.0,2025-03,Q1 2025
Lakefront Villas,2025-04-01,1.4265013709579877,0.8974358974358975,1.2801935380392198,1.0,2025-04,Q2 2025
Lakefront Villas,2025-04-02,1.4265013709579877,0.9017094017094017,1.2862896977441685,1.0,2025-04,Q2 2025
Lakefront Villas,2025-04-03,1.426937663385016,0.9017094017094017,1.2866831067275144,1.0,2025-04,Q2 2025
Lakefront Villas,2025-04-04,1.426937663385016,0.9017094017094017,1.2866831067275144,1.0,2025-04,Q2 2025
Lakefront Villas,2025-04-05,1.4273403948561185,0.9017094017094017,1.2870462534813718,1.0,2025-04,Q2 2025
Lakefront Villas,2025-04-06,1.4273403948561185,0.9017094017094017,1.2870462534813718,1.0,2025-04,Q2 2025
Lakefront Villas,2025-04-07,1.4273403948561185,0.9017094017094017,1.2870462534813718,1.0,2025-04,Q2 2025
Lakefront Villas,2025-04-08,1.4273403948561185,0.9017094017094017,1.2870462534813718,1.0,2025-04,Q2 2025
Lakefront Villas,2025-04-09,1.4273403948561185,0.8931623931623932,1.2748467629270461,1.0,2025-04,Q2 2025
Lakefront Villas,2025-04-10,1.4273403948561185,0.8931623931623932,1.2748467629270461,1.0,2025-04,Q2 2025
Lakefront Villas,2025-04-11,1.4308832356157186,0.8931623931623932,1.2780110950584838,1.0,2025-04,Q2 2025
Lakefront Villas,2025-04-12,1.4294966294019555,0.8931623931623932,1.2767726305342253,1.0,2025-04,Q2 2025
Lakefront Villas,2025-04-13,1.416222432828144,0.8931623931623932,1.264916617355052,1.0,2025-04,Q2 2025
Hue on Greenhouse,2023-08-20,1.342760454406802,0.9153439153439153,1.229087611705697,1.0,2023-08,Q3 2023
Hue on Greenhouse,2023-08-21,1.342760454406802,0.917989417989418,1.2326398880401066,1.0,2023-08,Q3 2023
Hue on Greenhouse,2023-08-22,1.3454553938210774,0.9153439153439153,1.2315544081007745,1.0,2023-08,Q3 2023
Hue on Greenhouse,2023-08-23,1.338702980437207,0.9206349206349207,1.23245671214854,1.0,2023-08,Q3 2023
Hue on Greenhouse,2023-08-24,1.338702980437207,0.9232804232804233,1.2359982544248287,1.0,2023-08,Q3 2023
Hue on Greenhouse,2023-08-25,1.338702980437207,0.9206349206349207,1.23245671214854,1.0,2023-08,Q3 2023
Hue on Greenhouse,2023-08-26,1.338702980437207,0.917989417989418,1.228915169872251,1.0,2023-08,Q3 2023
Hue on Greenhouse,2023-08-27,1.338702980437207,0.917989417989418,1.228915169872251,1.0,2023-08,Q3 2023
Hue on Greenhouse,2023-08-28,1.338702980437207,0.917989417989418,1.228915169872251,1.0,2023-08,Q3 2023
Hue on Greenhouse,2023-08-29,1.335634332147152,0.917989417989418,1.226098183214449,1.0,2023-08,Q3 2023
Hue on Greenhouse,2023-08-30,1.335634332147152,0.9259259259259259,1.2366984556918075,1.0,2023-08,Q3 2023
Hue on Greenhouse,2023-08-31,1.3430282974080041,0.9206349206349207,1.2364387499946705,1.0,2023-08,Q3 2023
Hue on Greenhouse,2023-09-01,1.3430282974080041,0.9232804232804233,1.2399917349084482,1.0,2023-09,Q3 2023
Hue on Greenhouse,2023-09-02,1.3430282974080041,0.9232804232804233,1.2399917349084482,1.0,2023-09,Q3 2023
Hue on Greenhouse,2023-09-03,1.349117467873578,0.917989417989418,1.2384755591326233,1.0,2023-09,Q3 2023
Hue on Greenhouse,2023-09-04,1.349117467873578,0.9232804232804233,1.24561374679333,1.0,2023-09,Q3 2023
Hue on Greenhouse,2023-09-05,1.349117467873578,0.9206349206349207,1.2420446529629767,1.0,2023-09,Q3 2023
Hue on Greenhouse,2023-09-06,1.349117467873578,0.9206349206349207,1.2420446529629767,1.0,2023-09,Q3 2023
Hue on Greenhouse,2023-09-07,1.3510803275863967,0.917989417989418,1.2402774435779886,1.0,2023-09,Q3 2023
Hue on Greenhouse,2023-09-08,1.3556448096319085,0.9206349206349207,1.2480539517246143,1.0,2023-09,Q3 2023
Hue on Greenhouse,2023-09-09,1.3547806630162254,0.9232804232804233,1.250842464001753,1.0,2023-09,Q3 2023
Hue on Greenhouse,2023-09-10,1.3591372973734106,0.9232804232804233,1.254864859215133,1.0,2023-09,Q3 2023
Hue on Greenhouse,2023-09-11,1.3591372973734106,0.9259259259259259,1.2584604605309357,1.0,2023-09,Q3 2023
Hue on Greenhouse,2023-09-12,1.3591372973734106,0.9259259259259259,1.2584604605309357,1.0,2023-09,Q3 2023
Hue on Greenhouse,2023-09-13,1.360831795652196,0.9259259259259259,1.2600294404187,1.0,2023-09,Q3 2023
Hue on Greenhouse,2023-09-14,1.3617984214042675,0.9312169312169312,1.2681297469161432,1.0,2023-09,Q3 2023
Hue on Greenhouse,2023-09-15,1.3593349128256222,0.9312169312169312,1.2658356860175106,1.0,2023-09,Q3 2023
Hue on Greenhouse,2023-09-16,1.3593349128256222,0.9365079365079365,1.2730279342335193,1.0,2023-09,Q3 2023
Hue on Greenhouse,2023-09-17,1.3593349128256222,0.9338624338624338,1.2694318101255149,1.0,2023-09,Q3 2023
Hue on Greenhouse,2023-09-18,1.3593349128256222,0.9338624338624338,1.2694318101255149,1.0,2023-09,Q3 2023
Hue on Greenhouse,2023-09-19,1.3593349128256222,0.9338624338624338,1.2694318101255149,1.0,2023-09,Q3 2023
Hue on Greenhouse,2023-09-20,1.3593349128256222,0.9312169312169312,1.2658356860175106,1.0,2023-09,Q3 2023
Hue on Greenhouse,2023-09-21,1.3568721568707212,0.9312169312169312,1.2635423259748513,1.0,2023-09,Q3 2023
Hue on Greenhouse,2023-09-22,1.3589855317172226,0.9391534391534392,1.2762959358719947,1.0,2023-09,Q3 2023
Hue on Greenhouse,2023-09-23,1.3624160700981423,0.9444444444444444,1.286726288426023,1.0,2023-09,Q3 2023
Hue on Greenhouse,2023-09-24,1.3624160700981423,0.9365079365079365,1.2759134624728634,1.0,2023-09,Q3 2023
Hue on Greenhouse,2023-09-25,1.3624160700981423,0.9365079365079365,1.2759134624728634,1.0,2023-09,Q3 2023
Hue on Greenhouse,2023-09-26,1.360391619996547,0.9338624338624338,1.2704186292560344,1.0,2023-09,Q3 2023
Hue on Greenhouse,2023-09-27,1.3589906995859184,0.9338624338624338,1.2691103623117175,1.0,2023-09,Q3 2023
Hue on Greenhouse,2023-09-28,1.3589906995859184,0.9285714285714286,1.2619199353297814,1.0,2023-09,Q3 2023
Hue on Greenhouse,2023-09-29,1.3532730129173214,0.9259259259259259,1.2530305675160383,1.0,2023-09,Q3 2023
Hue on Greenhouse,2023-09-30,1.3532730129173214,0.9312169312169312,1.2601907421875584,1.0,2023-09,Q3 2023
Hue on Greenhouse,2023-10-01,1.3532730129173214,0.9312169312169312,1.2601907421875584,1.0,2023-10,Q4 2023
Hue on Greenhouse,2023-10-02,1.3532730129173214,0.9312169312169312,1.2601907421875584,1.0,2023-10,Q4 2023
Hue on Greenhouse,2023-10-03,1.358234643223501,0.9312169312169312,1.264811096335112,1.0,2023-10,Q4 2023
Hue on Greenhouse,2023-10-04,1.358234643223501,0.9338624338624338,1.2684043096769733,1.0,2023-10,Q4 2023
Hue on Greenhouse,2023-10-05,1.3621205768725322,0.9338624338624338,1.2720332371322853,1.0,2023-10,Q4 2023
Hue on Greenhouse,2023-10-06,1.3616145470796457,0.9391534391534392,1.2787649846912017,1.0,2023-10,Q4 2023
Hue on Greenhouse,2023-10-07,1.3616145470796457,0.9365079365079365,1.2751628298047475,1.0,2023-10,Q4 2023
Hue on Greenhouse,2023-10-08,1.3623851054966247,0.9312169312169312,1.268676077076222,1.0,2023-10,Q4 2023
Hue on Greenhouse,2023-10-09,1.3623851054966247,0.9312169312169312,1.268676077076222,1.0,2023-10,Q4 2023
Hue on Greenhouse,2023-10-10,1.3615355997965048,0.9285714285714286,1.2642830569538974,1.0,2023-10,Q4 2023
Hue on Greenhouse,2023-10-11,1.3655560498213528,0.9312169312169312,1.2716289141193549,1.0,2023-10,Q4 2023
Hue on Greenhouse,2023-10-12,1.3655560498213528,0.9259259259259259,1.264403749834586,1.0,2023-10,Q4 2023
Hue on Greenhouse,2023-10-13,1.3655560498213528,0.9232804232804233,1.2607911676922015,1.0,2023-10,Q4 2023
Hue on Greenhouse,2023-10-14,1.365676797308812,0.9232804232804233,1.2609026514835326,1.0,2023-10,Q4 2023
Hue on Greenhouse,2023-10-15,1.365676797308812,0.9259259259259259,1.2645155530637149,1.0,2023-10,Q4 2023
Hue on Greenhouse,2023-10-16,1.365676797308812,0.9259259259259259,1.2645155530637149,1.0,2023-10,Q4 2023
Hue on Greenhouse,2023-10-17,1.365676797308812,0.9232804232804233,1.2609026514835326,1.0,2023-10,Q4 2023
Hue on Greenhouse,2023-10-18,1.365676797308812,0.9232804232804233,1.2609026514835326,1.0,2023-10,Q4 2023
Hue on Greenhouse,2023-10-19,1.3692552731295886,0.9232804232804233,1.264206588154038,1.0,2023-10,Q4 2023
Hue on Greenhouse,2023-10-20,1.3723203200871783,0.9232804232804233,1.2670364860064158,1.0,2023-10,Q4 2023
Hue on Greenhouse,2023-10-21,1.3751340762858746,0.9206349206349207,1.265996451183821,1.0,2023-10,Q4 2023
Hue on Greenhouse,2023-10-22,1.3751340762858746,0.9232804232804233,1.269634372020556,1.0,2023-10,Q4 2023
Hue on Greenhouse,2023-10-23,1.3751340762858746,0.9206349206349207,1.265996451183821,1.0,2023-10,Q4 2023
Hue on Greenhouse,2023-10-24,1.3751340762858746,0.9206349206349207,1.265996451183821,1.0,2023-10,Q4 2023
Hue on Greenhouse,2023-10-25,1.3751340762858746,0.9206349206349207,1.265996451183821,1.0,2023-10,Q4 2023
Hue on Greenhouse,2023-10-26,1.3751340762858746,0.917989417989418,1.262358530347086,1.0,2023-10,Q4 2023
Hue on Greenhouse,2023-10-27,1.3745424409459206,0.917989417989418,1.2618154153656997,1.0,2023-10,Q4 2023
Hue on Greenhouse,2023-10-28,1.3745424409459206,0.9206349206349207,1.2654517710295778,1.0,2023-10,Q4 2023
Hue on Greenhouse,2023-10-29,1.3745424409459206,0.917989417989418,1.2618154153656997,1.0,2023-10,Q4 2023
Hue on Greenhouse,2023-10-30,1.3745424409459206,0.917989417989418,1.2618154153656997,1.0,2023-10,Q4 2023
Hue on Greenhouse,2023-10-31,1.3794855271843465,0.9153439153439153,1.2627036836131849,1.0,2023-10,Q4 2023
Hue on Greenhouse,2023-11-01,1.3794855271843465,0.9153439153439153,1.2627036836131849,1.0,2023-11,Q4 2023
Hue on Greenhouse,2023-11-02,1.384322900743902,0.9153439153439153,1.2671315440671695,1.0,2023-11,Q4 2023
Hue on Greenhouse,2023-11-03,1.384322900743902,0.917989417989418,1.2707937739633175,1.0,2023-11,Q4 2023
Hue on Greenhouse,2023-11-04,1.384322900743902,0.9153439153439153,1.2671315440671695,1.0,2023-11,Q4 2023
Hue on Greenhouse,2023-11-05,1.384322900743902,0.9126984126984127,1.2634693141710216,1.0,2023-11,Q4 2023
Hue on Greenhouse,2023-11-06,1.384322900743902,0.9126984126984127,1.2634693141710216,1.0,2023-11,Q4 2023
Hue on Greenhouse,2023-11-07,1.384322900743902,0.9126984126984127,1.2634693141710216,1.0,2023-11,Q4 2023
Hue on Greenhouse,2023-11-08,1.384322900743902,0.91005291005291,1.2598070842748736,1.0,2023-11,Q4 2023
Hue on Greenhouse,2023-11-09,1.384322900743902,0.91005291005291,1.2598070842748736,1.0,2023-11,Q4 2023
Hue on Greenhouse,2023-11-10,1.384322900743902,0.9074074074074074,1.256144854378726,1.0,2023-11,Q4 2023
Hue on Greenhouse,2023-11-11,1.387887863520949,0.9074074074074074,1.25937972800975,1.0,2023-11,Q4 2023
Hue on Greenhouse,2023-11-12,1.387887863520949,0.91005291005291,1.2630513890243558,1.0,2023-11,Q4 2023
Hue on Greenhouse,2023-11-13,1.387887863520949,0.91005291005291,1.2630513890243558,1.0,2023-11,Q4 2023
Hue on Greenhouse,2023-11-14,1.3900800424572264,0.91005291005291,1.2650463878446716,1.0,2023-11,Q4 2023
Hue on Greenhouse,2023-11-15,1.3900800424572264,0.9126984126984127,1.2687238482744527,1.0,2023-11,Q4 2023
Hue on Greenhouse,2023-11-16,1.3886377216427481,0.9126984126984127,1.2674074443564765,1.0,2023-11,Q4 2023
Hue on Greenhouse,2023-11-17,1.3886377216427481,0.9153439153439153,1.271081089122727,1.0,2023-11,Q4 2023
Hue on Greenhouse,2023-11-18,1.387972322628991,0.9153439153439153,1.2704720201842088,1.0,2023-11,Q4 2023
Hue on Greenhouse,2023-11-19,1.3862516166680088,0.917989417989418,1.2725643147719552,1.0,2023-11,Q4 2023
Hue on Greenhouse,2023-11-20,1.3862516166680088,0.9206349206349207,1.2762316470911828,1.0,2023-11,Q4 2023
Hue on Greenhouse,2023-11-21,1.3862516166680088,0.917989417989418,1.2725643147719552,1.0,2023-11,Q4 2023
Hue on Greenhouse,2023-11-22,1.385823762589587,0.917989417989418,1.2721715492555203,1.0,2023-11,Q4 2023
Hue on Greenhouse,2023-11-23,1.3847677108542762,0.9153439153439153,1.267538698295184,1.0,2023-11,Q4 2023
Hue on Greenhouse,2023-11-24,1.3847677108542762,0.9206349206349207,1.2748655115801273,1.0,2023-11,Q4 2023
Hue on Greenhouse,2023-11-25,1.3847677108542762,0.9206349206349207,1.2748655115801273,1.0,2023-11,Q4 2023
Hue on Greenhouse,2023-11-26,1.3802589335909383,0.9206349206349207,1.2707145737821337,1.0,2023-11,Q4 2023
Hue on Greenhouse,2023-11-27,1.3802589335909383,0.9259259259259259,1.2780175311027206,1.0,2023-11,Q4 2023
Hue on Greenhouse,2023-11-28,1.3820737265253356,0.9259259259259259,1.2796978949308662,1.0,2023-11,Q4 2023
Hue on Greenhouse,2023-11-29,1.3828723832900762,0.9285714285714286,1.2840957844836423,1.0,2023-11,Q4 2023
Hue on Greenhouse,2023-11-30,1.3828723832900762,0.9312169312169312,1.2877541770320287,1.0,2023-11,Q4 2023
Hue on Greenhouse,2023-12-01,1.3855280459249122,0.9285714285714286,1.2865617569302756,1.0,2023-12,Q4 2023
Hue on Greenhouse,2023-12-02,1.3880446718432835,0.9312169312169312,1.2925706997059148,1.0,2023-12,Q4 2023
Hue on Greenhouse,2023-12-03,1.3873291577504343,0.9365079365079365,1.2992447667821527,1.0,2023-12,Q4 2023
Hue on Greenhouse,2023-12-04,1.3873291577504343,0.9391534391534392,1.3029149497391646,1.0,2023-12,Q4 2023
Hue on Greenhouse,2023-12-05,1.388217161400705,0.9365079365079365,1.3000763892482794,1.0,2023-12,Q4 2023
Hue on Greenhouse,2023-12-06,1.388217161400705,0.9391534391534392,1.3037489214212972,1.0,2023-12,Q4 2023
Hue on Greenhouse,2023-12-07,1.388217161400705,0.9417989417989419,1.307421453594315,1.0,2023-12,Q4 2023
Hue on Greenhouse,2023-12-08,1.3918737279754296,0.9417989417989419,1.310865204125008,1.0,2023-12,Q4 2023
Hue on Greenhouse,2023-12-09,1.3918737279754296,0.9365079365079365,1.3035007928658786,1.0,2023-12,Q4 2023
Hue on Greenhouse,2023-12-10,1.395564356974948,0.9338624338624338,1.3032651270162874,1.0,2023-12,Q4 2023
Hue on Greenhouse,2023-12-11,1.395564356974948,0.9365079365079365,1.306957096214634,1.0,2023-12,Q4 2023
Hue on Greenhouse,2023-12-12,1.395564356974948,0.9365079365079365,1.306957096214634,1.0,2023-12,Q4 2023
Hue on Greenhouse,2023-12-13,1.3960038079828985,0.9365079365079365,1.3073686455712858,1.0,2023-12,Q4 2023
Hue on Greenhouse,2023-12-14,1.3960038079828985,0.9417989417989419,1.314754909105587,1.0,2023-12,Q4 2023
Hue on Greenhouse,2023-12-15,1.3978994133018094,0.9365079365079365,1.3091438949969327,1.0,2023-12,Q4 2023
Hue on Greenhouse,2023-12-16,1.3978994133018094,0.9391534391534392,1.3128420415929691,1.0,2023-12,Q4 2023
Hue on Greenhouse,2023-12-17,1.3978994133018094,0.9365079365079365,1.3091438949969327,1.0,2023-12,Q4 2023
Hue on Greenhouse,2023-12-18,1.3978994133018094,0.9365079365079365,1.3091438949969327,1.0,2023-12,Q4 2023
Hue on Greenhouse,2023-12-19,1.3978425616854093,0.9365079365079365,1.3090906530069706,1.0,2023-12,Q4 2023
Hue on Greenhouse,2023-12-20,1.3978425616854093,0.9417989417989419,1.3164866453968407,1.0,2023-12,Q4 2023
Hue on Greenhouse,2023-12-21,1.4008350621068975,0.9417989417989419,1.319304979127131,1.0,2023-12,Q4 2023
Hue on Greenhouse,2023-12-22,1.4008350621068975,0.9417989417989419,1.319304979127131,1.0,2023-12,Q4 2023
Hue on Greenhouse,2023-12-23,1.4008350621068975,0.9417989417989419,1.319304979127131,1.0,2023-12,Q4 2023
Hue on Greenhouse,2023-12-24,1.4008350621068975,0.9417989417989419,1.319304979127131,1.0,2023-12,Q4 2023
Hue on Greenhouse,2023-12-25,1.4008350621068975,0.9417989417989419,1.319304979127131,1.0,2023-12,Q4 2023
Hue on Greenhouse,2023-12-26,1.4008350621068975,0.9417989417989419,1.319304979127131,1.0,2023-12,Q4 2023
Hue on Greenhouse,2023-12-27,1.4008350621068975,0.9417989417989419,1.319304979127131,1.0,2023-12,Q4 2023
Hue on Greenhouse,2023-12-28,1.4002667205981862,0.9391534391534392,1.3150653063818944,1.0,2023-12,Q4 2023
Hue on Greenhouse,2023-12-29,1.4002667205981862,0.9391534391534392,1.3150653063818944,1.0,2023-12,Q4 2023
Hue on Greenhouse,2023-12-30,1.4002667205981862,0.9365079365079365,1.3113608970681427,1.0,2023-12,Q4 2023
Hue on Greenhouse,2023-12-31,1.4002667205981862,0.9365079365079365,1.3113608970681427,1.0,2023-12,Q4 2023
Hue on Greenhouse,2024-01-01,1.4002667205981862,0.9312169312169312,1.3039520784406389,1.0,2024-01,Q1 2024
Hue on Greenhouse,2024-01-02,1.4002667205981862,0.9312169312169312,1.3039520784406389,1.0,2024-01,Q1 2024
Hue on Greenhouse,2024-01-03,1.4002667205981862,0.9312169312169312,1.3039520784406389,1.0,2024-01,Q1 2024
Hue on Greenhouse,2024-01-04,1.4002667205981862,0.9312169312169312,1.3039520784406389,1.0,2024-01,Q1 2024
Hue on Greenhouse,2024-01-05,1.401547672995379,0.9285714285714286,1.3014371249242807,1.0,2024-01,Q1 2024
Hue on Greenhouse,2024-01-06,1.4036286738299968,0.9285714285714286,1.3033694828421398,1.0,2024-01,Q1 2024
Hue on Greenhouse,2024-01-07,1.4049072647175216,0.9285714285714286,1.3045567458091272,1.0,2024-01,Q1 2024
Hue on Greenhouse,2024-01-08,1.405708607021212,0.9312169312169312,1.30901965521552,1.0,2024-01,Q1 2024
Hue on Greenhouse,2024-01-09,1.404941675197569,0.9338624338624338,1.3120222522347667,1.0,2024-01,Q1 2024
Hue on Greenhouse,2024-01-10,1.404941675197569,0.9365079365079365,1.315739029153279,1.0,2024-01,Q1 2024
Hue on Greenhouse,2024-01-11,1.4068357576761443,0.9365079365079365,1.3175128524268653,1.0,2024-01,Q1 2024
Hue on Greenhouse,2024-01-12,1.4068357576761443,0.9417989417989419,1.3249564278643053,1.0,2024-01,Q1 2024
Hue on Greenhouse,2024-01-13,1.4068357576761443,0.9391534391534392,1.3212346401455852,1.0,2024-01,Q1 2024
Hue on Greenhouse,2024-01-14,1.4068357576761443,0.9391534391534392,1.3212346401455852,1.0,2024-01,Q1 2024
Hue on Greenhouse,2024-01-15,1.4068357576761443,0.9391534391534392,1.3212346401455852,1.0,2024-01,Q1 2024
Hue on Greenhouse,2024-01-16,1.4068357576761443,0.9365079365079365,1.3175128524268653,1.0,2024-01,Q1 2024
Hue on Greenhouse,2024-01-17,1.4068357576761443,0.9365079365079365,1.3175128524268653,1.0,2024-01,Q1 2024
Hue on Greenhouse,2024-01-18,1.4068357576761443,0.9365079365079365,1.3175128524268653,1.0,2024-01,Q1 2024
Hue on Greenhouse,2024-01-19,1.406731446289221,0.9338624338624338,1.3136936522224736,1.0,2024-01,Q1 2024
Hue on Greenhouse,2024-01-20,1.406731446289221,0.9365079365079365,1.3174151639851435,1.0,2024-01,Q1 2024
Hue on Greenhouse,2024-01-21,1.406731446289221,0.9365079365079365,1.3174151639851435,1.0,2024-01,Q1 2024
Hue on Greenhouse,2024-01-22,1.406731446289221,0.9365079365079365,1.3174151639851435,1.0,2024-01,Q1 2024
Hue on Greenhouse,2024-01-23,1.406731446289221,0.9365079365079365,1.3174151639851435,1.0,2024-01,Q1 2024
Hue on Greenhouse,2024-01-24,1.406731446289221,0.9338624338624338,1.3136936522224736,1.0,2024-01,Q1 2024
Hue on Greenhouse,2024-01-25,1.4078554222255673,0.9338624338624338,1.3147432911259926,1.0,2024-01,Q1 2024
Hue on Greenhouse,2024-01-26,1.4078554222255673,0.9312169312169312,1.3110188058820096,1.0,2024-01,Q1 2024
Hue on Greenhouse,2024-01-27,1.4078554222255673,0.9312169312169312,1.3110188058820096,1.0,2024-01,Q1 2024
Hue on Greenhouse,2024-01-28,1.4078554222255673,0.9312169312169312,1.3110188058820096,1.0,2024-01,Q1 2024
Hue on Greenhouse,2024-01-29,1.4078554222255673,0.9312169312169312,1.3110188058820096,1.0,2024-01,Q1 2024
Hue on Greenhouse,2024-01-30,1.4086177342321842,0.9285714285714286,1.3080021817870282,1.0,2024-01,Q1 2024
Hue on Greenhouse,2024-01-31,1.4045460744681009,0.9259259259259259,1.3005056245075008,1.0,2024-01,Q1 2024
Hue on Greenhouse,2024-02-01,1.4045460744681009,0.9285714285714286,1.3042213548632366,1.0,2024-02,Q1 2024
Hue on Greenhouse,2024-02-02,1.4045460744681009,0.9259259259259259,1.3005056245075008,1.0,2024-02,Q1 2024
Hue on Greenhouse,2024-02-03,1.4045460744681009,0.9259259259259259,1.3005056245075008,1.0,2024-02,Q1 2024
Hue on Greenhouse,2024-02-04,1.4045460744681009,0.9259259259259259,1.3005056245075008,1.0,2024-02,Q1 2024
Hue on Greenhouse,2024-02-05,1.4045460744681009,0.9232804232804233,1.296789894151765,1.0,2024-02,Q1 2024
Hue on Greenhouse,2024-02-06,1.4045460744681009,0.9232804232804233,1.296789894151765,1.0,2024-02,Q1 2024
Hue on Greenhouse,2024-02-07,1.404919290167523,0.917989417989418,1.2897010415029906,1.0,2024-02,Q1 2024
Hue on Greenhouse,2024-02-08,1.4062227505751281,0.917989417989418,1.2908976043639404,1.0,2024-02,Q1 2024
Hue on Greenhouse,2024-02-09,1.4068466708870382,0.9232804232804233,1.2989139897872388,1.0,2024-02,Q1 2024
Hue on Greenhouse,2024-02-10,1.4068466708870382,0.9259259259259259,1.3026358063768873,1.0,2024-02,Q1 2024
Hue on Greenhouse,2024-02-11,1.4068466708870382,0.9259259259259259,1.3026358063768873,1.0,2024-02,Q1 2024
Hue on Greenhouse,2024-02-12,1.409962855773059,0.9259259259259259,1.3055211627528325,1.0,2024-02,Q1 2024
Hue on Greenhouse,2024-02-13,1.409962855773059,0.9285714285714286,1.3092512232178406,1.0,2024-02,Q1 2024
Hue on Greenhouse,2024-02-14,1.409962855773059,0.9259259259259259,1.3055211627528325,1.0,2024-02,Q1 2024
Hue on Greenhouse,2024-02-15,1.409962855773059,0.9259259259259259,1.3055211627528325,1.0,2024-02,Q1 2024
Hue on Greenhouse,2024-02-16,1.409962855773059,0.9259259259259259,1.3055211627528325,1.0,2024-02,Q1 2024
Hue on Greenhouse,2024-02-17,1.409962855773059,0.9232804232804233,1.3017911022878244,1.0,2024-02,Q1 2024
Hue on Greenhouse,2024-02-18,1.4123633522453174,0.9232804232804233,1.3040074336868142,1.0,2024-02,Q1 2024
Hue on Greenhouse,2024-02-19,1.4123633522453174,0.9259259259259259,1.30774384467159,1.0,2024-02,Q1 2024
Hue on Greenhouse,2024-02-20,1.413355391914264,0.9259259259259259,1.3086623999206148,1.0,2024-02,Q1 2024
Hue on Greenhouse,2024-02-21,1.413355391914264,0.9232804232804233,1.3049233644922702,1.0,2024-02,Q1 2024
Hue on Greenhouse,2024-02-22,1.4138387486495831,0.9206349206349207,1.3016293241535846,1.0,2024-02,Q1 2024
Hue on Greenhouse,2024-02-23,1.4138387486495831,0.9232804232804233,1.305369638303451,1.0,2024-02,Q1 2024
Hue on Greenhouse,2024-02-24,1.4138387486495831,0.9232804232804233,1.305369638303451,1.0,2024-02,Q1 2024
Hue on Greenhouse,2024-02-25,1.4138387486495831,0.9232804232804233,1.305369638303451,1.0,2024-02,Q1 2024
Hue on Greenhouse,2024-02-26,1.4138387486495831,0.9206349206349207,1.3016293241535846,1.0,2024-02,Q1 2024
Hue on Greenhouse,2024-02-27,1.4138387486495831,0.9206349206349207,1.3016293241535846,1.0,2024-02,Q1 2024
Hue on Greenhouse,2024-02-28,1.4138387486495831,0.9206349206349207,1.3016293241535846,1.0,2024-02,Q1 2024
Hue on Greenhouse,2024-02-29,1.4151460372283897,0.9206349206349207,1.3028328596705812,1.0,2024-02,Q1 2024
Hue on Greenhouse,2024-03-01,1.4151460372283897,0.9232804232804233,1.3065766322558412,1.0,2024-03,Q1 2024
Hue on Greenhouse,2024-03-02,1.4140019470320755,0.9232804232804233,1.3055203161751172,1.0,2024-03,Q1 2024
Hue on Greenhouse,2024-03-03,1.4135673289975355,0.9259259259259259,1.308858637960681,1.0,2024-03,Q1 2024
Hue on Greenhouse,2024-03-04,1.4135673289975355,0.9285714285714286,1.31259823406914,1.0,2024-03,Q1 2024
Hue on Greenhouse,2024-03-05,1.4135673289975355,0.9285714285714286,1.31259823406914,1.0,2024-03,Q1 2024
Hue on Greenhouse,2024-03-06,1.4135673289975355,0.9285714285714286,1.31259823406914,1.0,2024-03,Q1 2024
Hue on Greenhouse,2024-03-07,1.409460805602896,0.9285714285714286,1.3087850337741178,1.0,2024-03,Q1 2024
Hue on Greenhouse,2024-03-08,1.409460805602896,0.9365079365079365,1.3199712306439821,1.0,2024-03,Q1 2024
Hue on Greenhouse,2024-03-09,1.4075688109415028,0.9338624338624338,1.3144756356146838,1.0,2024-03,Q1 2024
Hue on Greenhouse,2024-03-10,1.4059771930736844,0.9391534391534392,1.3204283162464496,1.0,2024-03,Q1 2024
Hue on Greenhouse,2024-03-11,1.4055374388644581,0.9391534391534392,1.3200153195684727,1.0,2024-03,Q1 2024
Hue on Greenhouse,2024-03-12,1.4055374388644581,0.9391534391534392,1.3200153195684727,1.0,2024-03,Q1 2024
Hue on Greenhouse,2024-03-13,1.4055374388644581,0.9338624338624338,1.3125786135427346,1.0,2024-03,Q1 2024
Hue on Greenhouse,2024-03-14,1.4075703930500842,0.9338624338624338,1.3144771130864543,1.0,2024-03,Q1 2024
Hue on Greenhouse,2024-03-15,1.4075703930500842,0.9338624338624338,1.3144771130864543,1.0,2024-03,Q1 2024
Hue on Greenhouse,2024-03-16,1.4075703930500842,0.9338624338624338,1.3144771130864543,1.0,2024-03,Q1 2024
Hue on Greenhouse,2024-03-17,1.4075703930500842,0.9338624338624338,1.3144771130864543,1.0,2024-03,Q1 2024
Hue on Greenhouse,2024-03-18,1.4075703930500842,0.9338624338624338,1.3144771130864543,1.0,2024-03,Q1 2024
Hue on Greenhouse,2024-03-19,1.4075703930500842,0.9338624338624338,1.3144771130864543,1.0,2024-03,Q1 2024
Hue on Greenhouse,2024-03-20,1.4075703930500842,0.9338624338624338,1.3144771130864543,1.0,2024-03,Q1 2024
Hue on Greenhouse,2024-03-21,1.407490420081618,0.9338624338624338,1.3144024293354792,1.0,2024-03,Q1 2024
Hue on Greenhouse,2024-03-22,1.407490420081618,0.9338624338624338,1.3144024293354792,1.0,2024-03,Q1 2024
Hue on Greenhouse,2024-03-23,1.407490420081618,0.9338624338624338,1.3144024293354792,1.0,2024-03,Q1 2024
Hue on Greenhouse,2024-03-24,1.40654731958053,0.9338624338624338,1.3135217032061564,1.0,2024-03,Q1 2024
Hue on Greenhouse,2024-03-25,1.40654731958053,0.9365079365079365,1.3172427278611314,1.0,2024-03,Q1 2024
Hue on Greenhouse,2024-03-26,1.40654731958053,0.9312169312169312,1.3098006785511813,1.0,2024-03,Q1 2024
Hue on Greenhouse,2024-03-27,1.40654731958053,0.9285714285714286,1.3060796538962065,1.0,2024-03,Q1 2024
Hue on Greenhouse,2024-03-28,1.40654731958053,0.9232804232804233,1.2986376045862564,1.0,2024-03,Q1 2024
Hue on Greenhouse,2024-03-29,1.4062217255252385,0.9232804232804233,1.2983369899690693,1.0,2024-03,Q1 2024
Hue on Greenhouse,2024-03-30,1.4062217255252385,0.917989417989418,1.290896663378989,1.0,2024-03,Q1 2024
Hue on Greenhouse,2024-03-31,1.4062217255252385,0.917989417989418,1.290896663378989,1.0,2024-03,Q1 2024
Hue on Greenhouse,2024-04-01,1.4062217255252385,0.917989417989418,1.290896663378989,1.0,2024-04,Q2 2024
Hue on Greenhouse,2024-04-02,1.407960366423057,0.917989417989418,1.29249271732487,1.0,2024-04,Q2 2024
Hue on Greenhouse,2024-04-03,1.407960366423057,0.917989417989418,1.29249271732487,1.0,2024-04,Q2 2024
Hue on Greenhouse,2024-04-04,1.407960366423057,0.917989417989418,1.29249271732487,1.0,2024-04,Q2 2024
Hue on Greenhouse,2024-04-05,1.4050520903024402,0.9153439153439153,1.286105881599588,1.0,2024-04,Q2 2024
Hue on Greenhouse,2024-04-06,1.399901737011579,0.9153439153439153,1.2813915370529267,1.0,2024-04,Q2 2024
Hue on Greenhouse,2024-04-07,1.398754054260812,0.9232804232804233,1.2914422352831305,1.0,2024-04,Q2 2024
Hue on Greenhouse,2024-04-08,1.398754054260812,0.9259259259259259,1.295142642834085,1.0,2024-04,Q2 2024
Hue on Greenhouse,2024-04-09,1.398754054260812,0.9232804232804233,1.2914422352831305,1.0,2024-04,Q2 2024
Hue on Greenhouse,2024-04-10,1.4018029532759986,0.9126984126984127,1.279423330370951,1.0,2024-04,Q2 2024
Hue on Greenhouse,2024-04-11,1.4025063169577494,0.9047619047619048,1.2689342867712972,1.0,2024-04,Q2 2024
Hue on Greenhouse,2024-04-12,1.4025063169577494,0.9047619047619048,1.2689342867712972,1.0,2024-04,Q2 2024
Hue on Greenhouse,2024-04-13,1.4026558366999402,0.9047619047619048,1.2690695665380411,1.0,2024-04,Q2 2024
Hue on Greenhouse,2024-04-14,1.4043039604871463,0.9074074074074074,1.2742758159975958,1.0,2024-04,Q2 2024
Hue on Greenhouse,2024-04-15,1.4043039604871463,0.9126984126984127,1.2817059956827128,1.0,2024-04,Q2 2024
Hue on Greenhouse,2024-04-16,1.4035757333555792,0.9126984126984127,1.2810413439356476,1.0,2024-04,Q2 2024
Hue on Greenhouse,2024-04-17,1.407331710245586,0.9126984126984127,1.2844694180812888,1.0,2024-04,Q2 2024
Hue on Greenhouse,2024-04-18,1.4066883905922825,0.9153439153439153,1.2876036591135707,1.0,2024-04,Q2 2024
Hue on Greenhouse,2024-04-19,1.4066883905922825,0.917989417989418,1.2913250569722805,1.0,2024-04,Q2 2024
Hue on Greenhouse,2024-04-20,1.4066883905922825,0.9126984126984127,1.283882261254861,1.0,2024-04,Q2 2024
Hue on Greenhouse,2024-04-21,1.4066883905922825,0.9126984126984127,1.283882261254861,1.0,2024-04,Q2 2024
Hue on Greenhouse,2024-04-22,1.4066883905922825,0.9126984126984127,1.283882261254861,1.0,2024-04,Q2 2024
Hue on Greenhouse,2024-04-23,1.4066883905922825,0.9126984126984127,1.283882261254861,1.0,2024-04,Q2 2024
Hue on Greenhouse,2024-04-24,1.4066883905922825,0.9126984126984127,1.283882261254861,1.0,2024-04,Q2 2024
Hue on Greenhouse,2024-04-25,1.4066883905922825,0.91005291005291,1.2801608633961512,1.0,2024-04,Q2 2024
Hue on Greenhouse,2024-04-26,1.4066883905922825,0.9047619047619048,1.2727180676787317,1.0,2024-04,Q2 2024
Hue on Greenhouse,2024-04-27,1.4066883905922825,0.9047619047619048,1.2727180676787317,1.0,2024-04,Q2 2024
Hue on Greenhouse,2024-04-28,1.4066883905922825,0.9047619047619048,1.2727180676787317,1.0,2024-04,Q2 2024
Hue on Greenhouse,2024-04-29,1.4066883905922825,0.9047619047619048,1.2727180676787317,1.0,2024-04,Q2 2024
Hue on Greenhouse,2024-04-30,1.4066883905922825,0.9047619047619048,1.2727180676787317,1.0,2024-04,Q2 2024
Hue on Greenhouse,2024-05-01,1.4066883905922825,0.9047619047619048,1.2727180676787317,1.0,2024-05,Q2 2024
Hue on Greenhouse,2024-05-02,1.4066883905922825,0.9047619047619048,1.2727180676787317,1.0,2024-05,Q2 2024
Hue on Greenhouse,2024-05-03,1.4066883905922825,0.9047619047619048,1.2727180676787317,1.0,2024-05,Q2 2024
Hue on Greenhouse,2024-05-04,1.4072338963907498,0.9047619047619048,1.2732116205440118,1.0,2024-05,Q2 2024
Hue on Greenhouse,2024-05-05,1.4072338963907498,0.9021164021164021,1.269488779548269,1.0,2024-05,Q2 2024
Hue on Greenhouse,2024-05-06,1.4056129976376455,0.8809523809523809,1.2382781169664971,1.0,2024-05,Q2 2024
Hue on Greenhouse,2024-05-07,1.4056238810272297,0.8835978835978836,1.2420062864103034,1.0,2024-05,Q2 2024
Hue on Greenhouse,2024-05-08,1.4056238810272297,0.8862433862433863,1.2457248681061428,1.0,2024-05,Q2 2024
Hue on Greenhouse,2024-05-09,1.4056238810272297,0.8862433862433863,1.2457248681061428,1.0,2024-05,Q2 2024
Hue on Greenhouse,2024-05-10,1.4056238810272297,0.8809523809523809,1.2382877047144643,1.0,2024-05,Q2 2024
Hue on Greenhouse,2024-05-11,1.4056238810272297,0.8809523809523809,1.2382877047144643,1.0,2024-05,Q2 2024
Hue on Greenhouse,2024-05-12,1.4059345734833975,0.8756613756613757,1.2311226027063613,1.0,2024-05,Q2 2024
Hue on Greenhouse,2024-05-13,1.4059345734833975,0.8783068783068784,1.2348420063399153,1.0,2024-05,Q2 2024
Hue on Greenhouse,2024-05-14,1.4059345734833975,0.8783068783068784,1.2348420063399153,1.0,2024-05,Q2 2024
Hue on Greenhouse,2024-05-15,1.4059345734833975,0.8783068783068784,1.2348420063399153,1.0,2024-05,Q2 2024
Hue on Greenhouse,2024-05-16,1.4059345734833975,0.873015873015873,1.2274031990728074,1.0,2024-05,Q2 2024
Hue on Greenhouse,2024-05-17,1.4059345734833975,0.8703703703703703,1.2236837954392532,1.0,2024-05,Q2 2024
Hue on Greenhouse,2024-05-18,1.4059345734833975,0.8650793650793651,1.2162449881721455,1.0,2024-05,Q2 2024
Hue on Greenhouse,2024-05-19,1.4059345734833975,0.8597883597883598,1.2088061809050374,1.0,2024-05,Q2 2024
Hue on Greenhouse,2024-05-20,1.4059345734833975,0.8597883597883598,1.2088061809050374,1.0,2024-05,Q2 2024
Hue on Greenhouse,2024-05-21,1.4059345734833975,0.8597883597883598,1.2088061809050374,1.0,2024-05,Q2 2024
Hue on Greenhouse,2024-05-22,1.4055187950691932,0.8597883597883598,1.2084486994642534,1.0,2024-05,Q2 2024
Hue on Greenhouse,2024-05-23,1.4051860301745773,0.8597883597883598,1.2081625920813164,1.0,2024-05,Q2 2024
Hue on Greenhouse,2024-05-24,1.4051860301745773,0.8597883597883598,1.2081625920813164,1.0,2024-05,Q2 2024
Hue on Greenhouse,2024-05-25,1.4051860301745773,0.8597883597883598,1.2081625920813164,1.0,2024-05,Q2 2024
Hue on Greenhouse,2024-05-26,1.4051860301745773,0.8597883597883598,1.2081625920813164,1.0,2024-05,Q2 2024
Hue on Greenhouse,2024-05-27,1.4051860301745773,0.8597883597883598,1.2081625920813164,1.0,2024-05,Q2 2024
Hue on Greenhouse,2024-05-28,1.4057791981974903,0.8597883597883598,1.2086725910428158,1.0,2024-05,Q2 2024
Hue on Greenhouse,2024-05-29,1.4069612722271148,0.8544973544973545,1.2022446849983017,1.0,2024-05,Q2 2024
Hue on Greenhouse,2024-05-30,1.4069612722271148,0.8597883597883598,1.2096889245338949,1.0,2024-05,Q2 2024
Hue on Greenhouse,2024-05-31,1.405802655069682,0.8597883597883598,1.2086927589884833,1.0,2024-05,Q2 2024
Hue on Greenhouse,2024-06-01,1.405802655069682,0.8650793650793651,1.2161308682745662,1.0,2024-06,Q2 2024
Hue on Greenhouse,2024-06-02,1.406831789670934,0.8650793650793651,1.2170211513819984,1.0,2024-06,Q2 2024
Hue on Greenhouse,2024-06-03,1.406831789670934,0.873015873015873,1.2281864830460534,1.0,2024-06,Q2 2024
Hue on Greenhouse,2024-06-04,1.4075705249045056,0.873015873015873,1.2288314106309177,1.0,2024-06,Q2 2024
Hue on Greenhouse,2024-06-05,1.4068802991017015,0.873015873015873,1.2282288325491044,1.0,2024-06,Q2 2024
Hue on Greenhouse,2024-06-06,1.4075578073542148,0.8650793650793651,1.2176492142984874,1.0,2024-06,Q2 2024
Hue on Greenhouse,2024-06-07,1.4053264197657245,0.8677248677248677,1.2194366817014752,1.0,2024-06,Q2 2024
Hue on Greenhouse,2024-06-08,1.4053264197657245,0.8703703703703703,1.2231544764627602,1.0,2024-06,Q2 2024
Hue on Greenhouse,2024-06-09,1.4049010621539366,0.8650793650793651,1.2153509188474532,1.0,2024-06,Q2 2024
Hue on Greenhouse,2024-06-10,1.4049010621539366,0.8677248677248677,1.2190675883240507,1.0,2024-06,Q2 2024
Hue on Greenhouse,2024-06-11,1.4049010621539366,0.8677248677248677,1.2190675883240507,1.0,2024-06,Q2 2024
Hue on Greenhouse,2024-06-12,1.4021171430864288,0.8677248677248677,1.2166519125194408,1.0,2024-06,Q2 2024
Hue on Greenhouse,2024-06-13,1.402434221333528,0.873015873015873,1.224347336084826,1.0,2024-06,Q2 2024
Hue on Greenhouse,2024-06-14,1.402780973962722,0.8756613756613757,1.2283611174118014,1.0,2024-06,Q2 2024
Hue on Greenhouse,2024-06-15,1.402780973962722,0.8862433862433863,1.2432053605225182,1.0,2024-06,Q2 2024
Hue on Greenhouse,2024-06-16,1.402780973962722,0.8862433862433863,1.2432053605225182,1.0,2024-06,Q2 2024
Hue on Greenhouse,2024-06-17,1.402780973962722,0.8809523809523809,1.2357832389671597,1.0,2024-06,Q2 2024
Hue on Greenhouse,2024-06-18,1.4014836467321734,0.8783068783068784,1.2309327267594752,1.0,2024-06,Q2 2024
Hue on Greenhouse,2024-06-19,1.4019873046272622,0.8809523809523809,1.2350840540763977,1.0,2024-06,Q2 2024
Hue on Greenhouse,2024-06-20,1.3990130223785409,0.8862433862433863,1.2398660383513525,1.0,2024-06,Q2 2024
Hue on Greenhouse,2024-06-21,1.3999565998252628,0.8888888888888888,1.2444058665113447,1.0,2024-06,Q2 2024
Hue on Greenhouse,2024-06-22,1.4019382045395121,0.8862433862433863,1.2424584616950702,1.0,2024-06,Q2 2024
Hue on Greenhouse,2024-06-23,1.4019382045395121,0.8915343915343915,1.2498761241529512,1.0,2024-06,Q2 2024
Hue on Greenhouse,2024-06-24,1.4019382045395121,0.8915343915343915,1.2498761241529512,1.0,2024-06,Q2 2024
Hue on Greenhouse,2024-06-25,1.4019382045395121,0.8915343915343915,1.2498761241529512,1.0,2024-06,Q2 2024
Hue on Greenhouse,2024-06-26,1.4021415204013403,0.8888888888888888,1.2463480181345246,1.0,2024-06,Q2 2024
Hue on Greenhouse,2024-06-27,1.4021415204013403,0.8968253968253969,1.2574761254392974,1.0,2024-06,Q2 2024
Hue on Greenhouse,2024-06-28,1.4020861574313657,0.8968253968253969,1.2574264745217805,1.0,2024-06,Q2 2024
Hue on Greenhouse,2024-06-29,1.4030604374188773,0.8968253968253969,1.2583002335581996,1.0,2024-06,Q2 2024
Hue on Greenhouse,2024-06-30,1.4036778087028123,0.8941798941798942,1.2551404744485466,1.0,2024-06,Q2 2024
Hue on Greenhouse,2024-07-01,1.4008537502802734,0.8968253968253969,1.2563212204894516,1.0,2024-07,Q3 2024
Hue on Greenhouse,2024-07-02,1.4008537502802734,0.8968253968253969,1.2563212204894516,1.0,2024-07,Q3 2024
Hue on Greenhouse,2024-07-03,1.4008537502802734,0.8888888888888888,1.245203333582465,1.0,2024-07,Q3 2024
Hue on Greenhouse,2024-07-04,1.4008537502802734,0.8888888888888888,1.245203333582465,1.0,2024-07,Q3 2024
Hue on Greenhouse,2024-07-05,1.4008537502802734,0.8888888888888888,1.245203333582465,1.0,2024-07,Q3 2024
Hue on Greenhouse,2024-07-06,1.4012443557803915,0.8888888888888888,1.2455505384714591,1.0,2024-07,Q3 2024
Hue on Greenhouse,2024-07-07,1.4011681537490108,0.8915343915343915,1.2491895973899911,1.0,2024-07,Q3 2024
Hue on Greenhouse,2024-07-08,1.4011681537490108,0.8941798941798942,1.2528963914475282,1.0,2024-07,Q3 2024
Hue on Greenhouse,2024-07-09,1.401518557739067,0.8941798941798942,1.2532097156502768,1.0,2024-07,Q3 2024
Hue on Greenhouse,2024-07-10,1.401518557739067,0.8968253968253969,1.2569174367024967,1.0,2024-07,Q3 2024
Hue on Greenhouse,2024-07-11,1.401518557739067,0.8968253968253969,1.2569174367024967,1.0,2024-07,Q3 2024
Hue on Greenhouse,2024-07-12,1.401518557739067,0.8941798941798942,1.2532097156502768,1.0,2024-07,Q3 2024
Hue on Greenhouse,2024-07-13,1.401518557739067,0.8941798941798942,1.2532097156502768,1.0,2024-07,Q3 2024
Hue on Greenhouse,2024-07-14,1.401518557739067,0.8941798941798942,1.2532097156502768,1.0,2024-07,Q3 2024
Hue on Greenhouse,2024-07-15,1.401518557739067,0.8941798941798942,1.2532097156502768,1.0,2024-07,Q3 2024
Hue on Greenhouse,2024-07-16,1.401518557739067,0.8915343915343915,1.249501994598057,1.0,2024-07,Q3 2024
Hue on Greenhouse,2024-07-17,1.401518557739067,0.8835978835978836,1.2383788314413977,1.0,2024-07,Q3 2024
Hue on Greenhouse,2024-07-18,1.401518557739067,0.8835978835978836,1.2383788314413977,1.0,2024-07,Q3 2024
Hue on Greenhouse,2024-07-19,1.401518557739067,0.8809523809523809,1.234671110389178,1.0,2024-07,Q3 2024
Hue on Greenhouse,2024-07-20,1.401518557739067,0.8756613756613757,1.2272556682847386,1.0,2024-07,Q3 2024
Hue on Greenhouse,2024-07-21,1.401518557739067,0.8756613756613757,1.2272556682847386,1.0,2024-07,Q3 2024
Hue on Greenhouse,2024-07-22,1.401518557739067,0.8756613756613757,1.2272556682847386,1.0,2024-07,Q3 2024
Hue on Greenhouse,2024-07-23,1.401518557739067,0.8703703703703703,1.219840226180299,1.0,2024-07,Q3 2024
Hue on Greenhouse,2024-07-24,1.401518557739067,0.8703703703703703,1.219840226180299,1.0,2024-07,Q3 2024
Hue on Greenhouse,2024-07-25,1.401518557739067,0.8703703703703703,1.219840226180299,1.0,2024-07,Q3 2024
Hue on Greenhouse,2024-07-26,1.4015840985436328,0.8677248677248677,1.2161893765140517,1.0,2024-07,Q3 2024
Hue on Greenhouse,2024-07-27,1.4015840985436328,0.873015873015873,1.223605165395235,1.0,2024-07,Q3 2024
Hue on Greenhouse,2024-07-28,1.4015840985436328,0.873015873015873,1.223605165395235,1.0,2024-07,Q3 2024
Hue on Greenhouse,2024-07-29,1.4012145873326367,0.873015873015873,1.2232825762427781,1.0,2024-07,Q3 2024
Hue on Greenhouse,2024-07-30,1.4012145873326367,0.873015873015873,1.2232825762427781,1.0,2024-07,Q3 2024
Hue on Greenhouse,2024-07-31,1.4012145873326367,0.873015873015873,1.2232825762427781,1.0,2024-07,Q3 2024
Hue on Greenhouse,2024-08-01,1.4012145873326367,0.8703703703703703,1.2195756593450726,1.0,2024-08,Q3 2024
Hue on Greenhouse,2024-08-02,1.4015040938084493,0.8703703703703703,1.2198276372036503,1.0,2024-08,Q3 2024
Hue on Greenhouse,2024-08-03,1.4015040938084493,0.8703703703703703,1.2198276372036503,1.0,2024-08,Q3 2024
Hue on Greenhouse,2024-08-04,1.4015040938084493,0.8703703703703703,1.2198276372036503,1.0,2024-08,Q3 2024
Hue on Greenhouse,2024-08-05,1.4015040938084493,0.8703703703703703,1.2198276372036503,1.0,2024-08,Q3 2024
Hue on Greenhouse,2024-08-06,1.4012283786903914,0.8677248677248677,1.2158807095514508,1.0,2024-08,Q3 2024
Hue on Greenhouse,2024-08-07,1.4012283786903914,0.8677248677248677,1.2158807095514508,1.0,2024-08,Q3 2024
Hue on Greenhouse,2024-08-08,1.4012283786903914,0.8677248677248677,1.2158807095514508,1.0,2024-08,Q3 2024
Hue on Greenhouse,2024-08-09,1.4031305316842169,0.8677248677248677,1.2175312550064104,1.0,2024-08,Q3 2024
Hue on Greenhouse,2024-08-10,1.404541795504586,0.8650793650793651,1.2150401246825389,1.0,2024-08,Q3 2024
Hue on Greenhouse,2024-08-11,1.404541795504586,0.8677248677248677,1.218755843718265,1.0,2024-08,Q3 2024
Hue on Greenhouse,2024-08-12,1.4041509006994408,0.8677248677248677,1.218416654575176,1.0,2024-08,Q3 2024
Hue on Greenhouse,2024-08-13,1.4029650428260894,0.8703703703703703,1.2210992039412258,1.0,2024-08,Q3 2024
Hue on Greenhouse,2024-08-14,1.3994516285304524,0.8756613756613757,1.2254457382105284,1.0,2024-08,Q3 2024
Hue on Greenhouse,2024-08-15,1.397706333798405,0.8809523809523809,1.2313127226319283,1.0,2024-08,Q3 2024
Hue on Greenhouse,2024-08-16,1.3984555103567087,0.8835978835978836,1.235672329256986,1.0,2024-08,Q3 2024
Hue on Greenhouse,2024-08-17,1.3960964119987622,0.8888888888888888,1.240974588443344,1.0,2024-08,Q3 2024
Hue on Greenhouse,2024-08-18,1.3960964119987622,0.8968253968253969,1.2520547186973028,1.0,2024-08,Q3 2024
Hue on Greenhouse,2024-08-19,1.3956242379187676,0.8968253968253969,1.2516312609906408,1.0,2024-08,Q3 2024
Hue on Greenhouse,2024-08-20,1.3948622419945722,0.8994708994708995,1.2546379954448534,1.0,2024-08,Q3 2024
Hue on Greenhouse,2024-08-21,1.39507866059707,0.9021164021164021,1.258523341967198,1.0,2024-08,Q3 2024
Hue on Greenhouse,2024-08-22,1.39507866059707,0.8994708994708995,1.2548326576799043,1.0,2024-08,Q3 2024
Hue on Greenhouse,2024-08-23,1.39507866059707,0.8994708994708995,1.2548326576799043,1.0,2024-08,Q3 2024
Hue on Greenhouse,2024-08-24,1.394219704382952,0.8994708994708995,1.2540600515613856,1.0,2024-08,Q3 2024
Hue on Greenhouse,2024-08-25,1.394219704382952,0.9021164021164021,1.2577484634777425,1.0,2024-08,Q3 2024
Hue on Greenhouse,2024-08-26,1.394219704382952,0.9021164021164021,1.2577484634777425,1.0,2024-08,Q3 2024
Hue on Greenhouse,2024-08-27,1.3943341396022308,0.9021164021164021,1.2578516973660336,1.0,2024-08,Q3 2024
Hue on Greenhouse,2024-08-28,1.3943341396022308,0.9047619047619048,1.261540412021066,1.0,2024-08,Q3 2024
Hue on Greenhouse,2024-08-29,1.3943341396022308,0.9047619047619048,1.261540412021066,1.0,2024-08,Q3 2024
Hue on Greenhouse,2024-08-30,1.3942477090133203,0.9047619047619048,1.2614622129168136,1.0,2024-08,Q3 2024
Hue on Greenhouse,2024-08-31,1.3942477090133203,0.9074074074074074,1.2651506989194943,1.0,2024-08,Q3 2024
Hue on Greenhouse,2024-09-01,1.3942477090133203,0.9074074074074074,1.2651506989194943,1.0,2024-09,Q3 2024
Hue on Greenhouse,2024-09-02,1.3942477090133203,0.9074074074074074,1.2651506989194943,1.0,2024-09,Q3 2024
Hue on Greenhouse,2024-09-03,1.3942477090133203,0.9074074074074074,1.2651506989194943,1.0,2024-09,Q3 2024
Hue on Greenhouse,2024-09-04,1.3944114319361756,0.9074074074074074,1.2652992623124557,1.0,2024-09,Q3 2024
Hue on Greenhouse,2024-09-05,1.3934320232370245,0.91005291005291,1.2680968677077682,1.0,2024-09,Q3 2024
Hue on Greenhouse,2024-09-06,1.3934320232370245,0.917989417989418,1.2791558520191733,1.0,2024-09,Q3 2024
Hue on Greenhouse,2024-09-07,1.3934320232370245,0.9074074074074074,1.2644105396039667,1.0,2024-09,Q3 2024
Hue on Greenhouse,2024-09-08,1.3934320232370245,0.9074074074074074,1.2644105396039667,1.0,2024-09,Q3 2024
Hue on Greenhouse,2024-09-09,1.3932178254534255,0.9074074074074074,1.2642161749484788,1.0,2024-09,Q3 2024
Hue on Greenhouse,2024-09-10,1.3932178254534255,0.91005291005291,1.2679019363914772,1.0,2024-09,Q3 2024
Hue on Greenhouse,2024-09-11,1.3947288036517824,0.91005291005291,1.2692770064979184,1.0,2024-09,Q3 2024
Hue on Greenhouse,2024-09-12,1.3947288036517824,0.9126984126984127,1.2729667652377379,1.0,2024-09,Q3 2024
Hue on Greenhouse,2024-09-13,1.3947288036517824,0.9126984126984127,1.2729667652377379,1.0,2024-09,Q3 2024
Hue on Greenhouse,2024-09-14,1.3951775510165765,0.9074074074074074,1.2659944444409676,1.0,2024-09,Q3 2024
Hue on Greenhouse,2024-09-15,1.3951775510165765,0.9126984126984127,1.2733763362452881,1.0,2024-09,Q3 2024
Hue on Greenhouse,2024-09-16,1.3951775510165765,0.9126984126984127,1.2733763362452881,1.0,2024-09,Q3 2024
Hue on Greenhouse,2024-09-17,1.3951607224322657,0.8994708994708995,1.25490646991262,1.0,2024-09,Q3 2024
Hue on Greenhouse,2024-09-18,1.3951607224322657,0.9047619047619048,1.2622882726768119,1.0,2024-09,Q3 2024
Hue on Greenhouse,2024-09-19,1.3966524508134315,0.9021164021164021,1.259943083934868,1.0,2024-09,Q3 2024
Hue on Greenhouse,2024-09-20,1.3966524508134315,0.9047619047619048,1.2636379316883428,1.0,2024-09,Q3 2024
Hue on Greenhouse,2024-09-21,1.396278034078896,0.9047619047619048,1.2632991736904298,1.0,2024-09,Q3 2024
Hue on Greenhouse,2024-09-22,1.396278034078896,0.9074074074074074,1.2669930309234427,1.0,2024-09,Q3 2024
Hue on Greenhouse,2024-09-23,1.395447374523701,0.9074074074074074,1.266239284290025,1.0,2024-09,Q3 2024
Hue on Greenhouse,2024-09-24,1.3956497426763612,0.91005291005291,1.2701151097372176,1.0,2024-09,Q3 2024
Hue on Greenhouse,2024-09-25,1.3956497426763612,0.9126984126984127,1.273807304823663,1.0,2024-09,Q3 2024
Hue on Greenhouse,2024-09-26,1.3956497426763612,0.9126984126984127,1.273807304823663,1.0,2024-09,Q3 2024
Hue on Greenhouse,2024-09-27,1.394950395343204,0.9074074074074074,1.265788321700315,1.0,2024-09,Q3 2024
Hue on Greenhouse,2024-09-28,1.394950395343204,0.9126984126984127,1.2731690116227656,1.0,2024-09,Q3 2024
Hue on Greenhouse,2024-09-29,1.394950395343204,0.9126984126984127,1.2731690116227656,1.0,2024-09,Q3 2024
Hue on Greenhouse,2024-09-30,1.3928592570945815,0.9126984126984127,1.2712604330625148,1.0,2024-09,Q3 2024
Hue on Greenhouse,2024-10-01,1.3915721532484102,0.917989417989418,1.2774485110507894,1.0,2024-10,Q4 2024
Hue on Greenhouse,2024-10-02,1.3915721532484102,0.9232804232804233,1.2848113266764423,1.0,2024-10,Q4 2024
Hue on Greenhouse,2024-10-03,1.3915721532484102,0.9232804232804233,1.2848113266764423,1.0,2024-10,Q4 2024
Hue on Greenhouse,2024-10-04,1.3892075271980564,0.91005291005291,1.2642523527939984,1.0,2024-10,Q4 2024
Hue on Greenhouse,2024-10-05,1.3892075271980564,0.9153439153439153,1.2716026571707078,1.0,2024-10,Q4 2024
Hue on Greenhouse,2024-10-06,1.388369772439036,0.9153439153439153,1.270835823449488,1.0,2024-10,Q4 2024
Hue on Greenhouse,2024-10-07,1.388369772439036,0.917989417989418,1.2745087593554114,1.0,2024-10,Q4 2024
Hue on Greenhouse,2024-10-08,1.388369772439036,0.917989417989418,1.2745087593554114,1.0,2024-10,Q4 2024
Hue on Greenhouse,2024-10-09,1.3874735052710774,0.91005291005291,1.2626743010932555,1.0,2024-10,Q4 2024
Hue on Greenhouse,2024-10-10,1.3865127905597312,0.9126984126984127,1.2654680231299134,1.0,2024-10,Q4 2024
Hue on Greenhouse,2024-10-11,1.3865127905597312,0.9153439153439153,1.2691360463853625,1.0,2024-10,Q4 2024
Hue on Greenhouse,2024-10-12,1.38572711861501,0.9153439153439153,1.2684168863513055,1.0,2024-10,Q4 2024
Hue on Greenhouse,2024-10-13,1.38572711861501,0.9206349206349207,1.275748775867787,1.0,2024-10,Q4 2024
Hue on Greenhouse,2024-10-14,1.3846725164335945,0.9206349206349207,1.274777872272198,1.0,2024-10,Q4 2024
Hue on Greenhouse,2024-10-15,1.3837934745835059,0.9259259259259259,1.281290254243987,1.0,2024-10,Q4 2024
Hue on Greenhouse,2024-10-16,1.3826438140016695,0.9285714285714286,1.2838835415729788,1.0,2024-10,Q4 2024
Hue on Greenhouse,2024-10-17,1.3820115006816593,0.9285714285714286,1.2832963934901123,1.0,2024-10,Q4 2024
Hue on Greenhouse,2024-10-18,1.3820115006816593,0.9312169312169312,1.2869525085712805,1.0,2024-10,Q4 2024
Hue on Greenhouse,2024-10-19,1.3805887074288625,0.9312169312169312,1.285627579404655,1.0,2024-10,Q4 2024
Hue on Greenhouse,2024-10-20,1.3805887074288625,0.9365079365079365,1.2929322815603632,1.0,2024-10,Q4 2024
Hue on Greenhouse,2024-10-21,1.3800062008593132,0.9365079365079365,1.2923867595349123,1.0,2024-10,Q4 2024
Hue on Greenhouse,2024-10-22,1.3800062008593132,0.9470899470899471,1.3069899997556458,1.0,2024-10,Q4 2024
Hue on Greenhouse,2024-10-23,1.380857233066759,0.9470899470899471,1.3077960038039675,1.0,2024-10,Q4 2024
Hue on Greenhouse,2024-10-24,1.380857233066759,0.9497354497354498,1.3114490652671071,1.0,2024-10,Q4 2024
Hue on Greenhouse,2024-10-25,1.380857233066759,0.9497354497354498,1.3114490652671071,1.0,2024-10,Q4 2024
Hue on Greenhouse,2024-10-26,1.380857233066759,0.9497354497354498,1.3114490652671071,1.0,2024-10,Q4 2024
Hue on Greenhouse,2024-10-27,1.380857233066759,0.9497354497354498,1.3114490652671071,1.0,2024-10,Q4 2024
Hue on Greenhouse,2024-10-28,1.380857233066759,0.9497354497354498,1.3114490652671071,1.0,2024-10,Q4 2024
Hue on Greenhouse,2024-10-29,1.380857233066759,0.9497354497354498,1.3114490652671071,1.0,2024-10,Q4 2024
Hue on Greenhouse,2024-10-30,1.380857233066759,0.9497354497354498,1.3114490652671071,1.0,2024-10,Q4 2024
Hue on Greenhouse,2024-10-31,1.380857233066759,0.9470899470899471,1.3077960038039675,1.0,2024-10,Q4 2024
Hue on Greenhouse,2024-11-01,1.380857233066759,0.9391534391534392,1.2968368194145488,1.0,2024-11,Q4 2024
Hue on Greenhouse,2024-11-02,1.380857233066759,0.9391534391534392,1.2968368194145488,1.0,2024-11,Q4 2024
Hue on Greenhouse,2024-11-03,1.380857233066759,0.9391534391534392,1.2968368194145488,1.0,2024-11,Q4 2024
Hue on Greenhouse,2024-11-04,1.380857233066759,0.9391534391534392,1.2968368194145488,1.0,2024-11,Q4 2024
Hue on Greenhouse,2024-11-05,1.380857233066759,0.9391534391534392,1.2968368194145488,1.0,2024-11,Q4 2024
Hue on Greenhouse,2024-11-06,1.380857233066759,0.9391534391534392,1.2968368194145488,1.0,2024-11,Q4 2024
Hue on Greenhouse,2024-11-07,1.380857233066759,0.9365079365079365,1.2931837579514092,1.0,2024-11,Q4 2024
Hue on Greenhouse,2024-11-08,1.380857233066759,0.9365079365079365,1.2931837579514092,1.0,2024-11,Q4 2024
Hue on Greenhouse,2024-11-09,1.380857233066759,0.9365079365079365,1.2931837579514092,1.0,2024-11,Q4 2024
Hue on Greenhouse,2024-11-10,1.380857233066759,0.9365079365079365,1.2931837579514092,1.0,2024-11,Q4 2024
Hue on Greenhouse,2024-11-11,1.380857233066759,0.9365079365079365,1.2931837579514092,1.0,2024-11,Q4 2024
Hue on Greenhouse,2024-11-12,1.380857233066759,0.9365079365079365,1.2931837579514092,1.0,2024-11,Q4 2024
Hue on Greenhouse,2024-11-13,1.380857233066759,0.9365079365079365,1.2931837579514092,1.0,2024-11,Q4 2024
Hue on Greenhouse,2024-11-14,1.380857233066759,0.9365079365079365,1.2931837579514092,1.0,2024-11,Q4 2024
Hue on Greenhouse,2024-11-15,1.380857233066759,0.9365079365079365,1.2931837579514092,1.0,2024-11,Q4 2024
Hue on Greenhouse,2024-11-16,1.380857233066759,0.9365079365079365,1.2931837579514092,1.0,2024-11,Q4 2024
Hue on Greenhouse,2024-11-17,1.380857233066759,0.9365079365079365,1.2931837579514092,1.0,2024-11,Q4 2024
Hue on Greenhouse,2024-11-18,1.380857233066759,0.9365079365079365,1.2931837579514092,1.0,2024-11,Q4 2024
Hue on Greenhouse,2024-11-19,1.380857233066759,0.9365079365079365,1.2931837579514092,1.0,2024-11,Q4 2024
Hue on Greenhouse,2024-11-20,1.380857233066759,0.9338624338624338,1.2895306964882696,1.0,2024-11,Q4 2024
Hue on Greenhouse,2024-11-21,1.380857233066759,0.9338624338624338,1.2895306964882696,1.0,2024-11,Q4 2024
Hue on Greenhouse,2024-11-22,1.380857233066759,0.9312169312169312,1.28587763502513,1.0,2024-11,Q4 2024
Hue on Greenhouse,2024-11-23,1.3828022492994065,0.9312169312169312,1.287688867072463,1.0,2024-11,Q4 2024
Hue on Greenhouse,2024-11-24,1.3828022492994065,0.9365079365079365,1.2950052810899204,1.0,2024-11,Q4 2024
Hue on Greenhouse,2024-11-25,1.3828022492994065,0.9365079365079365,1.2950052810899204,1.0,2024-11,Q4 2024
Hue on Greenhouse,2024-11-26,1.3828022492994065,0.9365079365079365,1.2950052810899204,1.0,2024-11,Q4 2024
Hue on Greenhouse,2024-11-27,1.3828022492994065,0.9365079365079365,1.2950052810899204,1.0,2024-11,Q4 2024
Hue on Greenhouse,2024-11-28,1.3828022492994065,0.9365079365079365,1.2950052810899204,1.0,2024-11,Q4 2024
Hue on Greenhouse,2024-11-29,1.3828022492994065,0.9365079365079365,1.2950052810899204,1.0,2024-11,Q4 2024
Hue on Greenhouse,2024-11-30,1.3828022492994065,0.9365079365079365,1.2950052810899204,1.0,2024-11,Q4 2024
Hue on Greenhouse,2024-12-01,1.3828022492994065,0.9365079365079365,1.2950052810899204,1.0,2024-12,Q4 2024
Hue on Greenhouse,2024-12-02,1.3828022492994065,0.9365079365079365,1.2950052810899204,1.0,2024-12,Q4 2024
Hue on Greenhouse,2024-12-03,1.3832928679346426,0.9365079365079365,1.2954647493356177,1.0,2024-12,Q4 2024
Hue on Greenhouse,2024-12-04,1.3832928679346426,0.9391534391534392,1.2991242542772437,1.0,2024-12,Q4 2024
Hue on Greenhouse,2024-12-05,1.3832928679346426,0.9365079365079365,1.2954647493356177,1.0,2024-12,Q4 2024
Hue on Greenhouse,2024-12-06,1.3847251932182718,0.9365079365079365,1.2968061333313974,1.0,2024-12,Q4 2024
Hue on Greenhouse,2024-12-07,1.3843862198220513,0.9391534391534392,1.3001510794625086,1.0,2024-12,Q4 2024
Hue on Greenhouse,2024-12-08,1.3845819490106779,0.9444444444444444,1.3076607296211957,1.0,2024-12,Q4 2024
Hue on Greenhouse,2024-12-09,1.3845819490106779,0.9470899470899471,1.3113236448302188,1.0,2024-12,Q4 2024
Hue on Greenhouse,2024-12-10,1.3841864961601877,0.9444444444444444,1.3072872463735106,1.0,2024-12,Q4 2024
Hue on Greenhouse,2024-12-11,1.3841864961601877,0.9470899470899471,1.3109491154109714,1.0,2024-12,Q4 2024
Hue on Greenhouse,2024-12-12,1.3841864961601877,0.9470899470899471,1.3109491154109714,1.0,2024-12,Q4 2024
Hue on Greenhouse,2024-12-13,1.3841864961601877,0.9444444444444444,1.3072872463735106,1.0,2024-12,Q4 2024
Hue on Greenhouse,2024-12-14,1.3841864961601877,0.9444444444444444,1.3072872463735106,1.0,2024-12,Q4 2024
Hue on Greenhouse,2024-12-15,1.3841864961601877,0.9444444444444444,1.3072872463735106,1.0,2024-12,Q4 2024
Hue on Greenhouse,2024-12-16,1.3841864961601877,0.9444444444444444,1.3072872463735106,1.0,2024-12,Q4 2024
Hue on Greenhouse,2024-12-17,1.3841864961601877,0.9444444444444444,1.3072872463735106,1.0,2024-12,Q4 2024
Hue on Greenhouse,2024-12-18,1.3841864961601877,0.9444444444444444,1.3072872463735106,1.0,2024-12,Q4 2024
Hue on Greenhouse,2024-12-19,1.3841864961601877,0.9417989417989419,1.30362537733605,1.0,2024-12,Q4 2024
Hue on Greenhouse,2024-12-20,1.3841864961601877,0.9417989417989419,1.30362537733605,1.0,2024-12,Q4 2024
Hue on Greenhouse,2024-12-21,1.3841864961601877,0.9365079365079365,1.2963016392611282,1.0,2024-12,Q4 2024
Hue on Greenhouse,2024-12-22,1.3841864961601877,0.9365079365079365,1.2963016392611282,1.0,2024-12,Q4 2024
Hue on Greenhouse,2024-12-23,1.3841864961601877,0.9365079365079365,1.2963016392611282,1.0,2024-12,Q4 2024
Hue on Greenhouse,2024-12-24,1.3841864961601877,0.9338624338624338,1.2926397702236674,1.0,2024-12,Q4 2024
Hue on Greenhouse,2024-12-25,1.3841864961601877,0.9338624338624338,1.2926397702236674,1.0,2024-12,Q4 2024
Hue on Greenhouse,2024-12-26,1.3841864961601877,0.9338624338624338,1.2926397702236674,1.0,2024-12,Q4 2024
Hue on Greenhouse,2024-12-27,1.3838070212026465,0.9338624338624338,1.2922853928162281,1.0,2024-12,Q4 2024
Hue on Greenhouse,2024-12-28,1.3853037045079841,0.9365079365079365,1.2973479137455723,1.0,2024-12,Q4 2024
Hue on Greenhouse,2024-12-29,1.3853037045079841,0.9365079365079365,1.2973479137455723,1.0,2024-12,Q4 2024
Hue on Greenhouse,2024-12-30,1.3853037045079841,0.9365079365079365,1.2973479137455723,1.0,2024-12,Q4 2024
Hue on Greenhouse,2024-12-31,1.3853037045079841,0.9338624338624338,1.2936830891304718,1.0,2024-12,Q4 2024
Hue on Greenhouse,2025-01-01,1.3853037045079841,0.9338624338624338,1.2936830891304718,1.0,2025-01,Q1 2025
Hue on Greenhouse,2025-01-02,1.3853037045079841,0.9338624338624338,1.2936830891304718,1.0,2025-01,Q1 2025
Hue on Greenhouse,2025-01-03,1.3853037045079841,0.9338624338624338,1.2936830891304718,1.0,2025-01,Q1 2025
Hue on Greenhouse,2025-01-04,1.3853037045079841,0.9338624338624338,1.2936830891304718,1.0,2025-01,Q1 2025
Hue on Greenhouse,2025-01-05,1.3853037045079841,0.9338624338624338,1.2936830891304718,1.0,2025-01,Q1 2025
Hue on Greenhouse,2025-01-06,1.3853037045079841,0.9338624338624338,1.2936830891304718,1.0,2025-01,Q1 2025
Hue on Greenhouse,2025-01-07,1.3853037045079841,0.9312169312169312,1.2900182645153715,1.0,2025-01,Q1 2025
Hue on Greenhouse,2025-01-08,1.3853037045079841,0.9312169312169312,1.2900182645153715,1.0,2025-01,Q1 2025
Hue on Greenhouse,2025-01-09,1.3853037045079841,0.9153439153439153,1.2680293168247685,1.0,2025-01,Q1 2025
Hue on Greenhouse,2025-01-10,1.3853037045079841,0.9153439153439153,1.2680293168247685,1.0,2025-01,Q1 2025
Hue on Greenhouse,2025-01-11,1.3853037045079841,0.9153439153439153,1.2680293168247685,1.0,2025-01,Q1 2025
Hue on Greenhouse,2025-01-12,1.3853037045079841,0.9126984126984127,1.264364492209668,1.0,2025-01,Q1 2025
Hue on Greenhouse,2025-01-13,1.3853037045079841,0.9126984126984127,1.264364492209668,1.0,2025-01,Q1 2025
Hue on Greenhouse,2025-01-14,1.3853037045079841,0.91005291005291,1.2606996675945674,1.0,2025-01,Q1 2025
Hue on Greenhouse,2025-01-15,1.3840295658143202,0.9021164021164021,1.2485557723351408,1.0,2025-01,Q1 2025
Hue on Greenhouse,2025-01-16,1.3840295658143202,0.9074074074074074,1.2558786800907722,1.0,2025-01,Q1 2025
Hue on Greenhouse,2025-01-17,1.3840295658143202,0.9074074074074074,1.2558786800907722,1.0,2025-01,Q1 2025
Hue on Greenhouse,2025-01-18,1.3840295658143202,0.9047619047619048,1.2522172262129565,1.0,2025-01,Q1 2025
Hue on Greenhouse,2025-01-19,1.3840295658143202,0.9047619047619048,1.2522172262129565,1.0,2025-01,Q1 2025
Hue on Greenhouse,2025-01-20,1.3840295658143202,0.9047619047619048,1.2522172262129565,1.0,2025-01,Q1 2025
Hue on Greenhouse,2025-01-21,1.3840295658143202,0.9047619047619048,1.2522172262129565,1.0,2025-01,Q1 2025
Hue on Greenhouse,2025-01-22,1.3840295658143202,0.9047619047619048,1.2522172262129565,1.0,2025-01,Q1 2025
Hue on Greenhouse,2025-01-23,1.3840295658143202,0.9047619047619048,1.2522172262129565,1.0,2025-01,Q1 2025
Hue on Greenhouse,2025-01-24,1.3854011267691682,0.9047619047619048,1.2534581623149617,1.0,2025-01,Q1 2025
Hue on Greenhouse,2025-01-25,1.3854011267691682,0.9047619047619048,1.2534581623149617,1.0,2025-01,Q1 2025
Hue on Greenhouse,2025-01-26,1.3854011267691682,0.9047619047619048,1.2534581623149617,1.0,2025-01,Q1 2025
Hue on Greenhouse,2025-01-27,1.3854011267691682,0.9047619047619048,1.2534581623149617,1.0,2025-01,Q1 2025
Hue on Greenhouse,2025-01-28,1.3854050624643137,0.8915343915343915,1.2351362593927877,1.0,2025-01,Q1 2025
Hue on Greenhouse,2025-01-29,1.3854050624643137,0.8941798941798942,1.2388013521506298,1.0,2025-01,Q1 2025
Hue on Greenhouse,2025-01-30,1.3854050624643137,0.8915343915343915,1.2351362593927877,1.0,2025-01,Q1 2025
Hue on Greenhouse,2025-01-31,1.3854050624643137,0.8915343915343915,1.2351362593927877,1.0,2025-01,Q1 2025
Hue on Greenhouse,2025-02-01,1.3854050624643137,0.8888888888888888,1.2314711666349454,1.0,2025-02,Q1 2025
Hue on Greenhouse,2025-02-02,1.3854050624643137,0.8862433862433863,1.2278060738771035,1.0,2025-02,Q1 2025
Hue on Greenhouse,2025-02-03,1.3847832226313144,0.8862433862433863,1.227254972437805,1.0,2025-02,Q1 2025
Hue on Greenhouse,2025-02-04,1.385821918816581,0.8809523809523809,1.2208431189574642,1.0,2025-02,Q1 2025
Hue on Greenhouse,2025-02-05,1.385821918816581,0.8783068783068784,1.2171769234050396,1.0,2025-02,Q1 2025
Hue on Greenhouse,2025-02-06,1.384865615134355,0.8783068783068784,1.2163369953031902,1.0,2025-02,Q1 2025
Hue on Greenhouse,2025-02-07,1.384865615134355,0.8809523809523809,1.2200006609516936,1.0,2025-02,Q1 2025
Hue on Greenhouse,2025-02-08,1.384865615134355,0.8783068783068784,1.2163369953031902,1.0,2025-02,Q1 2025
Hue on Greenhouse,2025-02-09,1.384865615134355,0.8783068783068784,1.2163369953031902,1.0,2025-02,Q1 2025
Hue on Greenhouse,2025-02-10,1.384865615134355,0.8783068783068784,1.2163369953031902,1.0,2025-02,Q1 2025
Hue on Greenhouse,2025-02-11,1.384865615134355,0.8783068783068784,1.2163369953031902,1.0,2025-02,Q1 2025
Hue on Greenhouse,2025-02-12,1.384865615134355,0.8783068783068784,1.2163369953031902,1.0,2025-02,Q1 2025
Hue on Greenhouse,2025-02-13,1.3831357242771352,0.8783068783068784,1.2148176202645737,1.0,2025-02,Q1 2025
Hue on Greenhouse,2025-02-14,1.3831357242771352,0.8809523809523809,1.2184767094822382,1.0,2025-02,Q1 2025
Hue on Greenhouse,2025-02-15,1.3831357242771352,0.8783068783068784,1.2148176202645737,1.0,2025-02,Q1 2025
Hue on Greenhouse,2025-02-16,1.3827734267017533,0.8783068783068784,1.214499411812122,1.0,2025-02,Q1 2025
Hue on Greenhouse,2025-02-17,1.382152077614708,0.8783068783068784,1.2139536766351404,1.0,2025-02,Q1 2025
Hue on Greenhouse,2025-02-18,1.3823773271481359,0.8783068783068784,1.2141515148496855,1.0,2025-02,Q1 2025
Hue on Greenhouse,2025-02-19,1.3823773271481359,0.8783068783068784,1.2141515148496855,1.0,2025-02,Q1 2025
Hue on Greenhouse,2025-02-20,1.3823773271481359,0.8756613756613757,1.2104944319736322,1.0,2025-02,Q1 2025
Hue on Greenhouse,2025-02-21,1.3815091102218746,0.873015873015873,1.2060793819397317,1.0,2025-02,Q1 2025
Hue on Greenhouse,2025-02-22,1.3815091102218746,0.8783068783068784,1.213388953951488,1.0,2025-02,Q1 2025
Hue on Greenhouse,2025-02-23,1.3815091102218746,0.8783068783068784,1.213388953951488,1.0,2025-02,Q1 2025
Hue on Greenhouse,2025-02-24,1.3815091102218746,0.8783068783068784,1.213388953951488,1.0,2025-02,Q1 2025
Hue on Greenhouse,2025-02-25,1.3815091102218746,0.8756613756613757,1.2097341679456097,1.0,2025-02,Q1 2025
Hue on Greenhouse,2025-02-26,1.382487370830362,0.873015873015873,1.2069334189788874,1.0,2025-02,Q1 2025
Hue on Greenhouse,2025-02-27,1.382487370830362,0.873015873015873,1.2069334189788874,1.0,2025-02,Q1 2025
Hue on Greenhouse,2025-02-28,1.380454146279524,0.8677248677248677,1.197854391480645,1.0,2025-02,Q1 2025
Hue on Greenhouse,2025-03-01,1.3785638709520558,0.873015873015873,1.2035081413073503,1.0,2025-03,Q1 2025
Hue on Greenhouse,2025-03-02,1.377740575514581,0.8783068783068784,1.2100790239969337,1.0,2025-03,Q1 2025
Hue on Greenhouse,2025-03-03,1.377392852138724,0.8809523809523809,1.2134175125983997,1.0,2025-03,Q1 2025
Hue on Greenhouse,2025-03-04,1.3765004236553964,0.8835978835978836,1.2162728611134983,1.0,2025-03,Q1 2025
Hue on Greenhouse,2025-03-05,1.3771521426085829,0.8862433862433863,1.2204919782377652,1.0,2025-03,Q1 2025
Hue on Greenhouse,2025-03-06,1.3771521426085829,0.8835978835978836,1.2168487186012347,1.0,2025-03,Q1 2025
Hue on Greenhouse,2025-03-07,1.3771521426085829,0.8756613756613757,1.2059189396916428,1.0,2025-03,Q1 2025
Hue on Greenhouse,2025-03-08,1.3764086894821934,0.873015873015873,1.2016266336749308,1.0,2025-03,Q1 2025
Hue on Greenhouse,2025-03-09,1.3764086894821934,0.8756613756613757,1.2052679265042487,1.0,2025-03,Q1 2025
Hue on Greenhouse,2025-03-10,1.3764086894821934,0.8756613756613757,1.2052679265042487,1.0,2025-03,Q1 2025
Hue on Greenhouse,2025-03-11,1.3756293403695858,0.8703703703703703,1.1973070184698247,1.0,2025-03,Q1 2025
Hue on Greenhouse,2025-03-12,1.3756293403695858,0.873015873015873,1.2009462495290035,1.0,2025-03,Q1 2025
Hue on Greenhouse,2025-03-13,1.3756293403695858,0.873015873015873,1.2009462495290035,1.0,2025-03,Q1 2025
Hue on Greenhouse,2025-03-14,1.3754054405884018,0.8677248677248677,1.1934735040026343,1.0,2025-03,Q1 2025
Hue on Greenhouse,2025-03-15,1.3761751106586873,0.8677248677248677,1.1941413658625646,1.0,2025-03,Q1 2025
Hue on Greenhouse,2025-03-16,1.3770055795698768,0.873015873015873,1.2021477281959243,1.0,2025-03,Q1 2025
Hue on Greenhouse,2025-03-17,1.3770055795698768,0.8756613756613757,1.2057906000995482,1.0,2025-03,Q1 2025
Hue on Greenhouse,2025-03-18,1.3780342993519867,0.873015873015873,1.2030458168945917,1.0,2025-03,Q1 2025
Hue on Greenhouse,2025-03-19,1.3780342993519867,0.873015873015873,1.2030458168945917,1.0,2025-03,Q1 2025
Hue on Greenhouse,2025-03-20,1.3780342993519867,0.873015873015873,1.2030458168945917,1.0,2025-03,Q1 2025
Hue on Greenhouse,2025-03-21,1.3783420731981333,0.8703703703703703,1.1996681007465233,1.0,2025-03,Q1 2025
Hue on Greenhouse,2025-03-22,1.3775716716312052,0.873015873015873,1.2026419355510523,1.0,2025-03,Q1 2025
Hue on Greenhouse,2025-03-23,1.3775716716312052,0.8783068783068784,1.2099306745543918,1.0,2025-03,Q1 2025
Hue on Greenhouse,2025-03-24,1.3752463518569562,0.8783068783068784,1.2078883302024062,1.0,2025-03,Q1 2025
Hue on Greenhouse,2025-03-25,1.3752463518569562,0.8835978835978836,1.2151647659265168,1.0,2025-03,Q1 2025
Hue on Greenhouse,2025-03-26,1.3752463518569562,0.8835978835978836,1.2151647659265168,1.0,2025-03,Q1 2025
Hue on Greenhouse,2025-03-27,1.3752463518569562,0.8835978835978836,1.2151647659265168,1.0,2025-03,Q1 2025
Hue on Greenhouse,2025-03-28,1.3757772593991977,0.8783068783068784,1.2083546299485017,1.0,2025-03,Q1 2025
Hue on Greenhouse,2025-03-29,1.3757772593991977,0.8809523809523809,1.2119942523278646,1.0,2025-03,Q1 2025
Hue on Greenhouse,2025-03-30,1.37570523841947,0.8809523809523809,1.211930805274295,1.0,2025-03,Q1 2025
Hue on Greenhouse,2025-03-31,1.37570523841947,0.8835978835978836,1.2155702371219654,1.0,2025-03,Q1 2025
Hue on Greenhouse,2025-04-01,1.3753595377167769,0.873015873015873,1.2007107075305194,1.0,2025-04,Q2 2025
Hue on Greenhouse,2025-04-02,1.3753595377167769,0.873015873015873,1.2007107075305194,1.0,2025-04,Q2 2025
Hue on Greenhouse,2025-04-03,1.3764516471418278,0.873015873015873,1.201664136393659,1.0,2025-04,Q2 2025
Hue on Greenhouse,2025-04-04,1.3768520788845335,0.8756613756613757,1.2056561854782557,1.0,2025-04,Q2 2025
Hue on Greenhouse,2025-04-05,1.376829158306194,0.8783068783068784,1.2092785199938,1.0,2025-04,Q2 2025
Hue on Greenhouse,2025-04-06,1.3748580459951254,0.8809523809523809,1.2111844690909437,1.0,2025-04,Q2 2025
Hue on Greenhouse,2025-04-07,1.374658598053177,0.8862433862433863,1.2182820908672336,1.0,2025-04,Q2 2025
Hue on Greenhouse,2025-04-08,1.3749570983452086,0.8888888888888888,1.2221840874179632,1.0,2025-04,Q2 2025
Hue on Greenhouse,2025-04-09,1.3763318179390198,0.8835978835978836,1.2161238814593456,1.0,2025-04,Q2 2025
Hue on Greenhouse,2025-04-10,1.3763318179390198,0.8862433862433863,1.2197649709247926,1.0,2025-04,Q2 2025
Hue on Greenhouse,2025-04-11,1.3763318179390198,0.8835978835978836,1.2161238814593456,1.0,2025-04,Q2 2025
Hue on Greenhouse,2025-04-12,1.3763318179390198,0.8835978835978836,1.2161238814593456,1.0,2025-04,Q2 2025
Hue on Greenhouse,2025-04-13,1.3813484291375093,0.8835978835978836,1.2205565484971643,1.0,2025-04,Q2 2025
Vizcaya Apartments,2024-01-12,1.4971299441210038,0.9487179487179487,1.4203540495506959,1.0,2024-01,Q1 2024
Vizcaya Apartments,2024-01-13,1.4971299441210038,0.9487179487179487,1.4203540495506959,1.0,2024-01,Q1 2024
Vizcaya Apartments,2024-01-14,1.4971299441210038,0.9487179487179487,1.4203540495506959,1.0,2024-01,Q1 2024
Vizcaya Apartments,2024-01-15,1.4971299441210038,0.9487179487179487,1.4203540495506959,1.0,2024-01,Q1 2024
Vizcaya Apartments,2024-01-16,1.4971299441210038,0.9487179487179487,1.4203540495506959,1.0,2024-01,Q1 2024
Vizcaya Apartments,2024-01-17,1.4971299441210038,0.9487179487179487,1.4203540495506959,1.0,2024-01,Q1 2024
Vizcaya Apartments,2024-01-18,1.4971299441210038,0.9487179487179487,1.4203540495506959,1.0,2024-01,Q1 2024
Vizcaya Apartments,2024-01-19,1.4971299441210038,0.9455128205128205,1.4155555561400517,1.0,2024-01,Q1 2024
Vizcaya Apartments,2024-01-20,1.4971299441210038,0.9455128205128205,1.4155555561400517,1.0,2024-01,Q1 2024
Vizcaya Apartments,2024-01-21,1.4971299441210038,0.9455128205128205,1.4155555561400517,1.0,2024-01,Q1 2024
Vizcaya Apartments,2024-01-22,1.4971299441210038,0.9455128205128205,1.4155555561400517,1.0,2024-01,Q1 2024
Vizcaya Apartments,2024-01-23,1.4971299441210038,0.9455128205128205,1.4155555561400517,1.0,2024-01,Q1 2024
Vizcaya Apartments,2024-01-24,1.4971299441210038,0.9455128205128205,1.4155555561400517,1.0,2024-01,Q1 2024
Vizcaya Apartments,2024-01-25,1.4971299441210038,0.9423076923076923,1.4107570627294073,1.0,2024-01,Q1 2024
Vizcaya Apartments,2024-01-26,1.4971299441210038,0.9391025641025641,1.405958569318763,1.0,2024-01,Q1 2024
Vizcaya Apartments,2024-01-27,1.4971299441210038,0.9391025641025641,1.405958569318763,1.0,2024-01,Q1 2024
Vizcaya Apartments,2024-01-28,1.4971299441210038,0.9391025641025641,1.405958569318763,1.0,2024-01,Q1 2024
Vizcaya Apartments,2024-01-29,1.4971299441210038,0.9391025641025641,1.405958569318763,1.0,2024-01,Q1 2024
Vizcaya Apartments,2024-01-30,1.4971299441210038,0.9326923076923077,1.3963615824974747,1.0,2024-01,Q1 2024
Vizcaya Apartments,2024-01-31,1.4971299441210038,0.9262820512820513,1.3867645956761863,1.0,2024-01,Q1 2024
Vizcaya Apartments,2024-02-01,1.4971299441210038,0.9262820512820513,1.3867645956761863,1.0,2024-02,Q1 2024
Vizcaya Apartments,2024-02-02,1.4950390118905434,0.9262820512820513,1.3848278026806637,1.0,2024-02,Q1 2024
Vizcaya Apartments,2024-02-03,1.4950390118905434,0.9262820512820513,1.3848278026806637,1.0,2024-02,Q1 2024
Vizcaya Apartments,2024-02-04,1.4950390118905434,0.9262820512820513,1.3848278026806637,1.0,2024-02,Q1 2024
Vizcaya Apartments,2024-02-05,1.4950390118905434,0.9262820512820513,1.3848278026806637,1.0,2024-02,Q1 2024
Vizcaya Apartments,2024-02-06,1.4950390118905434,0.9262820512820513,1.3848278026806637,1.0,2024-02,Q1 2024
Vizcaya Apartments,2024-02-07,1.4950390118905434,0.9262820512820513,1.3848278026806637,1.0,2024-02,Q1 2024
Vizcaya Apartments,2024-02-08,1.4950390118905434,0.9262820512820513,1.3848278026806637,1.0,2024-02,Q1 2024
Vizcaya Apartments,2024-02-09,1.4950390118905434,0.9198717948717948,1.3752442192711087,1.0,2024-02,Q1 2024
Vizcaya Apartments,2024-02-10,1.4950390118905434,0.9198717948717948,1.3752442192711087,1.0,2024-02,Q1 2024
Vizcaya Apartments,2024-02-11,1.4950390118905434,0.9166666666666666,1.3704524275663315,1.0,2024-02,Q1 2024
Vizcaya Apartments,2024-02-12,1.498419724899291,0.9006410256410257,1.349538277874041,1.0,2024-02,Q1 2024
Vizcaya Apartments,2024-02-13,1.498419724899291,0.9038461538461539,1.354340905197436,1.0,2024-02,Q1 2024
Vizcaya Apartments,2024-02-14,1.498419724899291,0.9038461538461539,1.354340905197436,1.0,2024-02,Q1 2024
Vizcaya Apartments,2024-02-15,1.498419724899291,0.9038461538461539,1.354340905197436,1.0,2024-02,Q1 2024
Vizcaya Apartments,2024-02-16,1.498419724899291,0.9038461538461539,1.354340905197436,1.0,2024-02,Q1 2024
Vizcaya Apartments,2024-02-17,1.498419724899291,0.9038461538461539,1.354340905197436,1.0,2024-02,Q1 2024
Vizcaya Apartments,2024-02-18,1.498419724899291,0.9038461538461539,1.354340905197436,1.0,2024-02,Q1 2024
Vizcaya Apartments,2024-02-19,1.4994190144713178,0.9006410256410257,1.3504382790591036,1.0,2024-02,Q1 2024
Vizcaya Apartments,2024-02-20,1.4994190144713178,0.9006410256410257,1.3504382790591036,1.0,2024-02,Q1 2024
Vizcaya Apartments,2024-02-21,1.498132293158644,0.9006410256410257,1.3492794050563428,1.0,2024-02,Q1 2024
Vizcaya Apartments,2024-02-22,1.4979284277895295,0.9038461538461539,1.3538968481943825,1.0,2024-02,Q1 2024
Vizcaya Apartments,2024-02-23,1.4979284277895295,0.907051282051282,1.358697900847554,1.0,2024-02,Q1 2024
Vizcaya Apartments,2024-02-24,1.4979284277895295,0.907051282051282,1.358697900847554,1.0,2024-02,Q1 2024
Vizcaya Apartments,2024-02-25,1.4965895211907727,0.907051282051282,1.3574834439006047,1.0,2024-02,Q1 2024
Vizcaya Apartments,2024-02-26,1.4965895211907727,0.9102564102564102,1.3622802051864726,1.0,2024-02,Q1 2024
Vizcaya Apartments,2024-02-27,1.4965895211907727,0.9102564102564102,1.3622802051864726,1.0,2024-02,Q1 2024
Vizcaya Apartments,2024-02-28,1.4965895211907727,0.9102564102564102,1.3622802051864726,1.0,2024-02,Q1 2024
Vizcaya Apartments,2024-02-29,1.4966678577331214,0.9102564102564102,1.3623515115263027,1.0,2024-02,Q1 2024
Vizcaya Apartments,2024-03-01,1.4966678577331214,0.9134615384615384,1.367148523890832,1.0,2024-03,Q1 2024
Vizcaya Apartments,2024-03-02,1.4953216741988837,0.907051282051282,1.356333441661167,1.0,2024-03,Q1 2024
Vizcaya Apartments,2024-03-03,1.4953216741988837,0.9102564102564102,1.3611261393348812,1.0,2024-03,Q1 2024
Vizcaya Apartments,2024-03-04,1.4990621704176925,0.9102564102564102,1.364530949995592,1.0,2024-03,Q1 2024
Vizcaya Apartments,2024-03-05,1.496110112752689,0.9134615384615384,1.3666390453029371,1.0,2024-03,Q1 2024
Vizcaya Apartments,2024-03-06,1.496110112752689,0.9166666666666666,1.3714342700232982,1.0,2024-03,Q1 2024
Vizcaya Apartments,2024-03-07,1.5001787952246257,0.9134615384615384,1.3703556302532638,1.0,2024-03,Q1 2024
Vizcaya Apartments,2024-03-08,1.4999038233587967,0.9166666666666666,1.374911838078897,1.0,2024-03,Q1 2024
Vizcaya Apartments,2024-03-09,1.4999038233587967,0.9198717948717948,1.3797192221281238,1.0,2024-03,Q1 2024
Vizcaya Apartments,2024-03-10,1.5038734225728694,0.9198717948717948,1.3833707444820944,1.0,2024-03,Q1 2024
Vizcaya Apartments,2024-03-11,1.5038734225728694,0.9262820512820513,1.3930109587293567,1.0,2024-03,Q1 2024
Vizcaya Apartments,2024-03-12,1.5071453038885103,0.9262820512820513,1.39604164366596,1.0,2024-03,Q1 2024
Vizcaya Apartments,2024-03-13,1.5071453038885103,0.9262820512820513,1.39604164366596,1.0,2024-03,Q1 2024
Vizcaya Apartments,2024-03-14,1.507751742805571,0.9262820512820513,1.3966033771500321,1.0,2024-03,Q1 2024
Vizcaya Apartments,2024-03-15,1.507751742805571,0.9230769230769231,1.3917708395128348,1.0,2024-03,Q1 2024
Vizcaya Apartments,2024-03-16,1.507751742805571,0.9198717948717948,1.3869383018756372,1.0,2024-03,Q1 2024
Vizcaya Apartments,2024-03-17,1.5099460368422226,0.9198717948717948,1.3889567710696085,1.0,2024-03,Q1 2024
Vizcaya Apartments,2024-03-18,1.5099460368422226,0.9230769230769231,1.3937963417005133,1.0,2024-03,Q1 2024
Vizcaya Apartments,2024-03-19,1.5099460368422226,0.9198717948717948,1.3889567710696085,1.0,2024-03,Q1 2024
Vizcaya Apartments,2024-03-20,1.5099460368422226,0.9166666666666666,1.384117200438704,1.0,2024-03,Q1 2024
Vizcaya Apartments,2024-03-21,1.5099460368422226,0.9102564102564102,1.374438059176895,1.0,2024-03,Q1 2024
Vizcaya Apartments,2024-03-22,1.5099460368422226,0.9006410256410257,1.3599193472841813,1.0,2024-03,Q1 2024
Vizcaya Apartments,2024-03-23,1.508137843709975,0.9006410256410257,1.3582908143669967,1.0,2024-03,Q1 2024
Vizcaya Apartments,2024-03-24,1.5132191112572495,0.9006410256410257,1.3628672123823304,1.0,2024-03,Q1 2024
Vizcaya Apartments,2024-03-25,1.5132191112572495,0.907051282051282,1.3725673348903897,1.0,2024-03,Q1 2024
Vizcaya Apartments,2024-03-26,1.5132191112572495,0.907051282051282,1.3725673348903897,1.0,2024-03,Q1 2024
Vizcaya Apartments,2024-03-27,1.516628613803287,0.9038461538461539,1.3707989393991247,1.0,2024-03,Q1 2024
Vizcaya Apartments,2024-03-28,1.516628613803287,0.9038461538461539,1.3707989393991247,1.0,2024-03,Q1 2024
Vizcaya Apartments,2024-03-29,1.516628613803287,0.9006410256410257,1.3659379502523195,1.0,2024-03,Q1 2024
Vizcaya Apartments,2024-03-30,1.516628613803287,0.8974358974358975,1.361076961105514,1.0,2024-03,Q1 2024
Vizcaya Apartments,2024-03-31,1.516628613803287,0.8942307692307693,1.3562159719587086,1.0,2024-03,Q1 2024
Vizcaya Apartments,2024-04-01,1.516628613803287,0.8942307692307693,1.3562159719587086,1.0,2024-04,Q2 2024
Vizcaya Apartments,2024-04-02,1.516628613803287,0.8942307692307693,1.3562159719587086,1.0,2024-04,Q2 2024
Vizcaya Apartments,2024-04-03,1.5160476220691612,0.8942307692307693,1.3556964312733846,1.0,2024-04,Q2 2024
Vizcaya Apartments,2024-04-04,1.5160476220691612,0.8974358974358975,1.360555558267196,1.0,2024-04,Q2 2024
Vizcaya Apartments,2024-04-05,1.5171285300191188,0.891025641025641,1.3518004209785737,1.0,2024-04,Q2 2024
Vizcaya Apartments,2024-04-06,1.5171285300191188,0.891025641025641,1.3518004209785737,1.0,2024-04,Q2 2024
Vizcaya Apartments,2024-04-07,1.5171285300191188,0.891025641025641,1.3518004209785737,1.0,2024-04,Q2 2024
Vizcaya Apartments,2024-04-08,1.5171285300191188,0.891025641025641,1.3518004209785737,1.0,2024-04,Q2 2024
Vizcaya Apartments,2024-04-09,1.5171285300191188,0.8814102564102564,1.3372126466514669,1.0,2024-04,Q2 2024
Vizcaya Apartments,2024-04-10,1.5171285300191188,0.8814102564102564,1.3372126466514669,1.0,2024-04,Q2 2024
Vizcaya Apartments,2024-04-11,1.5171285300191188,0.8814102564102564,1.3372126466514669,1.0,2024-04,Q2 2024
Vizcaya Apartments,2024-04-12,1.5171285300191188,0.875,1.327487463766729,1.0,2024-04,Q2 2024
Vizcaya Apartments,2024-04-13,1.5171285300191188,0.875,1.327487463766729,1.0,2024-04,Q2 2024
Vizcaya Apartments,2024-04-14,1.5165534987942522,0.8717948717948718,1.3221235630513994,1.0,2024-04,Q2 2024
Vizcaya Apartments,2024-04-15,1.5165534987942522,0.875,1.3269843114449706,1.0,2024-04,Q2 2024
Vizcaya Apartments,2024-04-16,1.5106683414326072,0.8653846153846154,1.3073091416243716,1.0,2024-04,Q2 2024
Vizcaya Apartments,2024-04-17,1.5086611305146447,0.8717948717948718,1.315243036858921,1.0,2024-04,Q2 2024
Vizcaya Apartments,2024-04-18,1.5037208362958447,0.875,1.3157557317588642,1.0,2024-04,Q2 2024
Vizcaya Apartments,2024-04-19,1.5037208362958447,0.8814102564102564,1.3253949678889656,1.0,2024-04,Q2 2024
Vizcaya Apartments,2024-04-20,1.5037208362958447,0.8782051282051282,1.320575349823915,1.0,2024-04,Q2 2024
Vizcaya Apartments,2024-04-21,1.5018749511131548,0.8782051282051282,1.3189542839903987,1.0,2024-04,Q2 2024
Vizcaya Apartments,2024-04-22,1.5018749511131548,0.8814102564102564,1.323767985756787,1.0,2024-04,Q2 2024
Vizcaya Apartments,2024-04-23,1.5044150378001748,0.875,1.316363158075153,1.0,2024-04,Q2 2024
Vizcaya Apartments,2024-04-24,1.5032141234767409,0.875,1.3153123580421482,1.0,2024-04,Q2 2024
Vizcaya Apartments,2024-04-25,1.504903665522114,0.8782051282051282,1.3216141165162154,1.0,2024-04,Q2 2024
Vizcaya Apartments,2024-04-26,1.5001859572465353,0.8782051282051282,1.3174710009152264,1.0,2024-04,Q2 2024
Vizcaya Apartments,2024-04-27,1.4990990400091755,0.8814102564102564,1.3213212692388565,1.0,2024-04,Q2 2024
Vizcaya Apartments,2024-04-28,1.5007686974885748,0.8846153846153846,1.3276030785475854,1.0,2024-04,Q2 2024
Vizcaya Apartments,2024-04-29,1.4979600925217305,0.8846153846153846,1.3251185433846078,1.0,2024-04,Q2 2024
Vizcaya Apartments,2024-04-30,1.498361860421905,0.8846153846153846,1.3254739534501465,1.0,2024-04,Q2 2024
Vizcaya Apartments,2024-05-01,1.4961897995472668,0.891025641025641,1.3331434752376288,1.0,2024-05,Q2 2024
Vizcaya Apartments,2024-05-02,1.4961897995472668,0.8974358974358975,1.342734435491137,1.0,2024-05,Q2 2024
Vizcaya Apartments,2024-05-03,1.4938210336870517,0.8942307692307693,1.3358207320470752,1.0,2024-05,Q2 2024
Vizcaya Apartments,2024-05-04,1.4938210336870517,0.9038461538461539,1.3501843958325275,1.0,2024-05,Q2 2024
Vizcaya Apartments,2024-05-05,1.487889865276757,0.9038461538461539,1.3448235320770687,1.0,2024-05,Q2 2024
Vizcaya Apartments,2024-05-06,1.487889865276757,0.9134615384615384,1.3591301653970376,1.0,2024-05,Q2 2024
Vizcaya Apartments,2024-05-07,1.4847300160808454,0.9102564102564102,1.3514850146376927,1.0,2024-05,Q2 2024
Vizcaya Apartments,2024-05-08,1.4843922689807836,0.9166666666666666,1.3606929132323848,1.0,2024-05,Q2 2024
Vizcaya Apartments,2024-05-09,1.483684146261321,0.9230769230769231,1.3695545965489118,1.0,2024-05,Q2 2024
Vizcaya Apartments,2024-05-10,1.483684146261321,0.9230769230769231,1.3695545965489118,1.0,2024-05,Q2 2024
Vizcaya Apartments,2024-05-11,1.483684146261321,0.9198717948717948,1.364799198644228,1.0,2024-05,Q2 2024
Vizcaya Apartments,2024-05-12,1.4818358587807516,0.9198717948717948,1.3630990111220376,1.0,2024-05,Q2 2024
Vizcaya Apartments,2024-05-13,1.4833675150387624,0.9230769230769231,1.3692623215742423,1.0,2024-05,Q2 2024
Vizcaya Apartments,2024-05-14,1.4833675150387624,0.9230769230769231,1.3692623215742423,1.0,2024-05,Q2 2024
Vizcaya Apartments,2024-05-15,1.4805529998862248,0.9198717948717948,1.361918945408162,1.0,2024-05,Q2 2024
Vizcaya Apartments,2024-05-16,1.4791970370486864,0.9198717948717948,1.3606716334390159,1.0,2024-05,Q2 2024
Vizcaya Apartments,2024-05-17,1.4811077867761704,0.9230769230769231,1.367176418562619,1.0,2024-05,Q2 2024
Vizcaya Apartments,2024-05-18,1.4805079677075412,0.9262820512820513,1.3713679572675623,1.0,2024-05,Q2 2024
Vizcaya Apartments,2024-05-19,1.4826850439080708,0.9326923076923077,1.3828889351834892,1.0,2024-05,Q2 2024
Vizcaya Apartments,2024-05-20,1.4826850439080708,0.9326923076923077,1.3828889351834892,1.0,2024-05,Q2 2024
Vizcaya Apartments,2024-05-21,1.4826850439080708,0.9326923076923077,1.3828889351834892,1.0,2024-05,Q2 2024
Vizcaya Apartments,2024-05-22,1.4818244772737312,0.9326923076923077,1.382086291303384,1.0,2024-05,Q2 2024
Vizcaya Apartments,2024-05-23,1.4818244772737312,0.9326923076923077,1.382086291303384,1.0,2024-05,Q2 2024
Vizcaya Apartments,2024-05-24,1.484661437383604,0.9326923076923077,1.3847323021750921,1.0,2024-05,Q2 2024
Vizcaya Apartments,2024-05-25,1.484661437383604,0.9326923076923077,1.3847323021750921,1.0,2024-05,Q2 2024
Vizcaya Apartments,2024-05-26,1.484661437383604,0.9326923076923077,1.3847323021750921,1.0,2024-05,Q2 2024
Vizcaya Apartments,2024-05-27,1.484661437383604,0.9326923076923077,1.3847323021750921,1.0,2024-05,Q2 2024
Vizcaya Apartments,2024-05-28,1.484661437383604,0.9326923076923077,1.3847323021750921,1.0,2024-05,Q2 2024
Vizcaya Apartments,2024-05-29,1.4833363825686818,0.9326923076923077,1.3834964337419438,1.0,2024-05,Q2 2024
Vizcaya Apartments,2024-05-30,1.4833363825686818,0.9358974358974359,1.3882507170194074,1.0,2024-05,Q2 2024
Vizcaya Apartments,2024-05-31,1.4833363825686818,0.9294871794871795,1.37874215046448,1.0,2024-05,Q2 2024
Vizcaya Apartments,2024-06-01,1.4833363825686818,0.9262820512820513,1.3739878671870163,1.0,2024-06,Q2 2024
Vizcaya Apartments,2024-06-02,1.4833363825686818,0.9230769230769231,1.3692335839095526,1.0,2024-06,Q2 2024
Vizcaya Apartments,2024-06-03,1.4833363825686818,0.9230769230769231,1.3692335839095526,1.0,2024-06,Q2 2024
Vizcaya Apartments,2024-06-04,1.4856462505522483,0.9230769230769231,1.371365769740537,1.0,2024-06,Q2 2024
Vizcaya Apartments,2024-06-05,1.4841370712149389,0.9262820512820513,1.3747295307087095,1.0,2024-06,Q2 2024
Vizcaya Apartments,2024-06-06,1.4841370712149389,0.9230769230769231,1.369972681121482,1.0,2024-06,Q2 2024
Vizcaya Apartments,2024-06-07,1.4841370712149389,0.9230769230769231,1.369972681121482,1.0,2024-06,Q2 2024
Vizcaya Apartments,2024-06-08,1.4841370712149389,0.9230769230769231,1.369972681121482,1.0,2024-06,Q2 2024
Vizcaya Apartments,2024-06-09,1.4841370712149389,0.9230769230769231,1.369972681121482,1.0,2024-06,Q2 2024
Vizcaya Apartments,2024-06-10,1.4841370712149389,0.9230769230769231,1.369972681121482,1.0,2024-06,Q2 2024
Vizcaya Apartments,2024-06-11,1.4823638966565889,0.9198717948717948,1.363584738270644,1.0,2024-06,Q2 2024
Vizcaya Apartments,2024-06-12,1.4808186701540822,0.9198717948717948,1.3621633279943,1.0,2024-06,Q2 2024
Vizcaya Apartments,2024-06-13,1.4820731155745162,0.9198717948717948,1.3633172569547631,1.0,2024-06,Q2 2024
Vizcaya Apartments,2024-06-14,1.4820731155745162,0.9262820512820513,1.3728177256443435,1.0,2024-06,Q2 2024
Vizcaya Apartments,2024-06-15,1.4820731155745162,0.9262820512820513,1.3728177256443435,1.0,2024-06,Q2 2024
Vizcaya Apartments,2024-06-16,1.4820731155745162,0.9262820512820513,1.3728177256443435,1.0,2024-06,Q2 2024
Vizcaya Apartments,2024-06-17,1.4820731155745162,0.9134615384615384,1.353816788265183,1.0,2024-06,Q2 2024
Vizcaya Apartments,2024-06-18,1.4853001144611266,0.9102564102564102,1.3520039503428203,1.0,2024-06,Q2 2024
Vizcaya Apartments,2024-06-19,1.4855665844118735,0.9134615384615384,1.3570079376839228,1.0,2024-06,Q2 2024
Vizcaya Apartments,2024-06-20,1.4841186086555798,0.9134615384615384,1.3556852675219238,1.0,2024-06,Q2 2024
Vizcaya Apartments,2024-06-21,1.4841186086555798,0.9102564102564102,1.3509284771095662,1.0,2024-06,Q2 2024
Vizcaya Apartments,2024-06-22,1.4841186086555798,0.907051282051282,1.3461716866972087,1.0,2024-06,Q2 2024
Vizcaya Apartments,2024-06-23,1.4841186086555798,0.907051282051282,1.3461716866972087,1.0,2024-06,Q2 2024
Vizcaya Apartments,2024-06-24,1.4841186086555798,0.907051282051282,1.3461716866972087,1.0,2024-06,Q2 2024
Vizcaya Apartments,2024-06-25,1.4841186086555798,0.9038461538461539,1.3414148962848509,1.0,2024-06,Q2 2024
Vizcaya Apartments,2024-06-26,1.4841186086555798,0.9038461538461539,1.3414148962848509,1.0,2024-06,Q2 2024
Vizcaya Apartments,2024-06-27,1.4831851026548593,0.9038461538461539,1.3405711504765074,1.0,2024-06,Q2 2024
Vizcaya Apartments,2024-06-28,1.4831851026548593,0.907051282051282,1.3453249488824524,1.0,2024-06,Q2 2024
Vizcaya Apartments,2024-06-29,1.4831851026548593,0.907051282051282,1.3453249488824524,1.0,2024-06,Q2 2024
Vizcaya Apartments,2024-06-30,1.4831851026548593,0.907051282051282,1.3453249488824524,1.0,2024-06,Q2 2024
Vizcaya Apartments,2024-07-01,1.4831851026548593,0.9038461538461539,1.3405711504765074,1.0,2024-07,Q3 2024
Vizcaya Apartments,2024-07-02,1.483780356043344,0.9006410256410257,1.3363534616928836,1.0,2024-07,Q3 2024
Vizcaya Apartments,2024-07-03,1.484642547772469,0.8974358974358975,1.332371517231703,1.0,2024-07,Q3 2024
Vizcaya Apartments,2024-07-04,1.484642547772469,0.907051282051282,1.3466469263448997,1.0,2024-07,Q3 2024
Vizcaya Apartments,2024-07-05,1.484642547772469,0.9038461538461539,1.3418884566405007,1.0,2024-07,Q3 2024
Vizcaya Apartments,2024-07-06,1.484642547772469,0.9038461538461539,1.3418884566405007,1.0,2024-07,Q3 2024
Vizcaya Apartments,2024-07-07,1.4859464168599854,0.9038461538461539,1.3430669537003714,1.0,2024-07,Q3 2024
Vizcaya Apartments,2024-07-08,1.4858941189477135,0.9134615384615384,1.3573071278849305,1.0,2024-07,Q3 2024
Vizcaya Apartments,2024-07-09,1.4858941189477135,0.9166666666666666,1.362069609035404,1.0,2024-07,Q3 2024
Vizcaya Apartments,2024-07-10,1.4843213348114304,0.9166666666666666,1.3606278902438111,1.0,2024-07,Q3 2024
Vizcaya Apartments,2024-07-11,1.4834599844714398,0.9230769230769231,1.3693476779736369,1.0,2024-07,Q3 2024
Vizcaya Apartments,2024-07-12,1.4834599844714398,0.9262820512820513,1.3741023574110451,1.0,2024-07,Q3 2024
Vizcaya Apartments,2024-07-13,1.4829090266391514,0.9198717948717948,1.3640861879661423,1.0,2024-07,Q3 2024
Vizcaya Apartments,2024-07-14,1.482118058975921,0.9230769230769231,1.368108977516235,1.0,2024-07,Q3 2024
Vizcaya Apartments,2024-07-15,1.482118058975921,0.9294871794871795,1.3776097343045421,1.0,2024-07,Q3 2024
Vizcaya Apartments,2024-07-16,1.482118058975921,0.9294871794871795,1.3776097343045421,1.0,2024-07,Q3 2024
Vizcaya Apartments,2024-07-17,1.4804887585693025,0.9294871794871795,1.3760953204650568,1.0,2024-07,Q3 2024
Vizcaya Apartments,2024-07-18,1.4804887585693025,0.9326923076923077,1.3808404767425226,1.0,2024-07,Q3 2024
Vizcaya Apartments,2024-07-19,1.4804887585693025,0.9326923076923077,1.3808404767425226,1.0,2024-07,Q3 2024
Vizcaya Apartments,2024-07-20,1.4804887585693025,0.9294871794871795,1.3760953204650568,1.0,2024-07,Q3 2024
Vizcaya Apartments,2024-07-21,1.4797443197447817,0.9294871794871795,1.3754033741217522,1.0,2024-07,Q3 2024
Vizcaya Apartments,2024-07-22,1.4797443197447817,0.9326923076923077,1.3801461443773444,1.0,2024-07,Q3 2024
Vizcaya Apartments,2024-07-23,1.4797443197447817,0.9262820512820513,1.37066060386616,1.0,2024-07,Q3 2024
Vizcaya Apartments,2024-07-24,1.4806983358362724,0.9230769230769231,1.3667984638488668,1.0,2024-07,Q3 2024
Vizcaya Apartments,2024-07-25,1.4799625501262157,0.9262820512820513,1.3708627467515269,1.0,2024-07,Q3 2024
Vizcaya Apartments,2024-07-26,1.4799625501262157,0.9294871794871795,1.3756062164634697,1.0,2024-07,Q3 2024
Vizcaya Apartments,2024-07-27,1.4799625501262157,0.9262820512820513,1.3708627467515269,1.0,2024-07,Q3 2024
Vizcaya Apartments,2024-07-28,1.4799625501262157,0.9262820512820513,1.3708627467515269,1.0,2024-07,Q3 2024
Vizcaya Apartments,2024-07-29,1.4799625501262157,0.9262820512820513,1.3708627467515269,1.0,2024-07,Q3 2024
Vizcaya Apartments,2024-07-30,1.4812939369377645,0.9262820512820513,1.372095986458378,1.0,2024-07,Q3 2024
Vizcaya Apartments,2024-07-31,1.48030449162346,0.9326923076923077,1.3806686123795733,1.0,2024-07,Q3 2024
Vizcaya Apartments,2024-08-01,1.48030449162346,0.9326923076923077,1.3806686123795733,1.0,2024-08,Q3 2024
Vizcaya Apartments,2024-08-02,1.48030449162346,0.9326923076923077,1.3806686123795733,1.0,2024-08,Q3 2024
Vizcaya Apartments,2024-08-03,1.48030449162346,0.9326923076923077,1.3806686123795733,1.0,2024-08,Q3 2024
Vizcaya Apartments,2024-08-04,1.48030449162346,0.9326923076923077,1.3806686123795733,1.0,2024-08,Q3 2024
Vizcaya Apartments,2024-08-05,1.4793838438480578,0.9294871794871795,1.3750683163972333,1.0,2024-08,Q3 2024
Vizcaya Apartments,2024-08-06,1.4792495243403534,0.9358974358974359,1.3844258368826385,1.0,2024-08,Q3 2024
Vizcaya Apartments,2024-08-07,1.4792495243403534,0.9455128205128205,1.3986493900012957,1.0,2024-08,Q3 2024
Vizcaya Apartments,2024-08-08,1.4792495243403534,0.9455128205128205,1.3986493900012957,1.0,2024-08,Q3 2024
Vizcaya Apartments,2024-08-09,1.4792495243403534,0.9455128205128205,1.3986493900012957,1.0,2024-08,Q3 2024
Vizcaya Apartments,2024-08-10,1.4795623968177152,0.9455128205128205,1.3989452149398267,1.0,2024-08,Q3 2024
Vizcaya Apartments,2024-08-11,1.4791309738112397,0.9519230769230769,1.4080189077626224,1.0,2024-08,Q3 2024
Vizcaya Apartments,2024-08-12,1.4791309738112397,0.9551282051282052,1.4127597121658637,1.0,2024-08,Q3 2024
Vizcaya Apartments,2024-08-13,1.4791309738112397,0.9551282051282052,1.4127597121658637,1.0,2024-08,Q3 2024
Vizcaya Apartments,2024-08-14,1.4791309738112397,0.9551282051282052,1.4127597121658637,1.0,2024-08,Q3 2024
Vizcaya Apartments,2024-08-15,1.4791309738112397,0.9551282051282052,1.4127597121658637,1.0,2024-08,Q3 2024
Vizcaya Apartments,2024-08-16,1.4791309738112397,0.9519230769230769,1.4080189077626224,1.0,2024-08,Q3 2024
Vizcaya Apartments,2024-08-17,1.4791309738112397,0.9519230769230769,1.4080189077626224,1.0,2024-08,Q3 2024
Vizcaya Apartments,2024-08-18,1.4791309738112397,0.9519230769230769,1.4080189077626224,1.0,2024-08,Q3 2024
Vizcaya Apartments,2024-08-19,1.4791309738112397,0.9519230769230769,1.4080189077626224,1.0,2024-08,Q3 2024
Vizcaya Apartments,2024-08-20,1.479018734512778,0.9487179487179487,1.4031716199223792,1.0,2024-08,Q3 2024
Vizcaya Apartments,2024-08-21,1.479018734512778,0.9519230769230769,1.407912064584279,1.0,2024-08,Q3 2024
Vizcaya Apartments,2024-08-22,1.4812108980554481,0.9519230769230769,1.4099988356489361,1.0,2024-08,Q3 2024
Vizcaya Apartments,2024-08-23,1.4812108980554481,0.9551282051282052,1.414746306476037,1.0,2024-08,Q3 2024
Vizcaya Apartments,2024-08-24,1.4812108980554481,0.9519230769230769,1.4099988356489361,1.0,2024-08,Q3 2024
Vizcaya Apartments,2024-08-25,1.4849863179914078,0.9519230769230769,1.4135927450110515,1.0,2024-08,Q3 2024
Vizcaya Apartments,2024-08-26,1.4849863179914078,0.9583333333333334,1.4231118880750993,1.0,2024-08,Q3 2024
Vizcaya Apartments,2024-08-27,1.4849863179914078,0.9583333333333334,1.4231118880750993,1.0,2024-08,Q3 2024
Vizcaya Apartments,2024-08-28,1.4849863179914078,0.9583333333333334,1.4231118880750993,1.0,2024-08,Q3 2024
Vizcaya Apartments,2024-08-29,1.4849863179914078,0.9583333333333334,1.4231118880750993,1.0,2024-08,Q3 2024
Vizcaya Apartments,2024-08-30,1.4849863179914078,0.9583333333333334,1.4231118880750993,1.0,2024-08,Q3 2024
Vizcaya Apartments,2024-08-31,1.4849863179914078,0.9583333333333334,1.4231118880750993,1.0,2024-08,Q3 2024
Vizcaya Apartments,2024-09-01,1.4849863179914078,0.9551282051282052,1.4183523165430754,1.0,2024-09,Q3 2024
Vizcaya Apartments,2024-09-02,1.4849863179914078,0.9551282051282052,1.4183523165430754,1.0,2024-09,Q3 2024
Vizcaya Apartments,2024-09-03,1.4849863179914078,0.9551282051282052,1.4183523165430754,1.0,2024-09,Q3 2024
Vizcaya Apartments,2024-09-04,1.4846858651964585,0.9487179487179487,1.408548128519717,1.0,2024-09,Q3 2024
Vizcaya Apartments,2024-09-05,1.4846858651964585,0.9519230769230769,1.4133067370620134,1.0,2024-09,Q3 2024
Vizcaya Apartments,2024-09-06,1.4847011629525526,0.9487179487179487,1.4085626417754986,1.0,2024-09,Q3 2024
Vizcaya Apartments,2024-09-07,1.4847011629525526,0.9455128205128205,1.4038039842019328,1.0,2024-09,Q3 2024
Vizcaya Apartments,2024-09-08,1.4845553748451359,0.9423076923076923,1.3989079493733012,1.0,2024-09,Q3 2024
Vizcaya Apartments,2024-09-09,1.4845553748451359,0.9455128205128205,1.4036661396772918,1.0,2024-09,Q3 2024
Vizcaya Apartments,2024-09-10,1.4845553748451359,0.9455128205128205,1.4036661396772918,1.0,2024-09,Q3 2024
Vizcaya Apartments,2024-09-11,1.4845553748451359,0.9423076923076923,1.3989079493733012,1.0,2024-09,Q3 2024
Vizcaya Apartments,2024-09-12,1.4845553748451359,0.9391025641025641,1.3941497590693104,1.0,2024-09,Q3 2024
Vizcaya Apartments,2024-09-13,1.4845553748451359,0.9391025641025641,1.3941497590693104,1.0,2024-09,Q3 2024
Vizcaya Apartments,2024-09-14,1.4845553748451359,0.9391025641025641,1.3941497590693104,1.0,2024-09,Q3 2024
Vizcaya Apartments,2024-09-15,1.4845553748451359,0.9391025641025641,1.3941497590693104,1.0,2024-09,Q3 2024
Vizcaya Apartments,2024-09-16,1.4845553748451359,0.9391025641025641,1.3941497590693104,1.0,2024-09,Q3 2024
Vizcaya Apartments,2024-09-17,1.4845553748451359,0.9391025641025641,1.3941497590693104,1.0,2024-09,Q3 2024
Vizcaya Apartments,2024-09-18,1.4845553748451359,0.9391025641025641,1.3941497590693104,1.0,2024-09,Q3 2024
Vizcaya Apartments,2024-09-19,1.4845553748451359,0.9294871794871795,1.379875188157338,1.0,2024-09,Q3 2024
Vizcaya Apartments,2024-09-20,1.4845553748451359,0.9262820512820513,1.375116997853347,1.0,2024-09,Q3 2024
Vizcaya Apartments,2024-09-21,1.4845553748451359,0.9262820512820513,1.375116997853347,1.0,2024-09,Q3 2024
Vizcaya Apartments,2024-09-22,1.4845553748451359,0.9230769230769231,1.3703588075493562,1.0,2024-09,Q3 2024
Vizcaya Apartments,2024-09-23,1.4845553748451359,0.9230769230769231,1.3703588075493562,1.0,2024-09,Q3 2024
Vizcaya Apartments,2024-09-24,1.4845553748451359,0.9198717948717948,1.3656006172453654,1.0,2024-09,Q3 2024
Vizcaya Apartments,2024-09-25,1.4845553748451359,0.9198717948717948,1.3656006172453654,1.0,2024-09,Q3 2024
Vizcaya Apartments,2024-09-26,1.4845553748451359,0.9102564102564102,1.351326046333393,1.0,2024-09,Q3 2024
Vizcaya Apartments,2024-09-27,1.4845553748451359,0.9102564102564102,1.351326046333393,1.0,2024-09,Q3 2024
Vizcaya Apartments,2024-09-28,1.486510377710714,0.9102564102564102,1.353105600223855,1.0,2024-09,Q3 2024
Vizcaya Apartments,2024-09-29,1.4861694924141307,0.9134615384615384,1.3575586709552154,1.0,2024-09,Q3 2024
Vizcaya Apartments,2024-09-30,1.4861694924141307,0.9134615384615384,1.3575586709552154,1.0,2024-09,Q3 2024
Vizcaya Apartments,2024-10-01,1.4861694924141307,0.9134615384615384,1.3575586709552154,1.0,2024-10,Q4 2024
Vizcaya Apartments,2024-10-02,1.4861694924141307,0.9134615384615384,1.3575586709552154,1.0,2024-10,Q4 2024
Vizcaya Apartments,2024-10-03,1.4861694924141307,0.9102564102564102,1.3527953071974779,1.0,2024-10,Q4 2024
Vizcaya Apartments,2024-10-04,1.4861694924141307,0.907051282051282,1.3480319434397403,1.0,2024-10,Q4 2024
Vizcaya Apartments,2024-10-05,1.4861694924141307,0.9038461538461539,1.3432685796820028,1.0,2024-10,Q4 2024
Vizcaya Apartments,2024-10-06,1.4861694924141307,0.9038461538461539,1.3432685796820028,1.0,2024-10,Q4 2024
Vizcaya Apartments,2024-10-07,1.485808818796394,0.9038461538461539,1.3429425862198177,1.0,2024-10,Q4 2024
Vizcaya Apartments,2024-10-08,1.484283861815557,0.907051282051282,1.346321579787829,1.0,2024-10,Q4 2024
Vizcaya Apartments,2024-10-09,1.484283861815557,0.907051282051282,1.346321579787829,1.0,2024-10,Q4 2024
Vizcaya Apartments,2024-10-10,1.484283861815557,0.9038461538461539,1.3415642597179072,1.0,2024-10,Q4 2024
Vizcaya Apartments,2024-10-11,1.484283861815557,0.9038461538461539,1.3415642597179072,1.0,2024-10,Q4 2024
Vizcaya Apartments,2024-10-12,1.484283861815557,0.9038461538461539,1.3415642597179072,1.0,2024-10,Q4 2024
Vizcaya Apartments,2024-10-13,1.484283861815557,0.9038461538461539,1.3415642597179072,1.0,2024-10,Q4 2024
Vizcaya Apartments,2024-10-14,1.484283861815557,0.9038461538461539,1.3415642597179072,1.0,2024-10,Q4 2024
Vizcaya Apartments,2024-10-15,1.484283861815557,0.9038461538461539,1.3415642597179072,1.0,2024-10,Q4 2024
Vizcaya Apartments,2024-10-16,1.484283861815557,0.9038461538461539,1.3415642597179072,1.0,2024-10,Q4 2024
Vizcaya Apartments,2024-10-17,1.484283861815557,0.9006410256410257,1.3368069396479856,1.0,2024-10,Q4 2024
Vizcaya Apartments,2024-10-18,1.4850576936965652,0.9006410256410257,1.3375038843869707,1.0,2024-10,Q4 2024
Vizcaya Apartments,2024-10-19,1.4850576936965652,0.9006410256410257,1.3375038843869707,1.0,2024-10,Q4 2024
Vizcaya Apartments,2024-10-20,1.4842709795608564,0.9006410256410257,1.3367953373608996,1.0,2024-10,Q4 2024
Vizcaya Apartments,2024-10-21,1.4842709795608564,0.9038461538461539,1.3415526161415432,1.0,2024-10,Q4 2024
Vizcaya Apartments,2024-10-22,1.4842709795608564,0.8974358974358975,1.3320380585802558,1.0,2024-10,Q4 2024
Vizcaya Apartments,2024-10-23,1.4837729472638554,0.8942307692307693,1.326835423995563,1.0,2024-10,Q4 2024
Vizcaya Apartments,2024-10-24,1.4837729472638554,0.8974358974358975,1.3315911065188446,1.0,2024-10,Q4 2024
Vizcaya Apartments,2024-10-25,1.4826710494511515,0.8942307692307693,1.3258500730668952,1.0,2024-10,Q4 2024
Vizcaya Apartments,2024-10-26,1.4826710494511515,0.8942307692307693,1.3258500730668952,1.0,2024-10,Q4 2024
Vizcaya Apartments,2024-10-27,1.4826710494511515,0.8942307692307693,1.3258500730668952,1.0,2024-10,Q4 2024
Vizcaya Apartments,2024-10-28,1.4826710494511515,0.8942307692307693,1.3258500730668952,1.0,2024-10,Q4 2024
Vizcaya Apartments,2024-10-29,1.4826710494511515,0.891025641025641,1.321097922267372,1.0,2024-10,Q4 2024
Vizcaya Apartments,2024-10-30,1.4826710494511515,0.891025641025641,1.321097922267372,1.0,2024-10,Q4 2024
Vizcaya Apartments,2024-10-31,1.4826710494511515,0.891025641025641,1.321097922267372,1.0,2024-10,Q4 2024
Vizcaya Apartments,2024-11-01,1.4826710494511515,0.891025641025641,1.321097922267372,1.0,2024-11,Q4 2024
Vizcaya Apartments,2024-11-02,1.482025639207921,0.8814102564102564,1.3062725986608277,1.0,2024-11,Q4 2024
Vizcaya Apartments,2024-11-03,1.481084107714038,0.8846153846153846,1.3101897875931874,1.0,2024-11,Q4 2024
Vizcaya Apartments,2024-11-04,1.481084107714038,0.8878205128205128,1.3149368520409888,1.0,2024-11,Q4 2024
Vizcaya Apartments,2024-11-05,1.481084107714038,0.8878205128205128,1.3149368520409888,1.0,2024-11,Q4 2024
Vizcaya Apartments,2024-11-06,1.481084107714038,0.8878205128205128,1.3149368520409888,1.0,2024-11,Q4 2024
Vizcaya Apartments,2024-11-07,1.4795048328998033,0.8878205128205128,1.3135347394655303,1.0,2024-11,Q4 2024
Vizcaya Apartments,2024-11-08,1.4795048328998033,0.891025641025641,1.318276742135081,1.0,2024-11,Q4 2024
Vizcaya Apartments,2024-11-09,1.4795048328998033,0.891025641025641,1.318276742135081,1.0,2024-11,Q4 2024
Vizcaya Apartments,2024-11-10,1.4784937175374646,0.891025641025641,1.3173758124212023,1.0,2024-11,Q4 2024
Vizcaya Apartments,2024-11-11,1.4784937175374646,0.8942307692307693,1.3221145743363867,1.0,2024-11,Q4 2024
Vizcaya Apartments,2024-11-12,1.4765395613600822,0.8878205128205128,1.3109021105664833,1.0,2024-11,Q4 2024
Vizcaya Apartments,2024-11-13,1.4757741246437353,0.891025641025641,1.3149525854197384,1.0,2024-11,Q4 2024
Vizcaya Apartments,2024-11-14,1.4758232741220725,0.8942307692307693,1.3197265816668533,1.0,2024-11,Q4 2024
Vizcaya Apartments,2024-11-15,1.4766693190515303,0.8974358974358975,1.3252160555590657,1.0,2024-11,Q4 2024
Vizcaya Apartments,2024-11-16,1.4766693190515303,0.9006410256410257,1.3299489700432052,1.0,2024-11,Q4 2024
Vizcaya Apartments,2024-11-17,1.4766693190515303,0.9006410256410257,1.3299489700432052,1.0,2024-11,Q4 2024
Vizcaya Apartments,2024-11-18,1.4766693190515303,0.8974358974358975,1.3252160555590657,1.0,2024-11,Q4 2024
Vizcaya Apartments,2024-11-19,1.4775517312187665,0.8974358974358975,1.3260079639142777,1.0,2024-11,Q4 2024
Vizcaya Apartments,2024-11-20,1.4775517312187665,0.9006410256410257,1.330743706642543,1.0,2024-11,Q4 2024
Vizcaya Apartments,2024-11-21,1.4754634402625304,0.8942307692307693,1.3194048071578397,1.0,2024-11,Q4 2024
Vizcaya Apartments,2024-11-22,1.4756496391829999,0.907051282051282,1.3384898970794519,1.0,2024-11,Q4 2024
Vizcaya Apartments,2024-11-23,1.4756496391829999,0.9102564102564102,1.3432195433588845,1.0,2024-11,Q4 2024
Vizcaya Apartments,2024-11-24,1.4756150217327841,0.9102564102564102,1.3431880326029189,1.0,2024-11,Q4 2024
Vizcaya Apartments,2024-11-25,1.4756150217327841,0.9134615384615384,1.3479175679289854,1.0,2024-11,Q4 2024
Vizcaya Apartments,2024-11-26,1.4764202010611964,0.9102564102564102,1.343920952248012,1.0,2024-11,Q4 2024
Vizcaya Apartments,2024-11-27,1.4764202010611964,0.9102564102564102,1.343920952248012,1.0,2024-11,Q4 2024
Vizcaya Apartments,2024-11-28,1.4756651122817346,0.9102564102564102,1.3432336278461943,1.0,2024-11,Q4 2024
Vizcaya Apartments,2024-11-29,1.4735148618883596,0.9134615384615384,1.3459991526864823,1.0,2024-11,Q4 2024
Vizcaya Apartments,2024-11-30,1.4735148618883596,0.9198717948717948,1.3554447607755102,1.0,2024-11,Q4 2024
Vizcaya Apartments,2024-12-01,1.4727138978049714,0.9198717948717948,1.354707976506496,1.0,2024-12,Q4 2024
Vizcaya Apartments,2024-12-02,1.4727138978049714,0.9262820512820513,1.3641484502103742,1.0,2024-12,Q4 2024
Vizcaya Apartments,2024-12-03,1.4708883184942534,0.9262820512820513,1.3624574488616643,1.0,2024-12,Q4 2024
Vizcaya Apartments,2024-12-04,1.4708883184942534,0.9391025641025641,1.3813149914064624,1.0,2024-12,Q4 2024
Vizcaya Apartments,2024-12-05,1.4679694882245025,0.9391025641025641,1.3785739104159591,1.0,2024-12,Q4 2024
Vizcaya Apartments,2024-12-06,1.4679694882245025,0.9487179487179487,1.3926890016488869,1.0,2024-12,Q4 2024
Vizcaya Apartments,2024-12-07,1.4672865167405715,0.9487179487179487,1.392041054343619,1.0,2024-12,Q4 2024
Vizcaya Apartments,2024-12-08,1.4675076462529653,0.9519230769230769,1.396954394029265,1.0,2024-12,Q4 2024
Vizcaya Apartments,2024-12-09,1.4675076462529653,0.9551282051282052,1.4016579441775117,1.0,2024-12,Q4 2024
Vizcaya Apartments,2024-12-10,1.4675076462529653,0.9551282051282052,1.4016579441775117,1.0,2024-12,Q4 2024
Vizcaya Apartments,2024-12-11,1.4675076462529653,0.9551282051282052,1.4016579441775117,1.0,2024-12,Q4 2024
Vizcaya Apartments,2024-12-12,1.4675076462529653,0.9551282051282052,1.4016579441775117,1.0,2024-12,Q4 2024
Vizcaya Apartments,2024-12-13,1.4671468010305342,0.9519230769230769,1.3966108971348354,1.0,2024-12,Q4 2024
Vizcaya Apartments,2024-12-14,1.4667859108747667,0.9551282051282052,1.4009685943611554,1.0,2024-12,Q4 2024
Vizcaya Apartments,2024-12-15,1.4667859108747667,0.9487179487179487,1.3915661205734966,1.0,2024-12,Q4 2024
Vizcaya Apartments,2024-12-16,1.4667859108747667,0.9487179487179487,1.3915661205734966,1.0,2024-12,Q4 2024
Vizcaya Apartments,2024-12-17,1.4667859108747667,0.9487179487179487,1.3915661205734966,1.0,2024-12,Q4 2024
Vizcaya Apartments,2024-12-18,1.4667859108747667,0.9487179487179487,1.3915661205734966,1.0,2024-12,Q4 2024
Vizcaya Apartments,2024-12-19,1.4667859108747667,0.9487179487179487,1.3915661205734966,1.0,2024-12,Q4 2024
Vizcaya Apartments,2024-12-20,1.4667859108747667,0.9487179487179487,1.3915661205734966,1.0,2024-12,Q4 2024
Vizcaya Apartments,2024-12-21,1.4667859108747667,0.9487179487179487,1.3915661205734966,1.0,2024-12,Q4 2024
Vizcaya Apartments,2024-12-22,1.4667859108747667,0.9487179487179487,1.3915661205734966,1.0,2024-12,Q4 2024
Vizcaya Apartments,2024-12-23,1.4667859108747667,0.9487179487179487,1.3915661205734966,1.0,2024-12,Q4 2024
Vizcaya Apartments,2024-12-24,1.4667859108747667,0.9487179487179487,1.3915661205734966,1.0,2024-12,Q4 2024
Vizcaya Apartments,2024-12-25,1.4667859108747667,0.9487179487179487,1.3915661205734966,1.0,2024-12,Q4 2024
Vizcaya Apartments,2024-12-26,1.4667859108747667,0.9487179487179487,1.3915661205734966,1.0,2024-12,Q4 2024
Vizcaya Apartments,2024-12-27,1.4659862744130057,0.9423076923076923,1.3814101431968706,1.0,2024-12,Q4 2024
Vizcaya Apartments,2024-12-28,1.4659862744130057,0.9455128205128205,1.3861088171533227,1.0,2024-12,Q4 2024
Vizcaya Apartments,2024-12-29,1.4659862744130057,0.9455128205128205,1.3861088171533227,1.0,2024-12,Q4 2024
Vizcaya Apartments,2024-12-30,1.4659862744130057,0.9455128205128205,1.3861088171533227,1.0,2024-12,Q4 2024
Vizcaya Apartments,2024-12-31,1.4661711519306018,0.9423076923076923,1.3815843547038362,1.0,2024-12,Q4 2024
Vizcaya Apartments,2025-01-01,1.4633435596744675,0.9455128205128205,1.3836100964870766,1.0,2025-01,Q1 2025
Vizcaya Apartments,2025-01-02,1.4633435596744675,0.9775641025641025,1.43051213365613,1.0,2025-01,Q1 2025
Vizcaya Apartments,2025-01-03,1.4633435596744675,0.9775641025641025,1.43051213365613,1.0,2025-01,Q1 2025
Vizcaya Apartments,2025-01-04,1.4633435596744675,0.9775641025641025,1.43051213365613,1.0,2025-01,Q1 2025
Vizcaya Apartments,2025-01-05,1.4633435596744675,0.9775641025641025,1.43051213365613,1.0,2025-01,Q1 2025
Vizcaya Apartments,2025-01-06,1.4633435596744675,0.9775641025641025,1.43051213365613,1.0,2025-01,Q1 2025
Vizcaya Apartments,2025-01-07,1.4633435596744675,0.9775641025641025,1.43051213365613,1.0,2025-01,Q1 2025
Vizcaya Apartments,2025-01-08,1.4633435596744675,0.9775641025641025,1.43051213365613,1.0,2025-01,Q1 2025
Vizcaya Apartments,2025-01-09,1.4633435596744675,0.9775641025641025,1.43051213365613,1.0,2025-01,Q1 2025
Vizcaya Apartments,2025-01-10,1.4633435596744675,0.9775641025641025,1.43051213365613,1.0,2025-01,Q1 2025
Vizcaya Apartments,2025-01-11,1.4633435596744675,0.9775641025641025,1.43051213365613,1.0,2025-01,Q1 2025
Vizcaya Apartments,2025-01-12,1.4633435596744675,0.9775641025641025,1.43051213365613,1.0,2025-01,Q1 2025
Vizcaya Apartments,2025-01-13,1.4633435596744675,0.9775641025641025,1.43051213365613,1.0,2025-01,Q1 2025
Vizcaya Apartments,2025-01-14,1.4633435596744675,0.9775641025641025,1.43051213365613,1.0,2025-01,Q1 2025
Vizcaya Apartments,2025-01-15,1.4633435596744675,0.9775641025641025,1.43051213365613,1.0,2025-01,Q1 2025
Vizcaya Apartments,2025-01-16,1.4633435596744675,0.9775641025641025,1.43051213365613,1.0,2025-01,Q1 2025
Vizcaya Apartments,2025-01-17,1.4633435596744675,0.9775641025641025,1.43051213365613,1.0,2025-01,Q1 2025
Vizcaya Apartments,2025-01-18,1.4633435596744675,0.9775641025641025,1.43051213365613,1.0,2025-01,Q1 2025
Vizcaya Apartments,2025-01-19,1.4633435596744675,0.9775641025641025,1.43051213365613,1.0,2025-01,Q1 2025
Vizcaya Apartments,2025-01-20,1.4633435596744675,0.9775641025641025,1.43051213365613,1.0,2025-01,Q1 2025
Vizcaya Apartments,2025-01-21,1.4633435596744675,0.9775641025641025,1.43051213365613,1.0,2025-01,Q1 2025
Vizcaya Apartments,2025-01-22,1.4633435596744675,0.9775641025641025,1.43051213365613,1.0,2025-01,Q1 2025
Vizcaya Apartments,2025-01-23,1.4633435596744675,0.9775641025641025,1.43051213365613,1.0,2025-01,Q1 2025
Vizcaya Apartments,2025-01-24,1.4633435596744675,0.9775641025641025,1.43051213365613,1.0,2025-01,Q1 2025
Vizcaya Apartments,2025-01-25,1.4633435596744675,0.9775641025641025,1.43051213365613,1.0,2025-01,Q1 2025
Vizcaya Apartments,2025-01-26,1.4633435596744675,0.9775641025641025,1.43051213365613,1.0,2025-01,Q1 2025
Vizcaya Apartments,2025-01-27,1.4633435596744675,0.9775641025641025,1.43051213365613,1.0,2025-01,Q1 2025
Vizcaya Apartments,2025-01-28,1.4633435596744675,0.9775641025641025,1.43051213365613,1.0,2025-01,Q1 2025
Vizcaya Apartments,2025-01-29,1.4633435596744675,0.9775641025641025,1.43051213365613,1.0,2025-01,Q1 2025
Vizcaya Apartments,2025-01-30,1.4633435596744675,0.9775641025641025,1.43051213365613,1.0,2025-01,Q1 2025
Vizcaya Apartments,2025-01-31,1.4633435596744675,0.9775641025641025,1.43051213365613,1.0,2025-01,Q1 2025
Vizcaya Apartments,2025-02-01,1.4633435596744675,0.9775641025641025,1.43051213365613,1.0,2025-02,Q1 2025
Vizcaya Apartments,2025-02-02,1.4633435596744675,0.9775641025641025,1.43051213365613,1.0,2025-02,Q1 2025
Vizcaya Apartments,2025-02-03,1.4633435596744675,0.9775641025641025,1.43051213365613,1.0,2025-02,Q1 2025
Vizcaya Apartments,2025-02-04,1.4633435596744675,0.9775641025641025,1.43051213365613,1.0,2025-02,Q1 2025
Vizcaya Apartments,2025-02-05,1.4633435596744675,0.9775641025641025,1.43051213365613,1.0,2025-02,Q1 2025
Vizcaya Apartments,2025-02-06,1.4633435596744675,0.9775641025641025,1.43051213365613,1.0,2025-02,Q1 2025
Vizcaya Apartments,2025-02-07,1.4633435596744675,0.9775641025641025,1.43051213365613,1.0,2025-02,Q1 2025
Vizcaya Apartments,2025-02-08,1.4633435596744675,0.9775641025641025,1.43051213365613,1.0,2025-02,Q1 2025
Vizcaya Apartments,2025-02-09,1.4633435596744675,0.9775641025641025,1.43051213365613,1.0,2025-02,Q1 2025
Vizcaya Apartments,2025-02-10,1.4633435596744675,0.9775641025641025,1.43051213365613,1.0,2025-02,Q1 2025
Vizcaya Apartments,2025-02-11,1.4633435596744675,0.9775641025641025,1.43051213365613,1.0,2025-02,Q1 2025
Vizcaya Apartments,2025-02-12,1.4633435596744675,0.9775641025641025,1.43051213365613,1.0,2025-02,Q1 2025
Vizcaya Apartments,2025-02-13,1.4633435596744675,0.9775641025641025,1.43051213365613,1.0,2025-02,Q1 2025
Vizcaya Apartments,2025-02-14,1.4633435596744675,0.9775641025641025,1.43051213365613,1.0,2025-02,Q1 2025
Vizcaya Apartments,2025-02-15,1.4633435596744675,0.9775641025641025,1.43051213365613,1.0,2025-02,Q1 2025
Vizcaya Apartments,2025-02-16,1.4633435596744675,0.9775641025641025,1.43051213365613,1.0,2025-02,Q1 2025
Vizcaya Apartments,2025-02-17,1.4633435596744675,0.9775641025641025,1.43051213365613,1.0,2025-02,Q1 2025
Vizcaya Apartments,2025-02-18,1.4633435596744675,0.9775641025641025,1.43051213365613,1.0,2025-02,Q1 2025
Vizcaya Apartments,2025-02-19,1.4633435596744675,0.9775641025641025,1.43051213365613,1.0,2025-02,Q1 2025
Vizcaya Apartments,2025-02-20,1.4633435596744675,0.9775641025641025,1.43051213365613,1.0,2025-02,Q1 2025
Vizcaya Apartments,2025-02-21,1.4633435596744675,0.9775641025641025,1.43051213365613,1.0,2025-02,Q1 2025
Vizcaya Apartments,2025-02-22,1.4633435596744675,0.9775641025641025,1.43051213365613,1.0,2025-02,Q1 2025
Vizcaya Apartments,2025-02-23,1.4633435596744675,0.9775641025641025,1.43051213365613,1.0,2025-02,Q1 2025
Vizcaya Apartments,2025-02-24,1.4633435596744675,0.9775641025641025,1.43051213365613,1.0,2025-02,Q1 2025
Vizcaya Apartments,2025-02-25,1.4633435596744675,0.9775641025641025,1.43051213365613,1.0,2025-02,Q1 2025
Vizcaya Apartments,2025-02-26,1.4633435596744675,0.9775641025641025,1.43051213365613,1.0,2025-02,Q1 2025
Vizcaya Apartments,2025-02-27,1.4633435596744675,0.9775641025641025,1.43051213365613,1.0,2025-02,Q1 2025
Vizcaya Apartments,2025-02-28,1.4633435596744675,0.9775641025641025,1.43051213365613,1.0,2025-02,Q1 2025
Vizcaya Apartments,2025-03-01,1.4633435596744675,0.9775641025641025,1.43051213365613,1.0,2025-03,Q1 2025
Vizcaya Apartments,2025-03-02,1.4633435596744675,0.9775641025641025,1.43051213365613,1.0,2025-03,Q1 2025
Vizcaya Apartments,2025-03-03,1.4633435596744675,0.9775641025641025,1.43051213365613,1.0,2025-03,Q1 2025
Vizcaya Apartments,2025-03-04,1.4633435596744675,0.9775641025641025,1.43051213365613,1.0,2025-03,Q1 2025
Vizcaya Apartments,2025-03-05,1.4633435596744675,0.9775641025641025,1.43051213365613,1.0,2025-03,Q1 2025
Vizcaya Apartments,2025-03-06,1.4633435596744675,0.9775641025641025,1.43051213365613,1.0,2025-03,Q1 2025
Vizcaya Apartments,2025-03-07,1.4633435596744675,0.9775641025641025,1.43051213365613,1.0,2025-03,Q1 2025
Vizcaya Apartments,2025-03-08,1.4633435596744675,0.9775641025641025,1.43051213365613,1.0,2025-03,Q1 2025
Vizcaya Apartments,2025-03-09,1.4633435596744675,0.9775641025641025,1.43051213365613,1.0,2025-03,Q1 2025
Vizcaya Apartments,2025-03-10,1.4633435596744675,0.9775641025641025,1.43051213365613,1.0,2025-03,Q1 2025
Vizcaya Apartments,2025-03-11,1.4633435596744675,0.9775641025641025,1.43051213365613,1.0,2025-03,Q1 2025
Vizcaya Apartments,2025-03-12,1.4633435596744675,0.9775641025641025,1.43051213365613,1.0,2025-03,Q1 2025
Vizcaya Apartments,2025-03-13,1.4633435596744675,0.9775641025641025,1.43051213365613,1.0,2025-03,Q1 2025
Vizcaya Apartments,2025-03-14,1.4633435596744675,0.9775641025641025,1.43051213365613,1.0,2025-03,Q1 2025
Vizcaya Apartments,2025-03-15,1.4633435596744675,0.9775641025641025,1.43051213365613,1.0,2025-03,Q1 2025
Vizcaya Apartments,2025-03-16,1.4633435596744675,0.9775641025641025,1.43051213365613,1.0,2025-03,Q1 2025
Vizcaya Apartments,2025-03-17,1.4633435596744675,0.9775641025641025,1.43051213365613,1.0,2025-03,Q1 2025
Vizcaya Apartments,2025-03-18,1.4633435596744675,0.9775641025641025,1.43051213365613,1.0,2025-03,Q1 2025
Vizcaya Apartments,2025-03-19,1.4633435596744675,0.9775641025641025,1.43051213365613,1.0,2025-03,Q1 2025
Vizcaya Apartments,2025-03-20,1.4633435596744675,0.9775641025641025,1.43051213365613,1.0,2025-03,Q1 2025
Vizcaya Apartments,2025-03-21,1.4633435596744675,0.8846153846153846,1.294496225865875,1.0,2025-03,Q1 2025
Vizcaya Apartments,2025-03-22,1.4626103431592463,0.8814102564102564,1.2891597575922844,1.0,2025-03,Q1 2025
Vizcaya Apartments,2025-03-23,1.4626103431592463,0.8846153846153846,1.2938476112562562,1.0,2025-03,Q1 2025
Vizcaya Apartments,2025-03-24,1.4626103431592463,0.8846153846153846,1.2938476112562562,1.0,2025-03,Q1 2025
Vizcaya Apartments,2025-03-25,1.4626103431592463,0.8846153846153846,1.2938476112562562,1.0,2025-03,Q1 2025
Vizcaya Apartments,2025-03-26,1.4626103431592463,0.8846153846153846,1.2938476112562562,1.0,2025-03,Q1 2025
Vizcaya Apartments,2025-03-27,1.4613130512335488,0.8814102564102564,1.2880163111834164,1.0,2025-03,Q1 2025
Vizcaya Apartments,2025-03-28,1.462379547982961,0.8846153846153846,1.2936434462926194,1.0,2025-03,Q1 2025
Vizcaya Apartments,2025-03-29,1.462379547982961,0.8878205128205128,1.2983305602284623,1.0,2025-03,Q1 2025
Vizcaya Apartments,2025-03-30,1.462379547982961,0.8878205128205128,1.2983305602284623,1.0,2025-03,Q1 2025
Vizcaya Apartments,2025-03-31,1.462379547982961,0.8878205128205128,1.2983305602284623,1.0,2025-03,Q1 2025
Vizcaya Apartments,2025-04-01,1.462379547982961,0.8878205128205128,1.2983305602284623,1.0,2025-04,Q2 2025
Vizcaya Apartments,2025-04-02,1.4614742614957748,0.8814102564102564,1.2881584035619809,1.0,2025-04,Q2 2025
Vizcaya Apartments,2025-04-03,1.4614742614957748,0.8846153846153846,1.29284261593857,1.0,2025-04,Q2 2025
Vizcaya Apartments,2025-04-04,1.4614742614957748,0.8782051282051282,1.283474191185392,1.0,2025-04,Q2 2025
Vizcaya Apartments,2025-04-05,1.4614742614957748,0.8782051282051282,1.283474191185392,1.0,2025-04,Q2 2025
Vizcaya Apartments,2025-04-06,1.4614742614957748,0.8782051282051282,1.283474191185392,1.0,2025-04,Q2 2025
Vizcaya Apartments,2025-04-07,1.4613644662516831,0.8782051282051282,1.2833777684389782,1.0,2025-04,Q2 2025
Vizcaya Apartments,2025-04-08,1.4613644662516831,0.8782051282051282,1.2833777684389782,1.0,2025-04,Q2 2025
Vizcaya Apartments,2025-04-09,1.4620008396353503,0.875,1.2792507346809314,1.0,2025-04,Q2 2025
Vizcaya Apartments,2025-04-10,1.4620008396353503,0.8782051282051282,1.283936634807968,1.0,2025-04,Q2 2025
Vizcaya Apartments,2025-04-11,1.4611032127103154,0.8782051282051282,1.2831483342391872,1.0,2025-04,Q2 2025
Vizcaya Apartments,2025-04-12,1.4595509678700027,0.8878205128205128,1.2958192887820217,1.0,2025-04,Q2 2025
Vizcaya Apartments,2025-04-13,1.4599971562870777,0.891025641025641,1.3008949020763063,1.0,2025-04,Q2 2025
The Vic on Park Row,2024-01-23,1.9750249870477403,0.8781163434903048,1.7343017199283484,1.0,2024-01,Q1 2024
The Vic on Park Row,2024-01-24,1.9750249870477403,0.8808864265927978,1.7397727032719708,1.0,2024-01,Q1 2024
The Vic on Park Row,2024-01-25,1.9750249870477403,0.8808864265927978,1.7397727032719708,1.0,2024-01,Q1 2024
The Vic on Park Row,2024-01-26,1.9750249870477403,0.8808864265927978,1.7397727032719708,1.0,2024-01,Q1 2024
The Vic on Park Row,2024-01-27,1.9682167420489047,0.8781163434903048,1.7283232887243847,1.0,2024-01,Q1 2024
The Vic on Park Row,2024-01-28,1.9682167420489047,0.8808864265927978,1.7337754126635783,1.0,2024-01,Q1 2024
The Vic on Park Row,2024-01-29,1.9552226123713166,0.8808864265927978,1.7223290602052042,1.0,2024-01,Q1 2024
The Vic on Park Row,2024-01-30,1.9552226123713166,0.8836565096952909,1.7277451893253462,1.0,2024-01,Q1 2024
The Vic on Park Row,2024-01-31,1.9552226123713166,0.8836565096952909,1.7277451893253462,1.0,2024-01,Q1 2024
The Vic on Park Row,2024-02-01,1.9552226123713166,0.8836565096952909,1.7277451893253462,1.0,2024-02,Q1 2024
The Vic on Park Row,2024-02-02,1.9552226123713166,0.8836565096952909,1.7277451893253462,1.0,2024-02,Q1 2024
The Vic on Park Row,2024-02-03,1.9552226123713166,0.8808864265927978,1.7223290602052042,1.0,2024-02,Q1 2024
The Vic on Park Row,2024-02-04,1.9552226123713166,0.8781163434903048,1.716912931085062,1.0,2024-02,Q1 2024
The Vic on Park Row,2024-02-05,1.9552226123713166,0.8781163434903048,1.716912931085062,1.0,2024-02,Q1 2024
The Vic on Park Row,2024-02-06,1.9552226123713166,0.8781163434903048,1.716912931085062,1.0,2024-02,Q1 2024
The Vic on Park Row,2024-02-07,1.9552226123713166,0.8781163434903048,1.716912931085062,1.0,2024-02,Q1 2024
The Vic on Park Row,2024-02-08,1.9454713406980912,0.8753462603878116,1.7029610627717364,1.0,2024-02,Q1 2024
The Vic on Park Row,2024-02-09,1.9454713406980912,0.8781163434903048,1.7083501800589889,1.0,2024-02,Q1 2024
The Vic on Park Row,2024-02-10,1.9542619988584506,0.8753462603878116,1.7106559325187545,1.0,2024-02,Q1 2024
The Vic on Park Row,2024-02-11,1.9542619988584506,0.8753462603878116,1.7106559325187545,1.0,2024-02,Q1 2024
The Vic on Park Row,2024-02-12,1.9542619988584506,0.8753462603878116,1.7106559325187545,1.0,2024-02,Q1 2024
The Vic on Park Row,2024-02-13,1.9542619988584506,0.8753462603878116,1.7106559325187545,1.0,2024-02,Q1 2024
The Vic on Park Row,2024-02-14,1.9542619988584506,0.8753462603878116,1.7106559325187545,1.0,2024-02,Q1 2024
The Vic on Park Row,2024-02-15,1.9542619988584506,0.8753462603878116,1.7106559325187545,1.0,2024-02,Q1 2024
The Vic on Park Row,2024-02-16,1.9542619988584506,0.8753462603878116,1.7106559325187545,1.0,2024-02,Q1 2024
The Vic on Park Row,2024-02-17,1.9473628780538605,0.8725761772853186,1.6992224559195737,1.0,2024-02,Q1 2024
The Vic on Park Row,2024-02-18,1.9473628780538605,0.8753462603878116,1.7046168129224928,1.0,2024-02,Q1 2024
The Vic on Park Row,2024-02-19,1.9473628780538605,0.8753462603878116,1.7046168129224928,1.0,2024-02,Q1 2024
The Vic on Park Row,2024-02-20,1.9473628780538605,0.8753462603878116,1.7046168129224928,1.0,2024-02,Q1 2024
The Vic on Park Row,2024-02-21,1.9473628780538605,0.8753462603878116,1.7046168129224928,1.0,2024-02,Q1 2024
The Vic on Park Row,2024-02-22,1.9453647427486718,0.8725761772853186,1.6974789306532732,1.0,2024-02,Q1 2024
The Vic on Park Row,2024-02-23,1.9453647427486718,0.8781163434903048,1.708256574657421,1.0,2024-02,Q1 2024
The Vic on Park Row,2024-02-24,1.9381957903686595,0.8753462603878116,1.696592436998605,1.0,2024-02,Q1 2024
The Vic on Park Row,2024-02-25,1.9381957903686595,0.8753462603878116,1.696592436998605,1.0,2024-02,Q1 2024
The Vic on Park Row,2024-02-26,1.9381957903686595,0.8753462603878116,1.696592436998605,1.0,2024-02,Q1 2024
The Vic on Park Row,2024-02-27,1.9291425630105992,0.8725761772853186,1.6833238430701905,1.0,2024-02,Q1 2024
The Vic on Park Row,2024-02-28,1.9291425630105992,0.8753462603878116,1.688667728286286,1.0,2024-02,Q1 2024
The Vic on Park Row,2024-02-29,1.9289229820088694,0.8753462603878116,1.6884755188775697,1.0,2024-02,Q1 2024
The Vic on Park Row,2024-03-01,1.9289229820088694,0.8808864265927978,1.6991620727945165,1.0,2024-03,Q1 2024
The Vic on Park Row,2024-03-02,1.9289229820088694,0.8808864265927978,1.6991620727945165,1.0,2024-03,Q1 2024
The Vic on Park Row,2024-03-03,1.9174607816075036,0.8808864265927978,1.689065176042067,1.0,2024-03,Q1 2024
The Vic on Park Row,2024-03-04,1.9174607816075036,0.8836565096952909,1.694376701752891,1.0,2024-03,Q1 2024
The Vic on Park Row,2024-03-05,1.9119111749478133,0.8808864265927978,1.6841766028626166,1.0,2024-03,Q1 2024
The Vic on Park Row,2024-03-06,1.9119111749478133,0.8808864265927978,1.6841766028626166,1.0,2024-03,Q1 2024
The Vic on Park Row,2024-03-07,1.9119111749478133,0.8781163434903048,1.6788804500234262,1.0,2024-03,Q1 2024
The Vic on Park Row,2024-03-08,1.9119111749478133,0.8781163434903048,1.6788804500234262,1.0,2024-03,Q1 2024
The Vic on Park Row,2024-03-09,1.9119111749478133,0.8753462603878116,1.6735842971842354,1.0,2024-03,Q1 2024
The Vic on Park Row,2024-03-10,1.9119111749478133,0.8753462603878116,1.6735842971842354,1.0,2024-03,Q1 2024
The Vic on Park Row,2024-03-11,1.8988125547184194,0.8698060941828255,1.651598731804941,1.0,2024-03,Q1 2024
The Vic on Park Row,2024-03-12,1.8988125547184194,0.8753462603878116,1.6621184689501953,1.0,2024-03,Q1 2024
The Vic on Park Row,2024-03-13,1.8988125547184194,0.8725761772853186,1.656858600377568,1.0,2024-03,Q1 2024
The Vic on Park Row,2024-03-14,1.9052666210718676,0.8725761772853186,1.6624902649242057,1.0,2024-03,Q1 2024
The Vic on Park Row,2024-03-15,1.9052666210718676,0.8753462603878116,1.667768011796981,1.0,2024-03,Q1 2024
The Vic on Park Row,2024-03-16,1.9052666210718676,0.8753462603878116,1.667768011796981,1.0,2024-03,Q1 2024
The Vic on Park Row,2024-03-17,1.9052666210718676,0.8753462603878116,1.667768011796981,1.0,2024-03,Q1 2024
The Vic on Park Row,2024-03-18,1.9052666210718676,0.8725761772853186,1.6624902649242057,1.0,2024-03,Q1 2024
The Vic on Park Row,2024-03-19,1.9052666210718676,0.8725761772853186,1.6624902649242057,1.0,2024-03,Q1 2024
The Vic on Park Row,2024-03-20,1.8978911782379757,0.8698060941828255,1.6507973129272144,1.0,2024-03,Q1 2024
The Vic on Park Row,2024-03-21,1.8978911782379757,0.8725761772853186,1.656054629210422,1.0,2024-03,Q1 2024
The Vic on Park Row,2024-03-22,1.8978911782379757,0.8725761772853186,1.656054629210422,1.0,2024-03,Q1 2024
The Vic on Park Row,2024-03-23,1.8978911782379757,0.8725761772853186,1.656054629210422,1.0,2024-03,Q1 2024
The Vic on Park Row,2024-03-24,1.8928754941502077,0.8725761772853186,1.6516780627626466,1.0,2024-03,Q1 2024
The Vic on Park Row,2024-03-25,1.8957532794081062,0.8753462603878116,1.659440543747816,1.0,2024-03,Q1 2024
The Vic on Park Row,2024-03-26,1.8957532794081062,0.8753462603878116,1.659440543747816,1.0,2024-03,Q1 2024
The Vic on Park Row,2024-03-27,1.8957532794081062,0.8753462603878116,1.659440543747816,1.0,2024-03,Q1 2024
The Vic on Park Row,2024-03-28,1.8855849387808636,0.8753462603878116,1.6505397248054097,1.0,2024-03,Q1 2024
The Vic on Park Row,2024-03-29,1.8855849387808636,0.8781163434903048,1.6557629517826422,1.0,2024-03,Q1 2024
The Vic on Park Row,2024-03-30,1.8855849387808636,0.8781163434903048,1.6557629517826422,1.0,2024-03,Q1 2024
The Vic on Park Row,2024-03-31,1.8764400575038622,0.8781163434903048,1.6477326820740288,1.0,2024-03,Q1 2024
The Vic on Park Row,2024-04-01,1.8617307506744174,0.8808864265927978,1.6399733482395145,1.0,2024-04,Q2 2024
The Vic on Park Row,2024-04-02,1.8617307506744174,0.889196675900277,1.6554447949210191,1.0,2024-04,Q2 2024
The Vic on Park Row,2024-04-03,1.8617307506744174,0.8781163434903048,1.6348161993456796,1.0,2024-04,Q2 2024
The Vic on Park Row,2024-04-04,1.8492042544544192,0.8753462603878116,1.618694028829907,1.0,2024-04,Q2 2024
The Vic on Park Row,2024-04-05,1.8492042544544192,0.8808864265927978,1.628938927746552,1.0,2024-04,Q2 2024
The Vic on Park Row,2024-04-06,1.8491002628563524,0.8725761772853186,1.6134808387804738,1.0,2024-04,Q2 2024
The Vic on Park Row,2024-04-07,1.8429923265819117,0.8753462603878116,1.6132564409969088,1.0,2024-04,Q2 2024
The Vic on Park Row,2024-04-08,1.8369675480151617,0.8725761772853186,1.6028941208442546,1.0,2024-04,Q2 2024
The Vic on Park Row,2024-04-09,1.8369675480151617,0.8753462603878116,1.6079826736088396,1.0,2024-04,Q2 2024
The Vic on Park Row,2024-04-10,1.8369675480151617,0.8753462603878116,1.6079826736088396,1.0,2024-04,Q2 2024
The Vic on Park Row,2024-04-11,1.8369675480151617,0.8753462603878116,1.6079826736088396,1.0,2024-04,Q2 2024
The Vic on Park Row,2024-04-12,1.8374131791023427,0.8725761772853186,1.6032829679147866,1.0,2024-04,Q2 2024
The Vic on Park Row,2024-04-13,1.8374131791023427,0.8781163434903048,1.6134625423142457,1.0,2024-04,Q2 2024
The Vic on Park Row,2024-04-14,1.8374131791023427,0.8781163434903048,1.6134625423142457,1.0,2024-04,Q2 2024
The Vic on Park Row,2024-04-15,1.831654515729071,0.8753462603878116,1.6033319306658902,1.0,2024-04,Q2 2024
The Vic on Park Row,2024-04-16,1.820598977737519,0.8725761772853186,1.5886112963637633,1.0,2024-04,Q2 2024
The Vic on Park Row,2024-04-17,1.820598977737519,0.8781163434903048,1.598697717293057,1.0,2024-04,Q2 2024
The Vic on Park Row,2024-04-18,1.820598977737519,0.8781163434903048,1.598697717293057,1.0,2024-04,Q2 2024
The Vic on Park Row,2024-04-19,1.817619717796578,0.8781163434903048,1.5960815804474107,1.0,2024-04,Q2 2024
The Vic on Park Row,2024-04-20,1.8148883069369703,0.8753462603878116,1.5886556924988438,1.0,2024-04,Q2 2024
The Vic on Park Row,2024-04-21,1.8148883069369703,0.8781163434903048,1.5936830839308023,1.0,2024-04,Q2 2024
The Vic on Park Row,2024-04-22,1.8148883069369703,0.8725761772853186,1.5836283010668855,1.0,2024-04,Q2 2024
The Vic on Park Row,2024-04-23,1.8148883069369703,0.8725761772853186,1.5836283010668855,1.0,2024-04,Q2 2024
The Vic on Park Row,2024-04-24,1.8148883069369703,0.8725761772853186,1.5836283010668855,1.0,2024-04,Q2 2024
The Vic on Park Row,2024-04-25,1.8148883069369703,0.8670360110803323,1.5735735182029686,1.0,2024-04,Q2 2024
The Vic on Park Row,2024-04-26,1.8074563973781572,0.8670360110803323,1.5671297849843855,1.0,2024-04,Q2 2024
The Vic on Park Row,2024-04-27,1.8074563973781572,0.8698060941828255,1.5721365894092558,1.0,2024-04,Q2 2024
The Vic on Park Row,2024-04-28,1.8074563973781572,0.8698060941828255,1.5721365894092558,1.0,2024-04,Q2 2024
The Vic on Park Row,2024-04-29,1.8074563973781572,0.8698060941828255,1.5721365894092558,1.0,2024-04,Q2 2024
The Vic on Park Row,2024-04-30,1.8074563973781572,0.8698060941828255,1.5721365894092558,1.0,2024-04,Q2 2024
The Vic on Park Row,2024-05-01,1.8074563973781572,0.8698060941828255,1.5721365894092558,1.0,2024-05,Q2 2024
The Vic on Park Row,2024-05-02,1.8074563973781572,0.8698060941828255,1.5721365894092558,1.0,2024-05,Q2 2024
The Vic on Park Row,2024-05-03,1.79844679703444,0.8698060941828255,1.564299984124139,1.0,2024-05,Q2 2024
The Vic on Park Row,2024-05-04,1.79844679703444,0.8864265927977839,1.5941910666233263,1.0,2024-05,Q2 2024
The Vic on Park Row,2024-05-05,1.79844679703444,0.8864265927977839,1.5941910666233263,1.0,2024-05,Q2 2024
The Vic on Park Row,2024-05-06,1.79844679703444,0.8864265927977839,1.5941910666233263,1.0,2024-05,Q2 2024
The Vic on Park Row,2024-05-07,1.79844679703444,0.8864265927977839,1.5941910666233263,1.0,2024-05,Q2 2024
The Vic on Park Row,2024-05-08,1.79844679703444,0.8864265927977839,1.5941910666233263,1.0,2024-05,Q2 2024
The Vic on Park Row,2024-05-09,1.79844679703444,0.8864265927977839,1.5941910666233263,1.0,2024-05,Q2 2024
The Vic on Park Row,2024-05-10,1.79844679703444,0.8864265927977839,1.5941910666233263,1.0,2024-05,Q2 2024
The Vic on Park Row,2024-05-11,1.79844679703444,0.8864265927977839,1.5941910666233263,1.0,2024-05,Q2 2024
The Vic on Park Row,2024-05-12,1.79844679703444,0.8864265927977839,1.5941910666233263,1.0,2024-05,Q2 2024
The Vic on Park Row,2024-05-13,1.79844679703444,0.8864265927977839,1.5941910666233263,1.0,2024-05,Q2 2024
The Vic on Park Row,2024-05-14,1.79844679703444,0.8864265927977839,1.5941910666233263,1.0,2024-05,Q2 2024
The Vic on Park Row,2024-05-15,1.79844679703444,0.8864265927977839,1.5941910666233263,1.0,2024-05,Q2 2024
The Vic on Park Row,2024-05-16,1.79844679703444,0.8781163434903048,1.5792455253737328,1.0,2024-05,Q2 2024
The Vic on Park Row,2024-05-17,1.79844679703444,0.8753462603878116,1.5742636782905346,1.0,2024-05,Q2 2024
The Vic on Park Row,2024-05-18,1.7925241564337333,0.8698060941828255,1.5591484352359897,1.0,2024-05,Q2 2024
The Vic on Park Row,2024-05-19,1.7867831865267585,0.8725761772853186,1.5591044425371992,1.0,2024-05,Q2 2024
The Vic on Park Row,2024-05-20,1.7867831865267585,0.8781163434903048,1.5690035183628324,1.0,2024-05,Q2 2024
The Vic on Park Row,2024-05-21,1.7867831865267585,0.8781163434903048,1.5690035183628324,1.0,2024-05,Q2 2024
The Vic on Park Row,2024-05-22,1.7867831865267585,0.8753462603878116,1.5640539804500158,1.0,2024-05,Q2 2024
The Vic on Park Row,2024-05-23,1.7867831865267585,0.8753462603878116,1.5640539804500158,1.0,2024-05,Q2 2024
The Vic on Park Row,2024-05-24,1.7851349816738014,0.8753462603878116,1.5626112304956266,1.0,2024-05,Q2 2024
The Vic on Park Row,2024-05-25,1.785205958376978,0.8781163434903048,1.5676185285470972,1.0,2024-05,Q2 2024
The Vic on Park Row,2024-05-26,1.785205958376978,0.8808864265927978,1.572563697406867,1.0,2024-05,Q2 2024
The Vic on Park Row,2024-05-27,1.785205958376978,0.8781163434903048,1.5676185285470972,1.0,2024-05,Q2 2024
The Vic on Park Row,2024-05-28,1.7814815767117402,0.8725761772853186,1.5544783841113523,1.0,2024-05,Q2 2024
The Vic on Park Row,2024-05-29,1.7814815767117402,0.8753462603878116,1.5594132361244042,1.0,2024-05,Q2 2024
The Vic on Park Row,2024-05-30,1.7814815767117402,0.8753462603878116,1.5594132361244042,1.0,2024-05,Q2 2024
The Vic on Park Row,2024-05-31,1.7814815767117402,0.8753462603878116,1.5594132361244042,1.0,2024-05,Q2 2024
The Vic on Park Row,2024-06-01,1.7775621595462123,0.8753462603878116,1.5559823889656594,1.0,2024-06,Q2 2024
The Vic on Park Row,2024-06-02,1.7775621595462123,0.8808864265927978,1.5658303787692398,1.0,2024-06,Q2 2024
The Vic on Park Row,2024-06-03,1.7775621595462123,0.8808864265927978,1.5658303787692398,1.0,2024-06,Q2 2024
The Vic on Park Row,2024-06-04,1.7769183091878562,0.8808864265927978,1.565263219727807,1.0,2024-06,Q2 2024
The Vic on Park Row,2024-06-05,1.7769183091878562,0.8808864265927978,1.565263219727807,1.0,2024-06,Q2 2024
The Vic on Park Row,2024-06-06,1.7769183091878562,0.8808864265927978,1.565263219727807,1.0,2024-06,Q2 2024
The Vic on Park Row,2024-06-07,1.775182020809554,0.8808864265927978,1.5637337468627095,1.0,2024-06,Q2 2024
The Vic on Park Row,2024-06-08,1.775182020809554,0.8836565096952909,1.5686511485824035,1.0,2024-06,Q2 2024
The Vic on Park Row,2024-06-09,1.768879970688052,0.8781163434903048,1.5532824119338298,1.0,2024-06,Q2 2024
The Vic on Park Row,2024-06-10,1.768879970688052,0.8808864265927978,1.5581823564509711,1.0,2024-06,Q2 2024
The Vic on Park Row,2024-06-11,1.7639100582210032,0.8725761772853186,1.5391458956776067,1.0,2024-06,Q2 2024
The Vic on Park Row,2024-06-12,1.7639100582210032,0.8753462603878116,1.544032073124202,1.0,2024-06,Q2 2024
The Vic on Park Row,2024-06-13,1.7634587704390827,0.8753462603878116,1.5436370400519395,1.0,2024-06,Q2 2024
The Vic on Park Row,2024-06-14,1.7586445877393562,0.8725761772853186,1.5345513715731225,1.0,2024-06,Q2 2024
The Vic on Park Row,2024-06-15,1.75537396352066,0.8781163434903048,1.5414225663048455,1.0,2024-06,Q2 2024
The Vic on Park Row,2024-06-16,1.75537396352066,0.8781163434903048,1.5414225663048455,1.0,2024-06,Q2 2024
The Vic on Park Row,2024-06-17,1.7521533110067717,0.8753462603878116,1.5337408484158999,1.0,2024-06,Q2 2024
The Vic on Park Row,2024-06-18,1.7586261632506452,0.8753462603878116,1.5394068354216175,1.0,2024-06,Q2 2024
The Vic on Park Row,2024-06-19,1.7596778753556788,0.8781163434903048,1.5452019016281169,1.0,2024-06,Q2 2024
The Vic on Park Row,2024-06-20,1.7561564549606667,0.8808864265927978,1.5469743841481773,1.0,2024-06,Q2 2024
The Vic on Park Row,2024-06-21,1.7550548145877252,0.8836565096952909,1.550865611782505,1.0,2024-06,Q2 2024
The Vic on Park Row,2024-06-22,1.75037127881889,0.8864265927977839,1.5515756488145285,1.0,2024-06,Q2 2024
The Vic on Park Row,2024-06-23,1.7480264842770437,0.8919667590027701,1.5591815178316013,1.0,2024-06,Q2 2024
The Vic on Park Row,2024-06-24,1.7480264842770437,0.8947368421052632,1.5640236964584076,1.0,2024-06,Q2 2024
The Vic on Park Row,2024-06-25,1.7451268781626585,0.8947368421052632,1.5614293120402734,1.0,2024-06,Q2 2024
The Vic on Park Row,2024-06-26,1.7386758682428578,0.889196675900277,1.546024802509577,1.0,2024-06,Q2 2024
The Vic on Park Row,2024-06-27,1.7386758682428578,0.8975069252077562,1.5604736324395732,1.0,2024-06,Q2 2024
The Vic on Park Row,2024-06-28,1.7536612777061957,0.8975069252077562,1.5739231412099928,1.0,2024-06,Q2 2024
The Vic on Park Row,2024-06-29,1.7536612777061957,0.7506925207756232,1.3164604051478643,1.0,2024-06,Q2 2024
The Vic on Park Row,2024-06-30,1.7536612777061957,0.7506925207756232,1.3164604051478643,1.0,2024-06,Q2 2024
The Vic on Park Row,2024-07-01,1.7536612777061957,0.7506925207756232,1.3164604051478643,1.0,2024-07,Q3 2024
The Vic on Park Row,2024-07-02,1.7536612777061957,0.7506925207756232,1.3164604051478643,1.0,2024-07,Q3 2024
The Vic on Park Row,2024-07-03,1.7536612777061957,0.7506925207756232,1.3164604051478643,1.0,2024-07,Q3 2024
The Vic on Park Row,2024-07-04,1.7536612777061957,0.739612188365651,1.2970292552563831,1.0,2024-07,Q3 2024
The Vic on Park Row,2024-07-05,1.7536612777061957,0.739612188365651,1.2970292552563831,1.0,2024-07,Q3 2024
The Vic on Park Row,2024-07-06,1.7522711438372445,0.739612188365651,1.2960010953034469,1.0,2024-07,Q3 2024
The Vic on Park Row,2024-07-07,1.7495475316203346,0.7423822714681441,1.2988330705657887,1.0,2024-07,Q3 2024
The Vic on Park Row,2024-07-08,1.7495475316203346,0.7423822714681441,1.2988330705657887,1.0,2024-07,Q3 2024
The Vic on Park Row,2024-07-09,1.7495475316203346,0.7423822714681441,1.2988330705657887,1.0,2024-07,Q3 2024
The Vic on Park Row,2024-07-10,1.7491672853871545,0.739612188365651,1.2937054437627986,1.0,2024-07,Q3 2024
The Vic on Park Row,2024-07-11,1.7503816629276887,0.736842105263158,1.2897549095256655,1.0,2024-07,Q3 2024
The Vic on Park Row,2024-07-12,1.745882749266959,0.7423822714681441,1.2961124011178533,1.0,2024-07,Q3 2024
The Vic on Park Row,2024-07-13,1.7434158285777028,0.7479224376731302,1.3039398163877556,1.0,2024-07,Q3 2024
The Vic on Park Row,2024-07-14,1.739728813184532,0.7451523545706371,1.2963630214588342,1.0,2024-07,Q3 2024
The Vic on Park Row,2024-07-15,1.7386771713756692,0.7562326869806094,1.314844509101268,1.0,2024-07,Q3 2024
The Vic on Park Row,2024-07-16,1.745175984092682,0.7562326869806094,1.3197591237044382,1.0,2024-07,Q3 2024
The Vic on Park Row,2024-07-17,1.7549768019797212,0.7590027700831025,1.3320322541341927,1.0,2024-07,Q3 2024
The Vic on Park Row,2024-07-18,1.7549768019797212,0.739612188365651,1.2980022330431733,1.0,2024-07,Q3 2024
The Vic on Park Row,2024-07-19,1.7549768019797212,0.739612188365651,1.2980022330431733,1.0,2024-07,Q3 2024
The Vic on Park Row,2024-07-20,1.7549768019797212,0.739612188365651,1.2980022330431733,1.0,2024-07,Q3 2024
The Vic on Park Row,2024-07-21,1.7549768019797212,0.739612188365651,1.2980022330431733,1.0,2024-07,Q3 2024
The Vic on Park Row,2024-07-22,1.753152888043722,0.7285318559556786,1.2772277273005508,1.0,2024-07,Q3 2024
The Vic on Park Row,2024-07-23,1.753152888043722,0.7285318559556786,1.2772277273005508,1.0,2024-07,Q3 2024
The Vic on Park Row,2024-07-24,1.7593543810414678,0.7285318559556786,1.2817457125038947,1.0,2024-07,Q3 2024
The Vic on Park Row,2024-07-25,1.7593543810414678,0.736842105263158,1.2963663860305554,1.0,2024-07,Q3 2024
The Vic on Park Row,2024-07-26,1.758278210331574,0.736842105263158,1.2955734181390546,1.0,2024-07,Q3 2024
The Vic on Park Row,2024-07-27,1.755550469112939,0.7423822714681441,1.3032895449370296,1.0,2024-07,Q3 2024
The Vic on Park Row,2024-07-28,1.755550469112939,0.7479224376731302,1.3130155863171566,1.0,2024-07,Q3 2024
The Vic on Park Row,2024-07-29,1.755550469112939,0.7423822714681441,1.3032895449370296,1.0,2024-07,Q3 2024
The Vic on Park Row,2024-07-30,1.755550469112939,0.7423822714681441,1.3032895449370296,1.0,2024-07,Q3 2024
The Vic on Park Row,2024-07-31,1.755550469112939,0.7423822714681441,1.3032895449370296,1.0,2024-07,Q3 2024
The Vic on Park Row,2024-08-01,1.755550469112939,0.7423822714681441,1.3032895449370296,1.0,2024-08,Q3 2024
The Vic on Park Row,2024-08-02,1.7507378385753283,0.739612188365651,1.2948670440432484,1.0,2024-08,Q3 2024
The Vic on Park Row,2024-08-03,1.7497454162339119,0.7479224376731302,1.308673857017053,1.0,2024-08,Q3 2024
The Vic on Park Row,2024-08-04,1.7470397942885678,0.7479224376731302,1.3066502616562694,1.0,2024-08,Q3 2024
The Vic on Park Row,2024-08-05,1.7470397942885678,0.7479224376731302,1.3066502616562694,1.0,2024-08,Q3 2024
The Vic on Park Row,2024-08-06,1.7509926589128233,0.7479224376731302,1.3096066978018346,1.0,2024-08,Q3 2024
The Vic on Park Row,2024-08-07,1.7509926589128233,0.7562326869806094,1.3241578833329661,1.0,2024-08,Q3 2024
The Vic on Park Row,2024-08-08,1.7509926589128233,0.7534626038781164,1.3193074881559224,1.0,2024-08,Q3 2024
The Vic on Park Row,2024-08-09,1.7580489902641703,0.7479224376731302,1.3148842863471633,1.0,2024-08,Q3 2024
The Vic on Park Row,2024-08-10,1.7557054173598505,0.7506925207756232,1.3179949254972838,1.0,2024-08,Q3 2024
The Vic on Park Row,2024-08-11,1.7557054173598505,0.7534626038781164,1.3228583754068681,1.0,2024-08,Q3 2024
The Vic on Park Row,2024-08-12,1.7557054173598505,0.7534626038781164,1.3228583754068681,1.0,2024-08,Q3 2024
The Vic on Park Row,2024-08-13,1.7557054173598505,0.7534626038781164,1.3228583754068681,1.0,2024-08,Q3 2024
The Vic on Park Row,2024-08-14,1.7680463328025258,0.7479224376731302,1.3223615231487034,1.0,2024-08,Q3 2024
The Vic on Park Row,2024-08-15,1.7680463328025258,0.7562326869806094,1.3370544289614668,1.0,2024-08,Q3 2024
The Vic on Park Row,2024-08-16,1.7680463328025258,0.7562326869806094,1.3370544289614668,1.0,2024-08,Q3 2024
The Vic on Park Row,2024-08-17,1.7671140044273128,0.7534626038781164,1.3314543191252883,1.0,2024-08,Q3 2024
The Vic on Park Row,2024-08-18,1.7671140044273128,0.7562326869806094,1.3363493717691313,1.0,2024-08,Q3 2024
The Vic on Park Row,2024-08-19,1.7671140044273128,0.7562326869806094,1.3363493717691313,1.0,2024-08,Q3 2024
The Vic on Park Row,2024-08-20,1.7671140044273128,0.7534626038781164,1.3314543191252883,1.0,2024-08,Q3 2024
The Vic on Park Row,2024-08-21,1.7671140044273128,0.7534626038781164,1.3314543191252883,1.0,2024-08,Q3 2024
The Vic on Park Row,2024-08-22,1.7776968202196544,0.7534626038781164,1.3394280750685486,1.0,2024-08,Q3 2024
The Vic on Park Row,2024-08-23,1.7776968202196544,0.7562326869806094,1.3443524429915945,1.0,2024-08,Q3 2024
The Vic on Park Row,2024-08-24,1.7776968202196544,0.7562326869806094,1.3443524429915945,1.0,2024-08,Q3 2024
The Vic on Park Row,2024-08-25,1.7749600331883806,0.7479224376731302,1.3275324347946336,1.0,2024-08,Q3 2024
The Vic on Park Row,2024-08-26,1.7727938039296751,0.7534626038781164,1.3357338356478439,1.0,2024-08,Q3 2024
The Vic on Park Row,2024-08-27,1.7727938039296751,0.7590027700831025,1.345555407968784,1.0,2024-08,Q3 2024
The Vic on Park Row,2024-08-28,1.786378272808829,0.7562326869806094,1.350917641210001,1.0,2024-08,Q3 2024
The Vic on Park Row,2024-08-29,1.786378272808829,0.7645429362880887,1.3657628900145065,1.0,2024-08,Q3 2024
The Vic on Park Row,2024-08-30,1.7839451553173666,0.7617728531855956,1.358960990892731,1.0,2024-08,Q3 2024
The Vic on Park Row,2024-08-31,1.7883175886819866,0.7617728531855956,1.3622917919322615,1.0,2024-08,Q3 2024
The Vic on Park Row,2024-09-01,1.7862593963969353,0.7673130193905817,1.3706200908641304,1.0,2024-09,Q3 2024
The Vic on Park Row,2024-09-02,1.7862593963969353,0.7700831024930748,1.375568177834759,1.0,2024-09,Q3 2024
The Vic on Park Row,2024-09-03,1.7862593963969353,0.7700831024930748,1.375568177834759,1.0,2024-09,Q3 2024
The Vic on Park Row,2024-09-04,1.7958767919880874,0.7700831024930748,1.3829743716694967,1.0,2024-09,Q3 2024
The Vic on Park Row,2024-09-05,1.7985593259568573,0.778393351800554,1.3999866221437034,1.0,2024-09,Q3 2024
The Vic on Park Row,2024-09-06,1.8523721611079635,0.7839335180055402,1.4521366249128913,1.0,2024-09,Q3 2024
The Vic on Park Row,2024-09-07,1.848404209276159,0.817174515235457,1.5104688136744235,1.0,2024-09,Q3 2024
The Vic on Park Row,2024-09-08,1.8440261325621428,0.817174515235457,1.5068911609579836,1.0,2024-09,Q3 2024
The Vic on Park Row,2024-09-09,1.8440261325621428,0.8227146814404432,1.5171073722187158,1.0,2024-09,Q3 2024
The Vic on Park Row,2024-09-10,1.8422929918849238,0.8199445983379501,1.5105781872519042,1.0,2024-09,Q3 2024
The Vic on Park Row,2024-09-11,1.8422929918849238,0.8227146814404432,1.5156814919385662,1.0,2024-09,Q3 2024
The Vic on Park Row,2024-09-12,1.8422929918849238,0.817174515235457,1.5054748825652424,1.0,2024-09,Q3 2024
The Vic on Park Row,2024-09-13,1.8396355149989472,0.814404432132964,1.4982073169243504,1.0,2024-09,Q3 2024
The Vic on Park Row,2024-09-14,1.8393850481161322,0.814404432132964,1.4980033355848834,1.0,2024-09,Q3 2024
The Vic on Park Row,2024-09-15,1.8393850481161322,0.817174515235457,1.5030985850256482,1.0,2024-09,Q3 2024
The Vic on Park Row,2024-09-16,1.8393850481161322,0.817174515235457,1.5030985850256482,1.0,2024-09,Q3 2024
The Vic on Park Row,2024-09-17,1.8393850481161322,0.814404432132964,1.4980033355848834,1.0,2024-09,Q3 2024
The Vic on Park Row,2024-09-18,1.8367544229216135,0.8116343490304709,1.4907729803768222,1.0,2024-09,Q3 2024
The Vic on Park Row,2024-09-19,1.8351740938568073,0.8088642659279779,1.4844067462775283,1.0,2024-09,Q3 2024
The Vic on Park Row,2024-09-20,1.8354910725243443,0.8116343490304709,1.489747601799537,1.0,2024-09,Q3 2024
The Vic on Park Row,2024-09-21,1.8378117618243903,0.8116343490304709,1.491631152948882,1.0,2024-09,Q3 2024
The Vic on Park Row,2024-09-22,1.8378117618243903,0.814404432132964,1.4967220442558746,1.0,2024-09,Q3 2024
The Vic on Park Row,2024-09-23,1.8361756251301713,0.814404432132964,1.4953895672805273,1.0,2024-09,Q3 2024
The Vic on Park Row,2024-09-24,1.8361756251301713,0.814404432132964,1.4953895672805273,1.0,2024-09,Q3 2024
The Vic on Park Row,2024-09-25,1.8321540123266604,0.814404432132964,1.4921143479890253,1.0,2024-09,Q3 2024
The Vic on Park Row,2024-09-26,1.8321540123266604,0.8199445983379501,1.5022647857304472,1.0,2024-09,Q3 2024
The Vic on Park Row,2024-09-27,1.8321540123266604,0.817174515235457,1.4971895668597364,1.0,2024-09,Q3 2024
The Vic on Park Row,2024-09-28,1.8321540123266604,0.817174515235457,1.4971895668597364,1.0,2024-09,Q3 2024
The Vic on Park Row,2024-09-29,1.8348571726565346,0.817174515235457,1.499398520591905,1.0,2024-09,Q3 2024
The Vic on Park Row,2024-09-30,1.8333248566106604,0.8005540166204986,1.4676755777298638,1.0,2024-09,Q3 2024
The Vic on Park Row,2024-10-01,1.8333248566106604,0.8005540166204986,1.4676755777298638,1.0,2024-10,Q4 2024
The Vic on Park Row,2024-10-02,1.835481207884439,0.8005540166204986,1.469401853403332,1.0,2024-10,Q4 2024
The Vic on Park Row,2024-10-03,1.8337702178669186,0.8060941828254847,1.478191505261145,1.0,2024-10,Q4 2024
The Vic on Park Row,2024-10-04,1.8309834244343484,0.8005540166204986,1.4658011347964728,1.0,2024-10,Q4 2024
The Vic on Park Row,2024-10-05,1.8284396869657957,0.778393351800554,1.4232452965024616,1.0,2024-10,Q4 2024
The Vic on Park Row,2024-10-06,1.8454223272768198,0.7811634349030471,1.4415764440223355,1.0,2024-10,Q4 2024
The Vic on Park Row,2024-10-07,1.8416328268546074,0.8088642659279779,1.4896309846026188,1.0,2024-10,Q4 2024
The Vic on Park Row,2024-10-08,1.8382102559367637,0.814404432132964,1.4970465796271704,1.0,2024-10,Q4 2024
The Vic on Park Row,2024-10-09,1.8412079613878591,0.8199445983379501,1.509688522356804,1.0,2024-10,Q4 2024
The Vic on Park Row,2024-10-10,1.8412079613878591,0.8227146814404432,1.5147888214188205,1.0,2024-10,Q4 2024
The Vic on Park Row,2024-10-11,1.8398124498194328,0.817174515235457,1.5034478468053536,1.0,2024-10,Q4 2024
The Vic on Park Row,2024-10-12,1.8398124498194328,0.8199445983379501,1.5085442801843547,1.0,2024-10,Q4 2024
The Vic on Park Row,2024-10-13,1.84679688233782,0.8199445983379501,1.5142711279002623,1.0,2024-10,Q4 2024
The Vic on Park Row,2024-10-14,1.8500256674545135,0.8254847645429363,1.5271680024970775,1.0,2024-10,Q4 2024
The Vic on Park Row,2024-10-15,1.84863244568746,0.8282548476454293,1.5311387846552647,1.0,2024-10,Q4 2024
The Vic on Park Row,2024-10-16,1.8521653699955811,0.8310249307479225,1.539195598334278,1.0,2024-10,Q4 2024
The Vic on Park Row,2024-10-17,1.8521653699955811,0.8310249307479225,1.539195598334278,1.0,2024-10,Q4 2024
The Vic on Park Row,2024-10-18,1.85879367450407,0.8310249307479225,1.5447038846294212,1.0,2024-10,Q4 2024
The Vic on Park Row,2024-10-19,1.8548199812486068,0.8448753462603878,1.5670916739081027,1.0,2024-10,Q4 2024
The Vic on Park Row,2024-10-20,1.8548199812486068,0.8448753462603878,1.5670916739081027,1.0,2024-10,Q4 2024
The Vic on Park Row,2024-10-21,1.8506402954919066,0.8421052631578947,1.558433933045816,1.0,2024-10,Q4 2024
The Vic on Park Row,2024-10-22,1.8506402954919066,0.8476454293628809,1.5686867878684858,1.0,2024-10,Q4 2024
The Vic on Park Row,2024-10-23,1.8506402954919066,0.8476454293628809,1.5686867878684858,1.0,2024-10,Q4 2024
The Vic on Park Row,2024-10-24,1.8506402954919066,0.8476454293628809,1.5686867878684858,1.0,2024-10,Q4 2024
The Vic on Park Row,2024-10-25,1.8485413995989013,0.8476454293628809,1.5669076683580714,1.0,2024-10,Q4 2024
The Vic on Park Row,2024-10-26,1.8485413995989013,0.850415512465374,1.5720282816533593,1.0,2024-10,Q4 2024
The Vic on Park Row,2024-10-27,1.8485413995989013,0.850415512465374,1.5720282816533593,1.0,2024-10,Q4 2024
The Vic on Park Row,2024-10-28,1.8531362212943754,0.850415512465374,1.5759357893002028,1.0,2024-10,Q4 2024
The Vic on Park Row,2024-10-29,1.8531362212943754,0.8808864265927978,1.6324025439656826,1.0,2024-10,Q4 2024
The Vic on Park Row,2024-10-30,1.8441752371782214,0.8808864265927978,1.6245089346888488,1.0,2024-10,Q4 2024
The Vic on Park Row,2024-10-31,1.8441752371782214,0.8947368421052632,1.6500515280015666,1.0,2024-10,Q4 2024
The Vic on Park Row,2024-11-01,1.8441752371782214,0.8947368421052632,1.6500515280015666,1.0,2024-11,Q4 2024
The Vic on Park Row,2024-11-02,1.8441752371782214,0.8919667590027701,1.644943009339023,1.0,2024-11,Q4 2024
The Vic on Park Row,2024-11-03,1.8441752371782214,0.8919667590027701,1.644943009339023,1.0,2024-11,Q4 2024
The Vic on Park Row,2024-11-04,1.8441752371782214,0.889196675900277,1.6398344906764792,1.0,2024-11,Q4 2024
The Vic on Park Row,2024-11-05,1.8441752371782214,0.889196675900277,1.6398344906764792,1.0,2024-11,Q4 2024
The Vic on Park Row,2024-11-06,1.8420379884788645,0.889196675900277,1.637934056237439,1.0,2024-11,Q4 2024
The Vic on Park Row,2024-11-07,1.8401060485294352,0.8947368421052632,1.646410675000021,1.0,2024-11,Q4 2024
The Vic on Park Row,2024-11-08,1.8399353906684206,0.8975069252077562,1.6513547550597458,1.0,2024-11,Q4 2024
The Vic on Park Row,2024-11-09,1.8395851837279558,0.8975069252077562,1.6510404419054228,1.0,2024-11,Q4 2024
The Vic on Park Row,2024-11-10,1.8395851837279558,0.8975069252077562,1.6510404419054228,1.0,2024-11,Q4 2024
The Vic on Park Row,2024-11-11,1.8395851837279558,0.8975069252077562,1.6510404419054228,1.0,2024-11,Q4 2024
The Vic on Park Row,2024-11-12,1.834277264095417,0.8947368421052632,1.6411954468222152,1.0,2024-11,Q4 2024
The Vic on Park Row,2024-11-13,1.834277264095417,0.9058171745152355,1.661519848640447,1.0,2024-11,Q4 2024
The Vic on Park Row,2024-11-14,1.834277264095417,0.9058171745152355,1.661519848640447,1.0,2024-11,Q4 2024
The Vic on Park Row,2024-11-15,1.834277264095417,0.9058171745152355,1.661519848640447,1.0,2024-11,Q4 2024
The Vic on Park Row,2024-11-16,1.834277264095417,0.9058171745152355,1.661519848640447,1.0,2024-11,Q4 2024
The Vic on Park Row,2024-11-17,1.834277264095417,0.9058171745152355,1.661519848640447,1.0,2024-11,Q4 2024
The Vic on Park Row,2024-11-18,1.832909191450736,0.9058171745152355,1.6602806249429105,1.0,2024-11,Q4 2024
The Vic on Park Row,2024-11-19,1.832909191450736,0.9058171745152355,1.6602806249429105,1.0,2024-11,Q4 2024
The Vic on Park Row,2024-11-20,1.832909191450736,0.9058171745152355,1.6602806249429105,1.0,2024-11,Q4 2024
The Vic on Park Row,2024-11-21,1.832909191450736,0.9058171745152355,1.6602806249429105,1.0,2024-11,Q4 2024
The Vic on Park Row,2024-11-22,1.8313947621240192,0.9058171745152355,1.658908828849181,1.0,2024-11,Q4 2024
The Vic on Park Row,2024-11-23,1.8313947621240192,0.9085872576177285,1.663981944533735,1.0,2024-11,Q4 2024
The Vic on Park Row,2024-11-24,1.8313947621240192,0.9058171745152355,1.658908828849181,1.0,2024-11,Q4 2024
The Vic on Park Row,2024-11-25,1.8313947621240192,0.9058171745152355,1.658908828849181,1.0,2024-11,Q4 2024
The Vic on Park Row,2024-11-26,1.8313947621240192,0.9030470914127424,1.6538357131646269,1.0,2024-11,Q4 2024
The Vic on Park Row,2024-11-27,1.8297044471115544,0.8975069252077562,1.6421724123660488,1.0,2024-11,Q4 2024
The Vic on Park Row,2024-11-28,1.8297044471115544,0.9002770083102493,1.647240845737549,1.0,2024-11,Q4 2024
The Vic on Park Row,2024-11-29,1.8297044471115544,0.9002770083102493,1.647240845737549,1.0,2024-11,Q4 2024
The Vic on Park Row,2024-11-30,1.8279397475884365,0.9002770083102493,1.6456521273303097,1.0,2024-11,Q4 2024
The Vic on Park Row,2024-12-01,1.82902285785291,0.9030470914127424,1.6516937719114921,1.0,2024-12,Q4 2024
The Vic on Park Row,2024-12-02,1.82902285785291,0.9085872576177285,1.6618268625367159,1.0,2024-12,Q4 2024
The Vic on Park Row,2024-12-03,1.82902285785291,0.9085872576177285,1.6618268625367159,1.0,2024-12,Q4 2024
The Vic on Park Row,2024-12-04,1.831767786875581,0.9030470914127424,1.6541725720815497,1.0,2024-12,Q4 2024
The Vic on Park Row,2024-12-05,1.8314302213422715,0.9030470914127424,1.6538677345085333,1.0,2024-12,Q4 2024
The Vic on Park Row,2024-12-06,1.83282364868796,0.9030470914127424,1.6551260650201525,1.0,2024-12,Q4 2024
The Vic on Park Row,2024-12-07,1.8311181269112875,0.9030470914127424,1.653585898540387,1.0,2024-12,Q4 2024
The Vic on Park Row,2024-12-08,1.8311181269112875,0.9058171745152355,1.6586582479224128,1.0,2024-12,Q4 2024
The Vic on Park Row,2024-12-09,1.8311181269112875,0.9058171745152355,1.6586582479224128,1.0,2024-12,Q4 2024
The Vic on Park Row,2024-12-10,1.83058688043507,0.9030470914127424,1.6531061579552155,1.0,2024-12,Q4 2024
The Vic on Park Row,2024-12-11,1.83058688043507,0.9058171745152355,1.6581770357403542,1.0,2024-12,Q4 2024
The Vic on Park Row,2024-12-12,1.83058688043507,0.9058171745152355,1.6581770357403542,1.0,2024-12,Q4 2024
The Vic on Park Row,2024-12-13,1.83058688043507,0.9058171745152355,1.6581770357403542,1.0,2024-12,Q4 2024
The Vic on Park Row,2024-12-14,1.8305586203975903,0.9058171745152355,1.6581514373130528,1.0,2024-12,Q4 2024
The Vic on Park Row,2024-12-15,1.829066841413608,0.9113573407202216,1.666933492590241,1.0,2024-12,Q4 2024
The Vic on Park Row,2024-12-16,1.8289159500769263,0.9141274238227147,1.6718622258320934,1.0,2024-12,Q4 2024
The Vic on Park Row,2024-12-17,1.8273604061849538,0.9168975069252078,1.675502200684819,1.0,2024-12,Q4 2024
The Vic on Park Row,2024-12-18,1.8273604061849538,0.9196675900277008,1.6805641408681569,1.0,2024-12,Q4 2024
The Vic on Park Row,2024-12-19,1.8273604061849538,0.9196675900277008,1.6805641408681569,1.0,2024-12,Q4 2024
The Vic on Park Row,2024-12-20,1.825927035725252,0.9196675900277008,1.679245916511866,1.0,2024-12,Q4 2024
The Vic on Park Row,2024-12-21,1.825927035725252,0.9224376731301939,1.6843038861399138,1.0,2024-12,Q4 2024
The Vic on Park Row,2024-12-22,1.825927035725252,0.9224376731301939,1.6843038861399138,1.0,2024-12,Q4 2024
The Vic on Park Row,2024-12-23,1.825927035725252,0.9224376731301939,1.6843038861399138,1.0,2024-12,Q4 2024
The Vic on Park Row,2024-12-24,1.8239471604270634,0.9224376731301939,1.6824775745767648,1.0,2024-12,Q4 2024
The Vic on Park Row,2024-12-25,1.8239471604270634,0.925207756232687,1.6875300597857041,1.0,2024-12,Q4 2024
The Vic on Park Row,2024-12-26,1.8239471604270634,0.925207756232687,1.6875300597857041,1.0,2024-12,Q4 2024
The Vic on Park Row,2024-12-27,1.8239471604270634,0.925207756232687,1.6875300597857041,1.0,2024-12,Q4 2024
The Vic on Park Row,2024-12-28,1.8239471604270634,0.925207756232687,1.6875300597857041,1.0,2024-12,Q4 2024
The Vic on Park Row,2024-12-29,1.8239471604270634,0.925207756232687,1.6875300597857041,1.0,2024-12,Q4 2024
The Vic on Park Row,2024-12-30,1.8239471604270634,0.9224376731301939,1.6824775745767648,1.0,2024-12,Q4 2024
The Vic on Park Row,2024-12-31,1.8239471604270634,0.9224376731301939,1.6824775745767648,1.0,2024-12,Q4 2024
The Vic on Park Row,2025-01-01,1.8239471604270634,0.9224376731301939,1.6824775745767648,1.0,2025-01,Q1 2025
The Vic on Park Row,2025-01-02,1.8239471604270634,0.9224376731301939,1.6824775745767648,1.0,2025-01,Q1 2025
The Vic on Park Row,2025-01-03,1.8239471604270634,0.9224376731301939,1.6824775745767648,1.0,2025-01,Q1 2025
The Vic on Park Row,2025-01-04,1.8239471604270634,0.9196675900277008,1.6774250893678255,1.0,2025-01,Q1 2025
The Vic on Park Row,2025-01-05,1.8224599160828163,0.9196675900277008,1.6760573189459695,1.0,2025-01,Q1 2025
The Vic on Park Row,2025-01-06,1.8224599160828163,0.9224376731301939,1.6811056843644814,1.0,2025-01,Q1 2025
The Vic on Park Row,2025-01-07,1.8221323053014433,0.9224376731301939,1.6808034838376193,1.0,2025-01,Q1 2025
The Vic on Park Row,2025-01-08,1.8221323053014433,0.9224376731301939,1.6808034838376193,1.0,2025-01,Q1 2025
The Vic on Park Row,2025-01-09,1.8201123881138668,0.9196675900277008,1.6738983735562432,1.0,2025-01,Q1 2025
The Vic on Park Row,2025-01-10,1.8201123881138668,0.9224376731301939,1.6789402361271957,1.0,2025-01,Q1 2025
The Vic on Park Row,2025-01-11,1.8224237071116327,0.9224376731301939,1.6810722838453565,1.0,2025-01,Q1 2025
The Vic on Park Row,2025-01-12,1.8250546022067622,0.925207756232687,1.6885546735098576,1.0,2025-01,Q1 2025
The Vic on Park Row,2025-01-13,1.8235171019355136,0.9279778393351801,1.6921834602448673,1.0,2025-01,Q1 2025
The Vic on Park Row,2025-01-14,1.8235171019355136,0.9307479224376731,1.697234754156046,1.0,2025-01,Q1 2025
The Vic on Park Row,2025-01-15,1.8235171019355136,0.9307479224376731,1.697234754156046,1.0,2025-01,Q1 2025
The Vic on Park Row,2025-01-16,1.8221338126733118,0.9307479224376731,1.6959472605491213,1.0,2025-01,Q1 2025
The Vic on Park Row,2025-01-17,1.82487827614524,0.9307479224376731,1.6985016642238244,1.0,2025-01,Q1 2025
The Vic on Park Row,2025-01-18,1.8249186186349338,0.9335180055401662,1.7035943891411984,1.0,2025-01,Q1 2025
The Vic on Park Row,2025-01-19,1.8236141019230163,0.9335180055401662,1.7023765993020956,1.0,2025-01,Q1 2025
The Vic on Park Row,2025-01-20,1.8221742584644993,0.9362880886426592,1.706080053631581,1.0,2025-01,Q1 2025
The Vic on Park Row,2025-01-21,1.8221742584644993,0.9390581717451524,1.7111276277547516,1.0,2025-01,Q1 2025
The Vic on Park Row,2025-01-22,1.8221742584644993,0.9390581717451524,1.7111276277547516,1.0,2025-01,Q1 2025
The Vic on Park Row,2025-01-23,1.8221742584644993,0.9390581717451524,1.7111276277547516,1.0,2025-01,Q1 2025
The Vic on Park Row,2025-01-24,1.8221742584644993,0.9390581717451524,1.7111276277547516,1.0,2025-01,Q1 2025
The Vic on Park Row,2025-01-25,1.8221742584644993,0.9390581717451524,1.7111276277547516,1.0,2025-01,Q1 2025
The Vic on Park Row,2025-01-26,1.8414438039709442,0.9058171745152355,1.6680114235415477,1.0,2025-01,Q1 2025
The Vic on Park Row,2025-01-27,1.8414438039709442,0.9279778393351801,1.7088190424661116,1.0,2025-01,Q1 2025
The Vic on Park Row,2025-01-28,1.8414438039709442,0.925207756232687,1.7037180901005413,1.0,2025-01,Q1 2025
The Vic on Park Row,2025-01-29,1.8414438039709442,0.9224376731301939,1.6986171377349706,1.0,2025-01,Q1 2025
The Vic on Park Row,2025-01-30,1.8414438039709442,0.9196675900277008,1.6935161853694003,1.0,2025-01,Q1 2025
The Vic on Park Row,2025-01-31,1.8414438039709442,0.9196675900277008,1.6935161853694003,1.0,2025-01,Q1 2025
The Vic on Park Row,2025-02-01,1.8398989823504377,0.9196675900277008,1.6920954629926463,1.0,2025-02,Q1 2025
The Vic on Park Row,2025-02-02,1.8430363335229445,0.9224376731301939,1.700086146989309,1.0,2025-02,Q1 2025
The Vic on Park Row,2025-02-03,1.8421798020034694,0.9279778393351801,1.7095020323300893,1.0,2025-02,Q1 2025
The Vic on Park Row,2025-02-04,1.8421798020034694,0.9307479224376731,1.7146050234713732,1.0,2025-02,Q1 2025
The Vic on Park Row,2025-02-05,1.8420451272362566,0.9307479224376731,1.714479675211585,1.0,2025-02,Q1 2025
The Vic on Park Row,2025-02-06,1.8420451272362566,0.9335180055401662,1.719582293292572,1.0,2025-02,Q1 2025
The Vic on Park Row,2025-02-07,1.8419104524690435,0.9335180055401662,1.7194565719724866,1.0,2025-02,Q1 2025
The Vic on Park Row,2025-02-08,1.8419104524690435,0.9362880886426592,1.7245588169931763,1.0,2025-02,Q1 2025
The Vic on Park Row,2025-02-09,1.8419104524690435,0.9362880886426592,1.7245588169931763,1.0,2025-02,Q1 2025
The Vic on Park Row,2025-02-10,1.8419104524690435,0.9362880886426592,1.7245588169931763,1.0,2025-02,Q1 2025
The Vic on Park Row,2025-02-11,1.8419104524690435,0.9362880886426592,1.7245588169931763,1.0,2025-02,Q1 2025
The Vic on Park Row,2025-02-12,1.840913370852295,0.9362880886426592,1.72362526135201,1.0,2025-02,Q1 2025
The Vic on Park Row,2025-02-13,1.840913370852295,0.9390581717451524,1.7287247443737617,1.0,2025-02,Q1 2025
The Vic on Park Row,2025-02-14,1.840913370852295,0.9390581717451524,1.7287247443737617,1.0,2025-02,Q1 2025
The Vic on Park Row,2025-02-15,1.840913370852295,0.9390581717451524,1.7287247443737617,1.0,2025-02,Q1 2025
The Vic on Park Row,2025-02-16,1.840913370852295,0.9362880886426592,1.72362526135201,1.0,2025-02,Q1 2025
The Vic on Park Row,2025-02-17,1.840913370852295,0.9390581717451524,1.7287247443737617,1.0,2025-02,Q1 2025
The Vic on Park Row,2025-02-18,1.840913370852295,0.9390581717451524,1.7287247443737617,1.0,2025-02,Q1 2025
The Vic on Park Row,2025-02-19,1.840913370852295,0.9390581717451524,1.7287247443737617,1.0,2025-02,Q1 2025
The Vic on Park Row,2025-02-20,1.840913370852295,0.9390581717451524,1.7287247443737617,1.0,2025-02,Q1 2025
The Vic on Park Row,2025-02-21,1.8388357242676698,0.9362880886426592,1.7216799856024165,1.0,2025-02,Q1 2025
The Vic on Park Row,2025-02-22,1.8388357242676698,0.9362880886426592,1.7216799856024165,1.0,2025-02,Q1 2025
The Vic on Park Row,2025-02-23,1.8388357242676698,0.9335180055401662,1.716586257834362,1.0,2025-02,Q1 2025
The Vic on Park Row,2025-02-24,1.8388357242676698,0.9335180055401662,1.716586257834362,1.0,2025-02,Q1 2025
The Vic on Park Row,2025-02-25,1.8388357242676698,0.9335180055401662,1.716586257834362,1.0,2025-02,Q1 2025
The Vic on Park Row,2025-02-26,1.8384395427757887,0.9335180055401662,1.7162164152782293,1.0,2025-02,Q1 2025
The Vic on Park Row,2025-02-27,1.8384395427757887,0.9362880886426592,1.7213090455906275,1.0,2025-02,Q1 2025
The Vic on Park Row,2025-02-28,1.8384395427757887,0.9362880886426592,1.7213090455906275,1.0,2025-02,Q1 2025
The Vic on Park Row,2025-03-01,1.8384395427757887,0.9335180055401662,1.7162164152782293,1.0,2025-03,Q1 2025
The Vic on Park Row,2025-03-02,1.8370982621539536,0.9335180055401662,1.714964305667264,1.0,2025-03,Q1 2025
The Vic on Park Row,2025-03-03,1.8370982621539536,0.9362880886426592,1.720053220520876,1.0,2025-03,Q1 2025
The Vic on Park Row,2025-03-04,1.8370982621539536,0.9362880886426592,1.720053220520876,1.0,2025-03,Q1 2025
The Vic on Park Row,2025-03-05,1.8370982621539536,0.9362880886426592,1.720053220520876,1.0,2025-03,Q1 2025
The Vic on Park Row,2025-03-06,1.8370982621539536,0.9362880886426592,1.720053220520876,1.0,2025-03,Q1 2025
The Vic on Park Row,2025-03-07,1.8370982621539536,0.9362880886426592,1.720053220520876,1.0,2025-03,Q1 2025
The Vic on Park Row,2025-03-08,1.8366178017109447,0.9390581717451524,1.7246909550692806,1.0,2025-03,Q1 2025
The Vic on Park Row,2025-03-09,1.836655864270123,0.9418282548476454,1.7298143874012237,1.0,2025-03,Q1 2025
The Vic on Park Row,2025-03-10,1.836655864270123,0.9445983379501385,1.7349020767759333,1.0,2025-03,Q1 2025
The Vic on Park Row,2025-03-11,1.836655864270123,0.9418282548476454,1.7298143874012237,1.0,2025-03,Q1 2025
The Vic on Park Row,2025-03-12,1.836655864270123,0.9445983379501385,1.7349020767759333,1.0,2025-03,Q1 2025
The Vic on Park Row,2025-03-13,1.836655864270123,0.9445983379501385,1.7349020767759333,1.0,2025-03,Q1 2025
The Vic on Park Row,2025-03-14,1.836655864270123,0.9445983379501385,1.7349020767759333,1.0,2025-03,Q1 2025
The Vic on Park Row,2025-03-15,1.836655864270123,0.9445983379501385,1.7349020767759333,1.0,2025-03,Q1 2025
The Vic on Park Row,2025-03-16,1.836655864270123,0.9445983379501385,1.7349020767759333,1.0,2025-03,Q1 2025
The Vic on Park Row,2025-03-17,1.836655864270123,0.9445983379501385,1.7349020767759333,1.0,2025-03,Q1 2025
The Vic on Park Row,2025-03-18,1.836655864270123,0.9445983379501385,1.7349020767759333,1.0,2025-03,Q1 2025
The Vic on Park Row,2025-03-19,1.836655864270123,0.9445983379501385,1.7349020767759333,1.0,2025-03,Q1 2025
The Vic on Park Row,2025-03-20,1.836824427032199,0.9445983379501385,1.7350613008808304,1.0,2025-03,Q1 2025
The Vic on Park Row,2025-03-21,1.836824427032199,0.9445983379501385,1.7350613008808304,1.0,2025-03,Q1 2025
The Vic on Park Row,2025-03-22,1.836824427032199,0.9445983379501385,1.7350613008808304,1.0,2025-03,Q1 2025
The Vic on Park Row,2025-03-23,1.836824427032199,0.9445983379501385,1.7350613008808304,1.0,2025-03,Q1 2025
The Vic on Park Row,2025-03-24,1.836824427032199,0.9445983379501385,1.7350613008808304,1.0,2025-03,Q1 2025
The Vic on Park Row,2025-03-25,1.8361928598102935,0.9390581717451524,1.724291909904957,1.0,2025-03,Q1 2025
The Vic on Park Row,2025-03-26,1.8342865690726244,0.9445983379501385,1.732664044470263,1.0,2025-03,Q1 2025
The Vic on Park Row,2025-03-27,1.8366924025261213,0.9445983379501385,1.7349365907518208,1.0,2025-03,Q1 2025
The Vic on Park Row,2025-03-28,1.8366924025261213,0.9473684210526316,1.740024381340536,1.0,2025-03,Q1 2025
The Vic on Park Row,2025-03-29,1.836931859787525,0.9473684210526316,1.7402512355881816,1.0,2025-03,Q1 2025
The Vic on Park Row,2025-03-30,1.836931859787525,0.9529085872576177,1.7504281433986388,1.0,2025-03,Q1 2025
The Vic on Park Row,2025-03-31,1.836931859787525,0.9529085872576177,1.7504281433986388,1.0,2025-03,Q1 2025
The Vic on Park Row,2025-04-01,1.836931859787525,0.9529085872576177,1.7504281433986388,1.0,2025-04,Q2 2025
The Vic on Park Row,2025-04-02,1.836931859787525,0.9501385041551247,1.7453396894934103,1.0,2025-04,Q2 2025
The Vic on Park Row,2025-04-03,1.836931859787525,0.9418282548476454,1.7300743277777244,1.0,2025-04,Q2 2025
The Vic on Park Row,2025-04-04,1.836931859787525,0.9418282548476454,1.7300743277777244,1.0,2025-04,Q2 2025
The Vic on Park Row,2025-04-05,1.836931859787525,0.9418282548476454,1.7300743277777244,1.0,2025-04,Q2 2025
The Vic on Park Row,2025-04-06,1.836931859787525,0.9418282548476454,1.7300743277777244,1.0,2025-04,Q2 2025
The Vic on Park Row,2025-04-07,1.836931859787525,0.9445983379501385,1.735162781682953,1.0,2025-04,Q2 2025
The Vic on Park Row,2025-04-08,1.836931859787525,0.9445983379501385,1.735162781682953,1.0,2025-04,Q2 2025
The Vic on Park Row,2025-04-09,1.8399451832852722,0.9418282548476454,1.732912360988899,1.0,2025-04,Q2 2025
The Vic on Park Row,2025-04-10,1.8401405985620096,0.9445983379501385,1.7381937509962473,1.0,2025-04,Q2 2025
The Vic on Park Row,2025-04-11,1.8401405985620096,0.9445983379501385,1.7381937509962473,1.0,2025-04,Q2 2025
The Vic on Park Row,2025-04-12,1.8401405985620096,0.9445983379501385,1.7381937509962473,1.0,2025-04,Q2 2025
The Vic on Park Row,2025-04-13,1.8427191505404146,0.9445983379501385,1.7406294469093666,1.0,2025-04,Q2 2025
Reserve by the Lake,2023-08-20,1.7837598118506868,0.896551724137931,1.5992329347626848,1.0,2023-08,Q3 2023
Reserve by the Lake,2023-08-21,1.7837598118506868,0.8994252873563219,1.6043586813484625,1.0,2023-08,Q3 2023
Reserve by the Lake,2023-08-22,1.7837598118506868,0.8879310344827587,1.5838556950053513,1.0,2023-08,Q3 2023
Reserve by the Lake,2023-08-23,1.7759064577325065,0.8850574712643678,1.571779278682793,1.0,2023-08,Q3 2023
Reserve by the Lake,2023-08-24,1.7759064577325065,0.8879310344827587,1.5768824581590362,1.0,2023-08,Q3 2023
Reserve by the Lake,2023-08-25,1.7880124533265225,0.8879310344827587,1.5876317473502743,1.0,2023-08,Q3 2023
Reserve by the Lake,2023-08-26,1.7909794425924734,0.8908045977011494,1.595412721849617,1.0,2023-08,Q3 2023
Reserve by the Lake,2023-08-27,1.7885604341188397,0.8936781609195402,1.598397399456779,1.0,2023-08,Q3 2023
Reserve by the Lake,2023-08-28,1.7885604341188397,0.8994252873563219,1.6086764824114852,1.0,2023-08,Q3 2023
Reserve by the Lake,2023-08-29,1.796893787208881,0.8994252873563219,1.6161717109091374,1.0,2023-08,Q3 2023
Reserve by the Lake,2023-08-30,1.796893787208881,0.8994252873563219,1.6161717109091374,1.0,2023-08,Q3 2023
Reserve by the Lake,2023-08-31,1.796893787208881,0.8994252873563219,1.6161717109091374,1.0,2023-08,Q3 2023
Reserve by the Lake,2023-09-01,1.796893787208881,0.896551724137931,1.6110082230148588,1.0,2023-09,Q3 2023
Reserve by the Lake,2023-09-02,1.796893787208881,0.8936781609195402,1.6058447351205805,1.0,2023-09,Q3 2023
Reserve by the Lake,2023-09-03,1.796893787208881,0.882183908045977,1.5851907835434669,1.0,2023-09,Q3 2023
Reserve by the Lake,2023-09-04,1.796893787208881,0.882183908045977,1.5851907835434669,1.0,2023-09,Q3 2023
Reserve by the Lake,2023-09-05,1.796893787208881,0.882183908045977,1.5851907835434669,1.0,2023-09,Q3 2023
Reserve by the Lake,2023-09-06,1.7893349009983877,0.882183908045977,1.578522455765819,1.0,2023-09,Q3 2023
Reserve by the Lake,2023-09-07,1.7829356219452945,0.8850574712643678,1.5780004929860654,1.0,2023-09,Q3 2023
Reserve by the Lake,2023-09-08,1.759247346003996,0.8850574712643678,1.557035007382847,1.0,2023-09,Q3 2023
Reserve by the Lake,2023-09-09,1.745595943082058,0.896551724137931,1.5650170524183968,1.0,2023-09,Q3 2023
Reserve by the Lake,2023-09-10,1.7443286008989005,0.8994252873563219,1.5688932531073445,1.0,2023-09,Q3 2023
Reserve by the Lake,2023-09-11,1.7443286008989005,0.9080459770114943,1.583930568632335,1.0,2023-09,Q3 2023
Reserve by the Lake,2023-09-12,1.7459567920992913,0.896551724137931,1.5653405722269509,1.0,2023-09,Q3 2023
Reserve by the Lake,2023-09-13,1.7459567920992913,0.9051724137931034,1.580391923882979,1.0,2023-09,Q3 2023
Reserve by the Lake,2023-09-14,1.7459567920992913,0.9051724137931034,1.580391923882979,1.0,2023-09,Q3 2023
Reserve by the Lake,2023-09-15,1.7503275130084464,0.9022988505747126,1.5793185031168164,1.0,2023-09,Q3 2023
Reserve by the Lake,2023-09-16,1.7504392907129047,0.8994252873563219,1.5743893620492506,1.0,2023-09,Q3 2023
Reserve by the Lake,2023-09-17,1.7505794158356902,0.9022988505747126,1.5795457947482952,1.0,2023-09,Q3 2023
Reserve by the Lake,2023-09-18,1.7505794158356902,0.9051724137931034,1.5845761953685127,1.0,2023-09,Q3 2023
Reserve by the Lake,2023-09-19,1.747269074239716,0.9051724137931034,1.581579765475605,1.0,2023-09,Q3 2023
Reserve by the Lake,2023-09-20,1.747269074239716,0.9080459770114943,1.586600653619972,1.0,2023-09,Q3 2023
Reserve by the Lake,2023-09-21,1.7357011540339948,0.9051724137931034,1.5711088032204263,1.0,2023-09,Q3 2023
Reserve by the Lake,2023-09-22,1.7411845665085453,0.9080459770114943,1.581075640852587,1.0,2023-09,Q3 2023
Reserve by the Lake,2023-09-23,1.7411845665085453,0.9080459770114943,1.581075640852587,1.0,2023-09,Q3 2023
Reserve by the Lake,2023-09-24,1.7411845665085453,0.9080459770114943,1.581075640852587,1.0,2023-09,Q3 2023
Reserve by the Lake,2023-09-25,1.7411845665085453,0.9080459770114943,1.581075640852587,1.0,2023-09,Q3 2023
Reserve by the Lake,2023-09-26,1.7411845665085453,0.9080459770114943,1.581075640852587,1.0,2023-09,Q3 2023
Reserve by the Lake,2023-09-27,1.7411845665085453,0.9051724137931034,1.5760722369258384,1.0,2023-09,Q3 2023
Reserve by the Lake,2023-09-28,1.7411845665085453,0.9022988505747126,1.5710688329990896,1.0,2023-09,Q3 2023
Reserve by the Lake,2023-09-29,1.7301205662840475,0.9022988505747126,1.561085798313767,1.0,2023-09,Q3 2023
Reserve by the Lake,2023-09-30,1.7301205662840475,0.8908045977011494,1.5411993550231458,1.0,2023-09,Q3 2023
Reserve by the Lake,2023-10-01,1.7301205662840475,0.8908045977011494,1.5411993550231458,1.0,2023-10,Q4 2023
Reserve by the Lake,2023-10-02,1.7301205662840475,0.8908045977011494,1.5411993550231458,1.0,2023-10,Q4 2023
Reserve by the Lake,2023-10-03,1.718015610997497,0.8908045977011494,1.5304162051989196,1.0,2023-10,Q4 2023
Reserve by the Lake,2023-10-04,1.720825535689793,0.8936781609195402,1.5378641999986369,1.0,2023-10,Q4 2023
Reserve by the Lake,2023-10-05,1.720825535689793,0.8994252873563219,1.5477540019278886,1.0,2023-10,Q4 2023
Reserve by the Lake,2023-10-06,1.720825535689793,0.8994252873563219,1.5477540019278886,1.0,2023-10,Q4 2023
Reserve by the Lake,2023-10-07,1.7168863855189849,0.8994252873563219,1.5442110306535697,1.0,2023-10,Q4 2023
Reserve by the Lake,2023-10-08,1.7168863855189849,0.9022988505747126,1.549144612221153,1.0,2023-10,Q4 2023
Reserve by the Lake,2023-10-09,1.7168863855189849,0.9022988505747126,1.549144612221153,1.0,2023-10,Q4 2023
Reserve by the Lake,2023-10-10,1.7193007959162498,0.8994252873563219,1.546382612418926,1.0,2023-10,Q4 2023
Reserve by the Lake,2023-10-11,1.7193007959162498,0.9022988505747126,1.5513231319474208,1.0,2023-10,Q4 2023
Reserve by the Lake,2023-10-12,1.7193007959162498,0.9022988505747126,1.5513231319474208,1.0,2023-10,Q4 2023
Reserve by the Lake,2023-10-13,1.718388536744725,0.9022988505747126,1.5505000015455275,1.0,2023-10,Q4 2023
Reserve by the Lake,2023-10-14,1.714671214102075,0.9051724137931034,1.5520730817303265,1.0,2023-10,Q4 2023
Reserve by the Lake,2023-10-15,1.720090934117119,0.9109195402298851,1.5668644428595597,1.0,2023-10,Q4 2023
Reserve by the Lake,2023-10-16,1.720090934117119,0.9137931034482758,1.571807232900126,1.0,2023-10,Q4 2023
Reserve by the Lake,2023-10-17,1.7216773296327772,0.9137931034482758,1.5732568701816756,1.0,2023-10,Q4 2023
Reserve by the Lake,2023-10-18,1.7216773296327772,0.9137931034482758,1.5732568701816756,1.0,2023-10,Q4 2023
Reserve by the Lake,2023-10-19,1.7216773296327772,0.9137931034482758,1.5732568701816756,1.0,2023-10,Q4 2023
Reserve by the Lake,2023-10-20,1.7238745896438339,0.9137931034482758,1.5752647112262619,1.0,2023-10,Q4 2023
Reserve by the Lake,2023-10-21,1.7172092700023078,0.9166666666666666,1.5741084975021153,1.0,2023-10,Q4 2023
Reserve by the Lake,2023-10-22,1.7172092700023078,0.9224137931034483,1.5839775162952323,1.0,2023-10,Q4 2023
Reserve by the Lake,2023-10-23,1.7172092700023078,0.9224137931034483,1.5839775162952323,1.0,2023-10,Q4 2023
Reserve by the Lake,2023-10-24,1.7225632554325152,0.9224137931034483,1.5889161063041304,1.0,2023-10,Q4 2023
Reserve by the Lake,2023-10-25,1.7225632554325152,0.9252873563218391,1.5938660007162928,1.0,2023-10,Q4 2023
Reserve by the Lake,2023-10-26,1.7225632554325152,0.9224137931034483,1.5889161063041304,1.0,2023-10,Q4 2023
Reserve by the Lake,2023-10-27,1.7242776868126601,0.9195402298850575,1.5855427005173885,1.0,2023-10,Q4 2023
Reserve by the Lake,2023-10-28,1.7242776868126601,0.9195402298850575,1.5855427005173885,1.0,2023-10,Q4 2023
Reserve by the Lake,2023-10-29,1.7242776868126601,0.9195402298850575,1.5855427005173885,1.0,2023-10,Q4 2023
Reserve by the Lake,2023-10-30,1.7242776868126601,0.9166666666666666,1.5805878795782717,1.0,2023-10,Q4 2023
Reserve by the Lake,2023-10-31,1.7242776868126601,0.9137931034482758,1.575633058639155,1.0,2023-10,Q4 2023
Reserve by the Lake,2023-11-01,1.7179315731024911,0.9137931034482758,1.5698340236971038,1.0,2023-11,Q4 2023
Reserve by the Lake,2023-11-02,1.7179315731024911,0.9166666666666666,1.5747706086772835,1.0,2023-11,Q4 2023
Reserve by the Lake,2023-11-03,1.712607353932967,0.9166666666666666,1.5698900744385529,1.0,2023-11,Q4 2023
Reserve by the Lake,2023-11-04,1.712607353932967,0.9224137931034483,1.5797326454381677,1.0,2023-11,Q4 2023
Reserve by the Lake,2023-11-05,1.712607353932967,0.9224137931034483,1.5797326454381677,1.0,2023-11,Q4 2023
Reserve by the Lake,2023-11-06,1.712607353932967,0.9224137931034483,1.5797326454381677,1.0,2023-11,Q4 2023
Reserve by the Lake,2023-11-07,1.712607353932967,0.9195402298850575,1.5748113599383604,1.0,2023-11,Q4 2023
Reserve by the Lake,2023-11-08,1.712607353932967,0.9195402298850575,1.5748113599383604,1.0,2023-11,Q4 2023
Reserve by the Lake,2023-11-09,1.712607353932967,0.9195402298850575,1.5748113599383604,1.0,2023-11,Q4 2023
Reserve by the Lake,2023-11-10,1.712607353932967,0.9166666666666666,1.5698900744385529,1.0,2023-11,Q4 2023
Reserve by the Lake,2023-11-11,1.7136179733038697,0.9166666666666666,1.5708164755285472,1.0,2023-11,Q4 2023
Reserve by the Lake,2023-11-12,1.7136179733038697,0.9195402298850575,1.5757406651070065,1.0,2023-11,Q4 2023
Reserve by the Lake,2023-11-13,1.7136179733038697,0.9224137931034483,1.580664854685466,1.0,2023-11,Q4 2023
Reserve by the Lake,2023-11-14,1.7136179733038697,0.9224137931034483,1.580664854685466,1.0,2023-11,Q4 2023
Reserve by the Lake,2023-11-15,1.7136179733038697,0.9195402298850575,1.5757406651070065,1.0,2023-11,Q4 2023
Reserve by the Lake,2023-11-16,1.7136179733038697,0.9195402298850575,1.5757406651070065,1.0,2023-11,Q4 2023
Reserve by the Lake,2023-11-17,1.715606096979032,0.9195402298850575,1.5775688248083053,1.0,2023-11,Q4 2023
Reserve by the Lake,2023-11-18,1.715606096979032,0.9224137931034483,1.5824987273858313,1.0,2023-11,Q4 2023
Reserve by the Lake,2023-11-19,1.715606096979032,0.9224137931034483,1.5824987273858313,1.0,2023-11,Q4 2023
Reserve by the Lake,2023-11-20,1.715606096979032,0.9224137931034483,1.5824987273858313,1.0,2023-11,Q4 2023
Reserve by the Lake,2023-11-21,1.715606096979032,0.9224137931034483,1.5824987273858313,1.0,2023-11,Q4 2023
Reserve by the Lake,2023-11-22,1.715606096979032,0.9224137931034483,1.5824987273858313,1.0,2023-11,Q4 2023
Reserve by the Lake,2023-11-23,1.715606096979032,0.9195402298850575,1.5775688248083053,1.0,2023-11,Q4 2023
Reserve by the Lake,2023-11-24,1.715606096979032,0.9195402298850575,1.5775688248083053,1.0,2023-11,Q4 2023
Reserve by the Lake,2023-11-25,1.715606096979032,0.9195402298850575,1.5775688248083053,1.0,2023-11,Q4 2023
Reserve by the Lake,2023-11-26,1.715606096979032,0.9195402298850575,1.5775688248083053,1.0,2023-11,Q4 2023
Reserve by the Lake,2023-11-27,1.715606096979032,0.9195402298850575,1.5775688248083053,1.0,2023-11,Q4 2023
Reserve by the Lake,2023-11-28,1.715606096979032,0.9195402298850575,1.5775688248083053,1.0,2023-11,Q4 2023
Reserve by the Lake,2023-11-29,1.715606096979032,0.9166666666666666,1.5726389222307793,1.0,2023-11,Q4 2023
Reserve by the Lake,2023-11-30,1.7163957836254449,0.9137931034482758,1.5684306298646304,1.0,2023-11,Q4 2023
Reserve by the Lake,2023-12-01,1.7211756825815647,0.9166666666666666,1.5777443756997676,1.0,2023-12,Q4 2023
Reserve by the Lake,2023-12-02,1.7211756825815647,0.9195402298850575,1.5826902828336227,1.0,2023-12,Q4 2023
Reserve by the Lake,2023-12-03,1.7211756825815647,0.9195402298850575,1.5826902828336227,1.0,2023-12,Q4 2023
Reserve by the Lake,2023-12-04,1.7170090421487358,0.9195402298850575,1.578858889332171,1.0,2023-12,Q4 2023
Reserve by the Lake,2023-12-05,1.7170090421487358,0.9224137931034483,1.5837928233613339,1.0,2023-12,Q4 2023
Reserve by the Lake,2023-12-06,1.7225004659298704,0.9224137931034483,1.5888581884008288,1.0,2023-12,Q4 2023
Reserve by the Lake,2023-12-07,1.7225004659298704,0.9281609195402298,1.598757616365943,1.0,2023-12,Q4 2023
Reserve by the Lake,2023-12-08,1.7225004659298704,0.9281609195402298,1.598757616365943,1.0,2023-12,Q4 2023
Reserve by the Lake,2023-12-09,1.7225004659298704,0.9281609195402298,1.598757616365943,1.0,2023-12,Q4 2023
Reserve by the Lake,2023-12-10,1.7225004659298704,0.9281609195402298,1.598757616365943,1.0,2023-12,Q4 2023
Reserve by the Lake,2023-12-11,1.7225004659298704,0.9281609195402298,1.598757616365943,1.0,2023-12,Q4 2023
Reserve by the Lake,2023-12-12,1.7225004659298704,0.9281609195402298,1.598757616365943,1.0,2023-12,Q4 2023
Reserve by the Lake,2023-12-13,1.7225004659298704,0.9281609195402298,1.598757616365943,1.0,2023-12,Q4 2023
Reserve by the Lake,2023-12-14,1.720067022147912,0.9252873563218391,1.5915562676196198,1.0,2023-12,Q4 2023
Reserve by the Lake,2023-12-15,1.720067022147912,0.9339080459770115,1.6063844316036535,1.0,2023-12,Q4 2023
Reserve by the Lake,2023-12-16,1.720067022147912,0.9339080459770115,1.6063844316036535,1.0,2023-12,Q4 2023
Reserve by the Lake,2023-12-17,1.720067022147912,0.9339080459770115,1.6063844316036535,1.0,2023-12,Q4 2023
Reserve by the Lake,2023-12-18,1.720067022147912,0.9339080459770115,1.6063844316036535,1.0,2023-12,Q4 2023
Reserve by the Lake,2023-12-19,1.720067022147912,0.9339080459770115,1.6063844316036535,1.0,2023-12,Q4 2023
Reserve by the Lake,2023-12-20,1.720067022147912,0.9310344827586207,1.6014417102756422,1.0,2023-12,Q4 2023
Reserve by the Lake,2023-12-21,1.720067022147912,0.9310344827586207,1.6014417102756422,1.0,2023-12,Q4 2023
Reserve by the Lake,2023-12-22,1.720067022147912,0.9281609195402298,1.5964989889476309,1.0,2023-12,Q4 2023
Reserve by the Lake,2023-12-23,1.720067022147912,0.9252873563218391,1.5915562676196198,1.0,2023-12,Q4 2023
Reserve by the Lake,2023-12-24,1.7177654983214143,0.9252873563218391,1.589426696722688,1.0,2023-12,Q4 2023
Reserve by the Lake,2023-12-25,1.7177654983214143,0.9281609195402298,1.594362804476485,1.0,2023-12,Q4 2023
Reserve by the Lake,2023-12-26,1.7177654983214143,0.9281609195402298,1.594362804476485,1.0,2023-12,Q4 2023
Reserve by the Lake,2023-12-27,1.7177654983214143,0.9281609195402298,1.594362804476485,1.0,2023-12,Q4 2023
Reserve by the Lake,2023-12-28,1.7190047627983447,0.9281609195402298,1.5955130413329464,1.0,2023-12,Q4 2023
Reserve by the Lake,2023-12-29,1.7190047627983447,0.9281609195402298,1.5955130413329464,1.0,2023-12,Q4 2023
Reserve by the Lake,2023-12-30,1.7190047627983447,0.9281609195402298,1.5955130413329464,1.0,2023-12,Q4 2023
Reserve by the Lake,2023-12-31,1.7190047627983447,0.9281609195402298,1.5955130413329464,1.0,2023-12,Q4 2023
Reserve by the Lake,2024-01-01,1.7190047627983447,0.9281609195402298,1.5955130413329464,1.0,2024-01,Q1 2024
Reserve by the Lake,2024-01-02,1.7190047627983447,0.9281609195402298,1.5955130413329464,1.0,2024-01,Q1 2024
Reserve by the Lake,2024-01-03,1.7190047627983447,0.9281609195402298,1.5955130413329464,1.0,2024-01,Q1 2024
Reserve by the Lake,2024-01-04,1.7190047627983447,0.9281609195402298,1.5955130413329464,1.0,2024-01,Q1 2024
Reserve by the Lake,2024-01-05,1.7190047627983447,0.9281609195402298,1.5955130413329464,1.0,2024-01,Q1 2024
Reserve by the Lake,2024-01-06,1.7190047627983447,0.9281609195402298,1.5955130413329464,1.0,2024-01,Q1 2024
Reserve by the Lake,2024-01-07,1.7190047627983447,0.9281609195402298,1.5955130413329464,1.0,2024-01,Q1 2024
Reserve by the Lake,2024-01-08,1.719271756802254,0.9281609195402298,1.5957608547331263,1.0,2024-01,Q1 2024
Reserve by the Lake,2024-01-09,1.719271756802254,0.9339080459770115,1.6056417268986567,1.0,2024-01,Q1 2024
Reserve by the Lake,2024-01-10,1.719271756802254,0.9339080459770115,1.6056417268986567,1.0,2024-01,Q1 2024
Reserve by the Lake,2024-01-11,1.7207465891381672,0.9339080459770115,1.6070190846836332,1.0,2024-01,Q1 2024
Reserve by the Lake,2024-01-12,1.720070074446248,0.9367816091954023,1.6113300122686116,1.0,2024-01,Q1 2024
Reserve by the Lake,2024-01-13,1.720070074446248,0.9396551724137931,1.6162727423675953,1.0,2024-01,Q1 2024
Reserve by the Lake,2024-01-14,1.7145046796263734,0.9396551724137931,1.6110431903385751,1.0,2024-01,Q1 2024
Reserve by the Lake,2024-01-15,1.717594573144356,0.9425287356321839,1.6188822413544504,1.0,2024-01,Q1 2024
Reserve by the Lake,2024-01-16,1.717594573144356,0.9482758620689655,1.628753474533441,1.0,2024-01,Q1 2024
Reserve by the Lake,2024-01-17,1.717594573144356,0.9454022988505747,1.6238178579439457,1.0,2024-01,Q1 2024
Reserve by the Lake,2024-01-18,1.717594573144356,0.9454022988505747,1.6238178579439457,1.0,2024-01,Q1 2024
Reserve by the Lake,2024-01-19,1.7182380306366938,0.9425287356321839,1.6194887185311366,1.0,2024-01,Q1 2024
Reserve by the Lake,2024-01-20,1.719493588289008,0.9425287356321839,1.6206721176976855,1.0,2024-01,Q1 2024
Reserve by the Lake,2024-01-21,1.719493588289008,0.9454022988505747,1.6256131912272518,1.0,2024-01,Q1 2024
Reserve by the Lake,2024-01-22,1.7234597159834586,0.9454022988505747,1.6293627774671202,1.0,2024-01,Q1 2024
Reserve by the Lake,2024-01-23,1.7234597159834586,0.9482758620689655,1.6343152479153487,1.0,2024-01,Q1 2024
Reserve by the Lake,2024-01-24,1.7234597159834586,0.9482758620689655,1.6343152479153487,1.0,2024-01,Q1 2024
Reserve by the Lake,2024-01-25,1.7240396112240792,0.9396551724137931,1.6200027381329711,1.0,2024-01,Q1 2024
Reserve by the Lake,2024-01-26,1.7240396112240792,0.9511494252873564,1.6398192853884201,1.0,2024-01,Q1 2024
Reserve by the Lake,2024-01-27,1.7240396112240792,0.9511494252873564,1.6398192853884201,1.0,2024-01,Q1 2024
Reserve by the Lake,2024-01-28,1.7240396112240792,0.9511494252873564,1.6398192853884201,1.0,2024-01,Q1 2024
Reserve by the Lake,2024-01-29,1.7240396112240792,0.9511494252873564,1.6398192853884201,1.0,2024-01,Q1 2024
Reserve by the Lake,2024-01-30,1.7240396112240792,0.9511494252873564,1.6398192853884201,1.0,2024-01,Q1 2024
Reserve by the Lake,2024-01-31,1.728430947485104,0.9482758620689655,1.6390293467531158,1.0,2024-01,Q1 2024
Reserve by the Lake,2024-02-01,1.728430947485104,0.9511494252873564,1.6439961023493375,1.0,2024-02,Q1 2024
Reserve by the Lake,2024-02-02,1.728430947485104,0.9454022988505747,1.6340625911568942,1.0,2024-02,Q1 2024
Reserve by the Lake,2024-02-03,1.728430947485104,0.9396551724137931,1.6241290799644512,1.0,2024-02,Q1 2024
Reserve by the Lake,2024-02-04,1.728430947485104,0.9367816091954023,1.6191623243682296,1.0,2024-02,Q1 2024
Reserve by the Lake,2024-02-05,1.734052355889655,0.9367816091954023,1.6244283563793895,1.0,2024-02,Q1 2024
Reserve by the Lake,2024-02-06,1.734052355889655,0.9425287356321839,1.6343941745166863,1.0,2024-02,Q1 2024
Reserve by the Lake,2024-02-07,1.734052355889655,0.9339080459770115,1.619445447310741,1.0,2024-02,Q1 2024
Reserve by the Lake,2024-02-08,1.734052355889655,0.9339080459770115,1.619445447310741,1.0,2024-02,Q1 2024
Reserve by the Lake,2024-02-09,1.7321896366211509,0.9339080459770115,1.6177058387984886,1.0,2024-02,Q1 2024
Reserve by the Lake,2024-02-10,1.7321896366211509,0.9339080459770115,1.6177058387984886,1.0,2024-02,Q1 2024
Reserve by the Lake,2024-02-11,1.7321896366211509,0.9310344827586207,1.6127282823714162,1.0,2024-02,Q1 2024
Reserve by the Lake,2024-02-12,1.7321896366211509,0.9310344827586207,1.6127282823714162,1.0,2024-02,Q1 2024
Reserve by the Lake,2024-02-13,1.7321896366211509,0.9310344827586207,1.6127282823714162,1.0,2024-02,Q1 2024
Reserve by the Lake,2024-02-14,1.7321896366211509,0.9252873563218391,1.6027731695172718,1.0,2024-02,Q1 2024
Reserve by the Lake,2024-02-15,1.7321896366211509,0.9252873563218391,1.6027731695172718,1.0,2024-02,Q1 2024
Reserve by the Lake,2024-02-16,1.7321896366211509,0.9252873563218391,1.6027731695172718,1.0,2024-02,Q1 2024
Reserve by the Lake,2024-02-17,1.7343242020835035,0.9224137931034483,1.5997645657149557,1.0,2024-02,Q1 2024
Reserve by the Lake,2024-02-18,1.7343242020835035,0.9224137931034483,1.5997645657149557,1.0,2024-02,Q1 2024
Reserve by the Lake,2024-02-19,1.7342284390086955,0.9224137931034483,1.599676232533883,1.0,2024-02,Q1 2024
Reserve by the Lake,2024-02-20,1.7342284390086955,0.9252873563218391,1.6046596475885058,1.0,2024-02,Q1 2024
Reserve by the Lake,2024-02-21,1.7342284390086955,0.9252873563218391,1.6046596475885058,1.0,2024-02,Q1 2024
Reserve by the Lake,2024-02-22,1.7342284390086955,0.9252873563218391,1.6046596475885058,1.0,2024-02,Q1 2024
Reserve by the Lake,2024-02-23,1.7342284390086955,0.9252873563218391,1.6046596475885058,1.0,2024-02,Q1 2024
Reserve by the Lake,2024-02-24,1.7342284390086955,0.9252873563218391,1.6046596475885058,1.0,2024-02,Q1 2024
Reserve by the Lake,2024-02-25,1.7342284390086955,0.9252873563218391,1.6046596475885058,1.0,2024-02,Q1 2024
Reserve by the Lake,2024-02-26,1.7342284390086955,0.9224137931034483,1.599676232533883,1.0,2024-02,Q1 2024
Reserve by the Lake,2024-02-27,1.7342284390086955,0.9224137931034483,1.599676232533883,1.0,2024-02,Q1 2024
Reserve by the Lake,2024-02-28,1.7342284390086955,0.9224137931034483,1.599676232533883,1.0,2024-02,Q1 2024
Reserve by the Lake,2024-02-29,1.7274502264892133,0.9195402298850575,1.5884599783808857,1.0,2024-02,Q1 2024
Reserve by the Lake,2024-03-01,1.7274502264892133,0.9310344827586207,1.6083157281106468,1.0,2024-03,Q1 2024
Reserve by the Lake,2024-03-02,1.7274502264892133,0.9281609195402298,1.6033517906782064,1.0,2024-03,Q1 2024
Reserve by the Lake,2024-03-03,1.7274502264892133,0.9281609195402298,1.6033517906782064,1.0,2024-03,Q1 2024
Reserve by the Lake,2024-03-04,1.7274502264892133,0.9281609195402298,1.6033517906782064,1.0,2024-03,Q1 2024
Reserve by the Lake,2024-03-05,1.7274502264892133,0.9281609195402298,1.6033517906782064,1.0,2024-03,Q1 2024
Reserve by the Lake,2024-03-06,1.7301644914232375,0.9281609195402298,1.6058710653152461,1.0,2024-03,Q1 2024
Reserve by the Lake,2024-03-07,1.7285956816971153,0.9281609195402298,1.604414957437265,1.0,2024-03,Q1 2024
Reserve by the Lake,2024-03-08,1.7338729495554683,0.9281609195402298,1.609313111225334,1.0,2024-03,Q1 2024
Reserve by the Lake,2024-03-09,1.7338729495554683,0.9310344827586207,1.6142955047585394,1.0,2024-03,Q1 2024
Reserve by the Lake,2024-03-10,1.7366866208188665,0.9281609195402298,1.6119246509324536,1.0,2024-03,Q1 2024
Reserve by the Lake,2024-03-11,1.7366866208188665,0.9367816091954023,1.6268960873188232,1.0,2024-03,Q1 2024
Reserve by the Lake,2024-03-12,1.7392422287958014,0.9367816091954023,1.629290133871929,1.0,2024-03,Q1 2024
Reserve by the Lake,2024-03-13,1.7392422287958014,0.9396551724137931,1.6342879563684687,1.0,2024-03,Q1 2024
Reserve by the Lake,2024-03-14,1.7392422287958014,0.9396551724137931,1.6342879563684687,1.0,2024-03,Q1 2024
Reserve by the Lake,2024-03-15,1.7392422287958014,0.9281609195402298,1.6142966663823097,1.0,2024-03,Q1 2024
Reserve by the Lake,2024-03-16,1.7428455764975908,0.9281609195402298,1.6176411528986259,1.0,2024-03,Q1 2024
Reserve by the Lake,2024-03-17,1.7405179600400376,0.9310344827586207,1.620482238657966,1.0,2024-03,Q1 2024
Reserve by the Lake,2024-03-18,1.7405179600400376,0.9339080459770115,1.6254837270488856,1.0,2024-03,Q1 2024
Reserve by the Lake,2024-03-19,1.7405179600400376,0.9339080459770115,1.6254837270488856,1.0,2024-03,Q1 2024
Reserve by the Lake,2024-03-20,1.7405179600400376,0.9339080459770115,1.6254837270488856,1.0,2024-03,Q1 2024
Reserve by the Lake,2024-03-21,1.7405179600400376,0.9252873563218391,1.6104792618761268,1.0,2024-03,Q1 2024
Reserve by the Lake,2024-03-22,1.7405179600400376,0.9252873563218391,1.6104792618761268,1.0,2024-03,Q1 2024
Reserve by the Lake,2024-03-23,1.7338127301793378,0.9224137931034483,1.5992927769757685,1.0,2024-03,Q1 2024
Reserve by the Lake,2024-03-24,1.7338127301793378,0.9224137931034483,1.5992927769757685,1.0,2024-03,Q1 2024
Reserve by the Lake,2024-03-25,1.7338127301793378,0.9224137931034483,1.5992927769757685,1.0,2024-03,Q1 2024
Reserve by the Lake,2024-03-26,1.7338127301793378,0.9224137931034483,1.5992927769757685,1.0,2024-03,Q1 2024
Reserve by the Lake,2024-03-27,1.73630941512154,0.9224137931034483,1.6015957536034895,1.0,2024-03,Q1 2024
Reserve by the Lake,2024-03-28,1.7333386174456402,0.9224137931034483,1.5988554488507198,1.0,2024-03,Q1 2024
Reserve by the Lake,2024-03-29,1.7333386174456402,0.9252873563218391,1.603836306946828,1.0,2024-03,Q1 2024
Reserve by the Lake,2024-03-30,1.7333386174456402,0.9224137931034483,1.5988554488507198,1.0,2024-03,Q1 2024
Reserve by the Lake,2024-03-31,1.7333386174456402,0.9224137931034483,1.5988554488507198,1.0,2024-03,Q1 2024
Reserve by the Lake,2024-04-01,1.7353799291563403,0.9224137931034483,1.6007383829286932,1.0,2024-04,Q2 2024
Reserve by the Lake,2024-04-02,1.7353799291563403,0.9252873563218391,1.6057251068630505,1.0,2024-04,Q2 2024
Reserve by the Lake,2024-04-03,1.7389099355190558,0.9252873563218391,1.608991377118207,1.0,2024-04,Q2 2024
Reserve by the Lake,2024-04-04,1.7310486412357549,0.9224137931034483,1.5967431432088428,1.0,2024-04,Q2 2024
Reserve by the Lake,2024-04-05,1.7310486412357549,0.9281609195402298,1.6066916986182436,1.0,2024-04,Q2 2024
Reserve by the Lake,2024-04-06,1.731212744607751,0.9281609195402298,1.6068440129548953,1.0,2024-04,Q2 2024
Reserve by the Lake,2024-04-07,1.731212744607751,0.9310344827586207,1.6118187622210094,1.0,2024-04,Q2 2024
Reserve by the Lake,2024-04-08,1.731212744607751,0.9310344827586207,1.6118187622210094,1.0,2024-04,Q2 2024
Reserve by the Lake,2024-04-09,1.731212744607751,0.9310344827586207,1.6118187622210094,1.0,2024-04,Q2 2024
Reserve by the Lake,2024-04-10,1.731212744607751,0.9310344827586207,1.6118187622210094,1.0,2024-04,Q2 2024
Reserve by the Lake,2024-04-11,1.731212744607751,0.9281609195402298,1.6068440129548953,1.0,2024-04,Q2 2024
Reserve by the Lake,2024-04-12,1.7290302465145821,0.9281609195402298,1.604818303517845,1.0,2024-04,Q2 2024
Reserve by the Lake,2024-04-13,1.7290302465145821,0.9310344827586207,1.6097867812377145,1.0,2024-04,Q2 2024
Reserve by the Lake,2024-04-14,1.7290302465145821,0.9281609195402298,1.604818303517845,1.0,2024-04,Q2 2024
Reserve by the Lake,2024-04-15,1.7290302465145821,0.9281609195402298,1.604818303517845,1.0,2024-04,Q2 2024
Reserve by the Lake,2024-04-16,1.7290302465145821,0.9281609195402298,1.604818303517845,1.0,2024-04,Q2 2024
Reserve by the Lake,2024-04-17,1.7345212346547867,0.9252873563218391,1.6049305676978198,1.0,2024-04,Q2 2024
Reserve by the Lake,2024-04-18,1.7345212346547867,0.9281609195402298,1.6099148241192416,1.0,2024-04,Q2 2024
Reserve by the Lake,2024-04-19,1.733265452644418,0.9281609195402298,1.6087492563337558,1.0,2024-04,Q2 2024
Reserve by the Lake,2024-04-20,1.733265452644418,0.9310344827586207,1.6137299041861823,1.0,2024-04,Q2 2024
Reserve by the Lake,2024-04-21,1.733265452644418,0.9310344827586207,1.6137299041861823,1.0,2024-04,Q2 2024
Reserve by the Lake,2024-04-22,1.7294080917357169,0.9310344827586207,1.6101385681677363,1.0,2024-04,Q2 2024
Reserve by the Lake,2024-04-23,1.7294080917357169,0.9367816091954023,1.6200776951317348,1.0,2024-04,Q2 2024
Reserve by the Lake,2024-04-24,1.7294080917357169,0.9367816091954023,1.6200776951317348,1.0,2024-04,Q2 2024
Reserve by the Lake,2024-04-25,1.7294080917357169,0.9367816091954023,1.6200776951317348,1.0,2024-04,Q2 2024
Reserve by the Lake,2024-04-26,1.7294080917357169,0.9367816091954023,1.6200776951317348,1.0,2024-04,Q2 2024
Reserve by the Lake,2024-04-27,1.7273741947580914,0.9339080459770115,1.6132086588976429,1.0,2024-04,Q2 2024
Reserve by the Lake,2024-04-28,1.7273741947580914,0.9367816091954023,1.6181723778480972,1.0,2024-04,Q2 2024
Reserve by the Lake,2024-04-29,1.7273741947580914,0.9367816091954023,1.6181723778480972,1.0,2024-04,Q2 2024
Reserve by the Lake,2024-04-30,1.7273741947580914,0.9367816091954023,1.6181723778480972,1.0,2024-04,Q2 2024
Reserve by the Lake,2024-05-01,1.727720666728509,0.9224137931034483,1.5936733736202626,1.0,2024-05,Q2 2024
Reserve by the Lake,2024-05-02,1.727720666728509,0.9252873563218391,1.5986380881798274,1.0,2024-05,Q2 2024
Reserve by the Lake,2024-05-03,1.7287555485644137,0.9224137931034483,1.5946279628999334,1.0,2024-05,Q2 2024
Reserve by the Lake,2024-05-04,1.7294192455842343,0.9252873563218391,1.6002097617187456,1.0,2024-05,Q2 2024
Reserve by the Lake,2024-05-05,1.7294192455842343,0.9281609195402298,1.6051793572520334,1.0,2024-05,Q2 2024
Reserve by the Lake,2024-05-06,1.7294192455842343,0.9109195402298851,1.5753617840523055,1.0,2024-05,Q2 2024
Reserve by the Lake,2024-05-07,1.7305777322619988,0.9109195402298851,1.5764170722041773,1.0,2024-05,Q2 2024
Reserve by the Lake,2024-05-08,1.7305777322619988,0.9166666666666666,1.5863629212401655,1.0,2024-05,Q2 2024
Reserve by the Lake,2024-05-09,1.7305777322619988,0.9166666666666666,1.5863629212401655,1.0,2024-05,Q2 2024
Reserve by the Lake,2024-05-10,1.7305777322619988,0.9137931034482758,1.5813899967221712,1.0,2024-05,Q2 2024
Reserve by the Lake,2024-05-11,1.7291019806731773,0.9080459770114943,1.5701040973928853,1.0,2024-05,Q2 2024
Reserve by the Lake,2024-05-12,1.7276437688592918,0.9109195402298851,1.573744467610332,1.0,2024-05,Q2 2024
Reserve by the Lake,2024-05-13,1.7276437688592918,0.9137931034482758,1.578708961199008,1.0,2024-05,Q2 2024
Reserve by the Lake,2024-05-14,1.7300498753783558,0.9022988505747126,1.561022013990815,1.0,2024-05,Q2 2024
Reserve by the Lake,2024-05-15,1.7300498753783558,0.8994252873563219,1.5560506063029464,1.0,2024-05,Q2 2024
Reserve by the Lake,2024-05-16,1.7300498753783558,0.896551724137931,1.5510791986150776,1.0,2024-05,Q2 2024
Reserve by the Lake,2024-05-17,1.7300498753783558,0.8735632183908046,1.511307937112127,1.0,2024-05,Q2 2024
Reserve by the Lake,2024-05-18,1.7285878707373494,0.8706896551724138,1.5050635771075198,1.0,2024-05,Q2 2024
Reserve by the Lake,2024-05-19,1.7274370186784864,0.8706896551724138,1.504061542125234,1.0,2024-05,Q2 2024
Reserve by the Lake,2024-05-20,1.7274370186784864,0.8735632183908046,1.509025441604195,1.0,2024-05,Q2 2024
Reserve by the Lake,2024-05-21,1.7274370186784864,0.867816091954023,1.4990976426462728,1.0,2024-05,Q2 2024
Reserve by the Lake,2024-05-22,1.7224961960165484,0.8649425287356322,1.4898602155200604,1.0,2024-05,Q2 2024
Reserve by the Lake,2024-05-23,1.7224961960165484,0.867816091954023,1.4948099172327518,1.0,2024-05,Q2 2024
Reserve by the Lake,2024-05-24,1.725313026517423,0.8620689655172413,1.4873388159632956,1.0,2024-05,Q2 2024
Reserve by the Lake,2024-05-25,1.725313026517423,0.8620689655172413,1.4873388159632956,1.0,2024-05,Q2 2024
Reserve by the Lake,2024-05-26,1.725313026517423,0.8620689655172413,1.4873388159632956,1.0,2024-05,Q2 2024
Reserve by the Lake,2024-05-27,1.7289333098561923,0.8620689655172413,1.4904597498760277,1.0,2024-05,Q2 2024
Reserve by the Lake,2024-05-28,1.7289333098561923,0.8649425287356322,1.4954279490422813,1.0,2024-05,Q2 2024
Reserve by the Lake,2024-05-29,1.7248756335102233,0.8505747126436781,1.4671355963190404,1.0,2024-05,Q2 2024
Reserve by the Lake,2024-05-30,1.7248756335102233,0.853448275862069,1.472092135495794,1.0,2024-05,Q2 2024
Reserve by the Lake,2024-05-31,1.7248756335102233,0.853448275862069,1.472092135495794,1.0,2024-05,Q2 2024
Reserve by the Lake,2024-06-01,1.7248756335102233,0.8477011494252873,1.4621790571422868,1.0,2024-06,Q2 2024
Reserve by the Lake,2024-06-02,1.7248756335102233,0.8477011494252873,1.4621790571422868,1.0,2024-06,Q2 2024
Reserve by the Lake,2024-06-03,1.7248756335102233,0.8477011494252873,1.4621790571422868,1.0,2024-06,Q2 2024
Reserve by the Lake,2024-06-04,1.7248756335102233,0.8477011494252873,1.4621790571422868,1.0,2024-06,Q2 2024
Reserve by the Lake,2024-06-05,1.7282600792461165,0.8390804597701149,1.4501492618961667,1.0,2024-06,Q2 2024
Reserve by the Lake,2024-06-06,1.7282600792461165,0.8390804597701149,1.4501492618961667,1.0,2024-06,Q2 2024
Reserve by the Lake,2024-06-07,1.7282600792461165,0.8362068965517242,1.445182997300632,1.0,2024-06,Q2 2024
Reserve by the Lake,2024-06-08,1.7282600792461165,0.8362068965517242,1.445182997300632,1.0,2024-06,Q2 2024
Reserve by the Lake,2024-06-09,1.7282600792461165,0.8333333333333334,1.4402167327050972,1.0,2024-06,Q2 2024
Reserve by the Lake,2024-06-10,1.7282600792461165,0.8333333333333334,1.4402167327050972,1.0,2024-06,Q2 2024
Reserve by the Lake,2024-06-11,1.7282600792461165,0.8304597701149425,1.4352504681095624,1.0,2024-06,Q2 2024
Reserve by the Lake,2024-06-12,1.7282600792461165,0.8304597701149425,1.4352504681095624,1.0,2024-06,Q2 2024
Reserve by the Lake,2024-06-13,1.7286729582550735,0.8247126436781609,1.4256584454574888,1.0,2024-06,Q2 2024
Reserve by the Lake,2024-06-14,1.7296913938304412,0.8275862068965517,1.4314687397217445,1.0,2024-06,Q2 2024
Reserve by the Lake,2024-06-15,1.7296913938304412,0.8390804597701149,1.4513502499956576,1.0,2024-06,Q2 2024
Reserve by the Lake,2024-06-16,1.7296913938304412,0.8390804597701149,1.4513502499956576,1.0,2024-06,Q2 2024
Reserve by the Lake,2024-06-17,1.7296913938304412,0.8333333333333334,1.441409494858701,1.0,2024-06,Q2 2024
Reserve by the Lake,2024-06-18,1.7296913938304412,0.8333333333333334,1.441409494858701,1.0,2024-06,Q2 2024
Reserve by the Lake,2024-06-19,1.7324604391858809,0.8304597701149425,1.4387386980595391,1.0,2024-06,Q2 2024
Reserve by the Lake,2024-06-20,1.7320607208819807,0.8362068965517242,1.4483611200478632,1.0,2024-06,Q2 2024
Reserve by the Lake,2024-06-21,1.7311353746904499,0.8390804597701149,1.452561866119573,1.0,2024-06,Q2 2024
Reserve by the Lake,2024-06-22,1.7313419233845642,0.8419540229885057,1.457710297562291,1.0,2024-06,Q2 2024
Reserve by the Lake,2024-06-23,1.7313419233845642,0.8448275862068966,1.462685418031787,1.0,2024-06,Q2 2024
Reserve by the Lake,2024-06-24,1.7313419233845642,0.8448275862068966,1.462685418031787,1.0,2024-06,Q2 2024
Reserve by the Lake,2024-06-25,1.7313419233845642,0.8419540229885057,1.457710297562291,1.0,2024-06,Q2 2024
Reserve by the Lake,2024-06-26,1.7313419233845642,0.8419540229885057,1.457710297562291,1.0,2024-06,Q2 2024
Reserve by the Lake,2024-06-27,1.7343137323138584,0.8419540229885057,1.4602124240458636,1.0,2024-06,Q2 2024
Reserve by the Lake,2024-06-28,1.7343137323138584,0.8419540229885057,1.4602124240458636,1.0,2024-06,Q2 2024
Reserve by the Lake,2024-06-29,1.7343137323138584,0.8419540229885057,1.4602124240458636,1.0,2024-06,Q2 2024
Reserve by the Lake,2024-06-30,1.7343137323138584,0.8419540229885057,1.4602124240458636,1.0,2024-06,Q2 2024
Reserve by the Lake,2024-07-01,1.7343137323138584,0.8419540229885057,1.4602124240458636,1.0,2024-07,Q3 2024
Reserve by the Lake,2024-07-02,1.7343137323138584,0.8362068965517242,1.4502451037452093,1.0,2024-07,Q3 2024
Reserve by the Lake,2024-07-03,1.7291593729265653,0.8218390804597702,1.4210907490143612,1.0,2024-07,Q3 2024
Reserve by the Lake,2024-07-04,1.7291593729265653,0.8160919540229885,1.4111530514688062,1.0,2024-07,Q3 2024
Reserve by the Lake,2024-07-05,1.7290869753819773,0.8160919540229885,1.4110939684151769,1.0,2024-07,Q3 2024
Reserve by the Lake,2024-07-06,1.7270269294817622,0.8189655172413793,1.4143755025928224,1.0,2024-07,Q3 2024
Reserve by the Lake,2024-07-07,1.7270269294817622,0.8218390804597702,1.4193382236545518,1.0,2024-07,Q3 2024
Reserve by the Lake,2024-07-08,1.7270269294817622,0.8218390804597702,1.4193382236545518,1.0,2024-07,Q3 2024
Reserve by the Lake,2024-07-09,1.7270269294817622,0.8218390804597702,1.4193382236545518,1.0,2024-07,Q3 2024
Reserve by the Lake,2024-07-10,1.7270269294817622,0.8218390804597702,1.4193382236545518,1.0,2024-07,Q3 2024
Reserve by the Lake,2024-07-11,1.7270269294817622,0.8218390804597702,1.4193382236545518,1.0,2024-07,Q3 2024
Reserve by the Lake,2024-07-12,1.7263263196709828,0.8218390804597702,1.4187624351318997,1.0,2024-07,Q3 2024
Reserve by the Lake,2024-07-13,1.7263263196709828,0.8247126436781609,1.423723142947046,1.0,2024-07,Q3 2024
Reserve by the Lake,2024-07-14,1.7216175404634635,0.8247126436781609,1.419839753198316,1.0,2024-07,Q3 2024
Reserve by the Lake,2024-07-15,1.7216175404634635,0.8304597701149425,1.4297341068791407,1.0,2024-07,Q3 2024
Reserve by the Lake,2024-07-16,1.7216175404634635,0.8247126436781609,1.419839753198316,1.0,2024-07,Q3 2024
Reserve by the Lake,2024-07-17,1.7165124399918041,0.8247126436781609,1.4156295122920912,1.0,2024-07,Q3 2024
Reserve by the Lake,2024-07-18,1.7162559474820673,0.8247126436781609,1.4154179796763027,1.0,2024-07,Q3 2024
Reserve by the Lake,2024-07-19,1.7114096567992936,0.8275862068965517,1.4163390263166566,1.0,2024-07,Q3 2024
Reserve by the Lake,2024-07-20,1.7114096567992936,0.8247126436781609,1.4114211824752794,1.0,2024-07,Q3 2024
Reserve by the Lake,2024-07-21,1.7093712005076007,0.8247126436781609,1.409740041797935,1.0,2024-07,Q3 2024
Reserve by the Lake,2024-07-22,1.7093712005076007,0.8362068965517242,1.429387986631356,1.0,2024-07,Q3 2024
Reserve by the Lake,2024-07-23,1.7088869025244326,0.8362068965517242,1.4289830133178447,1.0,2024-07,Q3 2024
Reserve by the Lake,2024-07-24,1.7057666353730647,0.8390804597701149,1.4312754526693532,1.0,2024-07,Q3 2024
Reserve by the Lake,2024-07-25,1.7056938403339665,0.8505747126436781,1.4508200481001554,1.0,2024-07,Q3 2024
Reserve by the Lake,2024-07-26,1.7054903480349464,0.853448275862069,1.455547797029825,1.0,2024-07,Q3 2024
Reserve by the Lake,2024-07-27,1.706279688733117,0.8591954022988506,1.4660276635954081,1.0,2024-07,Q3 2024
Reserve by the Lake,2024-07-28,1.706279688733117,0.8649425287356322,1.4758338687030697,1.0,2024-07,Q3 2024
Reserve by the Lake,2024-07-29,1.706279688733117,0.8649425287356322,1.4758338687030697,1.0,2024-07,Q3 2024
Reserve by the Lake,2024-07-30,1.7060072906427979,0.8649425287356322,1.4755982600100062,1.0,2024-07,Q3 2024
Reserve by the Lake,2024-07-31,1.7060072906427979,0.8649425287356322,1.4755982600100062,1.0,2024-07,Q3 2024
Reserve by the Lake,2024-08-01,1.7064051742367774,0.8591954022988506,1.4661354801632083,1.0,2024-08,Q3 2024
Reserve by the Lake,2024-08-02,1.7048120786839052,0.8591954022988506,1.4647666997887576,1.0,2024-08,Q3 2024
Reserve by the Lake,2024-08-03,1.705495154550738,0.8591954022988506,1.4653535954329617,1.0,2024-08,Q3 2024
Reserve by the Lake,2024-08-04,1.705495154550738,0.8620689655172413,1.4702544435782223,1.0,2024-08,Q3 2024
Reserve by the Lake,2024-08-05,1.7052112770755161,0.8620689655172413,1.4700097216168242,1.0,2024-08,Q3 2024
Reserve by the Lake,2024-08-06,1.706200786505994,0.8591954022988506,1.4659598711646329,1.0,2024-08,Q3 2024
Reserve by the Lake,2024-08-07,1.706200786505994,0.8591954022988506,1.4659598711646329,1.0,2024-08,Q3 2024
Reserve by the Lake,2024-08-08,1.706752921011508,0.8563218390804598,1.4615298001765211,1.0,2024-08,Q3 2024
Reserve by the Lake,2024-08-09,1.7019701858979908,0.8649425287356322,1.4721063964232621,1.0,2024-08,Q3 2024
Reserve by the Lake,2024-08-10,1.6997115958294313,0.867816091954023,1.475037074541633,1.0,2024-08,Q3 2024
Reserve by the Lake,2024-08-11,1.7006564757054954,0.882183908045977,1.5002917759815722,1.0,2024-08,Q3 2024
Reserve by the Lake,2024-08-12,1.7006564757054954,0.8879310344827587,1.510065663772983,1.0,2024-08,Q3 2024
Reserve by the Lake,2024-08-13,1.7012102176073134,0.8879310344827587,1.5105573483927008,1.0,2024-08,Q3 2024
Reserve by the Lake,2024-08-14,1.6965510774710526,0.8908045977011494,1.5112955000460526,1.0,2024-08,Q3 2024
Reserve by the Lake,2024-08-15,1.6955468256885244,0.8936781609195402,1.5152731689342847,1.0,2024-08,Q3 2024
Reserve by the Lake,2024-08-16,1.6917424701777777,0.8908045977011494,1.507011970560664,1.0,2024-08,Q3 2024
Reserve by the Lake,2024-08-17,1.6917424701777777,0.8936781609195402,1.5118732994979565,1.0,2024-08,Q3 2024
Reserve by the Lake,2024-08-18,1.6921110439509124,0.8936781609195402,1.5122026858296946,1.0,2024-08,Q3 2024
Reserve by the Lake,2024-08-19,1.6921110439509124,0.896551724137931,1.5170650738870248,1.0,2024-08,Q3 2024
Reserve by the Lake,2024-08-20,1.6921110439509124,0.8908045977011494,1.5073402977723644,1.0,2024-08,Q3 2024
Reserve by the Lake,2024-08-21,1.6921110439509124,0.8908045977011494,1.5073402977723644,1.0,2024-08,Q3 2024
Reserve by the Lake,2024-08-22,1.6921110439509124,0.8908045977011494,1.5073402977723644,1.0,2024-08,Q3 2024
Reserve by the Lake,2024-08-23,1.6921110439509124,0.8908045977011494,1.5073402977723644,1.0,2024-08,Q3 2024
Reserve by the Lake,2024-08-24,1.6940180199657808,0.8908045977011494,1.509039040774115,1.0,2024-08,Q3 2024
Reserve by the Lake,2024-08-25,1.6943097099041344,0.896551724137931,1.5190362916381894,1.0,2024-08,Q3 2024
Reserve by the Lake,2024-08-26,1.6943097099041344,0.8994252873563219,1.5239049977011325,1.0,2024-08,Q3 2024
Reserve by the Lake,2024-08-27,1.6965565175816557,0.896551724137931,1.5210506709352776,1.0,2024-08,Q3 2024
Reserve by the Lake,2024-08-28,1.6965565175816557,0.8936781609195402,1.5161755085284336,1.0,2024-08,Q3 2024
Reserve by the Lake,2024-08-29,1.6977432331146272,0.8936781609195402,1.5172360502834743,1.0,2024-08,Q3 2024
Reserve by the Lake,2024-08-30,1.69928665130103,0.8994252873563219,1.528381384647191,1.0,2024-08,Q3 2024
Reserve by the Lake,2024-08-31,1.6994763130180177,0.9051724137931034,1.538319076438723,1.0,2024-08,Q3 2024
Reserve by the Lake,2024-09-01,1.6994646503906803,0.9080459770114943,1.5431920388605027,1.0,2024-09,Q3 2024
Reserve by the Lake,2024-09-02,1.6994646503906803,0.9109195402298851,1.548075557970821,1.0,2024-09,Q3 2024
Reserve by the Lake,2024-09-03,1.6994646503906803,0.9109195402298851,1.548075557970821,1.0,2024-09,Q3 2024
Reserve by the Lake,2024-09-04,1.6994646503906803,0.9109195402298851,1.548075557970821,1.0,2024-09,Q3 2024
Reserve by the Lake,2024-09-05,1.6994646503906803,0.9109195402298851,1.548075557970821,1.0,2024-09,Q3 2024
Reserve by the Lake,2024-09-06,1.699965547348269,0.9109195402298851,1.5485318347971302,1.0,2024-09,Q3 2024
Reserve by the Lake,2024-09-07,1.699965547348269,0.9109195402298851,1.5485318347971302,1.0,2024-09,Q3 2024
Reserve by the Lake,2024-09-08,1.699965547348269,0.9109195402298851,1.5485318347971302,1.0,2024-09,Q3 2024
Reserve by the Lake,2024-09-09,1.699965547348269,0.9109195402298851,1.5485318347971302,1.0,2024-09,Q3 2024
Reserve by the Lake,2024-09-10,1.699965547348269,0.9080459770114943,1.5436468763277387,1.0,2024-09,Q3 2024
Reserve by the Lake,2024-09-11,1.699965547348269,0.9080459770114943,1.5436468763277387,1.0,2024-09,Q3 2024
Reserve by the Lake,2024-09-12,1.7021239674342221,0.9051724137931034,1.5407156601775287,1.0,2024-09,Q3 2024
Reserve by the Lake,2024-09-13,1.7025487260768712,0.9080459770114943,1.5459925213801475,1.0,2024-09,Q3 2024
Reserve by the Lake,2024-09-14,1.7025487260768712,0.9109195402298851,1.55088490277692,1.0,2024-09,Q3 2024
Reserve by the Lake,2024-09-15,1.7025487260768712,0.9109195402298851,1.55088490277692,1.0,2024-09,Q3 2024
Reserve by the Lake,2024-09-16,1.7025487260768712,0.9109195402298851,1.55088490277692,1.0,2024-09,Q3 2024
Reserve by the Lake,2024-09-17,1.7025487260768712,0.9109195402298851,1.55088490277692,1.0,2024-09,Q3 2024
Reserve by the Lake,2024-09-18,1.7025487260768712,0.9109195402298851,1.55088490277692,1.0,2024-09,Q3 2024
Reserve by the Lake,2024-09-19,1.7025487260768712,0.9080459770114943,1.5459925213801475,1.0,2024-09,Q3 2024
Reserve by the Lake,2024-09-20,1.7025487260768712,0.9080459770114943,1.5459925213801475,1.0,2024-09,Q3 2024
Reserve by the Lake,2024-09-21,1.7025487260768712,0.9051724137931034,1.5411001399833748,1.0,2024-09,Q3 2024
Reserve by the Lake,2024-09-22,1.7020223061172983,0.9051724137931034,1.5406236391578993,1.0,2024-09,Q3 2024
Reserve by the Lake,2024-09-23,1.7020223061172983,0.9080459770114943,1.5455145078536388,1.0,2024-09,Q3 2024
Reserve by the Lake,2024-09-24,1.7032753958654576,0.9080459770114943,1.5466523709582891,1.0,2024-09,Q3 2024
Reserve by the Lake,2024-09-25,1.7032753958654576,0.9109195402298851,1.5515468404866382,1.0,2024-09,Q3 2024
Reserve by the Lake,2024-09-26,1.7032753958654576,0.9080459770114943,1.5466523709582891,1.0,2024-09,Q3 2024
Reserve by the Lake,2024-09-27,1.7032753958654576,0.9080459770114943,1.5466523709582891,1.0,2024-09,Q3 2024
Reserve by the Lake,2024-09-28,1.7032753958654576,0.9080459770114943,1.5466523709582891,1.0,2024-09,Q3 2024
Reserve by the Lake,2024-09-29,1.7032753958654576,0.9051724137931034,1.54175790142994,1.0,2024-09,Q3 2024
Reserve by the Lake,2024-09-30,1.7032753958654576,0.9051724137931034,1.54175790142994,1.0,2024-09,Q3 2024
Reserve by the Lake,2024-10-01,1.7030763374738738,0.9051724137931034,1.5415777192651443,1.0,2024-10,Q4 2024
Reserve by the Lake,2024-10-02,1.7030763374738738,0.9051724137931034,1.5415777192651443,1.0,2024-10,Q4 2024
Reserve by the Lake,2024-10-03,1.7030763374738738,0.9022988505747126,1.5366838217436676,1.0,2024-10,Q4 2024
Reserve by the Lake,2024-10-04,1.7030763374738738,0.9022988505747126,1.5366838217436676,1.0,2024-10,Q4 2024
Reserve by the Lake,2024-10-05,1.7030763374738738,0.8994252873563219,1.531789924222191,1.0,2024-10,Q4 2024
Reserve by the Lake,2024-10-06,1.7030763374738738,0.8994252873563219,1.531789924222191,1.0,2024-10,Q4 2024
Reserve by the Lake,2024-10-07,1.7030763374738738,0.8994252873563219,1.531789924222191,1.0,2024-10,Q4 2024
Reserve by the Lake,2024-10-08,1.7028063669243132,0.8994252873563219,1.531547105883075,1.0,2024-10,Q4 2024
Reserve by the Lake,2024-10-09,1.7022906441051482,0.9022988505747126,1.5359748915201623,1.0,2024-10,Q4 2024
Reserve by the Lake,2024-10-10,1.7022906441051482,0.9051724137931034,1.5408665313020737,1.0,2024-10,Q4 2024
Reserve by the Lake,2024-10-11,1.7014638592971196,0.9051724137931034,1.540118148501703,1.0,2024-10,Q4 2024
Reserve by the Lake,2024-10-12,1.7014638592971196,0.9080459770114943,1.5450074124652007,1.0,2024-10,Q4 2024
Reserve by the Lake,2024-10-13,1.7001341131154672,0.9080459770114943,1.5437999417945047,1.0,2024-10,Q4 2024
Reserve by the Lake,2024-10-14,1.6999252551984005,0.9137931034482758,1.5533799745778487,1.0,2024-10,Q4 2024
Reserve by the Lake,2024-10-15,1.6999252551984005,0.9166666666666666,1.5582648172652005,1.0,2024-10,Q4 2024
Reserve by the Lake,2024-10-16,1.6999252551984005,0.9166666666666666,1.5582648172652005,1.0,2024-10,Q4 2024
Reserve by the Lake,2024-10-17,1.6999252551984005,0.9166666666666666,1.5582648172652005,1.0,2024-10,Q4 2024
Reserve by the Lake,2024-10-18,1.6999252551984005,0.9166666666666666,1.5582648172652005,1.0,2024-10,Q4 2024
Reserve by the Lake,2024-10-19,1.6999252551984005,0.9166666666666666,1.5582648172652005,1.0,2024-10,Q4 2024
Reserve by the Lake,2024-10-20,1.699562359005608,0.9166666666666666,1.5579321624218072,1.0,2024-10,Q4 2024
Reserve by the Lake,2024-10-21,1.699562359005608,0.9195402298850575,1.5628159623040072,1.0,2024-10,Q4 2024
Reserve by the Lake,2024-10-22,1.699562359005608,0.9195402298850575,1.5628159623040072,1.0,2024-10,Q4 2024
Reserve by the Lake,2024-10-23,1.699562359005608,0.9195402298850575,1.5628159623040072,1.0,2024-10,Q4 2024
Reserve by the Lake,2024-10-24,1.699562359005608,0.9195402298850575,1.5628159623040072,1.0,2024-10,Q4 2024
Reserve by the Lake,2024-10-25,1.699562359005608,0.9195402298850575,1.5628159623040072,1.0,2024-10,Q4 2024
Reserve by the Lake,2024-10-26,1.699556671134197,0.9195402298850575,1.5628107320774225,1.0,2024-10,Q4 2024
Reserve by the Lake,2024-10-27,1.699556671134197,0.9224137931034483,1.5676945156151645,1.0,2024-10,Q4 2024
Reserve by the Lake,2024-10-28,1.699556671134197,0.9224137931034483,1.5676945156151645,1.0,2024-10,Q4 2024
Reserve by the Lake,2024-10-29,1.699556671134197,0.9195402298850575,1.5628107320774225,1.0,2024-10,Q4 2024
Reserve by the Lake,2024-10-30,1.699556671134197,0.9109195402298851,1.5481593814641967,1.0,2024-10,Q4 2024
Reserve by the Lake,2024-10-31,1.699556671134197,0.9080459770114943,1.5432755979264547,1.0,2024-10,Q4 2024
Reserve by the Lake,2024-11-01,1.699556671134197,0.9080459770114943,1.5432755979264547,1.0,2024-11,Q4 2024
Reserve by the Lake,2024-11-02,1.699556671134197,0.9080459770114943,1.5432755979264547,1.0,2024-11,Q4 2024
Reserve by the Lake,2024-11-03,1.699556671134197,0.9080459770114943,1.5432755979264547,1.0,2024-11,Q4 2024
Reserve by the Lake,2024-11-04,1.699556671134197,0.9080459770114943,1.5432755979264547,1.0,2024-11,Q4 2024
Reserve by the Lake,2024-11-05,1.701039741389574,0.9051724137931034,1.539734248671597,1.0,2024-11,Q4 2024
Reserve by the Lake,2024-11-06,1.7018193281663592,0.9051724137931034,1.540439909116101,1.0,2024-11,Q4 2024
Reserve by the Lake,2024-11-07,1.7018193281663592,0.9051724137931034,1.540439909116101,1.0,2024-11,Q4 2024
Reserve by the Lake,2024-11-08,1.7018193281663592,0.9051724137931034,1.540439909116101,1.0,2024-11,Q4 2024
Reserve by the Lake,2024-11-09,1.7015111322318384,0.9051724137931034,1.5401609386581294,1.0,2024-11,Q4 2024
Reserve by the Lake,2024-11-10,1.7015111322318384,0.9022988505747126,1.5352715388528655,1.0,2024-11,Q4 2024
Reserve by the Lake,2024-11-11,1.7015111322318384,0.9022988505747126,1.5352715388528655,1.0,2024-11,Q4 2024
Reserve by the Lake,2024-11-12,1.7015111322318384,0.9022988505747126,1.5352715388528655,1.0,2024-11,Q4 2024
Reserve by the Lake,2024-11-13,1.7015111322318384,0.8994252873563219,1.5303821390476018,1.0,2024-11,Q4 2024
Reserve by the Lake,2024-11-14,1.6997463928606709,0.8994252873563219,1.5287948878315805,1.0,2024-11,Q4 2024
Reserve by the Lake,2024-11-15,1.6997463928606709,0.8994252873563219,1.5287948878315805,1.0,2024-11,Q4 2024
Reserve by the Lake,2024-11-16,1.6997463928606709,0.8994252873563219,1.5287948878315805,1.0,2024-11,Q4 2024
Reserve by the Lake,2024-11-17,1.6997463928606709,0.8994252873563219,1.5287948878315805,1.0,2024-11,Q4 2024
Reserve by the Lake,2024-11-18,1.6997463928606709,0.8994252873563219,1.5287948878315805,1.0,2024-11,Q4 2024
Reserve by the Lake,2024-11-19,1.698871823527951,0.8994252873563219,1.5280082780581858,1.0,2024-11,Q4 2024
Reserve by the Lake,2024-11-20,1.698871823527951,0.9022988505747126,1.532890093643036,1.0,2024-11,Q4 2024
Reserve by the Lake,2024-11-21,1.698871823527951,0.9022988505747126,1.532890093643036,1.0,2024-11,Q4 2024
Reserve by the Lake,2024-11-22,1.698871823527951,0.9022988505747126,1.532890093643036,1.0,2024-11,Q4 2024
Reserve by the Lake,2024-11-23,1.6981347194386587,0.9022988505747126,1.5322250054705138,1.0,2024-11,Q4 2024
Reserve by the Lake,2024-11-24,1.6981347194386587,0.9051724137931034,1.5371047029401652,1.0,2024-11,Q4 2024
Reserve by the Lake,2024-11-25,1.6981347194386587,0.9051724137931034,1.5371047029401652,1.0,2024-11,Q4 2024
Reserve by the Lake,2024-11-26,1.6981347194386587,0.8994252873563219,1.5273453080008625,1.0,2024-11,Q4 2024
Reserve by the Lake,2024-11-27,1.6981347194386587,0.896551724137931,1.5224656105312113,1.0,2024-11,Q4 2024
Reserve by the Lake,2024-11-28,1.6972864360442248,0.896551724137931,1.5217050805913739,1.0,2024-11,Q4 2024
Reserve by the Lake,2024-11-29,1.6972864360442248,0.8994252873563219,1.5265823404650642,1.0,2024-11,Q4 2024
Reserve by the Lake,2024-11-30,1.6972864360442248,0.8994252873563219,1.5265823404650642,1.0,2024-11,Q4 2024
Reserve by the Lake,2024-12-01,1.6972864360442248,0.8994252873563219,1.5265823404650642,1.0,2024-12,Q4 2024
Reserve by the Lake,2024-12-02,1.6972864360442248,0.8994252873563219,1.5265823404650642,1.0,2024-12,Q4 2024
Reserve by the Lake,2024-12-03,1.6972864360442248,0.8994252873563219,1.5265823404650642,1.0,2024-12,Q4 2024
Reserve by the Lake,2024-12-04,1.6972864360442248,0.8994252873563219,1.5265823404650642,1.0,2024-12,Q4 2024
Reserve by the Lake,2024-12-05,1.6972864360442248,0.8936781609195402,1.5168278207176837,1.0,2024-12,Q4 2024
Reserve by the Lake,2024-12-06,1.6972864360442248,0.8936781609195402,1.5168278207176837,1.0,2024-12,Q4 2024
Reserve by the Lake,2024-12-07,1.6972864360442248,0.8936781609195402,1.5168278207176837,1.0,2024-12,Q4 2024
Reserve by the Lake,2024-12-08,1.6945078518652545,0.8936781609195402,1.5143446607186615,1.0,2024-12,Q4 2024
Reserve by the Lake,2024-12-09,1.6945078518652545,0.8994252873563219,1.5240832115914502,1.0,2024-12,Q4 2024
Reserve by the Lake,2024-12-10,1.6938063867506263,0.8936781609195402,1.5137177766650711,1.0,2024-12,Q4 2024
Reserve by the Lake,2024-12-11,1.691784894715273,0.896551724137931,1.5167726642274861,1.0,2024-12,Q4 2024
Reserve by the Lake,2024-12-12,1.691784894715273,0.8936781609195402,1.5119112133806032,1.0,2024-12,Q4 2024
Reserve by the Lake,2024-12-13,1.6895463297096807,0.8936781609195402,1.5099106567233065,1.0,2024-12,Q4 2024
Reserve by the Lake,2024-12-14,1.6895463297096807,0.8936781609195402,1.5099106567233065,1.0,2024-12,Q4 2024
Reserve by the Lake,2024-12-15,1.689394270397156,0.8936781609195402,1.509774764636539,1.0,2024-12,Q4 2024
Reserve by the Lake,2024-12-16,1.689394270397156,0.896551724137931,1.5146293458733124,1.0,2024-12,Q4 2024
Reserve by the Lake,2024-12-17,1.689394270397156,0.896551724137931,1.5146293458733124,1.0,2024-12,Q4 2024
Reserve by the Lake,2024-12-18,1.6883145046745016,0.8936781609195402,1.5088098015912932,1.0,2024-12,Q4 2024
Reserve by the Lake,2024-12-19,1.6883145046745016,0.896551724137931,1.5136612800530014,1.0,2024-12,Q4 2024
Reserve by the Lake,2024-12-20,1.6883145046745016,0.896551724137931,1.5136612800530014,1.0,2024-12,Q4 2024
Reserve by the Lake,2024-12-21,1.6866819819346373,0.896551724137931,1.5121976389758818,1.0,2024-12,Q4 2024
Reserve by the Lake,2024-12-22,1.687767333532449,0.896551724137931,1.5131707128221956,1.0,2024-12,Q4 2024
Reserve by the Lake,2024-12-23,1.687767333532449,0.8994252873563219,1.518020618953036,1.0,2024-12,Q4 2024
Reserve by the Lake,2024-12-24,1.6846492103292638,0.896551724137931,1.5103751540883055,1.0,2024-12,Q4 2024
Reserve by the Lake,2024-12-25,1.6846492103292638,0.9022988505747126,1.520057046101692,1.0,2024-12,Q4 2024
Reserve by the Lake,2024-12-26,1.6846492103292638,0.9022988505747126,1.520057046101692,1.0,2024-12,Q4 2024
Reserve by the Lake,2024-12-27,1.6846492103292638,0.9022988505747126,1.520057046101692,1.0,2024-12,Q4 2024
Reserve by the Lake,2024-12-28,1.683770357872487,0.9022988505747126,1.5192640585401174,1.0,2024-12,Q4 2024
Reserve by the Lake,2024-12-29,1.683770357872487,0.9051724137931034,1.5241024791087165,1.0,2024-12,Q4 2024
Reserve by the Lake,2024-12-30,1.683770357872487,0.9051724137931034,1.5241024791087165,1.0,2024-12,Q4 2024
Reserve by the Lake,2024-12-31,1.683770357872487,0.9022988505747126,1.5192640585401174,1.0,2024-12,Q4 2024
Reserve by the Lake,2025-01-01,1.6834220322036424,0.9022988505747126,1.5189497646894934,1.0,2025-01,Q1 2025
Reserve by the Lake,2025-01-02,1.6834220322036424,0.9051724137931034,1.5237871843222626,1.0,2025-01,Q1 2025
Reserve by the Lake,2025-01-03,1.6834220322036424,0.9022988505747126,1.5189497646894934,1.0,2025-01,Q1 2025
Reserve by the Lake,2025-01-04,1.6834220322036424,0.8994252873563219,1.5141123450567244,1.0,2025-01,Q1 2025
Reserve by the Lake,2025-01-05,1.6813636977303503,0.896551724137931,1.5074295221030727,1.0,2025-01,Q1 2025
Reserve by the Lake,2025-01-06,1.6766681425049068,0.896551724137931,1.5032197139699164,1.0,2025-01,Q1 2025
Reserve by the Lake,2025-01-07,1.6763240575283023,0.896551724137931,1.5029112239908917,1.0,2025-01,Q1 2025
Reserve by the Lake,2025-01-08,1.6763240575283023,0.8994252873563219,1.5077282471447087,1.0,2025-01,Q1 2025
Reserve by the Lake,2025-01-09,1.6763240575283023,0.8994252873563219,1.5077282471447087,1.0,2025-01,Q1 2025
Reserve by the Lake,2025-01-10,1.6753841326379955,0.8994252873563219,1.5068828549301512,1.0,2025-01,Q1 2025
Reserve by the Lake,2025-01-11,1.6753841326379955,0.9022988505747126,1.511697177150375,1.0,2025-01,Q1 2025
Reserve by the Lake,2025-01-12,1.6753841326379955,0.9022988505747126,1.511697177150375,1.0,2025-01,Q1 2025
Reserve by the Lake,2025-01-13,1.6753841326379955,0.9022988505747126,1.511697177150375,1.0,2025-01,Q1 2025
Reserve by the Lake,2025-01-14,1.6753841326379955,0.8994252873563219,1.5068828549301512,1.0,2025-01,Q1 2025
Reserve by the Lake,2025-01-15,1.6751211518874758,0.8936781609195402,1.497019190336221,1.0,2025-01,Q1 2025
Reserve by the Lake,2025-01-16,1.6751211518874758,0.8994252873563219,1.5066463233930458,1.0,2025-01,Q1 2025
Reserve by the Lake,2025-01-17,1.6751211518874758,0.896551724137931,1.5018327568646335,1.0,2025-01,Q1 2025
Reserve by the Lake,2025-01-18,1.6751211518874758,0.896551724137931,1.5018327568646335,1.0,2025-01,Q1 2025
Reserve by the Lake,2025-01-19,1.6751211518874758,0.896551724137931,1.5018327568646335,1.0,2025-01,Q1 2025
Reserve by the Lake,2025-01-20,1.6751211518874758,0.896551724137931,1.5018327568646335,1.0,2025-01,Q1 2025
Reserve by the Lake,2025-01-21,1.6751211518874758,0.896551724137931,1.5018327568646335,1.0,2025-01,Q1 2025
Reserve by the Lake,2025-01-22,1.6751211518874758,0.896551724137931,1.5018327568646335,1.0,2025-01,Q1 2025
Reserve by the Lake,2025-01-23,1.67441124285122,0.896551724137931,1.5011962866941972,1.0,2025-01,Q1 2025
Reserve by the Lake,2025-01-24,1.6735359065957676,0.8994252873563219,1.5052205136910208,1.0,2025-01,Q1 2025
Reserve by the Lake,2025-01-25,1.6729450406948307,0.9022988505747126,1.5094963872936116,1.0,2025-01,Q1 2025
Reserve by the Lake,2025-01-26,1.668633137219659,0.9051724137931034,1.5104006845522775,1.0,2025-01,Q1 2025
Reserve by the Lake,2025-01-27,1.668633137219659,0.9109195402298851,1.5199905301684826,1.0,2025-01,Q1 2025
Reserve by the Lake,2025-01-28,1.668633137219659,0.9109195402298851,1.5199905301684826,1.0,2025-01,Q1 2025
Reserve by the Lake,2025-01-29,1.668213803385925,0.9080459770114943,1.5148148329596332,1.0,2025-01,Q1 2025
Reserve by the Lake,2025-01-30,1.668213803385925,0.9051724137931034,1.5100211151338114,1.0,2025-01,Q1 2025
Reserve by the Lake,2025-01-31,1.668213803385925,0.9022988505747126,1.5052273973079897,1.0,2025-01,Q1 2025
Reserve by the Lake,2025-02-01,1.6692518025008065,0.9022988505747126,1.506163982716245,1.0,2025-02,Q1 2025
Reserve by the Lake,2025-02-02,1.6692518025008065,0.9051724137931034,1.5109606832981437,1.0,2025-02,Q1 2025
Reserve by the Lake,2025-02-03,1.6692518025008065,0.9051724137931034,1.5109606832981437,1.0,2025-02,Q1 2025
Reserve by the Lake,2025-02-04,1.670279668967894,0.9051724137931034,1.5118910796692144,1.0,2025-02,Q1 2025
Reserve by the Lake,2025-02-05,1.6701667107300147,0.9080459770114943,1.5165881626169098,1.0,2025-02,Q1 2025
Reserve by the Lake,2025-02-06,1.6701667107300147,0.9109195402298851,1.5213874922454445,1.0,2025-02,Q1 2025
Reserve by the Lake,2025-02-07,1.6701667107300147,0.9109195402298851,1.5213874922454445,1.0,2025-02,Q1 2025
Reserve by the Lake,2025-02-08,1.6701667107300147,0.9109195402298851,1.5213874922454445,1.0,2025-02,Q1 2025
Reserve by the Lake,2025-02-09,1.6701667107300147,0.9080459770114943,1.5165881626169098,1.0,2025-02,Q1 2025
Reserve by the Lake,2025-02-10,1.6693815450722655,0.9080459770114943,1.5158751961001031,1.0,2025-02,Q1 2025
Reserve by the Lake,2025-02-11,1.6671745019696262,0.9080459770114943,1.5138710994896607,1.0,2025-02,Q1 2025
Reserve by the Lake,2025-02-12,1.666514074920479,0.9080459770114943,1.513271401364573,1.0,2025-02,Q1 2025
Reserve by the Lake,2025-02-13,1.6662101974438777,0.9080459770114943,1.5129954666444407,1.0,2025-02,Q1 2025
Reserve by the Lake,2025-02-14,1.6662101974438777,0.9109195402298851,1.517783426981923,1.0,2025-02,Q1 2025
Reserve by the Lake,2025-02-15,1.6662101974438777,0.9109195402298851,1.517783426981923,1.0,2025-02,Q1 2025
Reserve by the Lake,2025-02-16,1.6662101974438777,0.9109195402298851,1.517783426981923,1.0,2025-02,Q1 2025
Reserve by the Lake,2025-02-17,1.6662101974438777,0.9109195402298851,1.517783426981923,1.0,2025-02,Q1 2025
Reserve by the Lake,2025-02-18,1.6662101974438777,0.9109195402298851,1.517783426981923,1.0,2025-02,Q1 2025
Reserve by the Lake,2025-02-19,1.6654225613827092,0.9109195402298851,1.517065953903215,1.0,2025-02,Q1 2025
Reserve by the Lake,2025-02-20,1.6654225613827092,0.9137931034482758,1.5218516509186824,1.0,2025-02,Q1 2025
Reserve by the Lake,2025-02-21,1.664538376385011,0.9137931034482758,1.5210436887656134,1.0,2025-02,Q1 2025
Reserve by the Lake,2025-02-22,1.6626683173673078,0.9166666666666666,1.5241126242533654,1.0,2025-02,Q1 2025
Reserve by the Lake,2025-02-23,1.6626683173673078,0.9166666666666666,1.5241126242533654,1.0,2025-02,Q1 2025
Reserve by the Lake,2025-02-24,1.6609143996458102,0.9166666666666666,1.5225048663419927,1.0,2025-02,Q1 2025
Reserve by the Lake,2025-02-25,1.6609143996458102,0.9109195402298851,1.5129593812865572,1.0,2025-02,Q1 2025
Reserve by the Lake,2025-02-26,1.6609143996458102,0.9109195402298851,1.5129593812865572,1.0,2025-02,Q1 2025
Reserve by the Lake,2025-02-27,1.6609143996458102,0.9080459770114943,1.5081866387588392,1.0,2025-02,Q1 2025
Reserve by the Lake,2025-02-28,1.6609143996458102,0.9080459770114943,1.5081866387588392,1.0,2025-02,Q1 2025
Reserve by the Lake,2025-03-01,1.6609143996458102,0.9080459770114943,1.5081866387588392,1.0,2025-03,Q1 2025
Reserve by the Lake,2025-03-02,1.6609143996458102,0.9080459770114943,1.5081866387588392,1.0,2025-03,Q1 2025
Reserve by the Lake,2025-03-03,1.6609143996458102,0.9080459770114943,1.5081866387588392,1.0,2025-03,Q1 2025
Reserve by the Lake,2025-03-04,1.661041437720192,0.9080459770114943,1.5083019951712089,1.0,2025-03,Q1 2025
Reserve by the Lake,2025-03-05,1.661041437720192,0.9109195402298851,1.5130751027508647,1.0,2025-03,Q1 2025
Reserve by the Lake,2025-03-06,1.661041437720192,0.9051724137931034,1.5035288875915531,1.0,2025-03,Q1 2025
Reserve by the Lake,2025-03-07,1.661041437720192,0.9051724137931034,1.5035288875915531,1.0,2025-03,Q1 2025
Reserve by the Lake,2025-03-08,1.661041437720192,0.9051724137931034,1.5035288875915531,1.0,2025-03,Q1 2025
Reserve by the Lake,2025-03-09,1.661041437720192,0.9051724137931034,1.5035288875915531,1.0,2025-03,Q1 2025
Reserve by the Lake,2025-03-10,1.661041437720192,0.9051724137931034,1.5035288875915531,1.0,2025-03,Q1 2025
Reserve by the Lake,2025-03-11,1.661041437720192,0.8994252873563219,1.4939826724322418,1.0,2025-03,Q1 2025
Reserve by the Lake,2025-03-12,1.6577284739433007,0.896551724137931,1.4862393214664076,1.0,2025-03,Q1 2025
Reserve by the Lake,2025-03-13,1.6577284739433007,0.9051724137931034,1.5005300841728153,1.0,2025-03,Q1 2025
Reserve by the Lake,2025-03-14,1.6577284739433007,0.9022988505747126,1.4957664966040125,1.0,2025-03,Q1 2025
Reserve by the Lake,2025-03-15,1.6577284739433007,0.8994252873563219,1.4910029090352102,1.0,2025-03,Q1 2025
Reserve by the Lake,2025-03-16,1.6577284739433007,0.8994252873563219,1.4910029090352102,1.0,2025-03,Q1 2025
Reserve by the Lake,2025-03-17,1.6572317776777514,0.8994252873563219,1.4905561678538397,1.0,2025-03,Q1 2025
Reserve by the Lake,2025-03-18,1.659416003862915,0.8879310344827587,1.4734469689472436,1.0,2025-03,Q1 2025
Reserve by the Lake,2025-03-19,1.6589731754281647,0.8908045977011494,1.4778209321342846,1.0,2025-03,Q1 2025
Reserve by the Lake,2025-03-20,1.6589731754281647,0.896551724137931,1.4873552607286995,1.0,2025-03,Q1 2025
Reserve by the Lake,2025-03-21,1.6554465500276292,0.896551724137931,1.4841934586454606,1.0,2025-03,Q1 2025
Reserve by the Lake,2025-03-22,1.6554465500276292,0.8994252873563219,1.488950488961632,1.0,2025-03,Q1 2025
Reserve by the Lake,2025-03-23,1.6555353317239478,0.8994252873563219,1.4890303414643555,1.0,2025-03,Q1 2025
Reserve by the Lake,2025-03-24,1.6555353317239478,0.9022988505747126,1.4937876269003436,1.0,2025-03,Q1 2025
Reserve by the Lake,2025-03-25,1.6555353317239478,0.8994252873563219,1.4890303414643555,1.0,2025-03,Q1 2025
Reserve by the Lake,2025-03-26,1.6555353317239478,0.8994252873563219,1.4890303414643555,1.0,2025-03,Q1 2025
Reserve by the Lake,2025-03-27,1.6555353317239478,0.8936781609195402,1.4795157705923787,1.0,2025-03,Q1 2025
Reserve by the Lake,2025-03-28,1.6555353317239478,0.8936781609195402,1.4795157705923787,1.0,2025-03,Q1 2025
Reserve by the Lake,2025-03-29,1.6555353317239478,0.8879310344827587,1.470001199720402,1.0,2025-03,Q1 2025
Reserve by the Lake,2025-03-30,1.655598929476627,0.8879310344827587,1.4700576701387291,1.0,2025-03,Q1 2025
Reserve by the Lake,2025-03-31,1.655598929476627,0.8936781609195402,1.4795726065150314,1.0,2025-03,Q1 2025
Reserve by the Lake,2025-04-01,1.655598929476627,0.8908045977011494,1.4748151383268802,1.0,2025-04,Q2 2025
Reserve by the Lake,2025-04-02,1.655598929476627,0.8879310344827587,1.4700576701387291,1.0,2025-04,Q2 2025
Reserve by the Lake,2025-04-03,1.653065392707845,0.8879310344827587,1.4678080642147244,1.0,2025-04,Q2 2025
Reserve by the Lake,2025-04-04,1.653065392707845,0.8908045977011494,1.4725582521248044,1.0,2025-04,Q2 2025
Reserve by the Lake,2025-04-05,1.652103712675179,0.8908045977011494,1.471701583130188,1.0,2025-04,Q2 2025
Reserve by the Lake,2025-04-06,1.652103712675179,0.8936781609195402,1.4764490075918983,1.0,2025-04,Q2 2025
Reserve by the Lake,2025-04-07,1.652103712675179,0.8936781609195402,1.4764490075918983,1.0,2025-04,Q2 2025
Reserve by the Lake,2025-04-08,1.652103712675179,0.8908045977011494,1.471701583130188,1.0,2025-04,Q2 2025
Reserve by the Lake,2025-04-09,1.6505601243424923,0.8879310344827587,1.46558355868342,1.0,2025-04,Q2 2025
Reserve by the Lake,2025-04-10,1.6503395982482545,0.8908045977011494,1.4701301018878128,1.0,2025-04,Q2 2025
Reserve by the Lake,2025-04-11,1.6466107789320905,0.8936781609195402,1.4715400926663222,1.0,2025-04,Q2 2025
Reserve by the Lake,2025-04-12,1.64640587891432,0.896551724137931,1.4760880293714593,1.0,2025-04,Q2 2025
Reserve by the Lake,2025-04-13,1.640603865850439,0.9022988505747126,1.480314982405281,1.0,2025-04,Q2 2025
Neo at Ten,2024-05-16,1.5810258852609695,0.8122866894197952,1.284246282225634,1.0,2024-05,Q2 2024
Neo at Ten,2024-05-17,1.5810258852609695,0.8191126279863481,1.2950382677905552,1.0,2024-05,Q2 2024
Neo at Ten,2024-05-18,1.5696804756533476,0.8156996587030717,1.2803878282633108,1.0,2024-05,Q2 2024
Neo at Ten,2024-05-19,1.5696804756533476,0.8191126279863481,1.2857450995112745,1.0,2024-05,Q2 2024
Neo at Ten,2024-05-20,1.559168393101582,0.8191126279863481,1.2771345199466884,1.0,2024-05,Q2 2024
Neo at Ten,2024-05-21,1.559168393101582,0.8225255972696246,1.2824559137797997,1.0,2024-05,Q2 2024
Neo at Ten,2024-05-22,1.540151543976608,0.8225255972696246,1.266814068595094,1.0,2024-05,Q2 2024
Neo at Ten,2024-05-23,1.556809077955623,0.825938566552901,1.2858286582432108,1.0,2024-05,Q2 2024
Neo at Ten,2024-05-24,1.556809077955623,0.8327645051194539,1.2964553413691877,1.0,2024-05,Q2 2024
Neo at Ten,2024-05-25,1.556809077955623,0.8293515358361775,1.2911419998061993,1.0,2024-05,Q2 2024
Neo at Ten,2024-05-26,1.5494338482732894,0.8293515358361775,1.2850253417420114,1.0,2024-05,Q2 2024
Neo at Ten,2024-05-27,1.5494338482732894,0.8327645051194539,1.290313511872637,1.0,2024-05,Q2 2024
Neo at Ten,2024-05-28,1.5494338482732894,0.8327645051194539,1.290313511872637,1.0,2024-05,Q2 2024
Neo at Ten,2024-05-29,1.5698493397166928,0.8225255972696246,1.2912412657737986,1.0,2024-05,Q2 2024
Neo at Ten,2024-05-30,1.5871339562639235,0.8191126279863481,1.300041465881712,1.0,2024-05,Q2 2024
Neo at Ten,2024-05-31,1.58148490521687,0.8225255972696246,1.3008118162364017,1.0,2024-05,Q2 2024
Neo at Ten,2024-06-01,1.5747179798031308,0.8156996587030717,1.2844969186790043,1.0,2024-06,Q2 2024
Neo at Ten,2024-06-02,1.5646884444024114,0.8191126279863481,1.2816560636743302,1.0,2024-06,Q2 2024
Neo at Ten,2024-06-03,1.5556402421481679,0.8225255972696246,1.2795539193095853,1.0,2024-06,Q2 2024
Neo at Ten,2024-06-04,1.5556402421481679,0.8156996587030717,1.2689352145850243,1.0,2024-06,Q2 2024
Neo at Ten,2024-06-05,1.5506700922339036,0.8088737201365188,1.2542962862096765,1.0,2024-06,Q2 2024
Neo at Ten,2024-06-06,1.5506700922339036,0.8122866894197952,1.259588675602966,1.0,2024-06,Q2 2024
Neo at Ten,2024-06-07,1.5506700922339036,0.8054607508532423,1.2490038968163866,1.0,2024-06,Q2 2024
Neo at Ten,2024-06-08,1.5776626293352016,0.8054607508532423,1.270745326017432,1.0,2024-06,Q2 2024
Neo at Ten,2024-06-09,1.568201180355426,0.8088737201365188,1.2684767226765734,1.0,2024-06,Q2 2024
Neo at Ten,2024-06-10,1.568201180355426,0.8122866894197952,1.2738289451351243,1.0,2024-06,Q2 2024
Neo at Ten,2024-06-11,1.589975979426565,0.8088737201365188,1.2860897854064708,1.0,2024-06,Q2 2024
Neo at Ten,2024-06-12,1.6118402435337644,0.8122866894197952,1.309276375293638,1.0,2024-06,Q2 2024
Neo at Ten,2024-06-13,1.6118402435337644,0.8156996587030717,1.3147775365343677,1.0,2024-06,Q2 2024
Neo at Ten,2024-06-14,1.6118402435337644,0.8122866894197952,1.309276375293638,1.0,2024-06,Q2 2024
Neo at Ten,2024-06-15,1.6118402435337644,0.8122866894197952,1.309276375293638,1.0,2024-06,Q2 2024
Neo at Ten,2024-06-16,1.6072419058875924,0.8122866894197952,1.3055412068301946,1.0,2024-06,Q2 2024
Neo at Ten,2024-06-17,1.6072419058875924,0.8156996587030717,1.3110266740857837,1.0,2024-06,Q2 2024
Neo at Ten,2024-06-18,1.6072419058875924,0.8156996587030717,1.3110266740857837,1.0,2024-06,Q2 2024
Neo at Ten,2024-06-19,1.6013330920938573,0.8088737201365188,1.295276255379673,1.0,2024-06,Q2 2024
Neo at Ten,2024-06-20,1.6013330920938573,0.8122866894197952,1.3007415560352833,1.0,2024-06,Q2 2024
Neo at Ten,2024-06-21,1.5934111001320386,0.8122866894197952,1.2943066274110073,1.0,2024-06,Q2 2024
Neo at Ten,2024-06-22,1.5934111001320386,0.8156996587030717,1.29974489055139,1.0,2024-06,Q2 2024
Neo at Ten,2024-06-23,1.5934111001320386,0.8156996587030717,1.29974489055139,1.0,2024-06,Q2 2024
Neo at Ten,2024-06-24,1.5934111001320386,0.8156996587030717,1.29974489055139,1.0,2024-06,Q2 2024
Neo at Ten,2024-06-25,1.5934111001320386,0.8122866894197952,1.2943066274110073,1.0,2024-06,Q2 2024
Neo at Ten,2024-06-26,1.586086644809623,0.8122866894197952,1.2883570698453592,1.0,2024-06,Q2 2024
Neo at Ten,2024-06-27,1.5820375500378763,0.8088737201365188,1.279668598494801,1.0,2024-06,Q2 2024
Neo at Ten,2024-06-28,1.5820375500378763,0.8122866894197952,1.2850680440580702,1.0,2024-06,Q2 2024
Neo at Ten,2024-06-29,1.6022786572201013,0.8088737201365188,1.2960410981609694,1.0,2024-06,Q2 2024
Neo at Ten,2024-06-30,1.6022786572201013,0.8054607508532423,1.2905725703206277,1.0,2024-06,Q2 2024
Neo at Ten,2024-07-01,1.6022786572201013,0.8054607508532423,1.2905725703206277,1.0,2024-07,Q3 2024
Neo at Ten,2024-07-02,1.596110946446718,0.8020477815699658,1.2801572437371287,1.0,2024-07,Q3 2024
Neo at Ten,2024-07-03,1.596110946446718,0.8054607508532423,1.2856047213700528,1.0,2024-07,Q3 2024
Neo at Ten,2024-07-04,1.596110946446718,0.8020477815699658,1.2801572437371287,1.0,2024-07,Q3 2024
Neo at Ten,2024-07-05,1.5876191153274735,0.8020477815699658,1.2733463894264718,1.0,2024-07,Q3 2024
Neo at Ten,2024-07-06,1.5876191153274735,0.7918088737201365,1.2570909036040063,1.0,2024-07,Q3 2024
Neo at Ten,2024-07-07,1.5876191153274735,0.7849829351535836,1.246253913055696,1.0,2024-07,Q3 2024
Neo at Ten,2024-07-08,1.5876191153274735,0.7849829351535836,1.246253913055696,1.0,2024-07,Q3 2024
Neo at Ten,2024-07-09,1.5832015634787688,0.7849829351535836,1.2427862102393066,1.0,2024-07,Q3 2024
Neo at Ten,2024-07-10,1.620137713000696,0.7713310580204779,1.249662536307704,1.0,2024-07,Q3 2024
Neo at Ten,2024-07-11,1.620137713000696,0.7713310580204779,1.249662536307704,1.0,2024-07,Q3 2024
Neo at Ten,2024-07-12,1.6077177913949883,0.7679180887372014,1.234595573596834,1.0,2024-07,Q3 2024
Neo at Ten,2024-07-13,1.6008243674561504,0.7713310580204779,1.2347655530549146,1.0,2024-07,Q3 2024
Neo at Ten,2024-07-14,1.596613270806365,0.7747440273037542,1.2369665954711428,1.0,2024-07,Q3 2024
Neo at Ten,2024-07-15,1.6134475486715176,0.7781569965870307,1.2555154986249353,1.0,2024-07,Q3 2024
Neo at Ten,2024-07-16,1.6134475486715176,0.7815699658703071,1.2610221455487287,1.0,2024-07,Q3 2024
Neo at Ten,2024-07-17,1.6134475486715176,0.7815699658703071,1.2610221455487287,1.0,2024-07,Q3 2024
Neo at Ten,2024-07-18,1.6097468401621062,0.7815699658703071,1.2581297829253322,1.0,2024-07,Q3 2024
Neo at Ten,2024-07-19,1.6097468401621062,0.7849829351535836,1.2636237994446569,1.0,2024-07,Q3 2024
Neo at Ten,2024-07-20,1.6300390426164044,0.7849829351535836,1.2795528320879626,1.0,2024-07,Q3 2024
Neo at Ten,2024-07-21,1.6457085538914749,0.78839590443686,1.2974698837847463,1.0,2024-07,Q3 2024
Neo at Ten,2024-07-22,1.6400937433334608,0.7918088737201365,1.2986407797043102,1.0,2024-07,Q3 2024
Neo at Ten,2024-07-23,1.6400937433334608,0.7815699658703071,1.2818480110012371,1.0,2024-07,Q3 2024
Neo at Ten,2024-07-24,1.6552206648323706,0.7815699658703071,1.293670758520863,1.0,2024-07,Q3 2024
Neo at Ten,2024-07-25,1.6384264718096,0.7815699658703071,1.2805449216532367,1.0,2024-07,Q3 2024
Neo at Ten,2024-07-26,1.6470041735568666,0.7918088737201365,1.3041125196764267,1.0,2024-07,Q3 2024
Neo at Ten,2024-07-27,1.6506317460436415,0.7986348122866894,1.318251974656014,1.0,2024-07,Q3 2024
Neo at Ten,2024-07-28,1.6638044961978675,0.8088737201365188,1.3458077324194355,1.0,2024-07,Q3 2024
Neo at Ten,2024-07-29,1.658899160358028,0.8122866894197952,1.3475017070485007,1.0,2024-07,Q3 2024
Neo at Ten,2024-07-30,1.658899160358028,0.8088737201365188,1.3418399351701458,1.0,2024-07,Q3 2024
Neo at Ten,2024-07-31,1.6402668864315766,0.8088737201365188,1.3267687784446542,1.0,2024-07,Q3 2024
Neo at Ten,2024-08-01,1.6402668864315766,0.8191126279863481,1.3435633199439534,1.0,2024-08,Q3 2024
Neo at Ten,2024-08-02,1.6402668864315766,0.8191126279863481,1.3435633199439534,1.0,2024-08,Q3 2024
Neo at Ten,2024-08-03,1.6657344951186261,0.8156996587030717,1.3587390591581967,1.0,2024-08,Q3 2024
Neo at Ten,2024-08-04,1.6620150930523951,0.8225255972696246,1.367049957084052,1.0,2024-08,Q3 2024
Neo at Ten,2024-08-05,1.6520941028025125,0.8225255972696246,1.358889688653261,1.0,2024-08,Q3 2024
Neo at Ten,2024-08-06,1.6520941028025125,0.8225255972696246,1.358889688653261,1.0,2024-08,Q3 2024
Neo at Ten,2024-08-07,1.6485522719208645,0.8156996587030717,1.3447235255600227,1.0,2024-08,Q3 2024
Neo at Ten,2024-08-08,1.6456832733270514,0.8191126279863481,1.3479999508480967,1.0,2024-08,Q3 2024
Neo at Ten,2024-08-09,1.6390164951682022,0.8156996587030717,1.3369451957174074,1.0,2024-08,Q3 2024
Neo at Ten,2024-08-10,1.6390164951682022,0.8225255972696246,1.3481330216229923,1.0,2024-08,Q3 2024
Neo at Ten,2024-08-11,1.6390164951682022,0.8225255972696246,1.3481330216229923,1.0,2024-08,Q3 2024
Neo at Ten,2024-08-12,1.6390164951682022,0.8225255972696246,1.3481330216229923,1.0,2024-08,Q3 2024
Neo at Ten,2024-08-13,1.6390164951682022,0.8225255972696246,1.3481330216229923,1.0,2024-08,Q3 2024
Neo at Ten,2024-08-14,1.6390164951682022,0.8225255972696246,1.3481330216229923,1.0,2024-08,Q3 2024
Neo at Ten,2024-08-15,1.6390164951682022,0.8225255972696246,1.3481330216229923,1.0,2024-08,Q3 2024
Neo at Ten,2024-08-16,1.6360563344366268,0.8191126279863481,1.340114403634097,1.0,2024-08,Q3 2024
Neo at Ten,2024-08-17,1.6360563344366268,0.8225255972696246,1.3456982136492392,1.0,2024-08,Q3 2024
Neo at Ten,2024-08-18,1.6360563344366268,0.8225255972696246,1.3456982136492392,1.0,2024-08,Q3 2024
Neo at Ten,2024-08-19,1.6477920759014044,0.8225255972696246,1.3553511614069573,1.0,2024-08,Q3 2024
Neo at Ten,2024-08-20,1.6396964725336791,0.8225255972696246,1.348692320411661,1.0,2024-08,Q3 2024
Neo at Ten,2024-08-21,1.6315817666381505,0.8225255972696246,1.342017767098274,1.0,2024-08,Q3 2024
Neo at Ten,2024-08-22,1.6429036492120936,0.825938566552901,1.3569374850147666,1.0,2024-08,Q3 2024
Neo at Ten,2024-08-23,1.637641878502412,0.825938566552901,1.3525915856572823,1.0,2024-08,Q3 2024
Neo at Ten,2024-08-24,1.6299313458736306,0.8293515358361775,1.3517860650078235,1.0,2024-08,Q3 2024
Neo at Ten,2024-08-25,1.6299313458736306,0.8327645051194539,1.3573489706251394,1.0,2024-08,Q3 2024
Neo at Ten,2024-08-26,1.6299313458736306,0.8327645051194539,1.3573489706251394,1.0,2024-08,Q3 2024
Neo at Ten,2024-08-27,1.6266639508934408,0.8225255972696246,1.3379727377655948,1.0,2024-08,Q3 2024
Neo at Ten,2024-08-28,1.6228266510372709,0.8225255972696246,1.3348164604094959,1.0,2024-08,Q3 2024
Neo at Ten,2024-08-29,1.6228266510372709,0.825938566552901,1.3403551179215685,1.0,2024-08,Q3 2024
Neo at Ten,2024-08-30,1.6195427315726103,0.825938566552901,1.3376428021862514,1.0,2024-08,Q3 2024
Neo at Ten,2024-08-31,1.6195427315726103,0.8225255972696246,1.3321153525904406,1.0,2024-08,Q3 2024
Neo at Ten,2024-09-01,1.6195427315726103,0.8225255972696246,1.3321153525904406,1.0,2024-09,Q3 2024
Neo at Ten,2024-09-02,1.6195427315726103,0.8225255972696246,1.3321153525904406,1.0,2024-09,Q3 2024
Neo at Ten,2024-09-03,1.6195427315726103,0.8225255972696246,1.3321153525904406,1.0,2024-09,Q3 2024
Neo at Ten,2024-09-04,1.6291601494001136,0.8225255972696246,1.3400259249331992,1.0,2024-09,Q3 2024
Neo at Ten,2024-09-05,1.61952565504507,0.825938566552901,1.3376286980235732,1.0,2024-09,Q3 2024
Neo at Ten,2024-09-06,1.6244468917250705,0.8327645051194539,1.3527817118802634,1.0,2024-09,Q3 2024
Neo at Ten,2024-09-07,1.6304898750900063,0.8395904436860069,1.3689437176523604,1.0,2024-09,Q3 2024
Neo at Ten,2024-09-08,1.638719816776705,0.8464163822525597,1.387039298841716,1.0,2024-09,Q3 2024
Neo at Ten,2024-09-09,1.638719816776705,0.8498293515358362,1.3926321992402715,1.0,2024-09,Q3 2024
Neo at Ten,2024-09-10,1.638719816776705,0.8498293515358362,1.3926321992402715,1.0,2024-09,Q3 2024
Neo at Ten,2024-09-11,1.638719816776705,0.8464163822525597,1.387039298841716,1.0,2024-09,Q3 2024
Neo at Ten,2024-09-12,1.638719816776705,0.8464163822525597,1.387039298841716,1.0,2024-09,Q3 2024
Neo at Ten,2024-09-13,1.6323491195540172,0.8464163822525597,1.3816470363460622,1.0,2024-09,Q3 2024
Neo at Ten,2024-09-14,1.6323491195540172,0.8532423208191127,1.3927893511553049,1.0,2024-09,Q3 2024
Neo at Ten,2024-09-15,1.6323491195540172,0.8532423208191127,1.3927893511553049,1.0,2024-09,Q3 2024
Neo at Ten,2024-09-16,1.6323491195540172,0.8532423208191127,1.3927893511553049,1.0,2024-09,Q3 2024
Neo at Ten,2024-09-17,1.6323491195540172,0.8532423208191127,1.3927893511553049,1.0,2024-09,Q3 2024
Neo at Ten,2024-09-18,1.6323491195540172,0.8532423208191127,1.3927893511553049,1.0,2024-09,Q3 2024
Neo at Ten,2024-09-19,1.6323491195540172,0.8532423208191127,1.3927893511553049,1.0,2024-09,Q3 2024
Neo at Ten,2024-09-20,1.6323491195540172,0.8498293515358362,1.3872181937506836,1.0,2024-09,Q3 2024
Neo at Ten,2024-09-21,1.6357524478775285,0.8498293515358362,1.3901104420529167,1.0,2024-09,Q3 2024
Neo at Ten,2024-09-22,1.6357524478775285,0.8600682593856656,1.4068587606318677,1.0,2024-09,Q3 2024
Neo at Ten,2024-09-23,1.6357524478775285,0.8600682593856656,1.4068587606318677,1.0,2024-09,Q3 2024
Neo at Ten,2024-09-24,1.6439598724838298,0.8600682593856656,1.4139177060270482,1.0,2024-09,Q3 2024
Neo at Ten,2024-09-25,1.6439598724838298,0.8600682593856656,1.4139177060270482,1.0,2024-09,Q3 2024
Neo at Ten,2024-09-26,1.643019352664854,0.8600682593856656,1.413108794783424,1.0,2024-09,Q3 2024
Neo at Ten,2024-09-27,1.6321641576156822,0.8668941979522184,1.414913638342605,1.0,2024-09,Q3 2024
Neo at Ten,2024-09-28,1.6321641576156822,0.870307167235495,1.4204841644778123,1.0,2024-09,Q3 2024
Neo at Ten,2024-09-29,1.6471182572800735,0.870307167235495,1.433498824595286,1.0,2024-09,Q3 2024
Neo at Ten,2024-09-30,1.6443979817789554,0.8805460750853242,1.4479681887336877,1.0,2024-09,Q3 2024
Neo at Ten,2024-10-01,1.6509708238238787,0.8805460750853242,1.4537558789985008,1.0,2024-10,Q4 2024
Neo at Ten,2024-10-02,1.647027655309813,0.8907849829351536,1.467147501828878,1.0,2024-10,Q4 2024
Neo at Ten,2024-10-03,1.647027655309813,0.89419795221843,1.472768756625157,1.0,2024-10,Q4 2024
Neo at Ten,2024-10-04,1.6662072553548737,0.8907849829351536,1.4842324015277204,1.0,2024-10,Q4 2024
Neo at Ten,2024-10-05,1.6662072553548737,0.8976109215017065,1.4956058298919175,1.0,2024-10,Q4 2024
Neo at Ten,2024-10-06,1.6662072553548737,0.8907849829351536,1.4842324015277204,1.0,2024-10,Q4 2024
Neo at Ten,2024-10-07,1.6627360860409344,0.8907849829351536,1.4811403360296378,1.0,2024-10,Q4 2024
Neo at Ten,2024-10-08,1.6594204375738977,0.89419795221843,1.4838503571479904,1.0,2024-10,Q4 2024
Neo at Ten,2024-10-09,1.6530320640251472,0.8976109215017065,1.4837796342614804,1.0,2024-10,Q4 2024
Neo at Ten,2024-10-10,1.6493465374108371,0.9044368600682594,1.4917298034603135,1.0,2024-10,Q4 2024
Neo at Ten,2024-10-11,1.6493465374108371,0.9044368600682594,1.4917298034603135,1.0,2024-10,Q4 2024
Neo at Ten,2024-10-12,1.6493465374108371,0.9044368600682594,1.4917298034603135,1.0,2024-10,Q4 2024
Neo at Ten,2024-10-13,1.6451814317897164,0.9044368600682594,1.4879627284104944,1.0,2024-10,Q4 2024
Neo at Ten,2024-10-14,1.6453422943033555,0.9078498293515358,1.4937237211081658,1.0,2024-10,Q4 2024
Neo at Ten,2024-10-15,1.6453422943033555,0.9112627986348123,1.4993392238190988,1.0,2024-10,Q4 2024
Neo at Ten,2024-10-16,1.6453422943033555,0.9112627986348123,1.4993392238190988,1.0,2024-10,Q4 2024
Neo at Ten,2024-10-17,1.6430188018083647,0.9112627986348123,1.4972219115455063,1.0,2024-10,Q4 2024
Neo at Ten,2024-10-18,1.6430188018083647,0.9112627986348123,1.4972219115455063,1.0,2024-10,Q4 2024
Neo at Ten,2024-10-19,1.6430188018083647,0.9112627986348123,1.4972219115455063,1.0,2024-10,Q4 2024
Neo at Ten,2024-10-20,1.6430188018083647,0.9112627986348123,1.4972219115455063,1.0,2024-10,Q4 2024
Neo at Ten,2024-10-21,1.6430188018083647,0.9112627986348123,1.4972219115455063,1.0,2024-10,Q4 2024
Neo at Ten,2024-10-22,1.6430188018083647,0.9112627986348123,1.4972219115455063,1.0,2024-10,Q4 2024
Neo at Ten,2024-10-23,1.6430188018083647,0.9112627986348123,1.4972219115455063,1.0,2024-10,Q4 2024
Neo at Ten,2024-10-24,1.6430188018083647,0.9112627986348123,1.4972219115455063,1.0,2024-10,Q4 2024
Neo at Ten,2024-10-25,1.6430188018083647,0.9112627986348123,1.4972219115455063,1.0,2024-10,Q4 2024
Neo at Ten,2024-10-26,1.639477550565984,0.9112627986348123,1.4939949010277056,1.0,2024-10,Q4 2024
Neo at Ten,2024-10-27,1.639477550565984,0.9146757679180887,1.4995903875484085,1.0,2024-10,Q4 2024
Neo at Ten,2024-10-28,1.639477550565984,0.9146757679180887,1.4995903875484085,1.0,2024-10,Q4 2024
Neo at Ten,2024-10-29,1.6443920786379131,0.9044368600682594,1.4872488083243924,1.0,2024-10,Q4 2024
Neo at Ten,2024-10-30,1.6443920786379131,0.9112627986348123,1.498473327632501,1.0,2024-10,Q4 2024
Neo at Ten,2024-10-31,1.6554829720418205,0.9112627986348123,1.508580046195106,1.0,2024-10,Q4 2024
Neo at Ten,2024-11-01,1.6554829720418205,0.9146757679180887,1.5142301587276719,1.0,2024-11,Q4 2024
Neo at Ten,2024-11-02,1.6554829720418205,0.9146757679180887,1.5142301587276719,1.0,2024-11,Q4 2024
Neo at Ten,2024-11-03,1.6554829720418205,0.9146757679180887,1.5142301587276719,1.0,2024-11,Q4 2024
Neo at Ten,2024-11-04,1.6554829720418205,0.9146757679180887,1.5142301587276719,1.0,2024-11,Q4 2024
Neo at Ten,2024-11-05,1.6554829720418205,0.9146757679180887,1.5142301587276719,1.0,2024-11,Q4 2024
Neo at Ten,2024-11-06,1.6512427450474831,0.9146757679180887,1.5103517258454793,1.0,2024-11,Q4 2024
Neo at Ten,2024-11-07,1.6512427450474831,0.9078498293515358,1.499080444309319,1.0,2024-11,Q4 2024
Neo at Ten,2024-11-08,1.6512427450474831,0.9044368600682594,1.493444803541239,1.0,2024-11,Q4 2024
Neo at Ten,2024-11-09,1.6512427450474831,0.9044368600682594,1.493444803541239,1.0,2024-11,Q4 2024
Neo at Ten,2024-11-10,1.6488521468977801,0.8976109215017065,1.4800276949969835,1.0,2024-11,Q4 2024
Neo at Ten,2024-11-11,1.6488521468977801,0.9010238907849829,1.48565517672701,1.0,2024-11,Q4 2024
Neo at Ten,2024-11-12,1.6488521468977801,0.9010238907849829,1.48565517672701,1.0,2024-11,Q4 2024
Neo at Ten,2024-11-13,1.6488521468977801,0.9010238907849829,1.48565517672701,1.0,2024-11,Q4 2024
Neo at Ten,2024-11-14,1.6488521468977801,0.8976109215017065,1.4800276949969835,1.0,2024-11,Q4 2024
Neo at Ten,2024-11-15,1.6450968024104957,0.8976109215017065,1.476656856771196,1.0,2024-11,Q4 2024
Neo at Ten,2024-11-16,1.6450968024104957,0.9010238907849829,1.482271521625839,1.0,2024-11,Q4 2024
Neo at Ten,2024-11-17,1.6416603439482502,0.9010238907849829,1.4791751904516657,1.0,2024-11,Q4 2024
Neo at Ten,2024-11-18,1.6416603439482502,0.9044368600682594,1.4847781267791342,1.0,2024-11,Q4 2024
Neo at Ten,2024-11-19,1.6416603439482502,0.9044368600682594,1.4847781267791342,1.0,2024-11,Q4 2024
Neo at Ten,2024-11-20,1.6373372314318353,0.9044368600682594,1.4808681444690661,1.0,2024-11,Q4 2024
Neo at Ten,2024-11-21,1.6373372314318353,0.9078498293515358,1.4864563261463077,1.0,2024-11,Q4 2024
Neo at Ten,2024-11-22,1.6346281897571286,0.9078498293515358,1.4839969231242192,1.0,2024-11,Q4 2024
Neo at Ten,2024-11-23,1.6346281897571286,0.9078498293515358,1.4839969231242192,1.0,2024-11,Q4 2024
Neo at Ten,2024-11-24,1.6346281897571286,0.9078498293515358,1.4839969231242192,1.0,2024-11,Q4 2024
Neo at Ten,2024-11-25,1.6346281897571286,0.9078498293515358,1.4839969231242192,1.0,2024-11,Q4 2024
Neo at Ten,2024-11-26,1.6346281897571286,0.9078498293515358,1.4839969231242192,1.0,2024-11,Q4 2024
Neo at Ten,2024-11-27,1.6346281897571286,0.9010238907849829,1.4728390515217813,1.0,2024-11,Q4 2024
Neo at Ten,2024-11-28,1.6346281897571286,0.8976109215017065,1.4672601157205627,1.0,2024-11,Q4 2024
Neo at Ten,2024-11-29,1.6346281897571286,0.8976109215017065,1.4672601157205627,1.0,2024-11,Q4 2024
Neo at Ten,2024-11-30,1.6346281897571286,0.8976109215017065,1.4672601157205627,1.0,2024-11,Q4 2024
Neo at Ten,2024-12-01,1.6346281897571286,0.8976109215017065,1.4672601157205627,1.0,2024-12,Q4 2024
Neo at Ten,2024-12-02,1.6346281897571286,0.8976109215017065,1.4672601157205627,1.0,2024-12,Q4 2024
Neo at Ten,2024-12-03,1.6346281897571286,0.8907849829351536,1.4561022441181248,1.0,2024-12,Q4 2024
Neo at Ten,2024-12-04,1.6346281897571286,0.8907849829351536,1.4561022441181248,1.0,2024-12,Q4 2024
Neo at Ten,2024-12-05,1.6346281897571286,0.8873720136518771,1.450523308316906,1.0,2024-12,Q4 2024
Neo at Ten,2024-12-06,1.6303697722166945,0.8873720136518771,1.4467445077690804,1.0,2024-12,Q4 2024
Neo at Ten,2024-12-07,1.6303697722166945,0.8907849829351536,1.4523089097220385,1.0,2024-12,Q4 2024
Neo at Ten,2024-12-08,1.6294751576455104,0.8873720136518771,1.4459506518356064,1.0,2024-12,Q4 2024
Neo at Ten,2024-12-09,1.6294751576455104,0.8907849829351536,1.4515120004965127,1.0,2024-12,Q4 2024
Neo at Ten,2024-12-10,1.6290148219923768,0.8873720136518771,1.4455421628601295,1.0,2024-12,Q4 2024
Neo at Ten,2024-12-11,1.6290148219923768,0.8873720136518771,1.4455421628601295,1.0,2024-12,Q4 2024
Neo at Ten,2024-12-12,1.6290148219923768,0.8805460750853242,1.4344226077612054,1.0,2024-12,Q4 2024
Neo at Ten,2024-12-13,1.6279812381674166,0.8805460750853242,1.433512489580865,1.0,2024-12,Q4 2024
Neo at Ten,2024-12-14,1.6279812381674166,0.870307167235495,1.416843739702018,1.0,2024-12,Q4 2024
Neo at Ten,2024-12-15,1.6279812381674166,0.8668941979522184,1.4112874897424021,1.0,2024-12,Q4 2024
Neo at Ten,2024-12-16,1.6279812381674166,0.8668941979522184,1.4112874897424021,1.0,2024-12,Q4 2024
Neo at Ten,2024-12-17,1.6279812381674166,0.863481228668942,1.4057312397827864,1.0,2024-12,Q4 2024
Neo at Ten,2024-12-18,1.6279812381674166,0.8600682593856656,1.4001749898231706,1.0,2024-12,Q4 2024
Neo at Ten,2024-12-19,1.6279812381674166,0.856655290102389,1.3946187398635548,1.0,2024-12,Q4 2024
Neo at Ten,2024-12-20,1.6279812381674166,0.856655290102389,1.3946187398635548,1.0,2024-12,Q4 2024
Neo at Ten,2024-12-21,1.6277250136057668,0.856655290102389,1.3943992437373633,1.0,2024-12,Q4 2024
Neo at Ten,2024-12-22,1.6277250136057668,0.8600682593856656,1.3999546192104206,1.0,2024-12,Q4 2024
Neo at Ten,2024-12-23,1.6243723293203198,0.8600682593856656,1.3970710818727665,1.0,2024-12,Q4 2024
Neo at Ten,2024-12-24,1.6243723293203198,0.863481228668942,1.402615014737341,1.0,2024-12,Q4 2024
Neo at Ten,2024-12-25,1.6243723293203198,0.863481228668942,1.402615014737341,1.0,2024-12,Q4 2024
Neo at Ten,2024-12-26,1.6243723293203198,0.863481228668942,1.402615014737341,1.0,2024-12,Q4 2024
Neo at Ten,2024-12-27,1.6270390549460505,0.856655290102389,1.3938116136227259,1.0,2024-12,Q4 2024
Neo at Ten,2024-12-28,1.6270390549460505,0.8600682593856656,1.399364647939948,1.0,2024-12,Q4 2024
Neo at Ten,2024-12-29,1.6260760889658459,0.8600682593856656,1.3985364314655058,1.0,2024-12,Q4 2024
Neo at Ten,2024-12-30,1.6260760889658459,0.863481228668942,1.4040861792094164,1.0,2024-12,Q4 2024
Neo at Ten,2024-12-31,1.6260760889658459,0.863481228668942,1.4040861792094164,1.0,2024-12,Q4 2024
Neo at Ten,2025-01-01,1.6260760889658459,0.8600682593856656,1.3985364314655058,1.0,2025-01,Q1 2025
Neo at Ten,2025-01-02,1.6260760889658459,0.8600682593856656,1.3985364314655058,1.0,2025-01,Q1 2025
Neo at Ten,2025-01-03,1.626335182951551,0.856655290102389,1.393208637955083,1.0,2025-01,Q1 2025
Neo at Ten,2025-01-04,1.626335182951551,0.8600682593856656,1.3987592699788085,1.0,2025-01,Q1 2025
Neo at Ten,2025-01-05,1.626335182951551,0.8600682593856656,1.3987592699788085,1.0,2025-01,Q1 2025
Neo at Ten,2025-01-06,1.626335182951551,0.8600682593856656,1.3987592699788085,1.0,2025-01,Q1 2025
Neo at Ten,2025-01-07,1.626335182951551,0.856655290102389,1.393208637955083,1.0,2025-01,Q1 2025
Neo at Ten,2025-01-08,1.626335182951551,0.8532423208191127,1.3876580059313577,1.0,2025-01,Q1 2025
Neo at Ten,2025-01-09,1.626335182951551,0.8498293515358362,1.3821073739076322,1.0,2025-01,Q1 2025
Neo at Ten,2025-01-10,1.626335182951551,0.8498293515358362,1.3821073739076322,1.0,2025-01,Q1 2025
Neo at Ten,2025-01-11,1.6235100077780384,0.8498293515358362,1.3797064571219508,1.0,2025-01,Q1 2025
Neo at Ten,2025-01-12,1.6235100077780384,0.8532423208191127,1.3852474469095892,1.0,2025-01,Q1 2025
Neo at Ten,2025-01-13,1.6235100077780384,0.8532423208191127,1.3852474469095892,1.0,2025-01,Q1 2025
Neo at Ten,2025-01-14,1.6234326671928425,0.8464163822525597,1.3741000049959895,1.0,2025-01,Q1 2025
Neo at Ten,2025-01-15,1.6200919368223872,0.8498293515358362,1.3768016800982061,1.0,2025-01,Q1 2025
Neo at Ten,2025-01-16,1.6200919368223872,0.8532423208191127,1.3823310041146648,1.0,2025-01,Q1 2025
Neo at Ten,2025-01-17,1.6172290231196367,0.8532423208191127,1.3798882449826253,1.0,2025-01,Q1 2025
Neo at Ten,2025-01-18,1.6251377814230832,0.856655290102389,1.3921828776013443,1.0,2025-01,Q1 2025
Neo at Ten,2025-01-19,1.6251377814230832,0.8600682593856656,1.3977294229304333,1.0,2025-01,Q1 2025
Neo at Ten,2025-01-20,1.6251377814230832,0.8600682593856656,1.3977294229304333,1.0,2025-01,Q1 2025
Neo at Ten,2025-01-21,1.6251377814230832,0.8600682593856656,1.3977294229304333,1.0,2025-01,Q1 2025
Neo at Ten,2025-01-22,1.6251293467554406,0.8600682593856656,1.3977221685405155,1.0,2025-01,Q1 2025
Neo at Ten,2025-01-23,1.6251293467554406,0.863481228668942,1.4032686850823428,1.0,2025-01,Q1 2025
Neo at Ten,2025-01-24,1.6203926998395222,0.8600682593856656,1.393648328872217,1.0,2025-01,Q1 2025
Neo at Ten,2025-01-25,1.6203926998395222,0.8668941979522184,1.4047090298950125,1.0,2025-01,Q1 2025
Neo at Ten,2025-01-26,1.6203926998395222,0.8668941979522184,1.4047090298950125,1.0,2025-01,Q1 2025
Neo at Ten,2025-01-27,1.6283081337833387,0.8668941979522184,1.411570873655181,1.0,2025-01,Q1 2025
Neo at Ten,2025-01-28,1.6283081337833387,0.8668941979522184,1.411570873655181,1.0,2025-01,Q1 2025
Neo at Ten,2025-01-29,1.6283081337833387,0.8668941979522184,1.411570873655181,1.0,2025-01,Q1 2025
Neo at Ten,2025-01-30,1.625449657598845,0.8668941979522184,1.4090928772358589,1.0,2025-01,Q1 2025
Neo at Ten,2025-01-31,1.6232720044289617,0.870307167235495,1.4127452598272534,1.0,2025-01,Q1 2025
Neo at Ten,2025-02-01,1.6195170732340045,0.8737201365187713,1.4150046783204955,1.0,2025-02,Q1 2025
Neo at Ten,2025-02-02,1.6195170732340045,0.8771331058020477,1.4205320403451847,1.0,2025-02,Q1 2025
Neo at Ten,2025-02-03,1.616660317828653,0.8737201365187713,1.4125086735977308,1.0,2025-02,Q1 2025
Neo at Ten,2025-02-04,1.6207477167104851,0.8771331058020477,1.4216114784798453,1.0,2025-02,Q1 2025
Neo at Ten,2025-02-05,1.6207477167104851,0.8805460750853242,1.4271430406529186,1.0,2025-02,Q1 2025
Neo at Ten,2025-02-06,1.618993674352786,0.8805460750853242,1.4255985255393133,1.0,2025-02,Q1 2025
Neo at Ten,2025-02-07,1.6159566115193422,0.8839590443686007,1.42843946205976,1.0,2025-02,Q1 2025
Neo at Ten,2025-02-08,1.6159566115193422,0.8839590443686007,1.42843946205976,1.0,2025-02,Q1 2025
Neo at Ten,2025-02-09,1.6159566115193422,0.8805460750853242,1.4229242517815368,1.0,2025-02,Q1 2025
Neo at Ten,2025-02-10,1.6159566115193422,0.8805460750853242,1.4229242517815368,1.0,2025-02,Q1 2025
Neo at Ten,2025-02-11,1.613110333851076,0.8771331058020477,1.4149124771321724,1.0,2025-02,Q1 2025
Neo at Ten,2025-02-12,1.606802783068137,0.8805460750853242,1.4148638840668237,1.0,2025-02,Q1 2025
Neo at Ten,2025-02-13,1.6054469174957267,0.8805460750853242,1.4136699819586944,1.0,2025-02,Q1 2025
Neo at Ten,2025-02-14,1.6054469174957267,0.8805460750853242,1.4136699819586944,1.0,2025-02,Q1 2025
Neo at Ten,2025-02-15,1.6054469174957267,0.8805460750853242,1.4136699819586944,1.0,2025-02,Q1 2025
Neo at Ten,2025-02-16,1.6131091282878047,0.8805460750853242,1.4204169115981353,1.0,2025-02,Q1 2025
Neo at Ten,2025-02-17,1.6131091282878047,0.8839590443686007,1.4259224035035545,1.0,2025-02,Q1 2025
Neo at Ten,2025-02-18,1.6131091282878047,0.8771331058020477,1.414911419692716,1.0,2025-02,Q1 2025
Neo at Ten,2025-02-19,1.6051336345449898,0.8737201365187713,1.40243757830552,1.0,2025-02,Q1 2025
Neo at Ten,2025-02-20,1.604864907614018,0.8839590443686007,1.41863485007519,1.0,2025-02,Q1 2025
Neo at Ten,2025-02-21,1.604864907614018,0.8873720136518771,1.424112204708685,1.0,2025-02,Q1 2025
Neo at Ten,2025-02-22,1.6107952746657699,0.8771331058020477,1.4128818620788492,1.0,2025-02,Q1 2025
Neo at Ten,2025-02-23,1.610909194180063,0.8839590443686007,1.4239777518520012,1.0,2025-02,Q1 2025
Neo at Ten,2025-02-24,1.610909194180063,0.8839590443686007,1.4239777518520012,1.0,2025-02,Q1 2025
Neo at Ten,2025-02-25,1.6088923083067062,0.8805460750853242,1.4167038073144376,1.0,2025-02,Q1 2025
Neo at Ten,2025-02-26,1.607490582985969,0.8839590443686007,1.420955839567802,1.0,2025-02,Q1 2025
Neo at Ten,2025-02-27,1.607490582985969,0.8805460750853242,1.4154695235849146,1.0,2025-02,Q1 2025
Neo at Ten,2025-02-28,1.6075487423643982,0.8771331058020477,1.4100342211182604,1.0,2025-02,Q1 2025
Neo at Ten,2025-03-01,1.6067345110663898,0.8771331058020477,1.409320031890997,1.0,2025-03,Q1 2025
Neo at Ten,2025-03-02,1.6067345110663898,0.8839590443686007,1.420287502956297,1.0,2025-03,Q1 2025
Neo at Ten,2025-03-03,1.6067345110663898,0.8839590443686007,1.420287502956297,1.0,2025-03,Q1 2025
Neo at Ten,2025-03-04,1.6067345110663898,0.8737201365187713,1.4038362963583473,1.0,2025-03,Q1 2025
Neo at Ten,2025-03-05,1.6067345110663898,0.8737201365187713,1.4038362963583473,1.0,2025-03,Q1 2025
Neo at Ten,2025-03-06,1.6067345110663898,0.8737201365187713,1.4038362963583473,1.0,2025-03,Q1 2025
Neo at Ten,2025-03-07,1.6067345110663898,0.8737201365187713,1.4038362963583473,1.0,2025-03,Q1 2025
Neo at Ten,2025-03-08,1.6034795900097605,0.8737201365187713,1.4009924062883914,1.0,2025-03,Q1 2025
Neo at Ten,2025-03-09,1.6032735364853488,0.8737201365187713,1.4008123731749123,1.0,2025-03,Q1 2025
Neo at Ten,2025-03-10,1.6032735364853488,0.8771331058020477,1.4062842965076265,1.0,2025-03,Q1 2025
Neo at Ten,2025-03-11,1.6032735364853488,0.8771331058020477,1.4062842965076265,1.0,2025-03,Q1 2025
Neo at Ten,2025-03-12,1.6103369604511022,0.8737201365187713,1.4069838289265604,1.0,2025-03,Q1 2025
Neo at Ten,2025-03-13,1.6103369604511022,0.8737201365187713,1.4069838289265604,1.0,2025-03,Q1 2025
Neo at Ten,2025-03-14,1.6103369604511022,0.870307167235495,1.401487798344816,1.0,2025-03,Q1 2025
Neo at Ten,2025-03-15,1.6104112172007443,0.870307167235495,1.4015524245262452,1.0,2025-03,Q1 2025
Neo at Ten,2025-03-16,1.609664936866842,0.870307167235495,1.4009029314028831,1.0,2025-03,Q1 2025
Neo at Ten,2025-03-17,1.6079452892749333,0.8737201365187713,1.40489417766001,1.0,2025-03,Q1 2025
Neo at Ten,2025-03-18,1.6079452892749333,0.8771331058020477,1.4103820455414944,1.0,2025-03,Q1 2025
Neo at Ten,2025-03-19,1.6081745756205212,0.8771331058020477,1.4105831601859178,1.0,2025-03,Q1 2025
Neo at Ten,2025-03-20,1.6081077445458434,0.8771331058020477,1.4105245404378215,1.0,2025-03,Q1 2025
Neo at Ten,2025-03-21,1.6081077445458434,0.8805460750853242,1.4160129627741556,1.0,2025-03,Q1 2025
Neo at Ten,2025-03-22,1.6081077445458434,0.8805460750853242,1.4160129627741556,1.0,2025-03,Q1 2025
Neo at Ten,2025-03-23,1.6081077445458434,0.8805460750853242,1.4160129627741556,1.0,2025-03,Q1 2025
Neo at Ten,2025-03-24,1.6081077445458434,0.8805460750853242,1.4160129627741556,1.0,2025-03,Q1 2025
Neo at Ten,2025-03-25,1.6075244979682894,0.8771331058020477,1.4100129555558032,1.0,2025-03,Q1 2025
Neo at Ten,2025-03-26,1.6075244979682894,0.8805460750853242,1.4154993872894834,1.0,2025-03,Q1 2025
Neo at Ten,2025-03-27,1.6075244979682894,0.8771331058020477,1.4100129555558032,1.0,2025-03,Q1 2025
Neo at Ten,2025-03-28,1.6075244979682894,0.8771331058020477,1.4100129555558032,1.0,2025-03,Q1 2025
Neo at Ten,2025-03-29,1.61770681657426,0.8737201365187713,1.4134230206246094,1.0,2025-03,Q1 2025
Neo at Ten,2025-03-30,1.61770681657426,0.8805460750853242,1.4244653879732392,1.0,2025-03,Q1 2025
Neo at Ten,2025-03-31,1.6151793252844295,0.8805460750853242,1.4222398154381666,1.0,2025-03,Q1 2025
Neo at Ten,2025-04-01,1.6151793252844295,0.8771331058020477,1.4167272580139876,1.0,2025-04,Q2 2025
Neo at Ten,2025-04-02,1.614592429494501,0.870307167235495,1.405191363553235,1.0,2025-04,Q2 2025
Neo at Ten,2025-04-03,1.614592429494501,0.870307167235495,1.405191363553235,1.0,2025-04,Q2 2025
Neo at Ten,2025-04-04,1.614592429494501,0.856655290102389,1.383149146085733,1.0,2025-04,Q2 2025
Neo at Ten,2025-04-05,1.614592429494501,0.8532423208191127,1.3776385917188576,1.0,2025-04,Q2 2025
Neo at Ten,2025-04-06,1.621912123346087,0.8532423208191127,1.3838840642884702,1.0,2025-04,Q2 2025
Neo at Ten,2025-04-07,1.6194476451082458,0.856655290102389,1.3873083922258351,1.0,2025-04,Q2 2025
Neo at Ten,2025-04-08,1.6194476451082458,0.8600682593856656,1.392835517294464,1.0,2025-04,Q2 2025
Neo at Ten,2025-04-09,1.6194476451082458,0.8600682593856656,1.392835517294464,1.0,2025-04,Q2 2025
Neo at Ten,2025-04-10,1.6193753447518215,0.8600682593856656,1.3927733340527613,1.0,2025-04,Q2 2025
Neo at Ten,2025-04-11,1.6168394045748062,0.8600682593856656,1.3905922523988095,1.0,2025-04,Q2 2025
Neo at Ten,2025-04-12,1.6168394045748062,0.8737201365187713,1.4126651452940286,1.0,2025-04,Q2 2025
Neo at Ten,2025-04-13,1.6214097155099843,0.8737201365187713,1.4166583179882457,1.0,2025-04,Q2 2025
