property,date,avg_rent_per_sqft,net_leased,rev_pasf,rev_pasf_rank,year_month,quarter
Cortland at the Battery Atlanta,2023-09-16,2.4816340214767054,0.8662900188323917,2.149814783200159,1.0,2023-09,Q3 2023
Cortland at the Battery Atlanta,2023-09-17,2.4552937086309705,0.8700564971751412,2.136244243667624,1.0,2023-09,Q3 2023
Cortland at the Battery Atlanta,2023-09-18,2.4439408143654435,0.8738229755178908,2.135571634398429,1.0,2023-09,Q3 2023
Cortland at the Battery Atlanta,2023-09-19,2.4439408143654435,0.8757062146892656,2.1401741594725636,1.0,2023-09,Q3 2023
Cortland at the Battery Atlanta,2023-09-20,2.428336211609574,0.8757062146892656,2.1265091118614916,1.0,2023-09,Q3 2023
Cortland at the Battery Atlanta,2023-09-21,2.425586131813305,0.879472693032015,2.133236767526956,1.0,2023-09,Q3 2023
Cortland at the Battery Atlanta,2023-09-22,2.4205946301181185,0.879472693032015,2.128846878088816,1.0,2023-09,Q3 2023
Cortland at the Battery Atlanta,2023-09-23,2.4205946301181185,0.8813559322033898,2.133405436714274,1.0,2023-09,Q3 2023
Cortland at the Battery Atlanta,2023-09-24,2.4224958440305375,0.8813559322033898,2.135081082874372,1.0,2023-09,Q3 2023
Cortland at the Battery Atlanta,2023-09-25,2.4224958440305375,0.8851224105461394,2.144205361006314,1.0,2023-09,Q3 2023
Cortland at the Battery Atlanta,2023-09-26,2.4224958440305375,0.8832391713747646,2.139643221940343,1.0,2023-09,Q3 2023
Cortland at the Battery Atlanta,2023-09-27,2.4224958440305375,0.8832391713747646,2.139643221940343,1.0,2023-09,Q3 2023
Cortland at the Battery Atlanta,2023-09-28,2.4224958440305375,0.8832391713747646,2.139643221940343,1.0,2023-09,Q3 2023
Cortland at the Battery Atlanta,2023-09-29,2.419846464952112,0.8832391713747646,2.137303186558457,1.0,2023-09,Q3 2023
Cortland at the Battery Atlanta,2023-09-30,2.419846464952112,0.8851224105461394,2.1418603362099673,1.0,2023-09,Q3 2023
Cortland at the Battery Atlanta,2023-10-01,2.4108894421516007,0.8851224105461394,2.1339322745974623,1.0,2023-10,Q4 2023
Cortland at the Battery Atlanta,2023-10-02,2.4108894421516007,0.8888888888888888,2.1430128374680892,1.0,2023-10,Q4 2023
Cortland at the Battery Atlanta,2023-10-03,2.4166173637552144,0.8851224105461394,2.1390021863746718,1.0,2023-10,Q4 2023
Cortland at the Battery Atlanta,2023-10-04,2.4166173637552144,0.8870056497175142,2.1435532548563203,1.0,2023-10,Q4 2023
Cortland at the Battery Atlanta,2023-10-05,2.4166173637552144,0.8870056497175142,2.1435532548563203,1.0,2023-10,Q4 2023
Cortland at the Battery Atlanta,2023-10-06,2.4166173637552144,0.8851224105461394,2.1390021863746718,1.0,2023-10,Q4 2023
Cortland at the Battery Atlanta,2023-10-07,2.4166173637552144,0.8775894538606404,2.120797912448079,1.0,2023-10,Q4 2023
Cortland at the Battery Atlanta,2023-10-08,2.4166173637552144,0.8775894538606404,2.120797912448079,1.0,2023-10,Q4 2023
Cortland at the Battery Atlanta,2023-10-09,2.4166173637552144,0.8775894538606404,2.120797912448079,1.0,2023-10,Q4 2023
Cortland at the Battery Atlanta,2023-10-10,2.402172482150908,0.8775894538606404,2.108121236689874,1.0,2023-10,Q4 2023
Cortland at the Battery Atlanta,2023-10-11,2.393153727120469,0.879472693032015,2.104713353230243,1.0,2023-10,Q4 2023
Cortland at the Battery Atlanta,2023-10-12,2.3837586791304264,0.8813559322033898,2.100939852792918,1.0,2023-10,Q4 2023
Cortland at the Battery Atlanta,2023-10-13,2.3837586791304264,0.8832391713747646,2.1054290405125613,1.0,2023-10,Q4 2023
Cortland at the Battery Atlanta,2023-10-14,2.3837586791304264,0.8813559322033898,2.100939852792918,1.0,2023-10,Q4 2023
Cortland at the Battery Atlanta,2023-10-15,2.3837586791304264,0.8813559322033898,2.100939852792918,1.0,2023-10,Q4 2023
Cortland at the Battery Atlanta,2023-10-16,2.3834083289505905,0.8775894538606404,2.09165401373065,1.0,2023-10,Q4 2023
Cortland at the Battery Atlanta,2023-10-17,2.3726425706664798,0.879472693032015,2.086674351226452,1.0,2023-10,Q4 2023
Cortland at the Battery Atlanta,2023-10-18,2.3726425706664798,0.8775894538606404,2.0822060977977017,1.0,2023-10,Q4 2023
Cortland at the Battery Atlanta,2023-10-19,2.367762746281991,0.8738229755178908,2.069005488276542,1.0,2023-10,Q4 2023
Cortland at the Battery Atlanta,2023-10-20,2.367762746281991,0.8757062146892656,2.073464551828862,1.0,2023-10,Q4 2023
Cortland at the Battery Atlanta,2023-10-21,2.367762746281991,0.8757062146892656,2.073464551828862,1.0,2023-10,Q4 2023
Cortland at the Battery Atlanta,2023-10-22,2.3635846862263272,0.8757062146892656,2.0698057986727725,1.0,2023-10,Q4 2023
Cortland at the Battery Atlanta,2023-10-23,2.3635846862263272,0.8775894538606404,2.0742569939387354,1.0,2023-10,Q4 2023
Cortland at the Battery Atlanta,2023-10-24,2.3635356452215013,0.871939736346516,2.0608606473400286,1.0,2023-10,Q4 2023
Cortland at the Battery Atlanta,2023-10-25,2.3635356452215013,0.8775894538606404,2.0742139560700936,1.0,2023-10,Q4 2023
Cortland at the Battery Atlanta,2023-10-26,2.355466159580632,0.8738229755178908,2.058260448296447,1.0,2023-10,Q4 2023
Cortland at the Battery Atlanta,2023-10-27,2.354900973019962,0.879472693032015,2.071071100565579,1.0,2023-10,Q4 2023
Cortland at the Battery Atlanta,2023-10-28,2.354900973019962,0.8832391713747646,2.079940784079778,1.0,2023-10,Q4 2023
Cortland at the Battery Atlanta,2023-10-29,2.3537519939431313,0.8832391713747646,2.078925960752031,1.0,2023-10,Q4 2023
Cortland at the Battery Atlanta,2023-10-30,2.3537519939431313,0.8851224105461394,2.083358638706726,1.0,2023-10,Q4 2023
Cortland at the Battery Atlanta,2023-10-31,2.350513601550262,0.8813559322033898,2.0716391064510784,1.0,2023-10,Q4 2023
Cortland at the Battery Atlanta,2023-11-01,2.347245443603195,0.8832391713747646,2.073179120621278,1.0,2023-11,Q4 2023
Cortland at the Battery Atlanta,2023-11-02,2.3475047215100306,0.8813559322033898,2.068987212178332,1.0,2023-11,Q4 2023
Cortland at the Battery Atlanta,2023-11-03,2.3302356585211474,0.879472693032015,2.0493786299988246,1.0,2023-11,Q4 2023
Cortland at the Battery Atlanta,2023-11-04,2.3102827779347517,0.879472693032015,2.031830616375761,1.0,2023-11,Q4 2023
Cortland at the Battery Atlanta,2023-11-05,2.3102827779347517,0.8851224105461394,2.0448830614488385,1.0,2023-11,Q4 2023
Cortland at the Battery Atlanta,2023-11-06,2.3102827779347517,0.8851224105461394,2.0448830614488385,1.0,2023-11,Q4 2023
Cortland at the Battery Atlanta,2023-11-07,2.309538578053818,0.8851224105461394,2.0442243534562983,1.0,2023-11,Q4 2023
Cortland at the Battery Atlanta,2023-11-08,2.307993740680127,0.8870056497175142,2.047203487495932,1.0,2023-11,Q4 2023
Cortland at the Battery Atlanta,2023-11-09,2.308728413238637,0.8813559322033898,2.034811482854392,1.0,2023-11,Q4 2023
Cortland at the Battery Atlanta,2023-11-10,2.3064021893348485,0.8775894538606404,2.0240742377213548,1.0,2023-11,Q4 2023
Cortland at the Battery Atlanta,2023-11-11,2.3064021893348485,0.879472693032015,2.028417744669255,1.0,2023-11,Q4 2023
Cortland at the Battery Atlanta,2023-11-12,2.3064021893348485,0.879472693032015,2.028417744669255,1.0,2023-11,Q4 2023
Cortland at the Battery Atlanta,2023-11-13,2.307398410253323,0.8775894538606404,2.0249485106931235,1.0,2023-11,Q4 2023
Cortland at the Battery Atlanta,2023-11-14,2.307398410253323,0.8775894538606404,2.0249485106931235,1.0,2023-11,Q4 2023
Cortland at the Battery Atlanta,2023-11-15,2.2938086299784786,0.8757062146892656,2.0087024725800235,1.0,2023-11,Q4 2023
Cortland at the Battery Atlanta,2023-11-16,2.2895875223949056,0.8775894538606404,2.0093178633446818,1.0,2023-11,Q4 2023
Cortland at the Battery Atlanta,2023-11-17,2.2843434650181353,0.879472693032015,2.009017698989584,1.0,2023-11,Q4 2023
Cortland at the Battery Atlanta,2023-11-18,2.2843434650181353,0.8832391713747646,2.0176216291779765,1.0,2023-11,Q4 2023
Cortland at the Battery Atlanta,2023-11-19,2.2843434650181353,0.8832391713747646,2.0176216291779765,1.0,2023-11,Q4 2023
Cortland at the Battery Atlanta,2023-11-20,2.2843434650181353,0.8832391713747646,2.0176216291779765,1.0,2023-11,Q4 2023
Cortland at the Battery Atlanta,2023-11-21,2.2802908270066053,0.8813559322033898,2.009747847531245,1.0,2023-11,Q4 2023
Cortland at the Battery Atlanta,2023-11-22,2.2802908270066053,0.8870056497175142,2.0226308465538816,1.0,2023-11,Q4 2023
Cortland at the Battery Atlanta,2023-11-23,2.2798548355263195,0.8870056497175142,2.0222441196476395,1.0,2023-11,Q4 2023
Cortland at the Battery Atlanta,2023-11-24,2.2793998056465874,0.8907721280602636,2.030425815575962,1.0,2023-11,Q4 2023
Cortland at the Battery Atlanta,2023-11-25,2.2808546367253353,0.8926553672316384,2.0360171333480395,1.0,2023-11,Q4 2023
Cortland at the Battery Atlanta,2023-11-26,2.2808546367253353,0.8945386064030132,2.0403125281441326,1.0,2023-11,Q4 2023
Cortland at the Battery Atlanta,2023-11-27,2.2731034016735765,0.8926553672316384,2.029097951776413,1.0,2023-11,Q4 2023
Cortland at the Battery Atlanta,2023-11-28,2.2679009822209535,0.8907721280602636,2.0201829841629206,1.0,2023-11,Q4 2023
Cortland at the Battery Atlanta,2023-11-29,2.2633099453054486,0.8945386064030132,2.024618124331616,1.0,2023-11,Q4 2023
Cortland at the Battery Atlanta,2023-11-30,2.2633099453054486,0.896421845574388,2.0288804782775776,1.0,2023-11,Q4 2023
Cortland at the Battery Atlanta,2023-12-01,2.2590489560686873,0.8907721280602636,2.0122978459896217,1.0,2023-12,Q4 2023
Cortland at the Battery Atlanta,2023-12-02,2.252272857255167,0.8926553672316384,2.0105034544989624,1.0,2023-12,Q4 2023
Cortland at the Battery Atlanta,2023-12-03,2.255362403769041,0.8926553672316384,2.0132613547768843,1.0,2023-12,Q4 2023
Cortland at the Battery Atlanta,2023-12-04,2.255362403769041,0.8945386064030132,2.017508741601308,1.0,2023-12,Q4 2023
Cortland at the Battery Atlanta,2023-12-05,2.2589136728132813,0.8945386064030132,2.0206854888631045,1.0,2023-12,Q4 2023
Cortland at the Battery Atlanta,2023-12-06,2.2542471876450887,0.8907721280602636,2.00802056451248,1.0,2023-12,Q4 2023
Cortland at the Battery Atlanta,2023-12-07,2.2542471876450887,0.8945386064030132,2.0165111377239495,1.0,2023-12,Q4 2023
Cortland at the Battery Atlanta,2023-12-08,2.2532690493014456,0.8888888888888888,2.002905821601285,1.0,2023-12,Q4 2023
Cortland at the Battery Atlanta,2023-12-09,2.2532690493014456,0.8907721280602636,2.0071492661385757,1.0,2023-12,Q4 2023
Cortland at the Battery Atlanta,2023-12-10,2.254732446426196,0.8907721280602636,2.008452819509587,1.0,2023-12,Q4 2023
Cortland at the Battery Atlanta,2023-12-11,2.254732446426196,0.8926553672316384,2.0126990199736667,1.0,2023-12,Q4 2023
Cortland at the Battery Atlanta,2023-12-12,2.2580307491593428,0.8926553672316384,2.0156432676111646,1.0,2023-12,Q4 2023
Cortland at the Battery Atlanta,2023-12-13,2.2580307491593428,0.896421845574388,2.0241480915251358,1.0,2023-12,Q4 2023
Cortland at the Battery Atlanta,2023-12-14,2.2580307491593428,0.896421845574388,2.0241480915251358,1.0,2023-12,Q4 2023
Cortland at the Battery Atlanta,2023-12-15,2.2587810701003064,0.8926553672316384,2.016313045626262,1.0,2023-12,Q4 2023
Cortland at the Battery Atlanta,2023-12-16,2.2587810701003064,0.8945386064030132,2.020566870617035,1.0,2023-12,Q4 2023
Cortland at the Battery Atlanta,2023-12-17,2.2587810701003064,0.8945386064030132,2.020566870617035,1.0,2023-12,Q4 2023
Cortland at the Battery Atlanta,2023-12-18,2.2546893683625298,0.8945386064030132,2.0169066854467075,1.0,2023-12,Q4 2023
Cortland at the Battery Atlanta,2023-12-19,2.2511925759669236,0.8945386064030132,2.0137786696502613,1.0,2023-12,Q4 2023
Cortland at the Battery Atlanta,2023-12-20,2.2511925759669236,0.8907721280602636,2.0052996015675233,1.0,2023-12,Q4 2023
Cortland at the Battery Atlanta,2023-12-21,2.2511925759669236,0.8907721280602636,2.0052996015675233,1.0,2023-12,Q4 2023
Cortland at the Battery Atlanta,2023-12-22,2.2516758352759134,0.8907721280602636,2.005730075490597,1.0,2023-12,Q4 2023
Cortland at the Battery Atlanta,2023-12-23,2.2462056402966284,0.8907721280602636,2.0008573782679946,1.0,2023-12,Q4 2023
Cortland at the Battery Atlanta,2023-12-24,2.2462056402966284,0.8926553672316384,2.0050875207167644,1.0,2023-12,Q4 2023
Cortland at the Battery Atlanta,2023-12-25,2.2462056402966284,0.8926553672316384,2.0050875207167644,1.0,2023-12,Q4 2023
Cortland at the Battery Atlanta,2023-12-26,2.2462056402966284,0.8926553672316384,2.0050875207167644,1.0,2023-12,Q4 2023
Cortland at the Battery Atlanta,2023-12-27,2.2423031640732733,0.8888888888888888,1.9931583680651317,1.0,2023-12,Q4 2023
Cortland at the Battery Atlanta,2023-12-28,2.2423031640732733,0.8926553672316384,2.0016039543704927,1.0,2023-12,Q4 2023
Cortland at the Battery Atlanta,2023-12-29,2.2375650663959457,0.8926553672316384,1.9973744660483583,1.0,2023-12,Q4 2023
Cortland at the Battery Atlanta,2023-12-30,2.2373082885879185,0.8945386064030132,2.001358638567347,1.0,2023-12,Q4 2023
Cortland at the Battery Atlanta,2023-12-31,2.2373082885879185,0.8983050847457628,2.0097854117823677,1.0,2023-12,Q4 2023
Cortland at the Battery Atlanta,2024-01-01,2.2349178690706366,0.8983050847457628,2.0076380857753175,1.0,2024-01,Q1 2024
Cortland at the Battery Atlanta,2024-01-02,2.2349178690706366,0.9001883239171374,2.0118469706511566,1.0,2024-01,Q1 2024
Cortland at the Battery Atlanta,2024-01-03,2.2349178690706366,0.8983050847457628,2.0076380857753175,1.0,2024-01,Q1 2024
Cortland at the Battery Atlanta,2024-01-04,2.2349178690706366,0.8983050847457628,2.0076380857753175,1.0,2024-01,Q1 2024
Cortland at the Battery Atlanta,2024-01-05,2.2349178690706366,0.8983050847457628,2.0076380857753175,1.0,2024-01,Q1 2024
Cortland at the Battery Atlanta,2024-01-06,2.2348597125297425,0.896421845574388,2.003377068105758,1.0,2024-01,Q1 2024
Cortland at the Battery Atlanta,2024-01-07,2.2341232345595,0.9001883239171374,2.0111316499424503,1.0,2024-01,Q1 2024
Cortland at the Battery Atlanta,2024-01-08,2.2341232345595,0.9058380414312618,2.023753815109453,1.0,2024-01,Q1 2024
Cortland at the Battery Atlanta,2024-01-09,2.2335524484735374,0.9058380414312618,2.023236775359268,1.0,2024-01,Q1 2024
Cortland at the Battery Atlanta,2024-01-10,2.229051045590659,0.9077212806026366,2.023357069632199,1.0,2024-01,Q1 2024
Cortland at the Battery Atlanta,2024-01-11,2.2285234316388953,0.9133709981167608,2.0354686710826067,1.0,2024-01,Q1 2024
Cortland at the Battery Atlanta,2024-01-12,2.2285234316388953,0.9133709981167608,2.0354686710826067,1.0,2024-01,Q1 2024
Cortland at the Battery Atlanta,2024-01-13,2.225396629125826,0.911487758945386,2.0284217862465157,1.0,2024-01,Q1 2024
Cortland at the Battery Atlanta,2024-01-14,2.225396629125826,0.9152542372881356,2.0368036944541457,1.0,2024-01,Q1 2024
Cortland at the Battery Atlanta,2024-01-15,2.221977023764839,0.9133709981167608,2.0294893719886002,1.0,2024-01,Q1 2024
Cortland at the Battery Atlanta,2024-01-16,2.221977023764839,0.9171374764595104,2.037858400326698,1.0,2024-01,Q1 2024
Cortland at the Battery Atlanta,2024-01-17,2.2156788733059996,0.9171374764595104,2.0320821305085155,1.0,2024-01,Q1 2024
Cortland at the Battery Atlanta,2024-01-18,2.2156788733059996,0.9190207156308852,2.036254783753913,1.0,2024-01,Q1 2024
Cortland at the Battery Atlanta,2024-01-19,2.2808422035902187,0.9133709981167608,2.08325512004003,1.0,2024-01,Q1 2024
Cortland at the Battery Atlanta,2024-01-20,2.2808422035902187,0.9190207156308852,2.096141234184608,1.0,2024-01,Q1 2024
Cortland at the Battery Atlanta,2024-01-21,2.282128002403733,0.9171374764595104,2.093025117082143,1.0,2024-01,Q1 2024
Cortland at the Battery Atlanta,2024-01-22,2.282128002403733,0.928436911487759,2.118811874171451,1.0,2024-01,Q1 2024
Cortland at the Battery Atlanta,2024-01-23,2.2853706318489064,0.928436911487759,2.1218224510386268,1.0,2024-01,Q1 2024
Cortland at the Battery Atlanta,2024-01-24,2.2802918746387966,0.9322033898305084,2.125695815341251,1.0,2024-01,Q1 2024
Cortland at the Battery Atlanta,2024-01-25,2.2731645736684434,0.9397363465160076,2.1361753714888008,1.0,2024-01,Q1 2024
Cortland at the Battery Atlanta,2024-01-26,2.2731645736684434,0.9453860640301318,2.1490181091931424,1.0,2024-01,Q1 2024
Cortland at the Battery Atlanta,2024-01-27,2.272975600389297,0.943502824858757,2.1445588998023313,1.0,2024-01,Q1 2024
Cortland at the Battery Atlanta,2024-01-28,2.272975600389297,0.9453860640301318,2.1488394564885636,1.0,2024-01,Q1 2024
Cortland at the Battery Atlanta,2024-01-29,2.272975600389297,0.9453860640301318,2.1488394564885636,1.0,2024-01,Q1 2024
Cortland at the Battery Atlanta,2024-01-30,2.2727889032714,0.935969868173258,2.127261930180576,1.0,2024-01,Q1 2024
Cortland at the Battery Atlanta,2024-01-31,2.2750978214740254,0.9378531073446328,2.1337075613824195,1.0,2024-01,Q1 2024
Cortland at the Battery Atlanta,2024-02-01,2.2526292287270198,0.9340866290018832,2.104150842652734,1.0,2024-02,Q1 2024
Cortland at the Battery Atlanta,2024-02-02,2.2468386654526857,0.9416195856873824,2.115667293269949,1.0,2024-02,Q1 2024
Cortland at the Battery Atlanta,2024-02-03,2.243733707223736,0.943502824858757,2.1169690909964065,1.0,2024-02,Q1 2024
Cortland at the Battery Atlanta,2024-02-04,2.243733707223736,0.9453860640301318,2.1211945782039843,1.0,2024-02,Q1 2024
Cortland at the Battery Atlanta,2024-02-05,2.243733707223736,0.9453860640301318,2.1211945782039843,1.0,2024-02,Q1 2024
Cortland at the Battery Atlanta,2024-02-06,2.2465054251815624,0.9453860640301318,2.123814921734735,1.0,2024-02,Q1 2024
Cortland at the Battery Atlanta,2024-02-07,2.2470046917016866,0.9453860640301318,2.1242869213450972,1.0,2024-02,Q1 2024
Cortland at the Battery Atlanta,2024-02-08,2.24490540143468,0.9453860640301318,2.122302281582315,1.0,2024-02,Q1 2024
Cortland at the Battery Atlanta,2024-02-09,2.244987222100734,0.9453860640301318,2.1223796336997522,1.0,2024-02,Q1 2024
Cortland at the Battery Atlanta,2024-02-10,2.2421546632094893,0.9472693032015066,2.1239242854884615,1.0,2024-02,Q1 2024
Cortland at the Battery Atlanta,2024-02-11,2.2461614987133083,0.9472693032015066,2.1277198377642073,1.0,2024-02,Q1 2024
Cortland at the Battery Atlanta,2024-02-12,2.258006934678939,0.9001883239171374,2.0326314779219072,1.0,2024-02,Q1 2024
Cortland at the Battery Atlanta,2024-02-13,2.2542679347032486,0.9453860640301318,2.1311534900584386,1.0,2024-02,Q1 2024
Cortland at the Battery Atlanta,2024-02-14,2.256552967764903,0.9472693032015066,2.1375633574119512,1.0,2024-02,Q1 2024
Cortland at the Battery Atlanta,2024-02-15,2.2586477869976114,0.943502824858757,2.1310405673932267,1.0,2024-02,Q1 2024
Cortland at the Battery Atlanta,2024-02-16,2.259891842029315,0.9472693032015066,2.140726170509878,1.0,2024-02,Q1 2024
Cortland at the Battery Atlanta,2024-02-17,2.2634018377992517,0.9453860640301318,2.1397885547556013,1.0,2024-02,Q1 2024
Cortland at the Battery Atlanta,2024-02-18,2.2634018377992517,0.9472693032015066,2.1440510817571066,1.0,2024-02,Q1 2024
Cortland at the Battery Atlanta,2024-02-19,2.2634018377992517,0.9472693032015066,2.1440510817571066,1.0,2024-02,Q1 2024
Cortland at the Battery Atlanta,2024-02-20,2.2662323987764723,0.9453860640301318,2.1424645276568532,1.0,2024-02,Q1 2024
Cortland at the Battery Atlanta,2024-02-21,2.267059766596694,0.9472693032015066,2.1475161254202204,1.0,2024-02,Q1 2024
Cortland at the Battery Atlanta,2024-02-22,2.267059766596694,0.9491525423728814,2.151785541176523,1.0,2024-02,Q1 2024
Cortland at the Battery Atlanta,2024-02-23,2.268527355639979,0.9491525423728814,2.1531785070481155,1.0,2024-02,Q1 2024
Cortland at the Battery Atlanta,2024-02-24,2.271711150642612,0.9529190207156308,2.1647567650191366,1.0,2024-02,Q1 2024
Cortland at the Battery Atlanta,2024-02-25,2.272348904630752,0.9548022598870056,2.169643869393204,1.0,2024-02,Q1 2024
Cortland at the Battery Atlanta,2024-02-26,2.272348904630752,0.9566854990583804,2.173923245861435,1.0,2024-02,Q1 2024
Cortland at the Battery Atlanta,2024-02-27,2.272348904630752,0.9510357815442562,2.161085116456742,1.0,2024-02,Q1 2024
Cortland at the Battery Atlanta,2024-02-28,2.272348904630752,0.9453860640301318,2.148246987052048,1.0,2024-02,Q1 2024
Cortland at the Battery Atlanta,2024-02-29,2.2736929853676786,0.9416195856873824,2.140953846862221,1.0,2024-02,Q1 2024
Cortland at the Battery Atlanta,2024-03-01,2.2761566668569295,0.9416195856873824,2.143273697605395,1.0,2024-03,Q1 2024
Cortland at the Battery Atlanta,2024-03-02,2.2761566668569295,0.943502824858757,2.147560245000606,1.0,2024-03,Q1 2024
Cortland at the Battery Atlanta,2024-03-03,2.2761566668569295,0.9416195856873824,2.143273697605395,1.0,2024-03,Q1 2024
Cortland at the Battery Atlanta,2024-03-04,2.2785689781111285,0.9378531073446328,2.1369629964206065,1.0,2024-03,Q1 2024
Cortland at the Battery Atlanta,2024-03-05,2.2785689781111285,0.9378531073446328,2.1369629964206065,1.0,2024-03,Q1 2024
Cortland at the Battery Atlanta,2024-03-06,2.277497299373472,0.9378531073446328,2.13595791918642,1.0,2024-03,Q1 2024
Cortland at the Battery Atlanta,2024-03-07,2.277497299373472,0.935969868173258,2.1316688470595397,1.0,2024-03,Q1 2024
Cortland at the Battery Atlanta,2024-03-08,2.279285827691228,0.9322033898305084,2.1247579749663985,1.0,2024-03,Q1 2024
Cortland at the Battery Atlanta,2024-03-09,2.2830286637383517,0.9378531073446328,2.1411455264438777,1.0,2024-03,Q1 2024
Cortland at the Battery Atlanta,2024-03-10,2.283582446679461,0.943502824858757,2.154566489239943,1.0,2024-03,Q1 2024
Cortland at the Battery Atlanta,2024-03-11,2.283582446679461,0.9453860640301318,2.158867021154594,1.0,2024-03,Q1 2024
Cortland at the Battery Atlanta,2024-03-12,2.283582446679461,0.9453860640301318,2.158867021154594,1.0,2024-03,Q1 2024
Cortland at the Battery Atlanta,2024-03-13,2.283582446679461,0.943502824858757,2.154566489239943,1.0,2024-03,Q1 2024
Cortland at the Battery Atlanta,2024-03-14,2.285873506333122,0.943502824858757,2.1567281104950924,1.0,2024-03,Q1 2024
Cortland at the Battery Atlanta,2024-03-15,2.2927070408357593,0.943502824858757,2.1631755696021004,1.0,2024-03,Q1 2024
Cortland at the Battery Atlanta,2024-03-16,2.2927070408357593,0.9453860640301318,2.167493285309889,1.0,2024-03,Q1 2024
Cortland at the Battery Atlanta,2024-03-17,2.2927070408357593,0.943502824858757,2.1631755696021004,1.0,2024-03,Q1 2024
Cortland at the Battery Atlanta,2024-03-18,2.2939223902600867,0.943502824858757,2.1643222552171437,1.0,2024-03,Q1 2024
Cortland at the Battery Atlanta,2024-03-19,2.2939223902600867,0.9453860640301318,2.1686422597185753,1.0,2024-03,Q1 2024
Cortland at the Battery Atlanta,2024-03-20,2.2939223902600867,0.9453860640301318,2.1686422597185753,1.0,2024-03,Q1 2024
Cortland at the Battery Atlanta,2024-03-21,2.2974171617703076,0.943502824858757,2.1676195820092734,1.0,2024-03,Q1 2024
Cortland at the Battery Atlanta,2024-03-22,2.3010577309985227,0.9453860640301318,2.1753879114147994,1.0,2024-03,Q1 2024
Cortland at the Battery Atlanta,2024-03-23,2.3010577309985227,0.9472693032015066,2.1797213534694104,1.0,2024-03,Q1 2024
Cortland at the Battery Atlanta,2024-03-24,2.3481917444035867,0.9472693032015066,2.2243699575047158,1.0,2024-03,Q1 2024
Cortland at the Battery Atlanta,2024-03-25,2.3481917444035867,0.9472693032015066,2.2243699575047158,1.0,2024-03,Q1 2024
Cortland at the Battery Atlanta,2024-03-26,2.34912390515384,0.9472693032015066,2.22525296476908,1.0,2024-03,Q1 2024
Cortland at the Battery Atlanta,2024-03-27,2.34912390515384,0.9472693032015066,2.22525296476908,1.0,2024-03,Q1 2024
Cortland at the Battery Atlanta,2024-03-28,2.34912390515384,0.9416195856873824,2.2119810782992846,1.0,2024-03,Q1 2024
Cortland at the Battery Atlanta,2024-03-29,2.34912390515384,0.9397363465160076,2.2075571161426857,1.0,2024-03,Q1 2024
Cortland at the Battery Atlanta,2024-03-30,2.34912390515384,0.9378531073446328,2.2031331539860872,1.0,2024-03,Q1 2024
Cortland at the Battery Atlanta,2024-03-31,2.34912390515384,0.9378531073446328,2.2031331539860872,1.0,2024-03,Q1 2024
Cortland at the Battery Atlanta,2024-04-01,2.34912390515384,0.9378531073446328,2.2031331539860872,1.0,2024-04,Q2 2024
Cortland at the Battery Atlanta,2024-04-02,2.348418336418884,0.9378531073446328,2.2024714341555636,1.0,2024-04,Q2 2024
Cortland at the Battery Atlanta,2024-04-03,2.348418336418884,0.9416195856873824,2.2113167009594012,1.0,2024-04,Q2 2024
Cortland at the Battery Atlanta,2024-04-04,2.348418336418884,0.9397363465160076,2.2068940675574824,1.0,2024-04,Q2 2024
Cortland at the Battery Atlanta,2024-04-05,2.350043277928028,0.9397363465160076,2.2084210841545877,1.0,2024-04,Q2 2024
Cortland at the Battery Atlanta,2024-04-06,2.352673346939063,0.9416195856873824,2.2153233022025076,1.0,2024-04,Q2 2024
Cortland at the Battery Atlanta,2024-04-07,2.352673346939063,0.943502824858757,2.2197539488069125,1.0,2024-04,Q2 2024
Cortland at the Battery Atlanta,2024-04-08,2.352673346939063,0.9397363465160076,2.2108926555981028,1.0,2024-04,Q2 2024
Cortland at the Battery Atlanta,2024-04-09,2.352673346939063,0.9397363465160076,2.2108926555981028,1.0,2024-04,Q2 2024
Cortland at the Battery Atlanta,2024-04-10,2.352673346939063,0.9397363465160076,2.2108926555981028,1.0,2024-04,Q2 2024
Cortland at the Battery Atlanta,2024-04-11,2.352673346939063,0.9378531073446328,2.2064620089936975,1.0,2024-04,Q2 2024
Cortland at the Battery Atlanta,2024-04-12,2.352673346939063,0.9378531073446328,2.2064620089936975,1.0,2024-04,Q2 2024
Cortland at the Battery Atlanta,2024-04-13,2.352673346939063,0.9378531073446328,2.2064620089936975,1.0,2024-04,Q2 2024
Cortland at the Battery Atlanta,2024-04-14,2.352673346939063,0.9378531073446328,2.2064620089936975,1.0,2024-04,Q2 2024
Cortland at the Battery Atlanta,2024-04-15,2.352673346939063,0.9378531073446328,2.2064620089936975,1.0,2024-04,Q2 2024
Cortland at the Battery Atlanta,2024-04-16,2.352673346939063,0.9303201506591336,2.1887394225760772,1.0,2024-04,Q2 2024
Cortland at the Battery Atlanta,2024-04-17,2.352673346939063,0.928436911487759,2.1843087759716724,1.0,2024-04,Q2 2024
Cortland at the Battery Atlanta,2024-04-18,2.352673346939063,0.9265536723163842,2.1798781293672675,1.0,2024-04,Q2 2024
Cortland at the Battery Atlanta,2024-04-19,2.352673346939063,0.9265536723163842,2.1798781293672675,1.0,2024-04,Q2 2024
Cortland at the Battery Atlanta,2024-04-20,2.3534826510267894,0.9265536723163842,2.180627993041771,1.0,2024-04,Q2 2024
Cortland at the Battery Atlanta,2024-04-21,2.3534826510267894,0.928436911487759,2.185060163759336,1.0,2024-04,Q2 2024
Cortland at the Battery Atlanta,2024-04-22,2.3534826510267894,0.928436911487759,2.185060163759336,1.0,2024-04,Q2 2024
Cortland at the Battery Atlanta,2024-04-23,2.3534826510267894,0.9265536723163842,2.180627993041771,1.0,2024-04,Q2 2024
Cortland at the Battery Atlanta,2024-04-24,2.354776541223438,0.9265536723163842,2.1818268517550496,1.0,2024-04,Q2 2024
Cortland at the Battery Atlanta,2024-04-25,2.354776541223438,0.928436911487759,2.186261459177316,1.0,2024-04,Q2 2024
Cortland at the Battery Atlanta,2024-04-26,2.355640071385425,0.928436911487759,2.187063192453888,1.0,2024-04,Q2 2024
Cortland at the Battery Atlanta,2024-04-27,2.355376357027774,0.9303201506591336,2.1912540873290403,1.0,2024-04,Q2 2024
Cortland at the Battery Atlanta,2024-04-28,2.355376357027774,0.9322033898305084,2.195689824347925,1.0,2024-04,Q2 2024
Cortland at the Battery Atlanta,2024-04-29,2.355376357027774,0.9322033898305084,2.195689824347925,1.0,2024-04,Q2 2024
Cortland at the Battery Atlanta,2024-04-30,2.3573143618065036,0.9303201506591336,2.193057052226766,1.0,2024-04,Q2 2024
Cortland at the Battery Atlanta,2024-05-01,2.3573143618065036,0.928436911487759,2.1886176654813676,1.0,2024-05,Q2 2024
Cortland at the Battery Atlanta,2024-05-02,2.3580575071766643,0.928436911487759,2.1893076290736264,1.0,2024-05,Q2 2024
Cortland at the Battery Atlanta,2024-05-03,2.3580575071766643,0.9303201506591336,2.1937484153394955,1.0,2024-05,Q2 2024
Cortland at the Battery Atlanta,2024-05-04,2.3580575071766643,0.928436911487759,2.1893076290736264,1.0,2024-05,Q2 2024
Cortland at the Battery Atlanta,2024-05-05,2.360691600358786,0.9265536723163842,2.187307471518875,1.0,2024-05,Q2 2024
Cortland at the Battery Atlanta,2024-05-06,2.360691600358786,0.928436911487759,2.1917532184122064,1.0,2024-05,Q2 2024
Cortland at the Battery Atlanta,2024-05-07,2.3636862088665165,0.928436911487759,2.1945335234862386,1.0,2024-05,Q2 2024
Cortland at the Battery Atlanta,2024-05-08,2.3636862088665165,0.928436911487759,2.1945335234862386,1.0,2024-05,Q2 2024
Cortland at the Battery Atlanta,2024-05-09,2.364555410686879,0.9209039548022598,2.1775284290506285,1.0,2024-05,Q2 2024
Cortland at the Battery Atlanta,2024-05-10,2.364555410686879,0.9171374764595104,2.168622382306045,1.0,2024-05,Q2 2024
Cortland at the Battery Atlanta,2024-05-11,2.364555410686879,0.9152542372881356,2.1641693589337536,1.0,2024-05,Q2 2024
Cortland at the Battery Atlanta,2024-05-12,2.363802033157118,0.9152542372881356,2.1634798269573623,1.0,2024-05,Q2 2024
Cortland at the Battery Atlanta,2024-05-13,2.363802033157118,0.9190207156308852,2.172383036121796,1.0,2024-05,Q2 2024
Cortland at the Battery Atlanta,2024-05-14,2.35951577229121,0.9152542372881356,2.159556808537718,1.0,2024-05,Q2 2024
Cortland at the Battery Atlanta,2024-05-15,2.35951577229121,0.9171374764595104,2.1640003410655733,1.0,2024-05,Q2 2024
Cortland at the Battery Atlanta,2024-05-16,2.35951577229121,0.9152542372881356,2.159556808537718,1.0,2024-05,Q2 2024
Cortland at the Battery Atlanta,2024-05-17,2.3608514505130898,0.9152542372881356,2.1607792936899464,1.0,2024-05,Q2 2024
Cortland at the Battery Atlanta,2024-05-18,2.3581396483997485,0.9190207156308852,2.167179187229901,1.0,2024-05,Q2 2024
Cortland at the Battery Atlanta,2024-05-19,2.359538879915744,0.9190207156308852,2.1684651099790644,1.0,2024-05,Q2 2024
Cortland at the Battery Atlanta,2024-05-20,2.359538879915744,0.9209039548022598,2.172908686024103,1.0,2024-05,Q2 2024
Cortland at the Battery Atlanta,2024-05-21,2.359538879915744,0.9209039548022598,2.172908686024103,1.0,2024-05,Q2 2024
Cortland at the Battery Atlanta,2024-05-22,2.359538879915744,0.9171374764595104,2.164021533934025,1.0,2024-05,Q2 2024
Cortland at the Battery Atlanta,2024-05-23,2.359538879915744,0.9171374764595104,2.164021533934025,1.0,2024-05,Q2 2024
Cortland at the Battery Atlanta,2024-05-24,2.359538879915744,0.9152542372881356,2.159577957888986,1.0,2024-05,Q2 2024
Cortland at the Battery Atlanta,2024-05-25,2.3586165904436793,0.9133709981167608,2.1542919893882946,1.0,2024-05,Q2 2024
Cortland at the Battery Atlanta,2024-05-26,2.3586165904436793,0.9171374764595104,2.1631756676950507,1.0,2024-05,Q2 2024
Cortland at the Battery Atlanta,2024-05-27,2.3586165904436793,0.9171374764595104,2.1631756676950507,1.0,2024-05,Q2 2024
Cortland at the Battery Atlanta,2024-05-28,2.3586165904436793,0.9133709981167608,2.1542919893882946,1.0,2024-05,Q2 2024
Cortland at the Battery Atlanta,2024-05-29,2.3588363853024292,0.9077212806026366,2.1411659843988153,1.0,2024-05,Q2 2024
Cortland at the Battery Atlanta,2024-05-30,2.3588363853024292,0.903954802259887,2.132281478239484,1.0,2024-05,Q2 2024
Cortland at the Battery Atlanta,2024-05-31,2.3588363853024292,0.9020715630885122,2.1278392251598186,1.0,2024-05,Q2 2024
Cortland at the Battery Atlanta,2024-06-01,2.359438128132015,0.9020715630885122,2.1283820402546803,1.0,2024-06,Q2 2024
Cortland at the Battery Atlanta,2024-06-02,2.359438128132015,0.903954802259887,2.1328254265600135,1.0,2024-06,Q2 2024
Cortland at the Battery Atlanta,2024-06-03,2.359438128132015,0.903954802259887,2.1328254265600135,1.0,2024-06,Q2 2024
Cortland at the Battery Atlanta,2024-06-04,2.358053208356895,0.9001883239171374,2.1226919653382215,1.0,2024-06,Q2 2024
Cortland at the Battery Atlanta,2024-06-05,2.358053208356895,0.903954802259887,2.131573521678549,1.0,2024-06,Q2 2024
Cortland at the Battery Atlanta,2024-06-06,2.3581512820278037,0.9001883239171374,2.1227802501116573,1.0,2024-06,Q2 2024
Cortland at the Battery Atlanta,2024-06-07,2.357921346854077,0.9020715630885122,2.127013794996427,1.0,2024-06,Q2 2024
Cortland at the Battery Atlanta,2024-06-08,2.3576979860304688,0.9020715630885122,2.1268123075491423,1.0,2024-06,Q2 2024
Cortland at the Battery Atlanta,2024-06-09,2.354844557139484,0.903954802259887,2.128673046001793,1.0,2024-06,Q2 2024
Cortland at the Battery Atlanta,2024-06-10,2.354844557139484,0.903954802259887,2.128673046001793,1.0,2024-06,Q2 2024
Cortland at the Battery Atlanta,2024-06-11,2.355103686957875,0.8983050847457628,2.1156016170977523,1.0,2024-06,Q2 2024
Cortland at the Battery Atlanta,2024-06-12,2.355103686957875,0.9001883239171374,2.1200368406136803,1.0,2024-06,Q2 2024
Cortland at the Battery Atlanta,2024-06-13,2.3540792674704716,0.9001883239171374,2.1191146701523267,1.0,2024-06,Q2 2024
Cortland at the Battery Atlanta,2024-06-14,2.3540792674704716,0.9001883239171374,2.1191146701523267,1.0,2024-06,Q2 2024
Cortland at the Battery Atlanta,2024-06-15,2.355423496603527,0.9001883239171374,2.1203247295225722,1.0,2024-06,Q2 2024
Cortland at the Battery Atlanta,2024-06-16,2.355423496603527,0.9020715630885122,2.1247605553165525,1.0,2024-06,Q2 2024
Cortland at the Battery Atlanta,2024-06-17,2.355423496603527,0.9020715630885122,2.1247605553165525,1.0,2024-06,Q2 2024
Cortland at the Battery Atlanta,2024-06-18,2.355423496603527,0.8983050847457628,2.115888903728592,1.0,2024-06,Q2 2024
Cortland at the Battery Atlanta,2024-06-19,2.355423496603527,0.896421845574388,2.1114530779346117,1.0,2024-06,Q2 2024
Cortland at the Battery Atlanta,2024-06-20,2.3555291585592593,0.8945386064030132,2.107111770839262,1.0,2024-06,Q2 2024
Cortland at the Battery Atlanta,2024-06-21,2.3555291585592593,0.8907721280602636,2.0982397212778334,1.0,2024-06,Q2 2024
Cortland at the Battery Atlanta,2024-06-22,2.3570914348269993,0.8888888888888888,2.0951923865128883,1.0,2024-06,Q2 2024
Cortland at the Battery Atlanta,2024-06-23,2.3570914348269993,0.8926553672316384,2.1040703203540447,1.0,2024-06,Q2 2024
Cortland at the Battery Atlanta,2024-06-24,2.3595618239242255,0.8907721280602636,2.1018319071867393,1.0,2024-06,Q2 2024
Cortland at the Battery Atlanta,2024-06-25,2.3595618239242255,0.8926553672316384,2.106275526440834,1.0,2024-06,Q2 2024
Cortland at the Battery Atlanta,2024-06-26,2.3600906756054467,0.8926553672316384,2.1067476087325456,1.0,2024-06,Q2 2024
Cortland at the Battery Atlanta,2024-06-27,2.3600906756054467,0.8926553672316384,2.1067476087325456,1.0,2024-06,Q2 2024
Cortland at the Battery Atlanta,2024-06-28,2.3600906756054467,0.8926553672316384,2.1067476087325456,1.0,2024-06,Q2 2024
Cortland at the Battery Atlanta,2024-06-29,2.361860830498367,0.8926553672316384,2.108327746998542,1.0,2024-06,Q2 2024
Cortland at the Battery Atlanta,2024-06-30,2.361860830498367,0.896421845574388,2.117223644665203,1.0,2024-06,Q2 2024
Cortland at the Battery Atlanta,2024-07-01,2.3631706605936538,0.8945386064030132,2.113947389419935,1.0,2024-07,Q3 2024
Cortland at the Battery Atlanta,2024-07-02,2.364056739392914,0.896421845574388,2.1191921053691662,1.0,2024-07,Q3 2024
Cortland at the Battery Atlanta,2024-07-03,2.364056739392914,0.8983050847457628,2.123644189624143,1.0,2024-07,Q3 2024
Cortland at the Battery Atlanta,2024-07-04,2.364056739392914,0.8983050847457628,2.123644189624143,1.0,2024-07,Q3 2024
Cortland at the Battery Atlanta,2024-07-05,2.364929938720427,0.896421845574388,2.1199748603218893,1.0,2024-07,Q3 2024
Cortland at the Battery Atlanta,2024-07-06,2.364929938720427,0.8983050847457628,2.1244285890200447,1.0,2024-07,Q3 2024
Cortland at the Battery Atlanta,2024-07-07,2.364929938720427,0.8983050847457628,2.1244285890200447,1.0,2024-07,Q3 2024
Cortland at the Battery Atlanta,2024-07-08,2.3686659278678563,0.8983050847457628,2.1277846470677355,1.0,2024-07,Q3 2024
Cortland at the Battery Atlanta,2024-07-09,2.3686659278678563,0.903954802259887,2.14116694044552,1.0,2024-07,Q3 2024
Cortland at the Battery Atlanta,2024-07-10,2.3693567968291323,0.903954802259887,2.1417914547607975,1.0,2024-07,Q3 2024
Cortland at the Battery Atlanta,2024-07-11,2.3693567968291323,0.9058380414312618,2.146253520291549,1.0,2024-07,Q3 2024
Cortland at the Battery Atlanta,2024-07-12,2.3711348628966586,0.9020715630885122,2.1389333320668538,1.0,2024-07,Q3 2024
Cortland at the Battery Atlanta,2024-07-13,2.3711348628966586,0.903954802259887,2.143398746121273,1.0,2024-07,Q3 2024
Cortland at the Battery Atlanta,2024-07-14,2.3711348628966586,0.903954802259887,2.143398746121273,1.0,2024-07,Q3 2024
Cortland at the Battery Atlanta,2024-07-15,2.3710626801884596,0.9001883239171374,2.134402939981325,1.0,2024-07,Q3 2024
Cortland at the Battery Atlanta,2024-07-16,2.370806504635851,0.8945386064030132,2.1207779467081527,1.0,2024-07,Q3 2024
Cortland at the Battery Atlanta,2024-07-17,2.3706594208888028,0.8907721280602636,2.111717337251231,1.0,2024-07,Q3 2024
Cortland at the Battery Atlanta,2024-07-18,2.3712276103921592,0.8926553672316384,2.1166890533444134,1.0,2024-07,Q3 2024
Cortland at the Battery Atlanta,2024-07-19,2.3712276103921592,0.8945386064030132,2.1211546420645493,1.0,2024-07,Q3 2024
Cortland at the Battery Atlanta,2024-07-20,2.3711750039507757,0.8945386064030132,2.1211075835717863,1.0,2024-07,Q3 2024
Cortland at the Battery Atlanta,2024-07-21,2.3711750039507757,0.896421845574388,2.125573073221411,1.0,2024-07,Q3 2024
Cortland at the Battery Atlanta,2024-07-22,2.3707229160400103,0.896421845574388,2.125167811742081,1.0,2024-07,Q3 2024
Cortland at the Battery Atlanta,2024-07-23,2.3707229160400103,0.8926553672316384,2.116238535222156,1.0,2024-07,Q3 2024
Cortland at the Battery Atlanta,2024-07-24,2.3707229160400103,0.8870056497175142,2.1028446204422693,1.0,2024-07,Q3 2024
Cortland at the Battery Atlanta,2024-07-25,2.3707229160400103,0.8851224105461394,2.0983799821823066,1.0,2024-07,Q3 2024
Cortland at the Battery Atlanta,2024-07-26,2.372121206132599,0.8832391713747646,2.0951503685050636,1.0,2024-07,Q3 2024
Cortland at the Battery Atlanta,2024-07-27,2.372121206132599,0.8851224105461394,2.0996176400797015,1.0,2024-07,Q3 2024
Cortland at the Battery Atlanta,2024-07-28,2.372121206132599,0.8851224105461394,2.0996176400797015,1.0,2024-07,Q3 2024
Cortland at the Battery Atlanta,2024-07-29,2.373387422261478,0.8832391713747646,2.096268740189516,1.0,2024-07,Q3 2024
Cortland at the Battery Atlanta,2024-07-30,2.373387422261478,0.8832391713747646,2.096268740189516,1.0,2024-07,Q3 2024
Cortland at the Battery Atlanta,2024-07-31,2.373886439546391,0.879472693032015,2.087768299940046,1.0,2024-07,Q3 2024
Cortland at the Battery Atlanta,2024-08-01,2.3749789146944367,0.8813559322033898,2.09320175532391,1.0,2024-08,Q3 2024
Cortland at the Battery Atlanta,2024-08-02,2.3749789146944367,0.8832391713747646,2.097674408647252,1.0,2024-08,Q3 2024
Cortland at the Battery Atlanta,2024-08-03,2.3763286115110813,0.8813559322033898,2.094391318619936,1.0,2024-08,Q3 2024
Cortland at the Battery Atlanta,2024-08-04,2.3763286115110813,0.8832391713747646,2.0988665137451923,1.0,2024-08,Q3 2024
Cortland at the Battery Atlanta,2024-08-05,2.3769605095969553,0.8832391713747646,2.099424630886953,1.0,2024-08,Q3 2024
Cortland at the Battery Atlanta,2024-08-06,2.3769605095969553,0.8851224105461394,2.1039010160274367,1.0,2024-08,Q3 2024
Cortland at the Battery Atlanta,2024-08-07,2.378035658746198,0.8832391713747646,2.1003742447306344,1.0,2024-08,Q3 2024
Cortland at the Battery Atlanta,2024-08-08,2.376755061365748,0.879472693032015,2.090291174496807,1.0,2024-08,Q3 2024
Cortland at the Battery Atlanta,2024-08-09,2.377379766003078,0.879472693032015,2.090840585166549,1.0,2024-08,Q3 2024
Cortland at the Battery Atlanta,2024-08-10,2.377379766003078,0.8813559322033898,2.0953177598671195,1.0,2024-08,Q3 2024
Cortland at the Battery Atlanta,2024-08-11,2.377379766003078,0.8813559322033898,2.0953177598671195,1.0,2024-08,Q3 2024
Cortland at the Battery Atlanta,2024-08-12,2.3778346233164247,0.879472693032015,2.0912406197528632,1.0,2024-08,Q3 2024
Cortland at the Battery Atlanta,2024-08-13,2.3778346233164247,0.8813559322033898,2.0957186510585437,1.0,2024-08,Q3 2024
Cortland at the Battery Atlanta,2024-08-14,2.3782544055243786,0.8813559322033898,2.0960886285977574,1.0,2024-08,Q3 2024
Cortland at the Battery Atlanta,2024-08-15,2.3782544055243786,0.8832391713747646,2.1005674504537355,1.0,2024-08,Q3 2024
Cortland at the Battery Atlanta,2024-08-16,2.3782544055243786,0.8832391713747646,2.1005674504537355,1.0,2024-08,Q3 2024
Cortland at the Battery Atlanta,2024-08-17,2.3786247802980967,0.8832391713747646,2.1008945799619725,1.0,2024-08,Q3 2024
Cortland at the Battery Atlanta,2024-08-18,2.3786247802980967,0.8851224105461394,2.1053740993222325,1.0,2024-08,Q3 2024
Cortland at the Battery Atlanta,2024-08-19,2.3786247802980967,0.8851224105461394,2.1053740993222325,1.0,2024-08,Q3 2024
Cortland at the Battery Atlanta,2024-08-20,2.3786247802980967,0.8832391713747646,2.1008945799619725,1.0,2024-08,Q3 2024
Cortland at the Battery Atlanta,2024-08-21,2.379847257076208,0.8662900188323917,2.061637925150764,1.0,2024-08,Q3 2024
Cortland at the Battery Atlanta,2024-08-22,2.379952961821602,0.8662900188323917,2.061729496116642,1.0,2024-08,Q3 2024
Cortland at the Battery Atlanta,2024-08-23,2.381322937844912,0.8681732580037664,2.0674008933079175,1.0,2024-08,Q3 2024
Cortland at the Battery Atlanta,2024-08-24,2.3800742259879124,0.8700564971751412,2.0707990440798785,1.0,2024-08,Q3 2024
Cortland at the Battery Atlanta,2024-08-25,2.3800742259879124,0.871939736346516,2.0752812930930387,1.0,2024-08,Q3 2024
Cortland at the Battery Atlanta,2024-08-26,2.3800742259879124,0.8700564971751412,2.0707990440798785,1.0,2024-08,Q3 2024
Cortland at the Battery Atlanta,2024-08-27,2.3800742259879124,0.8681732580037664,2.0663167950667187,1.0,2024-08,Q3 2024
Cortland at the Battery Atlanta,2024-08-28,2.3800742259879124,0.8681732580037664,2.0663167950667187,1.0,2024-08,Q3 2024
Cortland at the Battery Atlanta,2024-08-29,2.3800742259879124,0.8662900188323917,2.0618345460535585,1.0,2024-08,Q3 2024
Cortland at the Battery Atlanta,2024-08-30,2.3800742259879124,0.8587570621468926,2.043905550000919,1.0,2024-08,Q3 2024
Cortland at the Battery Atlanta,2024-08-31,2.3800742259879124,0.8587570621468926,2.043905550000919,1.0,2024-08,Q3 2024
Cortland at the Battery Atlanta,2024-09-01,2.3800742259879124,0.8587570621468926,2.043905550000919,1.0,2024-09,Q3 2024
Cortland at the Battery Atlanta,2024-09-02,2.3800742259879124,0.8587570621468926,2.043905550000919,1.0,2024-09,Q3 2024
Cortland at the Battery Atlanta,2024-09-03,2.3803294560658985,0.8587570621468926,2.044124730632862,1.0,2024-09,Q3 2024
Cortland at the Battery Atlanta,2024-09-04,2.380979760021798,0.8606403013182674,2.049167138097856,1.0,2024-09,Q3 2024
Cortland at the Battery Atlanta,2024-09-05,2.380979760021798,0.8625235404896422,2.0536510924481797,1.0,2024-09,Q3 2024
Cortland at the Battery Atlanta,2024-09-06,2.380979760021798,0.8625235404896422,2.0536510924481797,1.0,2024-09,Q3 2024
Cortland at the Battery Atlanta,2024-09-07,2.380979760021798,0.8625235404896422,2.0536510924481797,1.0,2024-09,Q3 2024
Cortland at the Battery Atlanta,2024-09-08,2.3811439871318654,0.8625235404896422,2.0537927421965994,1.0,2024-09,Q3 2024
Cortland at the Battery Atlanta,2024-09-09,2.3811439871318654,0.8606403013182674,2.049308478567349,1.0,2024-09,Q3 2024
Cortland at the Battery Atlanta,2024-09-10,2.3811439871318654,0.8587570621468926,2.044824214938099,1.0,2024-09,Q3 2024
Cortland at the Battery Atlanta,2024-09-11,2.3798381133331965,0.8587570621468926,2.0437027865912194,1.0,2024-09,Q3 2024
Cortland at the Battery Atlanta,2024-09-12,2.3798381133331965,0.8662900188323917,2.061630004017458,1.0,2024-09,Q3 2024
Cortland at the Battery Atlanta,2024-09-13,2.3756972828764793,0.8662900188323917,2.058042843923127,1.0,2024-09,Q3 2024
Cortland at the Battery Atlanta,2024-09-14,2.3749119505353113,0.8700564971751412,2.066307572782135,1.0,2024-09,Q3 2024
Cortland at the Battery Atlanta,2024-09-15,2.3749119505353113,0.8738229755178908,2.0752526272097636,1.0,2024-09,Q3 2024
Cortland at the Battery Atlanta,2024-09-16,2.373889664790858,0.8738229755178908,2.074359330438716,1.0,2024-09,Q3 2024
Cortland at the Battery Atlanta,2024-09-17,2.371975257548078,0.871939736346516,2.0682194806869303,1.0,2024-09,Q3 2024
Cortland at the Battery Atlanta,2024-09-18,2.371975257548078,0.871939736346516,2.0682194806869303,1.0,2024-09,Q3 2024
Cortland at the Battery Atlanta,2024-09-19,2.3712962831735678,0.871939736346516,2.067627455949834,1.0,2024-09,Q3 2024
Cortland at the Battery Atlanta,2024-09-20,2.3712962831735678,0.8738229755178908,2.072093173997242,1.0,2024-09,Q3 2024
Cortland at the Battery Atlanta,2024-09-21,2.3712962831735678,0.8738229755178908,2.072093173997242,1.0,2024-09,Q3 2024
Cortland at the Battery Atlanta,2024-09-22,2.3712962831735678,0.8738229755178908,2.072093173997242,1.0,2024-09,Q3 2024
Cortland at the Battery Atlanta,2024-09-23,2.3712962831735678,0.871939736346516,2.067627455949834,1.0,2024-09,Q3 2024
Cortland at the Battery Atlanta,2024-09-24,2.372134930528321,0.871939736346516,2.068358705903225,1.0,2024-09,Q3 2024
Cortland at the Battery Atlanta,2024-09-25,2.369416693969803,0.8738229755178908,2.070450745766457,1.0,2024-09,Q3 2024
Cortland at the Battery Atlanta,2024-09-26,2.369416693969803,0.8757062146892656,2.07491292409785,1.0,2024-09,Q3 2024
Cortland at the Battery Atlanta,2024-09-27,2.369836291452723,0.8757062146892656,2.0752803682213115,1.0,2024-09,Q3 2024
Cortland at the Battery Atlanta,2024-09-28,2.36937614359157,0.8775894538606404,2.079339515844956,1.0,2024-09,Q3 2024
Cortland at the Battery Atlanta,2024-09-29,2.3692833003552067,0.8775894538606404,2.0792580375998613,1.0,2024-09,Q3 2024
Cortland at the Battery Atlanta,2024-09-30,2.3692833003552067,0.8775894538606404,2.0792580375998613,1.0,2024-09,Q3 2024
Cortland at the Battery Atlanta,2024-10-01,2.370393234966976,0.8775894538606404,2.080232104509625,1.0,2024-10,Q4 2024
Cortland at the Battery Atlanta,2024-10-02,2.370393234966976,0.879472693032015,2.0846961219012763,1.0,2024-10,Q4 2024
Cortland at the Battery Atlanta,2024-10-03,2.370393234966976,0.879472693032015,2.0846961219012763,1.0,2024-10,Q4 2024
Cortland at the Battery Atlanta,2024-10-04,2.370393234966976,0.879472693032015,2.0846961219012763,1.0,2024-10,Q4 2024
Cortland at the Battery Atlanta,2024-10-05,2.369600098821785,0.8757062146892656,2.075073532866535,1.0,2024-10,Q4 2024
Cortland at the Battery Atlanta,2024-10-06,2.3697959305943366,0.8775894538606404,2.0797079164914516,1.0,2024-10,Q4 2024
Cortland at the Battery Atlanta,2024-10-07,2.367640607085854,0.879472693032015,2.0822752608457513,1.0,2024-10,Q4 2024
Cortland at the Battery Atlanta,2024-10-08,2.368491376653066,0.879472693032015,2.083023489448177,1.0,2024-10,Q4 2024
Cortland at the Battery Atlanta,2024-10-09,2.3680046548261915,0.8813559322033898,2.0870549500163045,1.0,2024-10,Q4 2024
Cortland at the Battery Atlanta,2024-10-10,2.3679208292921468,0.8813559322033898,2.086981069884604,1.0,2024-10,Q4 2024
Cortland at the Battery Atlanta,2024-10-11,2.3679208292921468,0.8813559322033898,2.086981069884604,1.0,2024-10,Q4 2024
Cortland at the Battery Atlanta,2024-10-12,2.3669805705364326,0.8775894538606404,2.077237186195815,1.0,2024-10,Q4 2024
Cortland at the Battery Atlanta,2024-10-13,2.3651782001911466,0.879472693032015,2.0801096412227222,1.0,2024-10,Q4 2024
Cortland at the Battery Atlanta,2024-10-14,2.3651467673414164,0.8775894538606404,2.0756278598514126,1.0,2024-10,Q4 2024
Cortland at the Battery Atlanta,2024-10-15,2.364835400698026,0.879472693032015,2.0798081584293375,1.0,2024-10,Q4 2024
Cortland at the Battery Atlanta,2024-10-16,2.364750785184771,0.879472693032015,2.0797337413960224,1.0,2024-10,Q4 2024
Cortland at the Battery Atlanta,2024-10-17,2.364750785184771,0.879472693032015,2.0797337413960224,1.0,2024-10,Q4 2024
Cortland at the Battery Atlanta,2024-10-18,2.365063855611158,0.8775894538606404,2.0755550973913364,1.0,2024-10,Q4 2024
Cortland at the Battery Atlanta,2024-10-19,2.365063855611158,0.879472693032015,2.0800090782870257,1.0,2024-10,Q4 2024
Cortland at the Battery Atlanta,2024-10-20,2.365063855611158,0.879472693032015,2.0800090782870257,1.0,2024-10,Q4 2024
Cortland at the Battery Atlanta,2024-10-21,2.365063855611158,0.879472693032015,2.0800090782870257,1.0,2024-10,Q4 2024
Cortland at the Battery Atlanta,2024-10-22,2.365063855611158,0.879472693032015,2.0800090782870257,1.0,2024-10,Q4 2024
Cortland at the Battery Atlanta,2024-10-23,2.3649618009451103,0.8775894538606404,2.075465535292696,1.0,2024-10,Q4 2024
Cortland at the Battery Atlanta,2024-10-24,2.3649618009451103,0.8700564971751412,2.057650380483316,1.0,2024-10,Q4 2024
Cortland at the Battery Atlanta,2024-10-25,2.3649618009451103,0.8700564971751412,2.057650380483316,1.0,2024-10,Q4 2024
Cortland at the Battery Atlanta,2024-10-26,2.3626160094229025,0.8700564971751412,2.055609409328401,1.0,2024-10,Q4 2024
Cortland at the Battery Atlanta,2024-10-27,2.360714302312615,0.871939736346516,2.058400606347911,1.0,2024-10,Q4 2024
Cortland at the Battery Atlanta,2024-10-28,2.360654528951584,0.8775894538606404,2.0716855188162677,1.0,2024-10,Q4 2024
Cortland at the Battery Atlanta,2024-10-29,2.358504859309104,0.8832391713747646,2.0831238776195287,1.0,2024-10,Q4 2024
Cortland at the Battery Atlanta,2024-10-30,2.358504859309104,0.8851224105461394,2.0875655063564573,1.0,2024-10,Q4 2024
Cortland at the Battery Atlanta,2024-10-31,2.358504859309104,0.8832391713747646,2.0831238776195287,1.0,2024-10,Q4 2024
Cortland at the Battery Atlanta,2024-11-01,2.35865469857605,0.8813559322033898,2.0788143106094,1.0,2024-11,Q4 2024
Cortland at the Battery Atlanta,2024-11-02,2.3590574364486683,0.8851224105461394,2.088054604766241,1.0,2024-11,Q4 2024
Cortland at the Battery Atlanta,2024-11-03,2.3590574364486683,0.8870056497175142,2.0924972741380845,1.0,2024-11,Q4 2024
Cortland at the Battery Atlanta,2024-11-04,2.357318766595157,0.8851224105461394,2.0865156691143576,1.0,2024-11,Q4 2024
Cortland at the Battery Atlanta,2024-11-05,2.357318766595157,0.8775894538606404,2.068758088951682,1.0,2024-11,Q4 2024
Cortland at the Battery Atlanta,2024-11-06,2.357318766595157,0.8775894538606404,2.068758088951682,1.0,2024-11,Q4 2024
Cortland at the Battery Atlanta,2024-11-07,2.3572696493157497,0.8775894538606404,2.068714984145272,1.0,2024-11,Q4 2024
Cortland at the Battery Atlanta,2024-11-08,2.352770106457226,0.8775894538606404,2.0647662327854377,1.0,2024-11,Q4 2024
Cortland at the Battery Atlanta,2024-11-09,2.352770106457226,0.8870056497175142,2.086920376914037,1.0,2024-11,Q4 2024
Cortland at the Battery Atlanta,2024-11-10,2.353172584695434,0.8870056497175142,2.087277377385216,1.0,2024-11,Q4 2024
Cortland at the Battery Atlanta,2024-11-11,2.3523172601384785,0.8888888888888888,2.0909486756786473,1.0,2024-11,Q4 2024
Cortland at the Battery Atlanta,2024-11-12,2.3513349112483826,0.8851224105461394,2.0812192246454613,1.0,2024-11,Q4 2024
Cortland at the Battery Atlanta,2024-11-13,2.3510800583574185,0.8870056497175142,2.085421294701213,1.0,2024-11,Q4 2024
Cortland at the Battery Atlanta,2024-11-14,2.350457325778129,0.8851224105461394,2.08044245407857,1.0,2024-11,Q4 2024
Cortland at the Battery Atlanta,2024-11-15,2.3501785218549203,0.8851224105461394,2.0801956784779896,1.0,2024-11,Q4 2024
Cortland at the Battery Atlanta,2024-11-16,2.3501785218549203,0.8851224105461394,2.0801956784779896,1.0,2024-11,Q4 2024
Cortland at the Battery Atlanta,2024-11-17,2.3501785218549203,0.8851224105461394,2.0801956784779896,1.0,2024-11,Q4 2024
Cortland at the Battery Atlanta,2024-11-18,2.3482103084892954,0.8832391713747646,2.0740313270837656,1.0,2024-11,Q4 2024
Cortland at the Battery Atlanta,2024-11-19,2.3482103084892954,0.8832391713747646,2.0740313270837656,1.0,2024-11,Q4 2024
Cortland at the Battery Atlanta,2024-11-20,2.3482103084892954,0.8832391713747646,2.0740313270837656,1.0,2024-11,Q4 2024
Cortland at the Battery Atlanta,2024-11-21,2.348573448213242,0.8813559322033898,2.0699291407981115,1.0,2024-11,Q4 2024
Cortland at the Battery Atlanta,2024-11-22,2.348573448213242,0.8813559322033898,2.0699291407981115,1.0,2024-11,Q4 2024
Cortland at the Battery Atlanta,2024-11-23,2.3479371504656945,0.879472693032015,2.0649466087899797,1.0,2024-11,Q4 2024
Cortland at the Battery Atlanta,2024-11-24,2.348611881434647,0.8832391713747646,2.0743860120392648,1.0,2024-11,Q4 2024
Cortland at the Battery Atlanta,2024-11-25,2.348611881434647,0.8907721280602636,2.0920780036131603,1.0,2024-11,Q4 2024
Cortland at the Battery Atlanta,2024-11-26,2.348611881434647,0.8907721280602636,2.0920780036131603,1.0,2024-11,Q4 2024
Cortland at the Battery Atlanta,2024-11-27,2.348611881434647,0.8888888888888888,2.0876550057196863,1.0,2024-11,Q4 2024
Cortland at the Battery Atlanta,2024-11-28,2.348611881434647,0.8888888888888888,2.0876550057196863,1.0,2024-11,Q4 2024
Cortland at the Battery Atlanta,2024-11-29,2.348611881434647,0.8888888888888888,2.0876550057196863,1.0,2024-11,Q4 2024
Cortland at the Battery Atlanta,2024-11-30,2.348611881434647,0.8888888888888888,2.0876550057196863,1.0,2024-11,Q4 2024
Cortland at the Battery Atlanta,2024-12-01,2.348611881434647,0.8888888888888888,2.0876550057196863,1.0,2024-12,Q4 2024
Cortland at the Battery Atlanta,2024-12-02,2.348611881434647,0.8870056497175142,2.0832320078262123,1.0,2024-12,Q4 2024
Cortland at the Battery Atlanta,2024-12-03,2.348611881434647,0.8832391713747646,2.0743860120392648,1.0,2024-12,Q4 2024
Cortland at the Battery Atlanta,2024-12-04,2.349139942719294,0.8832391713747646,2.074852416450751,1.0,2024-12,Q4 2024
Cortland at the Battery Atlanta,2024-12-05,2.349139942719294,0.8851224105461394,2.079276408809921,1.0,2024-12,Q4 2024
Cortland at the Battery Atlanta,2024-12-06,2.349089337050078,0.8832391713747646,2.074807719541406,1.0,2024-12,Q4 2024
Cortland at the Battery Atlanta,2024-12-07,2.349089337050078,0.8851224105461394,2.0792316165979976,1.0,2024-12,Q4 2024
Cortland at the Battery Atlanta,2024-12-08,2.349614330050186,0.8832391713747646,2.075271413923799,1.0,2024-12,Q4 2024
Cortland at the Battery Atlanta,2024-12-09,2.349614330050186,0.8851224105461394,2.079696299667773,1.0,2024-12,Q4 2024
Cortland at the Battery Atlanta,2024-12-10,2.349614330050186,0.8832391713747646,2.075271413923799,1.0,2024-12,Q4 2024
Cortland at the Battery Atlanta,2024-12-11,2.349614330050186,0.879472693032015,2.066421642435851,1.0,2024-12,Q4 2024
Cortland at the Battery Atlanta,2024-12-12,2.349614330050186,0.879472693032015,2.066421642435851,1.0,2024-12,Q4 2024
Cortland at the Battery Atlanta,2024-12-13,2.348577256620179,0.879472693032015,2.0655095646734907,1.0,2024-12,Q4 2024
Cortland at the Battery Atlanta,2024-12-14,2.348577256620179,0.8832391713747646,2.074355430046825,1.0,2024-12,Q4 2024
Cortland at the Battery Atlanta,2024-12-15,2.3475794426780627,0.8813559322033898,2.069053068123038,1.0,2024-12,Q4 2024
Cortland at the Battery Atlanta,2024-12-16,2.3435842986229076,0.8851224105461394,2.0743589837151912,1.0,2024-12,Q4 2024
Cortland at the Battery Atlanta,2024-12-17,2.3435842986229076,0.8888888888888888,2.0831860432203624,1.0,2024-12,Q4 2024
Cortland at the Battery Atlanta,2024-12-18,2.3427430457382754,0.8851224105461394,2.0736143719340667,1.0,2024-12,Q4 2024
Cortland at the Battery Atlanta,2024-12-19,2.3427430457382754,0.8870056497175142,2.078026317406267,1.0,2024-12,Q4 2024
Cortland at the Battery Atlanta,2024-12-20,2.3427430457382754,0.8870056497175142,2.078026317406267,1.0,2024-12,Q4 2024
Cortland at the Battery Atlanta,2024-12-21,2.3427430457382754,0.8870056497175142,2.078026317406267,1.0,2024-12,Q4 2024
Cortland at the Battery Atlanta,2024-12-22,2.343345115289838,0.8851224105461394,2.0741472771868623,1.0,2024-12,Q4 2024
Cortland at the Battery Atlanta,2024-12-23,2.343345115289838,0.8832391713747646,2.0697341978736987,1.0,2024-12,Q4 2024
Cortland at the Battery Atlanta,2024-12-24,2.343479605122838,0.8813559322033898,2.0654396519726705,1.0,2024-12,Q4 2024
Cortland at the Battery Atlanta,2024-12-25,2.343479605122838,0.8832391713747646,2.069852984562356,1.0,2024-12,Q4 2024
Cortland at the Battery Atlanta,2024-12-26,2.3435680676612685,0.8813559322033898,2.065517618955694,1.0,2024-12,Q4 2024
Cortland at the Battery Atlanta,2024-12-27,2.3435680676612685,0.8832391713747646,2.069931118141497,1.0,2024-12,Q4 2024
Cortland at the Battery Atlanta,2024-12-28,2.343701473095391,0.8832391713747646,2.0700489470465886,1.0,2024-12,Q4 2024
Cortland at the Battery Atlanta,2024-12-29,2.343701473095391,0.8851224105461394,2.0744626974667306,1.0,2024-12,Q4 2024
Cortland at the Battery Atlanta,2024-12-30,2.343701473095391,0.8851224105461394,2.0744626974667306,1.0,2024-12,Q4 2024
Cortland at the Battery Atlanta,2024-12-31,2.343701473095391,0.8832391713747646,2.0700489470465886,1.0,2024-12,Q4 2024
Cortland at the Battery Atlanta,2025-01-01,2.343701473095391,0.8832391713747646,2.0700489470465886,1.0,2025-01,Q1 2025
Cortland at the Battery Atlanta,2025-01-02,2.343701473095391,0.8832391713747646,2.0700489470465886,1.0,2025-01,Q1 2025
Cortland at the Battery Atlanta,2025-01-03,2.3440859274088086,0.8813559322033898,2.065974037716238,1.0,2025-01,Q1 2025
Cortland at the Battery Atlanta,2025-01-04,2.3440859274088086,0.8832391713747646,2.0703885121558026,1.0,2025-01,Q1 2025
Cortland at the Battery Atlanta,2025-01-05,2.3440859274088086,0.8832391713747646,2.0703885121558026,1.0,2025-01,Q1 2025
Cortland at the Battery Atlanta,2025-01-06,2.343788113780663,0.8832391713747646,2.0701254714936552,1.0,2025-01,Q1 2025
Cortland at the Battery Atlanta,2025-01-07,2.343788113780663,0.8870056497175142,2.0789532986642043,1.0,2025-01,Q1 2025
Cortland at the Battery Atlanta,2025-01-08,2.343788113780663,0.8738229755178908,2.048055903567284,1.0,2025-01,Q1 2025
Cortland at the Battery Atlanta,2025-01-09,2.343788113780663,0.8738229755178908,2.048055903567284,1.0,2025-01,Q1 2025
Cortland at the Battery Atlanta,2025-01-10,2.343788113780663,0.8738229755178908,2.048055903567284,1.0,2025-01,Q1 2025
Cortland at the Battery Atlanta,2025-01-11,2.3442284574991645,0.8738229755178908,2.0484406860256352,1.0,2025-01,Q1 2025
Cortland at the Battery Atlanta,2025-01-12,2.3442284574991645,0.8757062146892656,2.0528554288834493,1.0,2025-01,Q1 2025
Cortland at the Battery Atlanta,2025-01-13,2.3442284574991645,0.8757062146892656,2.0528554288834493,1.0,2025-01,Q1 2025
Cortland at the Battery Atlanta,2025-01-14,2.3435059144696737,0.8681732580037664,2.0345691649162325,1.0,2025-01,Q1 2025
Cortland at the Battery Atlanta,2025-01-15,2.3433780961750825,0.864406779661017,2.025631913642868,1.0,2025-01,Q1 2025
Cortland at the Battery Atlanta,2025-01-16,2.3433780961750825,0.8662900188323917,2.0300450550669265,1.0,2025-01,Q1 2025
Cortland at the Battery Atlanta,2025-01-17,2.341782658439263,0.8625235404896422,2.0198426696142797,1.0,2025-01,Q1 2025
Cortland at the Battery Atlanta,2025-01-18,2.341782658439263,0.864406779661017,2.0242528064474987,1.0,2025-01,Q1 2025
Cortland at the Battery Atlanta,2025-01-19,2.341782658439263,0.864406779661017,2.0242528064474987,1.0,2025-01,Q1 2025
Cortland at the Battery Atlanta,2025-01-20,2.341782658439263,0.864406779661017,2.0242528064474987,1.0,2025-01,Q1 2025
Cortland at the Battery Atlanta,2025-01-21,2.341782658439263,0.8625235404896422,2.0198426696142797,1.0,2025-01,Q1 2025
Cortland at the Battery Atlanta,2025-01-22,2.341782658439263,0.8625235404896422,2.0198426696142797,1.0,2025-01,Q1 2025
Cortland at the Battery Atlanta,2025-01-23,2.3359008463468607,0.856873822975518,2.0015722883009825,1.0,2025-01,Q1 2025
Cortland at the Battery Atlanta,2025-01-24,2.3359008463468607,0.8587570621468926,2.00597134827527,1.0,2025-01,Q1 2025
Cortland at the Battery Atlanta,2025-01-25,2.3333104444046855,0.8587570621468926,2.0037468223136283,1.0,2025-01,Q1 2025
Cortland at the Battery Atlanta,2025-01-26,2.3333104444046855,0.8606403013182674,2.008141003941509,1.0,2025-01,Q1 2025
Cortland at the Battery Atlanta,2025-01-27,2.3333104444046855,0.8606403013182674,2.008141003941509,1.0,2025-01,Q1 2025
Cortland at the Battery Atlanta,2025-01-28,2.330681511834172,0.8587570621468926,2.0014892079027917,1.0,2025-01,Q1 2025
Cortland at the Battery Atlanta,2025-01-29,2.330681511834172,0.8606403013182674,2.005878438621877,1.0,2025-01,Q1 2025
Cortland at the Battery Atlanta,2025-01-30,2.318473366847552,0.8587570621468926,1.9910053771798184,1.0,2025-01,Q1 2025
Cortland at the Battery Atlanta,2025-01-31,2.3174183371359565,0.8587570621468926,1.9900993629642112,1.0,2025-01,Q1 2025
Cortland at the Battery Atlanta,2025-02-01,2.3174183371359565,0.8606403013182674,1.9944636159531677,1.0,2025-02,Q1 2025
Cortland at the Battery Atlanta,2025-02-02,2.3174183371359565,0.8606403013182674,1.9944636159531677,1.0,2025-02,Q1 2025
Cortland at the Battery Atlanta,2025-02-03,2.3174183371359565,0.8606403013182674,1.9944636159531677,1.0,2025-02,Q1 2025
Cortland at the Battery Atlanta,2025-02-04,2.3174183371359565,0.8606403013182674,1.9944636159531677,1.0,2025-02,Q1 2025
Cortland at the Battery Atlanta,2025-02-05,2.3156661272996555,0.8587570621468926,1.9885946403929244,1.0,2025-02,Q1 2025
Cortland at the Battery Atlanta,2025-02-06,2.3141428053665183,0.8606403013182674,1.991644561304141,1.0,2025-02,Q1 2025
Cortland at the Battery Atlanta,2025-02-07,2.3136548751801587,0.8606403013182674,1.99122462892153,1.0,2025-02,Q1 2025
Cortland at the Battery Atlanta,2025-02-08,2.3132254984299863,0.8587570621468926,1.9864987331150163,1.0,2025-02,Q1 2025
Cortland at the Battery Atlanta,2025-02-09,2.3132254984299863,0.8549905838041432,1.977786019373284,1.0,2025-02,Q1 2025
Cortland at the Battery Atlanta,2025-02-10,2.3132254984299863,0.8549905838041432,1.977786019373284,1.0,2025-02,Q1 2025
Cortland at the Battery Atlanta,2025-02-11,2.3132254984299863,0.8549905838041432,1.977786019373284,1.0,2025-02,Q1 2025
Cortland at the Battery Atlanta,2025-02-12,2.311499954397823,0.8531073446327684,1.971957588215092,1.0,2025-02,Q1 2025
Cortland at the Battery Atlanta,2025-02-13,2.3112650161926314,0.8549905838041432,1.9761098255206302,1.0,2025-02,Q1 2025
Cortland at the Battery Atlanta,2025-02-14,2.3098334750938823,0.856873822975518,1.9792358402405208,1.0,2025-02,Q1 2025
Cortland at the Battery Atlanta,2025-02-15,2.3098334750938823,0.8587570621468926,1.98358580912017,1.0,2025-02,Q1 2025
Cortland at the Battery Atlanta,2025-02-16,2.3098334750938823,0.8549905838041432,1.9748858713608712,1.0,2025-02,Q1 2025
Cortland at the Battery Atlanta,2025-02-17,2.3102339659487248,0.8549905838041432,1.9752282872706612,1.0,2025-02,Q1 2025
Cortland at the Battery Atlanta,2025-02-18,2.3102339659487248,0.856873822975518,1.9795790103703763,1.0,2025-02,Q1 2025
Cortland at the Battery Atlanta,2025-02-19,2.3102339659487248,0.8512241054613936,1.9665268410712309,1.0,2025-02,Q1 2025
Cortland at the Battery Atlanta,2025-02-20,2.3091166860729153,0.8512241054613936,1.965575785508395,1.0,2025-02,Q1 2025
Cortland at the Battery Atlanta,2025-02-21,2.3091166860729153,0.8549905838041432,1.9742730234973702,1.0,2025-02,Q1 2025
Cortland at the Battery Atlanta,2025-02-22,2.3091166860729153,0.8531073446327684,1.9699244045028825,1.0,2025-02,Q1 2025
Cortland at the Battery Atlanta,2025-02-23,2.3091166860729153,0.8531073446327684,1.9699244045028825,1.0,2025-02,Q1 2025
Cortland at the Battery Atlanta,2025-02-24,2.3091166860729153,0.847457627118644,1.9568785475194197,1.0,2025-02,Q1 2025
Cortland at the Battery Atlanta,2025-02-25,2.3069460139086027,0.847457627118644,1.9550389948377989,1.0,2025-02,Q1 2025
Cortland at the Battery Atlanta,2025-02-26,2.3069460139086027,0.8493408662900188,1.9593835259374384,1.0,2025-02,Q1 2025
Cortland at the Battery Atlanta,2025-02-27,2.3049444076122767,0.8493408662900188,1.9576834799117453,1.0,2025-02,Q1 2025
Cortland at the Battery Atlanta,2025-02-28,2.302801871683511,0.8531073446327684,1.964537189967289,1.0,2025-02,Q1 2025
Cortland at the Battery Atlanta,2025-03-01,2.3020278143767934,0.8531073446327684,1.9638768359937617,1.0,2025-03,Q1 2025
Cortland at the Battery Atlanta,2025-03-02,2.3008961269958452,0.8531073446327684,1.9629113851772466,1.0,2025-03,Q1 2025
Cortland at the Battery Atlanta,2025-03-03,2.3008961269958452,0.8587570621468926,1.9759107983241155,1.0,2025-03,Q1 2025
Cortland at the Battery Atlanta,2025-03-04,2.2985421871354426,0.8587570621468926,1.9738893358451257,1.0,2025-03,Q1 2025
Cortland at the Battery Atlanta,2025-03-05,2.295985949358414,0.8625235404896422,1.9803419299550915,1.0,2025-03,Q1 2025
Cortland at the Battery Atlanta,2025-03-06,2.2958060413416965,0.8662900188323917,1.9888338587894168,1.0,2025-03,Q1 2025
Cortland at the Battery Atlanta,2025-03-07,2.2958060413416965,0.8681732580037664,1.9931574106563503,1.0,2025-03,Q1 2025
Cortland at the Battery Atlanta,2025-03-08,2.2958060413416965,0.8681732580037664,1.9931574106563503,1.0,2025-03,Q1 2025
Cortland at the Battery Atlanta,2025-03-09,2.2958060413416965,0.8681732580037664,1.9931574106563503,1.0,2025-03,Q1 2025
Cortland at the Battery Atlanta,2025-03-10,2.2959271505519125,0.8681732580037664,1.993262554433958,1.0,2025-03,Q1 2025
Cortland at the Battery Atlanta,2025-03-11,2.2910926258683135,0.8681732580037664,1.989065349388498,1.0,2025-03,Q1 2025
Cortland at the Battery Atlanta,2025-03-12,2.2897046962156393,0.8738229755178908,2.000796570704438,1.0,2025-03,Q1 2025
Cortland at the Battery Atlanta,2025-03-13,2.2890957472765594,0.8738229755178908,2.000264457130553,1.0,2025-03,Q1 2025
Cortland at the Battery Atlanta,2025-03-14,2.286724588864079,0.8775894538606404,2.0068053830709243,1.0,2025-03,Q1 2025
Cortland at the Battery Atlanta,2025-03-15,2.2850085429570073,0.8775894538606404,2.0052993992805375,1.0,2025-03,Q1 2025
Cortland at the Battery Atlanta,2025-03-16,2.2850085429570073,0.879472693032015,2.00960261687556,1.0,2025-03,Q1 2025
Cortland at the Battery Atlanta,2025-03-17,2.2850085429570073,0.879472693032015,2.00960261687556,1.0,2025-03,Q1 2025
Cortland at the Battery Atlanta,2025-03-18,2.282579247565848,0.879472693032015,2.007466117915727,1.0,2025-03,Q1 2025
Cortland at the Battery Atlanta,2025-03-19,2.282579247565848,0.8813559322033898,2.01176476056651,1.0,2025-03,Q1 2025
Cortland at the Battery Atlanta,2025-03-20,2.282579247565848,0.8813559322033898,2.01176476056651,1.0,2025-03,Q1 2025
Cortland at the Battery Atlanta,2025-03-21,2.280609387055093,0.879472693032015,2.005733679387436,1.0,2025-03,Q1 2025
Cortland at the Battery Atlanta,2025-03-22,2.2783702785050446,0.8813559322033898,2.0080551607163106,1.0,2025-03,Q1 2025
Cortland at the Battery Atlanta,2025-03-23,2.277909901615594,0.8851224105461394,2.0162291031249135,1.0,2025-03,Q1 2025
Cortland at the Battery Atlanta,2025-03-24,2.277446213538066,0.8870056497175142,2.020107658336025,1.0,2025-03,Q1 2025
Cortland at the Battery Atlanta,2025-03-25,2.277446213538066,0.8888888888888888,2.0243966342560586,1.0,2025-03,Q1 2025
Cortland at the Battery Atlanta,2025-03-26,2.2728212467625872,0.8870056497175142,2.0160052866764193,1.0,2025-03,Q1 2025
Cortland at the Battery Atlanta,2025-03-27,2.2724287679617845,0.8926553672316384,2.0284957363726663,1.0,2025-03,Q1 2025
Cortland at the Battery Atlanta,2025-03-28,2.2719086008267397,0.8926553672316384,2.028031406387711,1.0,2025-03,Q1 2025
Cortland at the Battery Atlanta,2025-03-29,2.267176577718261,0.896421845574388,2.0323466120412284,1.0,2025-03,Q1 2025
Cortland at the Battery Atlanta,2025-03-30,2.2668881880469542,0.9020715630885122,2.0448953711384013,1.0,2025-03,Q1 2025
Cortland at the Battery Atlanta,2025-03-31,2.2644867852885104,0.896421845574388,2.029935423347139,1.0,2025-03,Q1 2025
Cortland at the Battery Atlanta,2025-04-01,2.2624558301327826,0.8983050847457628,2.0323755762209745,1.0,2025-04,Q2 2025
Cortland at the Battery Atlanta,2025-04-02,2.261144567526729,0.8983050847457628,2.0311976623545194,1.0,2025-04,Q2 2025
Cortland at the Battery Atlanta,2025-04-03,2.258858660519627,0.9020715630885122,2.037652162690963,1.0,2025-04,Q2 2025
Cortland at the Battery Atlanta,2025-04-04,2.256506620701229,0.9020715630885122,2.035530454455534,1.0,2025-04,Q2 2025
Cortland at the Battery Atlanta,2025-04-05,2.256506620701229,0.903954802259887,2.039779996114105,1.0,2025-04,Q2 2025
Cortland at the Battery Atlanta,2025-04-06,2.256506620701229,0.903954802259887,2.039779996114105,1.0,2025-04,Q2 2025
Cortland at the Battery Atlanta,2025-04-07,2.2564780335699948,0.903954802259887,2.0397541546395432,1.0,2025-04,Q2 2025
Cortland at the Battery Atlanta,2025-04-08,2.2527185790516944,0.9058380414312618,2.040598185544002,1.0,2025-04,Q2 2025
Cortland at the Battery Atlanta,2025-04-09,2.2527185790516944,0.9096045197740112,2.0490830012843095,1.0,2025-04,Q2 2025
Cortland at the Battery Atlanta,2025-04-10,2.252925419475618,0.9058380414312618,2.040785549468498,1.0,2025-04,Q2 2025
Cortland at the Battery Atlanta,2025-04-11,2.2500597658386763,0.9096045197740112,2.046664532768513,1.0,2025-04,Q2 2025
Cortland at the Battery Atlanta,2025-04-12,2.248844685352539,0.9133709981167608,2.054029514870021,1.0,2025-04,Q2 2025
Cortland at the Battery Atlanta,2025-04-13,2.2118375101637793,0.9152542372881356,2.0243936533702387,1.0,2025-04,Q2 2025
Revel Ballpark,2023-10-20,2.409319225468098,0.8436363636363636,2.032589310213086,1.0,2023-10,Q4 2023
Revel Ballpark,2023-10-21,2.409319225468098,0.8545454545454545,2.058872792672738,1.0,2023-10,Q4 2023
Revel Ballpark,2023-10-22,2.3953171027171325,0.8545454545454545,2.046907342321913,1.0,2023-10,Q4 2023
Revel Ballpark,2023-10-23,2.3953171027171325,0.8545454545454545,2.046907342321913,1.0,2023-10,Q4 2023
Revel Ballpark,2023-10-24,2.3953171027171325,0.8545454545454545,2.046907342321913,1.0,2023-10,Q4 2023
Revel Ballpark,2023-10-25,2.3953171027171325,0.8436363636363636,2.020776610292272,1.0,2023-10,Q4 2023
Revel Ballpark,2023-10-26,2.382993255075134,0.8436363636363636,2.0103797642815673,1.0,2023-10,Q4 2023
Revel Ballpark,2023-10-27,2.384707289790914,0.8363636363636364,1.994482460552401,1.0,2023-10,Q4 2023
Revel Ballpark,2023-10-28,2.369352525733982,0.8290909090909091,1.9644086395176286,1.0,2023-10,Q4 2023
Revel Ballpark,2023-10-29,2.369352525733982,0.8327272727272728,1.973024466883934,1.0,2023-10,Q4 2023
Revel Ballpark,2023-10-30,2.369352525733982,0.8290909090909091,1.9644086395176286,1.0,2023-10,Q4 2023
Revel Ballpark,2023-10-31,2.369352525733982,0.8290909090909091,1.9644086395176286,1.0,2023-10,Q4 2023
Revel Ballpark,2023-11-01,2.3765723747590957,0.8290909090909091,1.9703945507093594,1.0,2023-11,Q4 2023
Revel Ballpark,2023-11-02,2.3855595908362868,0.8290909090909091,1.9778457698569942,1.0,2023-11,Q4 2023
Revel Ballpark,2023-11-03,2.3927473362905434,0.8290909090909091,1.9838050642699778,1.0,2023-11,Q4 2023
Revel Ballpark,2023-11-04,2.4009879695416765,0.8290909090909091,1.9906372983836444,1.0,2023-11,Q4 2023
Revel Ballpark,2023-11-05,2.411441132338485,0.8363636363636364,2.01684167431946,1.0,2023-11,Q4 2023
Revel Ballpark,2023-11-06,2.4176421779622643,0.850909090909091,2.057193707793345,1.0,2023-11,Q4 2023
Revel Ballpark,2023-11-07,2.423404881890473,0.8545454545454545,2.0709096263427678,1.0,2023-11,Q4 2023
Revel Ballpark,2023-11-08,2.4343234998378946,0.8581818181818182,2.0890921671336113,1.0,2023-11,Q4 2023
Revel Ballpark,2023-11-09,2.4343234998378946,0.8618181818181818,2.0979442525875673,1.0,2023-11,Q4 2023
Revel Ballpark,2023-11-10,2.4455532859510805,0.8581818181818182,2.098729365398018,1.0,2023-11,Q4 2023
Revel Ballpark,2023-11-11,2.4455532859510805,0.8618181818181818,2.10762228643784,1.0,2023-11,Q4 2023
Revel Ballpark,2023-11-12,2.4282902229132928,0.8581818181818182,2.083914518572862,1.0,2023-11,Q4 2023
Revel Ballpark,2023-11-13,2.4282902229132928,0.8654545454545455,2.101574811103141,1.0,2023-11,Q4 2023
Revel Ballpark,2023-11-14,2.429688041889257,0.8654545454545455,2.1027845598896118,1.0,2023-11,Q4 2023
Revel Ballpark,2023-11-15,2.429688041889257,0.8654545454545455,2.1027845598896118,1.0,2023-11,Q4 2023
Revel Ballpark,2023-11-16,2.429688041889257,0.8654545454545455,2.1027845598896118,1.0,2023-11,Q4 2023
Revel Ballpark,2023-11-17,2.418226341852906,0.8654545454545455,2.0928649794945153,1.0,2023-11,Q4 2023
Revel Ballpark,2023-11-18,2.418226341852906,0.8654545454545455,2.0928649794945153,1.0,2023-11,Q4 2023
Revel Ballpark,2023-11-19,2.418226341852906,0.8654545454545455,2.0928649794945153,1.0,2023-11,Q4 2023
Revel Ballpark,2023-11-20,2.418226341852906,0.8654545454545455,2.0928649794945153,1.0,2023-11,Q4 2023
Revel Ballpark,2023-11-21,2.4063056557714204,0.8654545454545455,2.0825481675403568,1.0,2023-11,Q4 2023
Revel Ballpark,2023-11-22,2.395569530210963,0.8690909090909091,2.081967700801528,1.0,2023-11,Q4 2023
Revel Ballpark,2023-11-23,2.401693774539055,0.8690909090909091,2.0872902258721244,1.0,2023-11,Q4 2023
Revel Ballpark,2023-11-24,2.401693774539055,0.8654545454545455,2.0785567939647094,1.0,2023-11,Q4 2023
Revel Ballpark,2023-11-25,2.3925877380547784,0.8654545454545455,2.0706759332983173,1.0,2023-11,Q4 2023
Revel Ballpark,2023-11-26,2.3925877380547784,0.8690909090909091,2.0793762523457895,1.0,2023-11,Q4 2023
Revel Ballpark,2023-11-27,2.3925877380547784,0.8690909090909091,2.0793762523457895,1.0,2023-11,Q4 2023
Revel Ballpark,2023-11-28,2.3925877380547784,0.8690909090909091,2.0793762523457895,1.0,2023-11,Q4 2023
Revel Ballpark,2023-11-29,2.3925877380547784,0.8654545454545455,2.0706759332983173,1.0,2023-11,Q4 2023
Revel Ballpark,2023-11-30,2.3905795420549967,0.8654545454545455,2.0689379309421425,1.0,2023-11,Q4 2023
Revel Ballpark,2023-12-01,2.4008845443296516,0.8690909090909091,2.08658693125377,1.0,2023-12,Q4 2023
Revel Ballpark,2023-12-02,2.4008845443296516,0.8727272727272728,2.0953174205058778,1.0,2023-12,Q4 2023
Revel Ballpark,2023-12-03,2.4000073724865056,0.8690909090909091,2.0858245891791816,1.0,2023-12,Q4 2023
Revel Ballpark,2023-12-04,2.4000073724865056,0.8727272727272728,2.094551888715496,1.0,2023-12,Q4 2023
Revel Ballpark,2023-12-05,2.4000073724865056,0.8727272727272728,2.094551888715496,1.0,2023-12,Q4 2023
Revel Ballpark,2023-12-06,2.399077715535913,0.8727272727272728,2.0937405517404333,1.0,2023-12,Q4 2023
Revel Ballpark,2023-12-07,2.3982833878051912,0.8763636363636363,2.1017683507674585,1.0,2023-12,Q4 2023
Revel Ballpark,2023-12-08,2.397581410575249,0.8727272727272728,2.092434685592945,1.0,2023-12,Q4 2023
Revel Ballpark,2023-12-09,2.411100286395575,0.8763636363636363,2.113000614623031,1.0,2023-12,Q4 2023
Revel Ballpark,2023-12-10,2.411100286395575,0.8763636363636363,2.113000614623031,1.0,2023-12,Q4 2023
Revel Ballpark,2023-12-11,2.411100286395575,0.8763636363636363,2.113000614623031,1.0,2023-12,Q4 2023
Revel Ballpark,2023-12-12,2.411100286395575,0.8763636363636363,2.113000614623031,1.0,2023-12,Q4 2023
Revel Ballpark,2023-12-13,2.4010347834996173,0.8763636363636363,2.104179573903301,1.0,2023-12,Q4 2023
Revel Ballpark,2023-12-14,2.4010347834996173,0.88,2.112910609479663,1.0,2023-12,Q4 2023
Revel Ballpark,2023-12-15,2.391550591191301,0.8763636363636363,2.0958679726440126,1.0,2023-12,Q4 2023
Revel Ballpark,2023-12-16,2.391550591191301,0.88,2.1045645202483447,1.0,2023-12,Q4 2023
Revel Ballpark,2023-12-17,2.391550591191301,0.8763636363636363,2.0958679726440126,1.0,2023-12,Q4 2023
Revel Ballpark,2023-12-18,2.3792077627638677,0.8690909090909091,2.067747837456598,1.0,2023-12,Q4 2023
Revel Ballpark,2023-12-19,2.3792077627638677,0.8727272727272728,2.0763995020484667,1.0,2023-12,Q4 2023
Revel Ballpark,2023-12-20,2.3776008533429644,0.8727272727272728,2.0749971083720418,1.0,2023-12,Q4 2023
Revel Ballpark,2023-12-21,2.369069150667135,0.8727272727272728,2.067551258764045,1.0,2023-12,Q4 2023
Revel Ballpark,2023-12-22,2.369069150667135,0.8763636363636363,2.0761660556755617,1.0,2023-12,Q4 2023
Revel Ballpark,2023-12-23,2.369069150667135,0.8727272727272728,2.067551258764045,1.0,2023-12,Q4 2023
Revel Ballpark,2023-12-24,2.369069150667135,0.8654545454545455,2.0503216649410114,1.0,2023-12,Q4 2023
Revel Ballpark,2023-12-25,2.369069150667135,0.8654545454545455,2.0503216649410114,1.0,2023-12,Q4 2023
Revel Ballpark,2023-12-26,2.369069150667135,0.8654545454545455,2.0503216649410114,1.0,2023-12,Q4 2023
Revel Ballpark,2023-12-27,2.3695171092805314,0.8654545454545455,2.0507093527591507,1.0,2023-12,Q4 2023
Revel Ballpark,2023-12-28,2.360626617752525,0.8690909090909091,2.0515991332467403,1.0,2023-12,Q4 2023
Revel Ballpark,2023-12-29,2.3618213444230367,0.8727272727272728,2.061225900587378,1.0,2023-12,Q4 2023
Revel Ballpark,2023-12-30,2.3618213444230367,0.88,2.0784027830922724,1.0,2023-12,Q4 2023
Revel Ballpark,2023-12-31,2.3618213444230367,0.8763636363636363,2.069814341839825,1.0,2023-12,Q4 2023
Revel Ballpark,2024-01-01,2.355248931206364,0.8727272727272728,2.0554899763255543,1.0,2024-01,Q1 2024
Revel Ballpark,2024-01-02,2.355248931206364,0.8763636363636363,2.064054517893577,1.0,2024-01,Q1 2024
Revel Ballpark,2024-01-03,2.355248931206364,0.8763636363636363,2.064054517893577,1.0,2024-01,Q1 2024
Revel Ballpark,2024-01-04,2.355248931206364,0.8727272727272728,2.0554899763255543,1.0,2024-01,Q1 2024
Revel Ballpark,2024-01-05,2.3488981680170045,0.8654545454545455,2.032864596320171,1.0,2024-01,Q1 2024
Revel Ballpark,2024-01-06,2.3488981680170045,0.8690909090909091,2.0414060442038693,1.0,2024-01,Q1 2024
Revel Ballpark,2024-01-07,2.32847142466093,0.8690909090909091,2.023653347250772,1.0,2024-01,Q1 2024
Revel Ballpark,2024-01-08,2.32847142466093,0.8727272727272728,2.032120516067721,1.0,2024-01,Q1 2024
Revel Ballpark,2024-01-09,2.32847142466093,0.8727272727272728,2.032120516067721,1.0,2024-01,Q1 2024
Revel Ballpark,2024-01-10,2.32847142466093,0.8727272727272728,2.032120516067721,1.0,2024-01,Q1 2024
Revel Ballpark,2024-01-11,2.3161426701299437,0.8727272727272728,2.021360875749769,1.0,2024-01,Q1 2024
Revel Ballpark,2024-01-12,2.3301716109737782,0.8763636363636363,2.042077666344293,1.0,2024-01,Q1 2024
Revel Ballpark,2024-01-13,2.3363099579622433,0.88,2.055952763006774,1.0,2024-01,Q1 2024
Revel Ballpark,2024-01-14,2.3432217265065742,0.8836363636363637,2.070555925603991,1.0,2024-01,Q1 2024
Revel Ballpark,2024-01-15,2.3474432312866447,0.8836363636363637,2.074286200736926,1.0,2024-01,Q1 2024
Revel Ballpark,2024-01-16,2.3542321986398855,0.8872727272727272,2.08884602352048,1.0,2024-01,Q1 2024
Revel Ballpark,2024-01-17,2.3606951996340073,0.8909090909090909,2.1031648142193884,1.0,2024-01,Q1 2024
Revel Ballpark,2024-01-18,2.3606951996340073,0.8945454545454545,2.1117491603998757,1.0,2024-01,Q1 2024
Revel Ballpark,2024-01-19,2.3606951996340073,0.8909090909090909,2.1031648142193884,1.0,2024-01,Q1 2024
Revel Ballpark,2024-01-20,2.3606951996340073,0.8909090909090909,2.1031648142193884,1.0,2024-01,Q1 2024
Revel Ballpark,2024-01-21,2.3680476803563457,0.8909090909090909,2.1097152061356534,1.0,2024-01,Q1 2024
Revel Ballpark,2024-01-22,2.37425767078833,0.8945454545454545,2.1238814073233785,1.0,2024-01,Q1 2024
Revel Ballpark,2024-01-23,2.37425767078833,0.8981818181818182,2.132515071580791,1.0,2024-01,Q1 2024
Revel Ballpark,2024-01-24,2.38261205765342,0.8981818181818182,2.140018829965072,1.0,2024-01,Q1 2024
Revel Ballpark,2024-01-25,2.38261205765342,0.8981818181818182,2.140018829965072,1.0,2024-01,Q1 2024
Revel Ballpark,2024-01-26,2.38261205765342,0.8981818181818182,2.140018829965072,1.0,2024-01,Q1 2024
Revel Ballpark,2024-01-27,2.38261205765342,0.8981818181818182,2.140018829965072,1.0,2024-01,Q1 2024
Revel Ballpark,2024-01-28,2.38261205765342,0.8981818181818182,2.140018829965072,1.0,2024-01,Q1 2024
Revel Ballpark,2024-01-29,2.38261205765342,0.8981818181818182,2.140018829965072,1.0,2024-01,Q1 2024
Revel Ballpark,2024-01-30,2.38261205765342,0.8945454545454545,2.1313547861190596,1.0,2024-01,Q1 2024
Revel Ballpark,2024-01-31,2.38261205765342,0.8872727272727272,2.1140266984270344,1.0,2024-01,Q1 2024
Revel Ballpark,2024-02-01,2.4008282879907905,0.8872727272727272,2.1301894627991014,1.0,2024-02,Q1 2024
Revel Ballpark,2024-02-02,2.397046567913937,0.8909090909090909,2.135550578686962,1.0,2024-02,Q1 2024
Revel Ballpark,2024-02-03,2.397046567913937,0.8981818181818182,2.152983644635427,1.0,2024-02,Q1 2024
Revel Ballpark,2024-02-04,2.397046567913937,0.8981818181818182,2.152983644635427,1.0,2024-02,Q1 2024
Revel Ballpark,2024-02-05,2.397046567913937,0.8981818181818182,2.152983644635427,1.0,2024-02,Q1 2024
Revel Ballpark,2024-02-06,2.397046567913937,0.8981818181818182,2.152983644635427,1.0,2024-02,Q1 2024
Revel Ballpark,2024-02-07,2.393172808715958,0.8981818181818182,2.149504304555788,1.0,2024-02,Q1 2024
Revel Ballpark,2024-02-08,2.393172808715958,0.9018181818181819,2.1582067511329366,1.0,2024-02,Q1 2024
Revel Ballpark,2024-02-09,2.393172808715958,0.9018181818181819,2.1582067511329366,1.0,2024-02,Q1 2024
Revel Ballpark,2024-02-10,2.393172808715958,0.9018181818181819,2.1582067511329366,1.0,2024-02,Q1 2024
Revel Ballpark,2024-02-11,2.394128674509142,0.9018181818181819,2.1590687682846084,1.0,2024-02,Q1 2024
Revel Ballpark,2024-02-12,2.394128674509142,0.9054545454545455,2.1677746907373687,1.0,2024-02,Q1 2024
Revel Ballpark,2024-02-13,2.394128674509142,0.9054545454545455,2.1677746907373687,1.0,2024-02,Q1 2024
Revel Ballpark,2024-02-14,2.394128674509142,0.9054545454545455,2.1677746907373687,1.0,2024-02,Q1 2024
Revel Ballpark,2024-02-15,2.394128674509142,0.9054545454545455,2.1677746907373687,1.0,2024-02,Q1 2024
Revel Ballpark,2024-02-16,2.395158702580302,0.9054545454545455,2.168707334336346,1.0,2024-02,Q1 2024
Revel Ballpark,2024-02-17,2.395158702580302,0.9090909090909091,2.1774170023457287,1.0,2024-02,Q1 2024
Revel Ballpark,2024-02-18,2.395158702580302,0.9090909090909091,2.1774170023457287,1.0,2024-02,Q1 2024
Revel Ballpark,2024-02-19,2.395158702580302,0.9090909090909091,2.1774170023457287,1.0,2024-02,Q1 2024
Revel Ballpark,2024-02-20,2.395158702580302,0.9090909090909091,2.1774170023457287,1.0,2024-02,Q1 2024
Revel Ballpark,2024-02-21,2.395158702580302,0.9090909090909091,2.1774170023457287,1.0,2024-02,Q1 2024
Revel Ballpark,2024-02-22,2.395158702580302,0.9090909090909091,2.1774170023457287,1.0,2024-02,Q1 2024
Revel Ballpark,2024-02-23,2.3892405453623953,0.9054545454545455,2.163348711982678,1.0,2024-02,Q1 2024
Revel Ballpark,2024-02-24,2.3892405453623953,0.9090909090909091,2.172036859420359,1.0,2024-02,Q1 2024
Revel Ballpark,2024-02-25,2.3892405453623953,0.9090909090909091,2.172036859420359,1.0,2024-02,Q1 2024
Revel Ballpark,2024-02-26,2.3892405453623953,0.9090909090909091,2.172036859420359,1.0,2024-02,Q1 2024
Revel Ballpark,2024-02-27,2.3892405453623953,0.9090909090909091,2.172036859420359,1.0,2024-02,Q1 2024
Revel Ballpark,2024-02-28,2.3892405453623953,0.9090909090909091,2.172036859420359,1.0,2024-02,Q1 2024
Revel Ballpark,2024-02-29,2.3798534257444834,0.9090909090909091,2.163503114313167,1.0,2024-02,Q1 2024
Revel Ballpark,2024-03-01,2.3798534257444834,0.9127272727272727,2.1721571267704194,1.0,2024-03,Q1 2024
Revel Ballpark,2024-03-02,2.3798534257444834,0.9127272727272727,2.1721571267704194,1.0,2024-03,Q1 2024
Revel Ballpark,2024-03-03,2.3798534257444834,0.9127272727272727,2.1721571267704194,1.0,2024-03,Q1 2024
Revel Ballpark,2024-03-04,2.3798534257444834,0.9127272727272727,2.1721571267704194,1.0,2024-03,Q1 2024
Revel Ballpark,2024-03-05,2.3798534257444834,0.9090909090909091,2.163503114313167,1.0,2024-03,Q1 2024
Revel Ballpark,2024-03-06,2.3798534257444834,0.9090909090909091,2.163503114313167,1.0,2024-03,Q1 2024
Revel Ballpark,2024-03-07,2.3744330713801975,0.9090909090909091,2.158575519436543,1.0,2024-03,Q1 2024
Revel Ballpark,2024-03-08,2.3830942489954996,0.9127272727272727,2.1751151145377103,1.0,2024-03,Q1 2024
Revel Ballpark,2024-03-09,2.3830942489954996,0.9163636363636364,2.1837809118067852,1.0,2024-03,Q1 2024
Revel Ballpark,2024-03-10,2.3830942489954996,0.9163636363636364,2.1837809118067852,1.0,2024-03,Q1 2024
Revel Ballpark,2024-03-11,2.3830942489954996,0.9163636363636364,2.1837809118067852,1.0,2024-03,Q1 2024
Revel Ballpark,2024-03-12,2.3830942489954996,0.9163636363636364,2.1837809118067852,1.0,2024-03,Q1 2024
Revel Ballpark,2024-03-13,2.3830942489954996,0.9127272727272727,2.1751151145377103,1.0,2024-03,Q1 2024
Revel Ballpark,2024-03-14,2.379225746840822,0.9127272727272727,2.171584227116532,1.0,2024-03,Q1 2024
Revel Ballpark,2024-03-15,2.379225746840822,0.9163636363636364,2.1802359571050443,1.0,2024-03,Q1 2024
Revel Ballpark,2024-03-16,2.379225746840822,0.9127272727272727,2.171584227116532,1.0,2024-03,Q1 2024
Revel Ballpark,2024-03-17,2.387283740406032,0.9054545454545455,2.161576914040371,1.0,2024-03,Q1 2024
Revel Ballpark,2024-03-18,2.387283740406032,0.9090909090909091,2.1702579458236655,1.0,2024-03,Q1 2024
Revel Ballpark,2024-03-19,2.387283740406032,0.9090909090909091,2.1702579458236655,1.0,2024-03,Q1 2024
Revel Ballpark,2024-03-20,2.3908018859492475,0.9090909090909091,2.1734562599538614,1.0,2024-03,Q1 2024
Revel Ballpark,2024-03-21,2.39369110679246,0.9163636363636364,2.193491486951636,1.0,2024-03,Q1 2024
Revel Ballpark,2024-03-22,2.39369110679246,0.92,2.2021958182490633,1.0,2024-03,Q1 2024
Revel Ballpark,2024-03-23,2.39369110679246,0.92,2.2021958182490633,1.0,2024-03,Q1 2024
Revel Ballpark,2024-03-24,2.39369110679246,0.9127272727272727,2.184787155654209,1.0,2024-03,Q1 2024
Revel Ballpark,2024-03-25,2.39369110679246,0.9127272727272727,2.184787155654209,1.0,2024-03,Q1 2024
Revel Ballpark,2024-03-26,2.4034925501222366,0.9127272727272727,2.1937332002933867,1.0,2024-03,Q1 2024
Revel Ballpark,2024-03-27,2.4034925501222366,0.9163636363636364,2.202473173202922,1.0,2024-03,Q1 2024
Revel Ballpark,2024-03-28,2.4034925501222366,0.9127272727272727,2.1937332002933867,1.0,2024-03,Q1 2024
Revel Ballpark,2024-03-29,2.4034925501222366,0.9127272727272727,2.1937332002933867,1.0,2024-03,Q1 2024
Revel Ballpark,2024-03-30,2.4034925501222366,0.9127272727272727,2.1937332002933867,1.0,2024-03,Q1 2024
Revel Ballpark,2024-03-31,2.4034925501222366,0.9127272727272727,2.1937332002933867,1.0,2024-03,Q1 2024
Revel Ballpark,2024-04-01,2.4009711393342035,0.9127272727272727,2.1914318399014,1.0,2024-04,Q2 2024
Revel Ballpark,2024-04-02,2.410578784860005,0.9163636363636364,2.20896674103535,1.0,2024-04,Q2 2024
Revel Ballpark,2024-04-03,2.410578784860005,0.9163636363636364,2.20896674103535,1.0,2024-04,Q2 2024
Revel Ballpark,2024-04-04,2.411427969711645,0.9127272727272727,2.200976074173174,1.0,2024-04,Q2 2024
Revel Ballpark,2024-04-05,2.411427969711645,0.9127272727272727,2.200976074173174,1.0,2024-04,Q2 2024
Revel Ballpark,2024-04-06,2.411427969711645,0.9127272727272727,2.200976074173174,1.0,2024-04,Q2 2024
Revel Ballpark,2024-04-07,2.411427969711645,0.9127272727272727,2.200976074173174,1.0,2024-04,Q2 2024
Revel Ballpark,2024-04-08,2.411427969711645,0.9054545454545455,2.183438416211635,1.0,2024-04,Q2 2024
Revel Ballpark,2024-04-09,2.411427969711645,0.9054545454545455,2.183438416211635,1.0,2024-04,Q2 2024
Revel Ballpark,2024-04-10,2.411427969711645,0.9018181818181819,2.1746695872308655,1.0,2024-04,Q2 2024
Revel Ballpark,2024-04-11,2.411427969711645,0.9018181818181819,2.1746695872308655,1.0,2024-04,Q2 2024
Revel Ballpark,2024-04-12,2.411427969711645,0.9018181818181819,2.1746695872308655,1.0,2024-04,Q2 2024
Revel Ballpark,2024-04-13,2.411427969711645,0.9018181818181819,2.1746695872308655,1.0,2024-04,Q2 2024
Revel Ballpark,2024-04-14,2.4204549696778517,0.9018181818181819,2.1828102999276626,1.0,2024-04,Q2 2024
Revel Ballpark,2024-04-15,2.4204549696778517,0.9054545454545455,2.191611954362855,1.0,2024-04,Q2 2024
Revel Ballpark,2024-04-16,2.4204549696778517,0.9054545454545455,2.191611954362855,1.0,2024-04,Q2 2024
Revel Ballpark,2024-04-17,2.4204549696778517,0.9054545454545455,2.191611954362855,1.0,2024-04,Q2 2024
Revel Ballpark,2024-04-18,2.421894260714818,0.9054545454545455,2.192915166974508,1.0,2024-04,Q2 2024
Revel Ballpark,2024-04-19,2.421894260714818,0.9090909090909091,2.201722055195289,1.0,2024-04,Q2 2024
Revel Ballpark,2024-04-20,2.421894260714818,0.9090909090909091,2.201722055195289,1.0,2024-04,Q2 2024
Revel Ballpark,2024-04-21,2.421894260714818,0.9054545454545455,2.192915166974508,1.0,2024-04,Q2 2024
Revel Ballpark,2024-04-22,2.421894260714818,0.9054545454545455,2.192915166974508,1.0,2024-04,Q2 2024
Revel Ballpark,2024-04-23,2.421894260714818,0.9054545454545455,2.192915166974508,1.0,2024-04,Q2 2024
Revel Ballpark,2024-04-24,2.421894260714818,0.9018181818181819,2.184108278753727,1.0,2024-04,Q2 2024
Revel Ballpark,2024-04-25,2.421894260714818,0.8981818181818182,2.1753013905329457,1.0,2024-04,Q2 2024
Revel Ballpark,2024-04-26,2.421894260714818,0.8981818181818182,2.1753013905329457,1.0,2024-04,Q2 2024
Revel Ballpark,2024-04-27,2.421894260714818,0.8981818181818182,2.1753013905329457,1.0,2024-04,Q2 2024
Revel Ballpark,2024-04-28,2.421894260714818,0.8981818181818182,2.1753013905329457,1.0,2024-04,Q2 2024
Revel Ballpark,2024-04-29,2.421894260714818,0.8981818181818182,2.1753013905329457,1.0,2024-04,Q2 2024
Revel Ballpark,2024-04-30,2.421894260714818,0.8981818181818182,2.1753013905329457,1.0,2024-04,Q2 2024
Revel Ballpark,2024-05-01,2.421894260714818,0.8981818181818182,2.1753013905329457,1.0,2024-05,Q2 2024
Revel Ballpark,2024-05-02,2.42204715250756,0.8945454545454545,2.166631270970399,1.0,2024-05,Q2 2024
Revel Ballpark,2024-05-03,2.42204715250756,0.8945454545454545,2.166631270970399,1.0,2024-05,Q2 2024
Revel Ballpark,2024-05-04,2.42204715250756,0.8945454545454545,2.166631270970399,1.0,2024-05,Q2 2024
Revel Ballpark,2024-05-05,2.426832911359976,0.8945454545454545,2.1709123497983787,1.0,2024-05,Q2 2024
Revel Ballpark,2024-05-06,2.4354639748231595,0.8981818181818182,2.187489461022983,1.0,2024-05,Q2 2024
Revel Ballpark,2024-05-07,2.4354639748231595,0.9127272727272727,2.2229143915658653,1.0,2024-05,Q2 2024
Revel Ballpark,2024-05-08,2.4354639748231595,0.9127272727272727,2.2229143915658653,1.0,2024-05,Q2 2024
Revel Ballpark,2024-05-09,2.4354639748231595,0.9127272727272727,2.2229143915658653,1.0,2024-05,Q2 2024
Revel Ballpark,2024-05-10,2.4354639748231595,0.9090909090909091,2.2140581589301447,1.0,2024-05,Q2 2024
Revel Ballpark,2024-05-11,2.4354639748231595,0.9054545454545455,2.2052019262944245,1.0,2024-05,Q2 2024
Revel Ballpark,2024-05-12,2.4354639748231595,0.9054545454545455,2.2052019262944245,1.0,2024-05,Q2 2024
Revel Ballpark,2024-05-13,2.4354639748231595,0.9054545454545455,2.2052019262944245,1.0,2024-05,Q2 2024
Revel Ballpark,2024-05-14,2.4354639748231595,0.9018181818181819,2.196345693658704,1.0,2024-05,Q2 2024
Revel Ballpark,2024-05-15,2.4354639748231595,0.9018181818181819,2.196345693658704,1.0,2024-05,Q2 2024
Revel Ballpark,2024-05-16,2.4356071214036312,0.8981818181818182,2.187618032678898,1.0,2024-05,Q2 2024
Revel Ballpark,2024-05-17,2.442567596874466,0.8981818181818182,2.193869805192702,1.0,2024-05,Q2 2024
Revel Ballpark,2024-05-18,2.442671204788806,0.9018181818181819,2.202845304682269,1.0,2024-05,Q2 2024
Revel Ballpark,2024-05-19,2.437418680471954,0.9054545454545455,2.2069718234091513,1.0,2024-05,Q2 2024
Revel Ballpark,2024-05-20,2.437418680471954,0.9090909090909091,2.2158351640654126,1.0,2024-05,Q2 2024
Revel Ballpark,2024-05-21,2.437418680471954,0.9090909090909091,2.2158351640654126,1.0,2024-05,Q2 2024
Revel Ballpark,2024-05-22,2.437418680471954,0.9090909090909091,2.2158351640654126,1.0,2024-05,Q2 2024
Revel Ballpark,2024-05-23,2.4435303704710836,0.9018181818181819,2.203620115915741,1.0,2024-05,Q2 2024
Revel Ballpark,2024-05-24,2.4435303704710836,0.9054545454545455,2.2125056808992722,1.0,2024-05,Q2 2024
Revel Ballpark,2024-05-25,2.4435303704710836,0.9054545454545455,2.2125056808992722,1.0,2024-05,Q2 2024
Revel Ballpark,2024-05-26,2.4435303704710836,0.9018181818181819,2.203620115915741,1.0,2024-05,Q2 2024
Revel Ballpark,2024-05-27,2.447868182548989,0.9018181818181819,2.2075320337169066,1.0,2024-05,Q2 2024
Revel Ballpark,2024-05-28,2.453335019882158,0.9018181818181819,2.2124621270210008,1.0,2024-05,Q2 2024
Revel Ballpark,2024-05-29,2.4547744910129414,0.9054545454545455,2.2226867209535364,1.0,2024-05,Q2 2024
Revel Ballpark,2024-05-30,2.4547744910129414,0.9127272727272727,2.240539626342721,1.0,2024-05,Q2 2024
Revel Ballpark,2024-05-31,2.4547744910129414,0.9127272727272727,2.240539626342721,1.0,2024-05,Q2 2024
Revel Ballpark,2024-06-01,2.4547744910129414,0.9127272727272727,2.240539626342721,1.0,2024-06,Q2 2024
Revel Ballpark,2024-06-02,2.4547744910129414,0.9054545454545455,2.2226867209535364,1.0,2024-06,Q2 2024
Revel Ballpark,2024-06-03,2.4547744910129414,0.9054545454545455,2.2226867209535364,1.0,2024-06,Q2 2024
Revel Ballpark,2024-06-04,2.449827444515718,0.9054545454545455,2.21820739521605,1.0,2024-06,Q2 2024
Revel Ballpark,2024-06-05,2.449827444515718,0.9090909090909091,2.2271158586506528,1.0,2024-06,Q2 2024
Revel Ballpark,2024-06-06,2.449827444515718,0.9054545454545455,2.21820739521605,1.0,2024-06,Q2 2024
Revel Ballpark,2024-06-07,2.449827444515718,0.9054545454545455,2.21820739521605,1.0,2024-06,Q2 2024
Revel Ballpark,2024-06-08,2.449827444515718,0.9054545454545455,2.21820739521605,1.0,2024-06,Q2 2024
Revel Ballpark,2024-06-09,2.451500205232066,0.9018181818181819,2.210807457809281,1.0,2024-06,Q2 2024
Revel Ballpark,2024-06-10,2.451500205232066,0.9054545454545455,2.219722004010125,1.0,2024-06,Q2 2024
Revel Ballpark,2024-06-11,2.451500205232066,0.9018181818181819,2.210807457809281,1.0,2024-06,Q2 2024
Revel Ballpark,2024-06-12,2.451500205232066,0.9018181818181819,2.210807457809281,1.0,2024-06,Q2 2024
Revel Ballpark,2024-06-13,2.451500205232066,0.9018181818181819,2.210807457809281,1.0,2024-06,Q2 2024
Revel Ballpark,2024-06-14,2.457971736699189,0.9018181818181819,2.2166436025505414,1.0,2024-06,Q2 2024
Revel Ballpark,2024-06-15,2.457971736699189,0.9054545454545455,2.225581681593084,1.0,2024-06,Q2 2024
Revel Ballpark,2024-06-16,2.457971736699189,0.9054545454545455,2.225581681593084,1.0,2024-06,Q2 2024
Revel Ballpark,2024-06-17,2.457971736699189,0.8981818181818182,2.207705523507999,1.0,2024-06,Q2 2024
Revel Ballpark,2024-06-18,2.457971736699189,0.8981818181818182,2.207705523507999,1.0,2024-06,Q2 2024
Revel Ballpark,2024-06-19,2.457971736699189,0.8981818181818182,2.207705523507999,1.0,2024-06,Q2 2024
Revel Ballpark,2024-06-20,2.464496284337903,0.8981818181818182,2.213565753568953,1.0,2024-06,Q2 2024
Revel Ballpark,2024-06-21,2.4581611763257305,0.8909090909090909,2.189998138908378,1.0,2024-06,Q2 2024
Revel Ballpark,2024-06-22,2.4581611763257305,0.8945454545454545,2.19893690682229,1.0,2024-06,Q2 2024
Revel Ballpark,2024-06-23,2.4581611763257305,0.8909090909090909,2.189998138908378,1.0,2024-06,Q2 2024
Revel Ballpark,2024-06-24,2.463818400243407,0.8909090909090909,2.1950382111259445,1.0,2024-06,Q2 2024
Revel Ballpark,2024-06-25,2.463818400243407,0.8945454545454545,2.2039975507631935,1.0,2024-06,Q2 2024
Revel Ballpark,2024-06-26,2.463818400243407,0.8945454545454545,2.2039975507631935,1.0,2024-06,Q2 2024
Revel Ballpark,2024-06-27,2.463818400243407,0.8945454545454545,2.2039975507631935,1.0,2024-06,Q2 2024
Revel Ballpark,2024-06-28,2.463818400243407,0.8909090909090909,2.1950382111259445,1.0,2024-06,Q2 2024
Revel Ballpark,2024-06-29,2.463818400243407,0.8909090909090909,2.1950382111259445,1.0,2024-06,Q2 2024
Revel Ballpark,2024-06-30,2.463818400243407,0.8909090909090909,2.1950382111259445,1.0,2024-06,Q2 2024
Revel Ballpark,2024-07-01,2.456553086590789,0.8872727272727272,2.1796325568296457,1.0,2024-07,Q3 2024
Revel Ballpark,2024-07-02,2.456553086590789,0.8909090909090909,2.1885654771445213,1.0,2024-07,Q3 2024
Revel Ballpark,2024-07-03,2.456553086590789,0.8909090909090909,2.1885654771445213,1.0,2024-07,Q3 2024
Revel Ballpark,2024-07-04,2.456553086590789,0.8909090909090909,2.1885654771445213,1.0,2024-07,Q3 2024
Revel Ballpark,2024-07-05,2.456553086590789,0.8909090909090909,2.1885654771445213,1.0,2024-07,Q3 2024
Revel Ballpark,2024-07-06,2.456553086590789,0.8909090909090909,2.1885654771445213,1.0,2024-07,Q3 2024
Revel Ballpark,2024-07-07,2.456553086590789,0.8909090909090909,2.1885654771445213,1.0,2024-07,Q3 2024
Revel Ballpark,2024-07-08,2.4523452969767003,0.8909090909090909,2.1848167191246968,1.0,2024-07,Q3 2024
Revel Ballpark,2024-07-09,2.4523452969767003,0.8981818181818182,2.202651957648164,1.0,2024-07,Q3 2024
Revel Ballpark,2024-07-10,2.4523452969767003,0.8981818181818182,2.202651957648164,1.0,2024-07,Q3 2024
Revel Ballpark,2024-07-11,2.4457955767335133,0.8981818181818182,2.196769118011556,1.0,2024-07,Q3 2024
Revel Ballpark,2024-07-12,2.4411777053135015,0.9018181818181819,2.201498439700903,1.0,2024-07,Q3 2024
Revel Ballpark,2024-07-13,2.4411777053135015,0.9054545454545455,2.210375449538407,1.0,2024-07,Q3 2024
Revel Ballpark,2024-07-14,2.441929058109762,0.9018181818181819,2.202176023313531,1.0,2024-07,Q3 2024
Revel Ballpark,2024-07-15,2.441929058109762,0.9054545454545455,2.211055765343021,1.0,2024-07,Q3 2024
Revel Ballpark,2024-07-16,2.441929058109762,0.9054545454545455,2.211055765343021,1.0,2024-07,Q3 2024
Revel Ballpark,2024-07-17,2.437677175781663,0.9054545454545455,2.2072058791623057,1.0,2024-07,Q3 2024
Revel Ballpark,2024-07-18,2.437677175781663,0.9090909090909091,2.216070159801512,1.0,2024-07,Q3 2024
Revel Ballpark,2024-07-19,2.437677175781663,0.9090909090909091,2.216070159801512,1.0,2024-07,Q3 2024
Revel Ballpark,2024-07-20,2.437677175781663,0.9090909090909091,2.216070159801512,1.0,2024-07,Q3 2024
Revel Ballpark,2024-07-21,2.4428072958451126,0.9090909090909091,2.2207339053137387,1.0,2024-07,Q3 2024
Revel Ballpark,2024-07-22,2.4428072958451126,0.9090909090909091,2.2207339053137387,1.0,2024-07,Q3 2024
Revel Ballpark,2024-07-23,2.4428072958451126,0.9054545454545455,2.2118509696924837,1.0,2024-07,Q3 2024
Revel Ballpark,2024-07-24,2.4431592547923215,0.9054545454545455,2.2121696525210477,1.0,2024-07,Q3 2024
Revel Ballpark,2024-07-25,2.4478371845691234,0.9054545454545455,2.21640530530077,1.0,2024-07,Q3 2024
Revel Ballpark,2024-07-26,2.4415738650522467,0.8945454545454545,2.1840988029194643,1.0,2024-07,Q3 2024
Revel Ballpark,2024-07-27,2.4415738650522467,0.8981818181818182,2.192977253337836,1.0,2024-07,Q3 2024
Revel Ballpark,2024-07-28,2.4464687709969315,0.8981818181818182,2.197373768859062,1.0,2024-07,Q3 2024
Revel Ballpark,2024-07-29,2.4466233422767436,0.9018181818181819,2.206409414125936,1.0,2024-07,Q3 2024
Revel Ballpark,2024-07-30,2.4466233422767436,0.9054545454545455,2.2153062262796697,1.0,2024-07,Q3 2024
Revel Ballpark,2024-07-31,2.4466233422767436,0.9018181818181819,2.206409414125936,1.0,2024-07,Q3 2024
Revel Ballpark,2024-08-01,2.4466233422767436,0.9018181818181819,2.206409414125936,1.0,2024-08,Q3 2024
Revel Ballpark,2024-08-02,2.4466233422767436,0.9018181818181819,2.206409414125936,1.0,2024-08,Q3 2024
Revel Ballpark,2024-08-03,2.4473549796678578,0.8981818181818182,2.198169745374403,1.0,2024-08,Q3 2024
Revel Ballpark,2024-08-04,2.4473549796678578,0.8981818181818182,2.198169745374403,1.0,2024-08,Q3 2024
Revel Ballpark,2024-08-05,2.4473549796678578,0.8981818181818182,2.198169745374403,1.0,2024-08,Q3 2024
Revel Ballpark,2024-08-06,2.452203749771978,0.8945454545454545,2.193607717977842,1.0,2024-08,Q3 2024
Revel Ballpark,2024-08-07,2.452203749771978,0.8909090909090909,2.184690613433217,1.0,2024-08,Q3 2024
Revel Ballpark,2024-08-08,2.452203749771978,0.8909090909090909,2.184690613433217,1.0,2024-08,Q3 2024
Revel Ballpark,2024-08-09,2.452203749771978,0.8872727272727272,2.1757735088885912,1.0,2024-08,Q3 2024
Revel Ballpark,2024-08-10,2.442650276860317,0.8872727272727272,2.1672969729233356,1.0,2024-08,Q3 2024
Revel Ballpark,2024-08-11,2.442650276860317,0.8909090909090909,2.176179337566464,1.0,2024-08,Q3 2024
Revel Ballpark,2024-08-12,2.4419392265680044,0.8909090909090909,2.1755458563969494,1.0,2024-08,Q3 2024
Revel Ballpark,2024-08-13,2.4419392265680044,0.8945454545454545,2.184425635402651,1.0,2024-08,Q3 2024
Revel Ballpark,2024-08-14,2.4363102183876073,0.8909090909090909,2.170530921836232,1.0,2024-08,Q3 2024
Revel Ballpark,2024-08-15,2.4363102183876073,0.8945454545454545,2.179390231721278,1.0,2024-08,Q3 2024
Revel Ballpark,2024-08-16,2.4363102183876073,0.8909090909090909,2.170530921836232,1.0,2024-08,Q3 2024
Revel Ballpark,2024-08-17,2.4396752145333642,0.8836363636363637,2.1557857350240273,1.0,2024-08,Q3 2024
Revel Ballpark,2024-08-18,2.4396752145333642,0.8872727272727272,2.1646572812586937,1.0,2024-08,Q3 2024
Revel Ballpark,2024-08-19,2.4396752145333642,0.8872727272727272,2.1646572812586937,1.0,2024-08,Q3 2024
Revel Ballpark,2024-08-20,2.437047352523537,0.8836363636363637,2.1534636605935256,1.0,2024-08,Q3 2024
Revel Ballpark,2024-08-21,2.436315161963547,0.8872727272727272,2.1616759982512925,1.0,2024-08,Q3 2024
Revel Ballpark,2024-08-22,2.4350112609663044,0.8872727272727272,2.1605190824573755,1.0,2024-08,Q3 2024
Revel Ballpark,2024-08-23,2.4350112609663044,0.8836363636363637,2.151664496053862,1.0,2024-08,Q3 2024
Revel Ballpark,2024-08-24,2.4350112609663044,0.88,2.1428099096503477,1.0,2024-08,Q3 2024
Revel Ballpark,2024-08-25,2.4350112609663044,0.88,2.1428099096503477,1.0,2024-08,Q3 2024
Revel Ballpark,2024-08-26,2.4350112609663044,0.88,2.1428099096503477,1.0,2024-08,Q3 2024
Revel Ballpark,2024-08-27,2.4350112609663044,0.88,2.1428099096503477,1.0,2024-08,Q3 2024
Revel Ballpark,2024-08-28,2.4350112609663044,0.88,2.1428099096503477,1.0,2024-08,Q3 2024
Revel Ballpark,2024-08-29,2.4350112609663044,0.88,2.1428099096503477,1.0,2024-08,Q3 2024
Revel Ballpark,2024-08-30,2.4350112609663044,0.8763636363636363,2.133955323246834,1.0,2024-08,Q3 2024
Revel Ballpark,2024-08-31,2.4350112609663044,0.8763636363636363,2.133955323246834,1.0,2024-08,Q3 2024
Revel Ballpark,2024-09-01,2.4349227451203923,0.8763636363636363,2.1338777511782347,1.0,2024-09,Q3 2024
Revel Ballpark,2024-09-02,2.438876656743222,0.88,2.1462114579340352,1.0,2024-09,Q3 2024
Revel Ballpark,2024-09-03,2.438876656743222,0.8836363636363637,2.1550801003221927,1.0,2024-09,Q3 2024
Revel Ballpark,2024-09-04,2.4417693828361076,0.8836363636363637,2.157636218287906,1.0,2024-09,Q3 2024
Revel Ballpark,2024-09-05,2.4417693828361076,0.8872727272727272,2.166515379680037,1.0,2024-09,Q3 2024
Revel Ballpark,2024-09-06,2.437637598294217,0.8836363636363637,2.1539852232199808,1.0,2024-09,Q3 2024
Revel Ballpark,2024-09-07,2.442586999289319,0.88,2.149476559374601,1.0,2024-09,Q3 2024
Revel Ballpark,2024-09-08,2.442586999289319,0.8872727272727272,2.1672408284603413,1.0,2024-09,Q3 2024
Revel Ballpark,2024-09-09,2.442586999289319,0.8872727272727272,2.1672408284603413,1.0,2024-09,Q3 2024
Revel Ballpark,2024-09-10,2.442586999289319,0.8872727272727272,2.1672408284603413,1.0,2024-09,Q3 2024
Revel Ballpark,2024-09-11,2.442586999289319,0.8836363636363637,2.1583586939174713,1.0,2024-09,Q3 2024
Revel Ballpark,2024-09-12,2.442586999289319,0.8836363636363637,2.1583586939174713,1.0,2024-09,Q3 2024
Revel Ballpark,2024-09-13,2.442586999289319,0.8836363636363637,2.1583586939174713,1.0,2024-09,Q3 2024
Revel Ballpark,2024-09-14,2.4446651749751434,0.8836363636363637,2.16019504552349,1.0,2024-09,Q3 2024
Revel Ballpark,2024-09-15,2.4446651749751434,0.8836363636363637,2.16019504552349,1.0,2024-09,Q3 2024
Revel Ballpark,2024-09-16,2.4446651749751434,0.8836363636363637,2.16019504552349,1.0,2024-09,Q3 2024
Revel Ballpark,2024-09-17,2.4446651749751434,0.8836363636363637,2.16019504552349,1.0,2024-09,Q3 2024
Revel Ballpark,2024-09-18,2.451041545676009,0.8836363636363637,2.1658294385428007,1.0,2024-09,Q3 2024
Revel Ballpark,2024-09-19,2.451041545676009,0.8763636363636363,2.148003681846975,1.0,2024-09,Q3 2024
Revel Ballpark,2024-09-20,2.451041545676009,0.8763636363636363,2.148003681846975,1.0,2024-09,Q3 2024
Revel Ballpark,2024-09-21,2.451041545676009,0.8763636363636363,2.148003681846975,1.0,2024-09,Q3 2024
Revel Ballpark,2024-09-22,2.451041545676009,0.8763636363636363,2.148003681846975,1.0,2024-09,Q3 2024
Revel Ballpark,2024-09-23,2.451041545676009,0.8763636363636363,2.148003681846975,1.0,2024-09,Q3 2024
Revel Ballpark,2024-09-24,2.4466216525804563,0.8763636363636363,2.144130248261418,1.0,2024-09,Q3 2024
Revel Ballpark,2024-09-25,2.4466216525804563,0.88,2.1530270542708014,1.0,2024-09,Q3 2024
Revel Ballpark,2024-09-26,2.4466216525804563,0.88,2.1530270542708014,1.0,2024-09,Q3 2024
Revel Ballpark,2024-09-27,2.4466216525804563,0.88,2.1530270542708014,1.0,2024-09,Q3 2024
Revel Ballpark,2024-09-28,2.4466216525804563,0.88,2.1530270542708014,1.0,2024-09,Q3 2024
Revel Ballpark,2024-09-29,2.4466216525804563,0.88,2.1530270542708014,1.0,2024-09,Q3 2024
Revel Ballpark,2024-09-30,2.4466216525804563,0.8763636363636363,2.144130248261418,1.0,2024-09,Q3 2024
Revel Ballpark,2024-10-01,2.446435063537487,0.8763636363636363,2.143966728409216,1.0,2024-10,Q4 2024
Revel Ballpark,2024-10-02,2.446435063537487,0.88,2.1528628559129888,1.0,2024-10,Q4 2024
Revel Ballpark,2024-10-03,2.44167425222286,0.88,2.148673341956117,1.0,2024-10,Q4 2024
Revel Ballpark,2024-10-04,2.44167425222286,0.8836363636363637,2.1575521574187455,1.0,2024-10,Q4 2024
Revel Ballpark,2024-10-05,2.44167425222286,0.8836363636363637,2.1575521574187455,1.0,2024-10,Q4 2024
Revel Ballpark,2024-10-06,2.44167425222286,0.8763636363636363,2.139794526493488,1.0,2024-10,Q4 2024
Revel Ballpark,2024-10-07,2.44167425222286,0.8763636363636363,2.139794526493488,1.0,2024-10,Q4 2024
Revel Ballpark,2024-10-08,2.44167425222286,0.8763636363636363,2.139794526493488,1.0,2024-10,Q4 2024
Revel Ballpark,2024-10-09,2.44167425222286,0.8763636363636363,2.139794526493488,1.0,2024-10,Q4 2024
Revel Ballpark,2024-10-10,2.44167425222286,0.8763636363636363,2.139794526493488,1.0,2024-10,Q4 2024
Revel Ballpark,2024-10-11,2.435922465394639,0.8763636363636363,2.13475386967312,1.0,2024-10,Q4 2024
Revel Ballpark,2024-10-12,2.435922465394639,0.8763636363636363,2.13475386967312,1.0,2024-10,Q4 2024
Revel Ballpark,2024-10-13,2.435922465394639,0.8763636363636363,2.13475386967312,1.0,2024-10,Q4 2024
Revel Ballpark,2024-10-14,2.435922465394639,0.8763636363636363,2.13475386967312,1.0,2024-10,Q4 2024
Revel Ballpark,2024-10-15,2.435922465394639,0.8763636363636363,2.13475386967312,1.0,2024-10,Q4 2024
Revel Ballpark,2024-10-16,2.435922465394639,0.8763636363636363,2.13475386967312,1.0,2024-10,Q4 2024
Revel Ballpark,2024-10-17,2.435922465394639,0.8763636363636363,2.13475386967312,1.0,2024-10,Q4 2024
Revel Ballpark,2024-10-18,2.435922465394639,0.8690909090909091,2.1170380699247953,1.0,2024-10,Q4 2024
Revel Ballpark,2024-10-19,2.435922465394639,0.8690909090909091,2.1170380699247953,1.0,2024-10,Q4 2024
Revel Ballpark,2024-10-20,2.435922465394639,0.8690909090909091,2.1170380699247953,1.0,2024-10,Q4 2024
Revel Ballpark,2024-10-21,2.435922465394639,0.8690909090909091,2.1170380699247953,1.0,2024-10,Q4 2024
Revel Ballpark,2024-10-22,2.435922465394639,0.8690909090909091,2.1170380699247953,1.0,2024-10,Q4 2024
Revel Ballpark,2024-10-23,2.435922465394639,0.8581818181818182,2.0904643703023083,1.0,2024-10,Q4 2024
Revel Ballpark,2024-10-24,2.435922465394639,0.8581818181818182,2.0904643703023083,1.0,2024-10,Q4 2024
Revel Ballpark,2024-10-25,2.435922465394639,0.8545454545454545,2.081606470428146,1.0,2024-10,Q4 2024
Revel Ballpark,2024-10-26,2.4393567670642464,0.850909090909091,2.075670849065577,1.0,2024-10,Q4 2024
Revel Ballpark,2024-10-27,2.442697401667643,0.8581818181818182,2.096278497431141,1.0,2024-10,Q4 2024
Revel Ballpark,2024-10-28,2.442697401667643,0.8618181818181818,2.1051610334372053,1.0,2024-10,Q4 2024
Revel Ballpark,2024-10-29,2.442697401667643,0.8618181818181818,2.1051610334372053,1.0,2024-10,Q4 2024
Revel Ballpark,2024-10-30,2.445139493582696,0.8618181818181818,2.1072656726512693,1.0,2024-10,Q4 2024
Revel Ballpark,2024-10-31,2.445139493582696,0.8690909090909091,2.1250485053318706,1.0,2024-10,Q4 2024
Revel Ballpark,2024-11-01,2.4463162922659643,0.8690909090909091,2.126071250369329,1.0,2024-11,Q4 2024
Revel Ballpark,2024-11-02,2.4466280713412845,0.8654545454545455,2.1174453853790025,1.0,2024-11,Q4 2024
Revel Ballpark,2024-11-03,2.4466280713412845,0.8618181818181818,2.1085485560286705,1.0,2024-11,Q4 2024
Revel Ballpark,2024-11-04,2.441313159340848,0.8618181818181818,2.103968068231931,1.0,2024-11,Q4 2024
Revel Ballpark,2024-11-05,2.44111197089847,0.8581818181818182,2.0949179095710506,1.0,2024-11,Q4 2024
Revel Ballpark,2024-11-06,2.4356298151950564,0.850909090909091,2.072499551838703,1.0,2024-11,Q4 2024
Revel Ballpark,2024-11-07,2.431069516906934,0.8472727272727273,2.05977889977933,1.0,2024-11,Q4 2024
Revel Ballpark,2024-11-08,2.431069516906934,0.8472727272727273,2.05977889977933,1.0,2024-11,Q4 2024
Revel Ballpark,2024-11-09,2.430225215376333,0.8472727272727273,2.0590635461188564,1.0,2024-11,Q4 2024
Revel Ballpark,2024-11-10,2.430225215376333,0.8472727272727273,2.0590635461188564,1.0,2024-11,Q4 2024
Revel Ballpark,2024-11-11,2.4276869671039547,0.8436363636363636,2.048085004974973,1.0,2024-11,Q4 2024
Revel Ballpark,2024-11-12,2.422308418691101,0.850909090909091,2.0611642544498823,1.0,2024-11,Q4 2024
Revel Ballpark,2024-11-13,2.422308418691101,0.8472727272727273,2.0523558602000964,1.0,2024-11,Q4 2024
Revel Ballpark,2024-11-14,2.422308418691101,0.84,2.0347390717005247,1.0,2024-11,Q4 2024
Revel Ballpark,2024-11-15,2.422308418691101,0.84,2.0347390717005247,1.0,2024-11,Q4 2024
Revel Ballpark,2024-11-16,2.421451303959244,0.8363636363636364,2.025213817856822,1.0,2024-11,Q4 2024
Revel Ballpark,2024-11-17,2.421451303959244,0.84,2.034019095325765,1.0,2024-11,Q4 2024
Revel Ballpark,2024-11-18,2.426137682449921,0.84,2.0379556532579333,1.0,2024-11,Q4 2024
Revel Ballpark,2024-11-19,2.426137682449921,0.84,2.0379556532579333,1.0,2024-11,Q4 2024
Revel Ballpark,2024-11-20,2.426137682449921,0.84,2.0379556532579333,1.0,2024-11,Q4 2024
Revel Ballpark,2024-11-21,2.4205590220430717,0.84,2.03326957851618,1.0,2024-11,Q4 2024
Revel Ballpark,2024-11-22,2.4205590220430717,0.8472727272727273,2.050873644131039,1.0,2024-11,Q4 2024
Revel Ballpark,2024-11-23,2.4199343219967244,0.8472727272727273,2.050344352819043,1.0,2024-11,Q4 2024
Revel Ballpark,2024-11-24,2.4199343219967244,0.850909090909091,2.05914411398994,1.0,2024-11,Q4 2024
Revel Ballpark,2024-11-25,2.4199343219967244,0.850909090909091,2.05914411398994,1.0,2024-11,Q4 2024
Revel Ballpark,2024-11-26,2.4187732437828293,0.850909090909091,2.0581561419824803,1.0,2024-11,Q4 2024
Revel Ballpark,2024-11-27,2.4187732437828293,0.8545454545454545,2.066951681050781,1.0,2024-11,Q4 2024
Revel Ballpark,2024-11-28,2.4187732437828293,0.8545454545454545,2.066951681050781,1.0,2024-11,Q4 2024
Revel Ballpark,2024-11-29,2.4220163498318446,0.8545454545454545,2.0697230625835763,1.0,2024-11,Q4 2024
Revel Ballpark,2024-11-30,2.4220163498318446,0.8581818181818182,2.078530394764783,1.0,2024-11,Q4 2024
Revel Ballpark,2024-12-01,2.4220163498318446,0.8581818181818182,2.078530394764783,1.0,2024-12,Q4 2024
Revel Ballpark,2024-12-02,2.420651810488022,0.8581818181818182,2.0773593719097208,1.0,2024-12,Q4 2024
Revel Ballpark,2024-12-03,2.420651810488022,0.8618181818181818,2.086161742129677,1.0,2024-12,Q4 2024
Revel Ballpark,2024-12-04,2.4135914871559474,0.8618181818181818,2.08007702711258,1.0,2024-12,Q4 2024
Revel Ballpark,2024-12-05,2.4135914871559474,0.8654545454545455,2.088853723429511,1.0,2024-12,Q4 2024
Revel Ballpark,2024-12-06,2.416895557534192,0.8654545454545455,2.091713246156864,1.0,2024-12,Q4 2024
Revel Ballpark,2024-12-07,2.416895557534192,0.8654545454545455,2.091713246156864,1.0,2024-12,Q4 2024
Revel Ballpark,2024-12-08,2.416487612338647,0.8654545454545455,2.0913601881330837,1.0,2024-12,Q4 2024
Revel Ballpark,2024-12-09,2.414267030657562,0.8690909090909091,2.0982175284623903,1.0,2024-12,Q4 2024
Revel Ballpark,2024-12-10,2.414267030657562,0.8690909090909091,2.0982175284623903,1.0,2024-12,Q4 2024
Revel Ballpark,2024-12-11,2.4137395870308347,0.8690909090909091,2.0977591320013436,1.0,2024-12,Q4 2024
Revel Ballpark,2024-12-12,2.4137395870308347,0.8727272727272728,2.106536366863274,1.0,2024-12,Q4 2024
Revel Ballpark,2024-12-13,2.4137395870308347,0.8727272727272728,2.106536366863274,1.0,2024-12,Q4 2024
Revel Ballpark,2024-12-14,2.4127952067669747,0.8727272727272728,2.105712180451178,1.0,2024-12,Q4 2024
Revel Ballpark,2024-12-15,2.4127952067669747,0.8763636363636363,2.1144859812030576,1.0,2024-12,Q4 2024
Revel Ballpark,2024-12-16,2.4127952067669747,0.8763636363636363,2.1144859812030576,1.0,2024-12,Q4 2024
Revel Ballpark,2024-12-17,2.4127952067669747,0.8763636363636363,2.1144859812030576,1.0,2024-12,Q4 2024
Revel Ballpark,2024-12-18,2.4127952067669747,0.8763636363636363,2.1144859812030576,1.0,2024-12,Q4 2024
Revel Ballpark,2024-12-19,2.411256971248742,0.8763636363636363,2.113137927530716,1.0,2024-12,Q4 2024
Revel Ballpark,2024-12-20,2.4093856992444267,0.8763636363636363,2.1114980127923886,1.0,2024-12,Q4 2024
Revel Ballpark,2024-12-21,2.4093856992444267,0.88,2.1202594153350955,1.0,2024-12,Q4 2024
Revel Ballpark,2024-12-22,2.405853017516653,0.88,2.1171506554146546,1.0,2024-12,Q4 2024
Revel Ballpark,2024-12-23,2.404511780464979,0.8836363636363637,2.1247140460108724,1.0,2024-12,Q4 2024
Revel Ballpark,2024-12-24,2.4022584454917824,0.8872727272727272,2.131458402545436,1.0,2024-12,Q4 2024
Revel Ballpark,2024-12-25,2.4022584454917824,0.8909090909090909,2.1401938878017694,1.0,2024-12,Q4 2024
Revel Ballpark,2024-12-26,2.4022584454917824,0.8909090909090909,2.1401938878017694,1.0,2024-12,Q4 2024
Revel Ballpark,2024-12-27,2.4022584454917824,0.8909090909090909,2.1401938878017694,1.0,2024-12,Q4 2024
Revel Ballpark,2024-12-28,2.4053051549355886,0.8909090909090909,2.1429082289426153,1.0,2024-12,Q4 2024
Revel Ballpark,2024-12-29,2.4053051549355886,0.8909090909090909,2.1429082289426153,1.0,2024-12,Q4 2024
Revel Ballpark,2024-12-30,2.3979315254762765,0.8909090909090909,2.136338995424319,1.0,2024-12,Q4 2024
Revel Ballpark,2024-12-31,2.3979315254762765,0.8981818181818182,2.153778497427783,1.0,2024-12,Q4 2024
Revel Ballpark,2025-01-01,2.3979315254762765,0.8981818181818182,2.153778497427783,1.0,2025-01,Q1 2025
Revel Ballpark,2025-01-02,2.3979315254762765,0.8945454545454545,2.145058746426051,1.0,2025-01,Q1 2025
Revel Ballpark,2025-01-03,2.3979315254762765,0.8945454545454545,2.145058746426051,1.0,2025-01,Q1 2025
Revel Ballpark,2025-01-04,2.3979315254762765,0.8945454545454545,2.145058746426051,1.0,2025-01,Q1 2025
Revel Ballpark,2025-01-05,2.3979315254762765,0.8945454545454545,2.145058746426051,1.0,2025-01,Q1 2025
Revel Ballpark,2025-01-06,2.3979315254762765,0.8945454545454545,2.145058746426051,1.0,2025-01,Q1 2025
Revel Ballpark,2025-01-07,2.3979315254762765,0.8945454545454545,2.145058746426051,1.0,2025-01,Q1 2025
Revel Ballpark,2025-01-08,2.3956630229206595,0.8945454545454545,2.143029467776299,1.0,2025-01,Q1 2025
Revel Ballpark,2025-01-09,2.390200108151022,0.8981818181818182,2.1468342789574635,1.0,2025-01,Q1 2025
Revel Ballpark,2025-01-10,2.3847804717423275,0.9018181818181819,2.1506383890621716,1.0,2025-01,Q1 2025
Revel Ballpark,2025-01-11,2.3847804717423275,0.9054545454545455,2.1593103180503257,1.0,2025-01,Q1 2025
Revel Ballpark,2025-01-12,2.3847804717423275,0.9018181818181819,2.1506383890621716,1.0,2025-01,Q1 2025
Revel Ballpark,2025-01-13,2.3847804717423275,0.9018181818181819,2.1506383890621716,1.0,2025-01,Q1 2025
Revel Ballpark,2025-01-14,2.3847804717423275,0.9018181818181819,2.1506383890621716,1.0,2025-01,Q1 2025
Revel Ballpark,2025-01-15,2.3847804717423275,0.8945454545454545,2.133294531085864,1.0,2025-01,Q1 2025
Revel Ballpark,2025-01-16,2.384333776417545,0.8945454545454545,2.1328949418135132,1.0,2025-01,Q1 2025
Revel Ballpark,2025-01-17,2.384333776417545,0.8981818181818182,2.1415652464550314,1.0,2025-01,Q1 2025
Revel Ballpark,2025-01-18,2.381728428341479,0.8945454545454545,2.1305643395345593,1.0,2025-01,Q1 2025
Revel Ballpark,2025-01-19,2.3790173861083836,0.9018181818181819,2.145441133654106,1.0,2025-01,Q1 2025
Revel Ballpark,2025-01-20,2.3738146714656456,0.9018181818181819,2.1407492309944733,1.0,2025-01,Q1 2025
Revel Ballpark,2025-01-21,2.3738146714656456,0.9054545454545455,2.1493812843452575,1.0,2025-01,Q1 2025
Revel Ballpark,2025-01-22,2.3738146714656456,0.9018181818181819,2.1407492309944733,1.0,2025-01,Q1 2025
Revel Ballpark,2025-01-23,2.3738146714656456,0.9018181818181819,2.1407492309944733,1.0,2025-01,Q1 2025
Revel Ballpark,2025-01-24,2.377148265090356,0.9018181818181819,2.14375552633603,1.0,2025-01,Q1 2025
Revel Ballpark,2025-01-25,2.3746577532064195,0.9054545454545455,2.1501446565396307,1.0,2025-01,Q1 2025
Revel Ballpark,2025-01-26,2.3746577532064195,0.9054545454545455,2.1501446565396307,1.0,2025-01,Q1 2025
Revel Ballpark,2025-01-27,2.3746577532064195,0.9054545454545455,2.1501446565396307,1.0,2025-01,Q1 2025
Revel Ballpark,2025-01-28,2.3729638697028665,0.9018181818181819,2.139981962495676,1.0,2025-01,Q1 2025
Revel Ballpark,2025-01-29,2.3729638697028665,0.9054545454545455,2.1486109220218683,1.0,2025-01,Q1 2025
Revel Ballpark,2025-01-30,2.372276253627167,0.9054545454545455,2.147988316920599,1.0,2025-01,Q1 2025
Revel Ballpark,2025-01-31,2.372276253627167,0.8981818181818182,2.130735398712401,1.0,2025-01,Q1 2025
Revel Ballpark,2025-02-01,2.3710938893994395,0.8981818181818182,2.1296734206605876,1.0,2025-02,Q1 2025
Revel Ballpark,2025-02-02,2.3710938893994395,0.8981818181818182,2.1296734206605876,1.0,2025-02,Q1 2025
Revel Ballpark,2025-02-03,2.3710938893994395,0.8981818181818182,2.1296734206605876,1.0,2025-02,Q1 2025
Revel Ballpark,2025-02-04,2.3743080990262118,0.8981818181818182,2.1325603653071794,1.0,2025-02,Q1 2025
Revel Ballpark,2025-02-05,2.3743080990262118,0.9018181818181819,2.141194212940002,1.0,2025-02,Q1 2025
Revel Ballpark,2025-02-06,2.3743080990262118,0.9018181818181819,2.141194212940002,1.0,2025-02,Q1 2025
Revel Ballpark,2025-02-07,2.3743080990262118,0.9018181818181819,2.141194212940002,1.0,2025-02,Q1 2025
Revel Ballpark,2025-02-08,2.3743080990262118,0.9018181818181819,2.141194212940002,1.0,2025-02,Q1 2025
Revel Ballpark,2025-02-09,2.3743080990262118,0.9018181818181819,2.141194212940002,1.0,2025-02,Q1 2025
Revel Ballpark,2025-02-10,2.3743080990262118,0.9018181818181819,2.141194212940002,1.0,2025-02,Q1 2025
Revel Ballpark,2025-02-11,2.3743080990262118,0.9018181818181819,2.141194212940002,1.0,2025-02,Q1 2025
Revel Ballpark,2025-02-12,2.3743080990262118,0.8981818181818182,2.1325603653071794,1.0,2025-02,Q1 2025
Revel Ballpark,2025-02-13,2.373042729090416,0.8981818181818182,2.1314238330375734,1.0,2025-02,Q1 2025
Revel Ballpark,2025-02-14,2.371681362238179,0.9127272727272727,2.1646982615337564,1.0,2025-02,Q1 2025
Revel Ballpark,2025-02-15,2.3693240955173063,0.9090909090909091,2.153930995924824,1.0,2025-02,Q1 2025
Revel Ballpark,2025-02-16,2.3712433131784407,0.92,2.1815438481241656,1.0,2025-02,Q1 2025
Revel Ballpark,2025-02-17,2.3712433131784407,0.9236363636363636,2.190166551081178,1.0,2025-02,Q1 2025
Revel Ballpark,2025-02-18,2.3696551533376655,0.9236363636363636,2.188699668900971,1.0,2025-02,Q1 2025
Revel Ballpark,2025-02-19,2.3696551533376655,0.9236363636363636,2.188699668900971,1.0,2025-02,Q1 2025
Revel Ballpark,2025-02-20,2.360305788932294,0.9236363636363636,2.1800642559592824,1.0,2025-02,Q1 2025
Revel Ballpark,2025-02-21,2.360305788932294,0.9272727272727272,2.1886471861008543,1.0,2025-02,Q1 2025
Revel Ballpark,2025-02-22,2.360305788932294,0.9272727272727272,2.1886471861008543,1.0,2025-02,Q1 2025
Revel Ballpark,2025-02-23,2.360305788932294,0.9272727272727272,2.1886471861008543,1.0,2025-02,Q1 2025
Revel Ballpark,2025-02-24,2.360305788932294,0.9272727272727272,2.1886471861008543,1.0,2025-02,Q1 2025
Revel Ballpark,2025-02-25,2.360305788932294,0.9272727272727272,2.1886471861008543,1.0,2025-02,Q1 2025
Revel Ballpark,2025-02-26,2.360305788932294,0.9272727272727272,2.1886471861008543,1.0,2025-02,Q1 2025
Revel Ballpark,2025-02-27,2.3596313432300113,0.9272727272727272,2.1880217909951014,1.0,2025-02,Q1 2025
Revel Ballpark,2025-02-28,2.3596313432300113,0.9309090909090909,2.196602268606847,1.0,2025-02,Q1 2025
Revel Ballpark,2025-03-01,2.3596313432300113,0.9309090909090909,2.196602268606847,1.0,2025-03,Q1 2025
Revel Ballpark,2025-03-02,2.3596313432300113,0.9309090909090909,2.196602268606847,1.0,2025-03,Q1 2025
Revel Ballpark,2025-03-03,2.3596313432300113,0.9272727272727272,2.1880217909951014,1.0,2025-03,Q1 2025
Revel Ballpark,2025-03-04,2.3582043548730707,0.9272727272727272,2.1866985836095747,1.0,2025-03,Q1 2025
Revel Ballpark,2025-03-05,2.3574073413091607,0.9309090909090909,2.1945319250005277,1.0,2025-03,Q1 2025
Revel Ballpark,2025-03-06,2.3574073413091607,0.9345454545454546,2.203104315332561,1.0,2025-03,Q1 2025
Revel Ballpark,2025-03-07,2.3590392016339177,0.9345454545454546,2.2046293629815157,1.0,2025-03,Q1 2025
Revel Ballpark,2025-03-08,2.3590392016339177,0.9418181818181818,2.2217860117206714,1.0,2025-03,Q1 2025
Revel Ballpark,2025-03-09,2.3590392016339177,0.9418181818181818,2.2217860117206714,1.0,2025-03,Q1 2025
Revel Ballpark,2025-03-10,2.3590392016339177,0.9418181818181818,2.2217860117206714,1.0,2025-03,Q1 2025
Revel Ballpark,2025-03-11,2.3590392016339177,0.9418181818181818,2.2217860117206714,1.0,2025-03,Q1 2025
Revel Ballpark,2025-03-12,2.3583933146427363,0.9418181818181818,2.221177703608977,1.0,2025-03,Q1 2025
Revel Ballpark,2025-03-13,2.360026179379938,0.9381818181818182,2.21413365192736,1.0,2025-03,Q1 2025
Revel Ballpark,2025-03-14,2.360026179379938,0.9454545454545454,2.231297478686487,1.0,2025-03,Q1 2025
Revel Ballpark,2025-03-15,2.360026179379938,0.9454545454545454,2.231297478686487,1.0,2025-03,Q1 2025
Revel Ballpark,2025-03-16,2.360026179379938,0.9454545454545454,2.231297478686487,1.0,2025-03,Q1 2025
Revel Ballpark,2025-03-17,2.363905918449733,0.9454545454545454,2.2349655956252024,1.0,2025-03,Q1 2025
Revel Ballpark,2025-03-18,2.363905918449733,0.9490909090909091,2.2435616171468378,1.0,2025-03,Q1 2025
Revel Ballpark,2025-03-19,2.3638590165980027,0.9454545454545454,2.2349212520562936,1.0,2025-03,Q1 2025
Revel Ballpark,2025-03-20,2.3638590165980027,0.9454545454545454,2.2349212520562936,1.0,2025-03,Q1 2025
Revel Ballpark,2025-03-21,2.366705610111691,0.9454545454545454,2.2376125768328716,1.0,2025-03,Q1 2025
Revel Ballpark,2025-03-22,2.3657022628418893,0.9527272727272728,2.253869064962091,1.0,2025-03,Q1 2025
Revel Ballpark,2025-03-23,2.3657022628418893,0.9563636363636363,2.262471618645152,1.0,2025-03,Q1 2025
Revel Ballpark,2025-03-24,2.3657022628418893,0.9563636363636363,2.262471618645152,1.0,2025-03,Q1 2025
Revel Ballpark,2025-03-25,2.3657022628418893,0.9527272727272728,2.253869064962091,1.0,2025-03,Q1 2025
Revel Ballpark,2025-03-26,2.3657022628418893,0.9527272727272728,2.253869064962091,1.0,2025-03,Q1 2025
Revel Ballpark,2025-03-27,2.3657022628418893,0.9527272727272728,2.253869064962091,1.0,2025-03,Q1 2025
Revel Ballpark,2025-03-28,2.3657022628418893,0.9527272727272728,2.253869064962091,1.0,2025-03,Q1 2025
Revel Ballpark,2025-03-29,2.3657022628418893,0.9490909090909091,2.2452665112790293,1.0,2025-03,Q1 2025
Revel Ballpark,2025-03-30,2.3657022628418893,0.9490909090909091,2.2452665112790293,1.0,2025-03,Q1 2025
Revel Ballpark,2025-03-31,2.3657022628418893,0.9490909090909091,2.2452665112790293,1.0,2025-03,Q1 2025
Revel Ballpark,2025-04-01,2.3657022628418893,0.9454545454545454,2.236663957595968,1.0,2025-04,Q2 2025
Revel Ballpark,2025-04-02,2.3657022628418893,0.9454545454545454,2.236663957595968,1.0,2025-04,Q2 2025
Revel Ballpark,2025-04-03,2.3657022628418893,0.9454545454545454,2.236663957595968,1.0,2025-04,Q2 2025
Revel Ballpark,2025-04-04,2.3657022628418893,0.9454545454545454,2.236663957595968,1.0,2025-04,Q2 2025
Revel Ballpark,2025-04-05,2.3657022628418893,0.9454545454545454,2.236663957595968,1.0,2025-04,Q2 2025
Revel Ballpark,2025-04-06,2.3657022628418893,0.9418181818181818,2.2280614039129065,1.0,2025-04,Q2 2025
Revel Ballpark,2025-04-07,2.3657022628418893,0.9418181818181818,2.2280614039129065,1.0,2025-04,Q2 2025
Revel Ballpark,2025-04-08,2.3657022628418893,0.9418181818181818,2.2280614039129065,1.0,2025-04,Q2 2025
Revel Ballpark,2025-04-09,2.3657401072257827,0.9418181818181818,2.228097046441737,1.0,2025-04,Q2 2025
Revel Ballpark,2025-04-10,2.3657401072257827,0.9381818181818182,2.2194943551427344,1.0,2025-04,Q2 2025
Revel Ballpark,2025-04-11,2.3674139123117803,0.9345454545454546,2.2124559107786457,1.0,2025-04,Q2 2025
Revel Ballpark,2025-04-12,2.3665867422066813,0.9345454545454546,2.2116828827167896,1.0,2025-04,Q2 2025
Revel Ballpark,2025-04-13,2.3865990983286594,0.9381818181818182,2.2390638813410697,1.0,2025-04,Q2 2025
Windsor Encore,2023-09-14,1.9054369385582302,0.9174041297935103,1.7480557164944235,1.0,2023-09,Q3 2023
Windsor Encore,2023-09-15,1.9342002268290146,0.9144542772861357,1.7687376705516062,1.0,2023-09,Q3 2023
Windsor Encore,2023-09-16,1.962356892573641,0.9144542772861357,1.794485653975896,1.0,2023-09,Q3 2023
Windsor Encore,2023-09-17,1.962356892573641,0.9144542772861357,1.794485653975896,1.0,2023-09,Q3 2023
Windsor Encore,2023-09-18,1.962356892573641,0.9144542772861357,1.794485653975896,1.0,2023-09,Q3 2023
Windsor Encore,2023-09-19,1.9884965887220405,0.9144542772861357,1.8183892109257598,1.0,2023-09,Q3 2023
Windsor Encore,2023-09-20,2.002378561053309,0.9144542772861357,1.831083639901256,1.0,2023-09,Q3 2023
Windsor Encore,2023-09-21,2.002378561053309,0.9203539823008849,1.8428970827393285,1.0,2023-09,Q3 2023
Windsor Encore,2023-09-22,2.002378561053309,0.911504424778761,1.8251769184822195,1.0,2023-09,Q3 2023
Windsor Encore,2023-09-23,2.002378561053309,0.911504424778761,1.8251769184822195,1.0,2023-09,Q3 2023
Windsor Encore,2023-09-24,2.002378561053309,0.911504424778761,1.8251769184822195,1.0,2023-09,Q3 2023
Windsor Encore,2023-09-25,2.002378561053309,0.911504424778761,1.8251769184822195,1.0,2023-09,Q3 2023
Windsor Encore,2023-09-26,2.002378561053309,0.911504424778761,1.8251769184822195,1.0,2023-09,Q3 2023
Windsor Encore,2023-09-27,2.002378561053309,0.911504424778761,1.8251769184822195,1.0,2023-09,Q3 2023
Windsor Encore,2023-09-28,2.002378561053309,0.911504424778761,1.8251769184822195,1.0,2023-09,Q3 2023
Windsor Encore,2023-09-29,2.002378561053309,0.911504424778761,1.8251769184822195,1.0,2023-09,Q3 2023
Windsor Encore,2023-09-30,2.0043360779851525,0.9085545722713865,1.8210487080219084,1.0,2023-09,Q3 2023
Windsor Encore,2023-10-01,1.9874291107028588,0.911504424778761,1.8115504283397739,1.0,2023-10,Q4 2023
Windsor Encore,2023-10-02,1.9874291107028588,0.9144542772861357,1.81741305108521,1.0,2023-10,Q4 2023
Windsor Encore,2023-10-03,1.9874291107028588,0.9144542772861357,1.81741305108521,1.0,2023-10,Q4 2023
Windsor Encore,2023-10-04,1.9874291107028588,0.9144542772861357,1.81741305108521,1.0,2023-10,Q4 2023
Windsor Encore,2023-10-05,2.0094562588703413,0.9144542772861357,1.83755587094338,1.0,2023-10,Q4 2023
Windsor Encore,2023-10-06,2.0094562588703413,0.9144542772861357,1.83755587094338,1.0,2023-10,Q4 2023
Windsor Encore,2023-10-07,2.0094562588703413,0.9144542772861357,1.83755587094338,1.0,2023-10,Q4 2023
Windsor Encore,2023-10-08,1.995982797701211,0.9144542772861357,1.8252350067474201,1.0,2023-10,Q4 2023
Windsor Encore,2023-10-09,1.98073933643485,0.9174041297935103,1.8171384472897885,1.0,2023-10,Q4 2023
Windsor Encore,2023-10-10,1.98073933643485,0.9203539823008849,1.8229813361878264,1.0,2023-10,Q4 2023
Windsor Encore,2023-10-11,1.98073933643485,0.9203539823008849,1.8229813361878264,1.0,2023-10,Q4 2023
Windsor Encore,2023-10-12,1.98073933643485,0.9203539823008849,1.8229813361878264,1.0,2023-10,Q4 2023
Windsor Encore,2023-10-13,1.98073933643485,0.9203539823008849,1.8229813361878264,1.0,2023-10,Q4 2023
Windsor Encore,2023-10-14,1.98073933643485,0.9203539823008849,1.8229813361878264,1.0,2023-10,Q4 2023
Windsor Encore,2023-10-15,1.98073933643485,0.9174041297935103,1.8171384472897885,1.0,2023-10,Q4 2023
Windsor Encore,2023-10-16,1.98073933643485,0.9174041297935103,1.8171384472897885,1.0,2023-10,Q4 2023
Windsor Encore,2023-10-17,1.98073933643485,0.9174041297935103,1.8171384472897885,1.0,2023-10,Q4 2023
Windsor Encore,2023-10-18,1.98073933643485,0.9174041297935103,1.8171384472897885,1.0,2023-10,Q4 2023
Windsor Encore,2023-10-19,1.98073933643485,0.9144542772861357,1.8112955583917507,1.0,2023-10,Q4 2023
Windsor Encore,2023-10-20,1.98073933643485,0.9144542772861357,1.8112955583917507,1.0,2023-10,Q4 2023
Windsor Encore,2023-10-21,1.98073933643485,0.9144542772861357,1.8112955583917507,1.0,2023-10,Q4 2023
Windsor Encore,2023-10-22,1.999806270215643,0.9144542772861357,1.8287313975423285,1.0,2023-10,Q4 2023
Windsor Encore,2023-10-23,2.0191117963290077,0.9174041297935103,1.8523415004670247,1.0,2023-10,Q4 2023
Windsor Encore,2023-10-24,2.037404907745628,0.9174041297935103,1.8691236764274048,1.0,2023-10,Q4 2023
Windsor Encore,2023-10-25,2.037404907745628,0.9203539823008849,1.8751337204030558,1.0,2023-10,Q4 2023
Windsor Encore,2023-10-26,2.0429931966816763,0.911504424778761,1.8621973385682535,1.0,2023-10,Q4 2023
Windsor Encore,2023-10-27,2.0429931966816763,0.9174041297935103,1.874250395775815,1.0,2023-10,Q4 2023
Windsor Encore,2023-10-28,2.0672560130668862,0.9174041297935103,1.8965092037280282,1.0,2023-10,Q4 2023
Windsor Encore,2023-10-29,2.0672560130668862,0.9262536873156342,1.9148035047286203,1.0,2023-10,Q4 2023
Windsor Encore,2023-10-30,2.0672560130668862,0.9262536873156342,1.9148035047286203,1.0,2023-10,Q4 2023
Windsor Encore,2023-10-31,2.0672560130668862,0.9262536873156342,1.9148035047286203,1.0,2023-10,Q4 2023
Windsor Encore,2023-11-01,2.0672560130668862,0.9262536873156342,1.9148035047286203,1.0,2023-11,Q4 2023
Windsor Encore,2023-11-02,2.0672560130668862,0.9262536873156342,1.9148035047286203,1.0,2023-11,Q4 2023
Windsor Encore,2023-11-03,2.0672560130668862,0.9262536873156342,1.9148035047286203,1.0,2023-11,Q4 2023
Windsor Encore,2023-11-04,2.026388643532484,0.9262536873156342,1.8769499530064895,1.0,2023-11,Q4 2023
Windsor Encore,2023-11-05,2.026388643532484,0.9321533923303835,1.8889050482485692,1.0,2023-11,Q4 2023
Windsor Encore,2023-11-06,2.0135556964997523,0.9321533923303835,1.8769427731384123,1.0,2023-11,Q4 2023
Windsor Encore,2023-11-07,1.9864901572227966,0.9321533923303835,1.8517135388861468,1.0,2023-11,Q4 2023
Windsor Encore,2023-11-08,2.0040875491998524,0.9292035398230089,1.8622052448317212,1.0,2023-11,Q4 2023
Windsor Encore,2023-11-09,2.0040875491998524,0.9321533923303835,1.8681170075137268,1.0,2023-11,Q4 2023
Windsor Encore,2023-11-10,2.0040875491998524,0.9321533923303835,1.8681170075137268,1.0,2023-11,Q4 2023
Windsor Encore,2023-11-11,2.0040875491998524,0.9292035398230089,1.8622052448317212,1.0,2023-11,Q4 2023
Windsor Encore,2023-11-12,2.0040875491998524,0.9292035398230089,1.8622052448317212,1.0,2023-11,Q4 2023
Windsor Encore,2023-11-13,2.042104655254478,0.9292035398230089,1.897530874351506,1.0,2023-11,Q4 2023
Windsor Encore,2023-11-14,2.042104655254478,0.9351032448377581,1.9095786894267537,1.0,2023-11,Q4 2023
Windsor Encore,2023-11-15,2.060174441311931,0.9321533923303835,1.9203985942612691,1.0,2023-11,Q4 2023
Windsor Encore,2023-11-16,2.060174441311931,0.9351032448377581,1.926475805002602,1.0,2023-11,Q4 2023
Windsor Encore,2023-11-17,2.060174441311931,0.9351032448377581,1.926475805002602,1.0,2023-11,Q4 2023
Windsor Encore,2023-11-18,2.060174441311931,0.9351032448377581,1.926475805002602,1.0,2023-11,Q4 2023
Windsor Encore,2023-11-19,2.060174441311931,0.9321533923303835,1.9203985942612691,1.0,2023-11,Q4 2023
Windsor Encore,2023-11-20,2.060174441311931,0.9321533923303835,1.9203985942612691,1.0,2023-11,Q4 2023
Windsor Encore,2023-11-21,2.0617225030650093,0.9321533923303835,1.9218416252759378,1.0,2023-11,Q4 2023
Windsor Encore,2023-11-22,2.0617225030650093,0.9321533923303835,1.9218416252759378,1.0,2023-11,Q4 2023
Windsor Encore,2023-11-23,2.0617225030650093,0.9321533923303835,1.9218416252759378,1.0,2023-11,Q4 2023
Windsor Encore,2023-11-24,2.0617225030650093,0.9321533923303835,1.9218416252759378,1.0,2023-11,Q4 2023
Windsor Encore,2023-11-25,2.0617225030650093,0.9321533923303835,1.9218416252759378,1.0,2023-11,Q4 2023
Windsor Encore,2023-11-26,2.0617225030650093,0.9321533923303835,1.9218416252759378,1.0,2023-11,Q4 2023
Windsor Encore,2023-11-27,2.0617225030650093,0.9292035398230089,1.9157598479807607,1.0,2023-11,Q4 2023
Windsor Encore,2023-11-28,2.0617225030650093,0.9262536873156342,1.9096780706855838,1.0,2023-11,Q4 2023
Windsor Encore,2023-11-29,2.034736513437978,0.9233038348082596,1.878680025681673,1.0,2023-11,Q4 2023
Windsor Encore,2023-11-30,2.034736513437978,0.9292035398230089,1.8906843708936965,1.0,2023-11,Q4 2023
Windsor Encore,2023-12-01,2.0686655239172915,0.9292035398230089,1.9222113275337664,1.0,2023-12,Q4 2023
Windsor Encore,2023-12-02,2.056867774228441,0.9351032448377581,1.9233837298832324,1.0,2023-12,Q4 2023
Windsor Encore,2023-12-03,2.056867774228441,0.9380530973451328,1.9294511864443782,1.0,2023-12,Q4 2023
Windsor Encore,2023-12-04,2.0561919241934197,0.9380530973451328,1.9288172032256858,1.0,2023-12,Q4 2023
Windsor Encore,2023-12-05,2.0561919241934197,0.9410029498525074,1.9348826661289114,1.0,2023-12,Q4 2023
Windsor Encore,2023-12-06,2.0561919241934197,0.9380530973451328,1.9288172032256858,1.0,2023-12,Q4 2023
Windsor Encore,2023-12-07,2.0561919241934197,0.9380530973451328,1.9288172032256858,1.0,2023-12,Q4 2023
Windsor Encore,2023-12-08,2.043595479919012,0.9380530973451328,1.9170010696585422,1.0,2023-12,Q4 2023
Windsor Encore,2023-12-09,2.04765360713944,0.9380530973451328,1.9208078084670854,1.0,2023-12,Q4 2023
Windsor Encore,2023-12-10,2.04765360713944,0.943952802359882,1.9328883607215952,1.0,2023-12,Q4 2023
Windsor Encore,2023-12-11,2.0370597570715567,0.9380530973451328,1.9108702145980976,1.0,2023-12,Q4 2023
Windsor Encore,2023-12-12,2.055512304185708,0.9410029498525074,1.9342431416968757,1.0,2023-12,Q4 2023
Windsor Encore,2023-12-13,2.055512304185708,0.9380530973451328,1.928179683572434,1.0,2023-12,Q4 2023
Windsor Encore,2023-12-14,2.055512304185708,0.9351032448377581,1.9221162254479924,1.0,2023-12,Q4 2023
Windsor Encore,2023-12-15,2.0547379949075735,0.9351032448377581,1.9213921663295008,1.0,2023-12,Q4 2023
Windsor Encore,2023-12-16,2.0547379949075735,0.9351032448377581,1.9213921663295008,1.0,2023-12,Q4 2023
Windsor Encore,2023-12-17,2.0415488149279555,0.9351032448377581,1.9090589213338107,1.0,2023-12,Q4 2023
Windsor Encore,2023-12-18,2.0378228962673917,0.9410029498525074,1.9175973566645959,1.0,2023-12,Q4 2023
Windsor Encore,2023-12-19,2.0378228962673917,0.943952802359882,1.9236086336447356,1.0,2023-12,Q4 2023
Windsor Encore,2023-12-20,2.0390713406566765,0.943952802359882,1.9247871062245914,1.0,2023-12,Q4 2023
Windsor Encore,2023-12-21,2.0390713406566765,0.9469026548672567,1.9308020659315432,1.0,2023-12,Q4 2023
Windsor Encore,2023-12-22,2.0390713406566765,0.943952802359882,1.9247871062245914,1.0,2023-12,Q4 2023
Windsor Encore,2023-12-23,2.0390713406566765,0.943952802359882,1.9247871062245914,1.0,2023-12,Q4 2023
Windsor Encore,2023-12-24,2.029229842057219,0.943952802359882,1.9154971960422127,1.0,2023-12,Q4 2023
Windsor Encore,2023-12-25,2.029229842057219,0.9410029498525074,1.9095112673045809,1.0,2023-12,Q4 2023
Windsor Encore,2023-12-26,2.029229842057219,0.9410029498525074,1.9095112673045809,1.0,2023-12,Q4 2023
Windsor Encore,2023-12-27,2.018056944948523,0.9410029498525074,1.8989975381668993,1.0,2023-12,Q4 2023
Windsor Encore,2023-12-28,2.018056944948523,0.943952802359882,1.9049505085059804,1.0,2023-12,Q4 2023
Windsor Encore,2023-12-29,2.018056944948523,0.943952802359882,1.9049505085059804,1.0,2023-12,Q4 2023
Windsor Encore,2023-12-30,2.018056944948523,0.9410029498525074,1.8989975381668993,1.0,2023-12,Q4 2023
Windsor Encore,2023-12-31,2.018056944948523,0.9410029498525074,1.8989975381668993,1.0,2023-12,Q4 2023
Windsor Encore,2024-01-01,2.018056944948523,0.9410029498525074,1.8989975381668993,1.0,2024-01,Q1 2024
Windsor Encore,2024-01-02,2.018056944948523,0.9410029498525074,1.8989975381668993,1.0,2024-01,Q1 2024
Windsor Encore,2024-01-03,2.018056944948523,0.9410029498525074,1.8989975381668993,1.0,2024-01,Q1 2024
Windsor Encore,2024-01-04,2.018056944948523,0.9380530973451328,1.893044567827818,1.0,2024-01,Q1 2024
Windsor Encore,2024-01-05,2.018056944948523,0.9351032448377581,1.8870915974887368,1.0,2024-01,Q1 2024
Windsor Encore,2024-01-06,1.9884912902182525,0.9321533923303835,1.8535789017963653,1.0,2024-01,Q1 2024
Windsor Encore,2024-01-07,1.9884912902182525,0.9380530973451328,1.8653104138330512,1.0,2024-01,Q1 2024
Windsor Encore,2024-01-08,1.9884912902182525,0.9380530973451328,1.8653104138330512,1.0,2024-01,Q1 2024
Windsor Encore,2024-01-09,2.0039980780726694,0.9380530973451328,1.8798566042097606,1.0,2024-01,Q1 2024
Windsor Encore,2024-01-10,2.0039980780726694,0.9410029498525074,1.8857681029651374,1.0,2024-01,Q1 2024
Windsor Encore,2024-01-11,1.9942243518613063,0.9380530973451328,1.8706883300645882,1.0,2024-01,Q1 2024
Windsor Encore,2024-01-12,1.9942243518613063,0.9410029498525074,1.876570997769194,1.0,2024-01,Q1 2024
Windsor Encore,2024-01-13,1.993633115870966,0.9380530973451328,1.8701337193125875,1.0,2024-01,Q1 2024
Windsor Encore,2024-01-14,1.9980493421280334,0.9410029498525074,1.8801703248933412,1.0,2024-01,Q1 2024
Windsor Encore,2024-01-15,2.0095712694520445,0.9498525073746312,1.908796309037045,1.0,2024-01,Q1 2024
Windsor Encore,2024-01-16,2.0095712694520445,0.9528023598820059,1.9147242478849864,1.0,2024-01,Q1 2024
Windsor Encore,2024-01-17,2.0095712694520445,0.9528023598820059,1.9147242478849864,1.0,2024-01,Q1 2024
Windsor Encore,2024-01-18,2.0095712694520445,0.9498525073746312,1.908796309037045,1.0,2024-01,Q1 2024
Windsor Encore,2024-01-19,2.0095712694520445,0.9498525073746312,1.908796309037045,1.0,2024-01,Q1 2024
Windsor Encore,2024-01-20,2.0095712694520445,0.9469026548672567,1.902868370189104,1.0,2024-01,Q1 2024
Windsor Encore,2024-01-21,2.0095712694520445,0.9469026548672567,1.902868370189104,1.0,2024-01,Q1 2024
Windsor Encore,2024-01-22,2.0095712694520445,0.9469026548672567,1.902868370189104,1.0,2024-01,Q1 2024
Windsor Encore,2024-01-23,2.023705352626512,0.9469026548672567,1.916251971071122,1.0,2024-01,Q1 2024
Windsor Encore,2024-01-24,2.014486698263366,0.9469026548672567,1.9075228027803555,1.0,2024-01,Q1 2024
Windsor Encore,2024-01-25,2.0277295929879458,0.9498525073746312,1.9260440381773407,1.0,2024-01,Q1 2024
Windsor Encore,2024-01-26,2.0277295929879458,0.943952802359882,1.9140810317290342,1.0,2024-01,Q1 2024
Windsor Encore,2024-01-27,2.0277295929879458,0.943952802359882,1.9140810317290342,1.0,2024-01,Q1 2024
Windsor Encore,2024-01-28,2.0277295929879458,0.943952802359882,1.9140810317290342,1.0,2024-01,Q1 2024
Windsor Encore,2024-01-29,2.0277295929879458,0.943952802359882,1.9140810317290342,1.0,2024-01,Q1 2024
Windsor Encore,2024-01-30,2.0400934762615104,0.943952802359882,1.925751953993166,1.0,2024-01,Q1 2024
Windsor Encore,2024-01-31,2.0400934762615104,0.9469026548672567,1.9317699288493948,1.0,2024-01,Q1 2024
Windsor Encore,2024-02-01,2.0400934762615104,0.943952802359882,1.925751953993166,1.0,2024-02,Q1 2024
Windsor Encore,2024-02-02,2.0400934762615104,0.9410029498525074,1.9197339791369377,1.0,2024-02,Q1 2024
Windsor Encore,2024-02-03,2.0399712283560913,0.9380530973451328,1.9136013292543865,1.0,2024-02,Q1 2024
Windsor Encore,2024-02-04,2.0399712283560913,0.9410029498525074,1.919618943497325,1.0,2024-02,Q1 2024
Windsor Encore,2024-02-05,2.0399712283560913,0.9410029498525074,1.919618943497325,1.0,2024-02,Q1 2024
Windsor Encore,2024-02-06,2.0399712283560913,0.9410029498525074,1.919618943497325,1.0,2024-02,Q1 2024
Windsor Encore,2024-02-07,2.041362886587511,0.9410029498525074,1.9209284979982773,1.0,2024-02,Q1 2024
Windsor Encore,2024-02-08,2.0412195324837605,0.9410029498525074,1.9207936013637747,1.0,2024-02,Q1 2024
Windsor Encore,2024-02-09,2.0412195324837605,0.943952802359882,1.926814897919774,1.0,2024-02,Q1 2024
Windsor Encore,2024-02-10,2.0412195324837605,0.943952802359882,1.926814897919774,1.0,2024-02,Q1 2024
Windsor Encore,2024-02-11,2.0412195324837605,0.943952802359882,1.926814897919774,1.0,2024-02,Q1 2024
Windsor Encore,2024-02-12,2.0545276343167744,0.943952802359882,1.9393771179391381,1.0,2024-02,Q1 2024
Windsor Encore,2024-02-13,2.0545276343167744,0.9469026548672567,1.945437671432698,1.0,2024-02,Q1 2024
Windsor Encore,2024-02-14,2.0545276343167744,0.9410029498525074,1.9333165644455783,1.0,2024-02,Q1 2024
Windsor Encore,2024-02-15,2.053894115223177,0.9410029498525074,1.9327204211097153,1.0,2024-02,Q1 2024
Windsor Encore,2024-02-16,2.053894115223177,0.943952802359882,1.9387791058153883,1.0,2024-02,Q1 2024
Windsor Encore,2024-02-17,2.0440969997038763,0.943952802359882,1.929531091165901,1.0,2024-02,Q1 2024
Windsor Encore,2024-02-18,2.0440969997038763,0.943952802359882,1.929531091165901,1.0,2024-02,Q1 2024
Windsor Encore,2024-02-19,2.0272861176768897,0.943952802359882,1.9136624119663856,1.0,2024-02,Q1 2024
Windsor Encore,2024-02-20,2.0192890617328,0.9469026548672567,1.9120701734991998,1.0,2024-02,Q1 2024
Windsor Encore,2024-02-21,2.0192890617328,0.9498525073746312,1.9180267784010665,1.0,2024-02,Q1 2024
Windsor Encore,2024-02-22,2.0192890617328,0.9498525073746312,1.9180267784010665,1.0,2024-02,Q1 2024
Windsor Encore,2024-02-23,2.0192890617328,0.9498525073746312,1.9180267784010665,1.0,2024-02,Q1 2024
Windsor Encore,2024-02-24,2.0192890617328,0.9498525073746312,1.9180267784010665,1.0,2024-02,Q1 2024
Windsor Encore,2024-02-25,2.0192890617328,0.9498525073746312,1.9180267784010665,1.0,2024-02,Q1 2024
Windsor Encore,2024-02-26,2.0192890617328,0.9498525073746312,1.9180267784010665,1.0,2024-02,Q1 2024
Windsor Encore,2024-02-27,2.0192890617328,0.9498525073746312,1.9180267784010665,1.0,2024-02,Q1 2024
Windsor Encore,2024-02-28,2.0192890617328,0.9498525073746312,1.9180267784010665,1.0,2024-02,Q1 2024
Windsor Encore,2024-02-29,2.0223126740071,0.9410029498525074,1.9030021917647932,1.0,2024-02,Q1 2024
Windsor Encore,2024-03-01,2.0223126740071,0.9498525073746312,1.920898764101139,1.0,2024-03,Q1 2024
Windsor Encore,2024-03-02,2.0223126740071,0.9498525073746312,1.920898764101139,1.0,2024-03,Q1 2024
Windsor Encore,2024-03-03,2.014261458198951,0.943952802359882,1.9013677481524023,1.0,2024-03,Q1 2024
Windsor Encore,2024-03-04,2.014261458198951,0.9469026548672567,1.9073095223653784,1.0,2024-03,Q1 2024
Windsor Encore,2024-03-05,2.014261458198951,0.9469026548672567,1.9073095223653784,1.0,2024-03,Q1 2024
Windsor Encore,2024-03-06,2.014261458198951,0.943952802359882,1.9013677481524023,1.0,2024-03,Q1 2024
Windsor Encore,2024-03-07,2.014261458198951,0.943952802359882,1.9013677481524023,1.0,2024-03,Q1 2024
Windsor Encore,2024-03-08,2.014261458198951,0.943952802359882,1.9013677481524023,1.0,2024-03,Q1 2024
Windsor Encore,2024-03-09,2.014261458198951,0.9410029498525074,1.8954259739394261,1.0,2024-03,Q1 2024
Windsor Encore,2024-03-10,1.9993950007746075,0.9410029498525074,1.881436593649262,1.0,2024-03,Q1 2024
Windsor Encore,2024-03-11,1.9993950007746075,0.9469026548672567,1.8932324343617966,1.0,2024-03,Q1 2024
Windsor Encore,2024-03-12,2.012830724995369,0.9410029498525074,1.8940796497744035,1.0,2024-03,Q1 2024
Windsor Encore,2024-03-13,2.012830724995369,0.943952802359882,1.9000172035354517,1.0,2024-03,Q1 2024
Windsor Encore,2024-03-14,2.012830724995369,0.9410029498525074,1.8940796497744035,1.0,2024-03,Q1 2024
Windsor Encore,2024-03-15,2.012830724995369,0.9410029498525074,1.8940796497744035,1.0,2024-03,Q1 2024
Windsor Encore,2024-03-16,2.012830724995369,0.9410029498525074,1.8940796497744035,1.0,2024-03,Q1 2024
Windsor Encore,2024-03-17,2.02474311204789,0.9380530973451328,1.8993165475847464,1.0,2024-03,Q1 2024
Windsor Encore,2024-03-18,2.02474311204789,0.9410029498525074,1.9052892411306106,1.0,2024-03,Q1 2024
Windsor Encore,2024-03-19,2.02474311204789,0.9410029498525074,1.9052892411306106,1.0,2024-03,Q1 2024
Windsor Encore,2024-03-20,2.02474311204789,0.9410029498525074,1.9052892411306106,1.0,2024-03,Q1 2024
Windsor Encore,2024-03-21,2.035621521367871,0.9410029498525074,1.9155258563904156,1.0,2024-03,Q1 2024
Windsor Encore,2024-03-22,2.035621521367871,0.943952802359882,1.9215306396392882,1.0,2024-03,Q1 2024
Windsor Encore,2024-03-23,2.035621521367871,0.9410029498525074,1.9155258563904156,1.0,2024-03,Q1 2024
Windsor Encore,2024-03-24,2.035621521367871,0.9380530973451328,1.9095210731415428,1.0,2024-03,Q1 2024
Windsor Encore,2024-03-25,2.035621521367871,0.9321533923303835,1.8975115066437973,1.0,2024-03,Q1 2024
Windsor Encore,2024-03-26,2.047273554401804,0.9321533923303835,1.9083729887639238,1.0,2024-03,Q1 2024
Windsor Encore,2024-03-27,2.047273554401804,0.9351032448377581,1.9144121437916575,1.0,2024-03,Q1 2024
Windsor Encore,2024-03-28,2.047273554401804,0.9292035398230089,1.9023338337361897,1.0,2024-03,Q1 2024
Windsor Encore,2024-03-29,2.047559238272417,0.9174041297935103,1.8784393011879694,1.0,2024-03,Q1 2024
Windsor Encore,2024-03-30,2.050497341033749,0.9203539823008849,1.8871833935177864,1.0,2024-03,Q1 2024
Windsor Encore,2024-03-31,2.050497341033749,0.9262536873156342,1.8992807229634132,1.0,2024-03,Q1 2024
Windsor Encore,2024-04-01,2.0452408451537307,0.9262536873156342,1.8944118742721872,1.0,2024-04,Q2 2024
Windsor Encore,2024-04-02,2.0563337996528728,0.9321533923303835,1.9168185271100526,1.0,2024-04,Q2 2024
Windsor Encore,2024-04-03,2.049752961048166,0.9351032448377581,1.916730644991943,1.0,2024-04,Q2 2024
Windsor Encore,2024-04-04,2.049752961048166,0.9321533923303835,1.9106841760802966,1.0,2024-04,Q2 2024
Windsor Encore,2024-04-05,2.049752961048166,0.9292035398230089,1.90463770716865,1.0,2024-04,Q2 2024
Windsor Encore,2024-04-06,2.049752961048166,0.9174041297935103,1.8804518315220637,1.0,2024-04,Q2 2024
Windsor Encore,2024-04-07,2.049752961048166,0.9144542772861357,1.8744053626104176,1.0,2024-04,Q2 2024
Windsor Encore,2024-04-08,2.049752961048166,0.9085545722713865,1.8623124247871246,1.0,2024-04,Q2 2024
Windsor Encore,2024-04-09,2.049752961048166,0.9085545722713865,1.8623124247871246,1.0,2024-04,Q2 2024
Windsor Encore,2024-04-10,2.049752961048166,0.9085545722713865,1.8623124247871246,1.0,2024-04,Q2 2024
Windsor Encore,2024-04-11,2.034745127558022,0.9085545722713865,1.8486769890497663,1.0,2024-04,Q2 2024
Windsor Encore,2024-04-12,2.034745127558022,0.911504424778761,1.8546791870661616,1.0,2024-04,Q2 2024
Windsor Encore,2024-04-13,2.034745127558022,0.9085545722713865,1.8486769890497663,1.0,2024-04,Q2 2024
Windsor Encore,2024-04-14,2.0457212262982227,0.9085545722713865,1.858649373745878,1.0,2024-04,Q2 2024
Windsor Encore,2024-04-15,2.0457212262982227,0.911504424778761,1.8646839496346632,1.0,2024-04,Q2 2024
Windsor Encore,2024-04-16,2.0388331243602775,0.911504424778761,1.858405414239899,1.0,2024-04,Q2 2024
Windsor Encore,2024-04-17,2.0388331243602775,0.911504424778761,1.858405414239899,1.0,2024-04,Q2 2024
Windsor Encore,2024-04-18,2.031951501524181,0.911504424778761,1.8521327845751385,1.0,2024-04,Q2 2024
Windsor Encore,2024-04-19,2.0244560390318465,0.911504424778761,1.8453006373476122,1.0,2024-04,Q2 2024
Windsor Encore,2024-04-20,2.0244560390318465,0.9144542772861357,1.85127248407042,1.0,2024-04,Q2 2024
Windsor Encore,2024-04-21,2.0244560390318465,0.9085545722713865,1.8393287906248046,1.0,2024-04,Q2 2024
Windsor Encore,2024-04-22,2.0244560390318465,0.9085545722713865,1.8393287906248046,1.0,2024-04,Q2 2024
Windsor Encore,2024-04-23,2.010629734423089,0.9085545722713865,1.8267668383549007,1.0,2024-04,Q2 2024
Windsor Encore,2024-04-24,2.010629734423089,0.911504424778761,1.8326978995183907,1.0,2024-04,Q2 2024
Windsor Encore,2024-04-25,2.010629734423089,0.911504424778761,1.8326978995183907,1.0,2024-04,Q2 2024
Windsor Encore,2024-04-26,2.010629734423089,0.911504424778761,1.8326978995183907,1.0,2024-04,Q2 2024
Windsor Encore,2024-04-27,2.010629734423089,0.911504424778761,1.8326978995183907,1.0,2024-04,Q2 2024
Windsor Encore,2024-04-28,2.010629734423089,0.9085545722713865,1.8267668383549007,1.0,2024-04,Q2 2024
Windsor Encore,2024-04-29,2.0018475111863387,0.9026548672566371,1.806977399477934,1.0,2024-04,Q2 2024
Windsor Encore,2024-04-30,2.0018475111863387,0.9056047197640118,1.8128825543781888,1.0,2024-04,Q2 2024
Windsor Encore,2024-05-01,2.0018475111863387,0.8997050147492626,1.8010722445776794,1.0,2024-05,Q2 2024
Windsor Encore,2024-05-02,2.014947364388577,0.8997050147492626,1.8128582481962123,1.0,2024-05,Q2 2024
Windsor Encore,2024-05-03,2.014947364388577,0.9085545722713865,1.830689640801421,1.0,2024-05,Q2 2024
Windsor Encore,2024-05-04,2.0168603596834185,0.9085545722713865,1.832427701423283,1.0,2024-05,Q2 2024
Windsor Encore,2024-05-05,2.0168603596834185,0.911504424778761,1.8383771420123194,1.0,2024-05,Q2 2024
Windsor Encore,2024-05-06,2.0171503950833958,0.8938053097345133,1.8029397336586106,1.0,2024-05,Q2 2024
Windsor Encore,2024-05-07,2.0112667636105757,0.911504424778761,1.833278554441498,1.0,2024-05,Q2 2024
Windsor Encore,2024-05-08,2.0112667636105757,0.9144542772861357,1.839211494747134,1.0,2024-05,Q2 2024
Windsor Encore,2024-05-09,2.0112667636105757,0.9144542772861357,1.839211494747134,1.0,2024-05,Q2 2024
Windsor Encore,2024-05-10,2.0112667636105757,0.911504424778761,1.833278554441498,1.0,2024-05,Q2 2024
Windsor Encore,2024-05-11,2.0112667636105757,0.9085545722713865,1.8273456141358624,1.0,2024-05,Q2 2024
Windsor Encore,2024-05-12,2.0112667636105757,0.9085545722713865,1.8273456141358624,1.0,2024-05,Q2 2024
Windsor Encore,2024-05-13,2.0112667636105757,0.9085545722713865,1.8273456141358624,1.0,2024-05,Q2 2024
Windsor Encore,2024-05-14,2.0112667636105757,0.8908554572271387,1.7917479723020469,1.0,2024-05,Q2 2024
Windsor Encore,2024-05-15,1.9992513464039368,0.8849557522123894,1.7692489791185282,1.0,2024-05,Q2 2024
Windsor Encore,2024-05-16,1.9992513464039368,0.8849557522123894,1.7692489791185282,1.0,2024-05,Q2 2024
Windsor Encore,2024-05-17,1.9885635436743303,0.8761061946902655,1.7421928391483072,1.0,2024-05,Q2 2024
Windsor Encore,2024-05-18,1.9825336384058636,0.8790560471976401,1.742758183613414,1.0,2024-05,Q2 2024
Windsor Encore,2024-05-19,1.9825336384058636,0.8820058997050148,1.74860636543762,1.0,2024-05,Q2 2024
Windsor Encore,2024-05-20,1.9825336384058636,0.8820058997050148,1.74860636543762,1.0,2024-05,Q2 2024
Windsor Encore,2024-05-21,1.9766633400540627,0.8820058997050148,1.7434287276583031,1.0,2024-05,Q2 2024
Windsor Encore,2024-05-22,1.9766633400540627,0.8790560471976401,1.737597862348409,1.0,2024-05,Q2 2024
Windsor Encore,2024-05-23,1.9716390423441372,0.8731563421828908,1.7215491343181848,1.0,2024-05,Q2 2024
Windsor Encore,2024-05-24,1.9794585889974843,0.8761061946902655,1.7342159319535482,1.0,2024-05,Q2 2024
Windsor Encore,2024-05-25,1.9794585889974843,0.8761061946902655,1.7342159319535482,1.0,2024-05,Q2 2024
Windsor Encore,2024-05-26,1.9882501091727796,0.8761061946902655,1.741918237239869,1.0,2024-05,Q2 2024
Windsor Encore,2024-05-27,1.9882501091727796,0.8790560471976401,1.7477832818096999,1.0,2024-05,Q2 2024
Windsor Encore,2024-05-28,1.9882501091727796,0.8790560471976401,1.7477832818096999,1.0,2024-05,Q2 2024
Windsor Encore,2024-05-29,2.021295341962885,0.8702064896755162,1.7589443241269942,1.0,2024-05,Q2 2024
Windsor Encore,2024-05-30,2.021295341962885,0.8849557522123894,1.7887569397901637,1.0,2024-05,Q2 2024
Windsor Encore,2024-05-31,2.021295341962885,0.8849557522123894,1.7887569397901637,1.0,2024-05,Q2 2024
Windsor Encore,2024-06-01,2.021295341962885,0.8849557522123894,1.7887569397901637,1.0,2024-06,Q2 2024
Windsor Encore,2024-06-02,2.021295341962885,0.8849557522123894,1.7887569397901637,1.0,2024-06,Q2 2024
Windsor Encore,2024-06-03,2.032039919439679,0.8849557522123894,1.7982654154333446,1.0,2024-06,Q2 2024
Windsor Encore,2024-06-04,2.032039919439679,0.8938053097345133,1.816248069587678,1.0,2024-06,Q2 2024
Windsor Encore,2024-06-05,2.032039919439679,0.8849557522123894,1.7982654154333446,1.0,2024-06,Q2 2024
Windsor Encore,2024-06-06,2.025272559935444,0.8849557522123894,1.7922766017127825,1.0,2024-06,Q2 2024
Windsor Encore,2024-06-07,2.025272559935444,0.887905604719764,1.7982508570518247,1.0,2024-06,Q2 2024
Windsor Encore,2024-06-08,2.025272559935444,0.887905604719764,1.7982508570518247,1.0,2024-06,Q2 2024
Windsor Encore,2024-06-09,2.025272559935444,0.8849557522123894,1.7922766017127825,1.0,2024-06,Q2 2024
Windsor Encore,2024-06-10,2.0321227915347104,0.8849557522123894,1.7983387535705402,1.0,2024-06,Q2 2024
Windsor Encore,2024-06-11,2.0321227915347104,0.8849557522123894,1.7983387535705402,1.0,2024-06,Q2 2024
Windsor Encore,2024-06-12,2.0321227915347104,0.8790560471976401,1.7863498285467365,1.0,2024-06,Q2 2024
Windsor Encore,2024-06-13,2.0286557857236582,0.8790560471976401,1.7833021361228618,1.0,2024-06,Q2 2024
Windsor Encore,2024-06-14,2.0286557857236582,0.8849557522123894,1.7952706068350959,1.0,2024-06,Q2 2024
Windsor Encore,2024-06-15,2.0286557857236582,0.8849557522123894,1.7952706068350959,1.0,2024-06,Q2 2024
Windsor Encore,2024-06-16,2.0286557857236582,0.8849557522123894,1.7952706068350959,1.0,2024-06,Q2 2024
Windsor Encore,2024-06-17,2.0286557857236582,0.8820058997050148,1.7892863714789788,1.0,2024-06,Q2 2024
Windsor Encore,2024-06-18,2.0286557857236582,0.8820058997050148,1.7892863714789788,1.0,2024-06,Q2 2024
Windsor Encore,2024-06-19,2.0286557857236582,0.8820058997050148,1.7892863714789788,1.0,2024-06,Q2 2024
Windsor Encore,2024-06-20,2.0282366955975446,0.8761061946902655,1.7769507333111232,1.0,2024-06,Q2 2024
Windsor Encore,2024-06-21,2.0282366955975446,0.8790560471976401,1.7829337324131806,1.0,2024-06,Q2 2024
Windsor Encore,2024-06-22,2.036503339761736,0.8761061946902655,1.7841931914726712,1.0,2024-06,Q2 2024
Windsor Encore,2024-06-23,2.0521627760535095,0.8790560471976401,1.803966098123734,1.0,2024-06,Q2 2024
Windsor Encore,2024-06-24,2.0521627760535095,0.8849557522123894,1.8160732531446988,1.0,2024-06,Q2 2024
Windsor Encore,2024-06-25,2.0465130651726753,0.8849557522123894,1.8110735090023675,1.0,2024-06,Q2 2024
Windsor Encore,2024-06-26,2.0356721715489208,0.8849557522123894,1.8014797978309034,1.0,2024-06,Q2 2024
Windsor Encore,2024-06-27,2.030314315694407,0.8908554572271387,1.8087165880227458,1.0,2024-06,Q2 2024
Windsor Encore,2024-06-28,2.030314315694407,0.8938053097345133,1.8147057157976558,1.0,2024-06,Q2 2024
Windsor Encore,2024-06-29,2.0333191790687604,0.8908554572271387,1.8113934869580108,1.0,2024-06,Q2 2024
Windsor Encore,2024-06-30,2.0333191790687604,0.8938053097345133,1.8173914786366798,1.0,2024-06,Q2 2024
Windsor Encore,2024-07-01,2.0411751900530635,0.8938053097345133,1.8244132229677825,1.0,2024-07,Q3 2024
Windsor Encore,2024-07-02,2.026179632618263,0.8997050147492626,1.8229639762494698,1.0,2024-07,Q3 2024
Windsor Encore,2024-07-03,2.020424465391236,0.9056047197640118,1.8297059317849835,1.0,2024-07,Q3 2024
Windsor Encore,2024-07-04,2.020424465391236,0.9056047197640118,1.8297059317849835,1.0,2024-07,Q3 2024
Windsor Encore,2024-07-05,2.0151873829694877,0.9056047197640118,1.8249632052260554,1.0,2024-07,Q3 2024
Windsor Encore,2024-07-06,2.0151873829694877,0.9056047197640118,1.8249632052260554,1.0,2024-07,Q3 2024
Windsor Encore,2024-07-07,2.0151873829694877,0.887905604719764,1.7892961718991616,1.0,2024-07,Q3 2024
Windsor Encore,2024-07-08,2.030283316064595,0.887905604719764,1.8026999355027817,1.0,2024-07,Q3 2024
Windsor Encore,2024-07-09,2.030283316064595,0.8908554572271387,1.8086889718333559,1.0,2024-07,Q3 2024
Windsor Encore,2024-07-10,2.030283316064595,0.8908554572271387,1.8086889718333559,1.0,2024-07,Q3 2024
Windsor Encore,2024-07-11,2.030283316064595,0.8908554572271387,1.8086889718333559,1.0,2024-07,Q3 2024
Windsor Encore,2024-07-12,2.0188072430422768,0.8908554572271387,1.7984654495538868,1.0,2024-07,Q3 2024
Windsor Encore,2024-07-13,2.0188072430422768,0.8938053097345133,1.8044206331616812,1.0,2024-07,Q3 2024
Windsor Encore,2024-07-14,2.019037162667885,0.8938053097345133,1.8046261365438618,1.0,2024-07,Q3 2024
Windsor Encore,2024-07-15,2.019037162667885,0.8967551622418879,1.8105819983806402,1.0,2024-07,Q3 2024
Windsor Encore,2024-07-16,2.0249650919205973,0.8967551622418879,1.8158978995394146,1.0,2024-07,Q3 2024
Windsor Encore,2024-07-17,2.0249650919205973,0.8997050147492626,1.8218712478931627,1.0,2024-07,Q3 2024
Windsor Encore,2024-07-18,2.0249650919205973,0.8997050147492626,1.8218712478931627,1.0,2024-07,Q3 2024
Windsor Encore,2024-07-19,2.0323955380818077,0.8997050147492626,1.8285564575662283,1.0,2024-07,Q3 2024
Windsor Encore,2024-07-20,2.0323955380818077,0.9026548672566371,1.8345517246402157,1.0,2024-07,Q3 2024
Windsor Encore,2024-07-21,2.0323955380818077,0.9026548672566371,1.8345517246402157,1.0,2024-07,Q3 2024
Windsor Encore,2024-07-22,2.0323955380818077,0.9026548672566371,1.8345517246402157,1.0,2024-07,Q3 2024
Windsor Encore,2024-07-23,2.0323955380818077,0.9026548672566371,1.8345517246402157,1.0,2024-07,Q3 2024
Windsor Encore,2024-07-24,2.0323955380818077,0.9026548672566371,1.8345517246402157,1.0,2024-07,Q3 2024
Windsor Encore,2024-07-25,2.0258811608460574,0.8997050147492626,1.8226954396992552,1.0,2024-07,Q3 2024
Windsor Encore,2024-07-26,2.0258811608460574,0.9056047197640118,1.8346475409431848,1.0,2024-07,Q3 2024
Windsor Encore,2024-07-27,2.0258811608460574,0.9056047197640118,1.8346475409431848,1.0,2024-07,Q3 2024
Windsor Encore,2024-07-28,2.0258811608460574,0.9026548672566371,1.8286714903212198,1.0,2024-07,Q3 2024
Windsor Encore,2024-07-29,2.0258811608460574,0.9026548672566371,1.8286714903212198,1.0,2024-07,Q3 2024
Windsor Encore,2024-07-30,2.0258811608460574,0.9026548672566371,1.8286714903212198,1.0,2024-07,Q3 2024
Windsor Encore,2024-07-31,2.0258811608460574,0.9026548672566371,1.8286714903212198,1.0,2024-07,Q3 2024
Windsor Encore,2024-08-01,2.0251427146771372,0.8997050147492626,1.8220310559779553,1.0,2024-08,Q3 2024
Windsor Encore,2024-08-02,2.0251427146771372,0.9026548672566371,1.8280049282926372,1.0,2024-08,Q3 2024
Windsor Encore,2024-08-03,2.0295618391847987,0.9026548672566371,1.8319938725384908,1.0,2024-08,Q3 2024
Windsor Encore,2024-08-04,2.0295618391847987,0.9026548672566371,1.8319938725384908,1.0,2024-08,Q3 2024
Windsor Encore,2024-08-05,2.035873022224969,0.9026548672566371,1.837690692627848,1.0,2024-08,Q3 2024
Windsor Encore,2024-08-06,2.035873022224969,0.9085545722713865,1.8497017429064617,1.0,2024-08,Q3 2024
Windsor Encore,2024-08-07,2.035873022224969,0.9085545722713865,1.8497017429064617,1.0,2024-08,Q3 2024
Windsor Encore,2024-08-08,2.035873022224969,0.9085545722713865,1.8497017429064617,1.0,2024-08,Q3 2024
Windsor Encore,2024-08-09,2.0301716568344066,0.9085545722713865,1.8445217413126762,1.0,2024-08,Q3 2024
Windsor Encore,2024-08-10,2.0301716568344066,0.9085545722713865,1.8445217413126762,1.0,2024-08,Q3 2024
Windsor Encore,2024-08-11,2.0301716568344066,0.9085545722713865,1.8445217413126762,1.0,2024-08,Q3 2024
Windsor Encore,2024-08-12,2.0301716568344066,0.9085545722713865,1.8445217413126762,1.0,2024-08,Q3 2024
Windsor Encore,2024-08-13,2.0301716568344066,0.9085545722713865,1.8445217413126762,1.0,2024-08,Q3 2024
Windsor Encore,2024-08-14,2.0301716568344066,0.9026548672566371,1.8325443274080484,1.0,2024-08,Q3 2024
Windsor Encore,2024-08-15,2.0301716568344066,0.9026548672566371,1.8325443274080484,1.0,2024-08,Q3 2024
Windsor Encore,2024-08-16,2.0371130766787804,0.9026548672566371,1.838810033816244,1.0,2024-08,Q3 2024
Windsor Encore,2024-08-17,2.050568927730066,0.9056047197640118,1.8570048991537764,1.0,2024-08,Q3 2024
Windsor Encore,2024-08-18,2.050568927730066,0.911504424778761,1.8691026509397946,1.0,2024-08,Q3 2024
Windsor Encore,2024-08-19,2.050568927730066,0.911504424778761,1.8691026509397946,1.0,2024-08,Q3 2024
Windsor Encore,2024-08-20,2.0581896389102043,0.9085545722713865,1.8699776070334602,1.0,2024-08,Q3 2024
Windsor Encore,2024-08-21,2.0581896389102043,0.911504424778761,1.8760489629004518,1.0,2024-08,Q3 2024
Windsor Encore,2024-08-22,2.0533933436709932,0.911504424778761,1.8716771185673655,1.0,2024-08,Q3 2024
Windsor Encore,2024-08-23,2.0533933436709932,0.9144542772861357,1.87773432607082,1.0,2024-08,Q3 2024
Windsor Encore,2024-08-24,2.0484963682325317,0.9144542772861357,1.8732562659353535,1.0,2024-08,Q3 2024
Windsor Encore,2024-08-25,2.0484963682325317,0.9174041297935103,1.879299028083532,1.0,2024-08,Q3 2024
Windsor Encore,2024-08-26,2.0484963682325317,0.9174041297935103,1.879299028083532,1.0,2024-08,Q3 2024
Windsor Encore,2024-08-27,2.0484963682325317,0.911504424778761,1.8672135037871749,1.0,2024-08,Q3 2024
Windsor Encore,2024-08-28,2.0484963682325317,0.9085545722713865,1.8611707416389964,1.0,2024-08,Q3 2024
Windsor Encore,2024-08-29,2.0484963682325317,0.9056047197640118,1.8551279794908178,1.0,2024-08,Q3 2024
Windsor Encore,2024-08-30,2.0484963682325317,0.9056047197640118,1.8551279794908178,1.0,2024-08,Q3 2024
Windsor Encore,2024-08-31,2.0484963682325317,0.9056047197640118,1.8551279794908178,1.0,2024-08,Q3 2024
Windsor Encore,2024-09-01,2.0436299626727092,0.9056047197640118,1.8507209396475568,1.0,2024-09,Q3 2024
Windsor Encore,2024-09-02,2.0436299626727092,0.9085545722713865,1.8567493466170928,1.0,2024-09,Q3 2024
Windsor Encore,2024-09-03,2.044663133921572,0.9085545722713865,1.8576880390791863,1.0,2024-09,Q3 2024
Windsor Encore,2024-09-04,2.044663133921572,0.911504424778761,1.8637194937515213,1.0,2024-09,Q3 2024
Windsor Encore,2024-09-05,2.044663133921572,0.9056047197640118,1.8516565844068513,1.0,2024-09,Q3 2024
Windsor Encore,2024-09-06,2.0518112286219576,0.9056047197640118,1.8581299327048406,1.0,2024-09,Q3 2024
Windsor Encore,2024-09-07,2.0518112286219576,0.9085545722713865,1.8641824732022507,1.0,2024-09,Q3 2024
Windsor Encore,2024-09-08,2.0518112286219576,0.9085545722713865,1.8641824732022507,1.0,2024-09,Q3 2024
Windsor Encore,2024-09-09,2.051154645702918,0.9085545722713865,1.8635859317890822,1.0,2024-09,Q3 2024
Windsor Encore,2024-09-10,2.051154645702918,0.9144542772861357,1.8756871391383618,1.0,2024-09,Q3 2024
Windsor Encore,2024-09-11,2.0461269428811457,0.911504424778761,1.8650537620952035,1.0,2024-09,Q3 2024
Windsor Encore,2024-09-12,2.0461269428811457,0.9144542772861357,1.8710895347880683,1.0,2024-09,Q3 2024
Windsor Encore,2024-09-13,2.0413984359777997,0.9144542772861357,1.8667655314251266,1.0,2024-09,Q3 2024
Windsor Encore,2024-09-14,2.0413984359777997,0.9174041297935103,1.8727873557200463,1.0,2024-09,Q3 2024
Windsor Encore,2024-09-15,2.0413822032730695,0.9174041297935103,1.872772463769689,1.0,2024-09,Q3 2024
Windsor Encore,2024-09-16,2.0413822032730695,0.9203539823008849,1.8787942401805242,1.0,2024-09,Q3 2024
Windsor Encore,2024-09-17,2.0413822032730695,0.9203539823008849,1.8787942401805242,1.0,2024-09,Q3 2024
Windsor Encore,2024-09-18,2.0413822032730695,0.9203539823008849,1.8787942401805242,1.0,2024-09,Q3 2024
Windsor Encore,2024-09-19,2.0356430938119896,0.9203539823008849,1.8735122279331586,1.0,2024-09,Q3 2024
Windsor Encore,2024-09-20,2.035137332348102,0.9233038348082596,1.8790501033184541,1.0,2024-09,Q3 2024
Windsor Encore,2024-09-21,2.030427380472026,0.9292035398230089,1.8866803092881657,1.0,2024-09,Q3 2024
Windsor Encore,2024-09-22,2.030427380472026,0.9321533923303835,1.8926697705874933,1.0,2024-09,Q3 2024
Windsor Encore,2024-09-23,2.030427380472026,0.9321533923303835,1.8926697705874933,1.0,2024-09,Q3 2024
Windsor Encore,2024-09-24,2.030427380472026,0.9292035398230089,1.8866803092881657,1.0,2024-09,Q3 2024
Windsor Encore,2024-09-25,2.030427380472026,0.9292035398230089,1.8866803092881657,1.0,2024-09,Q3 2024
Windsor Encore,2024-09-26,2.030427380472026,0.9262536873156342,1.880690847988838,1.0,2024-09,Q3 2024
Windsor Encore,2024-09-27,2.030427380472026,0.9203539823008849,1.8687119253901832,1.0,2024-09,Q3 2024
Windsor Encore,2024-09-28,2.030427380472026,0.9203539823008849,1.8687119253901832,1.0,2024-09,Q3 2024
Windsor Encore,2024-09-29,2.0259602219513266,0.9203539823008849,1.8646005582560883,1.0,2024-09,Q3 2024
Windsor Encore,2024-09-30,2.0259602219513266,0.9203539823008849,1.8646005582560883,1.0,2024-09,Q3 2024
Windsor Encore,2024-10-01,2.0259602219513266,0.9203539823008849,1.8646005582560883,1.0,2024-10,Q4 2024
Windsor Encore,2024-10-02,2.0259602219513266,0.9203539823008849,1.8646005582560883,1.0,2024-10,Q4 2024
Windsor Encore,2024-10-03,2.0259602219513266,0.9203539823008849,1.8646005582560883,1.0,2024-10,Q4 2024
Windsor Encore,2024-10-04,2.0259602219513266,0.9203539823008849,1.8646005582560883,1.0,2024-10,Q4 2024
Windsor Encore,2024-10-05,2.0259602219513266,0.9203539823008849,1.8646005582560883,1.0,2024-10,Q4 2024
Windsor Encore,2024-10-06,2.0259602219513266,0.9203539823008849,1.8646005582560883,1.0,2024-10,Q4 2024
Windsor Encore,2024-10-07,2.0259602219513266,0.9203539823008849,1.8646005582560883,1.0,2024-10,Q4 2024
Windsor Encore,2024-10-08,2.0259602219513266,0.9203539823008849,1.8646005582560883,1.0,2024-10,Q4 2024
Windsor Encore,2024-10-09,2.0259602219513266,0.9174041297935103,1.8586242744155237,1.0,2024-10,Q4 2024
Windsor Encore,2024-10-10,2.0259602219513266,0.9174041297935103,1.8586242744155237,1.0,2024-10,Q4 2024
Windsor Encore,2024-10-11,2.0259602219513266,0.9144542772861357,1.8526479905749595,1.0,2024-10,Q4 2024
Windsor Encore,2024-10-12,2.0259602219513266,0.9144542772861357,1.8526479905749595,1.0,2024-10,Q4 2024
Windsor Encore,2024-10-13,2.035419959622158,0.9144542772861357,1.8612984881500558,1.0,2024-10,Q4 2024
Windsor Encore,2024-10-14,2.035419959622158,0.9233038348082596,1.8793110541644114,1.0,2024-10,Q4 2024
Windsor Encore,2024-10-15,2.035419959622158,0.9233038348082596,1.8793110541644114,1.0,2024-10,Q4 2024
Windsor Encore,2024-10-16,2.035419959622158,0.9233038348082596,1.8793110541644114,1.0,2024-10,Q4 2024
Windsor Encore,2024-10-17,2.033783394622466,0.9233038348082596,1.8778000074242827,1.0,2024-10,Q4 2024
Windsor Encore,2024-10-18,2.033783394622466,0.9262536873156342,1.8837993684703667,1.0,2024-10,Q4 2024
Windsor Encore,2024-10-19,2.033783394622466,0.9262536873156342,1.8837993684703667,1.0,2024-10,Q4 2024
Windsor Encore,2024-10-20,2.033783394622466,0.9262536873156342,1.8837993684703667,1.0,2024-10,Q4 2024
Windsor Encore,2024-10-21,2.033783394622466,0.9262536873156342,1.8837993684703667,1.0,2024-10,Q4 2024
Windsor Encore,2024-10-22,2.0346241171080246,0.9262536873156342,1.8845780907726244,1.0,2024-10,Q4 2024
Windsor Encore,2024-10-23,2.0346241171080246,0.9292035398230089,1.8905799318260406,1.0,2024-10,Q4 2024
Windsor Encore,2024-10-24,2.0346241171080246,0.9292035398230089,1.8905799318260406,1.0,2024-10,Q4 2024
Windsor Encore,2024-10-25,2.029275808762137,0.9292035398230089,1.8856102647789768,1.0,2024-10,Q4 2024
Windsor Encore,2024-10-26,2.024769333292749,0.9351032448377581,1.8933683736100337,1.0,2024-10,Q4 2024
Windsor Encore,2024-10-27,2.024769333292749,0.9380530973451328,1.8993411445047026,1.0,2024-10,Q4 2024
Windsor Encore,2024-10-28,2.024769333292749,0.9380530973451328,1.8993411445047026,1.0,2024-10,Q4 2024
Windsor Encore,2024-10-29,2.024769333292749,0.9380530973451328,1.8993411445047026,1.0,2024-10,Q4 2024
Windsor Encore,2024-10-30,2.024769333292749,0.9351032448377581,1.8933683736100337,1.0,2024-10,Q4 2024
Windsor Encore,2024-10-31,2.0311580516985,0.9351032448377581,1.8993424849216063,1.0,2024-10,Q4 2024
Windsor Encore,2024-11-01,2.025733579761715,0.9380530973451328,1.9002456588915202,1.0,2024-11,Q4 2024
Windsor Encore,2024-11-02,2.0313206940174395,0.9351032448377581,1.8994945722817944,1.0,2024-11,Q4 2024
Windsor Encore,2024-11-03,2.0316097609369197,0.9380530973451328,1.9057578288434822,1.0,2024-11,Q4 2024
Windsor Encore,2024-11-04,2.0316097609369197,0.9410029498525074,1.911750777990789,1.0,2024-11,Q4 2024
Windsor Encore,2024-11-05,2.032137736365455,0.9321533923303835,1.8942640846356453,1.0,2024-11,Q4 2024
Windsor Encore,2024-11-06,2.032137736365455,0.9321533923303835,1.8942640846356453,1.0,2024-11,Q4 2024
Windsor Encore,2024-11-07,2.032137736365455,0.9321533923303835,1.8942640846356453,1.0,2024-11,Q4 2024
Windsor Encore,2024-11-08,2.032137736365455,0.9321533923303835,1.8942640846356453,1.0,2024-11,Q4 2024
Windsor Encore,2024-11-09,2.032137736365455,0.9321533923303835,1.8942640846356453,1.0,2024-11,Q4 2024
Windsor Encore,2024-11-10,2.032137736365455,0.9292035398230089,1.888269578038697,1.0,2024-11,Q4 2024
Windsor Encore,2024-11-11,2.032137736365455,0.9292035398230089,1.888269578038697,1.0,2024-11,Q4 2024
Windsor Encore,2024-11-12,2.0319969868820302,0.9292035398230089,1.8881387931204705,1.0,2024-11,Q4 2024
Windsor Encore,2024-11-13,2.0319969868820302,0.9262536873156342,1.882144701713739,1.0,2024-11,Q4 2024
Windsor Encore,2024-11-14,2.0319969868820302,0.9262536873156342,1.882144701713739,1.0,2024-11,Q4 2024
Windsor Encore,2024-11-15,2.0319969868820302,0.9262536873156342,1.882144701713739,1.0,2024-11,Q4 2024
Windsor Encore,2024-11-16,2.0319969868820302,0.9262536873156342,1.882144701713739,1.0,2024-11,Q4 2024
Windsor Encore,2024-11-17,2.0319969868820302,0.9262536873156342,1.882144701713739,1.0,2024-11,Q4 2024
Windsor Encore,2024-11-18,2.0321507808664974,0.9262536873156342,1.8822871539589385,1.0,2024-11,Q4 2024
Windsor Encore,2024-11-19,2.0321507808664974,0.9233038348082596,1.8762926088826362,1.0,2024-11,Q4 2024
Windsor Encore,2024-11-20,2.03767131122307,0.911504424778761,1.857346416424568,1.0,2024-11,Q4 2024
Windsor Encore,2024-11-21,2.03767131122307,0.9144542772861357,1.863357246251185,1.0,2024-11,Q4 2024
Windsor Encore,2024-11-22,2.036276963286518,0.9144542772861357,1.86208217881658,1.0,2024-11,Q4 2024
Windsor Encore,2024-11-23,2.032071320541574,0.9203539823008849,1.8702249321798556,1.0,2024-11,Q4 2024
Windsor Encore,2024-11-24,2.032071320541574,0.9233038348082596,1.8762192428599194,1.0,2024-11,Q4 2024
Windsor Encore,2024-11-25,2.032071320541574,0.9233038348082596,1.8762192428599194,1.0,2024-11,Q4 2024
Windsor Encore,2024-11-26,2.032071320541574,0.9174041297935103,1.864230621499792,1.0,2024-11,Q4 2024
Windsor Encore,2024-11-27,2.032071320541574,0.9144542772861357,1.8582363108197284,1.0,2024-11,Q4 2024
Windsor Encore,2024-11-28,2.032071320541574,0.9144542772861357,1.8582363108197284,1.0,2024-11,Q4 2024
Windsor Encore,2024-11-29,2.026863294566249,0.9144542772861357,1.853473809190375,1.0,2024-11,Q4 2024
Windsor Encore,2024-11-30,2.026863294566249,0.9174041297935103,1.8594527569619568,1.0,2024-11,Q4 2024
Windsor Encore,2024-12-01,2.026863294566249,0.9174041297935103,1.8594527569619568,1.0,2024-12,Q4 2024
Windsor Encore,2024-12-02,2.026499452820638,0.9174041297935103,1.8591189670419423,1.0,2024-12,Q4 2024
Windsor Encore,2024-12-03,2.026499452820638,0.9203539823008849,1.8650968415340385,1.0,2024-12,Q4 2024
Windsor Encore,2024-12-04,2.026499452820638,0.9174041297935103,1.8591189670419423,1.0,2024-12,Q4 2024
Windsor Encore,2024-12-05,2.022042008797881,0.9174041297935103,1.8550296894871414,1.0,2024-12,Q4 2024
Windsor Encore,2024-12-06,2.0218894368619376,0.9233038348082596,1.8668182706129395,1.0,2024-12,Q4 2024
Windsor Encore,2024-12-07,2.0218894368619376,0.9262536873156342,1.8727825462379009,1.0,2024-12,Q4 2024
Windsor Encore,2024-12-08,2.0218894368619376,0.9262536873156342,1.8727825462379009,1.0,2024-12,Q4 2024
Windsor Encore,2024-12-09,2.0213262767657323,0.9262536873156342,1.8722609171222415,1.0,2024-12,Q4 2024
Windsor Encore,2024-12-10,2.0165836531728383,0.9292035398230089,1.873816668877416,1.0,2024-12,Q4 2024
Windsor Encore,2024-12-11,2.0165836531728383,0.9351032448377581,1.8857139175687012,1.0,2024-12,Q4 2024
Windsor Encore,2024-12-12,2.0165836531728383,0.9321533923303835,1.8797652932230589,1.0,2024-12,Q4 2024
Windsor Encore,2024-12-13,2.0165836531728383,0.9292035398230089,1.873816668877416,1.0,2024-12,Q4 2024
Windsor Encore,2024-12-14,2.021308862232378,0.9292035398230089,1.878207349861944,1.0,2024-12,Q4 2024
Windsor Encore,2024-12-15,2.026454212821817,0.9351032448377581,1.8949439099248258,1.0,2024-12,Q4 2024
Windsor Encore,2024-12-16,2.026454212821817,0.9380530973451328,1.9009216509655982,1.0,2024-12,Q4 2024
Windsor Encore,2024-12-17,2.026454212821817,0.9292035398230089,1.8829884278432811,1.0,2024-12,Q4 2024
Windsor Encore,2024-12-18,2.026454212821817,0.9292035398230089,1.8829884278432811,1.0,2024-12,Q4 2024
Windsor Encore,2024-12-19,2.026454212821817,0.9292035398230089,1.8829884278432811,1.0,2024-12,Q4 2024
Windsor Encore,2024-12-20,2.022038012868819,0.9292035398230089,1.8788848792143895,1.0,2024-12,Q4 2024
Windsor Encore,2024-12-21,2.022038012868819,0.9321533923303835,1.8848495931166573,1.0,2024-12,Q4 2024
Windsor Encore,2024-12-22,2.021290069934894,0.9321533923303835,1.8841523955735295,1.0,2024-12,Q4 2024
Windsor Encore,2024-12-23,2.021290069934894,0.9351032448377581,1.8901149031544582,1.0,2024-12,Q4 2024
Windsor Encore,2024-12-24,2.021290069934894,0.9351032448377581,1.8901149031544582,1.0,2024-12,Q4 2024
Windsor Encore,2024-12-25,2.021290069934894,0.9351032448377581,1.8901149031544582,1.0,2024-12,Q4 2024
Windsor Encore,2024-12-26,2.021290069934894,0.9351032448377581,1.8901149031544582,1.0,2024-12,Q4 2024
Windsor Encore,2024-12-27,2.021290069934894,0.9321533923303835,1.8841523955735295,1.0,2024-12,Q4 2024
Windsor Encore,2024-12-28,2.0209706359735304,0.9321533923303835,1.883854634122819,1.0,2024-12,Q4 2024
Windsor Encore,2024-12-29,2.0209706359735304,0.9351032448377581,1.889816199420676,1.0,2024-12,Q4 2024
Windsor Encore,2024-12-30,2.0206738457715003,0.9351032448377581,1.8895386699397214,1.0,2024-12,Q4 2024
Windsor Encore,2024-12-31,2.0206738457715003,0.9380530973451328,1.895499359750257,1.0,2024-12,Q4 2024
Windsor Encore,2025-01-01,2.0206738457715003,0.9380530973451328,1.895499359750257,1.0,2025-01,Q1 2025
Windsor Encore,2025-01-02,2.0206738457715003,0.9380530973451328,1.895499359750257,1.0,2025-01,Q1 2025
Windsor Encore,2025-01-03,2.0206738457715003,0.9351032448377581,1.8895386699397214,1.0,2025-01,Q1 2025
Windsor Encore,2025-01-04,2.0206738457715003,0.9351032448377581,1.8895386699397214,1.0,2025-01,Q1 2025
Windsor Encore,2025-01-05,2.0206738457715003,0.9321533923303835,1.8835779801291863,1.0,2025-01,Q1 2025
Windsor Encore,2025-01-06,2.0260703328824103,0.9321533923303835,1.8886083338962882,1.0,2025-01,Q1 2025
Windsor Encore,2025-01-07,2.0260703328824103,0.9292035398230089,1.8826317252447176,1.0,2025-01,Q1 2025
Windsor Encore,2025-01-08,2.0260703328824103,0.9292035398230089,1.8826317252447176,1.0,2025-01,Q1 2025
Windsor Encore,2025-01-09,2.0261845391936646,0.9262536873156342,1.876760900610061,1.0,2025-01,Q1 2025
Windsor Encore,2025-01-10,2.0253627148701585,0.9292035398230089,1.8819742040828906,1.0,2025-01,Q1 2025
Windsor Encore,2025-01-11,2.0253627148701585,0.9321533923303835,1.8879487253656935,1.0,2025-01,Q1 2025
Windsor Encore,2025-01-12,2.0253627148701585,0.9321533923303835,1.8879487253656935,1.0,2025-01,Q1 2025
Windsor Encore,2025-01-13,2.0253627148701585,0.9321533923303835,1.8879487253656935,1.0,2025-01,Q1 2025
Windsor Encore,2025-01-14,2.0253627148701585,0.9262536873156342,1.8759996828000878,1.0,2025-01,Q1 2025
Windsor Encore,2025-01-15,2.0253627148701585,0.9262536873156342,1.8759996828000878,1.0,2025-01,Q1 2025
Windsor Encore,2025-01-16,2.0253627148701585,0.9262536873156342,1.8759996828000878,1.0,2025-01,Q1 2025
Windsor Encore,2025-01-17,2.0253627148701585,0.9262536873156342,1.8759996828000878,1.0,2025-01,Q1 2025
Windsor Encore,2025-01-18,2.0253627148701585,0.9262536873156342,1.8759996828000878,1.0,2025-01,Q1 2025
Windsor Encore,2025-01-19,2.0253627148701585,0.9262536873156342,1.8759996828000878,1.0,2025-01,Q1 2025
Windsor Encore,2025-01-20,2.0253627148701585,0.9262536873156342,1.8759996828000878,1.0,2025-01,Q1 2025
Windsor Encore,2025-01-21,2.0253627148701585,0.9262536873156342,1.8759996828000878,1.0,2025-01,Q1 2025
Windsor Encore,2025-01-22,2.025835781166024,0.9262536873156342,1.876437862200978,1.0,2025-01,Q1 2025
Windsor Encore,2025-01-23,2.025835781166024,0.9292035398230089,1.88241377895958,1.0,2025-01,Q1 2025
Windsor Encore,2025-01-24,2.025835781166024,0.9262536873156342,1.876437862200978,1.0,2025-01,Q1 2025
Windsor Encore,2025-01-25,2.025835781166024,0.9262536873156342,1.876437862200978,1.0,2025-01,Q1 2025
Windsor Encore,2025-01-26,2.025835781166024,0.9262536873156342,1.876437862200978,1.0,2025-01,Q1 2025
Windsor Encore,2025-01-27,2.025835781166024,0.9262536873156342,1.876437862200978,1.0,2025-01,Q1 2025
Windsor Encore,2025-01-28,2.031841051765989,0.9262536873156342,1.8820002662375235,1.0,2025-01,Q1 2025
Windsor Encore,2025-01-29,2.031841051765989,0.9233038348082596,1.876006634816385,1.0,2025-01,Q1 2025
Windsor Encore,2025-01-30,2.0303620823490176,0.9233038348082596,1.8746410966821314,1.0,2025-01,Q1 2025
Windsor Encore,2025-01-31,2.0303620823490176,0.9292035398230089,1.8866196340411225,1.0,2025-01,Q1 2025
Windsor Encore,2025-02-01,2.0303620823490176,0.9262536873156342,1.8806303653616268,1.0,2025-02,Q1 2025
Windsor Encore,2025-02-02,2.0303620823490176,0.9262536873156342,1.8806303653616268,1.0,2025-02,Q1 2025
Windsor Encore,2025-02-03,2.0303620823490176,0.9262536873156342,1.8806303653616268,1.0,2025-02,Q1 2025
Windsor Encore,2025-02-04,2.0303620823490176,0.9262536873156342,1.8806303653616268,1.0,2025-02,Q1 2025
Windsor Encore,2025-02-05,2.0265009976978896,0.9233038348082596,1.8710761424172255,1.0,2025-02,Q1 2025
Windsor Encore,2025-02-06,2.0265009976978896,0.9262536873156342,1.8770540214664817,1.0,2025-02,Q1 2025
Windsor Encore,2025-02-07,2.0265009976978896,0.9233038348082596,1.8710761424172255,1.0,2025-02,Q1 2025
Windsor Encore,2025-02-08,2.026295739949725,0.9203539823008849,1.8649093535820476,1.0,2025-02,Q1 2025
Windsor Encore,2025-02-09,2.026295739949725,0.9233038348082596,1.8708866271512208,1.0,2025-02,Q1 2025
Windsor Encore,2025-02-10,2.026295739949725,0.9233038348082596,1.8708866271512208,1.0,2025-02,Q1 2025
Windsor Encore,2025-02-11,2.0264039536216925,0.9233038348082596,1.8709865412495272,1.0,2025-02,Q1 2025
Windsor Encore,2025-02-12,2.0264039536216925,0.9203539823008849,1.8650089484659824,1.0,2025-02,Q1 2025
Windsor Encore,2025-02-13,2.0261663396628435,0.9203539823008849,1.8647902595127055,1.0,2025-02,Q1 2025
Windsor Encore,2025-02-14,2.031888918961653,0.9203539823008849,1.8700570581593974,1.0,2025-02,Q1 2025
Windsor Encore,2025-02-15,2.031888918961653,0.9233038348082596,1.8760508307817032,1.0,2025-02,Q1 2025
Windsor Encore,2025-02-16,2.031888918961653,0.9203539823008849,1.8700570581593974,1.0,2025-02,Q1 2025
Windsor Encore,2025-02-17,2.031888918961653,0.9203539823008849,1.8700570581593974,1.0,2025-02,Q1 2025
Windsor Encore,2025-02-18,2.031888918961653,0.9203539823008849,1.8700570581593974,1.0,2025-02,Q1 2025
Windsor Encore,2025-02-19,2.031888918961653,0.9203539823008849,1.8700570581593974,1.0,2025-02,Q1 2025
Windsor Encore,2025-02-20,2.031888918961653,0.9203539823008849,1.8700570581593974,1.0,2025-02,Q1 2025
Windsor Encore,2025-02-21,2.031888918961653,0.9203539823008849,1.8700570581593974,1.0,2025-02,Q1 2025
Windsor Encore,2025-02-22,2.0314613139318873,0.9174041297935103,1.863670998916864,1.0,2025-02,Q1 2025
Windsor Encore,2025-02-23,2.0314613139318873,0.9203539823008849,1.8696635101674006,1.0,2025-02,Q1 2025
Windsor Encore,2025-02-24,2.0314613139318873,0.9203539823008849,1.8696635101674006,1.0,2025-02,Q1 2025
Windsor Encore,2025-02-25,2.0266038920520395,0.9203539823008849,1.8651929625965673,1.0,2025-02,Q1 2025
Windsor Encore,2025-02-26,2.0250949246598937,0.9144542772861357,1.8518567157656844,1.0,2025-02,Q1 2025
Windsor Encore,2025-02-27,2.024519195889001,0.9203539823008849,1.8632743041810276,1.0,2025-02,Q1 2025
Windsor Encore,2025-02-28,2.024519195889001,0.9233038348082596,1.869246337207249,1.0,2025-02,Q1 2025
Windsor Encore,2025-03-01,2.024519195889001,0.9203539823008849,1.8632743041810276,1.0,2025-03,Q1 2025
Windsor Encore,2025-03-02,2.024519195889001,0.911504424778761,1.8453582051023638,1.0,2025-03,Q1 2025
Windsor Encore,2025-03-03,2.024519195889001,0.911504424778761,1.8453582051023638,1.0,2025-03,Q1 2025
Windsor Encore,2025-03-04,2.024131789305792,0.911504424778761,1.8450050822875803,1.0,2025-03,Q1 2025
Windsor Encore,2025-03-05,2.024131789305792,0.911504424778761,1.8450050822875803,1.0,2025-03,Q1 2025
Windsor Encore,2025-03-06,2.024131789305792,0.9085545722713865,1.83903419205364,1.0,2025-03,Q1 2025
Windsor Encore,2025-03-07,2.024131789305792,0.9056047197640118,1.8330633018196996,1.0,2025-03,Q1 2025
Windsor Encore,2025-03-08,2.024131789305792,0.9026548672566371,1.827092411585759,1.0,2025-03,Q1 2025
Windsor Encore,2025-03-09,2.0196425859823663,0.9026548672566371,1.8230402103557641,1.0,2025-03,Q1 2025
Windsor Encore,2025-03-10,2.0196425859823663,0.9056047197640118,1.828997858102025,1.0,2025-03,Q1 2025
Windsor Encore,2025-03-11,2.0101464489823253,0.9056047197640118,1.820398111615262,1.0,2025-03,Q1 2025
Windsor Encore,2025-03-12,2.0101464489823253,0.8997050147492626,1.8085388405298208,1.0,2025-03,Q1 2025
Windsor Encore,2025-03-13,2.004537308510422,0.8997050147492626,1.8034922687188164,1.0,2025-03,Q1 2025
Windsor Encore,2025-03-14,2.0035320217857353,0.9203539823008849,1.843958674917845,1.0,2025-03,Q1 2025
Windsor Encore,2025-03-15,2.0034138886388146,0.9144542772861357,1.832030399640214,1.0,2025-03,Q1 2025
Windsor Encore,2025-03-16,1.9993502087518522,0.9174041297935103,1.834212138412466,1.0,2025-03,Q1 2025
Windsor Encore,2025-03-17,1.9993502087518522,0.9233038348082596,1.8460077148652796,1.0,2025-03,Q1 2025
Windsor Encore,2025-03-18,1.9993502087518522,0.9233038348082596,1.8460077148652796,1.0,2025-03,Q1 2025
Windsor Encore,2025-03-19,1.998737694466938,0.9144542772861357,1.8277542338783208,1.0,2025-03,Q1 2025
Windsor Encore,2025-03-20,1.9985371879700915,0.911504424778761,1.8216754899196408,1.0,2025-03,Q1 2025
Windsor Encore,2025-03-21,1.9985371879700915,0.9144542772861357,1.827570879854656,1.0,2025-03,Q1 2025
Windsor Encore,2025-03-22,1.9892185148935295,0.9056047197640118,1.8014456757295385,1.0,2025-03,Q1 2025
Windsor Encore,2025-03-23,1.9892185148935295,0.9144542772861357,1.8190493794011626,1.0,2025-03,Q1 2025
Windsor Encore,2025-03-24,1.9886515208572986,0.9144542772861357,1.8185308892795355,1.0,2025-03,Q1 2025
Windsor Encore,2025-03-25,1.990661058138351,0.911504424778761,1.8144963627278774,1.0,2025-03,Q1 2025
Windsor Encore,2025-03-26,1.9896772924343633,0.9144542772861357,1.819468910485701,1.0,2025-03,Q1 2025
Windsor Encore,2025-03-27,1.9896772924343633,0.9174041297935103,1.8253381650356548,1.0,2025-03,Q1 2025
Windsor Encore,2025-03-28,1.988869731250746,0.911504424778761,1.8128635603436003,1.0,2025-03,Q1 2025
Windsor Encore,2025-03-29,1.988869731250746,0.911504424778761,1.8128635603436003,1.0,2025-03,Q1 2025
Windsor Encore,2025-03-30,1.988869731250746,0.911504424778761,1.8128635603436003,1.0,2025-03,Q1 2025
Windsor Encore,2025-03-31,1.9883561476846936,0.911504424778761,1.81239542665065,1.0,2025-03,Q1 2025
Windsor Encore,2025-04-01,1.9925963331794772,0.9085545722713865,1.810382509201413,1.0,2025-04,Q2 2025
Windsor Encore,2025-04-02,1.9972746787456659,0.9174041297935103,1.8323080386132804,1.0,2025-04,Q2 2025
Windsor Encore,2025-04-03,1.996477192971429,0.9174041297935103,1.8315764218705437,1.0,2025-04,Q2 2025
Windsor Encore,2025-04-04,1.996477192971429,0.9203539823008849,1.837465735124147,1.0,2025-04,Q2 2025
Windsor Encore,2025-04-05,1.996477192971429,0.9174041297935103,1.8315764218705437,1.0,2025-04,Q2 2025
Windsor Encore,2025-04-06,2.000162311597926,0.9174041297935103,1.8349571649172713,1.0,2025-04,Q2 2025
Windsor Encore,2025-04-07,1.9998687518742593,0.9203539823008849,1.8405871698665748,1.0,2025-04,Q2 2025
Windsor Encore,2025-04-08,2.0050383153918023,0.9233038348082596,1.8512595655387438,1.0,2025-04,Q2 2025
Windsor Encore,2025-04-09,2.0097626707471297,0.9233038348082596,1.8556215809553145,1.0,2025-04,Q2 2025
Windsor Encore,2025-04-10,2.0097626707471297,0.9233038348082596,1.8556215809553145,1.0,2025-04,Q2 2025
Windsor Encore,2025-04-11,2.0097626707471297,0.9233038348082596,1.8556215809553145,1.0,2025-04,Q2 2025
Windsor Encore,2025-04-12,2.0100507894828183,0.9174041297935103,1.8440288953662434,1.0,2025-04,Q2 2025
Windsor Encore,2025-04-13,2.0051187183137666,0.9233038348082596,1.8513338018649232,1.0,2025-04,Q2 2025
Tallulah,2024-04-18,2.3997448034753743,0.15290519877675846,0.3669334561888953,1.0,2024-04,Q2 2024
Tallulah,2024-04-19,2.4027890932685536,0.1620795107033639,0.3894428805603466,1.0,2024-04,Q2 2024
Tallulah,2024-04-20,2.4105755876617865,0.17125382262996947,0.412820284125566,1.0,2024-04,Q2 2024
Tallulah,2024-04-21,2.4068833409999386,0.1834862385321101,0.44162997082567684,1.0,2024-04,Q2 2024
Tallulah,2024-04-22,2.409958843468537,0.18960244648318048,0.4569340926454108,1.0,2024-04,Q2 2024
Tallulah,2024-04-23,2.409958843468537,0.19266055045871555,0.4643039973654978,1.0,2024-04,Q2 2024
Tallulah,2024-04-24,2.406942819418198,0.19266055045871555,0.46372292851176283,1.0,2024-04,Q2 2024
Tallulah,2024-04-25,2.406942819418198,0.19571865443425074,0.4710836099167115,1.0,2024-04,Q2 2024
Tallulah,2024-04-26,2.406942819418198,0.19571865443425074,0.4710836099167115,1.0,2024-04,Q2 2024
Tallulah,2024-04-27,2.406942819418198,0.19571865443425074,0.4710836099167115,1.0,2024-04,Q2 2024
Tallulah,2024-04-28,2.406942819418198,0.19571865443425074,0.4710836099167115,1.0,2024-04,Q2 2024
Tallulah,2024-04-29,2.402787888469978,0.19571865443425074,0.47027041242225864,1.0,2024-04,Q2 2024
Tallulah,2024-04-30,2.4076613996825507,0.2018348623853211,0.48595000727537724,1.0,2024-04,Q2 2024
Tallulah,2024-05-01,2.411734812713013,0.2048929663608563,0.49414749985251344,1.0,2024-05,Q2 2024
Tallulah,2024-05-02,2.411734812713013,0.20795107033639149,0.5015228356712077,1.0,2024-05,Q2 2024
Tallulah,2024-05-03,2.4063102478471765,0.20795107033639149,0.5003947916012478,1.0,2024-05,Q2 2024
Tallulah,2024-05-04,2.4063102478471765,0.21100917431192656,0.50775353853656,1.0,2024-05,Q2 2024
Tallulah,2024-05-05,2.4063102478471765,0.21100917431192656,0.50775353853656,1.0,2024-05,Q2 2024
Tallulah,2024-05-06,2.4063102478471765,0.21100917431192656,0.50775353853656,1.0,2024-05,Q2 2024
Tallulah,2024-05-07,2.4094255381906624,0.21100917431192656,0.5084108933796809,1.0,2024-05,Q2 2024
Tallulah,2024-05-08,2.4091557500886704,0.21406727828746175,0.5157214143920701,1.0,2024-05,Q2 2024
Tallulah,2024-05-09,2.4078087922242988,0.22018348623853212,0.5301597340677355,1.0,2024-05,Q2 2024
Tallulah,2024-05-10,2.4048282198710886,0.2262996941896025,0.5442118907353535,1.0,2024-05,Q2 2024
Tallulah,2024-05-11,2.405276822761142,0.22935779816513757,0.5516689960461334,1.0,2024-05,Q2 2024
Tallulah,2024-05-12,2.399869759001826,0.23853211009174313,0.5724459975600686,1.0,2024-05,Q2 2024
Tallulah,2024-05-13,2.399869759001826,0.24770642201834858,0.5944631513123788,1.0,2024-05,Q2 2024
Tallulah,2024-05-14,2.3956653897974687,0.24770642201834858,0.5934217020599233,1.0,2024-05,Q2 2024
Tallulah,2024-05-15,2.390769575234978,0.25382262996941896,0.6068314212370127,1.0,2024-05,Q2 2024
Tallulah,2024-05-16,2.390769575234978,0.25688073394495414,0.6141426431796274,1.0,2024-05,Q2 2024
Tallulah,2024-05-17,2.390647637565985,0.25688073394495414,0.614111319741721,1.0,2024-05,Q2 2024
Tallulah,2024-05-18,2.3879474260076496,0.2660550458715596,0.6353254619653379,1.0,2024-05,Q2 2024
Tallulah,2024-05-19,2.392464071813111,0.2691131498470948,0.6438435422616322,1.0,2024-05,Q2 2024
Tallulah,2024-05-20,2.392464071813111,0.27828746177370034,0.6657927539296425,1.0,2024-05,Q2 2024
Tallulah,2024-05-21,2.392464071813111,0.27828746177370034,0.6657927539296425,1.0,2024-05,Q2 2024
Tallulah,2024-05-22,2.390896659243686,0.27828746177370034,0.6653565626641451,1.0,2024-05,Q2 2024
Tallulah,2024-05-23,2.390896659243686,0.2813455657492355,0.672668173242872,1.0,2024-05,Q2 2024
Tallulah,2024-05-24,2.3938858508885654,0.27828746177370034,0.6661884172197537,1.0,2024-05,Q2 2024
Tallulah,2024-05-25,2.3938858508885654,0.2813455657492355,0.6735091690573335,1.0,2024-05,Q2 2024
Tallulah,2024-05-26,2.3938858508885654,0.2813455657492355,0.6735091690573335,1.0,2024-05,Q2 2024
Tallulah,2024-05-27,2.3938858508885654,0.2813455657492355,0.6735091690573335,1.0,2024-05,Q2 2024
Tallulah,2024-05-28,2.3960991255830297,0.2813455657492355,0.6741318640784061,1.0,2024-05,Q2 2024
Tallulah,2024-05-29,2.3960991255830297,0.2844036697247706,0.6814593843401276,1.0,2024-05,Q2 2024
Tallulah,2024-05-30,2.4010016234041744,0.2844036697247706,0.6828536727112788,1.0,2024-05,Q2 2024
Tallulah,2024-05-31,2.4010016234041744,0.290519877675841,0.6975386979308764,1.0,2024-05,Q2 2024
Tallulah,2024-06-01,2.4010016234041744,0.290519877675841,0.6975386979308764,1.0,2024-06,Q2 2024
Tallulah,2024-06-02,2.3980417423360514,0.290519877675841,0.6966787936450302,1.0,2024-06,Q2 2024
Tallulah,2024-06-03,2.40276895860282,0.29663608562691135,0.7127479785457906,1.0,2024-06,Q2 2024
Tallulah,2024-06-04,2.4042622600429002,0.3027522935779816,0.7278959135909697,1.0,2024-06,Q2 2024
Tallulah,2024-06-05,2.4042622600429002,0.3058103975535168,0.7352483975666361,1.0,2024-06,Q2 2024
Tallulah,2024-06-06,2.4031832467061065,0.3058103975535168,0.7349184240691456,1.0,2024-06,Q2 2024
Tallulah,2024-06-07,2.3982753888462076,0.3119266055045872,0.7480859011079914,1.0,2024-06,Q2 2024
Tallulah,2024-06-08,2.3982753888462076,0.31804281345565755,0.7627542521101089,1.0,2024-06,Q2 2024
Tallulah,2024-06-09,2.3926871129550937,0.31804281345565755,0.7609769411233327,1.0,2024-06,Q2 2024
Tallulah,2024-06-10,2.3926871129550937,0.3241590214067278,0.775611113068012,1.0,2024-06,Q2 2024
Tallulah,2024-06-11,2.3875562363962137,0.3241590214067278,0.7739478931437267,1.0,2024-06,Q2 2024
Tallulah,2024-06-12,2.394766716368334,0.327217125382263,0.7836086808911674,1.0,2024-06,Q2 2024
Tallulah,2024-06-13,2.395073955940413,0.33333333333333337,0.7983579853134711,1.0,2024-06,Q2 2024
Tallulah,2024-06-14,2.3988686946826974,0.33944954128440363,0.8142948780115578,1.0,2024-06,Q2 2024
Tallulah,2024-06-15,2.401359125957715,0.345565749235474,0.8298274655450208,1.0,2024-06,Q2 2024
Tallulah,2024-06-16,2.401359125957715,0.3486238532110092,0.8371710714347999,1.0,2024-06,Q2 2024
Tallulah,2024-06-17,2.401359125957715,0.3486238532110092,0.8371710714347999,1.0,2024-06,Q2 2024
Tallulah,2024-06-18,2.4031022223745095,0.3486238532110092,0.837778756424141,1.0,2024-06,Q2 2024
Tallulah,2024-06-19,2.4031022223745095,0.3516819571865444,0.8451276928840019,1.0,2024-06,Q2 2024
Tallulah,2024-06-20,2.4008288733612253,0.3516819571865444,0.844328197053642,1.0,2024-06,Q2 2024
Tallulah,2024-06-21,2.4008288733612253,0.35474006116207946,0.8516701813758474,1.0,2024-06,Q2 2024
Tallulah,2024-06-22,2.4032146753328276,0.35474006116207946,0.8525165209131742,1.0,2024-06,Q2 2024
Tallulah,2024-06-23,2.4032146753328276,0.36085626911314983,0.8672150816185739,1.0,2024-06,Q2 2024
Tallulah,2024-06-24,2.4032146753328276,0.36085626911314983,0.8672150816185739,1.0,2024-06,Q2 2024
Tallulah,2024-06-25,2.4032146753328276,0.36085626911314983,0.8672150816185739,1.0,2024-06,Q2 2024
Tallulah,2024-06-26,2.4032146753328276,0.36085626911314983,0.8672150816185739,1.0,2024-06,Q2 2024
Tallulah,2024-06-27,2.4032146753328276,0.36085626911314983,0.8672150816185739,1.0,2024-06,Q2 2024
Tallulah,2024-06-28,2.4032146753328276,0.36085626911314983,0.8672150816185739,1.0,2024-06,Q2 2024
Tallulah,2024-06-29,2.4032146753328276,0.36085626911314983,0.8672150816185739,1.0,2024-06,Q2 2024
Tallulah,2024-06-30,2.4032146753328276,0.36085626911314983,0.8672150816185739,1.0,2024-06,Q2 2024
Tallulah,2024-07-01,2.4032146753328276,0.36085626911314983,0.8672150816185739,1.0,2024-07,Q3 2024
Tallulah,2024-07-02,2.400847262117379,0.36085626911314983,0.866360785718198,1.0,2024-07,Q3 2024
Tallulah,2024-07-03,2.3991235365496437,0.363914373088685,0.8730755377657725,1.0,2024-07,Q3 2024
Tallulah,2024-07-04,2.399591674933442,0.3669724770642202,0.8805841008930063,1.0,2024-07,Q3 2024
Tallulah,2024-07-05,2.399591674933442,0.3700305810397554,0.8879223017337814,1.0,2024-07,Q3 2024
Tallulah,2024-07-06,2.397246784324455,0.3700305810397554,0.8870546204992633,1.0,2024-07,Q3 2024
Tallulah,2024-07-07,2.397246784324455,0.37614678899082565,0.9017166803422262,1.0,2024-07,Q3 2024
Tallulah,2024-07-08,2.397246784324455,0.37614678899082565,0.9017166803422262,1.0,2024-07,Q3 2024
Tallulah,2024-07-09,2.397246784324455,0.37614678899082565,0.9017166803422262,1.0,2024-07,Q3 2024
Tallulah,2024-07-10,2.401960949009635,0.37614678899082565,0.9034898982513306,1.0,2024-07,Q3 2024
Tallulah,2024-07-11,2.401960949009635,0.3853211009174312,0.9255262372330705,1.0,2024-07,Q3 2024
Tallulah,2024-07-12,2.401960949009635,0.3853211009174312,0.9255262372330705,1.0,2024-07,Q3 2024
Tallulah,2024-07-13,2.401960949009635,0.3853211009174312,0.9255262372330705,1.0,2024-07,Q3 2024
Tallulah,2024-07-14,2.4016963956315363,0.3853211009174312,0.92542429923417,1.0,2024-07,Q3 2024
Tallulah,2024-07-15,2.3997468158069504,0.3914373088685015,0.9393504355452281,1.0,2024-07,Q3 2024
Tallulah,2024-07-16,2.4005802565774292,0.39449541284403666,0.9470178993837564,1.0,2024-07,Q3 2024
Tallulah,2024-07-17,2.4005802565774292,0.39755351681957185,0.9543591234099871,1.0,2024-07,Q3 2024
Tallulah,2024-07-18,2.4005802565774292,0.39755351681957185,0.9543591234099871,1.0,2024-07,Q3 2024
Tallulah,2024-07-19,2.398947850317363,0.39755351681957185,0.9537101545604195,1.0,2024-07,Q3 2024
Tallulah,2024-07-20,2.398947850317363,0.40061162079510704,0.9610463865185765,1.0,2024-07,Q3 2024
Tallulah,2024-07-21,2.398947850317363,0.40061162079510704,0.9610463865185765,1.0,2024-07,Q3 2024
Tallulah,2024-07-22,2.398947850317363,0.40061162079510704,0.9610463865185765,1.0,2024-07,Q3 2024
Tallulah,2024-07-23,2.4006744649574085,0.40061162079510704,0.9617380884080138,1.0,2024-07,Q3 2024
Tallulah,2024-07-24,2.4006744649574085,0.4036697247706422,0.9690796005332659,1.0,2024-07,Q3 2024
Tallulah,2024-07-25,2.40507554568414,0.4036697247706422,0.970856183578919,1.0,2024-07,Q3 2024
Tallulah,2024-07-26,2.40507554568414,0.4097859327217125,0.985566125754357,1.0,2024-07,Q3 2024
Tallulah,2024-07-27,2.4070917864544343,0.4097859327217125,0.9863923528590035,1.0,2024-07,Q3 2024
Tallulah,2024-07-28,2.4070917864544343,0.41896024464831805,1.0084757637439068,1.0,2024-07,Q3 2024
Tallulah,2024-07-29,2.405182336168794,0.41896024464831805,1.007675779985091,1.0,2024-07,Q3 2024
Tallulah,2024-07-30,2.405182336168794,0.42201834862385323,1.015031077649216,1.0,2024-07,Q3 2024
Tallulah,2024-07-31,2.407653792742074,0.42201834862385323,1.0160740776709671,1.0,2024-07,Q3 2024
Tallulah,2024-08-01,2.408339838233538,0.4250764525993884,1.0237285550900972,1.0,2024-08,Q3 2024
Tallulah,2024-08-02,2.408339838233538,0.4281345565749235,1.0310935087238386,1.0,2024-08,Q3 2024
Tallulah,2024-08-03,2.408339838233538,0.4281345565749235,1.0310935087238386,1.0,2024-08,Q3 2024
Tallulah,2024-08-04,2.406473335017063,0.4281345565749235,1.0302943941969076,1.0,2024-08,Q3 2024
Tallulah,2024-08-05,2.404749783235568,0.4311926605504587,1.0369104569914835,1.0,2024-08,Q3 2024
Tallulah,2024-08-06,2.404749783235568,0.43425076452599387,1.0442644318637635,1.0,2024-08,Q3 2024
Tallulah,2024-08-07,2.404749783235568,0.43425076452599387,1.0442644318637635,1.0,2024-08,Q3 2024
Tallulah,2024-08-08,2.404749783235568,0.43425076452599387,1.0442644318637635,1.0,2024-08,Q3 2024
Tallulah,2024-08-09,2.404749783235568,0.43425076452599387,1.0442644318637635,1.0,2024-08,Q3 2024
Tallulah,2024-08-10,2.404749783235568,0.43425076452599387,1.0442644318637635,1.0,2024-08,Q3 2024
Tallulah,2024-08-11,2.4034885568627513,0.43425076452599387,1.0437167433471275,1.0,2024-08,Q3 2024
Tallulah,2024-08-12,2.4034885568627513,0.44036697247706424,1.058416979168918,1.0,2024-08,Q3 2024
Tallulah,2024-08-13,2.4034885568627513,0.44036697247706424,1.058416979168918,1.0,2024-08,Q3 2024
Tallulah,2024-08-14,2.404908347345274,0.44036697247706424,1.0590422080052584,1.0,2024-08,Q3 2024
Tallulah,2024-08-15,2.404908347345274,0.44036697247706424,1.0590422080052584,1.0,2024-08,Q3 2024
Tallulah,2024-08-16,2.4030433707148813,0.44036697247706424,1.0582209338927917,1.0,2024-08,Q3 2024
Tallulah,2024-08-17,2.3989867479258473,0.44342507645259943,1.0637708821077918,1.0,2024-08,Q3 2024
Tallulah,2024-08-18,2.3989867479258473,0.4464831804281345,1.0711072330188798,1.0,2024-08,Q3 2024
Tallulah,2024-08-19,2.3951101521822036,0.4464831804281345,1.0693763982220235,1.0,2024-08,Q3 2024
Tallulah,2024-08-20,2.3862921188532993,0.4495412844036697,1.0727368240716666,1.0,2024-08,Q3 2024
Tallulah,2024-08-21,2.3862921188532993,0.45565749235474007,1.0873318829025738,1.0,2024-08,Q3 2024
Tallulah,2024-08-22,2.3750539831478776,0.45565749235474007,1.082211142168299,1.0,2024-08,Q3 2024
Tallulah,2024-08-23,2.3645861979869456,0.4648318042813455,1.0991348687890388,1.0,2024-08,Q3 2024
Tallulah,2024-08-24,2.3645861979869456,0.4709480122324159,1.1135971696941578,1.0,2024-08,Q3 2024
Tallulah,2024-08-25,2.3610664723491963,0.4709480122324159,1.1119395619014563,1.0,2024-08,Q3 2024
Tallulah,2024-08-26,2.3610664723491963,0.4740061162079511,1.1191599486670503,1.0,2024-08,Q3 2024
Tallulah,2024-08-27,2.3548335996325105,0.4740061162079511,1.1162055288777954,1.0,2024-08,Q3 2024
Tallulah,2024-08-28,2.3548335996325105,0.48012232415902145,1.1306081808633155,1.0,2024-08,Q3 2024
Tallulah,2024-08-29,2.3548062689801164,0.48012232415902145,1.1305950588069673,1.0,2024-08,Q3 2024
Tallulah,2024-08-30,2.3505278350830667,0.4831804281345565,1.1357290456976286,1.0,2024-08,Q3 2024
Tallulah,2024-08-31,2.3505278350830667,0.4862385321100917,1.142917204214702,1.0,2024-08,Q3 2024
Tallulah,2024-09-01,2.349858411104693,0.4862385321100917,1.1425917044820983,1.0,2024-09,Q3 2024
Tallulah,2024-09-02,2.349858411104693,0.4892966360856269,1.1497778158310425,1.0,2024-09,Q3 2024
Tallulah,2024-09-03,2.349858411104693,0.4892966360856269,1.1497778158310425,1.0,2024-09,Q3 2024
Tallulah,2024-09-04,2.3397900117753156,0.4892966360856269,1.1448513819084114,1.0,2024-09,Q3 2024
Tallulah,2024-09-05,2.3397900117753156,0.4954128440366973,1.1591620241822664,1.0,2024-09,Q3 2024
Tallulah,2024-09-06,2.3397900117753156,0.4954128440366973,1.1591620241822664,1.0,2024-09,Q3 2024
Tallulah,2024-09-07,2.3397900117753156,0.4954128440366973,1.1591620241822664,1.0,2024-09,Q3 2024
Tallulah,2024-09-08,2.3397900117753156,0.4954128440366973,1.1591620241822664,1.0,2024-09,Q3 2024
Tallulah,2024-09-09,2.3397900117753156,0.4954128440366973,1.1591620241822664,1.0,2024-09,Q3 2024
Tallulah,2024-09-10,2.3397900117753156,0.4954128440366973,1.1591620241822664,1.0,2024-09,Q3 2024
Tallulah,2024-09-11,2.3361032690731585,0.4954128440366973,1.1573355644949592,1.0,2024-09,Q3 2024
Tallulah,2024-09-12,2.3298708505582932,0.5015290519877675,1.1684979189344344,1.0,2024-09,Q3 2024
Tallulah,2024-09-13,2.330346440801431,0.5076452599388379,1.1829893246881882,1.0,2024-09,Q3 2024
Tallulah,2024-09-14,2.326834578397336,0.5107033639143731,1.1883222464598016,1.0,2024-09,Q3 2024
Tallulah,2024-09-15,2.326834578397336,0.5137614678899083,1.1954379485344113,1.0,2024-09,Q3 2024
Tallulah,2024-09-16,2.326834578397336,0.5137614678899083,1.1954379485344113,1.0,2024-09,Q3 2024
Tallulah,2024-09-17,2.326834578397336,0.5137614678899083,1.1954379485344113,1.0,2024-09,Q3 2024
Tallulah,2024-09-18,2.322908079871464,0.5137614678899083,1.1934206648880916,1.0,2024-09,Q3 2024
Tallulah,2024-09-19,2.323403472645226,0.5168195718654434,1.20078038800319,1.0,2024-09,Q3 2024
Tallulah,2024-09-20,2.323403472645226,0.5198776758409787,1.207885597399659,1.0,2024-09,Q3 2024
Tallulah,2024-09-21,2.323403472645226,0.5198776758409787,1.207885597399659,1.0,2024-09,Q3 2024
Tallulah,2024-09-22,2.319997833489067,0.5198776758409787,1.206115081630402,1.0,2024-09,Q3 2024
Tallulah,2024-09-23,2.319997833489067,0.5229357798165137,1.2132098762282275,1.0,2024-09,Q3 2024
Tallulah,2024-09-24,2.319997833489067,0.5229357798165137,1.2132098762282275,1.0,2024-09,Q3 2024
Tallulah,2024-09-25,2.319997833489067,0.5229357798165137,1.2132098762282275,1.0,2024-09,Q3 2024
Tallulah,2024-09-26,2.319997833489067,0.5229357798165137,1.2132098762282275,1.0,2024-09,Q3 2024
Tallulah,2024-09-27,2.319997833489067,0.5229357798165137,1.2132098762282275,1.0,2024-09,Q3 2024
Tallulah,2024-09-28,2.319997833489067,0.5198776758409787,1.206115081630402,1.0,2024-09,Q3 2024
Tallulah,2024-09-29,2.319997833489067,0.5198776758409787,1.206115081630402,1.0,2024-09,Q3 2024
Tallulah,2024-09-30,2.319997833489067,0.5198776758409787,1.206115081630402,1.0,2024-09,Q3 2024
Tallulah,2024-10-01,2.3211077305511867,0.5198776758409787,1.2066920923354794,1.0,2024-10,Q4 2024
Tallulah,2024-10-02,2.3211077305511867,0.5229357798165137,1.2137902811139232,1.0,2024-10,Q4 2024
Tallulah,2024-10-03,2.3211077305511867,0.5229357798165137,1.2137902811139232,1.0,2024-10,Q4 2024
Tallulah,2024-10-04,2.3189109605409675,0.5229357798165137,1.2126415114755518,1.0,2024-10,Q4 2024
Tallulah,2024-10-05,2.3189109605409675,0.5290519877675841,1.2268244531302366,1.0,2024-10,Q4 2024
Tallulah,2024-10-06,2.3189109605409675,0.5290519877675841,1.2268244531302366,1.0,2024-10,Q4 2024
Tallulah,2024-10-07,2.3189109605409675,0.5290519877675841,1.2268244531302366,1.0,2024-10,Q4 2024
Tallulah,2024-10-08,2.3145151602423697,0.5290519877675841,1.2244988462444342,1.0,2024-10,Q4 2024
Tallulah,2024-10-09,2.3102813164157623,0.5382262996941896,1.2434541641870769,1.0,2024-10,Q4 2024
Tallulah,2024-10-10,2.3087510783067082,0.5412844036697247,1.2496909506430804,1.0,2024-10,Q4 2024
Tallulah,2024-10-11,2.3087510783067082,0.5443425076452599,1.2567513514941715,1.0,2024-10,Q4 2024
Tallulah,2024-10-12,2.3087510783067082,0.5443425076452599,1.2567513514941715,1.0,2024-10,Q4 2024
Tallulah,2024-10-13,2.3087510783067082,0.5443425076452599,1.2567513514941715,1.0,2024-10,Q4 2024
Tallulah,2024-10-14,2.3087510783067082,0.5443425076452599,1.2567513514941715,1.0,2024-10,Q4 2024
Tallulah,2024-10-15,2.308414507692264,0.5443425076452599,1.2565681418019052,1.0,2024-10,Q4 2024
Tallulah,2024-10-16,2.308414507692264,0.5504587155963303,1.270686884968219,1.0,2024-10,Q4 2024
Tallulah,2024-10-17,2.3079551107622125,0.5504587155963303,1.2704340059241537,1.0,2024-10,Q4 2024
Tallulah,2024-10-18,2.307413146903336,0.5504587155963303,1.270135677194497,1.0,2024-10,Q4 2024
Tallulah,2024-10-19,2.307413146903336,0.5535168195718654,1.277191986512244,1.0,2024-10,Q4 2024
Tallulah,2024-10-20,2.307413146903336,0.5535168195718654,1.277191986512244,1.0,2024-10,Q4 2024
Tallulah,2024-10-21,2.307413146903336,0.5535168195718654,1.277191986512244,1.0,2024-10,Q4 2024
Tallulah,2024-10-22,2.30816211949926,0.5535168195718654,1.2776065554414864,1.0,2024-10,Q4 2024
Tallulah,2024-10-23,2.303549082595584,0.5535168195718654,1.275053161925996,1.0,2024-10,Q4 2024
Tallulah,2024-10-24,2.3030872696720883,0.5596330275229358,1.2888837013761227,1.0,2024-10,Q4 2024
Tallulah,2024-10-25,2.3030872696720883,0.5626911314984709,1.2959267817115114,1.0,2024-10,Q4 2024
Tallulah,2024-10-26,2.3030872696720883,0.5626911314984709,1.2959267817115114,1.0,2024-10,Q4 2024
Tallulah,2024-10-27,2.3030872696720883,0.5626911314984709,1.2959267817115114,1.0,2024-10,Q4 2024
Tallulah,2024-10-28,2.3033654942223207,0.5626911314984709,1.2960833361984925,1.0,2024-10,Q4 2024
Tallulah,2024-10-29,2.299808472740656,0.5657492354740061,1.301114885189668,1.0,2024-10,Q4 2024
Tallulah,2024-10-30,2.299808472740656,0.5718654434250765,1.3151809920565831,1.0,2024-10,Q4 2024
Tallulah,2024-10-31,2.298594356862257,0.5718654434250765,1.314486681141413,1.0,2024-10,Q4 2024
Tallulah,2024-11-01,2.298594356862257,0.5749235474006116,1.321516021682276,1.0,2024-11,Q4 2024
Tallulah,2024-11-02,2.298594356862257,0.5749235474006116,1.321516021682276,1.0,2024-11,Q4 2024
Tallulah,2024-11-03,2.299933015143635,0.5749235474006116,1.3222856478501632,1.0,2024-11,Q4 2024
Tallulah,2024-11-04,2.3011376579127334,0.581039755351682,1.337052461784157,1.0,2024-11,Q4 2024
Tallulah,2024-11-05,2.3011376579127334,0.5840978593272171,1.3440895800040737,1.0,2024-11,Q4 2024
Tallulah,2024-11-06,2.3011376579127334,0.5779816513761468,1.3300153435642403,1.0,2024-11,Q4 2024
Tallulah,2024-11-07,2.3011376579127334,0.5779816513761468,1.3300153435642403,1.0,2024-11,Q4 2024
Tallulah,2024-11-08,2.30242650374049,0.5779816513761468,1.3307602728041363,1.0,2024-11,Q4 2024
Tallulah,2024-11-09,2.30242650374049,0.581039755351682,1.3378013324486027,1.0,2024-11,Q4 2024
Tallulah,2024-11-10,2.303798434919219,0.581039755351682,1.3385984790050507,1.0,2024-11,Q4 2024
Tallulah,2024-11-11,2.303798434919219,0.5840978593272171,1.345643734157709,1.0,2024-11,Q4 2024
Tallulah,2024-11-12,2.303798434919219,0.5840978593272171,1.345643734157709,1.0,2024-11,Q4 2024
Tallulah,2024-11-13,2.303798434919219,0.5840978593272171,1.345643734157709,1.0,2024-11,Q4 2024
Tallulah,2024-11-14,2.303798434919219,0.5840978593272171,1.345643734157709,1.0,2024-11,Q4 2024
Tallulah,2024-11-15,2.303798434919219,0.5840978593272171,1.345643734157709,1.0,2024-11,Q4 2024
Tallulah,2024-11-16,2.303798434919219,0.5840978593272171,1.345643734157709,1.0,2024-11,Q4 2024
Tallulah,2024-11-17,2.303798434919219,0.5840978593272171,1.345643734157709,1.0,2024-11,Q4 2024
Tallulah,2024-11-18,2.303798434919219,0.5840978593272171,1.345643734157709,1.0,2024-11,Q4 2024
Tallulah,2024-11-19,2.303798434919219,0.581039755351682,1.3385984790050507,1.0,2024-11,Q4 2024
Tallulah,2024-11-20,2.3027137219485945,0.581039755351682,1.3379682176459724,1.0,2024-11,Q4 2024
Tallulah,2024-11-21,2.3027137219485945,0.5840978593272171,1.3450101556335827,1.0,2024-11,Q4 2024
Tallulah,2024-11-22,2.3027137219485945,0.581039755351682,1.3379682176459724,1.0,2024-11,Q4 2024
Tallulah,2024-11-23,2.3027137219485945,0.581039755351682,1.3379682176459724,1.0,2024-11,Q4 2024
Tallulah,2024-11-24,2.3027137219485945,0.581039755351682,1.3379682176459724,1.0,2024-11,Q4 2024
Tallulah,2024-11-25,2.3027137219485945,0.581039755351682,1.3379682176459724,1.0,2024-11,Q4 2024
Tallulah,2024-11-26,2.299874304282044,0.581039755351682,1.3363184030996587,1.0,2024-11,Q4 2024
Tallulah,2024-11-27,2.2971158180554285,0.5840978593272171,1.341740431952865,1.0,2024-11,Q4 2024
Tallulah,2024-11-28,2.2971158180554285,0.5871559633027523,1.348765250968325,1.0,2024-11,Q4 2024
Tallulah,2024-11-29,2.2971158180554285,0.5871559633027523,1.348765250968325,1.0,2024-11,Q4 2024
Tallulah,2024-11-30,2.2971158180554285,0.5871559633027523,1.348765250968325,1.0,2024-11,Q4 2024
Tallulah,2024-12-01,2.2971158180554285,0.5871559633027523,1.348765250968325,1.0,2024-12,Q4 2024
Tallulah,2024-12-02,2.297478294188869,0.5871559633027523,1.3489780809916296,1.0,2024-12,Q4 2024
Tallulah,2024-12-03,2.297478294188869,0.5902140672782874,1.3560040084967941,1.0,2024-12,Q4 2024
Tallulah,2024-12-04,2.2947477752599243,0.5902140672782874,1.3543924178139612,1.0,2024-12,Q4 2024
Tallulah,2024-12-05,2.2947477752599243,0.5932721712538227,1.3614099951083345,1.0,2024-12,Q4 2024
Tallulah,2024-12-06,2.2947477752599243,0.5932721712538227,1.3614099951083345,1.0,2024-12,Q4 2024
Tallulah,2024-12-07,2.2947477752599243,0.5932721712538227,1.3614099951083345,1.0,2024-12,Q4 2024
Tallulah,2024-12-08,2.2909249280558317,0.5932721712538227,1.3591420062471908,1.0,2024-12,Q4 2024
Tallulah,2024-12-09,2.2899239219398697,0.5963302752293578,1.3655509626246929,1.0,2024-12,Q4 2024
Tallulah,2024-12-10,2.2899239219398697,0.5963302752293578,1.3655509626246929,1.0,2024-12,Q4 2024
Tallulah,2024-12-11,2.290223115689657,0.5963302752293578,1.3657293809158506,1.0,2024-12,Q4 2024
Tallulah,2024-12-12,2.290223115689657,0.599388379204893,1.3727331213308036,1.0,2024-12,Q4 2024
Tallulah,2024-12-13,2.290223115689657,0.599388379204893,1.3727331213308036,1.0,2024-12,Q4 2024
Tallulah,2024-12-14,2.290223115689657,0.599388379204893,1.3727331213308036,1.0,2024-12,Q4 2024
Tallulah,2024-12-15,2.290223115689657,0.599388379204893,1.3727331213308036,1.0,2024-12,Q4 2024
Tallulah,2024-12-16,2.2900000117889476,0.599388379204893,1.372599395445363,1.0,2024-12,Q4 2024
Tallulah,2024-12-17,2.2900000117889476,0.6055045871559632,1.3866055117254177,1.0,2024-12,Q4 2024
Tallulah,2024-12-18,2.289201124391947,0.6055045871559632,1.3861217817419125,1.0,2024-12,Q4 2024
Tallulah,2024-12-19,2.289201124391947,0.6085626911314985,1.3931223968012154,1.0,2024-12,Q4 2024
Tallulah,2024-12-20,2.289201124391947,0.6055045871559632,1.3861217817419125,1.0,2024-12,Q4 2024
Tallulah,2024-12-21,2.289201124391947,0.6024464831804281,1.3791211666826102,1.0,2024-12,Q4 2024
Tallulah,2024-12-22,2.289201124391947,0.6024464831804281,1.3791211666826102,1.0,2024-12,Q4 2024
Tallulah,2024-12-23,2.289201124391947,0.6024464831804281,1.3791211666826102,1.0,2024-12,Q4 2024
Tallulah,2024-12-24,2.2893449625789297,0.6024464831804281,1.3792078214925052,1.0,2024-12,Q4 2024
Tallulah,2024-12-25,2.2893449625789297,0.6055045871559632,1.3862088764239389,1.0,2024-12,Q4 2024
Tallulah,2024-12-26,2.2893449625789297,0.6055045871559632,1.3862088764239389,1.0,2024-12,Q4 2024
Tallulah,2024-12-27,2.2893449625789297,0.6055045871559632,1.3862088764239389,1.0,2024-12,Q4 2024
Tallulah,2024-12-28,2.2893449625789297,0.6055045871559632,1.3862088764239389,1.0,2024-12,Q4 2024
Tallulah,2024-12-29,2.2893449625789297,0.6055045871559632,1.3862088764239389,1.0,2024-12,Q4 2024
Tallulah,2024-12-30,2.2893449625789297,0.6055045871559632,1.3862088764239389,1.0,2024-12,Q4 2024
Tallulah,2024-12-31,2.2893449625789297,0.6055045871559632,1.3862088764239389,1.0,2024-12,Q4 2024
Tallulah,2025-01-01,2.2893449625789297,0.6055045871559632,1.3862088764239389,1.0,2025-01,Q1 2025
Tallulah,2025-01-02,2.2893449625789297,0.6055045871559632,1.3862088764239389,1.0,2025-01,Q1 2025
Tallulah,2025-01-03,2.2893449625789297,0.6055045871559632,1.3862088764239389,1.0,2025-01,Q1 2025
Tallulah,2025-01-04,2.2893449625789297,0.6055045871559632,1.3862088764239389,1.0,2025-01,Q1 2025
Tallulah,2025-01-05,2.2893449625789297,0.6055045871559632,1.3862088764239389,1.0,2025-01,Q1 2025
Tallulah,2025-01-06,2.2893449625789297,0.6055045871559632,1.3862088764239389,1.0,2025-01,Q1 2025
Tallulah,2025-01-07,2.2893449625789297,0.6024464831804281,1.3792078214925052,1.0,2025-01,Q1 2025
Tallulah,2025-01-08,2.2839430145076878,0.6024464831804281,1.375953436874662,1.0,2025-01,Q1 2025
Tallulah,2025-01-09,2.2839430145076878,0.6085626911314985,1.3899225072997856,1.0,2025-01,Q1 2025
Tallulah,2025-01-10,2.2839430145076878,0.6085626911314985,1.3899225072997856,1.0,2025-01,Q1 2025
Tallulah,2025-01-11,2.2839430145076878,0.6085626911314985,1.3899225072997856,1.0,2025-01,Q1 2025
Tallulah,2025-01-12,2.2839430145076878,0.6085626911314985,1.3899225072997856,1.0,2025-01,Q1 2025
Tallulah,2025-01-13,2.2839430145076878,0.6085626911314985,1.3899225072997856,1.0,2025-01,Q1 2025
Tallulah,2025-01-14,2.2839430145076878,0.6085626911314985,1.3899225072997856,1.0,2025-01,Q1 2025
Tallulah,2025-01-15,2.2839430145076878,0.6085626911314985,1.3899225072997856,1.0,2025-01,Q1 2025
Tallulah,2025-01-16,2.2839430145076878,0.6085626911314985,1.3899225072997856,1.0,2025-01,Q1 2025
Tallulah,2025-01-17,2.2839430145076878,0.6055045871559632,1.3829379720872237,1.0,2025-01,Q1 2025
Tallulah,2025-01-18,2.2839430145076878,0.6055045871559632,1.3829379720872237,1.0,2025-01,Q1 2025
Tallulah,2025-01-19,2.2839430145076878,0.6055045871559632,1.3829379720872237,1.0,2025-01,Q1 2025
Tallulah,2025-01-20,2.2839430145076878,0.6055045871559632,1.3829379720872237,1.0,2025-01,Q1 2025
Tallulah,2025-01-21,2.2839430145076878,0.6055045871559632,1.3829379720872237,1.0,2025-01,Q1 2025
Tallulah,2025-01-22,2.2839430145076878,0.6055045871559632,1.3829379720872237,1.0,2025-01,Q1 2025
Tallulah,2025-01-23,2.282189702158423,0.6024464831804281,1.3748971600159308,1.0,2025-01,Q1 2025
Tallulah,2025-01-24,2.282189702158423,0.6055045871559632,1.3818763334170268,1.0,2025-01,Q1 2025
Tallulah,2025-01-25,2.282189702158423,0.6055045871559632,1.3818763334170268,1.0,2025-01,Q1 2025
Tallulah,2025-01-26,2.282189702158423,0.6055045871559632,1.3818763334170268,1.0,2025-01,Q1 2025
Tallulah,2025-01-27,2.2821281262869832,0.6055045871559632,1.3818390489444117,1.0,2025-01,Q1 2025
Tallulah,2025-01-28,2.2821281262869832,0.6085626911314985,1.3888180340400909,1.0,2025-01,Q1 2025
Tallulah,2025-01-29,2.2821281262869832,0.6085626911314985,1.3888180340400909,1.0,2025-01,Q1 2025
Tallulah,2025-01-30,2.2821281262869832,0.6055045871559632,1.3818390489444117,1.0,2025-01,Q1 2025
Tallulah,2025-01-31,2.2821281262869832,0.6055045871559632,1.3818390489444117,1.0,2025-01,Q1 2025
Tallulah,2025-02-01,2.2821281262869832,0.6055045871559632,1.3818390489444117,1.0,2025-02,Q1 2025
Tallulah,2025-02-02,2.2821281262869832,0.6055045871559632,1.3818390489444117,1.0,2025-02,Q1 2025
Tallulah,2025-02-03,2.2821281262869832,0.6055045871559632,1.3818390489444117,1.0,2025-02,Q1 2025
Tallulah,2025-02-04,2.2821281262869832,0.6055045871559632,1.3818390489444117,1.0,2025-02,Q1 2025
Tallulah,2025-02-05,2.2821281262869832,0.6055045871559632,1.3818390489444117,1.0,2025-02,Q1 2025
Tallulah,2025-02-06,2.2821281262869832,0.6055045871559632,1.3818390489444117,1.0,2025-02,Q1 2025
Tallulah,2025-02-07,2.2821281262869832,0.6055045871559632,1.3818390489444117,1.0,2025-02,Q1 2025
Tallulah,2025-02-08,2.2821281262869832,0.6024464831804281,1.3748600638487332,1.0,2025-02,Q1 2025
Tallulah,2025-02-09,2.2821281262869832,0.6024464831804281,1.3748600638487332,1.0,2025-02,Q1 2025
Tallulah,2025-02-10,2.2821281262869832,0.6024464831804281,1.3748600638487332,1.0,2025-02,Q1 2025
Tallulah,2025-02-11,2.28166844988218,0.6024464831804281,1.3745831334152585,1.0,2025-02,Q1 2025
Tallulah,2025-02-12,2.2820575420640017,0.6055045871559632,1.3817963098736155,1.0,2025-02,Q1 2025
Tallulah,2025-02-13,2.2820575420640017,0.6085626911314985,1.3887750791154017,1.0,2025-02,Q1 2025
Tallulah,2025-02-14,2.2820575420640017,0.6085626911314985,1.3887750791154017,1.0,2025-02,Q1 2025
Tallulah,2025-02-15,2.280992105155359,0.6085626911314985,1.3881266939630474,1.0,2025-02,Q1 2025
Tallulah,2025-02-16,2.280992105155359,0.6116207951070336,1.395102204987987,1.0,2025-02,Q1 2025
Tallulah,2025-02-17,2.280992105155359,0.6116207951070336,1.395102204987987,1.0,2025-02,Q1 2025
Tallulah,2025-02-18,2.280992105155359,0.6085626911314985,1.3881266939630474,1.0,2025-02,Q1 2025
Tallulah,2025-02-19,2.280992105155359,0.6024464831804281,1.3741756719131675,1.0,2025-02,Q1 2025
Tallulah,2025-02-20,2.280992105155359,0.6024464831804281,1.3741756719131675,1.0,2025-02,Q1 2025
Tallulah,2025-02-21,2.280992105155359,0.6024464831804281,1.3741756719131675,1.0,2025-02,Q1 2025
Tallulah,2025-02-22,2.2806621904332394,0.6024464831804281,1.373976915949077,1.0,2025-02,Q1 2025
Tallulah,2025-02-23,2.2806621904332394,0.6055045871559632,1.3809514180604934,1.0,2025-02,Q1 2025
Tallulah,2025-02-24,2.2808522937802094,0.6055045871559632,1.3810665265091173,1.0,2025-02,Q1 2025
Tallulah,2025-02-25,2.2808522937802094,0.6085626911314985,1.3880416099763355,1.0,2025-02,Q1 2025
Tallulah,2025-02-26,2.2808522937802094,0.6085626911314985,1.3880416099763355,1.0,2025-02,Q1 2025
Tallulah,2025-02-27,2.2808868957630404,0.6085626911314985,1.3880626674521257,1.0,2025-02,Q1 2025
Tallulah,2025-02-28,2.2808868957630404,0.6146788990825688,1.4020130460194835,1.0,2025-02,Q1 2025
Tallulah,2025-03-01,2.2820523992860564,0.6146788990825688,1.4027294564418877,1.0,2025-03,Q1 2025
Tallulah,2025-03-02,2.2836764183059093,0.6146788990825688,1.4037277066651002,1.0,2025-03,Q1 2025
Tallulah,2025-03-03,2.2836764183059093,0.617737003058104,1.4107114265987575,1.0,2025-03,Q1 2025
Tallulah,2025-03-04,2.2836764183059093,0.617737003058104,1.4107114265987575,1.0,2025-03,Q1 2025
Tallulah,2025-03-05,2.2836764183059093,0.6207951070336392,1.4176951465324146,1.0,2025-03,Q1 2025
Tallulah,2025-03-06,2.2836764183059093,0.6207951070336392,1.4176951465324146,1.0,2025-03,Q1 2025
Tallulah,2025-03-07,2.2836764183059093,0.617737003058104,1.4107114265987575,1.0,2025-03,Q1 2025
Tallulah,2025-03-08,2.2836764183059093,0.6146788990825688,1.4037277066651002,1.0,2025-03,Q1 2025
Tallulah,2025-03-09,2.2836764183059093,0.6146788990825688,1.4037277066651002,1.0,2025-03,Q1 2025
Tallulah,2025-03-10,2.2836764183059093,0.6146788990825688,1.4037277066651002,1.0,2025-03,Q1 2025
Tallulah,2025-03-11,2.2836764183059093,0.6146788990825688,1.4037277066651002,1.0,2025-03,Q1 2025
Tallulah,2025-03-12,2.2836764183059093,0.6146788990825688,1.4037277066651002,1.0,2025-03,Q1 2025
Tallulah,2025-03-13,2.2836764183059093,0.6146788990825688,1.4037277066651002,1.0,2025-03,Q1 2025
Tallulah,2025-03-14,2.2836764183059093,0.6146788990825688,1.4037277066651002,1.0,2025-03,Q1 2025
Tallulah,2025-03-15,2.2836764183059093,0.6146788990825688,1.4037277066651002,1.0,2025-03,Q1 2025
Tallulah,2025-03-16,2.2844001114696963,0.6146788990825688,1.4041725455822904,1.0,2025-03,Q1 2025
Tallulah,2025-03-17,2.2844001114696963,0.617737003058104,1.411158478644889,1.0,2025-03,Q1 2025
Tallulah,2025-03-18,2.2839663010893214,0.617737003058104,1.4108904979206205,1.0,2025-03,Q1 2025
Tallulah,2025-03-19,2.2811426261009755,0.6207951070336392,1.4161221807293518,1.0,2025-03,Q1 2025
Tallulah,2025-03-20,2.2775976662757302,0.6238532110091743,1.4208866174931163,1.0,2025-03,Q1 2025
Tallulah,2025-03-21,2.275693635794821,0.6269113149847094,1.4266580897184657,1.0,2025-03,Q1 2025
Tallulah,2025-03-22,2.275693635794821,0.6299694189602447,1.4336173974731903,1.0,2025-03,Q1 2025
Tallulah,2025-03-23,2.275693635794821,0.6269113149847094,1.4266580897184657,1.0,2025-03,Q1 2025
Tallulah,2025-03-24,2.275693635794821,0.6269113149847094,1.4266580897184657,1.0,2025-03,Q1 2025
Tallulah,2025-03-25,2.272595999445798,0.6269113149847094,1.4247161464415552,1.0,2025-03,Q1 2025
Tallulah,2025-03-26,2.272595999445798,0.6269113149847094,1.4247161464415552,1.0,2025-03,Q1 2025
Tallulah,2025-03-27,2.272595999445798,0.6269113149847094,1.4247161464415552,1.0,2025-03,Q1 2025
Tallulah,2025-03-28,2.272595999445798,0.6269113149847094,1.4247161464415552,1.0,2025-03,Q1 2025
Tallulah,2025-03-29,2.272595999445798,0.6207951070336392,1.4108164767201743,1.0,2025-03,Q1 2025
Tallulah,2025-03-30,2.2695581208111886,0.6207951070336392,1.4089305765280469,1.0,2025-03,Q1 2025
Tallulah,2025-03-31,2.2695581208111886,0.6238532110091743,1.4158711212400077,1.0,2025-03,Q1 2025
Tallulah,2025-04-01,2.267009735582519,0.6207951070336392,1.407348551447252,1.0,2025-04,Q2 2025
Tallulah,2025-04-02,2.267009735582519,0.6207951070336392,1.407348551447252,1.0,2025-04,Q2 2025
Tallulah,2025-04-03,2.267009735582519,0.6207951070336392,1.407348551447252,1.0,2025-04,Q2 2025
Tallulah,2025-04-04,2.2636860264347347,0.617737003058104,1.398362621834301,1.0,2025-04,Q2 2025
Tallulah,2025-04-05,2.2629575623855125,0.6238532110091743,1.4117533416716959,1.0,2025-04,Q2 2025
Tallulah,2025-04-06,2.262100664854214,0.6269113149847094,1.4181365024315409,1.0,2025-04,Q2 2025
Tallulah,2025-04-07,2.262100664854214,0.6330275229357798,1.4319719805040438,1.0,2025-04,Q2 2025
Tallulah,2025-04-08,2.258585546891697,0.6330275229357798,1.4297468140874043,1.0,2025-04,Q2 2025
Tallulah,2025-04-09,2.258585546891697,0.6391437308868502,1.443560792967476,1.0,2025-04,Q2 2025
Tallulah,2025-04-10,2.2557434536901537,0.6391437308868502,1.4417442869151136,1.0,2025-04,Q2 2025
Tallulah,2025-04-11,2.2557434536901537,0.6422018348623852,1.4486425849386306,1.0,2025-04,Q2 2025
Tallulah,2025-04-12,2.2515835610642547,0.6391437308868502,1.4390855176221078,1.0,2025-04,Q2 2025
Tallulah,2025-04-13,2.128589730765785,0.6483180428134556,1.3800031282028942,1.0,2025-04,Q2 2025
Stillhouse Vinings,2023-11-29,2.3151211175838546,0.9014598540145985,2.086988744683256,1.0,2023-11,Q4 2023
Stillhouse Vinings,2023-11-30,2.3151211175838546,0.9051094890510949,2.0954380918277224,1.0,2023-11,Q4 2023
Stillhouse Vinings,2023-12-01,2.3151211175838546,0.9014598540145985,2.086988744683256,1.0,2023-12,Q4 2023
Stillhouse Vinings,2023-12-02,2.3128381484893503,0.9014598540145985,2.084930739696604,1.0,2023-12,Q4 2023
Stillhouse Vinings,2023-12-03,2.3128381484893503,0.9051094890510949,2.0933717548370763,1.0,2023-12,Q4 2023
Stillhouse Vinings,2023-12-04,2.3128381484893503,0.9051094890510949,2.0933717548370763,1.0,2023-12,Q4 2023
Stillhouse Vinings,2023-12-05,2.3128381484893503,0.9051094890510949,2.0933717548370763,1.0,2023-12,Q4 2023
Stillhouse Vinings,2023-12-06,2.309793250551026,0.9051094890510949,2.090615788819907,1.0,2023-12,Q4 2023
Stillhouse Vinings,2023-12-07,2.309793250551026,0.9087591240875912,2.0990456911941804,1.0,2023-12,Q4 2023
Stillhouse Vinings,2023-12-08,2.309793250551026,0.9087591240875912,2.0990456911941804,1.0,2023-12,Q4 2023
Stillhouse Vinings,2023-12-09,2.309793250551026,0.9087591240875912,2.0990456911941804,1.0,2023-12,Q4 2023
Stillhouse Vinings,2023-12-10,2.309793250551026,0.9087591240875912,2.0990456911941804,1.0,2023-12,Q4 2023
Stillhouse Vinings,2023-12-11,2.309793250551026,0.8978102189781022,2.0737559840713593,1.0,2023-12,Q4 2023
Stillhouse Vinings,2023-12-12,2.307505256018649,0.8905109489051095,2.0548586951406946,1.0,2023-12,Q4 2023
Stillhouse Vinings,2023-12-13,2.307505256018649,0.8941605839416058,2.06328024716996,1.0,2023-12,Q4 2023
Stillhouse Vinings,2023-12-14,2.307505256018649,0.8941605839416058,2.06328024716996,1.0,2023-12,Q4 2023
Stillhouse Vinings,2023-12-15,2.307505256018649,0.8941605839416058,2.06328024716996,1.0,2023-12,Q4 2023
Stillhouse Vinings,2023-12-16,2.307505256018649,0.8941605839416058,2.06328024716996,1.0,2023-12,Q4 2023
Stillhouse Vinings,2023-12-17,2.3076053291283873,0.8941605839416058,2.0633697286002004,1.0,2023-12,Q4 2023
Stillhouse Vinings,2023-12-18,2.3076053291283873,0.8978102189781022,2.071791645859793,1.0,2023-12,Q4 2023
Stillhouse Vinings,2023-12-19,2.3076053291283873,0.8905109489051095,2.054947811340608,1.0,2023-12,Q4 2023
Stillhouse Vinings,2023-12-20,2.304570043276361,0.8905109489051095,2.052244856056322,1.0,2023-12,Q4 2023
Stillhouse Vinings,2023-12-21,2.3041890151890114,0.8905109489051095,2.0519055463726965,1.0,2023-12,Q4 2023
Stillhouse Vinings,2023-12-22,2.3041890151890114,0.8941605839416058,2.0603149953332403,1.0,2023-12,Q4 2023
Stillhouse Vinings,2023-12-23,2.3041890151890114,0.8941605839416058,2.0603149953332403,1.0,2023-12,Q4 2023
Stillhouse Vinings,2023-12-24,2.3041890151890114,0.8941605839416058,2.0603149953332403,1.0,2023-12,Q4 2023
Stillhouse Vinings,2023-12-25,2.3041890151890114,0.8941605839416058,2.0603149953332403,1.0,2023-12,Q4 2023
Stillhouse Vinings,2023-12-26,2.3041890151890114,0.8905109489051095,2.0519055463726965,1.0,2023-12,Q4 2023
Stillhouse Vinings,2023-12-27,2.3041890151890114,0.8905109489051095,2.0519055463726965,1.0,2023-12,Q4 2023
Stillhouse Vinings,2023-12-28,2.3089979668350322,0.8905109489051095,2.056187970466233,1.0,2023-12,Q4 2023
Stillhouse Vinings,2023-12-29,2.307656184771699,0.8941605839416058,2.0634152017119205,1.0,2023-12,Q4 2023
Stillhouse Vinings,2023-12-30,2.307656184771699,0.8978102189781022,2.071837304576051,1.0,2023-12,Q4 2023
Stillhouse Vinings,2023-12-31,2.3065589885349977,0.8978102189781022,2.070852230582516,1.0,2023-12,Q4 2023
Stillhouse Vinings,2024-01-01,2.3065589885349977,0.9014598540145985,2.079270329080819,1.0,2024-01,Q1 2024
Stillhouse Vinings,2024-01-02,2.3044948846698996,0.8978102189781022,2.068999057039399,1.0,2024-01,Q1 2024
Stillhouse Vinings,2024-01-03,2.3063150478658225,0.8978102189781022,2.0706332181569063,1.0,2024-01,Q1 2024
Stillhouse Vinings,2024-01-04,2.3029127116895327,0.9051094890510949,2.0843881478065844,1.0,2024-01,Q1 2024
Stillhouse Vinings,2024-01-05,2.3029127116895327,0.9051094890510949,2.0843881478065844,1.0,2024-01,Q1 2024
Stillhouse Vinings,2024-01-06,2.3029127116895327,0.9051094890510949,2.0843881478065844,1.0,2024-01,Q1 2024
Stillhouse Vinings,2024-01-07,2.3029127116895327,0.9051094890510949,2.0843881478065844,1.0,2024-01,Q1 2024
Stillhouse Vinings,2024-01-08,2.3029127116895327,0.9051094890510949,2.0843881478065844,1.0,2024-01,Q1 2024
Stillhouse Vinings,2024-01-09,2.3069668028491552,0.9051094890510949,2.088057544184637,1.0,2024-01,Q1 2024
Stillhouse Vinings,2024-01-10,2.3069668028491552,0.9051094890510949,2.088057544184637,1.0,2024-01,Q1 2024
Stillhouse Vinings,2024-01-11,2.3069668028491552,0.9051094890510949,2.088057544184637,1.0,2024-01,Q1 2024
Stillhouse Vinings,2024-01-12,2.3063985693854816,0.9051094890510949,2.0875432306846693,1.0,2024-01,Q1 2024
Stillhouse Vinings,2024-01-13,2.3063985693854816,0.9087591240875912,2.0959607437116237,1.0,2024-01,Q1 2024
Stillhouse Vinings,2024-01-14,2.3063985693854816,0.9087591240875912,2.0959607437116237,1.0,2024-01,Q1 2024
Stillhouse Vinings,2024-01-15,2.30589027890658,0.9087591240875912,2.095498830101235,1.0,2024-01,Q1 2024
Stillhouse Vinings,2024-01-16,2.30589027890658,0.9124087591240876,2.103914488053449,1.0,2024-01,Q1 2024
Stillhouse Vinings,2024-01-17,2.30589027890658,0.9124087591240876,2.103914488053449,1.0,2024-01,Q1 2024
Stillhouse Vinings,2024-01-18,2.30589027890658,0.9124087591240876,2.103914488053449,1.0,2024-01,Q1 2024
Stillhouse Vinings,2024-01-19,2.30589027890658,0.9124087591240876,2.103914488053449,1.0,2024-01,Q1 2024
Stillhouse Vinings,2024-01-20,2.30589027890658,0.9124087591240876,2.103914488053449,1.0,2024-01,Q1 2024
Stillhouse Vinings,2024-01-21,2.30589027890658,0.9124087591240876,2.103914488053449,1.0,2024-01,Q1 2024
Stillhouse Vinings,2024-01-22,2.30589027890658,0.9124087591240876,2.103914488053449,1.0,2024-01,Q1 2024
Stillhouse Vinings,2024-01-23,2.307618243619566,0.9124087591240876,2.105491098193035,1.0,2024-01,Q1 2024
Stillhouse Vinings,2024-01-24,2.307618243619566,0.9087591240875912,2.0970691338002623,1.0,2024-01,Q1 2024
Stillhouse Vinings,2024-01-25,2.307618243619566,0.9087591240875912,2.0970691338002623,1.0,2024-01,Q1 2024
Stillhouse Vinings,2024-01-26,2.307618243619566,0.9087591240875912,2.0970691338002623,1.0,2024-01,Q1 2024
Stillhouse Vinings,2024-01-27,2.307618243619566,0.9087591240875912,2.0970691338002623,1.0,2024-01,Q1 2024
Stillhouse Vinings,2024-01-28,2.307618243619566,0.9087591240875912,2.0970691338002623,1.0,2024-01,Q1 2024
Stillhouse Vinings,2024-01-29,2.307618243619566,0.9087591240875912,2.0970691338002623,1.0,2024-01,Q1 2024
Stillhouse Vinings,2024-01-30,2.307618243619566,0.9087591240875912,2.0970691338002623,1.0,2024-01,Q1 2024
Stillhouse Vinings,2024-01-31,2.307618243619566,0.9087591240875912,2.0970691338002623,1.0,2024-01,Q1 2024
Stillhouse Vinings,2024-02-01,2.307618243619566,0.9087591240875912,2.0970691338002623,1.0,2024-02,Q1 2024
Stillhouse Vinings,2024-02-02,2.307618243619566,0.9051094890510949,2.0886471694074906,1.0,2024-02,Q1 2024
Stillhouse Vinings,2024-02-03,2.307618243619566,0.9051094890510949,2.0886471694074906,1.0,2024-02,Q1 2024
Stillhouse Vinings,2024-02-04,2.307618243619566,0.9051094890510949,2.0886471694074906,1.0,2024-02,Q1 2024
Stillhouse Vinings,2024-02-05,2.307618243619566,0.9051094890510949,2.0886471694074906,1.0,2024-02,Q1 2024
Stillhouse Vinings,2024-02-06,2.311050826621276,0.9014598540145985,2.083319540786333,1.0,2024-02,Q1 2024
Stillhouse Vinings,2024-02-07,2.311050826621276,0.9051094890510949,2.091754032854294,1.0,2024-02,Q1 2024
Stillhouse Vinings,2024-02-08,2.311050826621276,0.9051094890510949,2.091754032854294,1.0,2024-02,Q1 2024
Stillhouse Vinings,2024-02-09,2.311050826621276,0.9051094890510949,2.091754032854294,1.0,2024-02,Q1 2024
Stillhouse Vinings,2024-02-10,2.3109711898219847,0.8978102189781022,2.0748135499861613,1.0,2024-02,Q1 2024
Stillhouse Vinings,2024-02-11,2.3109711898219847,0.9014598540145985,2.0832477514088694,1.0,2024-02,Q1 2024
Stillhouse Vinings,2024-02-12,2.3109711898219847,0.9014598540145985,2.0832477514088694,1.0,2024-02,Q1 2024
Stillhouse Vinings,2024-02-13,2.2903949382064224,0.9014598540145985,2.064699086631337,1.0,2024-02,Q1 2024
Stillhouse Vinings,2024-02-14,2.2903949382064224,0.9051094890510949,2.073058192245229,1.0,2024-02,Q1 2024
Stillhouse Vinings,2024-02-15,2.2903949382064224,0.9051094890510949,2.073058192245229,1.0,2024-02,Q1 2024
Stillhouse Vinings,2024-02-16,2.2903949382064224,0.9051094890510949,2.073058192245229,1.0,2024-02,Q1 2024
Stillhouse Vinings,2024-02-17,2.2903949382064224,0.8978102189781022,2.056339981017445,1.0,2024-02,Q1 2024
Stillhouse Vinings,2024-02-18,2.2903949382064224,0.8978102189781022,2.056339981017445,1.0,2024-02,Q1 2024
Stillhouse Vinings,2024-02-19,2.2903949382064224,0.8978102189781022,2.056339981017445,1.0,2024-02,Q1 2024
Stillhouse Vinings,2024-02-20,2.2903949382064224,0.8978102189781022,2.056339981017445,1.0,2024-02,Q1 2024
Stillhouse Vinings,2024-02-21,2.2903949382064224,0.8978102189781022,2.056339981017445,1.0,2024-02,Q1 2024
Stillhouse Vinings,2024-02-22,2.2903949382064224,0.8941605839416058,2.0479808754035527,1.0,2024-02,Q1 2024
Stillhouse Vinings,2024-02-23,2.2903949382064224,0.8905109489051095,2.039621769789661,1.0,2024-02,Q1 2024
Stillhouse Vinings,2024-02-24,2.2903949382064224,0.8905109489051095,2.039621769789661,1.0,2024-02,Q1 2024
Stillhouse Vinings,2024-02-25,2.282723302737062,0.8905109489051095,2.0327900944081865,1.0,2024-02,Q1 2024
Stillhouse Vinings,2024-02-26,2.282723302737062,0.8941605839416058,2.041121201352482,1.0,2024-02,Q1 2024
Stillhouse Vinings,2024-02-27,2.282723302737062,0.8941605839416058,2.041121201352482,1.0,2024-02,Q1 2024
Stillhouse Vinings,2024-02-28,2.282723302737062,0.8941605839416058,2.041121201352482,1.0,2024-02,Q1 2024
Stillhouse Vinings,2024-02-29,2.282723302737062,0.8941605839416058,2.041121201352482,1.0,2024-02,Q1 2024
Stillhouse Vinings,2024-03-01,2.282723302737062,0.8905109489051095,2.0327900944081865,1.0,2024-03,Q1 2024
Stillhouse Vinings,2024-03-02,2.282723302737062,0.8905109489051095,2.0327900944081865,1.0,2024-03,Q1 2024
Stillhouse Vinings,2024-03-03,2.279738300967311,0.8905109489051095,2.0301319176497223,1.0,2024-03,Q1 2024
Stillhouse Vinings,2024-03-04,2.279738300967311,0.8978102189781022,2.0467723432042284,1.0,2024-03,Q1 2024
Stillhouse Vinings,2024-03-05,2.2816408759178324,0.8978102189781022,2.048480494437178,1.0,2024-03,Q1 2024
Stillhouse Vinings,2024-03-06,2.2810087963511423,0.9014598540145985,2.056237856564716,1.0,2024-03,Q1 2024
Stillhouse Vinings,2024-03-07,2.280418433159888,0.8978102189781022,2.0473829728369797,1.0,2024-03,Q1 2024
Stillhouse Vinings,2024-03-08,2.280418433159888,0.9014598540145985,2.055705667848512,1.0,2024-03,Q1 2024
Stillhouse Vinings,2024-03-09,2.2786717874858957,0.9014598540145985,2.05413113689422,1.0,2024-03,Q1 2024
Stillhouse Vinings,2024-03-10,2.2786717874858957,0.9051094890510949,2.0624474572865044,1.0,2024-03,Q1 2024
Stillhouse Vinings,2024-03-11,2.2792193845649575,0.9051094890510949,2.06294309259894,1.0,2024-03,Q1 2024
Stillhouse Vinings,2024-03-12,2.2779138806144337,0.9087591240875912,2.0700750228941387,1.0,2024-03,Q1 2024
Stillhouse Vinings,2024-03-13,2.2779138806144337,0.9124087591240876,2.0783885772029502,1.0,2024-03,Q1 2024
Stillhouse Vinings,2024-03-14,2.2779138806144337,0.9087591240875912,2.0700750228941387,1.0,2024-03,Q1 2024
Stillhouse Vinings,2024-03-15,2.277009239043283,0.9051094890510949,2.0609426689150885,1.0,2024-03,Q1 2024
Stillhouse Vinings,2024-03-16,2.277009239043283,0.9087591240875912,2.0692529216123265,1.0,2024-03,Q1 2024
Stillhouse Vinings,2024-03-17,2.277009239043283,0.9087591240875912,2.0692529216123265,1.0,2024-03,Q1 2024
Stillhouse Vinings,2024-03-18,2.277009239043283,0.9087591240875912,2.0692529216123265,1.0,2024-03,Q1 2024
Stillhouse Vinings,2024-03-19,2.2753885420913904,0.9014598540145985,2.051171422980195,1.0,2024-03,Q1 2024
Stillhouse Vinings,2024-03-20,2.2753885420913904,0.9051094890510949,2.059475760725054,1.0,2024-03,Q1 2024
Stillhouse Vinings,2024-03-21,2.2753885420913904,0.9014598540145985,2.051171422980195,1.0,2024-03,Q1 2024
Stillhouse Vinings,2024-03-22,2.2753885420913904,0.9014598540145985,2.051171422980195,1.0,2024-03,Q1 2024
Stillhouse Vinings,2024-03-23,2.2753885420913904,0.9014598540145985,2.051171422980195,1.0,2024-03,Q1 2024
Stillhouse Vinings,2024-03-24,2.2753885420913904,0.9014598540145985,2.051171422980195,1.0,2024-03,Q1 2024
Stillhouse Vinings,2024-03-25,2.2753885420913904,0.9014598540145985,2.051171422980195,1.0,2024-03,Q1 2024
Stillhouse Vinings,2024-03-26,2.2753885420913904,0.9014598540145985,2.051171422980195,1.0,2024-03,Q1 2024
Stillhouse Vinings,2024-03-27,2.2753885420913904,0.9014598540145985,2.051171422980195,1.0,2024-03,Q1 2024
Stillhouse Vinings,2024-03-28,2.275390487329103,0.9014598540145985,2.0511731765338994,1.0,2024-03,Q1 2024
Stillhouse Vinings,2024-03-29,2.2789284935971805,0.9014598540145985,2.0543625471478233,1.0,2024-03,Q1 2024
Stillhouse Vinings,2024-03-30,2.2789284935971805,0.9051094890510949,2.0626798044237256,1.0,2024-03,Q1 2024
Stillhouse Vinings,2024-03-31,2.2789284935971805,0.9051094890510949,2.0626798044237256,1.0,2024-03,Q1 2024
Stillhouse Vinings,2024-04-01,2.276734441687268,0.9051094890510949,2.0606939472205927,1.0,2024-04,Q2 2024
Stillhouse Vinings,2024-04-02,2.2761279199682947,0.9051094890510949,2.0601449786574344,1.0,2024-04,Q2 2024
Stillhouse Vinings,2024-04-03,2.2761279199682947,0.9087591240875912,2.0684520148616983,1.0,2024-04,Q2 2024
Stillhouse Vinings,2024-04-04,2.2761279199682947,0.8978102189781022,2.043530906248907,1.0,2024-04,Q2 2024
Stillhouse Vinings,2024-04-05,2.2746163546433302,0.8978102189781022,2.042173807453501,1.0,2024-04,Q2 2024
Stillhouse Vinings,2024-04-06,2.2746163546433302,0.9014598540145985,2.0504753269959948,1.0,2024-04,Q2 2024
Stillhouse Vinings,2024-04-07,2.2746163546433302,0.9014598540145985,2.0504753269959948,1.0,2024-04,Q2 2024
Stillhouse Vinings,2024-04-08,2.2746163546433302,0.9014598540145985,2.0504753269959948,1.0,2024-04,Q2 2024
Stillhouse Vinings,2024-04-09,2.2746163546433302,0.9014598540145985,2.0504753269959948,1.0,2024-04,Q2 2024
Stillhouse Vinings,2024-04-10,2.2746163546433302,0.9014598540145985,2.0504753269959948,1.0,2024-04,Q2 2024
Stillhouse Vinings,2024-04-11,2.2702614328187325,0.8978102189781022,2.038263914136526,1.0,2024-04,Q2 2024
Stillhouse Vinings,2024-04-12,2.2702614328187325,0.9051094890510949,2.0548351654709696,1.0,2024-04,Q2 2024
Stillhouse Vinings,2024-04-13,2.2702614328187325,0.9051094890510949,2.0548351654709696,1.0,2024-04,Q2 2024
Stillhouse Vinings,2024-04-14,2.2702614328187325,0.9051094890510949,2.0548351654709696,1.0,2024-04,Q2 2024
Stillhouse Vinings,2024-04-15,2.2702614328187325,0.8978102189781022,2.038263914136526,1.0,2024-04,Q2 2024
Stillhouse Vinings,2024-04-16,2.268897927139625,0.8941605839416058,2.028759095435066,1.0,2024-04,Q2 2024
Stillhouse Vinings,2024-04-17,2.2673141209671948,0.8905109489051095,2.019068049328451,1.0,2024-04,Q2 2024
Stillhouse Vinings,2024-04-18,2.2673141209671948,0.8941605839416058,2.0273429183830753,1.0,2024-04,Q2 2024
Stillhouse Vinings,2024-04-19,2.2649411481430017,0.8941605839416058,2.0252210996169175,1.0,2024-04,Q2 2024
Stillhouse Vinings,2024-04-20,2.2649411481430017,0.8978102189781022,2.033487308186783,1.0,2024-04,Q2 2024
Stillhouse Vinings,2024-04-21,2.2649411481430017,0.8978102189781022,2.033487308186783,1.0,2024-04,Q2 2024
Stillhouse Vinings,2024-04-22,2.2649411481430017,0.8978102189781022,2.033487308186783,1.0,2024-04,Q2 2024
Stillhouse Vinings,2024-04-23,2.2649411481430017,0.8978102189781022,2.033487308186783,1.0,2024-04,Q2 2024
Stillhouse Vinings,2024-04-24,2.264393538095502,0.8978102189781022,2.032995658290122,1.0,2024-04,Q2 2024
Stillhouse Vinings,2024-04-25,2.264393538095502,0.9014598540145985,2.0412598682831713,1.0,2024-04,Q2 2024
Stillhouse Vinings,2024-04-26,2.264393538095502,0.9014598540145985,2.0412598682831713,1.0,2024-04,Q2 2024
Stillhouse Vinings,2024-04-27,2.264393538095502,0.8905109489051095,2.0164672383040236,1.0,2024-04,Q2 2024
Stillhouse Vinings,2024-04-28,2.264393538095502,0.8905109489051095,2.0164672383040236,1.0,2024-04,Q2 2024
Stillhouse Vinings,2024-04-29,2.264393538095502,0.8905109489051095,2.0164672383040236,1.0,2024-04,Q2 2024
Stillhouse Vinings,2024-04-30,2.262427988785373,0.8795620437956204,1.9899457857564775,1.0,2024-04,Q2 2024
Stillhouse Vinings,2024-05-01,2.262427988785373,0.8832116788321168,1.9982028222118988,1.0,2024-05,Q2 2024
Stillhouse Vinings,2024-05-02,2.262427988785373,0.8795620437956204,1.9899457857564775,1.0,2024-05,Q2 2024
Stillhouse Vinings,2024-05-03,2.2653627765188156,0.8795620437956204,1.9925271136534106,1.0,2024-05,Q2 2024
Stillhouse Vinings,2024-05-04,2.2653627765188156,0.8941605839416058,2.0255981030916415,1.0,2024-05,Q2 2024
Stillhouse Vinings,2024-05-05,2.2653627765188156,0.8941605839416058,2.0255981030916415,1.0,2024-05,Q2 2024
Stillhouse Vinings,2024-05-06,2.2653627765188156,0.8941605839416058,2.0255981030916415,1.0,2024-05,Q2 2024
Stillhouse Vinings,2024-05-07,2.2653627765188156,0.8941605839416058,2.0255981030916415,1.0,2024-05,Q2 2024
Stillhouse Vinings,2024-05-08,2.2653627765188156,0.8941605839416058,2.0255981030916415,1.0,2024-05,Q2 2024
Stillhouse Vinings,2024-05-09,2.2653627765188156,0.8941605839416058,2.0255981030916415,1.0,2024-05,Q2 2024
Stillhouse Vinings,2024-05-10,2.2653627765188156,0.8941605839416058,2.0255981030916415,1.0,2024-05,Q2 2024
Stillhouse Vinings,2024-05-11,2.2653627765188156,0.8941605839416058,2.0255981030916415,1.0,2024-05,Q2 2024
Stillhouse Vinings,2024-05-12,2.2653627765188156,0.8941605839416058,2.0255981030916415,1.0,2024-05,Q2 2024
Stillhouse Vinings,2024-05-13,2.2653627765188156,0.8941605839416058,2.0255981030916415,1.0,2024-05,Q2 2024
Stillhouse Vinings,2024-05-14,2.2653627765188156,0.8941605839416058,2.0255981030916415,1.0,2024-05,Q2 2024
Stillhouse Vinings,2024-05-15,2.2653627765188156,0.8941605839416058,2.0255981030916415,1.0,2024-05,Q2 2024
Stillhouse Vinings,2024-05-16,2.2653627765188156,0.8759124087591241,1.9842593662938532,1.0,2024-05,Q2 2024
Stillhouse Vinings,2024-05-17,2.2642667723907897,0.8722627737226277,1.975035615333572,1.0,2024-05,Q2 2024
Stillhouse Vinings,2024-05-18,2.259466391152117,0.8759124087591241,1.9790946491843362,1.0,2024-05,Q2 2024
Stillhouse Vinings,2024-05-19,2.256047683718897,0.8759124087591241,1.976100160921662,1.0,2024-05,Q2 2024
Stillhouse Vinings,2024-05-20,2.256047683718897,0.8795620437956204,1.9843339115921685,1.0,2024-05,Q2 2024
Stillhouse Vinings,2024-05-21,2.256047683718897,0.8722627737226277,1.9678664102511547,1.0,2024-05,Q2 2024
Stillhouse Vinings,2024-05-22,2.256047683718897,0.8722627737226277,1.9678664102511547,1.0,2024-05,Q2 2024
Stillhouse Vinings,2024-05-23,2.256047683718897,0.8686131386861313,1.9596326595806477,1.0,2024-05,Q2 2024
Stillhouse Vinings,2024-05-24,2.256047683718897,0.8686131386861313,1.9596326595806477,1.0,2024-05,Q2 2024
Stillhouse Vinings,2024-05-25,2.256047683718897,0.8686131386861313,1.9596326595806477,1.0,2024-05,Q2 2024
Stillhouse Vinings,2024-05-26,2.256047683718897,0.8686131386861313,1.9596326595806477,1.0,2024-05,Q2 2024
Stillhouse Vinings,2024-05-27,2.256047683718897,0.8686131386861313,1.9596326595806477,1.0,2024-05,Q2 2024
Stillhouse Vinings,2024-05-28,2.256047683718897,0.8686131386861313,1.9596326595806477,1.0,2024-05,Q2 2024
Stillhouse Vinings,2024-05-29,2.25444735261799,0.8686131386861313,1.9582425909601515,1.0,2024-05,Q2 2024
Stillhouse Vinings,2024-05-30,2.25444735261799,0.864963503649635,1.9500146809141006,1.0,2024-05,Q2 2024
Stillhouse Vinings,2024-05-31,2.253074503711387,0.864963503649635,1.948827216713864,1.0,2024-05,Q2 2024
Stillhouse Vinings,2024-06-01,2.253074503711387,0.8686131386861313,1.9570501163624456,1.0,2024-06,Q2 2024
Stillhouse Vinings,2024-06-02,2.253074503711387,0.8686131386861313,1.9570501163624456,1.0,2024-06,Q2 2024
Stillhouse Vinings,2024-06-03,2.253074503711387,0.864963503649635,1.948827216713864,1.0,2024-06,Q2 2024
Stillhouse Vinings,2024-06-04,2.2530392737025378,0.8576642335766423,1.932351201898162,1.0,2024-06,Q2 2024
Stillhouse Vinings,2024-06-05,2.257397426627412,0.8576642335766423,1.9360890337862842,1.0,2024-06,Q2 2024
Stillhouse Vinings,2024-06-06,2.257397426627412,0.8613138686131387,1.9443277105258003,1.0,2024-06,Q2 2024
Stillhouse Vinings,2024-06-07,2.2533634917891776,0.8613138686131387,1.9408532265045473,1.0,2024-06,Q2 2024
Stillhouse Vinings,2024-06-08,2.2533634917891776,0.8722627737226277,1.9655250895533338,1.0,2024-06,Q2 2024
Stillhouse Vinings,2024-06-09,2.2533634917891776,0.8722627737226277,1.9655250895533338,1.0,2024-06,Q2 2024
Stillhouse Vinings,2024-06-10,2.251525093731894,0.8686131386861313,1.9557042784970462,1.0,2024-06,Q2 2024
Stillhouse Vinings,2024-06-11,2.250533056013346,0.8722627737226277,1.963056205792663,1.0,2024-06,Q2 2024
Stillhouse Vinings,2024-06-12,2.250533056013346,0.8722627737226277,1.963056205792663,1.0,2024-06,Q2 2024
Stillhouse Vinings,2024-06-13,2.250533056013346,0.8722627737226277,1.963056205792663,1.0,2024-06,Q2 2024
Stillhouse Vinings,2024-06-14,2.2477429072526482,0.8722627737226277,1.9606224628955582,1.0,2024-06,Q2 2024
Stillhouse Vinings,2024-06-15,2.2477429072526482,0.8759124087591241,1.9688259041629037,1.0,2024-06,Q2 2024
Stillhouse Vinings,2024-06-16,2.2477429072526482,0.8759124087591241,1.9688259041629037,1.0,2024-06,Q2 2024
Stillhouse Vinings,2024-06-17,2.2477429072526482,0.8759124087591241,1.9688259041629037,1.0,2024-06,Q2 2024
Stillhouse Vinings,2024-06-18,2.2477429072526482,0.8686131386861313,1.9524190216282127,1.0,2024-06,Q2 2024
Stillhouse Vinings,2024-06-19,2.2477429072526482,0.8686131386861313,1.9524190216282127,1.0,2024-06,Q2 2024
Stillhouse Vinings,2024-06-20,2.2454210643793946,0.8686131386861313,1.9504022384025397,1.0,2024-06,Q2 2024
Stillhouse Vinings,2024-06-21,2.2454210643793946,0.8722627737226277,1.9585972057907857,1.0,2024-06,Q2 2024
Stillhouse Vinings,2024-06-22,2.2454210643793946,0.8722627737226277,1.9585972057907857,1.0,2024-06,Q2 2024
Stillhouse Vinings,2024-06-23,2.2454210643793946,0.8686131386861313,1.9504022384025397,1.0,2024-06,Q2 2024
Stillhouse Vinings,2024-06-24,2.2454210643793946,0.864963503649635,1.942207271014294,1.0,2024-06,Q2 2024
Stillhouse Vinings,2024-06-25,2.2454210643793946,0.8613138686131387,1.934012303626048,1.0,2024-06,Q2 2024
Stillhouse Vinings,2024-06-26,2.2453557428641306,0.8613138686131387,1.9339560412990324,1.0,2024-06,Q2 2024
Stillhouse Vinings,2024-06-27,2.2459089322245998,0.864963503649635,1.9426292588950005,1.0,2024-06,Q2 2024
Stillhouse Vinings,2024-06-28,2.2459089322245998,0.8686131386861313,1.9508260068228274,1.0,2024-06,Q2 2024
Stillhouse Vinings,2024-06-29,2.2459089322245998,0.8576642335766423,1.9262357630393465,1.0,2024-06,Q2 2024
Stillhouse Vinings,2024-06-30,2.2287668533034157,0.8576642335766423,1.9115336150594988,1.0,2024-06,Q2 2024
Stillhouse Vinings,2024-07-01,2.227618356322623,0.8613138686131387,1.9186785842778797,1.0,2024-07,Q3 2024
Stillhouse Vinings,2024-07-02,2.227618356322623,0.8686131386861313,1.9349385722802346,1.0,2024-07,Q3 2024
Stillhouse Vinings,2024-07-03,2.2325000700914934,0.8613138686131387,1.9228832720496076,1.0,2024-07,Q3 2024
Stillhouse Vinings,2024-07-04,2.2325000700914934,0.8686131386861313,1.9391788929991802,1.0,2024-07,Q3 2024
Stillhouse Vinings,2024-07-05,2.2309020795609196,0.864963503649635,1.9296488790362698,1.0,2024-07,Q3 2024
Stillhouse Vinings,2024-07-06,2.2309020795609196,0.8686131386861313,1.9377908574288278,1.0,2024-07,Q3 2024
Stillhouse Vinings,2024-07-07,2.2309020795609196,0.8686131386861313,1.9377908574288278,1.0,2024-07,Q3 2024
Stillhouse Vinings,2024-07-08,2.2309020795609196,0.8686131386861313,1.9377908574288278,1.0,2024-07,Q3 2024
Stillhouse Vinings,2024-07-09,2.2275552664068905,0.8686131386861313,1.9348837715505105,1.0,2024-07,Q3 2024
Stillhouse Vinings,2024-07-10,2.2275552664068905,0.8722627737226277,1.9430135352965212,1.0,2024-07,Q3 2024
Stillhouse Vinings,2024-07-11,2.22407242771352,0.8722627737226277,1.9399755847574136,1.0,2024-07,Q3 2024
Stillhouse Vinings,2024-07-12,2.225684478672953,0.8832116788321168,1.9657505249593237,1.0,2024-07,Q3 2024
Stillhouse Vinings,2024-07-13,2.2198417213160444,0.8868613138686131,1.9686917455467108,1.0,2024-07,Q3 2024
Stillhouse Vinings,2024-07-14,2.219178137146727,0.9051094890510949,2.008599189826235,1.0,2024-07,Q3 2024
Stillhouse Vinings,2024-07-15,2.219178137146727,0.9087591240875912,2.0166983801077922,1.0,2024-07,Q3 2024
Stillhouse Vinings,2024-07-16,2.213252613080048,0.9087591240875912,2.0113135060471965,1.0,2024-07,Q3 2024
Stillhouse Vinings,2024-07-17,2.207187670848533,0.916058394160584,2.021912793368547,1.0,2024-07,Q3 2024
Stillhouse Vinings,2024-07-18,2.2065258695177494,0.9343065693430657,2.061571615315853,1.0,2024-07,Q3 2024
Stillhouse Vinings,2024-07-19,2.2065258695177494,0.9379562043795621,2.0696246294381813,1.0,2024-07,Q3 2024
Stillhouse Vinings,2024-07-20,2.208541135165896,0.9379562043795621,2.0715148603563334,1.0,2024-07,Q3 2024
Stillhouse Vinings,2024-07-21,2.205479572298273,0.9416058394160584,2.0766924439888848,1.0,2024-07,Q3 2024
Stillhouse Vinings,2024-07-22,2.205479572298273,0.9452554744525548,2.0847416395082217,1.0,2024-07,Q3 2024
Stillhouse Vinings,2024-07-23,2.205479572298273,0.9452554744525548,2.0847416395082217,1.0,2024-07,Q3 2024
Stillhouse Vinings,2024-07-24,2.205479572298273,0.9416058394160584,2.0766924439888848,1.0,2024-07,Q3 2024
Stillhouse Vinings,2024-07-25,2.205479572298273,0.9416058394160584,2.0766924439888848,1.0,2024-07,Q3 2024
Stillhouse Vinings,2024-07-26,2.2087940691774195,0.9416058394160584,2.0798133936050154,1.0,2024-07,Q3 2024
Stillhouse Vinings,2024-07-27,2.2087940691774195,0.9452554744525548,2.087874685828291,1.0,2024-07,Q3 2024
Stillhouse Vinings,2024-07-28,2.2087940691774195,0.9452554744525548,2.087874685828291,1.0,2024-07,Q3 2024
Stillhouse Vinings,2024-07-29,2.2087940691774195,0.9452554744525548,2.087874685828291,1.0,2024-07,Q3 2024
Stillhouse Vinings,2024-07-30,2.2087940691774195,0.9416058394160584,2.0798133936050154,1.0,2024-07,Q3 2024
Stillhouse Vinings,2024-07-31,2.2087940691774195,0.9416058394160584,2.0798133936050154,1.0,2024-07,Q3 2024
Stillhouse Vinings,2024-08-01,2.2087940691774195,0.9416058394160584,2.0798133936050154,1.0,2024-08,Q3 2024
Stillhouse Vinings,2024-08-02,2.2098683799039085,0.9416058394160584,2.0808249708584245,1.0,2024-08,Q3 2024
Stillhouse Vinings,2024-08-03,2.2098683799039085,0.9452554744525548,2.0888901839237675,1.0,2024-08,Q3 2024
Stillhouse Vinings,2024-08-04,2.2098683799039085,0.9452554744525548,2.0888901839237675,1.0,2024-08,Q3 2024
Stillhouse Vinings,2024-08-05,2.2098683799039085,0.9452554744525548,2.0888901839237675,1.0,2024-08,Q3 2024
Stillhouse Vinings,2024-08-06,2.2098683799039085,0.9233576642335767,2.0404989055317113,1.0,2024-08,Q3 2024
Stillhouse Vinings,2024-08-07,2.2098683799039085,0.9233576642335767,2.0404989055317113,1.0,2024-08,Q3 2024
Stillhouse Vinings,2024-08-08,2.2098683799039085,0.9233576642335767,2.0404989055317113,1.0,2024-08,Q3 2024
Stillhouse Vinings,2024-08-09,2.2098683799039085,0.9233576642335767,2.0404989055317113,1.0,2024-08,Q3 2024
Stillhouse Vinings,2024-08-10,2.2098683799039085,0.9233576642335767,2.0404989055317113,1.0,2024-08,Q3 2024
Stillhouse Vinings,2024-08-11,2.2098683799039085,0.9233576642335767,2.0404989055317113,1.0,2024-08,Q3 2024
Stillhouse Vinings,2024-08-12,2.2098683799039085,0.9233576642335767,2.0404989055317113,1.0,2024-08,Q3 2024
Stillhouse Vinings,2024-08-13,2.2098683799039085,0.9233576642335767,2.0404989055317113,1.0,2024-08,Q3 2024
Stillhouse Vinings,2024-08-14,2.2098683799039085,0.9233576642335767,2.0404989055317113,1.0,2024-08,Q3 2024
Stillhouse Vinings,2024-08-15,2.2213930102095882,0.9233576642335767,2.051140261251919,1.0,2024-08,Q3 2024
Stillhouse Vinings,2024-08-16,2.2213930102095882,0.9233576642335767,2.051140261251919,1.0,2024-08,Q3 2024
Stillhouse Vinings,2024-08-17,2.2213930102095882,0.9233576642335767,2.051140261251919,1.0,2024-08,Q3 2024
Stillhouse Vinings,2024-08-18,2.2213930102095882,0.9233576642335767,2.051140261251919,1.0,2024-08,Q3 2024
Stillhouse Vinings,2024-08-19,2.2213930102095882,0.9233576642335767,2.051140261251919,1.0,2024-08,Q3 2024
Stillhouse Vinings,2024-08-20,2.2213930102095882,0.9233576642335767,2.051140261251919,1.0,2024-08,Q3 2024
Stillhouse Vinings,2024-08-21,2.2213930102095882,0.916058394160584,2.0349257137321413,1.0,2024-08,Q3 2024
Stillhouse Vinings,2024-08-22,2.2213930102095882,0.916058394160584,2.0349257137321413,1.0,2024-08,Q3 2024
Stillhouse Vinings,2024-08-23,2.2213930102095882,0.9124087591240876,2.026818439972252,1.0,2024-08,Q3 2024
Stillhouse Vinings,2024-08-24,2.2213930102095882,0.9124087591240876,2.026818439972252,1.0,2024-08,Q3 2024
Stillhouse Vinings,2024-08-25,2.2213930102095882,0.9124087591240876,2.026818439972252,1.0,2024-08,Q3 2024
Stillhouse Vinings,2024-08-26,2.2213930102095882,0.9124087591240876,2.026818439972252,1.0,2024-08,Q3 2024
Stillhouse Vinings,2024-08-27,2.2213930102095882,0.9124087591240876,2.026818439972252,1.0,2024-08,Q3 2024
Stillhouse Vinings,2024-08-28,2.2213930102095882,0.9124087591240876,2.026818439972252,1.0,2024-08,Q3 2024
Stillhouse Vinings,2024-08-29,2.2213930102095882,0.9124087591240876,2.026818439972252,1.0,2024-08,Q3 2024
Stillhouse Vinings,2024-08-30,2.2213930102095882,0.9124087591240876,2.026818439972252,1.0,2024-08,Q3 2024
Stillhouse Vinings,2024-08-31,2.2213930102095882,0.9124087591240876,2.026818439972252,1.0,2024-08,Q3 2024
Stillhouse Vinings,2024-09-01,2.2213930102095882,0.9124087591240876,2.026818439972252,1.0,2024-09,Q3 2024
Stillhouse Vinings,2024-09-02,2.2213930102095882,0.9124087591240876,2.026818439972252,1.0,2024-09,Q3 2024
Stillhouse Vinings,2024-09-03,2.2213930102095882,0.9124087591240876,2.026818439972252,1.0,2024-09,Q3 2024
Stillhouse Vinings,2024-09-04,2.2213930102095882,0.9124087591240876,2.026818439972252,1.0,2024-09,Q3 2024
Stillhouse Vinings,2024-09-05,2.220823869238195,0.9014598540145985,2.001983560955599,1.0,2024-09,Q3 2024
Stillhouse Vinings,2024-09-06,2.220823869238195,0.9051094890510949,2.010088757558658,1.0,2024-09,Q3 2024
Stillhouse Vinings,2024-09-07,2.220823869238195,0.9051094890510949,2.010088757558658,1.0,2024-09,Q3 2024
Stillhouse Vinings,2024-09-08,2.220823869238195,0.9051094890510949,2.010088757558658,1.0,2024-09,Q3 2024
Stillhouse Vinings,2024-09-09,2.220823869238195,0.9051094890510949,2.010088757558658,1.0,2024-09,Q3 2024
Stillhouse Vinings,2024-09-10,2.220823869238195,0.9051094890510949,2.010088757558658,1.0,2024-09,Q3 2024
Stillhouse Vinings,2024-09-11,2.220823869238195,0.9051094890510949,2.010088757558658,1.0,2024-09,Q3 2024
Stillhouse Vinings,2024-09-12,2.220823869238195,0.9051094890510949,2.010088757558658,1.0,2024-09,Q3 2024
Stillhouse Vinings,2024-09-13,2.220823869238195,0.9051094890510949,2.010088757558658,1.0,2024-09,Q3 2024
Stillhouse Vinings,2024-09-14,2.220823869238195,0.9051094890510949,2.010088757558658,1.0,2024-09,Q3 2024
Stillhouse Vinings,2024-09-15,2.220823869238195,0.9051094890510949,2.010088757558658,1.0,2024-09,Q3 2024
Stillhouse Vinings,2024-09-16,2.2226374668440774,0.9051094890510949,2.0117302619610626,1.0,2024-09,Q3 2024
Stillhouse Vinings,2024-09-17,2.2226374668440774,0.9014598540145985,2.003618446388639,1.0,2024-09,Q3 2024
Stillhouse Vinings,2024-09-18,2.2226374668440774,0.9014598540145985,2.003618446388639,1.0,2024-09,Q3 2024
Stillhouse Vinings,2024-09-19,2.2231323917033494,0.8978102189781022,1.9959509794124963,1.0,2024-09,Q3 2024
Stillhouse Vinings,2024-09-20,2.2231323917033494,0.9014598540145985,2.0040646012800267,1.0,2024-09,Q3 2024
Stillhouse Vinings,2024-09-21,2.2231323917033494,0.9014598540145985,2.0040646012800267,1.0,2024-09,Q3 2024
Stillhouse Vinings,2024-09-22,2.2231323917033494,0.9014598540145985,2.0040646012800267,1.0,2024-09,Q3 2024
Stillhouse Vinings,2024-09-23,2.2231323917033494,0.9014598540145985,2.0040646012800267,1.0,2024-09,Q3 2024
Stillhouse Vinings,2024-09-24,2.2231323917033494,0.9014598540145985,2.0040646012800267,1.0,2024-09,Q3 2024
Stillhouse Vinings,2024-09-25,2.2231323917033494,0.9014598540145985,2.0040646012800267,1.0,2024-09,Q3 2024
Stillhouse Vinings,2024-09-26,2.2231323917033494,0.9014598540145985,2.0040646012800267,1.0,2024-09,Q3 2024
Stillhouse Vinings,2024-09-27,2.2231323917033494,0.9014598540145985,2.0040646012800267,1.0,2024-09,Q3 2024
Stillhouse Vinings,2024-09-28,2.2231323917033494,0.9014598540145985,2.0040646012800267,1.0,2024-09,Q3 2024
Stillhouse Vinings,2024-09-29,2.2231323917033494,0.9014598540145985,2.0040646012800267,1.0,2024-09,Q3 2024
Stillhouse Vinings,2024-09-30,2.2231323917033494,0.9014598540145985,2.0040646012800267,1.0,2024-09,Q3 2024
Stillhouse Vinings,2024-10-01,2.2231323917033494,0.8978102189781022,1.9959509794124963,1.0,2024-10,Q4 2024
Stillhouse Vinings,2024-10-02,2.2231323917033494,0.8978102189781022,1.9959509794124963,1.0,2024-10,Q4 2024
Stillhouse Vinings,2024-10-03,2.2231323917033494,0.8905109489051095,1.9797237356774353,1.0,2024-10,Q4 2024
Stillhouse Vinings,2024-10-04,2.2231323917033494,0.8868613138686131,1.9716101138099047,1.0,2024-10,Q4 2024
Stillhouse Vinings,2024-10-05,2.2223694618481153,0.8868613138686131,1.9709335008361022,1.0,2024-10,Q4 2024
Stillhouse Vinings,2024-10-06,2.2223694618481153,0.8905109489051095,1.9790443382881027,1.0,2024-10,Q4 2024
Stillhouse Vinings,2024-10-07,2.2223694618481153,0.8905109489051095,1.9790443382881027,1.0,2024-10,Q4 2024
Stillhouse Vinings,2024-10-08,2.22114177084503,0.8905109489051095,1.9779510660079829,1.0,2024-10,Q4 2024
Stillhouse Vinings,2024-10-09,2.22114177084503,0.8941605839416058,1.9860574228358843,1.0,2024-10,Q4 2024
Stillhouse Vinings,2024-10-10,2.22114177084503,0.8941605839416058,1.9860574228358843,1.0,2024-10,Q4 2024
Stillhouse Vinings,2024-10-11,2.208004381129964,0.8941605839416058,1.9743104867767924,1.0,2024-10,Q4 2024
Stillhouse Vinings,2024-10-12,2.208004381129964,1.0,2.208004381129964,1.0,2024-10,Q4 2024
Stillhouse Vinings,2024-10-13,2.208004381129964,1.0,2.208004381129964,1.0,2024-10,Q4 2024
Stillhouse Vinings,2024-10-14,2.208004381129964,1.0,2.208004381129964,1.0,2024-10,Q4 2024
Stillhouse Vinings,2024-10-15,2.208004381129964,1.0,2.208004381129964,1.0,2024-10,Q4 2024
Stillhouse Vinings,2024-10-16,2.208004381129964,0.8795620437956204,1.9420768461763551,1.0,2024-10,Q4 2024
Stillhouse Vinings,2024-10-17,2.208004381129964,0.8795620437956204,1.9420768461763551,1.0,2024-10,Q4 2024
Stillhouse Vinings,2024-10-18,2.2097001431980785,0.8759124087591241,1.9355037750640105,1.0,2024-10,Q4 2024
Stillhouse Vinings,2024-10-19,2.2097001431980785,0.8832116788321168,1.9516329731895439,1.0,2024-10,Q4 2024
Stillhouse Vinings,2024-10-20,2.2097001431980785,0.8832116788321168,1.9516329731895439,1.0,2024-10,Q4 2024
Stillhouse Vinings,2024-10-21,2.2024372013840945,0.8832116788321168,1.945218258156755,1.0,2024-10,Q4 2024
Stillhouse Vinings,2024-10-22,2.2024372013840945,0.8795620437956204,1.9371801661809005,1.0,2024-10,Q4 2024
Stillhouse Vinings,2024-10-23,2.2024372013840945,0.8795620437956204,1.9371801661809005,1.0,2024-10,Q4 2024
Stillhouse Vinings,2024-10-24,2.2024372013840945,0.8795620437956204,1.9371801661809005,1.0,2024-10,Q4 2024
Stillhouse Vinings,2024-10-25,2.2024372013840945,0.8795620437956204,1.9371801661809005,1.0,2024-10,Q4 2024
Stillhouse Vinings,2024-10-26,2.2024372013840945,0.8795620437956204,1.9371801661809005,1.0,2024-10,Q4 2024
Stillhouse Vinings,2024-10-27,2.2024372013840945,0.8795620437956204,1.9371801661809005,1.0,2024-10,Q4 2024
Stillhouse Vinings,2024-10-28,2.2024372013840945,0.8795620437956204,1.9371801661809005,1.0,2024-10,Q4 2024
Stillhouse Vinings,2024-10-29,2.2024372013840945,0.8795620437956204,1.9371801661809005,1.0,2024-10,Q4 2024
Stillhouse Vinings,2024-10-30,2.2024372013840945,0.8795620437956204,1.9371801661809005,1.0,2024-10,Q4 2024
Stillhouse Vinings,2024-10-31,2.2024372013840945,0.8795620437956204,1.9371801661809005,1.0,2024-10,Q4 2024
Stillhouse Vinings,2024-11-01,2.201605175577006,0.8795620437956204,1.9364483478615273,1.0,2024-11,Q4 2024
Stillhouse Vinings,2024-11-02,2.204538685309297,0.8795620437956204,1.9390285516771555,1.0,2024-11,Q4 2024
Stillhouse Vinings,2024-11-03,2.204538685309297,0.8832116788321168,1.947074313302372,1.0,2024-11,Q4 2024
Stillhouse Vinings,2024-11-04,2.204538685309297,0.8832116788321168,1.947074313302372,1.0,2024-11,Q4 2024
Stillhouse Vinings,2024-11-05,2.202966071077366,0.8832116788321168,1.945685362046433,1.0,2024-11,Q4 2024
Stillhouse Vinings,2024-11-06,2.200395886081987,0.8868613138686131,1.9514459865617624,1.0,2024-11,Q4 2024
Stillhouse Vinings,2024-11-07,2.1993084778968113,0.8868613138686131,1.9504816063099457,1.0,2024-11,Q4 2024
Stillhouse Vinings,2024-11-08,2.1955799418788406,0.8905109489051095,1.9551879774395515,1.0,2024-11,Q4 2024
Stillhouse Vinings,2024-11-09,2.193754335448028,0.8941605839416058,1.961568657608638,1.0,2024-11,Q4 2024
Stillhouse Vinings,2024-11-10,2.193754335448028,0.8978102189781022,1.9695750602927549,1.0,2024-11,Q4 2024
Stillhouse Vinings,2024-11-11,2.193754335448028,0.8978102189781022,1.9695750602927549,1.0,2024-11,Q4 2024
Stillhouse Vinings,2024-11-12,2.192021896503212,0.8978102189781022,1.9680196589043437,1.0,2024-11,Q4 2024
Stillhouse Vinings,2024-11-13,2.188302856420798,0.8941605839416058,1.9566941599383048,1.0,2024-11,Q4 2024
Stillhouse Vinings,2024-11-14,2.188137932976984,0.8978102189781022,1.9645325967603577,1.0,2024-11,Q4 2024
Stillhouse Vinings,2024-11-15,2.186670340718121,0.9014598540145985,1.97119552612181,1.0,2024-11,Q4 2024
Stillhouse Vinings,2024-11-16,2.186670340718121,0.9051094890510949,1.9791760748105622,1.0,2024-11,Q4 2024
Stillhouse Vinings,2024-11-17,2.176975434693679,0.9051094890510949,1.970401123372381,1.0,2024-11,Q4 2024
Stillhouse Vinings,2024-11-18,2.175396560463714,0.9124087591240876,1.9848508763355057,1.0,2024-11,Q4 2024
Stillhouse Vinings,2024-11-19,2.175396560463714,0.9124087591240876,1.9848508763355057,1.0,2024-11,Q4 2024
Stillhouse Vinings,2024-11-20,2.175396560463714,0.9124087591240876,1.9848508763355057,1.0,2024-11,Q4 2024
Stillhouse Vinings,2024-11-21,2.175396560463714,0.9124087591240876,1.9848508763355057,1.0,2024-11,Q4 2024
Stillhouse Vinings,2024-11-22,2.172483272312709,0.9087591240875912,1.9742639956418413,1.0,2024-11,Q4 2024
Stillhouse Vinings,2024-11-23,2.16976775007994,0.9197080291970803,1.9955528212414049,1.0,2024-11,Q4 2024
Stillhouse Vinings,2024-11-24,2.16976775007994,0.9233576642335767,2.0034716816431564,1.0,2024-11,Q4 2024
Stillhouse Vinings,2024-11-25,2.16976775007994,0.9233576642335767,2.0034716816431564,1.0,2024-11,Q4 2024
Stillhouse Vinings,2024-11-26,2.16976775007994,0.916058394160584,1.9876339608396534,1.0,2024-11,Q4 2024
Stillhouse Vinings,2024-11-27,2.1683775701723422,0.9087591240875912,1.9705329013609971,1.0,2024-11,Q4 2024
Stillhouse Vinings,2024-11-28,2.1683775701723422,0.9124087591240876,1.978446688113451,1.0,2024-11,Q4 2024
Stillhouse Vinings,2024-11-29,2.1683775701723422,0.9124087591240876,1.978446688113451,1.0,2024-11,Q4 2024
Stillhouse Vinings,2024-11-30,2.1683775701723422,0.9124087591240876,1.978446688113451,1.0,2024-11,Q4 2024
Stillhouse Vinings,2024-12-01,2.1683775701723422,0.9124087591240876,1.978446688113451,1.0,2024-12,Q4 2024
Stillhouse Vinings,2024-12-02,2.1683775701723422,0.9124087591240876,1.978446688113451,1.0,2024-12,Q4 2024
Stillhouse Vinings,2024-12-03,2.1683775701723422,0.9124087591240876,1.978446688113451,1.0,2024-12,Q4 2024
Stillhouse Vinings,2024-12-04,2.1677144777604687,0.9051094890510949,1.9620189433744388,1.0,2024-12,Q4 2024
Stillhouse Vinings,2024-12-05,2.1663247306051763,0.9087591240875912,1.968667364674047,1.0,2024-12,Q4 2024
Stillhouse Vinings,2024-12-06,2.1663247306051763,0.9124087591240876,1.9765736593112921,1.0,2024-12,Q4 2024
Stillhouse Vinings,2024-12-07,2.1663247306051763,0.9124087591240876,1.9765736593112921,1.0,2024-12,Q4 2024
Stillhouse Vinings,2024-12-08,2.1663247306051763,0.9124087591240876,1.9765736593112921,1.0,2024-12,Q4 2024
Stillhouse Vinings,2024-12-09,2.1663247306051763,0.9124087591240876,1.9765736593112921,1.0,2024-12,Q4 2024
Stillhouse Vinings,2024-12-10,2.1663247306051763,0.9124087591240876,1.9765736593112921,1.0,2024-12,Q4 2024
Stillhouse Vinings,2024-12-11,2.1679071796226808,0.9087591240875912,1.9701054296571077,1.0,2024-12,Q4 2024
Stillhouse Vinings,2024-12-12,2.1679071796226808,0.9124087591240876,1.9780174996557307,1.0,2024-12,Q4 2024
Stillhouse Vinings,2024-12-13,2.1679071796226808,0.9124087591240876,1.9780174996557307,1.0,2024-12,Q4 2024
Stillhouse Vinings,2024-12-14,2.1679071796226808,0.9124087591240876,1.9780174996557307,1.0,2024-12,Q4 2024
Stillhouse Vinings,2024-12-15,2.1679071796226808,0.9124087591240876,1.9780174996557307,1.0,2024-12,Q4 2024
Stillhouse Vinings,2024-12-16,2.1645716129212347,0.9124087591240876,1.9749740993806886,1.0,2024-12,Q4 2024
Stillhouse Vinings,2024-12-17,2.1645716129212347,0.9197080291970803,1.990773892175734,1.0,2024-12,Q4 2024
Stillhouse Vinings,2024-12-18,2.1645716129212347,0.9197080291970803,1.990773892175734,1.0,2024-12,Q4 2024
Stillhouse Vinings,2024-12-19,2.163132983938182,0.9197080291970803,1.989450773548985,1.0,2024-12,Q4 2024
Stillhouse Vinings,2024-12-20,2.163132983938182,0.9233576642335767,1.9973454194757667,1.0,2024-12,Q4 2024
Stillhouse Vinings,2024-12-21,2.163132983938182,0.9233576642335767,1.9973454194757667,1.0,2024-12,Q4 2024
Stillhouse Vinings,2024-12-22,2.156009950224395,0.9197080291970803,1.9828996622501733,1.0,2024-12,Q4 2024
Stillhouse Vinings,2024-12-23,2.156009950224395,0.9233576642335767,1.990768311703547,1.0,2024-12,Q4 2024
Stillhouse Vinings,2024-12-24,2.156009950224395,0.9233576642335767,1.990768311703547,1.0,2024-12,Q4 2024
Stillhouse Vinings,2024-12-25,2.156009950224395,0.9233576642335767,1.990768311703547,1.0,2024-12,Q4 2024
Stillhouse Vinings,2024-12-26,2.156009950224395,0.9233576642335767,1.990768311703547,1.0,2024-12,Q4 2024
Stillhouse Vinings,2024-12-27,2.156009950224395,0.9197080291970803,1.9828996622501733,1.0,2024-12,Q4 2024
Stillhouse Vinings,2024-12-28,2.156009950224395,0.9197080291970803,1.9828996622501733,1.0,2024-12,Q4 2024
Stillhouse Vinings,2024-12-29,2.156009950224395,0.916058394160584,1.9750310127967996,1.0,2024-12,Q4 2024
Stillhouse Vinings,2024-12-30,2.156009950224395,0.9124087591240876,1.9671623633434259,1.0,2024-12,Q4 2024
Stillhouse Vinings,2024-12-31,2.156009950224395,0.9124087591240876,1.9671623633434259,1.0,2024-12,Q4 2024
Stillhouse Vinings,2025-01-01,2.156009950224395,0.9124087591240876,1.9671623633434259,1.0,2025-01,Q1 2025
Stillhouse Vinings,2025-01-02,2.156009950224395,0.9124087591240876,1.9671623633434259,1.0,2025-01,Q1 2025
Stillhouse Vinings,2025-01-03,2.156009950224395,0.9124087591240876,1.9671623633434259,1.0,2025-01,Q1 2025
Stillhouse Vinings,2025-01-04,2.156009950224395,0.9124087591240876,1.9671623633434259,1.0,2025-01,Q1 2025
Stillhouse Vinings,2025-01-05,2.156009950224395,0.9124087591240876,1.9671623633434259,1.0,2025-01,Q1 2025
Stillhouse Vinings,2025-01-06,2.156009950224395,0.9124087591240876,1.9671623633434259,1.0,2025-01,Q1 2025
Stillhouse Vinings,2025-01-07,2.156009950224395,0.9124087591240876,1.9671623633434259,1.0,2025-01,Q1 2025
Stillhouse Vinings,2025-01-08,2.156009950224395,0.9124087591240876,1.9671623633434259,1.0,2025-01,Q1 2025
Stillhouse Vinings,2025-01-09,2.156009950224395,0.9124087591240876,1.9671623633434259,1.0,2025-01,Q1 2025
Stillhouse Vinings,2025-01-10,2.1541303238147425,0.9124087591240876,1.9654473757433781,1.0,2025-01,Q1 2025
Stillhouse Vinings,2025-01-11,2.1535288922072358,0.9197080291970803,1.9806178132708883,1.0,2025-01,Q1 2025
Stillhouse Vinings,2025-01-12,2.1535288922072358,0.9233576642335767,1.9884774077679952,1.0,2025-01,Q1 2025
Stillhouse Vinings,2025-01-13,2.1522299854239746,0.9233576642335767,1.987278052234546,1.0,2025-01,Q1 2025
Stillhouse Vinings,2025-01-14,2.1522299854239746,0.927007299270073,1.9951329061959473,1.0,2025-01,Q1 2025
Stillhouse Vinings,2025-01-15,2.1522299854239746,0.927007299270073,1.9951329061959473,1.0,2025-01,Q1 2025
Stillhouse Vinings,2025-01-16,2.1522299854239746,0.927007299270073,1.9951329061959473,1.0,2025-01,Q1 2025
Stillhouse Vinings,2025-01-17,2.1511760372608895,0.927007299270073,1.994155888555715,1.0,2025-01,Q1 2025
Stillhouse Vinings,2025-01-18,2.1511760372608895,0.9306569343065694,2.002006895990974,1.0,2025-01,Q1 2025
Stillhouse Vinings,2025-01-19,2.1511760372608895,0.9306569343065694,2.002006895990974,1.0,2025-01,Q1 2025
Stillhouse Vinings,2025-01-20,2.1511760372608895,0.9306569343065694,2.002006895990974,1.0,2025-01,Q1 2025
Stillhouse Vinings,2025-01-21,2.1495474655758895,0.9306569343065694,2.0004912544593134,1.0,2025-01,Q1 2025
Stillhouse Vinings,2025-01-22,2.14812262430189,0.9379562043795621,2.014844943232065,1.0,2025-01,Q1 2025
Stillhouse Vinings,2025-01-23,2.14812262430189,0.9416058394160584,2.022684806824407,1.0,2025-01,Q1 2025
Stillhouse Vinings,2025-01-24,2.14812262430189,0.9416058394160584,2.022684806824407,1.0,2025-01,Q1 2025
Stillhouse Vinings,2025-01-25,2.1463862371012303,0.9416058394160584,2.021049814496779,1.0,2025-01,Q1 2025
Stillhouse Vinings,2025-01-26,2.1463862371012303,0.9452554744525548,2.028883340909557,1.0,2025-01,Q1 2025
Stillhouse Vinings,2025-01-27,2.1463862371012303,0.9452554744525548,2.028883340909557,1.0,2025-01,Q1 2025
Stillhouse Vinings,2025-01-28,2.1464664942701273,0.9452554744525548,2.028959204437821,1.0,2025-01,Q1 2025
Stillhouse Vinings,2025-01-29,2.1458306970963554,0.948905109489051,2.036189712573184,1.0,2025-01,Q1 2025
Stillhouse Vinings,2025-01-30,2.1458306970963554,0.9452554744525548,2.028358213678672,1.0,2025-01,Q1 2025
Stillhouse Vinings,2025-01-31,2.1458306970963554,0.9452554744525548,2.028358213678672,1.0,2025-01,Q1 2025
Stillhouse Vinings,2025-02-01,2.1458306970963554,0.9452554744525548,2.028358213678672,1.0,2025-02,Q1 2025
Stillhouse Vinings,2025-02-02,2.1458306970963554,0.9452554744525548,2.028358213678672,1.0,2025-02,Q1 2025
Stillhouse Vinings,2025-02-03,2.1458306970963554,0.9452554744525548,2.028358213678672,1.0,2025-02,Q1 2025
Stillhouse Vinings,2025-02-04,2.1458306970963554,0.9452554744525548,2.028358213678672,1.0,2025-02,Q1 2025
Stillhouse Vinings,2025-02-05,2.1458306970963554,0.9379562043795621,2.0126952158896474,1.0,2025-02,Q1 2025
Stillhouse Vinings,2025-02-06,2.1458306970963554,0.9379562043795621,2.0126952158896474,1.0,2025-02,Q1 2025
Stillhouse Vinings,2025-02-07,2.1458306970963554,0.9379562043795621,2.0126952158896474,1.0,2025-02,Q1 2025
Stillhouse Vinings,2025-02-08,2.1458306970963554,0.9306569343065694,1.9970322181006228,1.0,2025-02,Q1 2025
Stillhouse Vinings,2025-02-09,2.1447979979875775,0.927007299270073,1.9882433995943236,1.0,2025-02,Q1 2025
Stillhouse Vinings,2025-02-10,2.1447979979875775,0.9306569343065694,1.9960711295139864,1.0,2025-02,Q1 2025
Stillhouse Vinings,2025-02-11,2.14467059807195,0.9306569343065694,1.9959525638990774,1.0,2025-02,Q1 2025
Stillhouse Vinings,2025-02-12,2.14467059807195,0.9343065693430657,2.0037798288555444,1.0,2025-02,Q1 2025
Stillhouse Vinings,2025-02-13,2.14467059807195,0.9306569343065694,1.9959525638990774,1.0,2025-02,Q1 2025
Stillhouse Vinings,2025-02-14,2.14467059807195,0.9306569343065694,1.9959525638990774,1.0,2025-02,Q1 2025
Stillhouse Vinings,2025-02-15,2.1446675855094623,0.927007299270073,1.988122506275195,1.0,2025-02,Q1 2025
Stillhouse Vinings,2025-02-16,2.1446675855094623,0.9306569343065694,1.9959497602369085,1.0,2025-02,Q1 2025
Stillhouse Vinings,2025-02-17,2.143594886939189,0.9306569343065694,1.9949514458740627,1.0,2025-02,Q1 2025
Stillhouse Vinings,2025-02-18,2.143594886939189,0.9343065693430657,2.00277478487749,1.0,2025-02,Q1 2025
Stillhouse Vinings,2025-02-19,2.143594886939189,0.9343065693430657,2.00277478487749,1.0,2025-02,Q1 2025
Stillhouse Vinings,2025-02-20,2.143594886939189,0.9343065693430657,2.00277478487749,1.0,2025-02,Q1 2025
Stillhouse Vinings,2025-02-21,2.143594886939189,0.9306569343065694,1.9949514458740627,1.0,2025-02,Q1 2025
Stillhouse Vinings,2025-02-22,2.143594886939189,0.9306569343065694,1.9949514458740627,1.0,2025-02,Q1 2025
Stillhouse Vinings,2025-02-23,2.143594886939189,0.9306569343065694,1.9949514458740627,1.0,2025-02,Q1 2025
Stillhouse Vinings,2025-02-24,2.143594886939189,0.9306569343065694,1.9949514458740627,1.0,2025-02,Q1 2025
Stillhouse Vinings,2025-02-25,2.143594886939189,0.9306569343065694,1.9949514458740627,1.0,2025-02,Q1 2025
Stillhouse Vinings,2025-02-26,2.143594886939189,0.9233576642335767,1.9793047678672073,1.0,2025-02,Q1 2025
Stillhouse Vinings,2025-02-27,2.143594886939189,0.9233576642335767,1.9793047678672073,1.0,2025-02,Q1 2025
Stillhouse Vinings,2025-02-28,2.1426412820726357,0.9233576642335767,1.978424249505025,1.0,2025-02,Q1 2025
Stillhouse Vinings,2025-03-01,2.1426412820726357,0.927007299270073,1.9862441081987205,1.0,2025-03,Q1 2025
Stillhouse Vinings,2025-03-02,2.141430237837764,0.927007299270073,1.9851214613532555,1.0,2025-03,Q1 2025
Stillhouse Vinings,2025-03-03,2.1401723875824437,0.9306569343065694,1.991766273115048,1.0,2025-03,Q1 2025
Stillhouse Vinings,2025-03-04,2.1401723875824437,0.9343065693430657,1.9995771212449107,1.0,2025-03,Q1 2025
Stillhouse Vinings,2025-03-05,2.1391514490393835,0.9343065693430657,1.9986232516572342,1.0,2025-03,Q1 2025
Stillhouse Vinings,2025-03-06,2.1380277886516414,0.9379562043795621,2.0053764295017222,1.0,2025-03,Q1 2025
Stillhouse Vinings,2025-03-07,2.137129952165793,0.9452554744525548,2.0201337869012423,1.0,2025-03,Q1 2025
Stillhouse Vinings,2025-03-08,2.137129952165793,0.948905109489051,2.0279335312522124,1.0,2025-03,Q1 2025
Stillhouse Vinings,2025-03-09,2.137129952165793,0.948905109489051,2.0279335312522124,1.0,2025-03,Q1 2025
Stillhouse Vinings,2025-03-10,2.137129952165793,0.948905109489051,2.0279335312522124,1.0,2025-03,Q1 2025
Stillhouse Vinings,2025-03-11,2.137129952165793,0.948905109489051,2.0279335312522124,1.0,2025-03,Q1 2025
Stillhouse Vinings,2025-03-12,2.137129952165793,0.948905109489051,2.0279335312522124,1.0,2025-03,Q1 2025
Stillhouse Vinings,2025-03-13,2.13851835326221,0.9452554744525548,2.0214461806383666,1.0,2025-03,Q1 2025
Stillhouse Vinings,2025-03-14,2.13851835326221,0.948905109489051,2.0292509921466224,1.0,2025-03,Q1 2025
Stillhouse Vinings,2025-03-15,2.13851835326221,0.9379562043795621,2.005836557621854,1.0,2025-03,Q1 2025
Stillhouse Vinings,2025-03-16,2.13851835326221,0.9379562043795621,2.005836557621854,1.0,2025-03,Q1 2025
Stillhouse Vinings,2025-03-17,2.13851835326221,0.9379562043795621,2.005836557621854,1.0,2025-03,Q1 2025
Stillhouse Vinings,2025-03-18,2.13851835326221,0.9379562043795621,2.005836557621854,1.0,2025-03,Q1 2025
Stillhouse Vinings,2025-03-19,2.1371429534773285,0.9379562043795621,2.004546492860122,1.0,2025-03,Q1 2025
Stillhouse Vinings,2025-03-20,2.1371429534773285,0.9379562043795621,2.004546492860122,1.0,2025-03,Q1 2025
Stillhouse Vinings,2025-03-21,2.1363882326930392,0.9379562043795621,2.0038385978179236,1.0,2025-03,Q1 2025
Stillhouse Vinings,2025-03-22,2.1363882326930392,0.9379562043795621,2.0038385978179236,1.0,2025-03,Q1 2025
Stillhouse Vinings,2025-03-23,2.1363882326930392,0.9379562043795621,2.0038385978179236,1.0,2025-03,Q1 2025
Stillhouse Vinings,2025-03-24,2.1363882326930392,0.9379562043795621,2.0038385978179236,1.0,2025-03,Q1 2025
Stillhouse Vinings,2025-03-25,2.1363882326930392,0.9379562043795621,2.0038385978179236,1.0,2025-03,Q1 2025
Stillhouse Vinings,2025-03-26,2.140134450697219,0.9306569343065694,1.9917309668897476,1.0,2025-03,Q1 2025
Stillhouse Vinings,2025-03-27,2.1367561853137667,0.9343065693430657,1.9963853410230812,1.0,2025-03,Q1 2025
Stillhouse Vinings,2025-03-28,2.136506728881502,0.9343065693430657,1.9961522722396514,1.0,2025-03,Q1 2025
Stillhouse Vinings,2025-03-29,2.136506728881502,0.9379562043795621,2.003949742053088,1.0,2025-03,Q1 2025
Stillhouse Vinings,2025-03-30,2.136506728881502,0.9379562043795621,2.003949742053088,1.0,2025-03,Q1 2025
Stillhouse Vinings,2025-03-31,2.136506728881502,0.9379562043795621,2.003949742053088,1.0,2025-03,Q1 2025
Stillhouse Vinings,2025-04-01,2.136506728881502,0.9379562043795621,2.003949742053088,1.0,2025-04,Q2 2025
Stillhouse Vinings,2025-04-02,2.136506728881502,0.9343065693430657,1.9961522722396514,1.0,2025-04,Q2 2025
Stillhouse Vinings,2025-04-03,2.136506728881502,0.9343065693430657,1.9961522722396514,1.0,2025-04,Q2 2025
Stillhouse Vinings,2025-04-04,2.136506728881502,0.9343065693430657,1.9961522722396514,1.0,2025-04,Q2 2025
Stillhouse Vinings,2025-04-05,2.136506728881502,0.9343065693430657,1.9961522722396514,1.0,2025-04,Q2 2025
Stillhouse Vinings,2025-04-06,2.136506728881502,0.9343065693430657,1.9961522722396514,1.0,2025-04,Q2 2025
Stillhouse Vinings,2025-04-07,2.136506728881502,0.9343065693430657,1.9961522722396514,1.0,2025-04,Q2 2025
Stillhouse Vinings,2025-04-08,2.136506728881502,0.9343065693430657,1.9961522722396514,1.0,2025-04,Q2 2025
Stillhouse Vinings,2025-04-09,2.136329416122981,0.9233576642335767,1.9725961397047962,1.0,2025-04,Q2 2025
Stillhouse Vinings,2025-04-10,2.1353033508063324,0.927007299270073,1.9794417923533154,1.0,2025-04,Q2 2025
Stillhouse Vinings,2025-04-11,2.1353033508063324,0.9306569343065694,1.9872348702759663,1.0,2025-04,Q2 2025
Stillhouse Vinings,2025-04-12,2.133719863293552,0.927007299270073,1.9779738878706647,1.0,2025-04,Q2 2025
Stillhouse Vinings,2025-04-13,2.1265992417318027,0.9306569343065694,1.9791343308087945,1.0,2025-04,Q2 2025
The District at Windy Hill,2023-10-16,2.0991834328532737,0.9084507042253521,1.9070046678737487,1.0,2023-10,Q4 2023
The District at Windy Hill,2023-10-17,2.0991834328532737,0.9119718309859155,1.9143961588344995,1.0,2023-10,Q4 2023
The District at Windy Hill,2023-10-18,2.0991834328532737,0.9084507042253521,1.9070046678737487,1.0,2023-10,Q4 2023
The District at Windy Hill,2023-10-19,2.0835520599234005,0.9084507042253521,1.8928043361275964,1.0,2023-10,Q4 2023
The District at Windy Hill,2023-10-20,2.0835520599234005,0.9119718309859155,1.9001407870428195,1.0,2023-10,Q4 2023
The District at Windy Hill,2023-10-21,2.0701395380709844,0.9084507042253521,1.8806197212053308,1.0,2023-10,Q4 2023
The District at Windy Hill,2023-10-22,2.0701395380709844,0.9119718309859155,1.887908944930933,1.0,2023-10,Q4 2023
The District at Windy Hill,2023-10-23,2.0701395380709844,0.9119718309859155,1.887908944930933,1.0,2023-10,Q4 2023
The District at Windy Hill,2023-10-24,2.0701395380709844,0.9119718309859155,1.887908944930933,1.0,2023-10,Q4 2023
The District at Windy Hill,2023-10-25,2.0701395380709844,0.9084507042253521,1.8806197212053308,1.0,2023-10,Q4 2023
The District at Windy Hill,2023-10-26,2.0701395380709844,0.9084507042253521,1.8806197212053308,1.0,2023-10,Q4 2023
The District at Windy Hill,2023-10-27,2.0701395380709844,0.9049295774647887,1.873330497479729,1.0,2023-10,Q4 2023
The District at Windy Hill,2023-10-28,2.0701395380709844,0.9049295774647887,1.873330497479729,1.0,2023-10,Q4 2023
The District at Windy Hill,2023-10-29,2.0701395380709844,0.9049295774647887,1.873330497479729,1.0,2023-10,Q4 2023
The District at Windy Hill,2023-10-30,2.0701395380709844,0.9049295774647887,1.873330497479729,1.0,2023-10,Q4 2023
The District at Windy Hill,2023-10-31,2.0701395380709844,0.9049295774647887,1.873330497479729,1.0,2023-10,Q4 2023
The District at Windy Hill,2023-11-01,2.0592253385162,0.9049295774647887,1.8634539154882515,1.0,2023-11,Q4 2023
The District at Windy Hill,2023-11-02,2.0592253385162,0.9084507042253521,1.870704708933731,1.0,2023-11,Q4 2023
The District at Windy Hill,2023-11-03,2.0592253385162,0.9084507042253521,1.870704708933731,1.0,2023-11,Q4 2023
The District at Windy Hill,2023-11-04,2.0592253385162,0.9084507042253521,1.870704708933731,1.0,2023-11,Q4 2023
The District at Windy Hill,2023-11-05,2.042513439849138,0.9049295774647887,1.8483308240888328,1.0,2023-11,Q4 2023
The District at Windy Hill,2023-11-06,2.0504350943548433,0.9084507042253521,1.8627192054350337,1.0,2023-11,Q4 2023
The District at Windy Hill,2023-11-07,2.0504350943548433,0.9119718309859155,1.869939047316565,1.0,2023-11,Q4 2023
The District at Windy Hill,2023-11-08,2.05790731962936,0.9049295774647887,1.8622612012138928,1.0,2023-11,Q4 2023
The District at Windy Hill,2023-11-09,2.05790731962936,0.9084507042253521,1.8695073537477989,1.0,2023-11,Q4 2023
The District at Windy Hill,2023-11-10,2.05790731962936,0.9049295774647887,1.8622612012138928,1.0,2023-11,Q4 2023
The District at Windy Hill,2023-11-11,2.0468230397273444,0.9049295774647887,1.8522307084856602,1.0,2023-11,Q4 2023
The District at Windy Hill,2023-11-12,2.0468230397273444,0.9049295774647887,1.8522307084856602,1.0,2023-11,Q4 2023
The District at Windy Hill,2023-11-13,2.0468230397273444,0.9049295774647887,1.8522307084856602,1.0,2023-11,Q4 2023
The District at Windy Hill,2023-11-14,2.0468230397273444,0.9049295774647887,1.8522307084856602,1.0,2023-11,Q4 2023
The District at Windy Hill,2023-11-15,2.0468230397273444,0.9049295774647887,1.8522307084856602,1.0,2023-11,Q4 2023
The District at Windy Hill,2023-11-16,2.0468230397273444,0.9049295774647887,1.8522307084856602,1.0,2023-11,Q4 2023
The District at Windy Hill,2023-11-17,2.0557222118692406,0.9014084507042254,1.8530453740793156,1.0,2023-11,Q4 2023
The District at Windy Hill,2023-11-18,2.0557222118692406,0.9049295774647887,1.860283832571813,1.0,2023-11,Q4 2023
The District at Windy Hill,2023-11-19,2.0557222118692406,0.9049295774647887,1.860283832571813,1.0,2023-11,Q4 2023
The District at Windy Hill,2023-11-20,2.0557222118692406,0.9049295774647887,1.860283832571813,1.0,2023-11,Q4 2023
The District at Windy Hill,2023-11-21,2.0557222118692406,0.9049295774647887,1.860283832571813,1.0,2023-11,Q4 2023
The District at Windy Hill,2023-11-22,2.0557222118692406,0.9014084507042254,1.8530453740793156,1.0,2023-11,Q4 2023
The District at Windy Hill,2023-11-23,2.0557222118692406,0.897887323943662,1.8458069155868182,1.0,2023-11,Q4 2023
The District at Windy Hill,2023-11-24,2.0557222118692406,0.8943661971830986,1.8385684570943208,1.0,2023-11,Q4 2023
The District at Windy Hill,2023-11-25,2.0557222118692406,0.8943661971830986,1.8385684570943208,1.0,2023-11,Q4 2023
The District at Windy Hill,2023-11-26,2.0557222118692406,0.8943661971830986,1.8385684570943208,1.0,2023-11,Q4 2023
The District at Windy Hill,2023-11-27,2.0557222118692406,0.8943661971830986,1.8385684570943208,1.0,2023-11,Q4 2023
The District at Windy Hill,2023-11-28,2.0624167976502523,0.8943661971830986,1.8445558683210004,1.0,2023-11,Q4 2023
The District at Windy Hill,2023-11-29,2.0624167976502523,0.8873239436619719,1.8300318063657168,1.0,2023-11,Q4 2023
The District at Windy Hill,2023-11-30,2.0737208877718714,0.8838028169014085,1.8327603620800694,1.0,2023-11,Q4 2023
The District at Windy Hill,2023-12-01,2.0759438683690132,0.8908450704225352,1.849344361610424,1.0,2023-12,Q4 2023
The District at Windy Hill,2023-12-02,2.0759438683690132,0.8943661971830986,1.8566540231187654,1.0,2023-12,Q4 2023
The District at Windy Hill,2023-12-03,2.0759438683690132,0.8873239436619719,1.8420347001020823,1.0,2023-12,Q4 2023
The District at Windy Hill,2023-12-04,2.0759438683690132,0.8873239436619719,1.8420347001020823,1.0,2023-12,Q4 2023
The District at Windy Hill,2023-12-05,2.0759438683690132,0.8873239436619719,1.8420347001020823,1.0,2023-12,Q4 2023
The District at Windy Hill,2023-12-06,2.0759438683690132,0.8873239436619719,1.8420347001020823,1.0,2023-12,Q4 2023
The District at Windy Hill,2023-12-07,2.0629734959923764,0.8873239436619719,1.8305257781340807,1.0,2023-12,Q4 2023
The District at Windy Hill,2023-12-08,2.0629734959923764,0.8908450704225352,1.8377897693171523,1.0,2023-12,Q4 2023
The District at Windy Hill,2023-12-09,2.0629734959923764,0.8908450704225352,1.8377897693171523,1.0,2023-12,Q4 2023
The District at Windy Hill,2023-12-10,2.0675555791705658,0.8908450704225352,1.8418716955287082,1.0,2023-12,Q4 2023
The District at Windy Hill,2023-12-11,2.0675555791705658,0.8943661971830986,1.849151820807478,1.0,2023-12,Q4 2023
The District at Windy Hill,2023-12-12,2.0675555791705658,0.8943661971830986,1.849151820807478,1.0,2023-12,Q4 2023
The District at Windy Hill,2023-12-13,2.0738317200903813,0.8943661971830986,1.8547649890949185,1.0,2023-12,Q4 2023
The District at Windy Hill,2023-12-14,2.0738317200903813,0.897887323943662,1.862067213461434,1.0,2023-12,Q4 2023
The District at Windy Hill,2023-12-15,2.0738317200903813,0.8943661971830986,1.8547649890949185,1.0,2023-12,Q4 2023
The District at Windy Hill,2023-12-16,2.0812247744987213,0.8943661971830986,1.8613770870516735,1.0,2023-12,Q4 2023
The District at Windy Hill,2023-12-17,2.0812247744987213,0.897887323943662,1.8687053432999083,1.0,2023-12,Q4 2023
The District at Windy Hill,2023-12-18,2.0812247744987213,0.897887323943662,1.8687053432999083,1.0,2023-12,Q4 2023
The District at Windy Hill,2023-12-19,2.0936350670679347,0.897887323943662,1.8798483876842371,1.0,2023-12,Q4 2023
The District at Windy Hill,2023-12-20,2.098934216132777,0.9049295774647887,1.8993876533314213,1.0,2023-12,Q4 2023
The District at Windy Hill,2023-12-21,2.098934216132777,0.9084507042253521,1.9067782667685085,1.0,2023-12,Q4 2023
The District at Windy Hill,2023-12-22,2.098934216132777,0.9014084507042254,1.8919970398943342,1.0,2023-12,Q4 2023
The District at Windy Hill,2023-12-23,2.098934216132777,0.9014084507042254,1.8919970398943342,1.0,2023-12,Q4 2023
The District at Windy Hill,2023-12-24,2.083293549223649,0.897887323943662,1.870562869901516,1.0,2023-12,Q4 2023
The District at Windy Hill,2023-12-25,2.0905180145903044,0.9049295774647887,1.8917715836257332,1.0,2023-12,Q4 2023
The District at Windy Hill,2023-12-26,2.0905180145903044,0.9084507042253521,1.899132562550347,1.0,2023-12,Q4 2023
The District at Windy Hill,2023-12-27,2.0905180145903044,0.9084507042253521,1.899132562550347,1.0,2023-12,Q4 2023
The District at Windy Hill,2023-12-28,2.0905180145903044,0.9084507042253521,1.899132562550347,1.0,2023-12,Q4 2023
The District at Windy Hill,2023-12-29,2.0905180145903044,0.9049295774647887,1.8917715836257332,1.0,2023-12,Q4 2023
The District at Windy Hill,2023-12-30,2.0905180145903044,0.9014084507042254,1.8844106047011195,1.0,2023-12,Q4 2023
The District at Windy Hill,2023-12-31,2.0905180145903044,0.9014084507042254,1.8844106047011195,1.0,2023-12,Q4 2023
The District at Windy Hill,2024-01-01,2.0905180145903044,0.9014084507042254,1.8844106047011195,1.0,2024-01,Q1 2024
The District at Windy Hill,2024-01-02,2.0905180145903044,0.9014084507042254,1.8844106047011195,1.0,2024-01,Q1 2024
The District at Windy Hill,2024-01-03,2.0977726085296338,0.9014084507042254,1.8909499569844586,1.0,2024-01,Q1 2024
The District at Windy Hill,2024-01-04,2.061298074129927,0.9049295774647887,1.8653295952513775,1.0,2024-01,Q1 2024
The District at Windy Hill,2024-01-05,2.061298074129927,0.9154929577464789,1.8871038706823275,1.0,2024-01,Q1 2024
The District at Windy Hill,2024-01-06,2.0487147801788916,0.9154929577464789,1.8755839536849008,1.0,2024-01,Q1 2024
The District at Windy Hill,2024-01-07,2.0487147801788916,0.9190140845070423,1.8827977381221503,1.0,2024-01,Q1 2024
The District at Windy Hill,2024-01-08,2.0487147801788916,0.9190140845070423,1.8827977381221503,1.0,2024-01,Q1 2024
The District at Windy Hill,2024-01-09,2.0487147801788916,0.9190140845070423,1.8827977381221503,1.0,2024-01,Q1 2024
The District at Windy Hill,2024-01-10,2.0487147801788916,0.9154929577464789,1.8755839536849008,1.0,2024-01,Q1 2024
The District at Windy Hill,2024-01-11,2.0487147801788916,0.9084507042253521,1.8611563848104016,1.0,2024-01,Q1 2024
The District at Windy Hill,2024-01-12,2.0487147801788916,0.9049295774647887,1.853942600373152,1.0,2024-01,Q1 2024
The District at Windy Hill,2024-01-13,2.0487147801788916,0.9049295774647887,1.853942600373152,1.0,2024-01,Q1 2024
The District at Windy Hill,2024-01-14,2.0459262651125223,0.9049295774647887,1.8514191906123882,1.0,2024-01,Q1 2024
The District at Windy Hill,2024-01-15,2.0459262651125223,0.9084507042253521,1.8586231563346154,1.0,2024-01,Q1 2024
The District at Windy Hill,2024-01-16,2.0459262651125223,0.9084507042253521,1.8586231563346154,1.0,2024-01,Q1 2024
The District at Windy Hill,2024-01-17,2.0459262651125223,0.9084507042253521,1.8586231563346154,1.0,2024-01,Q1 2024
The District at Windy Hill,2024-01-18,2.0459262651125223,0.9084507042253521,1.8586231563346154,1.0,2024-01,Q1 2024
The District at Windy Hill,2024-01-19,2.0527958143756386,0.9049295774647887,1.8576356489244337,1.0,2024-01,Q1 2024
The District at Windy Hill,2024-01-20,2.0527958143756386,0.9049295774647887,1.8576356489244337,1.0,2024-01,Q1 2024
The District at Windy Hill,2024-01-21,2.073061796237637,0.9014084507042254,1.8686754219606871,1.0,2024-01,Q1 2024
The District at Windy Hill,2024-01-22,2.073061796237637,0.9119718309859155,1.890573962061789,1.0,2024-01,Q1 2024
The District at Windy Hill,2024-01-23,2.0786620022974507,0.9119718309859155,1.8956811922360555,1.0,2024-01,Q1 2024
The District at Windy Hill,2024-01-24,2.0786620022974507,0.9154929577464789,1.9030004246385113,1.0,2024-01,Q1 2024
The District at Windy Hill,2024-01-25,2.0786620022974507,0.9119718309859155,1.8956811922360555,1.0,2024-01,Q1 2024
The District at Windy Hill,2024-01-26,2.0786620022974507,0.9119718309859155,1.8956811922360555,1.0,2024-01,Q1 2024
The District at Windy Hill,2024-01-27,2.0694575820900405,0.9119718309859155,1.8872870202863397,1.0,2024-01,Q1 2024
The District at Windy Hill,2024-01-28,2.0694575820900405,0.9084507042253521,1.8800001978141918,1.0,2024-01,Q1 2024
The District at Windy Hill,2024-01-29,2.0694575820900405,0.9084507042253521,1.8800001978141918,1.0,2024-01,Q1 2024
The District at Windy Hill,2024-01-30,2.0694575820900405,0.9084507042253521,1.8800001978141918,1.0,2024-01,Q1 2024
The District at Windy Hill,2024-01-31,2.0694575820900405,0.9084507042253521,1.8800001978141918,1.0,2024-01,Q1 2024
The District at Windy Hill,2024-02-01,2.0694575820900405,0.9084507042253521,1.8800001978141918,1.0,2024-02,Q1 2024
The District at Windy Hill,2024-02-02,2.0604958082081493,0.9084507042253521,1.8718588680200792,1.0,2024-02,Q1 2024
The District at Windy Hill,2024-02-03,2.0604958082081493,0.9119718309859155,1.8791141349503897,1.0,2024-02,Q1 2024
The District at Windy Hill,2024-02-04,2.0604958082081493,0.9119718309859155,1.8791141349503897,1.0,2024-02,Q1 2024
The District at Windy Hill,2024-02-05,2.0604958082081493,0.9084507042253521,1.8718588680200792,1.0,2024-02,Q1 2024
The District at Windy Hill,2024-02-06,2.0604958082081493,0.9084507042253521,1.8718588680200792,1.0,2024-02,Q1 2024
The District at Windy Hill,2024-02-07,2.0604958082081493,0.9084507042253521,1.8718588680200792,1.0,2024-02,Q1 2024
The District at Windy Hill,2024-02-08,2.0604958082081493,0.9049295774647887,1.8646036010897689,1.0,2024-02,Q1 2024
The District at Windy Hill,2024-02-09,2.0604958082081493,0.9049295774647887,1.8646036010897689,1.0,2024-02,Q1 2024
The District at Windy Hill,2024-02-10,2.052703776123624,0.9014084507042254,1.850324530590309,1.0,2024-02,Q1 2024
The District at Windy Hill,2024-02-11,2.0595935021904177,0.897887323943662,1.849282898093509,1.0,2024-02,Q1 2024
The District at Windy Hill,2024-02-12,2.0595935021904177,0.9049295774647887,1.8637870776863992,1.0,2024-02,Q1 2024
The District at Windy Hill,2024-02-13,2.0595935021904177,0.9014084507042254,1.856534987889954,1.0,2024-02,Q1 2024
The District at Windy Hill,2024-02-14,2.0595935021904177,0.897887323943662,1.849282898093509,1.0,2024-02,Q1 2024
The District at Windy Hill,2024-02-15,2.0595935021904177,0.897887323943662,1.849282898093509,1.0,2024-02,Q1 2024
The District at Windy Hill,2024-02-16,2.0595935021904177,0.897887323943662,1.849282898093509,1.0,2024-02,Q1 2024
The District at Windy Hill,2024-02-17,2.0595935021904177,0.897887323943662,1.849282898093509,1.0,2024-02,Q1 2024
The District at Windy Hill,2024-02-18,2.0643945267897013,0.8943661971830986,1.8463246824105075,1.0,2024-02,Q1 2024
The District at Windy Hill,2024-02-19,2.0643945267897013,0.897887323943662,1.8535936772231474,1.0,2024-02,Q1 2024
The District at Windy Hill,2024-02-20,2.056068278193584,0.897887323943662,1.8461176441526899,1.0,2024-02,Q1 2024
The District at Windy Hill,2024-02-21,2.056068278193584,0.9014084507042254,1.8533573211885828,1.0,2024-02,Q1 2024
The District at Windy Hill,2024-02-22,2.056068278193584,0.9014084507042254,1.8533573211885828,1.0,2024-02,Q1 2024
The District at Windy Hill,2024-02-23,2.056068278193584,0.9014084507042254,1.8533573211885828,1.0,2024-02,Q1 2024
The District at Windy Hill,2024-02-24,2.056068278193584,0.9014084507042254,1.8533573211885828,1.0,2024-02,Q1 2024
The District at Windy Hill,2024-02-25,2.056068278193584,0.9014084507042254,1.8533573211885828,1.0,2024-02,Q1 2024
The District at Windy Hill,2024-02-26,2.056068278193584,0.9014084507042254,1.8533573211885828,1.0,2024-02,Q1 2024
The District at Windy Hill,2024-02-27,2.056068278193584,0.9014084507042254,1.8533573211885828,1.0,2024-02,Q1 2024
The District at Windy Hill,2024-02-28,2.056068278193584,0.9014084507042254,1.8533573211885828,1.0,2024-02,Q1 2024
The District at Windy Hill,2024-02-29,2.059038202766056,0.897887323943662,1.8487843017793815,1.0,2024-02,Q1 2024
The District at Windy Hill,2024-03-01,2.063779816129033,0.897887323943662,1.8530417363130403,1.0,2024-03,Q1 2024
The District at Windy Hill,2024-03-02,2.063779816129033,0.9014084507042254,1.8603085666515229,1.0,2024-03,Q1 2024
The District at Windy Hill,2024-03-03,2.0545733859031663,0.897887323943662,1.8447753993144627,1.0,2024-03,Q1 2024
The District at Windy Hill,2024-03-04,2.0545733859031663,0.9014084507042254,1.8520098126451077,1.0,2024-03,Q1 2024
The District at Windy Hill,2024-03-05,2.058351685171261,0.9014084507042254,1.8554156035346578,1.0,2024-03,Q1 2024
The District at Windy Hill,2024-03-06,2.058351685171261,0.9014084507042254,1.8554156035346578,1.0,2024-03,Q1 2024
The District at Windy Hill,2024-03-07,2.061165367200709,0.9014084507042254,1.8579518802935968,1.0,2024-03,Q1 2024
The District at Windy Hill,2024-03-08,2.061165367200709,0.9049295774647887,1.8652095048259936,1.0,2024-03,Q1 2024
The District at Windy Hill,2024-03-09,2.058052673781923,0.9049295774647887,1.8623927364857544,1.0,2024-03,Q1 2024
The District at Windy Hill,2024-03-10,2.051124139687068,0.9014084507042254,1.848900632957357,1.0,2024-03,Q1 2024
The District at Windy Hill,2024-03-11,2.051124139687068,0.9049295774647887,1.8561229010548466,1.0,2024-03,Q1 2024
The District at Windy Hill,2024-03-12,2.051124139687068,0.9049295774647887,1.8561229010548466,1.0,2024-03,Q1 2024
The District at Windy Hill,2024-03-13,2.051124139687068,0.9049295774647887,1.8561229010548466,1.0,2024-03,Q1 2024
The District at Windy Hill,2024-03-14,2.051124139687068,0.9049295774647887,1.8561229010548466,1.0,2024-03,Q1 2024
The District at Windy Hill,2024-03-15,2.04848017255626,0.897887323943662,1.8393043802881912,1.0,2024-03,Q1 2024
The District at Windy Hill,2024-03-16,2.0494753666894403,0.9014084507042254,1.8474144150440026,1.0,2024-03,Q1 2024
The District at Windy Hill,2024-03-17,2.0494753666894403,0.9014084507042254,1.8474144150440026,1.0,2024-03,Q1 2024
The District at Windy Hill,2024-03-18,2.0494753666894403,0.9014084507042254,1.8474144150440026,1.0,2024-03,Q1 2024
The District at Windy Hill,2024-03-19,2.0494753666894403,0.9014084507042254,1.8474144150440026,1.0,2024-03,Q1 2024
The District at Windy Hill,2024-03-20,2.0494753666894403,0.897887323943662,1.840197952485237,1.0,2024-03,Q1 2024
The District at Windy Hill,2024-03-21,2.041480410895054,0.8943661971830986,1.825831071715999,1.0,2024-03,Q1 2024
The District at Windy Hill,2024-03-22,2.041480410895054,0.8908450704225352,1.8186427604100306,1.0,2024-03,Q1 2024
The District at Windy Hill,2024-03-23,2.041480410895054,0.8908450704225352,1.8186427604100306,1.0,2024-03,Q1 2024
The District at Windy Hill,2024-03-24,2.041480410895054,0.8802816901408451,1.797077826492125,1.0,2024-03,Q1 2024
The District at Windy Hill,2024-03-25,2.041480410895054,0.8802816901408451,1.797077826492125,1.0,2024-03,Q1 2024
The District at Windy Hill,2024-03-26,2.038772124801565,0.8802816901408451,1.7946937718323634,1.0,2024-03,Q1 2024
The District at Windy Hill,2024-03-27,2.038772124801565,0.8838028169014085,1.801872546919693,1.0,2024-03,Q1 2024
The District at Windy Hill,2024-03-28,2.038772124801565,0.8838028169014085,1.801872546919693,1.0,2024-03,Q1 2024
The District at Windy Hill,2024-03-29,2.038772124801565,0.8838028169014085,1.801872546919693,1.0,2024-03,Q1 2024
The District at Windy Hill,2024-03-30,2.0358125544313608,0.8838028169014085,1.7992568702896887,1.0,2024-03,Q1 2024
The District at Windy Hill,2024-03-31,2.0358125544313608,0.8873239436619719,1.8064252243545877,1.0,2024-03,Q1 2024
The District at Windy Hill,2024-04-01,2.0358125544313608,0.8873239436619719,1.8064252243545877,1.0,2024-04,Q2 2024
The District at Windy Hill,2024-04-02,2.039152422883945,0.8873239436619719,1.809388769601247,1.0,2024-04,Q2 2024
The District at Windy Hill,2024-04-03,2.046426119759701,0.8908450704225352,1.8230486207718466,1.0,2024-04,Q2 2024
The District at Windy Hill,2024-04-04,2.038749416411772,0.8908450704225352,1.8162098674372475,1.0,2024-04,Q2 2024
The District at Windy Hill,2024-04-05,2.0424448250005174,0.8943661971830986,1.826693611092012,1.0,2024-04,Q2 2024
The District at Windy Hill,2024-04-06,2.0449340539620926,0.8908450704225352,1.8217194213113008,1.0,2024-04,Q2 2024
The District at Windy Hill,2024-04-07,2.046878362162252,0.9014084507042254,1.8450734532166781,1.0,2024-04,Q2 2024
The District at Windy Hill,2024-04-08,2.046878362162252,0.9049295774647887,1.8522807713933056,1.0,2024-04,Q2 2024
The District at Windy Hill,2024-04-09,2.0508779346927244,0.9049295774647887,1.8559001028733457,1.0,2024-04,Q2 2024
The District at Windy Hill,2024-04-10,2.0592441122778626,0.9049295774647887,1.8634709044204603,1.0,2024-04,Q2 2024
The District at Windy Hill,2024-04-11,2.0625356768414105,0.9119718309859155,1.8809744376828357,1.0,2024-04,Q2 2024
The District at Windy Hill,2024-04-12,2.0625356768414105,0.9154929577464789,1.8882368872491786,1.0,2024-04,Q2 2024
The District at Windy Hill,2024-04-13,2.0648253906724263,0.9154929577464789,1.8903331041367284,1.0,2024-04,Q2 2024
The District at Windy Hill,2024-04-14,2.0648253906724263,0.9190140845070423,1.8976036160757157,1.0,2024-04,Q2 2024
The District at Windy Hill,2024-04-15,2.0648253906724263,0.9190140845070423,1.8976036160757157,1.0,2024-04,Q2 2024
The District at Windy Hill,2024-04-16,2.0648253906724263,0.9190140845070423,1.8976036160757157,1.0,2024-04,Q2 2024
The District at Windy Hill,2024-04-17,2.0648253906724263,0.9190140845070423,1.8976036160757157,1.0,2024-04,Q2 2024
The District at Windy Hill,2024-04-18,2.0590544305472527,0.9190140845070423,1.8923000224395525,1.0,2024-04,Q2 2024
The District at Windy Hill,2024-04-19,2.061812368017073,0.9190140845070423,1.8948346058185073,1.0,2024-04,Q2 2024
The District at Windy Hill,2024-04-20,2.061812368017073,0.9225352112676056,1.9020945085227927,1.0,2024-04,Q2 2024
The District at Windy Hill,2024-04-21,2.060335356248689,0.9225352112676056,1.900731913159002,1.0,2024-04,Q2 2024
The District at Windy Hill,2024-04-22,2.0590536518215785,0.926056338028169,1.9067996846094195,1.0,2024-04,Q2 2024
The District at Windy Hill,2024-04-23,2.0590536518215785,0.9295774647887324,1.9140498735242841,1.0,2024-04,Q2 2024
The District at Windy Hill,2024-04-24,2.0590536518215785,0.9295774647887324,1.9140498735242841,1.0,2024-04,Q2 2024
The District at Windy Hill,2024-04-25,2.0590536518215785,0.9295774647887324,1.9140498735242841,1.0,2024-04,Q2 2024
The District at Windy Hill,2024-04-26,2.057247058914794,0.9295774647887324,1.9123705054700904,1.0,2024-04,Q2 2024
The District at Windy Hill,2024-04-27,2.057247058914794,0.926056338028169,1.9051266777978553,1.0,2024-04,Q2 2024
The District at Windy Hill,2024-04-28,2.057247058914794,0.926056338028169,1.9051266777978553,1.0,2024-04,Q2 2024
The District at Windy Hill,2024-04-29,2.057247058914794,0.926056338028169,1.9051266777978553,1.0,2024-04,Q2 2024
The District at Windy Hill,2024-04-30,2.057247058914794,0.926056338028169,1.9051266777978553,1.0,2024-04,Q2 2024
The District at Windy Hill,2024-05-01,2.057894014482764,0.926056338028169,1.9057257951019961,1.0,2024-05,Q2 2024
The District at Windy Hill,2024-05-02,2.057894014482764,0.9295774647887324,1.9129719007867947,1.0,2024-05,Q2 2024
The District at Windy Hill,2024-05-03,2.0620729624313388,0.9295774647887324,1.916856556626315,1.0,2024-05,Q2 2024
The District at Windy Hill,2024-05-04,2.0620729624313388,0.9366197183098591,1.9313781972068171,1.0,2024-05,Q2 2024
The District at Windy Hill,2024-05-05,2.0620729624313388,0.9366197183098591,1.9313781972068171,1.0,2024-05,Q2 2024
The District at Windy Hill,2024-05-06,2.0496487751494077,0.9366197183098591,1.919741458414586,1.0,2024-05,Q2 2024
The District at Windy Hill,2024-05-07,2.0496487751494077,0.9401408450704225,1.9269585315665205,1.0,2024-05,Q2 2024
The District at Windy Hill,2024-05-08,2.0496487751494077,0.9401408450704225,1.9269585315665205,1.0,2024-05,Q2 2024
The District at Windy Hill,2024-05-09,2.0496487751494077,0.9401408450704225,1.9269585315665205,1.0,2024-05,Q2 2024
The District at Windy Hill,2024-05-10,2.0496487751494077,0.9401408450704225,1.9269585315665205,1.0,2024-05,Q2 2024
The District at Windy Hill,2024-05-11,2.0496487751494077,0.9401408450704225,1.9269585315665205,1.0,2024-05,Q2 2024
The District at Windy Hill,2024-05-12,2.0496487751494077,0.9401408450704225,1.9269585315665205,1.0,2024-05,Q2 2024
The District at Windy Hill,2024-05-13,2.0496487751494077,0.9401408450704225,1.9269585315665205,1.0,2024-05,Q2 2024
The District at Windy Hill,2024-05-14,2.0551555941150355,0.9401408450704225,1.9321357170025157,1.0,2024-05,Q2 2024
The District at Windy Hill,2024-05-15,2.0551555941150355,0.9436619718309859,1.9393721803620756,1.0,2024-05,Q2 2024
The District at Windy Hill,2024-05-16,2.0551555941150355,0.9436619718309859,1.9393721803620756,1.0,2024-05,Q2 2024
The District at Windy Hill,2024-05-17,2.0551555941150355,0.9436619718309859,1.9393721803620756,1.0,2024-05,Q2 2024
The District at Windy Hill,2024-05-18,2.0551555941150355,0.9436619718309859,1.9393721803620756,1.0,2024-05,Q2 2024
The District at Windy Hill,2024-05-19,2.0551555941150355,0.9436619718309859,1.9393721803620756,1.0,2024-05,Q2 2024
The District at Windy Hill,2024-05-20,2.0551555941150355,0.9436619718309859,1.9393721803620756,1.0,2024-05,Q2 2024
The District at Windy Hill,2024-05-21,2.0551555941150355,0.9436619718309859,1.9393721803620756,1.0,2024-05,Q2 2024
The District at Windy Hill,2024-05-22,2.0538613501026584,0.9366197183098591,1.9236870391806589,1.0,2024-05,Q2 2024
The District at Windy Hill,2024-05-23,2.0538613501026584,0.9401408450704225,1.930918945342992,1.0,2024-05,Q2 2024
The District at Windy Hill,2024-05-24,2.0518156599477657,0.9401408450704225,1.928995708472019,1.0,2024-05,Q2 2024
The District at Windy Hill,2024-05-25,2.0518156599477657,0.9471830985915493,1.9434451145279892,1.0,2024-05,Q2 2024
The District at Windy Hill,2024-05-26,2.0518156599477657,0.9471830985915493,1.9434451145279892,1.0,2024-05,Q2 2024
The District at Windy Hill,2024-05-27,2.0518156599477657,0.9471830985915493,1.9434451145279892,1.0,2024-05,Q2 2024
The District at Windy Hill,2024-05-28,2.0518156599477657,0.9471830985915493,1.9434451145279892,1.0,2024-05,Q2 2024
The District at Windy Hill,2024-05-29,2.0518156599477657,0.9401408450704225,1.928995708472019,1.0,2024-05,Q2 2024
The District at Windy Hill,2024-05-30,2.0520799354962476,0.9366197183098591,1.9220185311338094,1.0,2024-05,Q2 2024
The District at Windy Hill,2024-05-31,2.0520799354962476,0.9471830985915493,1.9436954318608823,1.0,2024-05,Q2 2024
The District at Windy Hill,2024-06-01,2.0520799354962476,0.9471830985915493,1.9436954318608823,1.0,2024-06,Q2 2024
The District at Windy Hill,2024-06-02,2.0520799354962476,0.9471830985915493,1.9436954318608823,1.0,2024-06,Q2 2024
The District at Windy Hill,2024-06-03,2.0520799354962476,0.9471830985915493,1.9436954318608823,1.0,2024-06,Q2 2024
The District at Windy Hill,2024-06-04,2.0520799354962476,0.9401408450704225,1.9292441647095002,1.0,2024-06,Q2 2024
The District at Windy Hill,2024-06-05,2.0520799354962476,0.9366197183098591,1.9220185311338094,1.0,2024-06,Q2 2024
The District at Windy Hill,2024-06-06,2.0520799354962476,0.9366197183098591,1.9220185311338094,1.0,2024-06,Q2 2024
The District at Windy Hill,2024-06-07,2.0520799354962476,0.9366197183098591,1.9220185311338094,1.0,2024-06,Q2 2024
The District at Windy Hill,2024-06-08,2.0520799354962476,0.9366197183098591,1.9220185311338094,1.0,2024-06,Q2 2024
The District at Windy Hill,2024-06-09,2.0520799354962476,0.9366197183098591,1.9220185311338094,1.0,2024-06,Q2 2024
The District at Windy Hill,2024-06-10,2.0520799354962476,0.9366197183098591,1.9220185311338094,1.0,2024-06,Q2 2024
The District at Windy Hill,2024-06-11,2.0520799354962476,0.9330985915492958,1.9147928975581183,1.0,2024-06,Q2 2024
The District at Windy Hill,2024-06-12,2.0501573248736515,0.9330985915492958,1.9129989122940763,1.0,2024-06,Q2 2024
The District at Windy Hill,2024-06-13,2.0501573248736515,0.9401408450704225,1.9274366399340315,1.0,2024-06,Q2 2024
The District at Windy Hill,2024-06-14,2.0487342141758003,0.9401408450704225,1.9260987154399247,1.0,2024-06,Q2 2024
The District at Windy Hill,2024-06-15,2.0487342141758003,0.9471830985915493,1.9405264211735571,1.0,2024-06,Q2 2024
The District at Windy Hill,2024-06-16,2.0487342141758003,0.9471830985915493,1.9405264211735571,1.0,2024-06,Q2 2024
The District at Windy Hill,2024-06-17,2.0487342141758003,0.9471830985915493,1.9405264211735571,1.0,2024-06,Q2 2024
The District at Windy Hill,2024-06-18,2.0487342141758003,0.9436619718309859,1.933312568306741,1.0,2024-06,Q2 2024
The District at Windy Hill,2024-06-19,2.0487342141758003,0.9436619718309859,1.933312568306741,1.0,2024-06,Q2 2024
The District at Windy Hill,2024-06-20,2.0487342141758003,0.9436619718309859,1.933312568306741,1.0,2024-06,Q2 2024
The District at Windy Hill,2024-06-21,2.0487342141758003,0.9436619718309859,1.933312568306741,1.0,2024-06,Q2 2024
The District at Windy Hill,2024-06-22,2.0487342141758003,0.9401408450704225,1.9260987154399247,1.0,2024-06,Q2 2024
The District at Windy Hill,2024-06-23,2.0487342141758003,0.9401408450704225,1.9260987154399247,1.0,2024-06,Q2 2024
The District at Windy Hill,2024-06-24,2.0487342141758003,0.9401408450704225,1.9260987154399247,1.0,2024-06,Q2 2024
The District at Windy Hill,2024-06-25,2.0487342141758003,0.9366197183098591,1.9188848625731088,1.0,2024-06,Q2 2024
The District at Windy Hill,2024-06-26,2.0487342141758003,0.9190140845070423,1.8828155982390278,1.0,2024-06,Q2 2024
The District at Windy Hill,2024-06-27,2.0487342141758003,0.9190140845070423,1.8828155982390278,1.0,2024-06,Q2 2024
The District at Windy Hill,2024-06-28,2.0487342141758003,0.9154929577464789,1.8756017453722116,1.0,2024-06,Q2 2024
The District at Windy Hill,2024-06-29,2.0487342141758003,0.9154929577464789,1.8756017453722116,1.0,2024-06,Q2 2024
The District at Windy Hill,2024-06-30,2.042704445563343,0.9154929577464789,1.8700815346706663,1.0,2024-06,Q2 2024
The District at Windy Hill,2024-07-01,2.037056859747179,0.9190140845070423,1.872083945049344,1.0,2024-07,Q3 2024
The District at Windy Hill,2024-07-02,2.037056859747179,0.9190140845070423,1.872083945049344,1.0,2024-07,Q3 2024
The District at Windy Hill,2024-07-03,2.030554535468322,0.9154929577464789,1.8589583775414216,1.0,2024-07,Q3 2024
The District at Windy Hill,2024-07-04,2.030554535468322,0.9190140845070423,1.8661082174550425,1.0,2024-07,Q3 2024
The District at Windy Hill,2024-07-05,2.030554535468322,0.9190140845070423,1.8661082174550425,1.0,2024-07,Q3 2024
The District at Windy Hill,2024-07-06,2.030554535468322,0.9190140845070423,1.8661082174550425,1.0,2024-07,Q3 2024
The District at Windy Hill,2024-07-07,2.0315512577104626,0.9190140845070423,1.867024219233911,1.0,2024-07,Q3 2024
The District at Windy Hill,2024-07-08,2.031531528565446,0.9225352112676056,1.8741593679019253,1.0,2024-07,Q3 2024
The District at Windy Hill,2024-07-09,2.031531528565446,0.926056338028169,1.8813126479320854,1.0,2024-07,Q3 2024
The District at Windy Hill,2024-07-10,2.031531528565446,0.926056338028169,1.8813126479320854,1.0,2024-07,Q3 2024
The District at Windy Hill,2024-07-11,2.031531528565446,0.926056338028169,1.8813126479320854,1.0,2024-07,Q3 2024
The District at Windy Hill,2024-07-12,2.0234188620589197,0.926056338028169,1.8737998616954081,1.0,2024-07,Q3 2024
The District at Windy Hill,2024-07-13,2.0234188620589197,0.9330985915492958,1.8880492903014567,1.0,2024-07,Q3 2024
The District at Windy Hill,2024-07-14,2.0218687883027924,0.9330985915492958,1.8866029186628168,1.0,2024-07,Q3 2024
The District at Windy Hill,2024-07-15,2.0216972249086176,0.9366197183098591,1.8935614853017333,1.0,2024-07,Q3 2024
The District at Windy Hill,2024-07-16,2.0097068113864665,0.9401408450704225,1.8894074600006567,1.0,2024-07,Q3 2024
The District at Windy Hill,2024-07-17,2.0097068113864665,0.9471830985915493,1.9035603248695756,1.0,2024-07,Q3 2024
The District at Windy Hill,2024-07-18,2.0097068113864665,0.9471830985915493,1.9035603248695756,1.0,2024-07,Q3 2024
The District at Windy Hill,2024-07-19,2.0097068113864665,0.9401408450704225,1.8894074600006567,1.0,2024-07,Q3 2024
The District at Windy Hill,2024-07-20,2.0034673528346354,0.9330985915492958,1.8694325651449943,1.0,2024-07,Q3 2024
The District at Windy Hill,2024-07-21,2.0034673528346354,0.9366197183098591,1.8764870276549754,1.0,2024-07,Q3 2024
The District at Windy Hill,2024-07-22,2.0034673528346354,0.9366197183098591,1.8764870276549754,1.0,2024-07,Q3 2024
The District at Windy Hill,2024-07-23,1.9979848487579364,0.9330985915492958,1.8643168483128632,1.0,2024-07,Q3 2024
The District at Windy Hill,2024-07-24,1.9979848487579364,0.9366197183098591,1.871352006231025,1.0,2024-07,Q3 2024
The District at Windy Hill,2024-07-25,1.9979848487579364,0.9366197183098591,1.871352006231025,1.0,2024-07,Q3 2024
The District at Windy Hill,2024-07-26,1.9979848487579364,0.9330985915492958,1.8643168483128632,1.0,2024-07,Q3 2024
The District at Windy Hill,2024-07-27,2.001118223290829,0.9330985915492958,1.8672405956763016,1.0,2024-07,Q3 2024
The District at Windy Hill,2024-07-28,1.9944337153374734,0.9366197183098591,1.8680259446470702,1.0,2024-07,Q3 2024
The District at Windy Hill,2024-07-29,1.9944337153374734,0.9401408450704225,1.8750485985743146,1.0,2024-07,Q3 2024
The District at Windy Hill,2024-07-30,1.9944337153374734,0.926056338028169,1.8469579828653362,1.0,2024-07,Q3 2024
The District at Windy Hill,2024-07-31,1.9944337153374734,0.9190140845070423,1.832912675010847,1.0,2024-07,Q3 2024
The District at Windy Hill,2024-08-01,1.9944337153374734,0.9154929577464789,1.8258900210836024,1.0,2024-08,Q3 2024
The District at Windy Hill,2024-08-02,1.9947554974125854,0.9119718309859155,1.8191608233445762,1.0,2024-08,Q3 2024
The District at Windy Hill,2024-08-03,1.9947554974125854,0.9119718309859155,1.8191608233445762,1.0,2024-08,Q3 2024
The District at Windy Hill,2024-08-04,1.9947554974125854,0.9084507042253521,1.8121370363818559,1.0,2024-08,Q3 2024
The District at Windy Hill,2024-08-05,1.9947554974125854,0.9084507042253521,1.8121370363818559,1.0,2024-08,Q3 2024
The District at Windy Hill,2024-08-06,1.9975880413253195,0.9084507042253521,1.8147102628941283,1.0,2024-08,Q3 2024
The District at Windy Hill,2024-08-07,2.001100082892245,0.9049295774647887,1.810854652476433,1.0,2024-08,Q3 2024
The District at Windy Hill,2024-08-08,2.001100082892245,0.9119718309859155,1.8249469065813082,1.0,2024-08,Q3 2024
The District at Windy Hill,2024-08-09,2.001100082892245,0.9084507042253521,1.8179007795288706,1.0,2024-08,Q3 2024
The District at Windy Hill,2024-08-10,2.001100082892245,0.9084507042253521,1.8179007795288706,1.0,2024-08,Q3 2024
The District at Windy Hill,2024-08-11,2.001100082892245,0.9084507042253521,1.8179007795288706,1.0,2024-08,Q3 2024
The District at Windy Hill,2024-08-12,2.001100082892245,0.9084507042253521,1.8179007795288706,1.0,2024-08,Q3 2024
The District at Windy Hill,2024-08-13,2.001100082892245,0.9049295774647887,1.810854652476433,1.0,2024-08,Q3 2024
The District at Windy Hill,2024-08-14,2.001100082892245,0.9049295774647887,1.810854652476433,1.0,2024-08,Q3 2024
The District at Windy Hill,2024-08-15,2.001100082892245,0.897887323943662,1.7967623983715582,1.0,2024-08,Q3 2024
The District at Windy Hill,2024-08-16,2.0058799919860517,0.897887323943662,1.8010542181564901,1.0,2024-08,Q3 2024
The District at Windy Hill,2024-08-17,2.0058799919860517,0.897887323943662,1.8010542181564901,1.0,2024-08,Q3 2024
The District at Windy Hill,2024-08-18,2.0058799919860517,0.897887323943662,1.8010542181564901,1.0,2024-08,Q3 2024
The District at Windy Hill,2024-08-19,2.0058799919860517,0.897887323943662,1.8010542181564901,1.0,2024-08,Q3 2024
The District at Windy Hill,2024-08-20,2.0058799919860517,0.8943661971830986,1.7939912604382293,1.0,2024-08,Q3 2024
The District at Windy Hill,2024-08-21,2.010101260196817,0.8908450704225352,1.7906887986964604,1.0,2024-08,Q3 2024
The District at Windy Hill,2024-08-22,2.010101260196817,0.8908450704225352,1.7906887986964604,1.0,2024-08,Q3 2024
The District at Windy Hill,2024-08-23,2.0052342550946856,0.8908450704225352,1.786353051193505,1.0,2024-08,Q3 2024
The District at Windy Hill,2024-08-24,2.006908687462074,0.8943661971830986,1.794911290899179,1.0,2024-08,Q3 2024
The District at Windy Hill,2024-08-25,2.006908687462074,0.9014084507042254,1.8090444506700387,1.0,2024-08,Q3 2024
The District at Windy Hill,2024-08-26,2.006908687462074,0.897887323943662,1.8019778707846088,1.0,2024-08,Q3 2024
The District at Windy Hill,2024-08-27,2.006908687462074,0.897887323943662,1.8019778707846088,1.0,2024-08,Q3 2024
The District at Windy Hill,2024-08-28,2.0063965081496966,0.897887323943662,1.8015179914724389,1.0,2024-08,Q3 2024
The District at Windy Hill,2024-08-29,2.011425457840103,0.9014084507042254,1.8131159056586845,1.0,2024-08,Q3 2024
The District at Windy Hill,2024-08-30,2.011425457840103,0.9014084507042254,1.8131159056586845,1.0,2024-08,Q3 2024
The District at Windy Hill,2024-08-31,2.011425457840103,0.8943661971830986,1.7989509376457262,1.0,2024-08,Q3 2024
The District at Windy Hill,2024-09-01,2.011425457840103,0.8943661971830986,1.7989509376457262,1.0,2024-09,Q3 2024
The District at Windy Hill,2024-09-02,2.011425457840103,0.8943661971830986,1.7989509376457262,1.0,2024-09,Q3 2024
The District at Windy Hill,2024-09-03,2.011425457840103,0.8943661971830986,1.7989509376457262,1.0,2024-09,Q3 2024
The District at Windy Hill,2024-09-04,2.010696924457879,0.8838028169014085,1.777059605770872,1.0,2024-09,Q3 2024
The District at Windy Hill,2024-09-05,2.010696924457879,0.8908450704225352,1.7912194432670543,1.0,2024-09,Q3 2024
The District at Windy Hill,2024-09-06,2.0140369536416705,0.8908450704225352,1.7941948918005022,1.0,2024-09,Q3 2024
The District at Windy Hill,2024-09-07,2.018064919263446,0.8943661971830986,1.8048890475102652,1.0,2024-09,Q3 2024
The District at Windy Hill,2024-09-08,2.018064919263446,0.897887323943662,1.811994909902038,1.0,2024-09,Q3 2024
The District at Windy Hill,2024-09-09,2.018064919263446,0.897887323943662,1.811994909902038,1.0,2024-09,Q3 2024
The District at Windy Hill,2024-09-10,2.018064919263446,0.897887323943662,1.811994909902038,1.0,2024-09,Q3 2024
The District at Windy Hill,2024-09-11,2.018064919263446,0.897887323943662,1.811994909902038,1.0,2024-09,Q3 2024
The District at Windy Hill,2024-09-12,2.018064919263446,0.897887323943662,1.811994909902038,1.0,2024-09,Q3 2024
The District at Windy Hill,2024-09-13,2.018064919263446,0.897887323943662,1.811994909902038,1.0,2024-09,Q3 2024
The District at Windy Hill,2024-09-14,2.0168404876929245,0.897887323943662,1.81089550831583,1.0,2024-09,Q3 2024
The District at Windy Hill,2024-09-15,2.020945159725341,0.9014084507042254,1.8216970453862231,1.0,2024-09,Q3 2024
The District at Windy Hill,2024-09-16,2.020945159725341,0.9049295774647887,1.828813049469763,1.0,2024-09,Q3 2024
The District at Windy Hill,2024-09-17,2.0237336324015467,0.9014084507042254,1.8242105982211125,1.0,2024-09,Q3 2024
The District at Windy Hill,2024-09-18,2.0189867552182266,0.897887323943662,1.8128226147205908,1.0,2024-09,Q3 2024
The District at Windy Hill,2024-09-19,2.0173264205141135,0.897887323943662,1.811331821236264,1.0,2024-09,Q3 2024
The District at Windy Hill,2024-09-20,2.0083391587935053,0.9049295774647887,1.8174055063729961,1.0,2024-09,Q3 2024
The District at Windy Hill,2024-09-21,2.0083391587935053,0.9049295774647887,1.8174055063729961,1.0,2024-09,Q3 2024
The District at Windy Hill,2024-09-22,2.0130207784009153,0.9049295774647887,1.8216420424261803,1.0,2024-09,Q3 2024
The District at Windy Hill,2024-09-23,2.0130207784009153,0.9084507042253521,1.8287301437585781,1.0,2024-09,Q3 2024
The District at Windy Hill,2024-09-24,2.017286547031327,0.9014084507042254,1.8183991409859848,1.0,2024-09,Q3 2024
The District at Windy Hill,2024-09-25,2.0197452740741118,0.9049295774647887,1.8277272374543898,1.0,2024-09,Q3 2024
The District at Windy Hill,2024-09-26,2.0197452740741118,0.9119718309859155,1.8419507957225174,1.0,2024-09,Q3 2024
The District at Windy Hill,2024-09-27,2.012421030187618,0.9119718309859155,1.8352712916147642,1.0,2024-09,Q3 2024
The District at Windy Hill,2024-09-28,2.012421030187618,0.9190140845070423,1.8494432707005926,1.0,2024-09,Q3 2024
The District at Windy Hill,2024-09-29,2.012421030187618,0.9190140845070423,1.8494432707005926,1.0,2024-09,Q3 2024
The District at Windy Hill,2024-09-30,2.0121012517911874,0.9190140845070423,1.8491493898503517,1.0,2024-09,Q3 2024
The District at Windy Hill,2024-10-01,2.011532154644998,0.9225352112676056,1.855709241257005,1.0,2024-10,Q4 2024
The District at Windy Hill,2024-10-02,2.010415640243902,0.926056338028169,1.8617581457188246,1.0,2024-10,Q4 2024
The District at Windy Hill,2024-10-03,2.0049958698576007,0.9295774647887324,1.8637989776141077,1.0,2024-10,Q4 2024
The District at Windy Hill,2024-10-04,1.999107011577329,0.9330985915492958,1.8653639368591275,1.0,2024-10,Q4 2024
The District at Windy Hill,2024-10-05,1.999107011577329,0.9330985915492958,1.8653639368591275,1.0,2024-10,Q4 2024
The District at Windy Hill,2024-10-06,1.999107011577329,0.9330985915492958,1.8653639368591275,1.0,2024-10,Q4 2024
The District at Windy Hill,2024-10-07,2.0024176355143766,0.9330985915492958,1.868453075391936,1.0,2024-10,Q4 2024
The District at Windy Hill,2024-10-08,1.9970487532689918,0.9295774647887324,1.856411517123288,1.0,2024-10,Q4 2024
The District at Windy Hill,2024-10-09,1.9970487532689918,0.9330985915492958,1.8634433789305733,1.0,2024-10,Q4 2024
The District at Windy Hill,2024-10-10,1.9970487532689918,0.9330985915492958,1.8634433789305733,1.0,2024-10,Q4 2024
The District at Windy Hill,2024-10-11,1.9970487532689918,0.9295774647887324,1.856411517123288,1.0,2024-10,Q4 2024
The District at Windy Hill,2024-10-12,1.9970487532689918,0.9190140845070423,1.8353159317014325,1.0,2024-10,Q4 2024
The District at Windy Hill,2024-10-13,1.9970487532689918,0.9190140845070423,1.8353159317014325,1.0,2024-10,Q4 2024
The District at Windy Hill,2024-10-14,1.9959907526245022,0.9190140845070423,1.8343436142077292,1.0,2024-10,Q4 2024
The District at Windy Hill,2024-10-15,1.9959907526245022,0.9225352112676056,1.8413717506606324,1.0,2024-10,Q4 2024
The District at Windy Hill,2024-10-16,1.9959907526245022,0.9225352112676056,1.8413717506606324,1.0,2024-10,Q4 2024
The District at Windy Hill,2024-10-17,1.9959907526245022,0.9225352112676056,1.8413717506606324,1.0,2024-10,Q4 2024
The District at Windy Hill,2024-10-18,1.9981612251564258,0.9190140845070423,1.8363383090346026,1.0,2024-10,Q4 2024
The District at Windy Hill,2024-10-19,1.9981612251564258,0.926056338028169,1.8504098669582394,1.0,2024-10,Q4 2024
The District at Windy Hill,2024-10-20,1.993104170755963,0.9190140845070423,1.831690804814459,1.0,2024-10,Q4 2024
The District at Windy Hill,2024-10-21,1.9932496618824298,0.9225352112676056,1.8388429979337908,1.0,2024-10,Q4 2024
The District at Windy Hill,2024-10-22,1.9916797861091675,0.9190140845070423,1.8303817752622984,1.0,2024-10,Q4 2024
The District at Windy Hill,2024-10-23,1.9916797861091675,0.9225352112676056,1.8373947322556405,1.0,2024-10,Q4 2024
The District at Windy Hill,2024-10-24,1.9916797861091675,0.9225352112676056,1.8373947322556405,1.0,2024-10,Q4 2024
The District at Windy Hill,2024-10-25,1.9916797861091675,0.9225352112676056,1.8373947322556405,1.0,2024-10,Q4 2024
The District at Windy Hill,2024-10-26,1.9917482525216221,0.9225352112676056,1.837457894931919,1.0,2024-10,Q4 2024
The District at Windy Hill,2024-10-27,1.9858709715645253,0.926056338028169,1.8390283997234864,1.0,2024-10,Q4 2024
The District at Windy Hill,2024-10-28,1.9858709715645253,0.9295774647887324,1.8460209031444883,1.0,2024-10,Q4 2024
The District at Windy Hill,2024-10-29,1.9858709715645253,0.9295774647887324,1.8460209031444883,1.0,2024-10,Q4 2024
The District at Windy Hill,2024-10-30,1.980512888039307,0.9295774647887324,1.8410401494449895,1.0,2024-10,Q4 2024
The District at Windy Hill,2024-10-31,1.9761148260708465,0.9330985915492958,1.8439099609463885,1.0,2024-10,Q4 2024
The District at Windy Hill,2024-11-01,1.9761148260708465,0.9366197183098591,1.8508681117424126,1.0,2024-11,Q4 2024
The District at Windy Hill,2024-11-02,1.9761148260708465,0.9366197183098591,1.8508681117424126,1.0,2024-11,Q4 2024
The District at Windy Hill,2024-11-03,1.9761148260708465,0.9366197183098591,1.8508681117424126,1.0,2024-11,Q4 2024
The District at Windy Hill,2024-11-04,1.969189746994499,0.9366197183098591,1.8443819461286504,1.0,2024-11,Q4 2024
The District at Windy Hill,2024-11-05,1.969189746994499,0.9401408450704225,1.8513157128434197,1.0,2024-11,Q4 2024
The District at Windy Hill,2024-11-06,1.969189746994499,0.9401408450704225,1.8513157128434197,1.0,2024-11,Q4 2024
The District at Windy Hill,2024-11-07,1.9600621895267716,0.9330985915492958,1.8289312683964594,1.0,2024-11,Q4 2024
The District at Windy Hill,2024-11-08,1.958353735987738,0.9366197183098591,1.8342327245518955,1.0,2024-11,Q4 2024
The District at Windy Hill,2024-11-09,1.958353735987738,0.9401408450704225,1.8411283362983313,1.0,2024-11,Q4 2024
The District at Windy Hill,2024-11-10,1.9525691464819916,0.9401408450704225,1.8356900074320133,1.0,2024-11,Q4 2024
The District at Windy Hill,2024-11-11,1.9525691464819916,0.9471830985915493,1.8494404943790694,1.0,2024-11,Q4 2024
The District at Windy Hill,2024-11-12,1.9513710059569152,0.9401408450704225,1.8345635865862546,1.0,2024-11,Q4 2024
The District at Windy Hill,2024-11-13,1.9513710059569152,0.9436619718309859,1.841434611255117,1.0,2024-11,Q4 2024
The District at Windy Hill,2024-11-14,1.9513710059569152,0.9436619718309859,1.841434611255117,1.0,2024-11,Q4 2024
The District at Windy Hill,2024-11-15,1.9513710059569152,0.9436619718309859,1.841434611255117,1.0,2024-11,Q4 2024
The District at Windy Hill,2024-11-16,1.9513710059569152,0.9401408450704225,1.8345635865862546,1.0,2024-11,Q4 2024
The District at Windy Hill,2024-11-17,1.9513710059569152,0.9401408450704225,1.8345635865862546,1.0,2024-11,Q4 2024
The District at Windy Hill,2024-11-18,1.9513710059569152,0.9401408450704225,1.8345635865862546,1.0,2024-11,Q4 2024
The District at Windy Hill,2024-11-19,1.9491998788309377,0.9366197183098591,1.8256590414402445,1.0,2024-11,Q4 2024
The District at Windy Hill,2024-11-20,1.948359798734071,0.9330985915492958,1.818011784030031,1.0,2024-11,Q4 2024
The District at Windy Hill,2024-11-21,1.948359798734071,0.9366197183098591,1.8248722058565594,1.0,2024-11,Q4 2024
The District at Windy Hill,2024-11-22,1.948359798734071,0.9366197183098591,1.8248722058565594,1.0,2024-11,Q4 2024
The District at Windy Hill,2024-11-23,1.948359798734071,0.9330985915492958,1.818011784030031,1.0,2024-11,Q4 2024
The District at Windy Hill,2024-11-24,1.948359798734071,0.9295774647887324,1.8111513622035027,1.0,2024-11,Q4 2024
The District at Windy Hill,2024-11-25,1.948359798734071,0.9295774647887324,1.8111513622035027,1.0,2024-11,Q4 2024
The District at Windy Hill,2024-11-26,1.948359798734071,0.9225352112676056,1.7974305185504458,1.0,2024-11,Q4 2024
The District at Windy Hill,2024-11-27,1.948359798734071,0.9225352112676056,1.7974305185504458,1.0,2024-11,Q4 2024
The District at Windy Hill,2024-11-28,1.947748666654166,0.9225352112676056,1.7968667276879982,1.0,2024-11,Q4 2024
The District at Windy Hill,2024-11-29,1.947748666654166,0.926056338028169,1.8037249976410057,1.0,2024-11,Q4 2024
The District at Windy Hill,2024-11-30,1.947748666654166,0.926056338028169,1.8037249976410057,1.0,2024-11,Q4 2024
The District at Windy Hill,2024-12-01,1.947748666654166,0.926056338028169,1.8037249976410057,1.0,2024-12,Q4 2024
The District at Windy Hill,2024-12-02,1.947748666654166,0.926056338028169,1.8037249976410057,1.0,2024-12,Q4 2024
The District at Windy Hill,2024-12-03,1.943458225724038,0.926056338028169,1.7997518076247254,1.0,2024-12,Q4 2024
The District at Windy Hill,2024-12-04,1.9424196503617073,0.9295774647887324,1.8056295341390518,1.0,2024-12,Q4 2024
The District at Windy Hill,2024-12-05,1.9424196503617073,0.9330985915492958,1.8124690399501846,1.0,2024-12,Q4 2024
The District at Windy Hill,2024-12-06,1.9424196503617073,0.9330985915492958,1.8124690399501846,1.0,2024-12,Q4 2024
The District at Windy Hill,2024-12-07,1.9450585808157526,0.926056338028169,1.8012338266005032,1.0,2024-12,Q4 2024
The District at Windy Hill,2024-12-08,1.9450585808157526,0.9330985915492958,1.8149314222400508,1.0,2024-12,Q4 2024
The District at Windy Hill,2024-12-09,1.9450585808157526,0.9330985915492958,1.8149314222400508,1.0,2024-12,Q4 2024
The District at Windy Hill,2024-12-10,1.9432939480932885,0.9330985915492958,1.8132848459321178,1.0,2024-12,Q4 2024
The District at Windy Hill,2024-12-11,1.9432939480932885,0.9401408450704225,1.826970014580662,1.0,2024-12,Q4 2024
The District at Windy Hill,2024-12-12,1.9432939480932885,0.9401408450704225,1.826970014580662,1.0,2024-12,Q4 2024
The District at Windy Hill,2024-12-13,1.9432939480932885,0.9401408450704225,1.826970014580662,1.0,2024-12,Q4 2024
The District at Windy Hill,2024-12-14,1.9432939480932885,0.9401408450704225,1.826970014580662,1.0,2024-12,Q4 2024
The District at Windy Hill,2024-12-15,1.9432939480932885,0.9401408450704225,1.826970014580662,1.0,2024-12,Q4 2024
The District at Windy Hill,2024-12-16,1.9432939480932885,0.9401408450704225,1.826970014580662,1.0,2024-12,Q4 2024
The District at Windy Hill,2024-12-17,1.9468636427219488,0.9401408450704225,1.830326030305494,1.0,2024-12,Q4 2024
The District at Windy Hill,2024-12-18,1.9468636427219488,0.9471830985915493,1.8440363376486064,1.0,2024-12,Q4 2024
The District at Windy Hill,2024-12-19,1.9494425051993025,0.9471830985915493,1.8464789926007477,1.0,2024-12,Q4 2024
The District at Windy Hill,2024-12-20,1.9513957968851905,0.9507042253521126,1.8552002294331036,1.0,2024-12,Q4 2024
The District at Windy Hill,2024-12-21,1.9535402060926264,0.9577464788732395,1.8709962537225155,1.0,2024-12,Q4 2024
The District at Windy Hill,2024-12-22,1.9535402060926264,0.9612676056338029,1.8778749164200248,1.0,2024-12,Q4 2024
The District at Windy Hill,2024-12-23,1.9535402060926264,0.9612676056338029,1.8778749164200248,1.0,2024-12,Q4 2024
The District at Windy Hill,2024-12-24,1.9535402060926264,0.9577464788732395,1.8709962537225155,1.0,2024-12,Q4 2024
The District at Windy Hill,2024-12-25,1.9535402060926264,0.9577464788732395,1.8709962537225155,1.0,2024-12,Q4 2024
The District at Windy Hill,2024-12-26,1.9535402060926264,0.9577464788732395,1.8709962537225155,1.0,2024-12,Q4 2024
The District at Windy Hill,2024-12-27,1.9495728189775907,0.954225352112676,1.8603318096581938,1.0,2024-12,Q4 2024
The District at Windy Hill,2024-12-28,1.9495728189775907,0.954225352112676,1.8603318096581938,1.0,2024-12,Q4 2024
The District at Windy Hill,2024-12-29,1.9495728189775907,0.954225352112676,1.8603318096581938,1.0,2024-12,Q4 2024
The District at Windy Hill,2024-12-30,1.9495728189775907,0.954225352112676,1.8603318096581938,1.0,2024-12,Q4 2024
The District at Windy Hill,2024-12-31,1.9495728189775907,0.954225352112676,1.8603318096581938,1.0,2024-12,Q4 2024
The District at Windy Hill,2025-01-01,1.9495728189775907,0.954225352112676,1.8603318096581938,1.0,2025-01,Q1 2025
The District at Windy Hill,2025-01-02,1.9495728189775907,0.954225352112676,1.8603318096581938,1.0,2025-01,Q1 2025
The District at Windy Hill,2025-01-03,1.9503903418802846,0.9507042253521126,1.8542443391115382,1.0,2025-01,Q1 2025
The District at Windy Hill,2025-01-04,1.9464031566971582,0.9471830985915493,1.8436001730687872,1.0,2025-01,Q1 2025
The District at Windy Hill,2025-01-05,1.9464031566971582,0.9507042253521126,1.8504537053106784,1.0,2025-01,Q1 2025
The District at Windy Hill,2025-01-06,1.9464031566971582,0.9507042253521126,1.8504537053106784,1.0,2025-01,Q1 2025
The District at Windy Hill,2025-01-07,1.9464031566971582,0.9507042253521126,1.8504537053106784,1.0,2025-01,Q1 2025
The District at Windy Hill,2025-01-08,1.9464031566971582,0.9507042253521126,1.8504537053106784,1.0,2025-01,Q1 2025
The District at Windy Hill,2025-01-09,1.9464031566971582,0.9507042253521126,1.8504537053106784,1.0,2025-01,Q1 2025
The District at Windy Hill,2025-01-10,1.9464031566971582,0.9507042253521126,1.8504537053106784,1.0,2025-01,Q1 2025
The District at Windy Hill,2025-01-11,1.9464031566971582,0.9507042253521126,1.8504537053106784,1.0,2025-01,Q1 2025
The District at Windy Hill,2025-01-12,1.9464031566971582,0.9330985915492958,1.8161860441012216,1.0,2025-01,Q1 2025
The District at Windy Hill,2025-01-13,1.9464031566971582,0.9330985915492958,1.8161860441012216,1.0,2025-01,Q1 2025
The District at Windy Hill,2025-01-14,1.9467554851262248,0.9049295774647887,1.7616766185825343,1.0,2025-01,Q1 2025
The District at Windy Hill,2025-01-15,1.9354890005702017,0.9084507042253521,1.7582963455884226,1.0,2025-01,Q1 2025
The District at Windy Hill,2025-01-16,1.9354890005702017,0.926056338028169,1.7923718561618416,1.0,2025-01,Q1 2025
The District at Windy Hill,2025-01-17,1.9354890005702017,0.9225352112676056,1.785556754047158,1.0,2025-01,Q1 2025
The District at Windy Hill,2025-01-18,1.9354343040041222,0.9154929577464789,1.7718764754967316,1.0,2025-01,Q1 2025
The District at Windy Hill,2025-01-19,1.9314732773797592,0.9190140845070423,1.775051145760976,1.0,2025-01,Q1 2025
The District at Windy Hill,2025-01-20,1.9314732773797592,0.9225352112676056,1.7818521080052707,1.0,2025-01,Q1 2025
The District at Windy Hill,2025-01-21,1.9314732773797592,0.9225352112676056,1.7818521080052707,1.0,2025-01,Q1 2025
The District at Windy Hill,2025-01-22,1.9314732773797592,0.9190140845070423,1.775051145760976,1.0,2025-01,Q1 2025
The District at Windy Hill,2025-01-23,1.9314732773797592,0.9190140845070423,1.775051145760976,1.0,2025-01,Q1 2025
The District at Windy Hill,2025-01-24,1.9324422868798496,0.9190140845070423,1.7759416791395801,1.0,2025-01,Q1 2025
The District at Windy Hill,2025-01-25,1.9392843321917246,0.9225352112676056,1.78905808110645,1.0,2025-01,Q1 2025
The District at Windy Hill,2025-01-26,1.9392843321917246,0.9295774647887324,1.8027150130232932,1.0,2025-01,Q1 2025
The District at Windy Hill,2025-01-27,1.9392843321917246,0.9295774647887324,1.8027150130232932,1.0,2025-01,Q1 2025
The District at Windy Hill,2025-01-28,1.9393138720681593,0.9225352112676056,1.7890853326825977,1.0,2025-01,Q1 2025
The District at Windy Hill,2025-01-29,1.9354120614497692,0.926056338028169,1.7923006062017228,1.0,2025-01,Q1 2025
The District at Windy Hill,2025-01-30,1.9354120614497692,0.9295774647887324,1.7991154374040108,1.0,2025-01,Q1 2025
The District at Windy Hill,2025-01-31,1.9354120614497692,0.9295774647887324,1.7991154374040108,1.0,2025-01,Q1 2025
The District at Windy Hill,2025-02-01,1.9354120614497692,0.9295774647887324,1.7991154374040108,1.0,2025-02,Q1 2025
The District at Windy Hill,2025-02-02,1.9354120614497692,0.9295774647887324,1.7991154374040108,1.0,2025-02,Q1 2025
The District at Windy Hill,2025-02-03,1.9349263605752307,0.9295774647887324,1.7986639408164116,1.0,2025-02,Q1 2025
The District at Windy Hill,2025-02-04,1.9357373473565702,0.9330985915492958,1.8062337924277856,1.0,2025-02,Q1 2025
The District at Windy Hill,2025-02-05,1.9357373473565702,0.9330985915492958,1.8062337924277856,1.0,2025-02,Q1 2025
The District at Windy Hill,2025-02-06,1.9357373473565702,0.9330985915492958,1.8062337924277856,1.0,2025-02,Q1 2025
The District at Windy Hill,2025-02-07,1.9357373473565702,0.9295774647887324,1.7994178158525864,1.0,2025-02,Q1 2025
The District at Windy Hill,2025-02-08,1.9357373473565702,0.9295774647887324,1.7994178158525864,1.0,2025-02,Q1 2025
The District at Windy Hill,2025-02-09,1.9358086428977868,0.9295774647887324,1.7994840905810412,1.0,2025-02,Q1 2025
The District at Windy Hill,2025-02-10,1.9358086428977868,0.9330985915492958,1.8063003181968784,1.0,2025-02,Q1 2025
The District at Windy Hill,2025-02-11,1.9358086428977868,0.9295774647887324,1.7994840905810412,1.0,2025-02,Q1 2025
The District at Windy Hill,2025-02-12,1.9358086428977868,0.9295774647887324,1.7994840905810412,1.0,2025-02,Q1 2025
The District at Windy Hill,2025-02-13,1.9358086428977868,0.926056338028169,1.792667862965204,1.0,2025-02,Q1 2025
The District at Windy Hill,2025-02-14,1.9358086428977868,0.926056338028169,1.792667862965204,1.0,2025-02,Q1 2025
The District at Windy Hill,2025-02-15,1.9358086428977868,0.9225352112676056,1.7858516353493668,1.0,2025-02,Q1 2025
The District at Windy Hill,2025-02-16,1.9358086428977868,0.9225352112676056,1.7858516353493668,1.0,2025-02,Q1 2025
The District at Windy Hill,2025-02-17,1.9358086428977868,0.9225352112676056,1.7858516353493668,1.0,2025-02,Q1 2025
The District at Windy Hill,2025-02-18,1.9358086428977868,0.9225352112676056,1.7858516353493668,1.0,2025-02,Q1 2025
The District at Windy Hill,2025-02-19,1.9397041497666485,0.9190140845070423,1.7826154334123072,1.0,2025-02,Q1 2025
The District at Windy Hill,2025-02-20,1.9404096952122571,0.9190140845070423,1.7832638396140814,1.0,2025-02,Q1 2025
The District at Windy Hill,2025-02-21,1.9404096952122571,0.9225352112676056,1.7900962681183499,1.0,2025-02,Q1 2025
The District at Windy Hill,2025-02-22,1.941980403622022,0.9119718309859155,1.7710314244299428,1.0,2025-02,Q1 2025
The District at Windy Hill,2025-02-23,1.941980403622022,0.9190140845070423,1.784707342765309,1.0,2025-02,Q1 2025
The District at Windy Hill,2025-02-24,1.9427081360313283,0.9190140845070423,1.7853761390992138,1.0,2025-02,Q1 2025
The District at Windy Hill,2025-02-25,1.9427081360313283,0.9225352112676056,1.7922166607049579,1.0,2025-02,Q1 2025
The District at Windy Hill,2025-02-26,1.9427081360313283,0.9190140845070423,1.7853761390992138,1.0,2025-02,Q1 2025
The District at Windy Hill,2025-02-27,1.9427081360313283,0.9190140845070423,1.7853761390992138,1.0,2025-02,Q1 2025
The District at Windy Hill,2025-02-28,1.9448048491178513,0.9190140845070423,1.7873030479568985,1.0,2025-02,Q1 2025
The District at Windy Hill,2025-03-01,1.9448048491178513,0.9225352112676056,1.7941509523552008,1.0,2025-03,Q1 2025
The District at Windy Hill,2025-03-02,1.9448048491178513,0.9225352112676056,1.7941509523552008,1.0,2025-03,Q1 2025
The District at Windy Hill,2025-03-03,1.9448048491178513,0.9225352112676056,1.7941509523552008,1.0,2025-03,Q1 2025
The District at Windy Hill,2025-03-04,1.9448048491178513,0.9225352112676056,1.7941509523552008,1.0,2025-03,Q1 2025
The District at Windy Hill,2025-03-05,1.9448048491178513,0.9225352112676056,1.7941509523552008,1.0,2025-03,Q1 2025
The District at Windy Hill,2025-03-06,1.9448048491178513,0.9225352112676056,1.7941509523552008,1.0,2025-03,Q1 2025
The District at Windy Hill,2025-03-07,1.9448048491178513,0.9190140845070423,1.7873030479568985,1.0,2025-03,Q1 2025
The District at Windy Hill,2025-03-08,1.9448048491178513,0.9190140845070423,1.7873030479568985,1.0,2025-03,Q1 2025
The District at Windy Hill,2025-03-09,1.942412927960987,0.9190140845070423,1.78510483872471,1.0,2025-03,Q1 2025
The District at Windy Hill,2025-03-10,1.942412927960987,0.9225352112676056,1.7919443208654176,1.0,2025-03,Q1 2025
The District at Windy Hill,2025-03-11,1.942412927960987,0.9225352112676056,1.7919443208654176,1.0,2025-03,Q1 2025
The District at Windy Hill,2025-03-12,1.9428196298020943,0.9225352112676056,1.7923195176343265,1.0,2025-03,Q1 2025
The District at Windy Hill,2025-03-13,1.9428196298020943,0.926056338028169,1.7991604318237704,1.0,2025-03,Q1 2025
The District at Windy Hill,2025-03-14,1.9428196298020943,0.926056338028169,1.7991604318237704,1.0,2025-03,Q1 2025
The District at Windy Hill,2025-03-15,1.9428196298020943,0.926056338028169,1.7991604318237704,1.0,2025-03,Q1 2025
The District at Windy Hill,2025-03-16,1.9428196298020943,0.926056338028169,1.7991604318237704,1.0,2025-03,Q1 2025
The District at Windy Hill,2025-03-17,1.9428196298020943,0.926056338028169,1.7991604318237704,1.0,2025-03,Q1 2025
The District at Windy Hill,2025-03-18,1.9428196298020943,0.9190140845070423,1.7854786034448824,1.0,2025-03,Q1 2025
The District at Windy Hill,2025-03-19,1.9428196298020943,0.9190140845070423,1.7854786034448824,1.0,2025-03,Q1 2025
The District at Windy Hill,2025-03-20,1.9428196298020943,0.9154929577464789,1.7786376892554385,1.0,2025-03,Q1 2025
The District at Windy Hill,2025-03-21,1.9428196298020943,0.9154929577464789,1.7786376892554385,1.0,2025-03,Q1 2025
The District at Windy Hill,2025-03-22,1.9428196298020943,0.9154929577464789,1.7786376892554385,1.0,2025-03,Q1 2025
The District at Windy Hill,2025-03-23,1.9432989569719705,0.9154929577464789,1.7790765099039167,1.0,2025-03,Q1 2025
The District at Windy Hill,2025-03-24,1.9432989569719705,0.9190140845070423,1.7859191118650857,1.0,2025-03,Q1 2025
The District at Windy Hill,2025-03-25,1.9432989569719705,0.9119718309859155,1.7722339079427478,1.0,2025-03,Q1 2025
The District at Windy Hill,2025-03-26,1.9432989569719705,0.9119718309859155,1.7722339079427478,1.0,2025-03,Q1 2025
The District at Windy Hill,2025-03-27,1.9432989569719705,0.9119718309859155,1.7722339079427478,1.0,2025-03,Q1 2025
The District at Windy Hill,2025-03-28,1.9432989569719705,0.9119718309859155,1.7722339079427478,1.0,2025-03,Q1 2025
The District at Windy Hill,2025-03-29,1.9432989569719705,0.9084507042253521,1.765391305981579,1.0,2025-03,Q1 2025
The District at Windy Hill,2025-03-30,1.9440400421930022,0.9084507042253521,1.7660645453725161,1.0,2025-03,Q1 2025
The District at Windy Hill,2025-03-31,1.9440400421930022,0.9119718309859155,1.7729097567886887,1.0,2025-03,Q1 2025
The District at Windy Hill,2025-04-01,1.9448461833423396,0.9119718309859155,1.773644934808683,1.0,2025-04,Q2 2025
The District at Windy Hill,2025-04-02,1.9417396649276393,0.9119718309859155,1.7708118775220372,1.0,2025-04,Q2 2025
The District at Windy Hill,2025-04-03,1.9417396649276393,0.9119718309859155,1.7708118775220372,1.0,2025-04,Q2 2025
The District at Windy Hill,2025-04-04,1.9417396649276393,0.9119718309859155,1.7708118775220372,1.0,2025-04,Q2 2025
The District at Windy Hill,2025-04-05,1.9417396649276393,0.9119718309859155,1.7708118775220372,1.0,2025-04,Q2 2025
The District at Windy Hill,2025-04-06,1.9417396649276393,0.9119718309859155,1.7708118775220372,1.0,2025-04,Q2 2025
The District at Windy Hill,2025-04-07,1.9417396649276393,0.9119718309859155,1.7708118775220372,1.0,2025-04,Q2 2025
The District at Windy Hill,2025-04-08,1.9417396649276393,0.9119718309859155,1.7708118775220372,1.0,2025-04,Q2 2025
The District at Windy Hill,2025-04-09,1.9417396649276393,0.9084507042253521,1.7639747660258132,1.0,2025-04,Q2 2025
The District at Windy Hill,2025-04-10,1.9417396649276393,0.9084507042253521,1.7639747660258132,1.0,2025-04,Q2 2025
The District at Windy Hill,2025-04-11,1.9455851751028763,0.9084507042253521,1.767468222452613,1.0,2025-04,Q2 2025
The District at Windy Hill,2025-04-12,1.9455851751028763,0.9119718309859155,1.774318874477623,1.0,2025-04,Q2 2025
The District at Windy Hill,2025-04-13,1.9523160512029545,0.9119718309859155,1.7804572438787507,1.0,2025-04,Q2 2025
Gables Vinings Village,2023-08-18,2.4029623484067617,0.8949152542372881,2.150447660947068,1.0,2023-08,Q3 2023
Gables Vinings Village,2023-08-19,2.382521946822187,0.9050847457627118,2.1563842705136405,1.0,2023-08,Q3 2023
Gables Vinings Village,2023-08-20,2.3832514181730926,0.9084745762711864,2.1651233222725046,1.0,2023-08,Q3 2023
Gables Vinings Village,2023-08-21,2.3832514181730926,0.9152542372881356,2.1812809590058815,1.0,2023-08,Q3 2023
Gables Vinings Village,2023-08-22,2.3832514181730926,0.9118644067796611,2.173202140639193,1.0,2023-08,Q3 2023
Gables Vinings Village,2023-08-23,2.3832514181730926,0.9118644067796611,2.173202140639193,1.0,2023-08,Q3 2023
Gables Vinings Village,2023-08-24,2.3832514181730926,0.9118644067796611,2.173202140639193,1.0,2023-08,Q3 2023
Gables Vinings Village,2023-08-25,2.3832514181730926,0.9118644067796611,2.173202140639193,1.0,2023-08,Q3 2023
Gables Vinings Village,2023-08-26,2.3832514181730926,0.9050847457627118,2.1570445039058157,1.0,2023-08,Q3 2023
Gables Vinings Village,2023-08-27,2.3832514181730926,0.9016949152542373,2.1489656855391277,1.0,2023-08,Q3 2023
Gables Vinings Village,2023-08-28,2.3832514181730926,0.9016949152542373,2.1489656855391277,1.0,2023-08,Q3 2023
Gables Vinings Village,2023-08-29,2.3832514181730926,0.9016949152542373,2.1489656855391277,1.0,2023-08,Q3 2023
Gables Vinings Village,2023-08-30,2.3832514181730926,0.8983050847457628,2.1408868671724393,1.0,2023-08,Q3 2023
Gables Vinings Village,2023-08-31,2.3739372130684604,0.8983050847457628,2.132519869366583,1.0,2023-08,Q3 2023
Gables Vinings Village,2023-09-01,2.3739372130684604,0.8915254237288136,2.116425379786458,1.0,2023-09,Q3 2023
Gables Vinings Village,2023-09-02,2.3739372130684604,0.8847457627118644,2.1003308902063327,1.0,2023-09,Q3 2023
Gables Vinings Village,2023-09-03,2.3853513661023875,0.8847457627118644,2.1104295137380444,1.0,2023-09,Q3 2023
Gables Vinings Village,2023-09-04,2.3853513661023875,0.888135593220339,2.11851545057229,1.0,2023-09,Q3 2023
Gables Vinings Village,2023-09-05,2.3853513661023875,0.888135593220339,2.11851545057229,1.0,2023-09,Q3 2023
Gables Vinings Village,2023-09-06,2.3853513661023875,0.888135593220339,2.11851545057229,1.0,2023-09,Q3 2023
Gables Vinings Village,2023-09-07,2.3853513661023875,0.8813559322033898,2.1023435769037992,1.0,2023-09,Q3 2023
Gables Vinings Village,2023-09-08,2.3982252280505487,0.8813559322033898,2.1136900315021787,1.0,2023-09,Q3 2023
Gables Vinings Village,2023-09-09,2.3982252280505487,0.8847457627118644,2.1218196085464176,1.0,2023-09,Q3 2023
Gables Vinings Village,2023-09-10,2.397413541229645,0.8847457627118644,2.121101472070974,1.0,2023-09,Q3 2023
Gables Vinings Village,2023-09-11,2.387329656535945,0.888135593220339,2.1202724407200595,1.0,2023-09,Q3 2023
Gables Vinings Village,2023-09-12,2.387329656535945,0.8915254237288136,2.1283650836235712,1.0,2023-09,Q3 2023
Gables Vinings Village,2023-09-13,2.399385489225768,0.8915254237288136,2.1391131649707695,1.0,2023-09,Q3 2023
Gables Vinings Village,2023-09-14,2.399385489225768,0.8949152542372881,2.1472466751037382,1.0,2023-09,Q3 2023
Gables Vinings Village,2023-09-15,2.3914926535033367,0.8949152542372881,2.1401832560165452,1.0,2023-09,Q3 2023
Gables Vinings Village,2023-09-16,2.4025331175679794,0.8949152542372881,2.1500635357218525,1.0,2023-09,Q3 2023
Gables Vinings Village,2023-09-17,2.4143987211895444,0.8983050847457628,2.168866647848235,1.0,2023-09,Q3 2023
Gables Vinings Village,2023-09-18,2.404014319039992,0.9016949152542373,2.1676874876767385,1.0,2023-09,Q3 2023
Gables Vinings Village,2023-09-19,2.404014319039992,0.9050847457627118,2.17583668875823,1.0,2023-09,Q3 2023
Gables Vinings Village,2023-09-20,2.404014319039992,0.9016949152542373,2.1676874876767385,1.0,2023-09,Q3 2023
Gables Vinings Village,2023-09-21,2.404014319039992,0.8983050847457628,2.159538286595247,1.0,2023-09,Q3 2023
Gables Vinings Village,2023-09-22,2.391051078269937,0.8983050847457628,2.147893341496723,1.0,2023-09,Q3 2023
Gables Vinings Village,2023-09-23,2.391051078269937,0.9050847457627118,2.164103857281604,1.0,2023-09,Q3 2023
Gables Vinings Village,2023-09-24,2.391051078269937,0.9050847457627118,2.164103857281604,1.0,2023-09,Q3 2023
Gables Vinings Village,2023-09-25,2.381889685708639,0.9050847457627118,2.155812020624429,1.0,2023-09,Q3 2023
Gables Vinings Village,2023-09-26,2.381889685708639,0.9084745762711864,2.1638862229488653,1.0,2023-09,Q3 2023
Gables Vinings Village,2023-09-27,2.3927229012133853,0.9084745762711864,2.173727923814194,1.0,2023-09,Q3 2023
Gables Vinings Village,2023-09-28,2.3927229012133853,0.9084745762711864,2.173727923814194,1.0,2023-09,Q3 2023
Gables Vinings Village,2023-09-29,2.3927229012133853,0.9084745762711864,2.173727923814194,1.0,2023-09,Q3 2023
Gables Vinings Village,2023-09-30,2.3927229012133853,0.9084745762711864,2.173727923814194,1.0,2023-09,Q3 2023
Gables Vinings Village,2023-10-01,2.3927229012133853,0.9084745762711864,2.173727923814194,1.0,2023-10,Q4 2023
Gables Vinings Village,2023-10-02,2.4032325940395003,0.9050847457627118,2.1751291613849033,1.0,2023-10,Q4 2023
Gables Vinings Village,2023-10-03,2.412555139332579,0.9084745762711864,2.191745007936038,1.0,2023-10,Q4 2023
Gables Vinings Village,2023-10-04,2.412555139332579,0.9118644067796611,2.199923160950725,1.0,2023-10,Q4 2023
Gables Vinings Village,2023-10-05,2.412555139332579,0.9118644067796611,2.199923160950725,1.0,2023-10,Q4 2023
Gables Vinings Village,2023-10-06,2.412555139332579,0.9118644067796611,2.199923160950725,1.0,2023-10,Q4 2023
Gables Vinings Village,2023-10-07,2.403381229874719,0.9118644067796611,2.1915577994450826,1.0,2023-10,Q4 2023
Gables Vinings Village,2023-10-08,2.403381229874719,0.9152542372881356,2.199704854461607,1.0,2023-10,Q4 2023
Gables Vinings Village,2023-10-09,2.403381229874719,0.9152542372881356,2.199704854461607,1.0,2023-10,Q4 2023
Gables Vinings Village,2023-10-10,2.403381229874719,0.9152542372881356,2.199704854461607,1.0,2023-10,Q4 2023
Gables Vinings Village,2023-10-11,2.4099495268649056,0.9118644067796611,2.197547195683592,1.0,2023-10,Q4 2023
Gables Vinings Village,2023-10-12,2.401563605381828,0.9186440677966101,2.2061821595202558,1.0,2023-10,Q4 2023
Gables Vinings Village,2023-10-13,2.401563605381828,0.9254237288135593,2.2224639466753864,1.0,2023-10,Q4 2023
Gables Vinings Village,2023-10-14,2.401563605381828,0.9254237288135593,2.2224639466753864,1.0,2023-10,Q4 2023
Gables Vinings Village,2023-10-15,2.401563605381828,0.9254237288135593,2.2224639466753864,1.0,2023-10,Q4 2023
Gables Vinings Village,2023-10-16,2.401563605381828,0.9254237288135593,2.2224639466753864,1.0,2023-10,Q4 2023
Gables Vinings Village,2023-10-17,2.401563605381828,0.9254237288135593,2.2224639466753864,1.0,2023-10,Q4 2023
Gables Vinings Village,2023-10-18,2.401563605381828,0.9220338983050848,2.214323053097821,1.0,2023-10,Q4 2023
Gables Vinings Village,2023-10-19,2.401563605381828,0.9220338983050848,2.214323053097821,1.0,2023-10,Q4 2023
Gables Vinings Village,2023-10-20,2.401563605381828,0.9220338983050848,2.214323053097821,1.0,2023-10,Q4 2023
Gables Vinings Village,2023-10-21,2.4100776244755244,0.9220338983050848,2.222173267313026,1.0,2023-10,Q4 2023
Gables Vinings Village,2023-10-22,2.4100776244755244,0.9254237288135593,2.230343021972265,1.0,2023-10,Q4 2023
Gables Vinings Village,2023-10-23,2.42013495624768,0.9254237288135593,2.2396503154427685,1.0,2023-10,Q4 2023
Gables Vinings Village,2023-10-24,2.4171787725198306,0.9254237288135593,2.236914592874284,1.0,2023-10,Q4 2023
Gables Vinings Village,2023-10-25,2.4171787725198306,0.9288135593220339,2.245108419221809,1.0,2023-10,Q4 2023
Gables Vinings Village,2023-10-26,2.4171787725198306,0.9254237288135593,2.236914592874284,1.0,2023-10,Q4 2023
Gables Vinings Village,2023-10-27,2.4117998141965504,0.9254237288135593,2.2319367772056213,1.0,2023-10,Q4 2023
Gables Vinings Village,2023-10-28,2.4117998141965504,0.9220338983050848,2.2237611846151246,1.0,2023-10,Q4 2023
Gables Vinings Village,2023-10-29,2.4117998141965504,0.9186440677966101,2.2155855920246275,1.0,2023-10,Q4 2023
Gables Vinings Village,2023-10-30,2.4195313211983294,0.9186440677966101,2.22268809506694,1.0,2023-10,Q4 2023
Gables Vinings Village,2023-10-31,2.4195313211983294,0.9220338983050848,2.2308898961557477,1.0,2023-10,Q4 2023
Gables Vinings Village,2023-11-01,2.4195313211983294,0.9220338983050848,2.2308898961557477,1.0,2023-11,Q4 2023
Gables Vinings Village,2023-11-02,2.415125592039024,0.9220338983050848,2.226827664524117,1.0,2023-11,Q4 2023
Gables Vinings Village,2023-11-03,2.415125592039024,0.9152542372881356,2.210453931696734,1.0,2023-11,Q4 2023
Gables Vinings Village,2023-11-04,2.415125592039024,0.9152542372881356,2.210453931696734,1.0,2023-11,Q4 2023
Gables Vinings Village,2023-11-05,2.415125592039024,0.9050847457627118,2.185893332455659,1.0,2023-11,Q4 2023
Gables Vinings Village,2023-11-06,2.415125592039024,0.9050847457627118,2.185893332455659,1.0,2023-11,Q4 2023
Gables Vinings Village,2023-11-07,2.415125592039024,0.9050847457627118,2.185893332455659,1.0,2023-11,Q4 2023
Gables Vinings Village,2023-11-08,2.423650368474515,0.9050847457627118,2.1936089775684593,1.0,2023-11,Q4 2023
Gables Vinings Village,2023-11-09,2.423650368474515,0.9084745762711864,2.20182474152939,1.0,2023-11,Q4 2023
Gables Vinings Village,2023-11-10,2.423650368474515,0.9084745762711864,2.20182474152939,1.0,2023-11,Q4 2023
Gables Vinings Village,2023-11-11,2.423650368474515,0.9084745762711864,2.20182474152939,1.0,2023-11,Q4 2023
Gables Vinings Village,2023-11-12,2.423650368474515,0.9084745762711864,2.20182474152939,1.0,2023-11,Q4 2023
Gables Vinings Village,2023-11-13,2.423650368474515,0.9084745762711864,2.20182474152939,1.0,2023-11,Q4 2023
Gables Vinings Village,2023-11-14,2.423650368474515,0.9084745762711864,2.20182474152939,1.0,2023-11,Q4 2023
Gables Vinings Village,2023-11-15,2.4331872612214935,0.9084745762711864,2.210488766126645,1.0,2023-11,Q4 2023
Gables Vinings Village,2023-11-16,2.4331872612214935,0.9118644067796611,2.2187368585375653,1.0,2023-11,Q4 2023
Gables Vinings Village,2023-11-17,2.4331872612214935,0.9118644067796611,2.2187368585375653,1.0,2023-11,Q4 2023
Gables Vinings Village,2023-11-18,2.4407930766095003,0.9084745762711864,2.2173984560384614,1.0,2023-11,Q4 2023
Gables Vinings Village,2023-11-19,2.4472379158681266,0.9118644067796611,2.2315491504017833,1.0,2023-11,Q4 2023
Gables Vinings Village,2023-11-20,2.4472379158681266,0.9152542372881356,2.239844872150489,1.0,2023-11,Q4 2023
Gables Vinings Village,2023-11-21,2.4472379158681266,0.9152542372881356,2.239844872150489,1.0,2023-11,Q4 2023
Gables Vinings Village,2023-11-22,2.4472379158681266,0.9118644067796611,2.2315491504017833,1.0,2023-11,Q4 2023
Gables Vinings Village,2023-11-23,2.4472379158681266,0.9118644067796611,2.2315491504017833,1.0,2023-11,Q4 2023
Gables Vinings Village,2023-11-24,2.4472379158681266,0.9118644067796611,2.2315491504017833,1.0,2023-11,Q4 2023
Gables Vinings Village,2023-11-25,2.4397984621660678,0.9118644067796611,2.224765377364991,1.0,2023-11,Q4 2023
Gables Vinings Village,2023-11-26,2.446268169699243,0.9152542372881356,2.238957307860324,1.0,2023-11,Q4 2023
Gables Vinings Village,2023-11-27,2.446268169699243,0.9186440677966101,2.2472497423338806,1.0,2023-11,Q4 2023
Gables Vinings Village,2023-11-28,2.4509599204133132,0.9186440677966101,2.251559791294942,1.0,2023-11,Q4 2023
Gables Vinings Village,2023-11-29,2.4509599204133132,0.9220338983050848,2.2598681300082073,1.0,2023-11,Q4 2023
Gables Vinings Village,2023-11-30,2.4509599204133132,0.9220338983050848,2.2598681300082073,1.0,2023-11,Q4 2023
Gables Vinings Village,2023-12-01,2.443009742966649,0.9186440677966101,2.2442564079456333,1.0,2023-12,Q4 2023
Gables Vinings Village,2023-12-02,2.443009742966649,0.9254237288135593,2.2608191858640514,1.0,2023-12,Q4 2023
Gables Vinings Village,2023-12-03,2.4486303503001925,0.9254237288135593,2.266020629260856,1.0,2023-12,Q4 2023
Gables Vinings Village,2023-12-04,2.4486303503001925,0.9288135593220339,2.2743210711262805,1.0,2023-12,Q4 2023
Gables Vinings Village,2023-12-05,2.4486303503001925,0.9288135593220339,2.2743210711262805,1.0,2023-12,Q4 2023
Gables Vinings Village,2023-12-06,2.4486303503001925,0.9288135593220339,2.2743210711262805,1.0,2023-12,Q4 2023
Gables Vinings Village,2023-12-07,2.442883030656327,0.9288135593220339,2.2689828827113003,1.0,2023-12,Q4 2023
Gables Vinings Village,2023-12-08,2.442883030656327,0.9322033898305084,2.2772638421372537,1.0,2023-12,Q4 2023
Gables Vinings Village,2023-12-09,2.442883030656327,0.9322033898305084,2.2772638421372537,1.0,2023-12,Q4 2023
Gables Vinings Village,2023-12-10,2.442883030656327,0.9322033898305084,2.2772638421372537,1.0,2023-12,Q4 2023
Gables Vinings Village,2023-12-11,2.437800300148523,0.9322033898305084,2.272525703528284,1.0,2023-12,Q4 2023
Gables Vinings Village,2023-12-12,2.4259803885276083,0.9355932203389831,2.2697308041817625,1.0,2023-12,Q4 2023
Gables Vinings Village,2023-12-13,2.4259803885276083,0.9355932203389831,2.2697308041817625,1.0,2023-12,Q4 2023
Gables Vinings Village,2023-12-14,2.4259803885276083,0.9355932203389831,2.2697308041817625,1.0,2023-12,Q4 2023
Gables Vinings Village,2023-12-15,2.415711073953733,0.9288135593220339,2.2437452008926195,1.0,2023-12,Q4 2023
Gables Vinings Village,2023-12-16,2.415711073953733,0.9322033898305084,2.251934051990768,1.0,2023-12,Q4 2023
Gables Vinings Village,2023-12-17,2.415711073953733,0.9322033898305084,2.251934051990768,1.0,2023-12,Q4 2023
Gables Vinings Village,2023-12-18,2.415711073953733,0.9322033898305084,2.251934051990768,1.0,2023-12,Q4 2023
Gables Vinings Village,2023-12-19,2.415711073953733,0.9322033898305084,2.251934051990768,1.0,2023-12,Q4 2023
Gables Vinings Village,2023-12-20,2.415711073953733,0.9322033898305084,2.251934051990768,1.0,2023-12,Q4 2023
Gables Vinings Village,2023-12-21,2.415711073953733,0.9288135593220339,2.2437452008926195,1.0,2023-12,Q4 2023
Gables Vinings Village,2023-12-22,2.412378917389896,0.9254237288135593,2.2324726930421748,1.0,2023-12,Q4 2023
Gables Vinings Village,2023-12-23,2.412378917389896,0.9288135593220339,2.2406502486943443,1.0,2023-12,Q4 2023
Gables Vinings Village,2023-12-24,2.412378917389896,0.9288135593220339,2.2406502486943443,1.0,2023-12,Q4 2023
Gables Vinings Village,2023-12-25,2.412378917389896,0.9288135593220339,2.2406502486943443,1.0,2023-12,Q4 2023
Gables Vinings Village,2023-12-26,2.412378917389896,0.9288135593220339,2.2406502486943443,1.0,2023-12,Q4 2023
Gables Vinings Village,2023-12-27,2.4036362465926824,0.9288135593220339,2.2325299375132035,1.0,2023-12,Q4 2023
Gables Vinings Village,2023-12-28,2.4036362465926824,0.9322033898305084,2.2406778569931785,1.0,2023-12,Q4 2023
Gables Vinings Village,2023-12-29,2.4161469771835145,0.9322033898305084,2.2523404024592084,1.0,2023-12,Q4 2023
Gables Vinings Village,2023-12-30,2.4161469771835145,0.9389830508474576,2.268721059931639,1.0,2023-12,Q4 2023
Gables Vinings Village,2023-12-31,2.4161469771835145,0.9389830508474576,2.268721059931639,1.0,2023-12,Q4 2023
Gables Vinings Village,2024-01-01,2.4161469771835145,0.9389830508474576,2.268721059931639,1.0,2024-01,Q1 2024
Gables Vinings Village,2024-01-02,2.4161469771835145,0.9389830508474576,2.268721059931639,1.0,2024-01,Q1 2024
Gables Vinings Village,2024-01-03,2.4161469771835145,0.9389830508474576,2.268721059931639,1.0,2024-01,Q1 2024
Gables Vinings Village,2024-01-04,2.41050995057141,0.9355932203389831,2.2552567673142683,1.0,2024-01,Q1 2024
Gables Vinings Village,2024-01-05,2.41050995057141,0.9389830508474576,2.2634279874856964,1.0,2024-01,Q1 2024
Gables Vinings Village,2024-01-06,2.4055069165463068,0.9389830508474576,2.2587302233333117,1.0,2024-01,Q1 2024
Gables Vinings Village,2024-01-07,2.413909311757316,0.9389830508474576,2.266619930022971,1.0,2024-01,Q1 2024
Gables Vinings Village,2024-01-08,2.413909311757316,0.9423728813559322,2.274802673452657,1.0,2024-01,Q1 2024
Gables Vinings Village,2024-01-09,2.421966414409979,0.9355932203389831,2.265975357210692,1.0,2024-01,Q1 2024
Gables Vinings Village,2024-01-10,2.421966414409979,0.9389830508474576,2.27418541285276,1.0,2024-01,Q1 2024
Gables Vinings Village,2024-01-11,2.421966414409979,0.9389830508474576,2.27418541285276,1.0,2024-01,Q1 2024
Gables Vinings Village,2024-01-12,2.421966414409979,0.9389830508474576,2.27418541285276,1.0,2024-01,Q1 2024
Gables Vinings Village,2024-01-13,2.4254886466358707,0.9389830508474576,2.277492729214021,1.0,2024-01,Q1 2024
Gables Vinings Village,2024-01-14,2.4197701763497097,0.9423728813559322,2.280325793305828,1.0,2024-01,Q1 2024
Gables Vinings Village,2024-01-15,2.4197701763497097,0.9389830508474576,2.272123182538541,1.0,2024-01,Q1 2024
Gables Vinings Village,2024-01-16,2.4197701763497097,0.9389830508474576,2.272123182538541,1.0,2024-01,Q1 2024
Gables Vinings Village,2024-01-17,2.4197701763497097,0.9389830508474576,2.272123182538541,1.0,2024-01,Q1 2024
Gables Vinings Village,2024-01-18,2.422130713429337,0.9355932203389831,2.266129074259312,1.0,2024-01,Q1 2024
Gables Vinings Village,2024-01-19,2.422130713429337,0.9355932203389831,2.266129074259312,1.0,2024-01,Q1 2024
Gables Vinings Village,2024-01-20,2.422130713429337,0.9355932203389831,2.266129074259312,1.0,2024-01,Q1 2024
Gables Vinings Village,2024-01-21,2.422130713429337,0.9355932203389831,2.266129074259312,1.0,2024-01,Q1 2024
Gables Vinings Village,2024-01-22,2.422130713429337,0.9355932203389831,2.266129074259312,1.0,2024-01,Q1 2024
Gables Vinings Village,2024-01-23,2.422130713429337,0.9355932203389831,2.266129074259312,1.0,2024-01,Q1 2024
Gables Vinings Village,2024-01-24,2.422130713429337,0.9355932203389831,2.266129074259312,1.0,2024-01,Q1 2024
Gables Vinings Village,2024-01-25,2.417839349798443,0.9288135593220339,2.245721972355164,1.0,2024-01,Q1 2024
Gables Vinings Village,2024-01-26,2.417839349798443,0.9322033898305084,2.253918037947701,1.0,2024-01,Q1 2024
Gables Vinings Village,2024-01-27,2.417839349798443,0.9288135593220339,2.245721972355164,1.0,2024-01,Q1 2024
Gables Vinings Village,2024-01-28,2.417839349798443,0.9254237288135593,2.237525906762627,1.0,2024-01,Q1 2024
Gables Vinings Village,2024-01-29,2.417839349798443,0.9220338983050848,2.22932984117009,1.0,2024-01,Q1 2024
Gables Vinings Village,2024-01-30,2.417839349798443,0.9220338983050848,2.22932984117009,1.0,2024-01,Q1 2024
Gables Vinings Village,2024-01-31,2.416989273532645,0.9220338983050848,2.2285460420368794,1.0,2024-01,Q1 2024
Gables Vinings Village,2024-02-01,2.416989273532645,0.9254237288135593,2.236739226014956,1.0,2024-02,Q1 2024
Gables Vinings Village,2024-02-02,2.416989273532645,0.9254237288135593,2.236739226014956,1.0,2024-02,Q1 2024
Gables Vinings Village,2024-02-03,2.416989273532645,0.9254237288135593,2.236739226014956,1.0,2024-02,Q1 2024
Gables Vinings Village,2024-02-04,2.416989273532645,0.9254237288135593,2.236739226014956,1.0,2024-02,Q1 2024
Gables Vinings Village,2024-02-05,2.416989273532645,0.9254237288135593,2.236739226014956,1.0,2024-02,Q1 2024
Gables Vinings Village,2024-02-06,2.416989273532645,0.9254237288135593,2.236739226014956,1.0,2024-02,Q1 2024
Gables Vinings Village,2024-02-07,2.427093967914583,0.9186440677966101,2.2296354756096677,1.0,2024-02,Q1 2024
Gables Vinings Village,2024-02-08,2.427093967914583,0.9220338983050848,2.2378629127890393,1.0,2024-02,Q1 2024
Gables Vinings Village,2024-02-09,2.4217355029573278,0.9186440677966101,2.224712953564189,1.0,2024-02,Q1 2024
Gables Vinings Village,2024-02-10,2.4245950339942377,0.9186440677966101,2.227339844787927,1.0,2024-02,Q1 2024
Gables Vinings Village,2024-02-11,2.4245950339942377,0.9220338983050848,2.2355588110048563,1.0,2024-02,Q1 2024
Gables Vinings Village,2024-02-12,2.4245950339942377,0.9220338983050848,2.2355588110048563,1.0,2024-02,Q1 2024
Gables Vinings Village,2024-02-13,2.4245950339942377,0.9220338983050848,2.2355588110048563,1.0,2024-02,Q1 2024
Gables Vinings Village,2024-02-14,2.4229960114814317,0.9220338983050848,2.2340844580438963,1.0,2024-02,Q1 2024
Gables Vinings Village,2024-02-15,2.4229960114814317,0.9254237288135593,2.2422980038455282,1.0,2024-02,Q1 2024
Gables Vinings Village,2024-02-16,2.4229960114814317,0.9254237288135593,2.2422980038455282,1.0,2024-02,Q1 2024
Gables Vinings Village,2024-02-17,2.4229960114814317,0.9254237288135593,2.2422980038455282,1.0,2024-02,Q1 2024
Gables Vinings Village,2024-02-18,2.4229960114814317,0.9254237288135593,2.2422980038455282,1.0,2024-02,Q1 2024
Gables Vinings Village,2024-02-19,2.4229960114814317,0.9254237288135593,2.2422980038455282,1.0,2024-02,Q1 2024
Gables Vinings Village,2024-02-20,2.4229960114814317,0.9254237288135593,2.2422980038455282,1.0,2024-02,Q1 2024
Gables Vinings Village,2024-02-21,2.4324927136670804,0.9220338983050848,2.2428407393811725,1.0,2024-02,Q1 2024
Gables Vinings Village,2024-02-22,2.4324927136670804,0.9254237288135593,2.2510864773936032,1.0,2024-02,Q1 2024
Gables Vinings Village,2024-02-23,2.4324927136670804,0.9220338983050848,2.2428407393811725,1.0,2024-02,Q1 2024
Gables Vinings Village,2024-02-24,2.4324927136670804,0.9220338983050848,2.2428407393811725,1.0,2024-02,Q1 2024
Gables Vinings Village,2024-02-25,2.4324927136670804,0.9220338983050848,2.2428407393811725,1.0,2024-02,Q1 2024
Gables Vinings Village,2024-02-26,2.4324927136670804,0.9220338983050848,2.2428407393811725,1.0,2024-02,Q1 2024
Gables Vinings Village,2024-02-27,2.4324927136670804,0.9220338983050848,2.2428407393811725,1.0,2024-02,Q1 2024
Gables Vinings Village,2024-02-28,2.4324927136670804,0.9220338983050848,2.2428407393811725,1.0,2024-02,Q1 2024
Gables Vinings Village,2024-02-29,2.440205100169237,0.9186440677966101,2.2416799394775024,1.0,2024-02,Q1 2024
Gables Vinings Village,2024-03-01,2.440205100169237,0.9186440677966101,2.2416799394775024,1.0,2024-03,Q1 2024
Gables Vinings Village,2024-03-02,2.440205100169237,0.9186440677966101,2.2416799394775024,1.0,2024-03,Q1 2024
Gables Vinings Village,2024-03-03,2.440205100169237,0.9152542372881356,2.2334080577820137,1.0,2024-03,Q1 2024
Gables Vinings Village,2024-03-04,2.440205100169237,0.9152542372881356,2.2334080577820137,1.0,2024-03,Q1 2024
Gables Vinings Village,2024-03-05,2.440205100169237,0.9152542372881356,2.2334080577820137,1.0,2024-03,Q1 2024
Gables Vinings Village,2024-03-06,2.440205100169237,0.9152542372881356,2.2334080577820137,1.0,2024-03,Q1 2024
Gables Vinings Village,2024-03-07,2.449621092196535,0.9084745762711864,2.225418483758208,1.0,2024-03,Q1 2024
Gables Vinings Village,2024-03-08,2.449621092196535,0.9084745762711864,2.225418483758208,1.0,2024-03,Q1 2024
Gables Vinings Village,2024-03-09,2.4459304682725302,0.9016949152542373,2.205483066306756,1.0,2024-03,Q1 2024
Gables Vinings Village,2024-03-10,2.4459304682725302,0.9050847457627118,2.2137743560297136,1.0,2024-03,Q1 2024
Gables Vinings Village,2024-03-11,2.452425401055207,0.9050847457627118,2.219652820616069,1.0,2024-03,Q1 2024
Gables Vinings Village,2024-03-12,2.452425401055207,0.9084745762711864,2.227966127060324,1.0,2024-03,Q1 2024
Gables Vinings Village,2024-03-13,2.452425401055207,0.9084745762711864,2.227966127060324,1.0,2024-03,Q1 2024
Gables Vinings Village,2024-03-14,2.452425401055207,0.9084745762711864,2.227966127060324,1.0,2024-03,Q1 2024
Gables Vinings Village,2024-03-15,2.452425401055207,0.9084745762711864,2.227966127060324,1.0,2024-03,Q1 2024
Gables Vinings Village,2024-03-16,2.452425401055207,0.9084745762711864,2.227966127060324,1.0,2024-03,Q1 2024
Gables Vinings Village,2024-03-17,2.452425401055207,0.9084745762711864,2.227966127060324,1.0,2024-03,Q1 2024
Gables Vinings Village,2024-03-18,2.452425401055207,0.9084745762711864,2.227966127060324,1.0,2024-03,Q1 2024
Gables Vinings Village,2024-03-19,2.452425401055207,0.9084745762711864,2.227966127060324,1.0,2024-03,Q1 2024
Gables Vinings Village,2024-03-20,2.452425401055207,0.9050847457627118,2.219652820616069,1.0,2024-03,Q1 2024
Gables Vinings Village,2024-03-21,2.452425401055207,0.8983050847457628,2.203026207727559,1.0,2024-03,Q1 2024
Gables Vinings Village,2024-03-22,2.452425401055207,0.8983050847457628,2.203026207727559,1.0,2024-03,Q1 2024
Gables Vinings Village,2024-03-23,2.452425401055207,0.8983050847457628,2.203026207727559,1.0,2024-03,Q1 2024
Gables Vinings Village,2024-03-24,2.452425401055207,0.8983050847457628,2.203026207727559,1.0,2024-03,Q1 2024
Gables Vinings Village,2024-03-25,2.4484630890611245,0.8949152542372881,2.191166967837752,1.0,2024-03,Q1 2024
Gables Vinings Village,2024-03-26,2.4484630890611245,0.8983050847457628,2.1994668427159256,1.0,2024-03,Q1 2024
Gables Vinings Village,2024-03-27,2.4484630890611245,0.8983050847457628,2.1994668427159256,1.0,2024-03,Q1 2024
Gables Vinings Village,2024-03-28,2.4484630890611245,0.8983050847457628,2.1994668427159256,1.0,2024-03,Q1 2024
Gables Vinings Village,2024-03-29,2.4484630890611245,0.8949152542372881,2.191166967837752,1.0,2024-03,Q1 2024
Gables Vinings Village,2024-03-30,2.4484630890611245,0.8949152542372881,2.191166967837752,1.0,2024-03,Q1 2024
Gables Vinings Village,2024-03-31,2.4484630890611245,0.8949152542372881,2.191166967837752,1.0,2024-03,Q1 2024
Gables Vinings Village,2024-04-01,2.4559938091883606,0.8949152542372881,2.1979063241550074,1.0,2024-04,Q2 2024
Gables Vinings Village,2024-04-02,2.4559938091883606,0.8983050847457628,2.206231726898019,1.0,2024-04,Q2 2024
Gables Vinings Village,2024-04-03,2.4559938091883606,0.8949152542372881,2.1979063241550074,1.0,2024-04,Q2 2024
Gables Vinings Village,2024-04-04,2.4559938091883606,0.8949152542372881,2.1979063241550074,1.0,2024-04,Q2 2024
Gables Vinings Village,2024-04-05,2.4559938091883606,0.8949152542372881,2.1979063241550074,1.0,2024-04,Q2 2024
Gables Vinings Village,2024-04-06,2.4559938091883606,0.8949152542372881,2.1979063241550074,1.0,2024-04,Q2 2024
Gables Vinings Village,2024-04-07,2.4559938091883606,0.8949152542372881,2.1979063241550074,1.0,2024-04,Q2 2024
Gables Vinings Village,2024-04-08,2.458396522803037,0.8949152542372881,2.2000565492203448,1.0,2024-04,Q2 2024
Gables Vinings Village,2024-04-09,2.458396522803037,0.9016949152542373,2.216723644290196,1.0,2024-04,Q2 2024
Gables Vinings Village,2024-04-10,2.458396522803037,0.888135593220339,2.1833894541504937,1.0,2024-04,Q2 2024
Gables Vinings Village,2024-04-11,2.4631330676208054,0.888135593220339,2.1875961481920374,1.0,2024-04,Q2 2024
Gables Vinings Village,2024-04-12,2.4725740249352715,0.8847457627118644,2.1875993915529013,1.0,2024-04,Q2 2024
Gables Vinings Village,2024-04-13,2.4725740249352715,0.888135593220339,2.1959809984170886,1.0,2024-04,Q2 2024
Gables Vinings Village,2024-04-14,2.4725740249352715,0.8813559322033898,2.179217784688714,1.0,2024-04,Q2 2024
Gables Vinings Village,2024-04-15,2.4725740249352715,0.8813559322033898,2.179217784688714,1.0,2024-04,Q2 2024
Gables Vinings Village,2024-04-16,2.4725740249352715,0.8813559322033898,2.179217784688714,1.0,2024-04,Q2 2024
Gables Vinings Village,2024-04-17,2.4725740249352715,0.8711864406779661,2.154072964096152,1.0,2024-04,Q2 2024
Gables Vinings Village,2024-04-18,2.4766547543483766,0.8677966101694915,2.1492326003836757,1.0,2024-04,Q2 2024
Gables Vinings Village,2024-04-19,2.4766547543483766,0.8711864406779661,2.157628040228925,1.0,2024-04,Q2 2024
Gables Vinings Village,2024-04-20,2.4766547543483766,0.8711864406779661,2.157628040228925,1.0,2024-04,Q2 2024
Gables Vinings Village,2024-04-21,2.4766547543483766,0.8677966101694915,2.1492326003836757,1.0,2024-04,Q2 2024
Gables Vinings Village,2024-04-22,2.4766547543483766,0.8677966101694915,2.1492326003836757,1.0,2024-04,Q2 2024
Gables Vinings Village,2024-04-23,2.482337341447933,0.8677966101694915,2.1541639302056637,1.0,2024-04,Q2 2024
Gables Vinings Village,2024-04-24,2.482337341447933,0.8711864406779661,2.16257863305803,1.0,2024-04,Q2 2024
Gables Vinings Village,2024-04-25,2.482909296050994,0.8711864406779661,2.1630769121529,1.0,2024-04,Q2 2024
Gables Vinings Village,2024-04-26,2.482909296050994,0.8711864406779661,2.1630769121529,1.0,2024-04,Q2 2024
Gables Vinings Village,2024-04-27,2.482909296050994,0.8576271186440678,2.129410345426785,1.0,2024-04,Q2 2024
Gables Vinings Village,2024-04-28,2.485243755418457,0.8542372881355932,2.12298788598458,1.0,2024-04,Q2 2024
Gables Vinings Village,2024-04-29,2.48909096909266,0.8576271186440678,2.1347119158659082,1.0,2024-04,Q2 2024
Gables Vinings Village,2024-04-30,2.48909096909266,0.8610169491525423,2.143149512371307,1.0,2024-04,Q2 2024
Gables Vinings Village,2024-05-01,2.48909096909266,0.8610169491525423,2.143149512371307,1.0,2024-05,Q2 2024
Gables Vinings Village,2024-05-02,2.48909096909266,0.8610169491525423,2.143149512371307,1.0,2024-05,Q2 2024
Gables Vinings Village,2024-05-03,2.493182982852462,0.8610169491525423,2.1466728055746622,1.0,2024-05,Q2 2024
Gables Vinings Village,2024-05-04,2.493182982852462,0.8610169491525423,2.1466728055746622,1.0,2024-05,Q2 2024
Gables Vinings Village,2024-05-05,2.485504009280334,0.8576271186440678,2.1316356418573714,1.0,2024-05,Q2 2024
Gables Vinings Village,2024-05-06,2.485504009280334,0.8576271186440678,2.1316356418573714,1.0,2024-05,Q2 2024
Gables Vinings Village,2024-05-07,2.485504009280334,0.8576271186440678,2.1316356418573714,1.0,2024-05,Q2 2024
Gables Vinings Village,2024-05-08,2.485504009280334,0.8576271186440678,2.1316356418573714,1.0,2024-05,Q2 2024
Gables Vinings Village,2024-05-09,2.485504009280334,0.8576271186440678,2.1316356418573714,1.0,2024-05,Q2 2024
Gables Vinings Village,2024-05-10,2.485504009280334,0.8508474576271187,2.1147847672181825,1.0,2024-05,Q2 2024
Gables Vinings Village,2024-05-11,2.4863519625232646,0.8508474576271187,2.1155062460791165,1.0,2024-05,Q2 2024
Gables Vinings Village,2024-05-12,2.4863519625232646,0.8542372881355932,2.1239345578164834,1.0,2024-05,Q2 2024
Gables Vinings Village,2024-05-13,2.4863519625232646,0.8542372881355932,2.1239345578164834,1.0,2024-05,Q2 2024
Gables Vinings Village,2024-05-14,2.4933728841293954,0.8542372881355932,2.1299320908495174,1.0,2024-05,Q2 2024
Gables Vinings Village,2024-05-15,2.4933728841293954,0.8576271186440678,2.1383842023211423,1.0,2024-05,Q2 2024
Gables Vinings Village,2024-05-16,2.499372394187376,0.8576271186440678,2.1435295448454443,1.0,2024-05,Q2 2024
Gables Vinings Village,2024-05-17,2.499372394187376,0.8610169491525423,2.1520019936392996,1.0,2024-05,Q2 2024
Gables Vinings Village,2024-05-18,2.499372394187376,0.8610169491525423,2.1520019936392996,1.0,2024-05,Q2 2024
Gables Vinings Village,2024-05-19,2.499372394187376,0.8576271186440678,2.1435295448454443,1.0,2024-05,Q2 2024
Gables Vinings Village,2024-05-20,2.499372394187376,0.8576271186440678,2.1435295448454443,1.0,2024-05,Q2 2024
Gables Vinings Village,2024-05-21,2.4971498972936796,0.8508474576271187,2.124693641426148,1.0,2024-05,Q2 2024
Gables Vinings Village,2024-05-22,2.4949012355371933,0.8576271186440678,2.139694957935288,1.0,2024-05,Q2 2024
Gables Vinings Village,2024-05-23,2.49218675984383,0.8576271186440678,2.1373669499677592,1.0,2024-05,Q2 2024
Gables Vinings Village,2024-05-24,2.492731008571393,0.8677966101694915,2.1631835193026325,1.0,2024-05,Q2 2024
Gables Vinings Village,2024-05-25,2.4966854651307657,0.864406779661017,2.1581518427401534,1.0,2024-05,Q2 2024
Gables Vinings Village,2024-05-26,2.4966854651307657,0.8677966101694915,2.1666151832999185,1.0,2024-05,Q2 2024
Gables Vinings Village,2024-05-27,2.4966854651307657,0.8677966101694915,2.1666151832999185,1.0,2024-05,Q2 2024
Gables Vinings Village,2024-05-28,2.4976347439715245,0.8677966101694915,2.1674389642600347,1.0,2024-05,Q2 2024
Gables Vinings Village,2024-05-29,2.488417173322913,0.8542372881355932,2.1256987378894037,1.0,2024-05,Q2 2024
Gables Vinings Village,2024-05-30,2.488417173322913,0.8677966101694915,2.159439987697172,1.0,2024-05,Q2 2024
Gables Vinings Village,2024-05-31,2.488417173322913,0.864406779661017,2.15100467524523,1.0,2024-05,Q2 2024
Gables Vinings Village,2024-06-01,2.488063335794458,0.864406779661017,2.150698815686735,1.0,2024-06,Q2 2024
Gables Vinings Village,2024-06-02,2.488063335794458,0.8711864406779661,2.167567041692121,1.0,2024-06,Q2 2024
Gables Vinings Village,2024-06-03,2.488063335794458,0.8711864406779661,2.167567041692121,1.0,2024-06,Q2 2024
Gables Vinings Village,2024-06-04,2.488063335794458,0.8711864406779661,2.167567041692121,1.0,2024-06,Q2 2024
Gables Vinings Village,2024-06-05,2.4836562906293405,0.8711864406779661,2.1637276837008153,1.0,2024-06,Q2 2024
Gables Vinings Village,2024-06-06,2.4849557701671805,0.8711864406779661,2.16485977265412,1.0,2024-06,Q2 2024
Gables Vinings Village,2024-06-07,2.4849557701671805,0.8745762711864407,2.1732833515360426,1.0,2024-06,Q2 2024
Gables Vinings Village,2024-06-08,2.4849557701671805,0.8745762711864407,2.1732833515360426,1.0,2024-06,Q2 2024
Gables Vinings Village,2024-06-09,2.4814052353216844,0.8745762711864407,2.1701781380101512,1.0,2024-06,Q2 2024
Gables Vinings Village,2024-06-10,2.4871863008421276,0.8779661016949153,2.1836652607393594,1.0,2024-06,Q2 2024
Gables Vinings Village,2024-06-11,2.4871863008421276,0.8745762711864407,2.175234120736505,1.0,2024-06,Q2 2024
Gables Vinings Village,2024-06-12,2.4871863008421276,0.8745762711864407,2.175234120736505,1.0,2024-06,Q2 2024
Gables Vinings Village,2024-06-13,2.4883676140918407,0.8677966101694915,2.159396980364445,1.0,2024-06,Q2 2024
Gables Vinings Village,2024-06-14,2.491437625545966,0.8711864406779661,2.1705066771705535,1.0,2024-06,Q2 2024
Gables Vinings Village,2024-06-15,2.491437625545966,0.8779661016949153,2.187397779716628,1.0,2024-06,Q2 2024
Gables Vinings Village,2024-06-16,2.491437625545966,0.8779661016949153,2.187397779716628,1.0,2024-06,Q2 2024
Gables Vinings Village,2024-06-17,2.491437625545966,0.8779661016949153,2.187397779716628,1.0,2024-06,Q2 2024
Gables Vinings Village,2024-06-18,2.491437625545966,0.8745762711864407,2.1789522284435905,1.0,2024-06,Q2 2024
Gables Vinings Village,2024-06-19,2.4884616399580257,0.8745762711864407,2.1763495020649852,1.0,2024-06,Q2 2024
Gables Vinings Village,2024-06-20,2.4884616399580257,0.8779661016949153,2.184784965251284,1.0,2024-06,Q2 2024
Gables Vinings Village,2024-06-21,2.484779722655256,0.8779661016949153,2.181552366670208,1.0,2024-06,Q2 2024
Gables Vinings Village,2024-06-22,2.484779722655256,0.888135593220339,2.2068213130022953,1.0,2024-06,Q2 2024
Gables Vinings Village,2024-06-23,2.484779722655256,0.888135593220339,2.2068213130022953,1.0,2024-06,Q2 2024
Gables Vinings Village,2024-06-24,2.484779722655256,0.888135593220339,2.2068213130022953,1.0,2024-06,Q2 2024
Gables Vinings Village,2024-06-25,2.484779722655256,0.8813559322033898,2.1899753487809037,1.0,2024-06,Q2 2024
Gables Vinings Village,2024-06-26,2.4806377376005284,0.8813559322033898,2.1863247856818218,1.0,2024-06,Q2 2024
Gables Vinings Village,2024-06-27,2.4806377376005284,0.8847457627118644,2.194733727165213,1.0,2024-06,Q2 2024
Gables Vinings Village,2024-06-28,2.47698901127221,0.8779661016949153,2.174712386167805,1.0,2024-06,Q2 2024
Gables Vinings Village,2024-06-29,2.47698901127221,0.8813559322033898,2.1831089590873716,1.0,2024-06,Q2 2024
Gables Vinings Village,2024-06-30,2.47698901127221,0.8813559322033898,2.1831089590873716,1.0,2024-06,Q2 2024
Gables Vinings Village,2024-07-01,2.47698901127221,0.8813559322033898,2.1831089590873716,1.0,2024-07,Q3 2024
Gables Vinings Village,2024-07-02,2.47698901127221,0.8813559322033898,2.1831089590873716,1.0,2024-07,Q3 2024
Gables Vinings Village,2024-07-03,2.482615331327407,0.8779661016949153,2.1796521044535537,1.0,2024-07,Q3 2024
Gables Vinings Village,2024-07-04,2.482615331327407,0.8779661016949153,2.1796521044535537,1.0,2024-07,Q3 2024
Gables Vinings Village,2024-07-05,2.482615331327407,0.8779661016949153,2.1796521044535537,1.0,2024-07,Q3 2024
Gables Vinings Village,2024-07-06,2.482615331327407,0.8745762711864407,2.171236459262613,1.0,2024-07,Q3 2024
Gables Vinings Village,2024-07-07,2.4846750964495636,0.8711864406779661,2.1646152535170775,1.0,2024-07,Q3 2024
Gables Vinings Village,2024-07-08,2.4846750964495636,0.8745762711864407,2.1730378809626694,1.0,2024-07,Q3 2024
Gables Vinings Village,2024-07-09,2.4821516101595797,0.8745762711864407,2.1708308997327848,1.0,2024-07,Q3 2024
Gables Vinings Village,2024-07-10,2.4821516101595797,0.8847457627118644,2.19607311949712,1.0,2024-07,Q3 2024
Gables Vinings Village,2024-07-11,2.4821516101595797,0.8813559322033898,2.1876590462423415,1.0,2024-07,Q3 2024
Gables Vinings Village,2024-07-12,2.479904325536353,0.8779661016949153,2.17727193326751,1.0,2024-07,Q3 2024
Gables Vinings Village,2024-07-13,2.479904325536353,0.8813559322033898,2.185678388608311,1.0,2024-07,Q3 2024
Gables Vinings Village,2024-07-14,2.4762490874367376,0.8813559322033898,2.182456822825599,1.0,2024-07,Q3 2024
Gables Vinings Village,2024-07-15,2.4762490874367376,0.8847457627118644,2.1908508875287747,1.0,2024-07,Q3 2024
Gables Vinings Village,2024-07-16,2.4762490874367376,0.8847457627118644,2.1908508875287747,1.0,2024-07,Q3 2024
Gables Vinings Village,2024-07-17,2.472506388487368,0.8847457627118644,2.187539550492214,1.0,2024-07,Q3 2024
Gables Vinings Village,2024-07-18,2.472506388487368,0.888135593220339,2.1959209280803065,1.0,2024-07,Q3 2024
Gables Vinings Village,2024-07-19,2.472506388487368,0.888135593220339,2.1959209280803065,1.0,2024-07,Q3 2024
Gables Vinings Village,2024-07-20,2.4686056547184374,0.8813559322033898,2.175720238056928,1.0,2024-07,Q3 2024
Gables Vinings Village,2024-07-21,2.4686056547184374,0.888135593220339,2.1924565475804427,1.0,2024-07,Q3 2024
Gables Vinings Village,2024-07-22,2.4686056547184374,0.888135593220339,2.1924565475804427,1.0,2024-07,Q3 2024
Gables Vinings Village,2024-07-23,2.468729807148409,0.888135593220339,2.1925668117724855,1.0,2024-07,Q3 2024
Gables Vinings Village,2024-07-24,2.464476041215579,0.888135593220339,2.1887888908423108,1.0,2024-07,Q3 2024
Gables Vinings Village,2024-07-25,2.464476041215579,0.8813559322033898,2.172080578698476,1.0,2024-07,Q3 2024
Gables Vinings Village,2024-07-26,2.464476041215579,0.8813559322033898,2.172080578698476,1.0,2024-07,Q3 2024
Gables Vinings Village,2024-07-27,2.464476041215579,0.8813559322033898,2.172080578698476,1.0,2024-07,Q3 2024
Gables Vinings Village,2024-07-28,2.4616061729707983,0.8813559322033898,2.169551203296297,1.0,2024-07,Q3 2024
Gables Vinings Village,2024-07-29,2.4616061729707983,0.8847457627118644,2.1778956310012827,1.0,2024-07,Q3 2024
Gables Vinings Village,2024-07-30,2.4616061729707983,0.8847457627118644,2.1778956310012827,1.0,2024-07,Q3 2024
Gables Vinings Village,2024-07-31,2.4632958064210344,0.8813559322033898,2.1710403717609115,1.0,2024-07,Q3 2024
Gables Vinings Village,2024-08-01,2.4632958064210344,0.8847457627118644,2.179390527036915,1.0,2024-08,Q3 2024
Gables Vinings Village,2024-08-02,2.4632958064210344,0.8813559322033898,2.1710403717609115,1.0,2024-08,Q3 2024
Gables Vinings Village,2024-08-03,2.465069921543783,0.8813559322033898,2.1726039986487575,1.0,2024-08,Q3 2024
Gables Vinings Village,2024-08-04,2.465069921543783,0.8847457627118644,2.18096016787433,1.0,2024-08,Q3 2024
Gables Vinings Village,2024-08-05,2.465069921543783,0.8847457627118644,2.18096016787433,1.0,2024-08,Q3 2024
Gables Vinings Village,2024-08-06,2.465069921543783,0.8779661016949153,2.1642478294231857,1.0,2024-08,Q3 2024
Gables Vinings Village,2024-08-07,2.465069921543783,0.8779661016949153,2.1642478294231857,1.0,2024-08,Q3 2024
Gables Vinings Village,2024-08-08,2.470235732781541,0.8677966101694915,2.143662195227371,1.0,2024-08,Q3 2024
Gables Vinings Village,2024-08-09,2.4671628193463726,0.8745762711864407,2.1577220589537767,1.0,2024-08,Q3 2024
Gables Vinings Village,2024-08-10,2.470384847017848,0.8779661016949153,2.16891415382245,1.0,2024-08,Q3 2024
Gables Vinings Village,2024-08-11,2.470384847017848,0.8813559322033898,2.177288339744544,1.0,2024-08,Q3 2024
Gables Vinings Village,2024-08-12,2.470384847017848,0.8813559322033898,2.177288339744544,1.0,2024-08,Q3 2024
Gables Vinings Village,2024-08-13,2.470384847017848,0.8779661016949153,2.16891415382245,1.0,2024-08,Q3 2024
Gables Vinings Village,2024-08-14,2.4727689742887717,0.8779661016949153,2.1710073367484473,1.0,2024-08,Q3 2024
Gables Vinings Village,2024-08-15,2.4727689742887717,0.8813559322033898,2.1793896044579006,1.0,2024-08,Q3 2024
Gables Vinings Village,2024-08-16,2.4727689742887717,0.8813559322033898,2.1793896044579006,1.0,2024-08,Q3 2024
Gables Vinings Village,2024-08-17,2.4727689742887717,0.8813559322033898,2.1793896044579006,1.0,2024-08,Q3 2024
Gables Vinings Village,2024-08-18,2.4762733658288094,0.8779661016949153,2.1740840737276668,1.0,2024-08,Q3 2024
Gables Vinings Village,2024-08-19,2.4762733658288094,0.8813559322033898,2.1824782207304763,1.0,2024-08,Q3 2024
Gables Vinings Village,2024-08-20,2.477902051330147,0.8813559322033898,2.1839136723587735,1.0,2024-08,Q3 2024
Gables Vinings Village,2024-08-21,2.477902051330147,0.8813559322033898,2.1839136723587735,1.0,2024-08,Q3 2024
Gables Vinings Village,2024-08-22,2.480836447872393,0.8779661016949153,2.1780903050811857,1.0,2024-08,Q3 2024
Gables Vinings Village,2024-08-23,2.479666681517264,0.8779661016949153,2.177063289874479,1.0,2024-08,Q3 2024
Gables Vinings Village,2024-08-24,2.479666681517264,0.8813559322033898,2.1854689396423344,1.0,2024-08,Q3 2024
Gables Vinings Village,2024-08-25,2.479666681517264,0.8813559322033898,2.1854689396423344,1.0,2024-08,Q3 2024
Gables Vinings Village,2024-08-26,2.483521648801601,0.8813559322033898,2.1888665379268346,1.0,2024-08,Q3 2024
Gables Vinings Village,2024-08-27,2.4873202429215677,0.888135593220339,2.2090776394761042,1.0,2024-08,Q3 2024
Gables Vinings Village,2024-08-28,2.4873202429215677,0.8915254237288136,2.2175092335199063,1.0,2024-08,Q3 2024
Gables Vinings Village,2024-08-29,2.490187809805665,0.888135593220339,2.211624427691811,1.0,2024-08,Q3 2024
Gables Vinings Village,2024-08-30,2.490187809805665,0.8813559322033898,2.1947417984727893,1.0,2024-08,Q3 2024
Gables Vinings Village,2024-08-31,2.490187809805665,0.8779661016949153,2.186300483863279,1.0,2024-08,Q3 2024
Gables Vinings Village,2024-09-01,2.490187809805665,0.8779661016949153,2.186300483863279,1.0,2024-09,Q3 2024
Gables Vinings Village,2024-09-02,2.490187809805665,0.8779661016949153,2.186300483863279,1.0,2024-09,Q3 2024
Gables Vinings Village,2024-09-03,2.489915146446776,0.8779661016949153,2.186061094677,1.0,2024-09,Q3 2024
Gables Vinings Village,2024-09-04,2.489915146446776,0.8745762711864407,2.1776207043500615,1.0,2024-09,Q3 2024
Gables Vinings Village,2024-09-05,2.489915146446776,0.8745762711864407,2.1776207043500615,1.0,2024-09,Q3 2024
Gables Vinings Village,2024-09-06,2.490032002172014,0.8745762711864407,2.177722903594507,1.0,2024-09,Q3 2024
Gables Vinings Village,2024-09-07,2.4949429010309583,0.8779661016949153,2.190475292769553,1.0,2024-09,Q3 2024
Gables Vinings Village,2024-09-08,2.4949429010309583,0.8847457627118644,2.207390159895187,1.0,2024-09,Q3 2024
Gables Vinings Village,2024-09-09,2.4949429010309583,0.8847457627118644,2.207390159895187,1.0,2024-09,Q3 2024
Gables Vinings Village,2024-09-10,2.492576613105078,0.8847457627118644,2.2052965966794082,1.0,2024-09,Q3 2024
Gables Vinings Village,2024-09-11,2.492576613105078,0.8813559322033898,2.196847184431594,1.0,2024-09,Q3 2024
Gables Vinings Village,2024-09-12,2.489552636360947,0.8813559322033898,2.194181984589309,1.0,2024-09,Q3 2024
Gables Vinings Village,2024-09-13,2.489552636360947,0.8847457627118644,2.202621146068499,1.0,2024-09,Q3 2024
Gables Vinings Village,2024-09-14,2.489552636360947,0.8847457627118644,2.202621146068499,1.0,2024-09,Q3 2024
Gables Vinings Village,2024-09-15,2.4880492636252955,0.8813559322033898,2.19285697811043,1.0,2024-09,Q3 2024
Gables Vinings Village,2024-09-16,2.4880492636252955,0.8847457627118644,2.201291043410855,1.0,2024-09,Q3 2024
Gables Vinings Village,2024-09-17,2.4914429873019497,0.8847457627118644,2.2042936260535897,1.0,2024-09,Q3 2024
Gables Vinings Village,2024-09-18,2.4914429873019497,0.888135593220339,2.2127391955020705,1.0,2024-09,Q3 2024
Gables Vinings Village,2024-09-19,2.4900292511082673,0.8847457627118644,2.2030428289466366,1.0,2024-09,Q3 2024
Gables Vinings Village,2024-09-20,2.4900292511082673,0.8915254237288136,2.2199243831914384,1.0,2024-09,Q3 2024
Gables Vinings Village,2024-09-21,2.4900292511082673,0.888135593220339,2.2114836060690375,1.0,2024-09,Q3 2024
Gables Vinings Village,2024-09-22,2.4935092500065896,0.8847457627118644,2.206121743226169,1.0,2024-09,Q3 2024
Gables Vinings Village,2024-09-23,2.4935092500065896,0.888135593220339,2.214574316955005,1.0,2024-09,Q3 2024
Gables Vinings Village,2024-09-24,2.4924828888911734,0.8847457627118644,2.2052136745782924,1.0,2024-09,Q3 2024
Gables Vinings Village,2024-09-25,2.4924828888911734,0.888135593220339,2.2136627691169064,1.0,2024-09,Q3 2024
Gables Vinings Village,2024-09-26,2.4958845169116954,0.8847457627118644,2.2082232505557715,1.0,2024-09,Q3 2024
Gables Vinings Village,2024-09-27,2.4958845169116954,0.8847457627118644,2.2082232505557715,1.0,2024-09,Q3 2024
Gables Vinings Village,2024-09-28,2.4958845169116954,0.8847457627118644,2.2082232505557715,1.0,2024-09,Q3 2024
Gables Vinings Village,2024-09-29,2.4958845169116954,0.8847457627118644,2.2082232505557715,1.0,2024-09,Q3 2024
Gables Vinings Village,2024-09-30,2.493941602205768,0.8847457627118644,2.2065042650023914,1.0,2024-09,Q3 2024
Gables Vinings Village,2024-10-01,2.499906521229223,0.888135593220339,2.22025596122731,1.0,2024-10,Q4 2024
Gables Vinings Village,2024-10-02,2.499906521229223,0.8949152542372881,2.2372044800153046,1.0,2024-10,Q4 2024
Gables Vinings Village,2024-10-03,2.499906521229223,0.8847457627118644,2.2117817018333126,1.0,2024-10,Q4 2024
Gables Vinings Village,2024-10-04,2.499906521229223,0.8847457627118644,2.2117817018333126,1.0,2024-10,Q4 2024
Gables Vinings Village,2024-10-05,2.499906521229223,0.8847457627118644,2.2117817018333126,1.0,2024-10,Q4 2024
Gables Vinings Village,2024-10-06,2.495372654243004,0.8847457627118644,2.207770382228556,1.0,2024-10,Q4 2024
Gables Vinings Village,2024-10-07,2.495372654243004,0.8915254237288136,2.2246881629352884,1.0,2024-10,Q4 2024
Gables Vinings Village,2024-10-08,2.496262201353569,0.888135593220339,2.2170193110326615,1.0,2024-10,Q4 2024
Gables Vinings Village,2024-10-09,2.496262201353569,0.8915254237288136,2.225481216799962,1.0,2024-10,Q4 2024
Gables Vinings Village,2024-10-10,2.496262201353569,0.8915254237288136,2.225481216799962,1.0,2024-10,Q4 2024
Gables Vinings Village,2024-10-11,2.496262201353569,0.8915254237288136,2.225481216799962,1.0,2024-10,Q4 2024
Gables Vinings Village,2024-10-12,2.49474740709211,0.8915254237288136,2.2241307392041523,1.0,2024-10,Q4 2024
Gables Vinings Village,2024-10-13,2.49474740709211,0.8949152542372881,2.232587510075651,1.0,2024-10,Q4 2024
Gables Vinings Village,2024-10-14,2.49622058666295,0.8949152542372881,2.233905880945826,1.0,2024-10,Q4 2024
Gables Vinings Village,2024-10-15,2.49622058666295,0.8983050847457628,2.242367645646379,1.0,2024-10,Q4 2024
Gables Vinings Village,2024-10-16,2.4990286598100258,0.8983050847457628,2.244890152032735,1.0,2024-10,Q4 2024
Gables Vinings Village,2024-10-17,2.4990286598100258,0.9016949152542373,2.2533614356253113,1.0,2024-10,Q4 2024
Gables Vinings Village,2024-10-18,2.4990286598100258,0.9016949152542373,2.2533614356253113,1.0,2024-10,Q4 2024
Gables Vinings Village,2024-10-19,2.498505603487321,0.9016949152542373,2.252889798398737,1.0,2024-10,Q4 2024
Gables Vinings Village,2024-10-20,2.498505603487321,0.9050847457627118,2.261359308919033,1.0,2024-10,Q4 2024
Gables Vinings Village,2024-10-21,2.498505603487321,0.9050847457627118,2.261359308919033,1.0,2024-10,Q4 2024
Gables Vinings Village,2024-10-22,2.498505603487321,0.9016949152542373,2.252889798398737,1.0,2024-10,Q4 2024
Gables Vinings Village,2024-10-23,2.5014390748340793,0.8983050847457628,2.24705544010519,1.0,2024-10,Q4 2024
Gables Vinings Village,2024-10-24,2.5011887827331436,0.9016949152542373,2.2553092074814107,1.0,2024-10,Q4 2024
Gables Vinings Village,2024-10-25,2.499085090896305,0.9016949152542373,2.2534123192488718,1.0,2024-10,Q4 2024
Gables Vinings Village,2024-10-26,2.4982213690939172,0.9016949152542373,2.252633505691464,1.0,2024-10,Q4 2024
Gables Vinings Village,2024-10-27,2.4982213690939172,0.9050847457627118,2.261102052705342,1.0,2024-10,Q4 2024
Gables Vinings Village,2024-10-28,2.4982213690939172,0.9050847457627118,2.261102052705342,1.0,2024-10,Q4 2024
Gables Vinings Village,2024-10-29,2.497426119402222,0.9050847457627118,2.260382284340316,1.0,2024-10,Q4 2024
Gables Vinings Village,2024-10-30,2.4964831912700056,0.9050847457627118,2.2595288544714967,1.0,2024-10,Q4 2024
Gables Vinings Village,2024-10-31,2.4943728306226243,0.9152542372881356,2.2829853026037576,1.0,2024-10,Q4 2024
Gables Vinings Village,2024-11-01,2.4943728306226243,0.9186440677966101,2.2914408037245124,1.0,2024-11,Q4 2024
Gables Vinings Village,2024-11-02,2.4943728306226243,0.9186440677966101,2.2914408037245124,1.0,2024-11,Q4 2024
Gables Vinings Village,2024-11-03,2.4943728306226243,0.9186440677966101,2.2914408037245124,1.0,2024-11,Q4 2024
Gables Vinings Village,2024-11-04,2.4943728306226243,0.9186440677966101,2.2914408037245124,1.0,2024-11,Q4 2024
Gables Vinings Village,2024-11-05,2.4943728306226243,0.9186440677966101,2.2914408037245124,1.0,2024-11,Q4 2024
Gables Vinings Village,2024-11-06,2.4943728306226243,0.9186440677966101,2.2914408037245124,1.0,2024-11,Q4 2024
Gables Vinings Village,2024-11-07,2.4943728306226243,0.9186440677966101,2.2914408037245124,1.0,2024-11,Q4 2024
Gables Vinings Village,2024-11-08,2.4943728306226243,0.9186440677966101,2.2914408037245124,1.0,2024-11,Q4 2024
Gables Vinings Village,2024-11-09,2.4943728306226243,0.9186440677966101,2.2914408037245124,1.0,2024-11,Q4 2024
Gables Vinings Village,2024-11-10,2.49356477327604,0.9186440677966101,2.2906984866366336,1.0,2024-11,Q4 2024
Gables Vinings Village,2024-11-11,2.49356477327604,0.9220338983050848,2.299151248579942,1.0,2024-11,Q4 2024
Gables Vinings Village,2024-11-12,2.4928201156396854,0.9220338983050848,2.298464648996591,1.0,2024-11,Q4 2024
Gables Vinings Village,2024-11-13,2.491106054601477,0.9254237288135593,2.3053286539193327,1.0,2024-11,Q4 2024
Gables Vinings Village,2024-11-14,2.491106054601477,0.9288135593220339,2.313773081223067,1.0,2024-11,Q4 2024
Gables Vinings Village,2024-11-15,2.490910161911396,0.9220338983050848,2.2967036069149143,1.0,2024-11,Q4 2024
Gables Vinings Village,2024-11-16,2.490910161911396,0.9254237288135593,2.3051473701756304,1.0,2024-11,Q4 2024
Gables Vinings Village,2024-11-17,2.490910161911396,0.9254237288135593,2.3051473701756304,1.0,2024-11,Q4 2024
Gables Vinings Village,2024-11-18,2.490910161911396,0.9254237288135593,2.3051473701756304,1.0,2024-11,Q4 2024
Gables Vinings Village,2024-11-19,2.493903728379605,0.9254237288135593,2.307917687619092,1.0,2024-11,Q4 2024
Gables Vinings Village,2024-11-20,2.4910460441607443,0.9254237288135593,2.3052731188335023,1.0,2024-11,Q4 2024
Gables Vinings Village,2024-11-21,2.4910460441607443,0.9288135593220339,2.3137173427120135,1.0,2024-11,Q4 2024
Gables Vinings Village,2024-11-22,2.4910460441607443,0.9288135593220339,2.3137173427120135,1.0,2024-11,Q4 2024
Gables Vinings Village,2024-11-23,2.488590265663264,0.9288135593220339,2.3114363823448625,1.0,2024-11,Q4 2024
Gables Vinings Village,2024-11-24,2.488590265663264,0.9288135593220339,2.3114363823448625,1.0,2024-11,Q4 2024
Gables Vinings Village,2024-11-25,2.488590265663264,0.9288135593220339,2.3114363823448625,1.0,2024-11,Q4 2024
Gables Vinings Village,2024-11-26,2.49093155313171,0.9254237288135593,2.3051671661184976,1.0,2024-11,Q4 2024
Gables Vinings Village,2024-11-27,2.4879949881050614,0.9288135593220339,2.3108834804772433,1.0,2024-11,Q4 2024
Gables Vinings Village,2024-11-28,2.488278295214621,0.9322033898305084,2.319581461640748,1.0,2024-11,Q4 2024
Gables Vinings Village,2024-11-29,2.488278295214621,0.9389830508474576,2.3364511449981356,1.0,2024-11,Q4 2024
Gables Vinings Village,2024-11-30,2.488278295214621,0.9389830508474576,2.3364511449981356,1.0,2024-11,Q4 2024
Gables Vinings Village,2024-12-01,2.488278295214621,0.9389830508474576,2.3364511449981356,1.0,2024-12,Q4 2024
Gables Vinings Village,2024-12-02,2.488278295214621,0.9389830508474576,2.3364511449981356,1.0,2024-12,Q4 2024
Gables Vinings Village,2024-12-03,2.488278295214621,0.9389830508474576,2.3364511449981356,1.0,2024-12,Q4 2024
Gables Vinings Village,2024-12-04,2.488278295214621,0.9389830508474576,2.3364511449981356,1.0,2024-12,Q4 2024
Gables Vinings Village,2024-12-05,2.488278295214621,0.9389830508474576,2.3364511449981356,1.0,2024-12,Q4 2024
Gables Vinings Village,2024-12-06,2.488278295214621,0.9389830508474576,2.3364511449981356,1.0,2024-12,Q4 2024
Gables Vinings Village,2024-12-07,2.488278295214621,0.9389830508474576,2.3364511449981356,1.0,2024-12,Q4 2024
Gables Vinings Village,2024-12-08,2.488278295214621,0.9389830508474576,2.3364511449981356,1.0,2024-12,Q4 2024
Gables Vinings Village,2024-12-09,2.4867145681597997,0.9389830508474576,2.334982831797507,1.0,2024-12,Q4 2024
Gables Vinings Village,2024-12-10,2.4867145681597997,0.9423728813559322,2.3434123727065233,1.0,2024-12,Q4 2024
Gables Vinings Village,2024-12-11,2.4867145681597997,0.9423728813559322,2.3434123727065233,1.0,2024-12,Q4 2024
Gables Vinings Village,2024-12-12,2.4867145681597997,0.9423728813559322,2.3434123727065233,1.0,2024-12,Q4 2024
Gables Vinings Village,2024-12-13,2.4867145681597997,0.9423728813559322,2.3434123727065233,1.0,2024-12,Q4 2024
Gables Vinings Village,2024-12-14,2.4867145681597997,0.9423728813559322,2.3434123727065233,1.0,2024-12,Q4 2024
Gables Vinings Village,2024-12-15,2.4867145681597997,0.9423728813559322,2.3434123727065233,1.0,2024-12,Q4 2024
Gables Vinings Village,2024-12-16,2.4867145681597997,0.9423728813559322,2.3434123727065233,1.0,2024-12,Q4 2024
Gables Vinings Village,2024-12-17,2.4867145681597997,0.9423728813559322,2.3434123727065233,1.0,2024-12,Q4 2024
Gables Vinings Village,2024-12-18,2.488285404539198,0.9423728813559322,2.3448926863115154,1.0,2024-12,Q4 2024
Gables Vinings Village,2024-12-19,2.488285404539198,0.9491525423728814,2.3617624178677135,1.0,2024-12,Q4 2024
Gables Vinings Village,2024-12-20,2.488285404539198,0.9457627118644067,2.353327552089614,1.0,2024-12,Q4 2024
Gables Vinings Village,2024-12-21,2.4884591061198824,0.9457627118644067,2.3534918325676175,1.0,2024-12,Q4 2024
Gables Vinings Village,2024-12-22,2.4888611012066093,0.9491525423728814,2.3623088418232223,1.0,2024-12,Q4 2024
Gables Vinings Village,2024-12-23,2.4888611012066093,0.9525423728813559,2.3707456591154483,1.0,2024-12,Q4 2024
Gables Vinings Village,2024-12-24,2.4888611012066093,0.9491525423728814,2.3623088418232223,1.0,2024-12,Q4 2024
Gables Vinings Village,2024-12-25,2.486046328909392,0.9491525423728814,2.359637193541118,1.0,2024-12,Q4 2024
Gables Vinings Village,2024-12-26,2.486046328909392,0.9525423728813559,2.368064469232336,1.0,2024-12,Q4 2024
Gables Vinings Village,2024-12-27,2.486046328909392,0.9525423728813559,2.368064469232336,1.0,2024-12,Q4 2024
Gables Vinings Village,2024-12-28,2.486046328909392,0.9525423728813559,2.368064469232336,1.0,2024-12,Q4 2024
Gables Vinings Village,2024-12-29,2.485909153363145,0.9525423728813559,2.367933803712013,1.0,2024-12,Q4 2024
Gables Vinings Village,2024-12-30,2.485909153363145,0.9559322033898305,2.3763606144013796,1.0,2024-12,Q4 2024
Gables Vinings Village,2024-12-31,2.485909153363145,0.9525423728813559,2.367933803712013,1.0,2024-12,Q4 2024
Gables Vinings Village,2025-01-01,2.485909153363145,0.9525423728813559,2.367933803712013,1.0,2025-01,Q1 2025
Gables Vinings Village,2025-01-02,2.485909153363145,0.9525423728813559,2.367933803712013,1.0,2025-01,Q1 2025
Gables Vinings Village,2025-01-03,2.485909153363145,0.9525423728813559,2.367933803712013,1.0,2025-01,Q1 2025
Gables Vinings Village,2025-01-04,2.485909153363145,0.9525423728813559,2.367933803712013,1.0,2025-01,Q1 2025
Gables Vinings Village,2025-01-05,2.4856348022706514,0.9525423728813559,2.3676724726713663,1.0,2025-01,Q1 2025
Gables Vinings Village,2025-01-06,2.4856348022706514,0.9559322033898305,2.3760983533570297,1.0,2025-01,Q1 2025
Gables Vinings Village,2025-01-07,2.485895297804953,0.9559322033898305,2.3763473694271076,1.0,2025-01,Q1 2025
Gables Vinings Village,2025-01-08,2.485895297804953,0.9559322033898305,2.3763473694271076,1.0,2025-01,Q1 2025
Gables Vinings Village,2025-01-09,2.485895297804953,0.9559322033898305,2.3763473694271076,1.0,2025-01,Q1 2025
Gables Vinings Village,2025-01-10,2.4875274466174346,0.9559322033898305,2.3779075930376834,1.0,2025-01,Q1 2025
Gables Vinings Village,2025-01-11,2.4875274466174346,0.9593220338983051,2.386339889466895,1.0,2025-01,Q1 2025
Gables Vinings Village,2025-01-12,2.4875274466174346,0.9593220338983051,2.386339889466895,1.0,2025-01,Q1 2025
Gables Vinings Village,2025-01-13,2.4875274466174346,0.9593220338983051,2.386339889466895,1.0,2025-01,Q1 2025
Gables Vinings Village,2025-01-14,2.4859001998436225,0.9593220338983051,2.384778835782187,1.0,2025-01,Q1 2025
Gables Vinings Village,2025-01-15,2.4859001998436225,0.9661016949152542,2.401632396459093,1.0,2025-01,Q1 2025
Gables Vinings Village,2025-01-16,2.4859001998436225,0.9627118644067797,2.39320561612064,1.0,2025-01,Q1 2025
Gables Vinings Village,2025-01-17,2.4859001998436225,0.9593220338983051,2.384778835782187,1.0,2025-01,Q1 2025
Gables Vinings Village,2025-01-18,2.4859001998436225,0.9525423728813559,2.367925275105281,1.0,2025-01,Q1 2025
Gables Vinings Village,2025-01-19,2.483851092600832,0.9491525423728814,2.357553579417739,1.0,2025-01,Q1 2025
Gables Vinings Village,2025-01-20,2.483851092600832,0.9525423728813559,2.365973413629945,1.0,2025-01,Q1 2025
Gables Vinings Village,2025-01-21,2.483851092600832,0.9525423728813559,2.365973413629945,1.0,2025-01,Q1 2025
Gables Vinings Village,2025-01-22,2.483270512215374,0.9525423728813559,2.3654203862119325,1.0,2025-01,Q1 2025
Gables Vinings Village,2025-01-23,2.483270512215374,0.9559322033898305,2.3738382523550356,1.0,2025-01,Q1 2025
Gables Vinings Village,2025-01-24,2.483270512215374,0.9559322033898305,2.3738382523550356,1.0,2025-01,Q1 2025
Gables Vinings Village,2025-01-25,2.483270512215374,0.9559322033898305,2.3738382523550356,1.0,2025-01,Q1 2025
Gables Vinings Village,2025-01-26,2.483270512215374,0.9559322033898305,2.3738382523550356,1.0,2025-01,Q1 2025
Gables Vinings Village,2025-01-27,2.483270512215374,0.9559322033898305,2.3738382523550356,1.0,2025-01,Q1 2025
Gables Vinings Village,2025-01-28,2.4865674805395237,0.9525423728813559,2.3685608882427327,1.0,2025-01,Q1 2025
Gables Vinings Village,2025-01-29,2.4865674805395237,0.9491525423728814,2.360131845935819,1.0,2025-01,Q1 2025
Gables Vinings Village,2025-01-30,2.4865674805395237,0.9491525423728814,2.360131845935819,1.0,2025-01,Q1 2025
Gables Vinings Village,2025-01-31,2.48996985338334,0.9491525423728814,2.363361216770628,1.0,2025-01,Q1 2025
Gables Vinings Village,2025-02-01,2.48996985338334,0.9491525423728814,2.363361216770628,1.0,2025-02,Q1 2025
Gables Vinings Village,2025-02-02,2.48996985338334,0.9491525423728814,2.363361216770628,1.0,2025-02,Q1 2025
Gables Vinings Village,2025-02-03,2.48996985338334,0.9491525423728814,2.363361216770628,1.0,2025-02,Q1 2025
Gables Vinings Village,2025-02-04,2.48996985338334,0.9491525423728814,2.363361216770628,1.0,2025-02,Q1 2025
Gables Vinings Village,2025-02-05,2.48996985338334,0.9491525423728814,2.363361216770628,1.0,2025-02,Q1 2025
Gables Vinings Village,2025-02-06,2.4893856290490213,0.9491525423728814,2.3628066987583933,1.0,2025-02,Q1 2025
Gables Vinings Village,2025-02-07,2.4893856290490213,0.9491525423728814,2.3628066987583933,1.0,2025-02,Q1 2025
Gables Vinings Village,2025-02-08,2.4893856290490213,0.9491525423728814,2.3628066987583933,1.0,2025-02,Q1 2025
Gables Vinings Village,2025-02-09,2.4893856290490213,0.9491525423728814,2.3628066987583933,1.0,2025-02,Q1 2025
Gables Vinings Village,2025-02-10,2.4893856290490213,0.9491525423728814,2.3628066987583933,1.0,2025-02,Q1 2025
Gables Vinings Village,2025-02-11,2.4893856290490213,0.9457627118644067,2.3543681034056845,1.0,2025-02,Q1 2025
Gables Vinings Village,2025-02-12,2.4893856290490213,0.9355932203389831,2.329052317347559,1.0,2025-02,Q1 2025
Gables Vinings Village,2025-02-13,2.4893856290490213,0.9322033898305084,2.3206137219948504,1.0,2025-02,Q1 2025
Gables Vinings Village,2025-02-14,2.4900286162738428,0.9322033898305084,2.3212131168654464,1.0,2025-02,Q1 2025
Gables Vinings Village,2025-02-15,2.4900286162738428,0.9355932203389831,2.3296538918358665,1.0,2025-02,Q1 2025
Gables Vinings Village,2025-02-16,2.4900286162738428,0.9322033898305084,2.3212131168654464,1.0,2025-02,Q1 2025
Gables Vinings Village,2025-02-17,2.4900286162738428,0.9322033898305084,2.3212131168654464,1.0,2025-02,Q1 2025
Gables Vinings Village,2025-02-18,2.4900286162738428,0.9322033898305084,2.3212131168654464,1.0,2025-02,Q1 2025
Gables Vinings Village,2025-02-19,2.4890704883655603,0.9322033898305084,2.3203199467814546,1.0,2025-02,Q1 2025
Gables Vinings Village,2025-02-20,2.489935140380352,0.9355932203389831,2.3295664364236512,1.0,2025-02,Q1 2025
Gables Vinings Village,2025-02-21,2.489935140380352,0.9389830508474576,2.3380068945266355,1.0,2025-02,Q1 2025
Gables Vinings Village,2025-02-22,2.489935140380352,0.9389830508474576,2.3380068945266355,1.0,2025-02,Q1 2025
Gables Vinings Village,2025-02-23,2.489696548037448,0.9389830508474576,2.337782860360587,1.0,2025-02,Q1 2025
Gables Vinings Village,2025-02-24,2.489696548037448,0.9491525423728814,2.3631018083067308,1.0,2025-02,Q1 2025
Gables Vinings Village,2025-02-25,2.489696548037448,0.9389830508474576,2.337782860360587,1.0,2025-02,Q1 2025
Gables Vinings Village,2025-02-26,2.489696548037448,0.9355932203389831,2.329343211045206,1.0,2025-02,Q1 2025
Gables Vinings Village,2025-02-27,2.489696548037448,0.9322033898305084,2.3209035617298244,1.0,2025-02,Q1 2025
Gables Vinings Village,2025-02-28,2.489696548037448,0.9322033898305084,2.3209035617298244,1.0,2025-02,Q1 2025
Gables Vinings Village,2025-03-01,2.4901337197419746,0.9322033898305084,2.321311094674722,1.0,2025-03,Q1 2025
Gables Vinings Village,2025-03-02,2.4901337197419746,0.9355932203389831,2.3297522259280847,1.0,2025-03,Q1 2025
Gables Vinings Village,2025-03-03,2.4901337197419746,0.9355932203389831,2.3297522259280847,1.0,2025-03,Q1 2025
Gables Vinings Village,2025-03-04,2.4901337197419746,0.9322033898305084,2.321311094674722,1.0,2025-03,Q1 2025
Gables Vinings Village,2025-03-05,2.4901337197419746,0.9322033898305084,2.321311094674722,1.0,2025-03,Q1 2025
Gables Vinings Village,2025-03-06,2.4901337197419746,0.9254237288135593,2.304428832167997,1.0,2025-03,Q1 2025
Gables Vinings Village,2025-03-07,2.4895536116484998,0.9220338983050848,2.2954528215877694,1.0,2025-03,Q1 2025
Gables Vinings Village,2025-03-08,2.4862363586017473,0.9254237288135593,2.3008221216890745,1.0,2025-03,Q1 2025
Gables Vinings Village,2025-03-09,2.4862363586017473,0.9288135593220339,2.309250041548742,1.0,2025-03,Q1 2025
Gables Vinings Village,2025-03-10,2.4862363586017473,0.9288135593220339,2.309250041548742,1.0,2025-03,Q1 2025
Gables Vinings Village,2025-03-11,2.4861694941511012,0.9288135593220339,2.309187936940345,1.0,2025-03,Q1 2025
Gables Vinings Village,2025-03-12,2.486303223052393,0.9288135593220339,2.3093121461571378,1.0,2025-03,Q1 2025
Gables Vinings Village,2025-03-13,2.486303223052393,0.9288135593220339,2.3093121461571378,1.0,2025-03,Q1 2025
Gables Vinings Village,2025-03-14,2.486303223052393,0.9288135593220339,2.3093121461571378,1.0,2025-03,Q1 2025
Gables Vinings Village,2025-03-15,2.486303223052393,0.9254237288135593,2.300883999638316,1.0,2025-03,Q1 2025
Gables Vinings Village,2025-03-16,2.486303223052393,0.9220338983050848,2.2924558531194945,1.0,2025-03,Q1 2025
Gables Vinings Village,2025-03-17,2.486303223052393,0.9220338983050848,2.2924558531194945,1.0,2025-03,Q1 2025
Gables Vinings Village,2025-03-18,2.485864581493267,0.9186440677966101,2.283624751134493,1.0,2025-03,Q1 2025
Gables Vinings Village,2025-03-19,2.485864581493267,0.9152542372881356,2.2751980915362107,1.0,2025-03,Q1 2025
Gables Vinings Village,2025-03-20,2.4860261862782083,0.9152542372881356,2.275346001000394,1.0,2025-03,Q1 2025
Gables Vinings Village,2025-03-21,2.4854259399341414,0.9186440677966101,2.2832217956683127,1.0,2025-03,Q1 2025
Gables Vinings Village,2025-03-22,2.4854259399341414,0.9220338983050848,2.291646968346056,1.0,2025-03,Q1 2025
Gables Vinings Village,2025-03-23,2.4854259399341414,0.9186440677966101,2.2832217956683127,1.0,2025-03,Q1 2025
Gables Vinings Village,2025-03-24,2.4854259399341414,0.9186440677966101,2.2832217956683127,1.0,2025-03,Q1 2025
Gables Vinings Village,2025-03-25,2.4841889475971937,0.9118644067796611,2.2652434810293056,1.0,2025-03,Q1 2025
Gables Vinings Village,2025-03-26,2.4841889475971937,0.9118644067796611,2.2652434810293056,1.0,2025-03,Q1 2025
Gables Vinings Village,2025-03-27,2.4841889475971937,0.9016949152542373,2.2399805425791643,1.0,2025-03,Q1 2025
Gables Vinings Village,2025-03-28,2.4844564053997766,0.8983050847457628,2.2317998217997994,1.0,2025-03,Q1 2025
Gables Vinings Village,2025-03-29,2.4844564053997766,0.9016949152542373,2.240221707919799,1.0,2025-03,Q1 2025
Gables Vinings Village,2025-03-30,2.4891011682279767,0.8983050847457628,2.23597223586581,1.0,2025-03,Q1 2025
Gables Vinings Village,2025-03-31,2.4891011682279767,0.9016949152542373,2.2444098669445482,1.0,2025-03,Q1 2025
Gables Vinings Village,2025-04-01,2.4891011682279767,0.8949152542372881,2.2275346047870705,1.0,2025-04,Q2 2025
Gables Vinings Village,2025-04-02,2.4901068623724423,0.8915254237288136,2.219993575606618,1.0,2025-04,Q2 2025
Gables Vinings Village,2025-04-03,2.488474473142176,0.8915254237288136,2.2185382591064147,1.0,2025-04,Q2 2025
Gables Vinings Village,2025-04-04,2.488474473142176,0.888135593220339,2.210102752417797,1.0,2025-04,Q2 2025
Gables Vinings Village,2025-04-05,2.488474473142176,0.888135593220339,2.210102752417797,1.0,2025-04,Q2 2025
Gables Vinings Village,2025-04-06,2.488474473142176,0.888135593220339,2.210102752417797,1.0,2025-04,Q2 2025
Gables Vinings Village,2025-04-07,2.489007498196957,0.888135593220339,2.210576150941026,1.0,2025-04,Q2 2025
Gables Vinings Village,2025-04-08,2.48908997229497,0.888135593220339,2.2106493991229903,1.0,2025-04,Q2 2025
Gables Vinings Village,2025-04-09,2.4916760429521676,0.8915254237288136,2.221392539987865,1.0,2025-04,Q2 2025
Gables Vinings Village,2025-04-10,2.492320177454987,0.8915254237288136,2.221966802273429,1.0,2025-04,Q2 2025
Gables Vinings Village,2025-04-11,2.492320177454987,0.8949152542372881,2.230415345247853,1.0,2025-04,Q2 2025
Gables Vinings Village,2025-04-12,2.492320177454987,0.8949152542372881,2.230415345247853,1.0,2025-04,Q2 2025
Gables Vinings Village,2025-04-13,2.5244206214926868,0.8949152542372881,2.259142522284981,1.0,2025-04,Q2 2025
The Elden Galleria,2023-10-06,2.570946093913127,0.8975265017667844,2.3074922539008274,1.0,2023-10,Q4 2023
The Elden Galleria,2023-10-07,2.570946093913127,0.901060070671378,2.3165768690736654,1.0,2023-10,Q4 2023
The Elden Galleria,2023-10-08,2.570946093913127,0.901060070671378,2.3165768690736654,1.0,2023-10,Q4 2023
The Elden Galleria,2023-10-09,2.570946093913127,0.901060070671378,2.3165768690736654,1.0,2023-10,Q4 2023
The Elden Galleria,2023-10-10,2.570946093913127,0.901060070671378,2.3165768690736654,1.0,2023-10,Q4 2023
The Elden Galleria,2023-10-11,2.5590268643453533,0.901060070671378,2.305836927236979,1.0,2023-10,Q4 2023
The Elden Galleria,2023-10-12,2.5590268643453533,0.9045936395759717,2.3148794249908495,1.0,2023-10,Q4 2023
The Elden Galleria,2023-10-13,2.5590268643453533,0.9045936395759717,2.3148794249908495,1.0,2023-10,Q4 2023
The Elden Galleria,2023-10-14,2.5590268643453533,0.9045936395759717,2.3148794249908495,1.0,2023-10,Q4 2023
The Elden Galleria,2023-10-15,2.5590268643453533,0.9045936395759717,2.3148794249908495,1.0,2023-10,Q4 2023
The Elden Galleria,2023-10-16,2.5590268643453533,0.9045936395759717,2.3148794249908495,1.0,2023-10,Q4 2023
The Elden Galleria,2023-10-17,2.5590268643453533,0.9045936395759717,2.3148794249908495,1.0,2023-10,Q4 2023
The Elden Galleria,2023-10-18,2.5590268643453533,0.9045936395759717,2.3148794249908495,1.0,2023-10,Q4 2023
The Elden Galleria,2023-10-19,2.528981278326661,0.9045936395759717,2.287700378981008,1.0,2023-10,Q4 2023
The Elden Galleria,2023-10-20,2.528981278326661,0.9081272084805654,2.296636708586403,1.0,2023-10,Q4 2023
The Elden Galleria,2023-10-21,2.528981278326661,0.9081272084805654,2.296636708586403,1.0,2023-10,Q4 2023
The Elden Galleria,2023-10-22,2.528981278326661,0.9081272084805654,2.296636708586403,1.0,2023-10,Q4 2023
The Elden Galleria,2023-10-23,2.528981278326661,0.9045936395759717,2.287700378981008,1.0,2023-10,Q4 2023
The Elden Galleria,2023-10-24,2.528981278326661,0.9045936395759717,2.287700378981008,1.0,2023-10,Q4 2023
The Elden Galleria,2023-10-25,2.528981278326661,0.9045936395759717,2.287700378981008,1.0,2023-10,Q4 2023
The Elden Galleria,2023-10-26,2.528981278326661,0.9045936395759717,2.287700378981008,1.0,2023-10,Q4 2023
The Elden Galleria,2023-10-27,2.528981278326661,0.9045936395759717,2.287700378981008,1.0,2023-10,Q4 2023
The Elden Galleria,2023-10-28,2.528981278326661,0.901060070671378,2.278764049375613,1.0,2023-10,Q4 2023
The Elden Galleria,2023-10-29,2.528981278326661,0.901060070671378,2.278764049375613,1.0,2023-10,Q4 2023
The Elden Galleria,2023-10-30,2.528981278326661,0.8975265017667844,2.269827719770219,1.0,2023-10,Q4 2023
The Elden Galleria,2023-10-31,2.528981278326661,0.8975265017667844,2.269827719770219,1.0,2023-10,Q4 2023
The Elden Galleria,2023-11-01,2.528981278326661,0.8939929328621908,2.2608913901648244,1.0,2023-11,Q4 2023
The Elden Galleria,2023-11-02,2.528981278326661,0.8904593639575972,2.2519550605594296,1.0,2023-11,Q4 2023
The Elden Galleria,2023-11-03,2.528981278326661,0.8904593639575972,2.2519550605594296,1.0,2023-11,Q4 2023
The Elden Galleria,2023-11-04,2.528981278326661,0.8904593639575972,2.2519550605594296,1.0,2023-11,Q4 2023
The Elden Galleria,2023-11-05,2.528981278326661,0.8904593639575972,2.2519550605594296,1.0,2023-11,Q4 2023
The Elden Galleria,2023-11-06,2.528981278326661,0.8904593639575972,2.2519550605594296,1.0,2023-11,Q4 2023
The Elden Galleria,2023-11-07,2.540835082673452,0.8904593639575972,2.2625103916385507,1.0,2023-11,Q4 2023
The Elden Galleria,2023-11-08,2.517832128468476,0.8939929328621908,2.2509241289841855,1.0,2023-11,Q4 2023
The Elden Galleria,2023-11-09,2.517832128468476,0.901060070671378,2.268717995616471,1.0,2023-11,Q4 2023
The Elden Galleria,2023-11-10,2.5117390124482943,0.8975265017667844,2.254352329193875,1.0,2023-11,Q4 2023
The Elden Galleria,2023-11-11,2.5117390124482943,0.8939929328621908,2.2454769263230334,1.0,2023-11,Q4 2023
The Elden Galleria,2023-11-12,2.5117390124482943,0.8869257950530035,2.2277261205813494,1.0,2023-11,Q4 2023
The Elden Galleria,2023-11-13,2.5117390124482943,0.8869257950530035,2.2277261205813494,1.0,2023-11,Q4 2023
The Elden Galleria,2023-11-14,2.5048949891572443,0.8869257950530035,2.2216559797825735,1.0,2023-11,Q4 2023
The Elden Galleria,2023-11-15,2.5048949891572443,0.8904593639575972,2.230507198825532,1.0,2023-11,Q4 2023
The Elden Galleria,2023-11-16,2.5048949891572443,0.8904593639575972,2.230507198825532,1.0,2023-11,Q4 2023
The Elden Galleria,2023-11-17,2.5048949891572443,0.8904593639575972,2.230507198825532,1.0,2023-11,Q4 2023
The Elden Galleria,2023-11-18,2.5048949891572443,0.8904593639575972,2.230507198825532,1.0,2023-11,Q4 2023
The Elden Galleria,2023-11-19,2.5048949891572443,0.8904593639575972,2.230507198825532,1.0,2023-11,Q4 2023
The Elden Galleria,2023-11-20,2.5048949891572443,0.8904593639575972,2.230507198825532,1.0,2023-11,Q4 2023
The Elden Galleria,2023-11-21,2.5048949891572443,0.8904593639575972,2.230507198825532,1.0,2023-11,Q4 2023
The Elden Galleria,2023-11-22,2.5048949891572443,0.8904593639575972,2.230507198825532,1.0,2023-11,Q4 2023
The Elden Galleria,2023-11-23,2.5048949891572443,0.8869257950530035,2.2216559797825735,1.0,2023-11,Q4 2023
The Elden Galleria,2023-11-24,2.5048949891572443,0.8869257950530035,2.2216559797825735,1.0,2023-11,Q4 2023
The Elden Galleria,2023-11-25,2.5048949891572443,0.8869257950530035,2.2216559797825735,1.0,2023-11,Q4 2023
The Elden Galleria,2023-11-26,2.5048949891572443,0.8869257950530035,2.2216559797825735,1.0,2023-11,Q4 2023
The Elden Galleria,2023-11-27,2.5048949891572443,0.88339222614841,2.212804760739615,1.0,2023-11,Q4 2023
The Elden Galleria,2023-11-28,2.496179475332963,0.88339222614841,2.205105543580356,1.0,2023-11,Q4 2023
The Elden Galleria,2023-11-29,2.496179475332963,0.8869257950530035,2.2139259657546773,1.0,2023-11,Q4 2023
The Elden Galleria,2023-11-30,2.496179475332963,0.8869257950530035,2.2139259657546773,1.0,2023-11,Q4 2023
The Elden Galleria,2023-12-01,2.496179475332963,0.8869257950530035,2.2139259657546773,1.0,2023-12,Q4 2023
The Elden Galleria,2023-12-02,2.4814201344646545,0.88339222614841,2.192067256594218,1.0,2023-12,Q4 2023
The Elden Galleria,2023-12-03,2.4814201344646545,0.8798586572438163,2.183298987567841,1.0,2023-12,Q4 2023
The Elden Galleria,2023-12-04,2.4814201344646545,0.8798586572438163,2.183298987567841,1.0,2023-12,Q4 2023
The Elden Galleria,2023-12-05,2.4814201344646545,0.8798586572438163,2.183298987567841,1.0,2023-12,Q4 2023
The Elden Galleria,2023-12-06,2.4916042603931285,0.8798586572438163,2.19225957893247,1.0,2023-12,Q4 2023
The Elden Galleria,2023-12-07,2.488582642710595,0.88339222614841,2.1983945606984054,1.0,2023-12,Q4 2023
The Elden Galleria,2023-12-08,2.485368558885997,0.88339222614841,2.1955552640335663,1.0,2023-12,Q4 2023
The Elden Galleria,2023-12-09,2.485368558885997,0.8869257950530035,2.2043374850897,1.0,2023-12,Q4 2023
The Elden Galleria,2023-12-10,2.485368558885997,0.8869257950530035,2.2043374850897,1.0,2023-12,Q4 2023
The Elden Galleria,2023-12-11,2.485368558885997,0.8869257950530035,2.2043374850897,1.0,2023-12,Q4 2023
The Elden Galleria,2023-12-12,2.485368558885997,0.8869257950530035,2.2043374850897,1.0,2023-12,Q4 2023
The Elden Galleria,2023-12-13,2.485368558885997,0.88339222614841,2.1955552640335663,1.0,2023-12,Q4 2023
The Elden Galleria,2023-12-14,2.485368558885997,0.88339222614841,2.1955552640335663,1.0,2023-12,Q4 2023
The Elden Galleria,2023-12-15,2.4957912680998278,0.8763250883392226,2.187124503493842,1.0,2023-12,Q4 2023
The Elden Galleria,2023-12-16,2.4957912680998278,0.8798586572438163,2.195943553911156,1.0,2023-12,Q4 2023
The Elden Galleria,2023-12-17,2.5036067486996965,0.8763250883392226,2.1939734052209356,1.0,2023-12,Q4 2023
The Elden Galleria,2023-12-18,2.5047453253493206,0.88339222614841,2.2126725488951595,1.0,2023-12,Q4 2023
The Elden Galleria,2023-12-19,2.5061153307258888,0.8869257950530035,2.22273833219858,1.0,2023-12,Q4 2023
The Elden Galleria,2023-12-20,2.5078021697573836,0.8904593639575972,2.2330959250136417,1.0,2023-12,Q4 2023
The Elden Galleria,2023-12-21,2.5093330656912545,0.901060070671378,2.2610598295097875,1.0,2023-12,Q4 2023
The Elden Galleria,2023-12-22,2.504406202417529,0.9081272084805654,2.274319413502844,1.0,2023-12,Q4 2023
The Elden Galleria,2023-12-23,2.504406202417529,0.9151943462897526,2.292018397265512,1.0,2023-12,Q4 2023
The Elden Galleria,2023-12-24,2.508320228408614,0.911660777385159,2.286737169361917,1.0,2023-12,Q4 2023
The Elden Galleria,2023-12-25,2.508320228408614,0.9151943462897526,2.2956004917237847,1.0,2023-12,Q4 2023
The Elden Galleria,2023-12-26,2.508320228408614,0.9151943462897526,2.2956004917237847,1.0,2023-12,Q4 2023
The Elden Galleria,2023-12-27,2.508320228408614,0.9151943462897526,2.2956004917237847,1.0,2023-12,Q4 2023
The Elden Galleria,2023-12-28,2.508320228408614,0.9151943462897526,2.2956004917237847,1.0,2023-12,Q4 2023
The Elden Galleria,2023-12-29,2.508320228408614,0.911660777385159,2.286737169361917,1.0,2023-12,Q4 2023
The Elden Galleria,2023-12-30,2.5131504520607084,0.911660777385159,2.291140694811529,1.0,2023-12,Q4 2023
The Elden Galleria,2023-12-31,2.5131504520607084,0.9187279151943463,2.3089014753914636,1.0,2023-12,Q4 2023
The Elden Galleria,2024-01-01,2.5131504520607084,0.9187279151943463,2.3089014753914636,1.0,2024-01,Q1 2024
The Elden Galleria,2024-01-02,2.5131504520607084,0.9187279151943463,2.3089014753914636,1.0,2024-01,Q1 2024
The Elden Galleria,2024-01-03,2.5131504520607084,0.9187279151943463,2.3089014753914636,1.0,2024-01,Q1 2024
The Elden Galleria,2024-01-04,2.5131504520607084,0.9187279151943463,2.3089014753914636,1.0,2024-01,Q1 2024
The Elden Galleria,2024-01-05,2.5131504520607084,0.911660777385159,2.291140694811529,1.0,2024-01,Q1 2024
The Elden Galleria,2024-01-06,2.5131504520607084,0.911660777385159,2.291140694811529,1.0,2024-01,Q1 2024
The Elden Galleria,2024-01-07,2.5131504520607084,0.911660777385159,2.291140694811529,1.0,2024-01,Q1 2024
The Elden Galleria,2024-01-08,2.5131504520607084,0.911660777385159,2.291140694811529,1.0,2024-01,Q1 2024
The Elden Galleria,2024-01-09,2.5131917019945873,0.9081272084805654,2.2822977647088654,1.0,2024-01,Q1 2024
The Elden Galleria,2024-01-10,2.5131917019945873,0.911660777385159,2.2911783007583164,1.0,2024-01,Q1 2024
The Elden Galleria,2024-01-11,2.5131917019945873,0.911660777385159,2.2911783007583164,1.0,2024-01,Q1 2024
The Elden Galleria,2024-01-12,2.5131917019945873,0.911660777385159,2.2911783007583164,1.0,2024-01,Q1 2024
The Elden Galleria,2024-01-13,2.5131917019945873,0.9081272084805654,2.2822977647088654,1.0,2024-01,Q1 2024
The Elden Galleria,2024-01-14,2.5131917019945873,0.9081272084805654,2.2822977647088654,1.0,2024-01,Q1 2024
The Elden Galleria,2024-01-15,2.5131917019945873,0.9081272084805654,2.2822977647088654,1.0,2024-01,Q1 2024
The Elden Galleria,2024-01-16,2.52250193352115,0.9081272084805654,2.2907526392753903,1.0,2024-01,Q1 2024
The Elden Galleria,2024-01-17,2.52250193352115,0.9045936395759717,2.2818392048813227,1.0,2024-01,Q1 2024
The Elden Galleria,2024-01-18,2.52250193352115,0.901060070671378,2.272925770487255,1.0,2024-01,Q1 2024
The Elden Galleria,2024-01-19,2.52250193352115,0.901060070671378,2.272925770487255,1.0,2024-01,Q1 2024
The Elden Galleria,2024-01-20,2.532664333053738,0.901060070671378,2.2820827029282795,1.0,2024-01,Q1 2024
The Elden Galleria,2024-01-21,2.532664333053738,0.9045936395759717,2.2910320468613317,1.0,2024-01,Q1 2024
The Elden Galleria,2024-01-22,2.532664333053738,0.9045936395759717,2.2910320468613317,1.0,2024-01,Q1 2024
The Elden Galleria,2024-01-23,2.5405254201888967,0.901060070671378,2.2891660146578396,1.0,2024-01,Q1 2024
The Elden Galleria,2024-01-24,2.5405254201888967,0.9045936395759717,2.298143136283949,1.0,2024-01,Q1 2024
The Elden Galleria,2024-01-25,2.5405254201888967,0.9045936395759717,2.298143136283949,1.0,2024-01,Q1 2024
The Elden Galleria,2024-01-26,2.5405254201888967,0.9045936395759717,2.298143136283949,1.0,2024-01,Q1 2024
The Elden Galleria,2024-01-27,2.5405254201888967,0.9045936395759717,2.298143136283949,1.0,2024-01,Q1 2024
The Elden Galleria,2024-01-28,2.5405254201888967,0.9045936395759717,2.298143136283949,1.0,2024-01,Q1 2024
The Elden Galleria,2024-01-29,2.5405254201888967,0.9045936395759717,2.298143136283949,1.0,2024-01,Q1 2024
The Elden Galleria,2024-01-30,2.550446333053442,0.9045936395759717,2.3071175309600043,1.0,2024-01,Q1 2024
The Elden Galleria,2024-01-31,2.550446333053442,0.9045936395759717,2.3071175309600043,1.0,2024-01,Q1 2024
The Elden Galleria,2024-02-01,2.550446333053442,0.8975265017667844,2.289093175249379,1.0,2024-02,Q1 2024
The Elden Galleria,2024-02-02,2.550446333053442,0.8939929328621908,2.2800809973940668,1.0,2024-02,Q1 2024
The Elden Galleria,2024-02-03,2.550446333053442,0.8939929328621908,2.2800809973940668,1.0,2024-02,Q1 2024
The Elden Galleria,2024-02-04,2.550446333053442,0.8904593639575972,2.2710688195387543,1.0,2024-02,Q1 2024
The Elden Galleria,2024-02-05,2.550446333053442,0.8869257950530035,2.2620566416834413,1.0,2024-02,Q1 2024
The Elden Galleria,2024-02-06,2.550446333053442,0.8869257950530035,2.2620566416834413,1.0,2024-02,Q1 2024
The Elden Galleria,2024-02-07,2.550446333053442,0.88339222614841,2.2530444638281293,1.0,2024-02,Q1 2024
The Elden Galleria,2024-02-08,2.550446333053442,0.8798586572438163,2.244032285972817,1.0,2024-02,Q1 2024
The Elden Galleria,2024-02-09,2.550446333053442,0.8763250883392226,2.2350201081175043,1.0,2024-02,Q1 2024
The Elden Galleria,2024-02-10,2.550446333053442,0.8763250883392226,2.2350201081175043,1.0,2024-02,Q1 2024
The Elden Galleria,2024-02-11,2.550446333053442,0.872791519434629,2.2260079302621913,1.0,2024-02,Q1 2024
The Elden Galleria,2024-02-12,2.550446333053442,0.872791519434629,2.2260079302621913,1.0,2024-02,Q1 2024
The Elden Galleria,2024-02-13,2.550446333053442,0.872791519434629,2.2260079302621913,1.0,2024-02,Q1 2024
The Elden Galleria,2024-02-14,2.550446333053442,0.872791519434629,2.2260079302621913,1.0,2024-02,Q1 2024
The Elden Galleria,2024-02-15,2.550446333053442,0.872791519434629,2.2260079302621913,1.0,2024-02,Q1 2024
The Elden Galleria,2024-02-16,2.550446333053442,0.872791519434629,2.2260079302621913,1.0,2024-02,Q1 2024
The Elden Galleria,2024-02-17,2.550446333053442,0.8692579505300353,2.216995752406879,1.0,2024-02,Q1 2024
The Elden Galleria,2024-02-18,2.550446333053442,0.8692579505300353,2.216995752406879,1.0,2024-02,Q1 2024
The Elden Galleria,2024-02-19,2.550446333053442,0.8657243816254416,2.2079835745515664,1.0,2024-02,Q1 2024
The Elden Galleria,2024-02-20,2.550446333053442,0.8657243816254416,2.2079835745515664,1.0,2024-02,Q1 2024
The Elden Galleria,2024-02-21,2.550446333053442,0.8657243816254416,2.2079835745515664,1.0,2024-02,Q1 2024
The Elden Galleria,2024-02-22,2.5409591572414287,0.8657243816254416,2.199770295138339,1.0,2024-02,Q1 2024
The Elden Galleria,2024-02-23,2.5409591572414287,0.8692579505300353,2.20874894940421,1.0,2024-02,Q1 2024
The Elden Galleria,2024-02-24,2.5409591572414287,0.8692579505300353,2.20874894940421,1.0,2024-02,Q1 2024
The Elden Galleria,2024-02-25,2.5409591572414287,0.8692579505300353,2.20874894940421,1.0,2024-02,Q1 2024
The Elden Galleria,2024-02-26,2.5409591572414287,0.8621908127208481,2.190791640872469,1.0,2024-02,Q1 2024
The Elden Galleria,2024-02-27,2.5409591572414287,0.8621908127208481,2.190791640872469,1.0,2024-02,Q1 2024
The Elden Galleria,2024-02-28,2.5409591572414287,0.8621908127208481,2.190791640872469,1.0,2024-02,Q1 2024
The Elden Galleria,2024-02-29,2.534628223035209,0.8586572438162544,2.176376884090303,1.0,2024-02,Q1 2024
The Elden Galleria,2024-03-01,2.526947919554205,0.8621908127208481,2.178711280463696,1.0,2024-03,Q1 2024
The Elden Galleria,2024-03-02,2.526947919554205,0.8657243816254416,2.1876404250557604,1.0,2024-03,Q1 2024
The Elden Galleria,2024-03-03,2.526947919554205,0.8621908127208481,2.178711280463696,1.0,2024-03,Q1 2024
The Elden Galleria,2024-03-04,2.526947919554205,0.8621908127208481,2.178711280463696,1.0,2024-03,Q1 2024
The Elden Galleria,2024-03-05,2.5203606946933284,0.8621908127208481,2.173031835707322,1.0,2024-03,Q1 2024
The Elden Galleria,2024-03-06,2.5203606946933284,0.8621908127208481,2.173031835707322,1.0,2024-03,Q1 2024
The Elden Galleria,2024-03-07,2.5203606946933284,0.8621908127208481,2.173031835707322,1.0,2024-03,Q1 2024
The Elden Galleria,2024-03-08,2.5203606946933284,0.8621908127208481,2.173031835707322,1.0,2024-03,Q1 2024
The Elden Galleria,2024-03-09,2.5203606946933284,0.8586572438162544,2.1641259675281934,1.0,2024-03,Q1 2024
The Elden Galleria,2024-03-10,2.5203606946933284,0.8586572438162544,2.1641259675281934,1.0,2024-03,Q1 2024
The Elden Galleria,2024-03-11,2.5203606946933284,0.8586572438162544,2.1641259675281934,1.0,2024-03,Q1 2024
The Elden Galleria,2024-03-12,2.5203606946933284,0.8586572438162544,2.1641259675281934,1.0,2024-03,Q1 2024
The Elden Galleria,2024-03-13,2.5203606946933284,0.8551236749116607,2.1552200993490653,1.0,2024-03,Q1 2024
The Elden Galleria,2024-03-14,2.5203606946933284,0.8551236749116607,2.1552200993490653,1.0,2024-03,Q1 2024
The Elden Galleria,2024-03-15,2.5203606946933284,0.8551236749116607,2.1552200993490653,1.0,2024-03,Q1 2024
The Elden Galleria,2024-03-16,2.5104775086392954,0.8551236749116607,2.1467687529707047,1.0,2024-03,Q1 2024
The Elden Galleria,2024-03-17,2.5163026282001377,0.8551236749116607,2.151749950616372,1.0,2024-03,Q1 2024
The Elden Galleria,2024-03-18,2.5163026282001377,0.8586572438162544,2.1606414793379276,1.0,2024-03,Q1 2024
The Elden Galleria,2024-03-19,2.5163026282001377,0.8586572438162544,2.1606414793379276,1.0,2024-03,Q1 2024
The Elden Galleria,2024-03-20,2.522738115944157,0.8586572438162544,2.1661673575068203,1.0,2024-03,Q1 2024
The Elden Galleria,2024-03-21,2.514289280161728,0.8621908127208481,2.167797117877956,1.0,2024-03,Q1 2024
The Elden Galleria,2024-03-22,2.512710667876182,0.8657243816254416,2.175314889150758,1.0,2024-03,Q1 2024
The Elden Galleria,2024-03-23,2.512710667876182,0.8692579505300353,2.184193725433006,1.0,2024-03,Q1 2024
The Elden Galleria,2024-03-24,2.512710667876182,0.8692579505300353,2.184193725433006,1.0,2024-03,Q1 2024
The Elden Galleria,2024-03-25,2.512710667876182,0.8692579505300353,2.184193725433006,1.0,2024-03,Q1 2024
The Elden Galleria,2024-03-26,2.512710667876182,0.8692579505300353,2.184193725433006,1.0,2024-03,Q1 2024
The Elden Galleria,2024-03-27,2.5192399680124127,0.8692579505300353,2.1898693714878217,1.0,2024-03,Q1 2024
The Elden Galleria,2024-03-28,2.525717153821242,0.8692579505300353,2.195499716749207,1.0,2024-03,Q1 2024
The Elden Galleria,2024-03-29,2.525717153821242,0.872791519434629,2.2044245123457484,1.0,2024-03,Q1 2024
The Elden Galleria,2024-03-30,2.525717153821242,0.872791519434629,2.2044245123457484,1.0,2024-03,Q1 2024
The Elden Galleria,2024-03-31,2.525717153821242,0.872791519434629,2.2044245123457484,1.0,2024-03,Q1 2024
The Elden Galleria,2024-04-01,2.525717153821242,0.872791519434629,2.2044245123457484,1.0,2024-04,Q2 2024
The Elden Galleria,2024-04-02,2.519422158544646,0.872791519434629,2.1989302938534543,1.0,2024-04,Q2 2024
The Elden Galleria,2024-04-03,2.5308823408397343,0.8763250883392226,2.2178756909125585,1.0,2024-04,Q2 2024
The Elden Galleria,2024-04-04,2.5308823408397343,0.8763250883392226,2.2178756909125585,1.0,2024-04,Q2 2024
The Elden Galleria,2024-04-05,2.5142839042579355,0.8763250883392226,2.203330064508721,1.0,2024-04,Q2 2024
The Elden Galleria,2024-04-06,2.5142839042579355,0.88339222614841,2.221098855351533,1.0,2024-04,Q2 2024
The Elden Galleria,2024-04-07,2.508269496694394,0.8798586572438163,2.2069226313671524,1.0,2024-04,Q2 2024
The Elden Galleria,2024-04-08,2.508269496694394,0.8798586572438163,2.2069226313671524,1.0,2024-04,Q2 2024
The Elden Galleria,2024-04-09,2.508269496694394,0.8798586572438163,2.2069226313671524,1.0,2024-04,Q2 2024
The Elden Galleria,2024-04-10,2.5002464871637886,0.872791519434629,2.1821939304927764,1.0,2024-04,Q2 2024
The Elden Galleria,2024-04-11,2.49437433653623,0.8763250883392226,2.1858828108162016,1.0,2024-04,Q2 2024
The Elden Galleria,2024-04-12,2.49437433653623,0.8763250883392226,2.1858828108162016,1.0,2024-04,Q2 2024
The Elden Galleria,2024-04-13,2.49437433653623,0.8763250883392226,2.1858828108162016,1.0,2024-04,Q2 2024
The Elden Galleria,2024-04-14,2.5017205764009702,0.8763250883392226,2.192320505114631,1.0,2024-04,Q2 2024
The Elden Galleria,2024-04-15,2.5017205764009702,0.8798586572438163,2.201160507151384,1.0,2024-04,Q2 2024
The Elden Galleria,2024-04-16,2.4962885783861495,0.8798586572438163,2.1963811166719127,1.0,2024-04,Q2 2024
The Elden Galleria,2024-04-17,2.4962885783861495,0.88339222614841,2.20520192436939,1.0,2024-04,Q2 2024
The Elden Galleria,2024-04-18,2.4962885783861495,0.88339222614841,2.20520192436939,1.0,2024-04,Q2 2024
The Elden Galleria,2024-04-19,2.4962885783861495,0.8798586572438163,2.1963811166719127,1.0,2024-04,Q2 2024
The Elden Galleria,2024-04-20,2.4991393283908216,0.8798586572438163,2.198889373743161,1.0,2024-04,Q2 2024
The Elden Galleria,2024-04-21,2.4991393283908216,0.88339222614841,2.20772025476221,1.0,2024-04,Q2 2024
The Elden Galleria,2024-04-22,2.4991393283908216,0.88339222614841,2.20772025476221,1.0,2024-04,Q2 2024
The Elden Galleria,2024-04-23,2.4991393283908216,0.88339222614841,2.20772025476221,1.0,2024-04,Q2 2024
The Elden Galleria,2024-04-24,2.5060446228917357,0.88339222614841,2.213820338243583,1.0,2024-04,Q2 2024
The Elden Galleria,2024-04-25,2.5060446228917357,0.88339222614841,2.213820338243583,1.0,2024-04,Q2 2024
The Elden Galleria,2024-04-26,2.506114344059445,0.88339222614841,2.2138819293811354,1.0,2024-04,Q2 2024
The Elden Galleria,2024-04-27,2.506114344059445,0.8904593639575972,2.231592984816184,1.0,2024-04,Q2 2024
The Elden Galleria,2024-04-28,2.506114344059445,0.8869257950530035,2.2227374570986598,1.0,2024-04,Q2 2024
The Elden Galleria,2024-04-29,2.506114344059445,0.8869257950530035,2.2227374570986598,1.0,2024-04,Q2 2024
The Elden Galleria,2024-04-30,2.5003088509259315,0.8869257950530035,2.2175884154855434,1.0,2024-04,Q2 2024
The Elden Galleria,2024-05-01,2.5003088509259315,0.8869257950530035,2.2175884154855434,1.0,2024-05,Q2 2024
The Elden Galleria,2024-05-02,2.5003088509259315,0.8869257950530035,2.2175884154855434,1.0,2024-05,Q2 2024
The Elden Galleria,2024-05-03,2.5003088509259315,0.88339222614841,2.2087534018780315,1.0,2024-05,Q2 2024
The Elden Galleria,2024-05-04,2.5003088509259315,0.88339222614841,2.2087534018780315,1.0,2024-05,Q2 2024
The Elden Galleria,2024-05-05,2.5003088509259315,0.8763250883392226,2.191083374663007,1.0,2024-05,Q2 2024
The Elden Galleria,2024-05-06,2.496119920342333,0.8692579505300353,2.1697720862339716,1.0,2024-05,Q2 2024
The Elden Galleria,2024-05-07,2.5065538122835056,0.8763250883392226,2.1965559909763583,1.0,2024-05,Q2 2024
The Elden Galleria,2024-05-08,2.5065538122835056,0.8904593639575972,2.231984313411461,1.0,2024-05,Q2 2024
The Elden Galleria,2024-05-09,2.5065538122835056,0.8904593639575972,2.231984313411461,1.0,2024-05,Q2 2024
The Elden Galleria,2024-05-10,2.5065538122835056,0.8798586572438163,2.205413071585134,1.0,2024-05,Q2 2024
The Elden Galleria,2024-05-11,2.5065538122835056,0.8798586572438163,2.205413071585134,1.0,2024-05,Q2 2024
The Elden Galleria,2024-05-12,2.500223944897259,0.8798586572438163,2.1998436829661396,1.0,2024-05,Q2 2024
The Elden Galleria,2024-05-13,2.493942229804988,0.88339222614841,2.203129178272958,1.0,2024-05,Q2 2024
The Elden Galleria,2024-05-14,2.493942229804988,0.88339222614841,2.203129178272958,1.0,2024-05,Q2 2024
The Elden Galleria,2024-05-15,2.490870553964388,0.8798586572438163,2.191614020979267,1.0,2024-05,Q2 2024
The Elden Galleria,2024-05-16,2.4952623215448706,0.8798586572438163,2.195478155705558,1.0,2024-05,Q2 2024
The Elden Galleria,2024-05-17,2.5014809057112055,0.88339222614841,2.2097887859639624,1.0,2024-05,Q2 2024
The Elden Galleria,2024-05-18,2.5014809057112055,0.8904593639575972,2.227467096251674,1.0,2024-05,Q2 2024
The Elden Galleria,2024-05-19,2.5050337254881674,0.8904593639575972,2.2306307378905235,1.0,2024-05,Q2 2024
The Elden Galleria,2024-05-20,2.4978990580789016,0.8939929328621908,2.233104104925661,1.0,2024-05,Q2 2024
The Elden Galleria,2024-05-21,2.4970896661241375,0.8975265017667844,2.241204152634385,1.0,2024-05,Q2 2024
The Elden Galleria,2024-05-22,2.4970896661241375,0.9045936395759717,2.2588514294267816,1.0,2024-05,Q2 2024
The Elden Galleria,2024-05-23,2.4957331441693347,0.901060070671378,2.2488054832621214,1.0,2024-05,Q2 2024
The Elden Galleria,2024-05-24,2.49283125720016,0.8975265017667844,2.237382117769755,1.0,2024-05,Q2 2024
The Elden Galleria,2024-05-25,2.494871184670305,0.8975265017667844,2.239213006735892,1.0,2024-05,Q2 2024
The Elden Galleria,2024-05-26,2.494871184670305,0.8939929328621908,2.2303972074967744,1.0,2024-05,Q2 2024
The Elden Galleria,2024-05-27,2.494871184670305,0.8939929328621908,2.2303972074967744,1.0,2024-05,Q2 2024
The Elden Galleria,2024-05-28,2.494871184670305,0.8939929328621908,2.2303972074967744,1.0,2024-05,Q2 2024
The Elden Galleria,2024-05-29,2.5039329795236465,0.8904593639575972,2.2296505683390775,1.0,2024-05,Q2 2024
The Elden Galleria,2024-05-30,2.5039329795236465,0.9045936395759717,2.2650418472016023,1.0,2024-05,Q2 2024
The Elden Galleria,2024-05-31,2.5039329795236465,0.9045936395759717,2.2650418472016023,1.0,2024-05,Q2 2024
The Elden Galleria,2024-06-01,2.5039329795236465,0.9045936395759717,2.2650418472016023,1.0,2024-06,Q2 2024
The Elden Galleria,2024-06-02,2.5039329795236465,0.901060070671378,2.256194027485971,1.0,2024-06,Q2 2024
The Elden Galleria,2024-06-03,2.5039329795236465,0.901060070671378,2.256194027485971,1.0,2024-06,Q2 2024
The Elden Galleria,2024-06-04,2.50684125171674,0.901060070671378,2.2588145554338115,1.0,2024-06,Q2 2024
The Elden Galleria,2024-06-05,2.504360808235432,0.901060070671378,2.2565795268552478,1.0,2024-06,Q2 2024
The Elden Galleria,2024-06-06,2.504360808235432,0.9045936395759717,2.2654288583331117,1.0,2024-06,Q2 2024
The Elden Galleria,2024-06-07,2.5056230537176987,0.9045936395759717,2.2665706775679535,1.0,2024-06,Q2 2024
The Elden Galleria,2024-06-08,2.5056230537176987,0.9081272084805654,2.2754244692772034,1.0,2024-06,Q2 2024
The Elden Galleria,2024-06-09,2.5090410332475757,0.9081272084805654,2.278528429486314,1.0,2024-06,Q2 2024
The Elden Galleria,2024-06-10,2.5090410332475757,0.911660777385159,2.2873942988617477,1.0,2024-06,Q2 2024
The Elden Galleria,2024-06-11,2.5090410332475757,0.9045936395759717,2.269662560110881,1.0,2024-06,Q2 2024
The Elden Galleria,2024-06-12,2.5090410332475757,0.9045936395759717,2.269662560110881,1.0,2024-06,Q2 2024
The Elden Galleria,2024-06-13,2.513770957509826,0.9045936395759717,2.273941219514189,1.0,2024-06,Q2 2024
The Elden Galleria,2024-06-14,2.513770957509826,0.9187279151943463,2.309471551069098,1.0,2024-06,Q2 2024
The Elden Galleria,2024-06-15,2.513770957509826,0.9187279151943463,2.309471551069098,1.0,2024-06,Q2 2024
The Elden Galleria,2024-06-16,2.513770957509826,0.9187279151943463,2.309471551069098,1.0,2024-06,Q2 2024
The Elden Galleria,2024-06-17,2.513770957509826,0.9081272084805654,2.282823802402916,1.0,2024-06,Q2 2024
The Elden Galleria,2024-06-18,2.515880903629627,0.9081272084805654,2.2847399018827352,1.0,2024-06,Q2 2024
The Elden Galleria,2024-06-19,2.515880903629627,0.911660777385159,2.293629940411462,1.0,2024-06,Q2 2024
The Elden Galleria,2024-06-20,2.515880903629627,0.911660777385159,2.293629940411462,1.0,2024-06,Q2 2024
The Elden Galleria,2024-06-21,2.515880903629627,0.911660777385159,2.293629940411462,1.0,2024-06,Q2 2024
The Elden Galleria,2024-06-22,2.519504541848595,0.9045936395759717,2.2791277834390113,1.0,2024-06,Q2 2024
The Elden Galleria,2024-06-23,2.519504541848595,0.9081272084805654,2.2880306263430703,1.0,2024-06,Q2 2024
The Elden Galleria,2024-06-24,2.521801675862311,0.9081272084805654,2.290116716242452,1.0,2024-06,Q2 2024
The Elden Galleria,2024-06-25,2.5168957338038718,0.9151943462897526,2.3034487457781014,1.0,2024-06,Q2 2024
The Elden Galleria,2024-06-26,2.5168957338038718,0.9151943462897526,2.3034487457781014,1.0,2024-06,Q2 2024
The Elden Galleria,2024-06-27,2.5168957338038718,0.9151943462897526,2.3034487457781014,1.0,2024-06,Q2 2024
The Elden Galleria,2024-06-28,2.5218862943489624,0.9151943462897526,2.308016078573785,1.0,2024-06,Q2 2024
The Elden Galleria,2024-06-29,2.522244401715647,0.9151943462897526,2.30834381641114,1.0,2024-06,Q2 2024
The Elden Galleria,2024-06-30,2.522244401715647,0.9187279151943463,2.317256340798828,1.0,2024-06,Q2 2024
The Elden Galleria,2024-07-01,2.522244401715647,0.9187279151943463,2.317256340798828,1.0,2024-07,Q3 2024
The Elden Galleria,2024-07-02,2.5211853640221844,0.9151943462897526,2.307374591101575,1.0,2024-07,Q3 2024
The Elden Galleria,2024-07-03,2.525753227569222,0.9187279151943463,2.3204799970600627,1.0,2024-07,Q3 2024
The Elden Galleria,2024-07-04,2.525753227569222,0.9222614840989399,2.329404920125678,1.0,2024-07,Q3 2024
The Elden Galleria,2024-07-05,2.525753227569222,0.9222614840989399,2.329404920125678,1.0,2024-07,Q3 2024
The Elden Galleria,2024-07-06,2.5308615872620974,0.9222614840989399,2.334116163517341,1.0,2024-07,Q3 2024
The Elden Galleria,2024-07-07,2.5308615872620974,0.9257950530035336,2.3430591373239205,1.0,2024-07,Q3 2024
The Elden Galleria,2024-07-08,2.5308615872620974,0.9257950530035336,2.3430591373239205,1.0,2024-07,Q3 2024
The Elden Galleria,2024-07-09,2.5308615872620974,0.9222614840989399,2.334116163517341,1.0,2024-07,Q3 2024
The Elden Galleria,2024-07-10,2.5308615872620974,0.9222614840989399,2.334116163517341,1.0,2024-07,Q3 2024
The Elden Galleria,2024-07-11,2.5308615872620974,0.9222614840989399,2.334116163517341,1.0,2024-07,Q3 2024
The Elden Galleria,2024-07-12,2.5308615872620974,0.9187279151943463,2.325173189710761,1.0,2024-07,Q3 2024
The Elden Galleria,2024-07-13,2.5256346441053994,0.9187279151943463,2.3203710511215685,1.0,2024-07,Q3 2024
The Elden Galleria,2024-07-14,2.5256346441053994,0.9222614840989399,2.3292955551643435,1.0,2024-07,Q3 2024
The Elden Galleria,2024-07-15,2.5256346441053994,0.9222614840989399,2.3292955551643435,1.0,2024-07,Q3 2024
The Elden Galleria,2024-07-16,2.5256346441053994,0.9151943462897526,2.311446547078793,1.0,2024-07,Q3 2024
The Elden Galleria,2024-07-17,2.5256346441053994,0.9151943462897526,2.311446547078793,1.0,2024-07,Q3 2024
The Elden Galleria,2024-07-18,2.5256346441053994,0.9151943462897526,2.311446547078793,1.0,2024-07,Q3 2024
The Elden Galleria,2024-07-19,2.5256346441053994,0.9151943462897526,2.311446547078793,1.0,2024-07,Q3 2024
The Elden Galleria,2024-07-20,2.5256346441053994,0.9151943462897526,2.311446547078793,1.0,2024-07,Q3 2024
The Elden Galleria,2024-07-21,2.5256346441053994,0.9151943462897526,2.311446547078793,1.0,2024-07,Q3 2024
The Elden Galleria,2024-07-22,2.5256346441053994,0.9151943462897526,2.311446547078793,1.0,2024-07,Q3 2024
The Elden Galleria,2024-07-23,2.5206052259408027,0.9151943462897526,2.306843652009427,1.0,2024-07,Q3 2024
The Elden Galleria,2024-07-24,2.5206052259408027,0.9151943462897526,2.306843652009427,1.0,2024-07,Q3 2024
The Elden Galleria,2024-07-25,2.5206052259408027,0.9151943462897526,2.306843652009427,1.0,2024-07,Q3 2024
The Elden Galleria,2024-07-26,2.5206052259408027,0.9151943462897526,2.306843652009427,1.0,2024-07,Q3 2024
The Elden Galleria,2024-07-27,2.5206052259408027,0.9151943462897526,2.306843652009427,1.0,2024-07,Q3 2024
The Elden Galleria,2024-07-28,2.5206052259408027,0.9151943462897526,2.306843652009427,1.0,2024-07,Q3 2024
The Elden Galleria,2024-07-29,2.5206052259408027,0.9151943462897526,2.306843652009427,1.0,2024-07,Q3 2024
The Elden Galleria,2024-07-30,2.5206052259408027,0.911660777385159,2.2979369197622868,1.0,2024-07,Q3 2024
The Elden Galleria,2024-07-31,2.5206052259408027,0.9045936395759717,2.280123455268005,1.0,2024-07,Q3 2024
The Elden Galleria,2024-08-01,2.5206052259408027,0.9045936395759717,2.280123455268005,1.0,2024-08,Q3 2024
The Elden Galleria,2024-08-02,2.5206052259408027,0.9045936395759717,2.280123455268005,1.0,2024-08,Q3 2024
The Elden Galleria,2024-08-03,2.5206052259408027,0.9045936395759717,2.280123455268005,1.0,2024-08,Q3 2024
The Elden Galleria,2024-08-04,2.5206052259408027,0.9045936395759717,2.280123455268005,1.0,2024-08,Q3 2024
The Elden Galleria,2024-08-05,2.5206052259408027,0.9045936395759717,2.280123455268005,1.0,2024-08,Q3 2024
The Elden Galleria,2024-08-06,2.5206052259408027,0.9045936395759717,2.280123455268005,1.0,2024-08,Q3 2024
The Elden Galleria,2024-08-07,2.528248894808663,0.9045936395759717,2.2870378695088966,1.0,2024-08,Q3 2024
The Elden Galleria,2024-08-08,2.528248894808663,0.911660777385159,2.304905352864435,1.0,2024-08,Q3 2024
The Elden Galleria,2024-08-09,2.528248894808663,0.9081272084805654,2.295971611186666,1.0,2024-08,Q3 2024
The Elden Galleria,2024-08-10,2.528248894808663,0.9081272084805654,2.295971611186666,1.0,2024-08,Q3 2024
The Elden Galleria,2024-08-11,2.528248894808663,0.9081272084805654,2.295971611186666,1.0,2024-08,Q3 2024
The Elden Galleria,2024-08-12,2.528248894808663,0.9081272084805654,2.295971611186666,1.0,2024-08,Q3 2024
The Elden Galleria,2024-08-13,2.528248894808663,0.9045936395759717,2.2870378695088966,1.0,2024-08,Q3 2024
The Elden Galleria,2024-08-14,2.528248894808663,0.901060070671378,2.2781041278311274,1.0,2024-08,Q3 2024
The Elden Galleria,2024-08-15,2.528248894808663,0.8939929328621908,2.2602366444755893,1.0,2024-08,Q3 2024
The Elden Galleria,2024-08-16,2.528248894808663,0.8904593639575972,2.2513029027978204,1.0,2024-08,Q3 2024
The Elden Galleria,2024-08-17,2.526239038498793,0.8869257950530035,2.240586567714477,1.0,2024-08,Q3 2024
The Elden Galleria,2024-08-18,2.526239038498793,0.8869257950530035,2.240586567714477,1.0,2024-08,Q3 2024
The Elden Galleria,2024-08-19,2.526239038498793,0.8869257950530035,2.240586567714477,1.0,2024-08,Q3 2024
The Elden Galleria,2024-08-20,2.526239038498793,0.8869257950530035,2.240586567714477,1.0,2024-08,Q3 2024
The Elden Galleria,2024-08-21,2.526239038498793,0.8869257950530035,2.240586567714477,1.0,2024-08,Q3 2024
The Elden Galleria,2024-08-22,2.5308576119521407,0.8869257950530035,2.244682899646598,1.0,2024-08,Q3 2024
The Elden Galleria,2024-08-23,2.5308576119521407,0.8904593639575972,2.2536258594061462,1.0,2024-08,Q3 2024
The Elden Galleria,2024-08-24,2.5308576119521407,0.8869257950530035,2.244682899646598,1.0,2024-08,Q3 2024
The Elden Galleria,2024-08-25,2.5308576119521407,0.8869257950530035,2.244682899646598,1.0,2024-08,Q3 2024
The Elden Galleria,2024-08-26,2.5248104290045634,0.8869257950530035,2.2393194971029873,1.0,2024-08,Q3 2024
The Elden Galleria,2024-08-27,2.5248104290045634,0.8904593639575972,2.2482410887249116,1.0,2024-08,Q3 2024
The Elden Galleria,2024-08-28,2.518911218706041,0.8904593639575972,2.2429880816746373,1.0,2024-08,Q3 2024
The Elden Galleria,2024-08-29,2.5134318369684827,0.8939929328621908,2.246990299480658,1.0,2024-08,Q3 2024
The Elden Galleria,2024-08-30,2.5134318369684827,0.8975265017667844,2.255871684063585,1.0,2024-08,Q3 2024
The Elden Galleria,2024-08-31,2.5134318369684827,0.8975265017667844,2.255871684063585,1.0,2024-08,Q3 2024
The Elden Galleria,2024-09-01,2.514460530698131,0.8975265017667844,2.2567949639481455,1.0,2024-09,Q3 2024
The Elden Galleria,2024-09-02,2.514460530698131,0.901060070671378,2.2656799834912484,1.0,2024-09,Q3 2024
The Elden Galleria,2024-09-03,2.514460530698131,0.901060070671378,2.2656799834912484,1.0,2024-09,Q3 2024
The Elden Galleria,2024-09-04,2.514460530698131,0.8869257950530035,2.230139905318837,1.0,2024-09,Q3 2024
The Elden Galleria,2024-09-05,2.514460530698131,0.88339222614841,2.221254885775734,1.0,2024-09,Q3 2024
The Elden Galleria,2024-09-06,2.512230253536373,0.8798586572438163,2.2104075375638055,1.0,2024-09,Q3 2024
The Elden Galleria,2024-09-07,2.512230253536373,0.88339222614841,2.219284676268881,1.0,2024-09,Q3 2024
The Elden Galleria,2024-09-08,2.512230253536373,0.88339222614841,2.219284676268881,1.0,2024-09,Q3 2024
The Elden Galleria,2024-09-09,2.5072726949931816,0.88339222614841,2.21490520759115,1.0,2024-09,Q3 2024
The Elden Galleria,2024-09-10,2.5072726949931816,0.88339222614841,2.21490520759115,1.0,2024-09,Q3 2024
The Elden Galleria,2024-09-11,2.5013341218523997,0.88339222614841,2.2096591182441694,1.0,2024-09,Q3 2024
The Elden Galleria,2024-09-12,2.5013341218523997,0.8869257950530035,2.218497754717146,1.0,2024-09,Q3 2024
The Elden Galleria,2024-09-13,2.5013341218523997,0.8869257950530035,2.218497754717146,1.0,2024-09,Q3 2024
The Elden Galleria,2024-09-14,2.5013341218523997,0.8869257950530035,2.218497754717146,1.0,2024-09,Q3 2024
The Elden Galleria,2024-09-15,2.5013341218523997,0.8869257950530035,2.218497754717146,1.0,2024-09,Q3 2024
The Elden Galleria,2024-09-16,2.5013341218523997,0.8869257950530035,2.218497754717146,1.0,2024-09,Q3 2024
The Elden Galleria,2024-09-17,2.5056681496909388,0.8869257950530035,2.222341715803624,1.0,2024-09,Q3 2024
The Elden Galleria,2024-09-18,2.5056681496909388,0.8904593639575972,2.2311956668626025,1.0,2024-09,Q3 2024
The Elden Galleria,2024-09-19,2.5033884518114666,0.8869257950530035,2.2203197929493927,1.0,2024-09,Q3 2024
The Elden Galleria,2024-09-20,2.497000434962481,0.8869257950530035,2.214654096026794,1.0,2024-09,Q3 2024
The Elden Galleria,2024-09-21,2.497000434962481,0.8904593639575972,2.2234774191185345,1.0,2024-09,Q3 2024
The Elden Galleria,2024-09-22,2.49251411879153,0.8904593639575972,2.2194825368744366,1.0,2024-09,Q3 2024
The Elden Galleria,2024-09-23,2.49251411879153,0.8939929328621908,2.2282900072588587,1.0,2024-09,Q3 2024
The Elden Galleria,2024-09-24,2.49251411879153,0.8939929328621908,2.2282900072588587,1.0,2024-09,Q3 2024
The Elden Galleria,2024-09-25,2.49251411879153,0.8939929328621908,2.2282900072588587,1.0,2024-09,Q3 2024
The Elden Galleria,2024-09-26,2.4952859734797954,0.8939929328621908,2.230768025761089,1.0,2024-09,Q3 2024
The Elden Galleria,2024-09-27,2.4952859734797954,0.8975265017667844,2.2395852906850457,1.0,2024-09,Q3 2024
The Elden Galleria,2024-09-28,2.4952859734797954,0.8975265017667844,2.2395852906850457,1.0,2024-09,Q3 2024
The Elden Galleria,2024-09-29,2.4952859734797954,0.8975265017667844,2.2395852906850457,1.0,2024-09,Q3 2024
The Elden Galleria,2024-09-30,2.496099944781465,0.8975265017667844,2.240315851499972,1.0,2024-09,Q3 2024
The Elden Galleria,2024-10-01,2.496099944781465,0.901060070671378,2.2491359926476098,1.0,2024-10,Q4 2024
The Elden Galleria,2024-10-02,2.496099944781465,0.8975265017667844,2.240315851499972,1.0,2024-10,Q4 2024
The Elden Galleria,2024-10-03,2.496099944781465,0.8975265017667844,2.240315851499972,1.0,2024-10,Q4 2024
The Elden Galleria,2024-10-04,2.496099944781465,0.8939929328621908,2.2314957103523345,1.0,2024-10,Q4 2024
The Elden Galleria,2024-10-05,2.492617233677819,0.8939929328621908,2.2283821912384743,1.0,2024-10,Q4 2024
The Elden Galleria,2024-10-06,2.492617233677819,0.8975265017667844,2.237190025986452,1.0,2024-10,Q4 2024
The Elden Galleria,2024-10-07,2.492617233677819,0.8975265017667844,2.237190025986452,1.0,2024-10,Q4 2024
The Elden Galleria,2024-10-08,2.492617233677819,0.8975265017667844,2.237190025986452,1.0,2024-10,Q4 2024
The Elden Galleria,2024-10-09,2.492617233677819,0.8975265017667844,2.237190025986452,1.0,2024-10,Q4 2024
The Elden Galleria,2024-10-10,2.492617233677819,0.8975265017667844,2.237190025986452,1.0,2024-10,Q4 2024
The Elden Galleria,2024-10-11,2.492617233677819,0.8975265017667844,2.237190025986452,1.0,2024-10,Q4 2024
The Elden Galleria,2024-10-12,2.492617233677819,0.8975265017667844,2.237190025986452,1.0,2024-10,Q4 2024
The Elden Galleria,2024-10-13,2.492617233677819,0.8939929328621908,2.2283821912384743,1.0,2024-10,Q4 2024
The Elden Galleria,2024-10-14,2.492617233677819,0.8939929328621908,2.2283821912384743,1.0,2024-10,Q4 2024
The Elden Galleria,2024-10-15,2.492617233677819,0.8939929328621908,2.2283821912384743,1.0,2024-10,Q4 2024
The Elden Galleria,2024-10-16,2.486153582464733,0.8869257950530035,2.2050337427514064,1.0,2024-10,Q4 2024
The Elden Galleria,2024-10-17,2.4837735381973287,0.8904593639575972,2.211699405037904,1.0,2024-10,Q4 2024
The Elden Galleria,2024-10-18,2.47961985657878,0.8904593639575972,2.2080007203457686,1.0,2024-10,Q4 2024
The Elden Galleria,2024-10-19,2.47961985657878,0.8869257950530035,2.199238812725349,1.0,2024-10,Q4 2024
The Elden Galleria,2024-10-20,2.47961985657878,0.8869257950530035,2.199238812725349,1.0,2024-10,Q4 2024
The Elden Galleria,2024-10-21,2.47961985657878,0.8869257950530035,2.199238812725349,1.0,2024-10,Q4 2024
The Elden Galleria,2024-10-22,2.47961985657878,0.8869257950530035,2.199238812725349,1.0,2024-10,Q4 2024
The Elden Galleria,2024-10-23,2.47961985657878,0.8798586572438163,2.1817149974845096,1.0,2024-10,Q4 2024
The Elden Galleria,2024-10-24,2.47961985657878,0.8763250883392226,2.1729530898640896,1.0,2024-10,Q4 2024
The Elden Galleria,2024-10-25,2.4815668725761633,0.872791519434629,2.16589052129439,1.0,2024-10,Q4 2024
The Elden Galleria,2024-10-26,2.4815668725761633,0.8763250883392226,2.1746593088299946,1.0,2024-10,Q4 2024
The Elden Galleria,2024-10-27,2.4815668725761633,0.8763250883392226,2.1746593088299946,1.0,2024-10,Q4 2024
The Elden Galleria,2024-10-28,2.48476180616829,0.8763250883392226,2.177459109292353,1.0,2024-10,Q4 2024
The Elden Galleria,2024-10-29,2.48476180616829,0.872791519434629,2.168679032238755,1.0,2024-10,Q4 2024
The Elden Galleria,2024-10-30,2.482236906731165,0.872791519434629,2.166475321422607,1.0,2024-10,Q4 2024
The Elden Galleria,2024-10-31,2.482236906731165,0.872791519434629,2.166475321422607,1.0,2024-10,Q4 2024
The Elden Galleria,2024-11-01,2.482236906731165,0.872791519434629,2.166475321422607,1.0,2024-11,Q4 2024
The Elden Galleria,2024-11-02,2.482236906731165,0.8692579505300353,2.157704166275147,1.0,2024-11,Q4 2024
The Elden Galleria,2024-11-03,2.482236906731165,0.8692579505300353,2.157704166275147,1.0,2024-11,Q4 2024
The Elden Galleria,2024-11-04,2.482236906731165,0.8692579505300353,2.157704166275147,1.0,2024-11,Q4 2024
The Elden Galleria,2024-11-05,2.482236906731165,0.8657243816254416,2.148933011127687,1.0,2024-11,Q4 2024
The Elden Galleria,2024-11-06,2.482236906731165,0.8657243816254416,2.148933011127687,1.0,2024-11,Q4 2024
The Elden Galleria,2024-11-07,2.480968099562928,0.8621908127208481,2.139067902096659,1.0,2024-11,Q4 2024
The Elden Galleria,2024-11-08,2.4757104932152263,0.8657243816254416,2.143282935822369,1.0,2024-11,Q4 2024
The Elden Galleria,2024-11-09,2.4757104932152263,0.8692579505300353,2.1520310294379703,1.0,2024-11,Q4 2024
The Elden Galleria,2024-11-10,2.4757104932152263,0.8692579505300353,2.1520310294379703,1.0,2024-11,Q4 2024
The Elden Galleria,2024-11-11,2.4757104932152263,0.8692579505300353,2.1520310294379703,1.0,2024-11,Q4 2024
The Elden Galleria,2024-11-12,2.4757104932152263,0.8657243816254416,2.143282935822369,1.0,2024-11,Q4 2024
The Elden Galleria,2024-11-13,2.4757104932152263,0.8657243816254416,2.143282935822369,1.0,2024-11,Q4 2024
The Elden Galleria,2024-11-14,2.4779342574250247,0.8657243816254416,2.1452081027177776,1.0,2024-11,Q4 2024
The Elden Galleria,2024-11-15,2.475496114095285,0.8692579505300353,2.151844678683534,1.0,2024-11,Q4 2024
The Elden Galleria,2024-11-16,2.4750429789346433,0.8798586572438163,2.1776879920661703,1.0,2024-11,Q4 2024
The Elden Galleria,2024-11-17,2.4750429789346433,0.8869257950530035,2.195179461881963,1.0,2024-11,Q4 2024
The Elden Galleria,2024-11-18,2.474234196264236,0.8869257950530035,2.1944621316689865,1.0,2024-11,Q4 2024
The Elden Galleria,2024-11-19,2.474234196264236,0.8904593639575972,2.203205008687588,1.0,2024-11,Q4 2024
The Elden Galleria,2024-11-20,2.474234196264236,0.8904593639575972,2.203205008687588,1.0,2024-11,Q4 2024
The Elden Galleria,2024-11-21,2.4726009477624333,0.8869257950530035,2.193013561443006,1.0,2024-11,Q4 2024
The Elden Galleria,2024-11-22,2.4726009477624333,0.8939929328621908,2.2104877730879706,1.0,2024-11,Q4 2024
The Elden Galleria,2024-11-23,2.4726009477624333,0.8904593639575972,2.2017506672654883,1.0,2024-11,Q4 2024
The Elden Galleria,2024-11-24,2.4726009477624333,0.8869257950530035,2.193013561443006,1.0,2024-11,Q4 2024
The Elden Galleria,2024-11-25,2.4726009477624333,0.8869257950530035,2.193013561443006,1.0,2024-11,Q4 2024
The Elden Galleria,2024-11-26,2.4726009477624333,0.88339222614841,2.184276455620524,1.0,2024-11,Q4 2024
The Elden Galleria,2024-11-27,2.4726009477624333,0.872791519434629,2.158065138153078,1.0,2024-11,Q4 2024
The Elden Galleria,2024-11-28,2.4726009477624333,0.872791519434629,2.158065138153078,1.0,2024-11,Q4 2024
The Elden Galleria,2024-11-29,2.4726009477624333,0.872791519434629,2.158065138153078,1.0,2024-11,Q4 2024
The Elden Galleria,2024-11-30,2.4726009477624333,0.8692579505300353,2.1493280323305957,1.0,2024-11,Q4 2024
The Elden Galleria,2024-12-01,2.4726009477624333,0.8692579505300353,2.1493280323305957,1.0,2024-12,Q4 2024
The Elden Galleria,2024-12-02,2.4726009477624333,0.8692579505300353,2.1493280323305957,1.0,2024-12,Q4 2024
The Elden Galleria,2024-12-03,2.4726009477624333,0.8692579505300353,2.1493280323305957,1.0,2024-12,Q4 2024
The Elden Galleria,2024-12-04,2.4726009477624333,0.8692579505300353,2.1493280323305957,1.0,2024-12,Q4 2024
The Elden Galleria,2024-12-05,2.4726009477624333,0.8692579505300353,2.1493280323305957,1.0,2024-12,Q4 2024
The Elden Galleria,2024-12-06,2.475298876299794,0.8692579505300353,2.151673228161658,1.0,2024-12,Q4 2024
The Elden Galleria,2024-12-07,2.477974600154176,0.8763250883392226,2.171511310382458,1.0,2024-12,Q4 2024
The Elden Galleria,2024-12-08,2.477974600154176,0.8798586572438163,2.1802674043759356,1.0,2024-12,Q4 2024
The Elden Galleria,2024-12-09,2.477974600154176,0.8798586572438163,2.1802674043759356,1.0,2024-12,Q4 2024
The Elden Galleria,2024-12-10,2.477974600154176,0.8763250883392226,2.171511310382458,1.0,2024-12,Q4 2024
The Elden Galleria,2024-12-11,2.4720048035002784,0.8763250883392226,2.1662798278023643,1.0,2024-12,Q4 2024
The Elden Galleria,2024-12-12,2.4720048035002784,0.8763250883392226,2.1662798278023643,1.0,2024-12,Q4 2024
The Elden Galleria,2024-12-13,2.4720048035002784,0.8763250883392226,2.1662798278023643,1.0,2024-12,Q4 2024
The Elden Galleria,2024-12-14,2.4720048035002784,0.8763250883392226,2.1662798278023643,1.0,2024-12,Q4 2024
The Elden Galleria,2024-12-15,2.4720048035002784,0.8763250883392226,2.1662798278023643,1.0,2024-12,Q4 2024
The Elden Galleria,2024-12-16,2.469031723669157,0.8763250883392226,2.163674443356717,1.0,2024-12,Q4 2024
The Elden Galleria,2024-12-17,2.469031723669157,0.8798586572438163,2.1723989370799295,1.0,2024-12,Q4 2024
The Elden Galleria,2024-12-18,2.4695587713120544,0.8798586572438163,2.172862664511313,1.0,2024-12,Q4 2024
The Elden Galleria,2024-12-19,2.4695587713120544,0.8798586572438163,2.172862664511313,1.0,2024-12,Q4 2024
The Elden Galleria,2024-12-20,2.4695587713120544,0.8798586572438163,2.172862664511313,1.0,2024-12,Q4 2024
The Elden Galleria,2024-12-21,2.4695587713120544,0.8798586572438163,2.172862664511313,1.0,2024-12,Q4 2024
The Elden Galleria,2024-12-22,2.4695587713120544,0.8798586572438163,2.172862664511313,1.0,2024-12,Q4 2024
The Elden Galleria,2024-12-23,2.4695587713120544,0.8798586572438163,2.172862664511313,1.0,2024-12,Q4 2024
The Elden Galleria,2024-12-24,2.4695587713120544,0.8798586572438163,2.172862664511313,1.0,2024-12,Q4 2024
The Elden Galleria,2024-12-25,2.4695587713120544,0.8798586572438163,2.172862664511313,1.0,2024-12,Q4 2024
The Elden Galleria,2024-12-26,2.4695587713120544,0.8798586572438163,2.172862664511313,1.0,2024-12,Q4 2024
The Elden Galleria,2024-12-27,2.463725985062545,0.8798586572438163,2.1677306370338294,1.0,2024-12,Q4 2024
The Elden Galleria,2024-12-28,2.463725985062545,0.88339222614841,2.176436382564086,1.0,2024-12,Q4 2024
The Elden Galleria,2024-12-29,2.463725985062545,0.88339222614841,2.176436382564086,1.0,2024-12,Q4 2024
The Elden Galleria,2024-12-30,2.463725985062545,0.88339222614841,2.176436382564086,1.0,2024-12,Q4 2024
The Elden Galleria,2024-12-31,2.463725985062545,0.8798586572438163,2.1677306370338294,1.0,2024-12,Q4 2024
The Elden Galleria,2025-01-01,2.463725985062545,0.8798586572438163,2.1677306370338294,1.0,2025-01,Q1 2025
The Elden Galleria,2025-01-02,2.463725985062545,0.8798586572438163,2.1677306370338294,1.0,2025-01,Q1 2025
The Elden Galleria,2025-01-03,2.463725985062545,0.8763250883392226,2.1590248915035732,1.0,2025-01,Q1 2025
The Elden Galleria,2025-01-04,2.46549721988972,0.8763250883392226,2.1605770690199666,1.0,2025-01,Q1 2025
The Elden Galleria,2025-01-05,2.46549721988972,0.8763250883392226,2.1605770690199666,1.0,2025-01,Q1 2025
The Elden Galleria,2025-01-06,2.46549721988972,0.8763250883392226,2.1605770690199666,1.0,2025-01,Q1 2025
The Elden Galleria,2025-01-07,2.4620270728730813,0.872791519434629,2.1488363498220884,1.0,2025-01,Q1 2025
The Elden Galleria,2025-01-08,2.4620270728730813,0.8763250883392226,2.1575360921290607,1.0,2025-01,Q1 2025
The Elden Galleria,2025-01-09,2.461403296823984,0.8657243816254416,2.1308968470737666,1.0,2025-01,Q1 2025
The Elden Galleria,2025-01-10,2.466277432812362,0.8621908127208481,2.126401744191577,1.0,2025-01,Q1 2025
The Elden Galleria,2025-01-11,2.466277432812362,0.8692579505300353,2.1438312666849506,1.0,2025-01,Q1 2025
The Elden Galleria,2025-01-12,2.4611553498635375,0.8692579505300353,2.1393788553584105,1.0,2025-01,Q1 2025
The Elden Galleria,2025-01-13,2.464699492906546,0.8692579505300353,2.142459629876362,1.0,2025-01,Q1 2025
The Elden Galleria,2025-01-14,2.464699492906546,0.8692579505300353,2.142459629876362,1.0,2025-01,Q1 2025
The Elden Galleria,2025-01-15,2.464699492906546,0.8692579505300353,2.142459629876362,1.0,2025-01,Q1 2025
The Elden Galleria,2025-01-16,2.464699492906546,0.8692579505300353,2.142459629876362,1.0,2025-01,Q1 2025
The Elden Galleria,2025-01-17,2.464699492906546,0.8657243816254416,2.1337504443890594,1.0,2025-01,Q1 2025
The Elden Galleria,2025-01-18,2.4652053932441795,0.8621908127208481,2.125477441525017,1.0,2025-01,Q1 2025
The Elden Galleria,2025-01-19,2.4652053932441795,0.8657243816254416,2.134188414646021,1.0,2025-01,Q1 2025
The Elden Galleria,2025-01-20,2.4652053932441795,0.8657243816254416,2.134188414646021,1.0,2025-01,Q1 2025
The Elden Galleria,2025-01-21,2.4652053932441795,0.8657243816254416,2.134188414646021,1.0,2025-01,Q1 2025
The Elden Galleria,2025-01-22,2.46308680814099,0.8657243816254416,2.132354303867641,1.0,2025-01,Q1 2025
The Elden Galleria,2025-01-23,2.46308680814099,0.8692579505300353,2.141057790822203,1.0,2025-01,Q1 2025
The Elden Galleria,2025-01-24,2.4564221210843398,0.8692579505300353,2.1352644586104153,1.0,2025-01,Q1 2025
The Elden Galleria,2025-01-25,2.4564221210843398,0.8692579505300353,2.1352644586104153,1.0,2025-01,Q1 2025
The Elden Galleria,2025-01-26,2.4547614482368907,0.8692579505300353,2.1338209055345407,1.0,2025-01,Q1 2025
The Elden Galleria,2025-01-27,2.4495640979595494,0.872791519434629,2.1379587710106316,1.0,2025-01,Q1 2025
The Elden Galleria,2025-01-28,2.4495640979595494,0.8763250883392226,2.14661447453699,1.0,2025-01,Q1 2025
The Elden Galleria,2025-01-29,2.4491115075742322,0.8763250883392226,2.1462178582275957,1.0,2025-01,Q1 2025
The Elden Galleria,2025-01-30,2.4501756289594763,0.8798586572438163,2.1558082389078077,1.0,2025-01,Q1 2025
The Elden Galleria,2025-01-31,2.4501756289594763,0.8869257950530035,2.1731239677343765,1.0,2025-01,Q1 2025
The Elden Galleria,2025-02-01,2.4501756289594763,0.8869257950530035,2.1731239677343765,1.0,2025-02,Q1 2025
The Elden Galleria,2025-02-02,2.4440558205873506,0.8869257950530035,2.167696151828357,1.0,2025-02,Q1 2025
The Elden Galleria,2025-02-03,2.4440558205873506,0.8904593639575972,2.1763323914770756,1.0,2025-02,Q1 2025
The Elden Galleria,2025-02-04,2.437443431759362,0.8869257950530035,2.1618314536098935,1.0,2025-02,Q1 2025
The Elden Galleria,2025-02-05,2.437443431759362,0.8939929328621908,2.1790572022442354,1.0,2025-02,Q1 2025
The Elden Galleria,2025-02-06,2.437443431759362,0.8939929328621908,2.1790572022442354,1.0,2025-02,Q1 2025
The Elden Galleria,2025-02-07,2.437443431759362,0.8904593639575972,2.1704443279270644,1.0,2025-02,Q1 2025
The Elden Galleria,2025-02-08,2.4380099912291757,0.8904593639575972,2.1709488261121987,1.0,2025-02,Q1 2025
The Elden Galleria,2025-02-09,2.4395496080135994,0.8939929328621908,2.1809401089308857,1.0,2025-02,Q1 2025
The Elden Galleria,2025-02-10,2.4395496080135994,0.8975265017667844,2.189560425566976,1.0,2025-02,Q1 2025
The Elden Galleria,2025-02-11,2.4395496080135994,0.8904593639575972,2.1723197922947954,1.0,2025-02,Q1 2025
The Elden Galleria,2025-02-12,2.4395496080135994,0.88339222614841,2.1550791590226144,1.0,2025-02,Q1 2025
The Elden Galleria,2025-02-13,2.4395496080135994,0.88339222614841,2.1550791590226144,1.0,2025-02,Q1 2025
The Elden Galleria,2025-02-14,2.4395496080135994,0.88339222614841,2.1550791590226144,1.0,2025-02,Q1 2025
The Elden Galleria,2025-02-15,2.4395496080135994,0.88339222614841,2.1550791590226144,1.0,2025-02,Q1 2025
The Elden Galleria,2025-02-16,2.4395496080135994,0.88339222614841,2.1550791590226144,1.0,2025-02,Q1 2025
The Elden Galleria,2025-02-17,2.438682415752205,0.88339222614841,2.1543130881203227,1.0,2025-02,Q1 2025
The Elden Galleria,2025-02-18,2.438682415752205,0.8869257950530035,2.162930340472804,1.0,2025-02,Q1 2025
The Elden Galleria,2025-02-19,2.4354811472921343,0.8869257950530035,2.1600910528986774,1.0,2025-02,Q1 2025
The Elden Galleria,2025-02-20,2.4334971783473045,0.8869257950530035,2.1583314196649237,1.0,2025-02,Q1 2025
The Elden Galleria,2025-02-21,2.4334971783473045,0.8939929328621908,2.1755292795825727,1.0,2025-02,Q1 2025
The Elden Galleria,2025-02-22,2.4334971783473045,0.8939929328621908,2.1755292795825727,1.0,2025-02,Q1 2025
The Elden Galleria,2025-02-23,2.4334971783473045,0.8939929328621908,2.1755292795825727,1.0,2025-02,Q1 2025
The Elden Galleria,2025-02-24,2.4334971783473045,0.8939929328621908,2.1755292795825727,1.0,2025-02,Q1 2025
The Elden Galleria,2025-02-25,2.4334971783473045,0.8904593639575972,2.166930349623748,1.0,2025-02,Q1 2025
The Elden Galleria,2025-02-26,2.434328723925376,0.8904593639575972,2.1676708071702993,1.0,2025-02,Q1 2025
The Elden Galleria,2025-02-27,2.434328723925376,0.901060070671378,2.193476412017565,1.0,2025-02,Q1 2025
The Elden Galleria,2025-02-28,2.433979893151115,0.901060070671378,2.193162094535457,1.0,2025-02,Q1 2025
The Elden Galleria,2025-03-01,2.433979893151115,0.901060070671378,2.193162094535457,1.0,2025-03,Q1 2025
The Elden Galleria,2025-03-02,2.4308368971130543,0.901060070671378,2.190330066303282,1.0,2025-03,Q1 2025
The Elden Galleria,2025-03-03,2.4308368971130543,0.9045936395759717,2.1989195959750596,1.0,2025-03,Q1 2025
The Elden Galleria,2025-03-04,2.430861988727245,0.9045936395759717,2.1989422936896634,1.0,2025-03,Q1 2025
The Elden Galleria,2025-03-05,2.430861988727245,0.9081272084805654,2.207531912024389,1.0,2025-03,Q1 2025
The Elden Galleria,2025-03-06,2.430861988727245,0.9081272084805654,2.207531912024389,1.0,2025-03,Q1 2025
The Elden Galleria,2025-03-07,2.429082932124226,0.9081272084805654,2.20591630231776,1.0,2025-03,Q1 2025
The Elden Galleria,2025-03-08,2.429082932124226,0.911660777385159,2.2144996342333934,1.0,2025-03,Q1 2025
The Elden Galleria,2025-03-09,2.429082932124226,0.911660777385159,2.2144996342333934,1.0,2025-03,Q1 2025
The Elden Galleria,2025-03-10,2.429082932124226,0.911660777385159,2.2144996342333934,1.0,2025-03,Q1 2025
The Elden Galleria,2025-03-11,2.4279658174422365,0.911660777385159,2.2134812045939825,1.0,2025-03,Q1 2025
The Elden Galleria,2025-03-12,2.4255895498362103,0.9187279151943463,2.228456830238214,1.0,2025-03,Q1 2025
The Elden Galleria,2025-03-13,2.4255895498362103,0.9222614840989399,2.237027818046823,1.0,2025-03,Q1 2025
The Elden Galleria,2025-03-14,2.4255895498362103,0.9222614840989399,2.237027818046823,1.0,2025-03,Q1 2025
The Elden Galleria,2025-03-15,2.4255895498362103,0.9222614840989399,2.237027818046823,1.0,2025-03,Q1 2025
The Elden Galleria,2025-03-16,2.4255895498362103,0.9222614840989399,2.237027818046823,1.0,2025-03,Q1 2025
The Elden Galleria,2025-03-17,2.426244055203776,0.9222614840989399,2.2376314431384645,1.0,2025-03,Q1 2025
The Elden Galleria,2025-03-18,2.4274404052770637,0.9257950530035336,2.247312318666398,1.0,2025-03,Q1 2025
The Elden Galleria,2025-03-19,2.4274404052770637,0.9293286219081272,2.2558898466002395,1.0,2025-03,Q1 2025
The Elden Galleria,2025-03-20,2.4274404052770637,0.9293286219081272,2.2558898466002395,1.0,2025-03,Q1 2025
The Elden Galleria,2025-03-21,2.4274404052770637,0.9293286219081272,2.2558898466002395,1.0,2025-03,Q1 2025
The Elden Galleria,2025-03-22,2.4274404052770637,0.9293286219081272,2.2558898466002395,1.0,2025-03,Q1 2025
The Elden Galleria,2025-03-23,2.4274404052770637,0.9293286219081272,2.2558898466002395,1.0,2025-03,Q1 2025
The Elden Galleria,2025-03-24,2.4274404052770637,0.9293286219081272,2.2558898466002395,1.0,2025-03,Q1 2025
The Elden Galleria,2025-03-25,2.4274404052770637,0.9293286219081272,2.2558898466002395,1.0,2025-03,Q1 2025
The Elden Galleria,2025-03-26,2.4274404052770637,0.9222614840989399,2.238734790732557,1.0,2025-03,Q1 2025
The Elden Galleria,2025-03-27,2.428306342890667,0.9222614840989399,2.239533411641216,1.0,2025-03,Q1 2025
The Elden Galleria,2025-03-28,2.428306342890667,0.9257950530035336,2.248113999425282,1.0,2025-03,Q1 2025
The Elden Galleria,2025-03-29,2.428306342890667,0.9222614840989399,2.239533411641216,1.0,2025-03,Q1 2025
The Elden Galleria,2025-03-30,2.428306342890667,0.9222614840989399,2.239533411641216,1.0,2025-03,Q1 2025
The Elden Galleria,2025-03-31,2.428306342890667,0.9222614840989399,2.239533411641216,1.0,2025-03,Q1 2025
The Elden Galleria,2025-04-01,2.4283808623708394,0.9151943462897526,2.222440435880026,1.0,2025-04,Q2 2025
The Elden Galleria,2025-04-02,2.429298199002462,0.9187279151943463,2.231864069754912,1.0,2025-04,Q2 2025
The Elden Galleria,2025-04-03,2.429298199002462,0.9222614840989399,2.2404481623308925,1.0,2025-04,Q2 2025
The Elden Galleria,2025-04-04,2.429298199002462,0.9222614840989399,2.2404481623308925,1.0,2025-04,Q2 2025
The Elden Galleria,2025-04-05,2.429298199002462,0.9222614840989399,2.2404481623308925,1.0,2025-04,Q2 2025
The Elden Galleria,2025-04-06,2.429298199002462,0.9187279151943463,2.231864069754912,1.0,2025-04,Q2 2025
The Elden Galleria,2025-04-07,2.4312628034797372,0.9187279151943463,2.2336690067305005,1.0,2025-04,Q2 2025
The Elden Galleria,2025-04-08,2.4313706153248544,0.9222614840989399,2.242359472084053,1.0,2025-04,Q2 2025
The Elden Galleria,2025-04-09,2.4341128140973094,0.9222614840989399,2.2448884963936315,1.0,2025-04,Q2 2025
The Elden Galleria,2025-04-10,2.4337552417567707,0.9257950530035336,2.2531585630398374,1.0,2025-04,Q2 2025
The Elden Galleria,2025-04-11,2.437002525392079,0.9293286219081272,2.2647761985092463,1.0,2025-04,Q2 2025
The Elden Galleria,2025-04-12,2.4412702017849384,0.9363957597173145,2.285995065275649,1.0,2025-04,Q2 2025
The Elden Galleria,2025-04-13,2.4605361632192237,0.9399293286219081,2.312730103944571,1.0,2025-04,Q2 2025
The Reserve at the Ballpark,2023-11-01,2.4565096985781127,0.9127725856697819,2.2422347092940407,1.0,2023-11,Q4 2023
The Reserve at the Ballpark,2023-11-02,2.4565096985781127,0.9158878504672897,2.2498873874827576,1.0,2023-11,Q4 2023
The Reserve at the Ballpark,2023-11-03,2.4565096985781127,0.9158878504672897,2.2498873874827576,1.0,2023-11,Q4 2023
The Reserve at the Ballpark,2023-11-04,2.408848231404491,0.9127725856697819,2.1987306286651584,1.0,2023-11,Q4 2023
The Reserve at the Ballpark,2023-11-05,2.408848231404491,0.9096573208722741,2.191226428567325,1.0,2023-11,Q4 2023
The Reserve at the Ballpark,2023-11-06,2.408848231404491,0.9096573208722741,2.191226428567325,1.0,2023-11,Q4 2023
The Reserve at the Ballpark,2023-11-07,2.4310090911407207,0.9096573208722741,2.21138521686321,1.0,2023-11,Q4 2023
The Reserve at the Ballpark,2023-11-08,2.4310090911407207,0.9096573208722741,2.21138521686321,1.0,2023-11,Q4 2023
The Reserve at the Ballpark,2023-11-09,2.405512794321162,0.9096573208722741,2.1881923238061662,1.0,2023-11,Q4 2023
The Reserve at the Ballpark,2023-11-10,2.4015416362086976,0.9127725856697819,2.192061368875852,1.0,2023-11,Q4 2023
The Reserve at the Ballpark,2023-11-11,2.3558709175711057,0.9158878504672897,2.1577135506726015,1.0,2023-11,Q4 2023
The Reserve at the Ballpark,2023-11-12,2.3558709175711057,0.9221183800623053,2.1723918741465646,1.0,2023-11,Q4 2023
The Reserve at the Ballpark,2023-11-13,2.3317007655676645,0.9221183800623053,2.150104132735292,1.0,2023-11,Q4 2023
The Reserve at the Ballpark,2023-11-14,2.3317007655676645,0.9252336448598131,2.1573679980485867,1.0,2023-11,Q4 2023
The Reserve at the Ballpark,2023-11-15,2.3317007655676645,0.9252336448598131,2.1573679980485867,1.0,2023-11,Q4 2023
The Reserve at the Ballpark,2023-11-16,2.3271522477587165,0.9252336448598131,2.153159556337504,1.0,2023-11,Q4 2023
The Reserve at the Ballpark,2023-11-17,2.345727738623843,0.9221183800623053,2.163038662407033,1.0,2023-11,Q4 2023
The Reserve at the Ballpark,2023-11-18,2.345727738623843,0.9252336448598131,2.170346225455705,1.0,2023-11,Q4 2023
The Reserve at the Ballpark,2023-11-19,2.345727738623843,0.9252336448598131,2.170346225455705,1.0,2023-11,Q4 2023
The Reserve at the Ballpark,2023-11-20,2.345727738623843,0.9252336448598131,2.170346225455705,1.0,2023-11,Q4 2023
The Reserve at the Ballpark,2023-11-21,2.345727738623843,0.9252336448598131,2.170346225455705,1.0,2023-11,Q4 2023
The Reserve at the Ballpark,2023-11-22,2.327779677822366,0.9252336448598131,2.153740075742189,1.0,2023-11,Q4 2023
The Reserve at the Ballpark,2023-11-23,2.327779677822366,0.9283489096573209,2.160991725828863,1.0,2023-11,Q4 2023
The Reserve at the Ballpark,2023-11-24,2.327779677822366,0.9283489096573209,2.160991725828863,1.0,2023-11,Q4 2023
The Reserve at the Ballpark,2023-11-25,2.327779677822366,0.9283489096573209,2.160991725828863,1.0,2023-11,Q4 2023
The Reserve at the Ballpark,2023-11-26,2.327779677822366,0.9283489096573209,2.160991725828863,1.0,2023-11,Q4 2023
The Reserve at the Ballpark,2023-11-27,2.327779677822366,0.9283489096573209,2.160991725828863,1.0,2023-11,Q4 2023
The Reserve at the Ballpark,2023-11-28,2.327779677822366,0.9283489096573209,2.160991725828863,1.0,2023-11,Q4 2023
The Reserve at the Ballpark,2023-11-29,2.327779677822366,0.9283489096573209,2.160991725828863,1.0,2023-11,Q4 2023
The Reserve at the Ballpark,2023-11-30,2.327779677822366,0.9283489096573209,2.160991725828863,1.0,2023-11,Q4 2023
The Reserve at the Ballpark,2023-12-01,2.343329580817368,0.9127725856697819,2.138927000559155,1.0,2023-12,Q4 2023
The Reserve at the Ballpark,2023-12-02,2.3286418024383075,0.9127725856697819,2.1255203991103553,1.0,2023-12,Q4 2023
The Reserve at the Ballpark,2023-12-03,2.3286418024383075,0.9158878504672897,2.1327747349434967,1.0,2023-12,Q4 2023
The Reserve at the Ballpark,2023-12-04,2.3286418024383075,0.9158878504672897,2.1327747349434967,1.0,2023-12,Q4 2023
The Reserve at the Ballpark,2023-12-05,2.311134202144457,0.9158878504672897,2.1167397365435217,1.0,2023-12,Q4 2023
The Reserve at the Ballpark,2023-12-06,2.289059050934227,0.9158878504672897,2.0965213737528434,1.0,2023-12,Q4 2023
The Reserve at the Ballpark,2023-12-07,2.285609637206243,0.9252336448598131,2.114722935359047,1.0,2023-12,Q4 2023
The Reserve at the Ballpark,2023-12-08,2.285609637206243,0.9283489096573209,2.12184321460268,1.0,2023-12,Q4 2023
The Reserve at the Ballpark,2023-12-09,2.285609637206243,0.9283489096573209,2.12184321460268,1.0,2023-12,Q4 2023
The Reserve at the Ballpark,2023-12-10,2.2720074910495773,0.9283489096573209,2.10921567704914,1.0,2023-12,Q4 2023
The Reserve at the Ballpark,2023-12-11,2.2865391369429884,0.9314641744548287,2.129829289551257,1.0,2023-12,Q4 2023
The Reserve at the Ballpark,2023-12-12,2.2865391369429884,0.9345794392523364,2.1369524644326994,1.0,2023-12,Q4 2023
The Reserve at the Ballpark,2023-12-13,2.3025498553768884,0.9314641744548287,2.1447427001797186,1.0,2023-12,Q4 2023
The Reserve at the Ballpark,2023-12-14,2.3025498553768884,0.9345794392523364,2.1519157526886805,1.0,2023-12,Q4 2023
The Reserve at the Ballpark,2023-12-15,2.2752955821296497,0.9314641744548287,2.119356321049113,1.0,2023-12,Q4 2023
The Reserve at the Ballpark,2023-12-16,2.2752955821296497,0.9376947040498442,2.13353261751098,1.0,2023-12,Q4 2023
The Reserve at the Ballpark,2023-12-17,2.2752955821296497,0.9314641744548287,2.119356321049113,1.0,2023-12,Q4 2023
The Reserve at the Ballpark,2023-12-18,2.2752955821296497,0.9314641744548287,2.119356321049113,1.0,2023-12,Q4 2023
The Reserve at the Ballpark,2023-12-19,2.2752955821296497,0.9314641744548287,2.119356321049113,1.0,2023-12,Q4 2023
The Reserve at the Ballpark,2023-12-20,2.251233491935411,0.9221183800623053,2.075903780725488,1.0,2023-12,Q4 2023
The Reserve at the Ballpark,2023-12-21,2.251233491935411,0.9283489096573209,2.0899301576222817,1.0,2023-12,Q4 2023
The Reserve at the Ballpark,2023-12-22,2.2672523141057392,0.9252336448598131,2.097738122396899,1.0,2023-12,Q4 2023
The Reserve at the Ballpark,2023-12-23,2.2672523141057392,0.9283489096573209,2.1048012137181007,1.0,2023-12,Q4 2023
The Reserve at the Ballpark,2023-12-24,2.2672523141057392,0.9283489096573209,2.1048012137181007,1.0,2023-12,Q4 2023
The Reserve at the Ballpark,2023-12-25,2.2672523141057392,0.9283489096573209,2.1048012137181007,1.0,2023-12,Q4 2023
The Reserve at the Ballpark,2023-12-26,2.2672523141057392,0.9283489096573209,2.1048012137181007,1.0,2023-12,Q4 2023
The Reserve at the Ballpark,2023-12-27,2.2672523141057392,0.9283489096573209,2.1048012137181007,1.0,2023-12,Q4 2023
The Reserve at the Ballpark,2023-12-28,2.2672523141057392,0.9283489096573209,2.1048012137181007,1.0,2023-12,Q4 2023
The Reserve at the Ballpark,2023-12-29,2.285847517133845,0.9283489096573209,2.122064050174099,1.0,2023-12,Q4 2023
The Reserve at the Ballpark,2023-12-30,2.29089807724743,0.9314641744548287,2.1338894862834317,1.0,2023-12,Q4 2023
The Reserve at the Ballpark,2023-12-31,2.29089807724743,0.9376947040498442,2.148162994552886,1.0,2023-12,Q4 2023
The Reserve at the Ballpark,2024-01-01,2.29089807724743,0.9376947040498442,2.148162994552886,1.0,2024-01,Q1 2024
The Reserve at the Ballpark,2024-01-02,2.29089807724743,0.9376947040498442,2.148162994552886,1.0,2024-01,Q1 2024
The Reserve at the Ballpark,2024-01-03,2.29089807724743,0.9376947040498442,2.148162994552886,1.0,2024-01,Q1 2024
The Reserve at the Ballpark,2024-01-04,2.29089807724743,0.9376947040498442,2.148162994552886,1.0,2024-01,Q1 2024
The Reserve at the Ballpark,2024-01-05,2.29089807724743,0.9376947040498442,2.148162994552886,1.0,2024-01,Q1 2024
The Reserve at the Ballpark,2024-01-06,2.29089807724743,0.9376947040498442,2.148162994552886,1.0,2024-01,Q1 2024
The Reserve at the Ballpark,2024-01-07,2.29089807724743,0.9345794392523364,2.141026240418159,1.0,2024-01,Q1 2024
The Reserve at the Ballpark,2024-01-08,2.29089807724743,0.9314641744548287,2.1338894862834317,1.0,2024-01,Q1 2024
The Reserve at the Ballpark,2024-01-09,2.2804866919437345,0.9314641744548287,2.124191653866594,1.0,2024-01,Q1 2024
The Reserve at the Ballpark,2024-01-10,2.2768370123358723,0.9314641744548287,2.120792108063632,1.0,2024-01,Q1 2024
The Reserve at the Ballpark,2024-01-11,2.2768370123358723,0.9345794392523364,2.1278850582578244,1.0,2024-01,Q1 2024
The Reserve at the Ballpark,2024-01-12,2.2768370123358723,0.9345794392523364,2.1278850582578244,1.0,2024-01,Q1 2024
The Reserve at the Ballpark,2024-01-13,2.2768370123358723,0.9345794392523364,2.1278850582578244,1.0,2024-01,Q1 2024
The Reserve at the Ballpark,2024-01-14,2.2768370123358723,0.9345794392523364,2.1278850582578244,1.0,2024-01,Q1 2024
The Reserve at the Ballpark,2024-01-15,2.2768370123358723,0.9345794392523364,2.1278850582578244,1.0,2024-01,Q1 2024
The Reserve at the Ballpark,2024-01-16,2.2768370123358723,0.9345794392523364,2.1278850582578244,1.0,2024-01,Q1 2024
The Reserve at the Ballpark,2024-01-17,2.266879269716752,0.9345794392523364,2.118578756744628,1.0,2024-01,Q1 2024
The Reserve at the Ballpark,2024-01-18,2.266193896839948,0.9314641744548287,2.110878427274593,1.0,2024-01,Q1 2024
The Reserve at the Ballpark,2024-01-19,2.266193896839948,0.9314641744548287,2.110878427274593,1.0,2024-01,Q1 2024
The Reserve at the Ballpark,2024-01-20,2.266193896839948,0.9252336448598131,2.0967588391322884,1.0,2024-01,Q1 2024
The Reserve at the Ballpark,2024-01-21,2.292821093322593,0.9190031152647975,2.107109727508302,1.0,2024-01,Q1 2024
The Reserve at the Ballpark,2024-01-22,2.292821093322593,0.9314641744548287,2.135680706864347,1.0,2024-01,Q1 2024
The Reserve at the Ballpark,2024-01-23,2.292821093322593,0.9314641744548287,2.135680706864347,1.0,2024-01,Q1 2024
The Reserve at the Ballpark,2024-01-24,2.292821093322593,0.9283489096573209,2.1285379620253355,1.0,2024-01,Q1 2024
The Reserve at the Ballpark,2024-01-25,2.3068973009913303,0.9221183800623053,2.12723240216023,1.0,2024-01,Q1 2024
The Reserve at the Ballpark,2024-01-26,2.3068973009913303,0.9252336448598131,2.134418998113474,1.0,2024-01,Q1 2024
The Reserve at the Ballpark,2024-01-27,2.334106178108415,0.9252336448598131,2.159593566661057,1.0,2024-01,Q1 2024
The Reserve at the Ballpark,2024-01-28,2.3476216793366027,0.9314641744548287,2.1867254894755273,1.0,2024-01,Q1 2024
The Reserve at the Ballpark,2024-01-29,2.3476216793366027,0.9345794392523364,2.1940389526510304,1.0,2024-01,Q1 2024
The Reserve at the Ballpark,2024-01-30,2.3476216793366027,0.9345794392523364,2.1940389526510304,1.0,2024-01,Q1 2024
The Reserve at the Ballpark,2024-01-31,2.3476216793366027,0.9314641744548287,2.1867254894755273,1.0,2024-01,Q1 2024
The Reserve at the Ballpark,2024-02-01,2.3476216793366027,0.9252336448598131,2.1720985631245204,1.0,2024-02,Q1 2024
The Reserve at the Ballpark,2024-02-02,2.3476216793366027,0.9252336448598131,2.1720985631245204,1.0,2024-02,Q1 2024
The Reserve at the Ballpark,2024-02-03,2.3476216793366027,0.9221183800623053,2.164785099949017,1.0,2024-02,Q1 2024
The Reserve at the Ballpark,2024-02-04,2.3476216793366027,0.9221183800623053,2.164785099949017,1.0,2024-02,Q1 2024
The Reserve at the Ballpark,2024-02-05,2.3476216793366027,0.9221183800623053,2.164785099949017,1.0,2024-02,Q1 2024
The Reserve at the Ballpark,2024-02-06,2.3476216793366027,0.9221183800623053,2.164785099949017,1.0,2024-02,Q1 2024
The Reserve at the Ballpark,2024-02-07,2.3366862328085873,0.9221183800623053,2.1547013237113455,1.0,2024-02,Q1 2024
The Reserve at the Ballpark,2024-02-08,2.3366862328085873,0.9221183800623053,2.1547013237113455,1.0,2024-02,Q1 2024
The Reserve at the Ballpark,2024-02-09,2.3366862328085873,0.9221183800623053,2.1547013237113455,1.0,2024-02,Q1 2024
The Reserve at the Ballpark,2024-02-10,2.3494081114840375,0.9190031152647975,2.159113373482215,1.0,2024-02,Q1 2024
The Reserve at the Ballpark,2024-02-11,2.3395200800419165,0.9190031152647975,2.1500262417830696,1.0,2024-02,Q1 2024
The Reserve at the Ballpark,2024-02-12,2.3395200800419165,0.9221183800623053,2.1573144663314867,1.0,2024-02,Q1 2024
The Reserve at the Ballpark,2024-02-13,2.3395200800419165,0.9221183800623053,2.1573144663314867,1.0,2024-02,Q1 2024
The Reserve at the Ballpark,2024-02-14,2.3395200800419165,0.9221183800623053,2.1573144663314867,1.0,2024-02,Q1 2024
The Reserve at the Ballpark,2024-02-15,2.3395200800419165,0.9221183800623053,2.1573144663314867,1.0,2024-02,Q1 2024
The Reserve at the Ballpark,2024-02-16,2.3527314570770184,0.9221183800623053,2.1694969199214875,1.0,2024-02,Q1 2024
The Reserve at the Ballpark,2024-02-17,2.364491505451077,0.9221183800623053,2.1803410766776286,1.0,2024-02,Q1 2024
The Reserve at the Ballpark,2024-02-18,2.364491505451077,0.9252336448598131,2.1877070938285668,1.0,2024-02,Q1 2024
The Reserve at the Ballpark,2024-02-19,2.364491505451077,0.9252336448598131,2.1877070938285668,1.0,2024-02,Q1 2024
The Reserve at the Ballpark,2024-02-20,2.364491505451077,0.9252336448598131,2.1877070938285668,1.0,2024-02,Q1 2024
The Reserve at the Ballpark,2024-02-21,2.375605658459173,0.9221183800623053,2.190589641445219,1.0,2024-02,Q1 2024
The Reserve at the Ballpark,2024-02-22,2.375605658459173,0.9252336448598131,2.197990282125777,1.0,2024-02,Q1 2024
The Reserve at the Ballpark,2024-02-23,2.3797081152199206,0.9221183800623053,2.194372592227715,1.0,2024-02,Q1 2024
The Reserve at the Ballpark,2024-02-24,2.3797081152199206,0.9283489096573209,2.2091994340670915,1.0,2024-02,Q1 2024
The Reserve at the Ballpark,2024-02-25,2.3797081152199206,0.9283489096573209,2.2091994340670915,1.0,2024-02,Q1 2024
The Reserve at the Ballpark,2024-02-26,2.3797081152199206,0.9283489096573209,2.2091994340670915,1.0,2024-02,Q1 2024
The Reserve at the Ballpark,2024-02-27,2.3797081152199206,0.9283489096573209,2.2091994340670915,1.0,2024-02,Q1 2024
The Reserve at the Ballpark,2024-02-28,2.3797081152199206,0.9283489096573209,2.2091994340670915,1.0,2024-02,Q1 2024
The Reserve at the Ballpark,2024-02-29,2.3797081152199206,0.9283489096573209,2.2091994340670915,1.0,2024-02,Q1 2024
The Reserve at the Ballpark,2024-03-01,2.3797081152199206,0.9283489096573209,2.2091994340670915,1.0,2024-03,Q1 2024
The Reserve at the Ballpark,2024-03-02,2.3797081152199206,0.9283489096573209,2.2091994340670915,1.0,2024-03,Q1 2024
The Reserve at the Ballpark,2024-03-03,2.3797081152199206,0.9283489096573209,2.2091994340670915,1.0,2024-03,Q1 2024
The Reserve at the Ballpark,2024-03-04,2.3797081152199206,0.9283489096573209,2.2091994340670915,1.0,2024-03,Q1 2024
The Reserve at the Ballpark,2024-03-05,2.3797081152199206,0.9283489096573209,2.2091994340670915,1.0,2024-03,Q1 2024
The Reserve at the Ballpark,2024-03-06,2.3797081152199206,0.9221183800623053,2.194372592227715,1.0,2024-03,Q1 2024
The Reserve at the Ballpark,2024-03-07,2.3797081152199206,0.9221183800623053,2.194372592227715,1.0,2024-03,Q1 2024
The Reserve at the Ballpark,2024-03-08,2.3797081152199206,0.9221183800623053,2.194372592227715,1.0,2024-03,Q1 2024
The Reserve at the Ballpark,2024-03-09,2.3797081152199206,0.9190031152647975,2.1869591713080268,1.0,2024-03,Q1 2024
The Reserve at the Ballpark,2024-03-10,2.3599549985629085,0.9158878504672897,2.161454110833318,1.0,2024-03,Q1 2024
The Reserve at the Ballpark,2024-03-11,2.3599549985629085,0.9221183800623053,2.176157880294769,1.0,2024-03,Q1 2024
The Reserve at the Ballpark,2024-03-12,2.3735138927808066,0.9221183800623053,2.1886607858664133,1.0,2024-03,Q1 2024
The Reserve at the Ballpark,2024-03-13,2.3735138927808066,0.9252336448598131,2.196054910142989,1.0,2024-03,Q1 2024
The Reserve at the Ballpark,2024-03-14,2.3735138927808066,0.9252336448598131,2.196054910142989,1.0,2024-03,Q1 2024
The Reserve at the Ballpark,2024-03-15,2.3735138927808066,0.9096573208722741,2.1590842887601105,1.0,2024-03,Q1 2024
The Reserve at the Ballpark,2024-03-16,2.364099333863114,0.9065420560747663,2.1431554708852527,1.0,2024-03,Q1 2024
The Reserve at the Ballpark,2024-03-17,2.3772298126289506,0.9096573208722741,2.1624645024537497,1.0,2024-03,Q1 2024
The Reserve at the Ballpark,2024-03-18,2.3772298126289506,0.9127725856697819,2.1698702028046184,1.0,2024-03,Q1 2024
The Reserve at the Ballpark,2024-03-19,2.3772298126289506,0.9127725856697819,2.1698702028046184,1.0,2024-03,Q1 2024
The Reserve at the Ballpark,2024-03-20,2.3772298126289506,0.9127725856697819,2.1698702028046184,1.0,2024-03,Q1 2024
The Reserve at the Ballpark,2024-03-21,2.3772298126289506,0.9127725856697819,2.1698702028046184,1.0,2024-03,Q1 2024
The Reserve at the Ballpark,2024-03-22,2.3772298126289506,0.9127725856697819,2.1698702028046184,1.0,2024-03,Q1 2024
The Reserve at the Ballpark,2024-03-23,2.3772298126289506,0.9127725856697819,2.1698702028046184,1.0,2024-03,Q1 2024
The Reserve at the Ballpark,2024-03-24,2.3772298126289506,0.9127725856697819,2.1698702028046184,1.0,2024-03,Q1 2024
The Reserve at the Ballpark,2024-03-25,2.3906355476545698,0.9127725856697819,2.182106590226757,1.0,2024-03,Q1 2024
The Reserve at the Ballpark,2024-03-26,2.3906355476545698,0.9158878504672897,2.189554052992036,1.0,2024-03,Q1 2024
The Reserve at the Ballpark,2024-03-27,2.3906355476545698,0.9127725856697819,2.182106590226757,1.0,2024-03,Q1 2024
The Reserve at the Ballpark,2024-03-28,2.3906355476545698,0.9003115264797508,2.1523167391656406,1.0,2024-03,Q1 2024
The Reserve at the Ballpark,2024-03-29,2.3906355476545698,0.9003115264797508,2.1523167391656406,1.0,2024-03,Q1 2024
The Reserve at the Ballpark,2024-03-30,2.3906355476545698,0.9003115264797508,2.1523167391656406,1.0,2024-03,Q1 2024
The Reserve at the Ballpark,2024-03-31,2.3906355476545698,0.9003115264797508,2.1523167391656406,1.0,2024-03,Q1 2024
The Reserve at the Ballpark,2024-04-01,2.3906355476545698,0.9003115264797508,2.1523167391656406,1.0,2024-04,Q2 2024
The Reserve at the Ballpark,2024-04-02,2.3906355476545698,0.9003115264797508,2.1523167391656406,1.0,2024-04,Q2 2024
The Reserve at the Ballpark,2024-04-03,2.3906355476545698,0.897196261682243,2.1448692764003616,1.0,2024-04,Q2 2024
The Reserve at the Ballpark,2024-04-04,2.38221951137973,0.897196261682243,2.1373184401163936,1.0,2024-04,Q2 2024
The Reserve at the Ballpark,2024-04-05,2.38221951137973,0.9003115264797508,2.1447396847001308,1.0,2024-04,Q2 2024
The Reserve at the Ballpark,2024-04-06,2.38221951137973,0.9003115264797508,2.1447396847001308,1.0,2024-04,Q2 2024
The Reserve at the Ballpark,2024-04-07,2.38221951137973,0.9003115264797508,2.1447396847001308,1.0,2024-04,Q2 2024
The Reserve at the Ballpark,2024-04-08,2.38221951137973,0.9003115264797508,2.1447396847001308,1.0,2024-04,Q2 2024
The Reserve at the Ballpark,2024-04-09,2.3726968772545103,0.9003115264797508,2.136166347434746,1.0,2024-04,Q2 2024
The Reserve at the Ballpark,2024-04-10,2.3726968772545103,0.897196261682243,2.128774768377878,1.0,2024-04,Q2 2024
The Reserve at the Ballpark,2024-04-11,2.36393666241234,0.897196261682243,2.1209151363699497,1.0,2024-04,Q2 2024
The Reserve at the Ballpark,2024-04-12,2.36393666241234,0.897196261682243,2.1209151363699497,1.0,2024-04,Q2 2024
The Reserve at the Ballpark,2024-04-13,2.36393666241234,0.897196261682243,2.1209151363699497,1.0,2024-04,Q2 2024
The Reserve at the Ballpark,2024-04-14,2.361590283990242,0.8909657320872274,2.104096016265449,1.0,2024-04,Q2 2024
The Reserve at the Ballpark,2024-04-15,2.361590283990242,0.897196261682243,2.118809974421152,1.0,2024-04,Q2 2024
The Reserve at the Ballpark,2024-04-16,2.361590283990242,0.897196261682243,2.118809974421152,1.0,2024-04,Q2 2024
The Reserve at the Ballpark,2024-04-17,2.361590283990242,0.8940809968847352,2.1114529953433006,1.0,2024-04,Q2 2024
The Reserve at the Ballpark,2024-04-18,2.367472080753525,0.8909657320872274,2.109336495624636,1.0,2024-04,Q2 2024
The Reserve at the Ballpark,2024-04-19,2.367472080753525,0.8940809968847352,2.11671179805689,1.0,2024-04,Q2 2024
The Reserve at the Ballpark,2024-04-20,2.367472080753525,0.8940809968847352,2.11671179805689,1.0,2024-04,Q2 2024
The Reserve at the Ballpark,2024-04-21,2.367472080753525,0.8940809968847352,2.11671179805689,1.0,2024-04,Q2 2024
The Reserve at the Ballpark,2024-04-22,2.367472080753525,0.8940809968847352,2.11671179805689,1.0,2024-04,Q2 2024
The Reserve at the Ballpark,2024-04-23,2.367472080753525,0.8940809968847352,2.11671179805689,1.0,2024-04,Q2 2024
The Reserve at the Ballpark,2024-04-24,2.367472080753525,0.8940809968847352,2.11671179805689,1.0,2024-04,Q2 2024
The Reserve at the Ballpark,2024-04-25,2.367472080753525,0.8940809968847352,2.11671179805689,1.0,2024-04,Q2 2024
The Reserve at the Ballpark,2024-04-26,2.367472080753525,0.8940809968847352,2.11671179805689,1.0,2024-04,Q2 2024
The Reserve at the Ballpark,2024-04-27,2.367472080753525,0.8940809968847352,2.11671179805689,1.0,2024-04,Q2 2024
The Reserve at the Ballpark,2024-04-28,2.367472080753525,0.8909657320872274,2.109336495624636,1.0,2024-04,Q2 2024
The Reserve at the Ballpark,2024-04-29,2.367472080753525,0.8909657320872274,2.109336495624636,1.0,2024-04,Q2 2024
The Reserve at the Ballpark,2024-04-30,2.367472080753525,0.8909657320872274,2.109336495624636,1.0,2024-04,Q2 2024
The Reserve at the Ballpark,2024-05-01,2.3620630177238637,0.8878504672897196,2.097158754053898,1.0,2024-05,Q2 2024
The Reserve at the Ballpark,2024-05-02,2.3620630177238637,0.8909657320872274,2.104517205822508,1.0,2024-05,Q2 2024
The Reserve at the Ballpark,2024-05-03,2.3620630177238637,0.8878504672897196,2.097158754053898,1.0,2024-05,Q2 2024
The Reserve at the Ballpark,2024-05-04,2.3620630177238637,0.8878504672897196,2.097158754053898,1.0,2024-05,Q2 2024
The Reserve at the Ballpark,2024-05-05,2.354126342381374,0.8847352024922118,2.082778446219035,1.0,2024-05,Q2 2024
The Reserve at the Ballpark,2024-05-06,2.3465159985714292,0.881619937694704,2.0687352884601697,1.0,2024-05,Q2 2024
The Reserve at the Ballpark,2024-05-07,2.3465159985714292,0.8847352024922118,2.076045307147308,1.0,2024-05,Q2 2024
The Reserve at the Ballpark,2024-05-08,2.3465159985714292,0.8847352024922118,2.076045307147308,1.0,2024-05,Q2 2024
The Reserve at the Ballpark,2024-05-09,2.3465159985714292,0.8847352024922118,2.076045307147308,1.0,2024-05,Q2 2024
The Reserve at the Ballpark,2024-05-10,2.3465159985714292,0.8847352024922118,2.076045307147308,1.0,2024-05,Q2 2024
The Reserve at the Ballpark,2024-05-11,2.3465159985714292,0.8847352024922118,2.076045307147308,1.0,2024-05,Q2 2024
The Reserve at the Ballpark,2024-05-12,2.3465159985714292,0.8847352024922118,2.076045307147308,1.0,2024-05,Q2 2024
The Reserve at the Ballpark,2024-05-13,2.3465159985714292,0.8847352024922118,2.076045307147308,1.0,2024-05,Q2 2024
The Reserve at the Ballpark,2024-05-14,2.3313295276836787,0.8847352024922118,2.062609301751292,1.0,2024-05,Q2 2024
The Reserve at the Ballpark,2024-05-15,2.3313295276836787,0.8753894080996885,2.040821175324342,1.0,2024-05,Q2 2024
The Reserve at the Ballpark,2024-05-16,2.3313295276836787,0.8753894080996885,2.040821175324342,1.0,2024-05,Q2 2024
The Reserve at the Ballpark,2024-05-17,2.3334627385379134,0.8753894080996885,2.0426885655113822,1.0,2024-05,Q2 2024
The Reserve at the Ballpark,2024-05-18,2.3334627385379134,0.8785046728971962,2.0499579198370452,1.0,2024-05,Q2 2024
The Reserve at the Ballpark,2024-05-19,2.3334627385379134,0.8629283489096573,2.013611148208729,1.0,2024-05,Q2 2024
The Reserve at the Ballpark,2024-05-20,2.3334627385379134,0.8629283489096573,2.013611148208729,1.0,2024-05,Q2 2024
The Reserve at the Ballpark,2024-05-21,2.327445655161285,0.8629283489096573,2.0084188363852835,1.0,2024-05,Q2 2024
The Reserve at the Ballpark,2024-05-22,2.327445655161285,0.8660436137071651,2.01566944590292,1.0,2024-05,Q2 2024
The Reserve at the Ballpark,2024-05-23,2.327445655161285,0.8566978193146417,1.9939176173500106,1.0,2024-05,Q2 2024
The Reserve at the Ballpark,2024-05-24,2.3410181354786244,0.8566978193146417,2.005545131640566,1.0,2024-05,Q2 2024
The Reserve at the Ballpark,2024-05-25,2.3410181354786244,0.8598130841121495,2.01283802302835,1.0,2024-05,Q2 2024
The Reserve at the Ballpark,2024-05-26,2.3410181354786244,0.8598130841121495,2.01283802302835,1.0,2024-05,Q2 2024
The Reserve at the Ballpark,2024-05-27,2.333314498048336,0.8598130841121495,2.0062143347705317,1.0,2024-05,Q2 2024
The Reserve at the Ballpark,2024-05-28,2.3352161079988343,0.8629283489096573,2.01512418042267,1.0,2024-05,Q2 2024
The Reserve at the Ballpark,2024-05-29,2.318154428927785,0.8504672897196262,1.9715145143217612,1.0,2024-05,Q2 2024
The Reserve at the Ballpark,2024-05-30,2.318154428927785,0.8722741433021807,2.0220661685351398,1.0,2024-05,Q2 2024
The Reserve at the Ballpark,2024-05-31,2.318154428927785,0.8722741433021807,2.0220661685351398,1.0,2024-05,Q2 2024
The Reserve at the Ballpark,2024-06-01,2.326458886168456,0.8722741433021807,2.0293099318603356,1.0,2024-06,Q2 2024
The Reserve at the Ballpark,2024-06-02,2.326458886168456,0.8785046728971962,2.0438050028021952,1.0,2024-06,Q2 2024
The Reserve at the Ballpark,2024-06-03,2.3361117657929844,0.8785046728971962,2.0522851026592575,1.0,2024-06,Q2 2024
The Reserve at the Ballpark,2024-06-04,2.3361117657929844,0.881619937694704,2.059562709406276,1.0,2024-06,Q2 2024
The Reserve at the Ballpark,2024-06-05,2.3361117657929844,0.881619937694704,2.059562709406276,1.0,2024-06,Q2 2024
The Reserve at the Ballpark,2024-06-06,2.329711306967162,0.8691588785046729,2.024889266803234,1.0,2024-06,Q2 2024
The Reserve at the Ballpark,2024-06-07,2.3288117913374795,0.8722741433021807,2.0313623102009166,1.0,2024-06,Q2 2024
The Reserve at the Ballpark,2024-06-08,2.3288117913374795,0.8753894080996885,2.0386171755944913,1.0,2024-06,Q2 2024
The Reserve at the Ballpark,2024-06-09,2.3288117913374795,0.8660436137071651,2.0168525794137673,1.0,2024-06,Q2 2024
The Reserve at the Ballpark,2024-06-10,2.3288117913374795,0.8660436137071651,2.0168525794137673,1.0,2024-06,Q2 2024
The Reserve at the Ballpark,2024-06-11,2.3394367923806905,0.8660436137071651,2.026054293712872,1.0,2024-06,Q2 2024
The Reserve at the Ballpark,2024-06-12,2.3460565270686318,0.8722741433021807,2.04640444728728,1.0,2024-06,Q2 2024
The Reserve at the Ballpark,2024-06-13,2.3460565270686318,0.8753894080996885,2.05371303459902,1.0,2024-06,Q2 2024
The Reserve at the Ballpark,2024-06-14,2.3615112383582897,0.8753894080996885,2.0672419251672256,1.0,2024-06,Q2 2024
The Reserve at the Ballpark,2024-06-15,2.3615112383582897,0.8909657320872274,2.1040255893161084,1.0,2024-06,Q2 2024
The Reserve at the Ballpark,2024-06-16,2.3615112383582897,0.8909657320872274,2.1040255893161084,1.0,2024-06,Q2 2024
The Reserve at the Ballpark,2024-06-17,2.3615112383582897,0.8878504672897196,2.096668856486332,1.0,2024-06,Q2 2024
The Reserve at the Ballpark,2024-06-18,2.3615112383582897,0.8878504672897196,2.096668856486332,1.0,2024-06,Q2 2024
The Reserve at the Ballpark,2024-06-19,2.3743105294577664,0.8878504672897196,2.1080327130699796,1.0,2024-06,Q2 2024
The Reserve at the Ballpark,2024-06-20,2.3743105294577664,0.8940809968847352,2.122825925091523,1.0,2024-06,Q2 2024
The Reserve at the Ballpark,2024-06-21,2.3743105294577664,0.8940809968847352,2.122825925091523,1.0,2024-06,Q2 2024
The Reserve at the Ballpark,2024-06-22,2.3743105294577664,0.881619937694704,2.0932395010484357,1.0,2024-06,Q2 2024
The Reserve at the Ballpark,2024-06-23,2.3743105294577664,0.881619937694704,2.0932395010484357,1.0,2024-06,Q2 2024
The Reserve at the Ballpark,2024-06-24,2.3720900484974994,0.881619937694704,2.091281880762593,1.0,2024-06,Q2 2024
The Reserve at the Ballpark,2024-06-25,2.365773578190082,0.8753894080996885,2.070973132309698,1.0,2024-06,Q2 2024
The Reserve at the Ballpark,2024-06-26,2.365773578190082,0.8785046728971962,2.0783431434567077,1.0,2024-06,Q2 2024
The Reserve at the Ballpark,2024-06-27,2.365773578190082,0.8785046728971962,2.0783431434567077,1.0,2024-06,Q2 2024
The Reserve at the Ballpark,2024-06-28,2.365773578190082,0.8753894080996885,2.070973132309698,1.0,2024-06,Q2 2024
The Reserve at the Ballpark,2024-06-29,2.3747732884962085,0.8753894080996885,2.0788513833876467,1.0,2024-06,Q2 2024
The Reserve at the Ballpark,2024-06-30,2.3747732884962085,0.8785046728971962,2.0862494310153608,1.0,2024-06,Q2 2024
The Reserve at the Ballpark,2024-07-01,2.3747732884962085,0.8785046728971962,2.0862494310153608,1.0,2024-07,Q3 2024
The Reserve at the Ballpark,2024-07-02,2.3747732884962085,0.8753894080996885,2.0788513833876467,1.0,2024-07,Q3 2024
The Reserve at the Ballpark,2024-07-03,2.374579428261617,0.8753894080996885,2.0786816801916337,1.0,2024-07,Q3 2024
The Reserve at the Ballpark,2024-07-04,2.374579428261617,0.8785046728971962,2.0860791238933833,1.0,2024-07,Q3 2024
The Reserve at the Ballpark,2024-07-05,2.374579428261617,0.8785046728971962,2.0860791238933833,1.0,2024-07,Q3 2024
The Reserve at the Ballpark,2024-07-06,2.3667144112348013,0.8785046728971962,2.0791696696829094,1.0,2024-07,Q3 2024
The Reserve at the Ballpark,2024-07-07,2.3667144112348013,0.881619937694704,2.0865426117739836,1.0,2024-07,Q3 2024
The Reserve at the Ballpark,2024-07-08,2.3667144112348013,0.881619937694704,2.0865426117739836,1.0,2024-07,Q3 2024
The Reserve at the Ballpark,2024-07-09,2.3667144112348013,0.881619937694704,2.0865426117739836,1.0,2024-07,Q3 2024
The Reserve at the Ballpark,2024-07-10,2.3667144112348013,0.881619937694704,2.0865426117739836,1.0,2024-07,Q3 2024
The Reserve at the Ballpark,2024-07-11,2.3660572264174053,0.8785046728971962,2.07859232974987,1.0,2024-07,Q3 2024
The Reserve at the Ballpark,2024-07-12,2.3660572264174053,0.8847352024922118,2.0933341193225643,1.0,2024-07,Q3 2024
The Reserve at the Ballpark,2024-07-13,2.364682687001161,0.8847352024922118,2.0921180159137998,1.0,2024-07,Q3 2024
The Reserve at the Ballpark,2024-07-14,2.364682687001161,0.8878504672897196,2.099484628645891,1.0,2024-07,Q3 2024
The Reserve at the Ballpark,2024-07-15,2.357478520807447,0.8878504672897196,2.0930884063243687,1.0,2024-07,Q3 2024
The Reserve at the Ballpark,2024-07-16,2.349325101404589,0.8909657320872274,2.0931681588838393,1.0,2024-07,Q3 2024
The Reserve at the Ballpark,2024-07-17,2.3470510382469714,0.8909657320872274,2.0911420465378,1.0,2024-07,Q3 2024
The Reserve at the Ballpark,2024-07-18,2.346779929092807,0.897196261682243,2.1055221793729855,1.0,2024-07,Q3 2024
The Reserve at the Ballpark,2024-07-19,2.346779929092807,0.9003115264797508,2.112833020273586,1.0,2024-07,Q3 2024
The Reserve at the Ballpark,2024-07-20,2.346779929092807,0.9003115264797508,2.112833020273586,1.0,2024-07,Q3 2024
The Reserve at the Ballpark,2024-07-21,2.346779929092807,0.9003115264797508,2.112833020273586,1.0,2024-07,Q3 2024
The Reserve at the Ballpark,2024-07-22,2.346779929092807,0.9003115264797508,2.112833020273586,1.0,2024-07,Q3 2024
The Reserve at the Ballpark,2024-07-23,2.346779929092807,0.9003115264797508,2.112833020273586,1.0,2024-07,Q3 2024
The Reserve at the Ballpark,2024-07-24,2.346779929092807,0.897196261682243,2.1055221793729855,1.0,2024-07,Q3 2024
The Reserve at the Ballpark,2024-07-25,2.346779929092807,0.897196261682243,2.1055221793729855,1.0,2024-07,Q3 2024
The Reserve at the Ballpark,2024-07-26,2.346779929092807,0.897196261682243,2.1055221793729855,1.0,2024-07,Q3 2024
The Reserve at the Ballpark,2024-07-27,2.338443535883829,0.897196261682243,2.0980427985499777,1.0,2024-07,Q3 2024
The Reserve at the Ballpark,2024-07-28,2.338443535883829,0.9003115264797508,2.105327669378276,1.0,2024-07,Q3 2024
The Reserve at the Ballpark,2024-07-29,2.338443535883829,0.9003115264797508,2.105327669378276,1.0,2024-07,Q3 2024
The Reserve at the Ballpark,2024-07-30,2.338443535883829,0.9003115264797508,2.105327669378276,1.0,2024-07,Q3 2024
The Reserve at the Ballpark,2024-07-31,2.338443535883829,0.9003115264797508,2.105327669378276,1.0,2024-07,Q3 2024
The Reserve at the Ballpark,2024-08-01,2.343471946921285,0.9003115264797508,2.1098548057951754,1.0,2024-08,Q3 2024
The Reserve at the Ballpark,2024-08-02,2.343471946921285,0.9065420560747663,2.1244558771155573,1.0,2024-08,Q3 2024
The Reserve at the Ballpark,2024-08-03,2.343471946921285,0.9065420560747663,2.1244558771155573,1.0,2024-08,Q3 2024
The Reserve at the Ballpark,2024-08-04,2.3536898921503973,0.9034267912772586,2.12638650692715,1.0,2024-08,Q3 2024
The Reserve at the Ballpark,2024-08-05,2.3536898921503973,0.9096573208722741,2.1410512414576823,1.0,2024-08,Q3 2024
The Reserve at the Ballpark,2024-08-06,2.3527290119084556,0.9096573208722741,2.1401771697111185,1.0,2024-08,Q3 2024
The Reserve at the Ballpark,2024-08-07,2.3527290119084556,0.9127725856697819,2.147506543579992,1.0,2024-08,Q3 2024
The Reserve at the Ballpark,2024-08-08,2.345108176577133,0.9127725856697819,2.140550454009657,1.0,2024-08,Q3 2024
The Reserve at the Ballpark,2024-08-09,2.3299041978478385,0.9034267912772586,2.1048978734450876,1.0,2024-08,Q3 2024
The Reserve at the Ballpark,2024-08-10,2.3299041978478385,0.9096573208722741,2.11941441050333,1.0,2024-08,Q3 2024
The Reserve at the Ballpark,2024-08-11,2.32288476397146,0.9096573208722741,2.113029131089303,1.0,2024-08,Q3 2024
The Reserve at the Ballpark,2024-08-12,2.3177705094887187,0.9158878504672897,2.1228178498120975,1.0,2024-08,Q3 2024
The Reserve at the Ballpark,2024-08-13,2.3105995766093304,0.9096573208722741,2.1018538204670545,1.0,2024-08,Q3 2024
The Reserve at the Ballpark,2024-08-14,2.3036515118936136,0.9127725856697819,2.102709946993236,1.0,2024-08,Q3 2024
The Reserve at the Ballpark,2024-08-15,2.3036515118936136,0.9158878504672897,2.109886431453964,1.0,2024-08,Q3 2024
The Reserve at the Ballpark,2024-08-16,2.2913253322096394,0.9127725856697819,2.0914589480916645,1.0,2024-08,Q3 2024
The Reserve at the Ballpark,2024-08-17,2.291288770408574,0.9127725856697819,2.0914255754819693,1.0,2024-08,Q3 2024
The Reserve at the Ballpark,2024-08-18,2.291288770408574,0.9158878504672897,2.098563546729348,1.0,2024-08,Q3 2024
The Reserve at the Ballpark,2024-08-19,2.307339979570215,0.9158878504672897,2.1132646541858042,1.0,2024-08,Q3 2024
The Reserve at the Ballpark,2024-08-20,2.307339979570215,0.9190031152647975,2.1204526292000416,1.0,2024-08,Q3 2024
The Reserve at the Ballpark,2024-08-21,2.307339979570215,0.9158878504672897,2.1132646541858042,1.0,2024-08,Q3 2024
The Reserve at the Ballpark,2024-08-22,2.307339979570215,0.9158878504672897,2.1132646541858042,1.0,2024-08,Q3 2024
The Reserve at the Ballpark,2024-08-23,2.307339979570215,0.9065420560747663,2.091700729143092,1.0,2024-08,Q3 2024
The Reserve at the Ballpark,2024-08-24,2.307339979570215,0.9034267912772586,2.0845127541288546,1.0,2024-08,Q3 2024
The Reserve at the Ballpark,2024-08-25,2.306316716395723,0.9003115264797508,2.0764035234839997,1.0,2024-08,Q3 2024
The Reserve at the Ballpark,2024-08-26,2.306316716395723,0.897196261682243,2.0692187362055083,1.0,2024-08,Q3 2024
The Reserve at the Ballpark,2024-08-27,2.306316716395723,0.897196261682243,2.0692187362055083,1.0,2024-08,Q3 2024
The Reserve at the Ballpark,2024-08-28,2.306316716395723,0.8940809968847352,2.062033948927017,1.0,2024-08,Q3 2024
The Reserve at the Ballpark,2024-08-29,2.306316716395723,0.8878504672897196,2.0476643743700342,1.0,2024-08,Q3 2024
The Reserve at the Ballpark,2024-08-30,2.3123410514390663,0.8878504672897196,2.0530130830533766,1.0,2024-08,Q3 2024
The Reserve at the Ballpark,2024-08-31,2.3123410514390663,0.8909657320872274,2.0602166377307567,1.0,2024-08,Q3 2024
The Reserve at the Ballpark,2024-09-01,2.3078435296927293,0.8909657320872274,2.0562094999754534,1.0,2024-09,Q3 2024
The Reserve at the Ballpark,2024-09-02,2.3078435296927293,0.8940809968847352,2.0633990436816614,1.0,2024-09,Q3 2024
The Reserve at the Ballpark,2024-09-03,2.3078435296927293,0.8940809968847352,2.0633990436816614,1.0,2024-09,Q3 2024
The Reserve at the Ballpark,2024-09-04,2.3078435296927293,0.8940809968847352,2.0633990436816614,1.0,2024-09,Q3 2024
The Reserve at the Ballpark,2024-09-05,2.3078435296927293,0.8940809968847352,2.0633990436816614,1.0,2024-09,Q3 2024
The Reserve at the Ballpark,2024-09-06,2.3084553418587626,0.8785046728971962,2.0279888049974177,1.0,2024-09,Q3 2024
The Reserve at the Ballpark,2024-09-07,2.304165037599153,0.8909657320872274,2.0529320895743233,1.0,2024-09,Q3 2024
The Reserve at the Ballpark,2024-09-08,2.3137474362435277,0.8878504672897196,2.054261742459207,1.0,2024-09,Q3 2024
The Reserve at the Ballpark,2024-09-09,2.3137474362435277,0.897196261682243,2.075885550274567,1.0,2024-09,Q3 2024
The Reserve at the Ballpark,2024-09-10,2.3137474362435277,0.8940809968847352,2.0686776143361136,1.0,2024-09,Q3 2024
The Reserve at the Ballpark,2024-09-11,2.3137474362435277,0.8940809968847352,2.0686776143361136,1.0,2024-09,Q3 2024
The Reserve at the Ballpark,2024-09-12,2.3137474362435277,0.8847352024922118,2.0470538065207533,1.0,2024-09,Q3 2024
The Reserve at the Ballpark,2024-09-13,2.3137474362435277,0.881619937694704,2.0398458705823,1.0,2024-09,Q3 2024
The Reserve at the Ballpark,2024-09-14,2.3137474362435277,0.881619937694704,2.0398458705823,1.0,2024-09,Q3 2024
The Reserve at the Ballpark,2024-09-15,2.3137474362435277,0.881619937694704,2.0398458705823,1.0,2024-09,Q3 2024
The Reserve at the Ballpark,2024-09-16,2.3137474362435277,0.881619937694704,2.0398458705823,1.0,2024-09,Q3 2024
The Reserve at the Ballpark,2024-09-17,2.3137474362435277,0.881619937694704,2.0398458705823,1.0,2024-09,Q3 2024
The Reserve at the Ballpark,2024-09-18,2.3194449033975593,0.881619937694704,2.044868871219655,1.0,2024-09,Q3 2024
The Reserve at the Ballpark,2024-09-19,2.3194449033975593,0.8785046728971962,2.0376431861623416,1.0,2024-09,Q3 2024
The Reserve at the Ballpark,2024-09-20,2.3177564769680026,0.8785046728971962,2.036159895654133,1.0,2024-09,Q3 2024
The Reserve at the Ballpark,2024-09-21,2.3204193123194976,0.8909657320872274,2.067414091350082,1.0,2024-09,Q3 2024
The Reserve at the Ballpark,2024-09-22,2.316294293324005,0.8940809968847352,2.0709547108535498,1.0,2024-09,Q3 2024
The Reserve at the Ballpark,2024-09-23,2.316294293324005,0.897196261682243,2.0781705809262103,1.0,2024-09,Q3 2024
The Reserve at the Ballpark,2024-09-24,2.3195573530369193,0.897196261682243,2.081098185902283,1.0,2024-09,Q3 2024
The Reserve at the Ballpark,2024-09-25,2.3133888547408503,0.9034267912772586,2.0899774700150986,1.0,2024-09,Q3 2024
The Reserve at the Ballpark,2024-09-26,2.3205480129447156,0.9034267912772586,2.0964452453394626,1.0,2024-09,Q3 2024
The Reserve at the Ballpark,2024-09-27,2.3205480129447156,0.9190031152647975,2.1325908530177293,1.0,2024-09,Q3 2024
The Reserve at the Ballpark,2024-09-28,2.3205480129447156,0.9127725856697819,2.118132609946423,1.0,2024-09,Q3 2024
The Reserve at the Ballpark,2024-09-29,2.3205480129447156,0.9127725856697819,2.118132609946423,1.0,2024-09,Q3 2024
The Reserve at the Ballpark,2024-09-30,2.317461863970249,0.9127725856697819,2.1153156577672365,1.0,2024-09,Q3 2024
The Reserve at the Ballpark,2024-10-01,2.3165359377204844,0.9190031152647975,2.1289037433879843,1.0,2024-10,Q4 2024
The Reserve at the Ballpark,2024-10-02,2.3165359377204844,0.9190031152647975,2.1289037433879843,1.0,2024-10,Q4 2024
The Reserve at the Ballpark,2024-10-03,2.3178422832442713,0.9190031152647975,2.1301042789939566,1.0,2024-10,Q4 2024
The Reserve at the Ballpark,2024-10-04,2.3178422832442713,0.9221183800623053,2.1373249714651226,1.0,2024-10,Q4 2024
The Reserve at the Ballpark,2024-10-05,2.3178422832442713,0.9221183800623053,2.1373249714651226,1.0,2024-10,Q4 2024
The Reserve at the Ballpark,2024-10-06,2.3178422832442713,0.9221183800623053,2.1373249714651226,1.0,2024-10,Q4 2024
The Reserve at the Ballpark,2024-10-07,2.3178422832442713,0.9221183800623053,2.1373249714651226,1.0,2024-10,Q4 2024
The Reserve at the Ballpark,2024-10-08,2.3178422832442713,0.9190031152647975,2.1301042789939566,1.0,2024-10,Q4 2024
The Reserve at the Ballpark,2024-10-09,2.3178422832442713,0.9190031152647975,2.1301042789939566,1.0,2024-10,Q4 2024
The Reserve at the Ballpark,2024-10-10,2.3178422832442713,0.9158878504672897,2.1228835865227906,1.0,2024-10,Q4 2024
The Reserve at the Ballpark,2024-10-11,2.3178422832442713,0.9127725856697819,2.1156628940516247,1.0,2024-10,Q4 2024
The Reserve at the Ballpark,2024-10-12,2.325696447350801,0.9127725856697819,2.1228319597314167,1.0,2024-10,Q4 2024
The Reserve at the Ballpark,2024-10-13,2.325696447350801,0.9158878504672897,2.1300771200035373,1.0,2024-10,Q4 2024
The Reserve at the Ballpark,2024-10-14,2.325696447350801,0.9158878504672897,2.1300771200035373,1.0,2024-10,Q4 2024
The Reserve at the Ballpark,2024-10-15,2.325696447350801,0.9158878504672897,2.1300771200035373,1.0,2024-10,Q4 2024
The Reserve at the Ballpark,2024-10-16,2.325696447350801,0.9127725856697819,2.1228319597314167,1.0,2024-10,Q4 2024
The Reserve at the Ballpark,2024-10-17,2.325696447350801,0.9096573208722741,2.1155867994592956,1.0,2024-10,Q4 2024
The Reserve at the Ballpark,2024-10-18,2.3222108749675288,0.9096573208722741,2.1124161230234217,1.0,2024-10,Q4 2024
The Reserve at the Ballpark,2024-10-19,2.3222108749675288,0.9127725856697819,2.1196504248145978,1.0,2024-10,Q4 2024
The Reserve at the Ballpark,2024-10-20,2.3222108749675288,0.9127725856697819,2.1196504248145978,1.0,2024-10,Q4 2024
The Reserve at the Ballpark,2024-10-21,2.3222108749675288,0.9127725856697819,2.1196504248145978,1.0,2024-10,Q4 2024
The Reserve at the Ballpark,2024-10-22,2.3222108749675288,0.9127725856697819,2.1196504248145978,1.0,2024-10,Q4 2024
The Reserve at the Ballpark,2024-10-23,2.3222108749675288,0.9127725856697819,2.1196504248145978,1.0,2024-10,Q4 2024
The Reserve at the Ballpark,2024-10-24,2.3222108749675288,0.9096573208722741,2.1124161230234217,1.0,2024-10,Q4 2024
The Reserve at the Ballpark,2024-10-25,2.3222108749675288,0.9096573208722741,2.1124161230234217,1.0,2024-10,Q4 2024
The Reserve at the Ballpark,2024-10-26,2.318162804299686,0.9034267912772586,2.0942903839467566,1.0,2024-10,Q4 2024
The Reserve at the Ballpark,2024-10-27,2.318162804299686,0.9065420560747663,2.1015120749258838,1.0,2024-10,Q4 2024
The Reserve at the Ballpark,2024-10-28,2.3153490240245134,0.9034267912772586,2.0917483394613985,1.0,2024-10,Q4 2024
The Reserve at the Ballpark,2024-10-29,2.3089498310385297,0.9065420560747663,2.093160127203153,1.0,2024-10,Q4 2024
The Reserve at the Ballpark,2024-10-30,2.3089498310385297,0.9065420560747663,2.093160127203153,1.0,2024-10,Q4 2024
The Reserve at the Ballpark,2024-10-31,2.3068698338594724,0.9065420560747663,2.091274522283821,1.0,2024-10,Q4 2024
The Reserve at the Ballpark,2024-11-01,2.3068698338594724,0.9096573208722741,2.0984610326696758,1.0,2024-11,Q4 2024
The Reserve at the Ballpark,2024-11-02,2.3068698338594724,0.9034267912772586,2.0840880118979657,1.0,2024-11,Q4 2024
The Reserve at the Ballpark,2024-11-03,2.3015035687343537,0.9034267912772586,2.0792399842148366,1.0,2024-11,Q4 2024
The Reserve at the Ballpark,2024-11-04,2.3015035687343537,0.9065420560747663,2.0864097772638535,1.0,2024-11,Q4 2024
The Reserve at the Ballpark,2024-11-05,2.3015035687343537,0.9065420560747663,2.0864097772638535,1.0,2024-11,Q4 2024
The Reserve at the Ballpark,2024-11-06,2.30155476992002,0.9034267912772586,2.0792862407377126,1.0,2024-11,Q4 2024
The Reserve at the Ballpark,2024-11-07,2.3011252613983206,0.9065420560747663,2.0860668257536177,1.0,2024-11,Q4 2024
The Reserve at the Ballpark,2024-11-08,2.3011252613983206,0.9096573208722741,2.093235440275108,1.0,2024-11,Q4 2024
The Reserve at the Ballpark,2024-11-09,2.2992797245674654,0.9065420560747663,2.0843937690004126,1.0,2024-11,Q4 2024
The Reserve at the Ballpark,2024-11-10,2.2992797245674654,0.9096573208722741,2.091556634185981,1.0,2024-11,Q4 2024
The Reserve at the Ballpark,2024-11-11,2.2992797245674654,0.9096573208722741,2.091556634185981,1.0,2024-11,Q4 2024
The Reserve at the Ballpark,2024-11-12,2.2992797245674654,0.9065420560747663,2.0843937690004126,1.0,2024-11,Q4 2024
The Reserve at the Ballpark,2024-11-13,2.2992797245674654,0.9065420560747663,2.0843937690004126,1.0,2024-11,Q4 2024
The Reserve at the Ballpark,2024-11-14,2.3061900495588423,0.9065420560747663,2.0906582692262403,1.0,2024-11,Q4 2024
The Reserve at the Ballpark,2024-11-15,2.3061900495588423,0.9096573208722741,2.097842661903994,1.0,2024-11,Q4 2024
The Reserve at the Ballpark,2024-11-16,2.3061900495588423,0.9096573208722741,2.097842661903994,1.0,2024-11,Q4 2024
The Reserve at the Ballpark,2024-11-17,2.3061900495588423,0.9096573208722741,2.097842661903994,1.0,2024-11,Q4 2024
The Reserve at the Ballpark,2024-11-18,2.3061900495588423,0.9096573208722741,2.097842661903994,1.0,2024-11,Q4 2024
The Reserve at the Ballpark,2024-11-19,2.3061900495588423,0.9096573208722741,2.097842661903994,1.0,2024-11,Q4 2024
The Reserve at the Ballpark,2024-11-20,2.3019788457908383,0.9096573208722741,2.0940119095667438,1.0,2024-11,Q4 2024
The Reserve at the Ballpark,2024-11-21,2.3019788457908383,0.9096573208722741,2.0940119095667438,1.0,2024-11,Q4 2024
The Reserve at the Ballpark,2024-11-22,2.2973214135974787,0.9096573208722741,2.089775242275588,1.0,2024-11,Q4 2024
The Reserve at the Ballpark,2024-11-23,2.2973214135974787,0.9127725856697819,2.096932006803929,1.0,2024-11,Q4 2024
The Reserve at the Ballpark,2024-11-24,2.2973214135974787,0.9127725856697819,2.096932006803929,1.0,2024-11,Q4 2024
The Reserve at the Ballpark,2024-11-25,2.2973214135974787,0.9127725856697819,2.096932006803929,1.0,2024-11,Q4 2024
The Reserve at the Ballpark,2024-11-26,2.2973214135974787,0.9034267912772586,2.075461713218906,1.0,2024-11,Q4 2024
The Reserve at the Ballpark,2024-11-27,2.2973214135974787,0.9034267912772586,2.075461713218906,1.0,2024-11,Q4 2024
The Reserve at the Ballpark,2024-11-28,2.2973214135974787,0.9003115264797508,2.0683049486905647,1.0,2024-11,Q4 2024
The Reserve at the Ballpark,2024-11-29,2.2973214135974787,0.9003115264797508,2.0683049486905647,1.0,2024-11,Q4 2024
The Reserve at the Ballpark,2024-11-30,2.2973214135974787,0.9003115264797508,2.0683049486905647,1.0,2024-11,Q4 2024
The Reserve at the Ballpark,2024-12-01,2.2973214135974787,0.9003115264797508,2.0683049486905647,1.0,2024-12,Q4 2024
The Reserve at the Ballpark,2024-12-02,2.297012634907299,0.9003115264797508,2.0680269516766647,1.0,2024-12,Q4 2024
The Reserve at the Ballpark,2024-12-03,2.297012634907299,0.9034267912772586,2.075182754277622,1.0,2024-12,Q4 2024
The Reserve at the Ballpark,2024-12-04,2.303080902723108,0.8940809968847352,2.059140869412872,1.0,2024-12,Q4 2024
The Reserve at the Ballpark,2024-12-05,2.303080902723108,0.897196261682243,2.066315576274938,1.0,2024-12,Q4 2024
The Reserve at the Ballpark,2024-12-06,2.303080902723108,0.897196261682243,2.066315576274938,1.0,2024-12,Q4 2024
The Reserve at the Ballpark,2024-12-07,2.303080902723108,0.897196261682243,2.066315576274938,1.0,2024-12,Q4 2024
The Reserve at the Ballpark,2024-12-08,2.303080902723108,0.897196261682243,2.066315576274938,1.0,2024-12,Q4 2024
The Reserve at the Ballpark,2024-12-09,2.303080902723108,0.897196261682243,2.066315576274938,1.0,2024-12,Q4 2024
The Reserve at the Ballpark,2024-12-10,2.3015294823510977,0.897196261682243,2.064923647716873,1.0,2024-12,Q4 2024
The Reserve at the Ballpark,2024-12-11,2.3015294823510977,0.9003115264797508,2.0720935214936675,1.0,2024-12,Q4 2024
The Reserve at the Ballpark,2024-12-12,2.292496123178218,0.9003115264797508,2.0639606841074922,1.0,2024-12,Q4 2024
The Reserve at the Ballpark,2024-12-13,2.274967038210508,0.9034267912772586,2.0552661715920477,1.0,2024-12,Q4 2024
The Reserve at the Ballpark,2024-12-14,2.2689008789144576,0.9190031152647975,2.0851269759494238,1.0,2024-12,Q4 2024
The Reserve at the Ballpark,2024-12-15,2.2680679618409,0.9158878504672897,2.077295890284189,1.0,2024-12,Q4 2024
The Reserve at the Ballpark,2024-12-16,2.2680679618409,0.9190031152647975,2.084361522564067,1.0,2024-12,Q4 2024
The Reserve at the Ballpark,2024-12-17,2.2680679618409,0.9190031152647975,2.084361522564067,1.0,2024-12,Q4 2024
The Reserve at the Ballpark,2024-12-18,2.2680679618409,0.9190031152647975,2.084361522564067,1.0,2024-12,Q4 2024
The Reserve at the Ballpark,2024-12-19,2.2680679618409,0.9190031152647975,2.084361522564067,1.0,2024-12,Q4 2024
The Reserve at the Ballpark,2024-12-20,2.2680679618409,0.9190031152647975,2.084361522564067,1.0,2024-12,Q4 2024
The Reserve at the Ballpark,2024-12-21,2.2616480139391095,0.9190031152647975,2.078461570442484,1.0,2024-12,Q4 2024
The Reserve at the Ballpark,2024-12-22,2.2616480139391095,0.9158878504672897,2.071415938000306,1.0,2024-12,Q4 2024
The Reserve at the Ballpark,2024-12-23,2.2616480139391095,0.9158878504672897,2.071415938000306,1.0,2024-12,Q4 2024
The Reserve at the Ballpark,2024-12-24,2.2616480139391095,0.9096573208722741,2.05732467311595,1.0,2024-12,Q4 2024
The Reserve at the Ballpark,2024-12-25,2.2564921141617114,0.9096573208722741,2.052634571137756,1.0,2024-12,Q4 2024
The Reserve at the Ballpark,2024-12-26,2.2564921141617114,0.9127725856697819,2.059664141586858,1.0,2024-12,Q4 2024
The Reserve at the Ballpark,2024-12-27,2.255797685363919,0.9127725856697819,2.059030286017533,1.0,2024-12,Q4 2024
The Reserve at the Ballpark,2024-12-28,2.255797685363919,0.9158878504672897,2.066057693137047,1.0,2024-12,Q4 2024
The Reserve at the Ballpark,2024-12-29,2.255797685363919,0.9158878504672897,2.066057693137047,1.0,2024-12,Q4 2024
The Reserve at the Ballpark,2024-12-30,2.255797685363919,0.9158878504672897,2.066057693137047,1.0,2024-12,Q4 2024
The Reserve at the Ballpark,2024-12-31,2.255797685363919,0.9158878504672897,2.066057693137047,1.0,2024-12,Q4 2024
The Reserve at the Ballpark,2025-01-01,2.2557533601215067,0.9127725856697819,2.0589898271514064,1.0,2025-01,Q1 2025
The Reserve at the Ballpark,2025-01-02,2.2557533601215067,0.9158878504672897,2.066017096186053,1.0,2025-01,Q1 2025
The Reserve at the Ballpark,2025-01-03,2.2557533601215067,0.9158878504672897,2.066017096186053,1.0,2025-01,Q1 2025
The Reserve at the Ballpark,2025-01-04,2.2557533601215067,0.9127725856697819,2.0589898271514064,1.0,2025-01,Q1 2025
The Reserve at the Ballpark,2025-01-05,2.2557533601215067,0.9127725856697819,2.0589898271514064,1.0,2025-01,Q1 2025
The Reserve at the Ballpark,2025-01-06,2.2533917503613305,0.9127725856697819,2.0568342145042675,1.0,2025-01,Q1 2025
The Reserve at the Ballpark,2025-01-07,2.259005899241066,0.9190031152647975,2.076033458804095,1.0,2025-01,Q1 2025
The Reserve at the Ballpark,2025-01-08,2.259005899241066,0.9221183800623053,2.083070860359363,1.0,2025-01,Q1 2025
The Reserve at the Ballpark,2025-01-09,2.259005899241066,0.9221183800623053,2.083070860359363,1.0,2025-01,Q1 2025
The Reserve at the Ballpark,2025-01-10,2.259005899241066,0.9221183800623053,2.083070860359363,1.0,2025-01,Q1 2025
The Reserve at the Ballpark,2025-01-11,2.259005899241066,0.9127725856697819,2.0619586556935587,1.0,2025-01,Q1 2025
The Reserve at the Ballpark,2025-01-12,2.259005899241066,0.9127725856697819,2.0619586556935587,1.0,2025-01,Q1 2025
The Reserve at the Ballpark,2025-01-13,2.259005899241066,0.9127725856697819,2.0619586556935587,1.0,2025-01,Q1 2025
The Reserve at the Ballpark,2025-01-14,2.259005899241066,0.9127725856697819,2.0619586556935587,1.0,2025-01,Q1 2025
The Reserve at the Ballpark,2025-01-15,2.259005899241066,0.9065420560747663,2.0478838525830225,1.0,2025-01,Q1 2025
The Reserve at the Ballpark,2025-01-16,2.259005899241066,0.9003115264797508,2.0338090494724863,1.0,2025-01,Q1 2025
The Reserve at the Ballpark,2025-01-17,2.259005899241066,0.9003115264797508,2.0338090494724863,1.0,2025-01,Q1 2025
The Reserve at the Ballpark,2025-01-18,2.259005899241066,0.9003115264797508,2.0338090494724863,1.0,2025-01,Q1 2025
The Reserve at the Ballpark,2025-01-19,2.259005899241066,0.9003115264797508,2.0338090494724863,1.0,2025-01,Q1 2025
The Reserve at the Ballpark,2025-01-20,2.259005899241066,0.9003115264797508,2.0338090494724863,1.0,2025-01,Q1 2025
The Reserve at the Ballpark,2025-01-21,2.259005899241066,0.9003115264797508,2.0338090494724863,1.0,2025-01,Q1 2025
The Reserve at the Ballpark,2025-01-22,2.259005899241066,0.9003115264797508,2.0338090494724863,1.0,2025-01,Q1 2025
The Reserve at the Ballpark,2025-01-23,2.259005899241066,0.9003115264797508,2.0338090494724863,1.0,2025-01,Q1 2025
The Reserve at the Ballpark,2025-01-24,2.259005899241066,0.9003115264797508,2.0338090494724863,1.0,2025-01,Q1 2025
The Reserve at the Ballpark,2025-01-25,2.259005899241066,0.9003115264797508,2.0338090494724863,1.0,2025-01,Q1 2025
The Reserve at the Ballpark,2025-01-26,2.259005899241066,0.897196261682243,2.026771647917218,1.0,2025-01,Q1 2025
The Reserve at the Ballpark,2025-01-27,2.259005899241066,0.897196261682243,2.026771647917218,1.0,2025-01,Q1 2025
The Reserve at the Ballpark,2025-01-28,2.259005899241066,0.8940809968847352,2.01973424636195,1.0,2025-01,Q1 2025
The Reserve at the Ballpark,2025-01-29,2.259005899241066,0.8940809968847352,2.01973424636195,1.0,2025-01,Q1 2025
The Reserve at the Ballpark,2025-01-30,2.259005899241066,0.8940809968847352,2.01973424636195,1.0,2025-01,Q1 2025
The Reserve at the Ballpark,2025-01-31,2.259005899241066,0.8940809968847352,2.01973424636195,1.0,2025-01,Q1 2025
The Reserve at the Ballpark,2025-02-01,2.259005899241066,0.8940809968847352,2.01973424636195,1.0,2025-02,Q1 2025
The Reserve at the Ballpark,2025-02-02,2.259005899241066,0.8940809968847352,2.01973424636195,1.0,2025-02,Q1 2025
The Reserve at the Ballpark,2025-02-03,2.259005899241066,0.8940809968847352,2.01973424636195,1.0,2025-02,Q1 2025
The Reserve at the Ballpark,2025-02-04,2.259005899241066,0.8940809968847352,2.01973424636195,1.0,2025-02,Q1 2025
The Reserve at the Ballpark,2025-02-05,2.252716878573202,0.8909657320872274,2.0070935429032266,1.0,2025-02,Q1 2025
The Reserve at the Ballpark,2025-02-06,2.2548971660529906,0.8940809968847352,2.016060706097222,1.0,2025-02,Q1 2025
The Reserve at the Ballpark,2025-02-07,2.2548971660529906,0.897196261682243,2.0230853078606272,1.0,2025-02,Q1 2025
The Reserve at the Ballpark,2025-02-08,2.250201777410884,0.8847352024922118,1.9908327251859532,1.0,2025-02,Q1 2025
The Reserve at the Ballpark,2025-02-09,2.250201777410884,0.8909657320872274,2.0048526739548684,1.0,2025-02,Q1 2025
The Reserve at the Ballpark,2025-02-10,2.250201777410884,0.8909657320872274,2.0048526739548684,1.0,2025-02,Q1 2025
The Reserve at the Ballpark,2025-02-11,2.250201777410884,0.8909657320872274,2.0048526739548684,1.0,2025-02,Q1 2025
The Reserve at the Ballpark,2025-02-12,2.2488717875052973,0.8909657320872274,2.003667698524969,1.0,2025-02,Q1 2025
The Reserve at the Ballpark,2025-02-13,2.2526997865424616,0.8909657320872274,2.007078314489545,1.0,2025-02,Q1 2025
The Reserve at the Ballpark,2025-02-14,2.2526997865424616,0.8940809968847352,2.014096070833914,1.0,2025-02,Q1 2025
The Reserve at the Ballpark,2025-02-15,2.2526997865424616,0.8940809968847352,2.014096070833914,1.0,2025-02,Q1 2025
The Reserve at the Ballpark,2025-02-16,2.2492746675305515,0.881619937694704,1.983005392246561,1.0,2025-02,Q1 2025
The Reserve at the Ballpark,2025-02-17,2.2504710509486436,0.8847352024922118,1.991070960963909,1.0,2025-02,Q1 2025
The Reserve at the Ballpark,2025-02-18,2.2504710509486436,0.8878504672897196,1.9980817742067396,1.0,2025-02,Q1 2025
The Reserve at the Ballpark,2025-02-19,2.250495457972481,0.8878504672897196,1.9981034439942589,1.0,2025-02,Q1 2025
The Reserve at the Ballpark,2025-02-20,2.2486567955100307,0.8878504672897196,1.9964709866677843,1.0,2025-02,Q1 2025
The Reserve at the Ballpark,2025-02-21,2.2486567955100307,0.8909657320872274,2.003476148024513,1.0,2025-02,Q1 2025
The Reserve at the Ballpark,2025-02-22,2.2496894364484086,0.8909657320872274,2.0043961957141585,1.0,2025-02,Q1 2025
The Reserve at the Ballpark,2025-02-23,2.2496894364484086,0.897196261682243,2.018412952327544,1.0,2025-02,Q1 2025
The Reserve at the Ballpark,2025-02-24,2.2496894364484086,0.897196261682243,2.018412952327544,1.0,2025-02,Q1 2025
The Reserve at the Ballpark,2025-02-25,2.2496894364484086,0.897196261682243,2.018412952327544,1.0,2025-02,Q1 2025
The Reserve at the Ballpark,2025-02-26,2.246709786470777,0.897196261682243,2.0157396215064916,1.0,2025-02,Q1 2025
The Reserve at the Ballpark,2025-02-27,2.246709786470777,0.9003115264797508,2.0227387174145,1.0,2025-02,Q1 2025
The Reserve at the Ballpark,2025-02-28,2.250182614003032,0.9003115264797508,2.0258653440712657,1.0,2025-02,Q1 2025
The Reserve at the Ballpark,2025-03-01,2.2480903142624573,0.897196261682243,2.0169782258803357,1.0,2025-03,Q1 2025
The Reserve at the Ballpark,2025-03-02,2.2480903142624573,0.9003115264797508,2.0239816224979754,1.0,2025-03,Q1 2025
The Reserve at the Ballpark,2025-03-03,2.2480903142624573,0.9003115264797508,2.0239816224979754,1.0,2025-03,Q1 2025
The Reserve at the Ballpark,2025-03-04,2.245113792953937,0.8940809968847352,2.007313578123925,1.0,2025-03,Q1 2025
The Reserve at the Ballpark,2025-03-05,2.245113792953937,0.897196261682243,2.0143077020895137,1.0,2025-03,Q1 2025
The Reserve at the Ballpark,2025-03-06,2.240943105028656,0.897196261682243,2.010565776474308,1.0,2025-03,Q1 2025
The Reserve at the Ballpark,2025-03-07,2.2368687018124334,0.8940809968847352,1.9999417988167238,1.0,2025-03,Q1 2025
The Reserve at the Ballpark,2025-03-08,2.2368687018124334,0.897196261682243,2.006910237140127,1.0,2025-03,Q1 2025
The Reserve at the Ballpark,2025-03-09,2.233593496005582,0.897196261682243,2.00397173473398,1.0,2025-03,Q1 2025
The Reserve at the Ballpark,2025-03-10,2.234084617234005,0.9003115264797508,2.0113721320268767,1.0,2025-03,Q1 2025
The Reserve at the Ballpark,2025-03-11,2.234084617234005,0.9034267912772586,2.0183318971895994,1.0,2025-03,Q1 2025
The Reserve at the Ballpark,2025-03-12,2.2357159287667896,0.9034267912772586,2.0198056677332366,1.0,2025-03,Q1 2025
The Reserve at the Ballpark,2025-03-13,2.2357159287667896,0.897196261682243,2.0058759734730076,1.0,2025-03,Q1 2025
The Reserve at the Ballpark,2025-03-14,2.2357159287667896,0.897196261682243,2.0058759734730076,1.0,2025-03,Q1 2025
The Reserve at the Ballpark,2025-03-15,2.2357159287667896,0.897196261682243,2.0058759734730076,1.0,2025-03,Q1 2025
The Reserve at the Ballpark,2025-03-16,2.2357159287667896,0.8940809968847352,1.998911126342893,1.0,2025-03,Q1 2025
The Reserve at the Ballpark,2025-03-17,2.2357159287667896,0.8940809968847352,1.998911126342893,1.0,2025-03,Q1 2025
The Reserve at the Ballpark,2025-03-18,2.2357159287667896,0.8940809968847352,1.998911126342893,1.0,2025-03,Q1 2025
The Reserve at the Ballpark,2025-03-19,2.2357159287667896,0.8878504672897196,1.9849814320826635,1.0,2025-03,Q1 2025
The Reserve at the Ballpark,2025-03-20,2.2357159287667896,0.8878504672897196,1.9849814320826635,1.0,2025-03,Q1 2025
The Reserve at the Ballpark,2025-03-21,2.2357159287667896,0.8878504672897196,1.9849814320826635,1.0,2025-03,Q1 2025
The Reserve at the Ballpark,2025-03-22,2.2357159287667896,0.8878504672897196,1.9849814320826635,1.0,2025-03,Q1 2025
The Reserve at the Ballpark,2025-03-23,2.240720549090541,0.8847352024922118,1.9824443487280798,1.0,2025-03,Q1 2025
The Reserve at the Ballpark,2025-03-24,2.240720549090541,0.8878504672897196,1.989424786575714,1.0,2025-03,Q1 2025
The Reserve at the Ballpark,2025-03-25,2.240720549090541,0.8878504672897196,1.989424786575714,1.0,2025-03,Q1 2025
The Reserve at the Ballpark,2025-03-26,2.237450895936577,0.8878504672897196,1.9865218234950917,1.0,2025-03,Q1 2025
The Reserve at the Ballpark,2025-03-27,2.237450895936577,0.8909657320872274,1.993492075507355,1.0,2025-03,Q1 2025
The Reserve at the Ballpark,2025-03-28,2.2342514854037296,0.8909657320872274,1.9906415103597093,1.0,2025-03,Q1 2025
The Reserve at the Ballpark,2025-03-29,2.2342514854037296,0.8940809968847352,1.997601795360967,1.0,2025-03,Q1 2025
The Reserve at the Ballpark,2025-03-30,2.2342514854037296,0.8940809968847352,1.997601795360967,1.0,2025-03,Q1 2025
The Reserve at the Ballpark,2025-03-31,2.2342514854037296,0.8940809968847352,1.997601795360967,1.0,2025-03,Q1 2025
The Reserve at the Ballpark,2025-04-01,2.2342514854037296,0.8940809968847352,1.997601795360967,1.0,2025-04,Q2 2025
The Reserve at the Ballpark,2025-04-02,2.2337037075397723,0.881619937694704,1.9692777234696435,1.0,2025-04,Q2 2025
The Reserve at the Ballpark,2025-04-03,2.231915974350748,0.8753894080996885,1.9537956037151407,1.0,2025-04,Q2 2025
The Reserve at the Ballpark,2025-04-04,2.231915974350748,0.881619937694704,1.967701622246921,1.0,2025-04,Q2 2025
The Reserve at the Ballpark,2025-04-05,2.241099686095266,0.881619937694704,1.9757981656229293,1.0,2025-04,Q2 2025
The Reserve at the Ballpark,2025-04-06,2.241099686095266,0.8909657320872274,1.9967430225023244,1.0,2025-04,Q2 2025
The Reserve at the Ballpark,2025-04-07,2.241099686095266,0.8878504672897196,1.989761403542526,1.0,2025-04,Q2 2025
The Reserve at the Ballpark,2025-04-08,2.241099686095266,0.8878504672897196,1.989761403542526,1.0,2025-04,Q2 2025
The Reserve at the Ballpark,2025-04-09,2.2378732124616807,0.8878504672897196,1.9868967774192492,1.0,2025-04,Q2 2025
The Reserve at the Ballpark,2025-04-10,2.2382369534715996,0.897196261682243,2.0081378274137713,1.0,2025-04,Q2 2025
The Reserve at the Ballpark,2025-04-11,2.2382369534715996,0.897196261682243,2.0081378274137713,1.0,2025-04,Q2 2025
The Reserve at the Ballpark,2025-04-12,2.2382369534715996,0.897196261682243,2.0081378274137713,1.0,2025-04,Q2 2025
The Reserve at the Ballpark,2025-04-13,2.2349890009863946,0.881619937694704,1.970410863797974,1.0,2025-04,Q2 2025
Ellison Parkview,2024-09-25,2.6121587905913404,0.03703703703703709,0.09674662187375349,1.0,2024-09,Q3 2024
Ellison Parkview,2024-09-26,2.6137480634941466,0.45791245791245794,1.1968678001185318,1.0,2024-09,Q3 2024
Ellison Parkview,2024-09-27,2.6135773813002814,0.4612794612794613,1.205589566458379,1.0,2024-09,Q3 2024
Ellison Parkview,2024-09-28,2.6135773813002814,0.46464646464646464,1.2143894903011407,1.0,2024-09,Q3 2024
Ellison Parkview,2024-09-29,2.6135773813002814,0.46464646464646464,1.2143894903011407,1.0,2024-09,Q3 2024
Ellison Parkview,2024-09-30,2.6139608133462513,0.46464646464646464,1.214567650645733,1.0,2024-09,Q3 2024
Ellison Parkview,2024-10-01,2.613432085035651,0.468013468013468,1.2231214135352035,1.0,2024-10,Q4 2024
Ellison Parkview,2024-10-02,2.613432085035651,0.47138047138047134,1.2319208481649533,1.0,2024-10,Q4 2024
Ellison Parkview,2024-10-03,2.613432085035651,0.47138047138047134,1.2319208481649533,1.0,2024-10,Q4 2024
Ellison Parkview,2024-10-04,2.613432085035651,0.468013468013468,1.2231214135352035,1.0,2024-10,Q4 2024
Ellison Parkview,2024-10-05,2.613432085035651,0.468013468013468,1.2231214135352035,1.0,2024-10,Q4 2024
Ellison Parkview,2024-10-06,2.613432085035651,0.468013468013468,1.2231214135352035,1.0,2024-10,Q4 2024
Ellison Parkview,2024-10-07,2.614208458170103,0.468013468013468,1.2234847666183308,1.0,2024-10,Q4 2024
Ellison Parkview,2024-10-08,2.614208458170103,0.47138047138047134,1.2322868152990383,1.0,2024-10,Q4 2024
Ellison Parkview,2024-10-09,2.614208458170103,0.47138047138047134,1.2322868152990383,1.0,2024-10,Q4 2024
Ellison Parkview,2024-10-10,2.614208458170103,0.47138047138047134,1.2322868152990383,1.0,2024-10,Q4 2024
Ellison Parkview,2024-10-11,2.614208458170103,0.47138047138047134,1.2322868152990383,1.0,2024-10,Q4 2024
Ellison Parkview,2024-10-12,2.614208458170103,0.47138047138047134,1.2322868152990383,1.0,2024-10,Q4 2024
Ellison Parkview,2024-10-13,2.614208458170103,0.47138047138047134,1.2322868152990383,1.0,2024-10,Q4 2024
Ellison Parkview,2024-10-14,2.614208458170103,0.47138047138047134,1.2322868152990383,1.0,2024-10,Q4 2024
Ellison Parkview,2024-10-15,2.614208458170103,0.47138047138047134,1.2322868152990383,1.0,2024-10,Q4 2024
Ellison Parkview,2024-10-16,2.614208458170103,0.47138047138047134,1.2322868152990383,1.0,2024-10,Q4 2024
Ellison Parkview,2024-10-17,2.614208458170103,0.47138047138047134,1.2322868152990383,1.0,2024-10,Q4 2024
Ellison Parkview,2024-10-18,2.614208458170103,0.47138047138047134,1.2322868152990383,1.0,2024-10,Q4 2024
Ellison Parkview,2024-10-19,2.614208458170103,0.47138047138047134,1.2322868152990383,1.0,2024-10,Q4 2024
Ellison Parkview,2024-10-20,2.614208458170103,0.47138047138047134,1.2322868152990383,1.0,2024-10,Q4 2024
Ellison Parkview,2024-10-21,2.614208458170103,0.47138047138047134,1.2322868152990383,1.0,2024-10,Q4 2024
Ellison Parkview,2024-10-22,2.614208458170103,0.47138047138047134,1.2322868152990383,1.0,2024-10,Q4 2024
Ellison Parkview,2024-10-23,2.614208458170103,0.47138047138047134,1.2322868152990383,1.0,2024-10,Q4 2024
Ellison Parkview,2024-10-24,2.614208458170103,0.47138047138047134,1.2322868152990383,1.0,2024-10,Q4 2024
Ellison Parkview,2024-10-25,2.614208458170103,0.47138047138047134,1.2322868152990383,1.0,2024-10,Q4 2024
Ellison Parkview,2024-10-26,2.614208458170103,0.47138047138047134,1.2322868152990383,1.0,2024-10,Q4 2024
Ellison Parkview,2024-10-27,2.614208458170103,0.47138047138047134,1.2322868152990383,1.0,2024-10,Q4 2024
Ellison Parkview,2024-10-28,2.614208458170103,0.47138047138047134,1.2322868152990383,1.0,2024-10,Q4 2024
Ellison Parkview,2024-10-29,2.614208458170103,0.468013468013468,1.2234847666183308,1.0,2024-10,Q4 2024
Ellison Parkview,2024-10-30,2.614208458170103,0.468013468013468,1.2234847666183308,1.0,2024-10,Q4 2024
Ellison Parkview,2024-10-31,2.614208458170103,0.468013468013468,1.2234847666183308,1.0,2024-10,Q4 2024
Ellison Parkview,2024-11-01,2.614208458170103,0.468013468013468,1.2234847666183308,1.0,2024-11,Q4 2024
Ellison Parkview,2024-11-02,2.608974628989305,0.468013468013468,1.2210352640724356,1.0,2024-11,Q4 2024
Ellison Parkview,2024-11-03,2.608974628989305,0.47138047138047134,1.229819690432669,1.0,2024-11,Q4 2024
Ellison Parkview,2024-11-04,2.608974628989305,0.47138047138047134,1.229819690432669,1.0,2024-11,Q4 2024
Ellison Parkview,2024-11-05,2.608974628989305,0.47138047138047134,1.229819690432669,1.0,2024-11,Q4 2024
Ellison Parkview,2024-11-06,2.608974628989305,0.47138047138047134,1.229819690432669,1.0,2024-11,Q4 2024
Ellison Parkview,2024-11-07,2.608974628989305,0.47138047138047134,1.229819690432669,1.0,2024-11,Q4 2024
Ellison Parkview,2024-11-08,2.608974628989305,0.47138047138047134,1.229819690432669,1.0,2024-11,Q4 2024
Ellison Parkview,2024-11-09,2.608974628989305,0.47138047138047134,1.229819690432669,1.0,2024-11,Q4 2024
Ellison Parkview,2024-11-10,2.608974628989305,0.47138047138047134,1.229819690432669,1.0,2024-11,Q4 2024
Ellison Parkview,2024-11-11,2.608974628989305,0.47138047138047134,1.229819690432669,1.0,2024-11,Q4 2024
Ellison Parkview,2024-11-12,2.608974628989305,0.47138047138047134,1.229819690432669,1.0,2024-11,Q4 2024
Ellison Parkview,2024-11-13,2.608974628989305,0.47138047138047134,1.229819690432669,1.0,2024-11,Q4 2024
Ellison Parkview,2024-11-14,2.608974628989305,0.47138047138047134,1.229819690432669,1.0,2024-11,Q4 2024
Ellison Parkview,2024-11-15,2.608974628989305,0.47138047138047134,1.229819690432669,1.0,2024-11,Q4 2024
Ellison Parkview,2024-11-16,2.608974628989305,0.47138047138047134,1.229819690432669,1.0,2024-11,Q4 2024
Ellison Parkview,2024-11-17,2.608974628989305,0.47138047138047134,1.229819690432669,1.0,2024-11,Q4 2024
Ellison Parkview,2024-11-18,2.608974628989305,0.47138047138047134,1.229819690432669,1.0,2024-11,Q4 2024
Ellison Parkview,2024-11-19,2.608974628989305,0.468013468013468,1.2210352640724356,1.0,2024-11,Q4 2024
Ellison Parkview,2024-11-20,2.608974628989305,0.468013468013468,1.2210352640724356,1.0,2024-11,Q4 2024
Ellison Parkview,2024-11-21,2.608974628989305,0.468013468013468,1.2210352640724356,1.0,2024-11,Q4 2024
Ellison Parkview,2024-11-22,2.608974628989305,0.468013468013468,1.2210352640724356,1.0,2024-11,Q4 2024
Ellison Parkview,2024-11-23,2.6057293777998773,0.468013468013468,1.2195164428086966,1.0,2024-11,Q4 2024
Ellison Parkview,2024-11-24,2.606245241428254,0.47138047138047134,1.2285331104375607,1.0,2024-11,Q4 2024
Ellison Parkview,2024-11-25,2.606245241428254,0.4747474747474747,1.2373083469406863,1.0,2024-11,Q4 2024
Ellison Parkview,2024-11-26,2.606245241428254,0.4747474747474747,1.2373083469406863,1.0,2024-11,Q4 2024
Ellison Parkview,2024-11-27,2.606245241428254,0.4747474747474747,1.2373083469406863,1.0,2024-11,Q4 2024
Ellison Parkview,2024-11-28,2.606245241428254,0.4747474747474747,1.2373083469406863,1.0,2024-11,Q4 2024
Ellison Parkview,2024-11-29,2.606245241428254,0.4747474747474747,1.2373083469406863,1.0,2024-11,Q4 2024
Ellison Parkview,2024-11-30,2.606245241428254,0.4747474747474747,1.2373083469406863,1.0,2024-11,Q4 2024
Ellison Parkview,2024-12-01,2.606245241428254,0.4747474747474747,1.2373083469406863,1.0,2024-12,Q4 2024
Ellison Parkview,2024-12-02,2.606245241428254,0.4747474747474747,1.2373083469406863,1.0,2024-12,Q4 2024
Ellison Parkview,2024-12-03,2.6009945210382663,0.4747474747474747,1.2348155806949344,1.0,2024-12,Q4 2024
Ellison Parkview,2024-12-04,2.6009945210382663,0.47811447811447816,1.2435731380048278,1.0,2024-12,Q4 2024
Ellison Parkview,2024-12-05,2.595491135239861,0.47811447811447816,1.2409418895759605,1.0,2024-12,Q4 2024
Ellison Parkview,2024-12-06,2.595491135239861,0.4814814814814815,1.2496809169673406,1.0,2024-12,Q4 2024
Ellison Parkview,2024-12-07,2.5848864987782894,0.4814814814814815,1.2445749808932505,1.0,2024-12,Q4 2024
Ellison Parkview,2024-12-08,2.5848864987782894,0.4882154882154882,1.2619816239826664,1.0,2024-12,Q4 2024
Ellison Parkview,2024-12-09,2.5848864987782894,0.4882154882154882,1.2619816239826664,1.0,2024-12,Q4 2024
Ellison Parkview,2024-12-10,2.5848864987782894,0.4882154882154882,1.2619816239826664,1.0,2024-12,Q4 2024
Ellison Parkview,2024-12-11,2.579781514292803,0.4882154882154882,1.2594892914897524,1.0,2024-12,Q4 2024
Ellison Parkview,2024-12-12,2.575113146634673,0.4949494949494949,1.274550951364636,1.0,2024-12,Q4 2024
Ellison Parkview,2024-12-13,2.573341434058691,0.49831649831649827,1.282338492392883,1.0,2024-12,Q4 2024
Ellison Parkview,2024-12-14,2.568327225554529,0.5016835016835017,1.2884873959852687,1.0,2024-12,Q4 2024
Ellison Parkview,2024-12-15,2.568327225554529,0.505050505050505,1.297134962401277,1.0,2024-12,Q4 2024
Ellison Parkview,2024-12-16,2.5660250131094835,0.505050505050505,1.2959722288431732,1.0,2024-12,Q4 2024
Ellison Parkview,2024-12-17,2.563979600765891,0.5084175084175084,1.3035721202547124,1.0,2024-12,Q4 2024
Ellison Parkview,2024-12-18,2.5619656968932625,0.5117845117845118,1.311174363393185,1.0,2024-12,Q4 2024
Ellison Parkview,2024-12-19,2.5619656968932625,0.5151515151515151,1.3198005105207715,1.0,2024-12,Q4 2024
Ellison Parkview,2024-12-20,2.559899739740042,0.5117845117845118,1.3101170385201562,1.0,2024-12,Q4 2024
Ellison Parkview,2024-12-21,2.559899739740042,0.5151515151515151,1.3187362295630518,1.0,2024-12,Q4 2024
Ellison Parkview,2024-12-22,2.559899739740042,0.5151515151515151,1.3187362295630518,1.0,2024-12,Q4 2024
Ellison Parkview,2024-12-23,2.559899739740042,0.5151515151515151,1.3187362295630518,1.0,2024-12,Q4 2024
Ellison Parkview,2024-12-24,2.5590087523384004,0.5151515151515151,1.3182772360531154,1.0,2024-12,Q4 2024
Ellison Parkview,2024-12-25,2.5590087523384004,0.5185185185185186,1.32689342713843,1.0,2024-12,Q4 2024
Ellison Parkview,2024-12-26,2.5590087523384004,0.5185185185185186,1.32689342713843,1.0,2024-12,Q4 2024
Ellison Parkview,2024-12-27,2.5590087523384004,0.5185185185185186,1.32689342713843,1.0,2024-12,Q4 2024
Ellison Parkview,2024-12-28,2.5590087523384004,0.5185185185185186,1.32689342713843,1.0,2024-12,Q4 2024
Ellison Parkview,2024-12-29,2.5563924200112953,0.5185185185185186,1.3255368103762275,1.0,2024-12,Q4 2024
Ellison Parkview,2024-12-30,2.5563924200112953,0.5218855218855218,1.334144192261787,1.0,2024-12,Q4 2024
Ellison Parkview,2024-12-31,2.5563924200112953,0.5218855218855218,1.334144192261787,1.0,2024-12,Q4 2024
Ellison Parkview,2025-01-01,2.5563924200112953,0.5218855218855218,1.334144192261787,1.0,2025-01,Q1 2025
Ellison Parkview,2025-01-02,2.5563924200112953,0.5218855218855218,1.334144192261787,1.0,2025-01,Q1 2025
Ellison Parkview,2025-01-03,2.5563924200112953,0.5218855218855218,1.334144192261787,1.0,2025-01,Q1 2025
Ellison Parkview,2025-01-04,2.5563924200112953,0.5218855218855218,1.334144192261787,1.0,2025-01,Q1 2025
Ellison Parkview,2025-01-05,2.5563924200112953,0.5218855218855218,1.334144192261787,1.0,2025-01,Q1 2025
Ellison Parkview,2025-01-06,2.5563924200112953,0.5218855218855218,1.334144192261787,1.0,2025-01,Q1 2025
Ellison Parkview,2025-01-07,2.5563924200112953,0.5218855218855218,1.334144192261787,1.0,2025-01,Q1 2025
Ellison Parkview,2025-01-08,2.5544380123373034,0.5218855218855218,1.3331242151928686,1.0,2025-01,Q1 2025
Ellison Parkview,2025-01-09,2.5544380123373034,0.5252525252525253,1.34172501658121,1.0,2025-01,Q1 2025
Ellison Parkview,2025-01-10,2.5544380123373034,0.5252525252525253,1.34172501658121,1.0,2025-01,Q1 2025
Ellison Parkview,2025-01-11,2.553323306994998,0.5252525252525253,1.3411395147852516,1.0,2025-01,Q1 2025
Ellison Parkview,2025-01-12,2.5517803439925553,0.5286195286195285,1.348920922581923,1.0,2025-01,Q1 2025
Ellison Parkview,2025-01-13,2.5499693013797518,0.531986531986532,1.356549325313134,1.0,2025-01,Q1 2025
Ellison Parkview,2025-01-14,2.5499693013797518,0.5353535353535354,1.3651350805366347,1.0,2025-01,Q1 2025
Ellison Parkview,2025-01-15,2.54149034507544,0.5353535353535354,1.3605958413030133,1.0,2025-01,Q1 2025
Ellison Parkview,2025-01-16,2.54149034507544,0.5454545454545454,1.38626746095024,1.0,2025-01,Q1 2025
Ellison Parkview,2025-01-17,2.53691516975193,0.5454545454545454,1.3837719107737798,1.0,2025-01,Q1 2025
Ellison Parkview,2025-01-18,2.53691516975193,0.5488215488215489,1.3923137126921368,1.0,2025-01,Q1 2025
Ellison Parkview,2025-01-19,2.53691516975193,0.5488215488215489,1.3923137126921368,1.0,2025-01,Q1 2025
Ellison Parkview,2025-01-20,2.53691516975193,0.5488215488215489,1.3923137126921368,1.0,2025-01,Q1 2025
Ellison Parkview,2025-01-21,2.5360598683068853,0.5488215488215489,1.3918443048283582,1.0,2025-01,Q1 2025
Ellison Parkview,2025-01-22,2.531566798544461,0.5488215488215489,1.389378411322381,1.0,2025-01,Q1 2025
Ellison Parkview,2025-01-23,2.531566798544461,0.5521885521885521,1.397902205256874,1.0,2025-01,Q1 2025
Ellison Parkview,2025-01-24,2.528683803759918,0.5521885521885521,1.39631024854083,1.0,2025-01,Q1 2025
Ellison Parkview,2025-01-25,2.5242647127872107,0.5555555555555556,1.4023692848817837,1.0,2025-01,Q1 2025
Ellison Parkview,2025-01-26,2.5242647127872107,0.5589225589225589,1.410868492668946,1.0,2025-01,Q1 2025
Ellison Parkview,2025-01-27,2.5242647127872107,0.5589225589225589,1.410868492668946,1.0,2025-01,Q1 2025
Ellison Parkview,2025-01-28,2.5242647127872107,0.5589225589225589,1.410868492668946,1.0,2025-01,Q1 2025
Ellison Parkview,2025-01-29,2.5242647127872107,0.5589225589225589,1.410868492668946,1.0,2025-01,Q1 2025
Ellison Parkview,2025-01-30,2.5174296296904415,0.5589225589225589,1.4070482105340516,1.0,2025-01,Q1 2025
Ellison Parkview,2025-01-31,2.5174296296904415,0.569023569023569,1.4324767926521367,1.0,2025-01,Q1 2025
Ellison Parkview,2025-02-01,2.5162813372787642,0.569023569023569,1.4318233872057613,1.0,2025-02,Q1 2025
Ellison Parkview,2025-02-02,2.513970150751996,0.5723905723905724,1.4389728135617486,1.0,2025-02,Q1 2025
Ellison Parkview,2025-02-03,2.513970150751996,0.5791245791245792,1.4559019054860043,1.0,2025-02,Q1 2025
Ellison Parkview,2025-02-04,2.513115918315299,0.5791245791245792,1.4554071984856278,1.0,2025-02,Q1 2025
Ellison Parkview,2025-02-05,2.513115918315299,0.5824915824915825,1.463868868244265,1.0,2025-02,Q1 2025
Ellison Parkview,2025-02-06,2.513115918315299,0.5824915824915825,1.463868868244265,1.0,2025-02,Q1 2025
Ellison Parkview,2025-02-07,2.5112730440354305,0.5824915824915825,1.4627954094886515,1.0,2025-02,Q1 2025
Ellison Parkview,2025-02-08,2.50719336073671,0.5858585858585859,1.468860756795244,1.0,2025-02,Q1 2025
Ellison Parkview,2025-02-09,2.50719336073671,0.5892255892255892,1.4773024852825731,1.0,2025-02,Q1 2025
Ellison Parkview,2025-02-10,2.50719336073671,0.5892255892255892,1.4773024852825731,1.0,2025-02,Q1 2025
Ellison Parkview,2025-02-11,2.50719336073671,0.5892255892255892,1.4773024852825731,1.0,2025-02,Q1 2025
Ellison Parkview,2025-02-12,2.5054983442465972,0.5892255892255892,1.4763037381924393,1.0,2025-02,Q1 2025
Ellison Parkview,2025-02-13,2.5054983442465972,0.5925925925925926,1.484739759553539,1.0,2025-02,Q1 2025
Ellison Parkview,2025-02-14,2.5054983442465972,0.5925925925925926,1.484739759553539,1.0,2025-02,Q1 2025
Ellison Parkview,2025-02-15,2.5054983442465972,0.5925925925925926,1.484739759553539,1.0,2025-02,Q1 2025
Ellison Parkview,2025-02-16,2.501495088501251,0.5925925925925926,1.482367459852593,1.0,2025-02,Q1 2025
Ellison Parkview,2025-02-17,2.501495088501251,0.595959595959596,1.4907900022381195,1.0,2025-02,Q1 2025
Ellison Parkview,2025-02-18,2.4975382975251033,0.595959595959596,1.4884319146866778,1.0,2025-02,Q1 2025
Ellison Parkview,2025-02-19,2.493675803439393,0.5993265993265993,1.4945262390983565,1.0,2025-02,Q1 2025
Ellison Parkview,2025-02-20,2.491776827395565,0.5993265993265993,1.4933881322438065,1.0,2025-02,Q1 2025
Ellison Parkview,2025-02-21,2.491776827395565,0.6026936026936027,1.5017779532114686,1.0,2025-02,Q1 2025
Ellison Parkview,2025-02-22,2.491776827395565,0.6026936026936027,1.5017779532114686,1.0,2025-02,Q1 2025
Ellison Parkview,2025-02-23,2.491776827395565,0.6026936026936027,1.5017779532114686,1.0,2025-02,Q1 2025
Ellison Parkview,2025-02-24,2.491776827395565,0.6026936026936027,1.5017779532114686,1.0,2025-02,Q1 2025
Ellison Parkview,2025-02-25,2.489780269236812,0.595959595959596,1.4838084432825447,1.0,2025-02,Q1 2025
Ellison Parkview,2025-02-26,2.489780269236812,0.6026936026936027,1.5005746403817823,1.0,2025-02,Q1 2025
Ellison Parkview,2025-02-27,2.484316029413703,0.6026936026936027,1.497281377996811,1.0,2025-02,Q1 2025
Ellison Parkview,2025-02-28,2.48021913611885,0.6094276094276094,1.5115140189815213,1.0,2025-02,Q1 2025
Ellison Parkview,2025-03-01,2.4785733054403747,0.6161616161616161,1.5272017336551802,1.0,2025-03,Q1 2025
Ellison Parkview,2025-03-02,2.4785733054403747,0.6195286195286196,1.5355470983199628,1.0,2025-03,Q1 2025
Ellison Parkview,2025-03-03,2.4785733054403747,0.6195286195286196,1.5355470983199628,1.0,2025-03,Q1 2025
Ellison Parkview,2025-03-04,2.4785733054403747,0.6195286195286196,1.5355470983199628,1.0,2025-03,Q1 2025
Ellison Parkview,2025-03-05,2.474933132702565,0.6195286195286196,1.533291907128862,1.0,2025-03,Q1 2025
Ellison Parkview,2025-03-06,2.476460080535287,0.6228956228956228,1.542576144441172,1.0,2025-03,Q1 2025
Ellison Parkview,2025-03-07,2.4778310822178224,0.6262626262626263,1.551773000984899,1.0,2025-03,Q1 2025
Ellison Parkview,2025-03-08,2.4778310822178224,0.6262626262626263,1.551773000984899,1.0,2025-03,Q1 2025
Ellison Parkview,2025-03-09,2.4778310822178224,0.6262626262626263,1.551773000984899,1.0,2025-03,Q1 2025
Ellison Parkview,2025-03-10,2.4778310822178224,0.6262626262626263,1.551773000984899,1.0,2025-03,Q1 2025
Ellison Parkview,2025-03-11,2.477727179055946,0.6262626262626263,1.5517079303178651,1.0,2025-03,Q1 2025
Ellison Parkview,2025-03-12,2.476283839075335,0.6296296296296297,1.5591416764548407,1.0,2025-03,Q1 2025
Ellison Parkview,2025-03-13,2.476283839075335,0.632996632996633,1.5674793324786633,1.0,2025-03,Q1 2025
Ellison Parkview,2025-03-14,2.476283839075335,0.632996632996633,1.5674793324786633,1.0,2025-03,Q1 2025
Ellison Parkview,2025-03-15,2.476283839075335,0.632996632996633,1.5674793324786633,1.0,2025-03,Q1 2025
Ellison Parkview,2025-03-16,2.476283839075335,0.632996632996633,1.5674793324786633,1.0,2025-03,Q1 2025
Ellison Parkview,2025-03-17,2.476283839075335,0.632996632996633,1.5674793324786633,1.0,2025-03,Q1 2025
Ellison Parkview,2025-03-18,2.475165078748158,0.6228956228956228,1.541769493496327,1.0,2025-03,Q1 2025
Ellison Parkview,2025-03-19,2.473571318211475,0.6262626262626263,1.5491052699910248,1.0,2025-03,Q1 2025
Ellison Parkview,2025-03-20,2.473571318211475,0.6296296296296297,1.5574337929479658,1.0,2025-03,Q1 2025
Ellison Parkview,2025-03-21,2.473571318211475,0.6296296296296297,1.5574337929479658,1.0,2025-03,Q1 2025
Ellison Parkview,2025-03-22,2.472922079932878,0.6262626262626263,1.5486986763216006,1.0,2025-03,Q1 2025
Ellison Parkview,2025-03-23,2.472922079932878,0.6296296296296297,1.5570250132910715,1.0,2025-03,Q1 2025
Ellison Parkview,2025-03-24,2.472922079932878,0.6296296296296297,1.5570250132910715,1.0,2025-03,Q1 2025
Ellison Parkview,2025-03-25,2.4697551660418826,0.6296296296296297,1.555031030470815,1.0,2025-03,Q1 2025
Ellison Parkview,2025-03-26,2.466437501041937,0.632996632996633,1.5612466336561754,1.0,2025-03,Q1 2025
Ellison Parkview,2025-03-27,2.466437501041937,0.6363636363636364,1.569551137026687,1.0,2025-03,Q1 2025
Ellison Parkview,2025-03-28,2.466437501041937,0.6363636363636364,1.569551137026687,1.0,2025-03,Q1 2025
Ellison Parkview,2025-03-29,2.4664101552412268,0.632996632996633,1.5612293238563995,1.0,2025-03,Q1 2025
Ellison Parkview,2025-03-30,2.462193426220222,0.6195286195286196,1.525399294358656,1.0,2025-03,Q1 2025
Ellison Parkview,2025-03-31,2.459525078366297,0.6262626262626263,1.540308634936469,1.0,2025-03,Q1 2025
Ellison Parkview,2025-04-01,2.456128156092633,0.632996632996633,1.5547208530148655,1.0,2025-04,Q2 2025
Ellison Parkview,2025-04-02,2.456128156092633,0.6397306397306397,1.5712604365575766,1.0,2025-04,Q2 2025
Ellison Parkview,2025-04-03,2.4540912671587787,0.5791245791245792,1.4212245722266328,1.0,2025-04,Q2 2025
Ellison Parkview,2025-04-04,2.4540912671587787,0.5824915824915825,1.42948750578609,1.0,2025-04,Q2 2025
Ellison Parkview,2025-04-05,2.4503767135545327,0.5824915824915825,1.427323809578903,1.0,2025-04,Q2 2025
Ellison Parkview,2025-04-06,2.448229566108933,0.5858585858585859,1.4343163114577588,1.0,2025-04,Q2 2025
Ellison Parkview,2025-04-07,2.448229566108933,0.5757575757575757,1.4095867198809007,1.0,2025-04,Q2 2025
Ellison Parkview,2025-04-08,2.448229566108933,0.5521885521885521,1.351884339534899,1.0,2025-04,Q2 2025
Ellison Parkview,2025-04-09,2.447434145147668,0.5488215488215489,1.3432045981786866,1.0,2025-04,Q2 2025
Ellison Parkview,2025-04-10,2.447434145147668,0.303030303030303,0.7416467106508083,1.0,2025-04,Q2 2025
Ellison Parkview,2025-04-11,2.447434145147668,0.303030303030303,0.7416467106508083,1.0,2025-04,Q2 2025
Ellison Parkview,2025-04-12,2.4469268216899946,0.303030303030303,0.7414929762696952,1.0,2025-04,Q2 2025
Ellison Parkview,2025-04-13,2.239604980337233,0.30639730639730645,0.6862089333693207,1.0,2025-04,Q2 2025
