property,date,avg_rent_per_sqft,net_leased,rev_pasf,rev_pasf_rank,year_month,quarter
Cortland Whitehall,2023-09-26,1.2536995942093914,0.8782287822878229,1.1010350679772514,1.0,2023-09,Q3 2023
Cortland Whitehall,2023-09-27,1.2680093201100326,0.8819188191881919,1.1182812823110622,1.0,2023-09,Q3 2023
Cortland Whitehall,2023-09-28,1.2680093201100326,0.8856088560885609,1.1229602834922798,1.0,2023-09,Q3 2023
Cortland Whitehall,2023-09-29,1.278805955862293,0.8819188191881919,1.1278030385649005,1.0,2023-09,Q3 2023
Cortland Whitehall,2023-09-30,1.2863293489708685,0.8856088560885609,1.139184663295234,1.0,2023-09,Q3 2023
Cortland Whitehall,2023-10-01,1.2771087760910003,0.8892988929889298,1.1357314208041736,1.0,2023-10,Q4 2023
Cortland Whitehall,2023-10-02,1.2771087760910003,0.8929889298892989,1.1404439993137345,1.0,2023-10,Q4 2023
Cortland Whitehall,2023-10-03,1.2771087760910003,0.8929889298892989,1.1404439993137345,1.0,2023-10,Q4 2023
Cortland Whitehall,2023-10-04,1.2771087760910003,0.8929889298892989,1.1404439993137345,1.0,2023-10,Q4 2023
Cortland Whitehall,2023-10-05,1.2933589413725861,0.8892988929889298,1.150182674799975,1.0,2023-10,Q4 2023
Cortland Whitehall,2023-10-06,1.2933589413725861,0.8929889298892989,1.1549552170190622,1.0,2023-10,Q4 2023
Cortland Whitehall,2023-10-07,1.2908120258812206,0.8929889298892989,1.1526808496799092,1.0,2023-10,Q4 2023
Cortland Whitehall,2023-10-08,1.2793528334796584,0.8929889298892989,1.1424479177198426,1.0,2023-10,Q4 2023
Cortland Whitehall,2023-10-09,1.2793528334796584,0.9003690036900369,1.1518896360481057,1.0,2023-10,Q4 2023
Cortland Whitehall,2023-10-10,1.6739256678654049,0.9003690036900369,1.5071507858271542,1.0,2023-10,Q4 2023
Cortland Whitehall,2023-10-11,1.6739256678654049,0.9077490774907749,1.5195044807929505,1.0,2023-10,Q4 2023
Cortland Whitehall,2023-10-12,1.6718519881002878,0.9077490774907749,1.5176220998991543,1.0,2023-10,Q4 2023
Cortland Whitehall,2023-10-13,1.6718519881002878,0.9077490774907749,1.5176220998991543,1.0,2023-10,Q4 2023
Cortland Whitehall,2023-10-14,1.6718519881002878,0.9077490774907749,1.5176220998991543,1.0,2023-10,Q4 2023
Cortland Whitehall,2023-10-15,1.6718519881002878,0.9040590405904059,1.511452904371109,1.0,2023-10,Q4 2023
Cortland Whitehall,2023-10-16,1.6718519881002878,0.9040590405904059,1.511452904371109,1.0,2023-10,Q4 2023
Cortland Whitehall,2023-10-17,1.6556993615751432,0.9040590405904059,1.4968499763317715,1.0,2023-10,Q4 2023
Cortland Whitehall,2023-10-18,1.6556993615751432,0.9077490774907749,1.5029595680719012,1.0,2023-10,Q4 2023
Cortland Whitehall,2023-10-19,1.6556993615751432,0.9040590405904059,1.4968499763317715,1.0,2023-10,Q4 2023
Cortland Whitehall,2023-10-20,1.6556993615751432,0.9040590405904059,1.4968499763317715,1.0,2023-10,Q4 2023
Cortland Whitehall,2023-10-21,1.6556993615751432,0.9040590405904059,1.4968499763317715,1.0,2023-10,Q4 2023
Cortland Whitehall,2023-10-22,1.6556993615751432,0.9040590405904059,1.4968499763317715,1.0,2023-10,Q4 2023
Cortland Whitehall,2023-10-23,1.6422451770186137,0.9040590405904059,1.4846865991496692,1.0,2023-10,Q4 2023
Cortland Whitehall,2023-10-24,1.6430772382526093,0.9003690036900369,1.4793758159912793,1.0,2023-10,Q4 2023
Cortland Whitehall,2023-10-25,1.6430772382526093,0.9040590405904059,1.4854388316305878,1.0,2023-10,Q4 2023
Cortland Whitehall,2023-10-26,1.6430772382526093,0.9040590405904059,1.4854388316305878,1.0,2023-10,Q4 2023
Cortland Whitehall,2023-10-27,1.6430772382526093,0.9003690036900369,1.4793758159912793,1.0,2023-10,Q4 2023
Cortland Whitehall,2023-10-28,1.6430772382526093,0.8966789667896679,1.4733128003519707,1.0,2023-10,Q4 2023
Cortland Whitehall,2023-10-29,1.6430772382526093,0.8966789667896679,1.4733128003519707,1.0,2023-10,Q4 2023
Cortland Whitehall,2023-10-30,1.6430772382526093,0.8966789667896679,1.4733128003519707,1.0,2023-10,Q4 2023
Cortland Whitehall,2023-10-31,1.6430772382526093,0.8892988929889298,1.4611867690733535,1.0,2023-10,Q4 2023
Cortland Whitehall,2023-11-01,1.6230357077359228,0.8892988929889298,1.4433638581710604,1.0,2023-11,Q4 2023
Cortland Whitehall,2023-11-02,1.6230357077359228,0.8966789667896679,1.4553419814753845,1.0,2023-11,Q4 2023
Cortland Whitehall,2023-11-03,1.6169287770174328,0.8966789667896679,1.4498660251484727,1.0,2023-11,Q4 2023
Cortland Whitehall,2023-11-04,1.6169287770174328,0.9040590405904059,1.4617990788533985,1.0,2023-11,Q4 2023
Cortland Whitehall,2023-11-05,1.6106009433118094,0.9040590405904059,1.456078343584477,1.0,2023-11,Q4 2023
Cortland Whitehall,2023-11-06,1.6106009433118094,0.9077490774907749,1.4620215204970668,1.0,2023-11,Q4 2023
Cortland Whitehall,2023-11-07,1.602543416554299,0.9077490774907749,1.4547073080160797,1.0,2023-11,Q4 2023
Cortland Whitehall,2023-11-08,1.5755177525499064,0.9114391143911439,1.4359885050916121,1.0,2023-11,Q4 2023
Cortland Whitehall,2023-11-09,1.5668766337381521,0.9114391143911439,1.4281126514144782,1.0,2023-11,Q4 2023
Cortland Whitehall,2023-11-10,1.5668766337381521,0.9114391143911439,1.4281126514144782,1.0,2023-11,Q4 2023
Cortland Whitehall,2023-11-11,1.567295247737768,0.9114391143911439,1.4284941925875596,1.0,2023-11,Q4 2023
Cortland Whitehall,2023-11-12,1.567295247737768,0.915129151291513,1.434277569885485,1.0,2023-11,Q4 2023
Cortland Whitehall,2023-11-13,1.567295247737768,0.915129151291513,1.434277569885485,1.0,2023-11,Q4 2023
Cortland Whitehall,2023-11-14,1.5697573010476613,0.9114391143911439,1.4307382042759127,1.0,2023-11,Q4 2023
Cortland Whitehall,2023-11-15,1.5697573010476613,0.915129151291513,1.4365306666414024,1.0,2023-11,Q4 2023
Cortland Whitehall,2023-11-16,1.5690698425451084,0.9077490774907749,1.4243217020889176,1.0,2023-11,Q4 2023
Cortland Whitehall,2023-11-17,1.5690698425451084,0.9114391143911439,1.4301116277071653,1.0,2023-11,Q4 2023
Cortland Whitehall,2023-11-18,1.5690698425451084,0.9114391143911439,1.4301116277071653,1.0,2023-11,Q4 2023
Cortland Whitehall,2023-11-19,1.5690698425451084,0.9114391143911439,1.4301116277071653,1.0,2023-11,Q4 2023
Cortland Whitehall,2023-11-20,1.5690698425451084,0.9114391143911439,1.4301116277071653,1.0,2023-11,Q4 2023
Cortland Whitehall,2023-11-21,1.5690698425451084,0.9114391143911439,1.4301116277071653,1.0,2023-11,Q4 2023
Cortland Whitehall,2023-11-22,1.5731121008740845,0.9077490774907749,1.427991058358025,1.0,2023-11,Q4 2023
Cortland Whitehall,2023-11-23,1.5731121008740845,0.9114391143911439,1.4337959000586673,1.0,2023-11,Q4 2023
Cortland Whitehall,2023-11-24,1.5731121008740845,0.9114391143911439,1.4337959000586673,1.0,2023-11,Q4 2023
Cortland Whitehall,2023-11-25,1.5731121008740845,0.9114391143911439,1.4337959000586673,1.0,2023-11,Q4 2023
Cortland Whitehall,2023-11-26,1.5731121008740845,0.9114391143911439,1.4337959000586673,1.0,2023-11,Q4 2023
Cortland Whitehall,2023-11-27,1.5731121008740845,0.9114391143911439,1.4337959000586673,1.0,2023-11,Q4 2023
Cortland Whitehall,2023-11-28,1.5731121008740845,0.9114391143911439,1.4337959000586673,1.0,2023-11,Q4 2023
Cortland Whitehall,2023-11-29,1.5731121008740845,0.8966789667896679,1.4105765332560978,1.0,2023-11,Q4 2023
Cortland Whitehall,2023-11-30,1.5662834405371668,0.8929889298892989,1.3986737734686139,1.0,2023-11,Q4 2023
Cortland Whitehall,2023-12-01,1.5667749685431862,0.8966789667896679,1.4048941599852185,1.0,2023-12,Q4 2023
Cortland Whitehall,2023-12-02,1.5597416309529502,0.9003690036900369,1.404343018274981,1.0,2023-12,Q4 2023
Cortland Whitehall,2023-12-03,1.5592326547404594,0.9077490774907749,1.4153920039341439,1.0,2023-12,Q4 2023
Cortland Whitehall,2023-12-04,1.5592326547404594,0.9114391143911439,1.4211456299663965,1.0,2023-12,Q4 2023
Cortland Whitehall,2023-12-05,1.5584020362622073,0.9114391143911439,1.4203885717961815,1.0,2023-12,Q4 2023
Cortland Whitehall,2023-12-06,1.553209223395029,0.915129151291513,1.4213870383836429,1.0,2023-12,Q4 2023
Cortland Whitehall,2023-12-07,1.5494196107893023,0.915129151291513,1.4179190534160406,1.0,2023-12,Q4 2023
Cortland Whitehall,2023-12-08,1.5494196107893023,0.9188191881918819,1.4236364689540084,1.0,2023-12,Q4 2023
Cortland Whitehall,2023-12-09,1.5464806256019674,0.9188191881918819,1.4209360729700733,1.0,2023-12,Q4 2023
Cortland Whitehall,2023-12-10,1.5464806256019674,0.9261992619926199,1.4323492141184273,1.0,2023-12,Q4 2023
Cortland Whitehall,2023-12-11,1.5464806256019674,0.9261992619926199,1.4323492141184273,1.0,2023-12,Q4 2023
Cortland Whitehall,2023-12-12,1.5479317236985495,0.9188191881918819,1.4222693697451616,1.0,2023-12,Q4 2023
Cortland Whitehall,2023-12-13,1.5479317236985495,0.9225092250922509,1.4279812949248611,1.0,2023-12,Q4 2023
Cortland Whitehall,2023-12-14,1.5479317236985495,0.9225092250922509,1.4279812949248611,1.0,2023-12,Q4 2023
Cortland Whitehall,2023-12-15,1.5479317236985495,0.9188191881918819,1.4222693697451616,1.0,2023-12,Q4 2023
Cortland Whitehall,2023-12-16,1.530320676126528,0.9188191881918819,1.4060880013118282,1.0,2023-12,Q4 2023
Cortland Whitehall,2023-12-17,1.530320676126528,0.929889298892989,1.423028820604742,1.0,2023-12,Q4 2023
Cortland Whitehall,2023-12-18,1.5251801883086882,0.929889298892989,1.418248735991843,1.0,2023-12,Q4 2023
Cortland Whitehall,2023-12-19,1.5251801883086882,0.933579335793358,1.4238767071664138,1.0,2023-12,Q4 2023
Cortland Whitehall,2023-12-20,1.5155755770416872,0.929889298892989,1.4093175107546319,1.0,2023-12,Q4 2023
Cortland Whitehall,2023-12-21,1.5155755770416872,0.929889298892989,1.4093175107546319,1.0,2023-12,Q4 2023
Cortland Whitehall,2023-12-22,1.5155755770416872,0.929889298892989,1.4093175107546319,1.0,2023-12,Q4 2023
Cortland Whitehall,2023-12-23,1.5155755770416872,0.9261992619926199,1.4037249809500498,1.0,2023-12,Q4 2023
Cortland Whitehall,2023-12-24,1.5155755770416872,0.9261992619926199,1.4037249809500498,1.0,2023-12,Q4 2023
Cortland Whitehall,2023-12-25,1.5155755770416872,0.9261992619926199,1.4037249809500498,1.0,2023-12,Q4 2023
Cortland Whitehall,2023-12-26,1.5155755770416872,0.9261992619926199,1.4037249809500498,1.0,2023-12,Q4 2023
Cortland Whitehall,2023-12-27,1.5155755770416872,0.9261992619926199,1.4037249809500498,1.0,2023-12,Q4 2023
Cortland Whitehall,2023-12-28,1.5155755770416872,0.9261992619926199,1.4037249809500498,1.0,2023-12,Q4 2023
Cortland Whitehall,2023-12-29,1.5155755770416872,0.9261992619926199,1.4037249809500498,1.0,2023-12,Q4 2023
Cortland Whitehall,2023-12-30,1.5155755770416872,0.9261992619926199,1.4037249809500498,1.0,2023-12,Q4 2023
Cortland Whitehall,2023-12-31,1.5155755770416872,0.9261992619926199,1.4037249809500498,1.0,2023-12,Q4 2023
Cortland Whitehall,2024-01-01,1.5155755770416872,0.9261992619926199,1.4037249809500498,1.0,2024-01,Q1 2024
Cortland Whitehall,2024-01-02,1.5155755770416872,0.9261992619926199,1.4037249809500498,1.0,2024-01,Q1 2024
Cortland Whitehall,2024-01-03,1.5110977261622383,0.9225092250922509,1.3940015924005886,1.0,2024-01,Q1 2024
Cortland Whitehall,2024-01-04,1.5110977261622383,0.9225092250922509,1.3940015924005886,1.0,2024-01,Q1 2024
Cortland Whitehall,2024-01-05,1.5110977261622383,0.9225092250922509,1.3940015924005886,1.0,2024-01,Q1 2024
Cortland Whitehall,2024-01-06,1.5068668371090759,0.9225092250922509,1.3900985582187046,1.0,2024-01,Q1 2024
Cortland Whitehall,2024-01-07,1.5068668371090759,0.9261992619926199,1.3956589524515794,1.0,2024-01,Q1 2024
Cortland Whitehall,2024-01-08,1.5068668371090759,0.9261992619926199,1.3956589524515794,1.0,2024-01,Q1 2024
Cortland Whitehall,2024-01-09,1.5106720676666467,0.9225092250922509,1.3936089185116667,1.0,2024-01,Q1 2024
Cortland Whitehall,2024-01-10,1.5106720676666467,0.933579335793358,1.4103322255338067,1.0,2024-01,Q1 2024
Cortland Whitehall,2024-01-11,1.5106720676666467,0.933579335793358,1.4103322255338067,1.0,2024-01,Q1 2024
Cortland Whitehall,2024-01-12,1.5106720676666467,0.933579335793358,1.4103322255338067,1.0,2024-01,Q1 2024
Cortland Whitehall,2024-01-13,1.5106720676666467,0.933579335793358,1.4103322255338067,1.0,2024-01,Q1 2024
Cortland Whitehall,2024-01-14,1.5066467607509855,0.933579335793358,1.4065742821771192,1.0,2024-01,Q1 2024
Cortland Whitehall,2024-01-15,1.5097536004667427,0.9372693726937269,1.4150458100315595,1.0,2024-01,Q1 2024
Cortland Whitehall,2024-01-16,1.5097536004667427,0.940959409594096,1.4206168565277468,1.0,2024-01,Q1 2024
Cortland Whitehall,2024-01-17,1.5097536004667427,0.940959409594096,1.4206168565277468,1.0,2024-01,Q1 2024
Cortland Whitehall,2024-01-18,1.5097536004667427,0.9372693726937269,1.4150458100315595,1.0,2024-01,Q1 2024
Cortland Whitehall,2024-01-19,1.5097536004667427,0.933579335793358,1.4094747635353724,1.0,2024-01,Q1 2024
Cortland Whitehall,2024-01-20,1.5097536004667427,0.933579335793358,1.4094747635353724,1.0,2024-01,Q1 2024
Cortland Whitehall,2024-01-21,1.5097536004667427,0.933579335793358,1.4094747635353724,1.0,2024-01,Q1 2024
Cortland Whitehall,2024-01-22,1.5097536004667427,0.933579335793358,1.4094747635353724,1.0,2024-01,Q1 2024
Cortland Whitehall,2024-01-23,1.4953070787947262,0.9225092250922509,1.3794345745338803,1.0,2024-01,Q1 2024
Cortland Whitehall,2024-01-24,1.4953070787947262,0.933579335793358,1.3959877894282868,1.0,2024-01,Q1 2024
Cortland Whitehall,2024-01-25,1.5016938371717965,0.933579335793358,1.4019503350718248,1.0,2024-01,Q1 2024
Cortland Whitehall,2024-01-26,1.5016938371717965,0.940959409594096,1.413032946416266,1.0,2024-01,Q1 2024
Cortland Whitehall,2024-01-27,1.5016938371717965,0.940959409594096,1.413032946416266,1.0,2024-01,Q1 2024
Cortland Whitehall,2024-01-28,1.5016938371717965,0.940959409594096,1.413032946416266,1.0,2024-01,Q1 2024
Cortland Whitehall,2024-01-29,1.5016938371717965,0.940959409594096,1.413032946416266,1.0,2024-01,Q1 2024
Cortland Whitehall,2024-01-30,1.5016938371717965,0.9372693726937269,1.4074916407440454,1.0,2024-01,Q1 2024
Cortland Whitehall,2024-01-31,1.5037418268741685,0.933579335793358,1.4038622959378768,1.0,2024-01,Q1 2024
Cortland Whitehall,2024-02-01,1.5037418268741685,0.933579335793358,1.4038622959378768,1.0,2024-02,Q1 2024
Cortland Whitehall,2024-02-02,1.5037418268741685,0.933579335793358,1.4038622959378768,1.0,2024-02,Q1 2024
Cortland Whitehall,2024-02-03,1.5037418268741685,0.929889298892989,1.3983134331080829,1.0,2024-02,Q1 2024
Cortland Whitehall,2024-02-04,1.5037418268741685,0.929889298892989,1.3983134331080829,1.0,2024-02,Q1 2024
Cortland Whitehall,2024-02-05,1.5037418268741685,0.929889298892989,1.3983134331080829,1.0,2024-02,Q1 2024
Cortland Whitehall,2024-02-06,1.5037418268741685,0.929889298892989,1.3983134331080829,1.0,2024-02,Q1 2024
Cortland Whitehall,2024-02-07,1.5037418268741685,0.9261992619926199,1.392764570278289,1.0,2024-02,Q1 2024
Cortland Whitehall,2024-02-08,1.5037418268741685,0.9261992619926199,1.392764570278289,1.0,2024-02,Q1 2024
Cortland Whitehall,2024-02-09,1.5037418268741685,0.9261992619926199,1.392764570278289,1.0,2024-02,Q1 2024
Cortland Whitehall,2024-02-10,1.5037418268741685,0.9261992619926199,1.392764570278289,1.0,2024-02,Q1 2024
Cortland Whitehall,2024-02-11,1.5037418268741685,0.9261992619926199,1.392764570278289,1.0,2024-02,Q1 2024
Cortland Whitehall,2024-02-12,1.5038054055474155,0.9114391143911439,1.3706270670487513,1.0,2024-02,Q1 2024
Cortland Whitehall,2024-02-13,1.5009999308302,0.9040590405904059,1.3569925573926163,1.0,2024-02,Q1 2024
Cortland Whitehall,2024-02-14,1.5009999308302,0.9114391143911439,1.3680700476570458,1.0,2024-02,Q1 2024
Cortland Whitehall,2024-02-15,1.5009999308302,0.9077490774907749,1.3625313025248311,1.0,2024-02,Q1 2024
Cortland Whitehall,2024-02-16,1.5009999308302,0.9040590405904059,1.3569925573926163,1.0,2024-02,Q1 2024
Cortland Whitehall,2024-02-17,1.5009999308302,0.9040590405904059,1.3569925573926163,1.0,2024-02,Q1 2024
Cortland Whitehall,2024-02-18,1.5009999308302,0.9040590405904059,1.3569925573926163,1.0,2024-02,Q1 2024
Cortland Whitehall,2024-02-19,1.5009999308302,0.9040590405904059,1.3569925573926163,1.0,2024-02,Q1 2024
Cortland Whitehall,2024-02-20,1.5009999308302,0.9040590405904059,1.3569925573926163,1.0,2024-02,Q1 2024
Cortland Whitehall,2024-02-21,1.5009999308302,0.8782287822878229,1.318221341467113,1.0,2024-02,Q1 2024
Cortland Whitehall,2024-02-22,1.5009999308302,0.8782287822878229,1.318221341467113,1.0,2024-02,Q1 2024
Cortland Whitehall,2024-02-23,1.5008681028576798,0.8782287822878229,1.3181055663473351,1.0,2024-02,Q1 2024
Cortland Whitehall,2024-02-24,1.5008681028576798,0.8819188191881919,1.3236438250294666,1.0,2024-02,Q1 2024
Cortland Whitehall,2024-02-25,1.5008681028576798,0.8819188191881919,1.3236438250294666,1.0,2024-02,Q1 2024
Cortland Whitehall,2024-02-26,1.5008681028576798,0.8819188191881919,1.3236438250294666,1.0,2024-02,Q1 2024
Cortland Whitehall,2024-02-27,1.5008681028576798,0.8819188191881919,1.3236438250294666,1.0,2024-02,Q1 2024
Cortland Whitehall,2024-02-28,1.5006139149918563,0.8782287822878229,1.3178823312474603,1.0,2024-02,Q1 2024
Cortland Whitehall,2024-02-29,1.5030714286081928,0.8856088560885609,1.3311333685091007,1.0,2024-02,Q1 2024
Cortland Whitehall,2024-03-01,1.4951647367122918,0.8892988929889298,1.3296483451943257,1.0,2024-03,Q1 2024
Cortland Whitehall,2024-03-02,1.4951647367122918,0.8892988929889298,1.3296483451943257,1.0,2024-03,Q1 2024
Cortland Whitehall,2024-03-03,1.4951647367122918,0.8856088560885609,1.324131132143727,1.0,2024-03,Q1 2024
Cortland Whitehall,2024-03-04,1.4951647367122918,0.8856088560885609,1.324131132143727,1.0,2024-03,Q1 2024
Cortland Whitehall,2024-03-05,1.4863048546875355,0.8856088560885609,1.316284742158703,1.0,2024-03,Q1 2024
Cortland Whitehall,2024-03-06,1.4795221308839144,0.8892988929889298,1.3157373931476877,1.0,2024-03,Q1 2024
Cortland Whitehall,2024-03-07,1.4805940607553731,0.8929889298892989,1.3221541059143922,1.0,2024-03,Q1 2024
Cortland Whitehall,2024-03-08,1.4825082362928867,0.8929889298892989,1.3238634434792569,1.0,2024-03,Q1 2024
Cortland Whitehall,2024-03-09,1.4825082362928867,0.8966789667896679,1.3293339535762785,1.0,2024-03,Q1 2024
Cortland Whitehall,2024-03-10,1.4825082362928867,0.8966789667896679,1.3293339535762785,1.0,2024-03,Q1 2024
Cortland Whitehall,2024-03-11,1.4825082362928867,0.8892988929889298,1.318392933382235,1.0,2024-03,Q1 2024
Cortland Whitehall,2024-03-12,1.4837912738684373,0.8856088560885609,1.3140586927248155,1.0,2024-03,Q1 2024
Cortland Whitehall,2024-03-13,1.4837912738684373,0.8892988929889298,1.3195339372778354,1.0,2024-03,Q1 2024
Cortland Whitehall,2024-03-14,1.4827091108084862,0.8856088560885609,1.3131003195351907,1.0,2024-03,Q1 2024
Cortland Whitehall,2024-03-15,1.478052949704597,0.8782287822878229,1.298068642175993,1.0,2024-03,Q1 2024
Cortland Whitehall,2024-03-16,1.4787917389116778,0.8856088560885609,1.3096310602907848,1.0,2024-03,Q1 2024
Cortland Whitehall,2024-03-17,1.4819222780022168,0.8966789667896679,1.3288085371016187,1.0,2024-03,Q1 2024
Cortland Whitehall,2024-03-18,1.4782488240047915,0.9040590405904059,1.3364242135836675,1.0,2024-03,Q1 2024
Cortland Whitehall,2024-03-19,1.4782488240047915,0.9077490774907749,1.3418790062921724,1.0,2024-03,Q1 2024
Cortland Whitehall,2024-03-20,1.4687060073211762,0.9077490774907749,1.333216523250957,1.0,2024-03,Q1 2024
Cortland Whitehall,2024-03-21,1.4707772548798554,0.9188191881918819,1.3513783633397933,1.0,2024-03,Q1 2024
Cortland Whitehall,2024-03-22,1.473224292218586,0.9225092250922509,1.3590630002016475,1.0,2024-03,Q1 2024
Cortland Whitehall,2024-03-23,1.473224292218586,0.9261992619926199,1.3644992522024542,1.0,2024-03,Q1 2024
Cortland Whitehall,2024-03-24,1.473224292218586,0.9261992619926199,1.3644992522024542,1.0,2024-03,Q1 2024
Cortland Whitehall,2024-03-25,1.473224292218586,0.9261992619926199,1.3644992522024542,1.0,2024-03,Q1 2024
Cortland Whitehall,2024-03-26,1.4733760529601017,0.9225092250922509,1.3592030008857026,1.0,2024-03,Q1 2024
Cortland Whitehall,2024-03-27,1.4754749902157038,0.9261992619926199,1.366583847026353,1.0,2024-03,Q1 2024
Cortland Whitehall,2024-03-28,1.4754749902157038,0.9261992619926199,1.366583847026353,1.0,2024-03,Q1 2024
Cortland Whitehall,2024-03-29,1.4754749902157038,0.9261992619926199,1.366583847026353,1.0,2024-03,Q1 2024
Cortland Whitehall,2024-03-30,1.4754749902157038,0.9261992619926199,1.366583847026353,1.0,2024-03,Q1 2024
Cortland Whitehall,2024-03-31,1.4776392847844266,0.9261992619926199,1.3685884150586387,1.0,2024-03,Q1 2024
Cortland Whitehall,2024-04-01,1.479781246010774,0.929889298892989,1.3760327453679524,1.0,2024-04,Q2 2024
Cortland Whitehall,2024-04-02,1.479781246010774,0.933579335793358,1.3814931927702059,1.0,2024-04,Q2 2024
Cortland Whitehall,2024-04-03,1.4771227287232847,0.933579335793358,1.3790112559667564,1.0,2024-04,Q2 2024
Cortland Whitehall,2024-04-04,1.4774388955475048,0.933579335793358,1.3793064227805119,1.0,2024-04,Q2 2024
Cortland Whitehall,2024-04-05,1.4774388955475048,0.9372693726937269,1.3847582268231227,1.0,2024-04,Q2 2024
Cortland Whitehall,2024-04-06,1.4774388955475048,0.9372693726937269,1.3847582268231227,1.0,2024-04,Q2 2024
Cortland Whitehall,2024-04-07,1.4774388955475048,0.9372693726937269,1.3847582268231227,1.0,2024-04,Q2 2024
Cortland Whitehall,2024-04-08,1.4774388955475048,0.9372693726937269,1.3847582268231227,1.0,2024-04,Q2 2024
Cortland Whitehall,2024-04-09,1.4774388955475048,0.933579335793358,1.3793064227805119,1.0,2024-04,Q2 2024
Cortland Whitehall,2024-04-10,1.4774388955475048,0.933579335793358,1.3793064227805119,1.0,2024-04,Q2 2024
Cortland Whitehall,2024-04-11,1.4774388955475048,0.929889298892989,1.3738546187379013,1.0,2024-04,Q2 2024
Cortland Whitehall,2024-04-12,1.4774388955475048,0.929889298892989,1.3738546187379013,1.0,2024-04,Q2 2024
Cortland Whitehall,2024-04-13,1.4774388955475048,0.929889298892989,1.3738546187379013,1.0,2024-04,Q2 2024
Cortland Whitehall,2024-04-14,1.4774388955475048,0.929889298892989,1.3738546187379013,1.0,2024-04,Q2 2024
Cortland Whitehall,2024-04-15,1.4820765956980682,0.9261992619926199,1.3726982491520852,1.0,2024-04,Q2 2024
Cortland Whitehall,2024-04-16,1.4820765956980682,0.933579335793358,1.3836360838066837,1.0,2024-04,Q2 2024
Cortland Whitehall,2024-04-17,1.4820765956980682,0.933579335793358,1.3836360838066837,1.0,2024-04,Q2 2024
Cortland Whitehall,2024-04-18,1.4820765956980682,0.933579335793358,1.3836360838066837,1.0,2024-04,Q2 2024
Cortland Whitehall,2024-04-19,1.4800280856520478,0.929889298892989,1.3762622789089154,1.0,2024-04,Q2 2024
Cortland Whitehall,2024-04-20,1.4827113218955057,0.929889298892989,1.3787573915781086,1.0,2024-04,Q2 2024
Cortland Whitehall,2024-04-21,1.4827113218955057,0.933579335793358,1.384228651068498,1.0,2024-04,Q2 2024
Cortland Whitehall,2024-04-22,1.4827113218955057,0.929889298892989,1.3787573915781086,1.0,2024-04,Q2 2024
Cortland Whitehall,2024-04-23,1.4827758954171333,0.929889298892989,1.378817437804862,1.0,2024-04,Q2 2024
Cortland Whitehall,2024-04-24,1.4827758954171333,0.933579335793358,1.384288935573929,1.0,2024-04,Q2 2024
Cortland Whitehall,2024-04-25,1.483890316475288,0.929889298892989,1.379853726021301,1.0,2024-04,Q2 2024
Cortland Whitehall,2024-04-26,1.483890316475288,0.933579335793358,1.385329336045195,1.0,2024-04,Q2 2024
Cortland Whitehall,2024-04-27,1.483890316475288,0.933579335793358,1.385329336045195,1.0,2024-04,Q2 2024
Cortland Whitehall,2024-04-28,1.483890316475288,0.929889298892989,1.379853726021301,1.0,2024-04,Q2 2024
Cortland Whitehall,2024-04-29,1.483890316475288,0.9261992619926199,1.374378115997407,1.0,2024-04,Q2 2024
Cortland Whitehall,2024-04-30,1.483890316475288,0.9261992619926199,1.374378115997407,1.0,2024-04,Q2 2024
Cortland Whitehall,2024-05-01,1.483890316475288,0.9261992619926199,1.374378115997407,1.0,2024-05,Q2 2024
Cortland Whitehall,2024-05-02,1.483890316475288,0.9261992619926199,1.374378115997407,1.0,2024-05,Q2 2024
Cortland Whitehall,2024-05-03,1.484163665036722,0.9261992619926199,1.3746312912332739,1.0,2024-05,Q2 2024
Cortland Whitehall,2024-05-04,1.484163665036722,0.929889298892989,1.3801079099234463,1.0,2024-05,Q2 2024
Cortland Whitehall,2024-05-05,1.484163665036722,0.9261992619926199,1.3746312912332739,1.0,2024-05,Q2 2024
Cortland Whitehall,2024-05-06,1.484163665036722,0.9261992619926199,1.3746312912332739,1.0,2024-05,Q2 2024
Cortland Whitehall,2024-05-07,1.484163665036722,0.9261992619926199,1.3746312912332739,1.0,2024-05,Q2 2024
Cortland Whitehall,2024-05-08,1.484163665036722,0.9261992619926199,1.3746312912332739,1.0,2024-05,Q2 2024
Cortland Whitehall,2024-05-09,1.484163665036722,0.9261992619926199,1.3746312912332739,1.0,2024-05,Q2 2024
Cortland Whitehall,2024-05-10,1.484163665036722,0.9225092250922509,1.3691546725431014,1.0,2024-05,Q2 2024
Cortland Whitehall,2024-05-11,1.484163665036722,0.9114391143911439,1.3527248164725842,1.0,2024-05,Q2 2024
Cortland Whitehall,2024-05-12,1.484163665036722,0.9077490774907749,1.347248197782412,1.0,2024-05,Q2 2024
Cortland Whitehall,2024-05-13,1.484163665036722,0.9040590405904059,1.3417715790922393,1.0,2024-05,Q2 2024
Cortland Whitehall,2024-05-14,1.484163665036722,0.9040590405904059,1.3417715790922393,1.0,2024-05,Q2 2024
Cortland Whitehall,2024-05-15,1.484163665036722,0.9040590405904059,1.3417715790922393,1.0,2024-05,Q2 2024
Cortland Whitehall,2024-05-16,1.4861654442071732,0.9003690036900369,1.3380973003193737,1.0,2024-05,Q2 2024
Cortland Whitehall,2024-05-17,1.4861654442071732,0.9040590405904059,1.3435813056485515,1.0,2024-05,Q2 2024
Cortland Whitehall,2024-05-18,1.4861654442071732,0.9040590405904059,1.3435813056485515,1.0,2024-05,Q2 2024
Cortland Whitehall,2024-05-19,1.4861654442071732,0.9040590405904059,1.3435813056485515,1.0,2024-05,Q2 2024
Cortland Whitehall,2024-05-20,1.4861654442071732,0.9040590405904059,1.3435813056485515,1.0,2024-05,Q2 2024
Cortland Whitehall,2024-05-21,1.4861654442071732,0.8929889298892989,1.327129289661018,1.0,2024-05,Q2 2024
Cortland Whitehall,2024-05-22,1.4861654442071732,0.8892988929889298,1.3216452843318403,1.0,2024-05,Q2 2024
Cortland Whitehall,2024-05-23,1.4861654442071732,0.8856088560885609,1.3161612790026627,1.0,2024-05,Q2 2024
Cortland Whitehall,2024-05-24,1.4861654442071732,0.8856088560885609,1.3161612790026627,1.0,2024-05,Q2 2024
Cortland Whitehall,2024-05-25,1.4861654442071732,0.8856088560885609,1.3161612790026627,1.0,2024-05,Q2 2024
Cortland Whitehall,2024-05-26,1.4895160911866108,0.8856088560885609,1.3191286416412789,1.0,2024-05,Q2 2024
Cortland Whitehall,2024-05-27,1.4895160911866108,0.8892988929889298,1.3246250109814508,1.0,2024-05,Q2 2024
Cortland Whitehall,2024-05-28,1.4895160911866108,0.8892988929889298,1.3246250109814508,1.0,2024-05,Q2 2024
Cortland Whitehall,2024-05-29,1.486303460806652,0.8892988929889298,1.321768022340971,1.0,2024-05,Q2 2024
Cortland Whitehall,2024-05-30,1.486303460806652,0.8966789667896679,1.3327370515720165,1.0,2024-05,Q2 2024
Cortland Whitehall,2024-05-31,1.486303460806652,0.8966789667896679,1.3327370515720165,1.0,2024-05,Q2 2024
Cortland Whitehall,2024-06-01,1.486303460806652,0.8929889298892989,1.3272525369564938,1.0,2024-06,Q2 2024
Cortland Whitehall,2024-06-02,1.486303460806652,0.8929889298892989,1.3272525369564938,1.0,2024-06,Q2 2024
Cortland Whitehall,2024-06-03,1.486303460806652,0.8892988929889298,1.321768022340971,1.0,2024-06,Q2 2024
Cortland Whitehall,2024-06-04,1.486303460806652,0.8892988929889298,1.321768022340971,1.0,2024-06,Q2 2024
Cortland Whitehall,2024-06-05,1.486303460806652,0.8892988929889298,1.321768022340971,1.0,2024-06,Q2 2024
Cortland Whitehall,2024-06-06,1.486303460806652,0.8782287822878229,1.3053144784944029,1.0,2024-06,Q2 2024
Cortland Whitehall,2024-06-07,1.486303460806652,0.8782287822878229,1.3053144784944029,1.0,2024-06,Q2 2024
Cortland Whitehall,2024-06-08,1.486303460806652,0.8671586715867159,1.2888609346478348,1.0,2024-06,Q2 2024
Cortland Whitehall,2024-06-09,1.487886877404466,0.8671586715867159,1.2902340080813635,1.0,2024-06,Q2 2024
Cortland Whitehall,2024-06-10,1.487886877404466,0.8671586715867159,1.2902340080813635,1.0,2024-06,Q2 2024
Cortland Whitehall,2024-06-11,1.487886877404466,0.8634686346863468,1.2847436506001662,1.0,2024-06,Q2 2024
Cortland Whitehall,2024-06-12,1.4845901363275313,0.8597785977859779,1.2764188256985787,1.0,2024-06,Q2 2024
Cortland Whitehall,2024-06-13,1.488103667316988,0.8560885608856088,1.273948527001997,1.0,2024-06,Q2 2024
Cortland Whitehall,2024-06-14,1.487774665644017,0.8708487084870848,1.2956266460958967,1.0,2024-06,Q2 2024
Cortland Whitehall,2024-06-15,1.487774665644017,0.8745387453874539,1.3011165895115573,1.0,2024-06,Q2 2024
Cortland Whitehall,2024-06-16,1.487774665644017,0.8745387453874539,1.3011165895115573,1.0,2024-06,Q2 2024
Cortland Whitehall,2024-06-17,1.487774665644017,0.8708487084870848,1.2956266460958967,1.0,2024-06,Q2 2024
Cortland Whitehall,2024-06-18,1.487774665644017,0.8708487084870848,1.2956266460958967,1.0,2024-06,Q2 2024
Cortland Whitehall,2024-06-19,1.4893298148393461,0.8634686346863468,1.285989581817,1.0,2024-06,Q2 2024
Cortland Whitehall,2024-06-20,1.4893298148393461,0.8708487084870848,1.2969809457641537,1.0,2024-06,Q2 2024
Cortland Whitehall,2024-06-21,1.4893298148393461,0.8671586715867159,1.291485263790577,1.0,2024-06,Q2 2024
Cortland Whitehall,2024-06-22,1.4893298148393461,0.8671586715867159,1.291485263790577,1.0,2024-06,Q2 2024
Cortland Whitehall,2024-06-23,1.4893298148393461,0.8671586715867159,1.291485263790577,1.0,2024-06,Q2 2024
Cortland Whitehall,2024-06-24,1.4893298148393461,0.8671586715867159,1.291485263790577,1.0,2024-06,Q2 2024
Cortland Whitehall,2024-06-25,1.4886776263868309,0.8671586715867159,1.2909197129184695,1.0,2024-06,Q2 2024
Cortland Whitehall,2024-06-26,1.4886776263868309,0.8634686346863468,1.2854264375443483,1.0,2024-06,Q2 2024
Cortland Whitehall,2024-06-27,1.4886776263868309,0.8634686346863468,1.2854264375443483,1.0,2024-06,Q2 2024
Cortland Whitehall,2024-06-28,1.4885670109776528,0.8634686346863468,1.28533092460801,1.0,2024-06,Q2 2024
Cortland Whitehall,2024-06-29,1.4885670109776528,0.8671586715867159,1.2908237918071896,1.0,2024-06,Q2 2024
Cortland Whitehall,2024-06-30,1.4885670109776528,0.8671586715867159,1.2908237918071896,1.0,2024-06,Q2 2024
Cortland Whitehall,2024-07-01,1.4885670109776528,0.8671586715867159,1.2908237918071896,1.0,2024-07,Q3 2024
Cortland Whitehall,2024-07-02,1.4885670109776528,0.8671586715867159,1.2908237918071896,1.0,2024-07,Q3 2024
Cortland Whitehall,2024-07-03,1.4862470677405681,0.8671586715867159,1.2888120329115629,1.0,2024-07,Q3 2024
Cortland Whitehall,2024-07-04,1.4881098565852364,0.8671586715867159,1.290427366411552,1.0,2024-07,Q3 2024
Cortland Whitehall,2024-07-05,1.4868032967279021,0.8708487084870848,1.2947807307298336,1.0,2024-07,Q3 2024
Cortland Whitehall,2024-07-06,1.4868032967279021,0.8782287822878229,1.305753448786866,1.0,2024-07,Q3 2024
Cortland Whitehall,2024-07-07,1.4868032967279021,0.8782287822878229,1.305753448786866,1.0,2024-07,Q3 2024
Cortland Whitehall,2024-07-08,1.489910943739405,0.8745387453874539,1.3029848474768966,1.0,2024-07,Q3 2024
Cortland Whitehall,2024-07-09,1.489910943739405,0.8819188191881919,1.3139805001982205,1.0,2024-07,Q3 2024
Cortland Whitehall,2024-07-10,1.489910943739405,0.8782287822878229,1.3084826738375586,1.0,2024-07,Q3 2024
Cortland Whitehall,2024-07-11,1.489910943739405,0.8745387453874539,1.3029848474768966,1.0,2024-07,Q3 2024
Cortland Whitehall,2024-07-12,1.489910943739405,0.8745387453874539,1.3029848474768966,1.0,2024-07,Q3 2024
Cortland Whitehall,2024-07-13,1.489910943739405,0.8745387453874539,1.3029848474768966,1.0,2024-07,Q3 2024
Cortland Whitehall,2024-07-14,1.489910943739405,0.8745387453874539,1.3029848474768966,1.0,2024-07,Q3 2024
Cortland Whitehall,2024-07-15,1.489910943739405,0.8745387453874539,1.3029848474768966,1.0,2024-07,Q3 2024
Cortland Whitehall,2024-07-16,1.4802204301393735,0.8745387453874539,1.294510117870965,1.0,2024-07,Q3 2024
Cortland Whitehall,2024-07-17,1.4802204301393735,0.8782287822878229,1.2999721858788593,1.0,2024-07,Q3 2024
Cortland Whitehall,2024-07-18,1.4802204301393735,0.8782287822878229,1.2999721858788593,1.0,2024-07,Q3 2024
Cortland Whitehall,2024-07-19,1.4802204301393735,0.8782287822878229,1.2999721858788593,1.0,2024-07,Q3 2024
Cortland Whitehall,2024-07-20,1.4820488054430283,0.8782287822878229,1.3015779176953532,1.0,2024-07,Q3 2024
Cortland Whitehall,2024-07-21,1.4815949705729776,0.8819188191881919,1.3066464869628844,1.0,2024-07,Q3 2024
Cortland Whitehall,2024-07-22,1.4815949705729776,0.8856088560885609,1.3121136270756997,1.0,2024-07,Q3 2024
Cortland Whitehall,2024-07-23,1.4807635331975015,0.8856088560885609,1.311377298772695,1.0,2024-07,Q3 2024
Cortland Whitehall,2024-07-24,1.4807635331975015,0.8892988929889298,1.3168413708509146,1.0,2024-07,Q3 2024
Cortland Whitehall,2024-07-25,1.4749191944854547,0.8856088560885609,1.3062015006513252,1.0,2024-07,Q3 2024
Cortland Whitehall,2024-07-26,1.4749191944854547,0.8929889298892989,1.3170865131567528,1.0,2024-07,Q3 2024
Cortland Whitehall,2024-07-27,1.4687994567365865,0.8929889298892989,1.311621655093188,1.0,2024-07,Q3 2024
Cortland Whitehall,2024-07-28,1.4717187956187383,0.9003690036900369,1.3250899857231444,1.0,2024-07,Q3 2024
Cortland Whitehall,2024-07-29,1.4717187956187383,0.8966789667896679,1.3196592890603447,1.0,2024-07,Q3 2024
Cortland Whitehall,2024-07-30,1.4717187956187383,0.8966789667896679,1.3196592890603447,1.0,2024-07,Q3 2024
Cortland Whitehall,2024-07-31,1.469235121481236,0.8966789667896679,1.3174322307008868,1.0,2024-07,Q3 2024
Cortland Whitehall,2024-08-01,1.469235121481236,0.8929889298892989,1.312010698887303,1.0,2024-08,Q3 2024
Cortland Whitehall,2024-08-02,1.469235121481236,0.8929889298892989,1.312010698887303,1.0,2024-08,Q3 2024
Cortland Whitehall,2024-08-03,1.469235121481236,0.8892988929889298,1.306589167073719,1.0,2024-08,Q3 2024
Cortland Whitehall,2024-08-04,1.469235121481236,0.8892988929889298,1.306589167073719,1.0,2024-08,Q3 2024
Cortland Whitehall,2024-08-05,1.469235121481236,0.8892988929889298,1.306589167073719,1.0,2024-08,Q3 2024
Cortland Whitehall,2024-08-06,1.469235121481236,0.8892988929889298,1.306589167073719,1.0,2024-08,Q3 2024
Cortland Whitehall,2024-08-07,1.469235121481236,0.8892988929889298,1.306589167073719,1.0,2024-08,Q3 2024
Cortland Whitehall,2024-08-08,1.4662291644919174,0.8892988929889298,1.3039159728507457,1.0,2024-08,Q3 2024
Cortland Whitehall,2024-08-09,1.4662291644919174,0.8929889298892989,1.3093264125721182,1.0,2024-08,Q3 2024
Cortland Whitehall,2024-08-10,1.4662291644919174,0.8929889298892989,1.3093264125721182,1.0,2024-08,Q3 2024
Cortland Whitehall,2024-08-11,1.4662291644919174,0.8929889298892989,1.3093264125721182,1.0,2024-08,Q3 2024
Cortland Whitehall,2024-08-12,1.4662291644919174,0.8929889298892989,1.3093264125721182,1.0,2024-08,Q3 2024
Cortland Whitehall,2024-08-13,1.4662291644919174,0.8929889298892989,1.3093264125721182,1.0,2024-08,Q3 2024
Cortland Whitehall,2024-08-14,1.4662291644919174,0.8929889298892989,1.3093264125721182,1.0,2024-08,Q3 2024
Cortland Whitehall,2024-08-15,1.4662291644919174,0.8929889298892989,1.3093264125721182,1.0,2024-08,Q3 2024
Cortland Whitehall,2024-08-16,1.4662291644919174,0.8929889298892989,1.3093264125721182,1.0,2024-08,Q3 2024
Cortland Whitehall,2024-08-17,1.4662291644919174,0.8929889298892989,1.3093264125721182,1.0,2024-08,Q3 2024
Cortland Whitehall,2024-08-18,1.4662291644919174,0.8929889298892989,1.3093264125721182,1.0,2024-08,Q3 2024
Cortland Whitehall,2024-08-19,1.4662291644919174,0.8892988929889298,1.3039159728507457,1.0,2024-08,Q3 2024
Cortland Whitehall,2024-08-20,1.4662291644919174,0.8892988929889298,1.3039159728507457,1.0,2024-08,Q3 2024
Cortland Whitehall,2024-08-21,1.4632030762642985,0.8819188191881919,1.29042632925154,1.0,2024-08,Q3 2024
Cortland Whitehall,2024-08-22,1.4608260142353284,0.8782287822878229,1.2829394516162662,1.0,2024-08,Q3 2024
Cortland Whitehall,2024-08-23,1.4608339690214962,0.8819188191881919,1.2883369689894377,1.0,2024-08,Q3 2024
Cortland Whitehall,2024-08-24,1.4608339690214962,0.8819188191881919,1.2883369689894377,1.0,2024-08,Q3 2024
Cortland Whitehall,2024-08-25,1.4613780763953674,0.8819188191881919,1.2888168275221137,1.0,2024-08,Q3 2024
Cortland Whitehall,2024-08-26,1.4613780763953674,0.8856088560885609,1.2942093665494028,1.0,2024-08,Q3 2024
Cortland Whitehall,2024-08-27,1.4613780763953674,0.8856088560885609,1.2942093665494028,1.0,2024-08,Q3 2024
Cortland Whitehall,2024-08-28,1.4613780763953674,0.8856088560885609,1.2942093665494028,1.0,2024-08,Q3 2024
Cortland Whitehall,2024-08-29,1.4584246109901584,0.8819188191881919,1.2862121107994386,1.0,2024-08,Q3 2024
Cortland Whitehall,2024-08-30,1.4584246109901584,0.8856088560885609,1.2915937514303986,1.0,2024-08,Q3 2024
Cortland Whitehall,2024-08-31,1.4584246109901584,0.8856088560885609,1.2915937514303986,1.0,2024-08,Q3 2024
Cortland Whitehall,2024-09-01,1.4584246109901584,0.8819188191881919,1.2862121107994386,1.0,2024-09,Q3 2024
Cortland Whitehall,2024-09-02,1.4584246109901584,0.8819188191881919,1.2862121107994386,1.0,2024-09,Q3 2024
Cortland Whitehall,2024-09-03,1.4580769023733067,0.8745387453874539,1.2751447448799766,1.0,2024-09,Q3 2024
Cortland Whitehall,2024-09-04,1.4559248205955357,0.8708487084870848,1.267890249669913,1.0,2024-09,Q3 2024
Cortland Whitehall,2024-09-05,1.4559248205955357,0.8745387453874539,1.2732626659820738,1.0,2024-09,Q3 2024
Cortland Whitehall,2024-09-06,1.4559248205955357,0.8745387453874539,1.2732626659820738,1.0,2024-09,Q3 2024
Cortland Whitehall,2024-09-07,1.4544010078904726,0.8708487084870848,1.2665632393437325,1.0,2024-09,Q3 2024
Cortland Whitehall,2024-09-08,1.4530224100501126,0.8782287822878229,1.276086101815228,1.0,2024-09,Q3 2024
Cortland Whitehall,2024-09-09,1.4518364119307985,0.8819188191881919,1.2804018540644313,1.0,2024-09,Q3 2024
Cortland Whitehall,2024-09-10,1.4520499438009853,0.8819188191881919,1.2805901718392454,1.0,2024-09,Q3 2024
Cortland Whitehall,2024-09-11,1.4532006034382188,0.8819188191881919,1.281604960227802,1.0,2024-09,Q3 2024
Cortland Whitehall,2024-09-12,1.4532006034382188,0.8782287822878229,1.2762425963774762,1.0,2024-09,Q3 2024
Cortland Whitehall,2024-09-13,1.454446305459769,0.8782287822878229,1.2773366077469557,1.0,2024-09,Q3 2024
Cortland Whitehall,2024-09-14,1.454446305459769,0.8782287822878229,1.2773366077469557,1.0,2024-09,Q3 2024
Cortland Whitehall,2024-09-15,1.454446305459769,0.8782287822878229,1.2773366077469557,1.0,2024-09,Q3 2024
Cortland Whitehall,2024-09-16,1.454446305459769,0.8782287822878229,1.2773366077469557,1.0,2024-09,Q3 2024
Cortland Whitehall,2024-09-17,1.4569443823001398,0.8782287822878229,1.279530490728536,1.0,2024-09,Q3 2024
Cortland Whitehall,2024-09-18,1.4569443823001398,0.8819188191881919,1.284906669261009,1.0,2024-09,Q3 2024
Cortland Whitehall,2024-09-19,1.4569443823001398,0.8782287822878229,1.279530490728536,1.0,2024-09,Q3 2024
Cortland Whitehall,2024-09-20,1.4569443823001398,0.8708487084870848,1.2687781336635904,1.0,2024-09,Q3 2024
Cortland Whitehall,2024-09-21,1.4569443823001398,0.8708487084870848,1.2687781336635904,1.0,2024-09,Q3 2024
Cortland Whitehall,2024-09-22,1.454704783764398,0.8708487084870848,1.2668277821712102,1.0,2024-09,Q3 2024
Cortland Whitehall,2024-09-23,1.4555262384336003,0.8708487084870848,1.2675431449089656,1.0,2024-09,Q3 2024
Cortland Whitehall,2024-09-24,1.4555262384336003,0.8745387453874539,1.272914090438241,1.0,2024-09,Q3 2024
Cortland Whitehall,2024-09-25,1.4555262384336003,0.8708487084870848,1.2675431449089656,1.0,2024-09,Q3 2024
Cortland Whitehall,2024-09-26,1.4554919730895894,0.8708487084870848,1.2675133049783878,1.0,2024-09,Q3 2024
Cortland Whitehall,2024-09-27,1.4554919730895894,0.8708487084870848,1.2675133049783878,1.0,2024-09,Q3 2024
Cortland Whitehall,2024-09-28,1.4554919730895894,0.8708487084870848,1.2675133049783878,1.0,2024-09,Q3 2024
Cortland Whitehall,2024-09-29,1.4554919730895894,0.8671586715867159,1.2621424858894965,1.0,2024-09,Q3 2024
Cortland Whitehall,2024-09-30,1.4554919730895894,0.8634686346863468,1.2567716668006048,1.0,2024-09,Q3 2024
Cortland Whitehall,2024-10-01,1.4553646928403812,0.8523985239852399,1.2405507160373728,1.0,2024-10,Q4 2024
Cortland Whitehall,2024-10-02,1.453403953710861,0.8560885608856088,1.244242499117785,1.0,2024-10,Q4 2024
Cortland Whitehall,2024-10-03,1.453403953710861,0.8634686346863468,1.2549687275584556,1.0,2024-10,Q4 2024
Cortland Whitehall,2024-10-04,1.453403953710861,0.8634686346863468,1.2549687275584556,1.0,2024-10,Q4 2024
Cortland Whitehall,2024-10-05,1.453403953710861,0.8634686346863468,1.2549687275584556,1.0,2024-10,Q4 2024
Cortland Whitehall,2024-10-06,1.4505191191565805,0.8634686346863468,1.252477763404575,1.0,2024-10,Q4 2024
Cortland Whitehall,2024-10-07,1.4508635244597528,0.8671586715867159,1.2581288865241398,1.0,2024-10,Q4 2024
Cortland Whitehall,2024-10-08,1.4508635244597528,0.8708487084870848,1.2634826264667958,1.0,2024-10,Q4 2024
Cortland Whitehall,2024-10-09,1.4500081882123135,0.8708487084870848,1.2627377580003911,1.0,2024-10,Q4 2024
Cortland Whitehall,2024-10-10,1.4505229038302414,0.8708487084870848,1.2631859974315016,1.0,2024-10,Q4 2024
Cortland Whitehall,2024-10-11,1.4505229038302414,0.8745387453874539,1.268538480471466,1.0,2024-10,Q4 2024
Cortland Whitehall,2024-10-12,1.4507587007045126,0.8745387453874539,1.2687446939740572,1.0,2024-10,Q4 2024
Cortland Whitehall,2024-10-13,1.4507587007045126,0.8782287822878229,1.2740980471131882,1.0,2024-10,Q4 2024
Cortland Whitehall,2024-10-14,1.4507587007045126,0.8745387453874539,1.2687446939740572,1.0,2024-10,Q4 2024
Cortland Whitehall,2024-10-15,1.4507587007045126,0.8708487084870848,1.263391340834926,1.0,2024-10,Q4 2024
Cortland Whitehall,2024-10-16,1.4507587007045126,0.8708487084870848,1.263391340834926,1.0,2024-10,Q4 2024
Cortland Whitehall,2024-10-17,1.4497898242472367,0.8671586715867159,1.257197818074172,1.0,2024-10,Q4 2024
Cortland Whitehall,2024-10-18,1.586719843301344,0.8634686346863468,1.3700828167251458,1.0,2024-10,Q4 2024
Cortland Whitehall,2024-10-19,1.586719843301344,0.8708487084870848,1.3817929262698052,1.0,2024-10,Q4 2024
Cortland Whitehall,2024-10-20,1.586719843301344,0.8708487084870848,1.3817929262698052,1.0,2024-10,Q4 2024
Cortland Whitehall,2024-10-21,1.586719843301344,0.8708487084870848,1.3817929262698052,1.0,2024-10,Q4 2024
Cortland Whitehall,2024-10-22,1.586719843301344,0.8708487084870848,1.3817929262698052,1.0,2024-10,Q4 2024
Cortland Whitehall,2024-10-23,1.586719843301344,0.8708487084870848,1.3817929262698052,1.0,2024-10,Q4 2024
Cortland Whitehall,2024-10-24,1.586719843301344,0.8671586715867159,1.3759378714974755,1.0,2024-10,Q4 2024
Cortland Whitehall,2024-10-25,1.586719843301344,0.8671586715867159,1.3759378714974755,1.0,2024-10,Q4 2024
Cortland Whitehall,2024-10-26,1.586719843301344,0.8671586715867159,1.3759378714974755,1.0,2024-10,Q4 2024
Cortland Whitehall,2024-10-27,1.586719843301344,0.8671586715867159,1.3759378714974755,1.0,2024-10,Q4 2024
Cortland Whitehall,2024-10-28,1.586719843301344,0.8597785977859779,1.3642277619528163,1.0,2024-10,Q4 2024
Cortland Whitehall,2024-10-29,1.586719843301344,0.8597785977859779,1.3642277619528163,1.0,2024-10,Q4 2024
Cortland Whitehall,2024-10-30,1.586719843301344,0.8597785977859779,1.3642277619528163,1.0,2024-10,Q4 2024
Cortland Whitehall,2024-10-31,1.586719843301344,0.8597785977859779,1.3642277619528163,1.0,2024-10,Q4 2024
Cortland Whitehall,2024-11-01,1.586719843301344,0.8560885608856088,1.3583727071804863,1.0,2024-11,Q4 2024
Cortland Whitehall,2024-11-02,1.586719843301344,0.8560885608856088,1.3583727071804863,1.0,2024-11,Q4 2024
Cortland Whitehall,2024-11-03,1.586719843301344,0.8560885608856088,1.3583727071804863,1.0,2024-11,Q4 2024
Cortland Whitehall,2024-11-04,1.586719843301344,0.8523985239852399,1.3525176524081568,1.0,2024-11,Q4 2024
Cortland Whitehall,2024-11-05,1.586719843301344,0.8523985239852399,1.3525176524081568,1.0,2024-11,Q4 2024
Cortland Whitehall,2024-11-06,1.586719843301344,0.8523985239852399,1.3525176524081568,1.0,2024-11,Q4 2024
Cortland Whitehall,2024-11-07,1.5875467163564843,0.8523985239852399,1.3532224777798814,1.0,2024-11,Q4 2024
Cortland Whitehall,2024-11-08,1.5868741127898915,0.8560885608856088,1.3585047755249255,1.0,2024-11,Q4 2024
Cortland Whitehall,2024-11-09,1.5868741127898915,0.8597785977859779,1.3643603995573605,1.0,2024-11,Q4 2024
Cortland Whitehall,2024-11-10,1.5868741127898915,0.8597785977859779,1.3643603995573605,1.0,2024-11,Q4 2024
Cortland Whitehall,2024-11-11,1.5868741127898915,0.8597785977859779,1.3643603995573605,1.0,2024-11,Q4 2024
Cortland Whitehall,2024-11-12,1.5868741127898915,0.8523985239852399,1.3526491514924905,1.0,2024-11,Q4 2024
Cortland Whitehall,2024-11-13,1.5864705506499361,0.8487084870848709,1.3464510208468095,1.0,2024-11,Q4 2024
Cortland Whitehall,2024-11-14,1.5864705506499361,0.8523985239852399,1.3523051557200563,1.0,2024-11,Q4 2024
Cortland Whitehall,2024-11-15,1.5864705506499361,0.8523985239852399,1.3523051557200563,1.0,2024-11,Q4 2024
Cortland Whitehall,2024-11-16,1.5864705506499361,0.8523985239852399,1.3523051557200563,1.0,2024-11,Q4 2024
Cortland Whitehall,2024-11-17,1.5864705506499361,0.8523985239852399,1.3523051557200563,1.0,2024-11,Q4 2024
Cortland Whitehall,2024-11-18,1.5809755955077356,0.8523985239852399,1.3476212640674794,1.0,2024-11,Q4 2024
Cortland Whitehall,2024-11-19,1.5809755955077356,0.8560885608856088,1.3534551223534856,1.0,2024-11,Q4 2024
Cortland Whitehall,2024-11-20,1.5809755955077356,0.8560885608856088,1.3534551223534856,1.0,2024-11,Q4 2024
Cortland Whitehall,2024-11-21,1.5805927775842061,0.8560885608856088,1.3531273963082502,1.0,2024-11,Q4 2024
Cortland Whitehall,2024-11-22,1.5805927775842061,0.8597785977859779,1.3589598419819928,1.0,2024-11,Q4 2024
Cortland Whitehall,2024-11-23,1.5805927775842061,0.8560885608856088,1.3531273963082502,1.0,2024-11,Q4 2024
Cortland Whitehall,2024-11-24,1.5805927775842061,0.8560885608856088,1.3531273963082502,1.0,2024-11,Q4 2024
Cortland Whitehall,2024-11-25,1.577333249029317,0.8560885608856088,1.3503369511985297,1.0,2024-11,Q4 2024
Cortland Whitehall,2024-11-26,1.577333249029317,0.8634686346863468,1.3619777869847238,1.0,2024-11,Q4 2024
Cortland Whitehall,2024-11-27,1.5758468237720464,0.8597785977859779,1.354879372468217,1.0,2024-11,Q4 2024
Cortland Whitehall,2024-11-28,1.5758468237720464,0.8671586715867159,1.3665092383263133,1.0,2024-11,Q4 2024
Cortland Whitehall,2024-11-29,1.5758468237720464,0.8671586715867159,1.3665092383263133,1.0,2024-11,Q4 2024
Cortland Whitehall,2024-11-30,1.5758468237720464,0.8671586715867159,1.3665092383263133,1.0,2024-11,Q4 2024
Cortland Whitehall,2024-12-01,1.5758468237720464,0.8671586715867159,1.3665092383263133,1.0,2024-12,Q4 2024
Cortland Whitehall,2024-12-02,1.5758468237720464,0.8671586715867159,1.3665092383263133,1.0,2024-12,Q4 2024
Cortland Whitehall,2024-12-03,1.5758468237720464,0.8671586715867159,1.3665092383263133,1.0,2024-12,Q4 2024
Cortland Whitehall,2024-12-04,1.5758468237720464,0.8634686346863468,1.360694305397265,1.0,2024-12,Q4 2024
Cortland Whitehall,2024-12-05,1.5758468237720464,0.8634686346863468,1.360694305397265,1.0,2024-12,Q4 2024
Cortland Whitehall,2024-12-06,1.5758468237720464,0.8597785977859779,1.354879372468217,1.0,2024-12,Q4 2024
Cortland Whitehall,2024-12-07,1.5758468237720464,0.8597785977859779,1.354879372468217,1.0,2024-12,Q4 2024
Cortland Whitehall,2024-12-08,1.5736659668949062,0.8597785977859779,1.3530043184004175,1.0,2024-12,Q4 2024
Cortland Whitehall,2024-12-09,1.5736659668949062,0.8634686346863468,1.3588112038871145,1.0,2024-12,Q4 2024
Cortland Whitehall,2024-12-10,1.5736659668949062,0.8634686346863468,1.3588112038871145,1.0,2024-12,Q4 2024
Cortland Whitehall,2024-12-11,1.5652689103656192,0.8523985239852399,1.3342329088356386,1.0,2024-12,Q4 2024
Cortland Whitehall,2024-12-12,1.5578355977054734,0.8560885608856088,1.333645234936051,1.0,2024-12,Q4 2024
Cortland Whitehall,2024-12-13,1.5578355977054734,0.8671586715867159,1.350890647456776,1.0,2024-12,Q4 2024
Cortland Whitehall,2024-12-14,1.5578355977054734,0.8671586715867159,1.350890647456776,1.0,2024-12,Q4 2024
Cortland Whitehall,2024-12-15,1.5471269206567049,0.8671586715867159,1.3416045252927147,1.0,2024-12,Q4 2024
Cortland Whitehall,2024-12-16,1.5447802631733585,0.8745387453874539,1.3509701932549298,1.0,2024-12,Q4 2024
Cortland Whitehall,2024-12-17,1.5447802631733585,0.8782287822878229,1.3566704894290011,1.0,2024-12,Q4 2024
Cortland Whitehall,2024-12-18,1.5405560025021954,0.8745387453874539,1.3472759136273813,1.0,2024-12,Q4 2024
Cortland Whitehall,2024-12-19,1.5405560025021954,0.8819188191881919,1.3586453306200175,1.0,2024-12,Q4 2024
Cortland Whitehall,2024-12-20,1.5347397157521636,0.8819188191881919,1.3535158378773695,1.0,2024-12,Q4 2024
Cortland Whitehall,2024-12-21,1.5347397157521636,0.8892988929889298,1.364842330244544,1.0,2024-12,Q4 2024
Cortland Whitehall,2024-12-22,1.5296414207134004,0.8892988929889298,1.360308422110441,1.0,2024-12,Q4 2024
Cortland Whitehall,2024-12-23,1.5272757321808463,0.8892988929889298,1.358204617917284,1.0,2024-12,Q4 2024
Cortland Whitehall,2024-12-24,1.5272757321808463,0.8929889298892989,1.3638403217260695,1.0,2024-12,Q4 2024
Cortland Whitehall,2024-12-25,1.5272757321808463,0.8929889298892989,1.3638403217260695,1.0,2024-12,Q4 2024
Cortland Whitehall,2024-12-26,1.5272757321808463,0.8929889298892989,1.3638403217260695,1.0,2024-12,Q4 2024
Cortland Whitehall,2024-12-27,1.5272757321808463,0.8929889298892989,1.3638403217260695,1.0,2024-12,Q4 2024
Cortland Whitehall,2024-12-28,1.5272757321808463,0.8929889298892989,1.3638403217260695,1.0,2024-12,Q4 2024
Cortland Whitehall,2024-12-29,1.5272757321808463,0.8929889298892989,1.3638403217260695,1.0,2024-12,Q4 2024
Cortland Whitehall,2024-12-30,1.5225173303776096,0.8892988929889298,1.353972976461269,1.0,2024-12,Q4 2024
Cortland Whitehall,2024-12-31,1.5225173303776096,0.8966789667896679,1.3652092667223583,1.0,2024-12,Q4 2024
Cortland Whitehall,2025-01-01,1.5225173303776096,0.8966789667896679,1.3652092667223583,1.0,2025-01,Q1 2025
Cortland Whitehall,2025-01-02,1.5225173303776096,0.8966789667896679,1.3652092667223583,1.0,2025-01,Q1 2025
Cortland Whitehall,2025-01-03,1.515089643605621,0.8966789667896679,1.3585490162220142,1.0,2025-01,Q1 2025
Cortland Whitehall,2025-01-04,1.515089643605621,0.9040590405904059,1.3697304896065576,1.0,2025-01,Q1 2025
Cortland Whitehall,2025-01-05,1.51302380733215,0.9040590405904059,1.3678628516471467,1.0,2025-01,Q1 2025
Cortland Whitehall,2025-01-06,1.51302380733215,0.9077490774907749,1.3734459653273392,1.0,2025-01,Q1 2025
Cortland Whitehall,2025-01-07,1.5029658862351643,0.9077490774907749,1.3643158967300753,1.0,2025-01,Q1 2025
Cortland Whitehall,2025-01-08,1.5029658862351643,0.915129151291513,1.3754078958904825,1.0,2025-01,Q1 2025
Cortland Whitehall,2025-01-09,1.5013886222530046,0.915129151291513,1.373964495641126,1.0,2025-01,Q1 2025
Cortland Whitehall,2025-01-10,1.5013886222530046,0.9225092250922509,1.3850448544769414,1.0,2025-01,Q1 2025
Cortland Whitehall,2025-01-11,1.4979799691664877,0.9225092250922509,1.3819003405594903,1.0,2025-01,Q1 2025
Cortland Whitehall,2025-01-12,1.4979799691664877,0.929889298892989,1.3929555432839664,1.0,2025-01,Q1 2025
Cortland Whitehall,2025-01-13,1.4979799691664877,0.929889298892989,1.3929555432839664,1.0,2025-01,Q1 2025
Cortland Whitehall,2025-01-14,1.4979799691664877,0.929889298892989,1.3929555432839664,1.0,2025-01,Q1 2025
Cortland Whitehall,2025-01-15,1.4979799691664877,0.929889298892989,1.3929555432839664,1.0,2025-01,Q1 2025
Cortland Whitehall,2025-01-16,1.4979799691664877,0.929889298892989,1.3929555432839664,1.0,2025-01,Q1 2025
Cortland Whitehall,2025-01-17,1.4979799691664877,0.929889298892989,1.3929555432839664,1.0,2025-01,Q1 2025
Cortland Whitehall,2025-01-18,1.4968977296439225,0.929889298892989,1.3919491803330941,1.0,2025-01,Q1 2025
Cortland Whitehall,2025-01-19,1.4984359050626197,0.929889298892989,1.3933795131947608,1.0,2025-01,Q1 2025
Cortland Whitehall,2025-01-20,1.4979643320184306,0.9372693726937269,1.403996089788492,1.0,2025-01,Q1 2025
Cortland Whitehall,2025-01-21,1.4979643320184306,0.940959409594096,1.4095236334490768,1.0,2025-01,Q1 2025
Cortland Whitehall,2025-01-22,1.4979643320184306,0.940959409594096,1.4095236334490768,1.0,2025-01,Q1 2025
Cortland Whitehall,2025-01-23,1.4975791277089932,0.933579335793358,1.3981089273445582,1.0,2025-01,Q1 2025
Cortland Whitehall,2025-01-24,1.4975791277089932,0.9372693726937269,1.4036350495870267,1.0,2025-01,Q1 2025
Cortland Whitehall,2025-01-25,1.4975791277089932,0.9372693726937269,1.4036350495870267,1.0,2025-01,Q1 2025
Cortland Whitehall,2025-01-26,1.4975791277089932,0.9372693726937269,1.4036350495870267,1.0,2025-01,Q1 2025
Cortland Whitehall,2025-01-27,1.4975791277089932,0.9372693726937269,1.4036350495870267,1.0,2025-01,Q1 2025
Cortland Whitehall,2025-01-28,1.4927597637774257,0.933579335793358,1.393609668766379,1.0,2025-01,Q1 2025
Cortland Whitehall,2025-01-29,1.4927597637774257,0.9372693726937269,1.3991180073781038,1.0,2025-01,Q1 2025
Cortland Whitehall,2025-01-30,1.4914546083063414,0.9372693726937269,1.3978947251284528,1.0,2025-01,Q1 2025
Cortland Whitehall,2025-01-31,1.490429091398148,0.9446494464944649,1.4079330162285086,1.0,2025-01,Q1 2025
Cortland Whitehall,2025-02-01,1.4905764195931661,0.948339483394834,1.4135724717175044,1.0,2025-02,Q1 2025
Cortland Whitehall,2025-02-02,1.4905764195931661,0.948339483394834,1.4135724717175044,1.0,2025-02,Q1 2025
Cortland Whitehall,2025-02-03,1.4905764195931661,0.948339483394834,1.4135724717175044,1.0,2025-02,Q1 2025
Cortland Whitehall,2025-02-04,1.4905764195931661,0.948339483394834,1.4135724717175044,1.0,2025-02,Q1 2025
Cortland Whitehall,2025-02-05,1.4905764195931661,0.948339483394834,1.4135724717175044,1.0,2025-02,Q1 2025
Cortland Whitehall,2025-02-06,1.491476912106789,0.948339483394834,1.4144264443226744,1.0,2025-02,Q1 2025
Cortland Whitehall,2025-02-07,1.490792461371189,0.948339483394834,1.4137773526656663,1.0,2025-02,Q1 2025
Cortland Whitehall,2025-02-08,1.490792461371189,0.948339483394834,1.4137773526656663,1.0,2025-02,Q1 2025
Cortland Whitehall,2025-02-09,1.490792461371189,0.948339483394834,1.4137773526656663,1.0,2025-02,Q1 2025
Cortland Whitehall,2025-02-10,1.4915362168442323,0.948339483394834,1.4144826853467443,1.0,2025-02,Q1 2025
Cortland Whitehall,2025-02-11,1.4918771981484957,0.9520295202952029,1.420311133292664,1.0,2025-02,Q1 2025
Cortland Whitehall,2025-02-12,1.4906710404005798,0.9520295202952029,1.419162835510515,1.0,2025-02,Q1 2025
Cortland Whitehall,2025-02-13,1.4863650129073949,0.955719557195572,1.4205481119668462,1.0,2025-02,Q1 2025
Cortland Whitehall,2025-02-14,1.4863650129073949,0.955719557195572,1.4205481119668462,1.0,2025-02,Q1 2025
Cortland Whitehall,2025-02-15,1.4863650129073949,0.955719557195572,1.4205481119668462,1.0,2025-02,Q1 2025
Cortland Whitehall,2025-02-16,1.4863650129073949,0.955719557195572,1.4205481119668462,1.0,2025-02,Q1 2025
Cortland Whitehall,2025-02-17,1.4863650129073949,0.955719557195572,1.4205481119668462,1.0,2025-02,Q1 2025
Cortland Whitehall,2025-02-18,1.4863040168160835,0.955719557195572,1.4204898168094673,1.0,2025-02,Q1 2025
Cortland Whitehall,2025-02-19,1.4857731126243232,0.9520295202952029,1.414499863679245,1.0,2025-02,Q1 2025
Cortland Whitehall,2025-02-20,1.4857731126243232,0.959409594095941,1.4254649789015648,1.0,2025-02,Q1 2025
Cortland Whitehall,2025-02-21,1.4857731126243232,0.955719557195572,1.4199824212904049,1.0,2025-02,Q1 2025
Cortland Whitehall,2025-02-22,1.4857731126243232,0.955719557195572,1.4199824212904049,1.0,2025-02,Q1 2025
Cortland Whitehall,2025-02-23,1.4857731126243232,0.955719557195572,1.4199824212904049,1.0,2025-02,Q1 2025
Cortland Whitehall,2025-02-24,1.4857731126243232,0.9520295202952029,1.414499863679245,1.0,2025-02,Q1 2025
Cortland Whitehall,2025-02-25,1.4857731126243232,0.9520295202952029,1.414499863679245,1.0,2025-02,Q1 2025
Cortland Whitehall,2025-02-26,1.4857731126243232,0.9520295202952029,1.414499863679245,1.0,2025-02,Q1 2025
Cortland Whitehall,2025-02-27,1.4857731126243232,0.9520295202952029,1.414499863679245,1.0,2025-02,Q1 2025
Cortland Whitehall,2025-02-28,1.4857731126243232,0.9520295202952029,1.414499863679245,1.0,2025-02,Q1 2025
Cortland Whitehall,2025-03-01,1.4858581073223363,0.9520295202952029,1.414580781140822,1.0,2025-03,Q1 2025
Cortland Whitehall,2025-03-02,1.4858581073223363,0.955719557195572,1.4200636523855539,1.0,2025-03,Q1 2025
Cortland Whitehall,2025-03-03,1.4858581073223363,0.9520295202952029,1.414580781140822,1.0,2025-03,Q1 2025
Cortland Whitehall,2025-03-04,1.4860278796355684,0.9520295202952029,1.4147424093947478,1.0,2025-03,Q1 2025
Cortland Whitehall,2025-03-05,1.4873657434602825,0.955719557195572,1.421504529727724,1.0,2025-03,Q1 2025
Cortland Whitehall,2025-03-06,1.4873657434602825,0.959409594095941,1.426992964205437,1.0,2025-03,Q1 2025
Cortland Whitehall,2025-03-07,1.4873657434602825,0.959409594095941,1.426992964205437,1.0,2025-03,Q1 2025
Cortland Whitehall,2025-03-08,1.4871559224677855,0.959409594095941,1.4267916599321928,1.0,2025-03,Q1 2025
Cortland Whitehall,2025-03-09,1.4871559224677855,0.96309963099631,1.4322793201627013,1.0,2025-03,Q1 2025
Cortland Whitehall,2025-03-10,1.4871559224677855,0.96309963099631,1.4322793201627013,1.0,2025-03,Q1 2025
Cortland Whitehall,2025-03-11,1.4871559224677855,0.96309963099631,1.4322793201627013,1.0,2025-03,Q1 2025
Cortland Whitehall,2025-03-12,1.4871559224677855,0.96309963099631,1.4322793201627013,1.0,2025-03,Q1 2025
Cortland Whitehall,2025-03-13,1.4887183613036323,0.959409594095941,1.4282906787414922,1.0,2025-03,Q1 2025
Cortland Whitehall,2025-03-14,1.4887183613036323,0.96309963099631,1.4337841044289596,1.0,2025-03,Q1 2025
Cortland Whitehall,2025-03-15,1.4892573879133901,0.96309963099631,1.4343032407579146,1.0,2025-03,Q1 2025
Cortland Whitehall,2025-03-16,1.4892573879133901,0.966789667896679,1.439798655473462,1.0,2025-03,Q1 2025
Cortland Whitehall,2025-03-17,1.4892573879133901,0.966789667896679,1.439798655473462,1.0,2025-03,Q1 2025
Cortland Whitehall,2025-03-18,1.4892573879133901,0.966789667896679,1.439798655473462,1.0,2025-03,Q1 2025
Cortland Whitehall,2025-03-19,1.4892573879133901,0.96309963099631,1.4343032407579146,1.0,2025-03,Q1 2025
Cortland Whitehall,2025-03-20,1.4892573879133901,0.96309963099631,1.4343032407579146,1.0,2025-03,Q1 2025
Cortland Whitehall,2025-03-21,1.4904412967039111,0.96309963099631,1.4354434628771986,1.0,2025-03,Q1 2025
Cortland Whitehall,2025-03-22,1.4904412967039111,0.974169741697417,1.4519428130252123,1.0,2025-03,Q1 2025
Cortland Whitehall,2025-03-23,1.4904412967039111,0.974169741697417,1.4519428130252123,1.0,2025-03,Q1 2025
Cortland Whitehall,2025-03-24,1.4904412967039111,0.974169741697417,1.4519428130252123,1.0,2025-03,Q1 2025
Cortland Whitehall,2025-03-25,1.4904412967039111,0.974169741697417,1.4519428130252123,1.0,2025-03,Q1 2025
Cortland Whitehall,2025-03-26,1.4904412967039111,0.9704797047970479,1.446443029642541,1.0,2025-03,Q1 2025
Cortland Whitehall,2025-03-27,1.4904412967039111,0.9704797047970479,1.446443029642541,1.0,2025-03,Q1 2025
Cortland Whitehall,2025-03-28,1.4904412967039111,0.966789667896679,1.4409432462598697,1.0,2025-03,Q1 2025
Cortland Whitehall,2025-03-29,1.4904412967039111,0.959409594095941,1.4299436794945273,1.0,2025-03,Q1 2025
Cortland Whitehall,2025-03-30,1.4904412967039111,0.959409594095941,1.4299436794945273,1.0,2025-03,Q1 2025
Cortland Whitehall,2025-03-31,1.4904412967039111,0.955719557195572,1.4244438961118562,1.0,2025-03,Q1 2025
Cortland Whitehall,2025-04-01,1.4921888482242966,0.955719557195572,1.4261140652770954,1.0,2025-04,Q2 2025
Cortland Whitehall,2025-04-02,1.4921888482242966,0.9520295202952029,1.4206078333648284,1.0,2025-04,Q2 2025
Cortland Whitehall,2025-04-03,1.4921888482242966,0.9520295202952029,1.4206078333648284,1.0,2025-04,Q2 2025
Cortland Whitehall,2025-04-04,1.4932069986035144,0.9520295202952029,1.4215771425819435,1.0,2025-04,Q2 2025
Cortland Whitehall,2025-04-05,1.4932069986035144,0.9520295202952029,1.4215771425819435,1.0,2025-04,Q2 2025
Cortland Whitehall,2025-04-06,1.4932069986035144,0.9520295202952029,1.4215771425819435,1.0,2025-04,Q2 2025
Cortland Whitehall,2025-04-07,1.4932069986035144,0.9520295202952029,1.4215771425819435,1.0,2025-04,Q2 2025
Cortland Whitehall,2025-04-08,1.4932069986035144,0.9520295202952029,1.4215771425819435,1.0,2025-04,Q2 2025
Cortland Whitehall,2025-04-09,1.4932069986035144,0.9520295202952029,1.4215771425819435,1.0,2025-04,Q2 2025
Cortland Whitehall,2025-04-10,1.494724944234072,0.9520295202952029,1.4230222716324374,1.0,2025-04,Q2 2025
Cortland Whitehall,2025-04-11,1.494724944234072,0.955719557195572,1.4285378618325633,1.0,2025-04,Q2 2025
Cortland Whitehall,2025-04-12,1.494724944234072,0.955719557195572,1.4285378618325633,1.0,2025-04,Q2 2025
Cortland Whitehall,2025-04-13,1.494724944234072,0.955719557195572,1.4285378618325633,1.0,2025-04,Q2 2025
Cortland Whitehall,2025-04-14,1.494724944234072,0.955719557195572,1.4285378618325633,1.0,2025-04,Q2 2025
Cortland Whitehall,2025-04-15,1.4959004898409949,0.955719557195572,1.429661353759475,1.0,2025-04,Q2 2025
Cortland Whitehall,2025-04-16,1.4959004898409949,0.96309963099631,1.4407012097730616,1.0,2025-04,Q2 2025
Cortland Whitehall,2025-04-17,1.4976342139384022,0.959409594095941,1.436844633298836,1.0,2025-04,Q2 2025
Cortland Whitehall,2025-04-18,1.4976342139384022,0.96309963099631,1.442370958811524,1.0,2025-04,Q2 2025
Cortland Whitehall,2025-04-19,1.4976342139384022,0.959409594095941,1.436844633298836,1.0,2025-04,Q2 2025
Cortland Whitehall,2025-04-20,1.4976342139384022,0.959409594095941,1.436844633298836,1.0,2025-04,Q2 2025
Cortland Whitehall,2025-04-21,1.4976342139384022,0.959409594095941,1.436844633298836,1.0,2025-04,Q2 2025
Cortland Whitehall,2025-04-22,1.4976342139384022,0.955719557195572,1.4313183077861484,1.0,2025-04,Q2 2025
Cortland Whitehall,2025-04-23,1.4976342139384022,0.955719557195572,1.4313183077861484,1.0,2025-04,Q2 2025
Cortland Whitehall,2025-04-24,1.4976342139384022,0.955719557195572,1.4313183077861484,1.0,2025-04,Q2 2025
Cortland Whitehall,2025-04-25,1.4976342139384022,0.9520295202952029,1.4257919822734604,1.0,2025-04,Q2 2025
Cortland Whitehall,2025-04-26,1.4976342139384022,0.9520295202952029,1.4257919822734604,1.0,2025-04,Q2 2025
Cortland Whitehall,2025-04-27,1.5092754426464257,0.9520295202952029,1.4368747756560067,1.0,2025-04,Q2 2025
Whitehall Parc,2023-11-07,1.2467288078980387,0.9261744966442953,1.1546884261069084,1.0,2023-11,Q4 2023
Whitehall Parc,2023-11-08,1.2467288078980387,0.9463087248322147,1.1797903484135803,1.0,2023-11,Q4 2023
Whitehall Parc,2023-11-09,1.2467288078980387,0.9429530201342282,1.1756066946958017,1.0,2023-11,Q4 2023
Whitehall Parc,2023-11-10,1.2409838334261123,0.9429530201342282,1.1701894536669046,1.0,2023-11,Q4 2023
Whitehall Parc,2023-11-11,1.2409838334261123,0.9362416107382551,1.1618607031069978,1.0,2023-11,Q4 2023
Whitehall Parc,2023-11-12,1.2409838334261123,0.9362416107382551,1.1618607031069978,1.0,2023-11,Q4 2023
Whitehall Parc,2023-11-13,1.2343680361778284,0.9362416107382551,1.1556667184349467,1.0,2023-11,Q4 2023
Whitehall Parc,2023-11-14,1.2343680361778284,0.9395973154362416,1.159808893052993,1.0,2023-11,Q4 2023
Whitehall Parc,2023-11-15,1.2343680361778284,0.9362416107382551,1.1556667184349467,1.0,2023-11,Q4 2023
Whitehall Parc,2023-11-16,1.2343680361778284,0.9228187919463087,1.1390980199627612,1.0,2023-11,Q4 2023
Whitehall Parc,2023-11-17,1.2343680361778284,0.9228187919463087,1.1390980199627612,1.0,2023-11,Q4 2023
Whitehall Parc,2023-11-18,1.2343680361778284,0.9228187919463087,1.1390980199627612,1.0,2023-11,Q4 2023
Whitehall Parc,2023-11-19,1.2343680361778284,0.9228187919463087,1.1390980199627612,1.0,2023-11,Q4 2023
Whitehall Parc,2023-11-20,1.2343680361778284,0.9228187919463087,1.1390980199627612,1.0,2023-11,Q4 2023
Whitehall Parc,2023-11-21,1.2343680361778284,0.9228187919463087,1.1390980199627612,1.0,2023-11,Q4 2023
Whitehall Parc,2023-11-22,1.2343680361778284,0.9228187919463087,1.1390980199627612,1.0,2023-11,Q4 2023
Whitehall Parc,2023-11-23,1.2343680361778284,0.9194630872483222,1.1349558453447148,1.0,2023-11,Q4 2023
Whitehall Parc,2023-11-24,1.2343680361778284,0.9194630872483222,1.1349558453447148,1.0,2023-11,Q4 2023
Whitehall Parc,2023-11-25,1.2343680361778284,0.9194630872483222,1.1349558453447148,1.0,2023-11,Q4 2023
Whitehall Parc,2023-11-26,1.2343680361778284,0.9194630872483222,1.1349558453447148,1.0,2023-11,Q4 2023
Whitehall Parc,2023-11-27,1.2343680361778284,0.9194630872483222,1.1349558453447148,1.0,2023-11,Q4 2023
Whitehall Parc,2023-11-28,1.2343680361778284,0.9194630872483222,1.1349558453447148,1.0,2023-11,Q4 2023
Whitehall Parc,2023-11-29,1.2427922613695896,0.9194630872483222,1.1427016094472067,1.0,2023-11,Q4 2023
Whitehall Parc,2023-11-30,1.2427922613695896,0.9261744966442953,1.1510424971074051,1.0,2023-11,Q4 2023
Whitehall Parc,2023-12-01,1.2302314227384195,0.9261744966442953,1.139408968710751,1.0,2023-12,Q4 2023
Whitehall Parc,2023-12-02,1.2302314227384195,0.9328859060402684,1.1476655554405388,1.0,2023-12,Q4 2023
Whitehall Parc,2023-12-03,1.2302314227384195,0.9328859060402684,1.1476655554405388,1.0,2023-12,Q4 2023
Whitehall Parc,2023-12-04,1.2245488205800321,0.9328859060402684,1.1423643359773454,1.0,2023-12,Q4 2023
Whitehall Parc,2023-12-05,1.230096242187315,0.9328859060402684,1.1475394474096428,1.0,2023-12,Q4 2023
Whitehall Parc,2023-12-06,1.2248854975523347,0.9362416107382551,1.146788771198327,1.0,2023-12,Q4 2023
Whitehall Parc,2023-12-07,1.2248854975523347,0.9395973154362416,1.1508991252169587,1.0,2023-12,Q4 2023
Whitehall Parc,2023-12-08,1.2248854975523347,0.9395973154362416,1.1508991252169587,1.0,2023-12,Q4 2023
Whitehall Parc,2023-12-09,1.2248854975523347,0.9395973154362416,1.1508991252169587,1.0,2023-12,Q4 2023
Whitehall Parc,2023-12-10,1.2248854975523347,0.9395973154362416,1.1508991252169587,1.0,2023-12,Q4 2023
Whitehall Parc,2023-12-11,1.2248854975523347,0.9395973154362416,1.1508991252169587,1.0,2023-12,Q4 2023
Whitehall Parc,2023-12-12,1.2248854975523347,0.9362416107382551,1.146788771198327,1.0,2023-12,Q4 2023
Whitehall Parc,2023-12-13,1.2199582053361808,0.9362416107382551,1.142175635197297,1.0,2023-12,Q4 2023
Whitehall Parc,2023-12-14,1.2245373138016136,0.9395973154362416,1.1505719726995027,1.0,2023-12,Q4 2023
Whitehall Parc,2023-12-15,1.2245373138016136,0.9429530201342282,1.1546811583162866,1.0,2023-12,Q4 2023
Whitehall Parc,2023-12-16,1.2245373138016136,0.9429530201342282,1.1546811583162866,1.0,2023-12,Q4 2023
Whitehall Parc,2023-12-17,1.2245373138016136,0.9429530201342282,1.1546811583162866,1.0,2023-12,Q4 2023
Whitehall Parc,2023-12-18,1.2245373138016136,0.9362416107382551,1.1464627870827189,1.0,2023-12,Q4 2023
Whitehall Parc,2023-12-19,1.2245373138016136,0.9362416107382551,1.1464627870827189,1.0,2023-12,Q4 2023
Whitehall Parc,2023-12-20,1.2245373138016136,0.9328859060402684,1.1423536014659348,1.0,2023-12,Q4 2023
Whitehall Parc,2023-12-21,1.2197174126740622,0.9261744966442953,1.1296711607316818,1.0,2023-12,Q4 2023
Whitehall Parc,2023-12-22,1.2197174126740622,0.9228187919463087,1.1255781492797554,1.0,2023-12,Q4 2023
Whitehall Parc,2023-12-23,1.2236880066353812,0.9228187919463087,1.129242288002449,1.0,2023-12,Q4 2023
Whitehall Parc,2023-12-24,1.2236880066353812,0.9261744966442953,1.1333486235951853,1.0,2023-12,Q4 2023
Whitehall Parc,2023-12-25,1.2236880066353812,0.9261744966442953,1.1333486235951853,1.0,2023-12,Q4 2023
Whitehall Parc,2023-12-26,1.2236880066353812,0.9261744966442953,1.1333486235951853,1.0,2023-12,Q4 2023
Whitehall Parc,2023-12-27,1.2236880066353812,0.9261744966442953,1.1333486235951853,1.0,2023-12,Q4 2023
Whitehall Parc,2023-12-28,1.2236880066353812,0.9261744966442953,1.1333486235951853,1.0,2023-12,Q4 2023
Whitehall Parc,2023-12-29,1.2236880066353812,0.9261744966442953,1.1333486235951853,1.0,2023-12,Q4 2023
Whitehall Parc,2023-12-30,1.2236880066353812,0.9261744966442953,1.1333486235951853,1.0,2023-12,Q4 2023
Whitehall Parc,2023-12-31,1.2236880066353812,0.9228187919463087,1.129242288002449,1.0,2023-12,Q4 2023
Whitehall Parc,2024-01-01,1.2236880066353812,0.9228187919463087,1.129242288002449,1.0,2024-01,Q1 2024
Whitehall Parc,2024-01-02,1.2236880066353812,0.9228187919463087,1.129242288002449,1.0,2024-01,Q1 2024
Whitehall Parc,2024-01-03,1.2209621876269354,0.9194630872483222,1.1226296624489271,1.0,2024-01,Q1 2024
Whitehall Parc,2024-01-04,1.2209621876269354,0.9194630872483222,1.1226296624489271,1.0,2024-01,Q1 2024
Whitehall Parc,2024-01-05,1.2209621876269354,0.9194630872483222,1.1226296624489271,1.0,2024-01,Q1 2024
Whitehall Parc,2024-01-06,1.2209621876269354,0.9194630872483222,1.1226296624489271,1.0,2024-01,Q1 2024
Whitehall Parc,2024-01-07,1.2209621876269354,0.9194630872483222,1.1226296624489271,1.0,2024-01,Q1 2024
Whitehall Parc,2024-01-08,1.2209621876269354,0.9194630872483222,1.1226296624489271,1.0,2024-01,Q1 2024
Whitehall Parc,2024-01-09,1.2209621876269354,0.9161073825503355,1.1185324738998434,1.0,2024-01,Q1 2024
Whitehall Parc,2024-01-10,1.2293395471747177,0.9161073825503355,1.1262070348278455,1.0,2024-01,Q1 2024
Whitehall Parc,2024-01-11,1.2293395471747177,0.9228187919463087,1.1344576358155951,1.0,2024-01,Q1 2024
Whitehall Parc,2024-01-12,1.2335911088412639,0.9228187919463087,1.1383810568166024,1.0,2024-01,Q1 2024
Whitehall Parc,2024-01-13,1.2335911088412639,0.9261744966442953,1.1425206242959356,1.0,2024-01,Q1 2024
Whitehall Parc,2024-01-14,1.2335911088412639,0.9261744966442953,1.1425206242959356,1.0,2024-01,Q1 2024
Whitehall Parc,2024-01-15,1.2335911088412639,0.9261744966442953,1.1425206242959356,1.0,2024-01,Q1 2024
Whitehall Parc,2024-01-16,1.2335911088412639,0.9261744966442953,1.1425206242959356,1.0,2024-01,Q1 2024
Whitehall Parc,2024-01-17,1.2335911088412639,0.9228187919463087,1.1383810568166024,1.0,2024-01,Q1 2024
Whitehall Parc,2024-01-18,1.2372937455735793,0.9194630872483222,1.1376459271381232,1.0,2024-01,Q1 2024
Whitehall Parc,2024-01-19,1.2270410155625795,0.9194630872483222,1.128218920349486,1.0,2024-01,Q1 2024
Whitehall Parc,2024-01-20,1.2270410155625795,0.9261744966442953,1.136454094950577,1.0,2024-01,Q1 2024
Whitehall Parc,2024-01-21,1.2270410155625795,0.9261744966442953,1.136454094950577,1.0,2024-01,Q1 2024
Whitehall Parc,2024-01-22,1.2270410155625795,0.9261744966442953,1.136454094950577,1.0,2024-01,Q1 2024
Whitehall Parc,2024-01-23,1.2270410155625795,0.9228187919463087,1.1323365076500314,1.0,2024-01,Q1 2024
Whitehall Parc,2024-01-24,1.2270410155625795,0.9228187919463087,1.1323365076500314,1.0,2024-01,Q1 2024
Whitehall Parc,2024-01-25,1.2270410155625795,0.9228187919463087,1.1323365076500314,1.0,2024-01,Q1 2024
Whitehall Parc,2024-01-26,1.2323451729849786,0.9228187919463087,1.1372312837948628,1.0,2024-01,Q1 2024
Whitehall Parc,2024-01-27,1.2361670538989031,0.9228187919463087,1.1407581873228132,1.0,2024-01,Q1 2024
Whitehall Parc,2024-01-28,1.2361670538989031,0.9261744966442953,1.144906398913078,1.0,2024-01,Q1 2024
Whitehall Parc,2024-01-29,1.2361670538989031,0.9261744966442953,1.144906398913078,1.0,2024-01,Q1 2024
Whitehall Parc,2024-01-30,1.2407593909316073,0.9261744966442953,1.1491597043527637,1.0,2024-01,Q1 2024
Whitehall Parc,2024-01-31,1.2407593909316073,0.9261744966442953,1.1491597043527637,1.0,2024-01,Q1 2024
Whitehall Parc,2024-02-01,1.2447480375217306,0.9194630872483222,1.1444998734260208,1.0,2024-02,Q1 2024
Whitehall Parc,2024-02-02,1.2447480375217306,0.9194630872483222,1.1444998734260208,1.0,2024-02,Q1 2024
Whitehall Parc,2024-02-03,1.2447480375217306,0.9194630872483222,1.1444998734260208,1.0,2024-02,Q1 2024
Whitehall Parc,2024-02-04,1.2447480375217306,0.9194630872483222,1.1444998734260208,1.0,2024-02,Q1 2024
Whitehall Parc,2024-02-05,1.2418183251181856,0.9194630872483222,1.1418061110147075,1.0,2024-02,Q1 2024
Whitehall Parc,2024-02-06,1.2418183251181856,0.9228187919463087,1.1459732866023524,1.0,2024-02,Q1 2024
Whitehall Parc,2024-02-07,1.2418183251181856,0.9228187919463087,1.1459732866023524,1.0,2024-02,Q1 2024
Whitehall Parc,2024-02-08,1.2418183251181856,0.9194630872483222,1.1418061110147075,1.0,2024-02,Q1 2024
Whitehall Parc,2024-02-09,1.247309569872748,0.9161073825503355,1.142669505286108,1.0,2024-02,Q1 2024
Whitehall Parc,2024-02-10,1.2529083998247068,0.9194630872483222,1.15200302534218,1.0,2024-02,Q1 2024
Whitehall Parc,2024-02-11,1.2529083998247068,0.9228187919463087,1.1562074159456186,1.0,2024-02,Q1 2024
Whitehall Parc,2024-02-12,1.2529083998247068,0.9228187919463087,1.1562074159456186,1.0,2024-02,Q1 2024
Whitehall Parc,2024-02-13,1.2529083998247068,0.9228187919463087,1.1562074159456186,1.0,2024-02,Q1 2024
Whitehall Parc,2024-02-14,1.2529083998247068,0.9228187919463087,1.1562074159456186,1.0,2024-02,Q1 2024
Whitehall Parc,2024-02-15,1.2484702840895,0.9228187919463087,1.152111839344337,1.0,2024-02,Q1 2024
Whitehall Parc,2024-02-16,1.2513720058660467,0.9261744966442953,1.158988837647748,1.0,2024-02,Q1 2024
Whitehall Parc,2024-02-17,1.2513720058660467,0.9261744966442953,1.158988837647748,1.0,2024-02,Q1 2024
Whitehall Parc,2024-02-18,1.247208511381671,0.9261744966442953,1.1551327152394,1.0,2024-02,Q1 2024
Whitehall Parc,2024-02-19,1.247208511381671,0.9295302013422819,1.1593179787004124,1.0,2024-02,Q1 2024
Whitehall Parc,2024-02-20,1.247208511381671,0.9261744966442953,1.1551327152394,1.0,2024-02,Q1 2024
Whitehall Parc,2024-02-21,1.247208511381671,0.9228187919463087,1.1509474517783878,1.0,2024-02,Q1 2024
Whitehall Parc,2024-02-22,1.247208511381671,0.9228187919463087,1.1509474517783878,1.0,2024-02,Q1 2024
Whitehall Parc,2024-02-23,1.2430514514286406,0.9228187919463087,1.1471112387344837,1.0,2024-02,Q1 2024
Whitehall Parc,2024-02-24,1.2352566538726277,0.9261744966442953,1.1440632096269976,1.0,2024-02,Q1 2024
Whitehall Parc,2024-02-25,1.2352566538726277,0.9328859060402684,1.1523535227402366,1.0,2024-02,Q1 2024
Whitehall Parc,2024-02-26,1.2305264800381197,0.9328859060402684,1.1479408102369035,1.0,2024-02,Q1 2024
Whitehall Parc,2024-02-27,1.2305264800381197,0.9328859060402684,1.1479408102369035,1.0,2024-02,Q1 2024
Whitehall Parc,2024-02-28,1.2250556786002906,0.9328859060402684,1.142837176680808,1.0,2024-02,Q1 2024
Whitehall Parc,2024-02-29,1.2250556786002906,0.9328859060402684,1.142837176680808,1.0,2024-02,Q1 2024
Whitehall Parc,2024-03-01,1.2250556786002906,0.9295302013422819,1.138726251584834,1.0,2024-03,Q1 2024
Whitehall Parc,2024-03-02,1.2250556786002906,0.9228187919463087,1.1305044013928855,1.0,2024-03,Q1 2024
Whitehall Parc,2024-03-03,1.2250556786002906,0.9228187919463087,1.1305044013928855,1.0,2024-03,Q1 2024
Whitehall Parc,2024-03-04,1.2250556786002906,0.9194630872483222,1.1263934762969114,1.0,2024-03,Q1 2024
Whitehall Parc,2024-03-05,1.2313504359637857,0.9161073825503355,1.1280492248929983,1.0,2024-03,Q1 2024
Whitehall Parc,2024-03-06,1.2313504359637857,0.9161073825503355,1.1280492248929983,1.0,2024-03,Q1 2024
Whitehall Parc,2024-03-07,1.2313504359637857,0.9161073825503355,1.1280492248929983,1.0,2024-03,Q1 2024
Whitehall Parc,2024-03-08,1.2313504359637857,0.9161073825503355,1.1280492248929983,1.0,2024-03,Q1 2024
Whitehall Parc,2024-03-09,1.2313504359637857,0.912751677852349,1.1239171764501668,1.0,2024-03,Q1 2024
Whitehall Parc,2024-03-10,1.2313504359637857,0.9093959731543624,1.1197851280073352,1.0,2024-03,Q1 2024
Whitehall Parc,2024-03-11,1.2313504359637857,0.9093959731543624,1.1197851280073352,1.0,2024-03,Q1 2024
Whitehall Parc,2024-03-12,1.2313504359637857,0.9093959731543624,1.1197851280073352,1.0,2024-03,Q1 2024
Whitehall Parc,2024-03-13,1.2342922005500552,0.9093959731543624,1.122460356876057,1.0,2024-03,Q1 2024
Whitehall Parc,2024-03-14,1.2342922005500552,0.912751677852349,1.126602277012131,1.0,2024-03,Q1 2024
Whitehall Parc,2024-03-15,1.2342922005500552,0.912751677852349,1.126602277012131,1.0,2024-03,Q1 2024
Whitehall Parc,2024-03-16,1.2342922005500552,0.912751677852349,1.126602277012131,1.0,2024-03,Q1 2024
Whitehall Parc,2024-03-17,1.2342922005500552,0.9093959731543624,1.122460356876057,1.0,2024-03,Q1 2024
Whitehall Parc,2024-03-18,1.2342922005500552,0.9093959731543624,1.122460356876057,1.0,2024-03,Q1 2024
Whitehall Parc,2024-03-19,1.2342922005500552,0.9093959731543624,1.122460356876057,1.0,2024-03,Q1 2024
Whitehall Parc,2024-03-20,1.2342922005500552,0.9060402684563759,1.118318436739983,1.0,2024-03,Q1 2024
Whitehall Parc,2024-03-21,1.2289161955869234,0.9060402684563759,1.1134475597599642,1.0,2024-03,Q1 2024
Whitehall Parc,2024-03-22,1.2289161955869234,0.9093959731543624,1.117571439610927,1.0,2024-03,Q1 2024
Whitehall Parc,2024-03-23,1.2245767849788969,0.9093959731543624,1.1136251970781244,1.0,2024-03,Q1 2024
Whitehall Parc,2024-03-24,1.2245767849788969,0.912751677852349,1.1177345151485234,1.0,2024-03,Q1 2024
Whitehall Parc,2024-03-25,1.2245767849788969,0.9093959731543624,1.1136251970781244,1.0,2024-03,Q1 2024
Whitehall Parc,2024-03-26,1.2245767849788969,0.9093959731543624,1.1136251970781244,1.0,2024-03,Q1 2024
Whitehall Parc,2024-03-27,1.2245767849788969,0.9093959731543624,1.1136251970781244,1.0,2024-03,Q1 2024
Whitehall Parc,2024-03-28,1.2245767849788969,0.9093959731543624,1.1136251970781244,1.0,2024-03,Q1 2024
Whitehall Parc,2024-03-29,1.2245767849788969,0.9093959731543624,1.1136251970781244,1.0,2024-03,Q1 2024
Whitehall Parc,2024-03-30,1.2245767849788969,0.9093959731543624,1.1136251970781244,1.0,2024-03,Q1 2024
Whitehall Parc,2024-03-31,1.2245767849788969,0.9093959731543624,1.1136251970781244,1.0,2024-03,Q1 2024
Whitehall Parc,2024-04-01,1.2245767849788969,0.9093959731543624,1.1136251970781244,1.0,2024-04,Q2 2024
Whitehall Parc,2024-04-02,1.2275181822734795,0.9093959731543624,1.1163000919332648,1.0,2024-04,Q2 2024
Whitehall Parc,2024-04-03,1.2239065324462766,0.9093959731543624,1.1130156721239628,1.0,2024-04,Q2 2024
Whitehall Parc,2024-04-04,1.2239065324462766,0.912751677852349,1.1171227410247893,1.0,2024-04,Q2 2024
Whitehall Parc,2024-04-05,1.2182524993196777,0.912751677852349,1.1119620128018535,1.0,2024-04,Q2 2024
Whitehall Parc,2024-04-06,1.2182524993196777,0.9194630872483222,1.1201382040724555,1.0,2024-04,Q2 2024
Whitehall Parc,2024-04-07,1.2182524993196777,0.9194630872483222,1.1201382040724555,1.0,2024-04,Q2 2024
Whitehall Parc,2024-04-08,1.2182524993196777,0.9194630872483222,1.1201382040724555,1.0,2024-04,Q2 2024
Whitehall Parc,2024-04-09,1.2146534607223334,0.9194630872483222,1.1168290209326153,1.0,2024-04,Q2 2024
Whitehall Parc,2024-04-10,1.2146534607223334,0.9228187919463087,1.1209050392571869,1.0,2024-04,Q2 2024
Whitehall Parc,2024-04-11,1.2146534607223334,0.9228187919463087,1.1209050392571869,1.0,2024-04,Q2 2024
Whitehall Parc,2024-04-12,1.211045971773086,0.9228187919463087,1.1175759806630825,1.0,2024-04,Q2 2024
Whitehall Parc,2024-04-13,1.211045971773086,0.9261744966442953,1.1216398933200393,1.0,2024-04,Q2 2024
Whitehall Parc,2024-04-14,1.211045971773086,0.9261744966442953,1.1216398933200393,1.0,2024-04,Q2 2024
Whitehall Parc,2024-04-15,1.211045971773086,0.9261744966442953,1.1216398933200393,1.0,2024-04,Q2 2024
Whitehall Parc,2024-04-16,1.2132962621769763,0.9261744966442953,1.1237240549021659,1.0,2024-04,Q2 2024
Whitehall Parc,2024-04-17,1.2132962621769763,0.9194630872483222,1.1155811269680922,1.0,2024-04,Q2 2024
Whitehall Parc,2024-04-18,1.2166300156513234,0.9194630872483222,1.1186463902297403,1.0,2024-04,Q2 2024
Whitehall Parc,2024-04-19,1.2156151388018932,0.9194630872483222,1.1177132484285863,1.0,2024-04,Q2 2024
Whitehall Parc,2024-04-20,1.2154543502314672,0.9228187919463087,1.1216441151464882,1.0,2024-04,Q2 2024
Whitehall Parc,2024-04-21,1.2154543502314672,0.9295302013422819,1.1298015268930082,1.0,2024-04,Q2 2024
Whitehall Parc,2024-04-22,1.2187298983568997,0.9295302013422819,1.1328462478015477,1.0,2024-04,Q2 2024
Whitehall Parc,2024-04-23,1.2187298983568997,0.9295302013422819,1.1328462478015477,1.0,2024-04,Q2 2024
Whitehall Parc,2024-04-24,1.2187298983568997,0.9228187919463087,1.1246668525105616,1.0,2024-04,Q2 2024
Whitehall Parc,2024-04-25,1.2172394528045336,0.9194630872483222,1.1192067451961147,1.0,2024-04,Q2 2024
Whitehall Parc,2024-04-26,1.215816029739081,0.9161073825503355,1.1138180406670104,1.0,2024-04,Q2 2024
Whitehall Parc,2024-04-27,1.215816029739081,0.9161073825503355,1.1138180406670104,1.0,2024-04,Q2 2024
Whitehall Parc,2024-04-28,1.2187843256914925,0.9161073825503355,1.1165373185026088,1.0,2024-04,Q2 2024
Whitehall Parc,2024-04-29,1.2187843256914925,0.9194630872483222,1.1206271987901644,1.0,2024-04,Q2 2024
Whitehall Parc,2024-04-30,1.2171862466341519,0.9194630872483222,1.119157824086435,1.0,2024-04,Q2 2024
Whitehall Parc,2024-05-01,1.2171862466341519,0.9194630872483222,1.119157824086435,1.0,2024-05,Q2 2024
Whitehall Parc,2024-05-02,1.2210971810055287,0.9194630872483222,1.1227537838775665,1.0,2024-05,Q2 2024
Whitehall Parc,2024-05-03,1.2210971810055287,0.9194630872483222,1.1227537838775665,1.0,2024-05,Q2 2024
Whitehall Parc,2024-05-04,1.2210971810055287,0.9194630872483222,1.1227537838775665,1.0,2024-05,Q2 2024
Whitehall Parc,2024-05-05,1.2210971810055287,0.9194630872483222,1.1227537838775665,1.0,2024-05,Q2 2024
Whitehall Parc,2024-05-06,1.2210971810055287,0.9194630872483222,1.1227537838775665,1.0,2024-05,Q2 2024
Whitehall Parc,2024-05-07,1.2210971810055287,0.9194630872483222,1.1227537838775665,1.0,2024-05,Q2 2024
Whitehall Parc,2024-05-08,1.2210971810055287,0.9161073825503355,1.118656142330568,1.0,2024-05,Q2 2024
Whitehall Parc,2024-05-09,1.2210971810055287,0.912751677852349,1.1145585007835699,1.0,2024-05,Q2 2024
Whitehall Parc,2024-05-10,1.2210971810055287,0.9093959731543624,1.1104608592365712,1.0,2024-05,Q2 2024
Whitehall Parc,2024-05-11,1.2210971810055287,0.9093959731543624,1.1104608592365712,1.0,2024-05,Q2 2024
Whitehall Parc,2024-05-12,1.2210971810055287,0.9093959731543624,1.1104608592365712,1.0,2024-05,Q2 2024
Whitehall Parc,2024-05-13,1.2210971810055287,0.9093959731543624,1.1104608592365712,1.0,2024-05,Q2 2024
Whitehall Parc,2024-05-14,1.2232948574962392,0.9060402684563759,1.1083544010871966,1.0,2024-05,Q2 2024
Whitehall Parc,2024-05-15,1.2232948574962392,0.9093959731543624,1.1124594173875195,1.0,2024-05,Q2 2024
Whitehall Parc,2024-05-16,1.2232948574962392,0.9093959731543624,1.1124594173875195,1.0,2024-05,Q2 2024
Whitehall Parc,2024-05-17,1.2232948574962392,0.9060402684563759,1.1083544010871966,1.0,2024-05,Q2 2024
Whitehall Parc,2024-05-18,1.2232948574962392,0.9026845637583892,1.1042493847868737,1.0,2024-05,Q2 2024
Whitehall Parc,2024-05-19,1.2232948574962392,0.9026845637583892,1.1042493847868737,1.0,2024-05,Q2 2024
Whitehall Parc,2024-05-20,1.2232948574962392,0.9026845637583892,1.1042493847868737,1.0,2024-05,Q2 2024
Whitehall Parc,2024-05-21,1.2232948574962392,0.8993288590604027,1.1001443684865508,1.0,2024-05,Q2 2024
Whitehall Parc,2024-05-22,1.2232948574962392,0.8959731543624161,1.0960393521862277,1.0,2024-05,Q2 2024
Whitehall Parc,2024-05-23,1.2232948574962392,0.8959731543624161,1.0960393521862277,1.0,2024-05,Q2 2024
Whitehall Parc,2024-05-24,1.2208436531957367,0.8959731543624161,1.0938431389371197,1.0,2024-05,Q2 2024
Whitehall Parc,2024-05-25,1.2208436531957367,0.8993288590604027,1.097939929719656,1.0,2024-05,Q2 2024
Whitehall Parc,2024-05-26,1.2227119118274217,0.8993288590604027,1.0996201086233188,1.0,2024-05,Q2 2024
Whitehall Parc,2024-05-27,1.2235789347771306,0.9026845637583892,1.1045058169632487,1.0,2024-05,Q2 2024
Whitehall Parc,2024-05-28,1.2235789347771306,0.9060402684563759,1.1086117865430378,1.0,2024-05,Q2 2024
Whitehall Parc,2024-05-29,1.2257733169879668,0.9026845637583892,1.1064866519119565,1.0,2024-05,Q2 2024
Whitehall Parc,2024-05-30,1.2257733169879668,0.9026845637583892,1.1064866519119565,1.0,2024-05,Q2 2024
Whitehall Parc,2024-05-31,1.227454354848265,0.8993288590604027,1.103885124494413,1.0,2024-05,Q2 2024
Whitehall Parc,2024-06-01,1.227454354848265,0.9060402684563759,1.1121230731846696,1.0,2024-06,Q2 2024
Whitehall Parc,2024-06-02,1.2293347589268324,0.9060402684563759,1.1138267950008214,1.0,2024-06,Q2 2024
Whitehall Parc,2024-06-03,1.2310042661626202,0.9060402684563759,1.1153394357849242,1.0,2024-06,Q2 2024
Whitehall Parc,2024-06-04,1.2333661575070842,0.912751677852349,1.1257570296708956,1.0,2024-06,Q2 2024
Whitehall Parc,2024-06-05,1.2333661575070842,0.9161073825503355,1.1298958422799799,1.0,2024-06,Q2 2024
Whitehall Parc,2024-06-06,1.2366588549014137,0.912751677852349,1.12876244474223,1.0,2024-06,Q2 2024
Whitehall Parc,2024-06-07,1.2716027393952587,0.912751677852349,1.1606575339446656,1.0,2024-06,Q2 2024
Whitehall Parc,2024-06-08,1.2708215722557454,0.9194630872483222,1.1684735261680343,1.0,2024-06,Q2 2024
Whitehall Parc,2024-06-09,1.2708215722557454,0.9228187919463087,1.1727380280883557,1.0,2024-06,Q2 2024
Whitehall Parc,2024-06-10,1.2708215722557454,0.9228187919463087,1.1727380280883557,1.0,2024-06,Q2 2024
Whitehall Parc,2024-06-11,1.2708215722557454,0.9228187919463087,1.1727380280883557,1.0,2024-06,Q2 2024
Whitehall Parc,2024-06-12,1.2708215722557454,0.9228187919463087,1.1727380280883557,1.0,2024-06,Q2 2024
Whitehall Parc,2024-06-13,1.2708215722557454,0.9194630872483222,1.1684735261680343,1.0,2024-06,Q2 2024
Whitehall Parc,2024-06-14,1.2708215722557454,0.9161073825503355,1.164209024247713,1.0,2024-06,Q2 2024
Whitehall Parc,2024-06-15,1.2708215722557454,0.9161073825503355,1.164209024247713,1.0,2024-06,Q2 2024
Whitehall Parc,2024-06-16,1.2708215722557454,0.9161073825503355,1.164209024247713,1.0,2024-06,Q2 2024
Whitehall Parc,2024-06-17,1.2735189549850623,0.9161073825503355,1.166680116479604,1.0,2024-06,Q2 2024
Whitehall Parc,2024-06-18,1.2748672808025425,0.9194630872483222,1.1721934058385794,1.0,2024-06,Q2 2024
Whitehall Parc,2024-06-19,1.2748672808025425,0.912751677852349,1.1636372495915825,1.0,2024-06,Q2 2024
Whitehall Parc,2024-06-20,1.2738076274539047,0.9093959731543624,1.1583955269798931,1.0,2024-06,Q2 2024
Whitehall Parc,2024-06-21,1.2705143736240723,0.9060402684563759,1.1511371841560387,1.0,2024-06,Q2 2024
Whitehall Parc,2024-06-22,1.2705143736240723,0.9093959731543624,1.1554006552084684,1.0,2024-06,Q2 2024
Whitehall Parc,2024-06-23,1.2705143736240723,0.9093959731543624,1.1554006552084684,1.0,2024-06,Q2 2024
Whitehall Parc,2024-06-24,1.2705143736240723,0.9093959731543624,1.1554006552084684,1.0,2024-06,Q2 2024
Whitehall Parc,2024-06-25,1.2662901995708544,0.9060402684563759,1.1473099123628547,1.0,2024-06,Q2 2024
Whitehall Parc,2024-06-26,1.2631048463782135,0.9161073825503355,1.157139674702189,1.0,2024-06,Q2 2024
Whitehall Parc,2024-06-27,1.2649175690609062,0.9194630872483222,1.1630450131633836,1.0,2024-06,Q2 2024
Whitehall Parc,2024-06-28,1.2690694637545472,0.9228187919463087,1.171121149437921,1.0,2024-06,Q2 2024
Whitehall Parc,2024-06-29,1.2690694637545472,0.9261744966442953,1.1753797717995136,1.0,2024-06,Q2 2024
Whitehall Parc,2024-06-30,1.2717955201731233,0.9261744966442953,1.1779045757308122,1.0,2024-06,Q2 2024
Whitehall Parc,2024-07-01,1.275062774724229,0.9295302013422819,1.1852093577134613,1.0,2024-07,Q3 2024
Whitehall Parc,2024-07-02,1.275062774724229,0.9328859060402684,1.189488091856831,1.0,2024-07,Q3 2024
Whitehall Parc,2024-07-03,1.275062774724229,0.9295302013422819,1.1852093577134613,1.0,2024-07,Q3 2024
Whitehall Parc,2024-07-04,1.275062774724229,0.9295302013422819,1.1852093577134613,1.0,2024-07,Q3 2024
Whitehall Parc,2024-07-05,1.275062774724229,0.9295302013422819,1.1852093577134613,1.0,2024-07,Q3 2024
Whitehall Parc,2024-07-06,1.275062774724229,0.9295302013422819,1.1852093577134613,1.0,2024-07,Q3 2024
Whitehall Parc,2024-07-07,1.275062774724229,0.9295302013422819,1.1852093577134613,1.0,2024-07,Q3 2024
Whitehall Parc,2024-07-08,1.275062774724229,0.9261744966442953,1.1809306235700912,1.0,2024-07,Q3 2024
Whitehall Parc,2024-07-09,1.275062774724229,0.9261744966442953,1.1809306235700912,1.0,2024-07,Q3 2024
Whitehall Parc,2024-07-10,1.275062774724229,0.9194630872483222,1.1723731552833514,1.0,2024-07,Q3 2024
Whitehall Parc,2024-07-11,1.275062774724229,0.9194630872483222,1.1723731552833514,1.0,2024-07,Q3 2024
Whitehall Parc,2024-07-12,1.275062774724229,0.9194630872483222,1.1723731552833514,1.0,2024-07,Q3 2024
Whitehall Parc,2024-07-13,1.272287272767947,0.9194630872483222,1.1698211836859647,1.0,2024-07,Q3 2024
Whitehall Parc,2024-07-14,1.272287272767947,0.9228187919463087,1.1740906040643806,1.0,2024-07,Q3 2024
Whitehall Parc,2024-07-15,1.272287272767947,0.9228187919463087,1.1740906040643806,1.0,2024-07,Q3 2024
Whitehall Parc,2024-07-16,1.2727217822116497,0.9228187919463087,1.1744915775443074,1.0,2024-07,Q3 2024
Whitehall Parc,2024-07-17,1.2727217822116497,0.9328859060402684,1.1873042129357,1.0,2024-07,Q3 2024
Whitehall Parc,2024-07-18,1.2718270101872153,0.9328859060402684,1.1864694927249861,1.0,2024-07,Q3 2024
Whitehall Parc,2024-07-19,1.274370703486844,0.9328859060402684,1.1888424683534986,1.0,2024-07,Q3 2024
Whitehall Parc,2024-07-20,1.274370703486844,0.9362416107382551,1.193118880110166,1.0,2024-07,Q3 2024
Whitehall Parc,2024-07-21,1.274370703486844,0.9362416107382551,1.193118880110166,1.0,2024-07,Q3 2024
Whitehall Parc,2024-07-22,1.273948744293675,0.9362416107382551,1.1927238243554876,1.0,2024-07,Q3 2024
Whitehall Parc,2024-07-23,1.2692733637393407,0.9228187919463087,1.171309312175566,1.0,2024-07,Q3 2024
Whitehall Parc,2024-07-24,1.2692733637393407,0.9295302013422819,1.1798279253550248,1.0,2024-07,Q3 2024
Whitehall Parc,2024-07-25,1.2692733637393407,0.9295302013422819,1.1798279253550248,1.0,2024-07,Q3 2024
Whitehall Parc,2024-07-26,1.2692733637393407,0.9261744966442953,1.1755686187652954,1.0,2024-07,Q3 2024
Whitehall Parc,2024-07-27,1.2692733637393407,0.9261744966442953,1.1755686187652954,1.0,2024-07,Q3 2024
Whitehall Parc,2024-07-28,1.2692733637393407,0.9261744966442953,1.1755686187652954,1.0,2024-07,Q3 2024
Whitehall Parc,2024-07-29,1.2692733637393407,0.9194630872483222,1.1670500055858368,1.0,2024-07,Q3 2024
Whitehall Parc,2024-07-30,1.2692733637393407,0.9194630872483222,1.1670500055858368,1.0,2024-07,Q3 2024
Whitehall Parc,2024-07-31,1.2692733637393407,0.9194630872483222,1.1670500055858368,1.0,2024-07,Q3 2024
Whitehall Parc,2024-08-01,1.2692733637393407,0.9060402684563759,1.1500127792269195,1.0,2024-08,Q3 2024
Whitehall Parc,2024-08-02,1.272475195615982,0.9026845637583892,1.1486437168479837,1.0,2024-08,Q3 2024
Whitehall Parc,2024-08-03,1.272475195615982,0.9093959731543624,1.1571838188319836,1.0,2024-08,Q3 2024
Whitehall Parc,2024-08-04,1.272475195615982,0.9093959731543624,1.1571838188319836,1.0,2024-08,Q3 2024
Whitehall Parc,2024-08-05,1.272475195615982,0.9060402684563759,1.152913767839984,1.0,2024-08,Q3 2024
Whitehall Parc,2024-08-06,1.272475195615982,0.9026845637583892,1.1486437168479837,1.0,2024-08,Q3 2024
Whitehall Parc,2024-08-07,1.272475195615982,0.9026845637583892,1.1486437168479837,1.0,2024-08,Q3 2024
Whitehall Parc,2024-08-08,1.272475195615982,0.9026845637583892,1.1486437168479837,1.0,2024-08,Q3 2024
Whitehall Parc,2024-08-09,1.2762345144835154,0.9026845637583892,1.1520371959599518,1.0,2024-08,Q3 2024
Whitehall Parc,2024-08-10,1.277615080000833,0.9093959731543624,1.161858008994046,1.0,2024-08,Q3 2024
Whitehall Parc,2024-08-11,1.2774662530324017,0.912751677852349,1.1660094658550781,1.0,2024-08,Q3 2024
Whitehall Parc,2024-08-12,1.2774662530324017,0.9161073825503355,1.1702962653618982,1.0,2024-08,Q3 2024
Whitehall Parc,2024-08-13,1.2789647977639103,0.9161073825503355,1.171669093253515,1.0,2024-08,Q3 2024
Whitehall Parc,2024-08-14,1.2789647977639103,0.9161073825503355,1.171669093253515,1.0,2024-08,Q3 2024
Whitehall Parc,2024-08-15,1.2789647977639103,0.9161073825503355,1.171669093253515,1.0,2024-08,Q3 2024
Whitehall Parc,2024-08-16,1.2789647977639103,0.9161073825503355,1.171669093253515,1.0,2024-08,Q3 2024
Whitehall Parc,2024-08-17,1.2815864266905999,0.9161073825503355,1.1740707868675628,1.0,2024-08,Q3 2024
Whitehall Parc,2024-08-18,1.2829206186860682,0.9194630872483222,1.1795981527516197,1.0,2024-08,Q3 2024
Whitehall Parc,2024-08-19,1.2801449476758524,0.9228187919463087,1.1813418141304006,1.0,2024-08,Q3 2024
Whitehall Parc,2024-08-20,1.2801449476758524,0.9228187919463087,1.1813418141304006,1.0,2024-08,Q3 2024
Whitehall Parc,2024-08-21,1.2801449476758524,0.9228187919463087,1.1813418141304006,1.0,2024-08,Q3 2024
Whitehall Parc,2024-08-22,1.2801449476758524,0.9228187919463087,1.1813418141304006,1.0,2024-08,Q3 2024
Whitehall Parc,2024-08-23,1.2806531228729854,0.9161073825503355,1.1732157803500838,1.0,2024-08,Q3 2024
Whitehall Parc,2024-08-24,1.2806531228729854,0.9194630872483222,1.177513274051,1.0,2024-08,Q3 2024
Whitehall Parc,2024-08-25,1.2806531228729854,0.9161073825503355,1.1732157803500838,1.0,2024-08,Q3 2024
Whitehall Parc,2024-08-26,1.2806531228729854,0.9161073825503355,1.1732157803500838,1.0,2024-08,Q3 2024
Whitehall Parc,2024-08-27,1.2806531228729854,0.9161073825503355,1.1732157803500838,1.0,2024-08,Q3 2024
Whitehall Parc,2024-08-28,1.2806531228729854,0.9161073825503355,1.1732157803500838,1.0,2024-08,Q3 2024
Whitehall Parc,2024-08-29,1.2806531228729854,0.912751677852349,1.1689182866491679,1.0,2024-08,Q3 2024
Whitehall Parc,2024-08-30,1.2806531228729854,0.912751677852349,1.1689182866491679,1.0,2024-08,Q3 2024
Whitehall Parc,2024-08-31,1.2806531228729854,0.9093959731543624,1.1646207929482517,1.0,2024-08,Q3 2024
Whitehall Parc,2024-09-01,1.2806531228729854,0.9093959731543624,1.1646207929482517,1.0,2024-09,Q3 2024
Whitehall Parc,2024-09-02,1.2806531228729854,0.9093959731543624,1.1646207929482517,1.0,2024-09,Q3 2024
Whitehall Parc,2024-09-03,1.2806531228729854,0.9093959731543624,1.1646207929482517,1.0,2024-09,Q3 2024
Whitehall Parc,2024-09-04,1.2806531228729854,0.9093959731543624,1.1646207929482517,1.0,2024-09,Q3 2024
Whitehall Parc,2024-09-05,1.2806531228729854,0.9093959731543624,1.1646207929482517,1.0,2024-09,Q3 2024
Whitehall Parc,2024-09-06,1.2806531228729854,0.9093959731543624,1.1646207929482517,1.0,2024-09,Q3 2024
Whitehall Parc,2024-09-07,1.2806531228729854,0.9093959731543624,1.1646207929482517,1.0,2024-09,Q3 2024
Whitehall Parc,2024-09-08,1.2806531228729854,0.9060402684563759,1.1603232992473358,1.0,2024-09,Q3 2024
Whitehall Parc,2024-09-09,1.2806531228729854,0.9060402684563759,1.1603232992473358,1.0,2024-09,Q3 2024
Whitehall Parc,2024-09-10,1.277748685902827,0.9026845637583892,1.1534040151270486,1.0,2024-09,Q3 2024
Whitehall Parc,2024-09-11,1.277748685902827,0.9060402684563759,1.157691762395179,1.0,2024-09,Q3 2024
Whitehall Parc,2024-09-12,1.277748685902827,0.9060402684563759,1.157691762395179,1.0,2024-09,Q3 2024
Whitehall Parc,2024-09-13,1.2801742729576226,0.9026845637583892,1.1555935551194647,1.0,2024-09,Q3 2024
Whitehall Parc,2024-09-14,1.2801742729576226,0.9060402684563759,1.1598894419414703,1.0,2024-09,Q3 2024
Whitehall Parc,2024-09-15,1.2809838739161603,0.9060402684563759,1.1606229730112863,1.0,2024-09,Q3 2024
Whitehall Parc,2024-09-16,1.2819028569697914,0.9093959731543624,1.1657572961034008,1.0,2024-09,Q3 2024
Whitehall Parc,2024-09-17,1.2819028569697914,0.912751677852349,1.170058983542897,1.0,2024-09,Q3 2024
Whitehall Parc,2024-09-18,1.2819028569697914,0.9093959731543624,1.1657572961034008,1.0,2024-09,Q3 2024
Whitehall Parc,2024-09-19,1.2847115917119376,0.9060402684563759,1.164000435443702,1.0,2024-09,Q3 2024
Whitehall Parc,2024-09-20,1.2847115917119376,0.912751677852349,1.172622660891433,1.0,2024-09,Q3 2024
Whitehall Parc,2024-09-21,1.2862057589838547,0.912751677852349,1.1739864645758673,1.0,2024-09,Q3 2024
Whitehall Parc,2024-09-22,1.2862057589838547,0.9161073825503355,1.1783025912838667,1.0,2024-09,Q3 2024
Whitehall Parc,2024-09-23,1.288429900465194,0.912751677852349,1.1760165534447409,1.0,2024-09,Q3 2024
Whitehall Parc,2024-09-24,1.2883158480257901,0.912751677852349,1.1759124518893118,1.0,2024-09,Q3 2024
Whitehall Parc,2024-09-25,1.2931393560390636,0.912751677852349,1.1803151169215613,1.0,2024-09,Q3 2024
Whitehall Parc,2024-09-26,1.2931393560390636,0.9228187919463087,1.1933332983581961,1.0,2024-09,Q3 2024
Whitehall Parc,2024-09-27,1.2931393560390636,0.9228187919463087,1.1933332983581961,1.0,2024-09,Q3 2024
Whitehall Parc,2024-09-28,1.2931393560390636,0.9161073825503355,1.184654510733773,1.0,2024-09,Q3 2024
Whitehall Parc,2024-09-29,1.2924622096175444,0.9161073825503355,1.1840341718979517,1.0,2024-09,Q3 2024
Whitehall Parc,2024-09-30,1.2924622096175444,0.9161073825503355,1.1840341718979517,1.0,2024-09,Q3 2024
Whitehall Parc,2024-10-01,1.2930368472679543,0.9161073825503355,1.1845606016917836,1.0,2024-10,Q4 2024
Whitehall Parc,2024-10-02,1.2927930745562075,0.9161073825503355,1.184337279710888,1.0,2024-10,Q4 2024
Whitehall Parc,2024-10-03,1.2927930745562075,0.9194630872483222,1.188675511504701,1.0,2024-10,Q4 2024
Whitehall Parc,2024-10-04,1.2927930745562075,0.9194630872483222,1.188675511504701,1.0,2024-10,Q4 2024
Whitehall Parc,2024-10-05,1.2927930745562075,0.9194630872483222,1.188675511504701,1.0,2024-10,Q4 2024
Whitehall Parc,2024-10-06,1.291462415369244,0.9194630872483222,1.18745201950058,1.0,2024-10,Q4 2024
Whitehall Parc,2024-10-07,1.291462415369244,0.9228187919463087,1.1917857859951075,1.0,2024-10,Q4 2024
Whitehall Parc,2024-10-08,1.291462415369244,0.9194630872483222,1.18745201950058,1.0,2024-10,Q4 2024
Whitehall Parc,2024-10-09,1.3135182117427013,0.9161073825503355,1.2033237308918034,1.0,2024-10,Q4 2024
Whitehall Parc,2024-10-10,1.3135182117427013,0.9194630872483222,1.2077315101258395,1.0,2024-10,Q4 2024
Whitehall Parc,2024-10-11,1.3135182117427013,0.9194630872483222,1.2077315101258395,1.0,2024-10,Q4 2024
Whitehall Parc,2024-10-12,1.3135182117427013,0.9194630872483222,1.2077315101258395,1.0,2024-10,Q4 2024
Whitehall Parc,2024-10-13,1.3135182117427013,0.9194630872483222,1.2077315101258395,1.0,2024-10,Q4 2024
Whitehall Parc,2024-10-14,1.3135182117427013,0.9194630872483222,1.2077315101258395,1.0,2024-10,Q4 2024
Whitehall Parc,2024-10-15,1.3135182117427013,0.9194630872483222,1.2077315101258395,1.0,2024-10,Q4 2024
Whitehall Parc,2024-10-16,1.3135182117427013,0.9194630872483222,1.2077315101258395,1.0,2024-10,Q4 2024
Whitehall Parc,2024-10-17,1.3135182117427013,0.9194630872483222,1.2077315101258395,1.0,2024-10,Q4 2024
Whitehall Parc,2024-10-18,1.3135182117427013,0.9194630872483222,1.2077315101258395,1.0,2024-10,Q4 2024
Whitehall Parc,2024-10-19,1.3135182117427013,0.9194630872483222,1.2077315101258395,1.0,2024-10,Q4 2024
Whitehall Parc,2024-10-20,1.3135182117427013,0.9194630872483222,1.2077315101258395,1.0,2024-10,Q4 2024
Whitehall Parc,2024-10-21,1.310852382527168,0.9161073825503355,1.200881545066835,1.0,2024-10,Q4 2024
Whitehall Parc,2024-10-22,1.310852382527168,0.9194630872483222,1.2052803785652486,1.0,2024-10,Q4 2024
Whitehall Parc,2024-10-23,1.310852382527168,0.912751677852349,1.1964827115684218,1.0,2024-10,Q4 2024
Whitehall Parc,2024-10-24,1.310852382527168,0.912751677852349,1.1964827115684218,1.0,2024-10,Q4 2024
Whitehall Parc,2024-10-25,1.310852382527168,0.912751677852349,1.1964827115684218,1.0,2024-10,Q4 2024
Whitehall Parc,2024-10-26,1.310852382527168,0.912751677852349,1.1964827115684218,1.0,2024-10,Q4 2024
Whitehall Parc,2024-10-27,1.310852382527168,0.912751677852349,1.1964827115684218,1.0,2024-10,Q4 2024
Whitehall Parc,2024-10-28,1.3077868571814772,0.912751677852349,1.1936846481656438,1.0,2024-10,Q4 2024
Whitehall Parc,2024-10-29,1.3078110086656638,0.9161073825503355,1.1980953200192155,1.0,2024-10,Q4 2024
Whitehall Parc,2024-10-30,1.3078110086656638,0.9161073825503355,1.1980953200192155,1.0,2024-10,Q4 2024
Whitehall Parc,2024-10-31,1.307098539882158,0.9161073825503355,1.197442622106809,1.0,2024-10,Q4 2024
Whitehall Parc,2024-11-01,1.3088604548004035,0.9194630872483222,1.203448874548022,1.0,2024-11,Q4 2024
Whitehall Parc,2024-11-02,1.3088604548004035,0.9228187919463087,1.2078410237252044,1.0,2024-11,Q4 2024
Whitehall Parc,2024-11-03,1.3088604548004035,0.9228187919463087,1.2078410237252044,1.0,2024-11,Q4 2024
Whitehall Parc,2024-11-04,1.3068319879512975,0.9228187919463087,1.2059691163980093,1.0,2024-11,Q4 2024
Whitehall Parc,2024-11-05,1.3068319879512975,0.9261744966442953,1.2103544586394568,1.0,2024-11,Q4 2024
Whitehall Parc,2024-11-06,1.3068319879512975,0.9261744966442953,1.2103544586394568,1.0,2024-11,Q4 2024
Whitehall Parc,2024-11-07,1.307267755805645,0.9228187919463087,1.2063712511629272,1.0,2024-11,Q4 2024
Whitehall Parc,2024-11-08,1.307267755805645,0.9261744966442953,1.2107580557126107,1.0,2024-11,Q4 2024
Whitehall Parc,2024-11-09,1.307267755805645,0.9261744966442953,1.2107580557126107,1.0,2024-11,Q4 2024
Whitehall Parc,2024-11-10,1.307267755805645,0.9261744966442953,1.2107580557126107,1.0,2024-11,Q4 2024
Whitehall Parc,2024-11-11,1.307267755805645,0.9261744966442953,1.2107580557126107,1.0,2024-11,Q4 2024
Whitehall Parc,2024-11-12,1.3286140611144852,0.9261744966442953,1.2305284592872414,1.0,2024-11,Q4 2024
Whitehall Parc,2024-11-13,1.3270574145762126,0.9295302013422819,1.233539945763795,1.0,2024-11,Q4 2024
Whitehall Parc,2024-11-14,1.3270574145762126,0.9328859060402684,1.2379931585643862,1.0,2024-11,Q4 2024
Whitehall Parc,2024-11-15,1.3270574145762126,0.9328859060402684,1.2379931585643862,1.0,2024-11,Q4 2024
Whitehall Parc,2024-11-16,1.3270574145762126,0.9328859060402684,1.2379931585643862,1.0,2024-11,Q4 2024
Whitehall Parc,2024-11-17,1.325531783773768,0.9328859060402684,1.2365699190909647,1.0,2024-11,Q4 2024
Whitehall Parc,2024-11-18,1.325531783773768,0.9395973154362416,1.245466105559245,1.0,2024-11,Q4 2024
Whitehall Parc,2024-11-19,1.3234631599541216,0.9362416107382551,1.2390812806281877,1.0,2024-11,Q4 2024
Whitehall Parc,2024-11-20,1.3234631599541216,0.9395973154362416,1.2435224321716578,1.0,2024-11,Q4 2024
Whitehall Parc,2024-11-21,1.3225858068026228,0.9328859060402684,1.2338216586950643,1.0,2024-11,Q4 2024
Whitehall Parc,2024-11-22,1.3225858068026228,0.9362416107382551,1.2382598661004423,1.0,2024-11,Q4 2024
Whitehall Parc,2024-11-23,1.3225858068026228,0.9362416107382551,1.2382598661004423,1.0,2024-11,Q4 2024
Whitehall Parc,2024-11-24,1.3225858068026228,0.9362416107382551,1.2382598661004423,1.0,2024-11,Q4 2024
Whitehall Parc,2024-11-25,1.3235335523097544,0.9362416107382551,1.239147184880609,1.0,2024-11,Q4 2024
Whitehall Parc,2024-11-26,1.3235335523097544,0.9395973154362416,1.2435885726400377,1.0,2024-11,Q4 2024
Whitehall Parc,2024-11-27,1.3235335523097544,0.9395973154362416,1.2435885726400377,1.0,2024-11,Q4 2024
Whitehall Parc,2024-11-28,1.3235335523097544,0.9362416107382551,1.239147184880609,1.0,2024-11,Q4 2024
Whitehall Parc,2024-11-29,1.3235335523097544,0.9362416107382551,1.239147184880609,1.0,2024-11,Q4 2024
Whitehall Parc,2024-11-30,1.3235335523097544,0.9362416107382551,1.239147184880609,1.0,2024-11,Q4 2024
Whitehall Parc,2024-12-01,1.3232902922460623,0.9328859060402684,1.2344788632362595,1.0,2024-12,Q4 2024
Whitehall Parc,2024-12-02,1.3232902922460623,0.9362416107382551,1.2389194346867496,1.0,2024-12,Q4 2024
Whitehall Parc,2024-12-03,1.3232902922460623,0.9362416107382551,1.2389194346867496,1.0,2024-12,Q4 2024
Whitehall Parc,2024-12-04,1.3225820023794865,0.9362416107382551,1.2382563042411971,1.0,2024-12,Q4 2024
Whitehall Parc,2024-12-05,1.3229345152281935,0.9429530201342282,1.2474650965742362,1.0,2024-12,Q4 2024
Whitehall Parc,2024-12-06,1.3229345152281935,0.9463087248322147,1.251904474142116,1.0,2024-12,Q4 2024
Whitehall Parc,2024-12-07,1.3229345152281935,0.9463087248322147,1.251904474142116,1.0,2024-12,Q4 2024
Whitehall Parc,2024-12-08,1.3228841562498068,0.9463087248322147,1.251856819001495,1.0,2024-12,Q4 2024
Whitehall Parc,2024-12-09,1.3228841562498068,0.9496644295302014,1.2562960275795145,1.0,2024-12,Q4 2024
Whitehall Parc,2024-12-10,1.3228841562498068,0.9496644295302014,1.2562960275795145,1.0,2024-12,Q4 2024
Whitehall Parc,2024-12-11,1.3228841562498068,0.9429530201342282,1.2474176104234755,1.0,2024-12,Q4 2024
Whitehall Parc,2024-12-12,1.3228841562498068,0.9429530201342282,1.2474176104234755,1.0,2024-12,Q4 2024
Whitehall Parc,2024-12-13,1.3228841562498068,0.9395973154362416,1.242978401845456,1.0,2024-12,Q4 2024
Whitehall Parc,2024-12-14,1.3228841562498068,0.9395973154362416,1.242978401845456,1.0,2024-12,Q4 2024
Whitehall Parc,2024-12-15,1.3222574667409943,0.9395973154362416,1.2423895660653637,1.0,2024-12,Q4 2024
Whitehall Parc,2024-12-16,1.3222574667409943,0.9429530201342282,1.2468266716584544,1.0,2024-12,Q4 2024
Whitehall Parc,2024-12-17,1.3222574667409943,0.9429530201342282,1.2468266716584544,1.0,2024-12,Q4 2024
Whitehall Parc,2024-12-18,1.3222574667409943,0.9429530201342282,1.2468266716584544,1.0,2024-12,Q4 2024
Whitehall Parc,2024-12-19,1.3222574667409943,0.9429530201342282,1.2468266716584544,1.0,2024-12,Q4 2024
Whitehall Parc,2024-12-20,1.3222574667409943,0.9429530201342282,1.2468266716584544,1.0,2024-12,Q4 2024
Whitehall Parc,2024-12-21,1.3222574667409943,0.9362416107382551,1.2379524604722731,1.0,2024-12,Q4 2024
Whitehall Parc,2024-12-22,1.3214461276447638,0.9362416107382551,1.2371928510499635,1.0,2024-12,Q4 2024
Whitehall Parc,2024-12-23,1.3218993584502443,0.9395973154362416,1.2420530884767396,1.0,2024-12,Q4 2024
Whitehall Parc,2024-12-24,1.3218993584502443,0.9429530201342282,1.2464889923641567,1.0,2024-12,Q4 2024
Whitehall Parc,2024-12-25,1.3218993584502443,0.9429530201342282,1.2464889923641567,1.0,2024-12,Q4 2024
Whitehall Parc,2024-12-26,1.3218993584502443,0.9429530201342282,1.2464889923641567,1.0,2024-12,Q4 2024
Whitehall Parc,2024-12-27,1.3218993584502443,0.9429530201342282,1.2464889923641567,1.0,2024-12,Q4 2024
Whitehall Parc,2024-12-28,1.3224533970808894,0.9429530201342282,1.2470114247641944,1.0,2024-12,Q4 2024
Whitehall Parc,2024-12-29,1.3224533970808894,0.9463087248322147,1.251449187841647,1.0,2024-12,Q4 2024
Whitehall Parc,2024-12-30,1.3224533970808894,0.9463087248322147,1.251449187841647,1.0,2024-12,Q4 2024
Whitehall Parc,2024-12-31,1.3224533970808894,0.9463087248322147,1.251449187841647,1.0,2024-12,Q4 2024
Whitehall Parc,2025-01-01,1.3224533970808894,0.9463087248322147,1.251449187841647,1.0,2025-01,Q1 2025
Whitehall Parc,2025-01-02,1.320679087759769,0.9463087248322147,1.2497701434505195,1.0,2025-01,Q1 2025
Whitehall Parc,2025-01-03,1.320679087759769,0.9463087248322147,1.2497701434505195,1.0,2025-01,Q1 2025
Whitehall Parc,2025-01-04,1.3204623051624458,0.9429530201342282,1.245133918626333,1.0,2025-01,Q1 2025
Whitehall Parc,2025-01-05,1.3204623051624458,0.9463087248322147,1.249565000187281,1.0,2025-01,Q1 2025
Whitehall Parc,2025-01-06,1.3204623051624458,0.9463087248322147,1.249565000187281,1.0,2025-01,Q1 2025
Whitehall Parc,2025-01-07,1.3204623051624458,0.9463087248322147,1.249565000187281,1.0,2025-01,Q1 2025
Whitehall Parc,2025-01-08,1.3204623051624458,0.9463087248322147,1.249565000187281,1.0,2025-01,Q1 2025
Whitehall Parc,2025-01-09,1.3211015358981424,0.9463087248322147,1.2501699098096515,1.0,2025-01,Q1 2025
Whitehall Parc,2025-01-10,1.3217907933870672,0.9463087248322147,1.2508221601850769,1.0,2025-01,Q1 2025
Whitehall Parc,2025-01-11,1.3200165536979462,0.9496644295302014,1.2535727674379826,1.0,2025-01,Q1 2025
Whitehall Parc,2025-01-12,1.3200165536979462,0.9530201342281879,1.2580023531886466,1.0,2025-01,Q1 2025
Whitehall Parc,2025-01-13,1.3200165536979462,0.9530201342281879,1.2580023531886466,1.0,2025-01,Q1 2025
Whitehall Parc,2025-01-14,1.3200684529704114,0.9530201342281879,1.258051814240258,1.0,2025-01,Q1 2025
Whitehall Parc,2025-01-15,1.323167126285413,0.9530201342281879,1.2610049122988498,1.0,2025-01,Q1 2025
Whitehall Parc,2025-01-16,1.323167126285413,0.9597315436241611,1.2698852285826447,1.0,2025-01,Q1 2025
Whitehall Parc,2025-01-17,1.323167126285413,0.9597315436241611,1.2698852285826447,1.0,2025-01,Q1 2025
Whitehall Parc,2025-01-18,1.323167126285413,0.9563758389261745,1.2654450704407474,1.0,2025-01,Q1 2025
Whitehall Parc,2025-01-19,1.323167126285413,0.9563758389261745,1.2654450704407474,1.0,2025-01,Q1 2025
Whitehall Parc,2025-01-20,1.323167126285413,0.9563758389261745,1.2654450704407474,1.0,2025-01,Q1 2025
Whitehall Parc,2025-01-21,1.3240734929914832,0.9563758389261745,1.26631189765964,1.0,2025-01,Q1 2025
Whitehall Parc,2025-01-22,1.3240734929914832,0.9597315436241611,1.270755097300551,1.0,2025-01,Q1 2025
Whitehall Parc,2025-01-23,1.3240734929914832,0.9563758389261745,1.26631189765964,1.0,2025-01,Q1 2025
Whitehall Parc,2025-01-24,1.3240734929914832,0.9563758389261745,1.26631189765964,1.0,2025-01,Q1 2025
Whitehall Parc,2025-01-25,1.3240734929914832,0.9563758389261745,1.26631189765964,1.0,2025-01,Q1 2025
Whitehall Parc,2025-01-26,1.3240734929914832,0.9563758389261745,1.26631189765964,1.0,2025-01,Q1 2025
Whitehall Parc,2025-01-27,1.3240734929914832,0.9563758389261745,1.26631189765964,1.0,2025-01,Q1 2025
Whitehall Parc,2025-01-28,1.3240734929914832,0.9563758389261745,1.26631189765964,1.0,2025-01,Q1 2025
Whitehall Parc,2025-01-29,1.3240734929914832,0.9563758389261745,1.26631189765964,1.0,2025-01,Q1 2025
Whitehall Parc,2025-01-30,1.324603856042197,0.9530201342281879,1.26237414468451,1.0,2025-01,Q1 2025
Whitehall Parc,2025-01-31,1.324603856042197,0.9563758389261745,1.266819124067202,1.0,2025-01,Q1 2025
Whitehall Parc,2025-02-01,1.324603856042197,0.9563758389261745,1.266819124067202,1.0,2025-02,Q1 2025
Whitehall Parc,2025-02-02,1.324603856042197,0.9563758389261745,1.266819124067202,1.0,2025-02,Q1 2025
Whitehall Parc,2025-02-03,1.324603856042197,0.9563758389261745,1.266819124067202,1.0,2025-02,Q1 2025
Whitehall Parc,2025-02-04,1.324603856042197,0.9563758389261745,1.266819124067202,1.0,2025-02,Q1 2025
Whitehall Parc,2025-02-05,1.326860826447844,0.9563758389261745,1.2689776360323342,1.0,2025-02,Q1 2025
Whitehall Parc,2025-02-06,1.3258095326862909,0.9597315436241611,1.2724212293566417,1.0,2025-02,Q1 2025
Whitehall Parc,2025-02-07,1.3258095326862909,0.9630872483221476,1.2768702546341124,1.0,2025-02,Q1 2025
Whitehall Parc,2025-02-08,1.3258095326862909,0.9630872483221476,1.2768702546341124,1.0,2025-02,Q1 2025
Whitehall Parc,2025-02-09,1.3258095326862909,0.9630872483221476,1.2768702546341124,1.0,2025-02,Q1 2025
Whitehall Parc,2025-02-10,1.3258095326862909,0.9630872483221476,1.2768702546341124,1.0,2025-02,Q1 2025
Whitehall Parc,2025-02-11,1.3258095326862909,0.9630872483221476,1.2768702546341124,1.0,2025-02,Q1 2025
Whitehall Parc,2025-02-12,1.3258095326862909,0.9630872483221476,1.2768702546341124,1.0,2025-02,Q1 2025
Whitehall Parc,2025-02-13,1.3258095326862909,0.9630872483221476,1.2768702546341124,1.0,2025-02,Q1 2025
Whitehall Parc,2025-02-14,1.3258095326862909,0.9630872483221476,1.2768702546341124,1.0,2025-02,Q1 2025
Whitehall Parc,2025-02-15,1.3258095326862909,0.9597315436241611,1.2724212293566417,1.0,2025-02,Q1 2025
Whitehall Parc,2025-02-16,1.3258095326862909,0.9597315436241611,1.2724212293566417,1.0,2025-02,Q1 2025
Whitehall Parc,2025-02-17,1.3258095326862909,0.9563758389261745,1.2679722040791708,1.0,2025-02,Q1 2025
Whitehall Parc,2025-02-18,1.3258095326862909,0.9563758389261745,1.2679722040791708,1.0,2025-02,Q1 2025
Whitehall Parc,2025-02-19,1.3258095326862909,0.9530201342281879,1.2635231788017,1.0,2025-02,Q1 2025
Whitehall Parc,2025-02-20,1.3258095326862909,0.9530201342281879,1.2635231788017,1.0,2025-02,Q1 2025
Whitehall Parc,2025-02-21,1.3258095326862909,0.9530201342281879,1.2635231788017,1.0,2025-02,Q1 2025
Whitehall Parc,2025-02-22,1.3258095326862909,0.9530201342281879,1.2635231788017,1.0,2025-02,Q1 2025
Whitehall Parc,2025-02-23,1.3258095326862909,0.9530201342281879,1.2635231788017,1.0,2025-02,Q1 2025
Whitehall Parc,2025-02-24,1.3258095326862909,0.9530201342281879,1.2635231788017,1.0,2025-02,Q1 2025
Whitehall Parc,2025-02-25,1.3258095326862909,0.9530201342281879,1.2635231788017,1.0,2025-02,Q1 2025
Whitehall Parc,2025-02-26,1.325674030911996,0.9530201342281879,1.2633940428825734,1.0,2025-02,Q1 2025
Whitehall Parc,2025-02-27,1.325674030911996,0.9463087248322147,1.254496901735513,1.0,2025-02,Q1 2025
Whitehall Parc,2025-02-28,1.3256198302022784,0.9463087248322147,1.254445611131015,1.0,2025-02,Q1 2025
Whitehall Parc,2025-03-01,1.3256198302022784,0.9496644295302014,1.2588939998229691,1.0,2025-03,Q1 2025
Whitehall Parc,2025-03-02,1.3256198302022784,0.9496644295302014,1.2588939998229691,1.0,2025-03,Q1 2025
Whitehall Parc,2025-03-03,1.3256198302022784,0.9496644295302014,1.2588939998229691,1.0,2025-03,Q1 2025
Whitehall Parc,2025-03-04,1.3256198302022784,0.9463087248322147,1.254445611131015,1.0,2025-03,Q1 2025
Whitehall Parc,2025-03-05,1.3256198302022784,0.9429530201342282,1.2499972224390612,1.0,2025-03,Q1 2025
Whitehall Parc,2025-03-06,1.3256198302022784,0.9395973154362416,1.2455488337471072,1.0,2025-03,Q1 2025
Whitehall Parc,2025-03-07,1.3242892270860804,0.9395973154362416,1.2442986026312164,1.0,2025-03,Q1 2025
Whitehall Parc,2025-03-08,1.3242892270860804,0.9362416107382551,1.2398546790503908,1.0,2025-03,Q1 2025
Whitehall Parc,2025-03-09,1.3242892270860804,0.9328859060402684,1.235410755469565,1.0,2025-03,Q1 2025
Whitehall Parc,2025-03-10,1.3242892270860804,0.9328859060402684,1.235410755469565,1.0,2025-03,Q1 2025
Whitehall Parc,2025-03-11,1.3242892270860804,0.9328859060402684,1.235410755469565,1.0,2025-03,Q1 2025
Whitehall Parc,2025-03-12,1.3242892270860804,0.9328859060402684,1.235410755469565,1.0,2025-03,Q1 2025
Whitehall Parc,2025-03-13,1.325390745344901,0.9328859060402684,1.2364383463284647,1.0,2025-03,Q1 2025
Whitehall Parc,2025-03-14,1.3238573315940194,0.9328859060402684,1.235007846252139,1.0,2025-03,Q1 2025
Whitehall Parc,2025-03-15,1.3239911121977186,0.9362416107382551,1.239575571487126,1.0,2025-03,Q1 2025
Whitehall Parc,2025-03-16,1.3239911121977186,0.9395973154362416,1.2440184946824202,1.0,2025-03,Q1 2025
Whitehall Parc,2025-03-17,1.3239911121977186,0.9395973154362416,1.2440184946824202,1.0,2025-03,Q1 2025
Whitehall Parc,2025-03-18,1.3239911121977186,0.9362416107382551,1.239575571487126,1.0,2025-03,Q1 2025
Whitehall Parc,2025-03-19,1.3239911121977186,0.9362416107382551,1.239575571487126,1.0,2025-03,Q1 2025
Whitehall Parc,2025-03-20,1.324354663809731,0.9362416107382551,1.2399159436339429,1.0,2025-03,Q1 2025
Whitehall Parc,2025-03-21,1.324354663809731,0.9395973154362416,1.2443600868010896,1.0,2025-03,Q1 2025
Whitehall Parc,2025-03-22,1.324354663809731,0.9395973154362416,1.2443600868010896,1.0,2025-03,Q1 2025
Whitehall Parc,2025-03-23,1.3253254239652112,0.9362416107382551,1.24082480968555,1.0,2025-03,Q1 2025
Whitehall Parc,2025-03-24,1.3253254239652112,0.9395973154362416,1.2452722104371112,1.0,2025-03,Q1 2025
Whitehall Parc,2025-03-25,1.3253254239652112,0.9395973154362416,1.2452722104371112,1.0,2025-03,Q1 2025
Whitehall Parc,2025-03-26,1.3253254239652112,0.9395973154362416,1.2452722104371112,1.0,2025-03,Q1 2025
Whitehall Parc,2025-03-27,1.3253254239652112,0.9395973154362416,1.2452722104371112,1.0,2025-03,Q1 2025
Whitehall Parc,2025-03-28,1.3262293656871684,0.9395973154362416,1.246121551652373,1.0,2025-03,Q1 2025
Whitehall Parc,2025-03-29,1.3262293656871684,0.9429530201342282,1.2505719857654172,1.0,2025-03,Q1 2025
Whitehall Parc,2025-03-30,1.3262293656871684,0.9429530201342282,1.2505719857654172,1.0,2025-03,Q1 2025
Whitehall Parc,2025-03-31,1.3262293656871684,0.9429530201342282,1.2505719857654172,1.0,2025-03,Q1 2025
Whitehall Parc,2025-04-01,1.3262293656871684,0.9429530201342282,1.2505719857654172,1.0,2025-04,Q2 2025
Whitehall Parc,2025-04-02,1.3265966851610087,0.9362416107382551,1.2420150173151727,1.0,2025-04,Q2 2025
Whitehall Parc,2025-04-03,1.3289048633123084,0.9362416107382551,1.2441760297454163,1.0,2025-04,Q2 2025
Whitehall Parc,2025-04-04,1.3282686195657698,0.9395973154362416,1.2480376291221997,1.0,2025-04,Q2 2025
Whitehall Parc,2025-04-05,1.3282686195657698,0.9362416107382551,1.2435803518753348,1.0,2025-04,Q2 2025
Whitehall Parc,2025-04-06,1.3282686195657698,0.9328859060402684,1.2391230746284698,1.0,2025-04,Q2 2025
Whitehall Parc,2025-04-07,1.3256422876820941,0.9295302013422819,1.2322245425769802,1.0,2025-04,Q2 2025
Whitehall Parc,2025-04-08,1.3256422876820941,0.9328859060402684,1.2366730066296046,1.0,2025-04,Q2 2025
Whitehall Parc,2025-04-09,1.3256422876820941,0.9295302013422819,1.2322245425769802,1.0,2025-04,Q2 2025
Whitehall Parc,2025-04-10,1.3256422876820941,0.9295302013422819,1.2322245425769802,1.0,2025-04,Q2 2025
Whitehall Parc,2025-04-11,1.3256422876820941,0.9295302013422819,1.2322245425769802,1.0,2025-04,Q2 2025
Whitehall Parc,2025-04-12,1.3256422876820941,0.9295302013422819,1.2322245425769802,1.0,2025-04,Q2 2025
Whitehall Parc,2025-04-13,1.32688584912933,0.9295302013422819,1.233380470499411,1.0,2025-04,Q2 2025
Whitehall Parc,2025-04-14,1.32688584912933,0.9362416107382551,1.2422857446546414,1.0,2025-04,Q2 2025
Whitehall Parc,2025-04-15,1.32688584912933,0.9362416107382551,1.2422857446546414,1.0,2025-04,Q2 2025
Whitehall Parc,2025-04-16,1.3273616255500156,0.9362416107382551,1.2427311863370951,1.0,2025-04,Q2 2025
Whitehall Parc,2025-04-17,1.329269658594391,0.9395973154362416,1.2489782027061391,1.0,2025-04,Q2 2025
Whitehall Parc,2025-04-18,1.3312304665735712,0.9429530201342282,1.2552877889502467,1.0,2025-04,Q2 2025
Whitehall Parc,2025-04-19,1.3312304665735712,0.9429530201342282,1.2552877889502467,1.0,2025-04,Q2 2025
Whitehall Parc,2025-04-20,1.3312304665735712,0.9429530201342282,1.2552877889502467,1.0,2025-04,Q2 2025
Whitehall Parc,2025-04-21,1.3312304665735712,0.9429530201342282,1.2552877889502467,1.0,2025-04,Q2 2025
Whitehall Parc,2025-04-22,1.3312304665735712,0.9429530201342282,1.2552877889502467,1.0,2025-04,Q2 2025
Whitehall Parc,2025-04-23,1.3312304665735712,0.9429530201342282,1.2552877889502467,1.0,2025-04,Q2 2025
Whitehall Parc,2025-04-24,1.3312304665735712,0.9429530201342282,1.2552877889502467,1.0,2025-04,Q2 2025
Whitehall Parc,2025-04-25,1.3312304665735712,0.9395973154362416,1.2508205726194628,1.0,2025-04,Q2 2025
Whitehall Parc,2025-04-26,1.3312304665735712,0.9395973154362416,1.2508205726194628,1.0,2025-04,Q2 2025
Whitehall Parc,2025-04-27,1.3354577293978596,0.9395973154362416,1.2547924974208076,1.0,2025-04,Q2 2025
Sonderly at the Concourse,2024-02-11,1.5573075567395835,0.7518518518518519,1.1708645704375389,1.0,2024-02,Q1 2024
Sonderly at the Concourse,2024-02-12,1.548644915088426,0.4,0.6194579660353705,1.0,2024-02,Q1 2024
Sonderly at the Concourse,2024-02-13,1.548644915088426,0.033333333333333326,0.05162149716961419,1.0,2024-02,Q1 2024
Sonderly at the Concourse,2024-02-14,1.548644915088426,0.033333333333333326,0.05162149716961419,1.0,2024-02,Q1 2024
Sonderly at the Concourse,2024-02-15,1.548644915088426,0.033333333333333326,0.05162149716961419,1.0,2024-02,Q1 2024
Sonderly at the Concourse,2024-02-16,1.5621813365172783,0.033333333333333326,0.0520727112172426,1.0,2024-02,Q1 2024
Sonderly at the Concourse,2024-02-17,1.5621813365172783,0.8185185185185185,1.278674353223402,1.0,2024-02,Q1 2024
Sonderly at the Concourse,2024-02-18,1.5621813365172783,0.8185185185185185,1.278674353223402,1.0,2024-02,Q1 2024
Sonderly at the Concourse,2024-02-19,1.5621813365172783,0.8185185185185185,1.278674353223402,1.0,2024-02,Q1 2024
Sonderly at the Concourse,2024-02-20,1.5621813365172783,0.8185185185185185,1.278674353223402,1.0,2024-02,Q1 2024
Sonderly at the Concourse,2024-02-21,1.561831742328529,0.8185185185185185,1.2783882039059442,1.0,2024-02,Q1 2024
Sonderly at the Concourse,2024-02-22,1.5638828929191833,0.825925925925926,1.2916514263739922,1.0,2024-02,Q1 2024
Sonderly at the Concourse,2024-02-23,1.5638828929191833,0.9962962962962963,1.5580907340565198,1.0,2024-02,Q1 2024
Sonderly at the Concourse,2024-02-24,1.5638828929191833,0.9962962962962963,1.5580907340565198,1.0,2024-02,Q1 2024
Sonderly at the Concourse,2024-02-25,1.5637395169164654,0.9962962962962963,1.557947889076034,1.0,2024-02,Q1 2024
Sonderly at the Concourse,2024-02-26,1.5637395169164654,1.0,1.5637395169164654,1.0,2024-02,Q1 2024
Sonderly at the Concourse,2024-02-27,1.5637395169164654,1.0,1.5637395169164654,1.0,2024-02,Q1 2024
Sonderly at the Concourse,2024-02-28,1.5637395169164654,0.8333333333333334,1.3031162640970546,1.0,2024-02,Q1 2024
Sonderly at the Concourse,2024-02-29,1.5636262701039279,0.8296296296296296,1.2972306833454808,1.0,2024-02,Q1 2024
Sonderly at the Concourse,2024-03-01,1.563513556740439,0.6333333333333333,0.990225252602278,1.0,2024-03,Q1 2024
Sonderly at the Concourse,2024-03-02,1.563513556740439,0.6370370370370371,0.9960160435531686,1.0,2024-03,Q1 2024
Sonderly at the Concourse,2024-03-03,1.563513556740439,0.6370370370370371,0.9960160435531686,1.0,2024-03,Q1 2024
Sonderly at the Concourse,2024-03-04,1.563513556740439,0.6370370370370371,0.9960160435531686,1.0,2024-03,Q1 2024
Sonderly at the Concourse,2024-03-05,1.563513556740439,0.6370370370370371,0.9960160435531686,1.0,2024-03,Q1 2024
Sonderly at the Concourse,2024-03-06,1.5634019255703637,0.6370370370370371,0.9959449303633429,1.0,2024-03,Q1 2024
Sonderly at the Concourse,2024-03-07,1.5634019255703637,0.6444444444444444,1.0075256853675676,1.0,2024-03,Q1 2024
Sonderly at the Concourse,2024-03-08,1.5634019255703637,0.6444444444444444,1.0075256853675676,1.0,2024-03,Q1 2024
Sonderly at the Concourse,2024-03-09,1.5634019255703637,0.6444444444444444,1.0075256853675676,1.0,2024-03,Q1 2024
Sonderly at the Concourse,2024-03-10,1.5634019255703637,0.6444444444444444,1.0075256853675676,1.0,2024-03,Q1 2024
Sonderly at the Concourse,2024-03-11,1.5634019255703637,0.6444444444444444,1.0075256853675676,1.0,2024-03,Q1 2024
Sonderly at the Concourse,2024-03-12,1.5632565510399414,0.6444444444444444,1.0074319995590733,1.0,2024-03,Q1 2024
Sonderly at the Concourse,2024-03-13,1.5632565510399414,0.6481481481481481,1.013221838636999,1.0,2024-03,Q1 2024
Sonderly at the Concourse,2024-03-14,1.5632565510399414,0.6481481481481481,1.013221838636999,1.0,2024-03,Q1 2024
Sonderly at the Concourse,2024-03-15,1.5632565510399414,0.6444444444444444,1.0074319995590733,1.0,2024-03,Q1 2024
Sonderly at the Concourse,2024-03-16,1.5632565510399414,0.6444444444444444,1.0074319995590733,1.0,2024-03,Q1 2024
Sonderly at the Concourse,2024-03-17,1.5632565510399414,0.6444444444444444,1.0074319995590733,1.0,2024-03,Q1 2024
Sonderly at the Concourse,2024-03-18,1.5632565510399414,0.6444444444444444,1.0074319995590733,1.0,2024-03,Q1 2024
Sonderly at the Concourse,2024-03-19,1.5632565510399414,0.6444444444444444,1.0074319995590733,1.0,2024-03,Q1 2024
Sonderly at the Concourse,2024-03-20,1.5630779091864022,0.6444444444444444,1.0073168748090147,1.0,2024-03,Q1 2024
Sonderly at the Concourse,2024-03-21,1.5630779091864022,0.6481481481481481,1.0131060522504458,1.0,2024-03,Q1 2024
Sonderly at the Concourse,2024-03-22,1.5630779091864022,0.45925925925925926,0.7178580027374588,1.0,2024-03,Q1 2024
Sonderly at the Concourse,2024-03-23,1.5630779091864022,0.45925925925925926,0.7178580027374588,1.0,2024-03,Q1 2024
Sonderly at the Concourse,2024-03-24,1.5630779091864022,0.45925925925925926,0.7178580027374588,1.0,2024-03,Q1 2024
Sonderly at the Concourse,2024-03-25,1.5625718096008039,0.45925925925925926,0.7176255718166655,1.0,2024-03,Q1 2024
Sonderly at the Concourse,2024-03-26,1.5625718096008039,0.4666666666666667,0.7292001778137085,1.0,2024-03,Q1 2024
Sonderly at the Concourse,2024-03-27,1.5625718096008039,0.4666666666666667,0.7292001778137085,1.0,2024-03,Q1 2024
Sonderly at the Concourse,2024-03-28,1.5625718096008039,0.4666666666666667,0.7292001778137085,1.0,2024-03,Q1 2024
Sonderly at the Concourse,2024-03-29,1.5620104823610397,0.4666666666666667,0.7289382251018185,1.0,2024-03,Q1 2024
Sonderly at the Concourse,2024-03-30,1.562235090307608,0.4703703703703703,0.7348290980335785,1.0,2024-03,Q1 2024
Sonderly at the Concourse,2024-03-31,1.562235090307608,0.4740740740740741,0.7406151539236069,1.0,2024-03,Q1 2024
Sonderly at the Concourse,2024-04-01,1.56253733778673,0.4740740740740741,0.7407584416174128,1.0,2024-04,Q2 2024
Sonderly at the Concourse,2024-04-02,1.56253733778673,0.47777777777777775,0.7465456169425487,1.0,2024-04,Q2 2024
Sonderly at the Concourse,2024-04-03,1.5630586089039313,0.47777777777777775,0.7467946686985449,1.0,2024-04,Q2 2024
Sonderly at the Concourse,2024-04-04,1.5630586089039313,0.4814814814814815,0.7525837746574484,1.0,2024-04,Q2 2024
Sonderly at the Concourse,2024-04-05,1.5630586089039313,0.4814814814814815,0.7525837746574484,1.0,2024-04,Q2 2024
Sonderly at the Concourse,2024-04-06,1.5636879013766143,0.4814814814814815,0.752886767329481,1.0,2024-04,Q2 2024
Sonderly at the Concourse,2024-04-07,1.5642347336687905,0.48888888888888893,0.7647369809047421,1.0,2024-04,Q2 2024
Sonderly at the Concourse,2024-04-08,1.5642347336687905,0.4925925925925926,0.7705304428812931,1.0,2024-04,Q2 2024
Sonderly at the Concourse,2024-04-09,1.5642347336687905,0.4925925925925926,0.7705304428812931,1.0,2024-04,Q2 2024
Sonderly at the Concourse,2024-04-10,1.5642347336687905,0.4925925925925926,0.7705304428812931,1.0,2024-04,Q2 2024
Sonderly at the Concourse,2024-04-11,1.5642347336687905,0.4925925925925926,0.7705304428812931,1.0,2024-04,Q2 2024
Sonderly at the Concourse,2024-04-12,1.5642347336687905,0.4925925925925926,0.7705304428812931,1.0,2024-04,Q2 2024
Sonderly at the Concourse,2024-04-13,1.5642347336687905,0.4925925925925926,0.7705304428812931,1.0,2024-04,Q2 2024
Sonderly at the Concourse,2024-04-14,1.5642347336687905,0.4925925925925926,0.7705304428812931,1.0,2024-04,Q2 2024
Sonderly at the Concourse,2024-04-15,1.5642347336687905,0.4925925925925926,0.7705304428812931,1.0,2024-04,Q2 2024
Sonderly at the Concourse,2024-04-16,1.5642347336687905,0.4925925925925926,0.7705304428812931,1.0,2024-04,Q2 2024
Sonderly at the Concourse,2024-04-17,1.5642347336687905,0.4925925925925926,0.7705304428812931,1.0,2024-04,Q2 2024
Sonderly at the Concourse,2024-04-18,1.5642347336687905,0.4925925925925926,0.7705304428812931,1.0,2024-04,Q2 2024
Sonderly at the Concourse,2024-04-19,1.5642347336687905,0.4925925925925926,0.7705304428812931,1.0,2024-04,Q2 2024
Sonderly at the Concourse,2024-04-20,1.5632772963250448,0.48888888888888893,0.7642689004255775,1.0,2024-04,Q2 2024
Sonderly at the Concourse,2024-04-21,1.5631704414174634,0.4925925925925926,0.7700061804019357,1.0,2024-04,Q2 2024
Sonderly at the Concourse,2024-04-22,1.562574060308728,0.49629629629629635,0.7754997188198872,1.0,2024-04,Q2 2024
Sonderly at the Concourse,2024-04-23,1.562574060308728,0.5,0.781287030154364,1.0,2024-04,Q2 2024
Sonderly at the Concourse,2024-04-24,1.5616257997052103,0.5,0.7808128998526052,1.0,2024-04,Q2 2024
Sonderly at the Concourse,2024-04-25,1.5605991020552974,0.5037037037037038,0.7860795477019277,1.0,2024-04,Q2 2024
Sonderly at the Concourse,2024-04-26,1.5593897500831095,0.5074074074074074,0.7912459102273556,1.0,2024-04,Q2 2024
Sonderly at the Concourse,2024-04-27,1.5583803957579743,0.5185185185185186,0.8080490940967275,1.0,2024-04,Q2 2024
Sonderly at the Concourse,2024-04-28,1.5583803957579743,0.5222222222222221,0.8138208733402753,1.0,2024-04,Q2 2024
Sonderly at the Concourse,2024-04-29,1.555877806320769,0.5222222222222221,0.8125139655230681,1.0,2024-04,Q2 2024
Sonderly at the Concourse,2024-04-30,1.554064132070236,0.5333333333333333,0.8288342037707925,1.0,2024-04,Q2 2024
Sonderly at the Concourse,2024-05-01,1.551772994801658,0.5444444444444445,0.8448541860586806,1.0,2024-05,Q2 2024
Sonderly at the Concourse,2024-05-02,1.551772994801658,0.5555555555555556,0.8620961082231434,1.0,2024-05,Q2 2024
Sonderly at the Concourse,2024-05-03,1.551772994801658,0.5333333333333333,0.8276122638942176,1.0,2024-05,Q2 2024
Sonderly at the Concourse,2024-05-04,1.55167467258435,0.5333333333333333,0.82755982537832,1.0,2024-05,Q2 2024
Sonderly at the Concourse,2024-05-05,1.55167467258435,0.537037037037037,0.8333067686101138,1.0,2024-05,Q2 2024
Sonderly at the Concourse,2024-05-06,1.55167467258435,0.537037037037037,0.8333067686101138,1.0,2024-05,Q2 2024
Sonderly at the Concourse,2024-05-07,1.55167467258435,0.537037037037037,0.8333067686101138,1.0,2024-05,Q2 2024
Sonderly at the Concourse,2024-05-08,1.55167467258435,0.537037037037037,0.8333067686101138,1.0,2024-05,Q2 2024
Sonderly at the Concourse,2024-05-09,1.551576720934429,0.537037037037037,0.8332541649462674,1.0,2024-05,Q2 2024
Sonderly at the Concourse,2024-05-10,1.551576720934429,0.537037037037037,0.8332541649462674,1.0,2024-05,Q2 2024
Sonderly at the Concourse,2024-05-11,1.5503158864461477,0.537037037037037,0.8325770501284866,1.0,2024-05,Q2 2024
Sonderly at the Concourse,2024-05-12,1.5503158864461477,0.5444444444444445,0.8440608715095694,1.0,2024-05,Q2 2024
Sonderly at the Concourse,2024-05-13,1.5503158864461477,0.5444444444444445,0.8440608715095694,1.0,2024-05,Q2 2024
Sonderly at the Concourse,2024-05-14,1.5494449558203325,0.5444444444444445,0.8435866981688478,1.0,2024-05,Q2 2024
Sonderly at the Concourse,2024-05-15,1.5483507486407375,0.5481481481481482,0.8487255955512191,1.0,2024-05,Q2 2024
Sonderly at the Concourse,2024-05-16,1.5478319428743137,0.5555555555555556,0.8599066349301743,1.0,2024-05,Q2 2024
Sonderly at the Concourse,2024-05-17,1.5474712016214311,0.5592592592592592,0.8654375979438373,1.0,2024-05,Q2 2024
Sonderly at the Concourse,2024-05-18,1.546905513014077,0.5629629629629629,0.8708505110301469,1.0,2024-05,Q2 2024
Sonderly at the Concourse,2024-05-19,1.546905513014077,0.5666666666666667,0.876579790707977,1.0,2024-05,Q2 2024
Sonderly at the Concourse,2024-05-20,1.5461538767459986,0.5666666666666667,0.8761538634893992,1.0,2024-05,Q2 2024
Sonderly at the Concourse,2024-05-21,1.5454374875074883,0.5703703703703704,0.8814717521339008,1.0,2024-05,Q2 2024
Sonderly at the Concourse,2024-05-22,1.5451999336806186,0.5851851851851853,0.9042281093390288,1.0,2024-05,Q2 2024
Sonderly at the Concourse,2024-05-23,1.5448705917640946,0.5888888888888889,0.909757126261078,1.0,2024-05,Q2 2024
Sonderly at the Concourse,2024-05-24,1.5448728431297838,0.5925925925925926,0.9154802033361681,1.0,2024-05,Q2 2024
Sonderly at the Concourse,2024-05-25,1.5448728431297838,0.5962962962962963,0.9212019546070193,1.0,2024-05,Q2 2024
Sonderly at the Concourse,2024-05-26,1.5448728431297838,0.5962962962962963,0.9212019546070193,1.0,2024-05,Q2 2024
Sonderly at the Concourse,2024-05-27,1.5445358702897949,0.5962962962962963,0.9210010189505814,1.0,2024-05,Q2 2024
Sonderly at the Concourse,2024-05-28,1.5444327105481808,0.6037037037037036,0.9323797474790868,1.0,2024-05,Q2 2024
Sonderly at the Concourse,2024-05-29,1.5432865640936495,0.6148148148148148,0.9488354431094289,1.0,2024-05,Q2 2024
Sonderly at the Concourse,2024-05-30,1.5432649551575117,0.625925925925926,0.9659695460059982,1.0,2024-05,Q2 2024
Sonderly at the Concourse,2024-05-31,1.5424755086224071,0.6333333333333333,0.9769011554608578,1.0,2024-05,Q2 2024
Sonderly at the Concourse,2024-06-01,1.5424755086224071,0.6444444444444444,0.994039772223329,1.0,2024-06,Q2 2024
Sonderly at the Concourse,2024-06-02,1.5421993560965237,0.6444444444444444,0.9938618072622041,1.0,2024-06,Q2 2024
Sonderly at the Concourse,2024-06-03,1.5422730058194476,0.6481481481481481,0.999621392660753,1.0,2024-06,Q2 2024
Sonderly at the Concourse,2024-06-04,1.542280771738604,0.6518518518518519,1.0053385771333123,1.0,2024-06,Q2 2024
Sonderly at the Concourse,2024-06-05,1.5413675006497596,0.6592592592592592,1.0161607967246562,1.0,2024-06,Q2 2024
Sonderly at the Concourse,2024-06-06,1.5413675006497596,0.6666666666666667,1.0275783337665065,1.0,2024-06,Q2 2024
Sonderly at the Concourse,2024-06-07,1.5402546779086945,0.6666666666666667,1.0268364519391298,1.0,2024-06,Q2 2024
Sonderly at the Concourse,2024-06-08,1.5397836319946965,0.674074074074074,1.03792822601124,1.0,2024-06,Q2 2024
Sonderly at the Concourse,2024-06-09,1.5390874500912795,0.6777777777777778,1.0431592717285338,1.0,2024-06,Q2 2024
Sonderly at the Concourse,2024-06-10,1.5387060694591768,0.6814814814814815,1.048599691779587,1.0,2024-06,Q2 2024
Sonderly at the Concourse,2024-06-11,1.5387060694591768,0.6888888888888889,1.0599975145163218,1.0,2024-06,Q2 2024
Sonderly at the Concourse,2024-06-12,1.5383917981319601,0.6888888888888889,1.0597810164909058,1.0,2024-06,Q2 2024
Sonderly at the Concourse,2024-06-13,1.538512500713155,0.6888888888888889,1.0598641671579512,1.0,2024-06,Q2 2024
Sonderly at the Concourse,2024-06-14,1.538512500713155,0.6925925925925926,1.0655623616050371,1.0,2024-06,Q2 2024
Sonderly at the Concourse,2024-06-15,1.538512500713155,0.6925925925925926,1.0655623616050371,1.0,2024-06,Q2 2024
Sonderly at the Concourse,2024-06-16,1.538512500713155,0.6925925925925926,1.0655623616050371,1.0,2024-06,Q2 2024
Sonderly at the Concourse,2024-06-17,1.538512500713155,0.6925925925925926,1.0655623616050371,1.0,2024-06,Q2 2024
Sonderly at the Concourse,2024-06-18,1.5374468038796283,0.6925925925925926,1.064824267872187,1.0,2024-06,Q2 2024
Sonderly at the Concourse,2024-06-19,1.5368076133886237,0.7,1.0757653293720366,1.0,2024-06,Q2 2024
Sonderly at the Concourse,2024-06-20,1.5368076133886237,0.7037037037037037,1.0814572094216242,1.0,2024-06,Q2 2024
Sonderly at the Concourse,2024-06-21,1.5361719384487749,0.7037037037037037,1.0810098826121008,1.0,2024-06,Q2 2024
Sonderly at the Concourse,2024-06-22,1.5361719384487749,0.7074074074074075,1.0866994083100594,1.0,2024-06,Q2 2024
Sonderly at the Concourse,2024-06-23,1.5358622287891712,0.7074074074074075,1.0864803174027102,1.0,2024-06,Q2 2024
Sonderly at the Concourse,2024-06-24,1.5358622287891712,0.7111111111111111,1.0921686960278552,1.0,2024-06,Q2 2024
Sonderly at the Concourse,2024-06-25,1.5358810522328863,0.7111111111111111,1.0921820815878303,1.0,2024-06,Q2 2024
Sonderly at the Concourse,2024-06-26,1.5358810522328863,0.7148148148148148,1.0978705299294336,1.0,2024-06,Q2 2024
Sonderly at the Concourse,2024-06-27,1.5353601637208791,0.7148148148148148,1.097498191104184,1.0,2024-06,Q2 2024
Sonderly at the Concourse,2024-06-28,1.5351621940577092,0.7296296296296296,1.1200998230717358,1.0,2024-06,Q2 2024
Sonderly at the Concourse,2024-06-29,1.5348051883070044,0.7333333333333334,1.12552380475847,1.0,2024-06,Q2 2024
Sonderly at the Concourse,2024-06-30,1.5348051883070044,0.737037037037037,1.1312082684188662,1.0,2024-06,Q2 2024
Sonderly at the Concourse,2024-07-01,1.5348051883070044,0.737037037037037,1.1312082684188662,1.0,2024-07,Q3 2024
Sonderly at the Concourse,2024-07-02,1.5346509982696874,0.737037037037037,1.1310946246506215,1.0,2024-07,Q3 2024
Sonderly at the Concourse,2024-07-03,1.5346509982696874,0.7407407407407407,1.1367785172368055,1.0,2024-07,Q3 2024
Sonderly at the Concourse,2024-07-04,1.534356188711715,0.7407407407407407,1.1365601397864555,1.0,2024-07,Q3 2024
Sonderly at the Concourse,2024-07-05,1.534356188711715,0.7481481481481482,1.1479257411843202,1.0,2024-07,Q3 2024
Sonderly at the Concourse,2024-07-06,1.5338992912589033,0.7481481481481482,1.1475839142011055,1.0,2024-07,Q3 2024
Sonderly at the Concourse,2024-07-07,1.5338992912589033,0.7518518518518519,1.1532650226872496,1.0,2024-07,Q3 2024
Sonderly at the Concourse,2024-07-08,1.5334600914502274,0.7518518518518519,1.1529348094977636,1.0,2024-07,Q3 2024
Sonderly at the Concourse,2024-07-09,1.533250567835535,0.6703703703703704,1.0278457510304884,1.0,2024-07,Q3 2024
Sonderly at the Concourse,2024-07-10,1.533250567835535,0.674074074074074,1.0335244568372866,1.0,2024-07,Q3 2024
Sonderly at the Concourse,2024-07-11,1.533250567835535,0.674074074074074,1.0335244568372866,1.0,2024-07,Q3 2024
Sonderly at the Concourse,2024-07-12,1.5332696459749728,0.674074074074074,1.0335373169164632,1.0,2024-07,Q3 2024
Sonderly at the Concourse,2024-07-13,1.5332696459749728,0.6777777777777778,1.0392160933830372,1.0,2024-07,Q3 2024
Sonderly at the Concourse,2024-07-14,1.5323529516532022,0.6777777777777778,1.038594778342726,1.0,2024-07,Q3 2024
Sonderly at the Concourse,2024-07-15,1.5323634007712557,0.6851851851851851,1.0499527005284528,1.0,2024-07,Q3 2024
Sonderly at the Concourse,2024-07-16,1.5319357894795174,0.6888888888888889,1.0553335438636675,1.0,2024-07,Q3 2024
Sonderly at the Concourse,2024-07-17,1.5319357894795174,0.6962962962962963,1.0666812163783306,1.0,2024-07,Q3 2024
Sonderly at the Concourse,2024-07-18,1.5318466469953704,0.6962962962962963,1.0666191467967765,1.0,2024-07,Q3 2024
Sonderly at the Concourse,2024-07-19,1.5317757714989366,0.7037037037037037,1.0779162836473999,1.0,2024-07,Q3 2024
Sonderly at the Concourse,2024-07-20,1.530209041321661,0.7,1.0711463289251626,1.0,2024-07,Q3 2024
Sonderly at the Concourse,2024-07-21,1.530209041321661,0.7111111111111111,1.0881486516065144,1.0,2024-07,Q3 2024
Sonderly at the Concourse,2024-07-22,1.5291453226802374,0.7111111111111111,1.0873922294615022,1.0,2024-07,Q3 2024
Sonderly at the Concourse,2024-07-23,1.5291453226802374,0.7222222222222222,1.104382733046838,1.0,2024-07,Q3 2024
Sonderly at the Concourse,2024-07-24,1.5288102991009673,0.7222222222222222,1.1041407715729208,1.0,2024-07,Q3 2024
Sonderly at the Concourse,2024-07-25,1.5270108920139973,0.7296296296296296,1.1141523915805833,1.0,2024-07,Q3 2024
Sonderly at the Concourse,2024-07-26,1.5270108920139973,0.7444444444444445,1.1367747751659758,1.0,2024-07,Q3 2024
Sonderly at the Concourse,2024-07-27,1.5270108920139973,0.7444444444444445,1.1367747751659758,1.0,2024-07,Q3 2024
Sonderly at the Concourse,2024-07-28,1.5270108920139973,0.7444444444444445,1.1367747751659758,1.0,2024-07,Q3 2024
Sonderly at the Concourse,2024-07-29,1.5274207507479338,0.7444444444444445,1.137079892223462,1.0,2024-07,Q3 2024
Sonderly at the Concourse,2024-07-30,1.5267112472552145,0.7444444444444445,1.136551706289993,1.0,2024-07,Q3 2024
Sonderly at the Concourse,2024-07-31,1.5263458561263965,0.7481481481481482,1.1419328256945633,1.0,2024-07,Q3 2024
Sonderly at the Concourse,2024-08-01,1.5255158093655945,0.7518518518518519,1.1469618863007989,1.0,2024-08,Q3 2024
Sonderly at the Concourse,2024-08-02,1.5249486523717712,0.7592592592592593,1.1578313842081966,1.0,2024-08,Q3 2024
Sonderly at the Concourse,2024-08-03,1.5245640973277437,0.762962962962963,1.1631859409241303,1.0,2024-08,Q3 2024
Sonderly at the Concourse,2024-08-04,1.5245640973277437,0.7666666666666666,1.1688324746179368,1.0,2024-08,Q3 2024
Sonderly at the Concourse,2024-08-05,1.524092950220202,0.7666666666666666,1.1684712618354882,1.0,2024-08,Q3 2024
Sonderly at the Concourse,2024-08-06,1.5242840709791157,0.7666666666666666,1.1686177877506552,1.0,2024-08,Q3 2024
Sonderly at the Concourse,2024-08-07,1.525141843950957,0.7703703703703704,1.1749240871918483,1.0,2024-08,Q3 2024
Sonderly at the Concourse,2024-08-08,1.525141843950957,0.7851851851851852,1.197518781176307,1.0,2024-08,Q3 2024
Sonderly at the Concourse,2024-08-09,1.5259738102530838,0.7851851851851852,1.1981720287913102,1.0,2024-08,Q3 2024
Sonderly at the Concourse,2024-08-10,1.5263659490358565,0.7925925925925926,1.2097863447913826,1.0,2024-08,Q3 2024
Sonderly at the Concourse,2024-08-11,1.5262285673672016,0.8,1.2209828538937613,1.0,2024-08,Q3 2024
Sonderly at the Concourse,2024-08-12,1.5260402277216951,0.8037037037037037,1.2264841830207698,1.0,2024-08,Q3 2024
Sonderly at the Concourse,2024-08-13,1.526045709635678,0.8148148148148149,1.2434446522957379,1.0,2024-08,Q3 2024
Sonderly at the Concourse,2024-08-14,1.5259947513045322,0.8185185185185185,1.249054963104821,1.0,2024-08,Q3 2024
Sonderly at the Concourse,2024-08-15,1.5267582944236802,0.825925925925926,1.2609892579869655,1.0,2024-08,Q3 2024
Sonderly at the Concourse,2024-08-16,1.526738362840609,0.8333333333333334,1.272281969033841,1.0,2024-08,Q3 2024
Sonderly at the Concourse,2024-08-17,1.526738362840609,0.837037037037037,1.27793655556288,1.0,2024-08,Q3 2024
Sonderly at the Concourse,2024-08-18,1.5268130110958886,0.837037037037037,1.2779990389172993,1.0,2024-08,Q3 2024
Sonderly at the Concourse,2024-08-19,1.5268130110958886,0.8407407407407408,1.2836539019213582,1.0,2024-08,Q3 2024
Sonderly at the Concourse,2024-08-20,1.5272741091922075,0.8407407407407408,1.2840415658764115,1.0,2024-08,Q3 2024
Sonderly at the Concourse,2024-08-21,1.5273891134255149,0.8481481481481481,1.2954522480534922,1.0,2024-08,Q3 2024
Sonderly at the Concourse,2024-08-22,1.5273891134255149,0.8518518518518519,1.301109244769883,1.0,2024-08,Q3 2024
Sonderly at the Concourse,2024-08-23,1.5273891134255149,0.8518518518518519,1.301109244769883,1.0,2024-08,Q3 2024
Sonderly at the Concourse,2024-08-24,1.5273891134255149,0.5592592592592592,0.8542065041750101,1.0,2024-08,Q3 2024
Sonderly at the Concourse,2024-08-25,1.5273891134255149,0.5592592592592592,0.8542065041750101,1.0,2024-08,Q3 2024
Sonderly at the Concourse,2024-08-26,1.5273087331025448,0.5592592592592592,0.8541615507351269,1.0,2024-08,Q3 2024
Sonderly at the Concourse,2024-08-27,1.5273087331025448,0.5629629629629629,0.8598182497466177,1.0,2024-08,Q3 2024
Sonderly at the Concourse,2024-08-28,1.5273087331025448,0.5629629629629629,0.8598182497466177,1.0,2024-08,Q3 2024
Sonderly at the Concourse,2024-08-29,1.5273087331025448,0.5629629629629629,0.8598182497466177,1.0,2024-08,Q3 2024
Sonderly at the Concourse,2024-08-30,1.5283639829163504,0.5629629629629629,0.8604123163084638,1.0,2024-08,Q3 2024
Sonderly at the Concourse,2024-08-31,1.5282823509689267,0.5777777777777777,0.8830075805598242,1.0,2024-08,Q3 2024
Sonderly at the Concourse,2024-09-01,1.528287351869469,0.5814814814814815,0.8886707934944691,1.0,2024-09,Q3 2024
Sonderly at the Concourse,2024-09-02,1.528287351869469,0.5851851851851853,0.8943311170199116,1.0,2024-09,Q3 2024
Sonderly at the Concourse,2024-09-03,1.5283145163640395,0.5851851851851853,0.8943470132796972,1.0,2024-09,Q3 2024
Sonderly at the Concourse,2024-09-04,1.528396112583205,0.5777777777777777,0.8830733094925184,1.0,2024-09,Q3 2024
Sonderly at the Concourse,2024-09-05,1.5287353112152253,0.5851851851851853,0.8945932561926134,1.0,2024-09,Q3 2024
Sonderly at the Concourse,2024-09-06,1.5290786604752469,0.5925925925925926,0.9061206876890351,1.0,2024-09,Q3 2024
Sonderly at the Concourse,2024-09-07,1.530119124967408,0.5962962962962963,0.9124043671101951,1.0,2024-09,Q3 2024
Sonderly at the Concourse,2024-09-08,1.530119124967408,0.6074074074074074,0.9294056907209441,1.0,2024-09,Q3 2024
Sonderly at the Concourse,2024-09-09,1.530119124967408,0.6074074074074074,0.9294056907209441,1.0,2024-09,Q3 2024
Sonderly at the Concourse,2024-09-10,1.5300355995182093,0.6074074074074074,0.9293549567443938,1.0,2024-09,Q3 2024
Sonderly at the Concourse,2024-09-11,1.5300355995182093,0.6111111111111112,0.935021755261128,1.0,2024-09,Q3 2024
Sonderly at the Concourse,2024-09-12,1.5300355995182093,0.6111111111111112,0.935021755261128,1.0,2024-09,Q3 2024
Sonderly at the Concourse,2024-09-13,1.5299896653245717,0.6111111111111112,0.9349936843650161,1.0,2024-09,Q3 2024
Sonderly at the Concourse,2024-09-14,1.5305664090011857,0.6148148148148148,0.9410149033118401,1.0,2024-09,Q3 2024
Sonderly at the Concourse,2024-09-15,1.5304322577257934,0.6185185185185185,0.9466006927415092,1.0,2024-09,Q3 2024
Sonderly at the Concourse,2024-09-16,1.5303422502146722,0.6222222222222222,0.9522129556891293,1.0,2024-09,Q3 2024
Sonderly at the Concourse,2024-09-17,1.5303422502146722,0.625925925925926,0.9578808899491839,1.0,2024-09,Q3 2024
Sonderly at the Concourse,2024-09-18,1.5303422502146722,0.625925925925926,0.9578808899491839,1.0,2024-09,Q3 2024
Sonderly at the Concourse,2024-09-19,1.5303422502146722,0.625925925925926,0.9578808899491839,1.0,2024-09,Q3 2024
Sonderly at the Concourse,2024-09-20,1.5309129061479647,0.6222222222222222,0.952568030492067,1.0,2024-09,Q3 2024
Sonderly at the Concourse,2024-09-21,1.5309129061479647,0.6296296296296297,0.963908126093163,1.0,2024-09,Q3 2024
Sonderly at the Concourse,2024-09-22,1.5309129061479647,0.6296296296296297,0.963908126093163,1.0,2024-09,Q3 2024
Sonderly at the Concourse,2024-09-23,1.5308535654223627,0.6296296296296297,0.9638707634140803,1.0,2024-09,Q3 2024
Sonderly at the Concourse,2024-09-24,1.530720007973889,0.6333333333333333,0.9694560050501296,1.0,2024-09,Q3 2024
Sonderly at the Concourse,2024-09-25,1.530720007973889,0.6370370370370371,0.975125338412996,1.0,2024-09,Q3 2024
Sonderly at the Concourse,2024-09-26,1.530720007973889,0.6333333333333333,0.9694560050501296,1.0,2024-09,Q3 2024
Sonderly at the Concourse,2024-09-27,1.530658899213461,0.6333333333333333,0.969417302835192,1.0,2024-09,Q3 2024
Sonderly at the Concourse,2024-09-28,1.530658899213461,0.6370370370370371,0.975086409869316,1.0,2024-09,Q3 2024
Sonderly at the Concourse,2024-09-29,1.530658899213461,0.6370370370370371,0.975086409869316,1.0,2024-09,Q3 2024
Sonderly at the Concourse,2024-09-30,1.530658899213461,0.6370370370370371,0.975086409869316,1.0,2024-09,Q3 2024
Sonderly at the Concourse,2024-10-01,1.531246775667267,0.6370370370370371,0.9754609089435924,1.0,2024-10,Q4 2024
Sonderly at the Concourse,2024-10-02,1.5312329702201468,0.6481481481481481,0.9924658140315766,1.0,2024-10,Q4 2024
Sonderly at the Concourse,2024-10-03,1.5312329702201468,0.6518518518518519,0.9981370472546143,1.0,2024-10,Q4 2024
Sonderly at the Concourse,2024-10-04,1.5318128907513984,0.6518518518518519,0.9985150695268376,1.0,2024-10,Q4 2024
Sonderly at the Concourse,2024-10-05,1.5318128907513984,0.6592592592592592,1.0098618316805514,1.0,2024-10,Q4 2024
Sonderly at the Concourse,2024-10-06,1.532143618328913,0.6592592592592592,1.0100798668983204,1.0,2024-10,Q4 2024
Sonderly at the Concourse,2024-10-07,1.5327391095056553,0.662962962962963,1.0161492614870826,1.0,2024-10,Q4 2024
Sonderly at the Concourse,2024-10-08,1.5333656954936048,0.6666666666666667,1.0222437969957368,1.0,2024-10,Q4 2024
Sonderly at the Concourse,2024-10-09,1.5333656954936048,0.6703703703703704,1.0279229292012684,1.0,2024-10,Q4 2024
Sonderly at the Concourse,2024-10-10,1.5337639903409521,0.6703703703703704,1.0281899342656013,1.0,2024-10,Q4 2024
Sonderly at the Concourse,2024-10-11,1.5337639903409521,0.674074074074074,1.0338705416372342,1.0,2024-10,Q4 2024
Sonderly at the Concourse,2024-10-12,1.5340893256826402,0.674074074074074,1.0340898417564464,1.0,2024-10,Q4 2024
Sonderly at the Concourse,2024-10-13,1.5340893256826402,0.6814814814814815,1.0454534663911326,1.0,2024-10,Q4 2024
Sonderly at the Concourse,2024-10-14,1.5340893256826402,0.6814814814814815,1.0454534663911326,1.0,2024-10,Q4 2024
Sonderly at the Concourse,2024-10-15,1.534419777294258,0.6814814814814815,1.045678663044976,1.0,2024-10,Q4 2024
Sonderly at the Concourse,2024-10-16,1.534801207583802,0.6851851851851851,1.051623049640753,1.0,2024-10,Q4 2024
Sonderly at the Concourse,2024-10-17,1.534801207583802,0.6962962962962963,1.0686763963916843,1.0,2024-10,Q4 2024
Sonderly at the Concourse,2024-10-18,1.534801207583802,0.6962962962962963,1.0686763963916843,1.0,2024-10,Q4 2024
Sonderly at the Concourse,2024-10-19,1.534801207583802,0.6962962962962963,1.0686763963916843,1.0,2024-10,Q4 2024
Sonderly at the Concourse,2024-10-20,1.534801207583802,0.6962962962962963,1.0686763963916843,1.0,2024-10,Q4 2024
Sonderly at the Concourse,2024-10-21,1.534801207583802,0.6962962962962963,1.0686763963916843,1.0,2024-10,Q4 2024
Sonderly at the Concourse,2024-10-22,1.534801207583802,0.6962962962962963,1.0686763963916843,1.0,2024-10,Q4 2024
Sonderly at the Concourse,2024-10-23,1.5349535201658,0.6962962962962963,1.068782451078409,1.0,2024-10,Q4 2024
Sonderly at the Concourse,2024-10-24,1.5355300931651812,0.6962962962962963,1.0691839167224224,1.0,2024-10,Q4 2024
Sonderly at the Concourse,2024-10-25,1.5358803166667125,0.6888888888888889,1.0580508848148464,1.0,2024-10,Q4 2024
Sonderly at the Concourse,2024-10-26,1.5358803166667125,0.6925925925925926,1.0637393304321305,1.0,2024-10,Q4 2024
Sonderly at the Concourse,2024-10-27,1.5358803166667125,0.6925925925925926,1.0637393304321305,1.0,2024-10,Q4 2024
Sonderly at the Concourse,2024-10-28,1.5358803166667125,0.6925925925925926,1.0637393304321305,1.0,2024-10,Q4 2024
Sonderly at the Concourse,2024-10-29,1.5368660779539047,0.6925925925925926,1.0644220613977045,1.0,2024-10,Q4 2024
Sonderly at the Concourse,2024-10-30,1.5368660779539047,0.7,1.0758062545677332,1.0,2024-10,Q4 2024
Sonderly at the Concourse,2024-10-31,1.5363602988493037,0.7,1.0754522091945125,1.0,2024-10,Q4 2024
Sonderly at the Concourse,2024-11-01,1.5375914121830507,0.7037037037037037,1.082008771536221,1.0,2024-11,Q4 2024
Sonderly at the Concourse,2024-11-02,1.5381616793579296,0.7111111111111111,1.09380386087675,1.0,2024-11,Q4 2024
Sonderly at the Concourse,2024-11-03,1.5381616793579296,0.7148148148148148,1.099500755985483,1.0,2024-11,Q4 2024
Sonderly at the Concourse,2024-11-04,1.538826945682098,0.7148148148148148,1.099976298209796,1.0,2024-11,Q4 2024
Sonderly at the Concourse,2024-11-05,1.538826945682098,0.7222222222222222,1.1113750163259597,1.0,2024-11,Q4 2024
Sonderly at the Concourse,2024-11-06,1.538826945682098,0.7222222222222222,1.1113750163259597,1.0,2024-11,Q4 2024
Sonderly at the Concourse,2024-11-07,1.5391545280483574,0.7222222222222222,1.1116116035904804,1.0,2024-11,Q4 2024
Sonderly at the Concourse,2024-11-08,1.5391545280483574,0.7259259259259259,1.1173121759165854,1.0,2024-11,Q4 2024
Sonderly at the Concourse,2024-11-09,1.5391545280483574,0.7259259259259259,1.1173121759165854,1.0,2024-11,Q4 2024
Sonderly at the Concourse,2024-11-10,1.5398863329015011,0.7259259259259259,1.1178434120322007,1.0,2024-11,Q4 2024
Sonderly at the Concourse,2024-11-11,1.5398863329015011,0.7296296296296296,1.1235466947466508,1.0,2024-11,Q4 2024
Sonderly at the Concourse,2024-11-12,1.5396171906108758,0.7296296296296296,1.1233503205568243,1.0,2024-11,Q4 2024
Sonderly at the Concourse,2024-11-13,1.5396171906108758,0.7333333333333334,1.1290526064479756,1.0,2024-11,Q4 2024
Sonderly at the Concourse,2024-11-14,1.5396171906108758,0.7296296296296296,1.1233503205568243,1.0,2024-11,Q4 2024
Sonderly at the Concourse,2024-11-15,1.5396171906108758,0.7296296296296296,1.1233503205568243,1.0,2024-11,Q4 2024
Sonderly at the Concourse,2024-11-16,1.5396171906108758,0.7296296296296296,1.1233503205568243,1.0,2024-11,Q4 2024
Sonderly at the Concourse,2024-11-17,1.5396171906108758,0.7296296296296296,1.1233503205568243,1.0,2024-11,Q4 2024
Sonderly at the Concourse,2024-11-18,1.5401210245544203,0.7296296296296296,1.1237179327304474,1.0,2024-11,Q4 2024
Sonderly at the Concourse,2024-11-19,1.5401210245544203,0.737037037037037,1.1351262366160357,1.0,2024-11,Q4 2024
Sonderly at the Concourse,2024-11-20,1.5401210245544203,0.737037037037037,1.1351262366160357,1.0,2024-11,Q4 2024
Sonderly at the Concourse,2024-11-21,1.5405345472460523,0.737037037037037,1.1354310181554237,1.0,2024-11,Q4 2024
Sonderly at the Concourse,2024-11-22,1.5405345472460523,0.7444444444444445,1.1468423851720613,1.0,2024-11,Q4 2024
Sonderly at the Concourse,2024-11-23,1.5405345472460523,0.7444444444444445,1.1468423851720613,1.0,2024-11,Q4 2024
Sonderly at the Concourse,2024-11-24,1.5404245222643973,0.7444444444444445,1.146760477685718,1.0,2024-11,Q4 2024
Sonderly at the Concourse,2024-11-25,1.5404245222643973,0.7481481481481482,1.1524657536941048,1.0,2024-11,Q4 2024
Sonderly at the Concourse,2024-11-26,1.5403587595765398,0.7481481481481482,1.152416553460967,1.0,2024-11,Q4 2024
Sonderly at the Concourse,2024-11-27,1.5403587595765398,0.7518518518518519,1.158121585903843,1.0,2024-11,Q4 2024
Sonderly at the Concourse,2024-11-28,1.5403587595765398,0.7518518518518519,1.158121585903843,1.0,2024-11,Q4 2024
Sonderly at the Concourse,2024-11-29,1.5403587595765398,0.7518518518518519,1.158121585903843,1.0,2024-11,Q4 2024
Sonderly at the Concourse,2024-11-30,1.5403587595765398,0.7518518518518519,1.158121585903843,1.0,2024-11,Q4 2024
Sonderly at the Concourse,2024-12-01,1.5403587595765398,0.7518518518518519,1.158121585903843,1.0,2024-12,Q4 2024
Sonderly at the Concourse,2024-12-02,1.5402371692894223,0.7518518518518519,1.1580301680213065,1.0,2024-12,Q4 2024
Sonderly at the Concourse,2024-12-03,1.5402371692894223,0.7555555555555555,1.1637347501297857,1.0,2024-12,Q4 2024
Sonderly at the Concourse,2024-12-04,1.5402371692894223,0.7555555555555555,1.1637347501297857,1.0,2024-12,Q4 2024
Sonderly at the Concourse,2024-12-05,1.540216146709736,0.7518518518518519,1.1580143621558385,1.0,2024-12,Q4 2024
Sonderly at the Concourse,2024-12-06,1.5402310261097472,0.7592592592592593,1.1694346679722154,1.0,2024-12,Q4 2024
Sonderly at the Concourse,2024-12-07,1.5402310261097472,0.762962962962963,1.1751392273281775,1.0,2024-12,Q4 2024
Sonderly at the Concourse,2024-12-08,1.5402589826442141,0.762962962962963,1.1751605571285486,1.0,2024-12,Q4 2024
Sonderly at the Concourse,2024-12-09,1.5402589826442141,0.7740740740740741,1.1922745458245956,1.0,2024-12,Q4 2024
Sonderly at the Concourse,2024-12-10,1.5402783835447063,0.7703703703703704,1.1865848288048106,1.0,2024-12,Q4 2024
Sonderly at the Concourse,2024-12-11,1.540700097979207,0.7740740740740741,1.1926160017690899,1.0,2024-12,Q4 2024
Sonderly at the Concourse,2024-12-12,1.540700097979207,0.7814814814814814,1.2040285950874543,1.0,2024-12,Q4 2024
Sonderly at the Concourse,2024-12-13,1.540675296728145,0.7814814814814814,1.2040092133690317,1.0,2024-12,Q4 2024
Sonderly at the Concourse,2024-12-14,1.540675296728145,0.7851851851851852,1.2097154181717287,1.0,2024-12,Q4 2024
Sonderly at the Concourse,2024-12-15,1.540686195928228,0.7851851851851852,1.2097239760621643,1.0,2024-12,Q4 2024
Sonderly at the Concourse,2024-12-16,1.540686195928228,0.7888888888888889,1.2154302212322687,1.0,2024-12,Q4 2024
Sonderly at the Concourse,2024-12-17,1.540686195928228,0.7888888888888889,1.2154302212322687,1.0,2024-12,Q4 2024
Sonderly at the Concourse,2024-12-18,1.5409832489297652,0.7888888888888889,1.2156645630445926,1.0,2024-12,Q4 2024
Sonderly at the Concourse,2024-12-19,1.5409832489297652,0.7962962962962963,1.2270792537774056,1.0,2024-12,Q4 2024
Sonderly at the Concourse,2024-12-20,1.5409832489297652,0.7962962962962963,1.2270792537774056,1.0,2024-12,Q4 2024
Sonderly at the Concourse,2024-12-21,1.5409832489297652,0.7962962962962963,1.2270792537774056,1.0,2024-12,Q4 2024
Sonderly at the Concourse,2024-12-22,1.5409832489297652,0.7962962962962963,1.2270792537774056,1.0,2024-12,Q4 2024
Sonderly at the Concourse,2024-12-23,1.5409832489297652,0.7925925925925926,1.221371908410999,1.0,2024-12,Q4 2024
Sonderly at the Concourse,2024-12-24,1.5409832489297652,0.7925925925925926,1.221371908410999,1.0,2024-12,Q4 2024
Sonderly at the Concourse,2024-12-25,1.5409832489297652,0.7925925925925926,1.221371908410999,1.0,2024-12,Q4 2024
Sonderly at the Concourse,2024-12-26,1.5414150442208583,0.7925925925925926,1.2217141461602359,1.0,2024-12,Q4 2024
Sonderly at the Concourse,2024-12-27,1.542150420923311,0.7962962962962963,1.228008668513007,1.0,2024-12,Q4 2024
Sonderly at the Concourse,2024-12-28,1.542150420923311,0.8037037037037037,1.2394320049642906,1.0,2024-12,Q4 2024
Sonderly at the Concourse,2024-12-29,1.542150420923311,0.8037037037037037,1.2394320049642906,1.0,2024-12,Q4 2024
Sonderly at the Concourse,2024-12-30,1.542150420923311,0.8037037037037037,1.2394320049642906,1.0,2024-12,Q4 2024
Sonderly at the Concourse,2024-12-31,1.5422441698727856,0.8037037037037037,1.2395073513422017,1.0,2024-12,Q4 2024
Sonderly at the Concourse,2025-01-01,1.5422441698727856,0.7962962962962963,1.2280833204542552,1.0,2025-01,Q1 2025
Sonderly at the Concourse,2025-01-02,1.5422441698727856,0.7962962962962963,1.2280833204542552,1.0,2025-01,Q1 2025
Sonderly at the Concourse,2025-01-03,1.5422441698727856,0.7962962962962963,1.2280833204542552,1.0,2025-01,Q1 2025
Sonderly at the Concourse,2025-01-04,1.5422441698727856,0.7925925925925926,1.222371305010282,1.0,2025-01,Q1 2025
Sonderly at the Concourse,2025-01-05,1.5434123163922766,0.7925925925925926,1.2232971692886934,1.0,2025-01,Q1 2025
Sonderly at the Concourse,2025-01-06,1.5434123163922766,0.8,1.2347298531138213,1.0,2025-01,Q1 2025
Sonderly at the Concourse,2025-01-07,1.543895550730672,0.8,1.2351164405845376,1.0,2025-01,Q1 2025
Sonderly at the Concourse,2025-01-08,1.543895550730672,0.8037037037037037,1.2408345722539105,1.0,2025-01,Q1 2025
Sonderly at the Concourse,2025-01-09,1.543895550730672,0.8037037037037037,1.2408345722539105,1.0,2025-01,Q1 2025
Sonderly at the Concourse,2025-01-10,1.54401016602318,0.8037037037037037,1.2409266889890003,1.0,2025-01,Q1 2025
Sonderly at the Concourse,2025-01-11,1.54401016602318,0.8074074074074074,1.2466452451594563,1.0,2025-01,Q1 2025
Sonderly at the Concourse,2025-01-12,1.54401016602318,0.8074074074074074,1.2466452451594563,1.0,2025-01,Q1 2025
Sonderly at the Concourse,2025-01-13,1.54401016602318,0.8074074074074074,1.2466452451594563,1.0,2025-01,Q1 2025
Sonderly at the Concourse,2025-01-14,1.544199692282422,0.8,1.2353597538259375,1.0,2025-01,Q1 2025
Sonderly at the Concourse,2025-01-15,1.544199692282422,0.8037037037037037,1.241079011945502,1.0,2025-01,Q1 2025
Sonderly at the Concourse,2025-01-16,1.544199692282422,0.8037037037037037,1.241079011945502,1.0,2025-01,Q1 2025
Sonderly at the Concourse,2025-01-17,1.544199692282422,0.8037037037037037,1.241079011945502,1.0,2025-01,Q1 2025
Sonderly at the Concourse,2025-01-18,1.544354409587779,0.8037037037037037,1.2412033588168445,1.0,2025-01,Q1 2025
Sonderly at the Concourse,2025-01-19,1.544354409587779,0.8074074074074074,1.2469231899634659,1.0,2025-01,Q1 2025
Sonderly at the Concourse,2025-01-20,1.544396547596704,0.8074074074074074,1.2469572125040054,1.0,2025-01,Q1 2025
Sonderly at the Concourse,2025-01-21,1.544396547596704,0.8111111111111111,1.2526771997173267,1.0,2025-01,Q1 2025
Sonderly at the Concourse,2025-01-22,1.544396547596704,0.8111111111111111,1.2526771997173267,1.0,2025-01,Q1 2025
Sonderly at the Concourse,2025-01-23,1.544396547596704,0.8074074074074074,1.2469572125040054,1.0,2025-01,Q1 2025
Sonderly at the Concourse,2025-01-24,1.544396547596704,0.8074074074074074,1.2469572125040054,1.0,2025-01,Q1 2025
Sonderly at the Concourse,2025-01-25,1.544396547596704,0.8074074074074074,1.2469572125040054,1.0,2025-01,Q1 2025
Sonderly at the Concourse,2025-01-26,1.544396547596704,0.8074074074074074,1.2469572125040054,1.0,2025-01,Q1 2025
Sonderly at the Concourse,2025-01-27,1.5453535222385566,0.8037037037037037,1.2420063493546918,1.0,2025-01,Q1 2025
Sonderly at the Concourse,2025-01-28,1.5453535222385566,0.8111111111111111,1.2534534124823848,1.0,2025-01,Q1 2025
Sonderly at the Concourse,2025-01-29,1.5453535222385566,0.8111111111111111,1.2534534124823848,1.0,2025-01,Q1 2025
Sonderly at the Concourse,2025-01-30,1.5453535222385566,0.8111111111111111,1.2534534124823848,1.0,2025-01,Q1 2025
Sonderly at the Concourse,2025-01-31,1.5453535222385566,0.8111111111111111,1.2534534124823848,1.0,2025-01,Q1 2025
Sonderly at the Concourse,2025-02-01,1.5453535222385566,0.8074074074074074,1.2477298809185382,1.0,2025-02,Q1 2025
Sonderly at the Concourse,2025-02-02,1.5453535222385566,0.8074074074074074,1.2477298809185382,1.0,2025-02,Q1 2025
Sonderly at the Concourse,2025-02-03,1.5457886525892253,0.8074074074074074,1.2480812083868558,1.0,2025-02,Q1 2025
Sonderly at the Concourse,2025-02-04,1.5458913293129135,0.8111111111111111,1.25388963377603,1.0,2025-02,Q1 2025
Sonderly at the Concourse,2025-02-05,1.5458913293129135,0.8148148148148149,1.2596151572179297,1.0,2025-02,Q1 2025
Sonderly at the Concourse,2025-02-06,1.5458913293129135,0.8148148148148149,1.2596151572179297,1.0,2025-02,Q1 2025
Sonderly at the Concourse,2025-02-07,1.5458913293129135,0.8148148148148149,1.2596151572179297,1.0,2025-02,Q1 2025
Sonderly at the Concourse,2025-02-08,1.5458913293129135,0.8148148148148149,1.2596151572179297,1.0,2025-02,Q1 2025
Sonderly at the Concourse,2025-02-09,1.5458913293129135,0.8148148148148149,1.2596151572179297,1.0,2025-02,Q1 2025
Sonderly at the Concourse,2025-02-10,1.5458913293129135,0.8111111111111111,1.25388963377603,1.0,2025-02,Q1 2025
Sonderly at the Concourse,2025-02-11,1.5458913293129135,0.8111111111111111,1.25388963377603,1.0,2025-02,Q1 2025
Sonderly at the Concourse,2025-02-12,1.5458913293129135,0.8111111111111111,1.25388963377603,1.0,2025-02,Q1 2025
Sonderly at the Concourse,2025-02-13,1.546716939536727,0.8037037037037037,1.2431021328869252,1.0,2025-02,Q1 2025
Sonderly at the Concourse,2025-02-14,1.546716939536727,0.8148148148148149,1.2602878766595556,1.0,2025-02,Q1 2025
Sonderly at the Concourse,2025-02-15,1.546716939536727,0.8148148148148149,1.2602878766595556,1.0,2025-02,Q1 2025
Sonderly at the Concourse,2025-02-16,1.546716939536727,0.8148148148148149,1.2602878766595556,1.0,2025-02,Q1 2025
Sonderly at the Concourse,2025-02-17,1.5472047750205258,0.8148148148148149,1.260685372238947,1.0,2025-02,Q1 2025
Sonderly at the Concourse,2025-02-18,1.5472047750205258,0.8185185185185185,1.2664157602945785,1.0,2025-02,Q1 2025
Sonderly at the Concourse,2025-02-19,1.5472047750205258,0.8185185185185185,1.2664157602945785,1.0,2025-02,Q1 2025
Sonderly at the Concourse,2025-02-20,1.5482188513415738,0.8185185185185185,1.2672458005425475,1.0,2025-02,Q1 2025
Sonderly at the Concourse,2025-02-21,1.5482188513415738,0.825925925925926,1.2787140883302628,1.0,2025-02,Q1 2025
Sonderly at the Concourse,2025-02-22,1.5482188513415738,0.8222222222222222,1.272979944436405,1.0,2025-02,Q1 2025
Sonderly at the Concourse,2025-02-23,1.5482188513415738,0.8222222222222222,1.272979944436405,1.0,2025-02,Q1 2025
Sonderly at the Concourse,2025-02-24,1.5482188513415738,0.8222222222222222,1.272979944436405,1.0,2025-02,Q1 2025
Sonderly at the Concourse,2025-02-25,1.5482188513415738,0.8222222222222222,1.272979944436405,1.0,2025-02,Q1 2025
Sonderly at the Concourse,2025-02-26,1.5482188513415738,0.8222222222222222,1.272979944436405,1.0,2025-02,Q1 2025
Sonderly at the Concourse,2025-02-27,1.5485752857733937,0.8185185185185185,1.2675375487256297,1.0,2025-02,Q1 2025
Sonderly at the Concourse,2025-02-28,1.5485752857733937,0.825925925925926,1.2790084767683956,1.0,2025-02,Q1 2025
Sonderly at the Concourse,2025-03-01,1.5489817793566967,0.8185185185185185,1.2678702712512222,1.0,2025-03,Q1 2025
Sonderly at the Concourse,2025-03-02,1.5489817793566967,0.8222222222222222,1.273607240804395,1.0,2025-03,Q1 2025
Sonderly at the Concourse,2025-03-03,1.5489817793566967,0.8148148148148149,1.2621333016980492,1.0,2025-03,Q1 2025
Sonderly at the Concourse,2025-03-04,1.549406158657665,0.8148148148148149,1.262479092239579,1.0,2025-03,Q1 2025
Sonderly at the Concourse,2025-03-05,1.549406158657665,0.8148148148148149,1.262479092239579,1.0,2025-03,Q1 2025
Sonderly at the Concourse,2025-03-06,1.549406158657665,0.8148148148148149,1.262479092239579,1.0,2025-03,Q1 2025
Sonderly at the Concourse,2025-03-07,1.549406158657665,0.8148148148148149,1.262479092239579,1.0,2025-03,Q1 2025
Sonderly at the Concourse,2025-03-08,1.549406158657665,0.8148148148148149,1.262479092239579,1.0,2025-03,Q1 2025
Sonderly at the Concourse,2025-03-09,1.549406158657665,0.8148148148148149,1.262479092239579,1.0,2025-03,Q1 2025
Sonderly at the Concourse,2025-03-10,1.549406158657665,0.8148148148148149,1.262479092239579,1.0,2025-03,Q1 2025
Sonderly at the Concourse,2025-03-11,1.549406158657665,0.8148148148148149,1.262479092239579,1.0,2025-03,Q1 2025
Sonderly at the Concourse,2025-03-12,1.549853117659337,0.8148148148148149,1.2628432810557562,1.0,2025-03,Q1 2025
Sonderly at the Concourse,2025-03-13,1.5499683787380296,0.8222222222222222,1.2744184447401576,1.0,2025-03,Q1 2025
Sonderly at the Concourse,2025-03-14,1.5499683787380296,0.8222222222222222,1.2744184447401576,1.0,2025-03,Q1 2025
Sonderly at the Concourse,2025-03-15,1.5502687069008203,0.8222222222222222,1.2746653812295634,1.0,2025-03,Q1 2025
Sonderly at the Concourse,2025-03-16,1.5502687069008203,0.825925925925926,1.2804071171810478,1.0,2025-03,Q1 2025
Sonderly at the Concourse,2025-03-17,1.5502687069008203,0.825925925925926,1.2804071171810478,1.0,2025-03,Q1 2025
Sonderly at the Concourse,2025-03-18,1.5502687069008203,0.8222222222222222,1.2746653812295634,1.0,2025-03,Q1 2025
Sonderly at the Concourse,2025-03-19,1.5502687069008203,0.8222222222222222,1.2746653812295634,1.0,2025-03,Q1 2025
Sonderly at the Concourse,2025-03-20,1.5502687069008203,0.8222222222222222,1.2746653812295634,1.0,2025-03,Q1 2025
Sonderly at the Concourse,2025-03-21,1.5506307499909318,0.8222222222222222,1.2749630611036549,1.0,2025-03,Q1 2025
Sonderly at the Concourse,2025-03-22,1.5506307499909318,0.825925925925926,1.2807061379554734,1.0,2025-03,Q1 2025
Sonderly at the Concourse,2025-03-23,1.5506307499909318,0.825925925925926,1.2807061379554734,1.0,2025-03,Q1 2025
Sonderly at the Concourse,2025-03-24,1.5506307499909318,0.825925925925926,1.2807061379554734,1.0,2025-03,Q1 2025
Sonderly at the Concourse,2025-03-25,1.5509319944871862,0.8222222222222222,1.2752107510227975,1.0,2025-03,Q1 2025
Sonderly at the Concourse,2025-03-26,1.5509319944871862,0.825925925925926,1.2809549435949723,1.0,2025-03,Q1 2025
Sonderly at the Concourse,2025-03-27,1.5509319944871862,0.825925925925926,1.2809549435949723,1.0,2025-03,Q1 2025
Sonderly at the Concourse,2025-03-28,1.5509319944871862,0.825925925925926,1.2809549435949723,1.0,2025-03,Q1 2025
Sonderly at the Concourse,2025-03-29,1.5511522208297284,0.8222222222222222,1.2753918260155543,1.0,2025-03,Q1 2025
Sonderly at the Concourse,2025-03-30,1.5511522208297284,0.825925925925926,1.2811368342408498,1.0,2025-03,Q1 2025
Sonderly at the Concourse,2025-03-31,1.5511522208297284,0.825925925925926,1.2811368342408498,1.0,2025-03,Q1 2025
Sonderly at the Concourse,2025-04-01,1.55137244717227,0.825925925925926,1.2813187248867268,1.0,2025-04,Q2 2025
Sonderly at the Concourse,2025-04-02,1.55137244717227,0.8296296296296296,1.2870645487651426,1.0,2025-04,Q2 2025
Sonderly at the Concourse,2025-04-03,1.5516992970404049,0.8296296296296296,1.2873357131001877,1.0,2025-04,Q2 2025
Sonderly at the Concourse,2025-04-04,1.5516992970404049,0.837037037037037,1.2988297819671537,1.0,2025-04,Q2 2025
Sonderly at the Concourse,2025-04-05,1.5517160689926177,0.8333333333333334,1.293096724160515,1.0,2025-04,Q2 2025
Sonderly at the Concourse,2025-04-06,1.5517160689926177,0.837037037037037,1.2988438207123392,1.0,2025-04,Q2 2025
Sonderly at the Concourse,2025-04-07,1.5517160689926177,0.837037037037037,1.2988438207123392,1.0,2025-04,Q2 2025
Sonderly at the Concourse,2025-04-08,1.5518252426220396,0.8333333333333334,1.293187702185033,1.0,2025-04,Q2 2025
Sonderly at the Concourse,2025-04-09,1.5518252426220396,0.8407407407407408,1.3046827039822333,1.0,2025-04,Q2 2025
Sonderly at the Concourse,2025-04-10,1.5519085398371653,0.8407407407407408,1.3047527353445798,1.0,2025-04,Q2 2025
Sonderly at the Concourse,2025-04-11,1.5519085398371653,0.8444444444444444,1.310500544751384,1.0,2025-04,Q2 2025
Sonderly at the Concourse,2025-04-12,1.552258754356152,0.8407407407407408,1.3050471749586907,1.0,2025-04,Q2 2025
Sonderly at the Concourse,2025-04-13,1.552258754356152,0.8444444444444444,1.3107962814563061,1.0,2025-04,Q2 2025
Sonderly at the Concourse,2025-04-14,1.5525202142462258,0.8444444444444444,1.311017069807924,1.0,2025-04,Q2 2025
Sonderly at the Concourse,2025-04-15,1.5525202142462258,0.8481481481481481,1.3167671446755025,1.0,2025-04,Q2 2025
Sonderly at the Concourse,2025-04-16,1.5525202142462258,0.8481481481481481,1.3167671446755025,1.0,2025-04,Q2 2025
Sonderly at the Concourse,2025-04-17,1.5524794095841539,0.8444444444444444,1.31098261253773,1.0,2025-04,Q2 2025
Sonderly at the Concourse,2025-04-18,1.5528296354967752,0.8407407407407408,1.3055271379917333,1.0,2025-04,Q2 2025
Sonderly at the Concourse,2025-04-19,1.5528296354967752,0.8518518518518519,1.3227808006083641,1.0,2025-04,Q2 2025
Sonderly at the Concourse,2025-04-20,1.5528296354967752,0.8518518518518519,1.3227808006083641,1.0,2025-04,Q2 2025
Sonderly at the Concourse,2025-04-21,1.5528296354967752,0.8518518518518519,1.3227808006083641,1.0,2025-04,Q2 2025
Sonderly at the Concourse,2025-04-22,1.5529704081605542,0.8444444444444444,1.3113972335578012,1.0,2025-04,Q2 2025
Sonderly at the Concourse,2025-04-23,1.5530455935605272,0.8481481481481481,1.3172127441680026,1.0,2025-04,Q2 2025
Sonderly at the Concourse,2025-04-24,1.5532816128449012,0.8518518518518519,1.3231658183493602,1.0,2025-04,Q2 2025
Sonderly at the Concourse,2025-04-25,1.5538543011556496,0.8518518518518519,1.3236536639474052,1.0,2025-04,Q2 2025
Sonderly at the Concourse,2025-04-26,1.5537377849834557,0.8592592592592593,1.3350635782080065,1.0,2025-04,Q2 2025
Sonderly at the Concourse,2025-04-27,1.5601600739479111,0.8629629629629629,1.3463603601106047,1.0,2025-04,Q2 2025
Pringle Square,2023-09-10,1.426749905372185,0.8835616438356164,1.260621491732958,1.0,2023-09,Q3 2023
Pringle Square,2023-09-11,1.426749905372185,0.886986301369863,1.2655076215458765,1.0,2023-09,Q3 2023
Pringle Square,2023-09-12,1.4378170029390875,0.886986301369863,1.2753239854836427,1.0,2023-09,Q3 2023
Pringle Square,2023-09-13,1.4378170029390875,0.8904109589041096,1.2802480163156258,1.0,2023-09,Q3 2023
Pringle Square,2023-09-14,1.4378170029390875,0.886986301369863,1.2753239854836427,1.0,2023-09,Q3 2023
Pringle Square,2023-09-15,1.4378170029390875,0.886986301369863,1.2753239854836427,1.0,2023-09,Q3 2023
Pringle Square,2023-09-16,1.4378170029390875,0.886986301369863,1.2753239854836427,1.0,2023-09,Q3 2023
Pringle Square,2023-09-17,1.4326915102330788,0.8801369863013698,1.2609647881161001,1.0,2023-09,Q3 2023
Pringle Square,2023-09-18,1.4249640478349568,0.8801369863013698,1.2541635626492598,1.0,2023-09,Q3 2023
Pringle Square,2023-09-19,1.4249640478349568,0.8835616438356164,1.2590435765117083,1.0,2023-09,Q3 2023
Pringle Square,2023-09-20,1.4348615465086123,0.8801369863013698,1.2628747173038128,1.0,2023-09,Q3 2023
Pringle Square,2023-09-21,1.4348615465086123,0.8767123287671232,1.2579608078979614,1.0,2023-09,Q3 2023
Pringle Square,2023-09-22,1.4348615465086123,0.8767123287671232,1.2579608078979614,1.0,2023-09,Q3 2023
Pringle Square,2023-09-23,1.4367966832959647,0.8732876712328768,1.2547368295906542,1.0,2023-09,Q3 2023
Pringle Square,2023-09-24,1.4313849286999152,0.8801369863013698,1.2598148173831445,1.0,2023-09,Q3 2023
Pringle Square,2023-09-25,1.4313849286999152,0.8835616438356164,1.2647168205636237,1.0,2023-09,Q3 2023
Pringle Square,2023-09-26,1.4313849286999152,0.8835616438356164,1.2647168205636237,1.0,2023-09,Q3 2023
Pringle Square,2023-09-27,1.4313849286999152,0.8835616438356164,1.2647168205636237,1.0,2023-09,Q3 2023
Pringle Square,2023-09-28,1.4313849286999152,0.8835616438356164,1.2647168205636237,1.0,2023-09,Q3 2023
Pringle Square,2023-09-29,1.4370014360854237,0.8835616438356164,1.2696793510617785,1.0,2023-09,Q3 2023
Pringle Square,2023-09-30,1.4219330499657705,0.886986301369863,1.2612351367847074,1.0,2023-09,Q3 2023
Pringle Square,2023-10-01,1.4219330499657705,0.8938356164383562,1.2709744042502265,1.0,2023-10,Q4 2023
Pringle Square,2023-10-02,1.4219330499657705,0.8904109589041096,1.2661047705174668,1.0,2023-10,Q4 2023
Pringle Square,2023-10-03,1.4312099491451729,0.886986301369863,1.2694636192760267,1.0,2023-10,Q4 2023
Pringle Square,2023-10-04,1.4312099491451729,0.886986301369863,1.2694636192760267,1.0,2023-10,Q4 2023
Pringle Square,2023-10-05,1.4312099491451729,0.8732876712328768,1.249858003534312,1.0,2023-10,Q4 2023
Pringle Square,2023-10-06,1.4312099491451729,0.8732876712328768,1.249858003534312,1.0,2023-10,Q4 2023
Pringle Square,2023-10-07,1.4126735914199176,0.8732876712328768,1.2336704308632842,1.0,2023-10,Q4 2023
Pringle Square,2023-10-08,1.4126735914199176,0.8801369863013698,1.243346277379859,1.0,2023-10,Q4 2023
Pringle Square,2023-10-09,1.4126735914199176,0.8801369863013698,1.243346277379859,1.0,2023-10,Q4 2023
Pringle Square,2023-10-10,1.4126735914199176,0.8801369863013698,1.243346277379859,1.0,2023-10,Q4 2023
Pringle Square,2023-10-11,1.4126735914199176,0.8801369863013698,1.243346277379859,1.0,2023-10,Q4 2023
Pringle Square,2023-10-12,1.42190812071823,0.8767123287671232,1.2466043798077633,1.0,2023-10,Q4 2023
Pringle Square,2023-10-13,1.4148097095218441,0.8801369863013698,1.2452263539284725,1.0,2023-10,Q4 2023
Pringle Square,2023-10-14,1.4148097095218441,0.8835616438356164,1.2500715926597117,1.0,2023-10,Q4 2023
Pringle Square,2023-10-15,1.4224662012370588,0.8801369863013698,1.2519651154723428,1.0,2023-10,Q4 2023
Pringle Square,2023-10-16,1.4224662012370588,0.8835616438356164,1.2568365750656205,1.0,2023-10,Q4 2023
Pringle Square,2023-10-17,1.4224662012370588,0.8835616438356164,1.2568365750656205,1.0,2023-10,Q4 2023
Pringle Square,2023-10-18,1.4290844111159926,0.8732876712328768,1.2480017973786923,1.0,2023-10,Q4 2023
Pringle Square,2023-10-19,1.4154458646099726,0.8767123287671232,1.2409388402060033,1.0,2023-10,Q4 2023
Pringle Square,2023-10-20,1.418302664219728,0.8767123287671232,1.243443431644693,1.0,2023-10,Q4 2023
Pringle Square,2023-10-21,1.418302664219728,0.8767123287671232,1.243443431644693,1.0,2023-10,Q4 2023
Pringle Square,2023-10-22,1.418302664219728,0.8767123287671232,1.243443431644693,1.0,2023-10,Q4 2023
Pringle Square,2023-10-23,1.418302664219728,0.8767123287671232,1.243443431644693,1.0,2023-10,Q4 2023
Pringle Square,2023-10-24,1.4271252494426199,0.8698630136986302,1.2414034704055668,1.0,2023-10,Q4 2023
Pringle Square,2023-10-25,1.4271252494426199,0.8801369863013698,1.256065716119018,1.0,2023-10,Q4 2023
Pringle Square,2023-10-26,1.4179379220959705,0.8801369863013698,1.2479796095159739,1.0,2023-10,Q4 2023
Pringle Square,2023-10-27,1.4179379220959705,0.8835616438356164,1.2528355613039739,1.0,2023-10,Q4 2023
Pringle Square,2023-10-28,1.4085390094912207,0.8835616438356164,1.244531042632654,1.0,2023-10,Q4 2023
Pringle Square,2023-10-29,1.4154108196388566,0.8904109589041096,1.260297305157886,1.0,2023-10,Q4 2023
Pringle Square,2023-10-30,1.4154108196388566,0.8938356164383562,1.2651446024854165,1.0,2023-10,Q4 2023
Pringle Square,2023-10-31,1.4154108196388566,0.886986301369863,1.2554500078303557,1.0,2023-10,Q4 2023
Pringle Square,2023-11-01,1.4214857318253993,0.886986301369863,1.2608383717218439,1.0,2023-11,Q4 2023
Pringle Square,2023-11-02,1.4280923170064752,0.8904109589041096,1.2715890493893272,1.0,2023-11,Q4 2023
Pringle Square,2023-11-03,1.4280923170064752,0.886986301369863,1.2666983222762913,1.0,2023-11,Q4 2023
Pringle Square,2023-11-04,1.4280923170064752,0.886986301369863,1.2666983222762913,1.0,2023-11,Q4 2023
Pringle Square,2023-11-05,1.4280923170064752,0.886986301369863,1.2666983222762913,1.0,2023-11,Q4 2023
Pringle Square,2023-11-06,1.4280923170064752,0.886986301369863,1.2666983222762913,1.0,2023-11,Q4 2023
Pringle Square,2023-11-07,1.4329044357062526,0.886986301369863,1.2709666056435596,1.0,2023-11,Q4 2023
Pringle Square,2023-11-08,1.446304862135575,0.8904109589041096,1.2878056991618134,1.0,2023-11,Q4 2023
Pringle Square,2023-11-09,1.446304862135575,0.8972602739726028,1.2977118968476735,1.0,2023-11,Q4 2023
Pringle Square,2023-11-10,1.4414693369579934,0.8972602739726028,1.2933731722020352,1.0,2023-11,Q4 2023
Pringle Square,2023-11-11,1.436334794049769,0.8972602739726028,1.2887661508254777,1.0,2023-11,Q4 2023
Pringle Square,2023-11-12,1.4441566141568871,0.9006849315068494,1.3007301011070593,1.0,2023-11,Q4 2023
Pringle Square,2023-11-13,1.4441566141568871,0.904109589041096,1.3056758429363637,1.0,2023-11,Q4 2023
Pringle Square,2023-11-14,1.434361036274802,0.904109589041096,1.2968195670429719,1.0,2023-11,Q4 2023
Pringle Square,2023-11-15,1.4299968995535288,0.910958904109589,1.3026684084973927,1.0,2023-11,Q4 2023
Pringle Square,2023-11-16,1.4303301792008267,0.9143835616438356,1.3078704035843176,1.0,2023-11,Q4 2023
Pringle Square,2023-11-17,1.4303301792008267,0.9246575342465754,1.3225655766582987,1.0,2023-11,Q4 2023
Pringle Square,2023-11-18,1.4303301792008267,0.9212328767123288,1.3176671856336384,1.0,2023-11,Q4 2023
Pringle Square,2023-11-19,1.4303301792008267,0.9212328767123288,1.3176671856336384,1.0,2023-11,Q4 2023
Pringle Square,2023-11-20,1.4303301792008267,0.9212328767123288,1.3176671856336384,1.0,2023-11,Q4 2023
Pringle Square,2023-11-21,1.425816728464775,0.9212328767123288,1.313509246428166,1.0,2023-11,Q4 2023
Pringle Square,2023-11-22,1.425816728464775,0.9246575342465754,1.3183921804297576,1.0,2023-11,Q4 2023
Pringle Square,2023-11-23,1.4217854390896703,0.9246575342465754,1.314664618336339,1.0,2023-11,Q4 2023
Pringle Square,2023-11-24,1.4217854390896703,0.928082191780822,1.3195337465523995,1.0,2023-11,Q4 2023
Pringle Square,2023-11-25,1.4217854390896703,0.928082191780822,1.3195337465523995,1.0,2023-11,Q4 2023
Pringle Square,2023-11-26,1.4217854390896703,0.9246575342465754,1.314664618336339,1.0,2023-11,Q4 2023
Pringle Square,2023-11-27,1.4217854390896703,0.9246575342465754,1.314664618336339,1.0,2023-11,Q4 2023
Pringle Square,2023-11-28,1.4173611886399418,0.9246575342465754,1.3105737018246038,1.0,2023-11,Q4 2023
Pringle Square,2023-11-29,1.4056884625785817,0.928082191780822,1.3045944293109442,1.0,2023-11,Q4 2023
Pringle Square,2023-11-30,1.3943041313177926,0.9246575342465754,1.2892538200541233,1.0,2023-11,Q4 2023
Pringle Square,2023-12-01,1.3943041313177926,0.928082191780822,1.294028834202472,1.0,2023-12,Q4 2023
Pringle Square,2023-12-02,1.3943041313177926,0.928082191780822,1.294028834202472,1.0,2023-12,Q4 2023
Pringle Square,2023-12-03,1.3943041313177926,0.928082191780822,1.294028834202472,1.0,2023-12,Q4 2023
Pringle Square,2023-12-04,1.3943041313177926,0.928082191780822,1.294028834202472,1.0,2023-12,Q4 2023
Pringle Square,2023-12-05,1.3943041313177926,0.928082191780822,1.294028834202472,1.0,2023-12,Q4 2023
Pringle Square,2023-12-06,1.3943041313177926,0.928082191780822,1.294028834202472,1.0,2023-12,Q4 2023
Pringle Square,2023-12-07,1.3943041313177926,0.928082191780822,1.294028834202472,1.0,2023-12,Q4 2023
Pringle Square,2023-12-08,1.3982308146311762,0.928082191780822,1.2976731190583861,1.0,2023-12,Q4 2023
Pringle Square,2023-12-09,1.3982308146311762,0.9315068493150684,1.3024615807523283,1.0,2023-12,Q4 2023
Pringle Square,2023-12-10,1.3982308146311762,0.9315068493150684,1.3024615807523283,1.0,2023-12,Q4 2023
Pringle Square,2023-12-11,1.3982308146311762,0.9315068493150684,1.3024615807523283,1.0,2023-12,Q4 2023
Pringle Square,2023-12-12,1.3982308146311762,0.9315068493150684,1.3024615807523283,1.0,2023-12,Q4 2023
Pringle Square,2023-12-13,1.3982308146311762,0.9315068493150684,1.3024615807523283,1.0,2023-12,Q4 2023
Pringle Square,2023-12-14,1.3982308146311762,0.9315068493150684,1.3024615807523283,1.0,2023-12,Q4 2023
Pringle Square,2023-12-15,1.3982308146311762,0.928082191780822,1.2976731190583861,1.0,2023-12,Q4 2023
Pringle Square,2023-12-16,1.3982308146311762,0.928082191780822,1.2976731190583861,1.0,2023-12,Q4 2023
Pringle Square,2023-12-17,1.3982308146311762,0.928082191780822,1.2976731190583861,1.0,2023-12,Q4 2023
Pringle Square,2023-12-18,1.3982308146311762,0.928082191780822,1.2976731190583861,1.0,2023-12,Q4 2023
Pringle Square,2023-12-19,1.3982308146311762,0.928082191780822,1.2976731190583861,1.0,2023-12,Q4 2023
Pringle Square,2023-12-20,1.3982308146311762,0.928082191780822,1.2976731190583861,1.0,2023-12,Q4 2023
Pringle Square,2023-12-21,1.3982308146311762,0.9212328767123288,1.2880961956705013,1.0,2023-12,Q4 2023
Pringle Square,2023-12-22,1.3982308146311762,0.9212328767123288,1.2880961956705013,1.0,2023-12,Q4 2023
Pringle Square,2023-12-23,1.3982308146311762,0.9212328767123288,1.2880961956705013,1.0,2023-12,Q4 2023
Pringle Square,2023-12-24,1.3884563521858053,0.9178082191780822,1.27433665200615,1.0,2023-12,Q4 2023
Pringle Square,2023-12-25,1.3884563521858053,0.9212328767123288,1.2790916395136358,1.0,2023-12,Q4 2023
Pringle Square,2023-12-26,1.3884563521858053,0.9212328767123288,1.2790916395136358,1.0,2023-12,Q4 2023
Pringle Square,2023-12-27,1.3884563521858053,0.9212328767123288,1.2790916395136358,1.0,2023-12,Q4 2023
Pringle Square,2023-12-28,1.3884563521858053,0.9212328767123288,1.2790916395136358,1.0,2023-12,Q4 2023
Pringle Square,2023-12-29,1.400112153690473,0.9178082191780822,1.2850344424282423,1.0,2023-12,Q4 2023
Pringle Square,2023-12-30,1.404768420440818,0.9246575342465754,1.2989297038322631,1.0,2023-12,Q4 2023
Pringle Square,2023-12-31,1.404768420440818,0.928082191780822,1.3037405545871976,1.0,2023-12,Q4 2023
Pringle Square,2024-01-01,1.404768420440818,0.928082191780822,1.3037405545871976,1.0,2024-01,Q1 2024
Pringle Square,2024-01-02,1.404768420440818,0.928082191780822,1.3037405545871976,1.0,2024-01,Q1 2024
Pringle Square,2024-01-03,1.404768420440818,0.9246575342465754,1.2989297038322631,1.0,2024-01,Q1 2024
Pringle Square,2024-01-04,1.404768420440818,0.9246575342465754,1.2989297038322631,1.0,2024-01,Q1 2024
Pringle Square,2024-01-05,1.4023362245306363,0.9212328767123288,1.2918782342422643,1.0,2024-01,Q1 2024
Pringle Square,2024-01-06,1.4023362245306363,0.9246575342465754,1.2966807555591502,1.0,2024-01,Q1 2024
Pringle Square,2024-01-07,1.4023362245306363,0.9246575342465754,1.2966807555591502,1.0,2024-01,Q1 2024
Pringle Square,2024-01-08,1.4023362245306363,0.9246575342465754,1.2966807555591502,1.0,2024-01,Q1 2024
Pringle Square,2024-01-09,1.4023362245306363,0.9246575342465754,1.2966807555591502,1.0,2024-01,Q1 2024
Pringle Square,2024-01-10,1.4023362245306363,0.9246575342465754,1.2966807555591502,1.0,2024-01,Q1 2024
Pringle Square,2024-01-11,1.4023362245306363,0.9246575342465754,1.2966807555591502,1.0,2024-01,Q1 2024
Pringle Square,2024-01-12,1.4023362245306363,0.9246575342465754,1.2966807555591502,1.0,2024-01,Q1 2024
Pringle Square,2024-01-13,1.3927692737259512,0.9246575342465754,1.2878346024178315,1.0,2024-01,Q1 2024
Pringle Square,2024-01-14,1.3927692737259512,0.928082191780822,1.2926043602045643,1.0,2024-01,Q1 2024
Pringle Square,2024-01-15,1.3927692737259512,0.928082191780822,1.2926043602045643,1.0,2024-01,Q1 2024
Pringle Square,2024-01-16,1.3927692737259512,0.928082191780822,1.2926043602045643,1.0,2024-01,Q1 2024
Pringle Square,2024-01-17,1.3927692737259512,0.928082191780822,1.2926043602045643,1.0,2024-01,Q1 2024
Pringle Square,2024-01-18,1.3979627823765348,0.9246575342465754,1.2926368193207685,1.0,2024-01,Q1 2024
Pringle Square,2024-01-19,1.3979627823765348,0.928082191780822,1.2974243630960307,1.0,2024-01,Q1 2024
Pringle Square,2024-01-20,1.3979627823765348,0.928082191780822,1.2974243630960307,1.0,2024-01,Q1 2024
Pringle Square,2024-01-21,1.4040645384536832,0.9212328767123288,1.2934704138494548,1.0,2024-01,Q1 2024
Pringle Square,2024-01-22,1.4040645384536832,0.9246575342465754,1.2982788540496386,1.0,2024-01,Q1 2024
Pringle Square,2024-01-23,1.4040645384536832,0.9212328767123288,1.2934704138494548,1.0,2024-01,Q1 2024
Pringle Square,2024-01-24,1.4040645384536832,0.9143835616438356,1.283853533449087,1.0,2024-01,Q1 2024
Pringle Square,2024-01-25,1.3999271021149886,0.910958904109589,1.2752760587759828,1.0,2024-01,Q1 2024
Pringle Square,2024-01-26,1.3999271021149886,0.910958904109589,1.2752760587759828,1.0,2024-01,Q1 2024
Pringle Square,2024-01-27,1.3999271021149886,0.9075342465753424,1.2704817878783286,1.0,2024-01,Q1 2024
Pringle Square,2024-01-28,1.3999271021149886,0.9075342465753424,1.2704817878783286,1.0,2024-01,Q1 2024
Pringle Square,2024-01-29,1.3999271021149886,0.9075342465753424,1.2704817878783286,1.0,2024-01,Q1 2024
Pringle Square,2024-01-30,1.392073522156391,0.904109589041096,1.2585870200318057,1.0,2024-01,Q1 2024
Pringle Square,2024-01-31,1.392073522156391,0.9075342465753424,1.2633543951076835,1.0,2024-01,Q1 2024
Pringle Square,2024-02-01,1.392073522156391,0.9075342465753424,1.2633543951076835,1.0,2024-02,Q1 2024
Pringle Square,2024-02-02,1.392073522156391,0.9075342465753424,1.2633543951076835,1.0,2024-02,Q1 2024
Pringle Square,2024-02-03,1.392073522156391,0.9075342465753424,1.2633543951076835,1.0,2024-02,Q1 2024
Pringle Square,2024-02-04,1.392073522156391,0.8904109589041096,1.2395175197282933,1.0,2024-02,Q1 2024
Pringle Square,2024-02-05,1.392073522156391,0.8904109589041096,1.2395175197282933,1.0,2024-02,Q1 2024
Pringle Square,2024-02-06,1.392073522156391,0.8904109589041096,1.2395175197282933,1.0,2024-02,Q1 2024
Pringle Square,2024-02-07,1.392073522156391,0.8904109589041096,1.2395175197282933,1.0,2024-02,Q1 2024
Pringle Square,2024-02-08,1.392073522156391,0.8904109589041096,1.2395175197282933,1.0,2024-02,Q1 2024
Pringle Square,2024-02-09,1.3888234687812107,0.8835616438356164,1.2271111470738094,1.0,2024-02,Q1 2024
Pringle Square,2024-02-10,1.3935430341740578,0.886986301369863,1.2360535816817841,1.0,2024-02,Q1 2024
Pringle Square,2024-02-11,1.3935430341740578,0.8904109589041096,1.240825989333065,1.0,2024-02,Q1 2024
Pringle Square,2024-02-12,1.3935430341740578,0.8904109589041096,1.240825989333065,1.0,2024-02,Q1 2024
Pringle Square,2024-02-13,1.3935430341740578,0.8904109589041096,1.240825989333065,1.0,2024-02,Q1 2024
Pringle Square,2024-02-14,1.3935430341740578,0.8904109589041096,1.240825989333065,1.0,2024-02,Q1 2024
Pringle Square,2024-02-15,1.3912472529958995,0.8904109589041096,1.2387818006127873,1.0,2024-02,Q1 2024
Pringle Square,2024-02-16,1.3912472529958995,0.8938356164383562,1.2435463459997596,1.0,2024-02,Q1 2024
Pringle Square,2024-02-17,1.3912472529958995,0.8938356164383562,1.2435463459997596,1.0,2024-02,Q1 2024
Pringle Square,2024-02-18,1.3877026370436978,0.8938356164383562,1.240378042015086,1.0,2024-02,Q1 2024
Pringle Square,2024-02-19,1.3877026370436978,0.8972602739726028,1.2451304483063317,1.0,2024-02,Q1 2024
Pringle Square,2024-02-20,1.3877026370436978,0.8972602739726028,1.2451304483063317,1.0,2024-02,Q1 2024
Pringle Square,2024-02-21,1.3877026370436978,0.8972602739726028,1.2451304483063317,1.0,2024-02,Q1 2024
Pringle Square,2024-02-22,1.383960445101043,0.8938356164383562,1.2370331375731927,1.0,2024-02,Q1 2024
Pringle Square,2024-02-23,1.383960445101043,0.8972602739726028,1.241772728138607,1.0,2024-02,Q1 2024
Pringle Square,2024-02-24,1.383960445101043,0.8972602739726028,1.241772728138607,1.0,2024-02,Q1 2024
Pringle Square,2024-02-25,1.383960445101043,0.8972602739726028,1.241772728138607,1.0,2024-02,Q1 2024
Pringle Square,2024-02-26,1.383960445101043,0.8938356164383562,1.2370331375731927,1.0,2024-02,Q1 2024
Pringle Square,2024-02-27,1.383960445101043,0.8938356164383562,1.2370331375731927,1.0,2024-02,Q1 2024
Pringle Square,2024-02-28,1.383960445101043,0.8938356164383562,1.2370331375731927,1.0,2024-02,Q1 2024
Pringle Square,2024-02-29,1.3935292220680333,0.8835616438356164,1.2312689701833992,1.0,2024-02,Q1 2024
Pringle Square,2024-03-01,1.3935292220680333,0.8904109589041096,1.2408136908824954,1.0,2024-03,Q1 2024
Pringle Square,2024-03-02,1.3935292220680333,0.8904109589041096,1.2408136908824954,1.0,2024-03,Q1 2024
Pringle Square,2024-03-03,1.3759915464726713,0.8904109589041096,1.22519795233868,1.0,2024-03,Q1 2024
Pringle Square,2024-03-04,1.3797310825566866,0.8972602739726028,1.2379778891433284,1.0,2024-03,Q1 2024
Pringle Square,2024-03-05,1.3822220197072124,0.886986301369863,1.2260119969320822,1.0,2024-03,Q1 2024
Pringle Square,2024-03-06,1.377698304144055,0.8904109589041096,1.2267176680734735,1.0,2024-03,Q1 2024
Pringle Square,2024-03-07,1.3727251921072439,0.9006849315068494,1.2363928956308397,1.0,2024-03,Q1 2024
Pringle Square,2024-03-08,1.3764289650044412,0.9075342465753424,1.2491564237197839,1.0,2024-03,Q1 2024
Pringle Square,2024-03-09,1.3764289650044412,0.9075342465753424,1.2491564237197839,1.0,2024-03,Q1 2024
Pringle Square,2024-03-10,1.3764289650044412,0.9075342465753424,1.2491564237197839,1.0,2024-03,Q1 2024
Pringle Square,2024-03-11,1.3764289650044412,0.9075342465753424,1.2491564237197839,1.0,2024-03,Q1 2024
Pringle Square,2024-03-12,1.3764289650044412,0.9075342465753424,1.2491564237197839,1.0,2024-03,Q1 2024
Pringle Square,2024-03-13,1.3804200126960382,0.904109589041096,1.2480509703827196,1.0,2024-03,Q1 2024
Pringle Square,2024-03-14,1.3699543811715498,0.9006849315068494,1.2338972679730056,1.0,2024-03,Q1 2024
Pringle Square,2024-03-15,1.3699543811715498,0.9075342465753424,1.243280517159112,1.0,2024-03,Q1 2024
Pringle Square,2024-03-16,1.3699543811715498,0.9075342465753424,1.243280517159112,1.0,2024-03,Q1 2024
Pringle Square,2024-03-17,1.3699543811715498,0.9075342465753424,1.243280517159112,1.0,2024-03,Q1 2024
Pringle Square,2024-03-18,1.3699543811715498,0.9075342465753424,1.243280517159112,1.0,2024-03,Q1 2024
Pringle Square,2024-03-19,1.3699543811715498,0.9075342465753424,1.243280517159112,1.0,2024-03,Q1 2024
Pringle Square,2024-03-20,1.3732173754401007,0.9075342465753424,1.246241796204201,1.0,2024-03,Q1 2024
Pringle Square,2024-03-21,1.3732173754401007,0.910958904109589,1.2509445954351601,1.0,2024-03,Q1 2024
Pringle Square,2024-03-22,1.3732173754401007,0.9075342465753424,1.246241796204201,1.0,2024-03,Q1 2024
Pringle Square,2024-03-23,1.3732173754401007,0.9006849315068494,1.2368361977422826,1.0,2024-03,Q1 2024
Pringle Square,2024-03-24,1.3776664326926822,0.9006849315068494,1.240843396569094,1.0,2024-03,Q1 2024
Pringle Square,2024-03-25,1.3776664326926822,0.904109589041096,1.2455614322974935,1.0,2024-03,Q1 2024
Pringle Square,2024-03-26,1.378112577780065,0.904109589041096,1.2459647963490998,1.0,2024-03,Q1 2024
Pringle Square,2024-03-27,1.378112577780065,0.9075342465753424,1.2506843599716342,1.0,2024-03,Q1 2024
Pringle Square,2024-03-28,1.378112577780065,0.9075342465753424,1.2506843599716342,1.0,2024-03,Q1 2024
Pringle Square,2024-03-29,1.378112577780065,0.9075342465753424,1.2506843599716342,1.0,2024-03,Q1 2024
Pringle Square,2024-03-30,1.378112577780065,0.9075342465753424,1.2506843599716342,1.0,2024-03,Q1 2024
Pringle Square,2024-03-31,1.378112577780065,0.9075342465753424,1.2506843599716342,1.0,2024-03,Q1 2024
Pringle Square,2024-04-01,1.3812904093031666,0.9075342465753424,1.2535683509086957,1.0,2024-04,Q2 2024
Pringle Square,2024-04-02,1.3812904093031666,0.9075342465753424,1.2535683509086957,1.0,2024-04,Q2 2024
Pringle Square,2024-04-03,1.3812904093031666,0.9075342465753424,1.2535683509086957,1.0,2024-04,Q2 2024
Pringle Square,2024-04-04,1.3812904093031666,0.9075342465753424,1.2535683509086957,1.0,2024-04,Q2 2024
Pringle Square,2024-04-05,1.382159373031809,0.904109589041096,1.2496235427410876,1.0,2024-04,Q2 2024
Pringle Square,2024-04-06,1.3810838316546459,0.9075342465753424,1.2533808746180861,1.0,2024-04,Q2 2024
Pringle Square,2024-04-07,1.3810838316546459,0.910958904109589,1.2581106137675884,1.0,2024-04,Q2 2024
Pringle Square,2024-04-08,1.3810838316546459,0.910958904109589,1.2581106137675884,1.0,2024-04,Q2 2024
Pringle Square,2024-04-09,1.3810838316546459,0.910958904109589,1.2581106137675884,1.0,2024-04,Q2 2024
Pringle Square,2024-04-10,1.378519546243925,0.9075342465753424,1.2510536977898634,1.0,2024-04,Q2 2024
Pringle Square,2024-04-11,1.376331755859619,0.9075342465753424,1.2490682030917775,1.0,2024-04,Q2 2024
Pringle Square,2024-04-12,1.376331755859619,0.910958904109589,1.253781668009105,1.0,2024-04,Q2 2024
Pringle Square,2024-04-13,1.376331755859619,0.910958904109589,1.253781668009105,1.0,2024-04,Q2 2024
Pringle Square,2024-04-14,1.3746035302178776,0.910958904109589,1.2522073254724502,1.0,2024-04,Q2 2024
Pringle Square,2024-04-15,1.3746035302178776,0.9143835616438356,1.2569148718088128,1.0,2024-04,Q2 2024
Pringle Square,2024-04-16,1.3746035302178776,0.9143835616438356,1.2569148718088128,1.0,2024-04,Q2 2024
Pringle Square,2024-04-17,1.3746035302178776,0.9143835616438356,1.2569148718088128,1.0,2024-04,Q2 2024
Pringle Square,2024-04-18,1.3746035302178776,0.9143835616438356,1.2569148718088128,1.0,2024-04,Q2 2024
Pringle Square,2024-04-19,1.3810598884689143,0.9143835616438356,1.262818459661644,1.0,2024-04,Q2 2024
Pringle Square,2024-04-20,1.3810598884689143,0.9212328767123288,1.2722777739662259,1.0,2024-04,Q2 2024
Pringle Square,2024-04-21,1.3810598884689143,0.910958904109589,1.2580888025093533,1.0,2024-04,Q2 2024
Pringle Square,2024-04-22,1.3810598884689143,0.910958904109589,1.2580888025093533,1.0,2024-04,Q2 2024
Pringle Square,2024-04-23,1.3824362387013107,0.910958904109589,1.2593426010087283,1.0,2024-04,Q2 2024
Pringle Square,2024-04-24,1.3824362387013107,0.9178082191780822,1.268811342369696,1.0,2024-04,Q2 2024
Pringle Square,2024-04-25,1.3751825365452108,0.9178082191780822,1.262153834911358,1.0,2024-04,Q2 2024
Pringle Square,2024-04-26,1.3751825365452108,0.9212328767123288,1.2668633641461018,1.0,2024-04,Q2 2024
Pringle Square,2024-04-27,1.377864681138722,0.9212328767123288,1.2693342439257405,1.0,2024-04,Q2 2024
Pringle Square,2024-04-28,1.371021546147675,0.9246575342465754,1.2677254022598363,1.0,2024-04,Q2 2024
Pringle Square,2024-04-29,1.371021546147675,0.928082191780822,1.2724206815274655,1.0,2024-04,Q2 2024
Pringle Square,2024-04-30,1.371021546147675,0.928082191780822,1.2724206815274655,1.0,2024-04,Q2 2024
Pringle Square,2024-05-01,1.3683589041519475,0.928082191780822,1.2699495309081432,1.0,2024-05,Q2 2024
Pringle Square,2024-05-02,1.370425123373081,0.9246575342465754,1.267173915447712,1.0,2024-05,Q2 2024
Pringle Square,2024-05-03,1.3730093027913495,0.9315068493150684,1.2789675697234488,1.0,2024-05,Q2 2024
Pringle Square,2024-05-04,1.3726507238510475,0.934931506849315,1.2833344096278627,1.0,2024-05,Q2 2024
Pringle Square,2024-05-05,1.3726507238510475,0.934931506849315,1.2833344096278627,1.0,2024-05,Q2 2024
Pringle Square,2024-05-06,1.3725946660100468,0.934931506849315,1.2832819993861053,1.0,2024-05,Q2 2024
Pringle Square,2024-05-07,1.3725946660100468,0.9383561643835616,1.2879826660505234,1.0,2024-05,Q2 2024
Pringle Square,2024-05-08,1.3725946660100468,0.9383561643835616,1.2879826660505234,1.0,2024-05,Q2 2024
Pringle Square,2024-05-09,1.3725946660100468,0.9383561643835616,1.2879826660505234,1.0,2024-05,Q2 2024
Pringle Square,2024-05-10,1.3725946660100468,0.9383561643835616,1.2879826660505234,1.0,2024-05,Q2 2024
Pringle Square,2024-05-11,1.3725946660100468,0.9315068493150684,1.2785813327216873,1.0,2024-05,Q2 2024
Pringle Square,2024-05-12,1.3725946660100468,0.9315068493150684,1.2785813327216873,1.0,2024-05,Q2 2024
Pringle Square,2024-05-13,1.3725946660100468,0.9315068493150684,1.2785813327216873,1.0,2024-05,Q2 2024
Pringle Square,2024-05-14,1.3725946660100468,0.9315068493150684,1.2785813327216873,1.0,2024-05,Q2 2024
Pringle Square,2024-05-15,1.3725946660100468,0.9315068493150684,1.2785813327216873,1.0,2024-05,Q2 2024
Pringle Square,2024-05-16,1.3725946660100468,0.9246575342465754,1.2691799993928514,1.0,2024-05,Q2 2024
Pringle Square,2024-05-17,1.3725946660100468,0.9246575342465754,1.2691799993928514,1.0,2024-05,Q2 2024
Pringle Square,2024-05-18,1.3725946660100468,0.9212328767123288,1.2644793327284336,1.0,2024-05,Q2 2024
Pringle Square,2024-05-19,1.3725946660100468,0.9212328767123288,1.2644793327284336,1.0,2024-05,Q2 2024
Pringle Square,2024-05-20,1.3725946660100468,0.9178082191780822,1.2597786660640156,1.0,2024-05,Q2 2024
Pringle Square,2024-05-21,1.3725946660100468,0.9178082191780822,1.2597786660640156,1.0,2024-05,Q2 2024
Pringle Square,2024-05-22,1.3656417348717527,0.9178082191780822,1.25339720871791,1.0,2024-05,Q2 2024
Pringle Square,2024-05-23,1.3656417348717527,0.9212328767123288,1.2580740639743202,1.0,2024-05,Q2 2024
Pringle Square,2024-05-24,1.3656417348717527,0.910958904109589,1.2440434982050896,1.0,2024-05,Q2 2024
Pringle Square,2024-05-25,1.3656417348717527,0.910958904109589,1.2440434982050896,1.0,2024-05,Q2 2024
Pringle Square,2024-05-26,1.3656417348717527,0.910958904109589,1.2440434982050896,1.0,2024-05,Q2 2024
Pringle Square,2024-05-27,1.3656417348717527,0.910958904109589,1.2440434982050896,1.0,2024-05,Q2 2024
Pringle Square,2024-05-28,1.3656417348717527,0.9075342465753424,1.2393666429486796,1.0,2024-05,Q2 2024
Pringle Square,2024-05-29,1.3659828132487837,0.9006849315068494,1.230320136590514,1.0,2024-05,Q2 2024
Pringle Square,2024-05-30,1.3659828132487837,0.904109589041096,1.234998159923558,1.0,2024-05,Q2 2024
Pringle Square,2024-05-31,1.3659828132487837,0.904109589041096,1.234998159923558,1.0,2024-05,Q2 2024
Pringle Square,2024-06-01,1.3659828132487837,0.904109589041096,1.234998159923558,1.0,2024-06,Q2 2024
Pringle Square,2024-06-02,1.3659828132487837,0.9006849315068494,1.230320136590514,1.0,2024-06,Q2 2024
Pringle Square,2024-06-03,1.3659828132487837,0.9006849315068494,1.230320136590514,1.0,2024-06,Q2 2024
Pringle Square,2024-06-04,1.3659828132487837,0.9006849315068494,1.230320136590514,1.0,2024-06,Q2 2024
Pringle Square,2024-06-05,1.3659828132487837,0.8972602739726028,1.2256421132574704,1.0,2024-06,Q2 2024
Pringle Square,2024-06-06,1.3659828132487837,0.8972602739726028,1.2256421132574704,1.0,2024-06,Q2 2024
Pringle Square,2024-06-07,1.3659828132487837,0.886986301369863,1.211608043258339,1.0,2024-06,Q2 2024
Pringle Square,2024-06-08,1.3659828132487837,0.8835616438356164,1.206930019925295,1.0,2024-06,Q2 2024
Pringle Square,2024-06-09,1.3659828132487837,0.8835616438356164,1.206930019925295,1.0,2024-06,Q2 2024
Pringle Square,2024-06-10,1.3659828132487837,0.8835616438356164,1.206930019925295,1.0,2024-06,Q2 2024
Pringle Square,2024-06-11,1.3659828132487837,0.8732876712328768,1.192895949926164,1.0,2024-06,Q2 2024
Pringle Square,2024-06-12,1.3659828132487837,0.8732876712328768,1.192895949926164,1.0,2024-06,Q2 2024
Pringle Square,2024-06-13,1.3659828132487837,0.8732876712328768,1.192895949926164,1.0,2024-06,Q2 2024
Pringle Square,2024-06-14,1.3657599280524508,0.8732876712328768,1.1927013070321062,1.0,2024-06,Q2 2024
Pringle Square,2024-06-15,1.3657599280524508,0.8767123287671232,1.1973785670596828,1.0,2024-06,Q2 2024
Pringle Square,2024-06-16,1.3657599280524508,0.8767123287671232,1.1973785670596828,1.0,2024-06,Q2 2024
Pringle Square,2024-06-17,1.3657599280524508,0.8732876712328768,1.1927013070321062,1.0,2024-06,Q2 2024
Pringle Square,2024-06-18,1.3657599280524508,0.8664383561643836,1.1833467869769523,1.0,2024-06,Q2 2024
Pringle Square,2024-06-19,1.3657599280524508,0.8664383561643836,1.1833467869769523,1.0,2024-06,Q2 2024
Pringle Square,2024-06-20,1.3657599280524508,0.8664383561643836,1.1833467869769523,1.0,2024-06,Q2 2024
Pringle Square,2024-06-21,1.3647675552926106,0.8595890410958904,1.1731392341727578,1.0,2024-06,Q2 2024
Pringle Square,2024-06-22,1.3647675552926106,0.863013698630137,1.1778130956634858,1.0,2024-06,Q2 2024
Pringle Square,2024-06-23,1.3647675552926106,0.863013698630137,1.1778130956634858,1.0,2024-06,Q2 2024
Pringle Square,2024-06-24,1.3647675552926106,0.863013698630137,1.1778130956634858,1.0,2024-06,Q2 2024
Pringle Square,2024-06-25,1.3647675552926106,0.863013698630137,1.1778130956634858,1.0,2024-06,Q2 2024
Pringle Square,2024-06-26,1.36489347827688,0.8561643835616438,1.168573183456233,1.0,2024-06,Q2 2024
Pringle Square,2024-06-27,1.36489347827688,0.8595890410958904,1.1732474761900578,1.0,2024-06,Q2 2024
Pringle Square,2024-06-28,1.36489347827688,0.8595890410958904,1.1732474761900578,1.0,2024-06,Q2 2024
Pringle Square,2024-06-29,1.36489347827688,0.8595890410958904,1.1732474761900578,1.0,2024-06,Q2 2024
Pringle Square,2024-06-30,1.36489347827688,0.8595890410958904,1.1732474761900578,1.0,2024-06,Q2 2024
Pringle Square,2024-07-01,1.36489347827688,0.8595890410958904,1.1732474761900578,1.0,2024-07,Q3 2024
Pringle Square,2024-07-02,1.36489347827688,0.8561643835616438,1.168573183456233,1.0,2024-07,Q3 2024
Pringle Square,2024-07-03,1.36489347827688,0.845890410958904,1.154550305254758,1.0,2024-07,Q3 2024
Pringle Square,2024-07-04,1.363584941839773,0.8424657534246576,1.148773615385562,1.0,2024-07,Q3 2024
Pringle Square,2024-07-05,1.363584941839773,0.845890410958904,1.1534434268302187,1.0,2024-07,Q3 2024
Pringle Square,2024-07-06,1.363584941839773,0.8424657534246576,1.148773615385562,1.0,2024-07,Q3 2024
Pringle Square,2024-07-07,1.363584941839773,0.8424657534246576,1.148773615385562,1.0,2024-07,Q3 2024
Pringle Square,2024-07-08,1.363584941839773,0.8424657534246576,1.148773615385562,1.0,2024-07,Q3 2024
Pringle Square,2024-07-09,1.3667318904328059,0.839041095890411,1.1467442231371145,1.0,2024-07,Q3 2024
Pringle Square,2024-07-10,1.3667318904328059,0.8356164383561644,1.1420636344712487,1.0,2024-07,Q3 2024
Pringle Square,2024-07-11,1.3667318904328059,0.8356164383561644,1.1420636344712487,1.0,2024-07,Q3 2024
Pringle Square,2024-07-12,1.3667318904328059,0.8356164383561644,1.1420636344712487,1.0,2024-07,Q3 2024
Pringle Square,2024-07-13,1.3667318904328059,0.8356164383561644,1.1420636344712487,1.0,2024-07,Q3 2024
Pringle Square,2024-07-14,1.3667318904328059,0.8356164383561644,1.1420636344712487,1.0,2024-07,Q3 2024
Pringle Square,2024-07-15,1.3667318904328059,0.8356164383561644,1.1420636344712487,1.0,2024-07,Q3 2024
Pringle Square,2024-07-16,1.369806917557226,0.8356164383561644,1.1446331776848053,1.0,2024-07,Q3 2024
Pringle Square,2024-07-17,1.372265789345541,0.839041095890411,1.1513873917454025,1.0,2024-07,Q3 2024
Pringle Square,2024-07-18,1.371290268651516,0.839041095890411,1.150568889793224,1.0,2024-07,Q3 2024
Pringle Square,2024-07-19,1.3694621275083827,0.8424657534246576,1.1537249430378842,1.0,2024-07,Q3 2024
Pringle Square,2024-07-20,1.3694621275083827,0.845890410958904,1.158414881830721,1.0,2024-07,Q3 2024
Pringle Square,2024-07-21,1.3694621275083827,0.845890410958904,1.158414881830721,1.0,2024-07,Q3 2024
Pringle Square,2024-07-22,1.3694621275083827,0.8424657534246576,1.1537249430378842,1.0,2024-07,Q3 2024
Pringle Square,2024-07-23,1.3694621275083827,0.8424657534246576,1.1537249430378842,1.0,2024-07,Q3 2024
Pringle Square,2024-07-24,1.3694621275083827,0.8424657534246576,1.1537249430378842,1.0,2024-07,Q3 2024
Pringle Square,2024-07-25,1.3694621275083827,0.839041095890411,1.1490350042450472,1.0,2024-07,Q3 2024
Pringle Square,2024-07-26,1.368419787059283,0.8321917808219178,1.1387876995048143,1.0,2024-07,Q3 2024
Pringle Square,2024-07-27,1.368419787059283,0.8321917808219178,1.1387876995048143,1.0,2024-07,Q3 2024
Pringle Square,2024-07-28,1.368419787059283,0.8321917808219178,1.1387876995048143,1.0,2024-07,Q3 2024
Pringle Square,2024-07-29,1.368419787059283,0.8321917808219178,1.1387876995048143,1.0,2024-07,Q3 2024
Pringle Square,2024-07-30,1.368419787059283,0.8321917808219178,1.1387876995048143,1.0,2024-07,Q3 2024
Pringle Square,2024-07-31,1.3717122136560052,0.8287671232876712,1.1368299852902508,1.0,2024-07,Q3 2024
Pringle Square,2024-08-01,1.3712615075076535,0.8321917808219178,1.1411525559053417,1.0,2024-08,Q3 2024
Pringle Square,2024-08-02,1.367413188948705,0.8253424657534246,1.1285841730706776,1.0,2024-08,Q3 2024
Pringle Square,2024-08-03,1.367413188948705,0.8321917808219178,1.1379500168306003,1.0,2024-08,Q3 2024
Pringle Square,2024-08-04,1.367413188948705,0.8287671232876712,1.133267094950639,1.0,2024-08,Q3 2024
Pringle Square,2024-08-05,1.367413188948705,0.8287671232876712,1.133267094950639,1.0,2024-08,Q3 2024
Pringle Square,2024-08-06,1.3674807666140478,0.8287671232876712,1.1333231010979437,1.0,2024-08,Q3 2024
Pringle Square,2024-08-07,1.3674807666140478,0.8287671232876712,1.1333231010979437,1.0,2024-08,Q3 2024
Pringle Square,2024-08-08,1.3674807666140478,0.8253424657534246,1.1286399477876217,1.0,2024-08,Q3 2024
Pringle Square,2024-08-09,1.3674807666140478,0.8253424657534246,1.1286399477876217,1.0,2024-08,Q3 2024
Pringle Square,2024-08-10,1.3643524609057938,0.8253424657534246,1.1260580242407408,1.0,2024-08,Q3 2024
Pringle Square,2024-08-11,1.3643524609057938,0.8287671232876712,1.1307304641753495,1.0,2024-08,Q3 2024
Pringle Square,2024-08-12,1.3612740686048301,0.8287671232876712,1.1281791938437291,1.0,2024-08,Q3 2024
Pringle Square,2024-08-13,1.3612740686048301,0.8287671232876712,1.1281791938437291,1.0,2024-08,Q3 2024
Pringle Square,2024-08-14,1.3612740686048301,0.8287671232876712,1.1281791938437291,1.0,2024-08,Q3 2024
Pringle Square,2024-08-15,1.3612740686048301,0.8287671232876712,1.1281791938437291,1.0,2024-08,Q3 2024
Pringle Square,2024-08-16,1.3612740686048301,0.8287671232876712,1.1281791938437291,1.0,2024-08,Q3 2024
Pringle Square,2024-08-17,1.359460352761262,0.8287671232876712,1.1266760457815939,1.0,2024-08,Q3 2024
Pringle Square,2024-08-18,1.3611178389171825,0.8321917808219178,1.1327110782769705,1.0,2024-08,Q3 2024
Pringle Square,2024-08-19,1.3611178389171825,0.8356164383561644,1.1373724407390156,1.0,2024-08,Q3 2024
Pringle Square,2024-08-20,1.3611178389171825,0.8321917808219178,1.1327110782769705,1.0,2024-08,Q3 2024
Pringle Square,2024-08-21,1.3645811814854054,0.8321917808219178,1.1355932434964162,1.0,2024-08,Q3 2024
Pringle Square,2024-08-22,1.362662562369175,0.8356164383561644,1.1386632370482148,1.0,2024-08,Q3 2024
Pringle Square,2024-08-23,1.362662562369175,0.8356164383561644,1.1386632370482148,1.0,2024-08,Q3 2024
Pringle Square,2024-08-24,1.362662562369175,0.8356164383561644,1.1386632370482148,1.0,2024-08,Q3 2024
Pringle Square,2024-08-25,1.362662562369175,0.8356164383561644,1.1386632370482148,1.0,2024-08,Q3 2024
Pringle Square,2024-08-26,1.362662562369175,0.8356164383561644,1.1386632370482148,1.0,2024-08,Q3 2024
Pringle Square,2024-08-27,1.362662562369175,0.8356164383561644,1.1386632370482148,1.0,2024-08,Q3 2024
Pringle Square,2024-08-28,1.3545245825427021,0.8356164383561644,1.1318630073302032,1.0,2024-08,Q3 2024
Pringle Square,2024-08-29,1.3545245825427021,0.839041095890411,1.1365017901471302,1.0,2024-08,Q3 2024
Pringle Square,2024-08-30,1.3545245825427021,0.839041095890411,1.1365017901471302,1.0,2024-08,Q3 2024
Pringle Square,2024-08-31,1.3545245825427021,0.839041095890411,1.1365017901471302,1.0,2024-08,Q3 2024
Pringle Square,2024-09-01,1.3545245825427021,0.839041095890411,1.1365017901471302,1.0,2024-09,Q3 2024
Pringle Square,2024-09-02,1.3573075598320503,0.839041095890411,1.138836822461823,1.0,2024-09,Q3 2024
Pringle Square,2024-09-03,1.3573075598320503,0.8287671232876712,1.124891881778617,1.0,2024-09,Q3 2024
Pringle Square,2024-09-04,1.3501666971832909,0.821917808219178,1.109726052479417,1.0,2024-09,Q3 2024
Pringle Square,2024-09-05,1.3487511698516987,0.821917808219178,1.1085626053575606,1.0,2024-09,Q3 2024
Pringle Square,2024-09-06,1.348701560451122,0.821917808219178,1.1085218305077715,1.0,2024-09,Q3 2024
Pringle Square,2024-09-07,1.3465641711182996,0.8253424657534246,1.1113765932859938,1.0,2024-09,Q3 2024
Pringle Square,2024-09-08,1.3465641711182996,0.8287671232876712,1.1159881144199606,1.0,2024-09,Q3 2024
Pringle Square,2024-09-09,1.3494764897891616,0.8287671232876712,1.1184017483869078,1.0,2024-09,Q3 2024
Pringle Square,2024-09-10,1.3494764897891616,0.8321917808219178,1.123023243214953,1.0,2024-09,Q3 2024
Pringle Square,2024-09-11,1.3504891020497831,0.8321917808219178,1.1238659308154018,1.0,2024-09,Q3 2024
Pringle Square,2024-09-12,1.3504891020497831,0.8356164383561644,1.1284908934936544,1.0,2024-09,Q3 2024
Pringle Square,2024-09-13,1.3504891020497831,0.8356164383561644,1.1284908934936544,1.0,2024-09,Q3 2024
Pringle Square,2024-09-14,1.3523688090849721,0.8356164383561644,1.1300616075915522,1.0,2024-09,Q3 2024
Pringle Square,2024-09-15,1.3523688090849721,0.845890410958904,1.1439558076848908,1.0,2024-09,Q3 2024
Pringle Square,2024-09-16,1.3524653463565808,0.845890410958904,1.1440374676372447,1.0,2024-09,Q3 2024
Pringle Square,2024-09-17,1.3524653463565808,0.8493150684931507,1.1486691982754522,1.0,2024-09,Q3 2024
Pringle Square,2024-09-18,1.3524653463565808,0.845890410958904,1.1440374676372447,1.0,2024-09,Q3 2024
Pringle Square,2024-09-19,1.3478205934648644,0.845890410958904,1.140108515704868,1.0,2024-09,Q3 2024
Pringle Square,2024-09-20,1.3474812288831586,0.8493150684931507,1.1444361122021347,1.0,2024-09,Q3 2024
Pringle Square,2024-09-21,1.3474548020500603,0.8527397260273972,1.1490282387344692,1.0,2024-09,Q3 2024
Pringle Square,2024-09-22,1.3474548020500603,0.8561643835616438,1.1536428099743667,1.0,2024-09,Q3 2024
Pringle Square,2024-09-23,1.3474548020500603,0.8561643835616438,1.1536428099743667,1.0,2024-09,Q3 2024
Pringle Square,2024-09-24,1.3454253839136552,0.8561643835616438,1.1519052944466226,1.0,2024-09,Q3 2024
Pringle Square,2024-09-25,1.3454253839136552,0.8561643835616438,1.1519052944466226,1.0,2024-09,Q3 2024
Pringle Square,2024-09-26,1.3454253839136552,0.8493150684931507,1.1426900520910497,1.0,2024-09,Q3 2024
Pringle Square,2024-09-27,1.3454253839136552,0.8424657534246576,1.1334748097354768,1.0,2024-09,Q3 2024
Pringle Square,2024-09-28,1.3440348128025035,0.839041095890411,1.1277004422486758,1.0,2024-09,Q3 2024
Pringle Square,2024-09-29,1.3440348128025035,0.8424657534246576,1.1323033011966297,1.0,2024-09,Q3 2024
Pringle Square,2024-09-30,1.3440348128025035,0.8424657534246576,1.1323033011966297,1.0,2024-09,Q3 2024
Pringle Square,2024-10-01,1.3440348128025035,0.8424657534246576,1.1323033011966297,1.0,2024-10,Q4 2024
Pringle Square,2024-10-02,1.3440348128025035,0.8356164383561644,1.1230975833007222,1.0,2024-10,Q4 2024
Pringle Square,2024-10-03,1.3509725362108322,0.8321917808219178,1.1242682407507953,1.0,2024-10,Q4 2024
Pringle Square,2024-10-04,1.3509725362108322,0.8424657534246576,1.1381480955748793,1.0,2024-10,Q4 2024
Pringle Square,2024-10-05,1.3509725362108322,0.8424657534246576,1.1381480955748793,1.0,2024-10,Q4 2024
Pringle Square,2024-10-06,1.3509725362108322,0.8424657534246576,1.1381480955748793,1.0,2024-10,Q4 2024
Pringle Square,2024-10-07,1.3509725362108322,0.8424657534246576,1.1381480955748793,1.0,2024-10,Q4 2024
Pringle Square,2024-10-08,1.3526010718242578,0.8424657534246576,1.1395200810574226,1.0,2024-10,Q4 2024
Pringle Square,2024-10-09,1.3506005403053374,0.8493150684931507,1.147085390396314,1.0,2024-10,Q4 2024
Pringle Square,2024-10-10,1.3532144125710635,0.8493150684931507,1.1493053914987115,1.0,2024-10,Q4 2024
Pringle Square,2024-10-11,1.353447723130056,0.845890410958904,1.1448684507298759,1.0,2024-10,Q4 2024
Pringle Square,2024-10-12,1.353447723130056,0.8527397260273972,1.1541386406143284,1.0,2024-10,Q4 2024
Pringle Square,2024-10-13,1.353447723130056,0.8527397260273972,1.1541386406143284,1.0,2024-10,Q4 2024
Pringle Square,2024-10-14,1.353447723130056,0.8424657534246576,1.1402333557876498,1.0,2024-10,Q4 2024
Pringle Square,2024-10-15,1.353447723130056,0.8184931506849316,1.1077876911920663,1.0,2024-10,Q4 2024
Pringle Square,2024-10-16,1.3566739234838427,0.815068493150685,1.1057821705108033,1.0,2024-10,Q4 2024
Pringle Square,2024-10-17,1.3560812548192984,0.8356164383561644,1.1331637882736603,1.0,2024-10,Q4 2024
Pringle Square,2024-10-18,1.3560812548192984,0.845890410958904,1.1470961299327627,1.0,2024-10,Q4 2024
Pringle Square,2024-10-19,1.3560812548192984,0.845890410958904,1.1470961299327627,1.0,2024-10,Q4 2024
Pringle Square,2024-10-20,1.3560812548192984,0.845890410958904,1.1470961299327627,1.0,2024-10,Q4 2024
Pringle Square,2024-10-21,1.3560812548192984,0.845890410958904,1.1470961299327627,1.0,2024-10,Q4 2024
Pringle Square,2024-10-22,1.3560812548192984,0.845890410958904,1.1470961299327627,1.0,2024-10,Q4 2024
Pringle Square,2024-10-23,1.3545138973887838,0.8356164383561644,1.1318540786399427,1.0,2024-10,Q4 2024
Pringle Square,2024-10-24,1.3545138973887838,0.839041095890411,1.1364928248638768,1.0,2024-10,Q4 2024
Pringle Square,2024-10-25,1.3495533456866073,0.8356164383561644,1.1277089600942884,1.0,2024-10,Q4 2024
Pringle Square,2024-10-26,1.3495533456866073,0.839041095890411,1.1323307181274618,1.0,2024-10,Q4 2024
Pringle Square,2024-10-27,1.3495533456866073,0.839041095890411,1.1323307181274618,1.0,2024-10,Q4 2024
Pringle Square,2024-10-28,1.3495533456866073,0.839041095890411,1.1323307181274618,1.0,2024-10,Q4 2024
Pringle Square,2024-10-29,1.3520613523050038,0.839041095890411,1.1344350387490614,1.0,2024-10,Q4 2024
Pringle Square,2024-10-30,1.3520613523050038,0.8424657534246576,1.1390653858459965,1.0,2024-10,Q4 2024
Pringle Square,2024-10-31,1.3525146520826954,0.8424657534246576,1.1394472753847367,1.0,2024-10,Q4 2024
Pringle Square,2024-11-01,1.3554632824281745,0.845890410958904,1.1465733930128736,1.0,2024-11,Q4 2024
Pringle Square,2024-11-02,1.3554632824281745,0.8424657534246576,1.1419313954703114,1.0,2024-11,Q4 2024
Pringle Square,2024-11-03,1.3561235052697238,0.8424657534246576,1.1424876106039454,1.0,2024-11,Q4 2024
Pringle Square,2024-11-04,1.3589870428974982,0.845890410958904,1.1495541082043905,1.0,2024-11,Q4 2024
Pringle Square,2024-11-05,1.3589870428974982,0.8493150684931507,1.154208173419793,1.0,2024-11,Q4 2024
Pringle Square,2024-11-06,1.3589870428974982,0.8493150684931507,1.154208173419793,1.0,2024-11,Q4 2024
Pringle Square,2024-11-07,1.3579184126376347,0.845890410958904,1.1486501641147115,1.0,2024-11,Q4 2024
Pringle Square,2024-11-08,1.3579184126376347,0.8527397260273972,1.1579509751601746,1.0,2024-11,Q4 2024
Pringle Square,2024-11-09,1.3549684829165198,0.8527397260273972,1.155435452897991,1.0,2024-11,Q4 2024
Pringle Square,2024-11-10,1.3549684829165198,0.863013698630137,1.1693563619690515,1.0,2024-11,Q4 2024
Pringle Square,2024-11-11,1.3549684829165198,0.863013698630137,1.1693563619690515,1.0,2024-11,Q4 2024
Pringle Square,2024-11-12,1.3549684829165198,0.863013698630137,1.1693563619690515,1.0,2024-11,Q4 2024
Pringle Square,2024-11-13,1.3549684829165198,0.863013698630137,1.1693563619690515,1.0,2024-11,Q4 2024
Pringle Square,2024-11-14,1.35388682758219,0.863013698630137,1.1684228785983284,1.0,2024-11,Q4 2024
Pringle Square,2024-11-15,1.35388682758219,0.8698630136986302,1.1776960760475215,1.0,2024-11,Q4 2024
Pringle Square,2024-11-16,1.3559933712501506,0.8698630136986302,1.1795284804710215,1.0,2024-11,Q4 2024
Pringle Square,2024-11-17,1.3559933712501506,0.8732876712328768,1.1841722933862617,1.0,2024-11,Q4 2024
Pringle Square,2024-11-18,1.3559933712501506,0.8732876712328768,1.1841722933862617,1.0,2024-11,Q4 2024
Pringle Square,2024-11-19,1.3559933712501506,0.8732876712328768,1.1841722933862617,1.0,2024-11,Q4 2024
Pringle Square,2024-11-20,1.3559933712501506,0.8732876712328768,1.1841722933862617,1.0,2024-11,Q4 2024
Pringle Square,2024-11-21,1.3559933712501506,0.8698630136986302,1.1795284804710215,1.0,2024-11,Q4 2024
Pringle Square,2024-11-22,1.3559933712501506,0.8698630136986302,1.1795284804710215,1.0,2024-11,Q4 2024
Pringle Square,2024-11-23,1.3559933712501506,0.8698630136986302,1.1795284804710215,1.0,2024-11,Q4 2024
Pringle Square,2024-11-24,1.3559933712501506,0.8698630136986302,1.1795284804710215,1.0,2024-11,Q4 2024
Pringle Square,2024-11-25,1.3559933712501506,0.8698630136986302,1.1795284804710215,1.0,2024-11,Q4 2024
Pringle Square,2024-11-26,1.3559933712501506,0.8698630136986302,1.1795284804710215,1.0,2024-11,Q4 2024
Pringle Square,2024-11-27,1.3586371280159433,0.8698630136986302,1.1818281866988,1.0,2024-11,Q4 2024
Pringle Square,2024-11-28,1.3586371280159433,0.8732876712328768,1.186481053575567,1.0,2024-11,Q4 2024
Pringle Square,2024-11-29,1.3586371280159433,0.8732876712328768,1.186481053575567,1.0,2024-11,Q4 2024
Pringle Square,2024-11-30,1.3586371280159433,0.8732876712328768,1.186481053575567,1.0,2024-11,Q4 2024
Pringle Square,2024-12-01,1.3586371280159433,0.8732876712328768,1.186481053575567,1.0,2024-12,Q4 2024
Pringle Square,2024-12-02,1.3586371280159433,0.8732876712328768,1.186481053575567,1.0,2024-12,Q4 2024
Pringle Square,2024-12-03,1.358799050597768,0.8732876712328768,1.1866224585699687,1.0,2024-12,Q4 2024
Pringle Square,2024-12-04,1.358799050597768,0.8767123287671232,1.1912758799761254,1.0,2024-12,Q4 2024
Pringle Square,2024-12-05,1.3582400732617899,0.8767123287671232,1.190785817654172,1.0,2024-12,Q4 2024
Pringle Square,2024-12-06,1.3582400732617899,0.8767123287671232,1.190785817654172,1.0,2024-12,Q4 2024
Pringle Square,2024-12-07,1.3582400732617899,0.8767123287671232,1.190785817654172,1.0,2024-12,Q4 2024
Pringle Square,2024-12-08,1.3582400732617899,0.8767123287671232,1.190785817654172,1.0,2024-12,Q4 2024
Pringle Square,2024-12-09,1.3582400732617899,0.8767123287671232,1.190785817654172,1.0,2024-12,Q4 2024
Pringle Square,2024-12-10,1.3582400732617899,0.8698630136986302,1.1814828034537488,1.0,2024-12,Q4 2024
Pringle Square,2024-12-11,1.3582400732617899,0.8698630136986302,1.1814828034537488,1.0,2024-12,Q4 2024
Pringle Square,2024-12-12,1.3582400732617899,0.8698630136986302,1.1814828034537488,1.0,2024-12,Q4 2024
Pringle Square,2024-12-13,1.3582400732617899,0.8698630136986302,1.1814828034537488,1.0,2024-12,Q4 2024
Pringle Square,2024-12-14,1.3582400732617899,0.8698630136986302,1.1814828034537488,1.0,2024-12,Q4 2024
Pringle Square,2024-12-15,1.3582400732617899,0.8698630136986302,1.1814828034537488,1.0,2024-12,Q4 2024
Pringle Square,2024-12-16,1.3582400732617899,0.8698630136986302,1.1814828034537488,1.0,2024-12,Q4 2024
Pringle Square,2024-12-17,1.3582400732617899,0.863013698630137,1.1721797892533254,1.0,2024-12,Q4 2024
Pringle Square,2024-12-18,1.3582400732617899,0.863013698630137,1.1721797892533254,1.0,2024-12,Q4 2024
Pringle Square,2024-12-19,1.3582400732617899,0.863013698630137,1.1721797892533254,1.0,2024-12,Q4 2024
Pringle Square,2024-12-20,1.3583000445883917,0.863013698630137,1.1722315453297079,1.0,2024-12,Q4 2024
Pringle Square,2024-12-21,1.3533080462426053,0.863013698630137,1.1679233823737551,1.0,2024-12,Q4 2024
Pringle Square,2024-12-22,1.3533080462426053,0.8664383561643836,1.1725579989704764,1.0,2024-12,Q4 2024
Pringle Square,2024-12-23,1.3533080462426053,0.8664383561643836,1.1725579989704764,1.0,2024-12,Q4 2024
Pringle Square,2024-12-24,1.35182244748581,0.863013698630137,1.166641290295973,1.0,2024-12,Q4 2024
Pringle Square,2024-12-25,1.35182244748581,0.8698630136986302,1.1759003481554648,1.0,2024-12,Q4 2024
Pringle Square,2024-12-26,1.35182244748581,0.8698630136986302,1.1759003481554648,1.0,2024-12,Q4 2024
Pringle Square,2024-12-27,1.35182244748581,0.8698630136986302,1.1759003481554648,1.0,2024-12,Q4 2024
Pringle Square,2024-12-28,1.35182244748581,0.8698630136986302,1.1759003481554648,1.0,2024-12,Q4 2024
Pringle Square,2024-12-29,1.35182244748581,0.8698630136986302,1.1759003481554648,1.0,2024-12,Q4 2024
Pringle Square,2024-12-30,1.35182244748581,0.8698630136986302,1.1759003481554648,1.0,2024-12,Q4 2024
Pringle Square,2024-12-31,1.3512266554778904,0.8698630136986302,1.1753820907239185,1.0,2024-12,Q4 2024
Pringle Square,2025-01-01,1.3512266554778904,0.863013698630137,1.166127113631604,1.0,2025-01,Q1 2025
Pringle Square,2025-01-02,1.3512266554778904,0.8595890410958904,1.161499625085447,1.0,2025-01,Q1 2025
Pringle Square,2025-01-03,1.3512266554778904,0.8595890410958904,1.161499625085447,1.0,2025-01,Q1 2025
Pringle Square,2025-01-04,1.3512266554778904,0.8595890410958904,1.161499625085447,1.0,2025-01,Q1 2025
Pringle Square,2025-01-05,1.3492586795876857,0.8595890410958904,1.159807974577086,1.0,2025-01,Q1 2025
Pringle Square,2025-01-06,1.3492586795876857,0.8595890410958904,1.159807974577086,1.0,2025-01,Q1 2025
Pringle Square,2025-01-07,1.3492586795876857,0.8561643835616438,1.1551872256743885,1.0,2025-01,Q1 2025
Pringle Square,2025-01-08,1.3508980220529292,0.8561643835616438,1.15659077230559,1.0,2025-01,Q1 2025
Pringle Square,2025-01-09,1.3508980220529292,0.8595890410958904,1.1612171353948124,1.0,2025-01,Q1 2025
Pringle Square,2025-01-10,1.3508980220529292,0.8595890410958904,1.1612171353948124,1.0,2025-01,Q1 2025
Pringle Square,2025-01-11,1.3508980220529292,0.8595890410958904,1.1612171353948124,1.0,2025-01,Q1 2025
Pringle Square,2025-01-12,1.3508980220529292,0.8595890410958904,1.1612171353948124,1.0,2025-01,Q1 2025
Pringle Square,2025-01-13,1.3508980220529292,0.845890410958904,1.142711683037923,1.0,2025-01,Q1 2025
Pringle Square,2025-01-14,1.3508980220529292,0.8184931506849316,1.1057007783241442,1.0,2025-01,Q1 2025
Pringle Square,2025-01-15,1.3508980220529292,0.8184931506849316,1.1057007783241442,1.0,2025-01,Q1 2025
Pringle Square,2025-01-16,1.351944061619887,0.8184931506849316,1.1065569545450447,1.0,2025-01,Q1 2025
Pringle Square,2025-01-17,1.351477476041765,0.821917808219178,1.1108034049658342,1.0,2025-01,Q1 2025
Pringle Square,2025-01-18,1.351477476041765,0.8287671232876712,1.1200601000072161,1.0,2025-01,Q1 2025
Pringle Square,2025-01-19,1.351477476041765,0.8287671232876712,1.1200601000072161,1.0,2025-01,Q1 2025
Pringle Square,2025-01-20,1.351477476041765,0.8287671232876712,1.1200601000072161,1.0,2025-01,Q1 2025
Pringle Square,2025-01-21,1.351477476041765,0.8287671232876712,1.1200601000072161,1.0,2025-01,Q1 2025
Pringle Square,2025-01-22,1.351477476041765,0.8253424657534246,1.1154317524865252,1.0,2025-01,Q1 2025
Pringle Square,2025-01-23,1.3511728326599355,0.8253424657534246,1.1151803173665906,1.0,2025-01,Q1 2025
Pringle Square,2025-01-24,1.3511728326599355,0.8287671232876712,1.1198076215880286,1.0,2025-01,Q1 2025
Pringle Square,2025-01-25,1.3474929520069925,0.8287671232876712,1.1167578574852473,1.0,2025-01,Q1 2025
Pringle Square,2025-01-26,1.348168312078227,0.8356164383561644,1.12655160324345,1.0,2025-01,Q1 2025
Pringle Square,2025-01-27,1.3455885513901655,0.839041095890411,1.129004092775995,1.0,2025-01,Q1 2025
Pringle Square,2025-01-28,1.3471062605484065,0.8356164383561644,1.1256641355267507,1.0,2025-01,Q1 2025
Pringle Square,2025-01-29,1.3471062605484065,0.845890410958904,1.139504268340604,1.0,2025-01,Q1 2025
Pringle Square,2025-01-30,1.3471062605484065,0.845890410958904,1.139504268340604,1.0,2025-01,Q1 2025
Pringle Square,2025-01-31,1.3505605150356719,0.8424657534246576,1.137800981845121,1.0,2025-01,Q1 2025
Pringle Square,2025-02-01,1.3495324943200846,0.8424657534246576,1.1369349095984276,1.0,2025-02,Q1 2025
Pringle Square,2025-02-02,1.3495324943200846,0.845890410958904,1.1415565962228111,1.0,2025-02,Q1 2025
Pringle Square,2025-02-03,1.3495324943200846,0.845890410958904,1.1415565962228111,1.0,2025-02,Q1 2025
Pringle Square,2025-02-04,1.3474547398470933,0.845890410958904,1.139799043637781,1.0,2025-02,Q1 2025
Pringle Square,2025-02-05,1.3474547398470933,0.8493150684931507,1.1444136146646546,1.0,2025-02,Q1 2025
Pringle Square,2025-02-06,1.3474547398470933,0.8493150684931507,1.1444136146646546,1.0,2025-02,Q1 2025
Pringle Square,2025-02-07,1.3474547398470933,0.8493150684931507,1.1444136146646546,1.0,2025-02,Q1 2025
Pringle Square,2025-02-08,1.3474547398470933,0.8493150684931507,1.1444136146646546,1.0,2025-02,Q1 2025
Pringle Square,2025-02-09,1.3474547398470933,0.8493150684931507,1.1444136146646546,1.0,2025-02,Q1 2025
Pringle Square,2025-02-10,1.3474547398470933,0.8424657534246576,1.1351844726109075,1.0,2025-02,Q1 2025
Pringle Square,2025-02-11,1.3473279143483337,0.8424657534246576,1.1350776264715414,1.0,2025-02,Q1 2025
Pringle Square,2025-02-12,1.3473279143483337,0.8253424657534246,1.1120069430066726,1.0,2025-02,Q1 2025
Pringle Square,2025-02-13,1.3492880098483606,0.821917808219178,1.1090038437109813,1.0,2025-02,Q1 2025
Pringle Square,2025-02-14,1.3502378302868983,0.8253424657534246,1.1144086202025427,1.0,2025-02,Q1 2025
Pringle Square,2025-02-15,1.3490641013911306,0.8321917808219178,1.1226800569796054,1.0,2025-02,Q1 2025
Pringle Square,2025-02-16,1.3490641013911306,0.839041095890411,1.1319202220576268,1.0,2025-02,Q1 2025
Pringle Square,2025-02-17,1.3466875491383485,0.839041095890411,1.1299261970510117,1.0,2025-02,Q1 2025
Pringle Square,2025-02-18,1.343173673270784,0.8424657534246576,1.1315778206322358,1.0,2025-02,Q1 2025
Pringle Square,2025-02-19,1.343173673270784,0.8493150684931507,1.1407776403121728,1.0,2025-02,Q1 2025
Pringle Square,2025-02-20,1.343173673270784,0.8493150684931507,1.1407776403121728,1.0,2025-02,Q1 2025
Pringle Square,2025-02-21,1.343173673270784,0.8493150684931507,1.1407776403121728,1.0,2025-02,Q1 2025
Pringle Square,2025-02-22,1.3434391628544065,0.8493150684931507,1.1410031246160712,1.0,2025-02,Q1 2025
Pringle Square,2025-02-23,1.3434391628544065,0.8561643835616438,1.1502047627178138,1.0,2025-02,Q1 2025
Pringle Square,2025-02-24,1.3415375848472886,0.8561643835616438,1.1485766993555553,1.0,2025-02,Q1 2025
Pringle Square,2025-02-25,1.3415375848472886,0.863013698630137,1.1577653129503997,1.0,2025-02,Q1 2025
Pringle Square,2025-02-26,1.3415375848472886,0.863013698630137,1.1577653129503997,1.0,2025-02,Q1 2025
Pringle Square,2025-02-27,1.3415375848472886,0.863013698630137,1.1577653129503997,1.0,2025-02,Q1 2025
Pringle Square,2025-02-28,1.3415375848472886,0.8561643835616438,1.1485766993555553,1.0,2025-02,Q1 2025
Pringle Square,2025-03-01,1.341193359677574,0.8527397260273972,1.143688858081219,1.0,2025-03,Q1 2025
Pringle Square,2025-03-02,1.341193359677574,0.8561643835616438,1.1482819860253202,1.0,2025-03,Q1 2025
Pringle Square,2025-03-03,1.3397005714921204,0.8561643835616438,1.1470039139487331,1.0,2025-03,Q1 2025
Pringle Square,2025-03-04,1.3396130866998628,0.8595890410958904,1.151516728635841,1.0,2025-03,Q1 2025
Pringle Square,2025-03-05,1.3396130866998628,0.863013698630137,1.156104444686183,1.0,2025-03,Q1 2025
Pringle Square,2025-03-06,1.3396130866998628,0.8595890410958904,1.151516728635841,1.0,2025-03,Q1 2025
Pringle Square,2025-03-07,1.3396130866998628,0.8595890410958904,1.151516728635841,1.0,2025-03,Q1 2025
Pringle Square,2025-03-08,1.3396130866998628,0.8595890410958904,1.151516728635841,1.0,2025-03,Q1 2025
Pringle Square,2025-03-09,1.3388105088230655,0.8595890410958904,1.15082684148832,1.0,2025-03,Q1 2025
Pringle Square,2025-03-10,1.3382610586834485,0.863013698630137,1.1549376259870856,1.0,2025-03,Q1 2025
Pringle Square,2025-03-11,1.3382610586834485,0.8493150684931507,1.1366052827174495,1.0,2025-03,Q1 2025
Pringle Square,2025-03-12,1.3382610586834485,0.8493150684931507,1.1366052827174495,1.0,2025-03,Q1 2025
Pringle Square,2025-03-13,1.3354808596316146,0.8493150684931507,1.1342440177693165,1.0,2025-03,Q1 2025
Pringle Square,2025-03-14,1.3346731796492441,0.863013698630137,1.1518412372315394,1.0,2025-03,Q1 2025
Pringle Square,2025-03-15,1.3346731796492441,0.8698630136986302,1.1609828343524247,1.0,2025-03,Q1 2025
Pringle Square,2025-03-16,1.3346731796492441,0.8698630136986302,1.1609828343524247,1.0,2025-03,Q1 2025
Pringle Square,2025-03-17,1.3346731796492441,0.8664383561643836,1.156412035791982,1.0,2025-03,Q1 2025
Pringle Square,2025-03-18,1.3380136159263107,0.8664383561643836,1.1593063179087555,1.0,2025-03,Q1 2025
Pringle Square,2025-03-19,1.3380136159263107,0.8835616438356164,1.1822175099622882,1.0,2025-03,Q1 2025
Pringle Square,2025-03-20,1.3360953387191117,0.8835616438356164,1.180522593799763,1.0,2025-03,Q1 2025
Pringle Square,2025-03-21,1.3356839000340428,0.886986301369863,1.1847333222904695,1.0,2025-03,Q1 2025
Pringle Square,2025-03-22,1.3358409948047054,0.8904109589041096,1.1894474611274775,1.0,2025-03,Q1 2025
Pringle Square,2025-03-23,1.3358409948047054,0.8938356164383562,1.1940222590548908,1.0,2025-03,Q1 2025
Pringle Square,2025-03-24,1.3358409948047054,0.8938356164383562,1.1940222590548908,1.0,2025-03,Q1 2025
Pringle Square,2025-03-25,1.3357549667160091,0.8938356164383562,1.1939453640852,1.0,2025-03,Q1 2025
Pringle Square,2025-03-26,1.3360093106304152,0.8972602739726028,1.1987480800861945,1.0,2025-03,Q1 2025
Pringle Square,2025-03-27,1.3360093106304152,0.9006849315068494,1.2033234544376685,1.0,2025-03,Q1 2025
Pringle Square,2025-03-28,1.3360093106304152,0.9006849315068494,1.2033234544376685,1.0,2025-03,Q1 2025
Pringle Square,2025-03-29,1.3360093106304152,0.8972602739726028,1.1987480800861945,1.0,2025-03,Q1 2025
Pringle Square,2025-03-30,1.3351826929085957,0.8972602739726028,1.1980063888426442,1.0,2025-03,Q1 2025
Pringle Square,2025-03-31,1.3347525524651147,0.904109589041096,1.2067625816807888,1.0,2025-03,Q1 2025
Pringle Square,2025-04-01,1.3347525524651147,0.904109589041096,1.2067625816807888,1.0,2025-04,Q2 2025
Pringle Square,2025-04-02,1.3348348402021284,0.9006849315068494,1.2022656266204101,1.0,2025-04,Q2 2025
Pringle Square,2025-04-03,1.3348348402021284,0.904109589041096,1.2068369788128832,1.0,2025-04,Q2 2025
Pringle Square,2025-04-04,1.3335317799462014,0.904109589041096,1.2056588695404014,1.0,2025-04,Q2 2025
Pringle Square,2025-04-05,1.3335317799462014,0.9075342465753424,1.2102257591977512,1.0,2025-04,Q2 2025
Pringle Square,2025-04-06,1.3335317799462014,0.9075342465753424,1.2102257591977512,1.0,2025-04,Q2 2025
Pringle Square,2025-04-07,1.3335317799462014,0.9075342465753424,1.2102257591977512,1.0,2025-04,Q2 2025
Pringle Square,2025-04-08,1.3335317799462014,0.904109589041096,1.2056588695404014,1.0,2025-04,Q2 2025
Pringle Square,2025-04-09,1.3335317799462014,0.904109589041096,1.2056588695404014,1.0,2025-04,Q2 2025
Pringle Square,2025-04-10,1.335965300539336,0.9006849315068494,1.2032838152117993,1.0,2025-04,Q2 2025
Pringle Square,2025-04-11,1.335965300539336,0.904109589041096,1.2078590388437833,1.0,2025-04,Q2 2025
Pringle Square,2025-04-12,1.335965300539336,0.904109589041096,1.2078590388437833,1.0,2025-04,Q2 2025
Pringle Square,2025-04-13,1.335965300539336,0.9006849315068494,1.2032838152117993,1.0,2025-04,Q2 2025
Pringle Square,2025-04-14,1.335965300539336,0.9006849315068494,1.2032838152117993,1.0,2025-04,Q2 2025
Pringle Square,2025-04-15,1.335965300539336,0.9006849315068494,1.2032838152117993,1.0,2025-04,Q2 2025
Pringle Square,2025-04-16,1.3344320173760829,0.8972602739726028,1.1973328375086771,1.0,2025-04,Q2 2025
Pringle Square,2025-04-17,1.3342016266049666,0.9006849315068494,1.2016953006750213,1.0,2025-04,Q2 2025
Pringle Square,2025-04-18,1.3345136245798275,0.904109589041096,1.2065465646886113,1.0,2025-04,Q2 2025
Pringle Square,2025-04-19,1.3345136245798275,0.904109589041096,1.2065465646886113,1.0,2025-04,Q2 2025
Pringle Square,2025-04-20,1.3345136245798275,0.904109589041096,1.2065465646886113,1.0,2025-04,Q2 2025
Pringle Square,2025-04-21,1.3346389716923135,0.9006849315068494,1.2020892108050631,1.0,2025-04,Q2 2025
Pringle Square,2025-04-22,1.3346389716923135,0.904109589041096,1.2066598922149685,1.0,2025-04,Q2 2025
Pringle Square,2025-04-23,1.3345615514169544,0.904109589041096,1.2065898958016301,1.0,2025-04,Q2 2025
Pringle Square,2025-04-24,1.3345615514169544,0.9075342465753424,1.2111603120736059,1.0,2025-04,Q2 2025
Pringle Square,2025-04-25,1.3344432073575245,0.9075342465753424,1.2110529107867944,1.0,2025-04,Q2 2025
Pringle Square,2025-04-26,1.3301156528759226,0.9075342465753424,1.2071255068908202,1.0,2025-04,Q2 2025
Pringle Square,2025-04-27,1.3410197395119414,0.9143835616438356,1.2262064056496176,1.0,2025-04,Q2 2025
Mosby Steele Creek,2024-02-10,1.2772795012213645,0.8786764705882353,1.1223154440878902,1.0,2024-02,Q1 2024
Mosby Steele Creek,2024-02-11,1.318366876869047,0.8933823529411765,1.1778057024969797,1.0,2024-02,Q1 2024
Mosby Steele Creek,2024-02-12,1.3548812185442658,0.14338235294117652,0.19426605707068523,1.0,2024-02,Q1 2024
Mosby Steele Creek,2024-02-13,1.3472370174685413,0.23161764705882348,0.3120438680166106,1.0,2024-02,Q1 2024
Mosby Steele Creek,2024-02-14,1.3472370174685413,0.23529411764705888,0.3169969452867157,1.0,2024-02,Q1 2024
Mosby Steele Creek,2024-02-15,1.3472370174685413,0.23529411764705888,0.3169969452867157,1.0,2024-02,Q1 2024
Mosby Steele Creek,2024-02-16,1.3507369333414436,0.23529411764705888,0.3178204549038692,1.0,2024-02,Q1 2024
Mosby Steele Creek,2024-02-17,1.3507369333414436,0.24264705882352944,0.327752344119615,1.0,2024-02,Q1 2024
Mosby Steele Creek,2024-02-18,1.3507369333414436,0.24264705882352944,0.327752344119615,1.0,2024-02,Q1 2024
Mosby Steele Creek,2024-02-19,1.3507369333414436,0.24264705882352944,0.327752344119615,1.0,2024-02,Q1 2024
Mosby Steele Creek,2024-02-20,1.3449675637936578,0.23897058823529416,0.3214076898771609,1.0,2024-02,Q1 2024
Mosby Steele Creek,2024-02-21,1.3449675637936578,0.24264705882352944,0.32635242356757876,1.0,2024-02,Q1 2024
Mosby Steele Creek,2024-02-22,1.3449675637936578,0.24264705882352944,0.32635242356757876,1.0,2024-02,Q1 2024
Mosby Steele Creek,2024-02-23,1.3449675637936578,0.24264705882352944,0.32635242356757876,1.0,2024-02,Q1 2024
Mosby Steele Creek,2024-02-24,1.3449675637936578,0.24264705882352944,0.32635242356757876,1.0,2024-02,Q1 2024
Mosby Steele Creek,2024-02-25,1.3545270408173105,0.24264705882352944,0.32867200255125917,1.0,2024-02,Q1 2024
Mosby Steele Creek,2024-02-26,1.3545270408173105,0.25,0.3386317602043276,1.0,2024-02,Q1 2024
Mosby Steele Creek,2024-02-27,1.3545270408173105,0.25,0.3386317602043276,1.0,2024-02,Q1 2024
Mosby Steele Creek,2024-02-28,1.3514180307316577,0.25,0.3378545076829144,1.0,2024-02,Q1 2024
Mosby Steele Creek,2024-02-29,1.3514180307316577,0.25735294117647056,0.347791404967706,1.0,2024-02,Q1 2024
Mosby Steele Creek,2024-03-01,1.3444903377997017,0.25735294117647056,0.34600854281609966,1.0,2024-03,Q1 2024
Mosby Steele Creek,2024-03-02,1.353564598827238,0.25735294117647056,0.34834383058053914,1.0,2024-03,Q1 2024
Mosby Steele Creek,2024-03-03,1.3424668507039308,0.2647058823529411,0.3553588722451581,1.0,2024-03,Q1 2024
Mosby Steele Creek,2024-03-04,1.3424668507039308,0.2720588235294118,0.3652299520297459,1.0,2024-03,Q1 2024
Mosby Steele Creek,2024-03-05,1.3376546405450713,0.2720588235294118,0.36392074779535033,1.0,2024-03,Q1 2024
Mosby Steele Creek,2024-03-06,1.3340304289386502,0.2757352941176471,0.3678392726852896,1.0,2024-03,Q1 2024
Mosby Steele Creek,2024-03-07,1.3376247104753953,0.27941176470588236,0.37374808086812517,1.0,2024-03,Q1 2024
Mosby Steele Creek,2024-03-08,1.3376247104753953,0.28308823529411764,0.3786658187742847,1.0,2024-03,Q1 2024
Mosby Steele Creek,2024-03-09,1.3437127704039562,0.28308823529411764,0.3803892769158258,1.0,2024-03,Q1 2024
Mosby Steele Creek,2024-03-10,1.3437127704039562,0.2867647058823529,0.3853293973952521,1.0,2024-03,Q1 2024
Mosby Steele Creek,2024-03-11,1.3363498533945761,0.2867647058823529,0.38321797266462104,1.0,2024-03,Q1 2024
Mosby Steele Creek,2024-03-12,1.3407211450297953,0.2904411764705882,0.38940062668144787,1.0,2024-03,Q1 2024
Mosby Steele Creek,2024-03-13,1.3473722906998624,0.2941176470588235,0.39628596785290066,1.0,2024-03,Q1 2024
Mosby Steele Creek,2024-03-14,1.3413744558059861,0.30147058823529416,0.4043849462356282,1.0,2024-03,Q1 2024
Mosby Steele Creek,2024-03-15,1.3413744558059861,0.2977941176470589,0.39945342250104743,1.0,2024-03,Q1 2024
Mosby Steele Creek,2024-03-16,1.339926197850788,0.2977941176470589,0.3990221398011538,1.0,2024-03,Q1 2024
Mosby Steele Creek,2024-03-17,1.339926197850788,0.30514705882352944,0.4088745383147625,1.0,2024-03,Q1 2024
Mosby Steele Creek,2024-03-18,1.3456770895318575,0.30514705882352944,0.4106294059968536,1.0,2024-03,Q1 2024
Mosby Steele Creek,2024-03-19,1.342727907659325,0.3125,0.4196024711435391,1.0,2024-03,Q1 2024
Mosby Steele Creek,2024-03-20,1.3250844618869195,0.3161764705882353,0.4189605283907172,1.0,2024-03,Q1 2024
Mosby Steele Creek,2024-03-21,1.3218854683385282,0.3272058823529411,0.43252870103723895,1.0,2024-03,Q1 2024
Mosby Steele Creek,2024-03-22,1.3111252543604828,0.3308823529411765,0.4338282091633951,1.0,2024-03,Q1 2024
Mosby Steele Creek,2024-03-23,1.3111252543604828,0.3382352941176471,0.44346883603369275,1.0,2024-03,Q1 2024
Mosby Steele Creek,2024-03-24,1.3111252543604828,0.3382352941176471,0.44346883603369275,1.0,2024-03,Q1 2024
Mosby Steele Creek,2024-03-25,1.3111252543604828,0.3382352941176471,0.44346883603369275,1.0,2024-03,Q1 2024
Mosby Steele Creek,2024-03-26,1.3068931976418108,0.3382352941176471,0.44203740508473016,1.0,2024-03,Q1 2024
Mosby Steele Creek,2024-03-27,1.3007288018556866,0.34558823529411764,0.44951657122953875,1.0,2024-03,Q1 2024
Mosby Steele Creek,2024-03-28,1.3007288018556866,0.3529411764705882,0.45908075359612466,1.0,2024-03,Q1 2024
Mosby Steele Creek,2024-03-29,1.3050131870813653,0.3529411764705882,0.4605928895581289,1.0,2024-03,Q1 2024
Mosby Steele Creek,2024-03-30,1.3072222865909222,0.3566176470588235,0.4661785360269097,1.0,2024-03,Q1 2024
Mosby Steele Creek,2024-03-31,1.311417047002266,0.3602941176470589,0.47249584781699294,1.0,2024-03,Q1 2024
Mosby Steele Creek,2024-04-01,1.3079932966500432,0.36397058823529416,0.4760710895895378,1.0,2024-04,Q2 2024
Mosby Steele Creek,2024-04-02,1.3046276479538967,0.36764705882352944,0.4796425176301091,1.0,2024-04,Q2 2024
Mosby Steele Creek,2024-04-03,1.3046276479538967,0.3713235294117647,0.4844389428064102,1.0,2024-04,Q2 2024
Mosby Steele Creek,2024-04-04,1.30089867365108,0.3713235294117647,0.4830542869072025,1.0,2024-04,Q2 2024
Mosby Steele Creek,2024-04-05,1.30089867365108,0.375,0.48783700261915497,1.0,2024-04,Q2 2024
Mosby Steele Creek,2024-04-06,1.3059087826157592,0.375,0.48971579348090966,1.0,2024-04,Q2 2024
Mosby Steele Creek,2024-04-07,1.3059087826157592,0.38235294117647056,0.49931806394131967,1.0,2024-04,Q2 2024
Mosby Steele Creek,2024-04-08,1.309584636431483,0.38235294117647056,0.5007235374590964,1.0,2024-04,Q2 2024
Mosby Steele Creek,2024-04-09,1.3132137262428902,0.38602941176470584,0.5069391222628804,1.0,2024-04,Q2 2024
Mosby Steele Creek,2024-04-10,1.3195619246133208,0.3897058823529411,0.5142410441507793,1.0,2024-04,Q2 2024
Mosby Steele Creek,2024-04-11,1.3195619246133208,0.3970588235294118,0.5239437053611715,1.0,2024-04,Q2 2024
Mosby Steele Creek,2024-04-12,1.3195619246133208,0.3970588235294118,0.5239437053611715,1.0,2024-04,Q2 2024
Mosby Steele Creek,2024-04-13,1.3231029469302678,0.3970588235294118,0.5253496995164298,1.0,2024-04,Q2 2024
Mosby Steele Creek,2024-04-14,1.3226058936867389,0.4007352941176471,0.5300148618082887,1.0,2024-04,Q2 2024
Mosby Steele Creek,2024-04-15,1.322121724451305,0.40808823529411764,0.5395423213753487,1.0,2024-04,Q2 2024
Mosby Steele Creek,2024-04-16,1.322121724451305,0.4154411764705882,0.549263804643373,1.0,2024-04,Q2 2024
Mosby Steele Creek,2024-04-17,1.325829922254943,0.4154411764705882,0.550804342701502,1.0,2024-04,Q2 2024
Mosby Steele Creek,2024-04-18,1.325829922254943,0.4191176470588235,0.5556787174156745,1.0,2024-04,Q2 2024
Mosby Steele Creek,2024-04-19,1.325829922254943,0.4191176470588235,0.5556787174156745,1.0,2024-04,Q2 2024
Mosby Steele Creek,2024-04-20,1.3228588784250772,0.4191176470588235,0.5544335005163926,1.0,2024-04,Q2 2024
Mosby Steele Creek,2024-04-21,1.322759231489178,0.4227941176470589,0.5592548221369688,1.0,2024-04,Q2 2024
Mosby Steele Creek,2024-04-22,1.3175764186438306,0.43014705882352944,0.566751621254883,1.0,2024-04,Q2 2024
Mosby Steele Creek,2024-04-23,1.3175764186438306,0.4411764705882353,0.5812837141075723,1.0,2024-04,Q2 2024
Mosby Steele Creek,2024-04-24,1.3207738572562717,0.4411764705882353,0.5826943487895316,1.0,2024-04,Q2 2024
Mosby Steele Creek,2024-04-25,1.3207738572562717,0.4522058823529411,0.5972617075092699,1.0,2024-04,Q2 2024
Mosby Steele Creek,2024-04-26,1.3179801709393446,0.4522058823529411,0.5959983861233065,1.0,2024-04,Q2 2024
Mosby Steele Creek,2024-04-27,1.3179801709393446,0.4558823529411765,0.6008439014576424,1.0,2024-04,Q2 2024
Mosby Steele Creek,2024-04-28,1.3179801709393446,0.4558823529411765,0.6008439014576424,1.0,2024-04,Q2 2024
Mosby Steele Creek,2024-04-29,1.3179801709393446,0.4558823529411765,0.6008439014576424,1.0,2024-04,Q2 2024
Mosby Steele Creek,2024-04-30,1.3240559646966812,0.4558823529411765,0.6036137486117223,1.0,2024-04,Q2 2024
Mosby Steele Creek,2024-05-01,1.3277248010870486,0.4632352941176471,0.6150489887388534,1.0,2024-05,Q2 2024
Mosby Steele Creek,2024-05-02,1.3306547164872387,0.46691176470588236,0.6212983418892621,1.0,2024-05,Q2 2024
Mosby Steele Creek,2024-05-03,1.3306547164872387,0.47058823529411764,0.6261904548175241,1.0,2024-05,Q2 2024
Mosby Steele Creek,2024-05-04,1.3306547164872387,0.47058823529411764,0.6261904548175241,1.0,2024-05,Q2 2024
Mosby Steele Creek,2024-05-05,1.3285408786990802,0.47058823529411764,0.6251957076230966,1.0,2024-05,Q2 2024
Mosby Steele Creek,2024-05-06,1.3314280043163327,0.4742647058823529,0.6314493108706136,1.0,2024-05,Q2 2024
Mosby Steele Creek,2024-05-07,1.3314280043163327,0.4779411764705882,0.6363442667688354,1.0,2024-05,Q2 2024
Mosby Steele Creek,2024-05-08,1.335701745121685,0.4779411764705882,0.6383868634772759,1.0,2024-05,Q2 2024
Mosby Steele Creek,2024-05-09,1.335701745121685,0.4816176470588235,0.6432975316578703,1.0,2024-05,Q2 2024
Mosby Steele Creek,2024-05-10,1.335701745121685,0.4816176470588235,0.6432975316578703,1.0,2024-05,Q2 2024
Mosby Steele Creek,2024-05-11,1.335701745121685,0.4816176470588235,0.6432975316578703,1.0,2024-05,Q2 2024
Mosby Steele Creek,2024-05-12,1.333370599136194,0.4816176470588235,0.6421748106133874,1.0,2024-05,Q2 2024
Mosby Steele Creek,2024-05-13,1.3344010892233655,0.4852941176470589,0.6475769991819275,1.0,2024-05,Q2 2024
Mosby Steele Creek,2024-05-14,1.3386753526127428,0.49264705882352944,0.6594944751842189,1.0,2024-05,Q2 2024
Mosby Steele Creek,2024-05-15,1.3365437297358533,0.4963235294117647,0.6633581011556625,1.0,2024-05,Q2 2024
Mosby Steele Creek,2024-05-16,1.3365437297358533,0.5073529411764706,0.678099392292455,1.0,2024-05,Q2 2024
Mosby Steele Creek,2024-05-17,1.3329772520409333,0.5073529411764706,0.676289929344297,1.0,2024-05,Q2 2024
Mosby Steele Creek,2024-05-18,1.330798187916007,0.5147058823529411,0.6849696555450034,1.0,2024-05,Q2 2024
Mosby Steele Creek,2024-05-19,1.330798187916007,0.5183823529411764,0.6898622959417535,1.0,2024-05,Q2 2024
Mosby Steele Creek,2024-05-20,1.330798187916007,0.5183823529411764,0.6898622959417535,1.0,2024-05,Q2 2024
Mosby Steele Creek,2024-05-21,1.330798187916007,0.5183823529411764,0.6898622959417535,1.0,2024-05,Q2 2024
Mosby Steele Creek,2024-05-22,1.3353963376605607,0.5183823529411764,0.6922458956255111,1.0,2024-05,Q2 2024
Mosby Steele Creek,2024-05-23,1.3353963376605607,0.5330882352941176,0.7118840770616959,1.0,2024-05,Q2 2024
Mosby Steele Creek,2024-05-24,1.3334696527313668,0.5330882352941176,0.7108569839928242,1.0,2024-05,Q2 2024
Mosby Steele Creek,2024-05-25,1.3315671441208683,0.5367647058823529,0.7147382464766425,1.0,2024-05,Q2 2024
Mosby Steele Creek,2024-05-26,1.3288108641428076,0.5404411764705883,0.718144106724238,1.0,2024-05,Q2 2024
Mosby Steele Creek,2024-05-27,1.3288108641428076,0.5441176470588236,0.7230294407835866,1.0,2024-05,Q2 2024
Mosby Steele Creek,2024-05-28,1.3288108641428076,0.5441176470588236,0.7230294407835866,1.0,2024-05,Q2 2024
Mosby Steele Creek,2024-05-29,1.3288108641428076,0.5441176470588236,0.7230294407835866,1.0,2024-05,Q2 2024
Mosby Steele Creek,2024-05-30,1.3288108641428076,0.5441176470588236,0.7230294407835866,1.0,2024-05,Q2 2024
Mosby Steele Creek,2024-05-31,1.3288108641428076,0.5441176470588236,0.7230294407835866,1.0,2024-05,Q2 2024
Mosby Steele Creek,2024-06-01,1.3313180132144353,0.5441176470588236,0.7243936248372663,1.0,2024-06,Q2 2024
Mosby Steele Creek,2024-06-02,1.3313180132144353,0.5514705882352942,0.7341827278756078,1.0,2024-06,Q2 2024
Mosby Steele Creek,2024-06-03,1.3313180132144353,0.5514705882352942,0.7341827278756078,1.0,2024-06,Q2 2024
Mosby Steele Creek,2024-06-04,1.3323813310733585,0.5514705882352942,0.7347691164007493,1.0,2024-06,Q2 2024
Mosby Steele Creek,2024-06-05,1.3323813310733585,0.5588235294117647,0.7445660379527592,1.0,2024-06,Q2 2024
Mosby Steele Creek,2024-06-06,1.3292393896039052,0.5588235294117647,0.742810247131594,1.0,2024-06,Q2 2024
Mosby Steele Creek,2024-06-07,1.3292393896039052,0.5625,0.7476971566521967,1.0,2024-06,Q2 2024
Mosby Steele Creek,2024-06-08,1.3292393896039052,0.5625,0.7476971566521967,1.0,2024-06,Q2 2024
Mosby Steele Creek,2024-06-09,1.3336120396120408,0.5625,0.7501567722817729,1.0,2024-06,Q2 2024
Mosby Steele Creek,2024-06-10,1.3336120396120408,0.5661764705882353,0.7550597577215231,1.0,2024-06,Q2 2024
Mosby Steele Creek,2024-06-11,1.3336120396120408,0.5661764705882353,0.7550597577215231,1.0,2024-06,Q2 2024
Mosby Steele Creek,2024-06-12,1.3336120396120408,0.5661764705882353,0.7550597577215231,1.0,2024-06,Q2 2024
Mosby Steele Creek,2024-06-13,1.3317011674704395,0.5661764705882353,0.7539778668766459,1.0,2024-06,Q2 2024
Mosby Steele Creek,2024-06-14,1.3317011674704395,0.5698529411764706,0.7588738270511696,1.0,2024-06,Q2 2024
Mosby Steele Creek,2024-06-15,1.3317011674704395,0.5698529411764706,0.7588738270511696,1.0,2024-06,Q2 2024
Mosby Steele Creek,2024-06-16,1.335204794681999,0.5698529411764706,0.7608703793224626,1.0,2024-06,Q2 2024
Mosby Steele Creek,2024-06-17,1.3326897522408316,0.5735294117647058,0.7643367696675357,1.0,2024-06,Q2 2024
Mosby Steele Creek,2024-06-18,1.3326897522408316,0.5772058823529411,0.7692363643448917,1.0,2024-06,Q2 2024
Mosby Steele Creek,2024-06-19,1.3302043801567824,0.5772058823529411,0.7678017929581428,1.0,2024-06,Q2 2024
Mosby Steele Creek,2024-06-20,1.3277481564697664,0.5808823529411764,0.7712654732434672,1.0,2024-06,Q2 2024
Mosby Steele Creek,2024-06-21,1.3275324656040017,0.5845588235294117,0.7760208162905744,1.0,2024-06,Q2 2024
Mosby Steele Creek,2024-06-22,1.3275324656040017,0.5992647058823529,0.7955433525494569,1.0,2024-06,Q2 2024
Mosby Steele Creek,2024-06-23,1.3275324656040017,0.5992647058823529,0.7955433525494569,1.0,2024-06,Q2 2024
Mosby Steele Creek,2024-06-24,1.3275324656040017,0.5992647058823529,0.7955433525494569,1.0,2024-06,Q2 2024
Mosby Steele Creek,2024-06-25,1.3275324656040017,0.5992647058823529,0.7955433525494569,1.0,2024-06,Q2 2024
Mosby Steele Creek,2024-06-26,1.3255713676327654,0.5992647058823529,0.7943681357505175,1.0,2024-06,Q2 2024
Mosby Steele Creek,2024-06-27,1.3255713676327654,0.6029411764705883,0.7992415598962263,1.0,2024-06,Q2 2024
Mosby Steele Creek,2024-06-28,1.3229184344939429,0.6029411764705883,0.7976419972684068,1.0,2024-06,Q2 2024
Mosby Steele Creek,2024-06-29,1.3229184344939429,0.6029411764705883,0.7976419972684068,1.0,2024-06,Q2 2024
Mosby Steele Creek,2024-06-30,1.3229184344939429,0.6029411764705883,0.7976419972684068,1.0,2024-06,Q2 2024
Mosby Steele Creek,2024-07-01,1.3229184344939429,0.6029411764705883,0.7976419972684068,1.0,2024-07,Q3 2024
Mosby Steele Creek,2024-07-02,1.3229184344939429,0.6029411764705883,0.7976419972684068,1.0,2024-07,Q3 2024
Mosby Steele Creek,2024-07-03,1.3229184344939429,0.6029411764705883,0.7976419972684068,1.0,2024-07,Q3 2024
Mosby Steele Creek,2024-07-04,1.3224763287670906,0.6029411764705883,0.7973754335213342,1.0,2024-07,Q3 2024
Mosby Steele Creek,2024-07-05,1.3224763287670906,0.6102941176470589,0.8070995241740333,1.0,2024-07,Q3 2024
Mosby Steele Creek,2024-07-06,1.3224763287670906,0.6102941176470589,0.8070995241740333,1.0,2024-07,Q3 2024
Mosby Steele Creek,2024-07-07,1.3224763287670906,0.6102941176470589,0.8070995241740333,1.0,2024-07,Q3 2024
Mosby Steele Creek,2024-07-08,1.3224763287670906,0.6102941176470589,0.8070995241740333,1.0,2024-07,Q3 2024
Mosby Steele Creek,2024-07-09,1.3224763287670906,0.6102941176470589,0.8070995241740333,1.0,2024-07,Q3 2024
Mosby Steele Creek,2024-07-10,1.3198818877573555,0.6102941176470589,0.8055161520872096,1.0,2024-07,Q3 2024
Mosby Steele Creek,2024-07-11,1.3210343793399777,0.6102941176470589,0.8062195109207217,1.0,2024-07,Q3 2024
Mosby Steele Creek,2024-07-12,1.3154328427298323,0.6139705882352942,0.8076370762348604,1.0,2024-07,Q3 2024
Mosby Steele Creek,2024-07-13,1.3154328427298323,0.6286764705882353,0.8269816768632401,1.0,2024-07,Q3 2024
Mosby Steele Creek,2024-07-14,1.3154328427298323,0.6286764705882353,0.8269816768632401,1.0,2024-07,Q3 2024
Mosby Steele Creek,2024-07-15,1.3170587569978705,0.6286764705882353,0.8280038509067494,1.0,2024-07,Q3 2024
Mosby Steele Creek,2024-07-16,1.3186710178780632,0.6323529411764706,0.8338654965993635,1.0,2024-07,Q3 2024
Mosby Steele Creek,2024-07-17,1.321340222622152,0.6360294117647058,0.8404112445354128,1.0,2024-07,Q3 2024
Mosby Steele Creek,2024-07-18,1.321340222622152,0.6433823529411764,0.850126981466458,1.0,2024-07,Q3 2024
Mosby Steele Creek,2024-07-19,1.3180112688893024,0.6433823529411764,0.8479851913809849,1.0,2024-07,Q3 2024
Mosby Steele Creek,2024-07-20,1.3180112688893024,0.6544117647058824,0.8625220803760876,1.0,2024-07,Q3 2024
Mosby Steele Creek,2024-07-21,1.3180112688893024,0.6544117647058824,0.8625220803760876,1.0,2024-07,Q3 2024
Mosby Steele Creek,2024-07-22,1.3180112688893024,0.6544117647058824,0.8625220803760876,1.0,2024-07,Q3 2024
Mosby Steele Creek,2024-07-23,1.3171643812107106,0.6544117647058824,0.8619678671158326,1.0,2024-07,Q3 2024
Mosby Steele Creek,2024-07-24,1.3162981081630587,0.6617647058823529,0.8710796304020241,1.0,2024-07,Q3 2024
Mosby Steele Creek,2024-07-25,1.3162981081630587,0.6691176470588236,0.8807582929620467,1.0,2024-07,Q3 2024
Mosby Steele Creek,2024-07-26,1.3162981081630587,0.6691176470588236,0.8807582929620467,1.0,2024-07,Q3 2024
Mosby Steele Creek,2024-07-27,1.3173817822408964,0.6691176470588236,0.8814833984111882,1.0,2024-07,Q3 2024
Mosby Steele Creek,2024-07-28,1.3150274519832956,0.6727941176470589,0.8847427342387615,1.0,2024-07,Q3 2024
Mosby Steele Creek,2024-07-29,1.3150274519832956,0.6764705882352942,0.8895773939887001,1.0,2024-07,Q3 2024
Mosby Steele Creek,2024-07-30,1.3096109622359633,0.6764705882352942,0.8859132979831517,1.0,2024-07,Q3 2024
Mosby Steele Creek,2024-07-31,1.3076614177993509,0.6838235294117647,0.8942096459951443,1.0,2024-07,Q3 2024
Mosby Steele Creek,2024-08-01,1.3024174297479831,0.6838235294117647,0.890623683577665,1.0,2024-08,Q3 2024
Mosby Steele Creek,2024-08-02,1.3039993447830363,0.6911764705882353,0.9012936647765103,1.0,2024-08,Q3 2024
Mosby Steele Creek,2024-08-03,1.3039993447830363,0.6948529411764706,0.9060877800146833,1.0,2024-08,Q3 2024
Mosby Steele Creek,2024-08-04,1.3039993447830363,0.6948529411764706,0.9060877800146833,1.0,2024-08,Q3 2024
Mosby Steele Creek,2024-08-05,1.3039993447830363,0.6948529411764706,0.9060877800146833,1.0,2024-08,Q3 2024
Mosby Steele Creek,2024-08-06,1.3017966142644741,0.6948529411764706,0.9045572062352412,1.0,2024-08,Q3 2024
Mosby Steele Creek,2024-08-07,1.3033206178924672,0.6948529411764706,0.9056161646385158,1.0,2024-08,Q3 2024
Mosby Steele Creek,2024-08-08,1.3014838492084357,0.7095588235294117,0.9234793488868679,1.0,2024-08,Q3 2024
Mosby Steele Creek,2024-08-09,1.3014838492084357,0.7132352941176471,0.9282642159795461,1.0,2024-08,Q3 2024
Mosby Steele Creek,2024-08-10,1.3014838492084357,0.7132352941176471,0.9282642159795461,1.0,2024-08,Q3 2024
Mosby Steele Creek,2024-08-11,1.3014838492084357,0.7132352941176471,0.9282642159795461,1.0,2024-08,Q3 2024
Mosby Steele Creek,2024-08-12,1.29939236048882,0.7132352941176471,0.9267724924074673,1.0,2024-08,Q3 2024
Mosby Steele Creek,2024-08-13,1.29939236048882,0.7169117647058824,0.931549670203382,1.0,2024-08,Q3 2024
Mosby Steele Creek,2024-08-14,1.2973208889774723,0.7169117647058824,0.9300646079066438,1.0,2024-08,Q3 2024
Mosby Steele Creek,2024-08-15,1.2952691486721546,0.7169117647058824,0.9285936911436402,1.0,2024-08,Q3 2024
Mosby Steele Creek,2024-08-16,1.2952691486721546,0.7205882352941176,0.933355710072582,1.0,2024-08,Q3 2024
Mosby Steele Creek,2024-08-17,1.2894107588085661,0.7205882352941176,0.9291342232591139,1.0,2024-08,Q3 2024
Mosby Steele Creek,2024-08-18,1.2894107588085661,0.7316176470588236,0.9433556654518555,1.0,2024-08,Q3 2024
Mosby Steele Creek,2024-08-19,1.2909477074177778,0.7316176470588236,0.9444801241769772,1.0,2024-08,Q3 2024
Mosby Steele Creek,2024-08-20,1.2852512173613633,0.7316176470588236,0.9403124715254092,1.0,2024-08,Q3 2024
Mosby Steele Creek,2024-08-21,1.283659810846252,0.7426470588235294,0.9533061830549372,1.0,2024-08,Q3 2024
Mosby Steele Creek,2024-08-22,1.283659810846252,0.7463235294117647,0.9580255205948132,1.0,2024-08,Q3 2024
Mosby Steele Creek,2024-08-23,1.286108710950219,0.7426470588235294,0.9551248515145009,1.0,2024-08,Q3 2024
Mosby Steele Creek,2024-08-24,1.286108710950219,0.7463235294117647,0.9598531923635826,1.0,2024-08,Q3 2024
Mosby Steele Creek,2024-08-25,1.286108710950219,0.7463235294117647,0.9598531923635826,1.0,2024-08,Q3 2024
Mosby Steele Creek,2024-08-26,1.284789999248371,0.7463235294117647,0.9588690067919827,1.0,2024-08,Q3 2024
Mosby Steele Creek,2024-08-27,1.286943578298652,0.7463235294117647,0.9604762735096558,1.0,2024-08,Q3 2024
Mosby Steele Creek,2024-08-28,1.286943578298652,0.75,0.965207683723989,1.0,2024-08,Q3 2024
Mosby Steele Creek,2024-08-29,1.2888065853943922,0.75,0.9666049390457941,1.0,2024-08,Q3 2024
Mosby Steele Creek,2024-08-30,1.2888065853943922,0.7536764705882353,0.9713431985509206,1.0,2024-08,Q3 2024
Mosby Steele Creek,2024-08-31,1.2888065853943922,0.75,0.9666049390457941,1.0,2024-08,Q3 2024
Mosby Steele Creek,2024-09-01,1.2888065853943922,0.75,0.9666049390457941,1.0,2024-09,Q3 2024
Mosby Steele Creek,2024-09-02,1.2888065853943922,0.75,0.9666049390457941,1.0,2024-09,Q3 2024
Mosby Steele Creek,2024-09-03,1.2888065853943922,0.75,0.9666049390457941,1.0,2024-09,Q3 2024
Mosby Steele Creek,2024-09-04,1.2888065853943922,0.75,0.9666049390457941,1.0,2024-09,Q3 2024
Mosby Steele Creek,2024-09-05,1.2861952340639813,0.75,0.964646425547986,1.0,2024-09,Q3 2024
Mosby Steele Creek,2024-09-06,1.2861952340639813,0.7536764705882353,0.9693750844967506,1.0,2024-09,Q3 2024
Mosby Steele Creek,2024-09-07,1.2861952340639813,0.7536764705882353,0.9693750844967506,1.0,2024-09,Q3 2024
Mosby Steele Creek,2024-09-08,1.2845172888915137,0.7463235294117647,0.9586654766359459,1.0,2024-09,Q3 2024
Mosby Steele Creek,2024-09-09,1.2845172888915137,0.75,0.9633879666686354,1.0,2024-09,Q3 2024
Mosby Steele Creek,2024-09-10,1.2829763560740666,0.75,0.9622322670555499,1.0,2024-09,Q3 2024
Mosby Steele Creek,2024-09-11,1.2829763560740666,0.7536764705882353,0.9669490918940575,1.0,2024-09,Q3 2024
Mosby Steele Creek,2024-09-12,1.280436102545069,0.7536764705882353,0.9650345625799234,1.0,2024-09,Q3 2024
Mosby Steele Creek,2024-09-13,1.280436102545069,0.7573529411764706,0.9697420482510449,1.0,2024-09,Q3 2024
Mosby Steele Creek,2024-09-14,1.280436102545069,0.7573529411764706,0.9697420482510449,1.0,2024-09,Q3 2024
Mosby Steele Creek,2024-09-15,1.280436102545069,0.7573529411764706,0.9697420482510449,1.0,2024-09,Q3 2024
Mosby Steele Creek,2024-09-16,1.280436102545069,0.7573529411764706,0.9697420482510449,1.0,2024-09,Q3 2024
Mosby Steele Creek,2024-09-17,1.280436102545069,0.7573529411764706,0.9697420482510449,1.0,2024-09,Q3 2024
Mosby Steele Creek,2024-09-18,1.280436102545069,0.7573529411764706,0.9697420482510449,1.0,2024-09,Q3 2024
Mosby Steele Creek,2024-09-19,1.280436102545069,0.7573529411764706,0.9697420482510449,1.0,2024-09,Q3 2024
Mosby Steele Creek,2024-09-20,1.2753325416945565,0.7573529411764706,0.9658768514304361,1.0,2024-09,Q3 2024
Mosby Steele Creek,2024-09-21,1.272708809225911,0.7647058823529411,0.9732479129374612,1.0,2024-09,Q3 2024
Mosby Steele Creek,2024-09-22,1.2745398107621733,0.7720588235294118,0.9840197068384426,1.0,2024-09,Q3 2024
Mosby Steele Creek,2024-09-23,1.2745398107621733,0.7757352941176471,0.9887055149662447,1.0,2024-09,Q3 2024
Mosby Steele Creek,2024-09-24,1.2763087146953178,0.7757352941176471,0.9900777161790885,1.0,2024-09,Q3 2024
Mosby Steele Creek,2024-09-25,1.2763087146953178,0.7794117647058824,0.9947700276301742,1.0,2024-09,Q3 2024
Mosby Steele Creek,2024-09-26,1.2763087146953178,0.7794117647058824,0.9947700276301742,1.0,2024-09,Q3 2024
Mosby Steele Creek,2024-09-27,1.2763087146953178,0.7794117647058824,0.9947700276301742,1.0,2024-09,Q3 2024
Mosby Steele Creek,2024-09-28,1.2738862355593117,0.7794117647058824,0.9928819188918164,1.0,2024-09,Q3 2024
Mosby Steele Creek,2024-09-29,1.2738862355593117,0.7830882352941176,0.9975653241696081,1.0,2024-09,Q3 2024
Mosby Steele Creek,2024-09-30,1.2738862355593117,0.7830882352941176,0.9975653241696081,1.0,2024-09,Q3 2024
Mosby Steele Creek,2024-10-01,1.2738862355593117,0.7830882352941176,0.9975653241696081,1.0,2024-10,Q4 2024
Mosby Steele Creek,2024-10-02,1.272406860037272,0.7830882352941176,0.9964068426027166,1.0,2024-10,Q4 2024
Mosby Steele Creek,2024-10-03,1.272406860037272,0.7830882352941176,0.9964068426027166,1.0,2024-10,Q4 2024
Mosby Steele Creek,2024-10-04,1.272406860037272,0.7794117647058824,0.9917288762055209,1.0,2024-10,Q4 2024
Mosby Steele Creek,2024-10-05,1.2724022178619983,0.7757352941176471,0.9870473087091237,1.0,2024-10,Q4 2024
Mosby Steele Creek,2024-10-06,1.2724022178619983,0.7794117647058824,0.9917252580394986,1.0,2024-10,Q4 2024
Mosby Steele Creek,2024-10-07,1.2724022178619983,0.7794117647058824,0.9917252580394986,1.0,2024-10,Q4 2024
Mosby Steele Creek,2024-10-08,1.2709354456880202,0.7757352941176471,0.9859094817653392,1.0,2024-10,Q4 2024
Mosby Steele Creek,2024-10-09,1.272531700841257,0.7794117647058824,0.9918261785968622,1.0,2024-10,Q4 2024
Mosby Steele Creek,2024-10-10,1.2712132384713233,0.7830882352941176,0.9954721315970289,1.0,2024-10,Q4 2024
Mosby Steele Creek,2024-10-11,1.2712132384713233,0.7904411764705882,1.0048192877622593,1.0,2024-10,Q4 2024
Mosby Steele Creek,2024-10-12,1.2712132384713233,0.7904411764705882,1.0048192877622593,1.0,2024-10,Q4 2024
Mosby Steele Creek,2024-10-13,1.2712132384713233,0.7904411764705882,1.0048192877622593,1.0,2024-10,Q4 2024
Mosby Steele Creek,2024-10-14,1.2712132384713233,0.7904411764705882,1.0048192877622593,1.0,2024-10,Q4 2024
Mosby Steele Creek,2024-10-15,1.2725911311355316,0.7904411764705882,1.0059084308608062,1.0,2024-10,Q4 2024
Mosby Steele Creek,2024-10-16,1.2739592680087388,0.7941176470588236,1.011673536359881,1.0,2024-10,Q4 2024
Mosby Steele Creek,2024-10-17,1.2739592680087388,0.7977941176470589,1.0163572101393248,1.0,2024-10,Q4 2024
Mosby Steele Creek,2024-10-18,1.2739592680087388,0.7977941176470589,1.0163572101393248,1.0,2024-10,Q4 2024
Mosby Steele Creek,2024-10-19,1.2739592680087388,0.7977941176470589,1.0163572101393248,1.0,2024-10,Q4 2024
Mosby Steele Creek,2024-10-20,1.2739592680087388,0.7977941176470589,1.0163572101393248,1.0,2024-10,Q4 2024
Mosby Steele Creek,2024-10-21,1.2739592680087388,0.7977941176470589,1.0163572101393248,1.0,2024-10,Q4 2024
Mosby Steele Creek,2024-10-22,1.2739592680087388,0.7941176470588236,1.011673536359881,1.0,2024-10,Q4 2024
Mosby Steele Creek,2024-10-23,1.2713857677891012,0.7904411764705882,1.0049556620391793,1.0,2024-10,Q4 2024
Mosby Steele Creek,2024-10-24,1.2713857677891012,0.7977941176470589,1.0143040868023345,1.0,2024-10,Q4 2024
Mosby Steele Creek,2024-10-25,1.2713857677891012,0.7977941176470589,1.0143040868023345,1.0,2024-10,Q4 2024
Mosby Steele Creek,2024-10-26,1.2713857677891012,0.7977941176470589,1.0143040868023345,1.0,2024-10,Q4 2024
Mosby Steele Creek,2024-10-27,1.2713857677891012,0.7977941176470589,1.0143040868023345,1.0,2024-10,Q4 2024
Mosby Steele Creek,2024-10-28,1.2713857677891012,0.7867647058823529,1.0002814496576016,1.0,2024-10,Q4 2024
Mosby Steele Creek,2024-10-29,1.2700061766180695,0.7867647058823529,0.999196036015687,1.0,2024-10,Q4 2024
Mosby Steele Creek,2024-10-30,1.2700061766180695,0.7830882352941176,0.9945268956604735,1.0,2024-10,Q4 2024
Mosby Steele Creek,2024-10-31,1.271983202266629,0.7794117647058824,0.9913986723548727,1.0,2024-10,Q4 2024
Mosby Steele Creek,2024-11-01,1.2710501439559432,0.7867647058823529,1.00001739267122,1.0,2024-11,Q4 2024
Mosby Steele Creek,2024-11-02,1.2710501439559432,0.7941176470588236,1.0093633496120726,1.0,2024-11,Q4 2024
Mosby Steele Creek,2024-11-03,1.2696937230974064,0.7941176470588236,1.0082861918714698,1.0,2024-11,Q4 2024
Mosby Steele Creek,2024-11-04,1.2696937230974064,0.7977941176470589,1.0129541835005045,1.0,2024-11,Q4 2024
Mosby Steele Creek,2024-11-05,1.2696937230974064,0.7941176470588236,1.0082861918714698,1.0,2024-11,Q4 2024
Mosby Steele Creek,2024-11-06,1.2696937230974064,0.7941176470588236,1.0082861918714698,1.0,2024-11,Q4 2024
Mosby Steele Creek,2024-11-07,1.2696937230974064,0.7941176470588236,1.0082861918714698,1.0,2024-11,Q4 2024
Mosby Steele Creek,2024-11-08,1.2696937230974064,0.7904411764705882,1.0036182002424352,1.0,2024-11,Q4 2024
Mosby Steele Creek,2024-11-09,1.2696937230974064,0.7904411764705882,1.0036182002424352,1.0,2024-11,Q4 2024
Mosby Steele Creek,2024-11-10,1.2696937230974064,0.7904411764705882,1.0036182002424352,1.0,2024-11,Q4 2024
Mosby Steele Creek,2024-11-11,1.2696937230974064,0.7904411764705882,1.0036182002424352,1.0,2024-11,Q4 2024
Mosby Steele Creek,2024-11-12,1.2696937230974064,0.7904411764705882,1.0036182002424352,1.0,2024-11,Q4 2024
Mosby Steele Creek,2024-11-13,1.2706624551703294,0.7867647058823529,0.9997123728178327,1.0,2024-11,Q4 2024
Mosby Steele Creek,2024-11-14,1.2679935120392098,0.7977941176470589,1.0115977651195167,1.0,2024-11,Q4 2024
Mosby Steele Creek,2024-11-15,1.2679935120392098,0.8051470588235294,1.0209212468256874,1.0,2024-11,Q4 2024
Mosby Steele Creek,2024-11-16,1.2679935120392098,0.8051470588235294,1.0209212468256874,1.0,2024-11,Q4 2024
Mosby Steele Creek,2024-11-17,1.2679935120392098,0.8051470588235294,1.0209212468256874,1.0,2024-11,Q4 2024
Mosby Steele Creek,2024-11-18,1.2679935120392098,0.8014705882352942,1.016259505972602,1.0,2024-11,Q4 2024
Mosby Steele Creek,2024-11-19,1.266574488439368,0.8014705882352942,1.015122200293317,1.0,2024-11,Q4 2024
Mosby Steele Creek,2024-11-20,1.266574488439368,0.8051470588235294,1.0197787241478735,1.0,2024-11,Q4 2024
Mosby Steele Creek,2024-11-21,1.266574488439368,0.8051470588235294,1.0197787241478735,1.0,2024-11,Q4 2024
Mosby Steele Creek,2024-11-22,1.269318752958976,0.8051470588235294,1.0219882606544697,1.0,2024-11,Q4 2024
Mosby Steele Creek,2024-11-23,1.269318752958976,0.8088235294117647,1.0266548737168188,1.0,2024-11,Q4 2024
Mosby Steele Creek,2024-11-24,1.269318752958976,0.8088235294117647,1.0266548737168188,1.0,2024-11,Q4 2024
Mosby Steele Creek,2024-11-25,1.2679044631469945,0.8088235294117647,1.0255109628394807,1.0,2024-11,Q4 2024
Mosby Steele Creek,2024-11-26,1.267384937358197,0.8088235294117647,1.0250907581573652,1.0,2024-11,Q4 2024
Mosby Steele Creek,2024-11-27,1.2673806747363523,0.8125,1.0297467982232862,1.0,2024-11,Q4 2024
Mosby Steele Creek,2024-11-28,1.2673806747363523,0.8161764705882353,1.0344062859980523,1.0,2024-11,Q4 2024
Mosby Steele Creek,2024-11-29,1.2673806747363523,0.8161764705882353,1.0344062859980523,1.0,2024-11,Q4 2024
Mosby Steele Creek,2024-11-30,1.2673806747363523,0.8161764705882353,1.0344062859980523,1.0,2024-11,Q4 2024
Mosby Steele Creek,2024-12-01,1.2660845920016415,0.8161764705882353,1.0333484537660456,1.0,2024-12,Q4 2024
Mosby Steele Creek,2024-12-02,1.2660845920016415,0.8161764705882353,1.0333484537660456,1.0,2024-12,Q4 2024
Mosby Steele Creek,2024-12-03,1.2647985965070978,0.8125,1.027648859662017,1.0,2024-12,Q4 2024
Mosby Steele Creek,2024-12-04,1.2651792466852227,0.8125,1.0279581379317435,1.0,2024-12,Q4 2024
Mosby Steele Creek,2024-12-05,1.2651792466852227,0.8125,1.0279581379317435,1.0,2024-12,Q4 2024
Mosby Steele Creek,2024-12-06,1.2651750172387992,0.8125,1.0279547015065245,1.0,2024-12,Q4 2024
Mosby Steele Creek,2024-12-07,1.2651750172387992,0.8161764705882353,1.0326060802463728,1.0,2024-12,Q4 2024
Mosby Steele Creek,2024-12-08,1.264162965208745,0.8088235294117647,1.022484751271779,1.0,2024-12,Q4 2024
Mosby Steele Creek,2024-12-09,1.264162965208745,0.8125,1.0271324092321052,1.0,2024-12,Q4 2024
Mosby Steele Creek,2024-12-10,1.264162965208745,0.8088235294117647,1.022484751271779,1.0,2024-12,Q4 2024
Mosby Steele Creek,2024-12-11,1.264162965208745,0.8051470588235294,1.0178370933114527,1.0,2024-12,Q4 2024
Mosby Steele Creek,2024-12-12,1.264162965208745,0.8051470588235294,1.0178370933114527,1.0,2024-12,Q4 2024
Mosby Steele Creek,2024-12-13,1.264162965208745,0.8051470588235294,1.0178370933114527,1.0,2024-12,Q4 2024
Mosby Steele Creek,2024-12-14,1.267556244029159,0.8051470588235294,1.0205691817734772,1.0,2024-12,Q4 2024
Mosby Steele Creek,2024-12-15,1.267556244029159,0.8161764705882353,1.0345495815237988,1.0,2024-12,Q4 2024
Mosby Steele Creek,2024-12-16,1.267556244029159,0.8161764705882353,1.0345495815237988,1.0,2024-12,Q4 2024
Mosby Steele Creek,2024-12-17,1.267556244029159,0.8161764705882353,1.0345495815237988,1.0,2024-12,Q4 2024
Mosby Steele Creek,2024-12-18,1.2678679700593853,0.8125,1.0301427256732505,1.0,2024-12,Q4 2024
Mosby Steele Creek,2024-12-19,1.2665930340160156,0.8125,1.0291068401380128,1.0,2024-12,Q4 2024
Mosby Steele Creek,2024-12-20,1.2669823906821553,0.8161764705882353,1.0340812159244062,1.0,2024-12,Q4 2024
Mosby Steele Creek,2024-12-21,1.2669823906821553,0.8198529411764706,1.0387392394195611,1.0,2024-12,Q4 2024
Mosby Steele Creek,2024-12-22,1.2669823906821553,0.8198529411764706,1.0387392394195611,1.0,2024-12,Q4 2024
Mosby Steele Creek,2024-12-23,1.2669823906821553,0.8198529411764706,1.0387392394195611,1.0,2024-12,Q4 2024
Mosby Steele Creek,2024-12-24,1.2656191716073248,0.8198529411764706,1.0376216002515934,1.0,2024-12,Q4 2024
Mosby Steele Creek,2024-12-25,1.2656191716073248,0.8235294117647058,1.0422746119119146,1.0,2024-12,Q4 2024
Mosby Steele Creek,2024-12-26,1.2656191716073248,0.8235294117647058,1.0422746119119146,1.0,2024-12,Q4 2024
Mosby Steele Creek,2024-12-27,1.2656191716073248,0.8198529411764706,1.0376216002515934,1.0,2024-12,Q4 2024
Mosby Steele Creek,2024-12-28,1.267529434179591,0.8198529411764706,1.0391877346398852,1.0,2024-12,Q4 2024
Mosby Steele Creek,2024-12-29,1.2687948802055684,0.8235294117647058,1.0448899013457622,1.0,2024-12,Q4 2024
Mosby Steele Creek,2024-12-30,1.2687948802055684,0.8272058823529411,1.0495545884053414,1.0,2024-12,Q4 2024
Mosby Steele Creek,2024-12-31,1.2687948802055684,0.8272058823529411,1.0495545884053414,1.0,2024-12,Q4 2024
Mosby Steele Creek,2025-01-01,1.2687948802055684,0.8272058823529411,1.0495545884053414,1.0,2025-01,Q1 2025
Mosby Steele Creek,2025-01-02,1.2687948802055684,0.8272058823529411,1.0495545884053414,1.0,2025-01,Q1 2025
Mosby Steele Creek,2025-01-03,1.2693356392030783,0.8272058823529411,1.050001907429017,1.0,2025-01,Q1 2025
Mosby Steele Creek,2025-01-04,1.2693356392030783,0.8345588235294118,1.059335257717275,1.0,2025-01,Q1 2025
Mosby Steele Creek,2025-01-05,1.2693356392030783,0.8345588235294118,1.059335257717275,1.0,2025-01,Q1 2025
Mosby Steele Creek,2025-01-06,1.2693356392030783,0.8345588235294118,1.059335257717275,1.0,2025-01,Q1 2025
Mosby Steele Creek,2025-01-07,1.2697602878831056,0.8345588235294118,1.0596896520200918,1.0,2025-01,Q1 2025
Mosby Steele Creek,2025-01-08,1.2697602878831056,0.8419117647058824,1.0690261247251147,1.0,2025-01,Q1 2025
Mosby Steele Creek,2025-01-09,1.2697602878831056,0.8419117647058824,1.0690261247251147,1.0,2025-01,Q1 2025
Mosby Steele Creek,2025-01-10,1.2716339821365474,0.8419117647058824,1.0706036099605492,1.0,2025-01,Q1 2025
Mosby Steele Creek,2025-01-11,1.2716339821365474,0.8455882352941176,1.0752787348948747,1.0,2025-01,Q1 2025
Mosby Steele Creek,2025-01-12,1.2716339821365474,0.8455882352941176,1.0752787348948747,1.0,2025-01,Q1 2025
Mosby Steele Creek,2025-01-13,1.2716339821365474,0.8455882352941176,1.0752787348948747,1.0,2025-01,Q1 2025
Mosby Steele Creek,2025-01-14,1.2716339821365474,0.8455882352941176,1.0752787348948747,1.0,2025-01,Q1 2025
Mosby Steele Creek,2025-01-15,1.2730442802426443,0.8419117647058824,1.0717909565278145,1.0,2025-01,Q1 2025
Mosby Steele Creek,2025-01-16,1.2730442802426443,0.8455882352941176,1.0764712663816478,1.0,2025-01,Q1 2025
Mosby Steele Creek,2025-01-17,1.2730442802426443,0.8419117647058824,1.0717909565278145,1.0,2025-01,Q1 2025
Mosby Steele Creek,2025-01-18,1.2730442802426443,0.8419117647058824,1.0717909565278145,1.0,2025-01,Q1 2025
Mosby Steele Creek,2025-01-19,1.2730442802426443,0.8419117647058824,1.0717909565278145,1.0,2025-01,Q1 2025
Mosby Steele Creek,2025-01-20,1.2730442802426443,0.8419117647058824,1.0717909565278145,1.0,2025-01,Q1 2025
Mosby Steele Creek,2025-01-21,1.2730442802426443,0.8419117647058824,1.0717909565278145,1.0,2025-01,Q1 2025
Mosby Steele Creek,2025-01-22,1.2730442802426443,0.8382352941176471,1.0671106466739813,1.0,2025-01,Q1 2025
Mosby Steele Creek,2025-01-23,1.2730442802426443,0.8345588235294118,1.062430336820148,1.0,2025-01,Q1 2025
Mosby Steele Creek,2025-01-24,1.2730442802426443,0.8308823529411764,1.0577500269663147,1.0,2025-01,Q1 2025
Mosby Steele Creek,2025-01-25,1.2730442802426443,0.8308823529411764,1.0577500269663147,1.0,2025-01,Q1 2025
Mosby Steele Creek,2025-01-26,1.2730442802426443,0.8308823529411764,1.0577500269663147,1.0,2025-01,Q1 2025
Mosby Steele Creek,2025-01-27,1.2730442802426443,0.8272058823529411,1.0530697171124814,1.0,2025-01,Q1 2025
Mosby Steele Creek,2025-01-28,1.2733500074518989,0.8272058823529411,1.0533226164583722,1.0,2025-01,Q1 2025
Mosby Steele Creek,2025-01-29,1.2733500074518989,0.8308823529411764,1.0580040503092982,1.0,2025-01,Q1 2025
Mosby Steele Creek,2025-01-30,1.2733500074518989,0.8308823529411764,1.0580040503092982,1.0,2025-01,Q1 2025
Mosby Steele Creek,2025-01-31,1.2733500074518989,0.8308823529411764,1.0580040503092982,1.0,2025-01,Q1 2025
Mosby Steele Creek,2025-02-01,1.2733500074518989,0.8308823529411764,1.0580040503092982,1.0,2025-02,Q1 2025
Mosby Steele Creek,2025-02-02,1.2733500074518989,0.8308823529411764,1.0580040503092982,1.0,2025-02,Q1 2025
Mosby Steele Creek,2025-02-03,1.2733500074518989,0.8308823529411764,1.0580040503092982,1.0,2025-02,Q1 2025
Mosby Steele Creek,2025-02-04,1.2723439030650254,0.8198529411764706,1.0431348911158111,1.0,2025-02,Q1 2025
Mosby Steele Creek,2025-02-05,1.2723439030650254,0.8235294117647058,1.0478126260535503,1.0,2025-02,Q1 2025
Mosby Steele Creek,2025-02-06,1.2723439030650254,0.8235294117647058,1.0478126260535503,1.0,2025-02,Q1 2025
Mosby Steele Creek,2025-02-07,1.2712522524079077,0.8235294117647058,1.0469136196300417,1.0,2025-02,Q1 2025
Mosby Steele Creek,2025-02-08,1.2712522524079077,0.8272058823529411,1.051587341146247,1.0,2025-02,Q1 2025
Mosby Steele Creek,2025-02-09,1.2730964902812394,0.8272058823529411,1.053112905563525,1.0,2025-02,Q1 2025
Mosby Steele Creek,2025-02-10,1.2730964902812394,0.8308823529411764,1.0577934073660298,1.0,2025-02,Q1 2025
Mosby Steele Creek,2025-02-11,1.2730964902812394,0.8308823529411764,1.0577934073660298,1.0,2025-02,Q1 2025
Mosby Steele Creek,2025-02-12,1.271453449749519,0.8308823529411764,1.056428233983056,1.0,2025-02,Q1 2025
Mosby Steele Creek,2025-02-13,1.271453449749519,0.8345588235294118,1.0611026951953706,1.0,2025-02,Q1 2025
Mosby Steele Creek,2025-02-14,1.2700129495407493,0.8345588235294118,1.0599005130358459,1.0,2025-02,Q1 2025
Mosby Steele Creek,2025-02-15,1.2710539299219983,0.8345588235294118,1.0607692723981383,1.0,2025-02,Q1 2025
Mosby Steele Creek,2025-02-16,1.26982724620937,0.8419117647058824,1.0690824977277418,1.0,2025-02,Q1 2025
Mosby Steele Creek,2025-02-17,1.2682215526602894,0.8455882352941176,1.07239322467598,1.0,2025-02,Q1 2025
Mosby Steele Creek,2025-02-18,1.2685162699585146,0.8492647058823529,1.0773060969132973,1.0,2025-02,Q1 2025
Mosby Steele Creek,2025-02-19,1.2685162699585146,0.8455882352941176,1.072642434156097,1.0,2025-02,Q1 2025
Mosby Steele Creek,2025-02-20,1.2671072576232787,0.8455882352941176,1.071450989902037,1.0,2025-02,Q1 2025
Mosby Steele Creek,2025-02-21,1.2659582575191408,0.8492647058823529,1.0751336672313292,1.0,2025-02,Q1 2025
Mosby Steele Creek,2025-02-22,1.2659582575191408,0.8529411764705882,1.0797879255310319,1.0,2025-02,Q1 2025
Mosby Steele Creek,2025-02-23,1.2659582575191408,0.8529411764705882,1.0797879255310319,1.0,2025-02,Q1 2025
Mosby Steele Creek,2025-02-24,1.2659582575191408,0.8529411764705882,1.0797879255310319,1.0,2025-02,Q1 2025
Mosby Steele Creek,2025-02-25,1.2659582575191408,0.8529411764705882,1.0797879255310319,1.0,2025-02,Q1 2025
Mosby Steele Creek,2025-02-26,1.2659582575191408,0.8529411764705882,1.0797879255310319,1.0,2025-02,Q1 2025
Mosby Steele Creek,2025-02-27,1.2659582575191408,0.8529411764705882,1.0797879255310319,1.0,2025-02,Q1 2025
Mosby Steele Creek,2025-02-28,1.2659582575191408,0.8529411764705882,1.0797879255310319,1.0,2025-02,Q1 2025
Mosby Steele Creek,2025-03-01,1.2659582575191408,0.8529411764705882,1.0797879255310319,1.0,2025-03,Q1 2025
Mosby Steele Creek,2025-03-02,1.2659582575191408,0.8529411764705882,1.0797879255310319,1.0,2025-03,Q1 2025
Mosby Steele Creek,2025-03-03,1.2659582575191408,0.8529411764705882,1.0797879255310319,1.0,2025-03,Q1 2025
Mosby Steele Creek,2025-03-04,1.2659195336130142,0.8455882352941176,1.070446664452181,1.0,2025-03,Q1 2025
Mosby Steele Creek,2025-03-05,1.2647296153552503,0.8492647058823529,1.074090224805378,1.0,2025-03,Q1 2025
Mosby Steele Creek,2025-03-06,1.2642019973588614,0.8529411764705882,1.0782899389237346,1.0,2025-03,Q1 2025
Mosby Steele Creek,2025-03-07,1.2642019973588614,0.8529411764705882,1.0782899389237346,1.0,2025-03,Q1 2025
Mosby Steele Creek,2025-03-08,1.2642019973588614,0.8529411764705882,1.0782899389237346,1.0,2025-03,Q1 2025
Mosby Steele Creek,2025-03-09,1.2642019973588614,0.8529411764705882,1.0782899389237346,1.0,2025-03,Q1 2025
Mosby Steele Creek,2025-03-10,1.2651316700230397,0.8529411764705882,1.0790828950196514,1.0,2025-03,Q1 2025
Mosby Steele Creek,2025-03-11,1.2651316700230397,0.8602941176470589,1.088385333769821,1.0,2025-03,Q1 2025
Mosby Steele Creek,2025-03-12,1.262029881996472,0.8602941176470589,1.0857168837763767,1.0,2025-03,Q1 2025
Mosby Steele Creek,2025-03-13,1.261221799145483,0.8676470588235294,1.0942953845526986,1.0,2025-03,Q1 2025
Mosby Steele Creek,2025-03-14,1.26121795261023,0.875,1.1035657085339512,1.0,2025-03,Q1 2025
Mosby Steele Creek,2025-03-15,1.26121795261023,0.8786764705882353,1.1082025392420771,1.0,2025-03,Q1 2025
Mosby Steele Creek,2025-03-16,1.26121795261023,0.8786764705882353,1.1082025392420771,1.0,2025-03,Q1 2025
Mosby Steele Creek,2025-03-17,1.2625736505765393,0.8786764705882353,1.1093937591462972,1.0,2025-03,Q1 2025
Mosby Steele Creek,2025-03-18,1.2625736505765393,0.8823529411764706,1.114035574038123,1.0,2025-03,Q1 2025
Mosby Steele Creek,2025-03-19,1.2625736505765393,0.8823529411764706,1.114035574038123,1.0,2025-03,Q1 2025
Mosby Steele Creek,2025-03-20,1.2643465639818683,0.875,1.1063032434841347,1.0,2025-03,Q1 2025
Mosby Steele Creek,2025-03-21,1.2643465639818683,0.8786764705882353,1.1109515764399505,1.0,2025-03,Q1 2025
Mosby Steele Creek,2025-03-22,1.2652735708549392,0.875,1.1071143744980718,1.0,2025-03,Q1 2025
Mosby Steele Creek,2025-03-23,1.2652735708549392,0.8786764705882353,1.1117661155673915,1.0,2025-03,Q1 2025
Mosby Steele Creek,2025-03-24,1.2652735708549392,0.8786764705882353,1.1117661155673915,1.0,2025-03,Q1 2025
Mosby Steele Creek,2025-03-25,1.2652735708549392,0.8786764705882353,1.1117661155673915,1.0,2025-03,Q1 2025
Mosby Steele Creek,2025-03-26,1.2652735708549392,0.8786764705882353,1.1117661155673915,1.0,2025-03,Q1 2025
Mosby Steele Creek,2025-03-27,1.2652735708549392,0.8786764705882353,1.1117661155673915,1.0,2025-03,Q1 2025
Mosby Steele Creek,2025-03-28,1.2652735708549392,0.8786764705882353,1.1117661155673915,1.0,2025-03,Q1 2025
Mosby Steele Creek,2025-03-29,1.2652735708549392,0.875,1.1071143744980718,1.0,2025-03,Q1 2025
Mosby Steele Creek,2025-03-30,1.2655575570792772,0.875,1.1073628624443677,1.0,2025-03,Q1 2025
Mosby Steele Creek,2025-03-31,1.2655575570792772,0.8786764705882353,1.1120156475806884,1.0,2025-03,Q1 2025
Mosby Steele Creek,2025-04-01,1.2655575570792772,0.8676470588235294,1.0980572921717258,1.0,2025-04,Q2 2025
Mosby Steele Creek,2025-04-02,1.2655575570792772,0.8676470588235294,1.0980572921717258,1.0,2025-04,Q2 2025
Mosby Steele Creek,2025-04-03,1.264210016041254,0.8676470588235294,1.096888102153441,1.0,2025-04,Q2 2025
Mosby Steele Creek,2025-04-04,1.264210016041254,0.8713235294117647,1.1015359330947692,1.0,2025-04,Q2 2025
Mosby Steele Creek,2025-04-05,1.264210016041254,0.8713235294117647,1.1015359330947692,1.0,2025-04,Q2 2025
Mosby Steele Creek,2025-04-06,1.264210016041254,0.8713235294117647,1.1015359330947692,1.0,2025-04,Q2 2025
Mosby Steele Creek,2025-04-07,1.2630649331210444,0.8713235294117647,1.100538195403263,1.0,2025-04,Q2 2025
Mosby Steele Creek,2025-04-08,1.2630649331210444,0.875,1.105181816480914,1.0,2025-04,Q2 2025
Mosby Steele Creek,2025-04-09,1.263140858070413,0.875,1.1052482508116115,1.0,2025-04,Q2 2025
Mosby Steele Creek,2025-04-10,1.263140858070413,0.8786764705882353,1.1098921510251056,1.0,2025-04,Q2 2025
Mosby Steele Creek,2025-04-11,1.263140858070413,0.8786764705882353,1.1098921510251056,1.0,2025-04,Q2 2025
Mosby Steele Creek,2025-04-12,1.263140858070413,0.8786764705882353,1.1098921510251056,1.0,2025-04,Q2 2025
Mosby Steele Creek,2025-04-13,1.263390832447737,0.8786764705882353,1.11011179762871,1.0,2025-04,Q2 2025
Mosby Steele Creek,2025-04-14,1.263390832447737,0.8823529411764706,1.1147566168656502,1.0,2025-04,Q2 2025
Mosby Steele Creek,2025-04-15,1.2645607177590592,0.8823529411764706,1.1157888686109345,1.0,2025-04,Q2 2025
Mosby Steele Creek,2025-04-16,1.263421759344903,0.8860294117647058,1.1194288382430941,1.0,2025-04,Q2 2025
Mosby Steele Creek,2025-04-17,1.2622906609220672,0.8897058823529411,1.123067426261545,1.0,2025-04,Q2 2025
Mosby Steele Creek,2025-04-18,1.2622906609220672,0.8933823529411765,1.1277082007502293,1.0,2025-04,Q2 2025
Mosby Steele Creek,2025-04-19,1.261167341407223,0.875,1.1035214237313202,1.0,2025-04,Q2 2025
Mosby Steele Creek,2025-04-20,1.261167341407223,0.8786764705882353,1.1081580683688468,1.0,2025-04,Q2 2025
Mosby Steele Creek,2025-04-21,1.261167341407223,0.8786764705882353,1.1081580683688468,1.0,2025-04,Q2 2025
Mosby Steele Creek,2025-04-22,1.2623282675506702,0.8823529411764706,1.1138190596035324,1.0,2025-04,Q2 2025
Mosby Steele Creek,2025-04-23,1.2623282675506702,0.8860294117647058,1.1184599723518804,1.0,2025-04,Q2 2025
Mosby Steele Creek,2025-04-24,1.2623282675506702,0.8860294117647058,1.1184599723518804,1.0,2025-04,Q2 2025
Mosby Steele Creek,2025-04-25,1.2643323741151733,0.8786764705882353,1.1109391081379647,1.0,2025-04,Q2 2025
Mosby Steele Creek,2025-04-26,1.2643323741151733,0.8823529411764706,1.1155873889251529,1.0,2025-04,Q2 2025
Mosby Steele Creek,2025-04-27,1.2708256187112679,0.8823529411764706,1.121316722392295,1.0,2025-04,Q2 2025
Vesta City Park Apartments,2023-11-01,1.7351258624699444,0.9301470588235294,1.6139222176650585,1.0,2023-11,Q4 2023
Vesta City Park Apartments,2023-11-02,1.7258732992497345,0.9338235294117647,1.6116610956229138,1.0,2023-11,Q4 2023
Vesta City Park Apartments,2023-11-03,1.7179610438378807,0.9375,1.6105884785980131,1.0,2023-11,Q4 2023
Vesta City Park Apartments,2023-11-04,1.7179610438378807,0.9411764705882353,1.6169045118474172,1.0,2023-11,Q4 2023
Vesta City Park Apartments,2023-11-05,1.7179610438378807,0.9411764705882353,1.6169045118474172,1.0,2023-11,Q4 2023
Vesta City Park Apartments,2023-11-06,1.7179610438378807,0.9411764705882353,1.6169045118474172,1.0,2023-11,Q4 2023
Vesta City Park Apartments,2023-11-07,1.7179610438378807,0.9411764705882353,1.6169045118474172,1.0,2023-11,Q4 2023
Vesta City Park Apartments,2023-11-08,1.7179610438378807,0.9411764705882353,1.6169045118474172,1.0,2023-11,Q4 2023
Vesta City Park Apartments,2023-11-09,1.7179610438378807,0.9375,1.6105884785980131,1.0,2023-11,Q4 2023
Vesta City Park Apartments,2023-11-10,1.7179610438378807,0.9375,1.6105884785980131,1.0,2023-11,Q4 2023
Vesta City Park Apartments,2023-11-11,1.7179610438378807,0.9375,1.6105884785980131,1.0,2023-11,Q4 2023
Vesta City Park Apartments,2023-11-12,1.7179610438378807,0.9375,1.6105884785980131,1.0,2023-11,Q4 2023
Vesta City Park Apartments,2023-11-13,1.7179610438378807,0.9375,1.6105884785980131,1.0,2023-11,Q4 2023
Vesta City Park Apartments,2023-11-14,1.7179610438378807,0.9375,1.6105884785980131,1.0,2023-11,Q4 2023
Vesta City Park Apartments,2023-11-15,1.7179610438378807,0.9375,1.6105884785980131,1.0,2023-11,Q4 2023
Vesta City Park Apartments,2023-11-16,1.7179610438378807,0.9375,1.6105884785980131,1.0,2023-11,Q4 2023
Vesta City Park Apartments,2023-11-17,1.7179610438378807,0.9375,1.6105884785980131,1.0,2023-11,Q4 2023
Vesta City Park Apartments,2023-11-18,1.7179610438378807,0.9375,1.6105884785980131,1.0,2023-11,Q4 2023
Vesta City Park Apartments,2023-11-19,1.7179610438378807,0.9375,1.6105884785980131,1.0,2023-11,Q4 2023
Vesta City Park Apartments,2023-11-20,1.7179610438378807,0.9375,1.6105884785980131,1.0,2023-11,Q4 2023
Vesta City Park Apartments,2023-11-21,1.7198010969348174,0.9375,1.6123135283763914,1.0,2023-11,Q4 2023
Vesta City Park Apartments,2023-11-22,1.7198010969348174,0.9411764705882353,1.618636326526887,1.0,2023-11,Q4 2023
Vesta City Park Apartments,2023-11-23,1.7170544380202772,0.9375,1.60973853564401,1.0,2023-11,Q4 2023
Vesta City Park Apartments,2023-11-24,1.7170544380202772,0.9448529411764706,1.6223639359235706,1.0,2023-11,Q4 2023
Vesta City Park Apartments,2023-11-25,1.7170544380202772,0.9448529411764706,1.6223639359235706,1.0,2023-11,Q4 2023
Vesta City Park Apartments,2023-11-26,1.7170544380202772,0.9448529411764706,1.6223639359235706,1.0,2023-11,Q4 2023
Vesta City Park Apartments,2023-11-27,1.7451386062602958,0.9411764705882353,1.6424833941273371,1.0,2023-11,Q4 2023
Vesta City Park Apartments,2023-11-28,1.7451386062602958,0.9411764705882353,1.6424833941273371,1.0,2023-11,Q4 2023
Vesta City Park Apartments,2023-11-29,1.7451386062602958,0.9411764705882353,1.6424833941273371,1.0,2023-11,Q4 2023
Vesta City Park Apartments,2023-11-30,1.7451386062602958,0.9411764705882353,1.6424833941273371,1.0,2023-11,Q4 2023
Vesta City Park Apartments,2023-12-01,1.7452753364738547,0.9411764705882353,1.6426120813871574,1.0,2023-12,Q4 2023
Vesta City Park Apartments,2023-12-02,1.7467814761588571,0.9485294117647058,1.6568736060624454,1.0,2023-12,Q4 2023
Vesta City Park Apartments,2023-12-03,1.7467814761588571,0.9522058823529411,1.6632955967836176,1.0,2023-12,Q4 2023
Vesta City Park Apartments,2023-12-04,1.7467814761588571,0.9522058823529411,1.6632955967836176,1.0,2023-12,Q4 2023
Vesta City Park Apartments,2023-12-05,1.7517130810801835,0.9485294117647058,1.6615513783775269,1.0,2023-12,Q4 2023
Vesta City Park Apartments,2023-12-06,1.7775326366356903,0.9485294117647058,1.686041986220618,1.0,2023-12,Q4 2023
Vesta City Park Apartments,2023-12-07,1.7775326366356903,0.9558823529411765,1.6991120791370569,1.0,2023-12,Q4 2023
Vesta City Park Apartments,2023-12-08,1.7775326366356903,0.9558823529411765,1.6991120791370569,1.0,2023-12,Q4 2023
Vesta City Park Apartments,2023-12-09,1.7775326366356903,0.9558823529411765,1.6991120791370569,1.0,2023-12,Q4 2023
Vesta City Park Apartments,2023-12-10,1.7793840687681153,0.9558823529411765,1.7008818304401103,1.0,2023-12,Q4 2023
Vesta City Park Apartments,2023-12-11,1.7793840687681153,0.9595588235294118,1.7074236836341106,1.0,2023-12,Q4 2023
Vesta City Park Apartments,2023-12-12,1.7818533294460925,0.9558823529411765,1.7032421531470003,1.0,2023-12,Q4 2023
Vesta City Park Apartments,2023-12-13,1.7818533294460925,0.9595588235294118,1.709793084505258,1.0,2023-12,Q4 2023
Vesta City Park Apartments,2023-12-14,1.7818533294460925,0.9595588235294118,1.709793084505258,1.0,2023-12,Q4 2023
Vesta City Park Apartments,2023-12-15,1.7818533294460925,0.9595588235294118,1.709793084505258,1.0,2023-12,Q4 2023
Vesta City Park Apartments,2023-12-16,1.7818533294460925,0.9595588235294118,1.709793084505258,1.0,2023-12,Q4 2023
Vesta City Park Apartments,2023-12-17,1.7818533294460925,0.9595588235294118,1.709793084505258,1.0,2023-12,Q4 2023
Vesta City Park Apartments,2023-12-18,1.7818533294460925,0.9595588235294118,1.709793084505258,1.0,2023-12,Q4 2023
Vesta City Park Apartments,2023-12-19,1.7818533294460925,0.9595588235294118,1.709793084505258,1.0,2023-12,Q4 2023
Vesta City Park Apartments,2023-12-20,1.7818533294460925,0.9595588235294118,1.709793084505258,1.0,2023-12,Q4 2023
Vesta City Park Apartments,2023-12-21,1.7818533294460925,0.9595588235294118,1.709793084505258,1.0,2023-12,Q4 2023
Vesta City Park Apartments,2023-12-22,1.7818533294460925,0.9595588235294118,1.709793084505258,1.0,2023-12,Q4 2023
Vesta City Park Apartments,2023-12-23,1.7818533294460925,0.9595588235294118,1.709793084505258,1.0,2023-12,Q4 2023
Vesta City Park Apartments,2023-12-24,1.7818533294460925,0.9595588235294118,1.709793084505258,1.0,2023-12,Q4 2023
Vesta City Park Apartments,2023-12-25,1.7818533294460925,0.9595588235294118,1.709793084505258,1.0,2023-12,Q4 2023
Vesta City Park Apartments,2023-12-26,1.7818533294460925,0.9595588235294118,1.709793084505258,1.0,2023-12,Q4 2023
Vesta City Park Apartments,2023-12-27,1.7818533294460925,0.9558823529411765,1.7032421531470003,1.0,2023-12,Q4 2023
Vesta City Park Apartments,2023-12-28,1.7840707512856682,0.9558823529411765,1.705361747552477,1.0,2023-12,Q4 2023
Vesta City Park Apartments,2023-12-29,1.7840707512856682,0.9558823529411765,1.705361747552477,1.0,2023-12,Q4 2023
Vesta City Park Apartments,2023-12-30,1.7840707512856682,0.9558823529411765,1.705361747552477,1.0,2023-12,Q4 2023
Vesta City Park Apartments,2023-12-31,1.7840707512856682,0.9522058823529411,1.6988026639080442,1.0,2023-12,Q4 2023
Vesta City Park Apartments,2024-01-01,1.7840707512856682,0.9522058823529411,1.6988026639080442,1.0,2024-01,Q1 2024
Vesta City Park Apartments,2024-01-02,1.7840707512856682,0.9522058823529411,1.6988026639080442,1.0,2024-01,Q1 2024
Vesta City Park Apartments,2024-01-03,1.7840707512856682,0.9485294117647058,1.6922435802636115,1.0,2024-01,Q1 2024
Vesta City Park Apartments,2024-01-04,1.7840707512856682,0.9485294117647058,1.6922435802636115,1.0,2024-01,Q1 2024
Vesta City Park Apartments,2024-01-05,1.7840707512856682,0.9411764705882353,1.6791254129747464,1.0,2024-01,Q1 2024
Vesta City Park Apartments,2024-01-06,1.7840707512856682,0.9375,1.672566329330314,1.0,2024-01,Q1 2024
Vesta City Park Apartments,2024-01-07,1.7863242789355855,0.9375,1.6746790115021115,1.0,2024-01,Q1 2024
Vesta City Park Apartments,2024-01-08,1.7788505242251709,0.9411764705882353,1.6742122580942784,1.0,2024-01,Q1 2024
Vesta City Park Apartments,2024-01-09,1.7788505242251709,0.9448529411764706,1.6807521497274591,1.0,2024-01,Q1 2024
Vesta City Park Apartments,2024-01-10,1.7718916383697982,0.9448529411764706,1.674177025959699,1.0,2024-01,Q1 2024
Vesta City Park Apartments,2024-01-11,1.771177404057683,0.9448529411764706,1.6735021795692078,1.0,2024-01,Q1 2024
Vesta City Park Apartments,2024-01-12,1.771177404057683,0.9485294117647058,1.6800138612017728,1.0,2024-01,Q1 2024
Vesta City Park Apartments,2024-01-13,1.7733883434298625,0.9485294117647058,1.6821110022239136,1.0,2024-01,Q1 2024
Vesta City Park Apartments,2024-01-14,1.7733883434298625,0.9522058823529411,1.6886308123100529,1.0,2024-01,Q1 2024
Vesta City Park Apartments,2024-01-15,1.772153615326308,0.9485294117647058,1.6809398263021598,1.0,2024-01,Q1 2024
Vesta City Park Apartments,2024-01-16,1.772153615326308,0.9522058823529411,1.6874550969467417,1.0,2024-01,Q1 2024
Vesta City Park Apartments,2024-01-17,1.772153615326308,0.9522058823529411,1.6874550969467417,1.0,2024-01,Q1 2024
Vesta City Park Apartments,2024-01-18,1.7746748526484133,0.9522058823529411,1.6898558339556582,1.0,2024-01,Q1 2024
Vesta City Park Apartments,2024-01-19,1.7746748526484133,0.9558823529411765,1.696380373855101,1.0,2024-01,Q1 2024
Vesta City Park Apartments,2024-01-20,1.7746748526484133,0.9558823529411765,1.696380373855101,1.0,2024-01,Q1 2024
Vesta City Park Apartments,2024-01-21,1.7746748526484133,0.9558823529411765,1.696380373855101,1.0,2024-01,Q1 2024
Vesta City Park Apartments,2024-01-22,1.7746748526484133,0.9558823529411765,1.696380373855101,1.0,2024-01,Q1 2024
Vesta City Park Apartments,2024-01-23,1.7746748526484133,0.9558823529411765,1.696380373855101,1.0,2024-01,Q1 2024
Vesta City Park Apartments,2024-01-24,1.7746748526484133,0.9485294117647058,1.6833312940562155,1.0,2024-01,Q1 2024
Vesta City Park Apartments,2024-01-25,1.7746748526484133,0.9485294117647058,1.6833312940562155,1.0,2024-01,Q1 2024
Vesta City Park Apartments,2024-01-26,1.7746748526484133,0.9485294117647058,1.6833312940562155,1.0,2024-01,Q1 2024
Vesta City Park Apartments,2024-01-27,1.7753440714474038,0.9448529411764706,1.6774390675072897,1.0,2024-01,Q1 2024
Vesta City Park Apartments,2024-01-28,1.7753440714474038,0.9485294117647058,1.683966067769964,1.0,2024-01,Q1 2024
Vesta City Park Apartments,2024-01-29,1.7753440714474038,0.9485294117647058,1.683966067769964,1.0,2024-01,Q1 2024
Vesta City Park Apartments,2024-01-30,1.7753440714474038,0.9485294117647058,1.683966067769964,1.0,2024-01,Q1 2024
Vesta City Park Apartments,2024-01-31,1.7778944907092402,0.9448529411764706,1.6798488386480688,1.0,2024-01,Q1 2024
Vesta City Park Apartments,2024-02-01,1.7810666618922881,0.9522058823529411,1.6959421523165537,1.0,2024-02,Q1 2024
Vesta City Park Apartments,2024-02-02,1.7810666618922881,0.9558823529411765,1.7024901915146873,1.0,2024-02,Q1 2024
Vesta City Park Apartments,2024-02-03,1.7775342926293998,0.9485294117647058,1.686043556979357,1.0,2024-02,Q1 2024
Vesta City Park Apartments,2024-02-04,1.7775342926293998,0.9558823529411765,1.6991136620722205,1.0,2024-02,Q1 2024
Vesta City Park Apartments,2024-02-05,1.7775342926293998,0.9558823529411765,1.6991136620722205,1.0,2024-02,Q1 2024
Vesta City Park Apartments,2024-02-06,1.7688611337307327,0.9522058823529411,1.684319976603896,1.0,2024-02,Q1 2024
Vesta City Park Apartments,2024-02-07,1.7719497135628781,0.9558823529411765,1.6937754614939278,1.0,2024-02,Q1 2024
Vesta City Park Apartments,2024-02-08,1.7719497135628781,0.9595588235294118,1.7002899824996736,1.0,2024-02,Q1 2024
Vesta City Park Apartments,2024-02-09,1.7719497135628781,0.9558823529411765,1.6937754614939278,1.0,2024-02,Q1 2024
Vesta City Park Apartments,2024-02-10,1.774750656940109,0.9522058823529411,1.6899280152481184,1.0,2024-02,Q1 2024
Vesta City Park Apartments,2024-02-11,1.774750656940109,0.9522058823529411,1.6899280152481184,1.0,2024-02,Q1 2024
Vesta City Park Apartments,2024-02-12,1.774750656940109,0.9522058823529411,1.6899280152481184,1.0,2024-02,Q1 2024
Vesta City Park Apartments,2024-02-13,1.774750656940109,0.9522058823529411,1.6899280152481184,1.0,2024-02,Q1 2024
Vesta City Park Apartments,2024-02-14,1.7662986712532176,0.9485294117647058,1.675386239644596,1.0,2024-02,Q1 2024
Vesta City Park Apartments,2024-02-15,1.7617811104116774,0.9485294117647058,1.6711012003169587,1.0,2024-02,Q1 2024
Vesta City Park Apartments,2024-02-16,1.7617811104116774,0.9485294117647058,1.6711012003169587,1.0,2024-02,Q1 2024
Vesta City Park Apartments,2024-02-17,1.7617811104116774,0.9485294117647058,1.6711012003169587,1.0,2024-02,Q1 2024
Vesta City Park Apartments,2024-02-18,1.7617811104116774,0.9485294117647058,1.6711012003169587,1.0,2024-02,Q1 2024
Vesta City Park Apartments,2024-02-19,1.7448595447725446,0.9375,1.6358058232242605,1.0,2024-02,Q1 2024
Vesta City Park Apartments,2024-02-20,1.7448595447725446,0.9411764705882353,1.6422207480212183,1.0,2024-02,Q1 2024
Vesta City Park Apartments,2024-02-21,1.7347194516841673,0.9411764705882353,1.6326771309968633,1.0,2024-02,Q1 2024
Vesta City Park Apartments,2024-02-22,1.721666058179325,0.9485294117647058,1.6330508934200951,1.0,2024-02,Q1 2024
Vesta City Park Apartments,2024-02-23,1.721666058179325,0.9522058823529411,1.6393805480457542,1.0,2024-02,Q1 2024
Vesta City Park Apartments,2024-02-24,1.721666058179325,0.9522058823529411,1.6393805480457542,1.0,2024-02,Q1 2024
Vesta City Park Apartments,2024-02-25,1.721666058179325,0.9522058823529411,1.6393805480457542,1.0,2024-02,Q1 2024
Vesta City Park Apartments,2024-02-26,1.721666058179325,0.9411764705882353,1.6203915841687766,1.0,2024-02,Q1 2024
Vesta City Park Apartments,2024-02-27,1.721666058179325,0.9411764705882353,1.6203915841687766,1.0,2024-02,Q1 2024
Vesta City Park Apartments,2024-02-28,1.721666058179325,0.9301470588235294,1.6014026202917988,1.0,2024-02,Q1 2024
Vesta City Park Apartments,2024-02-29,1.7451827001566325,0.9191176470588235,1.6040282170557283,1.0,2024-02,Q1 2024
Vesta City Park Apartments,2024-03-01,1.7399594359913944,0.9338235294117647,1.6248150615507875,1.0,2024-03,Q1 2024
Vesta City Park Apartments,2024-03-02,1.7399594359913944,0.9375,1.6312119712419322,1.0,2024-03,Q1 2024
Vesta City Park Apartments,2024-03-03,1.7399594359913944,0.9375,1.6312119712419322,1.0,2024-03,Q1 2024
Vesta City Park Apartments,2024-03-04,1.73482003447141,0.9375,1.6263937823169468,1.0,2024-03,Q1 2024
Vesta City Park Apartments,2024-03-05,1.730252982892605,0.9375,1.6221121714618172,1.0,2024-03,Q1 2024
Vesta City Park Apartments,2024-03-06,1.730252982892605,0.9375,1.6221121714618172,1.0,2024-03,Q1 2024
Vesta City Park Apartments,2024-03-07,1.7313962901859823,0.9338235294117647,1.61681859451191,1.0,2024-03,Q1 2024
Vesta City Park Apartments,2024-03-08,1.7313962901859823,0.9338235294117647,1.61681859451191,1.0,2024-03,Q1 2024
Vesta City Park Apartments,2024-03-09,1.7313962901859823,0.9338235294117647,1.61681859451191,1.0,2024-03,Q1 2024
Vesta City Park Apartments,2024-03-10,1.7313962901859823,0.9338235294117647,1.61681859451191,1.0,2024-03,Q1 2024
Vesta City Park Apartments,2024-03-11,1.7313962901859823,0.9338235294117647,1.61681859451191,1.0,2024-03,Q1 2024
Vesta City Park Apartments,2024-03-12,1.7313962901859823,0.9301470588235294,1.6104531669744615,1.0,2024-03,Q1 2024
Vesta City Park Apartments,2024-03-13,1.7326563938677375,0.9301470588235294,1.6116252487078588,1.0,2024-03,Q1 2024
Vesta City Park Apartments,2024-03-14,1.7326563938677375,0.9338235294117647,1.6179953089794314,1.0,2024-03,Q1 2024
Vesta City Park Apartments,2024-03-15,1.7326563938677375,0.9338235294117647,1.6179953089794314,1.0,2024-03,Q1 2024
Vesta City Park Apartments,2024-03-16,1.7342477429778862,0.9301470588235294,1.6131054374022251,1.0,2024-03,Q1 2024
Vesta City Park Apartments,2024-03-17,1.73515225120804,0.9338235294117647,1.6203259992898609,1.0,2024-03,Q1 2024
Vesta City Park Apartments,2024-03-18,1.73515225120804,0.9375,1.6267052355075375,1.0,2024-03,Q1 2024
Vesta City Park Apartments,2024-03-19,1.73515225120804,0.9338235294117647,1.6203259992898609,1.0,2024-03,Q1 2024
Vesta City Park Apartments,2024-03-20,1.736480522933829,0.9301470588235294,1.6151822511112452,1.0,2024-03,Q1 2024
Vesta City Park Apartments,2024-03-21,1.7360703415591092,0.9338235294117647,1.6211833336618153,1.0,2024-03,Q1 2024
Vesta City Park Apartments,2024-03-22,1.7394484085346034,0.9301470588235294,1.6179428211737303,1.0,2024-03,Q1 2024
Vesta City Park Apartments,2024-03-23,1.7394484085346034,0.9375,1.6307328830011907,1.0,2024-03,Q1 2024
Vesta City Park Apartments,2024-03-24,1.7397852916676315,0.9375,1.6310487109384046,1.0,2024-03,Q1 2024
Vesta City Park Apartments,2024-03-25,1.7397852916676315,0.9411764705882353,1.6374449803930649,1.0,2024-03,Q1 2024
Vesta City Park Apartments,2024-03-26,1.7397852916676315,0.9375,1.6310487109384046,1.0,2024-03,Q1 2024
Vesta City Park Apartments,2024-03-27,1.7397852916676315,0.9375,1.6310487109384046,1.0,2024-03,Q1 2024
Vesta City Park Apartments,2024-03-28,1.7397852916676315,0.9375,1.6310487109384046,1.0,2024-03,Q1 2024
Vesta City Park Apartments,2024-03-29,1.7397852916676315,0.9338235294117647,1.6246524414837442,1.0,2024-03,Q1 2024
Vesta City Park Apartments,2024-03-30,1.7397852916676315,0.9338235294117647,1.6246524414837442,1.0,2024-03,Q1 2024
Vesta City Park Apartments,2024-03-31,1.7406582183438069,0.9338235294117647,1.625467600953408,1.0,2024-03,Q1 2024
Vesta City Park Apartments,2024-04-01,1.7406582183438069,0.9375,1.631867079697319,1.0,2024-04,Q2 2024
Vesta City Park Apartments,2024-04-02,1.7406582183438069,0.9375,1.631867079697319,1.0,2024-04,Q2 2024
Vesta City Park Apartments,2024-04-03,1.7419115237849347,0.9375,1.6330420535483763,1.0,2024-04,Q2 2024
Vesta City Park Apartments,2024-04-04,1.7419115237849347,0.9411764705882353,1.6394461400328797,1.0,2024-04,Q2 2024
Vesta City Park Apartments,2024-04-05,1.7434247522070594,0.9375,1.6344607051941182,1.0,2024-04,Q2 2024
Vesta City Park Apartments,2024-04-06,1.7434247522070594,0.9338235294117647,1.6280510553698275,1.0,2024-04,Q2 2024
Vesta City Park Apartments,2024-04-07,1.739437708548654,0.9338235294117647,1.6243278601888167,1.0,2024-04,Q2 2024
Vesta City Park Apartments,2024-04-08,1.7413789467129412,0.9375,1.6325427625433824,1.0,2024-04,Q2 2024
Vesta City Park Apartments,2024-04-09,1.7413789467129412,0.9411764705882353,1.6389448910239446,1.0,2024-04,Q2 2024
Vesta City Park Apartments,2024-04-10,1.7413789467129412,0.9375,1.6325427625433824,1.0,2024-04,Q2 2024
Vesta City Park Apartments,2024-04-11,1.7413789467129412,0.9375,1.6325427625433824,1.0,2024-04,Q2 2024
Vesta City Park Apartments,2024-04-12,1.7433998458111726,0.9375,1.6344373554479743,1.0,2024-04,Q2 2024
Vesta City Park Apartments,2024-04-13,1.7433998458111726,0.9411764705882353,1.640846913704633,1.0,2024-04,Q2 2024
Vesta City Park Apartments,2024-04-14,1.7433998458111726,0.9375,1.6344373554479743,1.0,2024-04,Q2 2024
Vesta City Park Apartments,2024-04-15,1.7433998458111726,0.9375,1.6344373554479743,1.0,2024-04,Q2 2024
Vesta City Park Apartments,2024-04-16,1.7393292775094185,0.9301470588235294,1.61783201180104,1.0,2024-04,Q2 2024
Vesta City Park Apartments,2024-04-17,1.741434413429486,0.9301470588235294,1.6197900977855144,1.0,2024-04,Q2 2024
Vesta City Park Apartments,2024-04-18,1.7373681930834384,0.9338235294117647,1.6223952979529168,1.0,2024-04,Q2 2024
Vesta City Park Apartments,2024-04-19,1.7373681930834384,0.9338235294117647,1.6223952979529168,1.0,2024-04,Q2 2024
Vesta City Park Apartments,2024-04-20,1.7373681930834384,0.9301470588235294,1.61600791489011,1.0,2024-04,Q2 2024
Vesta City Park Apartments,2024-04-21,1.7373681930834384,0.9264705882352942,1.6096205318273034,1.0,2024-04,Q2 2024
Vesta City Park Apartments,2024-04-22,1.7373681930834384,0.9264705882352942,1.6096205318273034,1.0,2024-04,Q2 2024
Vesta City Park Apartments,2024-04-23,1.7389776479700856,0.9227941176470589,1.604718344266513,1.0,2024-04,Q2 2024
Vesta City Park Apartments,2024-04-24,1.7389776479700856,0.9227941176470589,1.604718344266513,1.0,2024-04,Q2 2024
Vesta City Park Apartments,2024-04-25,1.7389776479700856,0.9227941176470589,1.604718344266513,1.0,2024-04,Q2 2024
Vesta City Park Apartments,2024-04-26,1.7389776479700856,0.9227941176470589,1.604718344266513,1.0,2024-04,Q2 2024
Vesta City Park Apartments,2024-04-27,1.7389776479700856,0.9227941176470589,1.604718344266513,1.0,2024-04,Q2 2024
Vesta City Park Apartments,2024-04-28,1.7389776479700856,0.9227941176470589,1.604718344266513,1.0,2024-04,Q2 2024
Vesta City Park Apartments,2024-04-29,1.7389776479700856,0.9227941176470589,1.604718344266513,1.0,2024-04,Q2 2024
Vesta City Park Apartments,2024-04-30,1.7389776479700856,0.9191176470588235,1.5983250440901522,1.0,2024-04,Q2 2024
Vesta City Park Apartments,2024-05-01,1.7391840131685208,0.9154411764705882,1.5921206591138297,1.0,2024-05,Q2 2024
Vesta City Park Apartments,2024-05-02,1.7391840131685208,0.9191176470588235,1.5985147179857726,1.0,2024-05,Q2 2024
Vesta City Park Apartments,2024-05-03,1.7394896012990286,0.9154411764705882,1.5924004070715372,1.0,2024-05,Q2 2024
Vesta City Park Apartments,2024-05-04,1.741197602132824,0.9191176470588235,1.6003654431367866,1.0,2024-05,Q2 2024
Vesta City Park Apartments,2024-05-05,1.741197602132824,0.9227941176470589,1.606766904909334,1.0,2024-05,Q2 2024
Vesta City Park Apartments,2024-05-06,1.741197602132824,0.9227941176470589,1.606766904909334,1.0,2024-05,Q2 2024
Vesta City Park Apartments,2024-05-07,1.7404831516738049,0.9227941176470589,1.606107614228401,1.0,2024-05,Q2 2024
Vesta City Park Apartments,2024-05-08,1.739948657354022,0.9191176470588235,1.5992175159503876,1.0,2024-05,Q2 2024
Vesta City Park Apartments,2024-05-09,1.739948657354022,0.9117647058823529,1.5864237758227846,1.0,2024-05,Q2 2024
Vesta City Park Apartments,2024-05-10,1.739948657354022,0.9117647058823529,1.5864237758227846,1.0,2024-05,Q2 2024
Vesta City Park Apartments,2024-05-11,1.739948657354022,0.9044117647058824,1.5736300356951816,1.0,2024-05,Q2 2024
Vesta City Park Apartments,2024-05-12,1.739948657354022,0.9044117647058824,1.5736300356951816,1.0,2024-05,Q2 2024
Vesta City Park Apartments,2024-05-13,1.739948657354022,0.9044117647058824,1.5736300356951816,1.0,2024-05,Q2 2024
Vesta City Park Apartments,2024-05-14,1.735671635874431,0.9044117647058824,1.5697618471511399,1.0,2024-05,Q2 2024
Vesta City Park Apartments,2024-05-15,1.720281707805429,0.9007352941176471,1.5495184500453314,1.0,2024-05,Q2 2024
Vesta City Park Apartments,2024-05-16,1.721695037443713,0.9154411764705882,1.5761105306010461,1.0,2024-05,Q2 2024
Vesta City Park Apartments,2024-05-17,1.721695037443713,0.9154411764705882,1.5761105306010461,1.0,2024-05,Q2 2024
Vesta City Park Apartments,2024-05-18,1.7226574225646807,0.9080882352941176,1.564324938873074,1.0,2024-05,Q2 2024
Vesta City Park Apartments,2024-05-19,1.721856984038379,0.9117647058823529,1.5699284266232278,1.0,2024-05,Q2 2024
Vesta City Park Apartments,2024-05-20,1.7226995509081704,0.9154411764705882,1.5770301035887295,1.0,2024-05,Q2 2024
Vesta City Park Apartments,2024-05-21,1.7166279173010557,0.9154411764705882,1.571471880176334,1.0,2024-05,Q2 2024
Vesta City Park Apartments,2024-05-22,1.7166279173010557,0.9227941176470589,1.584094144274136,1.0,2024-05,Q2 2024
Vesta City Park Apartments,2024-05-23,1.7181939525693621,0.9191176470588235,1.579222382876252,1.0,2024-05,Q2 2024
Vesta City Park Apartments,2024-05-24,1.7181939525693621,0.9227941176470589,1.585539272407757,1.0,2024-05,Q2 2024
Vesta City Park Apartments,2024-05-25,1.7189377603733804,0.9227941176470589,1.5862256538739652,1.0,2024-05,Q2 2024
Vesta City Park Apartments,2024-05-26,1.7189377603733804,0.9301470588235294,1.5988649021120047,1.0,2024-05,Q2 2024
Vesta City Park Apartments,2024-05-27,1.7189377603733804,0.9301470588235294,1.5988649021120047,1.0,2024-05,Q2 2024
Vesta City Park Apartments,2024-05-28,1.7189377603733804,0.9301470588235294,1.5988649021120047,1.0,2024-05,Q2 2024
Vesta City Park Apartments,2024-05-29,1.7189377603733804,0.9264705882352942,1.592545277992985,1.0,2024-05,Q2 2024
Vesta City Park Apartments,2024-05-30,1.7191645627509429,0.9264705882352942,1.5927554037251384,1.0,2024-05,Q2 2024
Vesta City Park Apartments,2024-05-31,1.7217996710637045,0.9301470588235294,1.601526899923225,1.0,2024-05,Q2 2024
Vesta City Park Apartments,2024-06-01,1.7217996710637045,0.9338235294117647,1.6078570457727241,1.0,2024-06,Q2 2024
Vesta City Park Apartments,2024-06-02,1.7217996710637045,0.9264705882352942,1.5951967540737262,1.0,2024-06,Q2 2024
Vesta City Park Apartments,2024-06-03,1.7236341397506054,0.9264705882352942,1.5968963353571786,1.0,2024-06,Q2 2024
Vesta City Park Apartments,2024-06-04,1.7259374576273727,0.9301470588235294,1.6053756499254608,1.0,2024-06,Q2 2024
Vesta City Park Apartments,2024-06-05,1.7259374576273727,0.9301470588235294,1.6053756499254608,1.0,2024-06,Q2 2024
Vesta City Park Apartments,2024-06-06,1.7259374576273727,0.9264705882352942,1.59903029162536,1.0,2024-06,Q2 2024
Vesta City Park Apartments,2024-06-07,1.7259374576273727,0.9264705882352942,1.59903029162536,1.0,2024-06,Q2 2024
Vesta City Park Apartments,2024-06-08,1.7259374576273727,0.9264705882352942,1.59903029162536,1.0,2024-06,Q2 2024
Vesta City Park Apartments,2024-06-09,1.7259374576273727,0.9264705882352942,1.59903029162536,1.0,2024-06,Q2 2024
Vesta City Park Apartments,2024-06-10,1.7259374576273727,0.9264705882352942,1.59903029162536,1.0,2024-06,Q2 2024
Vesta City Park Apartments,2024-06-11,1.7259374576273727,0.9264705882352942,1.59903029162536,1.0,2024-06,Q2 2024
Vesta City Park Apartments,2024-06-12,1.7281151391274774,0.9191176470588235,1.5883411205215785,1.0,2024-06,Q2 2024
Vesta City Park Apartments,2024-06-13,1.7281151391274774,0.9227941176470589,1.5946944850036648,1.0,2024-06,Q2 2024
Vesta City Park Apartments,2024-06-14,1.7313457934485925,0.9154411764705882,1.5849452300319835,1.0,2024-06,Q2 2024
Vesta City Park Apartments,2024-06-15,1.734588899764981,0.9154411764705882,1.5879141030936774,1.0,2024-06,Q2 2024
Vesta City Park Apartments,2024-06-16,1.734588899764981,0.9191176470588235,1.5942912681663428,1.0,2024-06,Q2 2024
Vesta City Park Apartments,2024-06-17,1.734588899764981,0.9191176470588235,1.5942912681663428,1.0,2024-06,Q2 2024
Vesta City Park Apartments,2024-06-18,1.734588899764981,0.9117647058823529,1.581536938021012,1.0,2024-06,Q2 2024
Vesta City Park Apartments,2024-06-19,1.737696272521468,0.9117647058823529,1.5843701308283973,1.0,2024-06,Q2 2024
Vesta City Park Apartments,2024-06-20,1.737696272521468,0.9154411764705882,1.5907587200656086,1.0,2024-06,Q2 2024
Vesta City Park Apartments,2024-06-21,1.7308300785702908,0.9154411764705882,1.5844731233970677,1.0,2024-06,Q2 2024
Vesta City Park Apartments,2024-06-22,1.7308300785702908,0.9227941176470589,1.5971998151512612,1.0,2024-06,Q2 2024
Vesta City Park Apartments,2024-06-23,1.7308300785702908,0.9227941176470589,1.5971998151512612,1.0,2024-06,Q2 2024
Vesta City Park Apartments,2024-06-24,1.7308300785702908,0.9191176470588235,1.5908364692741643,1.0,2024-06,Q2 2024
Vesta City Park Apartments,2024-06-25,1.7272642914824903,0.9117647058823529,1.5748586187046234,1.0,2024-06,Q2 2024
Vesta City Park Apartments,2024-06-26,1.7272642914824903,0.9154411764705882,1.5812088550703678,1.0,2024-06,Q2 2024
Vesta City Park Apartments,2024-06-27,1.7272642914824903,0.9154411764705882,1.5812088550703678,1.0,2024-06,Q2 2024
Vesta City Park Apartments,2024-06-28,1.7223060652212945,0.9007352941176471,1.55134186021771,1.0,2024-06,Q2 2024
Vesta City Park Apartments,2024-06-29,1.7223060652212945,0.9044117647058824,1.5576738678104354,1.0,2024-06,Q2 2024
Vesta City Park Apartments,2024-06-30,1.7193239390361716,0.9044117647058824,1.5549767978047728,1.0,2024-06,Q2 2024
Vesta City Park Apartments,2024-07-01,1.7193239390361716,0.9080882352941176,1.5612978416982881,1.0,2024-07,Q3 2024
Vesta City Park Apartments,2024-07-02,1.7193239390361716,0.9044117647058824,1.5549767978047728,1.0,2024-07,Q3 2024
Vesta City Park Apartments,2024-07-03,1.7193239390361716,0.9044117647058824,1.5549767978047728,1.0,2024-07,Q3 2024
Vesta City Park Apartments,2024-07-04,1.7193239390361716,0.9007352941176471,1.5486557539112575,1.0,2024-07,Q3 2024
Vesta City Park Apartments,2024-07-05,1.7193239390361716,0.9007352941176471,1.5486557539112575,1.0,2024-07,Q3 2024
Vesta City Park Apartments,2024-07-06,1.7193239390361716,0.9007352941176471,1.5486557539112575,1.0,2024-07,Q3 2024
Vesta City Park Apartments,2024-07-07,1.7193239390361716,0.9007352941176471,1.5486557539112575,1.0,2024-07,Q3 2024
Vesta City Park Apartments,2024-07-08,1.7193239390361716,0.8860294117647058,1.5233715783371962,1.0,2024-07,Q3 2024
Vesta City Park Apartments,2024-07-09,1.7193239390361716,0.8860294117647058,1.5233715783371962,1.0,2024-07,Q3 2024
Vesta City Park Apartments,2024-07-10,1.7193239390361716,0.8860294117647058,1.5233715783371962,1.0,2024-07,Q3 2024
Vesta City Park Apartments,2024-07-11,1.720595869796241,0.8860294117647058,1.5244985464003458,1.0,2024-07,Q3 2024
Vesta City Park Apartments,2024-07-12,1.7211458186017006,0.8897058823529411,1.5313135591971012,1.0,2024-07,Q3 2024
Vesta City Park Apartments,2024-07-13,1.7211458186017006,0.8933823529411765,1.5376413011772547,1.0,2024-07,Q3 2024
Vesta City Park Apartments,2024-07-14,1.7196844671927098,0.8897058823529411,1.5300133862523373,1.0,2024-07,Q3 2024
Vesta City Park Apartments,2024-07-15,1.7159566433761146,0.8933823529411765,1.5330053836043966,1.0,2024-07,Q3 2024
Vesta City Park Apartments,2024-07-16,1.7255656552278809,0.8970588235294118,1.5479338966014815,1.0,2024-07,Q3 2024
Vesta City Park Apartments,2024-07-17,1.7255656552278809,0.8970588235294118,1.5479338966014815,1.0,2024-07,Q3 2024
Vesta City Park Apartments,2024-07-18,1.7255811816757651,0.8933823529411765,1.541603776276511,1.0,2024-07,Q3 2024
Vesta City Park Apartments,2024-07-19,1.727054837887552,0.9007352941176471,1.5556192473619495,1.0,2024-07,Q3 2024
Vesta City Park Apartments,2024-07-20,1.727054837887552,0.9044117647058824,1.5619687136777125,1.0,2024-07,Q3 2024
Vesta City Park Apartments,2024-07-21,1.727054837887552,0.9044117647058824,1.5619687136777125,1.0,2024-07,Q3 2024
Vesta City Park Apartments,2024-07-22,1.7285693002071505,0.9044117647058824,1.5633384112167612,1.0,2024-07,Q3 2024
Vesta City Park Apartments,2024-07-23,1.7298507796214198,0.9080882352941176,1.5708571417885686,1.0,2024-07,Q3 2024
Vesta City Park Apartments,2024-07-24,1.7298507796214198,0.9117647058823529,1.5772168873018826,1.0,2024-07,Q3 2024
Vesta City Park Apartments,2024-07-25,1.7298507796214198,0.9117647058823529,1.5772168873018826,1.0,2024-07,Q3 2024
Vesta City Park Apartments,2024-07-26,1.733185321693505,0.9117647058823529,1.5802572050734898,1.0,2024-07,Q3 2024
Vesta City Park Apartments,2024-07-27,1.733185321693505,0.9264705882352942,1.605745224510159,1.0,2024-07,Q3 2024
Vesta City Park Apartments,2024-07-28,1.733185321693505,0.9264705882352942,1.605745224510159,1.0,2024-07,Q3 2024
Vesta City Park Apartments,2024-07-29,1.733185321693505,0.9227941176470589,1.5993732196509918,1.0,2024-07,Q3 2024
Vesta City Park Apartments,2024-07-30,1.733185321693505,0.9191176470588235,1.5930012147918242,1.0,2024-07,Q3 2024
Vesta City Park Apartments,2024-07-31,1.7325983846168154,0.9191176470588235,1.5924617505669258,1.0,2024-07,Q3 2024
Vesta City Park Apartments,2024-08-01,1.7273921227629614,0.9154411764705882,1.5813258770881522,1.0,2024-08,Q3 2024
Vesta City Park Apartments,2024-08-02,1.7285935940756703,0.9154411764705882,1.582425753400154,1.0,2024-08,Q3 2024
Vesta City Park Apartments,2024-08-03,1.7285935940756703,0.9191176470588235,1.5887808769077851,1.0,2024-08,Q3 2024
Vesta City Park Apartments,2024-08-04,1.7301528763763812,0.9191176470588235,1.590214040787115,1.0,2024-08,Q3 2024
Vesta City Park Apartments,2024-08-05,1.7301528763763812,0.9227941176470589,1.5965748969502636,1.0,2024-08,Q3 2024
Vesta City Park Apartments,2024-08-06,1.7296105027029702,0.9191176470588235,1.589715535572583,1.0,2024-08,Q3 2024
Vesta City Park Apartments,2024-08-07,1.725632259068093,0.9191176470588235,1.5860590616434678,1.0,2024-08,Q3 2024
Vesta City Park Apartments,2024-08-08,1.725632259068093,0.9264705882352942,1.5987475341366157,1.0,2024-08,Q3 2024
Vesta City Park Apartments,2024-08-09,1.7211839402292983,0.9264705882352942,1.5946262975653793,1.0,2024-08,Q3 2024
Vesta City Park Apartments,2024-08-10,1.7211839402292983,0.9338235294117647,1.6072820618317714,1.0,2024-08,Q3 2024
Vesta City Park Apartments,2024-08-11,1.717851674696782,0.9338235294117647,1.6041703138712597,1.0,2024-08,Q3 2024
Vesta City Park Apartments,2024-08-12,1.717851674696782,0.9411764705882353,1.6168015761852066,1.0,2024-08,Q3 2024
Vesta City Park Apartments,2024-08-13,1.717851674696782,0.9411764705882353,1.6168015761852066,1.0,2024-08,Q3 2024
Vesta City Park Apartments,2024-08-14,1.7171370890825193,0.9411764705882353,1.6161290250188416,1.0,2024-08,Q3 2024
Vesta City Park Apartments,2024-08-15,1.7168036224601722,0.9448529411764706,1.6221269521039126,1.0,2024-08,Q3 2024
Vesta City Park Apartments,2024-08-16,1.7168036224601722,0.9522058823529411,1.6347505081514138,1.0,2024-08,Q3 2024
Vesta City Park Apartments,2024-08-17,1.7168036224601722,0.9522058823529411,1.6347505081514138,1.0,2024-08,Q3 2024
Vesta City Park Apartments,2024-08-18,1.7168036224601722,0.9522058823529411,1.6347505081514138,1.0,2024-08,Q3 2024
Vesta City Park Apartments,2024-08-19,1.7168036224601722,0.9522058823529411,1.6347505081514138,1.0,2024-08,Q3 2024
Vesta City Park Apartments,2024-08-20,1.71295908344041,0.9485294117647058,1.6247920717927418,1.0,2024-08,Q3 2024
Vesta City Park Apartments,2024-08-21,1.71295908344041,0.9522058823529411,1.6310897154818609,1.0,2024-08,Q3 2024
Vesta City Park Apartments,2024-08-22,1.71295908344041,0.9522058823529411,1.6310897154818609,1.0,2024-08,Q3 2024
Vesta City Park Apartments,2024-08-23,1.71295908344041,0.9485294117647058,1.6247920717927418,1.0,2024-08,Q3 2024
Vesta City Park Apartments,2024-08-24,1.7134479289164743,0.9485294117647058,1.6252557561045968,1.0,2024-08,Q3 2024
Vesta City Park Apartments,2024-08-25,1.7134479289164743,0.9522058823529411,1.631555197019731,1.0,2024-08,Q3 2024
Vesta City Park Apartments,2024-08-26,1.7134479289164743,0.9522058823529411,1.631555197019731,1.0,2024-08,Q3 2024
Vesta City Park Apartments,2024-08-27,1.7134479289164743,0.9522058823529411,1.631555197019731,1.0,2024-08,Q3 2024
Vesta City Park Apartments,2024-08-28,1.7134479289164743,0.9522058823529411,1.631555197019731,1.0,2024-08,Q3 2024
Vesta City Park Apartments,2024-08-29,1.7134479289164743,0.9522058823529411,1.631555197019731,1.0,2024-08,Q3 2024
Vesta City Park Apartments,2024-08-30,1.7134479289164743,0.9485294117647058,1.6252557561045968,1.0,2024-08,Q3 2024
Vesta City Park Apartments,2024-08-31,1.7134479289164743,0.9485294117647058,1.6252557561045968,1.0,2024-08,Q3 2024
Vesta City Park Apartments,2024-09-01,1.7134479289164743,0.9485294117647058,1.6252557561045968,1.0,2024-09,Q3 2024
Vesta City Park Apartments,2024-09-02,1.7134479289164743,0.9485294117647058,1.6252557561045968,1.0,2024-09,Q3 2024
Vesta City Park Apartments,2024-09-03,1.7134479289164743,0.9448529411764706,1.6189563151894628,1.0,2024-09,Q3 2024
Vesta City Park Apartments,2024-09-04,1.7134479289164743,0.9448529411764706,1.6189563151894628,1.0,2024-09,Q3 2024
Vesta City Park Apartments,2024-09-05,1.7134479289164743,0.9448529411764706,1.6189563151894628,1.0,2024-09,Q3 2024
Vesta City Park Apartments,2024-09-06,1.7134479289164743,0.9448529411764706,1.6189563151894628,1.0,2024-09,Q3 2024
Vesta City Park Apartments,2024-09-07,1.7134479289164743,0.9448529411764706,1.6189563151894628,1.0,2024-09,Q3 2024
Vesta City Park Apartments,2024-09-08,1.7134479289164743,0.9448529411764706,1.6189563151894628,1.0,2024-09,Q3 2024
Vesta City Park Apartments,2024-09-09,1.7137218740316813,0.9448529411764706,1.6192151530372871,1.0,2024-09,Q3 2024
Vesta City Park Apartments,2024-09-10,1.7139441533572286,0.9485294117647058,1.6257264395814888,1.0,2024-09,Q3 2024
Vesta City Park Apartments,2024-09-11,1.7139441533572286,0.9485294117647058,1.6257264395814888,1.0,2024-09,Q3 2024
Vesta City Park Apartments,2024-09-12,1.7139441533572286,0.9485294117647058,1.6257264395814888,1.0,2024-09,Q3 2024
Vesta City Park Apartments,2024-09-13,1.7139441533572286,0.9485294117647058,1.6257264395814888,1.0,2024-09,Q3 2024
Vesta City Park Apartments,2024-09-14,1.7139441533572286,0.9448529411764706,1.6194251743117931,1.0,2024-09,Q3 2024
Vesta City Park Apartments,2024-09-15,1.7139441533572286,0.9448529411764706,1.6194251743117931,1.0,2024-09,Q3 2024
Vesta City Park Apartments,2024-09-16,1.7139441533572286,0.9448529411764706,1.6194251743117931,1.0,2024-09,Q3 2024
Vesta City Park Apartments,2024-09-17,1.714176380415762,0.9411764705882353,1.6133424756854229,1.0,2024-09,Q3 2024
Vesta City Park Apartments,2024-09-18,1.714176380415762,0.9448529411764706,1.6196445947310691,1.0,2024-09,Q3 2024
Vesta City Park Apartments,2024-09-19,1.7137346545182544,0.9448529411764706,1.6192272287176153,1.0,2024-09,Q3 2024
Vesta City Park Apartments,2024-09-20,1.7137346545182544,0.9485294117647058,1.625527723770991,1.0,2024-09,Q3 2024
Vesta City Park Apartments,2024-09-21,1.7137346545182544,0.9411764705882353,1.6129267336642394,1.0,2024-09,Q3 2024
Vesta City Park Apartments,2024-09-22,1.7140033150862675,0.9411764705882353,1.6131795906694282,1.0,2024-09,Q3 2024
Vesta City Park Apartments,2024-09-23,1.7140033150862675,0.9448529411764706,1.6194810734454805,1.0,2024-09,Q3 2024
Vesta City Park Apartments,2024-09-24,1.7140033150862675,0.9411764705882353,1.6131795906694282,1.0,2024-09,Q3 2024
Vesta City Park Apartments,2024-09-25,1.7140033150862675,0.9375,1.6068781078933758,1.0,2024-09,Q3 2024
Vesta City Park Apartments,2024-09-26,1.7140033150862675,0.9375,1.6068781078933758,1.0,2024-09,Q3 2024
Vesta City Park Apartments,2024-09-27,1.7140033150862675,0.9338235294117647,1.6005766251173232,1.0,2024-09,Q3 2024
Vesta City Park Apartments,2024-09-28,1.7140033150862675,0.9338235294117647,1.6005766251173232,1.0,2024-09,Q3 2024
Vesta City Park Apartments,2024-09-29,1.7140033150862675,0.9338235294117647,1.6005766251173232,1.0,2024-09,Q3 2024
Vesta City Park Apartments,2024-09-30,1.7140033150862675,0.9338235294117647,1.6005766251173232,1.0,2024-09,Q3 2024
Vesta City Park Apartments,2024-10-01,1.7144139840076014,0.9338235294117647,1.600960117418863,1.0,2024-10,Q4 2024
Vesta City Park Apartments,2024-10-02,1.7146015192938988,0.9375,1.60743892433803,1.0,2024-10,Q4 2024
Vesta City Park Apartments,2024-10-03,1.7146015192938988,0.9485294117647058,1.6263499705067128,1.0,2024-10,Q4 2024
Vesta City Park Apartments,2024-10-04,1.7146015192938988,0.9485294117647058,1.6263499705067128,1.0,2024-10,Q4 2024
Vesta City Park Apartments,2024-10-05,1.7146015192938988,0.9448529411764706,1.6200462884504852,1.0,2024-10,Q4 2024
Vesta City Park Apartments,2024-10-06,1.7136996570516352,0.9448529411764706,1.6191941612583465,1.0,2024-10,Q4 2024
Vesta City Park Apartments,2024-10-07,1.7136996570516352,0.9485294117647058,1.6254945276445656,1.0,2024-10,Q4 2024
Vesta City Park Apartments,2024-10-08,1.7136996570516352,0.9485294117647058,1.6254945276445656,1.0,2024-10,Q4 2024
Vesta City Park Apartments,2024-10-09,1.7136996570516352,0.9485294117647058,1.6254945276445656,1.0,2024-10,Q4 2024
Vesta City Park Apartments,2024-10-10,1.7122126170185898,0.9485294117647058,1.6240840264367506,1.0,2024-10,Q4 2024
Vesta City Park Apartments,2024-10-11,1.7122126170185898,0.9522058823529411,1.6303789257640249,1.0,2024-10,Q4 2024
Vesta City Park Apartments,2024-10-12,1.7113107547763262,0.9522058823529411,1.6295201672318693,1.0,2024-10,Q4 2024
Vesta City Park Apartments,2024-10-13,1.7113107547763262,0.9558823529411765,1.6358117508891354,1.0,2024-10,Q4 2024
Vesta City Park Apartments,2024-10-14,1.7113107547763262,0.9558823529411765,1.6358117508891354,1.0,2024-10,Q4 2024
Vesta City Park Apartments,2024-10-15,1.7115574923241437,0.9558823529411765,1.6360476029569022,1.0,2024-10,Q4 2024
Vesta City Park Apartments,2024-10-16,1.7115574923241437,0.9558823529411765,1.6360476029569022,1.0,2024-10,Q4 2024
Vesta City Park Apartments,2024-10-17,1.7098879976422772,0.9558823529411765,1.6344517624521768,1.0,2024-10,Q4 2024
Vesta City Park Apartments,2024-10-18,1.7098879976422772,0.9558823529411765,1.6344517624521768,1.0,2024-10,Q4 2024
Vesta City Park Apartments,2024-10-19,1.7098879976422772,0.9558823529411765,1.6344517624521768,1.0,2024-10,Q4 2024
Vesta City Park Apartments,2024-10-20,1.7098879976422772,0.9558823529411765,1.6344517624521768,1.0,2024-10,Q4 2024
Vesta City Park Apartments,2024-10-21,1.7098879976422772,0.9558823529411765,1.6344517624521768,1.0,2024-10,Q4 2024
Vesta City Park Apartments,2024-10-22,1.7098879976422772,0.9558823529411765,1.6344517624521768,1.0,2024-10,Q4 2024
Vesta City Park Apartments,2024-10-23,1.7098879976422772,0.9558823529411765,1.6344517624521768,1.0,2024-10,Q4 2024
Vesta City Park Apartments,2024-10-24,1.7098879976422772,0.9558823529411765,1.6344517624521768,1.0,2024-10,Q4 2024
Vesta City Park Apartments,2024-10-25,1.7098879976422772,0.9558823529411765,1.6344517624521768,1.0,2024-10,Q4 2024
Vesta City Park Apartments,2024-10-26,1.7098879976422772,0.9558823529411765,1.6344517624521768,1.0,2024-10,Q4 2024
Vesta City Park Apartments,2024-10-27,1.7098879976422772,0.9558823529411765,1.6344517624521768,1.0,2024-10,Q4 2024
Vesta City Park Apartments,2024-10-28,1.7098879976422772,0.9558823529411765,1.6344517624521768,1.0,2024-10,Q4 2024
Vesta City Park Apartments,2024-10-29,1.7098879976422772,0.9558823529411765,1.6344517624521768,1.0,2024-10,Q4 2024
Vesta City Park Apartments,2024-10-30,1.7098879976422772,0.9558823529411765,1.6344517624521768,1.0,2024-10,Q4 2024
Vesta City Park Apartments,2024-10-31,1.7098879976422772,0.9558823529411765,1.6344517624521768,1.0,2024-10,Q4 2024
Vesta City Park Apartments,2024-11-01,1.7098879976422772,0.9558823529411765,1.6344517624521768,1.0,2024-11,Q4 2024
Vesta City Park Apartments,2024-11-02,1.7098879976422772,0.9558823529411765,1.6344517624521768,1.0,2024-11,Q4 2024
Vesta City Park Apartments,2024-11-03,1.7098879976422772,0.9558823529411765,1.6344517624521768,1.0,2024-11,Q4 2024
Vesta City Park Apartments,2024-11-04,1.7098879976422772,0.9558823529411765,1.6344517624521768,1.0,2024-11,Q4 2024
Vesta City Park Apartments,2024-11-05,1.7098879976422772,0.9558823529411765,1.6344517624521768,1.0,2024-11,Q4 2024
Vesta City Park Apartments,2024-11-06,1.7098879976422772,0.9558823529411765,1.6344517624521768,1.0,2024-11,Q4 2024
Vesta City Park Apartments,2024-11-07,1.7098879976422772,0.9558823529411765,1.6344517624521768,1.0,2024-11,Q4 2024
Vesta City Park Apartments,2024-11-08,1.7098879976422772,0.9522058823529411,1.6281654095196683,1.0,2024-11,Q4 2024
Vesta City Park Apartments,2024-11-09,1.7098879976422772,0.9448529411764706,1.6155927036546516,1.0,2024-11,Q4 2024
Vesta City Park Apartments,2024-11-10,1.7098879976422772,0.9448529411764706,1.6155927036546516,1.0,2024-11,Q4 2024
Vesta City Park Apartments,2024-11-11,1.7098879976422772,0.9411764705882353,1.6093063507221432,1.0,2024-11,Q4 2024
Vesta City Park Apartments,2024-11-12,1.712937040269483,0.9411764705882353,1.61217603790069,1.0,2024-11,Q4 2024
Vesta City Park Apartments,2024-11-13,1.712937040269483,0.9448529411764706,1.6184736005487395,1.0,2024-11,Q4 2024
Vesta City Park Apartments,2024-11-14,1.71297103421856,0.9411764705882353,1.6122080322057035,1.0,2024-11,Q4 2024
Vesta City Park Apartments,2024-11-15,1.71297103421856,0.9448529411764706,1.618505719831507,1.0,2024-11,Q4 2024
Vesta City Park Apartments,2024-11-16,1.71297103421856,0.9411764705882353,1.6122080322057035,1.0,2024-11,Q4 2024
Vesta City Park Apartments,2024-11-17,1.71297103421856,0.9411764705882353,1.6122080322057035,1.0,2024-11,Q4 2024
Vesta City Park Apartments,2024-11-18,1.71297103421856,0.9264705882352942,1.5870172817024895,1.0,2024-11,Q4 2024
Vesta City Park Apartments,2024-11-19,1.71297103421856,0.9227941176470589,1.580719594076686,1.0,2024-11,Q4 2024
Vesta City Park Apartments,2024-11-20,1.71297103421856,0.9227941176470589,1.580719594076686,1.0,2024-11,Q4 2024
Vesta City Park Apartments,2024-11-21,1.71297103421856,0.9227941176470589,1.580719594076686,1.0,2024-11,Q4 2024
Vesta City Park Apartments,2024-11-22,1.71297103421856,0.9191176470588235,1.5744219064508822,1.0,2024-11,Q4 2024
Vesta City Park Apartments,2024-11-23,1.71297103421856,0.9191176470588235,1.5744219064508822,1.0,2024-11,Q4 2024
Vesta City Park Apartments,2024-11-24,1.71297103421856,0.9154411764705882,1.5681242188250788,1.0,2024-11,Q4 2024
Vesta City Park Apartments,2024-11-25,1.71297103421856,0.9154411764705882,1.5681242188250788,1.0,2024-11,Q4 2024
Vesta City Park Apartments,2024-11-26,1.71297103421856,0.9154411764705882,1.5681242188250788,1.0,2024-11,Q4 2024
Vesta City Park Apartments,2024-11-27,1.71297103421856,0.9117647058823529,1.5618265311992752,1.0,2024-11,Q4 2024
Vesta City Park Apartments,2024-11-28,1.71297103421856,0.9117647058823529,1.5618265311992752,1.0,2024-11,Q4 2024
Vesta City Park Apartments,2024-11-29,1.71297103421856,0.9117647058823529,1.5618265311992752,1.0,2024-11,Q4 2024
Vesta City Park Apartments,2024-11-30,1.71297103421856,0.9117647058823529,1.5618265311992752,1.0,2024-11,Q4 2024
Vesta City Park Apartments,2024-12-01,1.7127262777852053,0.9117647058823529,1.5616033709218047,1.0,2024-12,Q4 2024
Vesta City Park Apartments,2024-12-02,1.7127262777852053,0.9154411764705882,1.5679001587077797,1.0,2024-12,Q4 2024
Vesta City Park Apartments,2024-12-03,1.7127262777852053,0.9154411764705882,1.5679001587077797,1.0,2024-12,Q4 2024
Vesta City Park Apartments,2024-12-04,1.7127262777852053,0.9154411764705882,1.5679001587077797,1.0,2024-12,Q4 2024
Vesta City Park Apartments,2024-12-05,1.7127262777852053,0.9117647058823529,1.5616033709218047,1.0,2024-12,Q4 2024
Vesta City Park Apartments,2024-12-06,1.7127262777852053,0.9117647058823529,1.5616033709218047,1.0,2024-12,Q4 2024
Vesta City Park Apartments,2024-12-07,1.7127262777852053,0.9117647058823529,1.5616033709218047,1.0,2024-12,Q4 2024
Vesta City Park Apartments,2024-12-08,1.7127262777852053,0.9117647058823529,1.5616033709218047,1.0,2024-12,Q4 2024
Vesta City Park Apartments,2024-12-09,1.7127262777852053,0.9117647058823529,1.5616033709218047,1.0,2024-12,Q4 2024
Vesta City Park Apartments,2024-12-10,1.71265130311068,0.9117647058823529,1.5615350116597377,1.0,2024-12,Q4 2024
Vesta City Park Apartments,2024-12-11,1.71265130311068,0.9154411764705882,1.567831523803527,1.0,2024-12,Q4 2024
Vesta City Park Apartments,2024-12-12,1.71265130311068,0.9154411764705882,1.567831523803527,1.0,2024-12,Q4 2024
Vesta City Park Apartments,2024-12-13,1.7111580575097214,0.9154411764705882,1.5664645452938257,1.0,2024-12,Q4 2024
Vesta City Park Apartments,2024-12-14,1.707813015336992,0.9191176470588235,1.5696810802729704,1.0,2024-12,Q4 2024
Vesta City Park Apartments,2024-12-15,1.7070822487737567,0.9227941176470589,1.5752854575081359,1.0,2024-12,Q4 2024
Vesta City Park Apartments,2024-12-16,1.7070822487737567,0.9264705882352942,1.581561495187451,1.0,2024-12,Q4 2024
Vesta City Park Apartments,2024-12-17,1.7053893049542432,0.9264705882352942,1.579993032531137,1.0,2024-12,Q4 2024
Vesta City Park Apartments,2024-12-18,1.7053893049542432,0.9301470588235294,1.5862628461522925,1.0,2024-12,Q4 2024
Vesta City Park Apartments,2024-12-19,1.7022454241589682,0.9301470588235294,1.5833385746772757,1.0,2024-12,Q4 2024
Vesta City Park Apartments,2024-12-20,1.7022454241589682,0.9375,1.5958550851490327,1.0,2024-12,Q4 2024
Vesta City Park Apartments,2024-12-21,1.7012505413073447,0.9375,1.5949223824756356,1.0,2024-12,Q4 2024
Vesta City Park Apartments,2024-12-22,1.7012505413073447,0.9411764705882353,1.6011769800539715,1.0,2024-12,Q4 2024
Vesta City Park Apartments,2024-12-23,1.7008711282837743,0.9375,1.5945666827660383,1.0,2024-12,Q4 2024
Vesta City Park Apartments,2024-12-24,1.7008711282837743,0.9375,1.5945666827660383,1.0,2024-12,Q4 2024
Vesta City Park Apartments,2024-12-25,1.7008711282837743,0.9375,1.5945666827660383,1.0,2024-12,Q4 2024
Vesta City Park Apartments,2024-12-26,1.7008711282837743,0.9375,1.5945666827660383,1.0,2024-12,Q4 2024
Vesta City Park Apartments,2024-12-27,1.7008711282837743,0.9375,1.5945666827660383,1.0,2024-12,Q4 2024
Vesta City Park Apartments,2024-12-28,1.698773837240247,0.9338235294117647,1.5863549803640542,1.0,2024-12,Q4 2024
Vesta City Park Apartments,2024-12-29,1.698773837240247,0.9375,1.5926004724127316,1.0,2024-12,Q4 2024
Vesta City Park Apartments,2024-12-30,1.698773837240247,0.9375,1.5926004724127316,1.0,2024-12,Q4 2024
Vesta City Park Apartments,2024-12-31,1.698773837240247,0.9375,1.5926004724127316,1.0,2024-12,Q4 2024
Vesta City Park Apartments,2025-01-01,1.698773837240247,0.9375,1.5926004724127316,1.0,2025-01,Q1 2025
Vesta City Park Apartments,2025-01-02,1.698773837240247,0.9375,1.5926004724127316,1.0,2025-01,Q1 2025
Vesta City Park Apartments,2025-01-03,1.698773837240247,0.9375,1.5926004724127316,1.0,2025-01,Q1 2025
Vesta City Park Apartments,2025-01-04,1.6988435834088862,0.9301470588235294,1.5801743625090008,1.0,2025-01,Q1 2025
Vesta City Park Apartments,2025-01-05,1.6988435834088862,0.9338235294117647,1.5864201109774159,1.0,2025-01,Q1 2025
Vesta City Park Apartments,2025-01-06,1.6988435834088862,0.9338235294117647,1.5864201109774159,1.0,2025-01,Q1 2025
Vesta City Park Apartments,2025-01-07,1.6988435834088862,0.9338235294117647,1.5864201109774159,1.0,2025-01,Q1 2025
Vesta City Park Apartments,2025-01-08,1.6988435834088862,0.9338235294117647,1.5864201109774159,1.0,2025-01,Q1 2025
Vesta City Park Apartments,2025-01-09,1.6989063549606611,0.9338235294117647,1.5864787285294408,1.0,2025-01,Q1 2025
Vesta City Park Apartments,2025-01-10,1.6989063549606611,0.9301470588235294,1.580232749283262,1.0,2025-01,Q1 2025
Vesta City Park Apartments,2025-01-11,1.6989063549606611,0.9301470588235294,1.580232749283262,1.0,2025-01,Q1 2025
Vesta City Park Apartments,2025-01-12,1.6989063549606611,0.9301470588235294,1.580232749283262,1.0,2025-01,Q1 2025
Vesta City Park Apartments,2025-01-13,1.6989063549606611,0.9301470588235294,1.580232749283262,1.0,2025-01,Q1 2025
Vesta City Park Apartments,2025-01-14,1.7000220552328738,0.9301470588235294,1.5812705146099892,1.0,2025-01,Q1 2025
Vesta City Park Apartments,2025-01-15,1.7000220552328738,0.9338235294117647,1.5875205956954042,1.0,2025-01,Q1 2025
Vesta City Park Apartments,2025-01-16,1.7000220552328738,0.9338235294117647,1.5875205956954042,1.0,2025-01,Q1 2025
Vesta City Park Apartments,2025-01-17,1.7000220552328738,0.9338235294117647,1.5875205956954042,1.0,2025-01,Q1 2025
Vesta City Park Apartments,2025-01-18,1.7000220552328738,0.9301470588235294,1.5812705146099892,1.0,2025-01,Q1 2025
Vesta City Park Apartments,2025-01-19,1.7000220552328738,0.9301470588235294,1.5812705146099892,1.0,2025-01,Q1 2025
Vesta City Park Apartments,2025-01-20,1.7000220552328738,0.9264705882352942,1.5750204335245743,1.0,2025-01,Q1 2025
Vesta City Park Apartments,2025-01-21,1.7000220552328738,0.9227941176470589,1.5687703524391594,1.0,2025-01,Q1 2025
Vesta City Park Apartments,2025-01-22,1.7000220552328738,0.9191176470588235,1.5625202713537443,1.0,2025-01,Q1 2025
Vesta City Park Apartments,2025-01-23,1.7000220552328738,0.9191176470588235,1.5625202713537443,1.0,2025-01,Q1 2025
Vesta City Park Apartments,2025-01-24,1.7002831109697973,0.9154411764705882,1.556509171439263,1.0,2025-01,Q1 2025
Vesta City Park Apartments,2025-01-25,1.700968603227676,0.9191176470588235,1.563390260319555,1.0,2025-01,Q1 2025
Vesta City Park Apartments,2025-01-26,1.700968603227676,0.9191176470588235,1.563390260319555,1.0,2025-01,Q1 2025
Vesta City Park Apartments,2025-01-27,1.700968603227676,0.9117647058823529,1.5508831382369987,1.0,2025-01,Q1 2025
Vesta City Park Apartments,2025-01-28,1.700968603227676,0.9117647058823529,1.5508831382369987,1.0,2025-01,Q1 2025
Vesta City Park Apartments,2025-01-29,1.700968603227676,0.9117647058823529,1.5508831382369987,1.0,2025-01,Q1 2025
Vesta City Park Apartments,2025-01-30,1.700968603227676,0.9117647058823529,1.5508831382369987,1.0,2025-01,Q1 2025
Vesta City Park Apartments,2025-01-31,1.700968603227676,0.9117647058823529,1.5508831382369987,1.0,2025-01,Q1 2025
Vesta City Park Apartments,2025-02-01,1.700968603227676,0.9080882352941176,1.5446295771957206,1.0,2025-02,Q1 2025
Vesta City Park Apartments,2025-02-02,1.700208195134559,0.9044117647058824,1.5376882941290495,1.0,2025-02,Q1 2025
Vesta City Park Apartments,2025-02-03,1.700208195134559,0.9080882352941176,1.5439390595523383,1.0,2025-02,Q1 2025
Vesta City Park Apartments,2025-02-04,1.700208195134559,0.9080882352941176,1.5439390595523383,1.0,2025-02,Q1 2025
Vesta City Park Apartments,2025-02-05,1.6999800727066239,0.8933823529411765,1.5187321973077559,1.0,2025-02,Q1 2025
Vesta City Park Apartments,2025-02-06,1.6999800727066239,0.8970588235294118,1.524982124045648,1.0,2025-02,Q1 2025
Vesta City Park Apartments,2025-02-07,1.6995860430583725,0.8970588235294118,1.5246286562729519,1.0,2025-02,Q1 2025
Vesta City Park Apartments,2025-02-08,1.6995860430583725,0.8897058823529411,1.5121317000739931,1.0,2025-02,Q1 2025
Vesta City Park Apartments,2025-02-09,1.6979891860628271,0.8897058823529411,1.51071096701178,1.0,2025-02,Q1 2025
Vesta City Park Apartments,2025-02-10,1.6979891860628271,0.8970588235294118,1.523196181615183,1.0,2025-02,Q1 2025
Vesta City Park Apartments,2025-02-11,1.6979891860628271,0.8970588235294118,1.523196181615183,1.0,2025-02,Q1 2025
Vesta City Park Apartments,2025-02-12,1.6979891860628271,0.8897058823529411,1.51071096701178,1.0,2025-02,Q1 2025
Vesta City Park Apartments,2025-02-13,1.6986478983298814,0.8897058823529411,1.5112970271905561,1.0,2025-02,Q1 2025
Vesta City Park Apartments,2025-02-14,1.6995736203431773,0.8933823529411765,1.5183690799389415,1.0,2025-02,Q1 2025
Vesta City Park Apartments,2025-02-15,1.7004593897321099,0.8970588235294118,1.525412099612628,1.0,2025-02,Q1 2025
Vesta City Park Apartments,2025-02-16,1.701172872472282,0.9007352941176471,1.5323064476312835,1.0,2025-02,Q1 2025
Vesta City Park Apartments,2025-02-17,1.7004325010021692,0.9044117647058824,1.537891158994609,1.0,2025-02,Q1 2025
Vesta City Park Apartments,2025-02-18,1.6997200698861001,0.9080882352941176,1.543495798756863,1.0,2025-02,Q1 2025
Vesta City Park Apartments,2025-02-19,1.7004621856320055,0.9117647058823529,1.5504214045468285,1.0,2025-02,Q1 2025
Vesta City Park Apartments,2025-02-20,1.7003265170767465,0.9154411764705882,1.5565489071768746,1.0,2025-02,Q1 2025
Vesta City Park Apartments,2025-02-21,1.7003265170767465,0.9191176470588235,1.5628001076073037,1.0,2025-02,Q1 2025
Vesta City Park Apartments,2025-02-22,1.7029191421763912,0.9154411764705882,1.5589223029482404,1.0,2025-02,Q1 2025
Vesta City Park Apartments,2025-02-23,1.7029191421763912,0.9227941176470589,1.5714437672289494,1.0,2025-02,Q1 2025
Vesta City Park Apartments,2025-02-24,1.7029191421763912,0.9227941176470589,1.5714437672289494,1.0,2025-02,Q1 2025
Vesta City Park Apartments,2025-02-25,1.7029191421763912,0.9227941176470589,1.5714437672289494,1.0,2025-02,Q1 2025
Vesta City Park Apartments,2025-02-26,1.7029191421763912,0.9117647058823529,1.5526615708078861,1.0,2025-02,Q1 2025
Vesta City Park Apartments,2025-02-27,1.7029191421763912,0.9117647058823529,1.5526615708078861,1.0,2025-02,Q1 2025
Vesta City Park Apartments,2025-02-28,1.7041506309870078,0.9117647058823529,1.5537843988410953,1.0,2025-02,Q1 2025
Vesta City Park Apartments,2025-03-01,1.7005897112328192,0.9117647058823529,1.550537677888747,1.0,2025-03,Q1 2025
Vesta City Park Apartments,2025-03-02,1.7005897112328192,0.9154411764705882,1.5567898459447498,1.0,2025-03,Q1 2025
Vesta City Park Apartments,2025-03-03,1.7005897112328192,0.9117647058823529,1.550537677888747,1.0,2025-03,Q1 2025
Vesta City Park Apartments,2025-03-04,1.7021322099055505,0.9117647058823529,1.5519440737374137,1.0,2025-03,Q1 2025
Vesta City Park Apartments,2025-03-05,1.6981860160119695,0.9154411764705882,1.5545894043638986,1.0,2025-03,Q1 2025
Vesta City Park Apartments,2025-03-06,1.6981860160119695,0.9191176470588235,1.560832735305119,1.0,2025-03,Q1 2025
Vesta City Park Apartments,2025-03-07,1.6919495010762842,0.9154411764705882,1.5488802417940983,1.0,2025-03,Q1 2025
Vesta City Park Apartments,2025-03-08,1.691092715791672,0.9080882352941176,1.5356614000019961,1.0,2025-03,Q1 2025
Vesta City Park Apartments,2025-03-09,1.6882659370673585,0.9154411764705882,1.5455081556241628,1.0,2025-03,Q1 2025
Vesta City Park Apartments,2025-03-10,1.6882659370673585,0.9191176470588235,1.5517150156869104,1.0,2025-03,Q1 2025
Vesta City Park Apartments,2025-03-11,1.6882659370673585,0.9191176470588235,1.5517150156869104,1.0,2025-03,Q1 2025
Vesta City Park Apartments,2025-03-12,1.6855915670822994,0.9191176470588235,1.549256955038878,1.0,2025-03,Q1 2025
Vesta City Park Apartments,2025-03-13,1.6855915670822994,0.9227941176470589,1.5554539828590337,1.0,2025-03,Q1 2025
Vesta City Park Apartments,2025-03-14,1.6855915670822994,0.9227941176470589,1.5554539828590337,1.0,2025-03,Q1 2025
Vesta City Park Apartments,2025-03-15,1.6872868079496557,0.9227941176470589,1.557018341159425,1.0,2025-03,Q1 2025
Vesta City Park Apartments,2025-03-16,1.6872868079496557,0.9264705882352942,1.5632216014827693,1.0,2025-03,Q1 2025
Vesta City Park Apartments,2025-03-17,1.6872868079496557,0.9264705882352942,1.5632216014827693,1.0,2025-03,Q1 2025
Vesta City Park Apartments,2025-03-18,1.687982717636269,0.9227941176470589,1.5576605225246454,1.0,2025-03,Q1 2025
Vesta City Park Apartments,2025-03-19,1.687982717636269,0.9154411764705882,1.5452488848949668,1.0,2025-03,Q1 2025
Vesta City Park Apartments,2025-03-20,1.687982717636269,0.9154411764705882,1.5452488848949668,1.0,2025-03,Q1 2025
Vesta City Park Apartments,2025-03-21,1.6898617949914303,0.9080882352941176,1.5345436153047178,1.0,2025-03,Q1 2025
Vesta City Park Apartments,2025-03-22,1.6898617949914303,0.9154411764705882,1.546969069679655,1.0,2025-03,Q1 2025
Vesta City Park Apartments,2025-03-23,1.6898617949914303,0.9117647058823529,1.5407563424921864,1.0,2025-03,Q1 2025
Vesta City Park Apartments,2025-03-24,1.6898617949914303,0.9117647058823529,1.5407563424921864,1.0,2025-03,Q1 2025
Vesta City Park Apartments,2025-03-25,1.6898617949914303,0.9080882352941176,1.5345436153047178,1.0,2025-03,Q1 2025
Vesta City Park Apartments,2025-03-26,1.6898617949914303,0.9080882352941176,1.5345436153047178,1.0,2025-03,Q1 2025
Vesta City Park Apartments,2025-03-27,1.6898617949914303,0.9080882352941176,1.5345436153047178,1.0,2025-03,Q1 2025
Vesta City Park Apartments,2025-03-28,1.6898617949914303,0.9080882352941176,1.5345436153047178,1.0,2025-03,Q1 2025
Vesta City Park Apartments,2025-03-29,1.6898617949914303,0.9044117647058824,1.5283308881172495,1.0,2025-03,Q1 2025
Vesta City Park Apartments,2025-03-30,1.6898617949914303,0.9044117647058824,1.5283308881172495,1.0,2025-03,Q1 2025
Vesta City Park Apartments,2025-03-31,1.6898617949914303,0.9044117647058824,1.5283308881172495,1.0,2025-03,Q1 2025
Vesta City Park Apartments,2025-04-01,1.6898617949914303,0.9044117647058824,1.5283308881172495,1.0,2025-04,Q2 2025
Vesta City Park Apartments,2025-04-02,1.6898617949914303,0.9007352941176471,1.522118160929781,1.0,2025-04,Q2 2025
Vesta City Park Apartments,2025-04-03,1.6898617949914303,0.9007352941176471,1.522118160929781,1.0,2025-04,Q2 2025
Vesta City Park Apartments,2025-04-04,1.6909527183453446,0.9007352941176471,1.5231007940978287,1.0,2025-04,Q2 2025
Vesta City Park Apartments,2025-04-05,1.6909527183453446,0.8933823529411765,1.5106673182276424,1.0,2025-04,Q2 2025
Vesta City Park Apartments,2025-04-06,1.6909527183453446,0.8933823529411765,1.5106673182276424,1.0,2025-04,Q2 2025
Vesta City Park Apartments,2025-04-07,1.6909527183453446,0.8860294117647058,1.498233842357456,1.0,2025-04,Q2 2025
Vesta City Park Apartments,2025-04-08,1.6909527183453446,0.8860294117647058,1.498233842357456,1.0,2025-04,Q2 2025
Vesta City Park Apartments,2025-04-09,1.6909527183453446,0.8860294117647058,1.498233842357456,1.0,2025-04,Q2 2025
Vesta City Park Apartments,2025-04-10,1.6907587363597976,0.8860294117647058,1.4980619686129089,1.0,2025-04,Q2 2025
Vesta City Park Apartments,2025-04-11,1.6907587363597976,0.8897058823529411,1.5042779933789374,1.0,2025-04,Q2 2025
Vesta City Park Apartments,2025-04-12,1.6908964009947018,0.8897058823529411,1.5044004744144037,1.0,2025-04,Q2 2025
Vesta City Park Apartments,2025-04-13,1.6908964009947018,0.8933823529411765,1.5106170053004138,1.0,2025-04,Q2 2025
Vesta City Park Apartments,2025-04-14,1.6908964009947018,0.8933823529411765,1.5106170053004138,1.0,2025-04,Q2 2025
Vesta City Park Apartments,2025-04-15,1.6908964009947018,0.8933823529411765,1.5106170053004138,1.0,2025-04,Q2 2025
Vesta City Park Apartments,2025-04-16,1.6908964009947018,0.8897058823529411,1.5044004744144037,1.0,2025-04,Q2 2025
Vesta City Park Apartments,2025-04-17,1.6908964009947018,0.8860294117647058,1.498183943528394,1.0,2025-04,Q2 2025
Vesta City Park Apartments,2025-04-18,1.6908964009947018,0.8860294117647058,1.498183943528394,1.0,2025-04,Q2 2025
Vesta City Park Apartments,2025-04-19,1.6896887066975852,0.8823529411764706,1.4909018000272811,1.0,2025-04,Q2 2025
Vesta City Park Apartments,2025-04-20,1.6883370902821597,0.8860294117647058,1.495916318963237,1.0,2025-04,Q2 2025
Vesta City Park Apartments,2025-04-21,1.6883370902821597,0.8897058823529411,1.502123440618686,1.0,2025-04,Q2 2025
Vesta City Park Apartments,2025-04-22,1.6877478782193818,0.8823529411764706,1.4891893043112192,1.0,2025-04,Q2 2025
Vesta City Park Apartments,2025-04-23,1.6802461797856945,0.8823529411764706,1.4825701586344362,1.0,2025-04,Q2 2025
Vesta City Park Apartments,2025-04-24,1.6794273746098811,0.8970588235294118,1.5065451448706286,1.0,2025-04,Q2 2025
Vesta City Park Apartments,2025-04-25,1.676435172538596,0.9007352941176471,1.5100243282057206,1.0,2025-04,Q2 2025
Vesta City Park Apartments,2025-04-26,1.6765879775041441,0.9080882352941176,1.522489817807072,1.0,2025-04,Q2 2025
Vesta City Park Apartments,2025-04-27,1.6690387933481103,0.9117647058823529,1.5217706645232771,1.0,2025-04,Q2 2025
Haven at Rivergate,2023-12-05,1.2804914133498118,0.8588709677419355,1.0997768993689916,1.0,2023-12,Q4 2023
Haven at Rivergate,2023-12-06,1.2804914133498118,0.8669354838709677,1.1101034430250385,1.0,2023-12,Q4 2023
Haven at Rivergate,2023-12-07,1.2804914133498118,0.8629032258064516,1.104940171197015,1.0,2023-12,Q4 2023
Haven at Rivergate,2023-12-08,1.2804914133498118,0.8629032258064516,1.104940171197015,1.0,2023-12,Q4 2023
Haven at Rivergate,2023-12-09,1.2804914133498118,0.8629032258064516,1.104940171197015,1.0,2023-12,Q4 2023
Haven at Rivergate,2023-12-10,1.2804914133498118,0.8629032258064516,1.104940171197015,1.0,2023-12,Q4 2023
Haven at Rivergate,2023-12-11,1.2804914133498118,0.8588709677419355,1.0997768993689916,1.0,2023-12,Q4 2023
Haven at Rivergate,2023-12-12,1.2852976230712982,0.8588709677419355,1.1039048133636553,1.0,2023-12,Q4 2023
Haven at Rivergate,2023-12-13,1.2852976230712982,0.8669354838709677,1.1142701167755207,1.0,2023-12,Q4 2023
Haven at Rivergate,2023-12-14,1.2852976230712982,0.8669354838709677,1.1142701167755207,1.0,2023-12,Q4 2023
Haven at Rivergate,2023-12-15,1.2852976230712982,0.8588709677419355,1.1039048133636553,1.0,2023-12,Q4 2023
Haven at Rivergate,2023-12-16,1.2843268143410764,0.8588709677419355,1.1030710139300375,1.0,2023-12,Q4 2023
Haven at Rivergate,2023-12-17,1.2843268143410764,0.8629032258064516,1.1082497510846385,1.0,2023-12,Q4 2023
Haven at Rivergate,2023-12-18,1.2843268143410764,0.8629032258064516,1.1082497510846385,1.0,2023-12,Q4 2023
Haven at Rivergate,2023-12-19,1.2843268143410764,0.8629032258064516,1.1082497510846385,1.0,2023-12,Q4 2023
Haven at Rivergate,2023-12-20,1.2843268143410764,0.8588709677419355,1.1030710139300375,1.0,2023-12,Q4 2023
Haven at Rivergate,2023-12-21,1.2860841244379477,0.8588709677419355,1.10458031655356,1.0,2023-12,Q4 2023
Haven at Rivergate,2023-12-22,1.2803207671797485,0.8629032258064516,1.104792920066396,1.0,2023-12,Q4 2023
Haven at Rivergate,2023-12-23,1.2803207671797485,0.8629032258064516,1.104792920066396,1.0,2023-12,Q4 2023
Haven at Rivergate,2023-12-24,1.2803207671797485,0.8629032258064516,1.104792920066396,1.0,2023-12,Q4 2023
Haven at Rivergate,2023-12-25,1.2803207671797485,0.8629032258064516,1.104792920066396,1.0,2023-12,Q4 2023
Haven at Rivergate,2023-12-26,1.2803207671797485,0.8629032258064516,1.104792920066396,1.0,2023-12,Q4 2023
Haven at Rivergate,2023-12-27,1.276853762383141,0.8629032258064516,1.101801230443517,1.0,2023-12,Q4 2023
Haven at Rivergate,2023-12-28,1.276853762383141,0.8669354838709677,1.106949834324094,1.0,2023-12,Q4 2023
Haven at Rivergate,2023-12-29,1.276853762383141,0.8669354838709677,1.106949834324094,1.0,2023-12,Q4 2023
Haven at Rivergate,2023-12-30,1.276853762383141,0.8669354838709677,1.106949834324094,1.0,2023-12,Q4 2023
Haven at Rivergate,2023-12-31,1.276652792642627,0.8669354838709677,1.1067756065248582,1.0,2023-12,Q4 2023
Haven at Rivergate,2024-01-01,1.276652792642627,0.8709677419354839,1.1119234000435783,1.0,2024-01,Q1 2024
Haven at Rivergate,2024-01-02,1.276652792642627,0.8709677419354839,1.1119234000435783,1.0,2024-01,Q1 2024
Haven at Rivergate,2024-01-03,1.279586101517499,0.8709677419354839,1.1144782174507248,1.0,2024-01,Q1 2024
Haven at Rivergate,2024-01-04,1.279586101517499,0.8790322580645161,1.1247974602048982,1.0,2024-01,Q1 2024
Haven at Rivergate,2024-01-05,1.279586101517499,0.8790322580645161,1.1247974602048982,1.0,2024-01,Q1 2024
Haven at Rivergate,2024-01-06,1.2835408042595449,0.8790322580645161,1.1282737714862128,1.0,2024-01,Q1 2024
Haven at Rivergate,2024-01-07,1.2834613165211664,0.8870967741935484,1.1385543936881315,1.0,2024-01,Q1 2024
Haven at Rivergate,2024-01-08,1.2834613165211664,0.8911290322580645,1.1437296409321684,1.0,2024-01,Q1 2024
Haven at Rivergate,2024-01-09,1.2772250741072084,0.8830645161290323,1.1278721420543494,1.0,2024-01,Q1 2024
Haven at Rivergate,2024-01-10,1.2772250741072084,0.8951612903225806,1.1433224453701623,1.0,2024-01,Q1 2024
Haven at Rivergate,2024-01-11,1.2772250741072084,0.8951612903225806,1.1433224453701623,1.0,2024-01,Q1 2024
Haven at Rivergate,2024-01-12,1.2802203939253334,0.8951612903225806,1.146003739723484,1.0,2024-01,Q1 2024
Haven at Rivergate,2024-01-13,1.2802203939253334,0.9032258064516129,1.1563280977390107,1.0,2024-01,Q1 2024
Haven at Rivergate,2024-01-14,1.2833644243214768,0.9032258064516129,1.1591678671290757,1.0,2024-01,Q1 2024
Haven at Rivergate,2024-01-15,1.2833644243214768,0.907258064516129,1.1643427236787591,1.0,2024-01,Q1 2024
Haven at Rivergate,2024-01-16,1.2833644243214768,0.907258064516129,1.1643427236787591,1.0,2024-01,Q1 2024
Haven at Rivergate,2024-01-17,1.2833644243214768,0.907258064516129,1.1643427236787591,1.0,2024-01,Q1 2024
Haven at Rivergate,2024-01-18,1.2833644243214768,0.9032258064516129,1.1591678671290757,1.0,2024-01,Q1 2024
Haven at Rivergate,2024-01-19,1.2833644243214768,0.8951612903225806,1.148818154029709,1.0,2024-01,Q1 2024
Haven at Rivergate,2024-01-20,1.2833644243214768,0.8951612903225806,1.148818154029709,1.0,2024-01,Q1 2024
Haven at Rivergate,2024-01-21,1.2833644243214768,0.8951612903225806,1.148818154029709,1.0,2024-01,Q1 2024
Haven at Rivergate,2024-01-22,1.2833644243214768,0.8951612903225806,1.148818154029709,1.0,2024-01,Q1 2024
Haven at Rivergate,2024-01-23,1.2821512667819117,0.8951612903225806,1.1477321823612274,1.0,2024-01,Q1 2024
Haven at Rivergate,2024-01-24,1.2821512667819117,0.9112903225806451,1.1684120415028711,1.0,2024-01,Q1 2024
Haven at Rivergate,2024-01-25,1.2821512667819117,0.9112903225806451,1.1684120415028711,1.0,2024-01,Q1 2024
Haven at Rivergate,2024-01-26,1.2828643783601477,0.9112903225806451,1.1690618931830377,1.0,2024-01,Q1 2024
Haven at Rivergate,2024-01-27,1.2828643783601477,0.9153225806451613,1.174234733418361,1.0,2024-01,Q1 2024
Haven at Rivergate,2024-01-28,1.2828643783601477,0.9153225806451613,1.174234733418361,1.0,2024-01,Q1 2024
Haven at Rivergate,2024-01-29,1.2828643783601477,0.9153225806451613,1.174234733418361,1.0,2024-01,Q1 2024
Haven at Rivergate,2024-01-30,1.2828643783601477,0.9153225806451613,1.174234733418361,1.0,2024-01,Q1 2024
Haven at Rivergate,2024-01-31,1.2828643783601477,0.9153225806451613,1.174234733418361,1.0,2024-01,Q1 2024
Haven at Rivergate,2024-02-01,1.2828643783601477,0.9153225806451613,1.174234733418361,1.0,2024-02,Q1 2024
Haven at Rivergate,2024-02-02,1.2828643783601477,0.9153225806451613,1.174234733418361,1.0,2024-02,Q1 2024
Haven at Rivergate,2024-02-03,1.2828643783601477,0.9153225806451613,1.174234733418361,1.0,2024-02,Q1 2024
Haven at Rivergate,2024-02-04,1.2808519967542171,0.9153225806451613,1.1723927550935778,1.0,2024-02,Q1 2024
Haven at Rivergate,2024-02-05,1.2824236354459684,0.9233870967741935,1.1841734375690594,1.0,2024-02,Q1 2024
Haven at Rivergate,2024-02-06,1.285495940673196,0.9233870967741935,1.1870103645732335,1.0,2024-02,Q1 2024
Haven at Rivergate,2024-02-07,1.284431704312576,0.9314516129032258,1.196385982645988,1.0,2024-02,Q1 2024
Haven at Rivergate,2024-02-08,1.2846824975734956,0.935483870967742,1.2017997557945606,1.0,2024-02,Q1 2024
Haven at Rivergate,2024-02-09,1.2846824975734956,0.939516129032258,1.2069799271557438,1.0,2024-02,Q1 2024
Haven at Rivergate,2024-02-10,1.2819338753287046,0.939516129032258,1.204397552224146,1.0,2024-02,Q1 2024
Haven at Rivergate,2024-02-11,1.2819338753287046,0.9435483870967742,1.2095666404311165,1.0,2024-02,Q1 2024
Haven at Rivergate,2024-02-12,1.3026809908479888,0.8870967741935484,1.1556041047845063,1.0,2024-02,Q1 2024
Haven at Rivergate,2024-02-13,1.3026809908479888,0.935483870967742,1.2186370559545703,1.0,2024-02,Q1 2024
Haven at Rivergate,2024-02-14,1.3026809908479888,0.935483870967742,1.2186370559545703,1.0,2024-02,Q1 2024
Haven at Rivergate,2024-02-15,1.3026809908479888,0.9314516129032258,1.2133843100237314,1.0,2024-02,Q1 2024
Haven at Rivergate,2024-02-16,1.3026809908479888,0.9314516129032258,1.2133843100237314,1.0,2024-02,Q1 2024
Haven at Rivergate,2024-02-17,1.304464996652841,0.9314516129032258,1.2150460251080897,1.0,2024-02,Q1 2024
Haven at Rivergate,2024-02-18,1.304464996652841,0.939516129032258,1.2255659041133546,1.0,2024-02,Q1 2024
Haven at Rivergate,2024-02-19,1.3074840616557786,0.939516129032258,1.2284023643782112,1.0,2024-02,Q1 2024
Haven at Rivergate,2024-02-20,1.3074840616557786,0.9435483870967742,1.2336744775300492,1.0,2024-02,Q1 2024
Haven at Rivergate,2024-02-21,1.3051747567470136,0.9435483870967742,1.2314955366080693,1.0,2024-02,Q1 2024
Haven at Rivergate,2024-02-22,1.3051747567470136,0.9475806451612904,1.2367583380465654,1.0,2024-02,Q1 2024
Haven at Rivergate,2024-02-23,1.3051747567470136,0.939516129032258,1.2262327351695732,1.0,2024-02,Q1 2024
Haven at Rivergate,2024-02-24,1.3051747567470136,0.935483870967742,1.2209699337310773,1.0,2024-02,Q1 2024
Haven at Rivergate,2024-02-25,1.3051747567470136,0.935483870967742,1.2209699337310773,1.0,2024-02,Q1 2024
Haven at Rivergate,2024-02-26,1.3051747567470136,0.9314516129032258,1.2157071322925812,1.0,2024-02,Q1 2024
Haven at Rivergate,2024-02-27,1.3051747567470136,0.9314516129032258,1.2157071322925812,1.0,2024-02,Q1 2024
Haven at Rivergate,2024-02-28,1.3051747567470136,0.9314516129032258,1.2157071322925812,1.0,2024-02,Q1 2024
Haven at Rivergate,2024-02-29,1.3051747567470136,0.9314516129032258,1.2157071322925812,1.0,2024-02,Q1 2024
Haven at Rivergate,2024-03-01,1.3042099934481903,0.9314516129032258,1.2148085019618224,1.0,2024-03,Q1 2024
Haven at Rivergate,2024-03-02,1.3042099934481903,0.935483870967742,1.2200674132257265,1.0,2024-03,Q1 2024
Haven at Rivergate,2024-03-03,1.3042099934481903,0.935483870967742,1.2200674132257265,1.0,2024-03,Q1 2024
Haven at Rivergate,2024-03-04,1.3042099934481903,0.935483870967742,1.2200674132257265,1.0,2024-03,Q1 2024
Haven at Rivergate,2024-03-05,1.3044777581556504,0.935483870967742,1.2203179027907698,1.0,2024-03,Q1 2024
Haven at Rivergate,2024-03-06,1.3044777581556504,0.939516129032258,1.2255778937510746,1.0,2024-03,Q1 2024
Haven at Rivergate,2024-03-07,1.3044777581556504,0.9314516129032258,1.2150579118304645,1.0,2024-03,Q1 2024
Haven at Rivergate,2024-03-08,1.3044777581556504,0.9314516129032258,1.2150579118304645,1.0,2024-03,Q1 2024
Haven at Rivergate,2024-03-09,1.3044777581556504,0.9314516129032258,1.2150579118304645,1.0,2024-03,Q1 2024
Haven at Rivergate,2024-03-10,1.3044777581556504,0.9314516129032258,1.2150579118304645,1.0,2024-03,Q1 2024
Haven at Rivergate,2024-03-11,1.3044777581556504,0.9314516129032258,1.2150579118304645,1.0,2024-03,Q1 2024
Haven at Rivergate,2024-03-12,1.3062987738845269,0.9193548387096774,1.2009520985712585,1.0,2024-03,Q1 2024
Haven at Rivergate,2024-03-13,1.3060378310123528,0.9193548387096774,1.2007121994790986,1.0,2024-03,Q1 2024
Haven at Rivergate,2024-03-14,1.3060378310123528,0.9233870967741935,1.2059784810557612,1.0,2024-03,Q1 2024
Haven at Rivergate,2024-03-15,1.3060378310123528,0.9233870967741935,1.2059784810557612,1.0,2024-03,Q1 2024
Haven at Rivergate,2024-03-16,1.3060378310123528,0.9193548387096774,1.2007121994790986,1.0,2024-03,Q1 2024
Haven at Rivergate,2024-03-17,1.3060378310123528,0.9193548387096774,1.2007121994790986,1.0,2024-03,Q1 2024
Haven at Rivergate,2024-03-18,1.3060378310123528,0.9193548387096774,1.2007121994790986,1.0,2024-03,Q1 2024
Haven at Rivergate,2024-03-19,1.3060378310123528,0.9193548387096774,1.2007121994790986,1.0,2024-03,Q1 2024
Haven at Rivergate,2024-03-20,1.3060378310123528,0.9153225806451613,1.1954459179024357,1.0,2024-03,Q1 2024
Haven at Rivergate,2024-03-21,1.3060970806607126,0.9112903225806451,1.1902336299569396,1.0,2024-03,Q1 2024
Haven at Rivergate,2024-03-22,1.3060970806607126,0.9193548387096774,1.20076667093001,1.0,2024-03,Q1 2024
Haven at Rivergate,2024-03-23,1.3060970806607126,0.9193548387096774,1.20076667093001,1.0,2024-03,Q1 2024
Haven at Rivergate,2024-03-24,1.3060970806607126,0.9193548387096774,1.20076667093001,1.0,2024-03,Q1 2024
Haven at Rivergate,2024-03-25,1.3060970806607126,0.9193548387096774,1.20076667093001,1.0,2024-03,Q1 2024
Haven at Rivergate,2024-03-26,1.3060970806607126,0.9193548387096774,1.20076667093001,1.0,2024-03,Q1 2024
Haven at Rivergate,2024-03-27,1.3060970806607126,0.9193548387096774,1.20076667093001,1.0,2024-03,Q1 2024
Haven at Rivergate,2024-03-28,1.306107826628944,0.9193548387096774,1.2007765502879002,1.0,2024-03,Q1 2024
Haven at Rivergate,2024-03-29,1.306107826628944,0.9233870967741935,1.2060431141049524,1.0,2024-03,Q1 2024
Haven at Rivergate,2024-03-30,1.306107826628944,0.9193548387096774,1.2007765502879002,1.0,2024-03,Q1 2024
Haven at Rivergate,2024-03-31,1.306107826628944,0.9153225806451613,1.195509986470848,1.0,2024-03,Q1 2024
Haven at Rivergate,2024-04-01,1.306107826628944,0.9153225806451613,1.195509986470848,1.0,2024-04,Q2 2024
Haven at Rivergate,2024-04-02,1.306107826628944,0.9153225806451613,1.195509986470848,1.0,2024-04,Q2 2024
Haven at Rivergate,2024-04-03,1.306107826628944,0.9112903225806451,1.1902434226537957,1.0,2024-04,Q2 2024
Haven at Rivergate,2024-04-04,1.306107826628944,0.9112903225806451,1.1902434226537957,1.0,2024-04,Q2 2024
Haven at Rivergate,2024-04-05,1.306107826628944,0.907258064516129,1.1849768588367435,1.0,2024-04,Q2 2024
Haven at Rivergate,2024-04-06,1.306107826628944,0.907258064516129,1.1849768588367435,1.0,2024-04,Q2 2024
Haven at Rivergate,2024-04-07,1.3086282521250059,0.9032258064516129,1.181986808370973,1.0,2024-04,Q2 2024
Haven at Rivergate,2024-04-08,1.3086282521250059,0.907258064516129,1.1872635351940577,1.0,2024-04,Q2 2024
Haven at Rivergate,2024-04-09,1.3086282521250059,0.907258064516129,1.1872635351940577,1.0,2024-04,Q2 2024
Haven at Rivergate,2024-04-10,1.3086282521250059,0.907258064516129,1.1872635351940577,1.0,2024-04,Q2 2024
Haven at Rivergate,2024-04-11,1.3086282521250059,0.907258064516129,1.1872635351940577,1.0,2024-04,Q2 2024
Haven at Rivergate,2024-04-12,1.3106233195620542,0.907258064516129,1.1890735762155733,1.0,2024-04,Q2 2024
Haven at Rivergate,2024-04-13,1.3130513440194824,0.9112903225806451,1.1965709828564637,1.0,2024-04,Q2 2024
Haven at Rivergate,2024-04-14,1.3130513440194824,0.9153225806451613,1.2018655447275102,1.0,2024-04,Q2 2024
Haven at Rivergate,2024-04-15,1.3130513440194824,0.9153225806451613,1.2018655447275102,1.0,2024-04,Q2 2024
Haven at Rivergate,2024-04-16,1.3094545126433257,0.9153225806451613,1.1985732837501408,1.0,2024-04,Q2 2024
Haven at Rivergate,2024-04-17,1.3094545126433257,0.9233870967741935,1.209133400787587,1.0,2024-04,Q2 2024
Haven at Rivergate,2024-04-18,1.3094545126433257,0.9193548387096774,1.203853342268864,1.0,2024-04,Q2 2024
Haven at Rivergate,2024-04-19,1.3094545126433257,0.9193548387096774,1.203853342268864,1.0,2024-04,Q2 2024
Haven at Rivergate,2024-04-20,1.3094545126433257,0.9193548387096774,1.203853342268864,1.0,2024-04,Q2 2024
Haven at Rivergate,2024-04-21,1.3094545126433257,0.9193548387096774,1.203853342268864,1.0,2024-04,Q2 2024
Haven at Rivergate,2024-04-22,1.3094545126433257,0.9193548387096774,1.203853342268864,1.0,2024-04,Q2 2024
Haven at Rivergate,2024-04-23,1.3094545126433257,0.9193548387096774,1.203853342268864,1.0,2024-04,Q2 2024
Haven at Rivergate,2024-04-24,1.3092829604311746,0.907258064516129,1.187857524584735,1.0,2024-04,Q2 2024
Haven at Rivergate,2024-04-25,1.3088982035829744,0.9112903225806451,1.1927862661683557,1.0,2024-04,Q2 2024
Haven at Rivergate,2024-04-26,1.309186518548154,0.9153225806451613,1.1983279827033506,1.0,2024-04,Q2 2024
Haven at Rivergate,2024-04-27,1.309186518548154,0.9153225806451613,1.1983279827033506,1.0,2024-04,Q2 2024
Haven at Rivergate,2024-04-28,1.309186518548154,0.9153225806451613,1.1983279827033506,1.0,2024-04,Q2 2024
Haven at Rivergate,2024-04-29,1.309186518548154,0.9153225806451613,1.1983279827033506,1.0,2024-04,Q2 2024
Haven at Rivergate,2024-04-30,1.310713691696393,0.9112903225806451,1.1944407029168742,1.0,2024-04,Q2 2024
Haven at Rivergate,2024-05-01,1.3077054078963128,0.9032258064516129,1.1811532716482824,1.0,2024-05,Q2 2024
Haven at Rivergate,2024-05-02,1.3077054078963128,0.907258064516129,1.1864262773252838,1.0,2024-05,Q2 2024
Haven at Rivergate,2024-05-03,1.3077054078963128,0.8991935483870968,1.1758802659712813,1.0,2024-05,Q2 2024
Haven at Rivergate,2024-05-04,1.3077054078963128,0.8991935483870968,1.1758802659712813,1.0,2024-05,Q2 2024
Haven at Rivergate,2024-05-05,1.3077054078963128,0.8991935483870968,1.1758802659712813,1.0,2024-05,Q2 2024
Haven at Rivergate,2024-05-06,1.3077054078963128,0.8991935483870968,1.1758802659712813,1.0,2024-05,Q2 2024
Haven at Rivergate,2024-05-07,1.3077054078963128,0.8951612903225806,1.17060726029428,1.0,2024-05,Q2 2024
Haven at Rivergate,2024-05-08,1.3077054078963128,0.8951612903225806,1.17060726029428,1.0,2024-05,Q2 2024
Haven at Rivergate,2024-05-09,1.306301581701086,0.8911290322580645,1.1640832643384678,1.0,2024-05,Q2 2024
Haven at Rivergate,2024-05-10,1.306301581701086,0.8951612903225806,1.169350609425972,1.0,2024-05,Q2 2024
Haven at Rivergate,2024-05-11,1.306301581701086,0.8951612903225806,1.169350609425972,1.0,2024-05,Q2 2024
Haven at Rivergate,2024-05-12,1.306301581701086,0.8951612903225806,1.169350609425972,1.0,2024-05,Q2 2024
Haven at Rivergate,2024-05-13,1.3081159706893721,0.8951612903225806,1.1709747802138735,1.0,2024-05,Q2 2024
Haven at Rivergate,2024-05-14,1.3100476055642818,0.8991935483870968,1.1779863550033662,1.0,2024-05,Q2 2024
Haven at Rivergate,2024-05-15,1.3100476055642818,0.9032258064516129,1.183268805025803,1.0,2024-05,Q2 2024
Haven at Rivergate,2024-05-16,1.3100476055642818,0.9032258064516129,1.183268805025803,1.0,2024-05,Q2 2024
Haven at Rivergate,2024-05-17,1.3115949712494417,0.9032258064516129,1.184666425644657,1.0,2024-05,Q2 2024
Haven at Rivergate,2024-05-18,1.3115949712494417,0.907258064516129,1.1899551150448564,1.0,2024-05,Q2 2024
Haven at Rivergate,2024-05-19,1.3115949712494417,0.907258064516129,1.1899551150448564,1.0,2024-05,Q2 2024
Haven at Rivergate,2024-05-20,1.3132468445850936,0.8830645161290323,1.159681689371514,1.0,2024-05,Q2 2024
Haven at Rivergate,2024-05-21,1.3132468445850936,0.8870967741935484,1.1649770395512926,1.0,2024-05,Q2 2024
Haven at Rivergate,2024-05-22,1.3142075712035808,0.8830645161290323,1.1605300729580008,1.0,2024-05,Q2 2024
Haven at Rivergate,2024-05-23,1.3142075712035808,0.8830645161290323,1.1605300729580008,1.0,2024-05,Q2 2024
Haven at Rivergate,2024-05-24,1.3142075712035808,0.8830645161290323,1.1605300729580008,1.0,2024-05,Q2 2024
Haven at Rivergate,2024-05-25,1.3142075712035808,0.8830645161290323,1.1605300729580008,1.0,2024-05,Q2 2024
Haven at Rivergate,2024-05-26,1.3142075712035808,0.8830645161290323,1.1605300729580008,1.0,2024-05,Q2 2024
Haven at Rivergate,2024-05-27,1.3142075712035808,0.8830645161290323,1.1605300729580008,1.0,2024-05,Q2 2024
Haven at Rivergate,2024-05-28,1.3170546055300445,0.8830645161290323,1.163044187947902,1.0,2024-05,Q2 2024
Haven at Rivergate,2024-05-29,1.3170546055300445,0.8870967741935484,1.168354892002459,1.0,2024-05,Q2 2024
Haven at Rivergate,2024-05-30,1.3170546055300445,0.8870967741935484,1.168354892002459,1.0,2024-05,Q2 2024
Haven at Rivergate,2024-05-31,1.3170546055300445,0.8870967741935484,1.168354892002459,1.0,2024-05,Q2 2024
Haven at Rivergate,2024-06-01,1.3170546055300445,0.8830645161290323,1.163044187947902,1.0,2024-06,Q2 2024
Haven at Rivergate,2024-06-02,1.3170546055300445,0.8830645161290323,1.163044187947902,1.0,2024-06,Q2 2024
Haven at Rivergate,2024-06-03,1.3170546055300445,0.8830645161290323,1.163044187947902,1.0,2024-06,Q2 2024
Haven at Rivergate,2024-06-04,1.31623942750835,0.8790322580645161,1.157016916116211,1.0,2024-06,Q2 2024
Haven at Rivergate,2024-06-05,1.3139766991903605,0.8790322580645161,1.155027904933462,1.0,2024-06,Q2 2024
Haven at Rivergate,2024-06-06,1.3117450561519834,0.8830645161290323,1.1583555132955015,1.0,2024-06,Q2 2024
Haven at Rivergate,2024-06-07,1.3117450561519834,0.8911290322580645,1.1689341024580175,1.0,2024-06,Q2 2024
Haven at Rivergate,2024-06-08,1.3117450561519834,0.8870967741935484,1.1636448078767594,1.0,2024-06,Q2 2024
Haven at Rivergate,2024-06-09,1.3136094824912297,0.8870967741935484,1.1652987344680263,1.0,2024-06,Q2 2024
Haven at Rivergate,2024-06-10,1.3136094824912297,0.8951612903225806,1.1758923593268265,1.0,2024-06,Q2 2024
Haven at Rivergate,2024-06-11,1.3127190606740724,0.8911290322580645,1.1698020661652015,1.0,2024-06,Q2 2024
Haven at Rivergate,2024-06-12,1.3118087835967371,0.8911290322580645,1.1689908918341891,1.0,2024-06,Q2 2024
Haven at Rivergate,2024-06-13,1.3118087835967371,0.8991935483870968,1.1795699949277112,1.0,2024-06,Q2 2024
Haven at Rivergate,2024-06-14,1.3118087835967371,0.8951612903225806,1.1742804433809502,1.0,2024-06,Q2 2024
Haven at Rivergate,2024-06-15,1.3118087835967371,0.8951612903225806,1.1742804433809502,1.0,2024-06,Q2 2024
Haven at Rivergate,2024-06-16,1.3118087835967371,0.8911290322580645,1.1689908918341891,1.0,2024-06,Q2 2024
Haven at Rivergate,2024-06-17,1.3118087835967371,0.8911290322580645,1.1689908918341891,1.0,2024-06,Q2 2024
Haven at Rivergate,2024-06-18,1.3118087835967371,0.8911290322580645,1.1689908918341891,1.0,2024-06,Q2 2024
Haven at Rivergate,2024-06-19,1.3118087835967371,0.8911290322580645,1.1689908918341891,1.0,2024-06,Q2 2024
Haven at Rivergate,2024-06-20,1.3118087835967371,0.8911290322580645,1.1689908918341891,1.0,2024-06,Q2 2024
Haven at Rivergate,2024-06-21,1.3102445213918428,0.8790322580645161,1.1517472002557327,1.0,2024-06,Q2 2024
Haven at Rivergate,2024-06-22,1.3102445213918428,0.8790322580645161,1.1517472002557327,1.0,2024-06,Q2 2024
Haven at Rivergate,2024-06-23,1.3102445213918428,0.8790322580645161,1.1517472002557327,1.0,2024-06,Q2 2024
Haven at Rivergate,2024-06-24,1.3102445213918428,0.8790322580645161,1.1517472002557327,1.0,2024-06,Q2 2024
Haven at Rivergate,2024-06-25,1.3102096810987904,0.8790322580645161,1.1517165745142592,1.0,2024-06,Q2 2024
Haven at Rivergate,2024-06-26,1.3102096810987904,0.8830645161290323,1.156999678067077,1.0,2024-06,Q2 2024
Haven at Rivergate,2024-06-27,1.3112582147697827,0.8669354838709677,1.136776274901223,1.0,2024-06,Q2 2024
Haven at Rivergate,2024-06-28,1.3112582147697827,0.8709677419354839,1.1420636064123915,1.0,2024-06,Q2 2024
Haven at Rivergate,2024-06-29,1.3112582147697827,0.8709677419354839,1.1420636064123915,1.0,2024-06,Q2 2024
Haven at Rivergate,2024-06-30,1.3112582147697827,0.8709677419354839,1.1420636064123915,1.0,2024-06,Q2 2024
Haven at Rivergate,2024-07-01,1.3112582147697827,0.8709677419354839,1.1420636064123915,1.0,2024-07,Q3 2024
Haven at Rivergate,2024-07-02,1.3112582147697827,0.8709677419354839,1.1420636064123915,1.0,2024-07,Q3 2024
Haven at Rivergate,2024-07-03,1.3108207827430882,0.8709677419354839,1.1416826172278511,1.0,2024-07,Q3 2024
Haven at Rivergate,2024-07-04,1.3108207827430882,0.875,1.1469681849002022,1.0,2024-07,Q3 2024
Haven at Rivergate,2024-07-05,1.3108207827430882,0.8709677419354839,1.1416826172278511,1.0,2024-07,Q3 2024
Haven at Rivergate,2024-07-06,1.3108207827430882,0.8709677419354839,1.1416826172278511,1.0,2024-07,Q3 2024
Haven at Rivergate,2024-07-07,1.3080708834145636,0.8709677419354839,1.139287543619136,1.0,2024-07,Q3 2024
Haven at Rivergate,2024-07-08,1.306559725016203,0.8669354838709677,1.1327029874132406,1.0,2024-07,Q3 2024
Haven at Rivergate,2024-07-09,1.30633774627662,0.8709677419354839,1.1377780370796367,1.0,2024-07,Q3 2024
Haven at Rivergate,2024-07-10,1.3051830718470496,0.875,1.1420351878661683,1.0,2024-07,Q3 2024
Haven at Rivergate,2024-07-11,1.3051830718470496,0.875,1.1420351878661683,1.0,2024-07,Q3 2024
Haven at Rivergate,2024-07-12,1.3051830718470496,0.875,1.1420351878661683,1.0,2024-07,Q3 2024
Haven at Rivergate,2024-07-13,1.3051830718470496,0.875,1.1420351878661683,1.0,2024-07,Q3 2024
Haven at Rivergate,2024-07-14,1.3051830718470496,0.875,1.1420351878661683,1.0,2024-07,Q3 2024
Haven at Rivergate,2024-07-15,1.3051830718470496,0.875,1.1420351878661683,1.0,2024-07,Q3 2024
Haven at Rivergate,2024-07-16,1.3051830718470496,0.875,1.1420351878661683,1.0,2024-07,Q3 2024
Haven at Rivergate,2024-07-17,1.3045456162846831,0.875,1.1414774142490978,1.0,2024-07,Q3 2024
Haven at Rivergate,2024-07-18,1.3045456162846831,0.8790322580645161,1.1467376788308907,1.0,2024-07,Q3 2024
Haven at Rivergate,2024-07-19,1.3066765859451304,0.8790322580645161,1.1486108699033808,1.0,2024-07,Q3 2024
Haven at Rivergate,2024-07-20,1.304968502796785,0.8911290322580645,1.1628953190245543,1.0,2024-07,Q3 2024
Haven at Rivergate,2024-07-21,1.304968502796785,0.8951612903225806,1.1681572887938962,1.0,2024-07,Q3 2024
Haven at Rivergate,2024-07-22,1.304968502796785,0.8951612903225806,1.1681572887938962,1.0,2024-07,Q3 2024
Haven at Rivergate,2024-07-23,1.2997885776189693,0.8911290322580645,1.1582793373136782,1.0,2024-07,Q3 2024
Haven at Rivergate,2024-07-24,1.2997885776189693,0.8951612903225806,1.1635204202879483,1.0,2024-07,Q3 2024
Haven at Rivergate,2024-07-25,1.2967779787776952,0.8951612903225806,1.1608254487445497,1.0,2024-07,Q3 2024
Haven at Rivergate,2024-07-26,1.2967779787776952,0.9032258064516129,1.1712833356701762,1.0,2024-07,Q3 2024
Haven at Rivergate,2024-07-27,1.2967779787776952,0.9032258064516129,1.1712833356701762,1.0,2024-07,Q3 2024
Haven at Rivergate,2024-07-28,1.2967779787776952,0.9032258064516129,1.1712833356701762,1.0,2024-07,Q3 2024
Haven at Rivergate,2024-07-29,1.2967779787776952,0.9032258064516129,1.1712833356701762,1.0,2024-07,Q3 2024
Haven at Rivergate,2024-07-30,1.2967779787776952,0.9032258064516129,1.1712833356701762,1.0,2024-07,Q3 2024
Haven at Rivergate,2024-07-31,1.2967779787776952,0.9032258064516129,1.1712833356701762,1.0,2024-07,Q3 2024
Haven at Rivergate,2024-08-01,1.2967779787776952,0.9032258064516129,1.1712833356701762,1.0,2024-08,Q3 2024
Haven at Rivergate,2024-08-02,1.2967779787776952,0.8991935483870968,1.166054392207363,1.0,2024-08,Q3 2024
Haven at Rivergate,2024-08-03,1.2967779787776952,0.8991935483870968,1.166054392207363,1.0,2024-08,Q3 2024
Haven at Rivergate,2024-08-04,1.2970246905343028,0.8951612903225806,1.1610462955589322,1.0,2024-08,Q3 2024
Haven at Rivergate,2024-08-05,1.2980455508239177,0.8991935483870968,1.1671941848134422,1.0,2024-08,Q3 2024
Haven at Rivergate,2024-08-06,1.2980455508239177,0.8951612903225806,1.1619601301730231,1.0,2024-08,Q3 2024
Haven at Rivergate,2024-08-07,1.2980455508239177,0.8951612903225806,1.1619601301730231,1.0,2024-08,Q3 2024
Haven at Rivergate,2024-08-08,1.2980455508239177,0.8951612903225806,1.1619601301730231,1.0,2024-08,Q3 2024
Haven at Rivergate,2024-08-09,1.2980455508239177,0.8911290322580645,1.156726075532604,1.0,2024-08,Q3 2024
Haven at Rivergate,2024-08-10,1.2980455508239177,0.8870967741935484,1.151492020892185,1.0,2024-08,Q3 2024
Haven at Rivergate,2024-08-11,1.2968012791519326,0.8870967741935484,1.1503882315057465,1.0,2024-08,Q3 2024
Haven at Rivergate,2024-08-12,1.2954400717697316,0.8911290322580645,1.1544042575044786,1.0,2024-08,Q3 2024
Haven at Rivergate,2024-08-13,1.2954400717697316,0.8951612903225806,1.1596278061809695,1.0,2024-08,Q3 2024
Haven at Rivergate,2024-08-14,1.295492792986913,0.8951612903225806,1.159675000173769,1.0,2024-08,Q3 2024
Haven at Rivergate,2024-08-15,1.295492792986913,0.8991935483870968,1.164898761435813,1.0,2024-08,Q3 2024
Haven at Rivergate,2024-08-16,1.295492792986913,0.8991935483870968,1.164898761435813,1.0,2024-08,Q3 2024
Haven at Rivergate,2024-08-17,1.295492792986913,0.8991935483870968,1.164898761435813,1.0,2024-08,Q3 2024
Haven at Rivergate,2024-08-18,1.295492792986913,0.8991935483870968,1.164898761435813,1.0,2024-08,Q3 2024
Haven at Rivergate,2024-08-19,1.2953407607884133,0.8991935483870968,1.164762055063775,1.0,2024-08,Q3 2024
Haven at Rivergate,2024-08-20,1.2953683854380587,0.8951612903225806,1.1595636353518106,1.0,2024-08,Q3 2024
Haven at Rivergate,2024-08-21,1.2953683854380587,0.8870967741935484,1.149117116114407,1.0,2024-08,Q3 2024
Haven at Rivergate,2024-08-22,1.2953683854380587,0.8830645161290323,1.143893856495705,1.0,2024-08,Q3 2024
Haven at Rivergate,2024-08-23,1.2953683854380587,0.8790322580645161,1.1386705968770032,1.0,2024-08,Q3 2024
Haven at Rivergate,2024-08-24,1.2953683854380587,0.8790322580645161,1.1386705968770032,1.0,2024-08,Q3 2024
Haven at Rivergate,2024-08-25,1.2953683854380587,0.8790322580645161,1.1386705968770032,1.0,2024-08,Q3 2024
Haven at Rivergate,2024-08-26,1.2951562741383116,0.8790322580645161,1.1384841442022255,1.0,2024-08,Q3 2024
Haven at Rivergate,2024-08-27,1.2951562741383116,0.8870967741935484,1.1489289528646311,1.0,2024-08,Q3 2024
Haven at Rivergate,2024-08-28,1.2951562741383116,0.8870967741935484,1.1489289528646311,1.0,2024-08,Q3 2024
Haven at Rivergate,2024-08-29,1.2951562741383116,0.8870967741935484,1.1489289528646311,1.0,2024-08,Q3 2024
Haven at Rivergate,2024-08-30,1.2951562741383116,0.8870967741935484,1.1489289528646311,1.0,2024-08,Q3 2024
Haven at Rivergate,2024-08-31,1.2932434535048576,0.8870967741935484,1.1472320958510833,1.0,2024-08,Q3 2024
Haven at Rivergate,2024-09-01,1.2932434535048576,0.8911290322580645,1.152446787195861,1.0,2024-09,Q3 2024
Haven at Rivergate,2024-09-02,1.2932434535048576,0.8911290322580645,1.152446787195861,1.0,2024-09,Q3 2024
Haven at Rivergate,2024-09-03,1.2932434535048576,0.8911290322580645,1.152446787195861,1.0,2024-09,Q3 2024
Haven at Rivergate,2024-09-04,1.2932434535048576,0.8911290322580645,1.152446787195861,1.0,2024-09,Q3 2024
Haven at Rivergate,2024-09-05,1.2932434535048576,0.8911290322580645,1.152446787195861,1.0,2024-09,Q3 2024
Haven at Rivergate,2024-09-06,1.2932434535048576,0.8911290322580645,1.152446787195861,1.0,2024-09,Q3 2024
Haven at Rivergate,2024-09-07,1.2932434535048576,0.8911290322580645,1.152446787195861,1.0,2024-09,Q3 2024
Haven at Rivergate,2024-09-08,1.2937091779663035,0.8911290322580645,1.152861807784488,1.0,2024-09,Q3 2024
Haven at Rivergate,2024-09-09,1.2937091779663035,0.8951612903225806,1.1580783770504812,1.0,2024-09,Q3 2024
Haven at Rivergate,2024-09-10,1.2937091779663035,0.8911290322580645,1.152861807784488,1.0,2024-09,Q3 2024
Haven at Rivergate,2024-09-11,1.2941000699583753,0.8790322580645161,1.137555706656959,1.0,2024-09,Q3 2024
Haven at Rivergate,2024-09-12,1.2936768794223201,0.8830645161290323,1.1424001475543875,1.0,2024-09,Q3 2024
Haven at Rivergate,2024-09-13,1.2936768794223201,0.8911290322580645,1.152833025614245,1.0,2024-09,Q3 2024
Haven at Rivergate,2024-09-14,1.2936768794223201,0.8911290322580645,1.152833025614245,1.0,2024-09,Q3 2024
Haven at Rivergate,2024-09-15,1.2936768794223201,0.8870967741935484,1.1476165865843162,1.0,2024-09,Q3 2024
Haven at Rivergate,2024-09-16,1.2936768794223201,0.8870967741935484,1.1476165865843162,1.0,2024-09,Q3 2024
Haven at Rivergate,2024-09-17,1.2936768794223201,0.8870967741935484,1.1476165865843162,1.0,2024-09,Q3 2024
Haven at Rivergate,2024-09-18,1.2936768794223201,0.8870967741935484,1.1476165865843162,1.0,2024-09,Q3 2024
Haven at Rivergate,2024-09-19,1.2936768794223201,0.8870967741935484,1.1476165865843162,1.0,2024-09,Q3 2024
Haven at Rivergate,2024-09-20,1.2936768794223201,0.8870967741935484,1.1476165865843162,1.0,2024-09,Q3 2024
Haven at Rivergate,2024-09-21,1.2936768794223201,0.8870967741935484,1.1476165865843162,1.0,2024-09,Q3 2024
Haven at Rivergate,2024-09-22,1.2936768794223201,0.8870967741935484,1.1476165865843162,1.0,2024-09,Q3 2024
Haven at Rivergate,2024-09-23,1.2936768794223201,0.8870967741935484,1.1476165865843162,1.0,2024-09,Q3 2024
Haven at Rivergate,2024-09-24,1.2938093213292916,0.8790322580645161,1.1373001292330063,1.0,2024-09,Q3 2024
Haven at Rivergate,2024-09-25,1.2938093213292916,0.8830645161290323,1.1425171023028824,1.0,2024-09,Q3 2024
Haven at Rivergate,2024-09-26,1.2938093213292916,0.8790322580645161,1.1373001292330063,1.0,2024-09,Q3 2024
Haven at Rivergate,2024-09-27,1.2938093213292916,0.8790322580645161,1.1373001292330063,1.0,2024-09,Q3 2024
Haven at Rivergate,2024-09-28,1.2938093213292916,0.8790322580645161,1.1373001292330063,1.0,2024-09,Q3 2024
Haven at Rivergate,2024-09-29,1.2938093213292916,0.8790322580645161,1.1373001292330063,1.0,2024-09,Q3 2024
Haven at Rivergate,2024-09-30,1.2938093213292916,0.8790322580645161,1.1373001292330063,1.0,2024-09,Q3 2024
Haven at Rivergate,2024-10-01,1.2953001159310213,0.8790322580645161,1.1386105857780753,1.0,2024-10,Q4 2024
Haven at Rivergate,2024-10-02,1.2953001159310213,0.8830645161290323,1.1438335701165068,1.0,2024-10,Q4 2024
Haven at Rivergate,2024-10-03,1.2953001159310213,0.8830645161290323,1.1438335701165068,1.0,2024-10,Q4 2024
Haven at Rivergate,2024-10-04,1.2953001159310213,0.8830645161290323,1.1438335701165068,1.0,2024-10,Q4 2024
Haven at Rivergate,2024-10-05,1.2938588972711165,0.8830645161290323,1.1425608810579617,1.0,2024-10,Q4 2024
Haven at Rivergate,2024-10-06,1.2938588972711165,0.8911290322580645,1.1529952270036965,1.0,2024-10,Q4 2024
Haven at Rivergate,2024-10-07,1.2948312732415512,0.8911290322580645,1.153861739461221,1.0,2024-10,Q4 2024
Haven at Rivergate,2024-10-08,1.2948312732415512,0.8951612903225806,1.159082833304937,1.0,2024-10,Q4 2024
Haven at Rivergate,2024-10-09,1.2953473257247012,0.8951612903225806,1.1595447835116277,1.0,2024-10,Q4 2024
Haven at Rivergate,2024-10-10,1.2953473257247012,0.9032258064516129,1.1699911329126333,1.0,2024-10,Q4 2024
Haven at Rivergate,2024-10-11,1.2953473257247012,0.9032258064516129,1.1699911329126333,1.0,2024-10,Q4 2024
Haven at Rivergate,2024-10-12,1.2953473257247012,0.9032258064516129,1.1699911329126333,1.0,2024-10,Q4 2024
Haven at Rivergate,2024-10-13,1.2953473257247012,0.9032258064516129,1.1699911329126333,1.0,2024-10,Q4 2024
Haven at Rivergate,2024-10-14,1.2953473257247012,0.9032258064516129,1.1699911329126333,1.0,2024-10,Q4 2024
Haven at Rivergate,2024-10-15,1.2953473257247012,0.9032258064516129,1.1699911329126333,1.0,2024-10,Q4 2024
Haven at Rivergate,2024-10-16,1.2951700086387836,0.9032258064516129,1.1698309755447078,1.0,2024-10,Q4 2024
Haven at Rivergate,2024-10-17,1.2951700086387836,0.8991935483870968,1.1646085158324546,1.0,2024-10,Q4 2024
Haven at Rivergate,2024-10-18,1.2951700086387836,0.8991935483870968,1.1646085158324546,1.0,2024-10,Q4 2024
Haven at Rivergate,2024-10-19,1.2951700086387836,0.8991935483870968,1.1646085158324546,1.0,2024-10,Q4 2024
Haven at Rivergate,2024-10-20,1.2951700086387836,0.8991935483870968,1.1646085158324546,1.0,2024-10,Q4 2024
Haven at Rivergate,2024-10-21,1.295614369059208,0.8991935483870968,1.1650080818556587,1.0,2024-10,Q4 2024
Haven at Rivergate,2024-10-22,1.2965715484063784,0.9032258064516129,1.1710968824315675,1.0,2024-10,Q4 2024
Haven at Rivergate,2024-10-23,1.297061145318089,0.907258064516129,1.176769184260363,1.0,2024-10,Q4 2024
Haven at Rivergate,2024-10-24,1.2985048018448782,0.9112903225806451,1.1833148597457357,1.0,2024-10,Q4 2024
Haven at Rivergate,2024-10-25,1.2985048018448782,0.9153225806451613,1.1885507662047876,1.0,2024-10,Q4 2024
Haven at Rivergate,2024-10-26,1.2985048018448782,0.9112903225806451,1.1833148597457357,1.0,2024-10,Q4 2024
Haven at Rivergate,2024-10-27,1.2985048018448782,0.9112903225806451,1.1833148597457357,1.0,2024-10,Q4 2024
Haven at Rivergate,2024-10-28,1.2985048018448782,0.9112903225806451,1.1833148597457357,1.0,2024-10,Q4 2024
Haven at Rivergate,2024-10-29,1.2985048018448782,0.907258064516129,1.1780789532866838,1.0,2024-10,Q4 2024
Haven at Rivergate,2024-10-30,1.2985048018448782,0.907258064516129,1.1780789532866838,1.0,2024-10,Q4 2024
Haven at Rivergate,2024-10-31,1.2985048018448782,0.907258064516129,1.1780789532866838,1.0,2024-10,Q4 2024
Haven at Rivergate,2024-11-01,1.2985048018448782,0.9032258064516129,1.1728430468276319,1.0,2024-11,Q4 2024
Haven at Rivergate,2024-11-02,1.2977198240456234,0.9032258064516129,1.1721340346218534,1.0,2024-11,Q4 2024
Haven at Rivergate,2024-11-03,1.2977198240456234,0.9112903225806451,1.1825995170738341,1.0,2024-11,Q4 2024
Haven at Rivergate,2024-11-04,1.2977198240456234,0.9112903225806451,1.1825995170738341,1.0,2024-11,Q4 2024
Haven at Rivergate,2024-11-05,1.2983679609622951,0.907258064516129,1.1779548032924048,1.0,2024-11,Q4 2024
Haven at Rivergate,2024-11-06,1.297707501826352,0.9112903225806451,1.1825882879546594,1.0,2024-11,Q4 2024
Haven at Rivergate,2024-11-07,1.2977030308154147,0.9112903225806451,1.1825842135656601,1.0,2024-11,Q4 2024
Haven at Rivergate,2024-11-08,1.2995839782246854,0.9153225806451613,1.189538560713724,1.0,2024-11,Q4 2024
Haven at Rivergate,2024-11-09,1.2995839782246854,0.9193548387096774,1.1947788186904365,1.0,2024-11,Q4 2024
Haven at Rivergate,2024-11-10,1.2995839782246854,0.9193548387096774,1.1947788186904365,1.0,2024-11,Q4 2024
Haven at Rivergate,2024-11-11,1.2995839782246854,0.9193548387096774,1.1947788186904365,1.0,2024-11,Q4 2024
Haven at Rivergate,2024-11-12,1.2995839782246854,0.9193548387096774,1.1947788186904365,1.0,2024-11,Q4 2024
Haven at Rivergate,2024-11-13,1.2995839782246854,0.9193548387096774,1.1947788186904365,1.0,2024-11,Q4 2024
Haven at Rivergate,2024-11-14,1.2995839782246854,0.9193548387096774,1.1947788186904365,1.0,2024-11,Q4 2024
Haven at Rivergate,2024-11-15,1.2990379380729868,0.9153225806451613,1.1890387578329356,1.0,2024-11,Q4 2024
Haven at Rivergate,2024-11-16,1.2993063473472317,0.9193548387096774,1.1945235773998744,1.0,2024-11,Q4 2024
Haven at Rivergate,2024-11-17,1.2992122888928974,0.9233870967741935,1.1996758635341673,1.0,2024-11,Q4 2024
Haven at Rivergate,2024-11-18,1.2992122888928974,0.9274193548387096,1.204914622763574,1.0,2024-11,Q4 2024
Haven at Rivergate,2024-11-19,1.2992122888928974,0.9233870967741935,1.1996758635341673,1.0,2024-11,Q4 2024
Haven at Rivergate,2024-11-20,1.2992122888928974,0.9233870967741935,1.1996758635341673,1.0,2024-11,Q4 2024
Haven at Rivergate,2024-11-21,1.2999263370133138,0.9193548387096774,1.1950935678993369,1.0,2024-11,Q4 2024
Haven at Rivergate,2024-11-22,1.2992841096406982,0.9233870967741935,1.1997421818859673,1.0,2024-11,Q4 2024
Haven at Rivergate,2024-11-23,1.3001069349818783,0.9274193548387096,1.2057443348622259,1.0,2024-11,Q4 2024
Haven at Rivergate,2024-11-24,1.3001069349818783,0.9314516129032258,1.2109867015355398,1.0,2024-11,Q4 2024
Haven at Rivergate,2024-11-25,1.2996593978044686,0.9314516129032258,1.2105698423098075,1.0,2024-11,Q4 2024
Haven at Rivergate,2024-11-26,1.2996593978044686,0.935483870967742,1.2158104043977287,1.0,2024-11,Q4 2024
Haven at Rivergate,2024-11-27,1.2996593978044686,0.9314516129032258,1.2105698423098075,1.0,2024-11,Q4 2024
Haven at Rivergate,2024-11-28,1.2996593978044686,0.9314516129032258,1.2105698423098075,1.0,2024-11,Q4 2024
Haven at Rivergate,2024-11-29,1.2996593978044686,0.9314516129032258,1.2105698423098075,1.0,2024-11,Q4 2024
Haven at Rivergate,2024-11-30,1.2996593978044686,0.9314516129032258,1.2105698423098075,1.0,2024-11,Q4 2024
Haven at Rivergate,2024-12-01,1.2996593978044686,0.9314516129032258,1.2105698423098075,1.0,2024-12,Q4 2024
Haven at Rivergate,2024-12-02,1.2996593978044686,0.9314516129032258,1.2105698423098075,1.0,2024-12,Q4 2024
Haven at Rivergate,2024-12-03,1.2996593978044686,0.9274193548387096,1.2053292802218862,1.0,2024-12,Q4 2024
Haven at Rivergate,2024-12-04,1.2988131217015673,0.9233870967741935,1.1993072777002374,1.0,2024-12,Q4 2024
Haven at Rivergate,2024-12-05,1.2988131217015673,0.9274193548387096,1.204544427384518,1.0,2024-12,Q4 2024
Haven at Rivergate,2024-12-06,1.2988131217015673,0.9233870967741935,1.1993072777002374,1.0,2024-12,Q4 2024
Haven at Rivergate,2024-12-07,1.2988131217015673,0.9233870967741935,1.1993072777002374,1.0,2024-12,Q4 2024
Haven at Rivergate,2024-12-08,1.2988131217015673,0.9233870967741935,1.1993072777002374,1.0,2024-12,Q4 2024
Haven at Rivergate,2024-12-09,1.2988131217015673,0.9233870967741935,1.1993072777002374,1.0,2024-12,Q4 2024
Haven at Rivergate,2024-12-10,1.2988131217015673,0.9193548387096774,1.194070128015957,1.0,2024-12,Q4 2024
Haven at Rivergate,2024-12-11,1.2988131217015673,0.9193548387096774,1.194070128015957,1.0,2024-12,Q4 2024
Haven at Rivergate,2024-12-12,1.2983731030424805,0.9193548387096774,1.1936655947326031,1.0,2024-12,Q4 2024
Haven at Rivergate,2024-12-13,1.2983731030424805,0.9193548387096774,1.1936655947326031,1.0,2024-12,Q4 2024
Haven at Rivergate,2024-12-14,1.2983731030424805,0.9153225806451613,1.1884302193171092,1.0,2024-12,Q4 2024
Haven at Rivergate,2024-12-15,1.2983731030424805,0.9153225806451613,1.1884302193171092,1.0,2024-12,Q4 2024
Haven at Rivergate,2024-12-16,1.3005511311289562,0.9153225806451613,1.1904238176059396,1.0,2024-12,Q4 2024
Haven at Rivergate,2024-12-17,1.3005511311289562,0.9233870967741935,1.2009121331795602,1.0,2024-12,Q4 2024
Haven at Rivergate,2024-12-18,1.2998988951105652,0.9233870967741935,1.2003098668561267,1.0,2024-12,Q4 2024
Haven at Rivergate,2024-12-19,1.2998988951105652,0.9274193548387096,1.205551394658992,1.0,2024-12,Q4 2024
Haven at Rivergate,2024-12-20,1.2998988951105652,0.9274193548387096,1.205551394658992,1.0,2024-12,Q4 2024
Haven at Rivergate,2024-12-21,1.2998988951105652,0.9274193548387096,1.205551394658992,1.0,2024-12,Q4 2024
Haven at Rivergate,2024-12-22,1.2998988951105652,0.9274193548387096,1.205551394658992,1.0,2024-12,Q4 2024
Haven at Rivergate,2024-12-23,1.2998988951105652,0.9274193548387096,1.205551394658992,1.0,2024-12,Q4 2024
Haven at Rivergate,2024-12-24,1.2998988951105652,0.9274193548387096,1.205551394658992,1.0,2024-12,Q4 2024
Haven at Rivergate,2024-12-25,1.2998988951105652,0.9274193548387096,1.205551394658992,1.0,2024-12,Q4 2024
Haven at Rivergate,2024-12-26,1.2998988951105652,0.9274193548387096,1.205551394658992,1.0,2024-12,Q4 2024
Haven at Rivergate,2024-12-27,1.2998988951105652,0.9233870967741935,1.2003098668561267,1.0,2024-12,Q4 2024
Haven at Rivergate,2024-12-28,1.2998988951105652,0.9233870967741935,1.2003098668561267,1.0,2024-12,Q4 2024
Haven at Rivergate,2024-12-29,1.2998988951105652,0.9233870967741935,1.2003098668561267,1.0,2024-12,Q4 2024
Haven at Rivergate,2024-12-30,1.2998988951105652,0.9233870967741935,1.2003098668561267,1.0,2024-12,Q4 2024
Haven at Rivergate,2024-12-31,1.2998988951105652,0.9233870967741935,1.2003098668561267,1.0,2024-12,Q4 2024
Haven at Rivergate,2025-01-01,1.2998988951105652,0.9233870967741935,1.2003098668561267,1.0,2025-01,Q1 2025
Haven at Rivergate,2025-01-02,1.2998988951105652,0.9233870967741935,1.2003098668561267,1.0,2025-01,Q1 2025
Haven at Rivergate,2025-01-03,1.2995630768550277,0.9233870967741935,1.1999997766121022,1.0,2025-01,Q1 2025
Haven at Rivergate,2025-01-04,1.3011289322191686,0.9274193548387096,1.2066921548806804,1.0,2025-01,Q1 2025
Haven at Rivergate,2025-01-05,1.3011289322191686,0.9314516129032258,1.2119386425105965,1.0,2025-01,Q1 2025
Haven at Rivergate,2025-01-06,1.3011289322191686,0.9314516129032258,1.2119386425105965,1.0,2025-01,Q1 2025
Haven at Rivergate,2025-01-07,1.3011289322191686,0.9314516129032258,1.2119386425105965,1.0,2025-01,Q1 2025
Haven at Rivergate,2025-01-08,1.3011289322191686,0.9314516129032258,1.2119386425105965,1.0,2025-01,Q1 2025
Haven at Rivergate,2025-01-09,1.3011289322191686,0.9314516129032258,1.2119386425105965,1.0,2025-01,Q1 2025
Haven at Rivergate,2025-01-10,1.3011289322191686,0.9314516129032258,1.2119386425105965,1.0,2025-01,Q1 2025
Haven at Rivergate,2025-01-11,1.3011289322191686,0.9314516129032258,1.2119386425105965,1.0,2025-01,Q1 2025
Haven at Rivergate,2025-01-12,1.3011289322191686,0.9274193548387096,1.2066921548806804,1.0,2025-01,Q1 2025
Haven at Rivergate,2025-01-13,1.3011289322191686,0.9274193548387096,1.2066921548806804,1.0,2025-01,Q1 2025
Haven at Rivergate,2025-01-14,1.3011289322191686,0.9274193548387096,1.2066921548806804,1.0,2025-01,Q1 2025
Haven at Rivergate,2025-01-15,1.3007667380451553,0.9274193548387096,1.2063562489934907,1.0,2025-01,Q1 2025
Haven at Rivergate,2025-01-16,1.3002288856065627,0.9314516129032258,1.2111002926415966,1.0,2025-01,Q1 2025
Haven at Rivergate,2025-01-17,1.3002288856065627,0.935483870967742,1.2163431510513008,1.0,2025-01,Q1 2025
Haven at Rivergate,2025-01-18,1.3002288856065627,0.935483870967742,1.2163431510513008,1.0,2025-01,Q1 2025
Haven at Rivergate,2025-01-19,1.3002288856065627,0.935483870967742,1.2163431510513008,1.0,2025-01,Q1 2025
Haven at Rivergate,2025-01-20,1.3002288856065627,0.935483870967742,1.2163431510513008,1.0,2025-01,Q1 2025
Haven at Rivergate,2025-01-21,1.3002288856065627,0.935483870967742,1.2163431510513008,1.0,2025-01,Q1 2025
Haven at Rivergate,2025-01-22,1.3002288856065627,0.9314516129032258,1.2111002926415966,1.0,2025-01,Q1 2025
Haven at Rivergate,2025-01-23,1.3002288856065627,0.9314516129032258,1.2111002926415966,1.0,2025-01,Q1 2025
Haven at Rivergate,2025-01-24,1.301533673867573,0.9314516129032258,1.2123156397718118,1.0,2025-01,Q1 2025
Haven at Rivergate,2025-01-25,1.302425993827885,0.939516129032258,1.2236502280721662,1.0,2025-01,Q1 2025
Haven at Rivergate,2025-01-26,1.302425993827885,0.9435483870967742,1.228901945789214,1.0,2025-01,Q1 2025
Haven at Rivergate,2025-01-27,1.302425993827885,0.9435483870967742,1.228901945789214,1.0,2025-01,Q1 2025
Haven at Rivergate,2025-01-28,1.302425993827885,0.9435483870967742,1.228901945789214,1.0,2025-01,Q1 2025
Haven at Rivergate,2025-01-29,1.3033111178873569,0.935483870967742,1.2192265296365596,1.0,2025-01,Q1 2025
Haven at Rivergate,2025-01-30,1.3033111178873569,0.939516129032258,1.2244818164022344,1.0,2025-01,Q1 2025
Haven at Rivergate,2025-01-31,1.3033111178873569,0.935483870967742,1.2192265296365596,1.0,2025-01,Q1 2025
Haven at Rivergate,2025-02-01,1.3033111178873569,0.935483870967742,1.2192265296365596,1.0,2025-02,Q1 2025
Haven at Rivergate,2025-02-02,1.3038603893907261,0.935483870967742,1.2197403642687439,1.0,2025-02,Q1 2025
Haven at Rivergate,2025-02-03,1.3038603893907261,0.939516129032258,1.2249978658388676,1.0,2025-02,Q1 2025
Haven at Rivergate,2025-02-04,1.3055386100129658,0.935483870967742,1.2213103125927744,1.0,2025-02,Q1 2025
Haven at Rivergate,2025-02-05,1.3055386100129658,0.939516129032258,1.2265745811815363,1.0,2025-02,Q1 2025
Haven at Rivergate,2025-02-06,1.3055386100129658,0.935483870967742,1.2213103125927744,1.0,2025-02,Q1 2025
Haven at Rivergate,2025-02-07,1.3055386100129658,0.935483870967742,1.2213103125927744,1.0,2025-02,Q1 2025
Haven at Rivergate,2025-02-08,1.3055386100129658,0.935483870967742,1.2213103125927744,1.0,2025-02,Q1 2025
Haven at Rivergate,2025-02-09,1.3055386100129658,0.935483870967742,1.2213103125927744,1.0,2025-02,Q1 2025
Haven at Rivergate,2025-02-10,1.3055386100129658,0.935483870967742,1.2213103125927744,1.0,2025-02,Q1 2025
Haven at Rivergate,2025-02-11,1.3055386100129658,0.935483870967742,1.2213103125927744,1.0,2025-02,Q1 2025
Haven at Rivergate,2025-02-12,1.3055386100129658,0.935483870967742,1.2213103125927744,1.0,2025-02,Q1 2025
Haven at Rivergate,2025-02-13,1.3055386100129658,0.9274193548387096,1.2107817754152506,1.0,2025-02,Q1 2025
Haven at Rivergate,2025-02-14,1.3063952469153601,0.9274193548387096,1.2115762370586,1.0,2025-02,Q1 2025
Haven at Rivergate,2025-02-15,1.3063952469153601,0.9435483870967742,1.2326471281378801,1.0,2025-02,Q1 2025
Haven at Rivergate,2025-02-16,1.3056678394833758,0.9435483870967742,1.2319607840286693,1.0,2025-02,Q1 2025
Haven at Rivergate,2025-02-17,1.3056678394833758,0.9475806451612904,1.2372255737040054,1.0,2025-02,Q1 2025
Haven at Rivergate,2025-02-18,1.3056678394833758,0.9475806451612904,1.2372255737040054,1.0,2025-02,Q1 2025
Haven at Rivergate,2025-02-19,1.3056678394833758,0.9475806451612904,1.2372255737040054,1.0,2025-02,Q1 2025
Haven at Rivergate,2025-02-20,1.3056678394833758,0.9475806451612904,1.2372255737040054,1.0,2025-02,Q1 2025
Haven at Rivergate,2025-02-21,1.3056678394833758,0.9475806451612904,1.2372255737040054,1.0,2025-02,Q1 2025
Haven at Rivergate,2025-02-22,1.3056678394833758,0.9475806451612904,1.2372255737040054,1.0,2025-02,Q1 2025
Haven at Rivergate,2025-02-23,1.3056678394833758,0.9475806451612904,1.2372255737040054,1.0,2025-02,Q1 2025
Haven at Rivergate,2025-02-24,1.3056678394833758,0.9475806451612904,1.2372255737040054,1.0,2025-02,Q1 2025
Haven at Rivergate,2025-02-25,1.3058695538829819,0.9475806451612904,1.2374167143649224,1.0,2025-02,Q1 2025
Haven at Rivergate,2025-02-26,1.307466997174129,0.9475806451612904,1.2389304207093563,1.0,2025-02,Q1 2025
Haven at Rivergate,2025-02-27,1.307466997174129,0.9475806451612904,1.2389304207093563,1.0,2025-02,Q1 2025
Haven at Rivergate,2025-02-28,1.307466997174129,0.9475806451612904,1.2389304207093563,1.0,2025-02,Q1 2025
Haven at Rivergate,2025-03-01,1.307466997174129,0.9475806451612904,1.2389304207093563,1.0,2025-03,Q1 2025
Haven at Rivergate,2025-03-02,1.3070422281106426,0.9475806451612904,1.2385279177661332,1.0,2025-03,Q1 2025
Haven at Rivergate,2025-03-03,1.3070422281106426,0.9516129032258065,1.2437982493310955,1.0,2025-03,Q1 2025
Haven at Rivergate,2025-03-04,1.3070326698498045,0.9475806451612904,1.2385188605431616,1.0,2025-03,Q1 2025
Haven at Rivergate,2025-03-05,1.3070326698498045,0.9556451612903226,1.2490594465903373,1.0,2025-03,Q1 2025
Haven at Rivergate,2025-03-06,1.3070326698498045,0.9516129032258065,1.2437891535667496,1.0,2025-03,Q1 2025
Haven at Rivergate,2025-03-07,1.3070326698498045,0.9516129032258065,1.2437891535667496,1.0,2025-03,Q1 2025
Haven at Rivergate,2025-03-08,1.3070326698498045,0.9475806451612904,1.2385188605431616,1.0,2025-03,Q1 2025
Haven at Rivergate,2025-03-09,1.3070326698498045,0.9475806451612904,1.2385188605431616,1.0,2025-03,Q1 2025
Haven at Rivergate,2025-03-10,1.3070326698498045,0.9435483870967742,1.2332485675195737,1.0,2025-03,Q1 2025
Haven at Rivergate,2025-03-11,1.3070326698498045,0.9435483870967742,1.2332485675195737,1.0,2025-03,Q1 2025
Haven at Rivergate,2025-03-12,1.3070326698498045,0.9435483870967742,1.2332485675195737,1.0,2025-03,Q1 2025
Haven at Rivergate,2025-03-13,1.3070326698498045,0.935483870967742,1.2227079814723978,1.0,2025-03,Q1 2025
Haven at Rivergate,2025-03-14,1.3070326698498045,0.935483870967742,1.2227079814723978,1.0,2025-03,Q1 2025
Haven at Rivergate,2025-03-15,1.3065333624319435,0.9314516129032258,1.2169726077491085,1.0,2025-03,Q1 2025
Haven at Rivergate,2025-03-16,1.3071117790320579,0.935483870967742,1.2227819868364413,1.0,2025-03,Q1 2025
Haven at Rivergate,2025-03-17,1.3071117790320579,0.939516129032258,1.2280525988486672,1.0,2025-03,Q1 2025
Haven at Rivergate,2025-03-18,1.3071117790320579,0.939516129032258,1.2280525988486672,1.0,2025-03,Q1 2025
Haven at Rivergate,2025-03-19,1.3071117790320579,0.935483870967742,1.2227819868364413,1.0,2025-03,Q1 2025
Haven at Rivergate,2025-03-20,1.306902382931811,0.9314516129032258,1.2173163324889045,1.0,2025-03,Q1 2025
Haven at Rivergate,2025-03-21,1.3077775265038738,0.935483870967742,1.2234047828584627,1.0,2025-03,Q1 2025
Haven at Rivergate,2025-03-22,1.3077775265038738,0.939516129032258,1.2286780793363008,1.0,2025-03,Q1 2025
Haven at Rivergate,2025-03-23,1.3077775265038738,0.939516129032258,1.2286780793363008,1.0,2025-03,Q1 2025
Haven at Rivergate,2025-03-24,1.3077775265038738,0.939516129032258,1.2286780793363008,1.0,2025-03,Q1 2025
Haven at Rivergate,2025-03-25,1.3077775265038738,0.939516129032258,1.2286780793363008,1.0,2025-03,Q1 2025
Haven at Rivergate,2025-03-26,1.3071590536192421,0.939516129032258,1.22809701408582,1.0,2025-03,Q1 2025
Haven at Rivergate,2025-03-27,1.308013696358577,0.9435483870967742,1.234174213499625,1.0,2025-03,Q1 2025
Haven at Rivergate,2025-03-28,1.308013696358577,0.9475806451612904,1.2394484622752644,1.0,2025-03,Q1 2025
Haven at Rivergate,2025-03-29,1.308013696358577,0.9475806451612904,1.2394484622752644,1.0,2025-03,Q1 2025
Haven at Rivergate,2025-03-30,1.308013696358577,0.9475806451612904,1.2394484622752644,1.0,2025-03,Q1 2025
Haven at Rivergate,2025-03-31,1.308013696358577,0.9475806451612904,1.2394484622752644,1.0,2025-03,Q1 2025
Haven at Rivergate,2025-04-01,1.308013696358577,0.9435483870967742,1.234174213499625,1.0,2025-04,Q2 2025
Haven at Rivergate,2025-04-02,1.308013696358577,0.9435483870967742,1.234174213499625,1.0,2025-04,Q2 2025
Haven at Rivergate,2025-04-03,1.308013696358577,0.9435483870967742,1.234174213499625,1.0,2025-04,Q2 2025
Haven at Rivergate,2025-04-04,1.308013696358577,0.9435483870967742,1.234174213499625,1.0,2025-04,Q2 2025
Haven at Rivergate,2025-04-05,1.308013696358577,0.9435483870967742,1.234174213499625,1.0,2025-04,Q2 2025
Haven at Rivergate,2025-04-06,1.308013696358577,0.9435483870967742,1.234174213499625,1.0,2025-04,Q2 2025
Haven at Rivergate,2025-04-07,1.308013696358577,0.9435483870967742,1.234174213499625,1.0,2025-04,Q2 2025
Haven at Rivergate,2025-04-08,1.308013696358577,0.9435483870967742,1.234174213499625,1.0,2025-04,Q2 2025
Haven at Rivergate,2025-04-09,1.308013696358577,0.9435483870967742,1.234174213499625,1.0,2025-04,Q2 2025
Haven at Rivergate,2025-04-10,1.308013696358577,0.9435483870967742,1.234174213499625,1.0,2025-04,Q2 2025
Haven at Rivergate,2025-04-11,1.308013696358577,0.9435483870967742,1.234174213499625,1.0,2025-04,Q2 2025
Haven at Rivergate,2025-04-12,1.308013696358577,0.9435483870967742,1.234174213499625,1.0,2025-04,Q2 2025
Haven at Rivergate,2025-04-13,1.308013696358577,0.9435483870967742,1.234174213499625,1.0,2025-04,Q2 2025
Haven at Rivergate,2025-04-14,1.308346201408779,0.9435483870967742,1.2344879481034448,1.0,2025-04,Q2 2025
Haven at Rivergate,2025-04-15,1.308346201408779,0.9475806451612904,1.2397635376252543,1.0,2025-04,Q2 2025
Haven at Rivergate,2025-04-16,1.308346201408779,0.9475806451612904,1.2397635376252543,1.0,2025-04,Q2 2025
Haven at Rivergate,2025-04-17,1.308346201408779,0.9475806451612904,1.2397635376252543,1.0,2025-04,Q2 2025
Haven at Rivergate,2025-04-18,1.308346201408779,0.9435483870967742,1.2344879481034448,1.0,2025-04,Q2 2025
Haven at Rivergate,2025-04-19,1.308346201408779,0.9435483870967742,1.2344879481034448,1.0,2025-04,Q2 2025
Haven at Rivergate,2025-04-20,1.308346201408779,0.9435483870967742,1.2344879481034448,1.0,2025-04,Q2 2025
Haven at Rivergate,2025-04-21,1.308346201408779,0.9435483870967742,1.2344879481034448,1.0,2025-04,Q2 2025
Haven at Rivergate,2025-04-22,1.3093958369545935,0.939516129032258,1.2301985081065334,1.0,2025-04,Q2 2025
Haven at Rivergate,2025-04-23,1.3093958369545935,0.939516129032258,1.2301985081065334,1.0,2025-04,Q2 2025
Haven at Rivergate,2025-04-24,1.3093958369545935,0.939516129032258,1.2301985081065334,1.0,2025-04,Q2 2025
Haven at Rivergate,2025-04-25,1.3093958369545935,0.939516129032258,1.2301985081065334,1.0,2025-04,Q2 2025
Haven at Rivergate,2025-04-26,1.3093958369545935,0.939516129032258,1.2301985081065334,1.0,2025-04,Q2 2025
Haven at Rivergate,2025-04-27,1.3149834953515274,0.939516129032258,1.2354482032939753,1.0,2025-04,Q2 2025
Axis Berewick,2024-03-26,1.4113592930323293,0.887218045112782,1.2521834329159014,1.0,2024-03,Q1 2024
Axis Berewick,2024-03-27,1.4113592930323293,0.887218045112782,1.2521834329159014,1.0,2024-03,Q1 2024
Axis Berewick,2024-03-28,1.4113592930323293,0.8834586466165414,1.2468775709120203,1.0,2024-03,Q1 2024
Axis Berewick,2024-03-29,1.4113592930323293,0.8834586466165414,1.2468775709120203,1.0,2024-03,Q1 2024
Axis Berewick,2024-03-30,1.4113592930323293,0.8796992481203008,1.2415717089081393,1.0,2024-03,Q1 2024
Axis Berewick,2024-03-31,1.4192195729253292,0.8796992481203008,1.2484863912200264,1.0,2024-03,Q1 2024
Axis Berewick,2024-04-01,1.4192195729253292,0.8834586466165414,1.2538218031483173,1.0,2024-04,Q2 2024
Axis Berewick,2024-04-02,1.4192195729253292,0.8834586466165414,1.2538218031483173,1.0,2024-04,Q2 2024
Axis Berewick,2024-04-03,1.4283843323254002,0.8796992481203008,1.2565486231734724,1.0,2024-04,Q2 2024
Axis Berewick,2024-04-04,1.4283843323254002,0.8759398496240601,1.2511787572624746,1.0,2024-04,Q2 2024
Axis Berewick,2024-04-05,1.4283843323254002,0.8759398496240601,1.2511787572624746,1.0,2024-04,Q2 2024
Axis Berewick,2024-04-06,1.4365716292124122,0.8759398496240601,1.2583503368665114,1.0,2024-04,Q2 2024
Axis Berewick,2024-04-07,1.4365716292124122,0.8796992481203008,1.2637509820891144,1.0,2024-04,Q2 2024
Axis Berewick,2024-04-08,1.4365716292124122,0.8796992481203008,1.2637509820891144,1.0,2024-04,Q2 2024
Axis Berewick,2024-04-09,1.450039930232347,0.8759398496240601,1.2701477584366048,1.0,2024-04,Q2 2024
Axis Berewick,2024-04-10,1.450039930232347,0.8834586466165414,1.2810503143030134,1.0,2024-04,Q2 2024
Axis Berewick,2024-04-11,1.4566514225384193,0.8759398496240601,1.2759390280129763,1.0,2024-04,Q2 2024
Axis Berewick,2024-04-12,1.4566514225384193,0.8796992481203008,1.2814151611804139,1.0,2024-04,Q2 2024
Axis Berewick,2024-04-13,1.4566514225384193,0.8796992481203008,1.2814151611804139,1.0,2024-04,Q2 2024
Axis Berewick,2024-04-14,1.463896861996693,0.8796992481203008,1.2877889688241586,1.0,2024-04,Q2 2024
Axis Berewick,2024-04-15,1.463896861996693,0.8834586466165414,1.2932923404858003,1.0,2024-04,Q2 2024
Axis Berewick,2024-04-16,1.463896861996693,0.8796992481203008,1.2877889688241586,1.0,2024-04,Q2 2024
Axis Berewick,2024-04-17,1.4517640010005157,0.8759398496240601,1.2716579407260156,1.0,2024-04,Q2 2024
Axis Berewick,2024-04-18,1.4445080766527592,0.8834586466165414,1.2761631504263098,1.0,2024-04,Q2 2024
Axis Berewick,2024-04-19,1.4445080766527592,0.887218045112782,1.2815936319174857,1.0,2024-04,Q2 2024
Axis Berewick,2024-04-20,1.4445080766527592,0.887218045112782,1.2815936319174857,1.0,2024-04,Q2 2024
Axis Berewick,2024-04-21,1.4445080766527592,0.887218045112782,1.2815936319174857,1.0,2024-04,Q2 2024
Axis Berewick,2024-04-22,1.4445080766527592,0.8796992481203008,1.270732668935134,1.0,2024-04,Q2 2024
Axis Berewick,2024-04-23,1.451395267229239,0.8721804511278195,1.2658785789367797,1.0,2024-04,Q2 2024
Axis Berewick,2024-04-24,1.4386418700058057,0.8759398496240601,1.2601637432757622,1.0,2024-04,Q2 2024
Axis Berewick,2024-04-25,1.4386418700058057,0.868421052631579,1.249346887110305,1.0,2024-04,Q2 2024
Axis Berewick,2024-04-26,1.43554771000148,0.868421052631579,1.2466598534223379,1.0,2024-04,Q2 2024
Axis Berewick,2024-04-27,1.43554771000148,0.8759398496240601,1.2574534452268602,1.0,2024-04,Q2 2024
Axis Berewick,2024-04-28,1.43554771000148,0.8759398496240601,1.2574534452268602,1.0,2024-04,Q2 2024
Axis Berewick,2024-04-29,1.43554771000148,0.8759398496240601,1.2574534452268602,1.0,2024-04,Q2 2024
Axis Berewick,2024-04-30,1.43554771000148,0.8759398496240601,1.2574534452268602,1.0,2024-04,Q2 2024
Axis Berewick,2024-05-01,1.43554771000148,0.868421052631579,1.2466598534223379,1.0,2024-05,Q2 2024
Axis Berewick,2024-05-02,1.43554771000148,0.868421052631579,1.2466598534223379,1.0,2024-05,Q2 2024
Axis Berewick,2024-05-03,1.43554771000148,0.8646616541353384,1.2412630575200767,1.0,2024-05,Q2 2024
Axis Berewick,2024-05-04,1.43554771000148,0.8646616541353384,1.2412630575200767,1.0,2024-05,Q2 2024
Axis Berewick,2024-05-05,1.43554771000148,0.8609022556390977,1.2358662616178153,1.0,2024-05,Q2 2024
Axis Berewick,2024-05-06,1.4203607902840787,0.849624060150376,1.2067727015195555,1.0,2024-05,Q2 2024
Axis Berewick,2024-05-07,1.4257552635949542,0.8609022556390977,1.2274359224182123,1.0,2024-05,Q2 2024
Axis Berewick,2024-05-08,1.4257552635949542,0.8646616541353384,1.2327959046121784,1.0,2024-05,Q2 2024
Axis Berewick,2024-05-09,1.4257552635949542,0.8646616541353384,1.2327959046121784,1.0,2024-05,Q2 2024
Axis Berewick,2024-05-10,1.4257552635949542,0.8533834586466166,1.2167159580302804,1.0,2024-05,Q2 2024
Axis Berewick,2024-05-11,1.4444984809961827,0.849624060150376,1.2272806643050274,1.0,2024-05,Q2 2024
Axis Berewick,2024-05-12,1.4444984809961827,0.8609022556390977,1.243572000556864,1.0,2024-05,Q2 2024
Axis Berewick,2024-05-13,1.4444984809961827,0.8571428571428572,1.2381415551395853,1.0,2024-05,Q2 2024
Axis Berewick,2024-05-14,1.449782071993145,0.849624060150376,1.2317697303400403,1.0,2024-05,Q2 2024
Axis Berewick,2024-05-15,1.449782071993145,0.8458646616541353,1.2263194217987128,1.0,2024-05,Q2 2024
Axis Berewick,2024-05-16,1.4571621781132515,0.8458646616541353,1.2325619927649685,1.0,2024-05,Q2 2024
Axis Berewick,2024-05-17,1.4566828184798648,0.8571428571428572,1.2485852729827414,1.0,2024-05,Q2 2024
Axis Berewick,2024-05-18,1.4566828184798648,0.8609022556390977,1.254061524180034,1.0,2024-05,Q2 2024
Axis Berewick,2024-05-19,1.450180319686351,0.8609022556390977,1.2484635083014073,1.0,2024-05,Q2 2024
Axis Berewick,2024-05-20,1.450180319686351,0.8609022556390977,1.2484635083014073,1.0,2024-05,Q2 2024
Axis Berewick,2024-05-21,1.450180319686351,0.8571428571428572,1.243011702588301,1.0,2024-05,Q2 2024
Axis Berewick,2024-05-22,1.450180319686351,0.8571428571428572,1.243011702588301,1.0,2024-05,Q2 2024
Axis Berewick,2024-05-23,1.450180319686351,0.8571428571428572,1.243011702588301,1.0,2024-05,Q2 2024
Axis Berewick,2024-05-24,1.4362809712997968,0.8571428571428572,1.231097975399826,1.0,2024-05,Q2 2024
Axis Berewick,2024-05-25,1.4373416147862126,0.8609022556390977,1.2374106382933936,1.0,2024-05,Q2 2024
Axis Berewick,2024-05-26,1.4373416147862126,0.868421052631579,1.2482177181038163,1.0,2024-05,Q2 2024
Axis Berewick,2024-05-27,1.4373416147862126,0.868421052631579,1.2482177181038163,1.0,2024-05,Q2 2024
Axis Berewick,2024-05-28,1.4373416147862126,0.868421052631579,1.2482177181038163,1.0,2024-05,Q2 2024
Axis Berewick,2024-05-29,1.423951574133834,0.8646616541353384,1.2312363234991799,1.0,2024-05,Q2 2024
Axis Berewick,2024-05-30,1.4310366254874018,0.8759398496240601,1.2535020065359572,1.0,2024-05,Q2 2024
Axis Berewick,2024-05-31,1.4159168547428989,0.8759398496240601,1.240257996823667,1.0,2024-05,Q2 2024
Axis Berewick,2024-06-01,1.4159168547428989,0.887218045112782,1.2562269839072338,1.0,2024-06,Q2 2024
Axis Berewick,2024-06-02,1.4159168547428989,0.887218045112782,1.2562269839072338,1.0,2024-06,Q2 2024
Axis Berewick,2024-06-03,1.4159168547428989,0.887218045112782,1.2562269839072338,1.0,2024-06,Q2 2024
Axis Berewick,2024-06-04,1.4159168547428989,0.887218045112782,1.2562269839072338,1.0,2024-06,Q2 2024
Axis Berewick,2024-06-05,1.4159168547428989,0.8796992481203008,1.2455809925181893,1.0,2024-06,Q2 2024
Axis Berewick,2024-06-06,1.4159168547428989,0.8759398496240601,1.240257996823667,1.0,2024-06,Q2 2024
Axis Berewick,2024-06-07,1.411168521978456,0.8721804511278195,1.230793598116548,1.0,2024-06,Q2 2024
Axis Berewick,2024-06-08,1.411168521978456,0.8834586466165414,1.2467090325749517,1.0,2024-06,Q2 2024
Axis Berewick,2024-06-09,1.411168521978456,0.8834586466165414,1.2467090325749517,1.0,2024-06,Q2 2024
Axis Berewick,2024-06-10,1.4041280892515577,0.8834586466165414,1.2404891014064514,1.0,2024-06,Q2 2024
Axis Berewick,2024-06-11,1.393232002695362,0.887218045112782,1.2361005738199453,1.0,2024-06,Q2 2024
Axis Berewick,2024-06-12,1.393232002695362,0.8947368421052632,1.2465760024116397,1.0,2024-06,Q2 2024
Axis Berewick,2024-06-13,1.393232002695362,0.8909774436090225,1.2413382881157924,1.0,2024-06,Q2 2024
Axis Berewick,2024-06-14,1.393232002695362,0.8909774436090225,1.2413382881157924,1.0,2024-06,Q2 2024
Axis Berewick,2024-06-15,1.393232002695362,0.8909774436090225,1.2413382881157924,1.0,2024-06,Q2 2024
Axis Berewick,2024-06-16,1.393232002695362,0.8909774436090225,1.2413382881157924,1.0,2024-06,Q2 2024
Axis Berewick,2024-06-17,1.393232002695362,0.8909774436090225,1.2413382881157924,1.0,2024-06,Q2 2024
Axis Berewick,2024-06-18,1.393232002695362,0.8834586466165414,1.230862859524098,1.0,2024-06,Q2 2024
Axis Berewick,2024-06-19,1.393232002695362,0.8721804511278195,1.2151497166365561,1.0,2024-06,Q2 2024
Axis Berewick,2024-06-20,1.3882449415188132,0.868421052631579,1.2055811334242326,1.0,2024-06,Q2 2024
Axis Berewick,2024-06-21,1.3762433988794758,0.8721804511278195,1.200332588496385,1.0,2024-06,Q2 2024
Axis Berewick,2024-06-22,1.3705054022460796,0.8796992481203008,1.2056325719006866,1.0,2024-06,Q2 2024
Axis Berewick,2024-06-23,1.3705054022460796,0.8834586466165414,1.2107848478489802,1.0,2024-06,Q2 2024
Axis Berewick,2024-06-24,1.3705054022460796,0.8796992481203008,1.2056325719006866,1.0,2024-06,Q2 2024
Axis Berewick,2024-06-25,1.3705054022460796,0.8796992481203008,1.2056325719006866,1.0,2024-06,Q2 2024
Axis Berewick,2024-06-26,1.364845030667102,0.8759398496240601,1.1955221509226872,1.0,2024-06,Q2 2024
Axis Berewick,2024-06-27,1.3577561785070928,0.8759398496240601,1.1893127428276415,1.0,2024-06,Q2 2024
Axis Berewick,2024-06-28,1.3592170219024338,0.8796992481203008,1.1957021921998854,1.0,2024-06,Q2 2024
Axis Berewick,2024-06-29,1.3529261109412365,0.8834586466165414,1.1952542709443255,1.0,2024-06,Q2 2024
Axis Berewick,2024-06-30,1.3529261109412365,0.887218045112782,1.2003404593313227,1.0,2024-06,Q2 2024
Axis Berewick,2024-07-01,1.3583653419517332,0.8796992481203008,1.194952969987615,1.0,2024-07,Q3 2024
Axis Berewick,2024-07-02,1.3583653419517332,0.8834586466165414,1.2000596066114937,1.0,2024-07,Q3 2024
Axis Berewick,2024-07-03,1.3635116397681637,0.8721804511278195,1.18922819709103,1.0,2024-07,Q3 2024
Axis Berewick,2024-07-04,1.3635116397681637,0.8759398496240601,1.1943541806991809,1.0,2024-07,Q3 2024
Axis Berewick,2024-07-05,1.3563469743246606,0.8759398496240601,1.1880783647279922,1.0,2024-07,Q3 2024
Axis Berewick,2024-07-06,1.3563469743246606,0.8834586466165414,1.1982764622793054,1.0,2024-07,Q3 2024
Axis Berewick,2024-07-07,1.3563469743246606,0.8834586466165414,1.1982764622793054,1.0,2024-07,Q3 2024
Axis Berewick,2024-07-08,1.3563469743246606,0.8834586466165414,1.1982764622793054,1.0,2024-07,Q3 2024
Axis Berewick,2024-07-09,1.3563469743246606,0.8834586466165414,1.1982764622793054,1.0,2024-07,Q3 2024
Axis Berewick,2024-07-10,1.3563469743246606,0.8834586466165414,1.1982764622793054,1.0,2024-07,Q3 2024
Axis Berewick,2024-07-11,1.3563469743246606,0.8759398496240601,1.1880783647279922,1.0,2024-07,Q3 2024
Axis Berewick,2024-07-12,1.3615863089416196,0.868421052631579,1.1824302156598276,1.0,2024-07,Q3 2024
Axis Berewick,2024-07-13,1.3583704221203896,0.8759398496240601,1.189850783285905,1.0,2024-07,Q3 2024
Axis Berewick,2024-07-14,1.3548323969480767,0.8796992481203008,1.1918450409242478,1.0,2024-07,Q3 2024
Axis Berewick,2024-07-15,1.3548323969480767,0.8834586466165414,1.1969383957999926,1.0,2024-07,Q3 2024
Axis Berewick,2024-07-16,1.3548323969480767,0.8834586466165414,1.1969383957999926,1.0,2024-07,Q3 2024
Axis Berewick,2024-07-17,1.3501449462448765,0.8834586466165414,1.1927972269456615,1.0,2024-07,Q3 2024
Axis Berewick,2024-07-18,1.3684022597222192,0.8796992481203008,1.2037824390037568,1.0,2024-07,Q3 2024
Axis Berewick,2024-07-19,1.3684022597222192,0.8947368421052632,1.2243599165935646,1.0,2024-07,Q3 2024
Axis Berewick,2024-07-20,1.3684022597222192,0.8947368421052632,1.2243599165935646,1.0,2024-07,Q3 2024
Axis Berewick,2024-07-21,1.3684022597222192,0.8947368421052632,1.2243599165935646,1.0,2024-07,Q3 2024
Axis Berewick,2024-07-22,1.3684022597222192,0.8947368421052632,1.2243599165935646,1.0,2024-07,Q3 2024
Axis Berewick,2024-07-23,1.3645773639211167,0.8947368421052632,1.2209376414031043,1.0,2024-07,Q3 2024
Axis Berewick,2024-07-24,1.3645773639211167,0.8984962406015038,1.2260676314930334,1.0,2024-07,Q3 2024
Axis Berewick,2024-07-25,1.3645773639211167,0.8984962406015038,1.2260676314930334,1.0,2024-07,Q3 2024
Axis Berewick,2024-07-26,1.359413732130447,0.8947368421052632,1.2163175498009262,1.0,2024-07,Q3 2024
Axis Berewick,2024-07-27,1.359413732130447,0.8984962406015038,1.2214281277412662,1.0,2024-07,Q3 2024
Axis Berewick,2024-07-28,1.359413732130447,0.8984962406015038,1.2214281277412662,1.0,2024-07,Q3 2024
Axis Berewick,2024-07-29,1.359413732130447,0.8984962406015038,1.2214281277412662,1.0,2024-07,Q3 2024
Axis Berewick,2024-07-30,1.3595204494431294,0.8984962406015038,1.2215240128455187,1.0,2024-07,Q3 2024
Axis Berewick,2024-07-31,1.3595204494431294,0.8609022556390977,1.17041422151307,1.0,2024-07,Q3 2024
Axis Berewick,2024-08-01,1.3595204494431294,0.8609022556390977,1.17041422151307,1.0,2024-08,Q3 2024
Axis Berewick,2024-08-02,1.3595204494431294,0.8571428571428572,1.1653032423798253,1.0,2024-08,Q3 2024
Axis Berewick,2024-08-03,1.3595204494431294,0.8571428571428572,1.1653032423798253,1.0,2024-08,Q3 2024
Axis Berewick,2024-08-04,1.3558327689289553,0.8571428571428572,1.1621423733676761,1.0,2024-08,Q3 2024
Axis Berewick,2024-08-05,1.3558327689289553,0.8609022556390977,1.1672394890403412,1.0,2024-08,Q3 2024
Axis Berewick,2024-08-06,1.3514959040244319,0.8609022556390977,1.163505872261635,1.0,2024-08,Q3 2024
Axis Berewick,2024-08-07,1.3558605234526253,0.8609022556390977,1.1672633829723729,1.0,2024-08,Q3 2024
Axis Berewick,2024-08-08,1.3558605234526253,0.8646616541353384,1.1723606029853528,1.0,2024-08,Q3 2024
Axis Berewick,2024-08-09,1.3558605234526253,0.8646616541353384,1.1723606029853528,1.0,2024-08,Q3 2024
Axis Berewick,2024-08-10,1.3558605234526253,0.8646616541353384,1.1723606029853528,1.0,2024-08,Q3 2024
Axis Berewick,2024-08-11,1.3558605234526253,0.8646616541353384,1.1723606029853528,1.0,2024-08,Q3 2024
Axis Berewick,2024-08-12,1.3558605234526253,0.8646616541353384,1.1723606029853528,1.0,2024-08,Q3 2024
Axis Berewick,2024-08-13,1.3558605234526253,0.8609022556390977,1.1672633829723729,1.0,2024-08,Q3 2024
Axis Berewick,2024-08-14,1.3606451648953208,0.8571428571428572,1.1662672841959894,1.0,2024-08,Q3 2024
Axis Berewick,2024-08-15,1.3606451648953208,0.8609022556390977,1.1713824915828137,1.0,2024-08,Q3 2024
Axis Berewick,2024-08-16,1.365587716312627,0.8533834586466166,1.1653699684322043,1.0,2024-08,Q3 2024
Axis Berewick,2024-08-17,1.365587716312627,0.8571428571428572,1.1705037568393948,1.0,2024-08,Q3 2024
Axis Berewick,2024-08-18,1.3624142677188524,0.8571428571428572,1.1677836580447307,1.0,2024-08,Q3 2024
Axis Berewick,2024-08-19,1.3624142677188524,0.8609022556390977,1.1729055161940496,1.0,2024-08,Q3 2024
Axis Berewick,2024-08-20,1.3624142677188524,0.8609022556390977,1.1729055161940496,1.0,2024-08,Q3 2024
Axis Berewick,2024-08-21,1.3624142677188524,0.8609022556390977,1.1729055161940496,1.0,2024-08,Q3 2024
Axis Berewick,2024-08-22,1.3624142677188524,0.8609022556390977,1.1729055161940496,1.0,2024-08,Q3 2024
Axis Berewick,2024-08-23,1.3624142677188524,0.8609022556390977,1.1729055161940496,1.0,2024-08,Q3 2024
Axis Berewick,2024-08-24,1.3684340972335975,0.8609022556390977,1.1780880010018564,1.0,2024-08,Q3 2024
Axis Berewick,2024-08-25,1.369181855065884,0.8646616541353384,1.1838790476133585,1.0,2024-08,Q3 2024
Axis Berewick,2024-08-26,1.369181855065884,0.868421052631579,1.189026347820373,1.0,2024-08,Q3 2024
Axis Berewick,2024-08-27,1.369181855065884,0.868421052631579,1.189026347820373,1.0,2024-08,Q3 2024
Axis Berewick,2024-08-28,1.3671948380059482,0.868421052631579,1.1873007803735867,1.0,2024-08,Q3 2024
Axis Berewick,2024-08-29,1.3671948380059482,0.8721804511278195,1.192440610591654,1.0,2024-08,Q3 2024
Axis Berewick,2024-08-30,1.3671948380059482,0.8721804511278195,1.192440610591654,1.0,2024-08,Q3 2024
Axis Berewick,2024-08-31,1.3671948380059482,0.8646616541353384,1.182160950155519,1.0,2024-08,Q3 2024
Axis Berewick,2024-09-01,1.3679941272084133,0.8609022556390977,1.1777092298147618,1.0,2024-09,Q3 2024
Axis Berewick,2024-09-02,1.3679941272084133,0.8646616541353384,1.1828520648794552,1.0,2024-09,Q3 2024
Axis Berewick,2024-09-03,1.3679941272084133,0.8646616541353384,1.1828520648794552,1.0,2024-09,Q3 2024
Axis Berewick,2024-09-04,1.3766001825688259,0.8646616541353384,1.1902933909429698,1.0,2024-09,Q3 2024
Axis Berewick,2024-09-05,1.3766001825688259,0.8721804511278195,1.2006437682555173,1.0,2024-09,Q3 2024
Axis Berewick,2024-09-06,1.3766001825688259,0.8721804511278195,1.2006437682555173,1.0,2024-09,Q3 2024
Axis Berewick,2024-09-07,1.3766001825688259,0.8721804511278195,1.2006437682555173,1.0,2024-09,Q3 2024
Axis Berewick,2024-09-08,1.3766001825688259,0.8721804511278195,1.2006437682555173,1.0,2024-09,Q3 2024
Axis Berewick,2024-09-09,1.3766001825688259,0.8721804511278195,1.2006437682555173,1.0,2024-09,Q3 2024
Axis Berewick,2024-09-10,1.372057393605226,0.8721804511278195,1.1966816365278663,1.0,2024-09,Q3 2024
Axis Berewick,2024-09-11,1.372057393605226,0.8759398496240601,1.2018397470301416,1.0,2024-09,Q3 2024
Axis Berewick,2024-09-12,1.372057393605226,0.8759398496240601,1.2018397470301416,1.0,2024-09,Q3 2024
Axis Berewick,2024-09-13,1.372057393605226,0.8759398496240601,1.2018397470301416,1.0,2024-09,Q3 2024
Axis Berewick,2024-09-14,1.376967339328469,0.8759398496240601,1.2061405641486214,1.0,2024-09,Q3 2024
Axis Berewick,2024-09-15,1.376967339328469,0.8796992481203008,1.2113171330934651,1.0,2024-09,Q3 2024
Axis Berewick,2024-09-16,1.376967339328469,0.8796992481203008,1.2113171330934651,1.0,2024-09,Q3 2024
Axis Berewick,2024-09-17,1.3740437489637913,0.8796992481203008,1.2087452528478466,1.0,2024-09,Q3 2024
Axis Berewick,2024-09-18,1.3740437489637913,0.8759398496240601,1.2035796748442231,1.0,2024-09,Q3 2024
Axis Berewick,2024-09-19,1.3800801737750863,0.8759398496240601,1.2088672198856958,1.0,2024-09,Q3 2024
Axis Berewick,2024-09-20,1.3800801737750863,0.8796992481203008,1.2140554912156774,1.0,2024-09,Q3 2024
Axis Berewick,2024-09-21,1.3800801737750863,0.8796992481203008,1.2140554912156774,1.0,2024-09,Q3 2024
Axis Berewick,2024-09-22,1.3800801737750863,0.8796992481203008,1.2140554912156774,1.0,2024-09,Q3 2024
Axis Berewick,2024-09-23,1.3800801737750863,0.8796992481203008,1.2140554912156774,1.0,2024-09,Q3 2024
Axis Berewick,2024-09-24,1.3800801737750863,0.8796992481203008,1.2140554912156774,1.0,2024-09,Q3 2024
Axis Berewick,2024-09-25,1.3800801737750863,0.8796992481203008,1.2140554912156774,1.0,2024-09,Q3 2024
Axis Berewick,2024-09-26,1.3800801737750863,0.8796992481203008,1.2140554912156774,1.0,2024-09,Q3 2024
Axis Berewick,2024-09-27,1.3926656656284861,0.8796992481203008,1.2251269389363375,1.0,2024-09,Q3 2024
Axis Berewick,2024-09-28,1.3926656656284861,0.8947368421052632,1.246069279772856,1.0,2024-09,Q3 2024
Axis Berewick,2024-09-29,1.3926656656284861,0.8947368421052632,1.246069279772856,1.0,2024-09,Q3 2024
Axis Berewick,2024-09-30,1.3926656656284861,0.8947368421052632,1.246069279772856,1.0,2024-09,Q3 2024
Axis Berewick,2024-10-01,1.3926656656284861,0.887218045112782,1.235598109354597,1.0,2024-10,Q4 2024
Axis Berewick,2024-10-02,1.3984702475335609,0.887218045112782,1.2407480391651142,1.0,2024-10,Q4 2024
Axis Berewick,2024-10-03,1.3984702475335609,0.8909774436090225,1.246005446110729,1.0,2024-10,Q4 2024
Axis Berewick,2024-10-04,1.3936615318966659,0.887218045112782,1.2364816598782449,1.0,2024-10,Q4 2024
Axis Berewick,2024-10-05,1.3936615318966659,0.8947368421052632,1.2469603180128064,1.0,2024-10,Q4 2024
Axis Berewick,2024-10-06,1.3940361352217865,0.8947368421052632,1.247295489408967,1.0,2024-10,Q4 2024
Axis Berewick,2024-10-07,1.3940361352217865,0.8984962406015038,1.2525362267594247,1.0,2024-10,Q4 2024
Axis Berewick,2024-10-08,1.3940361352217865,0.8984962406015038,1.2525362267594247,1.0,2024-10,Q4 2024
Axis Berewick,2024-10-09,1.3940361352217865,0.8984962406015038,1.2525362267594247,1.0,2024-10,Q4 2024
Axis Berewick,2024-10-10,1.3940361352217865,0.8947368421052632,1.247295489408967,1.0,2024-10,Q4 2024
Axis Berewick,2024-10-11,1.3940361352217865,0.8947368421052632,1.247295489408967,1.0,2024-10,Q4 2024
Axis Berewick,2024-10-12,1.391955461021471,0.8909774436090225,1.2402009182785287,1.0,2024-10,Q4 2024
Axis Berewick,2024-10-13,1.391955461021471,0.8984962406015038,1.2506667488125247,1.0,2024-10,Q4 2024
Axis Berewick,2024-10-14,1.391955461021471,0.8984962406015038,1.2506667488125247,1.0,2024-10,Q4 2024
Axis Berewick,2024-10-15,1.391955461021471,0.8984962406015038,1.2506667488125247,1.0,2024-10,Q4 2024
Axis Berewick,2024-10-16,1.391955461021471,0.8984962406015038,1.2506667488125247,1.0,2024-10,Q4 2024
Axis Berewick,2024-10-17,1.3917015178856609,0.8984962406015038,1.2504385818596728,1.0,2024-10,Q4 2024
Axis Berewick,2024-10-18,1.3960294870320205,0.9022556390977443,1.2595754770213718,1.0,2024-10,Q4 2024
Axis Berewick,2024-10-19,1.399968510862116,0.9060150375939849,1.268392522999135,1.0,2024-10,Q4 2024
Axis Berewick,2024-10-20,1.399968510862116,0.9022556390977443,1.2631294834846158,1.0,2024-10,Q4 2024
Axis Berewick,2024-10-21,1.399968510862116,0.9022556390977443,1.2631294834846158,1.0,2024-10,Q4 2024
Axis Berewick,2024-10-22,1.399968510862116,0.9022556390977443,1.2631294834846158,1.0,2024-10,Q4 2024
Axis Berewick,2024-10-23,1.4045757852738945,0.9022556390977443,1.2672864228035137,1.0,2024-10,Q4 2024
Axis Berewick,2024-10-24,1.4045757852738945,0.9060150375939849,1.2725667828985285,1.0,2024-10,Q4 2024
Axis Berewick,2024-10-25,1.4045757852738945,0.9060150375939849,1.2725667828985285,1.0,2024-10,Q4 2024
Axis Berewick,2024-10-26,1.4045195796778103,0.9060150375939849,1.2725158597832793,1.0,2024-10,Q4 2024
Axis Berewick,2024-10-27,1.4045195796778103,0.9097744360902256,1.2777960085790605,1.0,2024-10,Q4 2024
Axis Berewick,2024-10-28,1.4045195796778103,0.9097744360902256,1.2777960085790605,1.0,2024-10,Q4 2024
Axis Berewick,2024-10-29,1.4045195796778103,0.9022556390977443,1.2672357109874979,1.0,2024-10,Q4 2024
Axis Berewick,2024-10-30,1.4063709295621636,0.8984962406015038,1.2636189931028463,1.0,2024-10,Q4 2024
Axis Berewick,2024-10-31,1.4048837477362532,0.9060150375939849,1.27284580152044,1.0,2024-10,Q4 2024
Axis Berewick,2024-11-01,1.402531690451235,0.9135338345864662,1.2812601533069554,1.0,2024-11,Q4 2024
Axis Berewick,2024-11-02,1.402531690451235,0.9172932330827068,1.2865328288349676,1.0,2024-11,Q4 2024
Axis Berewick,2024-11-03,1.402531690451235,0.9172932330827068,1.2865328288349676,1.0,2024-11,Q4 2024
Axis Berewick,2024-11-04,1.3997565516629313,0.9172932330827068,1.2839872128035912,1.0,2024-11,Q4 2024
Axis Berewick,2024-11-05,1.3960784419252505,0.9210526315789473,1.2858617228258886,1.0,2024-11,Q4 2024
Axis Berewick,2024-11-06,1.3960784419252505,0.924812030075188,1.2911101380210963,1.0,2024-11,Q4 2024
Axis Berewick,2024-11-07,1.3960784419252505,0.924812030075188,1.2911101380210963,1.0,2024-11,Q4 2024
Axis Berewick,2024-11-08,1.3929252621312593,0.924812030075188,1.2881940394146234,1.0,2024-11,Q4 2024
Axis Berewick,2024-11-09,1.3929252621312593,0.9285714285714286,1.2934306005504552,1.0,2024-11,Q4 2024
Axis Berewick,2024-11-10,1.3929252621312593,0.9285714285714286,1.2934306005504552,1.0,2024-11,Q4 2024
Axis Berewick,2024-11-11,1.3929252621312593,0.9285714285714286,1.2934306005504552,1.0,2024-11,Q4 2024
Axis Berewick,2024-11-12,1.3929252621312593,0.9285714285714286,1.2934306005504552,1.0,2024-11,Q4 2024
Axis Berewick,2024-11-13,1.3929252621312593,0.9285714285714286,1.2934306005504552,1.0,2024-11,Q4 2024
Axis Berewick,2024-11-14,1.3929252621312593,0.9285714285714286,1.2934306005504552,1.0,2024-11,Q4 2024
Axis Berewick,2024-11-15,1.3929252621312593,0.9285714285714286,1.2934306005504552,1.0,2024-11,Q4 2024
Axis Berewick,2024-11-16,1.3929252621312593,0.9285714285714286,1.2934306005504552,1.0,2024-11,Q4 2024
Axis Berewick,2024-11-17,1.3929252621312593,0.9285714285714286,1.2934306005504552,1.0,2024-11,Q4 2024
Axis Berewick,2024-11-18,1.3929252621312593,0.9285714285714286,1.2934306005504552,1.0,2024-11,Q4 2024
Axis Berewick,2024-11-19,1.3929252621312593,0.9285714285714286,1.2934306005504552,1.0,2024-11,Q4 2024
Axis Berewick,2024-11-20,1.3929252621312593,0.9285714285714286,1.2934306005504552,1.0,2024-11,Q4 2024
Axis Berewick,2024-11-21,1.387728707258254,0.924812030075188,1.283388202953122,1.0,2024-11,Q4 2024
Axis Berewick,2024-11-22,1.387728707258254,0.9323308270676691,1.2938222533836352,1.0,2024-11,Q4 2024
Axis Berewick,2024-11-23,1.387728707258254,0.9323308270676691,1.2938222533836352,1.0,2024-11,Q4 2024
Axis Berewick,2024-11-24,1.387728707258254,0.9323308270676691,1.2938222533836352,1.0,2024-11,Q4 2024
Axis Berewick,2024-11-25,1.387728707258254,0.9323308270676691,1.2938222533836352,1.0,2024-11,Q4 2024
Axis Berewick,2024-11-26,1.3845164377647305,0.9323308270676691,1.2908273555099743,1.0,2024-11,Q4 2024
Axis Berewick,2024-11-27,1.3823014954453678,0.9360902255639098,1.293958918668784,1.0,2024-11,Q4 2024
Axis Berewick,2024-11-28,1.3823014954453678,0.9398496240601504,1.2991555408321127,1.0,2024-11,Q4 2024
Axis Berewick,2024-11-29,1.3823014954453678,0.9398496240601504,1.2991555408321127,1.0,2024-11,Q4 2024
Axis Berewick,2024-11-30,1.3823014954453678,0.9398496240601504,1.2991555408321127,1.0,2024-11,Q4 2024
Axis Berewick,2024-12-01,1.3823014954453678,0.9398496240601504,1.2991555408321127,1.0,2024-12,Q4 2024
Axis Berewick,2024-12-02,1.3823014954453678,0.9398496240601504,1.2991555408321127,1.0,2024-12,Q4 2024
Axis Berewick,2024-12-03,1.3794647124621702,0.9398496240601504,1.296489391411814,1.0,2024-12,Q4 2024
Axis Berewick,2024-12-04,1.3793912498300276,0.9398496240601504,1.2964203475846123,1.0,2024-12,Q4 2024
Axis Berewick,2024-12-05,1.377313028772139,0.9398496240601504,1.2944671323046417,1.0,2024-12,Q4 2024
Axis Berewick,2024-12-06,1.377313028772139,0.943609022556391,1.2996450008338605,1.0,2024-12,Q4 2024
Axis Berewick,2024-12-07,1.377313028772139,0.943609022556391,1.2996450008338605,1.0,2024-12,Q4 2024
Axis Berewick,2024-12-08,1.377313028772139,0.943609022556391,1.2996450008338605,1.0,2024-12,Q4 2024
Axis Berewick,2024-12-09,1.377313028772139,0.943609022556391,1.2996450008338605,1.0,2024-12,Q4 2024
Axis Berewick,2024-12-10,1.377313028772139,0.9398496240601504,1.2944671323046417,1.0,2024-12,Q4 2024
Axis Berewick,2024-12-11,1.377313028772139,0.9398496240601504,1.2944671323046417,1.0,2024-12,Q4 2024
Axis Berewick,2024-12-12,1.377313028772139,0.9398496240601504,1.2944671323046417,1.0,2024-12,Q4 2024
Axis Berewick,2024-12-13,1.377313028772139,0.9360902255639098,1.2892892637754232,1.0,2024-12,Q4 2024
Axis Berewick,2024-12-14,1.3743235053161436,0.9323308270676691,1.2813241703699383,1.0,2024-12,Q4 2024
Axis Berewick,2024-12-15,1.3743235053161436,0.9360902255639098,1.286490800089172,1.0,2024-12,Q4 2024
Axis Berewick,2024-12-16,1.3743235053161436,0.9360902255639098,1.286490800089172,1.0,2024-12,Q4 2024
Axis Berewick,2024-12-17,1.3743235053161436,0.9285714285714286,1.2761575406507049,1.0,2024-12,Q4 2024
Axis Berewick,2024-12-18,1.3743235053161436,0.9285714285714286,1.2761575406507049,1.0,2024-12,Q4 2024
Axis Berewick,2024-12-19,1.3743235053161436,0.9285714285714286,1.2761575406507049,1.0,2024-12,Q4 2024
Axis Berewick,2024-12-20,1.376669157308136,0.924812030075188,1.2731601981120355,1.0,2024-12,Q4 2024
Axis Berewick,2024-12-21,1.376669157308136,0.9285714285714286,1.2783356460718407,1.0,2024-12,Q4 2024
Axis Berewick,2024-12-22,1.376669157308136,0.9210526315789473,1.2679847501522306,1.0,2024-12,Q4 2024
Axis Berewick,2024-12-23,1.376669157308136,0.9135338345864662,1.2576338542326204,1.0,2024-12,Q4 2024
Axis Berewick,2024-12-24,1.3743386720526813,0.9097744360902256,1.2503381903637176,1.0,2024-12,Q4 2024
Axis Berewick,2024-12-25,1.3743386720526813,0.9135338345864662,1.2555048771007578,1.0,2024-12,Q4 2024
Axis Berewick,2024-12-26,1.3743386720526813,0.9135338345864662,1.2555048771007578,1.0,2024-12,Q4 2024
Axis Berewick,2024-12-27,1.3743386720526813,0.9097744360902256,1.2503381903637176,1.0,2024-12,Q4 2024
Axis Berewick,2024-12-28,1.3747962735053503,0.9060150375939849,1.2455860974240203,1.0,2024-12,Q4 2024
Axis Berewick,2024-12-29,1.3747962735053503,0.9097744360902256,1.2507545044672737,1.0,2024-12,Q4 2024
Axis Berewick,2024-12-30,1.3747962735053503,0.9022556390977443,1.240417690380767,1.0,2024-12,Q4 2024
Axis Berewick,2024-12-31,1.3747962735053503,0.9022556390977443,1.240417690380767,1.0,2024-12,Q4 2024
Axis Berewick,2025-01-01,1.3740311038631827,0.8984962406015038,1.234561781290604,1.0,2025-01,Q1 2025
Axis Berewick,2025-01-02,1.3748511891560822,0.9022556390977443,1.2404672383363147,1.0,2025-01,Q1 2025
Axis Berewick,2025-01-03,1.370471967241207,0.9060150375939849,1.2416682109215447,1.0,2025-01,Q1 2025
Axis Berewick,2025-01-04,1.370471967241207,0.9172932330827068,1.257124661679904,1.0,2025-01,Q1 2025
Axis Berewick,2025-01-05,1.3686643894267037,0.9172932330827068,1.2554665827823899,1.0,2025-01,Q1 2025
Axis Berewick,2025-01-06,1.3686968895955434,0.9210526315789473,1.2606418719958952,1.0,2025-01,Q1 2025
Axis Berewick,2025-01-07,1.3686968895955434,0.924812030075188,1.2657873490244498,1.0,2025-01,Q1 2025
Axis Berewick,2025-01-08,1.3686968895955434,0.924812030075188,1.2657873490244498,1.0,2025-01,Q1 2025
Axis Berewick,2025-01-09,1.3686968895955434,0.924812030075188,1.2657873490244498,1.0,2025-01,Q1 2025
Axis Berewick,2025-01-10,1.3686968895955434,0.924812030075188,1.2657873490244498,1.0,2025-01,Q1 2025
Axis Berewick,2025-01-11,1.3686968895955434,0.924812030075188,1.2657873490244498,1.0,2025-01,Q1 2025
Axis Berewick,2025-01-12,1.3686968895955434,0.924812030075188,1.2657873490244498,1.0,2025-01,Q1 2025
Axis Berewick,2025-01-13,1.3686968895955434,0.924812030075188,1.2657873490244498,1.0,2025-01,Q1 2025
Axis Berewick,2025-01-14,1.3686968895955434,0.924812030075188,1.2657873490244498,1.0,2025-01,Q1 2025
Axis Berewick,2025-01-15,1.3686968895955434,0.924812030075188,1.2657873490244498,1.0,2025-01,Q1 2025
Axis Berewick,2025-01-16,1.3686968895955434,0.924812030075188,1.2657873490244498,1.0,2025-01,Q1 2025
Axis Berewick,2025-01-17,1.3686968895955434,0.924812030075188,1.2657873490244498,1.0,2025-01,Q1 2025
Axis Berewick,2025-01-18,1.3686968895955434,0.924812030075188,1.2657873490244498,1.0,2025-01,Q1 2025
Axis Berewick,2025-01-19,1.3686968895955434,0.924812030075188,1.2657873490244498,1.0,2025-01,Q1 2025
Axis Berewick,2025-01-20,1.3686968895955434,0.924812030075188,1.2657873490244498,1.0,2025-01,Q1 2025
Axis Berewick,2025-01-21,1.3686968895955434,0.924812030075188,1.2657873490244498,1.0,2025-01,Q1 2025
Axis Berewick,2025-01-22,1.3686968895955434,0.924812030075188,1.2657873490244498,1.0,2025-01,Q1 2025
Axis Berewick,2025-01-23,1.3686968895955434,0.924812030075188,1.2657873490244498,1.0,2025-01,Q1 2025
Axis Berewick,2025-01-24,1.3686968895955434,0.924812030075188,1.2657873490244498,1.0,2025-01,Q1 2025
Axis Berewick,2025-01-25,1.3686968895955434,0.924812030075188,1.2657873490244498,1.0,2025-01,Q1 2025
Axis Berewick,2025-01-26,1.3686968895955434,0.924812030075188,1.2657873490244498,1.0,2025-01,Q1 2025
Axis Berewick,2025-01-27,1.3686968895955434,0.9097744360902256,1.245205440910231,1.0,2025-01,Q1 2025
Axis Berewick,2025-01-28,1.369850970591035,0.9097744360902256,1.246255394297107,1.0,2025-01,Q1 2025
Axis Berewick,2025-01-29,1.369850970591035,0.9135338345864662,1.251405209976021,1.0,2025-01,Q1 2025
Axis Berewick,2025-01-30,1.369850970591035,0.9135338345864662,1.251405209976021,1.0,2025-01,Q1 2025
Axis Berewick,2025-01-31,1.369850970591035,0.9097744360902256,1.246255394297107,1.0,2025-01,Q1 2025
Axis Berewick,2025-02-01,1.3763476730313575,0.9097744360902256,1.2521659280961974,1.0,2025-02,Q1 2025
Axis Berewick,2025-02-02,1.3763476730313575,0.9172932330827068,1.2625144068407943,1.0,2025-02,Q1 2025
Axis Berewick,2025-02-03,1.3763476730313575,0.9172932330827068,1.2625144068407943,1.0,2025-02,Q1 2025
Axis Berewick,2025-02-04,1.3763476730313575,0.9135338345864662,1.2573401674684959,1.0,2025-02,Q1 2025
Axis Berewick,2025-02-05,1.3763476730313575,0.9097744360902256,1.2521659280961974,1.0,2025-02,Q1 2025
Axis Berewick,2025-02-06,1.3763476730313575,0.9097744360902256,1.2521659280961974,1.0,2025-02,Q1 2025
Axis Berewick,2025-02-07,1.3763476730313575,0.9022556390977443,1.2418174493516008,1.0,2025-02,Q1 2025
Axis Berewick,2025-02-08,1.3763476730313575,0.9022556390977443,1.2418174493516008,1.0,2025-02,Q1 2025
Axis Berewick,2025-02-09,1.3763476730313575,0.8984962406015038,1.2366432099793025,1.0,2025-02,Q1 2025
Axis Berewick,2025-02-10,1.3763476730313575,0.8984962406015038,1.2366432099793025,1.0,2025-02,Q1 2025
Axis Berewick,2025-02-11,1.3763476730313575,0.8984962406015038,1.2366432099793025,1.0,2025-02,Q1 2025
Axis Berewick,2025-02-12,1.3763476730313575,0.8984962406015038,1.2366432099793025,1.0,2025-02,Q1 2025
Axis Berewick,2025-02-13,1.3763476730313575,0.8947368421052632,1.231468970607004,1.0,2025-02,Q1 2025
Axis Berewick,2025-02-14,1.3763476730313575,0.8909774436090225,1.2262947312347057,1.0,2025-02,Q1 2025
Axis Berewick,2025-02-15,1.3763476730313575,0.8909774436090225,1.2262947312347057,1.0,2025-02,Q1 2025
Axis Berewick,2025-02-16,1.3763476730313575,0.8909774436090225,1.2262947312347057,1.0,2025-02,Q1 2025
Axis Berewick,2025-02-17,1.3763476730313575,0.8909774436090225,1.2262947312347057,1.0,2025-02,Q1 2025
Axis Berewick,2025-02-18,1.3763476730313575,0.8909774436090225,1.2262947312347057,1.0,2025-02,Q1 2025
Axis Berewick,2025-02-19,1.3763476730313575,0.8909774436090225,1.2262947312347057,1.0,2025-02,Q1 2025
Axis Berewick,2025-02-20,1.3773261336160678,0.8909774436090225,1.2271665175451432,1.0,2025-02,Q1 2025
Axis Berewick,2025-02-21,1.3773261336160678,0.8947368421052632,1.2323444353406923,1.0,2025-02,Q1 2025
Axis Berewick,2025-02-22,1.3773261336160678,0.8947368421052632,1.2323444353406923,1.0,2025-02,Q1 2025
Axis Berewick,2025-02-23,1.3773261336160678,0.8947368421052632,1.2323444353406923,1.0,2025-02,Q1 2025
Axis Berewick,2025-02-24,1.3773261336160678,0.8947368421052632,1.2323444353406923,1.0,2025-02,Q1 2025
Axis Berewick,2025-02-25,1.3773261336160678,0.8909774436090225,1.2271665175451432,1.0,2025-02,Q1 2025
Axis Berewick,2025-02-26,1.3760689956990368,0.887218045112782,1.2208732443044088,1.0,2025-02,Q1 2025
Axis Berewick,2025-02-27,1.3760689956990368,0.8834586466165414,1.2157000525912545,1.0,2025-02,Q1 2025
Axis Berewick,2025-02-28,1.3760689956990368,0.8834586466165414,1.2157000525912545,1.0,2025-02,Q1 2025
Axis Berewick,2025-03-01,1.3760689956990368,0.8834586466165414,1.2157000525912545,1.0,2025-03,Q1 2025
Axis Berewick,2025-03-02,1.3760689956990368,0.8796992481203008,1.2105268608781001,1.0,2025-03,Q1 2025
Axis Berewick,2025-03-03,1.3760689956990368,0.8759398496240601,1.2053536691649458,1.0,2025-03,Q1 2025
Axis Berewick,2025-03-04,1.37460843944154,0.8759398496240601,1.2040743097363866,1.0,2025-03,Q1 2025
Axis Berewick,2025-03-05,1.37460843944154,0.868421052631579,1.1937389079360743,1.0,2025-03,Q1 2025
Axis Berewick,2025-03-06,1.37460843944154,0.868421052631579,1.1937389079360743,1.0,2025-03,Q1 2025
Axis Berewick,2025-03-07,1.373055432056278,0.8609022556390977,1.1820665185747656,1.0,2025-03,Q1 2025
Axis Berewick,2025-03-08,1.373055432056278,0.8646616541353384,1.187228381101293,1.0,2025-03,Q1 2025
Axis Berewick,2025-03-09,1.373055432056278,0.8646616541353384,1.187228381101293,1.0,2025-03,Q1 2025
Axis Berewick,2025-03-10,1.373055432056278,0.8646616541353384,1.187228381101293,1.0,2025-03,Q1 2025
Axis Berewick,2025-03-11,1.373055432056278,0.8609022556390977,1.1820665185747656,1.0,2025-03,Q1 2025
Axis Berewick,2025-03-12,1.373055432056278,0.8609022556390977,1.1820665185747656,1.0,2025-03,Q1 2025
Axis Berewick,2025-03-13,1.373055432056278,0.8609022556390977,1.1820665185747656,1.0,2025-03,Q1 2025
Axis Berewick,2025-03-14,1.373055432056278,0.8609022556390977,1.1820665185747656,1.0,2025-03,Q1 2025
Axis Berewick,2025-03-15,1.3787247198563661,0.8609022556390977,1.1869472212297287,1.0,2025-03,Q1 2025
Axis Berewick,2025-03-16,1.3787247198563661,0.868421052631579,1.1973135725068442,1.0,2025-03,Q1 2025
Axis Berewick,2025-03-17,1.376475647638789,0.868421052631579,1.1953604308442114,1.0,2025-03,Q1 2025
Axis Berewick,2025-03-18,1.3718637240120382,0.8721804511278195,1.19651272169471,1.0,2025-03,Q1 2025
Axis Berewick,2025-03-19,1.3713276018253624,0.8759398496240601,1.201200493328231,1.0,2025-03,Q1 2025
Axis Berewick,2025-03-20,1.3713276018253624,0.8796992481203008,1.2063558602523865,1.0,2025-03,Q1 2025
Axis Berewick,2025-03-21,1.3713276018253624,0.8721804511278195,1.1960451264040755,1.0,2025-03,Q1 2025
Axis Berewick,2025-03-22,1.3713276018253624,0.8721804511278195,1.1960451264040755,1.0,2025-03,Q1 2025
Axis Berewick,2025-03-23,1.3701926938198017,0.8721804511278195,1.1950552818277969,1.0,2025-03,Q1 2025
Axis Berewick,2025-03-24,1.3701926938198017,0.8759398496240601,1.200206382180503,1.0,2025-03,Q1 2025
Axis Berewick,2025-03-25,1.3701926938198017,0.8721804511278195,1.1950552818277969,1.0,2025-03,Q1 2025
Axis Berewick,2025-03-26,1.3701926938198017,0.8721804511278195,1.1950552818277969,1.0,2025-03,Q1 2025
Axis Berewick,2025-03-27,1.3701926938198017,0.8721804511278195,1.1950552818277969,1.0,2025-03,Q1 2025
Axis Berewick,2025-03-28,1.3701926938198017,0.8721804511278195,1.1950552818277969,1.0,2025-03,Q1 2025
Axis Berewick,2025-03-29,1.3663067752495663,0.8721804511278195,1.191666059616163,1.0,2025-03,Q1 2025
Axis Berewick,2025-03-30,1.3663067752495663,0.8759398496240601,1.1968025512524396,1.0,2025-03,Q1 2025
Axis Berewick,2025-03-31,1.3679548086833007,0.868421052631579,1.1879607549091822,1.0,2025-03,Q1 2025
Axis Berewick,2025-04-01,1.3628207836510557,0.868421052631579,1.1835022594864433,1.0,2025-04,Q2 2025
Axis Berewick,2025-04-02,1.3628207836510557,0.8759398496240601,1.1937490322958495,1.0,2025-04,Q2 2025
Axis Berewick,2025-04-03,1.3628207836510557,0.8721804511278195,1.1886256458911464,1.0,2025-04,Q2 2025
Axis Berewick,2025-04-04,1.3616511382671033,0.8721804511278195,1.187605504052511,1.0,2025-04,Q2 2025
Axis Berewick,2025-04-05,1.3616511382671033,0.8721804511278195,1.187605504052511,1.0,2025-04,Q2 2025
Axis Berewick,2025-04-06,1.3616511382671033,0.8721804511278195,1.187605504052511,1.0,2025-04,Q2 2025
Axis Berewick,2025-04-07,1.3616511382671033,0.868421052631579,1.1824865148109056,1.0,2025-04,Q2 2025
Axis Berewick,2025-04-08,1.3616511382671033,0.868421052631579,1.1824865148109056,1.0,2025-04,Q2 2025
Axis Berewick,2025-04-09,1.3610701630928375,0.8609022556390977,1.1717483734896983,1.0,2025-04,Q2 2025
Axis Berewick,2025-04-10,1.3610701630928375,0.8609022556390977,1.1717483734896983,1.0,2025-04,Q2 2025
Axis Berewick,2025-04-11,1.3610701630928375,0.8609022556390977,1.1717483734896983,1.0,2025-04,Q2 2025
Axis Berewick,2025-04-12,1.3611733659602723,0.8609022556390977,1.1718372210710615,1.0,2025-04,Q2 2025
Axis Berewick,2025-04-13,1.3617820962787792,0.8646616541353384,1.1774807599402979,1.0,2025-04,Q2 2025
Axis Berewick,2025-04-14,1.3625631087629015,0.868421052631579,1.1832784891888355,1.0,2025-04,Q2 2025
Axis Berewick,2025-04-15,1.356769433719956,0.868421052631579,1.1782471398094356,1.0,2025-04,Q2 2025
Axis Berewick,2025-04-16,1.3529638548278962,0.8834586466165414,1.195287616107352,1.0,2025-04,Q2 2025
Axis Berewick,2025-04-17,1.3529638548278962,0.887218045112782,1.2003739463886598,1.0,2025-04,Q2 2025
Axis Berewick,2025-04-18,1.3485260641671373,0.887218045112782,1.1964366584340016,1.0,2025-04,Q2 2025
Axis Berewick,2025-04-19,1.3485260641671373,0.8909774436090225,1.2015063052917727,1.0,2025-04,Q2 2025
Axis Berewick,2025-04-20,1.34668653590508,0.8909774436090225,1.1998673271033982,1.0,2025-04,Q2 2025
Axis Berewick,2025-04-21,1.34668653590508,0.8947368421052632,1.2049300584413873,1.0,2025-04,Q2 2025
Axis Berewick,2025-04-22,1.3466664246877276,0.8834586466165414,1.1897240969985563,1.0,2025-04,Q2 2025
Axis Berewick,2025-04-23,1.3465351014400906,0.887218045112782,1.1946702403754188,1.0,2025-04,Q2 2025
Axis Berewick,2025-04-24,1.3433480757197884,0.8834586466165414,1.1867924729103394,1.0,2025-04,Q2 2025
Axis Berewick,2025-04-25,1.3437695238151266,0.887218045112782,1.1922165700013907,1.0,2025-04,Q2 2025
Axis Berewick,2025-04-26,1.3437695238151266,0.8909774436090225,1.197268335128515,1.0,2025-04,Q2 2025
Axis Berewick,2025-04-27,1.351958583902365,0.8909774436090225,1.2045646029506032,1.0,2025-04,Q2 2025
Citra Luxe,2023-10-28,0.9226305329378102,0.9087591240875912,0.8384489149690318,1.0,2023-10,Q4 2023
Citra Luxe,2023-10-29,0.9226305329378102,0.916058394160584,0.8451834444065341,1.0,2023-10,Q4 2023
Citra Luxe,2023-10-30,0.9226305329378102,0.916058394160584,0.8451834444065341,1.0,2023-10,Q4 2023
Citra Luxe,2023-10-31,0.938916107855441,0.916058394160584,0.8601019820135609,1.0,2023-10,Q4 2023
Citra Luxe,2023-11-01,0.9609880255840892,0.9197080291970803,0.8838284030919361,1.0,2023-11,Q4 2023
Citra Luxe,2023-11-02,0.9551492280324406,0.9197080291970803,0.8784584141028285,1.0,2023-11,Q4 2023
Citra Luxe,2023-11-03,0.9442369849839478,0.9233576642335767,0.8718684569377328,1.0,2023-11,Q4 2023
Citra Luxe,2023-11-04,0.9442369849839478,0.9306569343065694,0.8787606977040391,1.0,2023-11,Q4 2023
Citra Luxe,2023-11-05,0.9391874332470508,0.9306569343065694,0.8740612973649561,1.0,2023-11,Q4 2023
Citra Luxe,2023-11-06,0.9391874332470508,0.9343065693430657,0.8774889887271715,1.0,2023-11,Q4 2023
Citra Luxe,2023-11-07,0.9831075913028031,0.9343065693430657,0.9185238809252467,1.0,2023-11,Q4 2023
Citra Luxe,2023-11-08,0.9831075913028031,0.9379562043795621,0.922111864835111,1.0,2023-11,Q4 2023
Citra Luxe,2023-11-09,0.9831075913028031,0.9343065693430657,0.9185238809252467,1.0,2023-11,Q4 2023
Citra Luxe,2023-11-10,0.9831075913028031,0.9343065693430657,0.9185238809252467,1.0,2023-11,Q4 2023
Citra Luxe,2023-11-11,0.9779228940777794,0.9343065693430657,0.9136797842478523,1.0,2023-11,Q4 2023
Citra Luxe,2023-11-12,0.9779228940777794,0.9379562043795621,0.9172488459050705,1.0,2023-11,Q4 2023
Citra Luxe,2023-11-13,0.9779228940777794,0.9379562043795621,0.9172488459050705,1.0,2023-11,Q4 2023
Citra Luxe,2023-11-14,0.9723894476047675,0.9379562043795621,0.9120587154541068,1.0,2023-11,Q4 2023
Citra Luxe,2023-11-15,0.9723894476047675,0.9416058394160584,0.9156075820512044,1.0,2023-11,Q4 2023
Citra Luxe,2023-11-16,0.9673950528452246,0.9379562043795621,0.9073741919022728,1.0,2023-11,Q4 2023
Citra Luxe,2023-11-17,0.9673950528452246,0.9379562043795621,0.9073741919022728,1.0,2023-11,Q4 2023
Citra Luxe,2023-11-18,0.9673950528452246,0.9379562043795621,0.9073741919022728,1.0,2023-11,Q4 2023
Citra Luxe,2023-11-19,0.9625630875252305,0.9379562043795621,0.9028420200510373,1.0,2023-11,Q4 2023
Citra Luxe,2023-11-20,0.9625630875252305,0.9379562043795621,0.9028420200510373,1.0,2023-11,Q4 2023
Citra Luxe,2023-11-21,0.9578857545547192,0.9379562043795621,0.8984548865713973,1.0,2023-11,Q4 2023
Citra Luxe,2023-11-22,0.9578857545547192,0.9379562043795621,0.8984548865713973,1.0,2023-11,Q4 2023
Citra Luxe,2023-11-23,0.9736569427505217,0.9379562043795621,0.913247570390088,1.0,2023-11,Q4 2023
Citra Luxe,2023-11-24,0.9736569427505217,0.9452554744525548,0.9203545553736684,1.0,2023-11,Q4 2023
Citra Luxe,2023-11-25,0.9736569427505217,0.9452554744525548,0.9203545553736684,1.0,2023-11,Q4 2023
Citra Luxe,2023-11-26,0.9736569427505217,0.9452554744525548,0.9203545553736684,1.0,2023-11,Q4 2023
Citra Luxe,2023-11-27,0.9736569427505217,0.9452554744525548,0.9203545553736684,1.0,2023-11,Q4 2023
Citra Luxe,2023-11-28,0.9736569427505217,0.9452554744525548,0.9203545553736684,1.0,2023-11,Q4 2023
Citra Luxe,2023-11-29,0.9929296095178196,0.9452554744525548,0.9385721491427566,1.0,2023-11,Q4 2023
Citra Luxe,2023-11-30,0.9929296095178196,0.948905109489051,0.9421959798344273,1.0,2023-11,Q4 2023
Citra Luxe,2023-12-01,0.989182956349311,0.9452554744525548,0.9350306047243487,1.0,2023-12,Q4 2023
Citra Luxe,2023-12-02,0.989182956349311,0.948905109489051,0.9386407614993462,1.0,2023-12,Q4 2023
Citra Luxe,2023-12-03,0.989182956349311,0.9452554744525548,0.9350306047243487,1.0,2023-12,Q4 2023
Citra Luxe,2023-12-04,0.989182956349311,0.9452554744525548,0.9350306047243487,1.0,2023-12,Q4 2023
Citra Luxe,2023-12-05,0.989182956349311,0.9452554744525548,0.9350306047243487,1.0,2023-12,Q4 2023
Citra Luxe,2023-12-06,0.989182956349311,0.9343065693430657,0.9242001343993562,1.0,2023-12,Q4 2023
Citra Luxe,2023-12-07,0.989182956349311,0.9343065693430657,0.9242001343993562,1.0,2023-12,Q4 2023
Citra Luxe,2023-12-08,0.989182956349311,0.9343065693430657,0.9242001343993562,1.0,2023-12,Q4 2023
Citra Luxe,2023-12-09,0.989182956349311,0.927007299270073,0.9169798208493612,1.0,2023-12,Q4 2023
Citra Luxe,2023-12-10,0.989182956349311,0.927007299270073,0.9169798208493612,1.0,2023-12,Q4 2023
Citra Luxe,2023-12-11,0.989182956349311,0.927007299270073,0.9169798208493612,1.0,2023-12,Q4 2023
Citra Luxe,2023-12-12,0.989182956349311,0.927007299270073,0.9169798208493612,1.0,2023-12,Q4 2023
Citra Luxe,2023-12-13,0.989182956349311,0.9233576642335767,0.9133696640743638,1.0,2023-12,Q4 2023
Citra Luxe,2023-12-14,0.989182956349311,0.9233576642335767,0.9133696640743638,1.0,2023-12,Q4 2023
Citra Luxe,2023-12-15,1.0251792453048356,0.9233576642335767,0.9466071133654139,1.0,2023-12,Q4 2023
Citra Luxe,2023-12-16,1.0251792453048356,0.9306569343065694,0.9540901735501208,1.0,2023-12,Q4 2023
Citra Luxe,2023-12-17,1.0251792453048356,0.9306569343065694,0.9540901735501208,1.0,2023-12,Q4 2023
Citra Luxe,2023-12-18,1.0251792453048356,0.9306569343065694,0.9540901735501208,1.0,2023-12,Q4 2023
Citra Luxe,2023-12-19,1.0251792453048356,0.9306569343065694,0.9540901735501208,1.0,2023-12,Q4 2023
Citra Luxe,2023-12-20,1.0251792453048356,0.9306569343065694,0.9540901735501208,1.0,2023-12,Q4 2023
Citra Luxe,2023-12-21,1.0205946754080746,0.9306569343065694,0.949823511784887,1.0,2023-12,Q4 2023
Citra Luxe,2023-12-22,1.0163510422890045,0.9306569343065694,0.9458741451959713,1.0,2023-12,Q4 2023
Citra Luxe,2023-12-23,1.0163510422890045,0.9343065693430657,0.9495834555692889,1.0,2023-12,Q4 2023
Citra Luxe,2023-12-24,1.0163510422890045,0.9306569343065694,0.9458741451959713,1.0,2023-12,Q4 2023
Citra Luxe,2023-12-25,1.0163510422890045,0.9306569343065694,0.9458741451959713,1.0,2023-12,Q4 2023
Citra Luxe,2023-12-26,1.0163510422890045,0.9306569343065694,0.9458741451959713,1.0,2023-12,Q4 2023
Citra Luxe,2023-12-27,1.0163510422890045,0.9306569343065694,0.9458741451959713,1.0,2023-12,Q4 2023
Citra Luxe,2023-12-28,1.0163510422890045,0.9306569343065694,0.9458741451959713,1.0,2023-12,Q4 2023
Citra Luxe,2023-12-29,1.0163510422890045,0.9306569343065694,0.9458741451959713,1.0,2023-12,Q4 2023
Citra Luxe,2023-12-30,1.0330123739452812,0.9306569343065694,0.9613801290366669,1.0,2023-12,Q4 2023
Citra Luxe,2023-12-31,1.0212123045736858,0.9343065693430657,0.9541253648571663,1.0,2023-12,Q4 2023
Citra Luxe,2024-01-01,1.0212123045736858,0.9416058394160584,0.961579469270113,1.0,2024-01,Q1 2024
Citra Luxe,2024-01-02,1.0212123045736858,0.9416058394160584,0.961579469270113,1.0,2024-01,Q1 2024
Citra Luxe,2024-01-03,1.0212123045736858,0.9416058394160584,0.961579469270113,1.0,2024-01,Q1 2024
Citra Luxe,2024-01-04,1.016272888394816,0.9343065693430657,0.9495104358725288,1.0,2024-01,Q1 2024
Citra Luxe,2024-01-05,1.016272888394816,0.9379562043795621,0.9532194610126559,1.0,2024-01,Q1 2024
Citra Luxe,2024-01-06,1.016272888394816,0.9379562043795621,0.9532194610126559,1.0,2024-01,Q1 2024
Citra Luxe,2024-01-07,1.016272888394816,0.9379562043795621,0.9532194610126559,1.0,2024-01,Q1 2024
Citra Luxe,2024-01-08,1.016272888394816,0.9379562043795621,0.9532194610126559,1.0,2024-01,Q1 2024
Citra Luxe,2024-01-09,1.016272888394816,0.9379562043795621,0.9532194610126559,1.0,2024-01,Q1 2024
Citra Luxe,2024-01-10,1.0333823811873937,0.9379562043795621,0.9692674159312415,1.0,2024-01,Q1 2024
Citra Luxe,2024-01-11,1.0333823811873937,0.9379562043795621,0.9692674159312415,1.0,2024-01,Q1 2024
Citra Luxe,2024-01-12,1.0333823811873937,0.9343065693430657,0.9654959473867619,1.0,2024-01,Q1 2024
Citra Luxe,2024-01-13,1.0333823811873937,0.9343065693430657,0.9654959473867619,1.0,2024-01,Q1 2024
Citra Luxe,2024-01-14,1.0333823811873937,0.9343065693430657,0.9654959473867619,1.0,2024-01,Q1 2024
Citra Luxe,2024-01-15,1.0333823811873937,0.9343065693430657,0.9654959473867619,1.0,2024-01,Q1 2024
Citra Luxe,2024-01-16,1.0333823811873937,0.9343065693430657,0.9654959473867619,1.0,2024-01,Q1 2024
Citra Luxe,2024-01-17,1.0333823811873937,0.9306569343065694,0.9617244788422825,1.0,2024-01,Q1 2024
Citra Luxe,2024-01-18,1.0333823811873937,0.9306569343065694,0.9617244788422825,1.0,2024-01,Q1 2024
Citra Luxe,2024-01-19,1.0333823811873937,0.9306569343065694,0.9617244788422825,1.0,2024-01,Q1 2024
Citra Luxe,2024-01-20,1.0333823811873937,0.9306569343065694,0.9617244788422825,1.0,2024-01,Q1 2024
Citra Luxe,2024-01-21,1.0333823811873937,0.9306569343065694,0.9617244788422825,1.0,2024-01,Q1 2024
Citra Luxe,2024-01-22,1.0333823811873937,0.9306569343065694,0.9617244788422825,1.0,2024-01,Q1 2024
Citra Luxe,2024-01-23,1.0333823811873937,0.9306569343065694,0.9617244788422825,1.0,2024-01,Q1 2024
Citra Luxe,2024-01-24,1.0447948611052662,0.9233576642335767,0.9647193425534027,1.0,2024-01,Q1 2024
Citra Luxe,2024-01-25,1.0447948611052662,0.9306569343065694,0.972345582415485,1.0,2024-01,Q1 2024
Citra Luxe,2024-01-26,1.0573719430208355,0.927007299270073,0.9801915092236941,1.0,2024-01,Q1 2024
Citra Luxe,2024-01-27,1.0573719430208355,0.9343065693430657,0.9879095526034083,1.0,2024-01,Q1 2024
Citra Luxe,2024-01-28,1.0573719430208355,0.9343065693430657,0.9879095526034083,1.0,2024-01,Q1 2024
Citra Luxe,2024-01-29,1.0573719430208355,0.9343065693430657,0.9879095526034083,1.0,2024-01,Q1 2024
Citra Luxe,2024-01-30,1.0573719430208355,0.9343065693430657,0.9879095526034083,1.0,2024-01,Q1 2024
Citra Luxe,2024-01-31,1.0573719430208355,0.9306569343065694,0.9840505309135513,1.0,2024-01,Q1 2024
Citra Luxe,2024-02-01,1.0573719430208355,0.9306569343065694,0.9840505309135513,1.0,2024-02,Q1 2024
Citra Luxe,2024-02-02,1.0573719430208355,0.9306569343065694,0.9840505309135513,1.0,2024-02,Q1 2024
Citra Luxe,2024-02-03,1.0573719430208355,0.9306569343065694,0.9840505309135513,1.0,2024-02,Q1 2024
Citra Luxe,2024-02-04,1.0573719430208355,0.9306569343065694,0.9840505309135513,1.0,2024-02,Q1 2024
Citra Luxe,2024-02-05,1.0573719430208355,0.927007299270073,0.9801915092236941,1.0,2024-02,Q1 2024
Citra Luxe,2024-02-06,1.0573719430208355,0.927007299270073,0.9801915092236941,1.0,2024-02,Q1 2024
Citra Luxe,2024-02-07,1.0573719430208355,0.927007299270073,0.9801915092236941,1.0,2024-02,Q1 2024
Citra Luxe,2024-02-08,1.0573719430208355,0.9233576642335767,0.9763324875338372,1.0,2024-02,Q1 2024
Citra Luxe,2024-02-09,1.0573719430208355,0.9197080291970803,0.9724734658439801,1.0,2024-02,Q1 2024
Citra Luxe,2024-02-10,1.0573719430208355,0.9197080291970803,0.9724734658439801,1.0,2024-02,Q1 2024
Citra Luxe,2024-02-11,1.0573719430208355,0.9124087591240876,0.9647554224642659,1.0,2024-02,Q1 2024
Citra Luxe,2024-02-12,1.0573719430208355,0.9124087591240876,0.9647554224642659,1.0,2024-02,Q1 2024
Citra Luxe,2024-02-13,1.0573719430208355,0.9124087591240876,0.9647554224642659,1.0,2024-02,Q1 2024
Citra Luxe,2024-02-14,1.0573719430208355,0.9124087591240876,0.9647554224642659,1.0,2024-02,Q1 2024
Citra Luxe,2024-02-15,1.0573719430208355,0.9087591240875912,0.9608964007744089,1.0,2024-02,Q1 2024
Citra Luxe,2024-02-16,1.0573719430208355,0.9087591240875912,0.9608964007744089,1.0,2024-02,Q1 2024
Citra Luxe,2024-02-17,1.0573719430208355,0.9051094890510949,0.9570373790845518,1.0,2024-02,Q1 2024
Citra Luxe,2024-02-18,1.0573719430208355,0.9014598540145985,0.9531783573946947,1.0,2024-02,Q1 2024
Citra Luxe,2024-02-19,1.0573719430208355,0.9014598540145985,0.9531783573946947,1.0,2024-02,Q1 2024
Citra Luxe,2024-02-20,1.0573719430208355,0.9014598540145985,0.9531783573946947,1.0,2024-02,Q1 2024
Citra Luxe,2024-02-21,1.0573719430208355,0.8941605839416058,0.9454603140149805,1.0,2024-02,Q1 2024
Citra Luxe,2024-02-22,1.0573719430208355,0.8941605839416058,0.9454603140149805,1.0,2024-02,Q1 2024
Citra Luxe,2024-02-23,1.0531476226557894,0.8941605839416058,0.9416830932506146,1.0,2024-02,Q1 2024
Citra Luxe,2024-02-24,1.0531476226557894,0.8978102189781022,0.945526697712862,1.0,2024-02,Q1 2024
Citra Luxe,2024-02-25,1.049257216569399,0.8978102189781022,0.942033851372526,1.0,2024-02,Q1 2024
Citra Luxe,2024-02-26,1.049257216569399,0.9014598540145985,0.9458632572724144,1.0,2024-02,Q1 2024
Citra Luxe,2024-02-27,1.049257216569399,0.9014598540145985,0.9458632572724144,1.0,2024-02,Q1 2024
Citra Luxe,2024-02-28,1.049257216569399,0.9014598540145985,0.9458632572724144,1.0,2024-02,Q1 2024
Citra Luxe,2024-02-29,1.049257216569399,0.9014598540145985,0.9458632572724144,1.0,2024-02,Q1 2024
Citra Luxe,2024-03-01,1.0454040652716103,0.8978102189781022,0.9385744527621027,1.0,2024-03,Q1 2024
Citra Luxe,2024-03-02,1.0454040652716103,0.9014598540145985,0.9423897960660137,1.0,2024-03,Q1 2024
Citra Luxe,2024-03-03,1.0454040652716103,0.9014598540145985,0.9423897960660137,1.0,2024-03,Q1 2024
Citra Luxe,2024-03-04,1.0454040652716103,0.9014598540145985,0.9423897960660137,1.0,2024-03,Q1 2024
Citra Luxe,2024-03-05,1.0454040652716103,0.9014598540145985,0.9423897960660137,1.0,2024-03,Q1 2024
Citra Luxe,2024-03-06,1.0454040652716103,0.8978102189781022,0.9385744527621027,1.0,2024-03,Q1 2024
Citra Luxe,2024-03-07,1.0417044993557603,0.8941605839416058,0.9314511034385448,1.0,2024-03,Q1 2024
Citra Luxe,2024-03-08,1.0417044993557603,0.8978102189781022,0.9352529446770694,1.0,2024-03,Q1 2024
Citra Luxe,2024-03-09,1.034715291112826,0.8978102189781022,0.928977962093997,1.0,2024-03,Q1 2024
Citra Luxe,2024-03-10,1.034715291112826,0.9051094890510949,0.9365306284524848,1.0,2024-03,Q1 2024
Citra Luxe,2024-03-11,1.034715291112826,0.9051094890510949,0.9365306284524848,1.0,2024-03,Q1 2024
Citra Luxe,2024-03-12,1.034715291112826,0.9051094890510949,0.9365306284524848,1.0,2024-03,Q1 2024
Citra Luxe,2024-03-13,1.034715291112826,0.9014598540145985,0.9327542952732408,1.0,2024-03,Q1 2024
Citra Luxe,2024-03-14,1.034715291112826,0.8978102189781022,0.928977962093997,1.0,2024-03,Q1 2024
Citra Luxe,2024-03-15,1.0489009144576058,0.8978102189781022,0.9417139596955147,1.0,2024-03,Q1 2024
Citra Luxe,2024-03-16,1.0635558031963497,0.8905109489051095,0.9471080875179173,1.0,2024-03,Q1 2024
Citra Luxe,2024-03-17,1.0635558031963497,0.8941605839416058,0.9509896780405316,1.0,2024-03,Q1 2024
Citra Luxe,2024-03-18,1.0635558031963497,0.8941605839416058,0.9509896780405316,1.0,2024-03,Q1 2024
Citra Luxe,2024-03-19,1.0635558031963497,0.8941605839416058,0.9509896780405316,1.0,2024-03,Q1 2024
Citra Luxe,2024-03-20,1.0635558031963497,0.8941605839416058,0.9509896780405316,1.0,2024-03,Q1 2024
Citra Luxe,2024-03-21,1.0635558031963497,0.8941605839416058,0.9509896780405316,1.0,2024-03,Q1 2024
Citra Luxe,2024-03-22,1.059358894172887,0.8941605839416058,0.9472369674173625,1.0,2024-03,Q1 2024
Citra Luxe,2024-03-23,1.0553688967220998,0.8978102189781022,0.9475209802687465,1.0,2024-03,Q1 2024
Citra Luxe,2024-03-24,1.0553688967220998,0.9014598540145985,0.951372691570652,1.0,2024-03,Q1 2024
Citra Luxe,2024-03-25,1.0548242908659626,0.9014598540145985,0.950881751255083,1.0,2024-03,Q1 2024
Citra Luxe,2024-03-26,1.0548242908659626,0.9051094890510949,0.9547314749443749,1.0,2024-03,Q1 2024
Citra Luxe,2024-03-27,1.0511493394674252,0.9051094890510949,0.9514052415617571,1.0,2024-03,Q1 2024
Citra Luxe,2024-03-28,1.0511493394674252,0.9087591240875912,0.9552415530196673,1.0,2024-03,Q1 2024
Citra Luxe,2024-03-29,1.0511493394674252,0.9087591240875912,0.9552415530196673,1.0,2024-03,Q1 2024
Citra Luxe,2024-03-30,1.0511493394674252,0.9087591240875912,0.9552415530196673,1.0,2024-03,Q1 2024
Citra Luxe,2024-03-31,1.0511493394674252,0.9087591240875912,0.9552415530196673,1.0,2024-03,Q1 2024
Citra Luxe,2024-04-01,1.0511493394674252,0.9087591240875912,0.9552415530196673,1.0,2024-04,Q2 2024
Citra Luxe,2024-04-02,1.0511493394674252,0.9087591240875912,0.9552415530196673,1.0,2024-04,Q2 2024
Citra Luxe,2024-04-03,1.055300247227921,0.9014598540145985,0.9513108068076513,1.0,2024-04,Q2 2024
Citra Luxe,2024-04-04,1.055300247227921,0.9087591240875912,0.9590137283202639,1.0,2024-04,Q2 2024
Citra Luxe,2024-04-05,1.055300247227921,0.9087591240875912,0.9590137283202639,1.0,2024-04,Q2 2024
Citra Luxe,2024-04-06,1.055300247227921,0.9087591240875912,0.9590137283202639,1.0,2024-04,Q2 2024
Citra Luxe,2024-04-07,1.055300247227921,0.9087591240875912,0.9590137283202639,1.0,2024-04,Q2 2024
Citra Luxe,2024-04-08,1.0680456557436953,0.9087591240875912,0.9705962345991974,1.0,2024-04,Q2 2024
Citra Luxe,2024-04-09,1.0642723554741818,0.9124087591240876,0.971051419228268,1.0,2024-04,Q2 2024
Citra Luxe,2024-04-10,1.0642723554741818,0.916058394160584,0.9749356249051812,1.0,2024-04,Q2 2024
Citra Luxe,2024-04-11,1.0642723554741818,0.9051094890510949,0.9632830078744419,1.0,2024-04,Q2 2024
Citra Luxe,2024-04-12,1.0642723554741818,0.9014598540145985,0.9593988021975287,1.0,2024-04,Q2 2024
Citra Luxe,2024-04-13,1.0642723554741818,0.8978102189781022,0.9555145965206158,1.0,2024-04,Q2 2024
Citra Luxe,2024-04-14,1.0642723554741818,0.8978102189781022,0.9555145965206158,1.0,2024-04,Q2 2024
Citra Luxe,2024-04-15,1.0642723554741818,0.8978102189781022,0.9555145965206158,1.0,2024-04,Q2 2024
Citra Luxe,2024-04-16,1.0605288529824188,0.8978102189781022,0.9521536417287411,1.0,2024-04,Q2 2024
Citra Luxe,2024-04-17,1.0732821628704283,0.9014598540145985,0.9675207818576489,1.0,2024-04,Q2 2024
Citra Luxe,2024-04-18,1.0695632522784522,0.9014598540145985,0.9641683332583126,1.0,2024-04,Q2 2024
Citra Luxe,2024-04-19,1.0695632522784522,0.9051094890510949,0.9680718487775771,1.0,2024-04,Q2 2024
Citra Luxe,2024-04-20,1.0695632522784522,0.9051094890510949,0.9680718487775771,1.0,2024-04,Q2 2024
Citra Luxe,2024-04-21,1.0695632522784522,0.9051094890510949,0.9680718487775771,1.0,2024-04,Q2 2024
Citra Luxe,2024-04-22,1.082497566143625,0.9051094890510949,0.9797788189913101,1.0,2024-04,Q2 2024
Citra Luxe,2024-04-23,1.082497566143625,0.9087591240875912,0.9837295400356298,1.0,2024-04,Q2 2024
Citra Luxe,2024-04-24,1.0941295399899584,0.9014598540145985,0.9863138553924077,1.0,2024-04,Q2 2024
Citra Luxe,2024-04-25,1.0941295399899584,0.9014598540145985,0.9863138553924077,1.0,2024-04,Q2 2024
Citra Luxe,2024-04-26,1.0853292023089458,0.9014598540145985,0.9783807042712029,1.0,2024-04,Q2 2024
Citra Luxe,2024-04-27,1.0853292023089458,0.9087591240875912,0.9863028152369616,1.0,2024-04,Q2 2024
Citra Luxe,2024-04-28,1.0853292023089458,0.9087591240875912,0.9863028152369616,1.0,2024-04,Q2 2024
Citra Luxe,2024-04-29,1.0853292023089458,0.9087591240875912,0.9863028152369616,1.0,2024-04,Q2 2024
Citra Luxe,2024-04-30,1.0853292023089458,0.9087591240875912,0.9863028152369616,1.0,2024-04,Q2 2024
Citra Luxe,2024-05-01,1.0853292023089458,0.9051094890510949,0.9823417597540823,1.0,2024-05,Q2 2024
Citra Luxe,2024-05-02,1.0820637902815506,0.9014598540145985,0.9754370664216898,1.0,2024-05,Q2 2024
Citra Luxe,2024-05-03,1.0728392226391203,0.9051094890510949,0.9710369606368681,1.0,2024-05,Q2 2024
Citra Luxe,2024-05-04,1.0728392226391203,0.9197080291970803,0.986698847098753,1.0,2024-05,Q2 2024
Citra Luxe,2024-05-05,1.0728392226391203,0.9197080291970803,0.986698847098753,1.0,2024-05,Q2 2024
Citra Luxe,2024-05-06,1.0728392226391203,0.9197080291970803,0.986698847098753,1.0,2024-05,Q2 2024
Citra Luxe,2024-05-07,1.0728392226391203,0.9197080291970803,0.986698847098753,1.0,2024-05,Q2 2024
Citra Luxe,2024-05-08,1.0728392226391203,0.9197080291970803,0.986698847098753,1.0,2024-05,Q2 2024
Citra Luxe,2024-05-09,1.0728392226391203,0.9197080291970803,0.986698847098753,1.0,2024-05,Q2 2024
Citra Luxe,2024-05-10,1.0728392226391203,0.9197080291970803,0.986698847098753,1.0,2024-05,Q2 2024
Citra Luxe,2024-05-11,1.0728392226391203,0.9197080291970803,0.986698847098753,1.0,2024-05,Q2 2024
Citra Luxe,2024-05-12,1.0728392226391203,0.9197080291970803,0.986698847098753,1.0,2024-05,Q2 2024
Citra Luxe,2024-05-13,1.0728392226391203,0.9197080291970803,0.986698847098753,1.0,2024-05,Q2 2024
Citra Luxe,2024-05-14,1.0728392226391203,0.9197080291970803,0.986698847098753,1.0,2024-05,Q2 2024
Citra Luxe,2024-05-15,1.0728392226391203,0.9197080291970803,0.986698847098753,1.0,2024-05,Q2 2024
Citra Luxe,2024-05-16,1.0728392226391203,0.9051094890510949,0.9710369606368681,1.0,2024-05,Q2 2024
Citra Luxe,2024-05-17,1.0728392226391203,0.9014598540145985,0.9671214890213967,1.0,2024-05,Q2 2024
Citra Luxe,2024-05-18,1.0728392226391203,0.9014598540145985,0.9671214890213967,1.0,2024-05,Q2 2024
Citra Luxe,2024-05-19,1.0728392226391203,0.9014598540145985,0.9671214890213967,1.0,2024-05,Q2 2024
Citra Luxe,2024-05-20,1.0728392226391203,0.9014598540145985,0.9671214890213967,1.0,2024-05,Q2 2024
Citra Luxe,2024-05-21,1.0728392226391203,0.9014598540145985,0.9671214890213967,1.0,2024-05,Q2 2024
Citra Luxe,2024-05-22,1.0728392226391203,0.8941605839416058,0.9592905457904543,1.0,2024-05,Q2 2024
Citra Luxe,2024-05-23,1.0728392226391203,0.8941605839416058,0.9592905457904543,1.0,2024-05,Q2 2024
Citra Luxe,2024-05-24,1.0728392226391203,0.8941605839416058,0.9592905457904543,1.0,2024-05,Q2 2024
Citra Luxe,2024-05-25,1.0695979081186433,0.8941605839416058,0.9563922901060862,1.0,2024-05,Q2 2024
Citra Luxe,2024-05-26,1.0615011825404066,0.8978102189781022,0.9530266091421169,1.0,2024-05,Q2 2024
Citra Luxe,2024-05-27,1.0615011825404066,0.9014598540145985,0.9569007010491986,1.0,2024-05,Q2 2024
Citra Luxe,2024-05-28,1.0615011825404066,0.9014598540145985,0.9569007010491986,1.0,2024-05,Q2 2024
Citra Luxe,2024-05-29,1.0615011825404066,0.9014598540145985,0.9569007010491986,1.0,2024-05,Q2 2024
Citra Luxe,2024-05-30,1.0615011825404066,0.9014598540145985,0.9569007010491986,1.0,2024-05,Q2 2024
Citra Luxe,2024-05-31,1.0615011825404066,0.8832116788321168,0.9375302415137898,1.0,2024-05,Q2 2024
Citra Luxe,2024-06-01,1.0615011825404066,0.8722627737226277,0.9259079657925444,1.0,2024-06,Q2 2024
Citra Luxe,2024-06-02,1.0615011825404066,0.8722627737226277,0.9259079657925444,1.0,2024-06,Q2 2024
Citra Luxe,2024-06-03,1.0615011825404066,0.8722627737226277,0.9259079657925444,1.0,2024-06,Q2 2024
Citra Luxe,2024-06-04,1.0615011825404066,0.8686131386861313,0.9220338738854627,1.0,2024-06,Q2 2024
Citra Luxe,2024-06-05,1.0535724604429102,0.8613138686131387,0.907456571768346,1.0,2024-06,Q2 2024
Citra Luxe,2024-06-06,1.0535724604429102,0.864963503649635,0.9113017267334661,1.0,2024-06,Q2 2024
Citra Luxe,2024-06-07,1.0535724604429102,0.864963503649635,0.9113017267334661,1.0,2024-06,Q2 2024
Citra Luxe,2024-06-08,1.0535724604429102,0.864963503649635,0.9113017267334661,1.0,2024-06,Q2 2024
Citra Luxe,2024-06-09,1.0535724604429102,0.864963503649635,0.9113017267334661,1.0,2024-06,Q2 2024
Citra Luxe,2024-06-10,1.0535724604429102,0.864963503649635,0.9113017267334661,1.0,2024-06,Q2 2024
Citra Luxe,2024-06-11,1.0629716250602783,0.864963503649635,0.9194316610922846,1.0,2024-06,Q2 2024
Citra Luxe,2024-06-12,1.0750827356367991,0.8722627737226277,0.9377546489678649,1.0,2024-06,Q2 2024
Citra Luxe,2024-06-13,1.0861833530514133,0.8759124087591241,0.9514014771253256,1.0,2024-06,Q2 2024
Citra Luxe,2024-06-14,1.0861833530514133,0.8795620437956204,0.955365649946681,1.0,2024-06,Q2 2024
Citra Luxe,2024-06-15,1.0861833530514133,0.8795620437956204,0.955365649946681,1.0,2024-06,Q2 2024
Citra Luxe,2024-06-16,1.0861833530514133,0.8759124087591241,0.9514014771253256,1.0,2024-06,Q2 2024
Citra Luxe,2024-06-17,1.0861833530514133,0.8759124087591241,0.9514014771253256,1.0,2024-06,Q2 2024
Citra Luxe,2024-06-18,1.0861833530514133,0.8759124087591241,0.9514014771253256,1.0,2024-06,Q2 2024
Citra Luxe,2024-06-19,1.0790364340220266,0.8613138686131387,0.9293890453620376,1.0,2024-06,Q2 2024
Citra Luxe,2024-06-20,1.0790364340220266,0.864963503649635,0.9333271345373004,1.0,2024-06,Q2 2024
Citra Luxe,2024-06-21,1.0794037058371866,0.864963503649635,0.9336448112533329,1.0,2024-06,Q2 2024
Citra Luxe,2024-06-22,1.07931734282759,0.8686131386861313,0.9375092247918482,1.0,2024-06,Q2 2024
Citra Luxe,2024-06-23,1.07931734282759,0.8686131386861313,0.9375092247918482,1.0,2024-06,Q2 2024
Citra Luxe,2024-06-24,1.0718736453897295,0.8686131386861313,0.9310435313969183,1.0,2024-06,Q2 2024
Citra Luxe,2024-06-25,1.0718736453897295,0.8722627737226277,0.9349554790078297,1.0,2024-06,Q2 2024
Citra Luxe,2024-06-26,1.0718736453897295,0.8722627737226277,0.9349554790078297,1.0,2024-06,Q2 2024
Citra Luxe,2024-06-27,1.0718736453897295,0.8686131386861313,0.9310435313969183,1.0,2024-06,Q2 2024
Citra Luxe,2024-06-28,1.0613516230957294,0.8686131386861313,0.9219039645868013,1.0,2024-06,Q2 2024
Citra Luxe,2024-06-29,1.0613516230957294,0.8722627737226277,0.9257775106564938,1.0,2024-06,Q2 2024
Citra Luxe,2024-06-30,1.0438273585643043,0.8722627737226277,0.9104917470688639,1.0,2024-06,Q2 2024
Citra Luxe,2024-07-01,1.0406640679159336,0.8832116788321168,0.9191266585242918,1.0,2024-07,Q3 2024
Citra Luxe,2024-07-02,1.0488352743006215,0.8905109489051095,0.9339992953625973,1.0,2024-07,Q3 2024
Citra Luxe,2024-07-03,1.0488352743006215,0.8905109489051095,0.9339992953625973,1.0,2024-07,Q3 2024
Citra Luxe,2024-07-04,1.0553666901089962,0.8759124087591241,0.924408779657515,1.0,2024-07,Q3 2024
Citra Luxe,2024-07-05,1.0553666901089962,0.8868613138686131,0.9359638894032338,1.0,2024-07,Q3 2024
Citra Luxe,2024-07-06,1.0553666901089962,0.8795620437956204,0.9282604829060879,1.0,2024-07,Q3 2024
Citra Luxe,2024-07-07,1.0659568337157257,0.8795620437956204,0.9375751712609119,1.0,2024-07,Q3 2024
Citra Luxe,2024-07-08,1.0659568337157257,0.8832116788321168,0.9414655246686336,1.0,2024-07,Q3 2024
Citra Luxe,2024-07-09,1.0718852272413897,0.8832116788321168,0.9467015510672128,1.0,2024-07,Q3 2024
Citra Luxe,2024-07-10,1.0718852272413897,0.8832116788321168,0.9467015510672128,1.0,2024-07,Q3 2024
Citra Luxe,2024-07-11,1.0691949075842593,0.8832116788321168,0.9443254293262436,1.0,2024-07,Q3 2024
Citra Luxe,2024-07-12,1.0691949075842593,0.8868613138686131,0.9482276005218065,1.0,2024-07,Q3 2024
Citra Luxe,2024-07-13,1.06665877554537,0.8759124087591241,0.9342996574120029,1.0,2024-07,Q3 2024
Citra Luxe,2024-07-14,1.063979261576317,0.8795620437956204,0.9358357738682205,1.0,2024-07,Q3 2024
Citra Luxe,2024-07-15,1.063979261576317,0.8832116788321168,0.939718909859375,1.0,2024-07,Q3 2024
Citra Luxe,2024-07-16,1.055679022024779,0.8795620437956204,0.9285351982042763,1.0,2024-07,Q3 2024
Citra Luxe,2024-07-17,1.0547609900429848,0.8868613138686131,0.9354267174468807,1.0,2024-07,Q3 2024
Citra Luxe,2024-07-18,1.0547609900429848,0.8868613138686131,0.9354267174468807,1.0,2024-07,Q3 2024
Citra Luxe,2024-07-19,1.0547609900429848,0.8868613138686131,0.9354267174468807,1.0,2024-07,Q3 2024
Citra Luxe,2024-07-20,1.0641351610041367,0.8868613138686131,0.9437403070219169,1.0,2024-07,Q3 2024
Citra Luxe,2024-07-21,1.0641351610041367,0.8905109489051095,0.9476240119890853,1.0,2024-07,Q3 2024
Citra Luxe,2024-07-22,1.0641351610041367,0.8905109489051095,0.9476240119890853,1.0,2024-07,Q3 2024
Citra Luxe,2024-07-23,1.0616806998381074,0.8905109489051095,0.9454382874470738,1.0,2024-07,Q3 2024
Citra Luxe,2024-07-24,1.0616806998381074,0.8905109489051095,0.9454382874470738,1.0,2024-07,Q3 2024
Citra Luxe,2024-07-25,1.0616806998381074,0.8905109489051095,0.9454382874470738,1.0,2024-07,Q3 2024
Citra Luxe,2024-07-26,1.0616806998381074,0.8905109489051095,0.9454382874470738,1.0,2024-07,Q3 2024
Citra Luxe,2024-07-27,1.0616806998381074,0.8868613138686131,0.9415635403673727,1.0,2024-07,Q3 2024
Citra Luxe,2024-07-28,1.0591385760154655,0.8868613138686131,0.9393090290940077,1.0,2024-07,Q3 2024
Citra Luxe,2024-07-29,1.0591385760154655,0.8941605839416058,0.9470399676050695,1.0,2024-07,Q3 2024
Citra Luxe,2024-07-30,1.0573898286543217,0.8941605839416058,0.9454763066434628,1.0,2024-07,Q3 2024
Citra Luxe,2024-07-31,1.0667159057472504,0.8978102189781022,0.9577084409263635,1.0,2024-07,Q3 2024
Citra Luxe,2024-08-01,1.0667159057472504,0.8941605839416058,0.9538153171827604,1.0,2024-08,Q3 2024
Citra Luxe,2024-08-02,1.0772153506575448,0.8941605839416058,0.9632035069748119,1.0,2024-08,Q3 2024
Citra Luxe,2024-08-03,1.0772153506575448,0.8978102189781022,0.9671349498604235,1.0,2024-08,Q3 2024
Citra Luxe,2024-08-04,1.0772153506575448,0.8978102189781022,0.9671349498604235,1.0,2024-08,Q3 2024
Citra Luxe,2024-08-05,1.0772153506575448,0.8978102189781022,0.9671349498604235,1.0,2024-08,Q3 2024
Citra Luxe,2024-08-06,1.0772153506575448,0.8978102189781022,0.9671349498604235,1.0,2024-08,Q3 2024
Citra Luxe,2024-08-07,1.0772153506575448,0.8978102189781022,0.9671349498604235,1.0,2024-08,Q3 2024
Citra Luxe,2024-08-08,1.0772153506575448,0.8978102189781022,0.9671349498604235,1.0,2024-08,Q3 2024
Citra Luxe,2024-08-09,1.075195035945579,0.8941605839416058,0.9613970211922148,1.0,2024-08,Q3 2024
Citra Luxe,2024-08-10,1.075195035945579,0.8978102189781022,0.9653210906664689,1.0,2024-08,Q3 2024
Citra Luxe,2024-08-11,1.075195035945579,0.8978102189781022,0.9653210906664689,1.0,2024-08,Q3 2024
Citra Luxe,2024-08-12,1.069165743431972,0.8978102189781022,0.9599079302345441,1.0,2024-08,Q3 2024
Citra Luxe,2024-08-13,1.0668842920266006,0.8978102189781022,0.9578596198486998,1.0,2024-08,Q3 2024
Citra Luxe,2024-08-14,1.0753582842942349,0.9051094890510949,0.973316987244417,1.0,2024-08,Q3 2024
Citra Luxe,2024-08-15,1.0753582842942349,0.9087591240875912,0.9772416525155637,1.0,2024-08,Q3 2024
Citra Luxe,2024-08-16,1.0837616392684182,0.9087591240875912,0.9848782780212997,1.0,2024-08,Q3 2024
Citra Luxe,2024-08-17,1.0837616392684182,0.9124087591240876,0.9888336124711845,1.0,2024-08,Q3 2024
Citra Luxe,2024-08-18,1.0837616392684182,0.9124087591240876,0.9888336124711845,1.0,2024-08,Q3 2024
Citra Luxe,2024-08-19,1.0837616392684182,0.9124087591240876,0.9888336124711845,1.0,2024-08,Q3 2024
Citra Luxe,2024-08-20,1.0749063610747225,0.9124087591240876,0.980753979082776,1.0,2024-08,Q3 2024
Citra Luxe,2024-08-21,1.0745749353032445,0.9233576642335767,0.9922170023055507,1.0,2024-08,Q3 2024
Citra Luxe,2024-08-22,1.0745749353032445,0.9197080291970803,0.9882951959723271,1.0,2024-08,Q3 2024
Citra Luxe,2024-08-23,1.0719432365586994,0.9197080291970803,0.985874801506541,1.0,2024-08,Q3 2024
Citra Luxe,2024-08-24,1.0719432365586994,0.9233576642335767,0.989787003099821,1.0,2024-08,Q3 2024
Citra Luxe,2024-08-25,1.0794750390429197,0.9233576642335767,0.9967415506491194,1.0,2024-08,Q3 2024
Citra Luxe,2024-08-26,1.0794750390429197,0.9306569343065694,1.004620930496148,1.0,2024-08,Q3 2024
Citra Luxe,2024-08-27,1.0794750390429197,0.927007299270073,1.0006812405726335,1.0,2024-08,Q3 2024
Citra Luxe,2024-08-28,1.076102733157369,0.916058394160584,0.9857729416879548,1.0,2024-08,Q3 2024
Citra Luxe,2024-08-29,1.076102733157369,0.9197080291970803,0.9897003239257554,1.0,2024-08,Q3 2024
Citra Luxe,2024-08-30,1.076102733157369,0.9197080291970803,0.9897003239257554,1.0,2024-08,Q3 2024
Citra Luxe,2024-08-31,1.073285518694232,0.9124087591240876,0.979275108297657,1.0,2024-08,Q3 2024
Citra Luxe,2024-09-01,1.073285518694232,0.916058394160584,0.9831922087308477,1.0,2024-09,Q3 2024
Citra Luxe,2024-09-02,1.073285518694232,0.916058394160584,0.9831922087308477,1.0,2024-09,Q3 2024
Citra Luxe,2024-09-03,1.073285518694232,0.916058394160584,0.9831922087308477,1.0,2024-09,Q3 2024
Citra Luxe,2024-09-04,1.073285518694232,0.916058394160584,0.9831922087308477,1.0,2024-09,Q3 2024
Citra Luxe,2024-09-05,1.0705996857878166,0.9124087591240876,0.9768245308282998,1.0,2024-09,Q3 2024
Citra Luxe,2024-09-06,1.0704234670079582,0.916058394160584,0.9805704022591151,1.0,2024-09,Q3 2024
Citra Luxe,2024-09-07,1.0704234670079582,0.916058394160584,0.9805704022591151,1.0,2024-09,Q3 2024
Citra Luxe,2024-09-08,1.0702703131210296,0.916058394160584,0.9804301043553958,1.0,2024-09,Q3 2024
Citra Luxe,2024-09-09,1.0702703131210296,0.9197080291970803,0.9843362003886842,1.0,2024-09,Q3 2024
Citra Luxe,2024-09-10,1.0702703131210296,0.9197080291970803,0.9843362003886842,1.0,2024-09,Q3 2024
Citra Luxe,2024-09-11,1.0700844824077245,0.9197080291970803,0.984165290389586,1.0,2024-09,Q3 2024
Citra Luxe,2024-09-12,1.0700844824077245,0.927007299270073,0.9919761260275985,1.0,2024-09,Q3 2024
Citra Luxe,2024-09-13,1.0700844824077245,0.927007299270073,0.9919761260275985,1.0,2024-09,Q3 2024
Citra Luxe,2024-09-14,1.0704928927728672,0.9233576642335767,0.9884478170493993,1.0,2024-09,Q3 2024
Citra Luxe,2024-09-15,1.0704928927728672,0.927007299270073,0.9923547254171834,1.0,2024-09,Q3 2024
Citra Luxe,2024-09-16,1.0704928927728672,0.927007299270073,0.9923547254171834,1.0,2024-09,Q3 2024
Citra Luxe,2024-09-17,1.0704928927728672,0.927007299270073,0.9923547254171834,1.0,2024-09,Q3 2024
Citra Luxe,2024-09-18,1.0704928927728672,0.927007299270073,0.9923547254171834,1.0,2024-09,Q3 2024
Citra Luxe,2024-09-19,1.0704928927728672,0.927007299270073,0.9923547254171834,1.0,2024-09,Q3 2024
Citra Luxe,2024-09-20,1.0704928927728672,0.927007299270073,0.9923547254171834,1.0,2024-09,Q3 2024
Citra Luxe,2024-09-21,1.0704928927728672,0.927007299270073,0.9923547254171834,1.0,2024-09,Q3 2024
Citra Luxe,2024-09-22,1.0704928927728672,0.927007299270073,0.9923547254171834,1.0,2024-09,Q3 2024
Citra Luxe,2024-09-23,1.0704928927728672,0.927007299270073,0.9923547254171834,1.0,2024-09,Q3 2024
Citra Luxe,2024-09-24,1.0704928927728672,0.927007299270073,0.9923547254171834,1.0,2024-09,Q3 2024
Citra Luxe,2024-09-25,1.0704928927728672,0.927007299270073,0.9923547254171834,1.0,2024-09,Q3 2024
Citra Luxe,2024-09-26,1.0704928927728672,0.927007299270073,0.9923547254171834,1.0,2024-09,Q3 2024
Citra Luxe,2024-09-27,1.0704928927728672,0.927007299270073,0.9923547254171834,1.0,2024-09,Q3 2024
Citra Luxe,2024-09-28,1.0704928927728672,0.927007299270073,0.9923547254171834,1.0,2024-09,Q3 2024
Citra Luxe,2024-09-29,1.0682299313634176,0.927007299270073,0.9902569436726572,1.0,2024-09,Q3 2024
Citra Luxe,2024-09-30,1.0682299313634176,0.927007299270073,0.9902569436726572,1.0,2024-09,Q3 2024
Citra Luxe,2024-10-01,1.0585082352025572,0.9233576642335767,0.9773816916286386,1.0,2024-10,Q4 2024
Citra Luxe,2024-10-02,1.0664736402854,0.9124087591240876,0.9730598907713504,1.0,2024-10,Q4 2024
Citra Luxe,2024-10-03,1.0669882655673906,0.916058394160584,0.9774235571438505,1.0,2024-10,Q4 2024
Citra Luxe,2024-10-04,1.0669882655673906,0.916058394160584,0.9774235571438505,1.0,2024-10,Q4 2024
Citra Luxe,2024-10-05,1.0669882655673906,0.916058394160584,0.9774235571438505,1.0,2024-10,Q4 2024
Citra Luxe,2024-10-06,1.0669882655673906,0.916058394160584,0.9774235571438505,1.0,2024-10,Q4 2024
Citra Luxe,2024-10-07,1.0669882655673906,0.916058394160584,0.9774235571438505,1.0,2024-10,Q4 2024
Citra Luxe,2024-10-08,1.0669882655673906,0.8905109489051095,0.950164732841034,1.0,2024-10,Q4 2024
Citra Luxe,2024-10-09,1.0669882655673906,0.8905109489051095,0.950164732841034,1.0,2024-10,Q4 2024
Citra Luxe,2024-10-10,1.0669882655673906,0.8868613138686131,0.9462706150834886,1.0,2024-10,Q4 2024
Citra Luxe,2024-10-11,1.0669882655673906,0.8868613138686131,0.9462706150834886,1.0,2024-10,Q4 2024
Citra Luxe,2024-10-12,1.0669882655673906,0.8868613138686131,0.9462706150834886,1.0,2024-10,Q4 2024
Citra Luxe,2024-10-13,1.0669882655673906,0.8868613138686131,0.9462706150834886,1.0,2024-10,Q4 2024
Citra Luxe,2024-10-14,1.0669882655673906,0.8868613138686131,0.9462706150834886,1.0,2024-10,Q4 2024
Citra Luxe,2024-10-15,1.0623477015836271,0.8868613138686131,0.9421550784117568,1.0,2024-10,Q4 2024
Citra Luxe,2024-10-16,1.0623477015836271,0.8941605839416058,0.9499094411970388,1.0,2024-10,Q4 2024
Citra Luxe,2024-10-17,1.0623032830872776,0.8941605839416058,0.9498697239284051,1.0,2024-10,Q4 2024
Citra Luxe,2024-10-18,1.070339382289506,0.8978102189781022,0.9609616351942281,1.0,2024-10,Q4 2024
Citra Luxe,2024-10-19,1.070339382289506,0.9014598540145985,0.9648679833047736,1.0,2024-10,Q4 2024
Citra Luxe,2024-10-20,1.070339382289506,0.9014598540145985,0.9648679833047736,1.0,2024-10,Q4 2024
Citra Luxe,2024-10-21,1.070339382289506,0.9014598540145985,0.9648679833047736,1.0,2024-10,Q4 2024
Citra Luxe,2024-10-22,1.070339382289506,0.9014598540145985,0.9648679833047736,1.0,2024-10,Q4 2024
Citra Luxe,2024-10-23,1.070339382289506,0.9014598540145985,0.9648679833047736,1.0,2024-10,Q4 2024
Citra Luxe,2024-10-24,1.0648241912349845,0.9014598540145985,0.9598962599819021,1.0,2024-10,Q4 2024
Citra Luxe,2024-10-25,1.0648241912349845,0.9051094890510949,0.9637824796579422,1.0,2024-10,Q4 2024
Citra Luxe,2024-10-26,1.0648241912349845,0.9051094890510949,0.9637824796579422,1.0,2024-10,Q4 2024
Citra Luxe,2024-10-27,1.0624988061678695,0.9051094890510949,0.9616777515679987,1.0,2024-10,Q4 2024
Citra Luxe,2024-10-28,1.0624988061678695,0.9087591240875912,0.9655554844372244,1.0,2024-10,Q4 2024
Citra Luxe,2024-10-29,1.0624567549154509,0.9087591240875912,0.9655172699779097,1.0,2024-10,Q4 2024
Citra Luxe,2024-10-30,1.0699292269350351,0.9124087591240876,0.9762127982983897,1.0,2024-10,Q4 2024
Citra Luxe,2024-10-31,1.0699292269350351,0.916058394160584,0.9801176494915833,1.0,2024-10,Q4 2024
Citra Luxe,2024-11-01,1.0699292269350351,0.916058394160584,0.9801176494915833,1.0,2024-11,Q4 2024
Citra Luxe,2024-11-02,1.0699292269350351,0.8978102189781022,0.9605933935256155,1.0,2024-11,Q4 2024
Citra Luxe,2024-11-03,1.0699292269350351,0.8978102189781022,0.9605933935256155,1.0,2024-11,Q4 2024
Citra Luxe,2024-11-04,1.0646232909019162,0.8978102189781022,0.9558296699338372,1.0,2024-11,Q4 2024
Citra Luxe,2024-11-05,1.0624905440134929,0.9014598540145985,0.9577925706982946,1.0,2024-11,Q4 2024
Citra Luxe,2024-11-06,1.0624905440134929,0.9014598540145985,0.9577925706982946,1.0,2024-11,Q4 2024
Citra Luxe,2024-11-07,1.0624905440134929,0.8978102189781022,0.9539148679829169,1.0,2024-11,Q4 2024
Citra Luxe,2024-11-08,1.0625789868158548,0.8978102189781022,0.9539942728346726,1.0,2024-11,Q4 2024
Citra Luxe,2024-11-09,1.0631862940587404,0.9014598540145985,0.9584197614325142,1.0,2024-11,Q4 2024
Citra Luxe,2024-11-10,1.0631862940587404,0.8941605839416058,0.9506592775342751,1.0,2024-11,Q4 2024
Citra Luxe,2024-11-11,1.0631862940587404,0.8941605839416058,0.9506592775342751,1.0,2024-11,Q4 2024
Citra Luxe,2024-11-12,1.0631862940587404,0.8941605839416058,0.9506592775342751,1.0,2024-11,Q4 2024
Citra Luxe,2024-11-13,1.0631862940587404,0.8905109489051095,0.9467790355851557,1.0,2024-11,Q4 2024
Citra Luxe,2024-11-14,1.0563213658779835,0.8905109489051095,0.9406657418767445,1.0,2024-11,Q4 2024
Citra Luxe,2024-11-15,1.0575352198621484,0.8978102189781022,0.9494659273214909,1.0,2024-11,Q4 2024
Citra Luxe,2024-11-16,1.066037523338407,0.9014598540145985,0.9609900301627244,1.0,2024-11,Q4 2024
Citra Luxe,2024-11-17,1.0732236449328627,0.9051094890510949,0.9713849049027371,1.0,2024-11,Q4 2024
Citra Luxe,2024-11-18,1.0732236449328627,0.9087591240875912,0.9753017795192803,1.0,2024-11,Q4 2024
Citra Luxe,2024-11-19,1.0712280207429141,0.9087591240875912,0.9734882378284146,1.0,2024-11,Q4 2024
Citra Luxe,2024-11-20,1.0712280207429141,0.9124087591240876,0.9773978291449946,1.0,2024-11,Q4 2024
Citra Luxe,2024-11-21,1.0712280207429141,0.9124087591240876,0.9773978291449946,1.0,2024-11,Q4 2024
Citra Luxe,2024-11-22,1.0712280207429141,0.9124087591240876,0.9773978291449946,1.0,2024-11,Q4 2024
Citra Luxe,2024-11-23,1.0712280207429141,0.9124087591240876,0.9773978291449946,1.0,2024-11,Q4 2024
Citra Luxe,2024-11-24,1.0712280207429141,0.9124087591240876,0.9773978291449946,1.0,2024-11,Q4 2024
Citra Luxe,2024-11-25,1.0712280207429141,0.9124087591240876,0.9773978291449946,1.0,2024-11,Q4 2024
Citra Luxe,2024-11-26,1.0712280207429141,0.9087591240875912,0.9734882378284146,1.0,2024-11,Q4 2024
Citra Luxe,2024-11-27,1.0712280207429141,0.9051094890510949,0.9695786465118347,1.0,2024-11,Q4 2024
Citra Luxe,2024-11-28,1.0712280207429141,0.9051094890510949,0.9695786465118347,1.0,2024-11,Q4 2024
Citra Luxe,2024-11-29,1.0712280207429141,0.9051094890510949,0.9695786465118347,1.0,2024-11,Q4 2024
Citra Luxe,2024-11-30,1.070793979151647,0.9051094890510949,0.969185791348936,1.0,2024-11,Q4 2024
Citra Luxe,2024-12-01,1.0707440588570476,0.9124087591240876,0.9769562580812478,1.0,2024-12,Q4 2024
Citra Luxe,2024-12-02,1.0707440588570476,0.916058394160584,0.9808640831135729,1.0,2024-12,Q4 2024
Citra Luxe,2024-12-03,1.0711908864119877,0.916058394160584,0.981273403246018,1.0,2024-12,Q4 2024
Citra Luxe,2024-12-04,1.0711659262646878,0.9197080291970803,0.985159902987961,1.0,2024-12,Q4 2024
Citra Luxe,2024-12-05,1.0711659262646878,0.9233576642335767,0.9890692676823577,1.0,2024-12,Q4 2024
Citra Luxe,2024-12-06,1.0711659262646878,0.9233576642335767,0.9890692676823577,1.0,2024-12,Q4 2024
Citra Luxe,2024-12-07,1.0711659262646878,0.9233576642335767,0.9890692676823577,1.0,2024-12,Q4 2024
Citra Luxe,2024-12-08,1.0711659262646878,0.9233576642335767,0.9890692676823577,1.0,2024-12,Q4 2024
Citra Luxe,2024-12-09,1.0711659262646878,0.9197080291970803,0.985159902987961,1.0,2024-12,Q4 2024
Citra Luxe,2024-12-10,1.0711659262646878,0.916058394160584,0.9812505382935643,1.0,2024-12,Q4 2024
Citra Luxe,2024-12-11,1.0711659262646878,0.916058394160584,0.9812505382935643,1.0,2024-12,Q4 2024
Citra Luxe,2024-12-12,1.0714380327885293,0.916058394160584,0.9814998037588353,1.0,2024-12,Q4 2024
Citra Luxe,2024-12-13,1.0716662259480534,0.9124087591240876,0.9777976514124574,1.0,2024-12,Q4 2024
Citra Luxe,2024-12-14,1.0716662259480534,0.9124087591240876,0.9777976514124574,1.0,2024-12,Q4 2024
Citra Luxe,2024-12-15,1.0716662259480534,0.9124087591240876,0.9777976514124574,1.0,2024-12,Q4 2024
Citra Luxe,2024-12-16,1.0716662259480534,0.9124087591240876,0.9777976514124574,1.0,2024-12,Q4 2024
Citra Luxe,2024-12-17,1.0694924255383245,0.9124087591240876,0.9758142568780332,1.0,2024-12,Q4 2024
Citra Luxe,2024-12-18,1.069680343679457,0.916058394160584,0.979889657896145,1.0,2024-12,Q4 2024
Citra Luxe,2024-12-19,1.067389496055826,0.916058394160584,0.9777911077007748,1.0,2024-12,Q4 2024
Citra Luxe,2024-12-20,1.0650850074851181,0.9197080291970803,0.9795672331614955,1.0,2024-12,Q4 2024
Citra Luxe,2024-12-21,1.0650850074851181,0.9233576642335767,0.9834544047216602,1.0,2024-12,Q4 2024
Citra Luxe,2024-12-22,1.0650850074851181,0.9233576642335767,0.9834544047216602,1.0,2024-12,Q4 2024
Citra Luxe,2024-12-23,1.0650850074851181,0.9233576642335767,0.9834544047216602,1.0,2024-12,Q4 2024
Citra Luxe,2024-12-24,1.0650850074851181,0.916058394160584,0.9756800616013309,1.0,2024-12,Q4 2024
Citra Luxe,2024-12-25,1.0650850074851181,0.916058394160584,0.9756800616013309,1.0,2024-12,Q4 2024
Citra Luxe,2024-12-26,1.0630282763667256,0.916058394160584,0.9737959757957961,1.0,2024-12,Q4 2024
Citra Luxe,2024-12-27,1.0630282763667256,0.9197080291970803,0.9776756410380104,1.0,2024-12,Q4 2024
Citra Luxe,2024-12-28,1.0636376960620413,0.8941605839416058,0.951062903413139,1.0,2024-12,Q4 2024
Citra Luxe,2024-12-29,1.0636376960620413,0.9014598540145985,0.9588266822165116,1.0,2024-12,Q4 2024
Citra Luxe,2024-12-30,1.0616568924278875,0.9014598540145985,0.9570410672616357,1.0,2024-12,Q4 2024
Citra Luxe,2024-12-31,1.0616568924278875,0.9014598540145985,0.9570410672616357,1.0,2024-12,Q4 2024
Citra Luxe,2025-01-01,1.0616568924278875,0.9014598540145985,0.9570410672616357,1.0,2025-01,Q1 2025
Citra Luxe,2025-01-02,1.0616568924278875,0.9014598540145985,0.9570410672616357,1.0,2025-01,Q1 2025
Citra Luxe,2025-01-03,1.0616568924278875,0.9014598540145985,0.9570410672616357,1.0,2025-01,Q1 2025
Citra Luxe,2025-01-04,1.0569658446297556,0.8978102189781022,0.9489547364194156,1.0,2025-01,Q1 2025
Citra Luxe,2025-01-05,1.0569658446297556,0.9014598540145985,0.9528122759983563,1.0,2025-01,Q1 2025
Citra Luxe,2025-01-06,1.0569658446297556,0.9014598540145985,0.9528122759983563,1.0,2025-01,Q1 2025
Citra Luxe,2025-01-07,1.0569658446297556,0.9014598540145985,0.9528122759983563,1.0,2025-01,Q1 2025
Citra Luxe,2025-01-08,1.0569658446297556,0.9014598540145985,0.9528122759983563,1.0,2025-01,Q1 2025
Citra Luxe,2025-01-09,1.0644119084741739,0.8978102189781022,0.9556398886300977,1.0,2025-01,Q1 2025
Citra Luxe,2025-01-10,1.0644119084741739,0.9014598540145985,0.959524603624529,1.0,2025-01,Q1 2025
Citra Luxe,2025-01-11,1.0644119084741739,0.8978102189781022,0.9556398886300977,1.0,2025-01,Q1 2025
Citra Luxe,2025-01-12,1.0644119084741739,0.8978102189781022,0.9556398886300977,1.0,2025-01,Q1 2025
Citra Luxe,2025-01-13,1.0644119084741739,0.8978102189781022,0.9556398886300977,1.0,2025-01,Q1 2025
Citra Luxe,2025-01-14,1.0644119084741739,0.8978102189781022,0.9556398886300977,1.0,2025-01,Q1 2025
Citra Luxe,2025-01-15,1.0644119084741739,0.8905109489051095,0.9478704586412352,1.0,2025-01,Q1 2025
Citra Luxe,2025-01-16,1.061890897203031,0.8905109489051095,0.9456254705019692,1.0,2025-01,Q1 2025
Citra Luxe,2025-01-17,1.061890897203031,0.8905109489051095,0.9456254705019692,1.0,2025-01,Q1 2025
Citra Luxe,2025-01-18,1.0620650406134011,0.8905109489051095,0.9457805471155835,1.0,2025-01,Q1 2025
Citra Luxe,2025-01-19,1.0620650406134011,0.8941605839416058,0.949656696898844,1.0,2025-01,Q1 2025
Citra Luxe,2025-01-20,1.0620650406134011,0.8941605839416058,0.949656696898844,1.0,2025-01,Q1 2025
Citra Luxe,2025-01-21,1.0620650406134011,0.8868613138686131,0.9419043973323229,1.0,2025-01,Q1 2025
Citra Luxe,2025-01-22,1.0620650406134011,0.8832116788321168,0.9380282475490623,1.0,2025-01,Q1 2025
Citra Luxe,2025-01-23,1.0620650406134011,0.8795620437956204,0.9341520977658017,1.0,2025-01,Q1 2025
Citra Luxe,2025-01-24,1.0620650406134011,0.8722627737226277,0.9263997981992805,1.0,2025-01,Q1 2025
Citra Luxe,2025-01-25,1.0620650406134011,0.8722627737226277,0.9263997981992805,1.0,2025-01,Q1 2025
Citra Luxe,2025-01-26,1.0620650406134011,0.8722627737226277,0.9263997981992805,1.0,2025-01,Q1 2025
Citra Luxe,2025-01-27,1.0620650406134011,0.864963503649635,0.9186474986327594,1.0,2025-01,Q1 2025
Citra Luxe,2025-01-28,1.0620650406134011,0.8613138686131387,0.9147713488494988,1.0,2025-01,Q1 2025
Citra Luxe,2025-01-29,1.0620650406134011,0.8613138686131387,0.9147713488494988,1.0,2025-01,Q1 2025
Citra Luxe,2025-01-30,1.0701474034051919,0.8613138686131387,0.921732800013231,1.0,2025-01,Q1 2025
Citra Luxe,2025-01-31,1.0701474034051919,0.8686131386861313,0.9295440949285972,1.0,2025-01,Q1 2025
Citra Luxe,2025-02-01,1.0701474034051919,0.8722627737226277,0.9334497423862805,1.0,2025-02,Q1 2025
Citra Luxe,2025-02-02,1.0701474034051919,0.8759124087591241,0.9373553898439637,1.0,2025-02,Q1 2025
Citra Luxe,2025-02-03,1.0701474034051919,0.8759124087591241,0.9373553898439637,1.0,2025-02,Q1 2025
Citra Luxe,2025-02-04,1.0710151876022078,0.8722627737226277,0.9342066782369622,1.0,2025-02,Q1 2025
Citra Luxe,2025-02-05,1.0710151876022078,0.8686131386861313,0.9302978636836695,1.0,2025-02,Q1 2025
Citra Luxe,2025-02-06,1.0710151876022078,0.8686131386861313,0.9302978636836695,1.0,2025-02,Q1 2025
Citra Luxe,2025-02-07,1.0710151876022078,0.864963503649635,0.9263890491303768,1.0,2025-02,Q1 2025
Citra Luxe,2025-02-08,1.0712192649113972,0.8613138686131387,0.9226560091937582,1.0,2025-02,Q1 2025
Citra Luxe,2025-02-09,1.0712192649113972,0.864963503649635,0.9265655685547487,1.0,2025-02,Q1 2025
Citra Luxe,2025-02-10,1.0712192649113972,0.8613138686131387,0.9226560091937582,1.0,2025-02,Q1 2025
Citra Luxe,2025-02-11,1.0712192649113972,0.8613138686131387,0.9226560091937582,1.0,2025-02,Q1 2025
Citra Luxe,2025-02-12,1.0726502393536526,0.8576642335766423,0.9199737454310524,1.0,2025-02,Q1 2025
Citra Luxe,2025-02-13,1.0728796285771602,0.8613138686131387,0.9240861034460213,1.0,2025-02,Q1 2025
Citra Luxe,2025-02-14,1.0809883106006901,0.864963503649635,0.9350154365414728,1.0,2025-02,Q1 2025
Citra Luxe,2025-02-15,1.0809883106006901,0.8686131386861313,0.938960649353884,1.0,2025-02,Q1 2025
Citra Luxe,2025-02-16,1.0790103319491273,0.8686131386861313,0.9372425511090959,1.0,2025-02,Q1 2025
Citra Luxe,2025-02-17,1.0790103319491273,0.8722627737226277,0.9411805450213191,1.0,2025-02,Q1 2025
Citra Luxe,2025-02-18,1.0790103319491273,0.8722627737226277,0.9411805450213191,1.0,2025-02,Q1 2025
Citra Luxe,2025-02-19,1.0770813631012588,0.8722627737226277,0.9394979773036527,1.0,2025-02,Q1 2025
Citra Luxe,2025-02-20,1.0770142746326012,0.8759124087591241,0.9433701675614026,1.0,2025-02,Q1 2025
Citra Luxe,2025-02-21,1.0772021223448423,0.8795620437956204,0.9474661003106094,1.0,2025-02,Q1 2025
Citra Luxe,2025-02-22,1.0772021223448423,0.8832116788321168,0.9513974949177074,1.0,2025-02,Q1 2025
Citra Luxe,2025-02-23,1.0772021223448423,0.8832116788321168,0.9513974949177074,1.0,2025-02,Q1 2025
Citra Luxe,2025-02-24,1.0729130984784574,0.8832116788321168,0.9476093789481267,1.0,2025-02,Q1 2025
Citra Luxe,2025-02-25,1.0729130984784574,0.8868613138686131,0.9515251201834494,1.0,2025-02,Q1 2025
Citra Luxe,2025-02-26,1.0729130984784574,0.8832116788321168,0.9476093789481267,1.0,2025-02,Q1 2025
Citra Luxe,2025-02-27,1.0729130984784574,0.8832116788321168,0.9476093789481267,1.0,2025-02,Q1 2025
Citra Luxe,2025-02-28,1.0729130984784574,0.8795620437956204,0.9436936377128038,1.0,2025-02,Q1 2025
Citra Luxe,2025-03-01,1.0798838167168618,0.8795620437956204,0.9498248168932981,1.0,2025-03,Q1 2025
Citra Luxe,2025-03-02,1.0778564564705877,0.8832116788321168,0.9519754104594242,1.0,2025-03,Q1 2025
Citra Luxe,2025-03-03,1.0778564564705877,0.8868613138686131,0.955909193147273,1.0,2025-03,Q1 2025
Citra Luxe,2025-03-04,1.0763837515196089,0.8832116788321168,0.9506747002472458,1.0,2025-03,Q1 2025
Citra Luxe,2025-03-05,1.0763837515196089,0.8868613138686131,0.9546031080995071,1.0,2025-03,Q1 2025
Citra Luxe,2025-03-06,1.076646076317639,0.8868613138686131,0.9548357538145485,1.0,2025-03,Q1 2025
Citra Luxe,2025-03-07,1.076646076317639,0.8868613138686131,0.9548357538145485,1.0,2025-03,Q1 2025
Citra Luxe,2025-03-08,1.076646076317639,0.8868613138686131,0.9548357538145485,1.0,2025-03,Q1 2025
Citra Luxe,2025-03-09,1.076646076317639,0.8868613138686131,0.9548357538145485,1.0,2025-03,Q1 2025
Citra Luxe,2025-03-10,1.076646076317639,0.8868613138686131,0.9548357538145485,1.0,2025-03,Q1 2025
Citra Luxe,2025-03-11,1.076646076317639,0.8722627737226277,0.9391182928464078,1.0,2025-03,Q1 2025
Citra Luxe,2025-03-12,1.076646076317639,0.8722627737226277,0.9391182928464078,1.0,2025-03,Q1 2025
Citra Luxe,2025-03-13,1.076646076317639,0.8722627737226277,0.9391182928464078,1.0,2025-03,Q1 2025
Citra Luxe,2025-03-14,1.076646076317639,0.8722627737226277,0.9391182928464078,1.0,2025-03,Q1 2025
Citra Luxe,2025-03-15,1.076619843837836,0.8722627737226277,0.9390954112308132,1.0,2025-03,Q1 2025
Citra Luxe,2025-03-16,1.0746401128861456,0.8759124087591241,0.9412906098272809,1.0,2025-03,Q1 2025
Citra Luxe,2025-03-17,1.0746401128861456,0.8795620437956204,0.9452126540348944,1.0,2025-03,Q1 2025
Citra Luxe,2025-03-18,1.073101857780289,0.8795620437956204,0.9438596632301083,1.0,2025-03,Q1 2025
Citra Luxe,2025-03-19,1.0734677262744323,0.8905109489051095,0.955934763543655,1.0,2025-03,Q1 2025
Citra Luxe,2025-03-20,1.0734677262744323,0.8978102189781022,0.9637702943923736,1.0,2025-03,Q1 2025
Citra Luxe,2025-03-21,1.0716424693180553,0.8978102189781022,0.9621315600446774,1.0,2025-03,Q1 2025
Citra Luxe,2025-03-22,1.0716424693180553,0.9014598540145985,0.966042663947298,1.0,2025-03,Q1 2025
Citra Luxe,2025-03-23,1.0716424693180553,0.9014598540145985,0.966042663947298,1.0,2025-03,Q1 2025
Citra Luxe,2025-03-24,1.0716424693180553,0.9014598540145985,0.966042663947298,1.0,2025-03,Q1 2025
Citra Luxe,2025-03-25,1.0720837902169997,0.9014598540145985,0.966440497020434,1.0,2025-03,Q1 2025
Citra Luxe,2025-03-26,1.069939755130529,0.8978102189781022,0.9606028458471173,1.0,2025-03,Q1 2025
Citra Luxe,2025-03-27,1.069939755130529,0.9051094890510949,0.9684126250816467,1.0,2025-03,Q1 2025
Citra Luxe,2025-03-28,1.0699910639955075,0.9014598540145985,0.9645539883463151,1.0,2025-03,Q1 2025
Citra Luxe,2025-03-29,1.0699910639955075,0.9087591240875912,0.9723641420981071,1.0,2025-03,Q1 2025
Citra Luxe,2025-03-30,1.0699910639955075,0.9087591240875912,0.9723641420981071,1.0,2025-03,Q1 2025
Citra Luxe,2025-03-31,1.0699910639955075,0.9087591240875912,0.9723641420981071,1.0,2025-03,Q1 2025
Citra Luxe,2025-04-01,1.0699910639955075,0.9087591240875912,0.9723641420981071,1.0,2025-04,Q2 2025
Citra Luxe,2025-04-02,1.0699910639955075,0.9087591240875912,0.9723641420981071,1.0,2025-04,Q2 2025
Citra Luxe,2025-04-03,1.0696640474946628,0.9087591240875912,0.9720669628692373,1.0,2025-04,Q2 2025
Citra Luxe,2025-04-04,1.0696640474946628,0.9124087591240876,0.9759708462542543,1.0,2025-04,Q2 2025
Citra Luxe,2025-04-05,1.076021916710314,0.9124087591240876,0.9817718218159799,1.0,2025-04,Q2 2025
Citra Luxe,2025-04-06,1.076021916710314,0.916058394160584,0.9856989091032439,1.0,2025-04,Q2 2025
Citra Luxe,2025-04-07,1.076021916710314,0.916058394160584,0.9856989091032439,1.0,2025-04,Q2 2025
Citra Luxe,2025-04-08,1.08253461740716,0.916058394160584,0.9916649232452451,1.0,2025-04,Q2 2025
Citra Luxe,2025-04-09,1.0807834000172147,0.9197080291970803,0.9940051708187522,1.0,2025-04,Q2 2025
Citra Luxe,2025-04-10,1.0811951829507858,0.9233576642335767,0.9983298587100321,1.0,2025-04,Q2 2025
Citra Luxe,2025-04-11,1.0794098293457504,0.9233576642335767,0.9966813387754556,1.0,2025-04,Q2 2025
Citra Luxe,2025-04-12,1.0856232348219814,0.927007299270073,1.0063806629371652,1.0,2025-04,Q2 2025
Citra Luxe,2025-04-13,1.0916784111366267,0.9343065693430657,1.0199623111349505,1.0,2025-04,Q2 2025
Citra Luxe,2025-04-14,1.0876450624440237,0.9379562043795621,1.0201634344821682,1.0,2025-04,Q2 2025
Citra Luxe,2025-04-15,1.0937155898867552,0.9379562043795621,1.0258573233609347,1.0,2025-04,Q2 2025
Citra Luxe,2025-04-16,1.0937155898867552,0.9416058394160584,1.0298489860977476,1.0,2025-04,Q2 2025
Citra Luxe,2025-04-17,1.0939884924745804,0.9416058394160584,1.0301059527680356,1.0,2025-04,Q2 2025
Citra Luxe,2025-04-18,1.0939884924745804,0.9452554744525548,1.0340986114996946,1.0,2025-04,Q2 2025
Citra Luxe,2025-04-19,1.0899641277771206,0.9452554744525548,1.030294558738227,1.0,2025-04,Q2 2025
Citra Luxe,2025-04-20,1.0899641277771206,0.948905109489051,1.0342725300074866,1.0,2025-04,Q2 2025
Citra Luxe,2025-04-21,1.0899641277771206,0.948905109489051,1.0342725300074866,1.0,2025-04,Q2 2025
Citra Luxe,2025-04-22,1.0899641277771206,0.948905109489051,1.0342725300074866,1.0,2025-04,Q2 2025
Citra Luxe,2025-04-23,1.0899641277771206,0.948905109489051,1.0342725300074866,1.0,2025-04,Q2 2025
Citra Luxe,2025-04-24,1.0899641277771206,0.9452554744525548,1.030294558738227,1.0,2025-04,Q2 2025
Citra Luxe,2025-04-25,1.0899641277771206,0.9452554744525548,1.030294558738227,1.0,2025-04,Q2 2025
Citra Luxe,2025-04-26,1.0883903960821844,0.9452554744525548,1.028806980238269,1.0,2025-04,Q2 2025
Citra Luxe,2025-04-27,1.0996794244920438,0.948905109489051,1.0434914247004794,1.0,2025-04,Q2 2025
Berewick Pointe Apartments,2024-05-20,1.4555058642172716,0.8981818181818182,1.3073089034969676,1.0,2024-05,Q2 2024
Berewick Pointe Apartments,2024-05-21,1.4555058642172716,0.9018181818181819,1.3126016520941213,1.0,2024-05,Q2 2024
Berewick Pointe Apartments,2024-05-22,1.4555058642172716,0.9018181818181819,1.3126016520941213,1.0,2024-05,Q2 2024
Berewick Pointe Apartments,2024-05-23,1.4613226480509611,0.9018181818181819,1.3178473335150487,1.0,2024-05,Q2 2024
Berewick Pointe Apartments,2024-05-24,1.456758484949791,0.9054545454545455,1.3190285918272653,1.0,2024-05,Q2 2024
Berewick Pointe Apartments,2024-05-25,1.4606260466483882,0.9054545454545455,1.3225304931470863,1.0,2024-05,Q2 2024
Berewick Pointe Apartments,2024-05-26,1.4606260466483882,0.9090909090909091,1.3278418605894438,1.0,2024-05,Q2 2024
Berewick Pointe Apartments,2024-05-27,1.4606260466483882,0.9090909090909091,1.3278418605894438,1.0,2024-05,Q2 2024
Berewick Pointe Apartments,2024-05-28,1.463595837193857,0.9090909090909091,1.3305416701762336,1.0,2024-05,Q2 2024
Berewick Pointe Apartments,2024-05-29,1.4817017363388634,0.8909090909090909,1.3200615469200783,1.0,2024-05,Q2 2024
Berewick Pointe Apartments,2024-05-30,1.4817017363388634,0.9090909090909091,1.3470015784898757,1.0,2024-05,Q2 2024
Berewick Pointe Apartments,2024-05-31,1.4817017363388634,0.9090909090909091,1.3470015784898757,1.0,2024-05,Q2 2024
Berewick Pointe Apartments,2024-06-01,1.4817017363388634,0.9090909090909091,1.3470015784898757,1.0,2024-06,Q2 2024
Berewick Pointe Apartments,2024-06-02,1.4817017363388634,0.9090909090909091,1.3470015784898757,1.0,2024-06,Q2 2024
Berewick Pointe Apartments,2024-06-03,1.4817017363388634,0.9090909090909091,1.3470015784898757,1.0,2024-06,Q2 2024
Berewick Pointe Apartments,2024-06-04,1.4817017363388634,0.9090909090909091,1.3470015784898757,1.0,2024-06,Q2 2024
Berewick Pointe Apartments,2024-06-05,1.4830004408080766,0.9054545454545455,1.3427894900407675,1.0,2024-06,Q2 2024
Berewick Pointe Apartments,2024-06-06,1.4830004408080766,0.9018181818181819,1.3373967611651019,1.0,2024-06,Q2 2024
Berewick Pointe Apartments,2024-06-07,1.4763281014985639,0.9018181818181819,1.331379524260523,1.0,2024-06,Q2 2024
Berewick Pointe Apartments,2024-06-08,1.4763281014985639,0.9054545454545455,1.3367479900841543,1.0,2024-06,Q2 2024
Berewick Pointe Apartments,2024-06-09,1.4788369187715025,0.9054545454545455,1.3390196100876515,1.0,2024-06,Q2 2024
Berewick Pointe Apartments,2024-06-10,1.4822731779747707,0.9090909090909091,1.3475210708861551,1.0,2024-06,Q2 2024
Berewick Pointe Apartments,2024-06-11,1.4822731779747707,0.9127272727272727,1.3529111551696997,1.0,2024-06,Q2 2024
Berewick Pointe Apartments,2024-06-12,1.4822731779747707,0.9090909090909091,1.3475210708861551,1.0,2024-06,Q2 2024
Berewick Pointe Apartments,2024-06-13,1.4822731779747707,0.9090909090909091,1.3475210708861551,1.0,2024-06,Q2 2024
Berewick Pointe Apartments,2024-06-14,1.485773961936803,0.9090909090909091,1.35070360176073,1.0,2024-06,Q2 2024
Berewick Pointe Apartments,2024-06-15,1.485773961936803,0.9127272727272727,1.3561064161677727,1.0,2024-06,Q2 2024
Berewick Pointe Apartments,2024-06-16,1.485773961936803,0.9127272727272727,1.3561064161677727,1.0,2024-06,Q2 2024
Berewick Pointe Apartments,2024-06-17,1.485773961936803,0.9127272727272727,1.3561064161677727,1.0,2024-06,Q2 2024
Berewick Pointe Apartments,2024-06-18,1.4794756388469166,0.9127272727272727,1.3503577649111858,1.0,2024-06,Q2 2024
Berewick Pointe Apartments,2024-06-19,1.4840801639681862,0.9163636363636364,1.3599570957090288,1.0,2024-06,Q2 2024
Berewick Pointe Apartments,2024-06-20,1.4840801639681862,0.92,1.3653537508507314,1.0,2024-06,Q2 2024
Berewick Pointe Apartments,2024-06-21,1.472823395587864,0.92,1.354997523940835,1.0,2024-06,Q2 2024
Berewick Pointe Apartments,2024-06-22,1.472823395587864,0.9272727272727272,1.3657089668178375,1.0,2024-06,Q2 2024
Berewick Pointe Apartments,2024-06-23,1.472823395587864,0.9272727272727272,1.3657089668178375,1.0,2024-06,Q2 2024
Berewick Pointe Apartments,2024-06-24,1.472823395587864,0.9272727272727272,1.3657089668178375,1.0,2024-06,Q2 2024
Berewick Pointe Apartments,2024-06-25,1.4676472649896348,0.9236363636363636,1.3555723829358808,1.0,2024-06,Q2 2024
Berewick Pointe Apartments,2024-06-26,1.4626959308027487,0.9236363636363636,1.3509991506323569,1.0,2024-06,Q2 2024
Berewick Pointe Apartments,2024-06-27,1.4626959308027487,0.9236363636363636,1.3509991506323569,1.0,2024-06,Q2 2024
Berewick Pointe Apartments,2024-06-28,1.4580149156856674,0.9236363636363636,1.346675594851489,1.0,2024-06,Q2 2024
Berewick Pointe Apartments,2024-06-29,1.4580149156856674,0.92,1.3413737224308142,1.0,2024-06,Q2 2024
Berewick Pointe Apartments,2024-06-30,1.4580149156856674,0.92,1.3413737224308142,1.0,2024-06,Q2 2024
Berewick Pointe Apartments,2024-07-01,1.4563831445883495,0.92,1.3398724930212815,1.0,2024-07,Q3 2024
Berewick Pointe Apartments,2024-07-02,1.4563831445883495,0.9236363636363636,1.3451684317288755,1.0,2024-07,Q3 2024
Berewick Pointe Apartments,2024-07-03,1.4565583884717739,0.92,1.340033717394032,1.0,2024-07,Q3 2024
Berewick Pointe Apartments,2024-07-04,1.4565583884717739,0.92,1.340033717394032,1.0,2024-07,Q3 2024
Berewick Pointe Apartments,2024-07-05,1.4565583884717739,0.9163636363636364,1.3347371414359528,1.0,2024-07,Q3 2024
Berewick Pointe Apartments,2024-07-06,1.4565583884717739,0.9163636363636364,1.3347371414359528,1.0,2024-07,Q3 2024
Berewick Pointe Apartments,2024-07-07,1.4548423332309608,0.9163636363636364,1.3331646108152804,1.0,2024-07,Q3 2024
Berewick Pointe Apartments,2024-07-08,1.4548423332309608,0.92,1.338454946572484,1.0,2024-07,Q3 2024
Berewick Pointe Apartments,2024-07-09,1.4550467195789256,0.92,1.3386429820126116,1.0,2024-07,Q3 2024
Berewick Pointe Apartments,2024-07-10,1.4550467195789256,0.9236363636363636,1.3439340609928985,1.0,2024-07,Q3 2024
Berewick Pointe Apartments,2024-07-11,1.4550467195789256,0.92,1.3386429820126116,1.0,2024-07,Q3 2024
Berewick Pointe Apartments,2024-07-12,1.4550467195789256,0.92,1.3386429820126116,1.0,2024-07,Q3 2024
Berewick Pointe Apartments,2024-07-13,1.4550467195789256,0.92,1.3386429820126116,1.0,2024-07,Q3 2024
Berewick Pointe Apartments,2024-07-14,1.4550467195789256,0.92,1.3386429820126116,1.0,2024-07,Q3 2024
Berewick Pointe Apartments,2024-07-15,1.4550467195789256,0.92,1.3386429820126116,1.0,2024-07,Q3 2024
Berewick Pointe Apartments,2024-07-16,1.4550467195789256,0.92,1.3386429820126116,1.0,2024-07,Q3 2024
Berewick Pointe Apartments,2024-07-17,1.4550467195789256,0.9163636363636364,1.3333519030323246,1.0,2024-07,Q3 2024
Berewick Pointe Apartments,2024-07-18,1.4550467195789256,0.9163636363636364,1.3333519030323246,1.0,2024-07,Q3 2024
Berewick Pointe Apartments,2024-07-19,1.4535017949010893,0.9163636363636364,1.3319361902366347,1.0,2024-07,Q3 2024
Berewick Pointe Apartments,2024-07-20,1.44938520601997,0.92,1.3334343895383725,1.0,2024-07,Q3 2024
Berewick Pointe Apartments,2024-07-21,1.44938520601997,0.9236363636363636,1.3387048811966267,1.0,2024-07,Q3 2024
Berewick Pointe Apartments,2024-07-22,1.44938520601997,0.9236363636363636,1.3387048811966267,1.0,2024-07,Q3 2024
Berewick Pointe Apartments,2024-07-23,1.4448731193484532,0.9236363636363636,1.3345373538709349,1.0,2024-07,Q3 2024
Berewick Pointe Apartments,2024-07-24,1.4448731193484532,0.9236363636363636,1.3345373538709349,1.0,2024-07,Q3 2024
Berewick Pointe Apartments,2024-07-25,1.4389425866668282,0.92,1.323827179733482,1.0,2024-07,Q3 2024
Berewick Pointe Apartments,2024-07-26,1.4389425866668282,0.9272727272727272,1.3342922167274225,1.0,2024-07,Q3 2024
Berewick Pointe Apartments,2024-07-27,1.435028552814167,0.9272727272727272,1.3306628398822276,1.0,2024-07,Q3 2024
Berewick Pointe Apartments,2024-07-28,1.435028552814167,0.9309090909090909,1.3358811255288245,1.0,2024-07,Q3 2024
Berewick Pointe Apartments,2024-07-29,1.437714208049545,0.9309090909090909,1.3383812264024857,1.0,2024-07,Q3 2024
Berewick Pointe Apartments,2024-07-30,1.437714208049545,0.9272727272727272,1.3331531747368508,1.0,2024-07,Q3 2024
Berewick Pointe Apartments,2024-07-31,1.437714208049545,0.9272727272727272,1.3331531747368508,1.0,2024-07,Q3 2024
Berewick Pointe Apartments,2024-08-01,1.436233936137027,0.9272727272727272,1.331780558963425,1.0,2024-08,Q3 2024
Berewick Pointe Apartments,2024-08-02,1.436233936137027,0.9272727272727272,1.331780558963425,1.0,2024-08,Q3 2024
Berewick Pointe Apartments,2024-08-03,1.436233936137027,0.9272727272727272,1.331780558963425,1.0,2024-08,Q3 2024
Berewick Pointe Apartments,2024-08-04,1.436233936137027,0.9272727272727272,1.331780558963425,1.0,2024-08,Q3 2024
Berewick Pointe Apartments,2024-08-05,1.4353951153865998,0.9272727272727272,1.3310027433584835,1.0,2024-08,Q3 2024
Berewick Pointe Apartments,2024-08-06,1.434628562492019,0.9309090909090909,1.3355087709016613,1.0,2024-08,Q3 2024
Berewick Pointe Apartments,2024-08-07,1.434628562492019,0.9309090909090909,1.3355087709016613,1.0,2024-08,Q3 2024
Berewick Pointe Apartments,2024-08-08,1.4335082159537853,0.9272727272727272,1.3292530729753282,1.0,2024-08,Q3 2024
Berewick Pointe Apartments,2024-08-09,1.4335082159537853,0.9309090909090909,1.3344658301242511,1.0,2024-08,Q3 2024
Berewick Pointe Apartments,2024-08-10,1.4335082159537853,0.9309090909090909,1.3344658301242511,1.0,2024-08,Q3 2024
Berewick Pointe Apartments,2024-08-11,1.4335082159537853,0.9309090909090909,1.3344658301242511,1.0,2024-08,Q3 2024
Berewick Pointe Apartments,2024-08-12,1.4335082159537853,0.9309090909090909,1.3344658301242511,1.0,2024-08,Q3 2024
Berewick Pointe Apartments,2024-08-13,1.4335082159537853,0.9236363636363636,1.3240403158264054,1.0,2024-08,Q3 2024
Berewick Pointe Apartments,2024-08-14,1.4335082159537853,0.9236363636363636,1.3240403158264054,1.0,2024-08,Q3 2024
Berewick Pointe Apartments,2024-08-15,1.4335082159537853,0.92,1.3188275586774825,1.0,2024-08,Q3 2024
Berewick Pointe Apartments,2024-08-16,1.4335082159537853,0.92,1.3188275586774825,1.0,2024-08,Q3 2024
Berewick Pointe Apartments,2024-08-17,1.4335082159537853,0.9163636363636364,1.3136148015285596,1.0,2024-08,Q3 2024
Berewick Pointe Apartments,2024-08-18,1.4335082159537853,0.9163636363636364,1.3136148015285596,1.0,2024-08,Q3 2024
Berewick Pointe Apartments,2024-08-19,1.4335082159537853,0.9163636363636364,1.3136148015285596,1.0,2024-08,Q3 2024
Berewick Pointe Apartments,2024-08-20,1.4335082159537853,0.9163636363636364,1.3136148015285596,1.0,2024-08,Q3 2024
Berewick Pointe Apartments,2024-08-21,1.4335082159537853,0.9163636363636364,1.3136148015285596,1.0,2024-08,Q3 2024
Berewick Pointe Apartments,2024-08-22,1.4335082159537853,0.9163636363636364,1.3136148015285596,1.0,2024-08,Q3 2024
Berewick Pointe Apartments,2024-08-23,1.4335082159537853,0.9163636363636364,1.3136148015285596,1.0,2024-08,Q3 2024
Berewick Pointe Apartments,2024-08-24,1.4335082159537853,0.9127272727272727,1.3084020443796367,1.0,2024-08,Q3 2024
Berewick Pointe Apartments,2024-08-25,1.4335082159537853,0.9127272727272727,1.3084020443796367,1.0,2024-08,Q3 2024
Berewick Pointe Apartments,2024-08-26,1.4335082159537853,0.9127272727272727,1.3084020443796367,1.0,2024-08,Q3 2024
Berewick Pointe Apartments,2024-08-27,1.4335082159537853,0.9127272727272727,1.3084020443796367,1.0,2024-08,Q3 2024
Berewick Pointe Apartments,2024-08-28,1.4335082159537853,0.9127272727272727,1.3084020443796367,1.0,2024-08,Q3 2024
Berewick Pointe Apartments,2024-08-29,1.4319292592470991,0.9127272727272727,1.3069608875309886,1.0,2024-08,Q3 2024
Berewick Pointe Apartments,2024-08-30,1.4319292592470991,0.9163636363636364,1.31216790301916,1.0,2024-08,Q3 2024
Berewick Pointe Apartments,2024-08-31,1.4319292592470991,0.9163636363636364,1.31216790301916,1.0,2024-08,Q3 2024
Berewick Pointe Apartments,2024-09-01,1.4319292592470991,0.9163636363636364,1.31216790301916,1.0,2024-09,Q3 2024
Berewick Pointe Apartments,2024-09-02,1.4319292592470991,0.9163636363636364,1.31216790301916,1.0,2024-09,Q3 2024
Berewick Pointe Apartments,2024-09-03,1.430448987334581,0.9163636363636364,1.3108114356665979,1.0,2024-09,Q3 2024
Berewick Pointe Apartments,2024-09-04,1.430448987334581,0.9163636363636364,1.3108114356665979,1.0,2024-09,Q3 2024
Berewick Pointe Apartments,2024-09-05,1.430448987334581,0.9163636363636364,1.3108114356665979,1.0,2024-09,Q3 2024
Berewick Pointe Apartments,2024-09-06,1.430448987334581,0.9090909090909091,1.3004081703041643,1.0,2024-09,Q3 2024
Berewick Pointe Apartments,2024-09-07,1.43326504498875,0.9090909090909091,1.3029682227170454,1.0,2024-09,Q3 2024
Berewick Pointe Apartments,2024-09-08,1.43326504498875,0.9127272727272727,1.3081800956079137,1.0,2024-09,Q3 2024
Berewick Pointe Apartments,2024-09-09,1.4314574650651857,0.9127272727272727,1.3065302681140423,1.0,2024-09,Q3 2024
Berewick Pointe Apartments,2024-09-10,1.4333196342422685,0.9163636363636364,1.3134419921056424,1.0,2024-09,Q3 2024
Berewick Pointe Apartments,2024-09-11,1.4333196342422685,0.9309090909090909,1.3342902776946208,1.0,2024-09,Q3 2024
Berewick Pointe Apartments,2024-09-12,1.4277622172148667,0.9272727272727272,1.3239249650537854,1.0,2024-09,Q3 2024
Berewick Pointe Apartments,2024-09-13,1.4277622172148667,0.9309090909090909,1.3291168276618395,1.0,2024-09,Q3 2024
Berewick Pointe Apartments,2024-09-14,1.4277622172148667,0.9272727272727272,1.3239249650537854,1.0,2024-09,Q3 2024
Berewick Pointe Apartments,2024-09-15,1.4277622172148667,0.9272727272727272,1.3239249650537854,1.0,2024-09,Q3 2024
Berewick Pointe Apartments,2024-09-16,1.4277622172148667,0.9272727272727272,1.3239249650537854,1.0,2024-09,Q3 2024
Berewick Pointe Apartments,2024-09-17,1.4277622172148667,0.9272727272727272,1.3239249650537854,1.0,2024-09,Q3 2024
Berewick Pointe Apartments,2024-09-18,1.4277622172148667,0.9272727272727272,1.3239249650537854,1.0,2024-09,Q3 2024
Berewick Pointe Apartments,2024-09-19,1.4277622172148667,0.9272727272727272,1.3239249650537854,1.0,2024-09,Q3 2024
Berewick Pointe Apartments,2024-09-20,1.428869315478522,0.9272727272727272,1.324951547080084,1.0,2024-09,Q3 2024
Berewick Pointe Apartments,2024-09-21,1.428869315478522,0.9345454545454546,1.3353433239199277,1.0,2024-09,Q3 2024
Berewick Pointe Apartments,2024-09-22,1.428869315478522,0.9345454545454546,1.3353433239199277,1.0,2024-09,Q3 2024
Berewick Pointe Apartments,2024-09-23,1.428869315478522,0.9345454545454546,1.3353433239199277,1.0,2024-09,Q3 2024
Berewick Pointe Apartments,2024-09-24,1.428869315478522,0.9345454545454546,1.3353433239199277,1.0,2024-09,Q3 2024
Berewick Pointe Apartments,2024-09-25,1.428869315478522,0.9309090909090909,1.3301474355000058,1.0,2024-09,Q3 2024
Berewick Pointe Apartments,2024-09-26,1.4250326021134048,0.9272727272727272,1.321393867414248,1.0,2024-09,Q3 2024
Berewick Pointe Apartments,2024-09-27,1.4250326021134048,0.9309090909090909,1.326575804149206,1.0,2024-09,Q3 2024
Berewick Pointe Apartments,2024-09-28,1.4250326021134048,0.9309090909090909,1.326575804149206,1.0,2024-09,Q3 2024
Berewick Pointe Apartments,2024-09-29,1.4250326021134048,0.9309090909090909,1.326575804149206,1.0,2024-09,Q3 2024
Berewick Pointe Apartments,2024-09-30,1.4250326021134048,0.9309090909090909,1.326575804149206,1.0,2024-09,Q3 2024
Berewick Pointe Apartments,2024-10-01,1.4250326021134048,0.9272727272727272,1.321393867414248,1.0,2024-10,Q4 2024
Berewick Pointe Apartments,2024-10-02,1.4274167953679604,0.9272727272727272,1.3236046647957451,1.0,2024-10,Q4 2024
Berewick Pointe Apartments,2024-10-03,1.4274167953679604,0.9272727272727272,1.3236046647957451,1.0,2024-10,Q4 2024
Berewick Pointe Apartments,2024-10-04,1.4298633022517004,0.9236363636363636,1.3206737409888432,1.0,2024-10,Q4 2024
Berewick Pointe Apartments,2024-10-05,1.4298633022517004,0.9236363636363636,1.3206737409888432,1.0,2024-10,Q4 2024
Berewick Pointe Apartments,2024-10-06,1.4298633022517004,0.9236363636363636,1.3206737409888432,1.0,2024-10,Q4 2024
Berewick Pointe Apartments,2024-10-07,1.4298633022517004,0.9236363636363636,1.3206737409888432,1.0,2024-10,Q4 2024
Berewick Pointe Apartments,2024-10-08,1.425758685709481,0.9236363636363636,1.316882567891666,1.0,2024-10,Q4 2024
Berewick Pointe Apartments,2024-10-09,1.425758685709481,0.9236363636363636,1.316882567891666,1.0,2024-10,Q4 2024
Berewick Pointe Apartments,2024-10-10,1.4217106713068404,0.9236363636363636,1.3131436745888634,1.0,2024-10,Q4 2024
Berewick Pointe Apartments,2024-10-11,1.4217106713068404,0.9236363636363636,1.3131436745888634,1.0,2024-10,Q4 2024
Berewick Pointe Apartments,2024-10-12,1.4217106713068404,0.9236363636363636,1.3131436745888634,1.0,2024-10,Q4 2024
Berewick Pointe Apartments,2024-10-13,1.4217106713068404,0.9236363636363636,1.3131436745888634,1.0,2024-10,Q4 2024
Berewick Pointe Apartments,2024-10-14,1.4217106713068404,0.9236363636363636,1.3131436745888634,1.0,2024-10,Q4 2024
Berewick Pointe Apartments,2024-10-15,1.4217106713068404,0.92,1.3079738176022933,1.0,2024-10,Q4 2024
Berewick Pointe Apartments,2024-10-16,1.4217106713068404,0.92,1.3079738176022933,1.0,2024-10,Q4 2024
Berewick Pointe Apartments,2024-10-17,1.4162894991341666,0.9163636363636364,1.297836195570218,1.0,2024-10,Q4 2024
Berewick Pointe Apartments,2024-10-18,1.4162894991341666,0.9163636363636364,1.297836195570218,1.0,2024-10,Q4 2024
Berewick Pointe Apartments,2024-10-19,1.4162894991341666,0.9163636363636364,1.297836195570218,1.0,2024-10,Q4 2024
Berewick Pointe Apartments,2024-10-20,1.4162894991341666,0.9163636363636364,1.297836195570218,1.0,2024-10,Q4 2024
Berewick Pointe Apartments,2024-10-21,1.4162894991341666,0.9163636363636364,1.297836195570218,1.0,2024-10,Q4 2024
Berewick Pointe Apartments,2024-10-22,1.4114754442773505,0.9163636363636364,1.293424770755972,1.0,2024-10,Q4 2024
Berewick Pointe Apartments,2024-10-23,1.4114754442773505,0.92,1.2985574087351626,1.0,2024-10,Q4 2024
Berewick Pointe Apartments,2024-10-24,1.4114754442773505,0.92,1.2985574087351626,1.0,2024-10,Q4 2024
Berewick Pointe Apartments,2024-10-25,1.4114754442773505,0.92,1.2985574087351626,1.0,2024-10,Q4 2024
Berewick Pointe Apartments,2024-10-26,1.4114754442773505,0.92,1.2985574087351626,1.0,2024-10,Q4 2024
Berewick Pointe Apartments,2024-10-27,1.4114754442773505,0.92,1.2985574087351626,1.0,2024-10,Q4 2024
Berewick Pointe Apartments,2024-10-28,1.4086958571373411,0.92,1.296000188566354,1.0,2024-10,Q4 2024
Berewick Pointe Apartments,2024-10-29,1.4103292508257443,0.9236363636363636,1.3026313807626875,1.0,2024-10,Q4 2024
Berewick Pointe Apartments,2024-10-30,1.4103292508257443,0.9272727272727272,1.3077598507656902,1.0,2024-10,Q4 2024
Berewick Pointe Apartments,2024-10-31,1.4103292508257443,0.9236363636363636,1.3026313807626875,1.0,2024-10,Q4 2024
Berewick Pointe Apartments,2024-11-01,1.4103292508257443,0.9236363636363636,1.3026313807626875,1.0,2024-11,Q4 2024
Berewick Pointe Apartments,2024-11-02,1.4038740395125109,0.9236363636363636,1.2966691128588281,1.0,2024-11,Q4 2024
Berewick Pointe Apartments,2024-11-03,1.4038740395125109,0.9272727272727272,1.3017741093661463,1.0,2024-11,Q4 2024
Berewick Pointe Apartments,2024-11-04,1.4038740395125109,0.9272727272727272,1.3017741093661463,1.0,2024-11,Q4 2024
Berewick Pointe Apartments,2024-11-05,1.4038740395125109,0.9236363636363636,1.2966691128588281,1.0,2024-11,Q4 2024
Berewick Pointe Apartments,2024-11-06,1.4038740395125109,0.9236363636363636,1.2966691128588281,1.0,2024-11,Q4 2024
Berewick Pointe Apartments,2024-11-07,1.4038740395125109,0.9236363636363636,1.2966691128588281,1.0,2024-11,Q4 2024
Berewick Pointe Apartments,2024-11-08,1.4038740395125109,0.9236363636363636,1.2966691128588281,1.0,2024-11,Q4 2024
Berewick Pointe Apartments,2024-11-09,1.4038740395125109,0.9163636363636364,1.286459119844192,1.0,2024-11,Q4 2024
Berewick Pointe Apartments,2024-11-10,1.4038740395125109,0.9163636363636364,1.286459119844192,1.0,2024-11,Q4 2024
Berewick Pointe Apartments,2024-11-11,1.408575097034986,0.9163636363636364,1.2907669980102416,1.0,2024-11,Q4 2024
Berewick Pointe Apartments,2024-11-12,1.4068788561695957,0.9236363636363636,1.299444470789372,1.0,2024-11,Q4 2024
Berewick Pointe Apartments,2024-11-13,1.4068788561695957,0.9236363636363636,1.299444470789372,1.0,2024-11,Q4 2024
Berewick Pointe Apartments,2024-11-14,1.4124092672896067,0.9236363636363636,1.304552559605673,1.0,2024-11,Q4 2024
Berewick Pointe Apartments,2024-11-15,1.4124092672896067,0.9309090909090909,1.314824627004143,1.0,2024-11,Q4 2024
Berewick Pointe Apartments,2024-11-16,1.4097577013583977,0.9309090909090909,1.3123562601736356,1.0,2024-11,Q4 2024
Berewick Pointe Apartments,2024-11-17,1.4097577013583977,0.9345454545454546,1.317482651814939,1.0,2024-11,Q4 2024
Berewick Pointe Apartments,2024-11-18,1.4097577013583977,0.9345454545454546,1.317482651814939,1.0,2024-11,Q4 2024
Berewick Pointe Apartments,2024-11-19,1.4097577013583977,0.9309090909090909,1.3123562601736356,1.0,2024-11,Q4 2024
Berewick Pointe Apartments,2024-11-20,1.4097577013583977,0.9309090909090909,1.3123562601736356,1.0,2024-11,Q4 2024
Berewick Pointe Apartments,2024-11-21,1.4097577013583977,0.92,1.296977085249726,1.0,2024-11,Q4 2024
Berewick Pointe Apartments,2024-11-22,1.4097577013583977,0.9163636363636364,1.2918506936084226,1.0,2024-11,Q4 2024
Berewick Pointe Apartments,2024-11-23,1.4097577013583977,0.9054545454545455,1.276471518684513,1.0,2024-11,Q4 2024
Berewick Pointe Apartments,2024-11-24,1.4097577013583977,0.9054545454545455,1.276471518684513,1.0,2024-11,Q4 2024
Berewick Pointe Apartments,2024-11-25,1.4097577013583977,0.9054545454545455,1.276471518684513,1.0,2024-11,Q4 2024
Berewick Pointe Apartments,2024-11-26,1.4127919987026343,0.9018181818181819,1.2740815115572848,1.0,2024-11,Q4 2024
Berewick Pointe Apartments,2024-11-27,1.4143853488586278,0.9054545454545455,1.2806616431483575,1.0,2024-11,Q4 2024
Berewick Pointe Apartments,2024-11-28,1.4145368648484442,0.9090909090909091,1.2859426044076765,1.0,2024-11,Q4 2024
Berewick Pointe Apartments,2024-11-29,1.4145368648484442,0.9127272727272727,1.2910863748253072,1.0,2024-11,Q4 2024
Berewick Pointe Apartments,2024-11-30,1.4145368648484442,0.9127272727272727,1.2910863748253072,1.0,2024-11,Q4 2024
Berewick Pointe Apartments,2024-12-01,1.4145368648484442,0.9127272727272727,1.2910863748253072,1.0,2024-12,Q4 2024
Berewick Pointe Apartments,2024-12-02,1.4145368648484442,0.9127272727272727,1.2910863748253072,1.0,2024-12,Q4 2024
Berewick Pointe Apartments,2024-12-03,1.413405202110177,0.9127272727272727,1.2900534753805617,1.0,2024-12,Q4 2024
Berewick Pointe Apartments,2024-12-04,1.4095558158939052,0.9163636363636364,1.2916656931100514,1.0,2024-12,Q4 2024
Berewick Pointe Apartments,2024-12-05,1.4095558158939052,0.92,1.296791350622393,1.0,2024-12,Q4 2024
Berewick Pointe Apartments,2024-12-06,1.4059859299184945,0.9163636363636364,1.2883943794162205,1.0,2024-12,Q4 2024
Berewick Pointe Apartments,2024-12-07,1.4059859299184945,0.92,1.293507055525015,1.0,2024-12,Q4 2024
Berewick Pointe Apartments,2024-12-08,1.4059859299184945,0.92,1.293507055525015,1.0,2024-12,Q4 2024
Berewick Pointe Apartments,2024-12-09,1.4059859299184945,0.92,1.293507055525015,1.0,2024-12,Q4 2024
Berewick Pointe Apartments,2024-12-10,1.4059859299184945,0.9163636363636364,1.2883943794162205,1.0,2024-12,Q4 2024
Berewick Pointe Apartments,2024-12-11,1.4059859299184945,0.9163636363636364,1.2883943794162205,1.0,2024-12,Q4 2024
Berewick Pointe Apartments,2024-12-12,1.4059859299184945,0.9163636363636364,1.2883943794162205,1.0,2024-12,Q4 2024
Berewick Pointe Apartments,2024-12-13,1.4059859299184945,0.9163636363636364,1.2883943794162205,1.0,2024-12,Q4 2024
Berewick Pointe Apartments,2024-12-14,1.4059859299184945,0.9163636363636364,1.2883943794162205,1.0,2024-12,Q4 2024
Berewick Pointe Apartments,2024-12-15,1.4026853481750454,0.9163636363636364,1.285369846327678,1.0,2024-12,Q4 2024
Berewick Pointe Apartments,2024-12-16,1.4026853481750454,0.92,1.2904705203210418,1.0,2024-12,Q4 2024
Berewick Pointe Apartments,2024-12-17,1.4026853481750454,0.92,1.2904705203210418,1.0,2024-12,Q4 2024
Berewick Pointe Apartments,2024-12-18,1.4026853481750454,0.92,1.2904705203210418,1.0,2024-12,Q4 2024
Berewick Pointe Apartments,2024-12-19,1.4026853481750454,0.9127272727272727,1.2802691723343143,1.0,2024-12,Q4 2024
Berewick Pointe Apartments,2024-12-20,1.4026853481750454,0.9054545454545455,1.2700678243475867,1.0,2024-12,Q4 2024
Berewick Pointe Apartments,2024-12-21,1.4026853481750454,0.9018181818181819,1.2649671503542228,1.0,2024-12,Q4 2024
Berewick Pointe Apartments,2024-12-22,1.404977691168327,0.8981818181818182,1.2619254171584608,1.0,2024-12,Q4 2024
Berewick Pointe Apartments,2024-12-23,1.404977691168327,0.9018181818181819,1.2670344269445275,1.0,2024-12,Q4 2024
Berewick Pointe Apartments,2024-12-24,1.404977691168327,0.9018181818181819,1.2670344269445275,1.0,2024-12,Q4 2024
Berewick Pointe Apartments,2024-12-25,1.404977691168327,0.9018181818181819,1.2670344269445275,1.0,2024-12,Q4 2024
Berewick Pointe Apartments,2024-12-26,1.404977691168327,0.9018181818181819,1.2670344269445275,1.0,2024-12,Q4 2024
Berewick Pointe Apartments,2024-12-27,1.404977691168327,0.9018181818181819,1.2670344269445275,1.0,2024-12,Q4 2024
Berewick Pointe Apartments,2024-12-28,1.404977691168327,0.9018181818181819,1.2670344269445275,1.0,2024-12,Q4 2024
Berewick Pointe Apartments,2024-12-29,1.404977691168327,0.8981818181818182,1.2619254171584608,1.0,2024-12,Q4 2024
Berewick Pointe Apartments,2024-12-30,1.404977691168327,0.8981818181818182,1.2619254171584608,1.0,2024-12,Q4 2024
Berewick Pointe Apartments,2024-12-31,1.404977691168327,0.8945454545454545,1.2568164073723942,1.0,2024-12,Q4 2024
Berewick Pointe Apartments,2025-01-01,1.4015018822705272,0.8945454545454545,1.2537071383219989,1.0,2025-01,Q1 2025
Berewick Pointe Apartments,2025-01-02,1.4015018822705272,0.8981818181818182,1.2588035088029825,1.0,2025-01,Q1 2025
Berewick Pointe Apartments,2025-01-03,1.4015018822705272,0.8981818181818182,1.2588035088029825,1.0,2025-01,Q1 2025
Berewick Pointe Apartments,2025-01-04,1.4015376792099223,0.8981818181818182,1.258835660963094,1.0,2025-01,Q1 2025
Berewick Pointe Apartments,2025-01-05,1.4015376792099223,0.9018181818181819,1.2639321616147663,1.0,2025-01,Q1 2025
Berewick Pointe Apartments,2025-01-06,1.4015376792099223,0.9018181818181819,1.2639321616147663,1.0,2025-01,Q1 2025
Berewick Pointe Apartments,2025-01-07,1.4015376792099223,0.9018181818181819,1.2639321616147663,1.0,2025-01,Q1 2025
Berewick Pointe Apartments,2025-01-08,1.4015376792099223,0.8981818181818182,1.258835660963094,1.0,2025-01,Q1 2025
Berewick Pointe Apartments,2025-01-09,1.4015376792099223,0.8981818181818182,1.258835660963094,1.0,2025-01,Q1 2025
Berewick Pointe Apartments,2025-01-10,1.4015376792099223,0.8981818181818182,1.258835660963094,1.0,2025-01,Q1 2025
Berewick Pointe Apartments,2025-01-11,1.399319811639942,0.8981818181818182,1.2568436126366023,1.0,2025-01,Q1 2025
Berewick Pointe Apartments,2025-01-12,1.399319811639942,0.9018181818181819,1.2619320483152932,1.0,2025-01,Q1 2025
Berewick Pointe Apartments,2025-01-13,1.399319811639942,0.9018181818181819,1.2619320483152932,1.0,2025-01,Q1 2025
Berewick Pointe Apartments,2025-01-14,1.399319811639942,0.9018181818181819,1.2619320483152932,1.0,2025-01,Q1 2025
Berewick Pointe Apartments,2025-01-15,1.399319811639942,0.9018181818181819,1.2619320483152932,1.0,2025-01,Q1 2025
Berewick Pointe Apartments,2025-01-16,1.399319811639942,0.9018181818181819,1.2619320483152932,1.0,2025-01,Q1 2025
Berewick Pointe Apartments,2025-01-17,1.399319811639942,0.9018181818181819,1.2619320483152932,1.0,2025-01,Q1 2025
Berewick Pointe Apartments,2025-01-18,1.399319811639942,0.9018181818181819,1.2619320483152932,1.0,2025-01,Q1 2025
Berewick Pointe Apartments,2025-01-19,1.399319811639942,0.9018181818181819,1.2619320483152932,1.0,2025-01,Q1 2025
Berewick Pointe Apartments,2025-01-20,1.399319811639942,0.9018181818181819,1.2619320483152932,1.0,2025-01,Q1 2025
Berewick Pointe Apartments,2025-01-21,1.399319811639942,0.9018181818181819,1.2619320483152932,1.0,2025-01,Q1 2025
Berewick Pointe Apartments,2025-01-22,1.399319811639942,0.9018181818181819,1.2619320483152932,1.0,2025-01,Q1 2025
Berewick Pointe Apartments,2025-01-23,1.399319811639942,0.9018181818181819,1.2619320483152932,1.0,2025-01,Q1 2025
Berewick Pointe Apartments,2025-01-24,1.399319811639942,0.9018181818181819,1.2619320483152932,1.0,2025-01,Q1 2025
Berewick Pointe Apartments,2025-01-25,1.399319811639942,0.9018181818181819,1.2619320483152932,1.0,2025-01,Q1 2025
Berewick Pointe Apartments,2025-01-26,1.399319811639942,0.9018181818181819,1.2619320483152932,1.0,2025-01,Q1 2025
Berewick Pointe Apartments,2025-01-27,1.4010232468396573,0.9018181818181819,1.2634682371499455,1.0,2025-01,Q1 2025
Berewick Pointe Apartments,2025-01-28,1.40311997722223,0.9054545454545455,1.2704613611939466,1.0,2025-01,Q1 2025
Berewick Pointe Apartments,2025-01-29,1.40311997722223,0.9090909090909091,1.2755636156565726,1.0,2025-01,Q1 2025
Berewick Pointe Apartments,2025-01-30,1.40311997722223,0.9090909090909091,1.2755636156565726,1.0,2025-01,Q1 2025
Berewick Pointe Apartments,2025-01-31,1.40311997722223,0.9090909090909091,1.2755636156565726,1.0,2025-01,Q1 2025
Berewick Pointe Apartments,2025-02-01,1.40311997722223,0.9054545454545455,1.2704613611939466,1.0,2025-02,Q1 2025
Berewick Pointe Apartments,2025-02-02,1.4019362191718532,0.9054545454545455,1.2693895220865143,1.0,2025-02,Q1 2025
Berewick Pointe Apartments,2025-02-03,1.4019362191718532,0.9090909090909091,1.274487471974412,1.0,2025-02,Q1 2025
Berewick Pointe Apartments,2025-02-04,1.4019362191718532,0.9054545454545455,1.2693895220865143,1.0,2025-02,Q1 2025
Berewick Pointe Apartments,2025-02-05,1.4019362191718532,0.9018181818181819,1.2642915721986168,1.0,2025-02,Q1 2025
Berewick Pointe Apartments,2025-02-06,1.4019362191718532,0.8981818181818182,1.259193622310719,1.0,2025-02,Q1 2025
Berewick Pointe Apartments,2025-02-07,1.4012725384288547,0.8981818181818182,1.2585975163342804,1.0,2025-02,Q1 2025
Berewick Pointe Apartments,2025-02-08,1.4012725384288547,0.9018181818181819,1.263693052837658,1.0,2025-02,Q1 2025
Berewick Pointe Apartments,2025-02-09,1.4014145893949002,0.8945454545454545,1.2536290508768926,1.0,2025-02,Q1 2025
Berewick Pointe Apartments,2025-02-10,1.4026594601969693,0.8981818181818182,1.2598432242496416,1.0,2025-02,Q1 2025
Berewick Pointe Apartments,2025-02-11,1.4026594601969693,0.9054545454545455,1.270044383960165,1.0,2025-02,Q1 2025
Berewick Pointe Apartments,2025-02-12,1.4026594601969693,0.9054545454545455,1.270044383960165,1.0,2025-02,Q1 2025
Berewick Pointe Apartments,2025-02-13,1.4010657058737843,0.9054545454545455,1.2686013118638992,1.0,2025-02,Q1 2025
Berewick Pointe Apartments,2025-02-14,1.4010657058737843,0.9054545454545455,1.2686013118638992,1.0,2025-02,Q1 2025
Berewick Pointe Apartments,2025-02-15,1.399118956265504,0.9018181818181819,1.261750913286709,1.0,2025-02,Q1 2025
Berewick Pointe Apartments,2025-02-16,1.3961288293700789,0.9054545454545455,1.2641311945932714,1.0,2025-02,Q1 2025
Berewick Pointe Apartments,2025-02-17,1.3961288293700789,0.9090909090909091,1.2692080267000716,1.0,2025-02,Q1 2025
Berewick Pointe Apartments,2025-02-18,1.3961288293700789,0.9090909090909091,1.2692080267000716,1.0,2025-02,Q1 2025
Berewick Pointe Apartments,2025-02-19,1.3961288293700789,0.9090909090909091,1.2692080267000716,1.0,2025-02,Q1 2025
Berewick Pointe Apartments,2025-02-20,1.3961288293700789,0.9054545454545455,1.2641311945932714,1.0,2025-02,Q1 2025
Berewick Pointe Apartments,2025-02-21,1.3961288293700789,0.9054545454545455,1.2641311945932714,1.0,2025-02,Q1 2025
Berewick Pointe Apartments,2025-02-22,1.3961288293700789,0.9090909090909091,1.2692080267000716,1.0,2025-02,Q1 2025
Berewick Pointe Apartments,2025-02-23,1.3961288293700789,0.9090909090909091,1.2692080267000716,1.0,2025-02,Q1 2025
Berewick Pointe Apartments,2025-02-24,1.3961288293700789,0.9090909090909091,1.2692080267000716,1.0,2025-02,Q1 2025
Berewick Pointe Apartments,2025-02-25,1.3998870415445712,0.9054545454545455,1.2675340848894483,1.0,2025-02,Q1 2025
Berewick Pointe Apartments,2025-02-26,1.397537790343445,0.9090909090909091,1.2704889003122226,1.0,2025-02,Q1 2025
Berewick Pointe Apartments,2025-02-27,1.399550761285616,0.9127272727272727,1.2774081493915985,1.0,2025-02,Q1 2025
Berewick Pointe Apartments,2025-02-28,1.399550761285616,0.9163636363636364,1.2824974248871825,1.0,2025-02,Q1 2025
Berewick Pointe Apartments,2025-03-01,1.399550761285616,0.9163636363636364,1.2824974248871825,1.0,2025-03,Q1 2025
Berewick Pointe Apartments,2025-03-02,1.399550761285616,0.9163636363636364,1.2824974248871825,1.0,2025-03,Q1 2025
Berewick Pointe Apartments,2025-03-03,1.399550761285616,0.9163636363636364,1.2824974248871825,1.0,2025-03,Q1 2025
Berewick Pointe Apartments,2025-03-04,1.399550761285616,0.9163636363636364,1.2824974248871825,1.0,2025-03,Q1 2025
Berewick Pointe Apartments,2025-03-05,1.399550761285616,0.9054545454545455,1.2672295984004305,1.0,2025-03,Q1 2025
Berewick Pointe Apartments,2025-03-06,1.3994319341145243,0.8981818181818182,1.2569443190046818,1.0,2025-03,Q1 2025
Berewick Pointe Apartments,2025-03-07,1.3973833943488254,0.9018181818181819,1.2601857519945772,1.0,2025-03,Q1 2025
Berewick Pointe Apartments,2025-03-08,1.3973833943488254,0.9090909090909091,1.270348540317114,1.0,2025-03,Q1 2025
Berewick Pointe Apartments,2025-03-09,1.3973833943488254,0.9090909090909091,1.270348540317114,1.0,2025-03,Q1 2025
Berewick Pointe Apartments,2025-03-10,1.3973833943488254,0.9090909090909091,1.270348540317114,1.0,2025-03,Q1 2025
Berewick Pointe Apartments,2025-03-11,1.3973833943488254,0.9054545454545455,1.2652671461558456,1.0,2025-03,Q1 2025
Berewick Pointe Apartments,2025-03-12,1.3947417005619687,0.9018181818181819,1.2578034245067935,1.0,2025-03,Q1 2025
Berewick Pointe Apartments,2025-03-13,1.393893893325419,0.9054545454545455,1.262107561592834,1.0,2025-03,Q1 2025
Berewick Pointe Apartments,2025-03-14,1.393893893325419,0.9054545454545455,1.262107561592834,1.0,2025-03,Q1 2025
Berewick Pointe Apartments,2025-03-15,1.393893893325419,0.9054545454545455,1.262107561592834,1.0,2025-03,Q1 2025
Berewick Pointe Apartments,2025-03-16,1.393893893325419,0.9054545454545455,1.262107561592834,1.0,2025-03,Q1 2025
Berewick Pointe Apartments,2025-03-17,1.393893893325419,0.9054545454545455,1.262107561592834,1.0,2025-03,Q1 2025
Berewick Pointe Apartments,2025-03-18,1.393893893325419,0.9018181818181819,1.257038856526196,1.0,2025-03,Q1 2025
Berewick Pointe Apartments,2025-03-19,1.393893893325419,0.8981818181818182,1.2519701514595583,1.0,2025-03,Q1 2025
Berewick Pointe Apartments,2025-03-20,1.3945998692244344,0.8981818181818182,1.2526042461761284,1.0,2025-03,Q1 2025
Berewick Pointe Apartments,2025-03-21,1.3985388864031283,0.9018181818181819,1.261227795738094,1.0,2025-03,Q1 2025
Berewick Pointe Apartments,2025-03-22,1.3985388864031283,0.9054545454545455,1.2663133916886509,1.0,2025-03,Q1 2025
Berewick Pointe Apartments,2025-03-23,1.3990808297423403,0.9054545454545455,1.266804096748519,1.0,2025-03,Q1 2025
Berewick Pointe Apartments,2025-03-24,1.4009945744608188,0.9090909090909091,1.273631431328017,1.0,2025-03,Q1 2025
Berewick Pointe Apartments,2025-03-25,1.4009945744608188,0.9054545454545455,1.2685369056027052,1.0,2025-03,Q1 2025
Berewick Pointe Apartments,2025-03-26,1.4009945744608188,0.9090909090909091,1.273631431328017,1.0,2025-03,Q1 2025
Berewick Pointe Apartments,2025-03-27,1.401721769627028,0.9018181818181819,1.2640981777000109,1.0,2025-03,Q1 2025
Berewick Pointe Apartments,2025-03-28,1.401721769627028,0.9090909090909091,1.2742925178427529,1.0,2025-03,Q1 2025
Berewick Pointe Apartments,2025-03-29,1.401721769627028,0.9090909090909091,1.2742925178427529,1.0,2025-03,Q1 2025
Berewick Pointe Apartments,2025-03-30,1.401721769627028,0.9090909090909091,1.2742925178427529,1.0,2025-03,Q1 2025
Berewick Pointe Apartments,2025-03-31,1.401721769627028,0.9090909090909091,1.2742925178427529,1.0,2025-03,Q1 2025
Berewick Pointe Apartments,2025-04-01,1.401721769627028,0.9054545454545455,1.269195347771382,1.0,2025-04,Q2 2025
Berewick Pointe Apartments,2025-04-02,1.401721769627028,0.9054545454545455,1.269195347771382,1.0,2025-04,Q2 2025
Berewick Pointe Apartments,2025-04-03,1.4037402362253113,0.9054545454545455,1.2710229775276456,1.0,2025-04,Q2 2025
Berewick Pointe Apartments,2025-04-04,1.4052102994490638,0.9054545454545455,1.2723540529556978,1.0,2025-04,Q2 2025
Berewick Pointe Apartments,2025-04-05,1.4052102994490638,0.9054545454545455,1.2723540529556978,1.0,2025-04,Q2 2025
Berewick Pointe Apartments,2025-04-06,1.4052102994490638,0.9054545454545455,1.2723540529556978,1.0,2025-04,Q2 2025
Berewick Pointe Apartments,2025-04-07,1.4052102994490638,0.9054545454545455,1.2723540529556978,1.0,2025-04,Q2 2025
Berewick Pointe Apartments,2025-04-08,1.4052102994490638,0.8981818181818182,1.2621343416869772,1.0,2025-04,Q2 2025
Berewick Pointe Apartments,2025-04-09,1.404394272892642,0.8981818181818182,1.2614014014708457,1.0,2025-04,Q2 2025
Berewick Pointe Apartments,2025-04-10,1.404394272892642,0.9018181818181819,1.26650828973591,1.0,2025-04,Q2 2025
Berewick Pointe Apartments,2025-04-11,1.404394272892642,0.9018181818181819,1.26650828973591,1.0,2025-04,Q2 2025
Berewick Pointe Apartments,2025-04-12,1.404394272892642,0.8981818181818182,1.2614014014708457,1.0,2025-04,Q2 2025
Berewick Pointe Apartments,2025-04-13,1.404394272892642,0.8981818181818182,1.2614014014708457,1.0,2025-04,Q2 2025
Berewick Pointe Apartments,2025-04-14,1.404394272892642,0.8981818181818182,1.2614014014708457,1.0,2025-04,Q2 2025
Berewick Pointe Apartments,2025-04-15,1.404394272892642,0.8981818181818182,1.2614014014708457,1.0,2025-04,Q2 2025
Berewick Pointe Apartments,2025-04-16,1.4030898486835777,0.8981818181818182,1.260229791363068,1.0,2025-04,Q2 2025
Berewick Pointe Apartments,2025-04-17,1.4042018703709591,0.9018181818181819,1.2663347776436287,1.0,2025-04,Q2 2025
Berewick Pointe Apartments,2025-04-18,1.4042018703709591,0.9054545454545455,1.2714409662631594,1.0,2025-04,Q2 2025
Berewick Pointe Apartments,2025-04-19,1.4042018703709591,0.9054545454545455,1.2714409662631594,1.0,2025-04,Q2 2025
Berewick Pointe Apartments,2025-04-20,1.4042018703709591,0.9054545454545455,1.2714409662631594,1.0,2025-04,Q2 2025
Berewick Pointe Apartments,2025-04-21,1.4042018703709591,0.9054545454545455,1.2714409662631594,1.0,2025-04,Q2 2025
Berewick Pointe Apartments,2025-04-22,1.4034062260693851,0.9054545454545455,1.2707205465137343,1.0,2025-04,Q2 2025
Berewick Pointe Apartments,2025-04-23,1.403889642406712,0.9090909090909091,1.276263311278829,1.0,2025-04,Q2 2025
Berewick Pointe Apartments,2025-04-24,1.403889642406712,0.9163636363636364,1.2864734177690598,1.0,2025-04,Q2 2025
Berewick Pointe Apartments,2025-04-25,1.4045307734189971,0.9127272727272727,1.2819535422842483,1.0,2025-04,Q2 2025
Berewick Pointe Apartments,2025-04-26,1.4045307734189971,0.92,1.2921683115454774,1.0,2025-04,Q2 2025
Berewick Pointe Apartments,2025-04-27,1.4216861466366115,0.92,1.3079512549056826,1.0,2025-04,Q2 2025
Indigo at Berewick,2023-11-07,1.429986335222629,0.8849557522123894,1.2654746329403797,1.0,2023-11,Q4 2023
Indigo at Berewick,2023-11-08,1.429986335222629,0.8893805309734513,1.2718020061050814,1.0,2023-11,Q4 2023
Indigo at Berewick,2023-11-09,1.4277891298587508,0.8849557522123894,1.263530203414824,1.0,2023-11,Q4 2023
Indigo at Berewick,2023-11-10,1.4277891298587508,0.8893805309734513,1.2698478544318978,1.0,2023-11,Q4 2023
Indigo at Berewick,2023-11-11,1.4258689402904625,0.8893805309734513,1.268140075214084,1.0,2023-11,Q4 2023
Indigo at Berewick,2023-11-12,1.4258689402904625,0.8849557522123894,1.2618309206110288,1.0,2023-11,Q4 2023
Indigo at Berewick,2023-11-13,1.4258689402904625,0.8849557522123894,1.2618309206110288,1.0,2023-11,Q4 2023
Indigo at Berewick,2023-11-14,1.4232417164328717,0.8849557522123894,1.2595059437459042,1.0,2023-11,Q4 2023
Indigo at Berewick,2023-11-15,1.4232417164328717,0.8893805309734513,1.2658034734646335,1.0,2023-11,Q4 2023
Indigo at Berewick,2023-11-16,1.4205446062135227,0.8893805309734513,1.2634047161456552,1.0,2023-11,Q4 2023
Indigo at Berewick,2023-11-17,1.4205446062135227,0.8982300884955752,1.2759759073510846,1.0,2023-11,Q4 2023
Indigo at Berewick,2023-11-18,1.4260584660723783,0.8982300884955752,1.2809286221800567,1.0,2023-11,Q4 2023
Indigo at Berewick,2023-11-19,1.4260584660723783,0.9070796460176991,1.293548608605476,1.0,2023-11,Q4 2023
Indigo at Berewick,2023-11-20,1.4258967741698463,0.8982300884955752,1.280783385648136,1.0,2023-11,Q4 2023
Indigo at Berewick,2023-11-21,1.4246688446521647,0.9026548672566371,1.2859842668541663,1.0,2023-11,Q4 2023
Indigo at Berewick,2023-11-22,1.4244056402697742,0.9070796460176991,1.292049363961521,1.0,2023-11,Q4 2023
Indigo at Berewick,2023-11-23,1.4244056402697742,0.911504424778761,1.2983520437857234,1.0,2023-11,Q4 2023
Indigo at Berewick,2023-11-24,1.4244056402697742,0.911504424778761,1.2983520437857234,1.0,2023-11,Q4 2023
Indigo at Berewick,2023-11-25,1.4244056402697742,0.911504424778761,1.2983520437857234,1.0,2023-11,Q4 2023
Indigo at Berewick,2023-11-26,1.4244056402697742,0.911504424778761,1.2983520437857234,1.0,2023-11,Q4 2023
Indigo at Berewick,2023-11-27,1.4244056402697742,0.9070796460176991,1.292049363961521,1.0,2023-11,Q4 2023
Indigo at Berewick,2023-11-28,1.4244056402697742,0.9070796460176991,1.292049363961521,1.0,2023-11,Q4 2023
Indigo at Berewick,2023-11-29,1.4244056402697742,0.9070796460176991,1.292049363961521,1.0,2023-11,Q4 2023
Indigo at Berewick,2023-11-30,1.4244056402697742,0.9026548672566371,1.2857466841373182,1.0,2023-11,Q4 2023
Indigo at Berewick,2023-12-01,1.4244056402697742,0.9026548672566371,1.2857466841373182,1.0,2023-12,Q4 2023
Indigo at Berewick,2023-12-02,1.4244056402697742,0.8982300884955752,1.2794440043131157,1.0,2023-12,Q4 2023
Indigo at Berewick,2023-12-03,1.4244056402697742,0.8982300884955752,1.2794440043131157,1.0,2023-12,Q4 2023
Indigo at Berewick,2023-12-04,1.4244056402697742,0.8982300884955752,1.2794440043131157,1.0,2023-12,Q4 2023
Indigo at Berewick,2023-12-05,1.4244056402697742,0.8982300884955752,1.2794440043131157,1.0,2023-12,Q4 2023
Indigo at Berewick,2023-12-06,1.4244056402697742,0.8938053097345133,1.2731413244889134,1.0,2023-12,Q4 2023
Indigo at Berewick,2023-12-07,1.4244056402697742,0.8938053097345133,1.2731413244889134,1.0,2023-12,Q4 2023
Indigo at Berewick,2023-12-08,1.4244056402697742,0.8938053097345133,1.2731413244889134,1.0,2023-12,Q4 2023
Indigo at Berewick,2023-12-09,1.4244056402697742,0.8938053097345133,1.2731413244889134,1.0,2023-12,Q4 2023
Indigo at Berewick,2023-12-10,1.4244056402697742,0.8938053097345133,1.2731413244889134,1.0,2023-12,Q4 2023
Indigo at Berewick,2023-12-11,1.4244056402697742,0.8938053097345133,1.2731413244889134,1.0,2023-12,Q4 2023
Indigo at Berewick,2023-12-12,1.4244056402697742,0.8938053097345133,1.2731413244889134,1.0,2023-12,Q4 2023
Indigo at Berewick,2023-12-13,1.4120188700686513,0.8938053097345133,1.2620699635126884,1.0,2023-12,Q4 2023
Indigo at Berewick,2023-12-14,1.4121680829825065,0.9026548672566371,1.274700393488634,1.0,2023-12,Q4 2023
Indigo at Berewick,2023-12-15,1.411599610290162,0.9070796460176991,1.2804332748207221,1.0,2023-12,Q4 2023
Indigo at Berewick,2023-12-16,1.411599610290162,0.911504424778761,1.2866792907954574,1.0,2023-12,Q4 2023
Indigo at Berewick,2023-12-17,1.411599610290162,0.911504424778761,1.2866792907954574,1.0,2023-12,Q4 2023
Indigo at Berewick,2023-12-18,1.411599610290162,0.911504424778761,1.2866792907954574,1.0,2023-12,Q4 2023
Indigo at Berewick,2023-12-19,1.412736966838674,0.911504424778761,1.287715996321977,1.0,2023-12,Q4 2023
Indigo at Berewick,2023-12-20,1.412736966838674,0.915929203539823,1.293967044847812,1.0,2023-12,Q4 2023
Indigo at Berewick,2023-12-21,1.412736966838674,0.915929203539823,1.293967044847812,1.0,2023-12,Q4 2023
Indigo at Berewick,2023-12-22,1.412736966838674,0.9070796460176991,1.2814649477961424,1.0,2023-12,Q4 2023
Indigo at Berewick,2023-12-23,1.412736966838674,0.9026548672566371,1.2752138992703075,1.0,2023-12,Q4 2023
Indigo at Berewick,2023-12-24,1.4149216287779818,0.9026548672566371,1.2771858950031338,1.0,2023-12,Q4 2023
Indigo at Berewick,2023-12-25,1.4149216287779818,0.9070796460176991,1.283446610174718,1.0,2023-12,Q4 2023
Indigo at Berewick,2023-12-26,1.4149216287779818,0.9070796460176991,1.283446610174718,1.0,2023-12,Q4 2023
Indigo at Berewick,2023-12-27,1.4149216287779818,0.9070796460176991,1.283446610174718,1.0,2023-12,Q4 2023
Indigo at Berewick,2023-12-28,1.4149216287779818,0.9070796460176991,1.283446610174718,1.0,2023-12,Q4 2023
Indigo at Berewick,2023-12-29,1.4149216287779818,0.9070796460176991,1.283446610174718,1.0,2023-12,Q4 2023
Indigo at Berewick,2023-12-30,1.4149216287779818,0.9070796460176991,1.283446610174718,1.0,2023-12,Q4 2023
Indigo at Berewick,2023-12-31,1.4136742010007546,0.9026548672566371,1.2760598982484688,1.0,2023-12,Q4 2023
Indigo at Berewick,2024-01-01,1.4136742010007546,0.9070796460176991,1.282315093828118,1.0,2024-01,Q1 2024
Indigo at Berewick,2024-01-02,1.4136742010007546,0.9070796460176991,1.282315093828118,1.0,2024-01,Q1 2024
Indigo at Berewick,2024-01-03,1.4136742010007546,0.9070796460176991,1.282315093828118,1.0,2024-01,Q1 2024
Indigo at Berewick,2024-01-04,1.4136742010007546,0.9070796460176991,1.282315093828118,1.0,2024-01,Q1 2024
Indigo at Berewick,2024-01-05,1.4136742010007546,0.9070796460176991,1.282315093828118,1.0,2024-01,Q1 2024
Indigo at Berewick,2024-01-06,1.4136742010007546,0.9070796460176991,1.282315093828118,1.0,2024-01,Q1 2024
Indigo at Berewick,2024-01-07,1.4136742010007546,0.8982300884955752,1.2698047026688193,1.0,2024-01,Q1 2024
Indigo at Berewick,2024-01-08,1.4136742010007546,0.8982300884955752,1.2698047026688193,1.0,2024-01,Q1 2024
Indigo at Berewick,2024-01-09,1.4136742010007546,0.8982300884955752,1.2698047026688193,1.0,2024-01,Q1 2024
Indigo at Berewick,2024-01-10,1.4136742010007546,0.8982300884955752,1.2698047026688193,1.0,2024-01,Q1 2024
Indigo at Berewick,2024-01-11,1.4136742010007546,0.8938053097345133,1.26354950708917,1.0,2024-01,Q1 2024
Indigo at Berewick,2024-01-12,1.4042248154630688,0.8938053097345133,1.255103596121858,1.0,2024-01,Q1 2024
Indigo at Berewick,2024-01-13,1.4042248154630688,0.8982300884955752,1.261316980261075,1.0,2024-01,Q1 2024
Indigo at Berewick,2024-01-14,1.4042248154630688,0.8893805309734513,1.2488902119826406,1.0,2024-01,Q1 2024
Indigo at Berewick,2024-01-15,1.4042248154630688,0.8893805309734513,1.2488902119826406,1.0,2024-01,Q1 2024
Indigo at Berewick,2024-01-16,1.4042248154630688,0.8893805309734513,1.2488902119826406,1.0,2024-01,Q1 2024
Indigo at Berewick,2024-01-17,1.4042248154630688,0.8893805309734513,1.2488902119826406,1.0,2024-01,Q1 2024
Indigo at Berewick,2024-01-18,1.4058056378768742,0.8893805309734513,1.2502961646604056,1.0,2024-01,Q1 2024
Indigo at Berewick,2024-01-19,1.4058056378768742,0.8938053097345133,1.2565165435890646,1.0,2024-01,Q1 2024
Indigo at Berewick,2024-01-20,1.4060075316408354,0.8938053097345133,1.2566969973072954,1.0,2024-01,Q1 2024
Indigo at Berewick,2024-01-21,1.4060075316408354,0.8982300884955752,1.2629182695711927,1.0,2024-01,Q1 2024
Indigo at Berewick,2024-01-22,1.4060075316408354,0.8982300884955752,1.2629182695711927,1.0,2024-01,Q1 2024
Indigo at Berewick,2024-01-23,1.4060075316408354,0.8982300884955752,1.2629182695711927,1.0,2024-01,Q1 2024
Indigo at Berewick,2024-01-24,1.4060075316408354,0.8982300884955752,1.2629182695711927,1.0,2024-01,Q1 2024
Indigo at Berewick,2024-01-25,1.4063645607443291,0.8982300884955752,1.2632389638544195,1.0,2024-01,Q1 2024
Indigo at Berewick,2024-01-26,1.4063645607443291,0.9026548672566371,1.2694618158931112,1.0,2024-01,Q1 2024
Indigo at Berewick,2024-01-27,1.4063645607443291,0.9026548672566371,1.2694618158931112,1.0,2024-01,Q1 2024
Indigo at Berewick,2024-01-28,1.4063645607443291,0.9026548672566371,1.2694618158931112,1.0,2024-01,Q1 2024
Indigo at Berewick,2024-01-29,1.4063645607443291,0.9026548672566371,1.2694618158931112,1.0,2024-01,Q1 2024
Indigo at Berewick,2024-01-30,1.4063645607443291,0.9026548672566371,1.2694618158931112,1.0,2024-01,Q1 2024
Indigo at Berewick,2024-01-31,1.4063645607443291,0.9026548672566371,1.2694618158931112,1.0,2024-01,Q1 2024
Indigo at Berewick,2024-02-01,1.4063645607443291,0.8982300884955752,1.2632389638544195,1.0,2024-02,Q1 2024
Indigo at Berewick,2024-02-02,1.4063645607443291,0.8938053097345133,1.257016111815728,1.0,2024-02,Q1 2024
Indigo at Berewick,2024-02-03,1.4063645607443291,0.8893805309734513,1.250793259777036,1.0,2024-02,Q1 2024
Indigo at Berewick,2024-02-04,1.4063645607443291,0.8893805309734513,1.250793259777036,1.0,2024-02,Q1 2024
Indigo at Berewick,2024-02-05,1.4063645607443291,0.8849557522123894,1.2445704077383444,1.0,2024-02,Q1 2024
Indigo at Berewick,2024-02-06,1.4063645607443291,0.8849557522123894,1.2445704077383444,1.0,2024-02,Q1 2024
Indigo at Berewick,2024-02-07,1.4063645607443291,0.8849557522123894,1.2445704077383444,1.0,2024-02,Q1 2024
Indigo at Berewick,2024-02-08,1.4063645607443291,0.8849557522123894,1.2445704077383444,1.0,2024-02,Q1 2024
Indigo at Berewick,2024-02-09,1.4063645607443291,0.8805309734513275,1.2383475556996526,1.0,2024-02,Q1 2024
Indigo at Berewick,2024-02-10,1.40532341997013,0.8805309734513275,1.2374307990002473,1.0,2024-02,Q1 2024
Indigo at Berewick,2024-02-11,1.394600658964753,0.8849557522123894,1.234159875190047,1.0,2024-02,Q1 2024
Indigo at Berewick,2024-02-12,1.394600658964753,0.8938053097345133,1.2465014739419475,1.0,2024-02,Q1 2024
Indigo at Berewick,2024-02-13,1.394600658964753,0.8938053097345133,1.2465014739419475,1.0,2024-02,Q1 2024
Indigo at Berewick,2024-02-14,1.394600658964753,0.8938053097345133,1.2465014739419475,1.0,2024-02,Q1 2024
Indigo at Berewick,2024-02-15,1.394600658964753,0.8938053097345133,1.2465014739419475,1.0,2024-02,Q1 2024
Indigo at Berewick,2024-02-16,1.394600658964753,0.8938053097345133,1.2465014739419475,1.0,2024-02,Q1 2024
Indigo at Berewick,2024-02-17,1.394600658964753,0.8938053097345133,1.2465014739419475,1.0,2024-02,Q1 2024
Indigo at Berewick,2024-02-18,1.394600658964753,0.8938053097345133,1.2465014739419475,1.0,2024-02,Q1 2024
Indigo at Berewick,2024-02-19,1.394600658964753,0.8938053097345133,1.2465014739419475,1.0,2024-02,Q1 2024
Indigo at Berewick,2024-02-20,1.394600658964753,0.8938053097345133,1.2465014739419475,1.0,2024-02,Q1 2024
Indigo at Berewick,2024-02-21,1.394600658964753,0.8938053097345133,1.2465014739419475,1.0,2024-02,Q1 2024
Indigo at Berewick,2024-02-22,1.394600658964753,0.8893805309734513,1.240330674565997,1.0,2024-02,Q1 2024
Indigo at Berewick,2024-02-23,1.394600658964753,0.8893805309734513,1.240330674565997,1.0,2024-02,Q1 2024
Indigo at Berewick,2024-02-24,1.394600658964753,0.8893805309734513,1.240330674565997,1.0,2024-02,Q1 2024
Indigo at Berewick,2024-02-25,1.394600658964753,0.8893805309734513,1.240330674565997,1.0,2024-02,Q1 2024
Indigo at Berewick,2024-02-26,1.394600658964753,0.8893805309734513,1.240330674565997,1.0,2024-02,Q1 2024
Indigo at Berewick,2024-02-27,1.394600658964753,0.8893805309734513,1.240330674565997,1.0,2024-02,Q1 2024
Indigo at Berewick,2024-02-28,1.394600658964753,0.8849557522123894,1.234159875190047,1.0,2024-02,Q1 2024
Indigo at Berewick,2024-02-29,1.3943023393082228,0.8849557522123894,1.2338958754940026,1.0,2024-02,Q1 2024
Indigo at Berewick,2024-03-01,1.3943023393082228,0.8938053097345133,1.2462348342489427,1.0,2024-03,Q1 2024
Indigo at Berewick,2024-03-02,1.3943023393082228,0.8893805309734513,1.2400653548714724,1.0,2024-03,Q1 2024
Indigo at Berewick,2024-03-03,1.3943023393082228,0.8893805309734513,1.2400653548714724,1.0,2024-03,Q1 2024
Indigo at Berewick,2024-03-04,1.3943023393082228,0.8893805309734513,1.2400653548714724,1.0,2024-03,Q1 2024
Indigo at Berewick,2024-03-05,1.3943023393082228,0.8893805309734513,1.2400653548714724,1.0,2024-03,Q1 2024
Indigo at Berewick,2024-03-06,1.3943023393082228,0.8893805309734513,1.2400653548714724,1.0,2024-03,Q1 2024
Indigo at Berewick,2024-03-07,1.395710785159252,0.8805309734513275,1.2289665763127928,1.0,2024-03,Q1 2024
Indigo at Berewick,2024-03-08,1.395710785159252,0.8805309734513275,1.2289665763127928,1.0,2024-03,Q1 2024
Indigo at Berewick,2024-03-09,1.39384272735904,0.8672566371681416,1.2088193564706717,1.0,2024-03,Q1 2024
Indigo at Berewick,2024-03-10,1.394277285807433,0.8761061946902655,1.2215349672118219,1.0,2024-03,Q1 2024
Indigo at Berewick,2024-03-11,1.394277285807433,0.8761061946902655,1.2215349672118219,1.0,2024-03,Q1 2024
Indigo at Berewick,2024-03-12,1.3956180595165069,0.8761061946902655,1.2227096273640192,1.0,2024-03,Q1 2024
Indigo at Berewick,2024-03-13,1.3867486037064631,0.8805309734513275,1.221075097953921,1.0,2024-03,Q1 2024
Indigo at Berewick,2024-03-14,1.3867486037064631,0.8849557522123894,1.2272111537225339,1.0,2024-03,Q1 2024
Indigo at Berewick,2024-03-15,1.3867486037064631,0.8805309734513275,1.221075097953921,1.0,2024-03,Q1 2024
Indigo at Berewick,2024-03-16,1.387721291947384,0.8805309734513275,1.2219315800775639,1.0,2024-03,Q1 2024
Indigo at Berewick,2024-03-17,1.387721291947384,0.8849557522123894,1.2280719397764461,1.0,2024-03,Q1 2024
Indigo at Berewick,2024-03-18,1.387721291947384,0.8849557522123894,1.2280719397764461,1.0,2024-03,Q1 2024
Indigo at Berewick,2024-03-19,1.387721291947384,0.8849557522123894,1.2280719397764461,1.0,2024-03,Q1 2024
Indigo at Berewick,2024-03-20,1.3886749963591032,0.8849557522123894,1.2289159259815072,1.0,2024-03,Q1 2024
Indigo at Berewick,2024-03-21,1.3896406817426645,0.8893805309734513,1.2359193673905997,1.0,2024-03,Q1 2024
Indigo at Berewick,2024-03-22,1.3896406817426645,0.8849557522123894,1.2297705148165174,1.0,2024-03,Q1 2024
Indigo at Berewick,2024-03-23,1.3896406817426645,0.8805309734513275,1.2236216622424347,1.0,2024-03,Q1 2024
Indigo at Berewick,2024-03-24,1.390437264270881,0.8805309734513275,1.2243230778314396,1.0,2024-03,Q1 2024
Indigo at Berewick,2024-03-25,1.390437264270881,0.8805309734513275,1.2243230778314396,1.0,2024-03,Q1 2024
Indigo at Berewick,2024-03-26,1.390437264270881,0.8805309734513275,1.2243230778314396,1.0,2024-03,Q1 2024
Indigo at Berewick,2024-03-27,1.390437264270881,0.8805309734513275,1.2243230778314396,1.0,2024-03,Q1 2024
Indigo at Berewick,2024-03-28,1.390437264270881,0.8805309734513275,1.2243230778314396,1.0,2024-03,Q1 2024
Indigo at Berewick,2024-03-29,1.390437264270881,0.8805309734513275,1.2243230778314396,1.0,2024-03,Q1 2024
Indigo at Berewick,2024-03-30,1.3851532266909419,0.8805309734513275,1.2196703190774223,1.0,2024-03,Q1 2024
Indigo at Berewick,2024-03-31,1.3851532266909419,0.8849557522123894,1.2257993156557008,1.0,2024-03,Q1 2024
Indigo at Berewick,2024-04-01,1.3848474358396925,0.8849557522123894,1.2255287042829137,1.0,2024-04,Q2 2024
Indigo at Berewick,2024-04-02,1.3848474358396925,0.8893805309734513,1.231656347804328,1.0,2024-04,Q2 2024
Indigo at Berewick,2024-04-03,1.3848474358396925,0.8893805309734513,1.231656347804328,1.0,2024-04,Q2 2024
Indigo at Berewick,2024-04-04,1.3848474358396925,0.8805309734513275,1.2194010607614991,1.0,2024-04,Q2 2024
Indigo at Berewick,2024-04-05,1.3848474358396925,0.8716814159292036,1.20714577371867,1.0,2024-04,Q2 2024
Indigo at Berewick,2024-04-06,1.386038696123208,0.8672566371681416,1.2020512585847292,1.0,2024-04,Q2 2024
Indigo at Berewick,2024-04-07,1.386260580292944,0.8628318584070797,1.1961097927306374,1.0,2024-04,Q2 2024
Indigo at Berewick,2024-04-08,1.386260580292944,0.8672566371681416,1.2022436891036152,1.0,2024-04,Q2 2024
Indigo at Berewick,2024-04-09,1.386260580292944,0.8672566371681416,1.2022436891036152,1.0,2024-04,Q2 2024
Indigo at Berewick,2024-04-10,1.386260580292944,0.8672566371681416,1.2022436891036152,1.0,2024-04,Q2 2024
Indigo at Berewick,2024-04-11,1.386260580292944,0.8672566371681416,1.2022436891036152,1.0,2024-04,Q2 2024
Indigo at Berewick,2024-04-12,1.386200394883457,0.8628318584070797,1.1960578628419207,1.0,2024-04,Q2 2024
Indigo at Berewick,2024-04-13,1.386200394883457,0.8628318584070797,1.1960578628419207,1.0,2024-04,Q2 2024
Indigo at Berewick,2024-04-14,1.3876485238643355,0.8628318584070797,1.1973073546617055,1.0,2024-04,Q2 2024
Indigo at Berewick,2024-04-15,1.3876485238643355,0.8628318584070797,1.1973073546617055,1.0,2024-04,Q2 2024
Indigo at Berewick,2024-04-16,1.3876485238643355,0.8628318584070797,1.1973073546617055,1.0,2024-04,Q2 2024
Indigo at Berewick,2024-04-17,1.3876485238643355,0.8628318584070797,1.1973073546617055,1.0,2024-04,Q2 2024
Indigo at Berewick,2024-04-18,1.3839106568710613,0.8628318584070797,1.1940822039374202,1.0,2024-04,Q2 2024
Indigo at Berewick,2024-04-19,1.3839106568710613,0.8628318584070797,1.1940822039374202,1.0,2024-04,Q2 2024
Indigo at Berewick,2024-04-20,1.3838147266708694,0.8584070796460177,1.1878763582926932,1.0,2024-04,Q2 2024
Indigo at Berewick,2024-04-21,1.3836095626011842,0.8628318584070797,1.1938224102089863,1.0,2024-04,Q2 2024
Indigo at Berewick,2024-04-22,1.38271996810136,0.8672566371681416,1.1991730696808256,1.0,2024-04,Q2 2024
Indigo at Berewick,2024-04-23,1.3825354710552038,0.8716814159292036,1.2051304769817486,1.0,2024-04,Q2 2024
Indigo at Berewick,2024-04-24,1.3825354710552038,0.8716814159292036,1.2051304769817486,1.0,2024-04,Q2 2024
Indigo at Berewick,2024-04-25,1.3825354710552038,0.8716814159292036,1.2051304769817486,1.0,2024-04,Q2 2024
Indigo at Berewick,2024-04-26,1.381630645678214,0.8716814159292036,1.2043417575159652,1.0,2024-04,Q2 2024
Indigo at Berewick,2024-04-27,1.381692602644628,0.8761061946902655,1.210509448334674,1.0,2024-04,Q2 2024
Indigo at Berewick,2024-04-28,1.3815683557339546,0.8761061946902655,1.2104005948465622,1.0,2024-04,Q2 2024
Indigo at Berewick,2024-04-29,1.3815683557339546,0.8805309734513275,1.216513729163969,1.0,2024-04,Q2 2024
Indigo at Berewick,2024-04-30,1.3816297990675894,0.8805309734513275,1.2165678319223465,1.0,2024-04,Q2 2024
Indigo at Berewick,2024-05-01,1.3822418626044926,0.8805309734513275,1.21710677282431,1.0,2024-05,Q2 2024
Indigo at Berewick,2024-05-02,1.3831464374533229,0.8849557522123894,1.224023395976392,1.0,2024-05,Q2 2024
Indigo at Berewick,2024-05-03,1.3831464374533229,0.8893805309734513,1.2301435129562739,1.0,2024-05,Q2 2024
Indigo at Berewick,2024-05-04,1.3831464374533229,0.8849557522123894,1.224023395976392,1.0,2024-05,Q2 2024
Indigo at Berewick,2024-05-05,1.3821098274057348,0.8849557522123894,1.2231060419519777,1.0,2024-05,Q2 2024
Indigo at Berewick,2024-05-06,1.382571925668009,0.8849557522123894,1.2235149784672645,1.0,2024-05,Q2 2024
Indigo at Berewick,2024-05-07,1.3776026018817182,0.8982300884955752,1.2374041069999504,1.0,2024-05,Q2 2024
Indigo at Berewick,2024-05-08,1.3776026018817182,0.9070796460176991,1.2495952804679302,1.0,2024-05,Q2 2024
Indigo at Berewick,2024-05-09,1.3776026018817182,0.9070796460176991,1.2495952804679302,1.0,2024-05,Q2 2024
Indigo at Berewick,2024-05-10,1.3776026018817182,0.9070796460176991,1.2495952804679302,1.0,2024-05,Q2 2024
Indigo at Berewick,2024-05-11,1.3786133566358039,0.9026548672566371,1.2444120564323184,1.0,2024-05,Q2 2024
Indigo at Berewick,2024-05-12,1.3788963831596932,0.9070796460176991,1.25076884313158,1.0,2024-05,Q2 2024
Indigo at Berewick,2024-05-13,1.3788963831596932,0.911504424778761,1.2568701545614902,1.0,2024-05,Q2 2024
Indigo at Berewick,2024-05-14,1.3788963831596932,0.911504424778761,1.2568701545614902,1.0,2024-05,Q2 2024
Indigo at Berewick,2024-05-15,1.3820265390856958,0.911504424778761,1.259723305538289,1.0,2024-05,Q2 2024
Indigo at Berewick,2024-05-16,1.3820265390856958,0.9203539823008849,1.2719536288930298,1.0,2024-05,Q2 2024
Indigo at Berewick,2024-05-17,1.3820265390856958,0.9203539823008849,1.2719536288930298,1.0,2024-05,Q2 2024
Indigo at Berewick,2024-05-18,1.3820265390856958,0.9203539823008849,1.2719536288930298,1.0,2024-05,Q2 2024
Indigo at Berewick,2024-05-19,1.383525665636954,0.9203539823008849,1.273333355984453,1.0,2024-05,Q2 2024
Indigo at Berewick,2024-05-20,1.383525665636954,0.9247787610619469,1.2794551509651477,1.0,2024-05,Q2 2024
Indigo at Berewick,2024-05-21,1.383525665636954,0.9247787610619469,1.2794551509651477,1.0,2024-05,Q2 2024
Indigo at Berewick,2024-05-22,1.3845425331614847,0.9203539823008849,1.2742692340601274,1.0,2024-05,Q2 2024
Indigo at Berewick,2024-05-23,1.3855504851676481,0.9247787610619469,1.2813276610621172,1.0,2024-05,Q2 2024
Indigo at Berewick,2024-05-24,1.3855504851676481,0.9247787610619469,1.2813276610621172,1.0,2024-05,Q2 2024
Indigo at Berewick,2024-05-25,1.3855504851676481,0.9247787610619469,1.2813276610621172,1.0,2024-05,Q2 2024
Indigo at Berewick,2024-05-26,1.3855504851676481,0.9247787610619469,1.2813276610621172,1.0,2024-05,Q2 2024
Indigo at Berewick,2024-05-27,1.3855504851676481,0.9247787610619469,1.2813276610621172,1.0,2024-05,Q2 2024
Indigo at Berewick,2024-05-28,1.3855504851676481,0.9247787610619469,1.2813276610621172,1.0,2024-05,Q2 2024
Indigo at Berewick,2024-05-29,1.3855504851676481,0.9070796460176991,1.2568046436255216,1.0,2024-05,Q2 2024
Indigo at Berewick,2024-05-30,1.3855504851676481,0.9026548672566371,1.2506738892663727,1.0,2024-05,Q2 2024
Indigo at Berewick,2024-05-31,1.3855504851676481,0.9026548672566371,1.2506738892663727,1.0,2024-05,Q2 2024
Indigo at Berewick,2024-06-01,1.3855504851676481,0.9026548672566371,1.2506738892663727,1.0,2024-06,Q2 2024
Indigo at Berewick,2024-06-02,1.3855504851676481,0.9026548672566371,1.2506738892663727,1.0,2024-06,Q2 2024
Indigo at Berewick,2024-06-03,1.3855504851676481,0.9026548672566371,1.2506738892663727,1.0,2024-06,Q2 2024
Indigo at Berewick,2024-06-04,1.3855504851676481,0.9026548672566371,1.2506738892663727,1.0,2024-06,Q2 2024
Indigo at Berewick,2024-06-05,1.3855504851676481,0.9026548672566371,1.2506738892663727,1.0,2024-06,Q2 2024
Indigo at Berewick,2024-06-06,1.383074288094969,0.9026548672566371,1.2484387379264321,1.0,2024-06,Q2 2024
Indigo at Berewick,2024-06-07,1.3834622999118626,0.9026548672566371,1.2487889786815043,1.0,2024-06,Q2 2024
Indigo at Berewick,2024-06-08,1.3834622999118626,0.9070796460176991,1.2549104932828843,1.0,2024-06,Q2 2024
Indigo at Berewick,2024-06-09,1.3834275620585703,0.9070796460176991,1.2548789832832163,1.0,2024-06,Q2 2024
Indigo at Berewick,2024-06-10,1.3834275620585703,0.911504424778761,1.2610003441772808,1.0,2024-06,Q2 2024
Indigo at Berewick,2024-06-11,1.3834275620585703,0.911504424778761,1.2610003441772808,1.0,2024-06,Q2 2024
Indigo at Berewick,2024-06-12,1.3786041991262592,0.911504424778761,1.2566038275221654,1.0,2024-06,Q2 2024
Indigo at Berewick,2024-06-13,1.3786041991262592,0.915929203539823,1.26270384610237,1.0,2024-06,Q2 2024
Indigo at Berewick,2024-06-14,1.379066036288658,0.915929203539823,1.263126856246691,1.0,2024-06,Q2 2024
Indigo at Berewick,2024-06-15,1.379066036288658,0.9203539823008849,1.2692289183541632,1.0,2024-06,Q2 2024
Indigo at Berewick,2024-06-16,1.379066036288658,0.9203539823008849,1.2692289183541632,1.0,2024-06,Q2 2024
Indigo at Berewick,2024-06-17,1.379066036288658,0.915929203539823,1.263126856246691,1.0,2024-06,Q2 2024
Indigo at Berewick,2024-06-18,1.380128629691432,0.915929203539823,1.2641001165757806,1.0,2024-06,Q2 2024
Indigo at Berewick,2024-06-19,1.380128629691432,0.9203539823008849,1.2702068804239728,1.0,2024-06,Q2 2024
Indigo at Berewick,2024-06-20,1.380128629691432,0.9203539823008849,1.2702068804239728,1.0,2024-06,Q2 2024
Indigo at Berewick,2024-06-21,1.380128629691432,0.915929203539823,1.2641001165757806,1.0,2024-06,Q2 2024
Indigo at Berewick,2024-06-22,1.380239287232947,0.915929203539823,1.264201471049646,1.0,2024-06,Q2 2024
Indigo at Berewick,2024-06-23,1.380239287232947,0.9203539823008849,1.2703087245329778,1.0,2024-06,Q2 2024
Indigo at Berewick,2024-06-24,1.380239287232947,0.9203539823008849,1.2703087245329778,1.0,2024-06,Q2 2024
Indigo at Berewick,2024-06-25,1.380239287232947,0.9203539823008849,1.2703087245329778,1.0,2024-06,Q2 2024
Indigo at Berewick,2024-06-26,1.3797822098036805,0.9203539823008849,1.2698880515007325,1.0,2024-06,Q2 2024
Indigo at Berewick,2024-06-27,1.3797822098036805,0.9203539823008849,1.2698880515007325,1.0,2024-06,Q2 2024
Indigo at Berewick,2024-06-28,1.3797822098036805,0.915929203539823,1.2637828204839021,1.0,2024-06,Q2 2024
Indigo at Berewick,2024-06-29,1.3797822098036805,0.915929203539823,1.2637828204839021,1.0,2024-06,Q2 2024
Indigo at Berewick,2024-06-30,1.3797822098036805,0.911504424778761,1.2576775894670715,1.0,2024-06,Q2 2024
Indigo at Berewick,2024-07-01,1.380571924513936,0.911504424778761,1.2583974179197823,1.0,2024-07,Q3 2024
Indigo at Berewick,2024-07-02,1.380571924513936,0.911504424778761,1.2583974179197823,1.0,2024-07,Q3 2024
Indigo at Berewick,2024-07-03,1.380571924513936,0.9026548672566371,1.246179967260367,1.0,2024-07,Q3 2024
Indigo at Berewick,2024-07-04,1.380571924513936,0.8982300884955752,1.2400712419306594,1.0,2024-07,Q3 2024
Indigo at Berewick,2024-07-05,1.380571924513936,0.8982300884955752,1.2400712419306594,1.0,2024-07,Q3 2024
Indigo at Berewick,2024-07-06,1.380571924513936,0.8938053097345133,1.2339625166009518,1.0,2024-07,Q3 2024
Indigo at Berewick,2024-07-07,1.380571924513936,0.8938053097345133,1.2339625166009518,1.0,2024-07,Q3 2024
Indigo at Berewick,2024-07-08,1.380571924513936,0.8938053097345133,1.2339625166009518,1.0,2024-07,Q3 2024
Indigo at Berewick,2024-07-09,1.380571924513936,0.8938053097345133,1.2339625166009518,1.0,2024-07,Q3 2024
Indigo at Berewick,2024-07-10,1.3811208166048439,0.8893805309734513,1.2283419652105025,1.0,2024-07,Q3 2024
Indigo at Berewick,2024-07-11,1.3811208166048439,0.8893805309734513,1.2283419652105025,1.0,2024-07,Q3 2024
Indigo at Berewick,2024-07-12,1.3811208166048439,0.8893805309734513,1.2283419652105025,1.0,2024-07,Q3 2024
Indigo at Berewick,2024-07-13,1.3811208166048439,0.8893805309734513,1.2283419652105025,1.0,2024-07,Q3 2024
Indigo at Berewick,2024-07-14,1.3811208166048439,0.8893805309734513,1.2283419652105025,1.0,2024-07,Q3 2024
Indigo at Berewick,2024-07-15,1.3813730888623645,0.8893805309734513,1.2285663312448463,1.0,2024-07,Q3 2024
Indigo at Berewick,2024-07-16,1.383322560744476,0.8938053097345133,1.2364210498689565,1.0,2024-07,Q3 2024
Indigo at Berewick,2024-07-17,1.3840045958614653,0.8893805309734513,1.2309067423369668,1.0,2024-07,Q3 2024
Indigo at Berewick,2024-07-18,1.3855656731800605,0.8893805309734513,1.2322951341114696,1.0,2024-07,Q3 2024
Indigo at Berewick,2024-07-19,1.3855656731800605,0.9026548672566371,1.2506875987997006,1.0,2024-07,Q3 2024
Indigo at Berewick,2024-07-20,1.3855656731800605,0.9026548672566371,1.2506875987997006,1.0,2024-07,Q3 2024
Indigo at Berewick,2024-07-21,1.3855656731800605,0.8938053097345133,1.2384259556742134,1.0,2024-07,Q3 2024
Indigo at Berewick,2024-07-22,1.3855656731800605,0.8938053097345133,1.2384259556742134,1.0,2024-07,Q3 2024
Indigo at Berewick,2024-07-23,1.3855656731800605,0.8938053097345133,1.2384259556742134,1.0,2024-07,Q3 2024
Indigo at Berewick,2024-07-24,1.386938604001169,0.8938053097345133,1.2396530885320185,1.0,2024-07,Q3 2024
Indigo at Berewick,2024-07-25,1.386938604001169,0.911504424778761,1.2642006744435434,1.0,2024-07,Q3 2024
Indigo at Berewick,2024-07-26,1.386938604001169,0.9070796460176991,1.2580637779656623,1.0,2024-07,Q3 2024
Indigo at Berewick,2024-07-27,1.3899476962085948,0.9070796460176991,1.2607932642600086,1.0,2024-07,Q3 2024
Indigo at Berewick,2024-07-28,1.3899476962085948,0.9203539823008849,1.279243897395521,1.0,2024-07,Q3 2024
Indigo at Berewick,2024-07-29,1.3899476962085948,0.9203539823008849,1.279243897395521,1.0,2024-07,Q3 2024
Indigo at Berewick,2024-07-30,1.393459536339652,0.9203539823008849,1.2824760334453433,1.0,2024-07,Q3 2024
Indigo at Berewick,2024-07-31,1.393459536339652,0.9247787610619469,1.2886417836061383,1.0,2024-07,Q3 2024
Indigo at Berewick,2024-08-01,1.393459536339652,0.9247787610619469,1.2886417836061383,1.0,2024-08,Q3 2024
Indigo at Berewick,2024-08-02,1.393459536339652,0.9247787610619469,1.2886417836061383,1.0,2024-08,Q3 2024
Indigo at Berewick,2024-08-03,1.393459536339652,0.9203539823008849,1.2824760334453433,1.0,2024-08,Q3 2024
Indigo at Berewick,2024-08-04,1.393459536339652,0.9203539823008849,1.2824760334453433,1.0,2024-08,Q3 2024
Indigo at Berewick,2024-08-05,1.393459536339652,0.9203539823008849,1.2824760334453433,1.0,2024-08,Q3 2024
Indigo at Berewick,2024-08-06,1.393459536339652,0.915929203539823,1.2763102832845485,1.0,2024-08,Q3 2024
Indigo at Berewick,2024-08-07,1.393459536339652,0.915929203539823,1.2763102832845485,1.0,2024-08,Q3 2024
Indigo at Berewick,2024-08-08,1.393459536339652,0.915929203539823,1.2763102832845485,1.0,2024-08,Q3 2024
Indigo at Berewick,2024-08-09,1.393459536339652,0.915929203539823,1.2763102832845485,1.0,2024-08,Q3 2024
Indigo at Berewick,2024-08-10,1.393459536339652,0.915929203539823,1.2763102832845485,1.0,2024-08,Q3 2024
Indigo at Berewick,2024-08-11,1.3971639602938204,0.915929203539823,1.2797032733664637,1.0,2024-08,Q3 2024
Indigo at Berewick,2024-08-12,1.3971639602938204,0.9203539823008849,1.2858854147836931,1.0,2024-08,Q3 2024
Indigo at Berewick,2024-08-13,1.3971639602938204,0.9203539823008849,1.2858854147836931,1.0,2024-08,Q3 2024
Indigo at Berewick,2024-08-14,1.3971639602938204,0.9203539823008849,1.2858854147836931,1.0,2024-08,Q3 2024
Indigo at Berewick,2024-08-15,1.3971639602938204,0.9203539823008849,1.2858854147836931,1.0,2024-08,Q3 2024
Indigo at Berewick,2024-08-16,1.3986470558097712,0.915929203539823,1.2810616838611621,1.0,2024-08,Q3 2024
Indigo at Berewick,2024-08-17,1.3986470558097712,0.915929203539823,1.2810616838611621,1.0,2024-08,Q3 2024
Indigo at Berewick,2024-08-18,1.3986470558097712,0.915929203539823,1.2810616838611621,1.0,2024-08,Q3 2024
Indigo at Berewick,2024-08-19,1.3986470558097712,0.915929203539823,1.2810616838611621,1.0,2024-08,Q3 2024
Indigo at Berewick,2024-08-20,1.3986470558097712,0.915929203539823,1.2810616838611621,1.0,2024-08,Q3 2024
Indigo at Berewick,2024-08-21,1.3986470558097712,0.915929203539823,1.2810616838611621,1.0,2024-08,Q3 2024
Indigo at Berewick,2024-08-22,1.398869185793147,0.915929203539823,1.281265139199918,1.0,2024-08,Q3 2024
Indigo at Berewick,2024-08-23,1.3930655439769681,0.915929203539823,1.2759494141735948,1.0,2024-08,Q3 2024
Indigo at Berewick,2024-08-24,1.3930655439769681,0.9203539823008849,1.282113421005351,1.0,2024-08,Q3 2024
Indigo at Berewick,2024-08-25,1.3930655439769681,0.9203539823008849,1.282113421005351,1.0,2024-08,Q3 2024
Indigo at Berewick,2024-08-26,1.3930655439769681,0.9203539823008849,1.282113421005351,1.0,2024-08,Q3 2024
Indigo at Berewick,2024-08-27,1.3930655439769681,0.9203539823008849,1.282113421005351,1.0,2024-08,Q3 2024
Indigo at Berewick,2024-08-28,1.3930655439769681,0.9203539823008849,1.282113421005351,1.0,2024-08,Q3 2024
Indigo at Berewick,2024-08-29,1.3930655439769681,0.9203539823008849,1.282113421005351,1.0,2024-08,Q3 2024
Indigo at Berewick,2024-08-30,1.3930655439769681,0.9203539823008849,1.282113421005351,1.0,2024-08,Q3 2024
Indigo at Berewick,2024-08-31,1.3930655439769681,0.9203539823008849,1.282113421005351,1.0,2024-08,Q3 2024
Indigo at Berewick,2024-09-01,1.3930655439769681,0.9203539823008849,1.282113421005351,1.0,2024-09,Q3 2024
Indigo at Berewick,2024-09-02,1.3930655439769681,0.9203539823008849,1.282113421005351,1.0,2024-09,Q3 2024
Indigo at Berewick,2024-09-03,1.3930655439769681,0.9203539823008849,1.282113421005351,1.0,2024-09,Q3 2024
Indigo at Berewick,2024-09-04,1.3949399764603196,0.915929203539823,1.27766626162516,1.0,2024-09,Q3 2024
Indigo at Berewick,2024-09-05,1.3950316352446217,0.9203539823008849,1.2839229209331031,1.0,2024-09,Q3 2024
Indigo at Berewick,2024-09-06,1.3950316352446217,0.9247787610619469,1.2900956272837432,1.0,2024-09,Q3 2024
Indigo at Berewick,2024-09-07,1.3950316352446217,0.9247787610619469,1.2900956272837432,1.0,2024-09,Q3 2024
Indigo at Berewick,2024-09-08,1.3950316352446217,0.9247787610619469,1.2900956272837432,1.0,2024-09,Q3 2024
Indigo at Berewick,2024-09-09,1.3949931249689957,0.9247787610619469,1.2900600137987615,1.0,2024-09,Q3 2024
Indigo at Berewick,2024-09-10,1.3949931249689957,0.9292035398230089,1.2962325497499518,1.0,2024-09,Q3 2024
Indigo at Berewick,2024-09-11,1.3936601714748162,0.9247787610619469,1.288827326717861,1.0,2024-09,Q3 2024
Indigo at Berewick,2024-09-12,1.3936601714748162,0.9336283185840708,1.3011606025716205,1.0,2024-09,Q3 2024
Indigo at Berewick,2024-09-13,1.3936601714748162,0.9336283185840708,1.3011606025716205,1.0,2024-09,Q3 2024
Indigo at Berewick,2024-09-14,1.3936601714748162,0.9292035398230089,1.2949939646447408,1.0,2024-09,Q3 2024
Indigo at Berewick,2024-09-15,1.3936601714748162,0.9292035398230089,1.2949939646447408,1.0,2024-09,Q3 2024
Indigo at Berewick,2024-09-16,1.3936601714748162,0.9292035398230089,1.2949939646447408,1.0,2024-09,Q3 2024
Indigo at Berewick,2024-09-17,1.3936601714748162,0.9292035398230089,1.2949939646447408,1.0,2024-09,Q3 2024
Indigo at Berewick,2024-09-18,1.3936601714748162,0.9292035398230089,1.2949939646447408,1.0,2024-09,Q3 2024
Indigo at Berewick,2024-09-19,1.3936601714748162,0.9292035398230089,1.2949939646447408,1.0,2024-09,Q3 2024
Indigo at Berewick,2024-09-20,1.3936601714748162,0.9292035398230089,1.2949939646447408,1.0,2024-09,Q3 2024
Indigo at Berewick,2024-09-21,1.3936601714748162,0.9247787610619469,1.288827326717861,1.0,2024-09,Q3 2024
Indigo at Berewick,2024-09-22,1.3936601714748162,0.9247787610619469,1.288827326717861,1.0,2024-09,Q3 2024
Indigo at Berewick,2024-09-23,1.3948292843430297,0.9247787610619469,1.2899084974676691,1.0,2024-09,Q3 2024
Indigo at Berewick,2024-09-24,1.3946962150486035,0.915929203539823,1.277442993429473,1.0,2024-09,Q3 2024
Indigo at Berewick,2024-09-25,1.3946962150486035,0.9203539823008849,1.2836142156199537,1.0,2024-09,Q3 2024
Indigo at Berewick,2024-09-26,1.3946962150486035,0.9203539823008849,1.2836142156199537,1.0,2024-09,Q3 2024
Indigo at Berewick,2024-09-27,1.3938875850078478,0.9203539823008849,1.282869989741736,1.0,2024-09,Q3 2024
Indigo at Berewick,2024-09-28,1.3938875850078478,0.9203539823008849,1.282869989741736,1.0,2024-09,Q3 2024
Indigo at Berewick,2024-09-29,1.3938875850078478,0.9203539823008849,1.282869989741736,1.0,2024-09,Q3 2024
Indigo at Berewick,2024-09-30,1.3938875850078478,0.9203539823008849,1.282869989741736,1.0,2024-09,Q3 2024
Indigo at Berewick,2024-10-01,1.395300654181992,0.9203539823008849,1.284170513583426,1.0,2024-10,Q4 2024
Indigo at Berewick,2024-10-02,1.395300654181992,0.915929203539823,1.2779966168835057,1.0,2024-10,Q4 2024
Indigo at Berewick,2024-10-03,1.3946371456535136,0.915929203539823,1.2773888900454748,1.0,2024-10,Q4 2024
Indigo at Berewick,2024-10-04,1.3927093419480525,0.915929203539823,1.2756231583329507,1.0,2024-10,Q4 2024
Indigo at Berewick,2024-10-05,1.3927093419480525,0.9203539823008849,1.281785589049535,1.0,2024-10,Q4 2024
Indigo at Berewick,2024-10-06,1.3927093419480525,0.9203539823008849,1.281785589049535,1.0,2024-10,Q4 2024
Indigo at Berewick,2024-10-07,1.3927093419480525,0.9203539823008849,1.281785589049535,1.0,2024-10,Q4 2024
Indigo at Berewick,2024-10-08,1.3927093419480525,0.9203539823008849,1.281785589049535,1.0,2024-10,Q4 2024
Indigo at Berewick,2024-10-09,1.3927093419480525,0.9203539823008849,1.281785589049535,1.0,2024-10,Q4 2024
Indigo at Berewick,2024-10-10,1.3927093419480525,0.915929203539823,1.2756231583329507,1.0,2024-10,Q4 2024
Indigo at Berewick,2024-10-11,1.3927093419480525,0.911504424778761,1.2694607276163665,1.0,2024-10,Q4 2024
Indigo at Berewick,2024-10-12,1.3927093419480525,0.9070796460176991,1.2632982968997821,1.0,2024-10,Q4 2024
Indigo at Berewick,2024-10-13,1.3929044710073237,0.9070796460176991,1.2634752944977936,1.0,2024-10,Q4 2024
Indigo at Berewick,2024-10-14,1.3929044710073237,0.915929203539823,1.2758018827367965,1.0,2024-10,Q4 2024
Indigo at Berewick,2024-10-15,1.392879293064192,0.915929203539823,1.2757788215233972,1.0,2024-10,Q4 2024
Indigo at Berewick,2024-10-16,1.392879293064192,0.9203539823008849,1.2819420042360705,1.0,2024-10,Q4 2024
Indigo at Berewick,2024-10-17,1.392879293064192,0.9203539823008849,1.2819420042360705,1.0,2024-10,Q4 2024
Indigo at Berewick,2024-10-18,1.392879293064192,0.9203539823008849,1.2819420042360705,1.0,2024-10,Q4 2024
Indigo at Berewick,2024-10-19,1.392879293064192,0.9203539823008849,1.2819420042360705,1.0,2024-10,Q4 2024
Indigo at Berewick,2024-10-20,1.392879293064192,0.9203539823008849,1.2819420042360705,1.0,2024-10,Q4 2024
Indigo at Berewick,2024-10-21,1.392879293064192,0.9203539823008849,1.2819420042360705,1.0,2024-10,Q4 2024
Indigo at Berewick,2024-10-22,1.3930747913105996,0.9203539823008849,1.2821219318256847,1.0,2024-10,Q4 2024
Indigo at Berewick,2024-10-23,1.3933665692403885,0.9203539823008849,1.2823904708053133,1.0,2024-10,Q4 2024
Indigo at Berewick,2024-10-24,1.3933665692403885,0.9247787610619469,1.288555809607262,1.0,2024-10,Q4 2024
Indigo at Berewick,2024-10-25,1.3933665692403885,0.9247787610619469,1.288555809607262,1.0,2024-10,Q4 2024
Indigo at Berewick,2024-10-26,1.3933665692403885,0.9247787610619469,1.288555809607262,1.0,2024-10,Q4 2024
Indigo at Berewick,2024-10-27,1.3933665692403885,0.9247787610619469,1.288555809607262,1.0,2024-10,Q4 2024
Indigo at Berewick,2024-10-28,1.3933665692403885,0.9247787610619469,1.288555809607262,1.0,2024-10,Q4 2024
Indigo at Berewick,2024-10-29,1.3936521270459006,0.9247787610619469,1.288819887400855,1.0,2024-10,Q4 2024
Indigo at Berewick,2024-10-30,1.3936521270459006,0.9292035398230089,1.2949864897329164,1.0,2024-10,Q4 2024
Indigo at Berewick,2024-10-31,1.3959151259948128,0.9292035398230089,1.2970892763668616,1.0,2024-10,Q4 2024
Indigo at Berewick,2024-11-01,1.3968874351126896,0.9292035398230089,1.2979927494409949,1.0,2024-11,Q4 2024
Indigo at Berewick,2024-11-02,1.3968874351126896,0.9336283185840708,1.3041736672954758,1.0,2024-11,Q4 2024
Indigo at Berewick,2024-11-03,1.3968874351126896,0.9336283185840708,1.3041736672954758,1.0,2024-11,Q4 2024
Indigo at Berewick,2024-11-04,1.3968874351126896,0.9336283185840708,1.3041736672954758,1.0,2024-11,Q4 2024
Indigo at Berewick,2024-11-05,1.3968874351126896,0.9292035398230089,1.2979927494409949,1.0,2024-11,Q4 2024
Indigo at Berewick,2024-11-06,1.3968874351126896,0.9292035398230089,1.2979927494409949,1.0,2024-11,Q4 2024
Indigo at Berewick,2024-11-07,1.3968874351126896,0.9292035398230089,1.2979927494409949,1.0,2024-11,Q4 2024
Indigo at Berewick,2024-11-08,1.3968874351126896,0.9292035398230089,1.2979927494409949,1.0,2024-11,Q4 2024
Indigo at Berewick,2024-11-09,1.3968874351126896,0.9292035398230089,1.2979927494409949,1.0,2024-11,Q4 2024
Indigo at Berewick,2024-11-10,1.3968874351126896,0.9292035398230089,1.2979927494409949,1.0,2024-11,Q4 2024
Indigo at Berewick,2024-11-11,1.3968874351126896,0.9292035398230089,1.2979927494409949,1.0,2024-11,Q4 2024
Indigo at Berewick,2024-11-12,1.3968874351126896,0.9292035398230089,1.2979927494409949,1.0,2024-11,Q4 2024
Indigo at Berewick,2024-11-13,1.3968874351126896,0.9292035398230089,1.2979927494409949,1.0,2024-11,Q4 2024
Indigo at Berewick,2024-11-14,1.3968874351126896,0.9292035398230089,1.2979927494409949,1.0,2024-11,Q4 2024
Indigo at Berewick,2024-11-15,1.3968874351126896,0.9247787610619469,1.291811831586514,1.0,2024-11,Q4 2024
Indigo at Berewick,2024-11-16,1.3968874351126896,0.9203539823008849,1.285630913732033,1.0,2024-11,Q4 2024
Indigo at Berewick,2024-11-17,1.3968874351126896,0.9203539823008849,1.285630913732033,1.0,2024-11,Q4 2024
Indigo at Berewick,2024-11-18,1.3968874351126896,0.9203539823008849,1.285630913732033,1.0,2024-11,Q4 2024
Indigo at Berewick,2024-11-19,1.3968874351126896,0.9203539823008849,1.285630913732033,1.0,2024-11,Q4 2024
Indigo at Berewick,2024-11-20,1.3968874351126896,0.9203539823008849,1.285630913732033,1.0,2024-11,Q4 2024
Indigo at Berewick,2024-11-21,1.3991428549171097,0.9203539823008849,1.2877066983307912,1.0,2024-11,Q4 2024
Indigo at Berewick,2024-11-22,1.3991428549171097,0.9292035398230089,1.3000884935070487,1.0,2024-11,Q4 2024
Indigo at Berewick,2024-11-23,1.3991428549171097,0.9292035398230089,1.3000884935070487,1.0,2024-11,Q4 2024
Indigo at Berewick,2024-11-24,1.3991428549171097,0.9292035398230089,1.3000884935070487,1.0,2024-11,Q4 2024
Indigo at Berewick,2024-11-25,1.3991428549171097,0.9292035398230089,1.3000884935070487,1.0,2024-11,Q4 2024
Indigo at Berewick,2024-11-26,1.3991428549171097,0.9292035398230089,1.3000884935070487,1.0,2024-11,Q4 2024
Indigo at Berewick,2024-11-27,1.3991428549171097,0.9292035398230089,1.3000884935070487,1.0,2024-11,Q4 2024
Indigo at Berewick,2024-11-28,1.3991428549171097,0.9292035398230089,1.3000884935070487,1.0,2024-11,Q4 2024
Indigo at Berewick,2024-11-29,1.3991428549171097,0.9292035398230089,1.3000884935070487,1.0,2024-11,Q4 2024
Indigo at Berewick,2024-11-30,1.3991428549171097,0.9292035398230089,1.3000884935070487,1.0,2024-11,Q4 2024
Indigo at Berewick,2024-12-01,1.3991428549171097,0.9292035398230089,1.3000884935070487,1.0,2024-12,Q4 2024
Indigo at Berewick,2024-12-02,1.3991428549171097,0.9292035398230089,1.3000884935070487,1.0,2024-12,Q4 2024
Indigo at Berewick,2024-12-03,1.3991428549171097,0.9292035398230089,1.3000884935070487,1.0,2024-12,Q4 2024
Indigo at Berewick,2024-12-04,1.3991428549171097,0.9292035398230089,1.3000884935070487,1.0,2024-12,Q4 2024
Indigo at Berewick,2024-12-05,1.3991428549171097,0.9292035398230089,1.3000884935070487,1.0,2024-12,Q4 2024
Indigo at Berewick,2024-12-06,1.3991428549171097,0.9292035398230089,1.3000884935070487,1.0,2024-12,Q4 2024
Indigo at Berewick,2024-12-07,1.3991428549171097,0.9203539823008849,1.2877066983307912,1.0,2024-12,Q4 2024
Indigo at Berewick,2024-12-08,1.3991428549171097,0.9203539823008849,1.2877066983307912,1.0,2024-12,Q4 2024
Indigo at Berewick,2024-12-09,1.3991428549171097,0.9203539823008849,1.2877066983307912,1.0,2024-12,Q4 2024
Indigo at Berewick,2024-12-10,1.3991428549171097,0.9203539823008849,1.2877066983307912,1.0,2024-12,Q4 2024
Indigo at Berewick,2024-12-11,1.3991428549171097,0.9203539823008849,1.2877066983307912,1.0,2024-12,Q4 2024
Indigo at Berewick,2024-12-12,1.3991428549171097,0.915929203539823,1.2815158007426624,1.0,2024-12,Q4 2024
Indigo at Berewick,2024-12-13,1.3991428549171097,0.911504424778761,1.2753249031545335,1.0,2024-12,Q4 2024
Indigo at Berewick,2024-12-14,1.3991428549171097,0.911504424778761,1.2753249031545335,1.0,2024-12,Q4 2024
Indigo at Berewick,2024-12-15,1.3991428549171097,0.911504424778761,1.2753249031545335,1.0,2024-12,Q4 2024
Indigo at Berewick,2024-12-16,1.3991428549171097,0.911504424778761,1.2753249031545335,1.0,2024-12,Q4 2024
Indigo at Berewick,2024-12-17,1.3991428549171097,0.911504424778761,1.2753249031545335,1.0,2024-12,Q4 2024
Indigo at Berewick,2024-12-18,1.3991428549171097,0.911504424778761,1.2753249031545335,1.0,2024-12,Q4 2024
Indigo at Berewick,2024-12-19,1.3991428549171097,0.911504424778761,1.2753249031545335,1.0,2024-12,Q4 2024
Indigo at Berewick,2024-12-20,1.3991428549171097,0.911504424778761,1.2753249031545335,1.0,2024-12,Q4 2024
Indigo at Berewick,2024-12-21,1.3991428549171097,0.9070796460176991,1.2691340055664047,1.0,2024-12,Q4 2024
Indigo at Berewick,2024-12-22,1.3991428549171097,0.9026548672566371,1.262943107978276,1.0,2024-12,Q4 2024
Indigo at Berewick,2024-12-23,1.3991428549171097,0.9026548672566371,1.262943107978276,1.0,2024-12,Q4 2024
Indigo at Berewick,2024-12-24,1.400891577669578,0.9026548672566371,1.264521601082274,1.0,2024-12,Q4 2024
Indigo at Berewick,2024-12-25,1.400891577669578,0.9070796460176991,1.270720236381697,1.0,2024-12,Q4 2024
Indigo at Berewick,2024-12-26,1.400891577669578,0.9070796460176991,1.270720236381697,1.0,2024-12,Q4 2024
Indigo at Berewick,2024-12-27,1.400891577669578,0.9070796460176991,1.270720236381697,1.0,2024-12,Q4 2024
Indigo at Berewick,2024-12-28,1.401979122561572,0.9070796460176991,1.2717067262173551,1.0,2024-12,Q4 2024
Indigo at Berewick,2024-12-29,1.401979122561572,0.911504424778761,1.277910173662318,1.0,2024-12,Q4 2024
Indigo at Berewick,2024-12-30,1.401979122561572,0.911504424778761,1.277910173662318,1.0,2024-12,Q4 2024
Indigo at Berewick,2024-12-31,1.401979122561572,0.911504424778761,1.277910173662318,1.0,2024-12,Q4 2024
Indigo at Berewick,2025-01-01,1.401979122561572,0.911504424778761,1.277910173662318,1.0,2025-01,Q1 2025
Indigo at Berewick,2025-01-02,1.401979122561572,0.911504424778761,1.277910173662318,1.0,2025-01,Q1 2025
Indigo at Berewick,2025-01-03,1.401979122561572,0.911504424778761,1.277910173662318,1.0,2025-01,Q1 2025
Indigo at Berewick,2025-01-04,1.401979122561572,0.911504424778761,1.277910173662318,1.0,2025-01,Q1 2025
Indigo at Berewick,2025-01-05,1.401979122561572,0.911504424778761,1.277910173662318,1.0,2025-01,Q1 2025
Indigo at Berewick,2025-01-06,1.401979122561572,0.911504424778761,1.277910173662318,1.0,2025-01,Q1 2025
Indigo at Berewick,2025-01-07,1.401979122561572,0.911504424778761,1.277910173662318,1.0,2025-01,Q1 2025
Indigo at Berewick,2025-01-08,1.401979122561572,0.911504424778761,1.277910173662318,1.0,2025-01,Q1 2025
Indigo at Berewick,2025-01-09,1.401979122561572,0.911504424778761,1.277910173662318,1.0,2025-01,Q1 2025
Indigo at Berewick,2025-01-10,1.401979122561572,0.911504424778761,1.277910173662318,1.0,2025-01,Q1 2025
Indigo at Berewick,2025-01-11,1.401979122561572,0.911504424778761,1.277910173662318,1.0,2025-01,Q1 2025
Indigo at Berewick,2025-01-12,1.401979122561572,0.911504424778761,1.277910173662318,1.0,2025-01,Q1 2025
Indigo at Berewick,2025-01-13,1.401979122561572,0.911504424778761,1.277910173662318,1.0,2025-01,Q1 2025
Indigo at Berewick,2025-01-14,1.401979122561572,0.9070796460176991,1.2717067262173551,1.0,2025-01,Q1 2025
Indigo at Berewick,2025-01-15,1.401979122561572,0.9070796460176991,1.2717067262173551,1.0,2025-01,Q1 2025
Indigo at Berewick,2025-01-16,1.401979122561572,0.8982300884955752,1.2592998313274297,1.0,2025-01,Q1 2025
Indigo at Berewick,2025-01-17,1.401979122561572,0.8982300884955752,1.2592998313274297,1.0,2025-01,Q1 2025
Indigo at Berewick,2025-01-18,1.401979122561572,0.8982300884955752,1.2592998313274297,1.0,2025-01,Q1 2025
Indigo at Berewick,2025-01-19,1.401979122561572,0.8982300884955752,1.2592998313274297,1.0,2025-01,Q1 2025
Indigo at Berewick,2025-01-20,1.401979122561572,0.8938053097345133,1.2530963838824671,1.0,2025-01,Q1 2025
Indigo at Berewick,2025-01-21,1.401979122561572,0.8938053097345133,1.2530963838824671,1.0,2025-01,Q1 2025
Indigo at Berewick,2025-01-22,1.401979122561572,0.8938053097345133,1.2530963838824671,1.0,2025-01,Q1 2025
Indigo at Berewick,2025-01-23,1.401979122561572,0.8938053097345133,1.2530963838824671,1.0,2025-01,Q1 2025
Indigo at Berewick,2025-01-24,1.401979122561572,0.8938053097345133,1.2530963838824671,1.0,2025-01,Q1 2025
Indigo at Berewick,2025-01-25,1.401979122561572,0.8938053097345133,1.2530963838824671,1.0,2025-01,Q1 2025
Indigo at Berewick,2025-01-26,1.401979122561572,0.8938053097345133,1.2530963838824671,1.0,2025-01,Q1 2025
Indigo at Berewick,2025-01-27,1.401979122561572,0.8938053097345133,1.2530963838824671,1.0,2025-01,Q1 2025
Indigo at Berewick,2025-01-28,1.401979122561572,0.8893805309734513,1.2468929364375043,1.0,2025-01,Q1 2025
Indigo at Berewick,2025-01-29,1.4011958356918548,0.8893805309734513,1.2461962963454105,1.0,2025-01,Q1 2025
Indigo at Berewick,2025-01-30,1.4011958356918548,0.8938053097345133,1.2523962779192686,1.0,2025-01,Q1 2025
Indigo at Berewick,2025-01-31,1.4011958356918548,0.8938053097345133,1.2523962779192686,1.0,2025-01,Q1 2025
Indigo at Berewick,2025-02-01,1.4011958356918548,0.8938053097345133,1.2523962779192686,1.0,2025-02,Q1 2025
Indigo at Berewick,2025-02-02,1.4011958356918548,0.8938053097345133,1.2523962779192686,1.0,2025-02,Q1 2025
Indigo at Berewick,2025-02-03,1.4011958356918548,0.8938053097345133,1.2523962779192686,1.0,2025-02,Q1 2025
Indigo at Berewick,2025-02-04,1.4011958356918548,0.8893805309734513,1.2461962963454105,1.0,2025-02,Q1 2025
Indigo at Berewick,2025-02-05,1.4011958356918548,0.8893805309734513,1.2461962963454105,1.0,2025-02,Q1 2025
Indigo at Berewick,2025-02-06,1.4000223349111784,0.8893805309734513,1.2451526075979948,1.0,2025-02,Q1 2025
Indigo at Berewick,2025-02-07,1.4000223349111784,0.8982300884955752,1.2575421857830495,1.0,2025-02,Q1 2025
Indigo at Berewick,2025-02-08,1.4000223349111784,0.8982300884955752,1.2575421857830495,1.0,2025-02,Q1 2025
Indigo at Berewick,2025-02-09,1.399546534020931,0.8982300884955752,1.2571148071072964,1.0,2025-02,Q1 2025
Indigo at Berewick,2025-02-10,1.399546534020931,0.9026548672566371,1.2633074908861501,1.0,2025-02,Q1 2025
Indigo at Berewick,2025-02-11,1.399546534020931,0.9026548672566371,1.2633074908861501,1.0,2025-02,Q1 2025
Indigo at Berewick,2025-02-12,1.3992682244343753,0.8938053097345133,1.2506733687422293,1.0,2025-02,Q1 2025
Indigo at Berewick,2025-02-13,1.3993490349650248,0.8982300884955752,1.256937407512832,1.0,2025-02,Q1 2025
Indigo at Berewick,2025-02-14,1.400039633040647,0.8938053097345133,1.2513628578504898,1.0,2025-02,Q1 2025
Indigo at Berewick,2025-02-15,1.400039633040647,0.8938053097345133,1.2513628578504898,1.0,2025-02,Q1 2025
Indigo at Berewick,2025-02-16,1.400039633040647,0.8938053097345133,1.2513628578504898,1.0,2025-02,Q1 2025
Indigo at Berewick,2025-02-17,1.4002077308214413,0.8938053097345133,1.2515131045395185,1.0,2025-02,Q1 2025
Indigo at Berewick,2025-02-18,1.4002077308214413,0.8982300884955752,1.2577087139679317,1.0,2025-02,Q1 2025
Indigo at Berewick,2025-02-19,1.4002077308214413,0.8982300884955752,1.2577087139679317,1.0,2025-02,Q1 2025
Indigo at Berewick,2025-02-20,1.4002077308214413,0.8982300884955752,1.2577087139679317,1.0,2025-02,Q1 2025
Indigo at Berewick,2025-02-21,1.4002077308214413,0.8982300884955752,1.2577087139679317,1.0,2025-02,Q1 2025
Indigo at Berewick,2025-02-22,1.398091226945078,0.8938053097345133,1.2496213621367513,1.0,2025-02,Q1 2025
Indigo at Berewick,2025-02-23,1.398091226945078,0.8982300884955752,1.2558076065037647,1.0,2025-02,Q1 2025
Indigo at Berewick,2025-02-24,1.398091226945078,0.8982300884955752,1.2558076065037647,1.0,2025-02,Q1 2025
Indigo at Berewick,2025-02-25,1.398091226945078,0.8982300884955752,1.2558076065037647,1.0,2025-02,Q1 2025
Indigo at Berewick,2025-02-26,1.398091226945078,0.8982300884955752,1.2558076065037647,1.0,2025-02,Q1 2025
Indigo at Berewick,2025-02-27,1.3971358080872411,0.8938053097345133,1.248767403688596,1.0,2025-02,Q1 2025
Indigo at Berewick,2025-02-28,1.3971358080872411,0.8982300884955752,1.2549494205385396,1.0,2025-02,Q1 2025
Indigo at Berewick,2025-03-01,1.3971358080872411,0.8938053097345133,1.248767403688596,1.0,2025-03,Q1 2025
Indigo at Berewick,2025-03-02,1.3971358080872411,0.8938053097345133,1.248767403688596,1.0,2025-03,Q1 2025
Indigo at Berewick,2025-03-03,1.3971358080872411,0.8938053097345133,1.248767403688596,1.0,2025-03,Q1 2025
Indigo at Berewick,2025-03-04,1.3963251007120328,0.8938053097345133,1.2480427891319938,1.0,2025-03,Q1 2025
Indigo at Berewick,2025-03-05,1.3954021505667649,0.8982300884955752,1.253392197190501,1.0,2025-03,Q1 2025
Indigo at Berewick,2025-03-06,1.394561740678391,0.9026548672566371,1.258807942913238,1.0,2025-03,Q1 2025
Indigo at Berewick,2025-03-07,1.394561740678391,0.9070796460176991,1.2649785700843812,1.0,2025-03,Q1 2025
Indigo at Berewick,2025-03-08,1.394561740678391,0.9070796460176991,1.2649785700843812,1.0,2025-03,Q1 2025
Indigo at Berewick,2025-03-09,1.394561740678391,0.9070796460176991,1.2649785700843812,1.0,2025-03,Q1 2025
Indigo at Berewick,2025-03-10,1.3950109359799703,0.9070796460176991,1.2653860259995304,1.0,2025-03,Q1 2025
Indigo at Berewick,2025-03-11,1.3950109359799703,0.911504424778761,1.271558640760504,1.0,2025-03,Q1 2025
Indigo at Berewick,2025-03-12,1.3950109359799703,0.911504424778761,1.271558640760504,1.0,2025-03,Q1 2025
Indigo at Berewick,2025-03-13,1.3950109359799703,0.911504424778761,1.271558640760504,1.0,2025-03,Q1 2025
Indigo at Berewick,2025-03-14,1.3952235277688894,0.911504424778761,1.2717524191167753,1.0,2025-03,Q1 2025
Indigo at Berewick,2025-03-15,1.3957506383369367,0.915929203539823,1.2784087705121499,1.0,2025-03,Q1 2025
Indigo at Berewick,2025-03-16,1.3957506383369367,0.915929203539823,1.2784087705121499,1.0,2025-03,Q1 2025
Indigo at Berewick,2025-03-17,1.3957506383369367,0.915929203539823,1.2784087705121499,1.0,2025-03,Q1 2025
Indigo at Berewick,2025-03-18,1.3957506383369367,0.915929203539823,1.2784087705121499,1.0,2025-03,Q1 2025
Indigo at Berewick,2025-03-19,1.3957506383369367,0.9070796460176991,1.266056994951646,1.0,2025-03,Q1 2025
Indigo at Berewick,2025-03-20,1.3957506383369367,0.9070796460176991,1.266056994951646,1.0,2025-03,Q1 2025
Indigo at Berewick,2025-03-21,1.3957506383369367,0.9026548672566371,1.2598811071713942,1.0,2025-03,Q1 2025
Indigo at Berewick,2025-03-22,1.3957506383369367,0.9026548672566371,1.2598811071713942,1.0,2025-03,Q1 2025
Indigo at Berewick,2025-03-23,1.3957506383369367,0.9026548672566371,1.2598811071713942,1.0,2025-03,Q1 2025
Indigo at Berewick,2025-03-24,1.3957506383369367,0.8982300884955752,1.2537052193911422,1.0,2025-03,Q1 2025
Indigo at Berewick,2025-03-25,1.3957506383369367,0.8982300884955752,1.2537052193911422,1.0,2025-03,Q1 2025
Indigo at Berewick,2025-03-26,1.3957506383369367,0.8982300884955752,1.2537052193911422,1.0,2025-03,Q1 2025
Indigo at Berewick,2025-03-27,1.3957506383369367,0.8982300884955752,1.2537052193911422,1.0,2025-03,Q1 2025
Indigo at Berewick,2025-03-28,1.3957506383369367,0.8982300884955752,1.2537052193911422,1.0,2025-03,Q1 2025
Indigo at Berewick,2025-03-29,1.3957506383369367,0.8982300884955752,1.2537052193911422,1.0,2025-03,Q1 2025
Indigo at Berewick,2025-03-30,1.3957506383369367,0.8982300884955752,1.2537052193911422,1.0,2025-03,Q1 2025
Indigo at Berewick,2025-03-31,1.3957506383369367,0.8893805309734513,1.2413534438306384,1.0,2025-03,Q1 2025
Indigo at Berewick,2025-04-01,1.3957506383369367,0.8893805309734513,1.2413534438306384,1.0,2025-04,Q2 2025
Indigo at Berewick,2025-04-02,1.3964435814432457,0.8849557522123894,1.2357907800382706,1.0,2025-04,Q2 2025
Indigo at Berewick,2025-04-03,1.3974085345338856,0.8893805309734513,1.2428279444305796,1.0,2025-04,Q2 2025
Indigo at Berewick,2025-04-04,1.3974085345338856,0.8938053097345133,1.249011168034712,1.0,2025-04,Q2 2025
Indigo at Berewick,2025-04-05,1.3954645244939448,0.8938053097345133,1.2472736015388357,1.0,2025-04,Q2 2025
Indigo at Berewick,2025-04-06,1.3954645244939448,0.8982300884955752,1.2534482233286317,1.0,2025-04,Q2 2025
Indigo at Berewick,2025-04-07,1.3954645244939448,0.8938053097345133,1.2472736015388357,1.0,2025-04,Q2 2025
Indigo at Berewick,2025-04-08,1.3954645244939448,0.8893805309734513,1.2410989797490393,1.0,2025-04,Q2 2025
Indigo at Berewick,2025-04-09,1.3968423666614287,0.8893805309734513,1.2423244057475538,1.0,2025-04,Q2 2025
Indigo at Berewick,2025-04-10,1.3968423666614287,0.8938053097345133,1.248505124184109,1.0,2025-04,Q2 2025
Indigo at Berewick,2025-04-11,1.3968423666614287,0.8938053097345133,1.248505124184109,1.0,2025-04,Q2 2025
Indigo at Berewick,2025-04-12,1.3968423666614287,0.8938053097345133,1.248505124184109,1.0,2025-04,Q2 2025
Indigo at Berewick,2025-04-13,1.3968423666614287,0.8938053097345133,1.248505124184109,1.0,2025-04,Q2 2025
Indigo at Berewick,2025-04-14,1.3968423666614287,0.8938053097345133,1.248505124184109,1.0,2025-04,Q2 2025
Indigo at Berewick,2025-04-15,1.3968423666614287,0.8938053097345133,1.248505124184109,1.0,2025-04,Q2 2025
Indigo at Berewick,2025-04-16,1.3968423666614287,0.8893805309734513,1.2423244057475538,1.0,2025-04,Q2 2025
Indigo at Berewick,2025-04-17,1.3968423666614287,0.8893805309734513,1.2423244057475538,1.0,2025-04,Q2 2025
Indigo at Berewick,2025-04-18,1.3981317911497155,0.8893805309734513,1.2434711947835966,1.0,2025-04,Q2 2025
Indigo at Berewick,2025-04-19,1.3981317911497155,0.8893805309734513,1.2434711947835966,1.0,2025-04,Q2 2025
Indigo at Berewick,2025-04-20,1.3981317911497155,0.8893805309734513,1.2434711947835966,1.0,2025-04,Q2 2025
Indigo at Berewick,2025-04-21,1.3981317911497155,0.8893805309734513,1.2434711947835966,1.0,2025-04,Q2 2025
Indigo at Berewick,2025-04-22,1.3981317911497155,0.8805309734513275,1.231098347074307,1.0,2025-04,Q2 2025
Indigo at Berewick,2025-04-23,1.3986844016446958,0.8716814159292036,1.2192071996637392,1.0,2025-04,Q2 2025
Indigo at Berewick,2025-04-24,1.3986844016446958,0.8716814159292036,1.2192071996637392,1.0,2025-04,Q2 2025
Indigo at Berewick,2025-04-25,1.4012168184131302,0.8584070796460177,1.2028144370448994,1.0,2025-04,Q2 2025
Indigo at Berewick,2025-04-26,1.4012168184131302,0.8672566371681416,1.2152145858804138,1.0,2025-04,Q2 2025
Indigo at Berewick,2025-04-27,1.4264918089820824,0.8672566371681416,1.2371344892056997,1.0,2025-04,Q2 2025
