property,date,avg_rent_per_sqft,net_leased,rev_pasf,rev_pasf_rank,year_month,quarter
Cortland Research Park,2023-11-21,1.5331937830700297,0.9027777777777778,1.3841332763826657,1.0,2023-11,Q4 2023
Cortland Research Park,2023-11-22,1.5331937830700297,0.9111111111111111,1.3969098912415827,1.0,2023-11,Q4 2023
Cortland Research Park,2023-11-23,1.5331937830700297,0.9111111111111111,1.3969098912415827,1.0,2023-11,Q4 2023
Cortland Research Park,2023-11-24,1.522379865373095,0.9111111111111111,1.3870572106732644,1.0,2023-11,Q4 2023
Cortland Research Park,2023-11-25,1.522379865373095,0.9166666666666666,1.3955148765920038,1.0,2023-11,Q4 2023
Cortland Research Park,2023-11-26,1.522379865373095,0.9166666666666666,1.3955148765920038,1.0,2023-11,Q4 2023
Cortland Research Park,2023-11-27,1.522379865373095,0.9166666666666666,1.3955148765920038,1.0,2023-11,Q4 2023
Cortland Research Park,2023-11-28,1.517550634995421,0.9166666666666666,1.391088082079136,1.0,2023-11,Q4 2023
Cortland Research Park,2023-11-29,1.517550634995421,0.9194444444444444,1.3953035005096788,1.0,2023-11,Q4 2023
Cortland Research Park,2023-11-30,1.517550634995421,0.9194444444444444,1.3953035005096788,1.0,2023-11,Q4 2023
Cortland Research Park,2023-12-01,1.5176897054133853,0.9138888888888889,1.3869997585583438,1.0,2023-12,Q4 2023
Cortland Research Park,2023-12-02,1.5176897054133853,0.9194444444444444,1.3954313680328625,1.0,2023-12,Q4 2023
Cortland Research Park,2023-12-03,1.5125423915238294,0.9194444444444444,1.3906986988732986,1.0,2023-12,Q4 2023
Cortland Research Park,2023-12-04,1.5125423915238294,0.9222222222222223,1.3949002055164206,1.0,2023-12,Q4 2023
Cortland Research Park,2023-12-05,1.5125423915238294,0.9222222222222223,1.3949002055164206,1.0,2023-12,Q4 2023
Cortland Research Park,2023-12-06,1.5099875860423237,0.9222222222222223,1.392544107127921,1.0,2023-12,Q4 2023
Cortland Research Park,2023-12-07,1.5039315999923344,0.9277777777777778,1.395314317770666,1.0,2023-12,Q4 2023
Cortland Research Park,2023-12-08,1.49712992873151,0.9305555555555556,1.3931625725695997,1.0,2023-12,Q4 2023
Cortland Research Park,2023-12-09,1.4883187858741171,0.9305555555555556,1.384963314632859,1.0,2023-12,Q4 2023
Cortland Research Park,2023-12-10,1.4883187858741171,0.9361111111111111,1.3932317523321596,1.0,2023-12,Q4 2023
Cortland Research Park,2023-12-11,1.4883187858741171,0.9361111111111111,1.3932317523321596,1.0,2023-12,Q4 2023
Cortland Research Park,2023-12-12,1.4929596146840676,0.9361111111111111,1.3975760837459188,1.0,2023-12,Q4 2023
Cortland Research Park,2023-12-13,1.4903319626971048,0.9361111111111111,1.3951163095247898,1.0,2023-12,Q4 2023
Cortland Research Park,2023-12-14,1.4903319626971048,0.9388888888888889,1.3992561205322818,1.0,2023-12,Q4 2023
Cortland Research Park,2023-12-15,1.4863850302650492,0.9361111111111111,1.3914215422203378,1.0,2023-12,Q4 2023
Cortland Research Park,2023-12-16,1.4863850302650492,0.9388888888888889,1.3955503895266295,1.0,2023-12,Q4 2023
Cortland Research Park,2023-12-17,1.4863850302650492,0.9388888888888889,1.3955503895266295,1.0,2023-12,Q4 2023
Cortland Research Park,2023-12-18,1.4863850302650492,0.9388888888888889,1.3955503895266295,1.0,2023-12,Q4 2023
Cortland Research Park,2023-12-19,1.4863850302650492,0.9388888888888889,1.3955503895266295,1.0,2023-12,Q4 2023
Cortland Research Park,2023-12-20,1.4898767683108447,0.9333333333333333,1.390551650423455,1.0,2023-12,Q4 2023
Cortland Research Park,2023-12-21,1.4898767683108447,0.9361111111111111,1.3946901970020964,1.0,2023-12,Q4 2023
Cortland Research Park,2023-12-22,1.4870118771342007,0.9333333333333333,1.3878777519919208,1.0,2023-12,Q4 2023
Cortland Research Park,2023-12-23,1.4870118771342007,0.9361111111111111,1.3920083405395156,1.0,2023-12,Q4 2023
Cortland Research Park,2023-12-24,1.4835420774974546,0.9361111111111111,1.3887602225462283,1.0,2023-12,Q4 2023
Cortland Research Park,2023-12-25,1.4835420774974546,0.9388888888888889,1.392881172761499,1.0,2023-12,Q4 2023
Cortland Research Park,2023-12-26,1.4835420774974546,0.9388888888888889,1.392881172761499,1.0,2023-12,Q4 2023
Cortland Research Park,2023-12-27,1.4841613610498887,0.9361111111111111,1.3893399407605902,1.0,2023-12,Q4 2023
Cortland Research Park,2023-12-28,1.4841613610498887,0.9388888888888889,1.3934626112079511,1.0,2023-12,Q4 2023
Cortland Research Park,2023-12-29,1.4841613610498887,0.9388888888888889,1.3934626112079511,1.0,2023-12,Q4 2023
Cortland Research Park,2023-12-30,1.4841613610498887,0.9361111111111111,1.3893399407605902,1.0,2023-12,Q4 2023
Cortland Research Park,2023-12-31,1.4841613610498887,0.9361111111111111,1.3893399407605902,1.0,2023-12,Q4 2023
Cortland Research Park,2024-01-01,1.4841613610498887,0.9361111111111111,1.3893399407605902,1.0,2024-01,Q1 2024
Cortland Research Park,2024-01-02,1.4841613610498887,0.9361111111111111,1.3893399407605902,1.0,2024-01,Q1 2024
Cortland Research Park,2024-01-03,1.4841613610498887,0.9361111111111111,1.3893399407605902,1.0,2024-01,Q1 2024
Cortland Research Park,2024-01-04,1.4841613610498887,0.9305555555555556,1.3810945998658688,1.0,2024-01,Q1 2024
Cortland Research Park,2024-01-05,1.4841613610498887,0.9305555555555556,1.3810945998658688,1.0,2024-01,Q1 2024
Cortland Research Park,2024-01-06,1.4841613610498887,0.9305555555555556,1.3810945998658688,1.0,2024-01,Q1 2024
Cortland Research Park,2024-01-07,1.4841613610498887,0.9305555555555556,1.3810945998658688,1.0,2024-01,Q1 2024
Cortland Research Park,2024-01-08,1.4841613610498887,0.9305555555555556,1.3810945998658688,1.0,2024-01,Q1 2024
Cortland Research Park,2024-01-09,1.4814527012262764,0.9277777777777778,1.374458895026601,1.0,2024-01,Q1 2024
Cortland Research Park,2024-01-10,1.4814527012262764,0.9305555555555556,1.378574041418896,1.0,2024-01,Q1 2024
Cortland Research Park,2024-01-11,1.4794918345974006,0.9305555555555556,1.3767493460836924,1.0,2024-01,Q1 2024
Cortland Research Park,2024-01-12,1.4794918345974006,0.9305555555555556,1.3767493460836924,1.0,2024-01,Q1 2024
Cortland Research Park,2024-01-13,1.4794918345974006,0.9277777777777778,1.372639646543144,1.0,2024-01,Q1 2024
Cortland Research Park,2024-01-14,1.4794918345974006,0.9277777777777778,1.372639646543144,1.0,2024-01,Q1 2024
Cortland Research Park,2024-01-15,1.4794918345974006,0.9277777777777778,1.372639646543144,1.0,2024-01,Q1 2024
Cortland Research Park,2024-01-16,1.4794918345974006,0.9277777777777778,1.372639646543144,1.0,2024-01,Q1 2024
Cortland Research Park,2024-01-17,1.4777635124321926,0.925,1.3669312489997782,1.0,2024-01,Q1 2024
Cortland Research Park,2024-01-18,1.4777635124321926,0.9277777777777778,1.3710361476454231,1.0,2024-01,Q1 2024
Cortland Research Park,2024-01-19,1.4777635124321926,0.9277777777777778,1.3710361476454231,1.0,2024-01,Q1 2024
Cortland Research Park,2024-01-20,1.4777635124321926,0.925,1.3669312489997782,1.0,2024-01,Q1 2024
Cortland Research Park,2024-01-21,1.4777635124321926,0.925,1.3669312489997782,1.0,2024-01,Q1 2024
Cortland Research Park,2024-01-22,1.4777635124321926,0.925,1.3669312489997782,1.0,2024-01,Q1 2024
Cortland Research Park,2024-01-23,1.4777635124321926,0.925,1.3669312489997782,1.0,2024-01,Q1 2024
Cortland Research Park,2024-01-24,1.4777635124321926,0.9194444444444444,1.3587214517084882,1.0,2024-01,Q1 2024
Cortland Research Park,2024-01-25,1.4777635124321926,0.9194444444444444,1.3587214517084882,1.0,2024-01,Q1 2024
Cortland Research Park,2024-01-26,1.4777635124321926,0.9138888888888889,1.3505116544171982,1.0,2024-01,Q1 2024
Cortland Research Park,2024-01-27,1.4777635124321926,0.9138888888888889,1.3505116544171982,1.0,2024-01,Q1 2024
Cortland Research Park,2024-01-28,1.4769982814214881,0.9138888888888889,1.3498123182990822,1.0,2024-01,Q1 2024
Cortland Research Park,2024-01-29,1.4769982814214881,0.9166666666666666,1.3539150913030307,1.0,2024-01,Q1 2024
Cortland Research Park,2024-01-30,1.4769982814214881,0.9166666666666666,1.3539150913030307,1.0,2024-01,Q1 2024
Cortland Research Park,2024-01-31,1.4814404788685225,0.9138888888888889,1.3538719931881775,1.0,2024-01,Q1 2024
Cortland Research Park,2024-02-01,1.4860170599076965,0.9166666666666666,1.3621823049153885,1.0,2024-02,Q1 2024
Cortland Research Park,2024-02-02,1.4860170599076965,0.9194444444444444,1.3663101300817986,1.0,2024-02,Q1 2024
Cortland Research Park,2024-02-03,1.4853892545320262,0.9166666666666666,1.3616068166543573,1.0,2024-02,Q1 2024
Cortland Research Park,2024-02-04,1.4853892545320262,0.9194444444444444,1.3657328979169463,1.0,2024-02,Q1 2024
Cortland Research Park,2024-02-05,1.4853892545320262,0.9194444444444444,1.3657328979169463,1.0,2024-02,Q1 2024
Cortland Research Park,2024-02-06,1.4853892545320262,0.9194444444444444,1.3657328979169463,1.0,2024-02,Q1 2024
Cortland Research Park,2024-02-07,1.4853892545320262,0.9166666666666666,1.3616068166543573,1.0,2024-02,Q1 2024
Cortland Research Park,2024-02-08,1.4853892545320262,0.9166666666666666,1.3616068166543573,1.0,2024-02,Q1 2024
Cortland Research Park,2024-02-09,1.4843375467351354,0.9166666666666666,1.3606427511738741,1.0,2024-02,Q1 2024
Cortland Research Park,2024-02-10,1.4843375467351354,0.9194444444444444,1.364765911025916,1.0,2024-02,Q1 2024
Cortland Research Park,2024-02-11,1.4843375467351354,0.9194444444444444,1.364765911025916,1.0,2024-02,Q1 2024
Cortland Research Park,2024-02-12,1.487600197842649,0.9194444444444444,1.36776573746088,1.0,2024-02,Q1 2024
Cortland Research Park,2024-02-13,1.488839614943408,0.9111111111111111,1.3564983158373272,1.0,2024-02,Q1 2024
Cortland Research Park,2024-02-14,1.488839614943408,0.9138888888888889,1.3606339814343922,1.0,2024-02,Q1 2024
Cortland Research Park,2024-02-15,1.488839614943408,0.9138888888888889,1.3606339814343922,1.0,2024-02,Q1 2024
Cortland Research Park,2024-02-16,1.488839614943408,0.9138888888888889,1.3606339814343922,1.0,2024-02,Q1 2024
Cortland Research Park,2024-02-17,1.488839614943408,0.9138888888888889,1.3606339814343922,1.0,2024-02,Q1 2024
Cortland Research Park,2024-02-18,1.488839614943408,0.9111111111111111,1.3564983158373272,1.0,2024-02,Q1 2024
Cortland Research Park,2024-02-19,1.488839614943408,0.9083333333333333,1.3523626502402621,1.0,2024-02,Q1 2024
Cortland Research Park,2024-02-20,1.488839614943408,0.9083333333333333,1.3523626502402621,1.0,2024-02,Q1 2024
Cortland Research Park,2024-02-21,1.4918677362691255,0.9083333333333333,1.355113193777789,1.0,2024-02,Q1 2024
Cortland Research Park,2024-02-22,1.4918677362691255,0.9083333333333333,1.355113193777789,1.0,2024-02,Q1 2024
Cortland Research Park,2024-02-23,1.4918677362691255,0.9055555555555556,1.350969116732597,1.0,2024-02,Q1 2024
Cortland Research Park,2024-02-24,1.4918677362691255,0.9055555555555556,1.350969116732597,1.0,2024-02,Q1 2024
Cortland Research Park,2024-02-25,1.4918677362691255,0.9055555555555556,1.350969116732597,1.0,2024-02,Q1 2024
Cortland Research Park,2024-02-26,1.4918677362691255,0.9055555555555556,1.350969116732597,1.0,2024-02,Q1 2024
Cortland Research Park,2024-02-27,1.4918677362691255,0.8972222222222223,1.338536885597021,1.0,2024-02,Q1 2024
Cortland Research Park,2024-02-28,1.4918677362691255,0.8972222222222223,1.338536885597021,1.0,2024-02,Q1 2024
Cortland Research Park,2024-02-29,1.4918677362691255,0.8944444444444445,1.334392808551829,1.0,2024-02,Q1 2024
Cortland Research Park,2024-03-01,1.4887941419880366,0.8944444444444445,1.331643649222633,1.0,2024-03,Q1 2024
Cortland Research Park,2024-03-02,1.4887941419880366,0.8972222222222223,1.335779188505933,1.0,2024-03,Q1 2024
Cortland Research Park,2024-03-03,1.4887941419880366,0.8972222222222223,1.335779188505933,1.0,2024-03,Q1 2024
Cortland Research Park,2024-03-04,1.4905311747184327,0.8972222222222223,1.3373376928723715,1.0,2024-03,Q1 2024
Cortland Research Park,2024-03-05,1.4905311747184327,0.9,1.3414780572465894,1.0,2024-03,Q1 2024
Cortland Research Park,2024-03-06,1.4905311747184327,0.8972222222222223,1.3373376928723715,1.0,2024-03,Q1 2024
Cortland Research Park,2024-03-07,1.4889414056518409,0.8972222222222223,1.335911316737624,1.0,2024-03,Q1 2024
Cortland Research Park,2024-03-08,1.4889414056518409,0.8972222222222223,1.335911316737624,1.0,2024-03,Q1 2024
Cortland Research Park,2024-03-09,1.4873321393425434,0.8972222222222223,1.3344674472434488,1.0,2024-03,Q1 2024
Cortland Research Park,2024-03-10,1.4873321393425434,0.9,1.338598925408289,1.0,2024-03,Q1 2024
Cortland Research Park,2024-03-11,1.4873321393425434,0.8944444444444445,1.3303359690786083,1.0,2024-03,Q1 2024
Cortland Research Park,2024-03-12,1.4873321393425434,0.8888888888888888,1.3220730127489273,1.0,2024-03,Q1 2024
Cortland Research Park,2024-03-13,1.4821497108924953,0.8861111111111111,1.313349327151961,1.0,2024-03,Q1 2024
Cortland Research Park,2024-03-14,1.4821497108924953,0.8888888888888888,1.317466409682218,1.0,2024-03,Q1 2024
Cortland Research Park,2024-03-15,1.4795009863789454,0.8861111111111111,1.3110022629302323,1.0,2024-03,Q1 2024
Cortland Research Park,2024-03-16,1.4795009863789454,0.8916666666666666,1.3192217128545596,1.0,2024-03,Q1 2024
Cortland Research Park,2024-03-17,1.4779950172393614,0.8916666666666666,1.3178788903717638,1.0,2024-03,Q1 2024
Cortland Research Park,2024-03-18,1.4779950172393614,0.8944444444444445,1.3219844320863179,1.0,2024-03,Q1 2024
Cortland Research Park,2024-03-19,1.4779950172393614,0.8916666666666666,1.3178788903717638,1.0,2024-03,Q1 2024
Cortland Research Park,2024-03-20,1.4816229480461547,0.8888888888888888,1.3169981760410263,1.0,2024-03,Q1 2024
Cortland Research Park,2024-03-21,1.4816229480461547,0.8916666666666666,1.3211137953411545,1.0,2024-03,Q1 2024
Cortland Research Park,2024-03-22,1.4816229480461547,0.8916666666666666,1.3211137953411545,1.0,2024-03,Q1 2024
Cortland Research Park,2024-03-23,1.4816229480461547,0.8916666666666666,1.3211137953411545,1.0,2024-03,Q1 2024
Cortland Research Park,2024-03-24,1.4816229480461547,0.8916666666666666,1.3211137953411545,1.0,2024-03,Q1 2024
Cortland Research Park,2024-03-25,1.4825620921463494,0.8888888888888888,1.3178329707967549,1.0,2024-03,Q1 2024
Cortland Research Park,2024-03-26,1.486732149416222,0.8861111111111111,1.317409876843819,1.0,2024-03,Q1 2024
Cortland Research Park,2024-03-27,1.486732149416222,0.8888888888888888,1.321539688369975,1.0,2024-03,Q1 2024
Cortland Research Park,2024-03-28,1.486732149416222,0.8888888888888888,1.321539688369975,1.0,2024-03,Q1 2024
Cortland Research Park,2024-03-29,1.4847161597730232,0.8888888888888888,1.3197476975760205,1.0,2024-03,Q1 2024
Cortland Research Park,2024-03-30,1.4847161597730232,0.8916666666666666,1.3238719091309457,1.0,2024-03,Q1 2024
Cortland Research Park,2024-03-31,1.4805626295754484,0.8916666666666666,1.3201683447047747,1.0,2024-03,Q1 2024
Cortland Research Park,2024-04-01,1.4805626295754484,0.8972222222222223,1.3283936926468607,1.0,2024-04,Q2 2024
Cortland Research Park,2024-04-02,1.4761254061795914,0.8972222222222223,1.3244125172111334,1.0,2024-04,Q2 2024
Cortland Research Park,2024-04-03,1.4761254061795914,0.9,1.3285128655616323,1.0,2024-04,Q2 2024
Cortland Research Park,2024-04-04,1.473485754979585,0.8972222222222223,1.3220441634955722,1.0,2024-04,Q2 2024
Cortland Research Park,2024-04-05,1.4692615606949668,0.9,1.3223354046254703,1.0,2024-04,Q2 2024
Cortland Research Park,2024-04-06,1.4692615606949668,0.9055555555555556,1.3304979688515532,1.0,2024-04,Q2 2024
Cortland Research Park,2024-04-07,1.465968046969526,0.9055555555555556,1.3275155092001818,1.0,2024-04,Q2 2024
Cortland Research Park,2024-04-08,1.465968046969526,0.9083333333333333,1.331587642663986,1.0,2024-04,Q2 2024
Cortland Research Park,2024-04-09,1.4600660181015894,0.9055555555555556,1.3221708941697727,1.0,2024-04,Q2 2024
Cortland Research Park,2024-04-10,1.4600660181015894,0.9111111111111111,1.3302823720481147,1.0,2024-04,Q2 2024
Cortland Research Park,2024-04-11,1.4600660181015894,0.9083333333333333,1.3262266331089436,1.0,2024-04,Q2 2024
Cortland Research Park,2024-04-12,1.4589972825642197,0.9083333333333333,1.3252558649958328,1.0,2024-04,Q2 2024
Cortland Research Park,2024-04-13,1.4589972825642197,0.9166666666666666,1.337414175683868,1.0,2024-04,Q2 2024
Cortland Research Park,2024-04-14,1.4589972825642197,0.9166666666666666,1.337414175683868,1.0,2024-04,Q2 2024
Cortland Research Park,2024-04-15,1.4561002553189444,0.9166666666666666,1.334758567375699,1.0,2024-04,Q2 2024
Cortland Research Park,2024-04-16,1.4589111703083293,0.9166666666666666,1.3373352394493019,1.0,2024-04,Q2 2024
Cortland Research Park,2024-04-17,1.4589111703083293,0.9194444444444444,1.341387770477936,1.0,2024-04,Q2 2024
Cortland Research Park,2024-04-18,1.4589111703083293,0.9194444444444444,1.341387770477936,1.0,2024-04,Q2 2024
Cortland Research Park,2024-04-19,1.4589111703083293,0.9194444444444444,1.341387770477936,1.0,2024-04,Q2 2024
Cortland Research Park,2024-04-20,1.4564417390355482,0.9138888888888889,1.331025922618598,1.0,2024-04,Q2 2024
Cortland Research Park,2024-04-21,1.4564417390355482,0.9166666666666666,1.335071594115919,1.0,2024-04,Q2 2024
Cortland Research Park,2024-04-22,1.4577743490418444,0.9166666666666666,1.3362931532883573,1.0,2024-04,Q2 2024
Cortland Research Park,2024-04-23,1.4577743490418444,0.9166666666666666,1.3362931532883573,1.0,2024-04,Q2 2024
Cortland Research Park,2024-04-24,1.4577743490418444,0.9166666666666666,1.3362931532883573,1.0,2024-04,Q2 2024
Cortland Research Park,2024-04-25,1.4521658599653382,0.9138888888888889,1.3271182442461007,1.0,2024-04,Q2 2024
Cortland Research Park,2024-04-26,1.4476054762449153,0.9166666666666666,1.326971686557839,1.0,2024-04,Q2 2024
Cortland Research Park,2024-04-27,1.4476054762449153,0.9194444444444444,1.3309928128807416,1.0,2024-04,Q2 2024
Cortland Research Park,2024-04-28,1.4476054762449153,0.9166666666666666,1.326971686557839,1.0,2024-04,Q2 2024
Cortland Research Park,2024-04-29,1.4476054762449153,0.9111111111111111,1.3189294339120339,1.0,2024-04,Q2 2024
Cortland Research Park,2024-04-30,1.4476054762449153,0.9055555555555556,1.3108871812662288,1.0,2024-04,Q2 2024
Cortland Research Park,2024-05-01,1.4476054762449153,0.9055555555555556,1.3108871812662288,1.0,2024-05,Q2 2024
Cortland Research Park,2024-05-02,1.4476054762449153,0.9055555555555556,1.3108871812662288,1.0,2024-05,Q2 2024
Cortland Research Park,2024-05-03,1.4446383042861077,0.9055555555555556,1.308200242214642,1.0,2024-05,Q2 2024
Cortland Research Park,2024-05-04,1.4446383042861077,0.9083333333333333,1.3122131263932144,1.0,2024-05,Q2 2024
Cortland Research Park,2024-05-05,1.4446383042861077,0.9083333333333333,1.3122131263932144,1.0,2024-05,Q2 2024
Cortland Research Park,2024-05-06,1.4446383042861077,0.9083333333333333,1.3122131263932144,1.0,2024-05,Q2 2024
Cortland Research Park,2024-05-07,1.4331223887967754,0.9027777777777778,1.2937910454415333,1.0,2024-05,Q2 2024
Cortland Research Park,2024-05-08,1.4331223887967754,0.9083333333333333,1.3017528364904043,1.0,2024-05,Q2 2024
Cortland Research Park,2024-05-09,1.4331223887967754,0.9083333333333333,1.3017528364904043,1.0,2024-05,Q2 2024
Cortland Research Park,2024-05-10,1.4331223887967754,0.9083333333333333,1.3017528364904043,1.0,2024-05,Q2 2024
Cortland Research Park,2024-05-11,1.4331223887967754,0.9083333333333333,1.3017528364904043,1.0,2024-05,Q2 2024
Cortland Research Park,2024-05-12,1.4331223887967754,0.9083333333333333,1.3017528364904043,1.0,2024-05,Q2 2024
Cortland Research Park,2024-05-13,1.4331223887967754,0.9083333333333333,1.3017528364904043,1.0,2024-05,Q2 2024
Cortland Research Park,2024-05-14,1.4316047194157968,0.9055555555555556,1.296397607026527,1.0,2024-05,Q2 2024
Cortland Research Park,2024-05-15,1.4299033656593791,0.9055555555555556,1.2948569366804379,1.0,2024-05,Q2 2024
Cortland Research Park,2024-05-16,1.4301360035631974,0.9055555555555556,1.2950676032266732,1.0,2024-05,Q2 2024
Cortland Research Park,2024-05-17,1.4287977624674884,0.9194444444444444,1.313700164935385,1.0,2024-05,Q2 2024
Cortland Research Park,2024-05-18,1.4280496806864127,0.9222222222222223,1.3169791499663583,1.0,2024-05,Q2 2024
Cortland Research Park,2024-05-19,1.4280496806864127,0.9305555555555556,1.3288795639720785,1.0,2024-05,Q2 2024
Cortland Research Park,2024-05-20,1.4280496806864127,0.9277777777777778,1.324912759303505,1.0,2024-05,Q2 2024
Cortland Research Park,2024-05-21,1.4280496806864127,0.9222222222222223,1.3169791499663583,1.0,2024-05,Q2 2024
Cortland Research Park,2024-05-22,1.4280971292290197,0.9222222222222223,1.3170229080667626,1.0,2024-05,Q2 2024
Cortland Research Park,2024-05-23,1.4280971292290197,0.925,1.3209898445368433,1.0,2024-05,Q2 2024
Cortland Research Park,2024-05-24,1.428664054274609,0.925,1.3215142502040134,1.0,2024-05,Q2 2024
Cortland Research Park,2024-05-25,1.428664054274609,0.9222222222222223,1.3175457389421394,1.0,2024-05,Q2 2024
Cortland Research Park,2024-05-26,1.428664054274609,0.9222222222222223,1.3175457389421394,1.0,2024-05,Q2 2024
Cortland Research Park,2024-05-27,1.4313934782625573,0.9222222222222223,1.3200628743976917,1.0,2024-05,Q2 2024
Cortland Research Park,2024-05-28,1.4313934782625573,0.925,1.3240389673928654,1.0,2024-05,Q2 2024
Cortland Research Park,2024-05-29,1.4318060983032186,0.925,1.3244206409304773,1.0,2024-05,Q2 2024
Cortland Research Park,2024-05-30,1.4318060983032186,0.925,1.3244206409304773,1.0,2024-05,Q2 2024
Cortland Research Park,2024-05-31,1.4329203685237197,0.9222222222222223,1.3214710065274304,1.0,2024-05,Q2 2024
Cortland Research Park,2024-06-01,1.4323041433260184,0.9194444444444444,1.316924087335867,1.0,2024-06,Q2 2024
Cortland Research Park,2024-06-02,1.4363930314027975,0.9222222222222223,1.3246735734048023,1.0,2024-06,Q2 2024
Cortland Research Park,2024-06-03,1.4363930314027975,0.9277777777777778,1.3326535346903734,1.0,2024-06,Q2 2024
Cortland Research Park,2024-06-04,1.4363930314027975,0.9277777777777778,1.3326535346903734,1.0,2024-06,Q2 2024
Cortland Research Park,2024-06-05,1.4363930314027975,0.9277777777777778,1.3326535346903734,1.0,2024-06,Q2 2024
Cortland Research Park,2024-06-06,1.4363930314027975,0.9277777777777778,1.3326535346903734,1.0,2024-06,Q2 2024
Cortland Research Park,2024-06-07,1.4392512437286111,0.9277777777777778,1.3353053205704337,1.0,2024-06,Q2 2024
Cortland Research Park,2024-06-08,1.4392512437286111,0.9305555555555556,1.339303240691902,1.0,2024-06,Q2 2024
Cortland Research Park,2024-06-09,1.4456090204266046,0.9305555555555556,1.3452195051192015,1.0,2024-06,Q2 2024
Cortland Research Park,2024-06-10,1.4456090204266046,0.9361111111111111,1.3532506663437938,1.0,2024-06,Q2 2024
Cortland Research Park,2024-06-11,1.4456090204266046,0.9333333333333333,1.3492350857314976,1.0,2024-06,Q2 2024
Cortland Research Park,2024-06-12,1.4456090204266046,0.9305555555555556,1.3452195051192015,1.0,2024-06,Q2 2024
Cortland Research Park,2024-06-13,1.447276736091807,0.9277777777777778,1.3427511940407322,1.0,2024-06,Q2 2024
Cortland Research Park,2024-06-14,1.447276736091807,0.9277777777777778,1.3427511940407322,1.0,2024-06,Q2 2024
Cortland Research Park,2024-06-15,1.447276736091807,0.9277777777777778,1.3427511940407322,1.0,2024-06,Q2 2024
Cortland Research Park,2024-06-16,1.447276736091807,0.9277777777777778,1.3427511940407322,1.0,2024-06,Q2 2024
Cortland Research Park,2024-06-17,1.447276736091807,0.925,1.3387309808849217,1.0,2024-06,Q2 2024
Cortland Research Park,2024-06-18,1.447276736091807,0.925,1.3387309808849217,1.0,2024-06,Q2 2024
Cortland Research Park,2024-06-19,1.447276736091807,0.925,1.3387309808849217,1.0,2024-06,Q2 2024
Cortland Research Park,2024-06-20,1.447276736091807,0.925,1.3387309808849217,1.0,2024-06,Q2 2024
Cortland Research Park,2024-06-21,1.4480758037610515,0.925,1.3394701184789728,1.0,2024-06,Q2 2024
Cortland Research Park,2024-06-22,1.4480758037610515,0.9277777777777778,1.3434925512671978,1.0,2024-06,Q2 2024
Cortland Research Park,2024-06-23,1.4506674311224277,0.9277777777777778,1.3458970055413635,1.0,2024-06,Q2 2024
Cortland Research Park,2024-06-24,1.4506674311224277,0.9222222222222223,1.3378377420351277,1.0,2024-06,Q2 2024
Cortland Research Park,2024-06-25,1.4506674311224277,0.9194444444444444,1.3338081102820099,1.0,2024-06,Q2 2024
Cortland Research Park,2024-06-26,1.4540521075957233,0.9166666666666666,1.332881098629413,1.0,2024-06,Q2 2024
Cortland Research Park,2024-06-27,1.4540521075957233,0.9166666666666666,1.332881098629413,1.0,2024-06,Q2 2024
Cortland Research Park,2024-06-28,1.4540521075957233,0.9138888888888889,1.3288420649972026,1.0,2024-06,Q2 2024
Cortland Research Park,2024-06-29,1.4540521075957233,0.9138888888888889,1.3288420649972026,1.0,2024-06,Q2 2024
Cortland Research Park,2024-06-30,1.4540521075957233,0.9111111111111111,1.3248030313649923,1.0,2024-06,Q2 2024
Cortland Research Park,2024-07-01,1.4540521075957233,0.9111111111111111,1.3248030313649923,1.0,2024-07,Q3 2024
Cortland Research Park,2024-07-02,1.4540521075957233,0.9055555555555556,1.3167249641005716,1.0,2024-07,Q3 2024
Cortland Research Park,2024-07-03,1.4546269651415569,0.9055555555555556,1.3172455295448542,1.0,2024-07,Q3 2024
Cortland Research Park,2024-07-04,1.4546269651415569,0.9083333333333333,1.3212861600035808,1.0,2024-07,Q3 2024
Cortland Research Park,2024-07-05,1.4546269651415569,0.9027777777777778,1.3132048990861278,1.0,2024-07,Q3 2024
Cortland Research Park,2024-07-06,1.4546269651415569,0.9027777777777778,1.3132048990861278,1.0,2024-07,Q3 2024
Cortland Research Park,2024-07-07,1.4546269651415569,0.9027777777777778,1.3132048990861278,1.0,2024-07,Q3 2024
Cortland Research Park,2024-07-08,1.455251145182361,0.9,1.309726030664125,1.0,2024-07,Q3 2024
Cortland Research Park,2024-07-09,1.455251145182361,0.9027777777777778,1.3137683949562982,1.0,2024-07,Q3 2024
Cortland Research Park,2024-07-10,1.455251145182361,0.9,1.309726030664125,1.0,2024-07,Q3 2024
Cortland Research Park,2024-07-11,1.4557142953787603,0.8916666666666666,1.2980119133793946,1.0,2024-07,Q3 2024
Cortland Research Park,2024-07-12,1.4614842431978115,0.8916666666666666,1.3031567835180484,1.0,2024-07,Q3 2024
Cortland Research Park,2024-07-13,1.4614842431978115,0.8972222222222223,1.311276140424703,1.0,2024-07,Q3 2024
Cortland Research Park,2024-07-14,1.4614842431978115,0.8972222222222223,1.311276140424703,1.0,2024-07,Q3 2024
Cortland Research Park,2024-07-15,1.4614842431978115,0.8972222222222223,1.311276140424703,1.0,2024-07,Q3 2024
Cortland Research Park,2024-07-16,1.4614842431978115,0.8972222222222223,1.311276140424703,1.0,2024-07,Q3 2024
Cortland Research Park,2024-07-17,1.4614842431978115,0.8972222222222223,1.311276140424703,1.0,2024-07,Q3 2024
Cortland Research Park,2024-07-18,1.4614842431978115,0.8861111111111111,1.295037426611394,1.0,2024-07,Q3 2024
Cortland Research Park,2024-07-19,1.4614842431978115,0.8861111111111111,1.295037426611394,1.0,2024-07,Q3 2024
Cortland Research Park,2024-07-20,1.4614842431978115,0.8833333333333333,1.2909777481580667,1.0,2024-07,Q3 2024
Cortland Research Park,2024-07-21,1.4614842431978115,0.8833333333333333,1.2909777481580667,1.0,2024-07,Q3 2024
Cortland Research Park,2024-07-22,1.4614842431978115,0.8833333333333333,1.2909777481580667,1.0,2024-07,Q3 2024
Cortland Research Park,2024-07-23,1.4614842431978115,0.8833333333333333,1.2909777481580667,1.0,2024-07,Q3 2024
Cortland Research Park,2024-07-24,1.4638575410908454,0.8805555555555555,1.2890078903494389,1.0,2024-07,Q3 2024
Cortland Research Park,2024-07-25,1.464320088277947,0.8805555555555555,1.2894151888447478,1.0,2024-07,Q3 2024
Cortland Research Park,2024-07-26,1.464320088277947,0.8833333333333333,1.29348274464552,1.0,2024-07,Q3 2024
Cortland Research Park,2024-07-27,1.462612488702997,0.8805555555555555,1.2879115525523612,1.0,2024-07,Q3 2024
Cortland Research Park,2024-07-28,1.462612488702997,0.8833333333333333,1.2919743650209807,1.0,2024-07,Q3 2024
Cortland Research Park,2024-07-29,1.4630992063304027,0.8833333333333333,1.292404298925189,1.0,2024-07,Q3 2024
Cortland Research Park,2024-07-30,1.4630992063304027,0.8861111111111111,1.2964684633872179,1.0,2024-07,Q3 2024
Cortland Research Park,2024-07-31,1.4630992063304027,0.8861111111111111,1.2964684633872179,1.0,2024-07,Q3 2024
Cortland Research Park,2024-08-01,1.4630992063304027,0.8861111111111111,1.2964684633872179,1.0,2024-08,Q3 2024
Cortland Research Park,2024-08-02,1.4630992063304027,0.8861111111111111,1.2964684633872179,1.0,2024-08,Q3 2024
Cortland Research Park,2024-08-03,1.4619991685508789,0.8833333333333333,1.2914325988866096,1.0,2024-08,Q3 2024
Cortland Research Park,2024-08-04,1.4614914541019735,0.8861111111111111,1.295043816273693,1.0,2024-08,Q3 2024
Cortland Research Park,2024-08-05,1.4614914541019735,0.8861111111111111,1.295043816273693,1.0,2024-08,Q3 2024
Cortland Research Park,2024-08-06,1.4614914541019735,0.8861111111111111,1.295043816273693,1.0,2024-08,Q3 2024
Cortland Research Park,2024-08-07,1.4608890725388535,0.8833333333333333,1.2904520140759872,1.0,2024-08,Q3 2024
Cortland Research Park,2024-08-08,1.4608890725388535,0.8833333333333333,1.2904520140759872,1.0,2024-08,Q3 2024
Cortland Research Park,2024-08-09,1.4608890725388535,0.8805555555555555,1.2863939888744904,1.0,2024-08,Q3 2024
Cortland Research Park,2024-08-10,1.460038674719925,0.8805555555555555,1.2856451663506006,1.0,2024-08,Q3 2024
Cortland Research Park,2024-08-11,1.460038674719925,0.8833333333333333,1.2897008293359338,1.0,2024-08,Q3 2024
Cortland Research Park,2024-08-12,1.460038674719925,0.8833333333333333,1.2897008293359338,1.0,2024-08,Q3 2024
Cortland Research Park,2024-08-13,1.460038674719925,0.8833333333333333,1.2897008293359338,1.0,2024-08,Q3 2024
Cortland Research Park,2024-08-14,1.4640531257148115,0.8833333333333333,1.29324692771475,1.0,2024-08,Q3 2024
Cortland Research Park,2024-08-15,1.4640531257148115,0.8861111111111111,1.2973137419528469,1.0,2024-08,Q3 2024
Cortland Research Park,2024-08-16,1.4632406328597354,0.8861111111111111,1.2965937830062655,1.0,2024-08,Q3 2024
Cortland Research Park,2024-08-17,1.464966958110514,0.8888888888888888,1.3021928516537902,1.0,2024-08,Q3 2024
Cortland Research Park,2024-08-18,1.464966958110514,0.8916666666666666,1.3062622043152083,1.0,2024-08,Q3 2024
Cortland Research Park,2024-08-19,1.464966958110514,0.8916666666666666,1.3062622043152083,1.0,2024-08,Q3 2024
Cortland Research Park,2024-08-20,1.4642910286990314,0.8916666666666666,1.3056595005899696,1.0,2024-08,Q3 2024
Cortland Research Park,2024-08-21,1.4642910286990314,0.8944444444444445,1.3097269756696892,1.0,2024-08,Q3 2024
Cortland Research Park,2024-08-22,1.4642910286990314,0.8944444444444445,1.3097269756696892,1.0,2024-08,Q3 2024
Cortland Research Park,2024-08-23,1.4642910286990314,0.8944444444444445,1.3097269756696892,1.0,2024-08,Q3 2024
Cortland Research Park,2024-08-24,1.4642910286990314,0.8944444444444445,1.3097269756696892,1.0,2024-08,Q3 2024
Cortland Research Park,2024-08-25,1.4642910286990314,0.8888888888888888,1.30159202551025,1.0,2024-08,Q3 2024
Cortland Research Park,2024-08-26,1.4642910286990314,0.8888888888888888,1.30159202551025,1.0,2024-08,Q3 2024
Cortland Research Park,2024-08-27,1.4627766031382363,0.8861111111111111,1.2961826011141593,1.0,2024-08,Q3 2024
Cortland Research Park,2024-08-28,1.4627766031382363,0.8861111111111111,1.2961826011141593,1.0,2024-08,Q3 2024
Cortland Research Park,2024-08-29,1.4627766031382363,0.8833333333333333,1.2921193327721088,1.0,2024-08,Q3 2024
Cortland Research Park,2024-08-30,1.4627766031382363,0.8833333333333333,1.2921193327721088,1.0,2024-08,Q3 2024
Cortland Research Park,2024-08-31,1.4627766031382363,0.8833333333333333,1.2921193327721088,1.0,2024-08,Q3 2024
Cortland Research Park,2024-09-01,1.4627766031382363,0.8777777777777778,1.2839927960880073,1.0,2024-09,Q3 2024
Cortland Research Park,2024-09-02,1.4627766031382363,0.8777777777777778,1.2839927960880073,1.0,2024-09,Q3 2024
Cortland Research Park,2024-09-03,1.4627766031382363,0.8777777777777778,1.2839927960880073,1.0,2024-09,Q3 2024
Cortland Research Park,2024-09-04,1.4627766031382363,0.8777777777777778,1.2839927960880073,1.0,2024-09,Q3 2024
Cortland Research Park,2024-09-05,1.4627766031382363,0.8777777777777778,1.2839927960880073,1.0,2024-09,Q3 2024
Cortland Research Park,2024-09-06,1.4641082186860856,0.8777777777777778,1.285161658624453,1.0,2024-09,Q3 2024
Cortland Research Park,2024-09-07,1.4641082186860856,0.8805555555555555,1.289228625898581,1.0,2024-09,Q3 2024
Cortland Research Park,2024-09-08,1.4641082186860856,0.8805555555555555,1.289228625898581,1.0,2024-09,Q3 2024
Cortland Research Park,2024-09-09,1.4641082186860856,0.8805555555555555,1.289228625898581,1.0,2024-09,Q3 2024
Cortland Research Park,2024-09-10,1.4665605261371328,0.8777777777777778,1.287314239609261,1.0,2024-09,Q3 2024
Cortland Research Park,2024-09-11,1.4665605261371328,0.8861111111111111,1.2995355773270705,1.0,2024-09,Q3 2024
Cortland Research Park,2024-09-12,1.4665605261371328,0.8833333333333333,1.2954617980878007,1.0,2024-09,Q3 2024
Cortland Research Park,2024-09-13,1.4665605261371328,0.8833333333333333,1.2954617980878007,1.0,2024-09,Q3 2024
Cortland Research Park,2024-09-14,1.4679955489135519,0.8833333333333333,1.2967294015403041,1.0,2024-09,Q3 2024
Cortland Research Park,2024-09-15,1.4679955489135519,0.8833333333333333,1.2967294015403041,1.0,2024-09,Q3 2024
Cortland Research Park,2024-09-16,1.4679955489135519,0.8833333333333333,1.2967294015403041,1.0,2024-09,Q3 2024
Cortland Research Park,2024-09-17,1.4671822449505145,0.8833333333333333,1.2960109830396211,1.0,2024-09,Q3 2024
Cortland Research Park,2024-09-18,1.4671822449505145,0.8861111111111111,1.3000864892755948,1.0,2024-09,Q3 2024
Cortland Research Park,2024-09-19,1.4671822449505145,0.8833333333333333,1.2960109830396211,1.0,2024-09,Q3 2024
Cortland Research Park,2024-09-20,1.4657750292122356,0.8805555555555555,1.2906963451674407,1.0,2024-09,Q3 2024
Cortland Research Park,2024-09-21,1.4642904108054506,0.8833333333333333,1.2934565295448146,1.0,2024-09,Q3 2024
Cortland Research Park,2024-09-22,1.4626327093233147,0.8861111111111111,1.296055095205937,1.0,2024-09,Q3 2024
Cortland Research Park,2024-09-23,1.4626327093233147,0.8888888888888888,1.3001179638429463,1.0,2024-09,Q3 2024
Cortland Research Park,2024-09-24,1.4626327093233147,0.8833333333333333,1.2919922265689279,1.0,2024-09,Q3 2024
Cortland Research Park,2024-09-25,1.4626327093233147,0.8833333333333333,1.2919922265689279,1.0,2024-09,Q3 2024
Cortland Research Park,2024-09-26,1.4626327093233147,0.8833333333333333,1.2919922265689279,1.0,2024-09,Q3 2024
Cortland Research Park,2024-09-27,1.4633225331612918,0.8833333333333333,1.292601570959141,1.0,2024-09,Q3 2024
Cortland Research Park,2024-09-28,1.4633225331612918,0.8861111111111111,1.2966663557734779,1.0,2024-09,Q3 2024
Cortland Research Park,2024-09-29,1.4633225331612918,0.8861111111111111,1.2966663557734779,1.0,2024-09,Q3 2024
Cortland Research Park,2024-09-30,1.4633225331612918,0.8861111111111111,1.2966663557734779,1.0,2024-09,Q3 2024
Cortland Research Park,2024-10-01,1.4633225331612918,0.8861111111111111,1.2966663557734779,1.0,2024-10,Q4 2024
Cortland Research Park,2024-10-02,1.4633225331612918,0.8833333333333333,1.292601570959141,1.0,2024-10,Q4 2024
Cortland Research Park,2024-10-03,1.4633225331612918,0.875,1.2804072165161302,1.0,2024-10,Q4 2024
Cortland Research Park,2024-10-04,1.4633225331612918,0.875,1.2804072165161302,1.0,2024-10,Q4 2024
Cortland Research Park,2024-10-05,1.4633225331612918,0.875,1.2804072165161302,1.0,2024-10,Q4 2024
Cortland Research Park,2024-10-06,1.4633225331612918,0.875,1.2804072165161302,1.0,2024-10,Q4 2024
Cortland Research Park,2024-10-07,1.4633225331612918,0.875,1.2804072165161302,1.0,2024-10,Q4 2024
Cortland Research Park,2024-10-08,1.4614903190219086,0.8722222222222222,1.2747443338135536,1.0,2024-10,Q4 2024
Cortland Research Park,2024-10-09,1.4609071360565002,0.875,1.2782937440494377,1.0,2024-10,Q4 2024
Cortland Research Park,2024-10-10,1.4609071360565002,0.875,1.2782937440494377,1.0,2024-10,Q4 2024
Cortland Research Park,2024-10-11,1.4609071360565002,0.8722222222222222,1.274235668671503,1.0,2024-10,Q4 2024
Cortland Research Park,2024-10-12,1.4609071360565002,0.8722222222222222,1.274235668671503,1.0,2024-10,Q4 2024
Cortland Research Park,2024-10-13,1.4609071360565002,0.8722222222222222,1.274235668671503,1.0,2024-10,Q4 2024
Cortland Research Park,2024-10-14,1.4609071360565002,0.8722222222222222,1.274235668671503,1.0,2024-10,Q4 2024
Cortland Research Park,2024-10-15,1.4609071360565002,0.8722222222222222,1.274235668671503,1.0,2024-10,Q4 2024
Cortland Research Park,2024-10-16,1.4609071360565002,0.8694444444444445,1.2701775932935684,1.0,2024-10,Q4 2024
Cortland Research Park,2024-10-17,1.45905959793171,0.8694444444444445,1.2685712615350702,1.0,2024-10,Q4 2024
Cortland Research Park,2024-10-18,1.4575155248394305,0.8722222222222222,1.2712774299988365,1.0,2024-10,Q4 2024
Cortland Research Park,2024-10-19,1.4557243006074154,0.875,1.2737587630314886,1.0,2024-10,Q4 2024
Cortland Research Park,2024-10-20,1.4557243006074154,0.8777777777777778,1.2778024416442868,1.0,2024-10,Q4 2024
Cortland Research Park,2024-10-21,1.4557243006074154,0.8777777777777778,1.2778024416442868,1.0,2024-10,Q4 2024
Cortland Research Park,2024-10-22,1.4557243006074154,0.8777777777777778,1.2778024416442868,1.0,2024-10,Q4 2024
Cortland Research Park,2024-10-23,1.4557243006074154,0.8722222222222222,1.2697150844186902,1.0,2024-10,Q4 2024
Cortland Research Park,2024-10-24,1.4557243006074154,0.8694444444444445,1.2656714058058918,1.0,2024-10,Q4 2024
Cortland Research Park,2024-10-25,1.4557243006074154,0.8694444444444445,1.2656714058058918,1.0,2024-10,Q4 2024
Cortland Research Park,2024-10-26,1.456114179479001,0.8694444444444445,1.266010383824798,1.0,2024-10,Q4 2024
Cortland Research Park,2024-10-27,1.4553905717992668,0.8722222222222222,1.2694239987360272,1.0,2024-10,Q4 2024
Cortland Research Park,2024-10-28,1.4553905717992668,0.875,1.2734667503243584,1.0,2024-10,Q4 2024
Cortland Research Park,2024-10-29,1.4553905717992668,0.875,1.2734667503243584,1.0,2024-10,Q4 2024
Cortland Research Park,2024-10-30,1.4553905717992668,0.8722222222222222,1.2694239987360272,1.0,2024-10,Q4 2024
Cortland Research Park,2024-10-31,1.4553905717992668,0.8722222222222222,1.2694239987360272,1.0,2024-10,Q4 2024
Cortland Research Park,2024-11-01,1.4546955975367475,0.8694444444444445,1.2647770056361165,1.0,2024-11,Q4 2024
Cortland Research Park,2024-11-02,1.4546955975367475,0.8722222222222222,1.2688178267403853,1.0,2024-11,Q4 2024
Cortland Research Park,2024-11-03,1.4546955975367475,0.8722222222222222,1.2688178267403853,1.0,2024-11,Q4 2024
Cortland Research Park,2024-11-04,1.4546955975367475,0.8722222222222222,1.2688178267403853,1.0,2024-11,Q4 2024
Cortland Research Park,2024-11-05,1.4535571780989909,0.8694444444444445,1.2637872131805115,1.0,2024-11,Q4 2024
Cortland Research Park,2024-11-06,1.4535571780989909,0.875,1.271862530836617,1.0,2024-11,Q4 2024
Cortland Research Park,2024-11-07,1.4535571780989909,0.875,1.271862530836617,1.0,2024-11,Q4 2024
Cortland Research Park,2024-11-08,1.4535571780989909,0.875,1.271862530836617,1.0,2024-11,Q4 2024
Cortland Research Park,2024-11-09,1.449518262113009,0.875,1.2683284793488827,1.0,2024-11,Q4 2024
Cortland Research Park,2024-11-10,1.4485338413636657,0.8805555555555555,1.2755145214230057,1.0,2024-11,Q4 2024
Cortland Research Park,2024-11-11,1.4476702084363278,0.8833333333333333,1.278775350785423,1.0,2024-11,Q4 2024
Cortland Research Park,2024-11-12,1.4479350567522706,0.8861111111111111,1.2830313419554842,1.0,2024-11,Q4 2024
Cortland Research Park,2024-11-13,1.4461199273414018,0.8888888888888888,1.2854399354145793,1.0,2024-11,Q4 2024
Cortland Research Park,2024-11-14,1.4451778590513882,0.8916666666666666,1.288616924320821,1.0,2024-11,Q4 2024
Cortland Research Park,2024-11-15,1.4451778590513882,0.8944444444444445,1.2926313072626305,1.0,2024-11,Q4 2024
Cortland Research Park,2024-11-16,1.4451778590513882,0.8944444444444445,1.2926313072626305,1.0,2024-11,Q4 2024
Cortland Research Park,2024-11-17,1.4451778590513882,0.8944444444444445,1.2926313072626305,1.0,2024-11,Q4 2024
Cortland Research Park,2024-11-18,1.4451778590513882,0.8916666666666666,1.288616924320821,1.0,2024-11,Q4 2024
Cortland Research Park,2024-11-19,1.4440146613598883,0.8888888888888888,1.2835685878754561,1.0,2024-11,Q4 2024
Cortland Research Park,2024-11-20,1.4423499246259535,0.8916666666666666,1.2860953494581417,1.0,2024-11,Q4 2024
Cortland Research Park,2024-11-21,1.4423499246259535,0.8944444444444445,1.2901018770265473,1.0,2024-11,Q4 2024
Cortland Research Park,2024-11-22,1.4423499246259535,0.8888888888888888,1.2820888218897364,1.0,2024-11,Q4 2024
Cortland Research Park,2024-11-23,1.4423499246259535,0.8861111111111111,1.278082294321331,1.0,2024-11,Q4 2024
Cortland Research Park,2024-11-24,1.4423499246259535,0.8861111111111111,1.278082294321331,1.0,2024-11,Q4 2024
Cortland Research Park,2024-11-25,1.4423499246259535,0.8861111111111111,1.278082294321331,1.0,2024-11,Q4 2024
Cortland Research Park,2024-11-26,1.4423499246259535,0.8861111111111111,1.278082294321331,1.0,2024-11,Q4 2024
Cortland Research Park,2024-11-27,1.4423499246259535,0.8833333333333333,1.2740757667529254,1.0,2024-11,Q4 2024
Cortland Research Park,2024-11-28,1.4423499246259535,0.8833333333333333,1.2740757667529254,1.0,2024-11,Q4 2024
Cortland Research Park,2024-11-29,1.4423499246259535,0.8833333333333333,1.2740757667529254,1.0,2024-11,Q4 2024
Cortland Research Park,2024-11-30,1.4423499246259535,0.8833333333333333,1.2740757667529254,1.0,2024-11,Q4 2024
Cortland Research Park,2024-12-01,1.4423499246259535,0.8833333333333333,1.2740757667529254,1.0,2024-12,Q4 2024
Cortland Research Park,2024-12-02,1.4423499246259535,0.8805555555555555,1.27006923918452,1.0,2024-12,Q4 2024
Cortland Research Park,2024-12-03,1.4423499246259535,0.8777777777777778,1.2660627116161147,1.0,2024-12,Q4 2024
Cortland Research Park,2024-12-04,1.4423499246259535,0.8777777777777778,1.2660627116161147,1.0,2024-12,Q4 2024
Cortland Research Park,2024-12-05,1.4395775313229338,0.8722222222222222,1.25563151343167,1.0,2024-12,Q4 2024
Cortland Research Park,2024-12-06,1.4395775313229338,0.875,1.259630339907567,1.0,2024-12,Q4 2024
Cortland Research Park,2024-12-07,1.4395775313229338,0.875,1.259630339907567,1.0,2024-12,Q4 2024
Cortland Research Park,2024-12-08,1.4360891624046903,0.875,1.256578017104104,1.0,2024-12,Q4 2024
Cortland Research Park,2024-12-09,1.4360891624046903,0.8777777777777778,1.2605671536663392,1.0,2024-12,Q4 2024
Cortland Research Park,2024-12-10,1.4360891624046903,0.8777777777777778,1.2605671536663392,1.0,2024-12,Q4 2024
Cortland Research Park,2024-12-11,1.4360891624046903,0.8777777777777778,1.2605671536663392,1.0,2024-12,Q4 2024
Cortland Research Park,2024-12-12,1.4360891624046903,0.8777777777777778,1.2605671536663392,1.0,2024-12,Q4 2024
Cortland Research Park,2024-12-13,1.4360891624046903,0.8777777777777778,1.2605671536663392,1.0,2024-12,Q4 2024
Cortland Research Park,2024-12-14,1.4332411548165014,0.8777777777777778,1.2580672358944844,1.0,2024-12,Q4 2024
Cortland Research Park,2024-12-15,1.4332411548165014,0.8805555555555555,1.2620484613245304,1.0,2024-12,Q4 2024
Cortland Research Park,2024-12-16,1.4332411548165014,0.8805555555555555,1.2620484613245304,1.0,2024-12,Q4 2024
Cortland Research Park,2024-12-17,1.4332411548165014,0.875,1.2540860104644387,1.0,2024-12,Q4 2024
Cortland Research Park,2024-12-18,1.4332411548165014,0.875,1.2540860104644387,1.0,2024-12,Q4 2024
Cortland Research Park,2024-12-19,1.4332411548165014,0.875,1.2540860104644387,1.0,2024-12,Q4 2024
Cortland Research Park,2024-12-20,1.4268434942801618,0.8722222222222222,1.2445246033443633,1.0,2024-12,Q4 2024
Cortland Research Park,2024-12-21,1.426278307766265,0.8777777777777778,1.2519554034837215,1.0,2024-12,Q4 2024
Cortland Research Park,2024-12-22,1.426278307766265,0.8805555555555555,1.255917287671961,1.0,2024-12,Q4 2024
Cortland Research Park,2024-12-23,1.426278307766265,0.8805555555555555,1.255917287671961,1.0,2024-12,Q4 2024
Cortland Research Park,2024-12-24,1.4230613294915362,0.8777777777777778,1.2491316114425706,1.0,2024-12,Q4 2024
Cortland Research Park,2024-12-25,1.4230613294915362,0.8833333333333333,1.2570375077175235,1.0,2024-12,Q4 2024
Cortland Research Park,2024-12-26,1.4230613294915362,0.8833333333333333,1.2570375077175235,1.0,2024-12,Q4 2024
Cortland Research Park,2024-12-27,1.4230613294915362,0.8805555555555555,1.253084559580047,1.0,2024-12,Q4 2024
Cortland Research Park,2024-12-28,1.4196949260998344,0.8805555555555555,1.250120254371243,1.0,2024-12,Q4 2024
Cortland Research Park,2024-12-29,1.4170311654710173,0.8888888888888888,1.2595832581964597,1.0,2024-12,Q4 2024
Cortland Research Park,2024-12-30,1.4135425460482238,0.8916666666666666,1.260408770226333,1.0,2024-12,Q4 2024
Cortland Research Park,2024-12-31,1.4111369355034598,0.8972222222222223,1.266103417132271,1.0,2024-12,Q4 2024
Cortland Research Park,2025-01-01,1.4111369355034598,0.9,1.270023241953114,1.0,2025-01,Q1 2025
Cortland Research Park,2025-01-02,1.4107943499125315,0.9,1.2697149149212783,1.0,2025-01,Q1 2025
Cortland Research Park,2025-01-03,1.4107943499125315,0.8972222222222223,1.2657960417270768,1.0,2025-01,Q1 2025
Cortland Research Park,2025-01-04,1.410454467034205,0.8972222222222223,1.2654910912556896,1.0,2025-01,Q1 2025
Cortland Research Park,2025-01-05,1.410454467034205,0.9,1.2694090203307844,1.0,2025-01,Q1 2025
Cortland Research Park,2025-01-06,1.410454467034205,0.9,1.2694090203307844,1.0,2025-01,Q1 2025
Cortland Research Park,2025-01-07,1.410454467034205,0.9,1.2694090203307844,1.0,2025-01,Q1 2025
Cortland Research Park,2025-01-08,1.410454467034205,0.9,1.2694090203307844,1.0,2025-01,Q1 2025
Cortland Research Park,2025-01-09,1.4051993645914334,0.8916666666666666,1.2529694334273613,1.0,2025-01,Q1 2025
Cortland Research Park,2025-01-10,1.4051993645914334,0.8972222222222223,1.2607760965639805,1.0,2025-01,Q1 2025
Cortland Research Park,2025-01-11,1.4028674579390596,0.8944444444444445,1.2547870040454923,1.0,2025-01,Q1 2025
Cortland Research Park,2025-01-12,1.401604572626135,0.8972222222222223,1.257550769328449,1.0,2025-01,Q1 2025
Cortland Research Park,2025-01-13,1.401604572626135,0.9,1.2614441153635216,1.0,2025-01,Q1 2025
Cortland Research Park,2025-01-14,1.401604572626135,0.9,1.2614441153635216,1.0,2025-01,Q1 2025
Cortland Research Park,2025-01-15,1.401604572626135,0.9,1.2614441153635216,1.0,2025-01,Q1 2025
Cortland Research Park,2025-01-16,1.401604572626135,0.8972222222222223,1.257550769328449,1.0,2025-01,Q1 2025
Cortland Research Park,2025-01-17,1.4003893831525374,0.8972222222222223,1.2564604743285266,1.0,2025-01,Q1 2025
Cortland Research Park,2025-01-18,1.4003893831525374,0.9,1.2603504448372838,1.0,2025-01,Q1 2025
Cortland Research Park,2025-01-19,1.4003893831525374,0.9,1.2603504448372838,1.0,2025-01,Q1 2025
Cortland Research Park,2025-01-20,1.4003893831525374,0.9,1.2603504448372838,1.0,2025-01,Q1 2025
Cortland Research Park,2025-01-21,1.4003893831525374,0.9,1.2603504448372838,1.0,2025-01,Q1 2025
Cortland Research Park,2025-01-22,1.4003893831525374,0.9,1.2603504448372838,1.0,2025-01,Q1 2025
Cortland Research Park,2025-01-23,1.4003893831525374,0.9,1.2603504448372838,1.0,2025-01,Q1 2025
Cortland Research Park,2025-01-24,1.4003893831525374,0.9,1.2603504448372838,1.0,2025-01,Q1 2025
Cortland Research Park,2025-01-25,1.3985644829437534,0.8972222222222223,1.2548231333078677,1.0,2025-01,Q1 2025
Cortland Research Park,2025-01-26,1.3985644829437534,0.9027777777777778,1.2625929359908885,1.0,2025-01,Q1 2025
Cortland Research Park,2025-01-27,1.3985644829437534,0.9027777777777778,1.2625929359908885,1.0,2025-01,Q1 2025
Cortland Research Park,2025-01-28,1.3985644829437534,0.9027777777777778,1.2625929359908885,1.0,2025-01,Q1 2025
Cortland Research Park,2025-01-29,1.3985644829437534,0.9027777777777778,1.2625929359908885,1.0,2025-01,Q1 2025
Cortland Research Park,2025-01-30,1.3985644829437534,0.9027777777777778,1.2625929359908885,1.0,2025-01,Q1 2025
Cortland Research Park,2025-01-31,1.3983729004407135,0.9027777777777778,1.262419979564533,1.0,2025-01,Q1 2025
Cortland Research Park,2025-02-01,1.3983729004407135,0.9,1.258535610396642,1.0,2025-02,Q1 2025
Cortland Research Park,2025-02-02,1.3983729004407135,0.8944444444444445,1.2507668720608605,1.0,2025-02,Q1 2025
Cortland Research Park,2025-02-03,1.3983729004407135,0.8944444444444445,1.2507668720608605,1.0,2025-02,Q1 2025
Cortland Research Park,2025-02-04,1.3969891072170677,0.8944444444444445,1.2495291458997106,1.0,2025-02,Q1 2025
Cortland Research Park,2025-02-05,1.3969891072170677,0.8972222222222223,1.2534096711975358,1.0,2025-02,Q1 2025
Cortland Research Park,2025-02-06,1.396053317030208,0.8944444444444445,1.2486921335659085,1.0,2025-02,Q1 2025
Cortland Research Park,2025-02-07,1.3947675242546962,0.8972222222222223,1.2514164175951858,1.0,2025-02,Q1 2025
Cortland Research Park,2025-02-08,1.393121858066648,0.8972222222222223,1.2499398893209093,1.0,2025-02,Q1 2025
Cortland Research Park,2025-02-09,1.393121858066648,0.8944444444444445,1.2460701063818351,1.0,2025-02,Q1 2025
Cortland Research Park,2025-02-10,1.393121858066648,0.8944444444444445,1.2460701063818351,1.0,2025-02,Q1 2025
Cortland Research Park,2025-02-11,1.393121858066648,0.8944444444444445,1.2460701063818351,1.0,2025-02,Q1 2025
Cortland Research Park,2025-02-12,1.393121858066648,0.8944444444444445,1.2460701063818351,1.0,2025-02,Q1 2025
Cortland Research Park,2025-02-13,1.393121858066648,0.8916666666666666,1.242200323442761,1.0,2025-02,Q1 2025
Cortland Research Park,2025-02-14,1.3913578591881164,0.8861111111111111,1.2328976585583586,1.0,2025-02,Q1 2025
Cortland Research Park,2025-02-15,1.3904873634307438,0.8888888888888888,1.2359887674939944,1.0,2025-02,Q1 2025
Cortland Research Park,2025-02-16,1.3904873634307438,0.8916666666666666,1.2398512323924131,1.0,2025-02,Q1 2025
Cortland Research Park,2025-02-17,1.3904873634307438,0.8916666666666666,1.2398512323924131,1.0,2025-02,Q1 2025
Cortland Research Park,2025-02-18,1.3904873634307438,0.8916666666666666,1.2398512323924131,1.0,2025-02,Q1 2025
Cortland Research Park,2025-02-19,1.3904873634307438,0.8916666666666666,1.2398512323924131,1.0,2025-02,Q1 2025
Cortland Research Park,2025-02-20,1.3904873634307438,0.8888888888888888,1.2359887674939944,1.0,2025-02,Q1 2025
Cortland Research Park,2025-02-21,1.3904873634307438,0.8861111111111111,1.2321263025955758,1.0,2025-02,Q1 2025
Cortland Research Park,2025-02-22,1.3893765467587593,0.8833333333333333,1.2272826163035706,1.0,2025-02,Q1 2025
Cortland Research Park,2025-02-23,1.386781080880949,0.8861111111111111,1.2288421244472854,1.0,2025-02,Q1 2025
Cortland Research Park,2025-02-24,1.3853925600409682,0.8888888888888888,1.2314600533697495,1.0,2025-02,Q1 2025
Cortland Research Park,2025-02-25,1.3863090355957657,0.8916666666666666,1.2361255567395577,1.0,2025-02,Q1 2025
Cortland Research Park,2025-02-26,1.3861334597172859,0.8944444444444445,1.2398193723026836,1.0,2025-02,Q1 2025
Cortland Research Park,2025-02-27,1.3861334597172859,0.8944444444444445,1.2398193723026836,1.0,2025-02,Q1 2025
Cortland Research Park,2025-02-28,1.3844900025299705,0.8944444444444445,1.2383493911518069,1.0,2025-02,Q1 2025
Cortland Research Park,2025-03-01,1.382913832470417,0.8972222222222223,1.2407810219109576,1.0,2025-03,Q1 2025
Cortland Research Park,2025-03-02,1.382913832470417,0.8972222222222223,1.2407810219109576,1.0,2025-03,Q1 2025
Cortland Research Park,2025-03-03,1.3813251261403667,0.8972222222222223,1.2393555992870513,1.0,2025-03,Q1 2025
Cortland Research Park,2025-03-04,1.3755145338540165,0.9,1.2379630804686148,1.0,2025-03,Q1 2025
Cortland Research Park,2025-03-05,1.372416510143078,0.9083333333333333,1.2466116633799627,1.0,2025-03,Q1 2025
Cortland Research Park,2025-03-06,1.372416510143078,0.9083333333333333,1.2466116633799627,1.0,2025-03,Q1 2025
Cortland Research Park,2025-03-07,1.372416510143078,0.9083333333333333,1.2466116633799627,1.0,2025-03,Q1 2025
Cortland Research Park,2025-03-08,1.372416510143078,0.9083333333333333,1.2466116633799627,1.0,2025-03,Q1 2025
Cortland Research Park,2025-03-09,1.372416510143078,0.9083333333333333,1.2466116633799627,1.0,2025-03,Q1 2025
Cortland Research Park,2025-03-10,1.3708617728183068,0.9055555555555556,1.2413914942743556,1.0,2025-03,Q1 2025
Cortland Research Park,2025-03-11,1.3696987810410848,0.9083333333333333,1.244143059445652,1.0,2025-03,Q1 2025
Cortland Research Park,2025-03-12,1.3703556932129166,0.9111111111111111,1.2485462982606574,1.0,2025-03,Q1 2025
Cortland Research Park,2025-03-13,1.3672525120282577,0.9138888888888889,1.2495168790480466,1.0,2025-03,Q1 2025
Cortland Research Park,2025-03-14,1.3672525120282577,0.9194444444444444,1.2571127263370925,1.0,2025-03,Q1 2025
Cortland Research Park,2025-03-15,1.3657602612125652,0.9166666666666666,1.251946906111518,1.0,2025-03,Q1 2025
Cortland Research Park,2025-03-16,1.3657602612125652,0.9194444444444444,1.2557406846148862,1.0,2025-03,Q1 2025
Cortland Research Park,2025-03-17,1.3657602612125652,0.9111111111111111,1.2443593491047815,1.0,2025-03,Q1 2025
Cortland Research Park,2025-03-18,1.3657602612125652,0.9111111111111111,1.2443593491047815,1.0,2025-03,Q1 2025
Cortland Research Park,2025-03-19,1.3657602612125652,0.9055555555555556,1.2367717920980452,1.0,2025-03,Q1 2025
Cortland Research Park,2025-03-20,1.3657602612125652,0.9055555555555556,1.2367717920980452,1.0,2025-03,Q1 2025
Cortland Research Park,2025-03-21,1.3640713010136307,0.9055555555555556,1.2352423448067877,1.0,2025-03,Q1 2025
Cortland Research Park,2025-03-22,1.3634850424097633,0.9083333333333333,1.2384989135222018,1.0,2025-03,Q1 2025
Cortland Research Park,2025-03-23,1.361999067143445,0.9111111111111111,1.240932483397361,1.0,2025-03,Q1 2025
Cortland Research Park,2025-03-24,1.361999067143445,0.9138888888888889,1.2447158141394261,1.0,2025-03,Q1 2025
Cortland Research Park,2025-03-25,1.361999067143445,0.9138888888888889,1.2447158141394261,1.0,2025-03,Q1 2025
Cortland Research Park,2025-03-26,1.3611163716357044,0.9083333333333333,1.2363473709024315,1.0,2025-03,Q1 2025
Cortland Research Park,2025-03-27,1.3602429275251262,0.9111111111111111,1.2393324450784482,1.0,2025-03,Q1 2025
Cortland Research Park,2025-03-28,1.3602429275251262,0.9111111111111111,1.2393324450784482,1.0,2025-03,Q1 2025
Cortland Research Park,2025-03-29,1.3602429275251262,0.9111111111111111,1.2393324450784482,1.0,2025-03,Q1 2025
Cortland Research Park,2025-03-30,1.3594295142137776,0.9111111111111111,1.2385913351725528,1.0,2025-03,Q1 2025
Cortland Research Park,2025-03-31,1.3594295142137776,0.9083333333333333,1.2348151420775146,1.0,2025-03,Q1 2025
Cortland Research Park,2025-04-01,1.3594295142137776,0.9083333333333333,1.2348151420775146,1.0,2025-04,Q2 2025
Cortland Research Park,2025-04-02,1.3594295142137776,0.9055555555555556,1.2310389489824765,1.0,2025-04,Q2 2025
Cortland Research Park,2025-04-03,1.3594295142137776,0.9055555555555556,1.2310389489824765,1.0,2025-04,Q2 2025
Cortland Research Park,2025-04-04,1.3594295142137776,0.9,1.2234865627923999,1.0,2025-04,Q2 2025
Cortland Research Park,2025-04-05,1.3594295142137776,0.9,1.2234865627923999,1.0,2025-04,Q2 2025
Cortland Research Park,2025-04-06,1.3594295142137776,0.9,1.2234865627923999,1.0,2025-04,Q2 2025
Cortland Research Park,2025-04-07,1.3587545976616713,0.9,1.2228791378955042,1.0,2025-04,Q2 2025
Cortland Research Park,2025-04-08,1.3577849383921032,0.9055555555555556,1.2295496942106268,1.0,2025-04,Q2 2025
Cortland Research Park,2025-04-09,1.3581783969157573,0.9027777777777778,1.226133274993392,1.0,2025-04,Q2 2025
Cortland Research Park,2025-04-10,1.3588811599473474,0.9083333333333333,1.2343170536188406,1.0,2025-04,Q2 2025
Cortland Research Park,2025-04-11,1.3576135831569796,0.9083333333333333,1.2331656713675898,1.0,2025-04,Q2 2025
Cortland Research Park,2025-04-12,1.3579427286913295,0.9083333333333333,1.2334646452279576,1.0,2025-04,Q2 2025
Cortland Research Park,2025-04-13,1.347877791624869,0.9111111111111111,1.2280664323693251,1.0,2025-04,Q2 2025
Cortland at RTP,2024-02-12,1.784589496406407,0.9020979020979021,1.6098744408141714,1.0,2024-02,Q1 2024
Cortland at RTP,2024-02-13,1.784589496406407,0.9405594405594405,1.678512498368264,1.0,2024-02,Q1 2024
Cortland at RTP,2024-02-14,1.784589496406407,0.9370629370629371,1.6722726749542556,1.0,2024-02,Q1 2024
Cortland at RTP,2024-02-15,1.784589496406407,0.9370629370629371,1.6722726749542556,1.0,2024-02,Q1 2024
Cortland at RTP,2024-02-16,1.784589496406407,0.9370629370629371,1.6722726749542556,1.0,2024-02,Q1 2024
Cortland at RTP,2024-02-17,1.784589496406407,0.9370629370629371,1.6722726749542556,1.0,2024-02,Q1 2024
Cortland at RTP,2024-02-18,1.784589496406407,0.9370629370629371,1.6722726749542556,1.0,2024-02,Q1 2024
Cortland at RTP,2024-02-19,1.784589496406407,0.9370629370629371,1.6722726749542556,1.0,2024-02,Q1 2024
Cortland at RTP,2024-02-20,1.784589496406407,0.9335664335664335,1.6660328515402472,1.0,2024-02,Q1 2024
Cortland at RTP,2024-02-21,1.784589496406407,0.9335664335664335,1.6660328515402472,1.0,2024-02,Q1 2024
Cortland at RTP,2024-02-22,1.784589496406407,0.9335664335664335,1.6660328515402472,1.0,2024-02,Q1 2024
Cortland at RTP,2024-02-23,1.784589496406407,0.9335664335664335,1.6660328515402472,1.0,2024-02,Q1 2024
Cortland at RTP,2024-02-24,1.784589496406407,0.9300699300699301,1.6597930281262387,1.0,2024-02,Q1 2024
Cortland at RTP,2024-02-25,1.784589496406407,0.9300699300699301,1.6597930281262387,1.0,2024-02,Q1 2024
Cortland at RTP,2024-02-26,1.784589496406407,0.9230769230769231,1.647313381298222,1.0,2024-02,Q1 2024
Cortland at RTP,2024-02-27,1.784589496406407,0.916083916083916,1.634833734470205,1.0,2024-02,Q1 2024
Cortland at RTP,2024-02-28,1.784589496406407,0.916083916083916,1.634833734470205,1.0,2024-02,Q1 2024
Cortland at RTP,2024-02-29,1.784589496406407,0.9125874125874126,1.6285939110561967,1.0,2024-02,Q1 2024
Cortland at RTP,2024-03-01,1.7736274614243108,0.9125874125874126,1.6185900959151929,1.0,2024-03,Q1 2024
Cortland at RTP,2024-03-02,1.7736274614243108,0.9125874125874126,1.6185900959151929,1.0,2024-03,Q1 2024
Cortland at RTP,2024-03-03,1.7736274614243108,0.9125874125874126,1.6185900959151929,1.0,2024-03,Q1 2024
Cortland at RTP,2024-03-04,1.7736274614243108,0.9090909090909091,1.6123886012948279,1.0,2024-03,Q1 2024
Cortland at RTP,2024-03-05,1.7736274614243108,0.9090909090909091,1.6123886012948279,1.0,2024-03,Q1 2024
Cortland at RTP,2024-03-06,1.7736274614243108,0.9090909090909091,1.6123886012948279,1.0,2024-03,Q1 2024
Cortland at RTP,2024-03-07,1.7736274614243108,0.9090909090909091,1.6123886012948279,1.0,2024-03,Q1 2024
Cortland at RTP,2024-03-08,1.7736274614243108,0.9055944055944056,1.6061871066744633,1.0,2024-03,Q1 2024
Cortland at RTP,2024-03-09,1.7959548450365013,0.9055944055944056,1.6264066603652232,1.0,2024-03,Q1 2024
Cortland at RTP,2024-03-10,1.7959548450365013,0.9090909090909091,1.6326862227604557,1.0,2024-03,Q1 2024
Cortland at RTP,2024-03-11,1.783649997414989,0.9090909090909091,1.62149999764999,1.0,2024-03,Q1 2024
Cortland at RTP,2024-03-12,1.783649997414989,0.9090909090909091,1.62149999764999,1.0,2024-03,Q1 2024
Cortland at RTP,2024-03-13,1.7720134939726642,0.9055944055944056,1.6047255067794406,1.0,2024-03,Q1 2024
Cortland at RTP,2024-03-14,1.7720134939726642,0.9090909090909091,1.6109213581569675,1.0,2024-03,Q1 2024
Cortland at RTP,2024-03-15,1.7720134939726642,0.9090909090909091,1.6109213581569675,1.0,2024-03,Q1 2024
Cortland at RTP,2024-03-16,1.7720134939726642,0.9090909090909091,1.6109213581569675,1.0,2024-03,Q1 2024
Cortland at RTP,2024-03-17,1.7537716452279186,0.9090909090909091,1.5943378592981077,1.0,2024-03,Q1 2024
Cortland at RTP,2024-03-18,1.7537716452279186,0.916083916083916,1.606601996677324,1.0,2024-03,Q1 2024
Cortland at RTP,2024-03-19,1.7743436144562843,0.9125874125874126,1.619243648157658,1.0,2024-03,Q1 2024
Cortland at RTP,2024-03-20,1.7743436144562843,0.916083916083916,1.625447646809603,1.0,2024-03,Q1 2024
Cortland at RTP,2024-03-21,1.7743436144562843,0.916083916083916,1.625447646809603,1.0,2024-03,Q1 2024
Cortland at RTP,2024-03-22,1.7743436144562843,0.916083916083916,1.625447646809603,1.0,2024-03,Q1 2024
Cortland at RTP,2024-03-23,1.7743436144562843,0.916083916083916,1.625447646809603,1.0,2024-03,Q1 2024
Cortland at RTP,2024-03-24,1.7743436144562843,0.916083916083916,1.625447646809603,1.0,2024-03,Q1 2024
Cortland at RTP,2024-03-25,1.7743436144562843,0.916083916083916,1.625447646809603,1.0,2024-03,Q1 2024
Cortland at RTP,2024-03-26,1.7743436144562843,0.916083916083916,1.625447646809603,1.0,2024-03,Q1 2024
Cortland at RTP,2024-03-27,1.7743436144562843,0.916083916083916,1.625447646809603,1.0,2024-03,Q1 2024
Cortland at RTP,2024-03-28,1.7743436144562843,0.916083916083916,1.625447646809603,1.0,2024-03,Q1 2024
Cortland at RTP,2024-03-29,1.7743436144562843,0.916083916083916,1.625447646809603,1.0,2024-03,Q1 2024
Cortland at RTP,2024-03-30,1.7743436144562843,0.916083916083916,1.625447646809603,1.0,2024-03,Q1 2024
Cortland at RTP,2024-03-31,1.764187312113328,0.916083916083916,1.6161436215863354,1.0,2024-03,Q1 2024
Cortland at RTP,2024-04-01,1.753690471732966,0.9195804195804196,1.6126594198103847,1.0,2024-04,Q2 2024
Cortland at RTP,2024-04-02,1.753690471732966,0.9230769230769231,1.618791204676584,1.0,2024-04,Q2 2024
Cortland at RTP,2024-04-03,1.753690471732966,0.9230769230769231,1.618791204676584,1.0,2024-04,Q2 2024
Cortland at RTP,2024-04-04,1.753690471732966,0.9230769230769231,1.618791204676584,1.0,2024-04,Q2 2024
Cortland at RTP,2024-04-05,1.753690471732966,0.9230769230769231,1.618791204676584,1.0,2024-04,Q2 2024
Cortland at RTP,2024-04-06,1.753690471732966,0.916083916083916,1.6065276349441855,1.0,2024-04,Q2 2024
Cortland at RTP,2024-04-07,1.753690471732966,0.916083916083916,1.6065276349441855,1.0,2024-04,Q2 2024
Cortland at RTP,2024-04-08,1.753690471732966,0.9125874125874126,1.6003958500779865,1.0,2024-04,Q2 2024
Cortland at RTP,2024-04-09,1.753690471732966,0.9090909090909091,1.5942640652117872,1.0,2024-04,Q2 2024
Cortland at RTP,2024-04-10,1.753690471732966,0.9090909090909091,1.5942640652117872,1.0,2024-04,Q2 2024
Cortland at RTP,2024-04-11,1.753690471732966,0.9090909090909091,1.5942640652117872,1.0,2024-04,Q2 2024
Cortland at RTP,2024-04-12,1.7471556493100153,0.9090909090909091,1.5883233175545592,1.0,2024-04,Q2 2024
Cortland at RTP,2024-04-13,1.7380361682531897,0.9090909090909091,1.5800328802301724,1.0,2024-04,Q2 2024
Cortland at RTP,2024-04-14,1.7380361682531897,0.9125874125874126,1.5861099297695194,1.0,2024-04,Q2 2024
Cortland at RTP,2024-04-15,1.7549466827646856,0.9125874125874126,1.6015422524530871,1.0,2024-04,Q2 2024
Cortland at RTP,2024-04-16,1.7549466827646856,0.9090909090909091,1.5954060752406232,1.0,2024-04,Q2 2024
Cortland at RTP,2024-04-17,1.7549466827646856,0.9090909090909091,1.5954060752406232,1.0,2024-04,Q2 2024
Cortland at RTP,2024-04-18,1.7487376464844253,0.9090909090909091,1.589761496804023,1.0,2024-04,Q2 2024
Cortland at RTP,2024-04-19,1.7487376464844253,0.9090909090909091,1.589761496804023,1.0,2024-04,Q2 2024
Cortland at RTP,2024-04-20,1.7487376464844253,0.9090909090909091,1.589761496804023,1.0,2024-04,Q2 2024
Cortland at RTP,2024-04-21,1.7487376464844253,0.9055944055944056,1.583647029508623,1.0,2024-04,Q2 2024
Cortland at RTP,2024-04-22,1.7487376464844253,0.9020979020979021,1.5775325622132228,1.0,2024-04,Q2 2024
Cortland at RTP,2024-04-23,1.7487376464844253,0.9020979020979021,1.5775325622132228,1.0,2024-04,Q2 2024
Cortland at RTP,2024-04-24,1.7487376464844253,0.8986013986013986,1.571418094917823,1.0,2024-04,Q2 2024
Cortland at RTP,2024-04-25,1.7491009560071085,0.8986013986013986,1.571744565363031,1.0,2024-04,Q2 2024
Cortland at RTP,2024-04-26,1.7676862494900605,0.8986013986013986,1.5884453360802293,1.0,2024-04,Q2 2024
Cortland at RTP,2024-04-27,1.7676862494900605,0.9020979020979021,1.5946260572322923,1.0,2024-04,Q2 2024
Cortland at RTP,2024-04-28,1.7676862494900605,0.9020979020979021,1.5946260572322923,1.0,2024-04,Q2 2024
Cortland at RTP,2024-04-29,1.7676862494900605,0.8951048951048951,1.582264614928166,1.0,2024-04,Q2 2024
Cortland at RTP,2024-04-30,1.7676862494900605,0.8846153846153846,1.5637224514719765,1.0,2024-04,Q2 2024
Cortland at RTP,2024-05-01,1.751488968890306,0.8846153846153846,1.5493940878645014,1.0,2024-05,Q2 2024
Cortland at RTP,2024-05-02,1.7432052249182262,0.8881118881118881,1.5481612836686345,1.0,2024-05,Q2 2024
Cortland at RTP,2024-05-03,1.7432052249182262,0.8916083916083917,1.5542564068326843,1.0,2024-05,Q2 2024
Cortland at RTP,2024-05-04,1.7432052249182262,0.8916083916083917,1.5542564068326843,1.0,2024-05,Q2 2024
Cortland at RTP,2024-05-05,1.7366708022348099,0.8916083916083917,1.548430260733834,1.0,2024-05,Q2 2024
Cortland at RTP,2024-05-06,1.7277585544210445,0.8951048951048951,1.5465251396216342,1.0,2024-05,Q2 2024
Cortland at RTP,2024-05-07,1.7277585544210445,0.8951048951048951,1.5465251396216342,1.0,2024-05,Q2 2024
Cortland at RTP,2024-05-08,1.7277585544210445,0.8951048951048951,1.5465251396216342,1.0,2024-05,Q2 2024
Cortland at RTP,2024-05-09,1.7157962482758695,0.8916083916083917,1.5298183332529607,1.0,2024-05,Q2 2024
Cortland at RTP,2024-05-10,1.7157962482758695,0.8916083916083917,1.5298183332529607,1.0,2024-05,Q2 2024
Cortland at RTP,2024-05-11,1.7291807863256492,0.8916083916083917,1.5417520996959462,1.0,2024-05,Q2 2024
Cortland at RTP,2024-05-12,1.719924849054961,0.8951048951048951,1.5395131516016434,1.0,2024-05,Q2 2024
Cortland at RTP,2024-05-13,1.719924849054961,0.8951048951048951,1.5395131516016434,1.0,2024-05,Q2 2024
Cortland at RTP,2024-05-14,1.719924849054961,0.8916083916083917,1.5334994283531995,1.0,2024-05,Q2 2024
Cortland at RTP,2024-05-15,1.722143012447441,0.8916083916083917,1.5354771614478933,1.0,2024-05,Q2 2024
Cortland at RTP,2024-05-16,1.7232115513507695,0.8951048951048951,1.5424550949153741,1.0,2024-05,Q2 2024
Cortland at RTP,2024-05-17,1.723913144280705,0.8986013986013986,1.5491107625179763,1.0,2024-05,Q2 2024
Cortland at RTP,2024-05-18,1.723913144280705,0.9020979020979021,1.555138430854622,1.0,2024-05,Q2 2024
Cortland at RTP,2024-05-19,1.7280067351696111,0.9020979020979021,1.5588312506075512,1.0,2024-05,Q2 2024
Cortland at RTP,2024-05-20,1.7280067351696111,0.9020979020979021,1.5588312506075512,1.0,2024-05,Q2 2024
Cortland at RTP,2024-05-21,1.7280067351696111,0.8986013986013986,1.5527892690160492,1.0,2024-05,Q2 2024
Cortland at RTP,2024-05-22,1.7387731333052394,0.8986013986013986,1.5624639694386244,1.0,2024-05,Q2 2024
Cortland at RTP,2024-05-23,1.7338694052768722,0.9020979020979021,1.5641199530120036,1.0,2024-05,Q2 2024
Cortland at RTP,2024-05-24,1.7286168432899964,0.9055944055944056,1.565425742699682,1.0,2024-05,Q2 2024
Cortland at RTP,2024-05-25,1.7286168432899964,0.9090909090909091,1.5714698575363604,1.0,2024-05,Q2 2024
Cortland at RTP,2024-05-26,1.7228883929929504,0.9090909090909091,1.5662621754481367,1.0,2024-05,Q2 2024
Cortland at RTP,2024-05-27,1.7228883929929504,0.9125874125874126,1.572286260738322,1.0,2024-05,Q2 2024
Cortland at RTP,2024-05-28,1.7228883929929504,0.9125874125874126,1.572286260738322,1.0,2024-05,Q2 2024
Cortland at RTP,2024-05-29,1.7228883929929504,0.9125874125874126,1.572286260738322,1.0,2024-05,Q2 2024
Cortland at RTP,2024-05-30,1.7228883929929504,0.9090909090909091,1.5662621754481367,1.0,2024-05,Q2 2024
Cortland at RTP,2024-05-31,1.7228883929929504,0.9055944055944056,1.5602380901579516,1.0,2024-05,Q2 2024
Cortland at RTP,2024-06-01,1.7132789759111542,0.9020979020979021,1.5455453698778943,1.0,2024-06,Q2 2024
Cortland at RTP,2024-06-02,1.7057771841038083,0.9055944055944056,1.5447422751149873,1.0,2024-06,Q2 2024
Cortland at RTP,2024-06-03,1.7057771841038083,0.9090909090909091,1.550706531003462,1.0,2024-06,Q2 2024
Cortland at RTP,2024-06-04,1.6950664714286052,0.9090909090909091,1.5409695194805502,1.0,2024-06,Q2 2024
Cortland at RTP,2024-06-05,1.686185347728302,0.916083916083916,1.5446872765902626,1.0,2024-06,Q2 2024
Cortland at RTP,2024-06-06,1.686185347728302,0.9230769230769231,1.5564787825184327,1.0,2024-06,Q2 2024
Cortland at RTP,2024-06-07,1.686185347728302,0.9230769230769231,1.5564787825184327,1.0,2024-06,Q2 2024
Cortland at RTP,2024-06-08,1.686185347728302,0.9230769230769231,1.5564787825184327,1.0,2024-06,Q2 2024
Cortland at RTP,2024-06-09,1.6857743755862928,0.9230769230769231,1.5560994236181165,1.0,2024-06,Q2 2024
Cortland at RTP,2024-06-10,1.6857743755862928,0.9265734265734266,1.5619937396166699,1.0,2024-06,Q2 2024
Cortland at RTP,2024-06-11,1.6857743755862928,0.9265734265734266,1.5619937396166699,1.0,2024-06,Q2 2024
Cortland at RTP,2024-06-12,1.6857743755862928,0.9230769230769231,1.5560994236181165,1.0,2024-06,Q2 2024
Cortland at RTP,2024-06-13,1.6857743755862928,0.9230769230769231,1.5560994236181165,1.0,2024-06,Q2 2024
Cortland at RTP,2024-06-14,1.6857743755862928,0.9230769230769231,1.5560994236181165,1.0,2024-06,Q2 2024
Cortland at RTP,2024-06-15,1.6857743755862928,0.9195804195804196,1.550205107619563,1.0,2024-06,Q2 2024
Cortland at RTP,2024-06-16,1.6857743755862928,0.9195804195804196,1.550205107619563,1.0,2024-06,Q2 2024
Cortland at RTP,2024-06-17,1.6857743755862928,0.916083916083916,1.5443107916210095,1.0,2024-06,Q2 2024
Cortland at RTP,2024-06-18,1.698854091098656,0.916083916083916,1.5562929086288386,1.0,2024-06,Q2 2024
Cortland at RTP,2024-06-19,1.698854091098656,0.9195804195804196,1.5622329578984144,1.0,2024-06,Q2 2024
Cortland at RTP,2024-06-20,1.698854091098656,0.9125874125874126,1.550352859359263,1.0,2024-06,Q2 2024
Cortland at RTP,2024-06-21,1.695300285172945,0.9020979020979021,1.5293268306804888,1.0,2024-06,Q2 2024
Cortland at RTP,2024-06-22,1.695300285172945,0.9055944055944056,1.5352544540552195,1.0,2024-06,Q2 2024
Cortland at RTP,2024-06-23,1.695300285172945,0.9055944055944056,1.5352544540552195,1.0,2024-06,Q2 2024
Cortland at RTP,2024-06-24,1.695300285172945,0.9055944055944056,1.5352544540552195,1.0,2024-06,Q2 2024
Cortland at RTP,2024-06-25,1.695300285172945,0.9055944055944056,1.5352544540552195,1.0,2024-06,Q2 2024
Cortland at RTP,2024-06-26,1.695300285172945,0.9055944055944056,1.5352544540552195,1.0,2024-06,Q2 2024
Cortland at RTP,2024-06-27,1.695300285172945,0.9055944055944056,1.5352544540552195,1.0,2024-06,Q2 2024
Cortland at RTP,2024-06-28,1.703840208442969,0.9020979020979021,1.5370306775464544,1.0,2024-06,Q2 2024
Cortland at RTP,2024-06-29,1.6965023572703666,0.9090909090909091,1.5422748702457878,1.0,2024-06,Q2 2024
Cortland at RTP,2024-06-30,1.6965023572703666,0.9125874125874126,1.54820669666981,1.0,2024-06,Q2 2024
Cortland at RTP,2024-07-01,1.6965023572703666,0.9125874125874126,1.54820669666981,1.0,2024-07,Q3 2024
Cortland at RTP,2024-07-02,1.6965023572703666,0.9055944055944056,1.5363430438217656,1.0,2024-07,Q3 2024
Cortland at RTP,2024-07-03,1.6965023572703666,0.9055944055944056,1.5363430438217656,1.0,2024-07,Q3 2024
Cortland at RTP,2024-07-04,1.6965023572703666,0.9055944055944056,1.5363430438217656,1.0,2024-07,Q3 2024
Cortland at RTP,2024-07-05,1.6965023572703666,0.9055944055944056,1.5363430438217656,1.0,2024-07,Q3 2024
Cortland at RTP,2024-07-06,1.6965023572703666,0.9055944055944056,1.5363430438217656,1.0,2024-07,Q3 2024
Cortland at RTP,2024-07-07,1.6965023572703666,0.9055944055944056,1.5363430438217656,1.0,2024-07,Q3 2024
Cortland at RTP,2024-07-08,1.6965023572703666,0.9055944055944056,1.5363430438217656,1.0,2024-07,Q3 2024
Cortland at RTP,2024-07-09,1.6965023572703666,0.9020979020979021,1.5304112173977433,1.0,2024-07,Q3 2024
Cortland at RTP,2024-07-10,1.6965023572703666,0.8986013986013986,1.524479390973721,1.0,2024-07,Q3 2024
Cortland at RTP,2024-07-11,1.6965023572703666,0.8986013986013986,1.524479390973721,1.0,2024-07,Q3 2024
Cortland at RTP,2024-07-12,1.6965023572703666,0.8951048951048951,1.5185475645496989,1.0,2024-07,Q3 2024
Cortland at RTP,2024-07-13,1.6965023572703666,0.8951048951048951,1.5185475645496989,1.0,2024-07,Q3 2024
Cortland at RTP,2024-07-14,1.6965023572703666,0.8951048951048951,1.5185475645496989,1.0,2024-07,Q3 2024
Cortland at RTP,2024-07-15,1.6904211988220634,0.8951048951048951,1.513104289854714,1.0,2024-07,Q3 2024
Cortland at RTP,2024-07-16,1.6904211988220634,0.8951048951048951,1.513104289854714,1.0,2024-07,Q3 2024
Cortland at RTP,2024-07-17,1.6904211988220634,0.8951048951048951,1.513104289854714,1.0,2024-07,Q3 2024
Cortland at RTP,2024-07-18,1.6904211988220634,0.8916083916083917,1.5071937262224693,1.0,2024-07,Q3 2024
Cortland at RTP,2024-07-19,1.6904211988220634,0.8916083916083917,1.5071937262224693,1.0,2024-07,Q3 2024
Cortland at RTP,2024-07-20,1.6904211988220634,0.8916083916083917,1.5071937262224693,1.0,2024-07,Q3 2024
Cortland at RTP,2024-07-21,1.6904211988220634,0.8916083916083917,1.5071937262224693,1.0,2024-07,Q3 2024
Cortland at RTP,2024-07-22,1.7048625389699328,0.8916083916083917,1.5200697462843806,1.0,2024-07,Q3 2024
Cortland at RTP,2024-07-23,1.7048625389699328,0.8916083916083917,1.5200697462843806,1.0,2024-07,Q3 2024
Cortland at RTP,2024-07-24,1.7048625389699328,0.8916083916083917,1.5200697462843806,1.0,2024-07,Q3 2024
Cortland at RTP,2024-07-25,1.7048625389699328,0.8916083916083917,1.5200697462843806,1.0,2024-07,Q3 2024
Cortland at RTP,2024-07-26,1.7048625389699328,0.8881118881118881,1.5141086884558144,1.0,2024-07,Q3 2024
Cortland at RTP,2024-07-27,1.7048625389699328,0.8881118881118881,1.5141086884558144,1.0,2024-07,Q3 2024
Cortland at RTP,2024-07-28,1.7048625389699328,0.8881118881118881,1.5141086884558144,1.0,2024-07,Q3 2024
Cortland at RTP,2024-07-29,1.7048625389699328,0.8881118881118881,1.5141086884558144,1.0,2024-07,Q3 2024
Cortland at RTP,2024-07-30,1.7048625389699328,0.8881118881118881,1.5141086884558144,1.0,2024-07,Q3 2024
Cortland at RTP,2024-07-31,1.7048625389699328,0.8881118881118881,1.5141086884558144,1.0,2024-07,Q3 2024
Cortland at RTP,2024-08-01,1.7048625389699328,0.8881118881118881,1.5141086884558144,1.0,2024-08,Q3 2024
Cortland at RTP,2024-08-02,1.697713457695958,0.8846153846153846,1.5018234433464244,1.0,2024-08,Q3 2024
Cortland at RTP,2024-08-03,1.697713457695958,0.8881118881118881,1.5077595043873193,1.0,2024-08,Q3 2024
Cortland at RTP,2024-08-04,1.697713457695958,0.8881118881118881,1.5077595043873193,1.0,2024-08,Q3 2024
Cortland at RTP,2024-08-05,1.697713457695958,0.8881118881118881,1.5077595043873193,1.0,2024-08,Q3 2024
Cortland at RTP,2024-08-06,1.697713457695958,0.8881118881118881,1.5077595043873193,1.0,2024-08,Q3 2024
Cortland at RTP,2024-08-07,1.6917352512596633,0.8811188811188811,1.4906198717392838,1.0,2024-08,Q3 2024
Cortland at RTP,2024-08-08,1.6917352512596633,0.8811188811188811,1.4906198717392838,1.0,2024-08,Q3 2024
Cortland at RTP,2024-08-09,1.6917352512596633,0.8811188811188811,1.4906198717392838,1.0,2024-08,Q3 2024
Cortland at RTP,2024-08-10,1.6917352512596633,0.8811188811188811,1.4906198717392838,1.0,2024-08,Q3 2024
Cortland at RTP,2024-08-11,1.6917352512596633,0.8811188811188811,1.4906198717392838,1.0,2024-08,Q3 2024
Cortland at RTP,2024-08-12,1.6917352512596633,0.8811188811188811,1.4906198717392838,1.0,2024-08,Q3 2024
Cortland at RTP,2024-08-13,1.6917352512596633,0.8811188811188811,1.4906198717392838,1.0,2024-08,Q3 2024
Cortland at RTP,2024-08-14,1.6917352512596633,0.8811188811188811,1.4906198717392838,1.0,2024-08,Q3 2024
Cortland at RTP,2024-08-15,1.6877694228791804,0.8776223776223776,1.4812242137855745,1.0,2024-08,Q3 2024
Cortland at RTP,2024-08-16,1.6818483106417994,0.8811188811188811,1.4819083016843828,1.0,2024-08,Q3 2024
Cortland at RTP,2024-08-17,1.6818483106417994,0.8846153846153846,1.4877888901831302,1.0,2024-08,Q3 2024
Cortland at RTP,2024-08-18,1.6778300088580442,0.8846153846153846,1.484234238605193,1.0,2024-08,Q3 2024
Cortland at RTP,2024-08-19,1.6778300088580442,0.8881118881118881,1.4901007770977037,1.0,2024-08,Q3 2024
Cortland at RTP,2024-08-20,1.6778300088580442,0.8881118881118881,1.4901007770977037,1.0,2024-08,Q3 2024
Cortland at RTP,2024-08-21,1.6892017113141033,0.8846153846153846,1.4942938215470913,1.0,2024-08,Q3 2024
Cortland at RTP,2024-08-22,1.6892017113141033,0.8881118881118881,1.5002001212370009,1.0,2024-08,Q3 2024
Cortland at RTP,2024-08-23,1.6892017113141033,0.8881118881118881,1.5002001212370009,1.0,2024-08,Q3 2024
Cortland at RTP,2024-08-24,1.6892017113141033,0.8881118881118881,1.5002001212370009,1.0,2024-08,Q3 2024
Cortland at RTP,2024-08-25,1.6892017113141033,0.8881118881118881,1.5002001212370009,1.0,2024-08,Q3 2024
Cortland at RTP,2024-08-26,1.6892017113141033,0.8881118881118881,1.5002001212370009,1.0,2024-08,Q3 2024
Cortland at RTP,2024-08-27,1.6892017113141033,0.8846153846153846,1.4942938215470913,1.0,2024-08,Q3 2024
Cortland at RTP,2024-08-28,1.6892017113141033,0.8846153846153846,1.4942938215470913,1.0,2024-08,Q3 2024
Cortland at RTP,2024-08-29,1.6892017113141033,0.8846153846153846,1.4942938215470913,1.0,2024-08,Q3 2024
Cortland at RTP,2024-08-30,1.6850556104680312,0.8846153846153846,1.490626116952489,1.0,2024-08,Q3 2024
Cortland at RTP,2024-08-31,1.6850556104680312,0.8846153846153846,1.490626116952489,1.0,2024-08,Q3 2024
Cortland at RTP,2024-09-01,1.6850556104680312,0.8846153846153846,1.490626116952489,1.0,2024-09,Q3 2024
Cortland at RTP,2024-09-02,1.6850556104680312,0.8846153846153846,1.490626116952489,1.0,2024-09,Q3 2024
Cortland at RTP,2024-09-03,1.6850556104680312,0.8846153846153846,1.490626116952489,1.0,2024-09,Q3 2024
Cortland at RTP,2024-09-04,1.679372744291077,0.8846153846153846,1.485598966103645,1.0,2024-09,Q3 2024
Cortland at RTP,2024-09-05,1.679372744291077,0.8846153846153846,1.485598966103645,1.0,2024-09,Q3 2024
Cortland at RTP,2024-09-06,1.6738813907346413,0.8776223776223776,1.469035765994388,1.0,2024-09,Q3 2024
Cortland at RTP,2024-09-07,1.6738813907346413,0.8776223776223776,1.469035765994388,1.0,2024-09,Q3 2024
Cortland at RTP,2024-09-08,1.6738813907346413,0.8776223776223776,1.469035765994388,1.0,2024-09,Q3 2024
Cortland at RTP,2024-09-09,1.6738813907346413,0.8776223776223776,1.469035765994388,1.0,2024-09,Q3 2024
Cortland at RTP,2024-09-10,1.6738813907346413,0.8741258741258742,1.4631830338589522,1.0,2024-09,Q3 2024
Cortland at RTP,2024-09-11,1.6722155129893035,0.8706293706293706,1.4558799396305475,1.0,2024-09,Q3 2024
Cortland at RTP,2024-09-12,1.6722155129893035,0.8741258741258742,1.461726847018622,1.0,2024-09,Q3 2024
Cortland at RTP,2024-09-13,1.6751035361749913,0.8636363636363636,1.4466803266965833,1.0,2024-09,Q3 2024
Cortland at RTP,2024-09-14,1.6751035361749913,0.8671328671328671,1.4525373320678245,1.0,2024-09,Q3 2024
Cortland at RTP,2024-09-15,1.6751035361749913,0.8671328671328671,1.4525373320678245,1.0,2024-09,Q3 2024
Cortland at RTP,2024-09-16,1.6751035361749913,0.8671328671328671,1.4525373320678245,1.0,2024-09,Q3 2024
Cortland at RTP,2024-09-17,1.6751035361749913,0.8671328671328671,1.4525373320678245,1.0,2024-09,Q3 2024
Cortland at RTP,2024-09-18,1.6751035361749913,0.8671328671328671,1.4525373320678245,1.0,2024-09,Q3 2024
Cortland at RTP,2024-09-19,1.6751035361749913,0.8601398601398601,1.440823321325342,1.0,2024-09,Q3 2024
Cortland at RTP,2024-09-20,1.6751035361749913,0.8601398601398601,1.440823321325342,1.0,2024-09,Q3 2024
Cortland at RTP,2024-09-21,1.6751035361749913,0.8601398601398601,1.440823321325342,1.0,2024-09,Q3 2024
Cortland at RTP,2024-09-22,1.6751035361749913,0.8601398601398601,1.440823321325342,1.0,2024-09,Q3 2024
Cortland at RTP,2024-09-23,1.6751035361749913,0.8566433566433567,1.434966315954101,1.0,2024-09,Q3 2024
Cortland at RTP,2024-09-24,1.6751035361749913,0.8531468531468531,1.4291093105828596,1.0,2024-09,Q3 2024
Cortland at RTP,2024-09-25,1.67092867442304,0.8496503496503497,1.4197051324643313,1.0,2024-09,Q3 2024
Cortland at RTP,2024-09-26,1.67092867442304,0.8531468531468531,1.4255475404168594,1.0,2024-09,Q3 2024
Cortland at RTP,2024-09-27,1.667502782558249,0.8531468531468531,1.4226247515531913,1.0,2024-09,Q3 2024
Cortland at RTP,2024-09-28,1.6764405143089114,0.8496503496503497,1.4243882691505787,1.0,2024-09,Q3 2024
Cortland at RTP,2024-09-29,1.6764405143089114,0.8531468531468531,1.4302499492705398,1.0,2024-09,Q3 2024
Cortland at RTP,2024-09-30,1.6764405143089114,0.8496503496503497,1.4243882691505787,1.0,2024-09,Q3 2024
Cortland at RTP,2024-10-01,1.6764405143089114,0.8496503496503497,1.4243882691505787,1.0,2024-10,Q4 2024
Cortland at RTP,2024-10-02,1.6726633050769752,0.8426573426573427,1.4094820158166121,1.0,2024-10,Q4 2024
Cortland at RTP,2024-10-03,1.6726633050769752,0.8461538461538461,1.4153304889112868,1.0,2024-10,Q4 2024
Cortland at RTP,2024-10-04,1.675011623602054,0.8461538461538461,1.4173175276632766,1.0,2024-10,Q4 2024
Cortland at RTP,2024-10-05,1.675011623602054,0.8531468531468531,1.4290308956604936,1.0,2024-10,Q4 2024
Cortland at RTP,2024-10-06,1.675011623602054,0.8496503496503497,1.423174211661885,1.0,2024-10,Q4 2024
Cortland at RTP,2024-10-07,1.675011623602054,0.8496503496503497,1.423174211661885,1.0,2024-10,Q4 2024
Cortland at RTP,2024-10-08,1.675011623602054,0.8496503496503497,1.423174211661885,1.0,2024-10,Q4 2024
Cortland at RTP,2024-10-09,1.675011623602054,0.8461538461538461,1.4173175276632766,1.0,2024-10,Q4 2024
Cortland at RTP,2024-10-10,1.675011623602054,0.8461538461538461,1.4173175276632766,1.0,2024-10,Q4 2024
Cortland at RTP,2024-10-11,1.671343186224082,0.8461538461538461,1.4142134652665308,1.0,2024-10,Q4 2024
Cortland at RTP,2024-10-12,1.671343186224082,0.8496503496503497,1.4200573225610207,1.0,2024-10,Q4 2024
Cortland at RTP,2024-10-13,1.671343186224082,0.8496503496503497,1.4200573225610207,1.0,2024-10,Q4 2024
Cortland at RTP,2024-10-14,1.671343186224082,0.8496503496503497,1.4200573225610207,1.0,2024-10,Q4 2024
Cortland at RTP,2024-10-15,1.671343186224082,0.8496503496503497,1.4200573225610207,1.0,2024-10,Q4 2024
Cortland at RTP,2024-10-16,1.6661463304357624,0.8496503496503497,1.4156418122233927,1.0,2024-10,Q4 2024
Cortland at RTP,2024-10-17,1.6741551748112258,0.8496503496503497,1.4224465296473003,1.0,2024-10,Q4 2024
Cortland at RTP,2024-10-18,1.6741551748112258,0.8531468531468531,1.4283002190697172,1.0,2024-10,Q4 2024
Cortland at RTP,2024-10-19,1.6741551748112258,0.8531468531468531,1.4283002190697172,1.0,2024-10,Q4 2024
Cortland at RTP,2024-10-20,1.6741551748112258,0.8531468531468531,1.4283002190697172,1.0,2024-10,Q4 2024
Cortland at RTP,2024-10-21,1.6741551748112258,0.8531468531468531,1.4283002190697172,1.0,2024-10,Q4 2024
Cortland at RTP,2024-10-22,1.6741551748112258,0.8531468531468531,1.4283002190697172,1.0,2024-10,Q4 2024
Cortland at RTP,2024-10-23,1.6707246054890093,0.8496503496503497,1.4195317452231793,1.0,2024-10,Q4 2024
Cortland at RTP,2024-10-24,1.6707246054890093,0.8531468531468531,1.4253734396479658,1.0,2024-10,Q4 2024
Cortland at RTP,2024-10-25,1.6595736175379245,0.8461538461538461,1.404254599455167,1.0,2024-10,Q4 2024
Cortland at RTP,2024-10-26,1.6595736175379245,0.8531468531468531,1.4158600093680196,1.0,2024-10,Q4 2024
Cortland at RTP,2024-10-27,1.6595736175379245,0.8531468531468531,1.4158600093680196,1.0,2024-10,Q4 2024
Cortland at RTP,2024-10-28,1.6595736175379245,0.8531468531468531,1.4158600093680196,1.0,2024-10,Q4 2024
Cortland at RTP,2024-10-29,1.6595736175379245,0.8531468531468531,1.4158600093680196,1.0,2024-10,Q4 2024
Cortland at RTP,2024-10-30,1.6595736175379245,0.8531468531468531,1.4158600093680196,1.0,2024-10,Q4 2024
Cortland at RTP,2024-10-31,1.6555402168171724,0.8531468531468531,1.4124189262356297,1.0,2024-10,Q4 2024
Cortland at RTP,2024-11-01,1.6555402168171724,0.8566433566433567,1.418207528392333,1.0,2024-11,Q4 2024
Cortland at RTP,2024-11-02,1.6555402168171724,0.8566433566433567,1.418207528392333,1.0,2024-11,Q4 2024
Cortland at RTP,2024-11-03,1.650043078683182,0.8566433566433567,1.4134984415292993,1.0,2024-11,Q4 2024
Cortland at RTP,2024-11-04,1.650043078683182,0.8601398601398601,1.4192678229232962,1.0,2024-11,Q4 2024
Cortland at RTP,2024-11-05,1.650043078683182,0.8566433566433567,1.4134984415292993,1.0,2024-11,Q4 2024
Cortland at RTP,2024-11-06,1.650043078683182,0.8566433566433567,1.4134984415292993,1.0,2024-11,Q4 2024
Cortland at RTP,2024-11-07,1.650043078683182,0.8531468531468531,1.407729060135302,1.0,2024-11,Q4 2024
Cortland at RTP,2024-11-08,1.650043078683182,0.8531468531468531,1.407729060135302,1.0,2024-11,Q4 2024
Cortland at RTP,2024-11-09,1.650043078683182,0.8531468531468531,1.407729060135302,1.0,2024-11,Q4 2024
Cortland at RTP,2024-11-10,1.650043078683182,0.8531468531468531,1.407729060135302,1.0,2024-11,Q4 2024
Cortland at RTP,2024-11-11,1.650043078683182,0.8531468531468531,1.407729060135302,1.0,2024-11,Q4 2024
Cortland at RTP,2024-11-12,1.6596219915305397,0.8496503496503497,1.4100984053913328,1.0,2024-11,Q4 2024
Cortland at RTP,2024-11-13,1.6596219915305397,0.8531468531468531,1.4159012794875934,1.0,2024-11,Q4 2024
Cortland at RTP,2024-11-14,1.656081023355019,0.8531468531468531,1.4128803136315546,1.0,2024-11,Q4 2024
Cortland at RTP,2024-11-15,1.656081023355019,0.8566433566433567,1.4186708067202085,1.0,2024-11,Q4 2024
Cortland at RTP,2024-11-16,1.656081023355019,0.8566433566433567,1.4186708067202085,1.0,2024-11,Q4 2024
Cortland at RTP,2024-11-17,1.656081023355019,0.8566433566433567,1.4186708067202085,1.0,2024-11,Q4 2024
Cortland at RTP,2024-11-18,1.656081023355019,0.8566433566433567,1.4186708067202085,1.0,2024-11,Q4 2024
Cortland at RTP,2024-11-19,1.656081023355019,0.8496503496503497,1.4070898205429008,1.0,2024-11,Q4 2024
Cortland at RTP,2024-11-20,1.656081023355019,0.8496503496503497,1.4070898205429008,1.0,2024-11,Q4 2024
Cortland at RTP,2024-11-21,1.656081023355019,0.8496503496503497,1.4070898205429008,1.0,2024-11,Q4 2024
Cortland at RTP,2024-11-22,1.656081023355019,0.8496503496503497,1.4070898205429008,1.0,2024-11,Q4 2024
Cortland at RTP,2024-11-23,1.656081023355019,0.8496503496503497,1.4070898205429008,1.0,2024-11,Q4 2024
Cortland at RTP,2024-11-24,1.656081023355019,0.8496503496503497,1.4070898205429008,1.0,2024-11,Q4 2024
Cortland at RTP,2024-11-25,1.656081023355019,0.8496503496503497,1.4070898205429008,1.0,2024-11,Q4 2024
Cortland at RTP,2024-11-26,1.656081023355019,0.8461538461538461,1.4012993274542467,1.0,2024-11,Q4 2024
Cortland at RTP,2024-11-27,1.656081023355019,0.8461538461538461,1.4012993274542467,1.0,2024-11,Q4 2024
Cortland at RTP,2024-11-28,1.656081023355019,0.8461538461538461,1.4012993274542467,1.0,2024-11,Q4 2024
Cortland at RTP,2024-11-29,1.656081023355019,0.8461538461538461,1.4012993274542467,1.0,2024-11,Q4 2024
Cortland at RTP,2024-11-30,1.656081023355019,0.8461538461538461,1.4012993274542467,1.0,2024-11,Q4 2024
Cortland at RTP,2024-12-01,1.656081023355019,0.8461538461538461,1.4012993274542467,1.0,2024-12,Q4 2024
Cortland at RTP,2024-12-02,1.656081023355019,0.8461538461538461,1.4012993274542467,1.0,2024-12,Q4 2024
Cortland at RTP,2024-12-03,1.656081023355019,0.8461538461538461,1.4012993274542467,1.0,2024-12,Q4 2024
Cortland at RTP,2024-12-04,1.656081023355019,0.8391608391608392,1.389718341276939,1.0,2024-12,Q4 2024
Cortland at RTP,2024-12-05,1.656081023355019,0.8391608391608392,1.389718341276939,1.0,2024-12,Q4 2024
Cortland at RTP,2024-12-06,1.656081023355019,0.8286713286713286,1.372346862010977,1.0,2024-12,Q4 2024
Cortland at RTP,2024-12-07,1.6543930640562572,0.8251748251748252,1.3651635074030655,1.0,2024-12,Q4 2024
Cortland at RTP,2024-12-08,1.6570437293469156,0.8321678321678322,1.3789384880579227,1.0,2024-12,Q4 2024
Cortland at RTP,2024-12-09,1.6570437293469156,0.8391608391608392,1.3905262064449642,1.0,2024-12,Q4 2024
Cortland at RTP,2024-12-10,1.6512644347815395,0.8391608391608392,1.3856764487677256,1.0,2024-12,Q4 2024
Cortland at RTP,2024-12-11,1.6512644347815395,0.8426573426573427,1.391450100637591,1.0,2024-12,Q4 2024
Cortland at RTP,2024-12-12,1.6512644347815395,0.8426573426573427,1.391450100637591,1.0,2024-12,Q4 2024
Cortland at RTP,2024-12-13,1.6512644347815395,0.8391608391608392,1.3856764487677256,1.0,2024-12,Q4 2024
Cortland at RTP,2024-12-14,1.6558032514666445,0.8391608391608392,1.3894852459859954,1.0,2024-12,Q4 2024
Cortland at RTP,2024-12-15,1.6558032514666445,0.8426573426573427,1.3952747678442705,1.0,2024-12,Q4 2024
Cortland at RTP,2024-12-16,1.6558032514666445,0.8426573426573427,1.3952747678442705,1.0,2024-12,Q4 2024
Cortland at RTP,2024-12-17,1.6558032514666445,0.8426573426573427,1.3952747678442705,1.0,2024-12,Q4 2024
Cortland at RTP,2024-12-18,1.6558032514666445,0.8391608391608392,1.3894852459859954,1.0,2024-12,Q4 2024
Cortland at RTP,2024-12-19,1.6558032514666445,0.8321678321678322,1.3779062022694455,1.0,2024-12,Q4 2024
Cortland at RTP,2024-12-20,1.6558032514666445,0.8286713286713286,1.3721166804111704,1.0,2024-12,Q4 2024
Cortland at RTP,2024-12-21,1.6558032514666445,0.8286713286713286,1.3721166804111704,1.0,2024-12,Q4 2024
Cortland at RTP,2024-12-22,1.6558032514666445,0.8286713286713286,1.3721166804111704,1.0,2024-12,Q4 2024
Cortland at RTP,2024-12-23,1.6558032514666445,0.8286713286713286,1.3721166804111704,1.0,2024-12,Q4 2024
Cortland at RTP,2024-12-24,1.6558032514666445,0.8286713286713286,1.3721166804111704,1.0,2024-12,Q4 2024
Cortland at RTP,2024-12-25,1.6558032514666445,0.8286713286713286,1.3721166804111704,1.0,2024-12,Q4 2024
Cortland at RTP,2024-12-26,1.6558032514666445,0.8286713286713286,1.3721166804111704,1.0,2024-12,Q4 2024
Cortland at RTP,2024-12-27,1.6558032514666445,0.8286713286713286,1.3721166804111704,1.0,2024-12,Q4 2024
Cortland at RTP,2024-12-28,1.6558032514666445,0.8286713286713286,1.3721166804111704,1.0,2024-12,Q4 2024
Cortland at RTP,2024-12-29,1.6529856018036015,0.8286713286713286,1.3697817749211663,1.0,2024-12,Q4 2024
Cortland at RTP,2024-12-30,1.6529856018036015,0.8321678321678322,1.3755614448575426,1.0,2024-12,Q4 2024
Cortland at RTP,2024-12-31,1.6529856018036015,0.8286713286713286,1.3697817749211663,1.0,2024-12,Q4 2024
Cortland at RTP,2025-01-01,1.6529856018036015,0.8286713286713286,1.3697817749211663,1.0,2025-01,Q1 2025
Cortland at RTP,2025-01-02,1.6529856018036015,0.8286713286713286,1.3697817749211663,1.0,2025-01,Q1 2025
Cortland at RTP,2025-01-03,1.6529856018036015,0.8251748251748252,1.3640021049847901,1.0,2025-01,Q1 2025
Cortland at RTP,2025-01-04,1.6529856018036015,0.8251748251748252,1.3640021049847901,1.0,2025-01,Q1 2025
Cortland at RTP,2025-01-05,1.6529856018036015,0.8251748251748252,1.3640021049847901,1.0,2025-01,Q1 2025
Cortland at RTP,2025-01-06,1.6529856018036015,0.8251748251748252,1.3640021049847901,1.0,2025-01,Q1 2025
Cortland at RTP,2025-01-07,1.6529856018036015,0.8251748251748252,1.3640021049847901,1.0,2025-01,Q1 2025
Cortland at RTP,2025-01-08,1.6529856018036015,0.8251748251748252,1.3640021049847901,1.0,2025-01,Q1 2025
Cortland at RTP,2025-01-09,1.6529856018036015,0.8251748251748252,1.3640021049847901,1.0,2025-01,Q1 2025
Cortland at RTP,2025-01-10,1.6529856018036015,0.8216783216783217,1.3582224350484138,1.0,2025-01,Q1 2025
Cortland at RTP,2025-01-11,1.6529856018036015,0.8216783216783217,1.3582224350484138,1.0,2025-01,Q1 2025
Cortland at RTP,2025-01-12,1.6529856018036015,0.8216783216783217,1.3582224350484138,1.0,2025-01,Q1 2025
Cortland at RTP,2025-01-13,1.648026713928201,0.8216783216783217,1.3541478243815637,1.0,2025-01,Q1 2025
Cortland at RTP,2025-01-14,1.648026713928201,0.8321678321678322,1.3714348178843072,1.0,2025-01,Q1 2025
Cortland at RTP,2025-01-15,1.6559142120015764,0.8321678321678322,1.3779985400572559,1.0,2025-01,Q1 2025
Cortland at RTP,2025-01-16,1.6559142120015764,0.8356643356643356,1.383788449889429,1.0,2025-01,Q1 2025
Cortland at RTP,2025-01-17,1.6559142120015764,0.8356643356643356,1.383788449889429,1.0,2025-01,Q1 2025
Cortland at RTP,2025-01-18,1.6559142120015764,0.8356643356643356,1.383788449889429,1.0,2025-01,Q1 2025
Cortland at RTP,2025-01-19,1.6559142120015764,0.8356643356643356,1.383788449889429,1.0,2025-01,Q1 2025
Cortland at RTP,2025-01-20,1.6559142120015764,0.8356643356643356,1.383788449889429,1.0,2025-01,Q1 2025
Cortland at RTP,2025-01-21,1.6559142120015764,0.8356643356643356,1.383788449889429,1.0,2025-01,Q1 2025
Cortland at RTP,2025-01-22,1.663645224603942,0.8356643356643356,1.3902489813997976,1.0,2025-01,Q1 2025
Cortland at RTP,2025-01-23,1.663645224603942,0.8391608391608392,1.3960659227445666,1.0,2025-01,Q1 2025
Cortland at RTP,2025-01-24,1.6594533808759662,0.8356643356643356,1.3867460070956499,1.0,2025-01,Q1 2025
Cortland at RTP,2025-01-25,1.6594533808759662,0.8426573426573427,1.3983505761926849,1.0,2025-01,Q1 2025
Cortland at RTP,2025-01-26,1.6594533808759662,0.8426573426573427,1.3983505761926849,1.0,2025-01,Q1 2025
Cortland at RTP,2025-01-27,1.654442662296327,0.8426573426573427,1.3941282573895624,1.0,2025-01,Q1 2025
Cortland at RTP,2025-01-28,1.6539814004306277,0.8391608391608392,1.3879564199417855,1.0,2025-01,Q1 2025
Cortland at RTP,2025-01-29,1.6539814004306277,0.8426573426573427,1.393739571691543,1.0,2025-01,Q1 2025
Cortland at RTP,2025-01-30,1.6506761759446245,0.8391608391608392,1.385182804988496,1.0,2025-01,Q1 2025
Cortland at RTP,2025-01-31,1.657386486527631,0.8426573426573427,1.3966088924935633,1.0,2025-01,Q1 2025
Cortland at RTP,2025-02-01,1.6568406464071528,0.8426573426573427,1.3961489363081254,1.0,2025-02,Q1 2025
Cortland at RTP,2025-02-02,1.6568406464071528,0.8461538461538461,1.401942085421437,1.0,2025-02,Q1 2025
Cortland at RTP,2025-02-03,1.6568406464071528,0.8461538461538461,1.401942085421437,1.0,2025-02,Q1 2025
Cortland at RTP,2025-02-04,1.6568406464071528,0.8461538461538461,1.401942085421437,1.0,2025-02,Q1 2025
Cortland at RTP,2025-02-05,1.6568406464071528,0.8461538461538461,1.401942085421437,1.0,2025-02,Q1 2025
Cortland at RTP,2025-02-06,1.6568406464071528,0.8461538461538461,1.401942085421437,1.0,2025-02,Q1 2025
Cortland at RTP,2025-02-07,1.6568406464071528,0.8461538461538461,1.401942085421437,1.0,2025-02,Q1 2025
Cortland at RTP,2025-02-08,1.6568406464071528,0.8461538461538461,1.401942085421437,1.0,2025-02,Q1 2025
Cortland at RTP,2025-02-09,1.6568406464071528,0.8461538461538461,1.401942085421437,1.0,2025-02,Q1 2025
Cortland at RTP,2025-02-10,1.6568406464071528,0.8461538461538461,1.401942085421437,1.0,2025-02,Q1 2025
Cortland at RTP,2025-02-11,1.6568406464071528,0.8461538461538461,1.401942085421437,1.0,2025-02,Q1 2025
Cortland at RTP,2025-02-12,1.6568406464071528,0.8461538461538461,1.401942085421437,1.0,2025-02,Q1 2025
Cortland at RTP,2025-02-13,1.6627513537393677,0.8461538461538461,1.4069434531640803,1.0,2025-02,Q1 2025
Cortland at RTP,2025-02-14,1.6627513537393677,0.8496503496503497,1.412757269086246,1.0,2025-02,Q1 2025
Cortland at RTP,2025-02-15,1.6627513537393677,0.8496503496503497,1.412757269086246,1.0,2025-02,Q1 2025
Cortland at RTP,2025-02-16,1.6627513537393677,0.8496503496503497,1.412757269086246,1.0,2025-02,Q1 2025
Cortland at RTP,2025-02-17,1.6627513537393677,0.8496503496503497,1.412757269086246,1.0,2025-02,Q1 2025
Cortland at RTP,2025-02-18,1.6627513537393677,0.8496503496503497,1.412757269086246,1.0,2025-02,Q1 2025
Cortland at RTP,2025-02-19,1.6627513537393677,0.8496503496503497,1.412757269086246,1.0,2025-02,Q1 2025
Cortland at RTP,2025-02-20,1.6627513537393677,0.8426573426573427,1.4011296372419149,1.0,2025-02,Q1 2025
Cortland at RTP,2025-02-21,1.6622852067462872,0.8426573426573427,1.400736835055438,1.0,2025-02,Q1 2025
Cortland at RTP,2025-02-22,1.6622852067462872,0.8461538461538461,1.4065490210930123,1.0,2025-02,Q1 2025
Cortland at RTP,2025-02-23,1.6613027894275367,0.8461538461538461,1.4057177449002234,1.0,2025-02,Q1 2025
Cortland at RTP,2025-02-24,1.6613027894275367,0.8461538461538461,1.4057177449002234,1.0,2025-02,Q1 2025
Cortland at RTP,2025-02-25,1.6613027894275367,0.8461538461538461,1.4057177449002234,1.0,2025-02,Q1 2025
Cortland at RTP,2025-02-26,1.6613027894275367,0.8426573426573427,1.399908993888239,1.0,2025-02,Q1 2025
Cortland at RTP,2025-02-27,1.6613027894275367,0.8426573426573427,1.399908993888239,1.0,2025-02,Q1 2025
Cortland at RTP,2025-02-28,1.6613027894275367,0.8426573426573427,1.399908993888239,1.0,2025-02,Q1 2025
Cortland at RTP,2025-03-01,1.6610371357648133,0.8426573426573427,1.3996851388787412,1.0,2025-03,Q1 2025
Cortland at RTP,2025-03-02,1.6610371357648133,0.8426573426573427,1.3996851388787412,1.0,2025-03,Q1 2025
Cortland at RTP,2025-03-03,1.6605243084375916,0.8426573426573427,1.3992530011659425,1.0,2025-03,Q1 2025
Cortland at RTP,2025-03-04,1.6605243084375916,0.8566433566433567,1.422477117367867,1.0,2025-03,Q1 2025
Cortland at RTP,2025-03-05,1.6600255068969638,0.8566433566433567,1.4220498223418048,1.0,2025-03,Q1 2025
Cortland at RTP,2025-03-06,1.6600255068969638,0.8601398601398601,1.4278541073309547,1.0,2025-03,Q1 2025
Cortland at RTP,2025-03-07,1.6653872731189052,0.8601398601398601,1.4324659761791982,1.0,2025-03,Q1 2025
Cortland at RTP,2025-03-08,1.6653872731189052,0.8601398601398601,1.4324659761791982,1.0,2025-03,Q1 2025
Cortland at RTP,2025-03-09,1.6653872731189052,0.8601398601398601,1.4324659761791982,1.0,2025-03,Q1 2025
Cortland at RTP,2025-03-10,1.6653872731189052,0.8601398601398601,1.4324659761791982,1.0,2025-03,Q1 2025
Cortland at RTP,2025-03-11,1.6653872731189052,0.8601398601398601,1.4324659761791982,1.0,2025-03,Q1 2025
Cortland at RTP,2025-03-12,1.6622436681962984,0.8566433566433567,1.4239499954828432,1.0,2025-03,Q1 2025
Cortland at RTP,2025-03-13,1.6622436681962984,0.8601398601398601,1.4297620362807322,1.0,2025-03,Q1 2025
Cortland at RTP,2025-03-14,1.6622436681962984,0.8566433566433567,1.4239499954828432,1.0,2025-03,Q1 2025
Cortland at RTP,2025-03-15,1.6616644664985163,0.8496503496503497,1.411833794962026,1.0,2025-03,Q1 2025
Cortland at RTP,2025-03-16,1.6616644664985163,0.8531468531468531,1.4176438105791538,1.0,2025-03,Q1 2025
Cortland at RTP,2025-03-17,1.6616644664985163,0.8531468531468531,1.4176438105791538,1.0,2025-03,Q1 2025
Cortland at RTP,2025-03-18,1.6616644664985163,0.8531468531468531,1.4176438105791538,1.0,2025-03,Q1 2025
Cortland at RTP,2025-03-19,1.6616644664985163,0.8531468531468531,1.4176438105791538,1.0,2025-03,Q1 2025
Cortland at RTP,2025-03-20,1.6616644664985163,0.8531468531468531,1.4176438105791538,1.0,2025-03,Q1 2025
Cortland at RTP,2025-03-21,1.6563847317670435,0.8496503496503497,1.4073478665013692,1.0,2025-03,Q1 2025
Cortland at RTP,2025-03-22,1.6530311803619075,0.8566433566433567,1.4160581789813544,1.0,2025-03,Q1 2025
Cortland at RTP,2025-03-23,1.6486133581050457,0.8601398601398601,1.4180380632651792,1.0,2025-03,Q1 2025
Cortland at RTP,2025-03-24,1.6486133581050457,0.8636363636363636,1.423802445636176,1.0,2025-03,Q1 2025
Cortland at RTP,2025-03-25,1.6486133581050457,0.8636363636363636,1.423802445636176,1.0,2025-03,Q1 2025
Cortland at RTP,2025-03-26,1.6540452729108526,0.8636363636363636,1.4284936447866454,1.0,2025-03,Q1 2025
Cortland at RTP,2025-03-27,1.6540452729108526,0.8566433566433567,1.4169268946264297,1.0,2025-03,Q1 2025
Cortland at RTP,2025-03-28,1.6540452729108526,0.8461538461538461,1.399576769386106,1.0,2025-03,Q1 2025
Cortland at RTP,2025-03-29,1.6531341444072079,0.8461538461538461,1.3988058144984066,1.0,2025-03,Q1 2025
Cortland at RTP,2025-03-30,1.6522514886693018,0.8496503496503497,1.403836055058183,1.0,2025-03,Q1 2025
Cortland at RTP,2025-03-31,1.6522514886693018,0.8531468531468531,1.4096131581654183,1.0,2025-03,Q1 2025
Cortland at RTP,2025-04-01,1.6522514886693018,0.8531468531468531,1.4096131581654183,1.0,2025-04,Q2 2025
Cortland at RTP,2025-04-02,1.6522514886693018,0.8531468531468531,1.4096131581654183,1.0,2025-04,Q2 2025
Cortland at RTP,2025-04-03,1.6515254331429596,0.8496503496503497,1.403219161726361,1.0,2025-04,Q2 2025
Cortland at RTP,2025-04-04,1.650196013826278,0.8531468531468531,1.40785953627137,1.0,2025-04,Q2 2025
Cortland at RTP,2025-04-05,1.6422787617845627,0.8496503496503497,1.395362724173597,1.0,2025-04,Q2 2025
Cortland at RTP,2025-04-06,1.6422787617845627,0.8566433566433567,1.4068471910392233,1.0,2025-04,Q2 2025
Cortland at RTP,2025-04-07,1.637946686936826,0.8531468531468531,1.3974090615824668,1.0,2025-04,Q2 2025
Cortland at RTP,2025-04-08,1.637946686936826,0.8566433566433567,1.4031361479004278,1.0,2025-04,Q2 2025
Cortland at RTP,2025-04-09,1.637946686936826,0.8566433566433567,1.4031361479004278,1.0,2025-04,Q2 2025
Cortland at RTP,2025-04-10,1.637946686936826,0.8531468531468531,1.3974090615824668,1.0,2025-04,Q2 2025
Cortland at RTP,2025-04-11,1.6400577984822184,0.8531468531468531,1.3992101497540606,1.0,2025-04,Q2 2025
Cortland at RTP,2025-04-12,1.6366855318599303,0.8566433566433567,1.402055787782108,1.0,2025-04,Q2 2025
Cortland at RTP,2025-04-13,1.5824737552782668,0.8601398601398601,1.3611487545400476,1.0,2025-04,Q2 2025
The Village at Auburn Apartments,2023-09-08,1.6124964851785528,0.9390243902439024,1.5141735287652263,1.0,2023-09,Q3 2023
The Village at Auburn Apartments,2023-09-09,1.6124964851785528,0.9420731707317073,1.5190896765858926,1.0,2023-09,Q3 2023
The Village at Auburn Apartments,2023-09-10,1.6124964851785528,0.9420731707317073,1.5190896765858926,1.0,2023-09,Q3 2023
The Village at Auburn Apartments,2023-09-11,1.6124964851785528,0.9420731707317073,1.5190896765858926,1.0,2023-09,Q3 2023
The Village at Auburn Apartments,2023-09-12,1.6124964851785528,0.9420731707317073,1.5190896765858926,1.0,2023-09,Q3 2023
The Village at Auburn Apartments,2023-09-13,1.6124964851785528,0.9359756097560976,1.5092573809445602,1.0,2023-09,Q3 2023
The Village at Auburn Apartments,2023-09-14,1.616794912254494,0.9329268292682926,1.5083513510666924,1.0,2023-09,Q3 2023
The Village at Auburn Apartments,2023-09-15,1.6371977123012798,0.9298780487804879,1.5223942141825926,1.0,2023-09,Q3 2023
The Village at Auburn Apartments,2023-09-16,1.6371977123012798,0.9329268292682926,1.5273856706225353,1.0,2023-09,Q3 2023
The Village at Auburn Apartments,2023-09-17,1.6411858438507085,0.9329268292682926,1.5311063055436487,1.0,2023-09,Q3 2023
The Village at Auburn Apartments,2023-09-18,1.6411858438507085,0.9359756097560976,1.5361099209212425,1.0,2023-09,Q3 2023
The Village at Auburn Apartments,2023-09-19,1.6411858438507085,0.9359756097560976,1.5361099209212425,1.0,2023-09,Q3 2023
The Village at Auburn Apartments,2023-09-20,1.63170711502556,0.9329268292682926,1.522263345115309,1.0,2023-09,Q3 2023
The Village at Auburn Apartments,2023-09-21,1.63170711502556,0.9298780487804879,1.5172886283012068,1.0,2023-09,Q3 2023
The Village at Auburn Apartments,2023-09-22,1.63170711502556,0.9298780487804879,1.5172886283012068,1.0,2023-09,Q3 2023
The Village at Auburn Apartments,2023-09-23,1.6222512662650281,0.9298780487804879,1.5084958421062,1.0,2023-09,Q3 2023
The Village at Auburn Apartments,2023-09-24,1.6222512662650281,0.9329268292682926,1.5134417301131053,1.0,2023-09,Q3 2023
The Village at Auburn Apartments,2023-09-25,1.6222512662650281,0.9329268292682926,1.5134417301131053,1.0,2023-09,Q3 2023
The Village at Auburn Apartments,2023-09-26,1.6052328844527814,0.9329268292682926,1.4975648251297289,1.0,2023-09,Q3 2023
The Village at Auburn Apartments,2023-09-27,1.6052328844527814,0.9390243902439024,1.5073528305227337,1.0,2023-09,Q3 2023
The Village at Auburn Apartments,2023-09-28,1.6052328844527814,0.9359756097560976,1.5024588278262314,1.0,2023-09,Q3 2023
The Village at Auburn Apartments,2023-09-29,1.6052328844527814,0.9359756097560976,1.5024588278262314,1.0,2023-09,Q3 2023
The Village at Auburn Apartments,2023-09-30,1.6052328844527814,0.9359756097560976,1.5024588278262314,1.0,2023-09,Q3 2023
The Village at Auburn Apartments,2023-10-01,1.6052328844527814,0.9359756097560976,1.5024588278262314,1.0,2023-10,Q4 2023
The Village at Auburn Apartments,2023-10-02,1.6052328844527814,0.9359756097560976,1.5024588278262314,1.0,2023-10,Q4 2023
The Village at Auburn Apartments,2023-10-03,1.6052328844527814,0.9359756097560976,1.5024588278262314,1.0,2023-10,Q4 2023
The Village at Auburn Apartments,2023-10-04,1.6052328844527814,0.9329268292682926,1.4975648251297289,1.0,2023-10,Q4 2023
The Village at Auburn Apartments,2023-10-05,1.6052328844527814,0.9329268292682926,1.4975648251297289,1.0,2023-10,Q4 2023
The Village at Auburn Apartments,2023-10-06,1.6052328844527814,0.9329268292682926,1.4975648251297289,1.0,2023-10,Q4 2023
The Village at Auburn Apartments,2023-10-07,1.6052328844527814,0.9329268292682926,1.4975648251297289,1.0,2023-10,Q4 2023
The Village at Auburn Apartments,2023-10-08,1.6052328844527814,0.9329268292682926,1.4975648251297289,1.0,2023-10,Q4 2023
The Village at Auburn Apartments,2023-10-09,1.6052328844527814,0.9329268292682926,1.4975648251297289,1.0,2023-10,Q4 2023
The Village at Auburn Apartments,2023-10-10,1.6110281015206742,0.9329268292682926,1.5029713386137997,1.0,2023-10,Q4 2023
The Village at Auburn Apartments,2023-10-11,1.6110281015206742,0.9359756097560976,1.5078830096550213,1.0,2023-10,Q4 2023
The Village at Auburn Apartments,2023-10-12,1.6110281015206742,0.9359756097560976,1.5078830096550213,1.0,2023-10,Q4 2023
The Village at Auburn Apartments,2023-10-13,1.6110281015206742,0.9359756097560976,1.5078830096550213,1.0,2023-10,Q4 2023
The Village at Auburn Apartments,2023-10-14,1.6110281015206742,0.9359756097560976,1.5078830096550213,1.0,2023-10,Q4 2023
The Village at Auburn Apartments,2023-10-15,1.6110281015206742,0.9359756097560976,1.5078830096550213,1.0,2023-10,Q4 2023
The Village at Auburn Apartments,2023-10-16,1.6110281015206742,0.9359756097560976,1.5078830096550213,1.0,2023-10,Q4 2023
The Village at Auburn Apartments,2023-10-17,1.6110281015206742,0.926829268292683,1.4931479965313568,1.0,2023-10,Q4 2023
The Village at Auburn Apartments,2023-10-18,1.6110281015206742,0.926829268292683,1.4931479965313568,1.0,2023-10,Q4 2023
The Village at Auburn Apartments,2023-10-19,1.6110281015206742,0.9237804878048781,1.4882363254901352,1.0,2023-10,Q4 2023
The Village at Auburn Apartments,2023-10-20,1.6058456769516138,0.9237804878048781,1.4834489027937166,1.0,2023-10,Q4 2023
The Village at Auburn Apartments,2023-10-21,1.59662878342316,0.9329268292682926,1.4895378284374603,1.0,2023-10,Q4 2023
The Village at Auburn Apartments,2023-10-22,1.59662878342316,0.9359756097560976,1.4944055991186285,1.0,2023-10,Q4 2023
The Village at Auburn Apartments,2023-10-23,1.59662878342316,0.9359756097560976,1.4944055991186285,1.0,2023-10,Q4 2023
The Village at Auburn Apartments,2023-10-24,1.59662878342316,0.9359756097560976,1.4944055991186285,1.0,2023-10,Q4 2023
The Village at Auburn Apartments,2023-10-25,1.5802583324952686,0.9298780487804879,1.4694475347898077,1.0,2023-10,Q4 2023
The Village at Auburn Apartments,2023-10-26,1.5802583324952686,0.9359756097560976,1.4790832563294132,1.0,2023-10,Q4 2023
The Village at Auburn Apartments,2023-10-27,1.573248982826599,0.9329268292682926,1.4677261851979855,1.0,2023-10,Q4 2023
The Village at Auburn Apartments,2023-10-28,1.573248982826599,0.9359756097560976,1.4725226759992862,1.0,2023-10,Q4 2023
The Village at Auburn Apartments,2023-10-29,1.573248982826599,0.9359756097560976,1.4725226759992862,1.0,2023-10,Q4 2023
The Village at Auburn Apartments,2023-10-30,1.573248982826599,0.9359756097560976,1.4725226759992862,1.0,2023-10,Q4 2023
The Village at Auburn Apartments,2023-10-31,1.573248982826599,0.926829268292683,1.4581332035953845,1.0,2023-10,Q4 2023
The Village at Auburn Apartments,2023-11-01,1.5875017839303553,0.926829268292683,1.4713431168135,1.0,2023-11,Q4 2023
The Village at Auburn Apartments,2023-11-02,1.5875017839303553,0.926829268292683,1.4713431168135,1.0,2023-11,Q4 2023
The Village at Auburn Apartments,2023-11-03,1.5875017839303553,0.9237804878048781,1.466503172350298,1.0,2023-11,Q4 2023
The Village at Auburn Apartments,2023-11-04,1.5875017839303553,0.9207317073170732,1.4616632278870956,1.0,2023-11,Q4 2023
The Village at Auburn Apartments,2023-11-05,1.5875017839303553,0.9207317073170732,1.4616632278870956,1.0,2023-11,Q4 2023
The Village at Auburn Apartments,2023-11-06,1.5875017839303553,0.9207317073170732,1.4616632278870956,1.0,2023-11,Q4 2023
The Village at Auburn Apartments,2023-11-07,1.590052171874084,0.9207317073170732,1.4640114509328457,1.0,2023-11,Q4 2023
The Village at Auburn Apartments,2023-11-08,1.590052171874084,0.9237804878048781,1.4688591709690473,1.0,2023-11,Q4 2023
The Village at Auburn Apartments,2023-11-09,1.590052171874084,0.9237804878048781,1.4688591709690473,1.0,2023-11,Q4 2023
The Village at Auburn Apartments,2023-11-10,1.590052171874084,0.9237804878048781,1.4688591709690473,1.0,2023-11,Q4 2023
The Village at Auburn Apartments,2023-11-11,1.5822062211981567,0.9237804878048781,1.461611234826346,1.0,2023-11,Q4 2023
The Village at Auburn Apartments,2023-11-12,1.5822062211981567,0.926829268292683,1.4664350342812185,1.0,2023-11,Q4 2023
The Village at Auburn Apartments,2023-11-13,1.5747409546458297,0.926829268292683,1.4595160067449156,1.0,2023-11,Q4 2023
The Village at Auburn Apartments,2023-11-14,1.5747409546458297,0.926829268292683,1.4595160067449156,1.0,2023-11,Q4 2023
The Village at Auburn Apartments,2023-11-15,1.5747409546458297,0.9237804878048781,1.454714967249044,1.0,2023-11,Q4 2023
The Village at Auburn Apartments,2023-11-16,1.5747409546458297,0.9237804878048781,1.454714967249044,1.0,2023-11,Q4 2023
The Village at Auburn Apartments,2023-11-17,1.5747409546458297,0.9237804878048781,1.454714967249044,1.0,2023-11,Q4 2023
The Village at Auburn Apartments,2023-11-18,1.5747409546458297,0.9237804878048781,1.454714967249044,1.0,2023-11,Q4 2023
The Village at Auburn Apartments,2023-11-19,1.5747409546458297,0.9237804878048781,1.454714967249044,1.0,2023-11,Q4 2023
The Village at Auburn Apartments,2023-11-20,1.5747409546458297,0.9237804878048781,1.454714967249044,1.0,2023-11,Q4 2023
The Village at Auburn Apartments,2023-11-21,1.5747603780329773,0.9237804878048781,1.454732910195098,1.0,2023-11,Q4 2023
The Village at Auburn Apartments,2023-11-22,1.5747603780329773,0.926829268292683,1.4595340089086133,1.0,2023-11,Q4 2023
The Village at Auburn Apartments,2023-11-23,1.5747603780329773,0.926829268292683,1.4595340089086133,1.0,2023-11,Q4 2023
The Village at Auburn Apartments,2023-11-24,1.5747603780329773,0.926829268292683,1.4595340089086133,1.0,2023-11,Q4 2023
The Village at Auburn Apartments,2023-11-25,1.5747603780329773,0.926829268292683,1.4595340089086133,1.0,2023-11,Q4 2023
The Village at Auburn Apartments,2023-11-26,1.5747603780329773,0.9237804878048781,1.454732910195098,1.0,2023-11,Q4 2023
The Village at Auburn Apartments,2023-11-27,1.5747603780329773,0.9237804878048781,1.454732910195098,1.0,2023-11,Q4 2023
The Village at Auburn Apartments,2023-11-28,1.5747603780329773,0.9207317073170732,1.449931811481583,1.0,2023-11,Q4 2023
The Village at Auburn Apartments,2023-11-29,1.5747603780329773,0.9207317073170732,1.449931811481583,1.0,2023-11,Q4 2023
The Village at Auburn Apartments,2023-11-30,1.573125971320555,0.9207317073170732,1.4484269613988037,1.0,2023-11,Q4 2023
The Village at Auburn Apartments,2023-12-01,1.573125971320555,0.9237804878048781,1.453223077165025,1.0,2023-12,Q4 2023
The Village at Auburn Apartments,2023-12-02,1.5721464465183057,0.9237804878048781,1.452318211265386,1.0,2023-12,Q4 2023
The Village at Auburn Apartments,2023-12-03,1.5721464465183057,0.926829268292683,1.457111340675503,1.0,2023-12,Q4 2023
The Village at Auburn Apartments,2023-12-04,1.5721464465183057,0.926829268292683,1.457111340675503,1.0,2023-12,Q4 2023
The Village at Auburn Apartments,2023-12-05,1.5721464465183057,0.926829268292683,1.457111340675503,1.0,2023-12,Q4 2023
The Village at Auburn Apartments,2023-12-06,1.5721464465183057,0.926829268292683,1.457111340675503,1.0,2023-12,Q4 2023
The Village at Auburn Apartments,2023-12-07,1.5721464465183057,0.926829268292683,1.457111340675503,1.0,2023-12,Q4 2023
The Village at Auburn Apartments,2023-12-08,1.582670394934907,0.9237804878048781,1.4620400294673075,1.0,2023-12,Q4 2023
The Village at Auburn Apartments,2023-12-09,1.5756525239706498,0.9298780487804879,1.4651646945458787,1.0,2023-12,Q4 2023
The Village at Auburn Apartments,2023-12-10,1.5756525239706498,0.9329268292682926,1.4699685132165208,1.0,2023-12,Q4 2023
The Village at Auburn Apartments,2023-12-11,1.5756525239706498,0.9329268292682926,1.4699685132165208,1.0,2023-12,Q4 2023
The Village at Auburn Apartments,2023-12-12,1.5756525239706498,0.9329268292682926,1.4699685132165208,1.0,2023-12,Q4 2023
The Village at Auburn Apartments,2023-12-13,1.5756525239706498,0.9329268292682926,1.4699685132165208,1.0,2023-12,Q4 2023
The Village at Auburn Apartments,2023-12-14,1.5756525239706498,0.9298780487804879,1.4651646945458787,1.0,2023-12,Q4 2023
The Village at Auburn Apartments,2023-12-15,1.5756525239706498,0.9298780487804879,1.4651646945458787,1.0,2023-12,Q4 2023
The Village at Auburn Apartments,2023-12-16,1.5756525239706498,0.926829268292683,1.4603608758752364,1.0,2023-12,Q4 2023
The Village at Auburn Apartments,2023-12-17,1.5756525239706498,0.926829268292683,1.4603608758752364,1.0,2023-12,Q4 2023
The Village at Auburn Apartments,2023-12-18,1.5727497081381427,0.926829268292683,1.4576704612012055,1.0,2023-12,Q4 2023
The Village at Auburn Apartments,2023-12-19,1.5727497081381427,0.9237804878048781,1.4528754925788332,1.0,2023-12,Q4 2023
The Village at Auburn Apartments,2023-12-20,1.5727497081381427,0.9237804878048781,1.4528754925788332,1.0,2023-12,Q4 2023
The Village at Auburn Apartments,2023-12-21,1.5727497081381427,0.9237804878048781,1.4528754925788332,1.0,2023-12,Q4 2023
The Village at Auburn Apartments,2023-12-22,1.5727497081381427,0.9237804878048781,1.4528754925788332,1.0,2023-12,Q4 2023
The Village at Auburn Apartments,2023-12-23,1.570174132729685,0.9237804878048781,1.4504962262716299,1.0,2023-12,Q4 2023
The Village at Auburn Apartments,2023-12-24,1.570174132729685,0.926829268292683,1.455283342529952,1.0,2023-12,Q4 2023
The Village at Auburn Apartments,2023-12-25,1.570174132729685,0.926829268292683,1.455283342529952,1.0,2023-12,Q4 2023
The Village at Auburn Apartments,2023-12-26,1.570174132729685,0.926829268292683,1.455283342529952,1.0,2023-12,Q4 2023
The Village at Auburn Apartments,2023-12-27,1.570174132729685,0.926829268292683,1.455283342529952,1.0,2023-12,Q4 2023
The Village at Auburn Apartments,2023-12-28,1.570174132729685,0.926829268292683,1.455283342529952,1.0,2023-12,Q4 2023
The Village at Auburn Apartments,2023-12-29,1.570174132729685,0.926829268292683,1.455283342529952,1.0,2023-12,Q4 2023
The Village at Auburn Apartments,2023-12-30,1.570174132729685,0.926829268292683,1.455283342529952,1.0,2023-12,Q4 2023
The Village at Auburn Apartments,2023-12-31,1.5672159784424626,0.9237804878048781,1.4477635410611773,1.0,2023-12,Q4 2023
The Village at Auburn Apartments,2024-01-01,1.5672159784424626,0.9298780487804879,1.4573197360516803,1.0,2024-01,Q1 2024
The Village at Auburn Apartments,2024-01-02,1.5672159784424626,0.9298780487804879,1.4573197360516803,1.0,2024-01,Q1 2024
The Village at Auburn Apartments,2024-01-03,1.5672159784424626,0.9298780487804879,1.4573197360516803,1.0,2024-01,Q1 2024
The Village at Auburn Apartments,2024-01-04,1.5672159784424626,0.9298780487804879,1.4573197360516803,1.0,2024-01,Q1 2024
The Village at Auburn Apartments,2024-01-05,1.5634281123548561,0.9176829268292683,1.4347312860329626,1.0,2024-01,Q1 2024
The Village at Auburn Apartments,2024-01-06,1.5634281123548561,0.9237804878048781,1.4442643842790288,1.0,2024-01,Q1 2024
The Village at Auburn Apartments,2024-01-07,1.5592789243930334,0.9237804878048781,1.440431445399662,1.0,2024-01,Q1 2024
The Village at Auburn Apartments,2024-01-08,1.5592789243930334,0.926829268292683,1.445185344559397,1.0,2024-01,Q1 2024
The Village at Auburn Apartments,2024-01-09,1.5706177278102311,0.926829268292683,1.4556944794338729,1.0,2024-01,Q1 2024
The Village at Auburn Apartments,2024-01-10,1.5706177278102311,0.9207317073170732,1.4461175420691763,1.0,2024-01,Q1 2024
The Village at Auburn Apartments,2024-01-11,1.5706177278102311,0.9207317073170732,1.4461175420691763,1.0,2024-01,Q1 2024
The Village at Auburn Apartments,2024-01-12,1.5706177278102311,0.9176829268292683,1.441329073386828,1.0,2024-01,Q1 2024
The Village at Auburn Apartments,2024-01-13,1.5692386498005042,0.9146341463414634,1.435279252866315,1.0,2024-01,Q1 2024
The Village at Auburn Apartments,2024-01-14,1.5692386498005042,0.9146341463414634,1.435279252866315,1.0,2024-01,Q1 2024
The Village at Auburn Apartments,2024-01-15,1.5692386498005042,0.9146341463414634,1.435279252866315,1.0,2024-01,Q1 2024
The Village at Auburn Apartments,2024-01-16,1.5692386498005042,0.9146341463414634,1.435279252866315,1.0,2024-01,Q1 2024
The Village at Auburn Apartments,2024-01-17,1.5692386498005042,0.9115853658536586,1.4304949886900937,1.0,2024-01,Q1 2024
The Village at Auburn Apartments,2024-01-18,1.5692386498005042,0.9085365853658537,1.4257107245138727,1.0,2024-01,Q1 2024
The Village at Auburn Apartments,2024-01-19,1.5692386498005042,0.9085365853658537,1.4257107245138727,1.0,2024-01,Q1 2024
The Village at Auburn Apartments,2024-01-20,1.5692386498005042,0.9085365853658537,1.4257107245138727,1.0,2024-01,Q1 2024
The Village at Auburn Apartments,2024-01-21,1.5692386498005042,0.9085365853658537,1.4257107245138727,1.0,2024-01,Q1 2024
The Village at Auburn Apartments,2024-01-22,1.5692386498005042,0.9085365853658537,1.4257107245138727,1.0,2024-01,Q1 2024
The Village at Auburn Apartments,2024-01-23,1.5692386498005042,0.9054878048780488,1.4209264603376517,1.0,2024-01,Q1 2024
The Village at Auburn Apartments,2024-01-24,1.5692386498005042,0.9054878048780488,1.4209264603376517,1.0,2024-01,Q1 2024
The Village at Auburn Apartments,2024-01-25,1.5692386498005042,0.9054878048780488,1.4209264603376517,1.0,2024-01,Q1 2024
The Village at Auburn Apartments,2024-01-26,1.5700434984889506,0.899390243902439,1.412081805043416,1.0,2024-01,Q1 2024
The Village at Auburn Apartments,2024-01-27,1.5699736230883,0.9024390243902439,1.416805464738222,1.0,2024-01,Q1 2024
The Village at Auburn Apartments,2024-01-28,1.5699736230883,0.9024390243902439,1.416805464738222,1.0,2024-01,Q1 2024
The Village at Auburn Apartments,2024-01-29,1.5699736230883,0.9024390243902439,1.416805464738222,1.0,2024-01,Q1 2024
The Village at Auburn Apartments,2024-01-30,1.5699736230883,0.9024390243902439,1.416805464738222,1.0,2024-01,Q1 2024
The Village at Auburn Apartments,2024-01-31,1.5699736230883,0.8932926829268293,1.402445949892902,1.0,2024-01,Q1 2024
The Village at Auburn Apartments,2024-02-01,1.5699736230883,0.8932926829268293,1.402445949892902,1.0,2024-02,Q1 2024
The Village at Auburn Apartments,2024-02-02,1.5699736230883,0.8902439024390244,1.3976594449444621,1.0,2024-02,Q1 2024
The Village at Auburn Apartments,2024-02-03,1.5699736230883,0.8810975609756098,1.3832999300991422,1.0,2024-02,Q1 2024
The Village at Auburn Apartments,2024-02-04,1.5699736230883,0.8810975609756098,1.3832999300991422,1.0,2024-02,Q1 2024
The Village at Auburn Apartments,2024-02-05,1.5699736230883,0.8810975609756098,1.3832999300991422,1.0,2024-02,Q1 2024
The Village at Auburn Apartments,2024-02-06,1.5699623253964632,0.875,1.3737170347219052,1.0,2024-02,Q1 2024
The Village at Auburn Apartments,2024-02-07,1.5699623253964632,0.8780487804878049,1.3785035052261627,1.0,2024-02,Q1 2024
The Village at Auburn Apartments,2024-02-08,1.5706281944165084,0.875,1.3742996701144448,1.0,2024-02,Q1 2024
The Village at Auburn Apartments,2024-02-09,1.5706281944165084,0.8780487804878049,1.379088170707178,1.0,2024-02,Q1 2024
The Village at Auburn Apartments,2024-02-10,1.5718376657581352,0.8719512195121951,1.3705657695330082,1.0,2024-02,Q1 2024
The Village at Auburn Apartments,2024-02-11,1.5718376657581352,0.875,1.3753579575383683,1.0,2024-02,Q1 2024
The Village at Auburn Apartments,2024-02-12,1.5718376657581352,0.875,1.3753579575383683,1.0,2024-02,Q1 2024
The Village at Auburn Apartments,2024-02-13,1.5718376657581352,0.875,1.3753579575383683,1.0,2024-02,Q1 2024
The Village at Auburn Apartments,2024-02-14,1.5718376657581352,0.875,1.3753579575383683,1.0,2024-02,Q1 2024
The Village at Auburn Apartments,2024-02-15,1.5724692312933581,0.875,1.3759105773816884,1.0,2024-02,Q1 2024
The Village at Auburn Apartments,2024-02-16,1.5724692312933581,0.8780487804878049,1.380704690891729,1.0,2024-02,Q1 2024
The Village at Auburn Apartments,2024-02-17,1.5724692312933581,0.8780487804878049,1.380704690891729,1.0,2024-02,Q1 2024
The Village at Auburn Apartments,2024-02-18,1.5724692312933581,0.8780487804878049,1.380704690891729,1.0,2024-02,Q1 2024
The Village at Auburn Apartments,2024-02-19,1.5724692312933581,0.8780487804878049,1.380704690891729,1.0,2024-02,Q1 2024
The Village at Auburn Apartments,2024-02-20,1.5724692312933581,0.8780487804878049,1.380704690891729,1.0,2024-02,Q1 2024
The Village at Auburn Apartments,2024-02-21,1.58166428828269,0.875,1.3839562522473536,1.0,2024-02,Q1 2024
The Village at Auburn Apartments,2024-02-22,1.5897706898623176,0.875,1.3910493536295279,1.0,2024-02,Q1 2024
The Village at Auburn Apartments,2024-02-23,1.5897706898623176,0.8780487804878049,1.3958962154888643,1.0,2024-02,Q1 2024
The Village at Auburn Apartments,2024-02-24,1.5897706898623176,0.8780487804878049,1.3958962154888643,1.0,2024-02,Q1 2024
The Village at Auburn Apartments,2024-02-25,1.5897706898623176,0.8780487804878049,1.3958962154888643,1.0,2024-02,Q1 2024
The Village at Auburn Apartments,2024-02-26,1.5897706898623176,0.8780487804878049,1.3958962154888643,1.0,2024-02,Q1 2024
The Village at Auburn Apartments,2024-02-27,1.5897706898623176,0.8780487804878049,1.3958962154888643,1.0,2024-02,Q1 2024
The Village at Auburn Apartments,2024-02-28,1.5897706898623176,0.8780487804878049,1.3958962154888643,1.0,2024-02,Q1 2024
The Village at Auburn Apartments,2024-02-29,1.5897706898623176,0.8719512195121951,1.3862024917701916,1.0,2024-02,Q1 2024
The Village at Auburn Apartments,2024-03-01,1.5897149990564396,0.8719512195121951,1.3861539321040908,1.0,2024-03,Q1 2024
The Village at Auburn Apartments,2024-03-02,1.5890207997911319,0.875,1.3903931998172403,1.0,2024-03,Q1 2024
The Village at Auburn Apartments,2024-03-03,1.5844190878321773,0.875,1.3863667018531551,1.0,2024-03,Q1 2024
The Village at Auburn Apartments,2024-03-04,1.5844190878321773,0.8780487804878049,1.3911972478526435,1.0,2024-03,Q1 2024
The Village at Auburn Apartments,2024-03-05,1.588999120897275,0.875,1.3903742307851155,1.0,2024-03,Q1 2024
The Village at Auburn Apartments,2024-03-06,1.588999120897275,0.8810975609756098,1.400063249814977,1.0,2024-03,Q1 2024
The Village at Auburn Apartments,2024-03-07,1.5979520455170637,0.8810975609756098,1.4079516498610714,1.0,2024-03,Q1 2024
The Village at Auburn Apartments,2024-03-08,1.5979520455170637,0.8871951219512195,1.4176952598947121,1.0,2024-03,Q1 2024
The Village at Auburn Apartments,2024-03-09,1.5940036257226793,0.8841463414634146,1.409332473962125,1.0,2024-03,Q1 2024
The Village at Auburn Apartments,2024-03-10,1.5944778946579468,0.8841463414634146,1.4097517971061115,1.0,2024-03,Q1 2024
The Village at Auburn Apartments,2024-03-11,1.5944778946579468,0.8871951219512195,1.4146130101995809,1.0,2024-03,Q1 2024
The Village at Auburn Apartments,2024-03-12,1.5944778946579468,0.8871951219512195,1.4146130101995809,1.0,2024-03,Q1 2024
The Village at Auburn Apartments,2024-03-13,1.5944778946579468,0.8871951219512195,1.4146130101995809,1.0,2024-03,Q1 2024
The Village at Auburn Apartments,2024-03-14,1.5944778946579468,0.8780487804878049,1.4000293709191727,1.0,2024-03,Q1 2024
The Village at Auburn Apartments,2024-03-15,1.5944778946579468,0.8780487804878049,1.4000293709191727,1.0,2024-03,Q1 2024
The Village at Auburn Apartments,2024-03-16,1.5944778946579468,0.8780487804878049,1.4000293709191727,1.0,2024-03,Q1 2024
The Village at Auburn Apartments,2024-03-17,1.5944778946579468,0.8780487804878049,1.4000293709191727,1.0,2024-03,Q1 2024
The Village at Auburn Apartments,2024-03-18,1.5944778946579468,0.8780487804878049,1.4000293709191727,1.0,2024-03,Q1 2024
The Village at Auburn Apartments,2024-03-19,1.594313237861282,0.8780487804878049,1.3998847942196624,1.0,2024-03,Q1 2024
The Village at Auburn Apartments,2024-03-20,1.594313237861282,0.8810975609756098,1.4047455053107027,1.0,2024-03,Q1 2024
The Village at Auburn Apartments,2024-03-21,1.5904094193917016,0.8780487804878049,1.3964570511732013,1.0,2024-03,Q1 2024
The Village at Auburn Apartments,2024-03-22,1.5904094193917016,0.8810975609756098,1.401305860378664,1.0,2024-03,Q1 2024
The Village at Auburn Apartments,2024-03-23,1.5904094193917016,0.8810975609756098,1.401305860378664,1.0,2024-03,Q1 2024
The Village at Auburn Apartments,2024-03-24,1.591051377792797,0.8810975609756098,1.4018714883601169,1.0,2024-03,Q1 2024
The Village at Auburn Apartments,2024-03-25,1.591051377792797,0.8810975609756098,1.4018714883601169,1.0,2024-03,Q1 2024
The Village at Auburn Apartments,2024-03-26,1.5907226970952821,0.875,1.3918823599583718,1.0,2024-03,Q1 2024
The Village at Auburn Apartments,2024-03-27,1.5860841878293335,0.8780487804878049,1.3926592868745367,1.0,2024-03,Q1 2024
The Village at Auburn Apartments,2024-03-28,1.5850145173478,0.8810975609756098,1.39655242534608,1.0,2024-03,Q1 2024
The Village at Auburn Apartments,2024-03-29,1.5833188132222682,0.8780487804878049,1.3902311530732112,1.0,2024-03,Q1 2024
The Village at Auburn Apartments,2024-03-30,1.5817864754878206,0.8841463414634146,1.3985307252788657,1.0,2024-03,Q1 2024
The Village at Auburn Apartments,2024-03-31,1.5817864754878206,0.8871951219512195,1.4033532450212067,1.0,2024-03,Q1 2024
The Village at Auburn Apartments,2024-04-01,1.5758471348762644,0.8810975609756098,1.3884750670098793,1.0,2024-04,Q2 2024
The Village at Auburn Apartments,2024-04-02,1.5758471348762644,0.8810975609756098,1.3884750670098793,1.0,2024-04,Q2 2024
The Village at Auburn Apartments,2024-04-03,1.572201745691593,0.8780487804878049,1.3804698254853012,1.0,2024-04,Q2 2024
The Village at Auburn Apartments,2024-04-04,1.566458870914179,0.8871951219512195,1.3897546690122746,1.0,2024-04,Q2 2024
The Village at Auburn Apartments,2024-04-05,1.5765233995930945,0.8902439024390244,1.403490343540194,1.0,2024-04,Q2 2024
The Village at Auburn Apartments,2024-04-06,1.5669619984873808,0.899390243902439,1.4093103340054187,1.0,2024-04,Q2 2024
The Village at Auburn Apartments,2024-04-07,1.5669619984873808,0.9085365853658537,1.423642303503779,1.0,2024-04,Q2 2024
The Village at Auburn Apartments,2024-04-08,1.5669619984873808,0.9085365853658537,1.423642303503779,1.0,2024-04,Q2 2024
The Village at Auburn Apartments,2024-04-09,1.5669619984873808,0.9085365853658537,1.423642303503779,1.0,2024-04,Q2 2024
The Village at Auburn Apartments,2024-04-10,1.5516934556396587,0.9054878048780488,1.4050395009907886,1.0,2024-04,Q2 2024
The Village at Auburn Apartments,2024-04-11,1.546488707165881,0.9146341463414634,1.414471378505379,1.0,2024-04,Q2 2024
The Village at Auburn Apartments,2024-04-12,1.551897508327046,0.9237804878048781,1.4336126372655336,1.0,2024-04,Q2 2024
The Village at Auburn Apartments,2024-04-13,1.5474156038838844,0.926829268292683,1.4341900718923808,1.0,2024-04,Q2 2024
The Village at Auburn Apartments,2024-04-14,1.5474156038838844,0.9298780487804879,1.4389078023920268,1.0,2024-04,Q2 2024
The Village at Auburn Apartments,2024-04-15,1.5474156038838844,0.9298780487804879,1.4389078023920268,1.0,2024-04,Q2 2024
The Village at Auburn Apartments,2024-04-16,1.5474156038838844,0.9237804878048781,1.4294723413927348,1.0,2024-04,Q2 2024
The Village at Auburn Apartments,2024-04-17,1.5481820475442925,0.9237804878048781,1.4301803670912214,1.0,2024-04,Q2 2024
The Village at Auburn Apartments,2024-04-18,1.5481820475442925,0.9176829268292683,1.4207402326549758,1.0,2024-04,Q2 2024
The Village at Auburn Apartments,2024-04-19,1.5481820475442925,0.9176829268292683,1.4207402326549758,1.0,2024-04,Q2 2024
The Village at Auburn Apartments,2024-04-20,1.5481820475442925,0.9146341463414634,1.416020165436853,1.0,2024-04,Q2 2024
The Village at Auburn Apartments,2024-04-21,1.5481820475442925,0.9085365853658537,1.4065800310006071,1.0,2024-04,Q2 2024
The Village at Auburn Apartments,2024-04-22,1.5527613505394222,0.9085365853658537,1.410740495307158,1.0,2024-04,Q2 2024
The Village at Auburn Apartments,2024-04-23,1.5527613505394222,0.9115853658536586,1.4154745238149002,1.0,2024-04,Q2 2024
The Village at Auburn Apartments,2024-04-24,1.5527613505394222,0.9085365853658537,1.410740495307158,1.0,2024-04,Q2 2024
The Village at Auburn Apartments,2024-04-25,1.5517095874191495,0.9085365853658537,1.4097849300332517,1.0,2024-04,Q2 2024
The Village at Auburn Apartments,2024-04-26,1.5517095874191495,0.9085365853658537,1.4097849300332517,1.0,2024-04,Q2 2024
The Village at Auburn Apartments,2024-04-27,1.5567843018299647,0.9085365853658537,1.4143954937357608,1.0,2024-04,Q2 2024
The Village at Auburn Apartments,2024-04-28,1.5567843018299647,0.9085365853658537,1.4143954937357608,1.0,2024-04,Q2 2024
The Village at Auburn Apartments,2024-04-29,1.5567843018299647,0.9085365853658537,1.4143954937357608,1.0,2024-04,Q2 2024
The Village at Auburn Apartments,2024-04-30,1.561911140873979,0.9085365853658537,1.4190534145745297,1.0,2024-04,Q2 2024
The Village at Auburn Apartments,2024-05-01,1.561911140873979,0.9085365853658537,1.4190534145745297,1.0,2024-05,Q2 2024
The Village at Auburn Apartments,2024-05-02,1.5579785158121162,0.9085365853658537,1.4154804808293007,1.0,2024-05,Q2 2024
The Village at Auburn Apartments,2024-05-03,1.554118333400153,0.9085365853658537,1.4119733638818464,1.0,2024-05,Q2 2024
The Village at Auburn Apartments,2024-05-04,1.5503528664567594,0.9115853658536586,1.4132789849712533,1.0,2024-05,Q2 2024
The Village at Auburn Apartments,2024-05-05,1.5466194530164374,0.9146341463414634,1.4145909631247904,1.0,2024-05,Q2 2024
The Village at Auburn Apartments,2024-05-06,1.5466913042197228,0.9085365853658537,1.4052256361508457,1.0,2024-05,Q2 2024
The Village at Auburn Apartments,2024-05-07,1.5479741716614617,0.9115853658536586,1.4111106016060275,1.0,2024-05,Q2 2024
The Village at Auburn Apartments,2024-05-08,1.5479741716614617,0.9115853658536586,1.4111106016060275,1.0,2024-05,Q2 2024
The Village at Auburn Apartments,2024-05-09,1.5479741716614617,0.9115853658536586,1.4111106016060275,1.0,2024-05,Q2 2024
The Village at Auburn Apartments,2024-05-10,1.5535203743960906,0.9054878048780488,1.4066937536452406,1.0,2024-05,Q2 2024
The Village at Auburn Apartments,2024-05-11,1.5534836587995517,0.9024390243902439,1.401924277453254,1.0,2024-05,Q2 2024
The Village at Auburn Apartments,2024-05-12,1.5534836587995517,0.899390243902439,1.3971880467861821,1.0,2024-05,Q2 2024
The Village at Auburn Apartments,2024-05-13,1.5534836587995517,0.899390243902439,1.3971880467861821,1.0,2024-05,Q2 2024
The Village at Auburn Apartments,2024-05-14,1.55307774585862,0.899390243902439,1.3968229726472345,1.0,2024-05,Q2 2024
The Village at Auburn Apartments,2024-05-15,1.55307774585862,0.9024390243902439,1.4015579657748523,1.0,2024-05,Q2 2024
The Village at Auburn Apartments,2024-05-16,1.55307774585862,0.9024390243902439,1.4015579657748523,1.0,2024-05,Q2 2024
The Village at Auburn Apartments,2024-05-17,1.557083033599727,0.9024390243902439,1.405172493736339,1.0,2024-05,Q2 2024
The Village at Auburn Apartments,2024-05-18,1.557083033599727,0.9085365853658537,1.4146669024778007,1.0,2024-05,Q2 2024
The Village at Auburn Apartments,2024-05-19,1.5490489724882912,0.9054878048780488,1.4026449537470198,1.0,2024-05,Q2 2024
The Village at Auburn Apartments,2024-05-20,1.5490489724882912,0.9115853658536586,1.4120903743109727,1.0,2024-05,Q2 2024
The Village at Auburn Apartments,2024-05-21,1.5480407602050836,0.9085365853658537,1.406451666283887,1.0,2024-05,Q2 2024
The Village at Auburn Apartments,2024-05-22,1.544112876938855,0.9146341463414634,1.4122983630538308,1.0,2024-05,Q2 2024
The Village at Auburn Apartments,2024-05-23,1.5424310867619015,0.9054878048780488,1.3966525389276976,1.0,2024-05,Q2 2024
The Village at Auburn Apartments,2024-05-24,1.5424310867619015,0.9176829268292683,1.415462674132111,1.0,2024-05,Q2 2024
The Village at Auburn Apartments,2024-05-25,1.5416805859731935,0.9085365853658537,1.4006732153049135,1.0,2024-05,Q2 2024
The Village at Auburn Apartments,2024-05-26,1.5416805859731935,0.9085365853658537,1.4006732153049135,1.0,2024-05,Q2 2024
The Village at Auburn Apartments,2024-05-27,1.5416805859731935,0.9085365853658537,1.4006732153049135,1.0,2024-05,Q2 2024
The Village at Auburn Apartments,2024-05-28,1.5408158562250418,0.9054878048780488,1.3951899673745043,1.0,2024-05,Q2 2024
The Village at Auburn Apartments,2024-05-29,1.5408158562250418,0.9085365853658537,1.3998875766922636,1.0,2024-05,Q2 2024
The Village at Auburn Apartments,2024-05-30,1.5394708475149066,0.9054878048780488,1.3939720783900222,1.0,2024-05,Q2 2024
The Village at Auburn Apartments,2024-05-31,1.5369192089374635,0.8963414634146342,1.3776044128890679,1.0,2024-05,Q2 2024
The Village at Auburn Apartments,2024-06-01,1.5369830200565509,0.9024390243902439,1.3870334571242044,1.0,2024-06,Q2 2024
The Village at Auburn Apartments,2024-06-02,1.5369830200565509,0.9024390243902439,1.3870334571242044,1.0,2024-06,Q2 2024
The Village at Auburn Apartments,2024-06-03,1.5363620081617124,0.9024390243902439,1.3864730317556917,1.0,2024-06,Q2 2024
The Village at Auburn Apartments,2024-06-04,1.53548317955363,0.9054878048780488,1.390361293681183,1.0,2024-06,Q2 2024
The Village at Auburn Apartments,2024-06-05,1.5352521805353756,0.9054878048780488,1.3901521268872152,1.0,2024-06,Q2 2024
The Village at Auburn Apartments,2024-06-06,1.5352521805353756,0.8932926829268293,1.3714295393197105,1.0,2024-06,Q2 2024
The Village at Auburn Apartments,2024-06-07,1.5358693207696725,0.8871951219512195,1.3626157693413863,1.0,2024-06,Q2 2024
The Village at Auburn Apartments,2024-06-08,1.5358693207696725,0.8902439024390244,1.367298297758367,1.0,2024-06,Q2 2024
The Village at Auburn Apartments,2024-06-09,1.5358693207696725,0.8902439024390244,1.367298297758367,1.0,2024-06,Q2 2024
The Village at Auburn Apartments,2024-06-10,1.5395540420362412,0.8871951219512195,1.365884836074836,1.0,2024-06,Q2 2024
The Village at Auburn Apartments,2024-06-11,1.5395540420362412,0.8932926829268293,1.3752723607213984,1.0,2024-06,Q2 2024
The Village at Auburn Apartments,2024-06-12,1.5395540420362412,0.8932926829268293,1.3752723607213984,1.0,2024-06,Q2 2024
The Village at Auburn Apartments,2024-06-13,1.5395540420362412,0.8932926829268293,1.3752723607213984,1.0,2024-06,Q2 2024
The Village at Auburn Apartments,2024-06-14,1.5378876952389986,0.8932926829268293,1.373783825320203,1.0,2024-06,Q2 2024
The Village at Auburn Apartments,2024-06-15,1.5378876952389986,0.9024390243902439,1.3878498713132428,1.0,2024-06,Q2 2024
The Village at Auburn Apartments,2024-06-16,1.543684445553915,0.8963414634146342,1.3836683749782042,1.0,2024-06,Q2 2024
The Village at Auburn Apartments,2024-06-17,1.54851669521649,0.899390243902439,1.3927208081977578,1.0,2024-06,Q2 2024
The Village at Auburn Apartments,2024-06-18,1.54851669521649,0.8963414634146342,1.3879997207123416,1.0,2024-06,Q2 2024
The Village at Auburn Apartments,2024-06-19,1.54851669521649,0.8963414634146342,1.3879997207123416,1.0,2024-06,Q2 2024
The Village at Auburn Apartments,2024-06-20,1.548004171608523,0.8963414634146342,1.387540324551542,1.0,2024-06,Q2 2024
The Village at Auburn Apartments,2024-06-21,1.5475360610510165,0.899390243902439,1.3918388353964934,1.0,2024-06,Q2 2024
The Village at Auburn Apartments,2024-06-22,1.546713881735091,0.899390243902439,1.3910993753410117,1.0,2024-06,Q2 2024
The Village at Auburn Apartments,2024-06-23,1.546713881735091,0.9024390243902439,1.3958149664438626,1.0,2024-06,Q2 2024
The Village at Auburn Apartments,2024-06-24,1.5457636731395648,0.899390243902439,1.3902447670005231,1.0,2024-06,Q2 2024
The Village at Auburn Apartments,2024-06-25,1.5457636731395648,0.9024390243902439,1.3949574611259488,1.0,2024-06,Q2 2024
The Village at Auburn Apartments,2024-06-26,1.543106948508841,0.9024390243902439,1.3925599291421247,1.0,2024-06,Q2 2024
The Village at Auburn Apartments,2024-06-27,1.543106948508841,0.9085365853658537,1.4019691178525444,1.0,2024-06,Q2 2024
The Village at Auburn Apartments,2024-06-28,1.5413635408676278,0.9054878048780488,1.395685889139285,1.0,2024-06,Q2 2024
The Village at Auburn Apartments,2024-06-29,1.5458565155493085,0.9115853658536586,1.4091801772842782,1.0,2024-06,Q2 2024
The Village at Auburn Apartments,2024-06-30,1.5452902917041587,0.9176829268292683,1.4180865176919262,1.0,2024-06,Q2 2024
The Village at Auburn Apartments,2024-07-01,1.5452902917041587,0.9176829268292683,1.4180865176919262,1.0,2024-07,Q3 2024
The Village at Auburn Apartments,2024-07-02,1.5453084349048127,0.9176829268292683,1.4181031673974045,1.0,2024-07,Q3 2024
The Village at Auburn Apartments,2024-07-03,1.5453084349048127,0.9146341463414634,1.4133918611934264,1.0,2024-07,Q3 2024
The Village at Auburn Apartments,2024-07-04,1.5447520434180861,0.9146341463414634,1.4128829665409326,1.0,2024-07,Q3 2024
The Village at Auburn Apartments,2024-07-05,1.5447520434180861,0.9176829268292683,1.4175925764294022,1.0,2024-07,Q3 2024
The Village at Auburn Apartments,2024-07-06,1.5444420639828804,0.9176829268292683,1.4173081135940457,1.0,2024-07,Q3 2024
The Village at Auburn Apartments,2024-07-07,1.5444420639828804,0.9207317073170732,1.422016778423262,1.0,2024-07,Q3 2024
The Village at Auburn Apartments,2024-07-08,1.5444420639828804,0.9207317073170732,1.422016778423262,1.0,2024-07,Q3 2024
The Village at Auburn Apartments,2024-07-09,1.5453102698510863,0.9207317073170732,1.422816163094598,1.0,2024-07,Q3 2024
The Village at Auburn Apartments,2024-07-10,1.5445565039717701,0.926829268292683,1.4315401744128602,1.0,2024-07,Q3 2024
The Village at Auburn Apartments,2024-07-11,1.5445565039717701,0.9298780487804879,1.4362491881444814,1.0,2024-07,Q3 2024
The Village at Auburn Apartments,2024-07-12,1.5490292234396497,0.926829268292683,1.4356856217245535,1.0,2024-07,Q3 2024
The Village at Auburn Apartments,2024-07-13,1.5490292234396497,0.9329268292682926,1.445130921867478,1.0,2024-07,Q3 2024
The Village at Auburn Apartments,2024-07-14,1.5490292234396497,0.9329268292682926,1.445130921867478,1.0,2024-07,Q3 2024
The Village at Auburn Apartments,2024-07-15,1.5488812082639496,0.9329268292682926,1.4449928345389285,1.0,2024-07,Q3 2024
The Village at Auburn Apartments,2024-07-16,1.5530685718599766,0.9359756097560976,1.4536343035396733,1.0,2024-07,Q3 2024
The Village at Auburn Apartments,2024-07-17,1.5530685718599766,0.9298780487804879,1.444164373223454,1.0,2024-07,Q3 2024
The Village at Auburn Apartments,2024-07-18,1.5530685718599766,0.9298780487804879,1.444164373223454,1.0,2024-07,Q3 2024
The Village at Auburn Apartments,2024-07-19,1.5530685718599766,0.926829268292683,1.4394294080653443,1.0,2024-07,Q3 2024
The Village at Auburn Apartments,2024-07-20,1.5524316002469167,0.9207317073170732,1.4293729977883198,1.0,2024-07,Q3 2024
The Village at Auburn Apartments,2024-07-21,1.5524316002469167,0.9237804878048781,1.4341060209598042,1.0,2024-07,Q3 2024
The Village at Auburn Apartments,2024-07-22,1.5524316002469167,0.9237804878048781,1.4341060209598042,1.0,2024-07,Q3 2024
The Village at Auburn Apartments,2024-07-23,1.5517879923523232,0.9237804878048781,1.4335114685449817,1.0,2024-07,Q3 2024
The Village at Auburn Apartments,2024-07-24,1.5505760609163295,0.926829268292683,1.4371192759712323,1.0,2024-07,Q3 2024
The Village at Auburn Apartments,2024-07-25,1.5505760609163295,0.926829268292683,1.4371192759712323,1.0,2024-07,Q3 2024
The Village at Auburn Apartments,2024-07-26,1.5505760609163295,0.926829268292683,1.4371192759712323,1.0,2024-07,Q3 2024
The Village at Auburn Apartments,2024-07-27,1.554722164319811,0.9237804878048781,1.436221999356411,1.0,2024-07,Q3 2024
The Village at Auburn Apartments,2024-07-28,1.5539496780363944,0.9237804878048781,1.4355083916006937,1.0,2024-07,Q3 2024
The Village at Auburn Apartments,2024-07-29,1.5539496780363944,0.926829268292683,1.4402460430581216,1.0,2024-07,Q3 2024
The Village at Auburn Apartments,2024-07-30,1.5546487120984178,0.926829268292683,1.4408939282863384,1.0,2024-07,Q3 2024
The Village at Auburn Apartments,2024-07-31,1.5546487120984178,0.9298780487804879,1.4456337109451751,1.0,2024-07,Q3 2024
The Village at Auburn Apartments,2024-08-01,1.5544280017317273,0.9298780487804879,1.4454284772200514,1.0,2024-08,Q3 2024
The Village at Auburn Apartments,2024-08-02,1.5544280017317273,0.9329268292682926,1.4501675869814286,1.0,2024-08,Q3 2024
The Village at Auburn Apartments,2024-08-03,1.5582146204861593,0.9329268292682926,1.4537002252096485,1.0,2024-08,Q3 2024
The Village at Auburn Apartments,2024-08-04,1.5618974358254174,0.9359756097560976,1.4618979048731804,1.0,2024-08,Q3 2024
The Village at Auburn Apartments,2024-08-05,1.5618974358254174,0.9390243902439024,1.4666597872994773,1.0,2024-08,Q3 2024
The Village at Auburn Apartments,2024-08-06,1.5618974358254174,0.9237804878048781,1.4428503751679924,1.0,2024-08,Q3 2024
The Village at Auburn Apartments,2024-08-07,1.5618974358254174,0.9237804878048781,1.4428503751679924,1.0,2024-08,Q3 2024
The Village at Auburn Apartments,2024-08-08,1.5618974358254174,0.9207317073170732,1.4380884927416953,1.0,2024-08,Q3 2024
The Village at Auburn Apartments,2024-08-09,1.5618974358254174,0.9176829268292683,1.4333266103153983,1.0,2024-08,Q3 2024
The Village at Auburn Apartments,2024-08-10,1.5621956283201417,0.9176829268292683,1.4336002564767154,1.0,2024-08,Q3 2024
The Village at Auburn Apartments,2024-08-11,1.5621956283201417,0.9207317073170732,1.438363048026472,1.0,2024-08,Q3 2024
The Village at Auburn Apartments,2024-08-12,1.5621956283201417,0.9207317073170732,1.438363048026472,1.0,2024-08,Q3 2024
The Village at Auburn Apartments,2024-08-13,1.5621956283201417,0.9207317073170732,1.438363048026472,1.0,2024-08,Q3 2024
The Village at Auburn Apartments,2024-08-14,1.5654279222030014,0.9176829268292683,1.4365664773875104,1.0,2024-08,Q3 2024
The Village at Auburn Apartments,2024-08-15,1.55949930322678,0.9237804878048781,1.4406350270662025,1.0,2024-08,Q3 2024
The Village at Auburn Apartments,2024-08-16,1.5575637197933019,0.9237804878048781,1.4388469728578368,1.0,2024-08,Q3 2024
The Village at Auburn Apartments,2024-08-17,1.5575637197933019,0.9329268292682926,1.4530929824900924,1.0,2024-08,Q3 2024
The Village at Auburn Apartments,2024-08-18,1.5575637197933019,0.9298780487804879,1.448344312612674,1.0,2024-08,Q3 2024
The Village at Auburn Apartments,2024-08-19,1.5575637197933019,0.9298780487804879,1.448344312612674,1.0,2024-08,Q3 2024
The Village at Auburn Apartments,2024-08-20,1.5575637197933019,0.9298780487804879,1.448344312612674,1.0,2024-08,Q3 2024
The Village at Auburn Apartments,2024-08-21,1.5572499282131012,0.9298780487804879,1.4480525247103533,1.0,2024-08,Q3 2024
The Village at Auburn Apartments,2024-08-22,1.5569613838592453,0.9329268292682926,1.4525310471369788,1.0,2024-08,Q3 2024
The Village at Auburn Apartments,2024-08-23,1.555895909278923,0.9359756097560976,1.4562806224043578,1.0,2024-08,Q3 2024
The Village at Auburn Apartments,2024-08-24,1.5555015863030266,0.9420731707317073,1.4653963114866926,1.0,2024-08,Q3 2024
The Village at Auburn Apartments,2024-08-25,1.5555015863030266,0.9451219512195121,1.470138694371763,1.0,2024-08,Q3 2024
The Village at Auburn Apartments,2024-08-26,1.5555015863030266,0.9451219512195121,1.470138694371763,1.0,2024-08,Q3 2024
The Village at Auburn Apartments,2024-08-27,1.5541345809107154,0.9451219512195121,1.4688467075680542,1.0,2024-08,Q3 2024
The Village at Auburn Apartments,2024-08-28,1.5541345809107154,0.9451219512195121,1.4688467075680542,1.0,2024-08,Q3 2024
The Village at Auburn Apartments,2024-08-29,1.5541345809107154,0.9451219512195121,1.4688467075680542,1.0,2024-08,Q3 2024
The Village at Auburn Apartments,2024-08-30,1.5541345809107154,0.9451219512195121,1.4688467075680542,1.0,2024-08,Q3 2024
The Village at Auburn Apartments,2024-08-31,1.5546615955218606,0.9390243902439024,1.4598651567705274,1.0,2024-08,Q3 2024
The Village at Auburn Apartments,2024-09-01,1.5546615955218606,0.9420731707317073,1.4646049787080941,1.0,2024-09,Q3 2024
The Village at Auburn Apartments,2024-09-02,1.5546615955218606,0.9420731707317073,1.4646049787080941,1.0,2024-09,Q3 2024
The Village at Auburn Apartments,2024-09-03,1.5546615955218606,0.9420731707317073,1.4646049787080941,1.0,2024-09,Q3 2024
The Village at Auburn Apartments,2024-09-04,1.5540914700942663,0.9420731707317073,1.4640678788388057,1.0,2024-09,Q3 2024
The Village at Auburn Apartments,2024-09-05,1.5540914700942663,0.9451219512195121,1.468805962589093,1.0,2024-09,Q3 2024
The Village at Auburn Apartments,2024-09-06,1.5531545292734081,0.9359756097560976,1.453714757582123,1.0,2024-09,Q3 2024
The Village at Auburn Apartments,2024-09-07,1.5531545292734081,0.9390243902439024,1.4584499848055172,1.0,2024-09,Q3 2024
The Village at Auburn Apartments,2024-09-08,1.5531545292734081,0.9390243902439024,1.4584499848055172,1.0,2024-09,Q3 2024
The Village at Auburn Apartments,2024-09-09,1.5531545292734081,0.9359756097560976,1.453714757582123,1.0,2024-09,Q3 2024
The Village at Auburn Apartments,2024-09-10,1.5531545292734081,0.9359756097560976,1.453714757582123,1.0,2024-09,Q3 2024
The Village at Auburn Apartments,2024-09-11,1.5531545292734081,0.9359756097560976,1.453714757582123,1.0,2024-09,Q3 2024
The Village at Auburn Apartments,2024-09-12,1.5569970888847682,0.9359756097560976,1.4573112996573898,1.0,2024-09,Q3 2024
The Village at Auburn Apartments,2024-09-13,1.5569970888847682,0.9420731707317073,1.4668051843457115,1.0,2024-09,Q3 2024
The Village at Auburn Apartments,2024-09-14,1.5573965515917287,0.9420731707317073,1.4671815074446468,1.0,2024-09,Q3 2024
The Village at Auburn Apartments,2024-09-15,1.5573965515917287,0.9451219512195121,1.4719296676629143,1.0,2024-09,Q3 2024
The Village at Auburn Apartments,2024-09-16,1.5573965515917287,0.9451219512195121,1.4719296676629143,1.0,2024-09,Q3 2024
The Village at Auburn Apartments,2024-09-17,1.5573965515917287,0.9451219512195121,1.4719296676629143,1.0,2024-09,Q3 2024
The Village at Auburn Apartments,2024-09-18,1.5573965515917287,0.9451219512195121,1.4719296676629143,1.0,2024-09,Q3 2024
The Village at Auburn Apartments,2024-09-19,1.5573965515917287,0.9451219512195121,1.4719296676629143,1.0,2024-09,Q3 2024
The Village at Auburn Apartments,2024-09-20,1.5579812427242477,0.9420731707317073,1.4677323292737576,1.0,2024-09,Q3 2024
The Village at Auburn Apartments,2024-09-21,1.5579812427242477,0.9451219512195121,1.4724822720869413,1.0,2024-09,Q3 2024
The Village at Auburn Apartments,2024-09-22,1.5579812427242477,0.9451219512195121,1.4724822720869413,1.0,2024-09,Q3 2024
The Village at Auburn Apartments,2024-09-23,1.5579812427242477,0.9451219512195121,1.4724822720869413,1.0,2024-09,Q3 2024
The Village at Auburn Apartments,2024-09-24,1.5579812427242477,0.9359756097560976,1.4582324436473904,1.0,2024-09,Q3 2024
The Village at Auburn Apartments,2024-09-25,1.5579812427242477,0.9329268292682926,1.4534825008342065,1.0,2024-09,Q3 2024
The Village at Auburn Apartments,2024-09-26,1.5567917140111922,0.9329268292682926,1.452372757583612,1.0,2024-09,Q3 2024
The Village at Auburn Apartments,2024-09-27,1.5567917140111922,0.9359756097560976,1.457119073784866,1.0,2024-09,Q3 2024
The Village at Auburn Apartments,2024-09-28,1.5567917140111922,0.9359756097560976,1.457119073784866,1.0,2024-09,Q3 2024
The Village at Auburn Apartments,2024-09-29,1.5567917140111922,0.9359756097560976,1.457119073784866,1.0,2024-09,Q3 2024
The Village at Auburn Apartments,2024-09-30,1.5567917140111922,0.9359756097560976,1.457119073784866,1.0,2024-09,Q3 2024
The Village at Auburn Apartments,2024-10-01,1.5667313951709567,0.9359756097560976,1.4664223729191577,1.0,2024-10,Q4 2024
The Village at Auburn Apartments,2024-10-02,1.5664928325733867,0.9390243902439024,1.470974976928668,1.0,2024-10,Q4 2024
The Village at Auburn Apartments,2024-10-03,1.5664928325733867,0.9420731707317073,1.4757508697109039,1.0,2024-10,Q4 2024
The Village at Auburn Apartments,2024-10-04,1.5664928325733867,0.9390243902439024,1.470974976928668,1.0,2024-10,Q4 2024
The Village at Auburn Apartments,2024-10-05,1.5664928325733867,0.9390243902439024,1.470974976928668,1.0,2024-10,Q4 2024
The Village at Auburn Apartments,2024-10-06,1.5664928325733867,0.9390243902439024,1.470974976928668,1.0,2024-10,Q4 2024
The Village at Auburn Apartments,2024-10-07,1.5696916906215885,0.9390243902439024,1.4739787826568573,1.0,2024-10,Q4 2024
The Village at Auburn Apartments,2024-10-08,1.5704341740199934,0.9451219512195121,1.484251810811579,1.0,2024-10,Q4 2024
The Village at Auburn Apartments,2024-10-09,1.5704341740199934,0.948170731707317,1.489039719878713,1.0,2024-10,Q4 2024
The Village at Auburn Apartments,2024-10-10,1.5704341740199934,0.948170731707317,1.489039719878713,1.0,2024-10,Q4 2024
The Village at Auburn Apartments,2024-10-11,1.5704341740199934,0.948170731707317,1.489039719878713,1.0,2024-10,Q4 2024
The Village at Auburn Apartments,2024-10-12,1.5704341740199934,0.948170731707317,1.489039719878713,1.0,2024-10,Q4 2024
The Village at Auburn Apartments,2024-10-13,1.5708617276623333,0.948170731707317,1.4894451137286149,1.0,2024-10,Q4 2024
The Village at Auburn Apartments,2024-10-14,1.5708617276623333,0.9512195121951219,1.4942343263129512,1.0,2024-10,Q4 2024
The Village at Auburn Apartments,2024-10-15,1.5708617276623333,0.9512195121951219,1.4942343263129512,1.0,2024-10,Q4 2024
The Village at Auburn Apartments,2024-10-16,1.5708617276623333,0.948170731707317,1.4894451137286149,1.0,2024-10,Q4 2024
The Village at Auburn Apartments,2024-10-17,1.5722278136902974,0.9451219512195121,1.4859470190365616,1.0,2024-10,Q4 2024
The Village at Auburn Apartments,2024-10-18,1.5722278136902974,0.948170731707317,1.4907403965173247,1.0,2024-10,Q4 2024
The Village at Auburn Apartments,2024-10-19,1.5722278136902974,0.948170731707317,1.4907403965173247,1.0,2024-10,Q4 2024
The Village at Auburn Apartments,2024-10-20,1.5722278136902974,0.948170731707317,1.4907403965173247,1.0,2024-10,Q4 2024
The Village at Auburn Apartments,2024-10-21,1.5722278136902974,0.948170731707317,1.4907403965173247,1.0,2024-10,Q4 2024
The Village at Auburn Apartments,2024-10-22,1.5722278136902974,0.9451219512195121,1.4859470190365616,1.0,2024-10,Q4 2024
The Village at Auburn Apartments,2024-10-23,1.5722278136902974,0.9451219512195121,1.4859470190365616,1.0,2024-10,Q4 2024
The Village at Auburn Apartments,2024-10-24,1.5722278136902974,0.9451219512195121,1.4859470190365616,1.0,2024-10,Q4 2024
The Village at Auburn Apartments,2024-10-25,1.5722278136902974,0.9451219512195121,1.4859470190365616,1.0,2024-10,Q4 2024
The Village at Auburn Apartments,2024-10-26,1.5723877331647922,0.9420731707317073,1.4813042974021975,1.0,2024-10,Q4 2024
The Village at Auburn Apartments,2024-10-27,1.5723877331647922,0.9451219512195121,1.486098162442334,1.0,2024-10,Q4 2024
The Village at Auburn Apartments,2024-10-28,1.5723877331647922,0.9451219512195121,1.486098162442334,1.0,2024-10,Q4 2024
The Village at Auburn Apartments,2024-10-29,1.5723877331647922,0.9451219512195121,1.486098162442334,1.0,2024-10,Q4 2024
The Village at Auburn Apartments,2024-10-30,1.5723877331647922,0.9451219512195121,1.486098162442334,1.0,2024-10,Q4 2024
The Village at Auburn Apartments,2024-10-31,1.5723877331647922,0.9451219512195121,1.486098162442334,1.0,2024-10,Q4 2024
The Village at Auburn Apartments,2024-11-01,1.5723877331647922,0.9451219512195121,1.486098162442334,1.0,2024-11,Q4 2024
The Village at Auburn Apartments,2024-11-02,1.5723877331647922,0.9451219512195121,1.486098162442334,1.0,2024-11,Q4 2024
The Village at Auburn Apartments,2024-11-03,1.5723877331647922,0.9420731707317073,1.4813042974021975,1.0,2024-11,Q4 2024
The Village at Auburn Apartments,2024-11-04,1.5723877331647922,0.9420731707317073,1.4813042974021975,1.0,2024-11,Q4 2024
The Village at Auburn Apartments,2024-11-05,1.5723877331647922,0.9420731707317073,1.4813042974021975,1.0,2024-11,Q4 2024
The Village at Auburn Apartments,2024-11-06,1.5723877331647922,0.9420731707317073,1.4813042974021975,1.0,2024-11,Q4 2024
The Village at Auburn Apartments,2024-11-07,1.5722217215522798,0.9420731707317073,1.4811479023160197,1.0,2024-11,Q4 2024
The Village at Auburn Apartments,2024-11-08,1.5722217215522798,0.9390243902439024,1.476354543408848,1.0,2024-11,Q4 2024
The Village at Auburn Apartments,2024-11-09,1.572217571261967,0.9390243902439024,1.4763506461850178,1.0,2024-11,Q4 2024
The Village at Auburn Apartments,2024-11-10,1.5718037692038138,0.9420731707317073,1.4807541606218855,1.0,2024-11,Q4 2024
The Village at Auburn Apartments,2024-11-11,1.5718037692038138,0.9451219512195121,1.4855462452840922,1.0,2024-11,Q4 2024
The Village at Auburn Apartments,2024-11-12,1.5718037692038138,0.9451219512195121,1.4855462452840922,1.0,2024-11,Q4 2024
The Village at Auburn Apartments,2024-11-13,1.5708445083098388,0.9451219512195121,1.48463962675625,1.0,2024-11,Q4 2024
The Village at Auburn Apartments,2024-11-14,1.5708445083098388,0.9451219512195121,1.48463962675625,1.0,2024-11,Q4 2024
The Village at Auburn Apartments,2024-11-15,1.5706493314385035,0.9451219512195121,1.4844551608107808,1.0,2024-11,Q4 2024
The Village at Auburn Apartments,2024-11-16,1.5706493314385035,0.948170731707317,1.4892437258456541,1.0,2024-11,Q4 2024
The Village at Auburn Apartments,2024-11-17,1.5706493314385035,0.948170731707317,1.4892437258456541,1.0,2024-11,Q4 2024
The Village at Auburn Apartments,2024-11-18,1.5698794142728643,0.948170731707317,1.4885137129233559,1.0,2024-11,Q4 2024
The Village at Auburn Apartments,2024-11-19,1.5698794142728643,0.9512195121951219,1.4932999306497976,1.0,2024-11,Q4 2024
The Village at Auburn Apartments,2024-11-20,1.5698794142728643,0.9512195121951219,1.4932999306497976,1.0,2024-11,Q4 2024
The Village at Auburn Apartments,2024-11-21,1.5698794142728643,0.9512195121951219,1.4932999306497976,1.0,2024-11,Q4 2024
The Village at Auburn Apartments,2024-11-22,1.5694679916793421,0.9512195121951219,1.4929085774510815,1.0,2024-11,Q4 2024
The Village at Auburn Apartments,2024-11-23,1.5694679916793421,0.9512195121951219,1.4929085774510815,1.0,2024-11,Q4 2024
The Village at Auburn Apartments,2024-11-24,1.5694679916793421,0.9512195121951219,1.4929085774510815,1.0,2024-11,Q4 2024
The Village at Auburn Apartments,2024-11-25,1.5694679916793421,0.9512195121951219,1.4929085774510815,1.0,2024-11,Q4 2024
The Village at Auburn Apartments,2024-11-26,1.5686237785063617,0.9512195121951219,1.4921055454084904,1.0,2024-11,Q4 2024
The Village at Auburn Apartments,2024-11-27,1.5686237785063617,0.9542682926829268,1.4968879349771074,1.0,2024-11,Q4 2024
The Village at Auburn Apartments,2024-11-28,1.5677124351292648,0.9542682926829268,1.4960182688885972,1.0,2024-11,Q4 2024
The Village at Auburn Apartments,2024-11-29,1.5677124351292648,0.9603658536585366,1.5055774910540196,1.0,2024-11,Q4 2024
The Village at Auburn Apartments,2024-11-30,1.5677124351292648,0.9603658536585366,1.5055774910540196,1.0,2024-11,Q4 2024
The Village at Auburn Apartments,2024-12-01,1.5677124351292648,0.9603658536585366,1.5055774910540196,1.0,2024-12,Q4 2024
The Village at Auburn Apartments,2024-12-02,1.5677124351292648,0.9603658536585366,1.5055774910540196,1.0,2024-12,Q4 2024
The Village at Auburn Apartments,2024-12-03,1.5677124351292648,0.9603658536585366,1.5055774910540196,1.0,2024-12,Q4 2024
The Village at Auburn Apartments,2024-12-04,1.5677124351292648,0.9603658536585366,1.5055774910540196,1.0,2024-12,Q4 2024
The Village at Auburn Apartments,2024-12-05,1.5721244100185605,0.9573170731707317,1.5050215388592316,1.0,2024-12,Q4 2024
The Village at Auburn Apartments,2024-12-06,1.5721244100185605,0.9634146341463414,1.5146076633105643,1.0,2024-12,Q4 2024
The Village at Auburn Apartments,2024-12-07,1.5721244100185605,0.9603658536585366,1.509814601084898,1.0,2024-12,Q4 2024
The Village at Auburn Apartments,2024-12-08,1.5721244100185605,0.9603658536585366,1.509814601084898,1.0,2024-12,Q4 2024
The Village at Auburn Apartments,2024-12-09,1.5721244100185605,0.9603658536585366,1.509814601084898,1.0,2024-12,Q4 2024
The Village at Auburn Apartments,2024-12-10,1.5721244100185605,0.9603658536585366,1.509814601084898,1.0,2024-12,Q4 2024
The Village at Auburn Apartments,2024-12-11,1.5721244100185605,0.9573170731707317,1.5050215388592316,1.0,2024-12,Q4 2024
The Village at Auburn Apartments,2024-12-12,1.5721244100185605,0.9573170731707317,1.5050215388592316,1.0,2024-12,Q4 2024
The Village at Auburn Apartments,2024-12-13,1.5721244100185605,0.9573170731707317,1.5050215388592316,1.0,2024-12,Q4 2024
The Village at Auburn Apartments,2024-12-14,1.5721244100185605,0.9573170731707317,1.5050215388592316,1.0,2024-12,Q4 2024
The Village at Auburn Apartments,2024-12-15,1.5721244100185605,0.9573170731707317,1.5050215388592316,1.0,2024-12,Q4 2024
The Village at Auburn Apartments,2024-12-16,1.5721244100185605,0.9573170731707317,1.5050215388592316,1.0,2024-12,Q4 2024
The Village at Auburn Apartments,2024-12-17,1.5721244100185605,0.9573170731707317,1.5050215388592316,1.0,2024-12,Q4 2024
The Village at Auburn Apartments,2024-12-18,1.5721244100185605,0.9573170731707317,1.5050215388592316,1.0,2024-12,Q4 2024
The Village at Auburn Apartments,2024-12-19,1.5716684099862772,0.9542682926829268,1.499793330261295,1.0,2024-12,Q4 2024
The Village at Auburn Apartments,2024-12-20,1.5716684099862772,0.9573170731707317,1.5045850022429605,1.0,2024-12,Q4 2024
The Village at Auburn Apartments,2024-12-21,1.5716684099862772,0.9573170731707317,1.5045850022429605,1.0,2024-12,Q4 2024
The Village at Auburn Apartments,2024-12-22,1.5716684099862772,0.9573170731707317,1.5045850022429605,1.0,2024-12,Q4 2024
The Village at Auburn Apartments,2024-12-23,1.5716684099862772,0.9573170731707317,1.5045850022429605,1.0,2024-12,Q4 2024
The Village at Auburn Apartments,2024-12-24,1.5715776135196722,0.9573170731707317,1.504498081235296,1.0,2024-12,Q4 2024
The Village at Auburn Apartments,2024-12-25,1.5715776135196722,0.9603658536585366,1.5092894763984657,1.0,2024-12,Q4 2024
The Village at Auburn Apartments,2024-12-26,1.5715776135196722,0.9603658536585366,1.5092894763984657,1.0,2024-12,Q4 2024
The Village at Auburn Apartments,2024-12-27,1.570992480734884,0.9603658536585366,1.508727534852099,1.0,2024-12,Q4 2024
The Village at Auburn Apartments,2024-12-28,1.570992480734884,0.9634146341463414,1.5135171460738517,1.0,2024-12,Q4 2024
The Village at Auburn Apartments,2024-12-29,1.571194250660673,0.9634146341463414,1.5137115341730873,1.0,2024-12,Q4 2024
The Village at Auburn Apartments,2024-12-30,1.571194250660673,0.9512195121951219,1.4945506286772257,1.0,2024-12,Q4 2024
The Village at Auburn Apartments,2024-12-31,1.571194250660673,0.9512195121951219,1.4945506286772257,1.0,2024-12,Q4 2024
The Village at Auburn Apartments,2025-01-01,1.571194250660673,0.9512195121951219,1.4945506286772257,1.0,2025-01,Q1 2025
The Village at Auburn Apartments,2025-01-02,1.571194250660673,0.9512195121951219,1.4945506286772257,1.0,2025-01,Q1 2025
The Village at Auburn Apartments,2025-01-03,1.571194250660673,0.9512195121951219,1.4945506286772257,1.0,2025-01,Q1 2025
The Village at Auburn Apartments,2025-01-04,1.571194250660673,0.9512195121951219,1.4945506286772257,1.0,2025-01,Q1 2025
The Village at Auburn Apartments,2025-01-05,1.571194250660673,0.9512195121951219,1.4945506286772257,1.0,2025-01,Q1 2025
The Village at Auburn Apartments,2025-01-06,1.571194250660673,0.9512195121951219,1.4945506286772257,1.0,2025-01,Q1 2025
The Village at Auburn Apartments,2025-01-07,1.571194250660673,0.948170731707317,1.48976040230326,1.0,2025-01,Q1 2025
The Village at Auburn Apartments,2025-01-08,1.571194250660673,0.948170731707317,1.48976040230326,1.0,2025-01,Q1 2025
The Village at Auburn Apartments,2025-01-09,1.571194250660673,0.9451219512195121,1.4849701759292946,1.0,2025-01,Q1 2025
The Village at Auburn Apartments,2025-01-10,1.571194250660673,0.9451219512195121,1.4849701759292946,1.0,2025-01,Q1 2025
The Village at Auburn Apartments,2025-01-11,1.571194250660673,0.9451219512195121,1.4849701759292946,1.0,2025-01,Q1 2025
The Village at Auburn Apartments,2025-01-12,1.571194250660673,0.9451219512195121,1.4849701759292946,1.0,2025-01,Q1 2025
The Village at Auburn Apartments,2025-01-13,1.571194250660673,0.9451219512195121,1.4849701759292946,1.0,2025-01,Q1 2025
The Village at Auburn Apartments,2025-01-14,1.571194250660673,0.9451219512195121,1.4849701759292946,1.0,2025-01,Q1 2025
The Village at Auburn Apartments,2025-01-15,1.571194250660673,0.9451219512195121,1.4849701759292946,1.0,2025-01,Q1 2025
The Village at Auburn Apartments,2025-01-16,1.5716139321063143,0.9420731707317073,1.4805753201855216,1.0,2025-01,Q1 2025
The Village at Auburn Apartments,2025-01-17,1.5716139321063143,0.9420731707317073,1.4805753201855216,1.0,2025-01,Q1 2025
The Village at Auburn Apartments,2025-01-18,1.5716139321063143,0.9390243902439024,1.4757838142949535,1.0,2025-01,Q1 2025
The Village at Auburn Apartments,2025-01-19,1.5716139321063143,0.9390243902439024,1.4757838142949535,1.0,2025-01,Q1 2025
The Village at Auburn Apartments,2025-01-20,1.5716139321063143,0.9390243902439024,1.4757838142949535,1.0,2025-01,Q1 2025
The Village at Auburn Apartments,2025-01-21,1.5716139321063143,0.9390243902439024,1.4757838142949535,1.0,2025-01,Q1 2025
The Village at Auburn Apartments,2025-01-22,1.5689695388648335,0.9359756097560976,1.4685172208277557,1.0,2025-01,Q1 2025
The Village at Auburn Apartments,2025-01-23,1.5689695388648335,0.9390243902439024,1.473300664543807,1.0,2025-01,Q1 2025
The Village at Auburn Apartments,2025-01-24,1.5689695388648335,0.9359756097560976,1.4685172208277557,1.0,2025-01,Q1 2025
The Village at Auburn Apartments,2025-01-25,1.5689695388648335,0.9329268292682926,1.4637337771117043,1.0,2025-01,Q1 2025
The Village at Auburn Apartments,2025-01-26,1.5689695388648335,0.926829268292683,1.4541668896796018,1.0,2025-01,Q1 2025
The Village at Auburn Apartments,2025-01-27,1.5689695388648335,0.926829268292683,1.4541668896796018,1.0,2025-01,Q1 2025
The Village at Auburn Apartments,2025-01-28,1.5689695388648335,0.926829268292683,1.4541668896796018,1.0,2025-01,Q1 2025
The Village at Auburn Apartments,2025-01-29,1.5684169978638356,0.926829268292683,1.4536547785079452,1.0,2025-01,Q1 2025
The Village at Auburn Apartments,2025-01-30,1.5679858112382419,0.926829268292683,1.4532551421232487,1.0,2025-01,Q1 2025
The Village at Auburn Apartments,2025-01-31,1.5680610182078223,0.9298780487804879,1.4581055199798347,1.0,2025-01,Q1 2025
The Village at Auburn Apartments,2025-02-01,1.5677908957318434,0.9329268292682926,1.462634189310805,1.0,2025-02,Q1 2025
The Village at Auburn Apartments,2025-02-02,1.5677908957318434,0.9329268292682926,1.462634189310805,1.0,2025-02,Q1 2025
The Village at Auburn Apartments,2025-02-03,1.5677908957318434,0.9329268292682926,1.462634189310805,1.0,2025-02,Q1 2025
The Village at Auburn Apartments,2025-02-04,1.5677908957318434,0.9329268292682926,1.462634189310805,1.0,2025-02,Q1 2025
The Village at Auburn Apartments,2025-02-05,1.5672337012845818,0.926829268292683,1.4525580646052223,1.0,2025-02,Q1 2025
The Village at Auburn Apartments,2025-02-06,1.5672337012845818,0.9329268292682926,1.4621143676618353,1.0,2025-02,Q1 2025
The Village at Auburn Apartments,2025-02-07,1.5672025392728426,0.9298780487804879,1.4573072392628568,1.0,2025-02,Q1 2025
The Village at Auburn Apartments,2025-02-08,1.5672025392728426,0.9329268292682926,1.4620852957850299,1.0,2025-02,Q1 2025
The Village at Auburn Apartments,2025-02-09,1.5672025392728426,0.9329268292682926,1.4620852957850299,1.0,2025-02,Q1 2025
The Village at Auburn Apartments,2025-02-10,1.5672025392728426,0.9329268292682926,1.4620852957850299,1.0,2025-02,Q1 2025
The Village at Auburn Apartments,2025-02-11,1.566941611764357,0.9298780487804879,1.457064608500393,1.0,2025-02,Q1 2025
The Village at Auburn Apartments,2025-02-12,1.566941611764357,0.9329268292682926,1.4618418695118696,1.0,2025-02,Q1 2025
The Village at Auburn Apartments,2025-02-13,1.5709585229248078,0.9329268292682926,1.4655893537042413,1.0,2025-02,Q1 2025
The Village at Auburn Apartments,2025-02-14,1.5709585229248078,0.9329268292682926,1.4655893537042413,1.0,2025-02,Q1 2025
The Village at Auburn Apartments,2025-02-15,1.5708609322435467,0.9298780487804879,1.4607090985801274,1.0,2025-02,Q1 2025
The Village at Auburn Apartments,2025-02-16,1.5708609322435467,0.9329268292682926,1.4654983087394062,1.0,2025-02,Q1 2025
The Village at Auburn Apartments,2025-02-17,1.5708609322435467,0.9329268292682926,1.4654983087394062,1.0,2025-02,Q1 2025
The Village at Auburn Apartments,2025-02-18,1.5708609322435467,0.9329268292682926,1.4654983087394062,1.0,2025-02,Q1 2025
The Village at Auburn Apartments,2025-02-19,1.5684891811636035,0.9329268292682926,1.4632856385245812,1.0,2025-02,Q1 2025
The Village at Auburn Apartments,2025-02-20,1.5684891811636035,0.926829268292683,1.453721680102852,1.0,2025-02,Q1 2025
The Village at Auburn Apartments,2025-02-21,1.5684891811636035,0.926829268292683,1.453721680102852,1.0,2025-02,Q1 2025
The Village at Auburn Apartments,2025-02-22,1.5658208777411002,0.926829268292683,1.4512486183941906,1.0,2025-02,Q1 2025
The Village at Auburn Apartments,2025-02-23,1.5632217438333857,0.9298780487804879,1.4536055849670204,1.0,2025-02,Q1 2025
The Village at Auburn Apartments,2025-02-24,1.5624775563595186,0.9329268292682926,1.4576772324573557,1.0,2025-02,Q1 2025
The Village at Auburn Apartments,2025-02-25,1.565808369835016,0.9359756097560976,1.4655584437175304,1.0,2025-02,Q1 2025
The Village at Auburn Apartments,2025-02-26,1.565808369835016,0.9390243902439024,1.4703322497231248,1.0,2025-02,Q1 2025
The Village at Auburn Apartments,2025-02-27,1.5635743458856868,0.9359756097560976,1.4634674517893471,1.0,2025-02,Q1 2025
The Village at Auburn Apartments,2025-02-28,1.5635743458856868,0.9390243902439024,1.4682344467463155,1.0,2025-02,Q1 2025
The Village at Auburn Apartments,2025-03-01,1.5635743458856868,0.9390243902439024,1.4682344467463155,1.0,2025-03,Q1 2025
The Village at Auburn Apartments,2025-03-02,1.5635743458856868,0.9390243902439024,1.4682344467463155,1.0,2025-03,Q1 2025
The Village at Auburn Apartments,2025-03-03,1.5635743458856868,0.9390243902439024,1.4682344467463155,1.0,2025-03,Q1 2025
The Village at Auburn Apartments,2025-03-04,1.5646542061122293,0.9390243902439024,1.4692484618370933,1.0,2025-03,Q1 2025
The Village at Auburn Apartments,2025-03-05,1.5645005611532932,0.9420731707317073,1.4738740042572183,1.0,2025-03,Q1 2025
The Village at Auburn Apartments,2025-03-06,1.5645005611532932,0.9390243902439024,1.4691041854732143,1.0,2025-03,Q1 2025
The Village at Auburn Apartments,2025-03-07,1.5645005611532932,0.9359756097560976,1.4643343666892104,1.0,2025-03,Q1 2025
The Village at Auburn Apartments,2025-03-08,1.5654777586118194,0.9359756097560976,1.4652489996763067,1.0,2025-03,Q1 2025
The Village at Auburn Apartments,2025-03-09,1.5641642494098442,0.9359756097560976,1.4640195871000676,1.0,2025-03,Q1 2025
The Village at Auburn Apartments,2025-03-10,1.5641642494098442,0.9420731707317073,1.4735571739867128,1.0,2025-03,Q1 2025
The Village at Auburn Apartments,2025-03-11,1.5641642494098442,0.9420731707317073,1.4735571739867128,1.0,2025-03,Q1 2025
The Village at Auburn Apartments,2025-03-12,1.5641642494098442,0.9420731707317073,1.4735571739867128,1.0,2025-03,Q1 2025
The Village at Auburn Apartments,2025-03-13,1.5639547335567496,0.9329268292682926,1.459055330696236,1.0,2025-03,Q1 2025
The Village at Auburn Apartments,2025-03-14,1.5639547335567496,0.9359756097560976,1.463823485371714,1.0,2025-03,Q1 2025
The Village at Auburn Apartments,2025-03-15,1.5637883904394436,0.9359756097560976,1.4636677922710646,1.0,2025-03,Q1 2025
The Village at Auburn Apartments,2025-03-16,1.5637883904394436,0.9390243902439024,1.468435439802892,1.0,2025-03,Q1 2025
The Village at Auburn Apartments,2025-03-17,1.563220655927241,0.9390243902439024,1.4679023232487507,1.0,2025-03,Q1 2025
The Village at Auburn Apartments,2025-03-18,1.5626245346894283,0.9329268292682926,1.4578143524846494,1.0,2025-03,Q1 2025
The Village at Auburn Apartments,2025-03-19,1.5626245346894283,0.9329268292682926,1.4578143524846494,1.0,2025-03,Q1 2025
The Village at Auburn Apartments,2025-03-20,1.562293356223977,0.9329268292682926,1.457505387208954,1.0,2025-03,Q1 2025
The Village at Auburn Apartments,2025-03-21,1.562293356223977,0.9420731707317073,1.4717946557110027,1.0,2025-03,Q1 2025
The Village at Auburn Apartments,2025-03-22,1.561970518543226,0.9420731707317073,1.471490518993466,1.0,2025-03,Q1 2025
The Village at Auburn Apartments,2025-03-23,1.5652712584522963,0.9451219512195121,1.4793722259762556,1.0,2025-03,Q1 2025
The Village at Auburn Apartments,2025-03-24,1.5659624057568218,0.948170731707317,1.4847997200925962,1.0,2025-03,Q1 2025
The Village at Auburn Apartments,2025-03-25,1.5656556784772928,0.9451219512195121,1.4797355497803681,1.0,2025-03,Q1 2025
The Village at Auburn Apartments,2025-03-26,1.5656238613006481,0.948170731707317,1.4844787221478706,1.0,2025-03,Q1 2025
The Village at Auburn Apartments,2025-03-27,1.5654062124391908,0.9512195121951219,1.4890449337836205,1.0,2025-03,Q1 2025
The Village at Auburn Apartments,2025-03-28,1.5654062124391908,0.9542682926829268,1.4938175136995935,1.0,2025-03,Q1 2025
The Village at Auburn Apartments,2025-03-29,1.5654062124391908,0.9451219512195121,1.4794997739516742,1.0,2025-03,Q1 2025
The Village at Auburn Apartments,2025-03-30,1.5654062124391908,0.9451219512195121,1.4794997739516742,1.0,2025-03,Q1 2025
The Village at Auburn Apartments,2025-03-31,1.5654062124391908,0.9451219512195121,1.4794997739516742,1.0,2025-03,Q1 2025
The Village at Auburn Apartments,2025-04-01,1.5652526646476732,0.9390243902439024,1.4698104289984248,1.0,2025-04,Q2 2025
The Village at Auburn Apartments,2025-04-02,1.5661688236412168,0.9420731707317073,1.4754456295888292,1.0,2025-04,Q2 2025
The Village at Auburn Apartments,2025-04-03,1.5661688236412168,0.9420731707317073,1.4754456295888292,1.0,2025-04,Q2 2025
The Village at Auburn Apartments,2025-04-04,1.5661688236412168,0.9390243902439024,1.4706707246387034,1.0,2025-04,Q2 2025
The Village at Auburn Apartments,2025-04-05,1.5661688236412168,0.9390243902439024,1.4706707246387034,1.0,2025-04,Q2 2025
The Village at Auburn Apartments,2025-04-06,1.5661688236412168,0.9390243902439024,1.4706707246387034,1.0,2025-04,Q2 2025
The Village at Auburn Apartments,2025-04-07,1.5667085673932177,0.9390243902439024,1.4711775571863142,1.0,2025-04,Q2 2025
The Village at Auburn Apartments,2025-04-08,1.5667085673932177,0.9420731707317073,1.4759541076966594,1.0,2025-04,Q2 2025
The Village at Auburn Apartments,2025-04-09,1.5667085673932177,0.9329268292682926,1.4616244561656238,1.0,2025-04,Q2 2025
The Village at Auburn Apartments,2025-04-10,1.5667085673932177,0.9329268292682926,1.4616244561656238,1.0,2025-04,Q2 2025
The Village at Auburn Apartments,2025-04-11,1.5658803399116992,0.9329268292682926,1.4608517805273777,1.0,2025-04,Q2 2025
The Village at Auburn Apartments,2025-04-12,1.5658803399116992,0.9359756097560976,1.465625805953938,1.0,2025-04,Q2 2025
The Village at Auburn Apartments,2025-04-13,1.575188489104997,0.9359756097560976,1.4743380065708356,1.0,2025-04,Q2 2025
Southpoint Glen,2023-10-22,2.2219028749503615,0.953757225433526,2.1191559211954316,1.0,2023-10,Q4 2023
Southpoint Glen,2023-10-23,2.2219028749503615,0.9624277456647399,2.1384209750244807,1.0,2023-10,Q4 2023
Southpoint Glen,2023-10-24,2.2219028749503615,0.9595375722543352,2.1319992904147975,1.0,2023-10,Q4 2023
Southpoint Glen,2023-10-25,2.2204586421371277,0.9595375722543352,2.130613494767417,1.0,2023-10,Q4 2023
Southpoint Glen,2023-10-26,2.2204586421371277,0.9624277456647399,2.1370310052938253,1.0,2023-10,Q4 2023
Southpoint Glen,2023-10-27,2.2204586421371277,0.9624277456647399,2.1370310052938253,1.0,2023-10,Q4 2023
Southpoint Glen,2023-10-28,2.2204586421371277,0.9595375722543352,2.130613494767417,1.0,2023-10,Q4 2023
Southpoint Glen,2023-10-29,2.2204586421371277,0.9595375722543352,2.130613494767417,1.0,2023-10,Q4 2023
Southpoint Glen,2023-10-30,2.2204586421371277,0.9595375722543352,2.130613494767417,1.0,2023-10,Q4 2023
Southpoint Glen,2023-10-31,2.2204586421371277,0.9595375722543352,2.130613494767417,1.0,2023-10,Q4 2023
Southpoint Glen,2023-11-01,2.2204586421371277,0.9595375722543352,2.130613494767417,1.0,2023-11,Q4 2023
Southpoint Glen,2023-11-02,2.2203619881495493,0.9566473988439307,2.124103520455205,1.0,2023-11,Q4 2023
Southpoint Glen,2023-11-03,2.2203619881495493,0.9595375722543352,2.1305207516348275,1.0,2023-11,Q4 2023
Southpoint Glen,2023-11-04,2.2058031210214035,0.9566473988439307,2.1101758180869497,1.0,2023-11,Q4 2023
Southpoint Glen,2023-11-05,2.2058031210214035,0.9595375722543352,2.116550971615913,1.0,2023-11,Q4 2023
Southpoint Glen,2023-11-06,2.2058031210214035,0.9595375722543352,2.116550971615913,1.0,2023-11,Q4 2023
Southpoint Glen,2023-11-07,2.2058031210214035,0.9566473988439307,2.1101758180869497,1.0,2023-11,Q4 2023
Southpoint Glen,2023-11-08,2.2058031210214035,0.9566473988439307,2.1101758180869497,1.0,2023-11,Q4 2023
Southpoint Glen,2023-11-09,2.2058031210214035,0.953757225433526,2.103800664557986,1.0,2023-11,Q4 2023
Southpoint Glen,2023-11-10,2.2058031210214035,0.953757225433526,2.103800664557986,1.0,2023-11,Q4 2023
Southpoint Glen,2023-11-11,2.2058031210214035,0.953757225433526,2.103800664557986,1.0,2023-11,Q4 2023
Southpoint Glen,2023-11-12,2.2058031210214035,0.953757225433526,2.103800664557986,1.0,2023-11,Q4 2023
Southpoint Glen,2023-11-13,2.2058031210214035,0.953757225433526,2.103800664557986,1.0,2023-11,Q4 2023
Southpoint Glen,2023-11-14,2.2240190096093255,0.953757225433526,2.1211741999164087,1.0,2023-11,Q4 2023
Southpoint Glen,2023-11-15,2.2240190096093255,0.9595375722543352,2.1340298011280234,1.0,2023-11,Q4 2023
Southpoint Glen,2023-11-16,2.241869942101029,0.9566473988439307,2.144679048657343,1.0,2023-11,Q4 2023
Southpoint Glen,2023-11-17,2.244367344289336,0.9595375722543352,2.1535547927862995,1.0,2023-11,Q4 2023
Southpoint Glen,2023-11-18,2.244367344289336,0.9624277456647399,2.160041403607945,1.0,2023-11,Q4 2023
Southpoint Glen,2023-11-19,2.244367344289336,0.9624277456647399,2.160041403607945,1.0,2023-11,Q4 2023
Southpoint Glen,2023-11-20,2.244367344289336,0.9624277456647399,2.160041403607945,1.0,2023-11,Q4 2023
Southpoint Glen,2023-11-21,2.244367344289336,0.9624277456647399,2.160041403607945,1.0,2023-11,Q4 2023
Southpoint Glen,2023-11-22,2.244367344289336,0.9624277456647399,2.160041403607945,1.0,2023-11,Q4 2023
Southpoint Glen,2023-11-23,2.244367344289336,0.9624277456647399,2.160041403607945,1.0,2023-11,Q4 2023
Southpoint Glen,2023-11-24,2.244367344289336,0.9624277456647399,2.160041403607945,1.0,2023-11,Q4 2023
Southpoint Glen,2023-11-25,2.244367344289336,0.9624277456647399,2.160041403607945,1.0,2023-11,Q4 2023
Southpoint Glen,2023-11-26,2.244367344289336,0.9624277456647399,2.160041403607945,1.0,2023-11,Q4 2023
Southpoint Glen,2023-11-27,2.244367344289336,0.9624277456647399,2.160041403607945,1.0,2023-11,Q4 2023
Southpoint Glen,2023-11-28,2.244367344289336,0.9624277456647399,2.160041403607945,1.0,2023-11,Q4 2023
Southpoint Glen,2023-11-29,2.244367344289336,0.9624277456647399,2.160041403607945,1.0,2023-11,Q4 2023
Southpoint Glen,2023-11-30,2.244367344289336,0.9624277456647399,2.160041403607945,1.0,2023-11,Q4 2023
Southpoint Glen,2023-12-01,2.244367344289336,0.9624277456647399,2.160041403607945,1.0,2023-12,Q4 2023
Southpoint Glen,2023-12-02,2.244367344289336,0.9624277456647399,2.160041403607945,1.0,2023-12,Q4 2023
Southpoint Glen,2023-12-03,2.244367344289336,0.9624277456647399,2.160041403607945,1.0,2023-12,Q4 2023
Southpoint Glen,2023-12-04,2.244367344289336,0.9624277456647399,2.160041403607945,1.0,2023-12,Q4 2023
Southpoint Glen,2023-12-05,2.244367344289336,0.9624277456647399,2.160041403607945,1.0,2023-12,Q4 2023
Southpoint Glen,2023-12-06,2.244367344289336,0.9624277456647399,2.160041403607945,1.0,2023-12,Q4 2023
Southpoint Glen,2023-12-07,2.244367344289336,0.9595375722543352,2.1535547927862995,1.0,2023-12,Q4 2023
Southpoint Glen,2023-12-08,2.244367344289336,0.9595375722543352,2.1535547927862995,1.0,2023-12,Q4 2023
Southpoint Glen,2023-12-09,2.244367344289336,0.9595375722543352,2.1535547927862995,1.0,2023-12,Q4 2023
Southpoint Glen,2023-12-10,2.244367344289336,0.9595375722543352,2.1535547927862995,1.0,2023-12,Q4 2023
Southpoint Glen,2023-12-11,2.244367344289336,0.9595375722543352,2.1535547927862995,1.0,2023-12,Q4 2023
Southpoint Glen,2023-12-12,2.244367344289336,0.9595375722543352,2.1535547927862995,1.0,2023-12,Q4 2023
Southpoint Glen,2023-12-13,2.244367344289336,0.9595375722543352,2.1535547927862995,1.0,2023-12,Q4 2023
Southpoint Glen,2023-12-14,2.244367344289336,0.9595375722543352,2.1535547927862995,1.0,2023-12,Q4 2023
Southpoint Glen,2023-12-15,2.244367344289336,0.9595375722543352,2.1535547927862995,1.0,2023-12,Q4 2023
Southpoint Glen,2023-12-16,2.244367344289336,0.9595375722543352,2.1535547927862995,1.0,2023-12,Q4 2023
Southpoint Glen,2023-12-17,2.244367344289336,0.9595375722543352,2.1535547927862995,1.0,2023-12,Q4 2023
Southpoint Glen,2023-12-18,2.244367344289336,0.9595375722543352,2.1535547927862995,1.0,2023-12,Q4 2023
Southpoint Glen,2023-12-19,2.244367344289336,0.9595375722543352,2.1535547927862995,1.0,2023-12,Q4 2023
Southpoint Glen,2023-12-20,2.2306171321078727,0.9595375722543352,2.140360947571716,1.0,2023-12,Q4 2023
Southpoint Glen,2023-12-21,2.2306171321078727,0.9624277456647399,2.146807817895727,1.0,2023-12,Q4 2023
Southpoint Glen,2023-12-22,2.2172934132176363,0.9624277456647399,2.133984701160326,1.0,2023-12,Q4 2023
Southpoint Glen,2023-12-23,2.2172934132176363,0.9653179190751445,2.140393063626273,1.0,2023-12,Q4 2023
Southpoint Glen,2023-12-24,2.2172934132176363,0.9653179190751445,2.140393063626273,1.0,2023-12,Q4 2023
Southpoint Glen,2023-12-25,2.2172934132176363,0.9653179190751445,2.140393063626273,1.0,2023-12,Q4 2023
Southpoint Glen,2023-12-26,2.2172934132176363,0.9653179190751445,2.140393063626273,1.0,2023-12,Q4 2023
Southpoint Glen,2023-12-27,2.2172934132176363,0.9653179190751445,2.140393063626273,1.0,2023-12,Q4 2023
Southpoint Glen,2023-12-28,2.2172934132176363,0.9653179190751445,2.140393063626273,1.0,2023-12,Q4 2023
Southpoint Glen,2023-12-29,2.2172934132176363,0.9653179190751445,2.140393063626273,1.0,2023-12,Q4 2023
Southpoint Glen,2023-12-30,2.2172934132176363,0.9653179190751445,2.140393063626273,1.0,2023-12,Q4 2023
Southpoint Glen,2023-12-31,2.2172934132176363,0.9653179190751445,2.140393063626273,1.0,2023-12,Q4 2023
Southpoint Glen,2024-01-01,2.2172934132176363,0.9653179190751445,2.140393063626273,1.0,2024-01,Q1 2024
Southpoint Glen,2024-01-02,2.2172934132176363,0.9653179190751445,2.140393063626273,1.0,2024-01,Q1 2024
Southpoint Glen,2024-01-03,2.2172934132176363,0.9653179190751445,2.140393063626273,1.0,2024-01,Q1 2024
Southpoint Glen,2024-01-04,2.2172934132176363,0.9653179190751445,2.140393063626273,1.0,2024-01,Q1 2024
Southpoint Glen,2024-01-05,2.2172934132176363,0.9653179190751445,2.140393063626273,1.0,2024-01,Q1 2024
Southpoint Glen,2024-01-06,2.2172934132176363,0.9653179190751445,2.140393063626273,1.0,2024-01,Q1 2024
Southpoint Glen,2024-01-07,2.2172934132176363,0.9653179190751445,2.140393063626273,1.0,2024-01,Q1 2024
Southpoint Glen,2024-01-08,2.2172934132176363,0.9653179190751445,2.140393063626273,1.0,2024-01,Q1 2024
Southpoint Glen,2024-01-09,2.2172934132176363,0.9653179190751445,2.140393063626273,1.0,2024-01,Q1 2024
Southpoint Glen,2024-01-10,2.2172934132176363,0.9653179190751445,2.140393063626273,1.0,2024-01,Q1 2024
Southpoint Glen,2024-01-11,2.2172934132176363,0.9653179190751445,2.140393063626273,1.0,2024-01,Q1 2024
Southpoint Glen,2024-01-12,2.2172934132176363,0.9653179190751445,2.140393063626273,1.0,2024-01,Q1 2024
Southpoint Glen,2024-01-13,2.2172934132176363,0.9653179190751445,2.140393063626273,1.0,2024-01,Q1 2024
Southpoint Glen,2024-01-14,2.2172934132176363,0.9653179190751445,2.140393063626273,1.0,2024-01,Q1 2024
Southpoint Glen,2024-01-15,2.2172934132176363,0.9653179190751445,2.140393063626273,1.0,2024-01,Q1 2024
Southpoint Glen,2024-01-16,2.2172934132176363,0.9653179190751445,2.140393063626273,1.0,2024-01,Q1 2024
Southpoint Glen,2024-01-17,2.2172934132176363,0.9653179190751445,2.140393063626273,1.0,2024-01,Q1 2024
Southpoint Glen,2024-01-18,2.2172934132176363,0.9624277456647399,2.133984701160326,1.0,2024-01,Q1 2024
Southpoint Glen,2024-01-19,2.2172934132176363,0.9624277456647399,2.133984701160326,1.0,2024-01,Q1 2024
Southpoint Glen,2024-01-20,2.2172934132176363,0.9624277456647399,2.133984701160326,1.0,2024-01,Q1 2024
Southpoint Glen,2024-01-21,2.2172934132176363,0.9624277456647399,2.133984701160326,1.0,2024-01,Q1 2024
Southpoint Glen,2024-01-22,2.2172934132176363,0.9624277456647399,2.133984701160326,1.0,2024-01,Q1 2024
Southpoint Glen,2024-01-23,2.2172934132176363,0.9624277456647399,2.133984701160326,1.0,2024-01,Q1 2024
Southpoint Glen,2024-01-24,2.2172934132176363,0.9624277456647399,2.133984701160326,1.0,2024-01,Q1 2024
Southpoint Glen,2024-01-25,2.2172934132176363,0.9624277456647399,2.133984701160326,1.0,2024-01,Q1 2024
Southpoint Glen,2024-01-26,2.2172934132176363,0.9624277456647399,2.133984701160326,1.0,2024-01,Q1 2024
Southpoint Glen,2024-01-27,2.2172934132176363,0.9624277456647399,2.133984701160326,1.0,2024-01,Q1 2024
Southpoint Glen,2024-01-28,2.2172934132176363,0.9624277456647399,2.133984701160326,1.0,2024-01,Q1 2024
Southpoint Glen,2024-01-29,2.2172934132176363,0.9624277456647399,2.133984701160326,1.0,2024-01,Q1 2024
Southpoint Glen,2024-01-30,2.2172934132176363,0.9479768786127167,2.1019428888305915,1.0,2024-01,Q1 2024
Southpoint Glen,2024-01-31,2.2172934132176363,0.9364161849710982,2.076309438966804,1.0,2024-01,Q1 2024
Southpoint Glen,2024-02-01,2.2172934132176363,0.9364161849710982,2.076309438966804,1.0,2024-02,Q1 2024
Southpoint Glen,2024-02-02,2.2172934132176363,0.9364161849710982,2.076309438966804,1.0,2024-02,Q1 2024
Southpoint Glen,2024-02-03,2.2172934132176363,0.9364161849710982,2.076309438966804,1.0,2024-02,Q1 2024
Southpoint Glen,2024-02-04,2.212722781343289,0.9364161849710982,2.0720294253041205,1.0,2024-02,Q1 2024
Southpoint Glen,2024-02-05,2.212722781343289,0.9393063583815029,2.0784245778513553,1.0,2024-02,Q1 2024
Southpoint Glen,2024-02-06,2.1993225691298677,0.9335260115606936,2.0531248260952233,1.0,2024-02,Q1 2024
Southpoint Glen,2024-02-07,2.1993225691298677,0.9364161849710982,2.059481249705425,1.0,2024-02,Q1 2024
Southpoint Glen,2024-02-08,2.1993225691298677,0.9364161849710982,2.059481249705425,1.0,2024-02,Q1 2024
Southpoint Glen,2024-02-09,2.1985893603005624,0.930635838150289,2.0460860520716215,1.0,2024-02,Q1 2024
Southpoint Glen,2024-02-10,2.1985893603005624,0.9364161849710982,2.0587946610907,1.0,2024-02,Q1 2024
Southpoint Glen,2024-02-11,2.1985893603005624,0.9364161849710982,2.0587946610907,1.0,2024-02,Q1 2024
Southpoint Glen,2024-02-12,2.1985893603005624,0.8497109826589595,1.868165525804524,1.0,2024-02,Q1 2024
Southpoint Glen,2024-02-13,2.1985893603005624,0.8497109826589595,1.868165525804524,1.0,2024-02,Q1 2024
Southpoint Glen,2024-02-14,2.1985893603005624,0.8497109826589595,1.868165525804524,1.0,2024-02,Q1 2024
Southpoint Glen,2024-02-15,2.1985893603005624,0.8439306358381503,1.8554569167854458,1.0,2024-02,Q1 2024
Southpoint Glen,2024-02-16,2.1985893603005624,0.8410404624277457,1.8491026122759064,1.0,2024-02,Q1 2024
Southpoint Glen,2024-02-17,2.1985893603005624,0.8410404624277457,1.8491026122759064,1.0,2024-02,Q1 2024
Southpoint Glen,2024-02-18,2.1985893603005624,0.8410404624277457,1.8491026122759064,1.0,2024-02,Q1 2024
Southpoint Glen,2024-02-19,2.1985893603005624,0.8410404624277457,1.8491026122759064,1.0,2024-02,Q1 2024
Southpoint Glen,2024-02-20,2.1985893603005624,0.8410404624277457,1.8491026122759064,1.0,2024-02,Q1 2024
Southpoint Glen,2024-02-21,2.1985893603005624,0.8410404624277457,1.8491026122759064,1.0,2024-02,Q1 2024
Southpoint Glen,2024-02-22,2.2057916325251026,0.8410404624277457,1.8551600146381644,1.0,2024-02,Q1 2024
Southpoint Glen,2024-02-23,2.2057916325251026,0.8439306358381503,1.8615351349633815,1.0,2024-02,Q1 2024
Southpoint Glen,2024-02-24,2.1933562506224704,0.8439306358381503,1.8510405352074029,1.0,2024-02,Q1 2024
Southpoint Glen,2024-02-25,2.1933562506224704,0.846820809248555,1.8573797151224967,1.0,2024-02,Q1 2024
Southpoint Glen,2024-02-26,2.197013656935138,0.846820809248555,1.8604768828959406,1.0,2024-02,Q1 2024
Southpoint Glen,2024-02-27,2.185579033364153,0.8497109826589595,1.8571105081186732,1.0,2024-02,Q1 2024
Southpoint Glen,2024-02-28,2.1780976100854916,0.8497109826589595,1.8507534605928744,1.0,2024-02,Q1 2024
Southpoint Glen,2024-02-29,2.1676698652112836,0.8497109826589595,1.841892891248894,1.0,2024-02,Q1 2024
Southpoint Glen,2024-03-01,2.178316582263478,0.8526011560693642,1.8572352363229074,1.0,2024-03,Q1 2024
Southpoint Glen,2024-03-02,2.1857507724397713,0.8612716763005781,1.8825252317544854,1.0,2024-03,Q1 2024
Southpoint Glen,2024-03-03,2.1857507724397713,0.8641618497109826,1.8888424305187619,1.0,2024-03,Q1 2024
Southpoint Glen,2024-03-04,2.1857507724397713,0.8641618497109826,1.8888424305187619,1.0,2024-03,Q1 2024
Southpoint Glen,2024-03-05,2.1789657090391503,0.8641618497109826,1.882979037580075,1.0,2024-03,Q1 2024
Southpoint Glen,2024-03-06,2.1789657090391503,0.8670520231213873,1.8892766263345235,1.0,2024-03,Q1 2024
Southpoint Glen,2024-03-07,2.1687077147124536,0.8670520231213873,1.8803824116003933,1.0,2024-03,Q1 2024
Southpoint Glen,2024-03-08,2.1687077147124536,0.869942196531792,1.8866503529723946,1.0,2024-03,Q1 2024
Southpoint Glen,2024-03-09,2.1687077147124536,0.869942196531792,1.8866503529723946,1.0,2024-03,Q1 2024
Southpoint Glen,2024-03-10,2.1687077147124536,0.869942196531792,1.8866503529723946,1.0,2024-03,Q1 2024
Southpoint Glen,2024-03-11,2.1751462234994885,0.869942196531792,1.892251483448977,1.0,2024-03,Q1 2024
Southpoint Glen,2024-03-12,2.1751462234994885,0.8728323699421965,1.8985380332278772,1.0,2024-03,Q1 2024
Southpoint Glen,2024-03-13,2.171171636012486,0.8728323699421965,1.895068884612054,1.0,2024-03,Q1 2024
Southpoint Glen,2024-03-14,2.171171636012486,0.8757225433526011,1.9013439471438822,1.0,2024-03,Q1 2024
Southpoint Glen,2024-03-15,2.177409177908522,0.8757225433526011,1.9068063031973472,1.0,2024-03,Q1 2024
Southpoint Glen,2024-03-16,2.177409177908522,0.8786127167630058,1.9130993933069096,1.0,2024-03,Q1 2024
Southpoint Glen,2024-03-17,2.177409177908522,0.8786127167630058,1.9130993933069096,1.0,2024-03,Q1 2024
Southpoint Glen,2024-03-18,2.177409177908522,0.8786127167630058,1.9130993933069096,1.0,2024-03,Q1 2024
Southpoint Glen,2024-03-19,2.177409177908522,0.8786127167630058,1.9130993933069096,1.0,2024-03,Q1 2024
Southpoint Glen,2024-03-20,2.1670219324820312,0.8786127167630058,1.9039730273830564,1.0,2024-03,Q1 2024
Southpoint Glen,2024-03-21,2.152862746796887,0.8786127167630058,1.8915325867810797,1.0,2024-03,Q1 2024
Southpoint Glen,2024-03-22,2.1607142541620314,0.8815028901734104,1.9046758598827156,1.0,2024-03,Q1 2024
Southpoint Glen,2024-03-23,2.1607142541620314,0.869942196531792,1.8796965043432703,1.0,2024-03,Q1 2024
Southpoint Glen,2024-03-24,2.1607142541620314,0.869942196531792,1.8796965043432703,1.0,2024-03,Q1 2024
Southpoint Glen,2024-03-25,2.1571489041465313,0.8670520231213873,1.8703603215143334,1.0,2024-03,Q1 2024
Southpoint Glen,2024-03-26,2.158132994939727,0.869942196531792,1.877450958025601,1.0,2024-03,Q1 2024
Southpoint Glen,2024-03-27,2.158132994939727,0.8757225433526011,1.889925715221784,1.0,2024-03,Q1 2024
Southpoint Glen,2024-03-28,2.171575869344984,0.8757225433526011,1.9016979433859251,1.0,2024-03,Q1 2024
Southpoint Glen,2024-03-29,2.171575869344984,0.8815028901734104,1.9142504050584395,1.0,2024-03,Q1 2024
Southpoint Glen,2024-03-30,2.171575869344984,0.8815028901734104,1.9142504050584395,1.0,2024-03,Q1 2024
Southpoint Glen,2024-03-31,2.171575869344984,0.8815028901734104,1.9142504050584395,1.0,2024-03,Q1 2024
Southpoint Glen,2024-04-01,2.1704748874653736,0.8815028901734104,1.9132798863495346,1.0,2024-04,Q2 2024
Southpoint Glen,2024-04-02,2.1704748874653736,0.8815028901734104,1.9132798863495346,1.0,2024-04,Q2 2024
Southpoint Glen,2024-04-03,2.1704748874653736,0.8815028901734104,1.9132798863495346,1.0,2024-04,Q2 2024
Southpoint Glen,2024-04-04,2.1544888501166937,0.8815028901734104,1.8991881482242532,1.0,2024-04,Q2 2024
Southpoint Glen,2024-04-05,2.1544888501166937,0.8901734104046243,1.9178686873871147,1.0,2024-04,Q2 2024
Southpoint Glen,2024-04-06,2.1544888501166937,0.8872832369942196,1.911641840999494,1.0,2024-04,Q2 2024
Southpoint Glen,2024-04-07,2.1544888501166937,0.8872832369942196,1.911641840999494,1.0,2024-04,Q2 2024
Southpoint Glen,2024-04-08,2.1402531596959022,0.8872832369942196,1.8990107515220866,1.0,2024-04,Q2 2024
Southpoint Glen,2024-04-09,2.1402531596959022,0.8930635838150289,1.9113821570694618,1.0,2024-04,Q2 2024
Southpoint Glen,2024-04-10,2.1402531596959022,0.8930635838150289,1.9113821570694618,1.0,2024-04,Q2 2024
Southpoint Glen,2024-04-11,2.1402531596959022,0.8930635838150289,1.9113821570694618,1.0,2024-04,Q2 2024
Southpoint Glen,2024-04-12,2.1402531596959022,0.8930635838150289,1.9113821570694618,1.0,2024-04,Q2 2024
Southpoint Glen,2024-04-13,2.1505542366106205,0.8930635838150289,1.9205816737360744,1.0,2024-04,Q2 2024
Southpoint Glen,2024-04-14,2.1505542366106205,0.8959537572254335,1.9267971484083593,1.0,2024-04,Q2 2024
Southpoint Glen,2024-04-15,2.1505542366106205,0.8930635838150289,1.9205816737360744,1.0,2024-04,Q2 2024
Southpoint Glen,2024-04-16,2.1505542366106205,0.8872832369942196,1.9081507243915043,1.0,2024-04,Q2 2024
Southpoint Glen,2024-04-17,2.1505542366106205,0.8872832369942196,1.9081507243915043,1.0,2024-04,Q2 2024
Southpoint Glen,2024-04-18,2.1505542366106205,0.8872832369942196,1.9081507243915043,1.0,2024-04,Q2 2024
Southpoint Glen,2024-04-19,2.1505542366106205,0.8872832369942196,1.9081507243915043,1.0,2024-04,Q2 2024
Southpoint Glen,2024-04-20,2.1505542366106205,0.8872832369942196,1.9081507243915043,1.0,2024-04,Q2 2024
Southpoint Glen,2024-04-21,2.1505542366106205,0.8872832369942196,1.9081507243915043,1.0,2024-04,Q2 2024
Southpoint Glen,2024-04-22,2.1505542366106205,0.8872832369942196,1.9081507243915043,1.0,2024-04,Q2 2024
Southpoint Glen,2024-04-23,2.158332463792312,0.8872832369942196,1.9150522149833518,1.0,2024-04,Q2 2024
Southpoint Glen,2024-04-24,2.158332463792312,0.8872832369942196,1.9150522149833518,1.0,2024-04,Q2 2024
Southpoint Glen,2024-04-25,2.1520595700910716,0.8843930635838151,1.903266556207711,1.0,2024-04,Q2 2024
Southpoint Glen,2024-04-26,2.1520595700910716,0.8872832369942196,1.9094863815547947,1.0,2024-04,Q2 2024
Southpoint Glen,2024-04-27,2.1520595700910716,0.8843930635838151,1.903266556207711,1.0,2024-04,Q2 2024
Southpoint Glen,2024-04-28,2.1520595700910716,0.8843930635838151,1.903266556207711,1.0,2024-04,Q2 2024
Southpoint Glen,2024-04-29,2.1462560182733093,0.8843930635838151,1.8981339352359325,1.0,2024-04,Q2 2024
Southpoint Glen,2024-04-30,2.1457554228859936,0.8815028901734104,1.891489606879272,1.0,2024-04,Q2 2024
Southpoint Glen,2024-05-01,2.1457554228859936,0.8843930635838151,1.8976912121477285,1.0,2024-05,Q2 2024
Southpoint Glen,2024-05-02,2.1457554228859936,0.8843930635838151,1.8976912121477285,1.0,2024-05,Q2 2024
Southpoint Glen,2024-05-03,2.1457554228859936,0.8843930635838151,1.8976912121477285,1.0,2024-05,Q2 2024
Southpoint Glen,2024-05-04,2.1457554228859936,0.8843930635838151,1.8976912121477285,1.0,2024-05,Q2 2024
Southpoint Glen,2024-05-05,2.1457554228859936,0.8843930635838151,1.8976912121477285,1.0,2024-05,Q2 2024
Southpoint Glen,2024-05-06,2.1457554228859936,0.8815028901734104,1.891489606879272,1.0,2024-05,Q2 2024
Southpoint Glen,2024-05-07,2.1457554228859936,0.8815028901734104,1.891489606879272,1.0,2024-05,Q2 2024
Southpoint Glen,2024-05-08,2.1457554228859936,0.8728323699421965,1.872884791073902,1.0,2024-05,Q2 2024
Southpoint Glen,2024-05-09,2.1563466529240594,0.8728323699421965,1.8821291594886298,1.0,2024-05,Q2 2024
Southpoint Glen,2024-05-10,2.166243245874693,0.8757225433526011,1.8970280447977803,1.0,2024-05,Q2 2024
Southpoint Glen,2024-05-11,2.166243245874693,0.8757225433526011,1.8970280447977803,1.0,2024-05,Q2 2024
Southpoint Glen,2024-05-12,2.166243245874693,0.8757225433526011,1.8970280447977803,1.0,2024-05,Q2 2024
Southpoint Glen,2024-05-13,2.160639368805849,0.8728323699421965,1.8858759808652208,1.0,2024-05,Q2 2024
Southpoint Glen,2024-05-14,2.160639368805849,0.869942196531792,1.879631358412025,1.0,2024-05,Q2 2024
Southpoint Glen,2024-05-15,2.170337058579175,0.8612716763005781,1.8692498365797519,1.0,2024-05,Q2 2024
Southpoint Glen,2024-05-16,2.170337058579175,0.8641618497109826,1.875522487038073,1.0,2024-05,Q2 2024
Southpoint Glen,2024-05-17,2.170337058579175,0.8612716763005781,1.8692498365797519,1.0,2024-05,Q2 2024
Southpoint Glen,2024-05-18,2.170337058579175,0.8612716763005781,1.8692498365797519,1.0,2024-05,Q2 2024
Southpoint Glen,2024-05-19,2.170337058579175,0.8612716763005781,1.8692498365797519,1.0,2024-05,Q2 2024
Southpoint Glen,2024-05-20,2.170337058579175,0.8612716763005781,1.8692498365797519,1.0,2024-05,Q2 2024
Southpoint Glen,2024-05-21,2.1649147528230057,0.8554913294797688,1.8520658001029182,1.0,2024-05,Q2 2024
Southpoint Glen,2024-05-22,2.1706958371284135,0.8583815028901733,1.8632851549917306,1.0,2024-05,Q2 2024
Southpoint Glen,2024-05-23,2.1706958371284135,0.8612716763005781,1.8695588423822753,1.0,2024-05,Q2 2024
Southpoint Glen,2024-05-24,2.1706958371284135,0.8612716763005781,1.8695588423822753,1.0,2024-05,Q2 2024
Southpoint Glen,2024-05-25,2.1706958371284135,0.8583815028901733,1.8632851549917306,1.0,2024-05,Q2 2024
Southpoint Glen,2024-05-26,2.1706958371284135,0.8583815028901733,1.8632851549917306,1.0,2024-05,Q2 2024
Southpoint Glen,2024-05-27,2.1706958371284135,0.8583815028901733,1.8632851549917306,1.0,2024-05,Q2 2024
Southpoint Glen,2024-05-28,2.1706958371284135,0.8526011560693642,1.8507377802106415,1.0,2024-05,Q2 2024
Southpoint Glen,2024-05-29,2.1706958371284135,0.8526011560693642,1.8507377802106415,1.0,2024-05,Q2 2024
Southpoint Glen,2024-05-30,2.1706958371284135,0.8526011560693642,1.8507377802106415,1.0,2024-05,Q2 2024
Southpoint Glen,2024-05-31,2.1695533283232136,0.8497109826589595,1.843493290540534,1.0,2024-05,Q2 2024
Southpoint Glen,2024-06-01,2.1695533283232136,0.8554913294797688,1.8560340612244832,1.0,2024-06,Q2 2024
Southpoint Glen,2024-06-02,2.1695533283232136,0.8554913294797688,1.8560340612244832,1.0,2024-06,Q2 2024
Southpoint Glen,2024-06-03,2.1695533283232136,0.8554913294797688,1.8560340612244832,1.0,2024-06,Q2 2024
Southpoint Glen,2024-06-04,2.157978899082039,0.8526011560693642,1.83989530413064,1.0,2024-06,Q2 2024
Southpoint Glen,2024-06-05,2.158730554971989,0.8526011560693642,1.840536166811378,1.0,2024-06,Q2 2024
Southpoint Glen,2024-06-06,2.1552590659982314,0.8612716763005781,1.856263588634315,1.0,2024-06,Q2 2024
Southpoint Glen,2024-06-07,2.1552590659982314,0.8641618497109826,1.8624926610793964,1.0,2024-06,Q2 2024
Southpoint Glen,2024-06-08,2.1429809633796753,0.8641618497109826,1.8518823932096038,1.0,2024-06,Q2 2024
Southpoint Glen,2024-06-09,2.1353162572340545,0.8728323699421965,1.8637731493777006,1.0,2024-06,Q2 2024
Southpoint Glen,2024-06-10,2.1353162572340545,0.8786127167630058,1.8761160179166259,1.0,2024-06,Q2 2024
Southpoint Glen,2024-06-11,2.132298909131689,0.8757225433526011,1.8673022238927797,1.0,2024-06,Q2 2024
Southpoint Glen,2024-06-12,2.132298909131689,0.8757225433526011,1.8673022238927797,1.0,2024-06,Q2 2024
Southpoint Glen,2024-06-13,2.131317171867262,0.869942196531792,1.8541227420001325,1.0,2024-06,Q2 2024
Southpoint Glen,2024-06-14,2.1227886329712784,0.8728323699421965,1.8528386334026765,1.0,2024-06,Q2 2024
Southpoint Glen,2024-06-15,2.1227886329712784,0.8901734104046243,1.8896499969802132,1.0,2024-06,Q2 2024
Southpoint Glen,2024-06-16,2.1227886329712784,0.8901734104046243,1.8896499969802132,1.0,2024-06,Q2 2024
Southpoint Glen,2024-06-17,2.1227886329712784,0.8901734104046243,1.8896499969802132,1.0,2024-06,Q2 2024
Southpoint Glen,2024-06-18,2.1227886329712784,0.8901734104046243,1.8896499969802132,1.0,2024-06,Q2 2024
Southpoint Glen,2024-06-19,2.1227886329712784,0.8901734104046243,1.8896499969802132,1.0,2024-06,Q2 2024
Southpoint Glen,2024-06-20,2.1227886329712784,0.8901734104046243,1.8896499969802132,1.0,2024-06,Q2 2024
Southpoint Glen,2024-06-21,2.121546366088027,0.8901734104046243,1.8885441640321166,1.0,2024-06,Q2 2024
Southpoint Glen,2024-06-22,2.121546366088027,0.8843930635838151,1.8762808902397003,1.0,2024-06,Q2 2024
Southpoint Glen,2024-06-23,2.121546366088027,0.8843930635838151,1.8762808902397003,1.0,2024-06,Q2 2024
Southpoint Glen,2024-06-24,2.121546366088027,0.8843930635838151,1.8762808902397003,1.0,2024-06,Q2 2024
Southpoint Glen,2024-06-25,2.121546366088027,0.8843930635838151,1.8762808902397003,1.0,2024-06,Q2 2024
Southpoint Glen,2024-06-26,2.12214582441003,0.8843930635838151,1.8768110470215875,1.0,2024-06,Q2 2024
Southpoint Glen,2024-06-27,2.1299932060184537,0.8843930635838151,1.8837512168833723,1.0,2024-06,Q2 2024
Southpoint Glen,2024-06-28,2.1299932060184537,0.8843930635838151,1.8837512168833723,1.0,2024-06,Q2 2024
Southpoint Glen,2024-06-29,2.1299932060184537,0.8843930635838151,1.8837512168833723,1.0,2024-06,Q2 2024
Southpoint Glen,2024-06-30,2.1297412050574094,0.8843930635838151,1.8835283489814085,1.0,2024-06,Q2 2024
Southpoint Glen,2024-07-01,2.137347160383203,0.8843930635838151,1.8902550031134686,1.0,2024-07,Q3 2024
Southpoint Glen,2024-07-02,2.1450687888094455,0.8843930635838151,1.8970839577332093,1.0,2024-07,Q3 2024
Southpoint Glen,2024-07-03,2.152305953299656,0.8872832369942196,1.9097049932456482,1.0,2024-07,Q3 2024
Southpoint Glen,2024-07-04,2.1588502098776097,0.8901734104046243,1.9217510538794906,1.0,2024-07,Q3 2024
Southpoint Glen,2024-07-05,2.1588502098776097,0.8930635838150289,1.9279905053531254,1.0,2024-07,Q3 2024
Southpoint Glen,2024-07-06,2.159016884659202,0.8930635838150289,1.928139356530906,1.0,2024-07,Q3 2024
Southpoint Glen,2024-07-07,2.159016884659202,0.8959537572254335,1.9343792897235625,1.0,2024-07,Q3 2024
Southpoint Glen,2024-07-08,2.159016884659202,0.8959537572254335,1.9343792897235625,1.0,2024-07,Q3 2024
Southpoint Glen,2024-07-09,2.1574964493078648,0.8930635838150289,1.9267815110870816,1.0,2024-07,Q3 2024
Southpoint Glen,2024-07-10,2.1574964493078648,0.9075144508670521,1.9579592054412416,1.0,2024-07,Q3 2024
Southpoint Glen,2024-07-11,2.157389912178312,0.9075144508670521,1.9578625214566188,1.0,2024-07,Q3 2024
Southpoint Glen,2024-07-12,2.165345079974976,0.9075144508670521,1.9650819511911632,1.0,2024-07,Q3 2024
Southpoint Glen,2024-07-13,2.1637169226398156,0.9104046242774566,1.969857891998676,1.0,2024-07,Q3 2024
Southpoint Glen,2024-07-14,2.162106559373892,0.9132947976878613,1.9746406727229766,1.0,2024-07,Q3 2024
Southpoint Glen,2024-07-15,2.170651673681426,0.9161849710982659,1.98871844091622,1.0,2024-07,Q3 2024
Southpoint Glen,2024-07-16,2.1665935937872622,0.9190751445086706,1.991262320301588,1.0,2024-07,Q3 2024
Southpoint Glen,2024-07-17,2.1665935937872622,0.9219653179190751,1.9975241514975046,1.0,2024-07,Q3 2024
Southpoint Glen,2024-07-18,2.1619655004942318,0.9219653179190751,1.9932572099932366,1.0,2024-07,Q3 2024
Southpoint Glen,2024-07-19,2.1619655004942318,0.9248554913294798,1.9995056651969774,1.0,2024-07,Q3 2024
Southpoint Glen,2024-07-20,2.1619655004942318,0.9248554913294798,1.9995056651969774,1.0,2024-07,Q3 2024
Southpoint Glen,2024-07-21,2.1577279233672684,0.9248554913294798,1.995586518721173,1.0,2024-07,Q3 2024
Southpoint Glen,2024-07-22,2.1577279233672684,0.9277456647398844,2.001822726592177,1.0,2024-07,Q3 2024
Southpoint Glen,2024-07-23,2.1577279233672684,0.9277456647398844,2.001822726592177,1.0,2024-07,Q3 2024
Southpoint Glen,2024-07-24,2.1531796905778733,0.9104046242774566,1.960264747202399,1.0,2024-07,Q3 2024
Southpoint Glen,2024-07-25,2.1531796905778733,0.9132947976878613,1.9664878098919305,1.0,2024-07,Q3 2024
Southpoint Glen,2024-07-26,2.1531796905778733,0.9075144508670521,1.9540416845128679,1.0,2024-07,Q3 2024
Southpoint Glen,2024-07-27,2.1531796905778733,0.9075144508670521,1.9540416845128679,1.0,2024-07,Q3 2024
Southpoint Glen,2024-07-28,2.1493709219786936,0.9075144508670521,1.9505851719691036,1.0,2024-07,Q3 2024
Southpoint Glen,2024-07-29,2.1491691217143245,0.8930635838150289,1.9193446780627927,1.0,2024-07,Q3 2024
Southpoint Glen,2024-07-30,2.1491691217143245,0.8959537572254335,1.925556149512834,1.0,2024-07,Q3 2024
Southpoint Glen,2024-07-31,2.1491691217143245,0.8959537572254335,1.925556149512834,1.0,2024-07,Q3 2024
Southpoint Glen,2024-08-01,2.1491691217143245,0.8959537572254335,1.925556149512834,1.0,2024-08,Q3 2024
Southpoint Glen,2024-08-02,2.1491691217143245,0.8959537572254335,1.925556149512834,1.0,2024-08,Q3 2024
Southpoint Glen,2024-08-03,2.1491691217143245,0.8959537572254335,1.925556149512834,1.0,2024-08,Q3 2024
Southpoint Glen,2024-08-04,2.1491691217143245,0.8959537572254335,1.925556149512834,1.0,2024-08,Q3 2024
Southpoint Glen,2024-08-05,2.1491691217143245,0.8930635838150289,1.9193446780627927,1.0,2024-08,Q3 2024
Southpoint Glen,2024-08-06,2.1491691217143245,0.8901734104046243,1.9131332066127513,1.0,2024-08,Q3 2024
Southpoint Glen,2024-08-07,2.1491691217143245,0.8901734104046243,1.9131332066127513,1.0,2024-08,Q3 2024
Southpoint Glen,2024-08-08,2.1491691217143245,0.8901734104046243,1.9131332066127513,1.0,2024-08,Q3 2024
Southpoint Glen,2024-08-09,2.1491691217143245,0.8901734104046243,1.9131332066127513,1.0,2024-08,Q3 2024
Southpoint Glen,2024-08-10,2.1491691217143245,0.8901734104046243,1.9131332066127513,1.0,2024-08,Q3 2024
Southpoint Glen,2024-08-11,2.1491691217143245,0.8901734104046243,1.9131332066127513,1.0,2024-08,Q3 2024
Southpoint Glen,2024-08-12,2.152742615325822,0.8872832369942196,1.9100924361416973,1.0,2024-08,Q3 2024
Southpoint Glen,2024-08-13,2.152742615325822,0.8930635838150289,1.9225360350742167,1.0,2024-08,Q3 2024
Southpoint Glen,2024-08-14,2.152742615325822,0.8872832369942196,1.9100924361416973,1.0,2024-08,Q3 2024
Southpoint Glen,2024-08-15,2.1508246084643043,0.8843930635838151,1.9021743647112057,1.0,2024-08,Q3 2024
Southpoint Glen,2024-08-16,2.1508246084643043,0.8872832369942196,1.908390620805033,1.0,2024-08,Q3 2024
Southpoint Glen,2024-08-17,2.1508246084643043,0.8815028901734104,1.8959581086173782,1.0,2024-08,Q3 2024
Southpoint Glen,2024-08-18,2.1508246084643043,0.8815028901734104,1.8959581086173782,1.0,2024-08,Q3 2024
Southpoint Glen,2024-08-19,2.1508246084643043,0.8815028901734104,1.8959581086173782,1.0,2024-08,Q3 2024
Southpoint Glen,2024-08-20,2.1508246084643043,0.8786127167630058,1.8897418525235508,1.0,2024-08,Q3 2024
Southpoint Glen,2024-08-21,2.1508246084643043,0.8757225433526011,1.883525596429723,1.0,2024-08,Q3 2024
Southpoint Glen,2024-08-22,2.1508246084643043,0.8757225433526011,1.883525596429723,1.0,2024-08,Q3 2024
Southpoint Glen,2024-08-23,2.1445008450543535,0.8728323699421965,1.8717897549318345,1.0,2024-08,Q3 2024
Southpoint Glen,2024-08-24,2.1445008450543535,0.8786127167630058,1.8841857135737672,1.0,2024-08,Q3 2024
Southpoint Glen,2024-08-25,2.1445008450543535,0.8786127167630058,1.8841857135737672,1.0,2024-08,Q3 2024
Southpoint Glen,2024-08-26,2.136064717982325,0.8786127167630058,1.8767736250480542,1.0,2024-08,Q3 2024
Southpoint Glen,2024-08-27,2.1296242781635097,0.8815028901734104,1.877269956184597,1.0,2024-08,Q3 2024
Southpoint Glen,2024-08-28,2.123977444908953,0.8872832369942196,1.8845695826215274,1.0,2024-08,Q3 2024
Southpoint Glen,2024-08-29,2.123977444908953,0.8930635838150289,1.8968469088926776,1.0,2024-08,Q3 2024
Southpoint Glen,2024-08-30,2.1244361811374484,0.8901734104046243,1.8911166005500986,1.0,2024-08,Q3 2024
Southpoint Glen,2024-08-31,2.1244361811374484,0.8930635838150289,1.8972565895129236,1.0,2024-08,Q3 2024
Southpoint Glen,2024-09-01,2.1244361811374484,0.8930635838150289,1.8972565895129236,1.0,2024-09,Q3 2024
Southpoint Glen,2024-09-02,2.1244361811374484,0.8930635838150289,1.8972565895129236,1.0,2024-09,Q3 2024
Southpoint Glen,2024-09-03,2.1185047580795446,0.8901734104046243,1.8858366054580917,1.0,2024-09,Q3 2024
Southpoint Glen,2024-09-04,2.1185047580795446,0.8930635838150289,1.891959451579709,1.0,2024-09,Q3 2024
Southpoint Glen,2024-09-05,2.1116267252222984,0.8901734104046243,1.8797139634926818,1.0,2024-09,Q3 2024
Southpoint Glen,2024-09-06,2.1116267252222984,0.8959537572254335,1.8919198983205563,1.0,2024-09,Q3 2024
Southpoint Glen,2024-09-07,2.1116267252222984,0.8959537572254335,1.8919198983205563,1.0,2024-09,Q3 2024
Southpoint Glen,2024-09-08,2.1087072952351287,0.8959537572254335,1.889304224054595,1.0,2024-09,Q3 2024
Southpoint Glen,2024-09-09,2.1087072952351287,0.8988439306358381,1.8953987538096098,1.0,2024-09,Q3 2024
Southpoint Glen,2024-09-10,2.1087072952351287,0.8988439306358381,1.8953987538096098,1.0,2024-09,Q3 2024
Southpoint Glen,2024-09-11,2.1031790076618444,0.8901734104046243,1.8721940299417574,1.0,2024-09,Q3 2024
Southpoint Glen,2024-09-12,2.1042843700449745,0.8901734104046243,1.8731779941440814,1.0,2024-09,Q3 2024
Southpoint Glen,2024-09-13,2.103541253352905,0.8930635838150289,1.8785960904221033,1.0,2024-09,Q3 2024
Southpoint Glen,2024-09-14,2.103541253352905,0.8959537572254335,1.8846756894202328,1.0,2024-09,Q3 2024
Southpoint Glen,2024-09-15,2.103541253352905,0.8959537572254335,1.8846756894202328,1.0,2024-09,Q3 2024
Southpoint Glen,2024-09-16,2.103541253352905,0.8959537572254335,1.8846756894202328,1.0,2024-09,Q3 2024
Southpoint Glen,2024-09-17,2.103541253352905,0.8901734104046243,1.8725164914239734,1.0,2024-09,Q3 2024
Southpoint Glen,2024-09-18,2.100828339674886,0.8901734104046243,1.8701015278030777,1.0,2024-09,Q3 2024
Southpoint Glen,2024-09-19,2.100828339674886,0.8901734104046243,1.8701015278030777,1.0,2024-09,Q3 2024
Southpoint Glen,2024-09-20,2.098147397062289,0.8872832369942196,1.8616510141564238,1.0,2024-09,Q3 2024
Southpoint Glen,2024-09-21,2.096153404227332,0.8930635838150289,1.8719982714053343,1.0,2024-09,Q3 2024
Southpoint Glen,2024-09-22,2.096153404227332,0.8959537572254335,1.878056518238361,1.0,2024-09,Q3 2024
Southpoint Glen,2024-09-23,2.096153404227332,0.8959537572254335,1.878056518238361,1.0,2024-09,Q3 2024
Southpoint Glen,2024-09-24,2.0963959476943255,0.8930635838150289,1.8722148781431982,1.0,2024-09,Q3 2024
Southpoint Glen,2024-09-25,2.098776522466903,0.8930635838150289,1.874340882781136,1.0,2024-09,Q3 2024
Southpoint Glen,2024-09-26,2.098776522466903,0.8959537572254335,1.8804067108807512,1.0,2024-09,Q3 2024
Southpoint Glen,2024-09-27,2.099338343617033,0.8959537572254335,1.8809100766510989,1.0,2024-09,Q3 2024
Southpoint Glen,2024-09-28,2.094307001960599,0.8988439306358381,1.8824551376004226,1.0,2024-09,Q3 2024
Southpoint Glen,2024-09-29,2.094307001960599,0.9075144508670521,1.900613868831295,1.0,2024-09,Q3 2024
Southpoint Glen,2024-09-30,2.094307001960599,0.9075144508670521,1.900613868831295,1.0,2024-09,Q3 2024
Southpoint Glen,2024-10-01,2.094307001960599,0.9075144508670521,1.900613868831295,1.0,2024-10,Q4 2024
Southpoint Glen,2024-10-02,2.09314740445458,0.9046242774566474,1.8935119583649815,1.0,2024-10,Q4 2024
Southpoint Glen,2024-10-03,2.09314740445458,0.9075144508670521,1.8995615173373936,1.0,2024-10,Q4 2024
Southpoint Glen,2024-10-04,2.095222719322991,0.9075144508670521,1.9014448955705758,1.0,2024-10,Q4 2024
Southpoint Glen,2024-10-05,2.090638556127402,0.9075144508670521,1.897284701225446,1.0,2024-10,Q4 2024
Southpoint Glen,2024-10-06,2.090638556127402,0.9104046242774566,1.9033270091911318,1.0,2024-10,Q4 2024
Southpoint Glen,2024-10-07,2.090638556127402,0.9104046242774566,1.9033270091911318,1.0,2024-10,Q4 2024
Southpoint Glen,2024-10-08,2.090638556127402,0.9075144508670521,1.897284701225446,1.0,2024-10,Q4 2024
Southpoint Glen,2024-10-09,2.0929458572822646,0.9017341040462428,1.8872806574337184,1.0,2024-10,Q4 2024
Southpoint Glen,2024-10-10,2.0953894344333386,0.9046242774566474,1.895540153114552,1.0,2024-10,Q4 2024
Southpoint Glen,2024-10-11,2.0953894344333386,0.9017341040462428,1.8894841142867098,1.0,2024-10,Q4 2024
Southpoint Glen,2024-10-12,2.0953894344333386,0.8988439306358381,1.883428075458868,1.0,2024-10,Q4 2024
Southpoint Glen,2024-10-13,2.0953894344333386,0.8988439306358381,1.883428075458868,1.0,2024-10,Q4 2024
Southpoint Glen,2024-10-14,2.0953894344333386,0.8988439306358381,1.883428075458868,1.0,2024-10,Q4 2024
Southpoint Glen,2024-10-15,2.094444617878045,0.8988439306358381,1.8825788328325779,1.0,2024-10,Q4 2024
Southpoint Glen,2024-10-16,2.094444617878045,0.8988439306358381,1.8825788328325779,1.0,2024-10,Q4 2024
Southpoint Glen,2024-10-17,2.094444617878045,0.8959537572254335,1.8765255246884216,1.0,2024-10,Q4 2024
Southpoint Glen,2024-10-18,2.0900308708050463,0.8930635838150289,1.8665304597652004,1.0,2024-10,Q4 2024
Southpoint Glen,2024-10-19,2.0900308708050463,0.8959537572254335,1.8725710114149259,1.0,2024-10,Q4 2024
Southpoint Glen,2024-10-20,2.0900308708050463,0.8959537572254335,1.8725710114149259,1.0,2024-10,Q4 2024
Southpoint Glen,2024-10-21,2.0900308708050463,0.8959537572254335,1.8725710114149259,1.0,2024-10,Q4 2024
Southpoint Glen,2024-10-22,2.0900308708050463,0.8959537572254335,1.8725710114149259,1.0,2024-10,Q4 2024
Southpoint Glen,2024-10-23,2.089304484623581,0.8930635838150289,1.8658817507187473,1.0,2024-10,Q4 2024
Southpoint Glen,2024-10-24,2.089304484623581,0.8959537572254335,1.8719202029864455,1.0,2024-10,Q4 2024
Southpoint Glen,2024-10-25,2.0872579327862084,0.8930635838150289,1.8640540498004001,1.0,2024-10,Q4 2024
Southpoint Glen,2024-10-26,2.083579256902397,0.8959537572254335,1.8667906636986793,1.0,2024-10,Q4 2024
Southpoint Glen,2024-10-27,2.083579256902397,0.8988439306358381,1.8728125690654494,1.0,2024-10,Q4 2024
Southpoint Glen,2024-10-28,2.083579256902397,0.8988439306358381,1.8728125690654494,1.0,2024-10,Q4 2024
Southpoint Glen,2024-10-29,2.083579256902397,0.8872832369942196,1.8487249475983696,1.0,2024-10,Q4 2024
Southpoint Glen,2024-10-30,2.083579256902397,0.8843930635838151,1.8427030422315998,1.0,2024-10,Q4 2024
Southpoint Glen,2024-10-31,2.083579256902397,0.8815028901734104,1.8366811368648297,1.0,2024-10,Q4 2024
Southpoint Glen,2024-11-01,2.0786510523954327,0.8815028901734104,1.8323369103485752,1.0,2024-11,Q4 2024
Southpoint Glen,2024-11-02,2.0772566988370698,0.8843930635838151,1.8371114157345185,1.0,2024-11,Q4 2024
Southpoint Glen,2024-11-03,2.0744925605399986,0.8843930635838151,1.8346668309978025,1.0,2024-11,Q4 2024
Southpoint Glen,2024-11-04,2.0744925605399986,0.8872832369942196,1.840662474236357,1.0,2024-11,Q4 2024
Southpoint Glen,2024-11-05,2.0673836490161355,0.8872832369942196,1.8343548562079584,1.0,2024-11,Q4 2024
Southpoint Glen,2024-11-06,2.0673836490161355,0.8959537572254335,1.8522801479624333,1.0,2024-11,Q4 2024
Southpoint Glen,2024-11-07,2.054902946795623,0.8959537572254335,1.8410980159151535,1.0,2024-11,Q4 2024
Southpoint Glen,2024-11-08,2.054902946795623,0.9104046242774566,1.8707931452041076,1.0,2024-11,Q4 2024
Southpoint Glen,2024-11-09,2.054902946795623,0.9104046242774566,1.8707931452041076,1.0,2024-11,Q4 2024
Southpoint Glen,2024-11-10,2.050488566460066,0.9104046242774566,1.866774272933297,1.0,2024-11,Q4 2024
Southpoint Glen,2024-11-11,2.050488566460066,0.9161849710982659,1.8786268079995403,1.0,2024-11,Q4 2024
Southpoint Glen,2024-11-12,2.050488566460066,0.9132947976878613,1.8727005404664188,1.0,2024-11,Q4 2024
Southpoint Glen,2024-11-13,2.050488566460066,0.9132947976878613,1.8727005404664188,1.0,2024-11,Q4 2024
Southpoint Glen,2024-11-14,2.0452413882984666,0.9132947976878613,1.8679083199488886,1.0,2024-11,Q4 2024
Southpoint Glen,2024-11-15,2.0452413882984666,0.9104046242774566,1.8619972176705692,1.0,2024-11,Q4 2024
Southpoint Glen,2024-11-16,2.0452413882984666,0.9104046242774566,1.8619972176705692,1.0,2024-11,Q4 2024
Southpoint Glen,2024-11-17,2.0452413882984666,0.9104046242774566,1.8619972176705692,1.0,2024-11,Q4 2024
Southpoint Glen,2024-11-18,2.04714482024101,0.9104046242774566,1.8637301109130582,1.0,2024-11,Q4 2024
Southpoint Glen,2024-11-19,2.04714482024101,0.9132947976878613,1.8696467144397664,1.0,2024-11,Q4 2024
Southpoint Glen,2024-11-20,2.04714482024101,0.9132947976878613,1.8696467144397664,1.0,2024-11,Q4 2024
Southpoint Glen,2024-11-21,2.0436383353919694,0.9104046242774566,1.8605377908915328,1.0,2024-11,Q4 2024
Southpoint Glen,2024-11-22,2.0436383353919694,0.9161849710982659,1.8723507292463997,1.0,2024-11,Q4 2024
Southpoint Glen,2024-11-23,2.0436383353919694,0.9161849710982659,1.8723507292463997,1.0,2024-11,Q4 2024
Southpoint Glen,2024-11-24,2.0436383353919694,0.9161849710982659,1.8723507292463997,1.0,2024-11,Q4 2024
Southpoint Glen,2024-11-25,2.0436383353919694,0.9161849710982659,1.8723507292463997,1.0,2024-11,Q4 2024
Southpoint Glen,2024-11-26,2.0414584121791637,0.9161849710982659,1.8703535163606788,1.0,2024-11,Q4 2024
Southpoint Glen,2024-11-27,2.0414584121791637,0.9190751445086706,1.876253685182006,1.0,2024-11,Q4 2024
Southpoint Glen,2024-11-28,2.0414584121791637,0.9190751445086706,1.876253685182006,1.0,2024-11,Q4 2024
Southpoint Glen,2024-11-29,2.0414584121791637,0.9190751445086706,1.876253685182006,1.0,2024-11,Q4 2024
Southpoint Glen,2024-11-30,2.0414584121791637,0.9190751445086706,1.876253685182006,1.0,2024-11,Q4 2024
Southpoint Glen,2024-12-01,2.0414584121791637,0.9190751445086706,1.876253685182006,1.0,2024-12,Q4 2024
Southpoint Glen,2024-12-02,2.0375553092551364,0.9190751445086706,1.8726664402980735,1.0,2024-12,Q4 2024
Southpoint Glen,2024-12-03,2.0375553092551364,0.9219653179190751,1.8785553284751113,1.0,2024-12,Q4 2024
Southpoint Glen,2024-12-04,2.0375553092551364,0.9219653179190751,1.8785553284751113,1.0,2024-12,Q4 2024
Southpoint Glen,2024-12-05,2.0375553092551364,0.9132947976878613,1.8608886639439974,1.0,2024-12,Q4 2024
Southpoint Glen,2024-12-06,2.0375553092551364,0.9132947976878613,1.8608886639439974,1.0,2024-12,Q4 2024
Southpoint Glen,2024-12-07,2.035952361952522,0.9132947976878613,1.859424700511552,1.0,2024-12,Q4 2024
Southpoint Glen,2024-12-08,2.035952361952522,0.9132947976878613,1.859424700511552,1.0,2024-12,Q4 2024
Southpoint Glen,2024-12-09,2.035952361952522,0.9132947976878613,1.859424700511552,1.0,2024-12,Q4 2024
Southpoint Glen,2024-12-10,2.035952361952522,0.9132947976878613,1.859424700511552,1.0,2024-12,Q4 2024
Southpoint Glen,2024-12-11,2.035952361952522,0.9132947976878613,1.859424700511552,1.0,2024-12,Q4 2024
Southpoint Glen,2024-12-12,2.035952361952522,0.9132947976878613,1.859424700511552,1.0,2024-12,Q4 2024
Southpoint Glen,2024-12-13,2.035952361952522,0.9075144508670521,1.8476561897488208,1.0,2024-12,Q4 2024
Southpoint Glen,2024-12-14,2.035952361952522,0.9075144508670521,1.8476561897488208,1.0,2024-12,Q4 2024
Southpoint Glen,2024-12-15,2.035952361952522,0.9075144508670521,1.8476561897488208,1.0,2024-12,Q4 2024
Southpoint Glen,2024-12-16,2.035952361952522,0.9046242774566474,1.841771934367455,1.0,2024-12,Q4 2024
Southpoint Glen,2024-12-17,2.035952361952522,0.9046242774566474,1.841771934367455,1.0,2024-12,Q4 2024
Southpoint Glen,2024-12-18,2.035952361952522,0.9046242774566474,1.841771934367455,1.0,2024-12,Q4 2024
Southpoint Glen,2024-12-19,2.035952361952522,0.9046242774566474,1.841771934367455,1.0,2024-12,Q4 2024
Southpoint Glen,2024-12-20,2.035952361952522,0.9046242774566474,1.841771934367455,1.0,2024-12,Q4 2024
Southpoint Glen,2024-12-21,2.035952361952522,0.9046242774566474,1.841771934367455,1.0,2024-12,Q4 2024
Southpoint Glen,2024-12-22,2.035952361952522,0.9046242774566474,1.841771934367455,1.0,2024-12,Q4 2024
Southpoint Glen,2024-12-23,2.0316357767877897,0.9046242774566474,1.8378670466317288,1.0,2024-12,Q4 2024
Southpoint Glen,2024-12-24,2.0316357767877897,0.9075144508670521,1.8437388263334278,1.0,2024-12,Q4 2024
Southpoint Glen,2024-12-25,2.0316357767877897,0.9075144508670521,1.8437388263334278,1.0,2024-12,Q4 2024
Southpoint Glen,2024-12-26,2.0316357767877897,0.9075144508670521,1.8437388263334278,1.0,2024-12,Q4 2024
Southpoint Glen,2024-12-27,2.0341866691936032,0.9075144508670521,1.8460537980543106,1.0,2024-12,Q4 2024
Southpoint Glen,2024-12-28,2.0341866691936032,0.9104046242774566,1.8519329502774133,1.0,2024-12,Q4 2024
Southpoint Glen,2024-12-29,2.0341866691936032,0.9104046242774566,1.8519329502774133,1.0,2024-12,Q4 2024
Southpoint Glen,2024-12-30,2.0341866691936032,0.9075144508670521,1.8460537980543106,1.0,2024-12,Q4 2024
Southpoint Glen,2024-12-31,2.0288862662988834,0.9075144508670521,1.8412436058319348,1.0,2024-12,Q4 2024
Southpoint Glen,2025-01-01,2.0288862662988834,0.9132947976878613,1.852971272111119,1.0,2025-01,Q1 2025
Southpoint Glen,2025-01-02,2.027105940789723,0.9104046242774566,1.8454866223952682,1.0,2025-01,Q1 2025
Southpoint Glen,2025-01-03,2.0252091863782837,0.9132947976878613,1.8496130141489528,1.0,2025-01,Q1 2025
Southpoint Glen,2025-01-04,2.0252091863782837,0.9161849710982659,1.8554662198899305,1.0,2025-01,Q1 2025
Southpoint Glen,2025-01-05,2.0185889613688173,0.9161849710982659,1.8494008692309685,1.0,2025-01,Q1 2025
Southpoint Glen,2025-01-06,2.0185889613688173,0.9219653179190751,1.8610690135163372,1.0,2025-01,Q1 2025
Southpoint Glen,2025-01-07,2.016297687043645,0.9161849710982659,1.8473016381295821,1.0,2025-01,Q1 2025
Southpoint Glen,2025-01-08,2.012535558520197,0.9190751445086706,1.849671409275788,1.0,2025-01,Q1 2025
Southpoint Glen,2025-01-09,2.012535558520197,0.9190751445086706,1.849671409275788,1.0,2025-01,Q1 2025
Southpoint Glen,2025-01-10,2.012535558520197,0.9190751445086706,1.849671409275788,1.0,2025-01,Q1 2025
Southpoint Glen,2025-01-11,2.012535558520197,0.9190751445086706,1.849671409275788,1.0,2025-01,Q1 2025
Southpoint Glen,2025-01-12,2.012535558520197,0.9190751445086706,1.849671409275788,1.0,2025-01,Q1 2025
Southpoint Glen,2025-01-13,2.012535558520197,0.9190751445086706,1.849671409275788,1.0,2025-01,Q1 2025
Southpoint Glen,2025-01-14,2.012535558520197,0.9161849710982659,1.8438548325170592,1.0,2025-01,Q1 2025
Southpoint Glen,2025-01-15,2.012535558520197,0.9161849710982659,1.8438548325170592,1.0,2025-01,Q1 2025
Southpoint Glen,2025-01-16,2.016511065567081,0.9161849710982659,1.8474971323259095,1.0,2025-01,Q1 2025
Southpoint Glen,2025-01-17,2.0149018765908986,0.9161849710982659,1.8460228175702742,1.0,2025-01,Q1 2025
Southpoint Glen,2025-01-18,2.0149018765908986,0.9190751445086706,1.8518462333985717,1.0,2025-01,Q1 2025
Southpoint Glen,2025-01-19,2.0149018765908986,0.9190751445086706,1.8518462333985717,1.0,2025-01,Q1 2025
Southpoint Glen,2025-01-20,2.0149018765908986,0.9190751445086706,1.8518462333985717,1.0,2025-01,Q1 2025
Southpoint Glen,2025-01-21,2.0149018765908986,0.9161849710982659,1.8460228175702742,1.0,2025-01,Q1 2025
Southpoint Glen,2025-01-22,2.0149018765908986,0.9161849710982659,1.8460228175702742,1.0,2025-01,Q1 2025
Southpoint Glen,2025-01-23,2.0149018765908986,0.9161849710982659,1.8460228175702742,1.0,2025-01,Q1 2025
Southpoint Glen,2025-01-24,2.0149635566318542,0.9104046242774566,1.8344321397081909,1.0,2025-01,Q1 2025
Southpoint Glen,2025-01-25,2.0120655124547704,0.9132947976878613,1.8376089651321024,1.0,2025-01,Q1 2025
Southpoint Glen,2025-01-26,2.012518671074793,0.9161849710982659,1.8438393604933798,1.0,2025-01,Q1 2025
Southpoint Glen,2025-01-27,2.0110124426574587,0.9190751445086706,1.8482715513441383,1.0,2025-01,Q1 2025
Southpoint Glen,2025-01-28,2.0119758807900965,0.9190751445086706,1.8491570233851176,1.0,2025-01,Q1 2025
Southpoint Glen,2025-01-29,2.0119758807900965,0.9219653179190751,1.8549719825781525,1.0,2025-01,Q1 2025
Southpoint Glen,2025-01-30,2.0150824179416658,0.9219653179190751,1.8578361020907264,1.0,2025-01,Q1 2025
Southpoint Glen,2025-01-31,2.0149372073901537,0.930635838150289,1.8751727768197384,1.0,2025-01,Q1 2025
Southpoint Glen,2025-02-01,2.0149372073901537,0.9335260115606936,1.8809962947601724,1.0,2025-02,Q1 2025
Southpoint Glen,2025-02-02,2.0149372073901537,0.9335260115606936,1.8809962947601724,1.0,2025-02,Q1 2025
Southpoint Glen,2025-02-03,2.0142750336608386,0.9335260115606936,1.8803781383596845,1.0,2025-02,Q1 2025
Southpoint Glen,2025-02-04,2.0142750336608386,0.930635838150289,1.8745565342161563,1.0,2025-02,Q1 2025
Southpoint Glen,2025-02-05,2.0142750336608386,0.9277456647398844,1.8687349300726277,1.0,2025-02,Q1 2025
Southpoint Glen,2025-02-06,2.0142750336608386,0.9277456647398844,1.8687349300726277,1.0,2025-02,Q1 2025
Southpoint Glen,2025-02-07,2.0142750336608386,0.9161849710982659,1.845448513498514,1.0,2025-02,Q1 2025
Southpoint Glen,2025-02-08,2.011371347433104,0.9161849710982659,1.8427881998158786,1.0,2025-02,Q1 2025
Southpoint Glen,2025-02-09,2.011371347433104,0.9190751445086706,1.8486014118026795,1.0,2025-02,Q1 2025
Southpoint Glen,2025-02-10,2.011371347433104,0.9190751445086706,1.8486014118026795,1.0,2025-02,Q1 2025
Southpoint Glen,2025-02-11,2.011371347433104,0.9161849710982659,1.8427881998158786,1.0,2025-02,Q1 2025
Southpoint Glen,2025-02-12,2.011371347433104,0.9132947976878613,1.8369749878290778,1.0,2025-02,Q1 2025
Southpoint Glen,2025-02-13,2.0088613473108676,0.9132947976878613,1.8346826177752433,1.0,2025-02,Q1 2025
Southpoint Glen,2025-02-14,2.0088613473108676,0.9161849710982659,1.8404885754264309,1.0,2025-02,Q1 2025
Southpoint Glen,2025-02-15,2.0088613473108676,0.9161849710982659,1.8404885754264309,1.0,2025-02,Q1 2025
Southpoint Glen,2025-02-16,2.0088613473108676,0.9161849710982659,1.8404885754264309,1.0,2025-02,Q1 2025
Southpoint Glen,2025-02-17,2.0088613473108676,0.9161849710982659,1.8404885754264309,1.0,2025-02,Q1 2025
Southpoint Glen,2025-02-18,2.0088613473108676,0.9161849710982659,1.8404885754264309,1.0,2025-02,Q1 2025
Southpoint Glen,2025-02-19,2.0088613473108676,0.9161849710982659,1.8404885754264309,1.0,2025-02,Q1 2025
Southpoint Glen,2025-02-20,2.0088613473108676,0.9161849710982659,1.8404885754264309,1.0,2025-02,Q1 2025
Southpoint Glen,2025-02-21,2.0088613473108676,0.9161849710982659,1.8404885754264309,1.0,2025-02,Q1 2025
Southpoint Glen,2025-02-22,2.014356497390619,0.9075144508670521,1.828057630579926,1.0,2025-02,Q1 2025
Southpoint Glen,2025-02-23,2.014356497390619,0.9104046242774566,1.83387947016776,1.0,2025-02,Q1 2025
Southpoint Glen,2025-02-24,2.014356497390619,0.9104046242774566,1.83387947016776,1.0,2025-02,Q1 2025
Southpoint Glen,2025-02-25,2.014356497390619,0.9104046242774566,1.83387947016776,1.0,2025-02,Q1 2025
Southpoint Glen,2025-02-26,2.014356497390619,0.9104046242774566,1.83387947016776,1.0,2025-02,Q1 2025
Southpoint Glen,2025-02-27,2.014356497390619,0.9104046242774566,1.83387947016776,1.0,2025-02,Q1 2025
Southpoint Glen,2025-02-28,2.014356497390619,0.9075144508670521,1.828057630579926,1.0,2025-02,Q1 2025
Southpoint Glen,2025-03-01,2.014356497390619,0.9075144508670521,1.828057630579926,1.0,2025-03,Q1 2025
Southpoint Glen,2025-03-02,2.0197856324915193,0.9046242774566474,1.8271471184099584,1.0,2025-03,Q1 2025
Southpoint Glen,2025-03-03,2.0197856324915193,0.9075144508670521,1.8329846491397026,1.0,2025-03,Q1 2025
Southpoint Glen,2025-03-04,2.0197856324915193,0.9075144508670521,1.8329846491397026,1.0,2025-03,Q1 2025
Southpoint Glen,2025-03-05,2.0197856324915193,0.9046242774566474,1.8271471184099584,1.0,2025-03,Q1 2025
Southpoint Glen,2025-03-06,2.026276981194933,0.9046242774566474,1.833019350040503,1.0,2025-03,Q1 2025
Southpoint Glen,2025-03-07,2.026276981194933,0.9104046242774566,1.844731933746832,1.0,2025-03,Q1 2025
Southpoint Glen,2025-03-08,2.026276981194933,0.9104046242774566,1.844731933746832,1.0,2025-03,Q1 2025
Southpoint Glen,2025-03-09,2.026276981194933,0.9104046242774566,1.844731933746832,1.0,2025-03,Q1 2025
Southpoint Glen,2025-03-10,2.025687489325252,0.9104046242774566,1.8441952576227003,1.0,2025-03,Q1 2025
Southpoint Glen,2025-03-11,2.025687489325252,0.9104046242774566,1.8441952576227003,1.0,2025-03,Q1 2025
Southpoint Glen,2025-03-12,2.025687489325252,0.9075144508670521,1.8383406695032634,1.0,2025-03,Q1 2025
Southpoint Glen,2025-03-13,2.025687489325252,0.9075144508670521,1.8383406695032634,1.0,2025-03,Q1 2025
Southpoint Glen,2025-03-14,2.0312398084850205,0.9075144508670521,1.8433794793765794,1.0,2025-03,Q1 2025
Southpoint Glen,2025-03-15,2.0312398084850205,0.9104046242774566,1.849250114661218,1.0,2025-03,Q1 2025
Southpoint Glen,2025-03-16,2.0312398084850205,0.9104046242774566,1.849250114661218,1.0,2025-03,Q1 2025
Southpoint Glen,2025-03-17,2.0312398084850205,0.9104046242774566,1.849250114661218,1.0,2025-03,Q1 2025
Southpoint Glen,2025-03-18,2.0312398084850205,0.9075144508670521,1.8433794793765794,1.0,2025-03,Q1 2025
Southpoint Glen,2025-03-19,2.030973134326763,0.9046242774566474,1.8372676041742104,1.0,2025-03,Q1 2025
Southpoint Glen,2025-03-20,2.030973134326763,0.9046242774566474,1.8372676041742104,1.0,2025-03,Q1 2025
Southpoint Glen,2025-03-21,2.035004954908463,0.9046242774566474,1.8409148869547656,1.0,2025-03,Q1 2025
Southpoint Glen,2025-03-22,2.035004954908463,0.9075144508670521,1.8467964041654836,1.0,2025-03,Q1 2025
Southpoint Glen,2025-03-23,2.035004954908463,0.9075144508670521,1.8467964041654836,1.0,2025-03,Q1 2025
Southpoint Glen,2025-03-24,2.035004954908463,0.9075144508670521,1.8467964041654836,1.0,2025-03,Q1 2025
Southpoint Glen,2025-03-25,2.035004954908463,0.9075144508670521,1.8467964041654836,1.0,2025-03,Q1 2025
Southpoint Glen,2025-03-26,2.035004954908463,0.9075144508670521,1.8467964041654836,1.0,2025-03,Q1 2025
Southpoint Glen,2025-03-27,2.035004954908463,0.9075144508670521,1.8467964041654836,1.0,2025-03,Q1 2025
Southpoint Glen,2025-03-28,2.035004954908463,0.9075144508670521,1.8467964041654836,1.0,2025-03,Q1 2025
Southpoint Glen,2025-03-29,2.035004954908463,0.9046242774566474,1.8409148869547656,1.0,2025-03,Q1 2025
Southpoint Glen,2025-03-30,2.035004954908463,0.9046242774566474,1.8409148869547656,1.0,2025-03,Q1 2025
Southpoint Glen,2025-03-31,2.035004954908463,0.9046242774566474,1.8409148869547656,1.0,2025-03,Q1 2025
Southpoint Glen,2025-04-01,2.037775764455233,0.9017341040462428,1.8375319032081867,1.0,2025-04,Q2 2025
Southpoint Glen,2025-04-02,2.037775764455233,0.9046242774566474,1.8434214285389823,1.0,2025-04,Q2 2025
Southpoint Glen,2025-04-03,2.037775764455233,0.9046242774566474,1.8434214285389823,1.0,2025-04,Q2 2025
Southpoint Glen,2025-04-04,2.039258732945053,0.9046242774566474,1.8447629578375768,1.0,2025-04,Q2 2025
Southpoint Glen,2025-04-05,2.03847797593236,0.9046242774566474,1.8440566660891005,1.0,2025-04,Q2 2025
Southpoint Glen,2025-04-06,2.03847797593236,0.9075144508670521,1.8499482209328355,1.0,2025-04,Q2 2025
Southpoint Glen,2025-04-07,2.03847797593236,0.9075144508670521,1.8499482209328355,1.0,2025-04,Q2 2025
Southpoint Glen,2025-04-08,2.03732958043487,0.9075144508670521,1.8489060354235527,1.0,2025-04,Q2 2025
Southpoint Glen,2025-04-09,2.033871562839832,0.9046242774566474,1.8398895929736054,1.0,2025-04,Q2 2025
Southpoint Glen,2025-04-10,2.0322585021259445,0.9104046242774566,1.8501775380626373,1.0,2025-04,Q2 2025
Southpoint Glen,2025-04-11,2.0175753857668446,0.9104046242774566,1.8368099610305086,1.0,2025-04,Q2 2025
Southpoint Glen,2025-04-12,2.0175753857668446,0.9277456647398844,1.87179681743109,1.0,2025-04,Q2 2025
Southpoint Glen,2025-04-13,2.00875669181381,0.9277456647398844,1.8636153123474941,1.0,2025-04,Q2 2025
MAA Research Park,2023-10-10,1.9231049304677623,0.927027027027027,1.7827702463525472,1.0,2023-10,Q4 2023
MAA Research Park,2023-10-11,1.9231049304677623,0.9297297297297298,1.7879678272457034,1.0,2023-10,Q4 2023
MAA Research Park,2023-10-12,1.9231049304677623,0.9297297297297298,1.7879678272457034,1.0,2023-10,Q4 2023
MAA Research Park,2023-10-13,1.9231049304677623,0.927027027027027,1.7827702463525472,1.0,2023-10,Q4 2023
MAA Research Park,2023-10-14,1.9231049304677623,0.927027027027027,1.7827702463525472,1.0,2023-10,Q4 2023
MAA Research Park,2023-10-15,1.9231049304677623,0.927027027027027,1.7827702463525472,1.0,2023-10,Q4 2023
MAA Research Park,2023-10-16,1.9231049304677623,0.927027027027027,1.7827702463525472,1.0,2023-10,Q4 2023
MAA Research Park,2023-10-17,1.9244358624618603,0.9243243243243243,1.7788028782755574,1.0,2023-10,Q4 2023
MAA Research Park,2023-10-18,1.9244358624618603,0.9243243243243243,1.7788028782755574,1.0,2023-10,Q4 2023
MAA Research Park,2023-10-19,1.9311205488348662,0.9243243243243243,1.784981696490606,1.0,2023-10,Q4 2023
MAA Research Park,2023-10-20,1.9311205488348662,0.927027027027027,1.7902009412171866,1.0,2023-10,Q4 2023
MAA Research Park,2023-10-21,1.9311205488348662,0.927027027027027,1.7902009412171866,1.0,2023-10,Q4 2023
MAA Research Park,2023-10-22,1.9377668202541853,0.927027027027027,1.7963622144518527,1.0,2023-10,Q4 2023
MAA Research Park,2023-10-23,1.9332921181986475,0.9297297297297298,1.7974391585414453,1.0,2023-10,Q4 2023
MAA Research Park,2023-10-24,1.9332921181986475,0.9297297297297298,1.7974391585414453,1.0,2023-10,Q4 2023
MAA Research Park,2023-10-25,1.9332921181986475,0.9297297297297298,1.7974391585414453,1.0,2023-10,Q4 2023
MAA Research Park,2023-10-26,1.9332921181986475,0.9297297297297298,1.7974391585414453,1.0,2023-10,Q4 2023
MAA Research Park,2023-10-27,1.9332921181986475,0.9297297297297298,1.7974391585414453,1.0,2023-10,Q4 2023
MAA Research Park,2023-10-28,1.9271040283667784,0.9297297297297298,1.7916859074545184,1.0,2023-10,Q4 2023
MAA Research Park,2023-10-29,1.9271040283667784,0.9378378378378378,1.8073110752520867,1.0,2023-10,Q4 2023
MAA Research Park,2023-10-30,1.9271040283667784,0.9378378378378378,1.8073110752520867,1.0,2023-10,Q4 2023
MAA Research Park,2023-10-31,1.9273528410012535,0.9351351351351351,1.8023353594227938,1.0,2023-10,Q4 2023
MAA Research Park,2023-11-01,1.925519908105527,0.9351351351351351,1.800621319471655,1.0,2023-11,Q4 2023
MAA Research Park,2023-11-02,1.9240839746502225,0.9405405405405405,1.809678981562912,1.0,2023-11,Q4 2023
MAA Research Park,2023-11-03,1.9240839746502225,0.9432432432432433,1.8148792085214263,1.0,2023-11,Q4 2023
MAA Research Park,2023-11-04,1.9249923407778826,0.9432432432432433,1.8157360187337326,1.0,2023-11,Q4 2023
MAA Research Park,2023-11-05,1.9249923407778826,0.9486486486486486,1.8261413827379371,1.0,2023-11,Q4 2023
MAA Research Park,2023-11-06,1.9249923407778826,0.9486486486486486,1.8261413827379371,1.0,2023-11,Q4 2023
MAA Research Park,2023-11-07,1.9249923407778826,0.9486486486486486,1.8261413827379371,1.0,2023-11,Q4 2023
MAA Research Park,2023-11-08,1.9249923407778826,0.9486486486486486,1.8261413827379371,1.0,2023-11,Q4 2023
MAA Research Park,2023-11-09,1.9249923407778826,0.9486486486486486,1.8261413827379371,1.0,2023-11,Q4 2023
MAA Research Park,2023-11-10,1.9331970318018745,0.9486486486486486,1.833924751790427,1.0,2023-11,Q4 2023
MAA Research Park,2023-11-11,1.9130790690926383,0.9513513513513514,1.8200103576232667,1.0,2023-11,Q4 2023
MAA Research Park,2023-11-12,1.9130790690926383,0.9567567567567568,1.830351325564308,1.0,2023-11,Q4 2023
MAA Research Park,2023-11-13,1.9130790690926383,0.9567567567567568,1.830351325564308,1.0,2023-11,Q4 2023
MAA Research Park,2023-11-14,1.9130790690926383,0.9567567567567568,1.830351325564308,1.0,2023-11,Q4 2023
MAA Research Park,2023-11-15,1.9130790690926383,0.9567567567567568,1.830351325564308,1.0,2023-11,Q4 2023
MAA Research Park,2023-11-16,1.8997255102310433,0.9540540540540541,1.8124408246258332,1.0,2023-11,Q4 2023
MAA Research Park,2023-11-17,1.8997255102310433,0.9567567567567568,1.817575217896728,1.0,2023-11,Q4 2023
MAA Research Park,2023-11-18,1.8997255102310433,0.9567567567567568,1.817575217896728,1.0,2023-11,Q4 2023
MAA Research Park,2023-11-19,1.8997255102310433,0.9567567567567568,1.817575217896728,1.0,2023-11,Q4 2023
MAA Research Park,2023-11-20,1.8997255102310433,0.9567567567567568,1.817575217896728,1.0,2023-11,Q4 2023
MAA Research Park,2023-11-21,1.8997255102310433,0.9567567567567568,1.817575217896728,1.0,2023-11,Q4 2023
MAA Research Park,2023-11-22,1.8997255102310433,0.9567567567567568,1.817575217896728,1.0,2023-11,Q4 2023
MAA Research Park,2023-11-23,1.905731502390345,0.9567567567567568,1.823321491476168,1.0,2023-11,Q4 2023
MAA Research Park,2023-11-24,1.905731502390345,0.9594594594594594,1.8284721171583038,1.0,2023-11,Q4 2023
MAA Research Park,2023-11-25,1.905731502390345,0.9594594594594594,1.8284721171583038,1.0,2023-11,Q4 2023
MAA Research Park,2023-11-26,1.905731502390345,0.9594594594594594,1.8284721171583038,1.0,2023-11,Q4 2023
MAA Research Park,2023-11-27,1.905731502390345,0.9594594594594594,1.8284721171583038,1.0,2023-11,Q4 2023
MAA Research Park,2023-11-28,1.905731502390345,0.9594594594594594,1.8284721171583038,1.0,2023-11,Q4 2023
MAA Research Park,2023-11-29,1.905731502390345,0.9567567567567568,1.823321491476168,1.0,2023-11,Q4 2023
MAA Research Park,2023-11-30,1.905731502390345,0.9567567567567568,1.823321491476168,1.0,2023-11,Q4 2023
MAA Research Park,2023-12-01,1.905731502390345,0.9567567567567568,1.823321491476168,1.0,2023-12,Q4 2023
MAA Research Park,2023-12-02,1.905731502390345,0.9567567567567568,1.823321491476168,1.0,2023-12,Q4 2023
MAA Research Park,2023-12-03,1.905731502390345,0.9567567567567568,1.823321491476168,1.0,2023-12,Q4 2023
MAA Research Park,2023-12-04,1.905731502390345,0.9567567567567568,1.823321491476168,1.0,2023-12,Q4 2023
MAA Research Park,2023-12-05,1.905731502390345,0.9567567567567568,1.823321491476168,1.0,2023-12,Q4 2023
MAA Research Park,2023-12-06,1.905731502390345,0.9540540540540541,1.8181708657940319,1.0,2023-12,Q4 2023
MAA Research Park,2023-12-07,1.905731502390345,0.9540540540540541,1.8181708657940319,1.0,2023-12,Q4 2023
MAA Research Park,2023-12-08,1.905731502390345,0.9540540540540541,1.8181708657940319,1.0,2023-12,Q4 2023
MAA Research Park,2023-12-09,1.905731502390345,0.9540540540540541,1.8181708657940319,1.0,2023-12,Q4 2023
MAA Research Park,2023-12-10,1.905731502390345,0.9540540540540541,1.8181708657940319,1.0,2023-12,Q4 2023
MAA Research Park,2023-12-11,1.905731502390345,0.9540540540540541,1.8181708657940319,1.0,2023-12,Q4 2023
MAA Research Park,2023-12-12,1.905731502390345,0.9540540540540541,1.8181708657940319,1.0,2023-12,Q4 2023
MAA Research Park,2023-12-13,1.905731502390345,0.9540540540540541,1.8181708657940319,1.0,2023-12,Q4 2023
MAA Research Park,2023-12-14,1.905731502390345,0.9540540540540541,1.8181708657940319,1.0,2023-12,Q4 2023
MAA Research Park,2023-12-15,1.905731502390345,0.9540540540540541,1.8181708657940319,1.0,2023-12,Q4 2023
MAA Research Park,2023-12-16,1.905731502390345,0.9513513513513514,1.8130202401118958,1.0,2023-12,Q4 2023
MAA Research Park,2023-12-17,1.905731502390345,0.9513513513513514,1.8130202401118958,1.0,2023-12,Q4 2023
MAA Research Park,2023-12-18,1.905731502390345,0.9513513513513514,1.8130202401118958,1.0,2023-12,Q4 2023
MAA Research Park,2023-12-19,1.905731502390345,0.9513513513513514,1.8130202401118958,1.0,2023-12,Q4 2023
MAA Research Park,2023-12-20,1.905731502390345,0.9513513513513514,1.8130202401118958,1.0,2023-12,Q4 2023
MAA Research Park,2023-12-21,1.905731502390345,0.9486486486486486,1.8078696144297597,1.0,2023-12,Q4 2023
MAA Research Park,2023-12-22,1.905731502390345,0.9459459459459459,1.8027189887476236,1.0,2023-12,Q4 2023
MAA Research Park,2023-12-23,1.905731502390345,0.9459459459459459,1.8027189887476236,1.0,2023-12,Q4 2023
MAA Research Park,2023-12-24,1.905731502390345,0.9432432432432433,1.7975683630654875,1.0,2023-12,Q4 2023
MAA Research Park,2023-12-25,1.905731502390345,0.9432432432432433,1.7975683630654875,1.0,2023-12,Q4 2023
MAA Research Park,2023-12-26,1.905731502390345,0.9432432432432433,1.7975683630654875,1.0,2023-12,Q4 2023
MAA Research Park,2023-12-27,1.905731502390345,0.9405405405405405,1.7924177373833514,1.0,2023-12,Q4 2023
MAA Research Park,2023-12-28,1.905731502390345,0.9378378378378378,1.7872671117012153,1.0,2023-12,Q4 2023
MAA Research Park,2023-12-29,1.905731502390345,0.9378378378378378,1.7872671117012153,1.0,2023-12,Q4 2023
MAA Research Park,2023-12-30,1.9103103242260724,0.9378378378378378,1.7915613040714786,1.0,2023-12,Q4 2023
MAA Research Park,2023-12-31,1.9103103242260724,0.9405405405405405,1.7967243049477652,1.0,2023-12,Q4 2023
MAA Research Park,2024-01-01,1.9103103242260724,0.9405405405405405,1.7967243049477652,1.0,2024-01,Q1 2024
MAA Research Park,2024-01-02,1.9103103242260724,0.9405405405405405,1.7967243049477652,1.0,2024-01,Q1 2024
MAA Research Park,2024-01-03,1.9103103242260724,0.9405405405405405,1.7967243049477652,1.0,2024-01,Q1 2024
MAA Research Park,2024-01-04,1.9103103242260724,0.9351351351351351,1.786398303195192,1.0,2024-01,Q1 2024
MAA Research Park,2024-01-05,1.9103103242260724,0.9351351351351351,1.786398303195192,1.0,2024-01,Q1 2024
MAA Research Park,2024-01-06,1.9103103242260724,0.9297297297297298,1.7760723014426187,1.0,2024-01,Q1 2024
MAA Research Park,2024-01-07,1.9103103242260724,0.9297297297297298,1.7760723014426187,1.0,2024-01,Q1 2024
MAA Research Park,2024-01-08,1.9150557352731634,0.9297297297297298,1.7804842511728871,1.0,2024-01,Q1 2024
MAA Research Park,2024-01-09,1.9150557352731634,0.9324324324324325,1.7856600774844362,1.0,2024-01,Q1 2024
MAA Research Park,2024-01-10,1.9150557352731634,0.9324324324324325,1.7856600774844362,1.0,2024-01,Q1 2024
MAA Research Park,2024-01-11,1.9150557352731634,0.9324324324324325,1.7856600774844362,1.0,2024-01,Q1 2024
MAA Research Park,2024-01-12,1.9150557352731634,0.9324324324324325,1.7856600774844362,1.0,2024-01,Q1 2024
MAA Research Park,2024-01-13,1.9150557352731634,0.9324324324324325,1.7856600774844362,1.0,2024-01,Q1 2024
MAA Research Park,2024-01-14,1.9150557352731634,0.9324324324324325,1.7856600774844362,1.0,2024-01,Q1 2024
MAA Research Park,2024-01-15,1.9150557352731634,0.9324324324324325,1.7856600774844362,1.0,2024-01,Q1 2024
MAA Research Park,2024-01-16,1.9150557352731634,0.9324324324324325,1.7856600774844362,1.0,2024-01,Q1 2024
MAA Research Park,2024-01-17,1.9150557352731634,0.9324324324324325,1.7856600774844362,1.0,2024-01,Q1 2024
MAA Research Park,2024-01-18,1.916531704528959,0.9324324324324325,1.7870363190878131,1.0,2024-01,Q1 2024
MAA Research Park,2024-01-19,1.916531704528959,0.9351351351351351,1.7922161345054588,1.0,2024-01,Q1 2024
MAA Research Park,2024-01-20,1.9091436025930366,0.9297297297297298,1.7749875656540666,1.0,2024-01,Q1 2024
MAA Research Park,2024-01-21,1.9091436025930366,0.9324324324324325,1.7801474132286423,1.0,2024-01,Q1 2024
MAA Research Park,2024-01-22,1.9091436025930366,0.9324324324324325,1.7801474132286423,1.0,2024-01,Q1 2024
MAA Research Park,2024-01-23,1.9027681755603731,0.9324324324324325,1.7742027582927804,1.0,2024-01,Q1 2024
MAA Research Park,2024-01-24,1.9027681755603731,0.9324324324324325,1.7742027582927804,1.0,2024-01,Q1 2024
MAA Research Park,2024-01-25,1.9027681755603731,0.927027027027027,1.7639175249113728,1.0,2024-01,Q1 2024
MAA Research Park,2024-01-26,1.9027681755603731,0.927027027027027,1.7639175249113728,1.0,2024-01,Q1 2024
MAA Research Park,2024-01-27,1.9027681755603731,0.9216216216216216,1.7536322915299656,1.0,2024-01,Q1 2024
MAA Research Park,2024-01-28,1.9027681755603731,0.9216216216216216,1.7536322915299656,1.0,2024-01,Q1 2024
MAA Research Park,2024-01-29,1.9096108908165983,0.9216216216216216,1.759938685860703,1.0,2024-01,Q1 2024
MAA Research Park,2024-01-30,1.9096108908165983,0.9324324324324325,1.7805831279235849,1.0,2024-01,Q1 2024
MAA Research Park,2024-01-31,1.9096108908165983,0.9324324324324325,1.7805831279235849,1.0,2024-01,Q1 2024
MAA Research Park,2024-02-01,1.91594567871147,0.9324324324324325,1.7864898896093435,1.0,2024-02,Q1 2024
MAA Research Park,2024-02-02,1.91594567871147,0.9351351351351351,1.7916681211734287,1.0,2024-02,Q1 2024
MAA Research Park,2024-02-03,1.9170611377866027,0.9351351351351351,1.7927112261463907,1.0,2024-02,Q1 2024
MAA Research Park,2024-02-04,1.9170611377866027,0.9378378378378378,1.7978924724647327,1.0,2024-02,Q1 2024
MAA Research Park,2024-02-05,1.9170611377866027,0.9351351351351351,1.7927112261463907,1.0,2024-02,Q1 2024
MAA Research Park,2024-02-06,1.9170611377866027,0.9297297297297298,1.7823487335097064,1.0,2024-02,Q1 2024
MAA Research Park,2024-02-07,1.9170611377866027,0.9297297297297298,1.7823487335097064,1.0,2024-02,Q1 2024
MAA Research Park,2024-02-08,1.9170611377866027,0.9243243243243243,1.771986240873022,1.0,2024-02,Q1 2024
MAA Research Park,2024-02-09,1.9170611377866027,0.9243243243243243,1.771986240873022,1.0,2024-02,Q1 2024
MAA Research Park,2024-02-10,1.9170611377866027,0.9216216216216216,1.7668049945546798,1.0,2024-02,Q1 2024
MAA Research Park,2024-02-11,1.917836434254923,0.9216216216216216,1.7675195245430506,1.0,2024-02,Q1 2024
MAA Research Park,2024-02-12,1.922042616938876,0.9108108108108108,1.7506171943470303,1.0,2024-02,Q1 2024
MAA Research Park,2024-02-13,1.922042616938876,0.9162162162162162,1.7610066138980511,1.0,2024-02,Q1 2024
MAA Research Park,2024-02-14,1.9239187644240618,0.9162162162162162,1.7627255706479918,1.0,2024-02,Q1 2024
MAA Research Park,2024-02-15,1.9090322821286096,0.9216216216216216,1.7594054275833944,1.0,2024-02,Q1 2024
MAA Research Park,2024-02-16,1.9090322821286096,0.9243243243243243,1.7645649742918499,1.0,2024-02,Q1 2024
MAA Research Park,2024-02-17,1.9090322821286096,0.9243243243243243,1.7645649742918499,1.0,2024-02,Q1 2024
MAA Research Park,2024-02-18,1.9090322821286096,0.9243243243243243,1.7645649742918499,1.0,2024-02,Q1 2024
MAA Research Park,2024-02-19,1.9087717996355296,0.9243243243243243,1.7643242039874354,1.0,2024-02,Q1 2024
MAA Research Park,2024-02-20,1.9087717996355296,0.9297297297297298,1.7746418893908709,1.0,2024-02,Q1 2024
MAA Research Park,2024-02-21,1.9188223196075638,0.927027027027027,1.7788001503389037,1.0,2024-02,Q1 2024
MAA Research Park,2024-02-22,1.9188223196075638,0.9324324324324325,1.789172162877323,1.0,2024-02,Q1 2024
MAA Research Park,2024-02-23,1.9188223196075638,0.9297297297297298,1.7839861566081134,1.0,2024-02,Q1 2024
MAA Research Park,2024-02-24,1.9188223196075638,0.9297297297297298,1.7839861566081134,1.0,2024-02,Q1 2024
MAA Research Park,2024-02-25,1.9188223196075638,0.9297297297297298,1.7839861566081134,1.0,2024-02,Q1 2024
MAA Research Park,2024-02-26,1.9188223196075638,0.9243243243243243,1.773614144069694,1.0,2024-02,Q1 2024
MAA Research Park,2024-02-27,1.9062151570175903,0.9243243243243243,1.76196103702707,1.0,2024-02,Q1 2024
MAA Research Park,2024-02-28,1.9062151570175903,0.927027027027027,1.7671129698838741,1.0,2024-02,Q1 2024
MAA Research Park,2024-02-29,1.9111906280716051,0.9216216216216216,1.7613946058713983,1.0,2024-02,Q1 2024
MAA Research Park,2024-03-01,1.9111906280716051,0.9162162162162162,1.7510638457196597,1.0,2024-03,Q1 2024
MAA Research Park,2024-03-02,1.9143012771206602,0.9162162162162162,1.7539138728213617,1.0,2024-03,Q1 2024
MAA Research Park,2024-03-03,1.9143012771206602,0.9189189189189189,1.7590876600568228,1.0,2024-03,Q1 2024
MAA Research Park,2024-03-04,1.9199198122156118,0.9189189189189189,1.7642506382521836,1.0,2024-03,Q1 2024
MAA Research Park,2024-03-05,1.9206713367367834,0.9216216216216216,1.770132231965522,1.0,2024-03,Q1 2024
MAA Research Park,2024-03-06,1.9206713367367834,0.9243243243243243,1.7753232355783242,1.0,2024-03,Q1 2024
MAA Research Park,2024-03-07,1.9204240124131549,0.9216216216216216,1.769904292521313,1.0,2024-03,Q1 2024
MAA Research Park,2024-03-08,1.9204240124131549,0.9243243243243243,1.7750946276899973,1.0,2024-03,Q1 2024
MAA Research Park,2024-03-09,1.929832675778983,0.9216216216216216,1.7785755201098195,1.0,2024-03,Q1 2024
MAA Research Park,2024-03-10,1.929832675778983,0.927027027027027,1.789007048087003,1.0,2024-03,Q1 2024
MAA Research Park,2024-03-11,1.929832675778983,0.927027027027027,1.789007048087003,1.0,2024-03,Q1 2024
MAA Research Park,2024-03-12,1.929832675778983,0.927027027027027,1.789007048087003,1.0,2024-03,Q1 2024
MAA Research Park,2024-03-13,1.9313144895898628,0.9243243243243243,1.7851609606479273,1.0,2024-03,Q1 2024
MAA Research Park,2024-03-14,1.9303351738435595,0.927027027027027,1.7894728773738942,1.0,2024-03,Q1 2024
MAA Research Park,2024-03-15,1.9301933710733707,0.9297297297297298,1.794558161214161,1.0,2024-03,Q1 2024
MAA Research Park,2024-03-16,1.9316056571627065,0.9297297297297298,1.7958712055783002,1.0,2024-03,Q1 2024
MAA Research Park,2024-03-17,1.93544181624507,0.9297297297297298,1.7994377967251463,1.0,2024-03,Q1 2024
MAA Research Park,2024-03-18,1.93544181624507,0.9324324324324325,1.8046687205528356,1.0,2024-03,Q1 2024
MAA Research Park,2024-03-19,1.9368179868549202,0.9324324324324325,1.8059519066620202,1.0,2024-03,Q1 2024
MAA Research Park,2024-03-20,1.9400656589723262,0.9324324324324325,1.8089801414741962,1.0,2024-03,Q1 2024
MAA Research Park,2024-03-21,1.9424487478524608,0.9324324324324325,1.8112022108354027,1.0,2024-03,Q1 2024
MAA Research Park,2024-03-22,1.9424487478524608,0.9351351351351351,1.8164520723160849,1.0,2024-03,Q1 2024
MAA Research Park,2024-03-23,1.9424487478524608,0.9324324324324325,1.8112022108354027,1.0,2024-03,Q1 2024
MAA Research Park,2024-03-24,1.9424487478524608,0.9324324324324325,1.8112022108354027,1.0,2024-03,Q1 2024
MAA Research Park,2024-03-25,1.9425744720222855,0.9324324324324325,1.811319440128888,1.0,2024-03,Q1 2024
MAA Research Park,2024-03-26,1.9425744720222855,0.9351351351351351,1.8165696414046237,1.0,2024-03,Q1 2024
MAA Research Park,2024-03-27,1.9461721468899509,0.9351351351351351,1.8199339535781702,1.0,2024-03,Q1 2024
MAA Research Park,2024-03-28,1.9452349440361925,0.9405405405405405,1.8295723257421486,1.0,2024-03,Q1 2024
MAA Research Park,2024-03-29,1.9452956348603119,0.9432432432432433,1.8348869636925644,1.0,2024-03,Q1 2024
MAA Research Park,2024-03-30,1.9381593054099886,0.9459459459459459,1.8333939375499892,1.0,2024-03,Q1 2024
MAA Research Park,2024-03-31,1.9381593054099886,0.9486486486486486,1.8386322059429892,1.0,2024-03,Q1 2024
MAA Research Park,2024-04-01,1.9290167499524702,0.9486486486486486,1.829959133063019,1.0,2024-04,Q2 2024
MAA Research Park,2024-04-02,1.925667159849738,0.9513513513513514,1.831986054775967,1.0,2024-04,Q2 2024
MAA Research Park,2024-04-03,1.925667159849738,0.9513513513513514,1.831986054775967,1.0,2024-04,Q2 2024
MAA Research Park,2024-04-04,1.9205348309223305,0.9486486486486486,1.8219127720371298,1.0,2024-04,Q2 2024
MAA Research Park,2024-04-05,1.9205348309223305,0.9540540540540541,1.8322940413934667,1.0,2024-04,Q2 2024
MAA Research Park,2024-04-06,1.9205348309223305,0.9540540540540541,1.8322940413934667,1.0,2024-04,Q2 2024
MAA Research Park,2024-04-07,1.9205348309223305,0.9540540540540541,1.8322940413934667,1.0,2024-04,Q2 2024
MAA Research Park,2024-04-08,1.9205348309223305,0.9540540540540541,1.8322940413934667,1.0,2024-04,Q2 2024
MAA Research Park,2024-04-09,1.9205348309223305,0.9540540540540541,1.8322940413934667,1.0,2024-04,Q2 2024
MAA Research Park,2024-04-10,1.9205348309223305,0.9540540540540541,1.8322940413934667,1.0,2024-04,Q2 2024
MAA Research Park,2024-04-11,1.9205348309223305,0.9405405405405405,1.8063408680026243,1.0,2024-04,Q2 2024
MAA Research Park,2024-04-12,1.9205348309223305,0.9405405405405405,1.8063408680026243,1.0,2024-04,Q2 2024
MAA Research Park,2024-04-13,1.9238308851571546,0.9405405405405405,1.8094409406342966,1.0,2024-04,Q2 2024
MAA Research Park,2024-04-14,1.9238308851571546,0.9432432432432433,1.814640483567154,1.0,2024-04,Q2 2024
MAA Research Park,2024-04-15,1.9238308851571546,0.9405405405405405,1.8094409406342966,1.0,2024-04,Q2 2024
MAA Research Park,2024-04-16,1.9243439036666292,0.9405405405405405,1.8099234553405052,1.0,2024-04,Q2 2024
MAA Research Park,2024-04-17,1.9243439036666292,0.9378378378378378,1.804722525871136,1.0,2024-04,Q2 2024
MAA Research Park,2024-04-18,1.9243439036666292,0.9351351351351351,1.7995215964017668,1.0,2024-04,Q2 2024
MAA Research Park,2024-04-19,1.9243439036666292,0.9351351351351351,1.7995215964017668,1.0,2024-04,Q2 2024
MAA Research Park,2024-04-20,1.918545939198294,0.9297297297297298,1.7837291975249003,1.0,2024-04,Q2 2024
MAA Research Park,2024-04-21,1.918545939198294,0.9351351351351351,1.7940997161151613,1.0,2024-04,Q2 2024
MAA Research Park,2024-04-22,1.918545939198294,0.9351351351351351,1.7940997161151613,1.0,2024-04,Q2 2024
MAA Research Park,2024-04-23,1.924116300644477,0.9351351351351351,1.7993087568188892,1.0,2024-04,Q2 2024
MAA Research Park,2024-04-24,1.924116300644477,0.9351351351351351,1.7993087568188892,1.0,2024-04,Q2 2024
MAA Research Park,2024-04-25,1.924116300644477,0.9324324324324325,1.7941084424928233,1.0,2024-04,Q2 2024
MAA Research Park,2024-04-26,1.924116300644477,0.9324324324324325,1.7941084424928233,1.0,2024-04,Q2 2024
MAA Research Park,2024-04-27,1.924116300644477,0.9297297297297298,1.7889081281667571,1.0,2024-04,Q2 2024
MAA Research Park,2024-04-28,1.924116300644477,0.9297297297297298,1.7889081281667571,1.0,2024-04,Q2 2024
MAA Research Park,2024-04-29,1.924116300644477,0.9243243243243243,1.7785074995146246,1.0,2024-04,Q2 2024
MAA Research Park,2024-04-30,1.924116300644477,0.9243243243243243,1.7785074995146246,1.0,2024-04,Q2 2024
MAA Research Park,2024-05-01,1.924116300644477,0.9189189189189189,1.7681068708624923,1.0,2024-05,Q2 2024
MAA Research Park,2024-05-02,1.924116300644477,0.9162162162162162,1.7629065565364261,1.0,2024-05,Q2 2024
MAA Research Park,2024-05-03,1.924116300644477,0.9135135135135135,1.75770624221036,1.0,2024-05,Q2 2024
MAA Research Park,2024-05-04,1.924116300644477,0.9108108108108108,1.752505927884294,1.0,2024-05,Q2 2024
MAA Research Park,2024-05-05,1.924116300644477,0.9108108108108108,1.752505927884294,1.0,2024-05,Q2 2024
MAA Research Park,2024-05-06,1.9350460540774523,0.9054054054054054,1.7520011570701257,1.0,2024-05,Q2 2024
MAA Research Park,2024-05-07,1.9410500427483115,0.9135135135135135,1.7731754444565657,1.0,2024-05,Q2 2024
MAA Research Park,2024-05-08,1.9410500427483115,0.9189189189189189,1.7836676068497996,1.0,2024-05,Q2 2024
MAA Research Park,2024-05-09,1.9410500427483115,0.9189189189189189,1.7836676068497996,1.0,2024-05,Q2 2024
MAA Research Park,2024-05-10,1.9410500427483115,0.9189189189189189,1.7836676068497996,1.0,2024-05,Q2 2024
MAA Research Park,2024-05-11,1.9410500427483115,0.9189189189189189,1.7836676068497996,1.0,2024-05,Q2 2024
MAA Research Park,2024-05-12,1.9412636993734944,0.9189189189189189,1.7838639399648326,1.0,2024-05,Q2 2024
MAA Research Park,2024-05-13,1.9412636993734944,0.9216216216216216,1.7891105986117881,1.0,2024-05,Q2 2024
MAA Research Park,2024-05-14,1.9432912058210596,0.9216216216216216,1.7909791923918414,1.0,2024-05,Q2 2024
MAA Research Park,2024-05-15,1.9397253771499607,0.927027027027027,1.7981778496282068,1.0,2024-05,Q2 2024
MAA Research Park,2024-05-16,1.9409714028494722,0.927027027027027,1.799332949128024,1.0,2024-05,Q2 2024
MAA Research Park,2024-05-17,1.9409714028494722,0.9297297297297298,1.8045788177843742,1.0,2024-05,Q2 2024
MAA Research Park,2024-05-18,1.9409714028494722,0.927027027027027,1.799332949128024,1.0,2024-05,Q2 2024
MAA Research Park,2024-05-19,1.9412200747662023,0.927027027027027,1.7995634747156957,1.0,2024-05,Q2 2024
MAA Research Park,2024-05-20,1.9412200747662023,0.9297297297297298,1.804810015458307,1.0,2024-05,Q2 2024
MAA Research Park,2024-05-21,1.9412200747662023,0.927027027027027,1.7995634747156957,1.0,2024-05,Q2 2024
MAA Research Park,2024-05-22,1.9358451716255434,0.9216216216216216,1.7841167662819197,1.0,2024-05,Q2 2024
MAA Research Park,2024-05-23,1.931476954468917,0.9243243243243243,1.7853111308874854,1.0,2024-05,Q2 2024
MAA Research Park,2024-05-24,1.9191799196786465,0.9297297297297298,1.7843186280255525,1.0,2024-05,Q2 2024
MAA Research Park,2024-05-25,1.9191799196786465,0.9351351351351351,1.794692573537329,1.0,2024-05,Q2 2024
MAA Research Park,2024-05-26,1.919025131699481,0.9351351351351351,1.7945478258595147,1.0,2024-05,Q2 2024
MAA Research Park,2024-05-27,1.919025131699481,0.9378378378378378,1.7997343802695134,1.0,2024-05,Q2 2024
MAA Research Park,2024-05-28,1.919025131699481,0.9378378378378378,1.7997343802695134,1.0,2024-05,Q2 2024
MAA Research Park,2024-05-29,1.9252802156514834,0.9216216216216216,1.7743798744247457,1.0,2024-05,Q2 2024
MAA Research Park,2024-05-30,1.9252802156514834,0.927027027027027,1.784786794509348,1.0,2024-05,Q2 2024
MAA Research Park,2024-05-31,1.9252802156514834,0.9243243243243243,1.7795833344670469,1.0,2024-05,Q2 2024
MAA Research Park,2024-06-01,1.9252802156514834,0.9216216216216216,1.7743798744247457,1.0,2024-06,Q2 2024
MAA Research Park,2024-06-02,1.9278498612110246,0.9216216216216216,1.7767481153323228,1.0,2024-06,Q2 2024
MAA Research Park,2024-06-03,1.9278498612110246,0.927027027027027,1.7871689253929228,1.0,2024-06,Q2 2024
MAA Research Park,2024-06-04,1.9278498612110246,0.927027027027027,1.7871689253929228,1.0,2024-06,Q2 2024
MAA Research Park,2024-06-05,1.9322173209938818,0.9189189189189189,1.7755510517241075,1.0,2024-06,Q2 2024
MAA Research Park,2024-06-06,1.9337504479894756,0.9243243243243243,1.7874125762497315,1.0,2024-06,Q2 2024
MAA Research Park,2024-06-07,1.935489472160879,0.9243243243243243,1.7890199985919477,1.0,2024-06,Q2 2024
MAA Research Park,2024-06-08,1.932122614398016,0.9216216216216216,1.7806859770533066,1.0,2024-06,Q2 2024
MAA Research Park,2024-06-09,1.9344681868939655,0.9135135135135135,1.7671628301896225,1.0,2024-06,Q2 2024
MAA Research Park,2024-06-10,1.9344681868939655,0.9162162162162162,1.7723911225866331,1.0,2024-06,Q2 2024
MAA Research Park,2024-06-11,1.9344681868939655,0.9162162162162162,1.7723911225866331,1.0,2024-06,Q2 2024
MAA Research Park,2024-06-12,1.9349801859577387,0.9162162162162162,1.7728602244315497,1.0,2024-06,Q2 2024
MAA Research Park,2024-06-13,1.9349801859577387,0.9189189189189189,1.7780899006098139,1.0,2024-06,Q2 2024
MAA Research Park,2024-06-14,1.9276439176853453,0.9189189189189189,1.7713484649000468,1.0,2024-06,Q2 2024
MAA Research Park,2024-06-15,1.9276439176853453,0.9243243243243243,1.7817681617524002,1.0,2024-06,Q2 2024
MAA Research Park,2024-06-16,1.9276439176853453,0.9243243243243243,1.7817681617524002,1.0,2024-06,Q2 2024
MAA Research Park,2024-06-17,1.9276439176853453,0.9162162162162162,1.7661386164738704,1.0,2024-06,Q2 2024
MAA Research Park,2024-06-18,1.9296929215646856,0.9054054054054054,1.7471544019572154,1.0,2024-06,Q2 2024
MAA Research Park,2024-06-19,1.9377389903124618,0.9054054054054054,1.7544393560937153,1.0,2024-06,Q2 2024
MAA Research Park,2024-06-20,1.932223461615093,0.9054054054054054,1.749445566597449,1.0,2024-06,Q2 2024
MAA Research Park,2024-06-21,1.9283120750021085,0.9108108108108108,1.7563274845289476,1.0,2024-06,Q2 2024
MAA Research Park,2024-06-22,1.9327957729941292,0.9135135135135135,1.7656350574919342,1.0,2024-06,Q2 2024
MAA Research Park,2024-06-23,1.9327957729941292,0.9189189189189189,1.7760826022108214,1.0,2024-06,Q2 2024
MAA Research Park,2024-06-24,1.925967064088939,0.9189189189189189,1.769807572406052,1.0,2024-06,Q2 2024
MAA Research Park,2024-06-25,1.9313455705347269,0.9216216216216216,1.779969836627951,1.0,2024-06,Q2 2024
MAA Research Park,2024-06-26,1.9313455705347269,0.9243243243243243,1.785189689521288,1.0,2024-06,Q2 2024
MAA Research Park,2024-06-27,1.9313455705347269,0.9243243243243243,1.785189689521288,1.0,2024-06,Q2 2024
MAA Research Park,2024-06-28,1.9313455705347269,0.9216216216216216,1.779969836627951,1.0,2024-06,Q2 2024
MAA Research Park,2024-06-29,1.92968672364175,0.9216216216216216,1.7784410074644237,1.0,2024-06,Q2 2024
MAA Research Park,2024-06-30,1.9301505119465336,0.927027027027027,1.7893016908044892,1.0,2024-06,Q2 2024
MAA Research Park,2024-07-01,1.9301505119465336,0.9297297297297298,1.7945183138097502,1.0,2024-07,Q3 2024
MAA Research Park,2024-07-02,1.9301505119465336,0.9297297297297298,1.7945183138097502,1.0,2024-07,Q3 2024
MAA Research Park,2024-07-03,1.9323574173346028,0.9297297297297298,1.7965701393597389,1.0,2024-07,Q3 2024
MAA Research Park,2024-07-04,1.9323574173346028,0.9324324324324325,1.8017927269741567,1.0,2024-07,Q3 2024
MAA Research Park,2024-07-05,1.9358898841569134,0.9324324324324325,1.8050865136057708,1.0,2024-07,Q3 2024
MAA Research Park,2024-07-06,1.9300616424430879,0.9351351351351351,1.804868454825158,1.0,2024-07,Q3 2024
MAA Research Park,2024-07-07,1.9300616424430879,0.9297297297297298,1.7944356891903304,1.0,2024-07,Q3 2024
MAA Research Park,2024-07-08,1.9300616424430879,0.927027027027027,1.7892193063729165,1.0,2024-07,Q3 2024
MAA Research Park,2024-07-09,1.9300616424430879,0.927027027027027,1.7892193063729165,1.0,2024-07,Q3 2024
MAA Research Park,2024-07-10,1.9321185761395998,0.927027027027027,1.7911261395023856,1.0,2024-07,Q3 2024
MAA Research Park,2024-07-11,1.9340092951236423,0.927027027027027,1.792878887101106,1.0,2024-07,Q3 2024
MAA Research Park,2024-07-12,1.9377512284460674,0.9324324324324325,1.8068220913889008,1.0,2024-07,Q3 2024
MAA Research Park,2024-07-13,1.9407256316320247,0.9351351351351351,1.8148407257964339,1.0,2024-07,Q3 2024
MAA Research Park,2024-07-14,1.9434633609583067,0.9378378378378378,1.8226534763581956,1.0,2024-07,Q3 2024
MAA Research Park,2024-07-15,1.9434633609583067,0.9405405405405405,1.8279060800364613,1.0,2024-07,Q3 2024
MAA Research Park,2024-07-16,1.9434633609583067,0.9351351351351351,1.81740087267993,1.0,2024-07,Q3 2024
MAA Research Park,2024-07-17,1.9373168868175723,0.9351351351351351,1.8116530887537299,1.0,2024-07,Q3 2024
MAA Research Park,2024-07-18,1.9373168868175723,0.9351351351351351,1.8116530887537299,1.0,2024-07,Q3 2024
MAA Research Park,2024-07-19,1.9394148476459756,0.9351351351351351,1.8136149656365068,1.0,2024-07,Q3 2024
MAA Research Park,2024-07-20,1.9392624498351394,0.9378378378378378,1.8187137029534954,1.0,2024-07,Q3 2024
MAA Research Park,2024-07-21,1.9392624498351394,0.9405405405405405,1.8239549528179149,1.0,2024-07,Q3 2024
MAA Research Park,2024-07-22,1.9392624498351394,0.9405405405405405,1.8239549528179149,1.0,2024-07,Q3 2024
MAA Research Park,2024-07-23,1.934615494047207,0.9405405405405405,1.8195843025092648,1.0,2024-07,Q3 2024
MAA Research Park,2024-07-24,1.934615494047207,0.9405405405405405,1.8195843025092648,1.0,2024-07,Q3 2024
MAA Research Park,2024-07-25,1.934615494047207,0.9405405405405405,1.8195843025092648,1.0,2024-07,Q3 2024
MAA Research Park,2024-07-26,1.934615494047207,0.9405405405405405,1.8195843025092648,1.0,2024-07,Q3 2024
MAA Research Park,2024-07-27,1.9371963639455891,0.9378378378378378,1.8167760494300524,1.0,2024-07,Q3 2024
MAA Research Park,2024-07-28,1.9371963639455891,0.9405405405405405,1.822011715278554,1.0,2024-07,Q3 2024
MAA Research Park,2024-07-29,1.9371963639455891,0.9405405405405405,1.822011715278554,1.0,2024-07,Q3 2024
MAA Research Park,2024-07-30,1.9371963639455891,0.9405405405405405,1.822011715278554,1.0,2024-07,Q3 2024
MAA Research Park,2024-07-31,1.9371963639455891,0.9405405405405405,1.822011715278554,1.0,2024-07,Q3 2024
MAA Research Park,2024-08-01,1.9371963639455891,0.9378378378378378,1.8167760494300524,1.0,2024-08,Q3 2024
MAA Research Park,2024-08-02,1.9371963639455891,0.9378378378378378,1.8167760494300524,1.0,2024-08,Q3 2024
MAA Research Park,2024-08-03,1.9371963639455891,0.9324324324324325,1.8063047177330493,1.0,2024-08,Q3 2024
MAA Research Park,2024-08-04,1.9371963639455891,0.9297297297297298,1.8010690518845478,1.0,2024-08,Q3 2024
MAA Research Park,2024-08-05,1.9371963639455891,0.9297297297297298,1.8010690518845478,1.0,2024-08,Q3 2024
MAA Research Park,2024-08-06,1.9383702162451868,0.927027027027027,1.796921578843511,1.0,2024-08,Q3 2024
MAA Research Park,2024-08-07,1.9425330687230957,0.9297297297297298,1.8060307449749864,1.0,2024-08,Q3 2024
MAA Research Park,2024-08-08,1.9425330687230957,0.9297297297297298,1.8060307449749864,1.0,2024-08,Q3 2024
MAA Research Park,2024-08-09,1.9425330687230957,0.927027027027027,1.800780655600059,1.0,2024-08,Q3 2024
MAA Research Park,2024-08-10,1.9437961631099072,0.927027027027027,1.8019515782343194,1.0,2024-08,Q3 2024
MAA Research Park,2024-08-11,1.9437961631099072,0.9297297297297298,1.8072050813778597,1.0,2024-08,Q3 2024
MAA Research Park,2024-08-12,1.9437961631099072,0.9297297297297298,1.8072050813778597,1.0,2024-08,Q3 2024
MAA Research Park,2024-08-13,1.9437961631099072,0.927027027027027,1.8019515782343194,1.0,2024-08,Q3 2024
MAA Research Park,2024-08-14,1.9437961631099072,0.927027027027027,1.8019515782343194,1.0,2024-08,Q3 2024
MAA Research Park,2024-08-15,1.946439935552302,0.927027027027027,1.8044024267417287,1.0,2024-08,Q3 2024
MAA Research Park,2024-08-16,1.946439935552302,0.9297297297297298,1.8096630752161944,1.0,2024-08,Q3 2024
MAA Research Park,2024-08-17,1.9480544847689485,0.9297297297297298,1.8111641696230225,1.0,2024-08,Q3 2024
MAA Research Park,2024-08-18,1.9480544847689485,0.9324324324324325,1.8164291817440197,1.0,2024-08,Q3 2024
MAA Research Park,2024-08-19,1.9480544847689485,0.9297297297297298,1.8111641696230225,1.0,2024-08,Q3 2024
MAA Research Park,2024-08-20,1.9480544847689485,0.9297297297297298,1.8111641696230225,1.0,2024-08,Q3 2024
MAA Research Park,2024-08-21,1.9480544847689485,0.9297297297297298,1.8111641696230225,1.0,2024-08,Q3 2024
MAA Research Park,2024-08-22,1.9480544847689485,0.9297297297297298,1.8111641696230225,1.0,2024-08,Q3 2024
MAA Research Park,2024-08-23,1.9480544847689485,0.9243243243243243,1.800634145381028,1.0,2024-08,Q3 2024
MAA Research Park,2024-08-24,1.9489244607085443,0.9243243243243243,1.8014382853035733,1.0,2024-08,Q3 2024
MAA Research Park,2024-08-25,1.9489244607085443,0.927027027027027,1.8067056487108937,1.0,2024-08,Q3 2024
MAA Research Park,2024-08-26,1.9489244607085443,0.927027027027027,1.8067056487108937,1.0,2024-08,Q3 2024
MAA Research Park,2024-08-27,1.9489244607085443,0.927027027027027,1.8067056487108937,1.0,2024-08,Q3 2024
MAA Research Park,2024-08-28,1.9489244607085443,0.927027027027027,1.8067056487108937,1.0,2024-08,Q3 2024
MAA Research Park,2024-08-29,1.9411861598380953,0.927027027027027,1.7995320346607206,1.0,2024-08,Q3 2024
MAA Research Park,2024-08-30,1.9411861598380953,0.9297297297297298,1.8047784837413643,1.0,2024-08,Q3 2024
MAA Research Park,2024-08-31,1.9411861598380953,0.9297297297297298,1.8047784837413643,1.0,2024-08,Q3 2024
MAA Research Park,2024-09-01,1.9411861598380953,0.9297297297297298,1.8047784837413643,1.0,2024-09,Q3 2024
MAA Research Park,2024-09-02,1.9411861598380953,0.9297297297297298,1.8047784837413643,1.0,2024-09,Q3 2024
MAA Research Park,2024-09-03,1.9401431876853996,0.9297297297297298,1.803808801523723,1.0,2024-09,Q3 2024
MAA Research Park,2024-09-04,1.9394996516762897,0.9297297297297298,1.8032104869639018,1.0,2024-09,Q3 2024
MAA Research Park,2024-09-05,1.9394996516762897,0.9297297297297298,1.8032104869639018,1.0,2024-09,Q3 2024
MAA Research Park,2024-09-06,1.9394996516762897,0.9297297297297298,1.8032104869639018,1.0,2024-09,Q3 2024
MAA Research Park,2024-09-07,1.9403131032692529,0.927027027027027,1.7987226876252802,1.0,2024-09,Q3 2024
MAA Research Park,2024-09-08,1.9403131032692529,0.9297297297297298,1.8039667770935757,1.0,2024-09,Q3 2024
MAA Research Park,2024-09-09,1.9403131032692529,0.9297297297297298,1.8039667770935757,1.0,2024-09,Q3 2024
MAA Research Park,2024-09-10,1.9403131032692529,0.9297297297297298,1.8039667770935757,1.0,2024-09,Q3 2024
MAA Research Park,2024-09-11,1.9403131032692529,0.9297297297297298,1.8039667770935757,1.0,2024-09,Q3 2024
MAA Research Park,2024-09-12,1.9398574018740928,0.9297297297297298,1.8035430979586162,1.0,2024-09,Q3 2024
MAA Research Park,2024-09-13,1.9398574018740928,0.9324324324324325,1.8087859558015191,1.0,2024-09,Q3 2024
MAA Research Park,2024-09-14,1.9398574018740928,0.9297297297297298,1.8035430979586162,1.0,2024-09,Q3 2024
MAA Research Park,2024-09-15,1.939840765947752,0.9297297297297298,1.8035276310433155,1.0,2024-09,Q3 2024
MAA Research Park,2024-09-16,1.939840765947752,0.9324324324324325,1.8087704439242551,1.0,2024-09,Q3 2024
MAA Research Park,2024-09-17,1.939840765947752,0.9324324324324325,1.8087704439242551,1.0,2024-09,Q3 2024
MAA Research Park,2024-09-18,1.939840765947752,0.9297297297297298,1.8035276310433155,1.0,2024-09,Q3 2024
MAA Research Park,2024-09-19,1.939840765947752,0.9297297297297298,1.8035276310433155,1.0,2024-09,Q3 2024
MAA Research Park,2024-09-20,1.939840765947752,0.927027027027027,1.7982848181623754,1.0,2024-09,Q3 2024
MAA Research Park,2024-09-21,1.939840765947752,0.9243243243243243,1.7930420052814355,1.0,2024-09,Q3 2024
MAA Research Park,2024-09-22,1.939840765947752,0.9243243243243243,1.7930420052814355,1.0,2024-09,Q3 2024
MAA Research Park,2024-09-23,1.939840765947752,0.9243243243243243,1.7930420052814355,1.0,2024-09,Q3 2024
MAA Research Park,2024-09-24,1.939840765947752,0.9216216216216216,1.7877991924004957,1.0,2024-09,Q3 2024
MAA Research Park,2024-09-25,1.939840765947752,0.9216216216216216,1.7877991924004957,1.0,2024-09,Q3 2024
MAA Research Park,2024-09-26,1.939840765947752,0.9216216216216216,1.7877991924004957,1.0,2024-09,Q3 2024
MAA Research Park,2024-09-27,1.939840765947752,0.9216216216216216,1.7877991924004957,1.0,2024-09,Q3 2024
MAA Research Park,2024-09-28,1.939840765947752,0.9216216216216216,1.7877991924004957,1.0,2024-09,Q3 2024
MAA Research Park,2024-09-29,1.9417110311912553,0.9216216216216216,1.789522869287076,1.0,2024-09,Q3 2024
MAA Research Park,2024-09-30,1.941879406871072,0.9243243243243243,1.7949263706754233,1.0,2024-09,Q3 2024
MAA Research Park,2024-10-01,1.943949936867403,0.927027027027027,1.8020941306635654,1.0,2024-10,Q4 2024
MAA Research Park,2024-10-02,1.943949936867403,0.9297297297297298,1.807348049411856,1.0,2024-10,Q4 2024
MAA Research Park,2024-10-03,1.945323017855522,0.9297297297297298,1.8086246436278368,1.0,2024-10,Q4 2024
MAA Research Park,2024-10-04,1.945323017855522,0.9297297297297298,1.8086246436278368,1.0,2024-10,Q4 2024
MAA Research Park,2024-10-05,1.945323017855522,0.927027027027027,1.8033670138498488,1.0,2024-10,Q4 2024
MAA Research Park,2024-10-06,1.945323017855522,0.927027027027027,1.8033670138498488,1.0,2024-10,Q4 2024
MAA Research Park,2024-10-07,1.945323017855522,0.927027027027027,1.8033670138498488,1.0,2024-10,Q4 2024
MAA Research Park,2024-10-08,1.9466017489454024,0.9243243243243243,1.799291346322507,1.0,2024-10,Q4 2024
MAA Research Park,2024-10-09,1.9420825251936655,0.9324324324324325,1.8108607329508504,1.0,2024-10,Q4 2024
MAA Research Park,2024-10-10,1.9420825251936655,0.9378378378378378,1.8213584763302755,1.0,2024-10,Q4 2024
MAA Research Park,2024-10-11,1.9420825251936655,0.9351351351351351,1.816109604640563,1.0,2024-10,Q4 2024
MAA Research Park,2024-10-12,1.942762245733629,0.9351351351351351,1.8167452351995559,1.0,2024-10,Q4 2024
MAA Research Park,2024-10-13,1.942762245733629,0.9378378378378378,1.8219959439718088,1.0,2024-10,Q4 2024
MAA Research Park,2024-10-14,1.942762245733629,0.9378378378378378,1.8219959439718088,1.0,2024-10,Q4 2024
MAA Research Park,2024-10-15,1.942762245733629,0.9351351351351351,1.8167452351995559,1.0,2024-10,Q4 2024
MAA Research Park,2024-10-16,1.944416974916755,0.9351351351351351,1.8182926305978304,1.0,2024-10,Q4 2024
MAA Research Park,2024-10-17,1.944416974916755,0.9378378378378378,1.8235478116111188,1.0,2024-10,Q4 2024
MAA Research Park,2024-10-18,1.937950008651018,0.9378378378378378,1.8174828459510897,1.0,2024-10,Q4 2024
MAA Research Park,2024-10-19,1.937950008651018,0.9405405405405405,1.8227205486771736,1.0,2024-10,Q4 2024
MAA Research Park,2024-10-20,1.937950008651018,0.9405405405405405,1.8227205486771736,1.0,2024-10,Q4 2024
MAA Research Park,2024-10-21,1.937950008651018,0.9405405405405405,1.8227205486771736,1.0,2024-10,Q4 2024
MAA Research Park,2024-10-22,1.938135359623654,0.9405405405405405,1.8228948787811663,1.0,2024-10,Q4 2024
MAA Research Park,2024-10-23,1.938135359623654,0.9432432432432433,1.8281330824558248,1.0,2024-10,Q4 2024
MAA Research Park,2024-10-24,1.938135359623654,0.9432432432432433,1.8281330824558248,1.0,2024-10,Q4 2024
MAA Research Park,2024-10-25,1.938135359623654,0.9432432432432433,1.8281330824558248,1.0,2024-10,Q4 2024
MAA Research Park,2024-10-26,1.938135359623654,0.9432432432432433,1.8281330824558248,1.0,2024-10,Q4 2024
MAA Research Park,2024-10-27,1.938135359623654,0.9432432432432433,1.8281330824558248,1.0,2024-10,Q4 2024
MAA Research Park,2024-10-28,1.938135359623654,0.9432432432432433,1.8281330824558248,1.0,2024-10,Q4 2024
MAA Research Park,2024-10-29,1.938135359623654,0.9405405405405405,1.8228948787811663,1.0,2024-10,Q4 2024
MAA Research Park,2024-10-30,1.938135359623654,0.9405405405405405,1.8228948787811663,1.0,2024-10,Q4 2024
MAA Research Park,2024-10-31,1.9383175909931762,0.9378378378378378,1.8178275785800868,1.0,2024-10,Q4 2024
MAA Research Park,2024-11-01,1.9383175909931762,0.9405405405405405,1.8230662747719601,1.0,2024-11,Q4 2024
MAA Research Park,2024-11-02,1.9383175909931762,0.9378378378378378,1.8178275785800868,1.0,2024-11,Q4 2024
MAA Research Park,2024-11-03,1.9383175909931762,0.9378378378378378,1.8178275785800868,1.0,2024-11,Q4 2024
MAA Research Park,2024-11-04,1.9383175909931762,0.9378378378378378,1.8178275785800868,1.0,2024-11,Q4 2024
MAA Research Park,2024-11-05,1.9383175909931762,0.9378378378378378,1.8178275785800868,1.0,2024-11,Q4 2024
MAA Research Park,2024-11-06,1.9383175909931762,0.9351351351351351,1.8125888823882135,1.0,2024-11,Q4 2024
MAA Research Park,2024-11-07,1.9383175909931762,0.9351351351351351,1.8125888823882135,1.0,2024-11,Q4 2024
MAA Research Park,2024-11-08,1.9383175909931762,0.9351351351351351,1.8125888823882135,1.0,2024-11,Q4 2024
MAA Research Park,2024-11-09,1.9378916639438624,0.9351351351351351,1.8121905830393956,1.0,2024-11,Q4 2024
MAA Research Park,2024-11-10,1.9378916639438624,0.9378378378378378,1.8174281280770817,1.0,2024-11,Q4 2024
MAA Research Park,2024-11-11,1.9397068958915646,0.9378378378378378,1.819130521282089,1.0,2024-11,Q4 2024
MAA Research Park,2024-11-12,1.9398000508032802,0.9405405405405405,1.824460588323085,1.0,2024-11,Q4 2024
MAA Research Park,2024-11-13,1.94185116241263,0.9351351351351351,1.815893249175054,1.0,2024-11,Q4 2024
MAA Research Park,2024-11-14,1.94185116241263,0.9378378378378378,1.821141495559953,1.0,2024-11,Q4 2024
MAA Research Park,2024-11-15,1.942352378521188,0.9378378378378378,1.8216115549914924,1.0,2024-11,Q4 2024
MAA Research Park,2024-11-16,1.942352378521188,0.9405405405405405,1.8268611560145227,1.0,2024-11,Q4 2024
MAA Research Park,2024-11-17,1.9419220754964683,0.9378378378378378,1.8212080005331743,1.0,2024-11,Q4 2024
MAA Research Park,2024-11-18,1.943844788229701,0.9405405405405405,1.8282648278484754,1.0,2024-11,Q4 2024
MAA Research Park,2024-11-19,1.943844788229701,0.9378378378378378,1.8230111932856925,1.0,2024-11,Q4 2024
MAA Research Park,2024-11-20,1.943844788229701,0.9324324324324325,1.8125039241601266,1.0,2024-11,Q4 2024
MAA Research Park,2024-11-21,1.943844788229701,0.9324324324324325,1.8125039241601266,1.0,2024-11,Q4 2024
MAA Research Park,2024-11-22,1.943844788229701,0.927027027027027,1.8019966550345605,1.0,2024-11,Q4 2024
MAA Research Park,2024-11-23,1.9398884194826922,0.927027027027027,1.7983289942771983,1.0,2024-11,Q4 2024
MAA Research Park,2024-11-24,1.9398884194826922,0.9297297297297298,1.8035719359514761,1.0,2024-11,Q4 2024
MAA Research Park,2024-11-25,1.9398884194826922,0.9297297297297298,1.8035719359514761,1.0,2024-11,Q4 2024
MAA Research Park,2024-11-26,1.9398884194826922,0.9243243243243243,1.7930860526029209,1.0,2024-11,Q4 2024
MAA Research Park,2024-11-27,1.9398884194826922,0.9243243243243243,1.7930860526029209,1.0,2024-11,Q4 2024
MAA Research Park,2024-11-28,1.9400692709313123,0.9216216216216216,1.7880097875339933,1.0,2024-11,Q4 2024
MAA Research Park,2024-11-29,1.9407171546950825,0.9243243243243243,1.7938520727181573,1.0,2024-11,Q4 2024
MAA Research Park,2024-11-30,1.9407171546950825,0.927027027027027,1.7990972542173331,1.0,2024-11,Q4 2024
MAA Research Park,2024-12-01,1.9407171546950825,0.927027027027027,1.7990972542173331,1.0,2024-12,Q4 2024
MAA Research Park,2024-12-02,1.9407171546950825,0.927027027027027,1.7990972542173331,1.0,2024-12,Q4 2024
MAA Research Park,2024-12-03,1.9407171546950825,0.927027027027027,1.7990972542173331,1.0,2024-12,Q4 2024
MAA Research Park,2024-12-04,1.9407171546950825,0.927027027027027,1.7990972542173331,1.0,2024-12,Q4 2024
MAA Research Park,2024-12-05,1.9407943660276472,0.9243243243243243,1.7939234410309604,1.0,2024-12,Q4 2024
MAA Research Park,2024-12-06,1.9407943660276472,0.927027027027027,1.7991688312094134,1.0,2024-12,Q4 2024
MAA Research Park,2024-12-07,1.9407943660276472,0.927027027027027,1.7991688312094134,1.0,2024-12,Q4 2024
MAA Research Park,2024-12-08,1.9414421093134961,0.927027027027027,1.7997693067419707,1.0,2024-12,Q4 2024
MAA Research Park,2024-12-09,1.9414421093134961,0.9324324324324325,1.8102635884139355,1.0,2024-12,Q4 2024
MAA Research Park,2024-12-10,1.9414421093134961,0.9324324324324325,1.8102635884139355,1.0,2024-12,Q4 2024
MAA Research Park,2024-12-11,1.9414421093134961,0.9324324324324325,1.8102635884139355,1.0,2024-12,Q4 2024
MAA Research Park,2024-12-12,1.942111903548867,0.9297297297297298,1.8056391751913792,1.0,2024-12,Q4 2024
MAA Research Park,2024-12-13,1.942111903548867,0.9324324324324325,1.8108881262820518,1.0,2024-12,Q4 2024
MAA Research Park,2024-12-14,1.942111903548867,0.9324324324324325,1.8108881262820518,1.0,2024-12,Q4 2024
MAA Research Park,2024-12-15,1.942111903548867,0.9297297297297298,1.8056391751913792,1.0,2024-12,Q4 2024
MAA Research Park,2024-12-16,1.942111903548867,0.9297297297297298,1.8056391751913792,1.0,2024-12,Q4 2024
MAA Research Park,2024-12-17,1.9413728938247885,0.9297297297297298,1.804952095880344,1.0,2024-12,Q4 2024
MAA Research Park,2024-12-18,1.9413728938247885,0.9297297297297298,1.804952095880344,1.0,2024-12,Q4 2024
MAA Research Park,2024-12-19,1.9413728938247885,0.9297297297297298,1.804952095880344,1.0,2024-12,Q4 2024
MAA Research Park,2024-12-20,1.9413728938247885,0.9297297297297298,1.804952095880344,1.0,2024-12,Q4 2024
MAA Research Park,2024-12-21,1.9414133716657005,0.9297297297297298,1.804989729332435,1.0,2024-12,Q4 2024
MAA Research Park,2024-12-22,1.9414133716657005,0.9324324324324325,1.8102367924990992,1.0,2024-12,Q4 2024
MAA Research Park,2024-12-23,1.9414133716657005,0.9324324324324325,1.8102367924990992,1.0,2024-12,Q4 2024
MAA Research Park,2024-12-24,1.9414133716657005,0.9324324324324325,1.8102367924990992,1.0,2024-12,Q4 2024
MAA Research Park,2024-12-25,1.9414133716657005,0.9324324324324325,1.8102367924990992,1.0,2024-12,Q4 2024
MAA Research Park,2024-12-26,1.9414133716657005,0.9297297297297298,1.804989729332435,1.0,2024-12,Q4 2024
MAA Research Park,2024-12-27,1.9406189940378031,0.9297297297297298,1.8042511728351467,1.0,2024-12,Q4 2024
MAA Research Park,2024-12-28,1.9406189940378031,0.927027027027027,1.7990062566350444,1.0,2024-12,Q4 2024
MAA Research Park,2024-12-29,1.9402696124452459,0.9243243243243243,1.7934383985304705,1.0,2024-12,Q4 2024
MAA Research Park,2024-12-30,1.9402696124452459,0.927027027027027,1.7986823704559982,1.0,2024-12,Q4 2024
MAA Research Park,2024-12-31,1.9402696124452459,0.927027027027027,1.7986823704559982,1.0,2024-12,Q4 2024
MAA Research Park,2025-01-01,1.9413305771581542,0.927027027027027,1.799665913419586,1.0,2025-01,Q1 2025
MAA Research Park,2025-01-02,1.9413305771581542,0.9297297297297298,1.804912752817311,1.0,2025-01,Q1 2025
MAA Research Park,2025-01-03,1.9413305771581542,0.9297297297297298,1.804912752817311,1.0,2025-01,Q1 2025
MAA Research Park,2025-01-04,1.9413305771581542,0.9297297297297298,1.804912752817311,1.0,2025-01,Q1 2025
MAA Research Park,2025-01-05,1.9378310891090198,0.9297297297297298,1.8016591747391968,1.0,2025-01,Q1 2025
MAA Research Park,2025-01-06,1.9374157681901962,0.9324324324324325,1.8065092973665344,1.0,2025-01,Q1 2025
MAA Research Park,2025-01-07,1.9344124567880563,0.927027027027027,1.7932526288602793,1.0,2025-01,Q1 2025
MAA Research Park,2025-01-08,1.9343876634406072,0.9297297297297298,1.7984577195231592,1.0,2025-01,Q1 2025
MAA Research Park,2025-01-09,1.9343876634406072,0.9324324324324325,1.8036857942892148,1.0,2025-01,Q1 2025
MAA Research Park,2025-01-10,1.9343876634406072,0.9324324324324325,1.8036857942892148,1.0,2025-01,Q1 2025
MAA Research Park,2025-01-11,1.9358490024929327,0.9324324324324325,1.8050483942163833,1.0,2025-01,Q1 2025
MAA Research Park,2025-01-12,1.9358490024929327,0.9324324324324325,1.8050483942163833,1.0,2025-01,Q1 2025
MAA Research Park,2025-01-13,1.9358687734464364,0.9324324324324325,1.8050668292946501,1.0,2025-01,Q1 2025
MAA Research Park,2025-01-14,1.9357842509994463,0.9351351351351351,1.8102198671508336,1.0,2025-01,Q1 2025
MAA Research Park,2025-01-15,1.93605283685942,0.9378378378378378,1.8157036064600507,1.0,2025-01,Q1 2025
MAA Research Park,2025-01-16,1.93605283685942,0.9378378378378378,1.8157036064600507,1.0,2025-01,Q1 2025
MAA Research Park,2025-01-17,1.93605283685942,0.9378378378378378,1.8157036064600507,1.0,2025-01,Q1 2025
MAA Research Park,2025-01-18,1.93605283685942,0.9324324324324325,1.8052384559905403,1.0,2025-01,Q1 2025
MAA Research Park,2025-01-19,1.93605283685942,0.9324324324324325,1.8052384559905403,1.0,2025-01,Q1 2025
MAA Research Park,2025-01-20,1.93605283685942,0.9324324324324325,1.8052384559905403,1.0,2025-01,Q1 2025
MAA Research Park,2025-01-21,1.93605283685942,0.9324324324324325,1.8052384559905403,1.0,2025-01,Q1 2025
MAA Research Park,2025-01-22,1.93605283685942,0.9297297297297298,1.8000058807557853,1.0,2025-01,Q1 2025
MAA Research Park,2025-01-23,1.93605283685942,0.9297297297297298,1.8000058807557853,1.0,2025-01,Q1 2025
MAA Research Park,2025-01-24,1.93605283685942,0.927027027027027,1.79477330552103,1.0,2025-01,Q1 2025
MAA Research Park,2025-01-25,1.93605283685942,0.9243243243243243,1.7895407302862747,1.0,2025-01,Q1 2025
MAA Research Park,2025-01-26,1.93605283685942,0.9243243243243243,1.7895407302862747,1.0,2025-01,Q1 2025
MAA Research Park,2025-01-27,1.93605283685942,0.9243243243243243,1.7895407302862747,1.0,2025-01,Q1 2025
MAA Research Park,2025-01-28,1.9389765766570086,0.9243243243243243,1.7922432140991809,1.0,2025-01,Q1 2025
MAA Research Park,2025-01-29,1.9389765766570086,0.9297297297297298,1.8027241685675972,1.0,2025-01,Q1 2025
MAA Research Park,2025-01-30,1.9389765766570086,0.9297297297297298,1.8027241685675972,1.0,2025-01,Q1 2025
MAA Research Park,2025-01-31,1.9389765766570086,0.9297297297297298,1.8027241685675972,1.0,2025-01,Q1 2025
MAA Research Park,2025-02-01,1.9389765766570086,0.9297297297297298,1.8027241685675972,1.0,2025-02,Q1 2025
MAA Research Park,2025-02-02,1.9389765766570086,0.9297297297297298,1.8027241685675972,1.0,2025-02,Q1 2025
MAA Research Park,2025-02-03,1.9389765766570086,0.927027027027027,1.797483691333389,1.0,2025-02,Q1 2025
MAA Research Park,2025-02-04,1.9389765766570086,0.927027027027027,1.797483691333389,1.0,2025-02,Q1 2025
MAA Research Park,2025-02-05,1.9389765766570086,0.9243243243243243,1.7922432140991809,1.0,2025-02,Q1 2025
MAA Research Park,2025-02-06,1.9389765766570086,0.9216216216216216,1.7870027368649728,1.0,2025-02,Q1 2025
MAA Research Park,2025-02-07,1.9389765766570086,0.9216216216216216,1.7870027368649728,1.0,2025-02,Q1 2025
MAA Research Park,2025-02-08,1.9389765766570086,0.9216216216216216,1.7870027368649728,1.0,2025-02,Q1 2025
MAA Research Park,2025-02-09,1.9389765766570086,0.9189189189189189,1.7817622596307645,1.0,2025-02,Q1 2025
MAA Research Park,2025-02-10,1.9389765766570086,0.9189189189189189,1.7817622596307645,1.0,2025-02,Q1 2025
MAA Research Park,2025-02-11,1.9389765766570086,0.9189189189189189,1.7817622596307645,1.0,2025-02,Q1 2025
MAA Research Park,2025-02-12,1.9389765766570086,0.9189189189189189,1.7817622596307645,1.0,2025-02,Q1 2025
MAA Research Park,2025-02-13,1.9389765766570086,0.9189189189189189,1.7817622596307645,1.0,2025-02,Q1 2025
MAA Research Park,2025-02-14,1.9389765766570086,0.9108108108108108,1.7660408279281403,1.0,2025-02,Q1 2025
MAA Research Park,2025-02-15,1.9389765766570086,0.9108108108108108,1.7660408279281403,1.0,2025-02,Q1 2025
MAA Research Park,2025-02-16,1.9384167934948644,0.9108108108108108,1.7655309713723495,1.0,2025-02,Q1 2025
MAA Research Park,2025-02-17,1.9384167934948644,0.9135135135135135,1.7707699356790922,1.0,2025-02,Q1 2025
MAA Research Park,2025-02-18,1.938559718229007,0.9135135135135135,1.770900499355147,1.0,2025-02,Q1 2025
MAA Research Park,2025-02-19,1.937856180315644,0.9162162162162162,1.7754952571000089,1.0,2025-02,Q1 2025
MAA Research Park,2025-02-20,1.937856180315644,0.9189189189189189,1.780732706235997,1.0,2025-02,Q1 2025
MAA Research Park,2025-02-21,1.937856180315644,0.9162162162162162,1.7754952571000089,1.0,2025-02,Q1 2025
MAA Research Park,2025-02-22,1.9403343121964172,0.9162162162162162,1.7777657617150957,1.0,2025-02,Q1 2025
MAA Research Park,2025-02-23,1.9403343121964172,0.9189189189189189,1.7830099085048157,1.0,2025-02,Q1 2025
MAA Research Park,2025-02-24,1.9403343121964172,0.9189189189189189,1.7830099085048157,1.0,2025-02,Q1 2025
MAA Research Park,2025-02-25,1.9403343121964172,0.9162162162162162,1.7777657617150957,1.0,2025-02,Q1 2025
MAA Research Park,2025-02-26,1.9403343121964172,0.9162162162162162,1.7777657617150957,1.0,2025-02,Q1 2025
MAA Research Park,2025-02-27,1.9419044065819628,0.9135135135135135,1.7739559173640633,1.0,2025-02,Q1 2025
MAA Research Park,2025-02-28,1.9419044065819628,0.9162162162162162,1.7792043076521227,1.0,2025-02,Q1 2025
MAA Research Park,2025-03-01,1.9418415928577148,0.9135135135135135,1.7738985361781288,1.0,2025-03,Q1 2025
MAA Research Park,2025-03-02,1.9418415928577148,0.9162162162162162,1.7791467566993657,1.0,2025-03,Q1 2025
MAA Research Park,2025-03-03,1.9418415928577148,0.9162162162162162,1.7791467566993657,1.0,2025-03,Q1 2025
MAA Research Park,2025-03-04,1.9415086801192023,0.9162162162162162,1.7788417366497555,1.0,2025-03,Q1 2025
MAA Research Park,2025-03-05,1.9415086801192023,0.9162162162162162,1.7788417366497555,1.0,2025-03,Q1 2025
MAA Research Park,2025-03-06,1.9415086801192023,0.9162162162162162,1.7788417366497555,1.0,2025-03,Q1 2025
MAA Research Park,2025-03-07,1.9431776540124786,0.9108108108108108,1.7698672146005547,1.0,2025-03,Q1 2025
MAA Research Park,2025-03-08,1.9431776540124786,0.9135135135135135,1.7751190460978858,1.0,2025-03,Q1 2025
MAA Research Park,2025-03-09,1.943888878102044,0.9081081081081082,1.76526125146564,1.0,2025-03,Q1 2025
MAA Research Park,2025-03-10,1.943888878102044,0.9108108108108108,1.77051500519024,1.0,2025-03,Q1 2025
MAA Research Park,2025-03-11,1.943888878102044,0.9081081081081082,1.76526125146564,1.0,2025-03,Q1 2025
MAA Research Park,2025-03-12,1.9458846236526421,0.9054054054054054,1.761814456550365,1.0,2025-03,Q1 2025
MAA Research Park,2025-03-13,1.9458846236526421,0.9081081081081082,1.7670736041818589,1.0,2025-03,Q1 2025
MAA Research Park,2025-03-14,1.9458846236526421,0.9081081081081082,1.7670736041818589,1.0,2025-03,Q1 2025
MAA Research Park,2025-03-15,1.9458846236526421,0.9054054054054054,1.761814456550365,1.0,2025-03,Q1 2025
MAA Research Park,2025-03-16,1.9458846236526421,0.9054054054054054,1.761814456550365,1.0,2025-03,Q1 2025
MAA Research Park,2025-03-17,1.9458846236526421,0.9054054054054054,1.761814456550365,1.0,2025-03,Q1 2025
MAA Research Park,2025-03-18,1.9452232956671975,0.9054054054054054,1.7612156866175976,1.0,2025-03,Q1 2025
MAA Research Park,2025-03-19,1.9452823525108207,0.9108108108108108,1.7717841967463421,1.0,2025-03,Q1 2025
MAA Research Park,2025-03-20,1.944960034197228,0.9135135135135135,1.7767472744828732,1.0,2025-03,Q1 2025
MAA Research Park,2025-03-21,1.9429971839539733,0.9162162162162162,1.7802055280010727,1.0,2025-03,Q1 2025
MAA Research Park,2025-03-22,1.9429971839539733,0.9243243243243243,1.7959595592223212,1.0,2025-03,Q1 2025
MAA Research Park,2025-03-23,1.9429971839539733,0.9243243243243243,1.7959595592223212,1.0,2025-03,Q1 2025
MAA Research Park,2025-03-24,1.9429971839539733,0.9243243243243243,1.7959595592223212,1.0,2025-03,Q1 2025
MAA Research Park,2025-03-25,1.942880294409207,0.9216216216216216,1.790600487550107,1.0,2025-03,Q1 2025
MAA Research Park,2025-03-26,1.942880294409207,0.9243243243243243,1.7958515153728345,1.0,2025-03,Q1 2025
MAA Research Park,2025-03-27,1.942880294409207,0.9216216216216216,1.790600487550107,1.0,2025-03,Q1 2025
MAA Research Park,2025-03-28,1.942880294409207,0.9162162162162162,1.7800984319046518,1.0,2025-03,Q1 2025
MAA Research Park,2025-03-29,1.942880294409207,0.9135135135135135,1.7748474040819242,1.0,2025-03,Q1 2025
MAA Research Park,2025-03-30,1.942880294409207,0.9135135135135135,1.7748474040819242,1.0,2025-03,Q1 2025
MAA Research Park,2025-03-31,1.942880294409207,0.9108108108108108,1.7695963762591966,1.0,2025-03,Q1 2025
MAA Research Park,2025-04-01,1.942759055539387,0.9108108108108108,1.7694859505858742,1.0,2025-04,Q2 2025
MAA Research Park,2025-04-02,1.942759055539387,0.9108108108108108,1.7694859505858742,1.0,2025-04,Q2 2025
MAA Research Park,2025-04-03,1.942759055539387,0.9081081081081082,1.7642352504357677,1.0,2025-04,Q2 2025
MAA Research Park,2025-04-04,1.9440508932095115,0.9027027027027027,1.7548999954918294,1.0,2025-04,Q2 2025
MAA Research Park,2025-04-05,1.9440508932095115,0.9054054054054054,1.7601541870950983,1.0,2025-04,Q2 2025
MAA Research Park,2025-04-06,1.9440508932095115,0.9027027027027027,1.7548999954918294,1.0,2025-04,Q2 2025
MAA Research Park,2025-04-07,1.9441729287625358,0.9027027027027027,1.75501015731537,1.0,2025-04,Q2 2025
MAA Research Park,2025-04-08,1.9441729287625358,0.9054054054054054,1.760264678744458,1.0,2025-04,Q2 2025
MAA Research Park,2025-04-09,1.9441729287625358,0.9027027027027027,1.75501015731537,1.0,2025-04,Q2 2025
MAA Research Park,2025-04-10,1.9442514964138162,0.9027027027027027,1.755081080546526,1.0,2025-04,Q2 2025
MAA Research Park,2025-04-11,1.9444576145295922,0.8972972972972972,1.7447565622265528,1.0,2025-04,Q2 2025
MAA Research Park,2025-04-12,1.9443975175423005,0.9,1.7499577657880705,1.0,2025-04,Q2 2025
MAA Research Park,2025-04-13,1.9490870812022316,0.9027027027027027,1.7594461760041766,1.0,2025-04,Q2 2025
Bexley at Triangle Park,2023-09-10,1.7202204821709233,0.9423963133640553,1.6211294405712156,1.0,2023-09,Q3 2023
Bexley at Triangle Park,2023-09-11,1.7202204821709233,0.9470046082949308,1.6290567238991922,1.0,2023-09,Q3 2023
Bexley at Triangle Park,2023-09-12,1.7202204821709233,0.9470046082949308,1.6290567238991922,1.0,2023-09,Q3 2023
Bexley at Triangle Park,2023-09-13,1.7270076307703472,0.9423963133640553,1.6275256243895668,1.0,2023-09,Q3 2023
Bexley at Triangle Park,2023-09-14,1.7232065074138576,0.9423963133640553,1.623943459751769,1.0,2023-09,Q3 2023
Bexley at Triangle Park,2023-09-15,1.7292384829511573,0.9423963133640553,1.6296279712604225,1.0,2023-09,Q3 2023
Bexley at Triangle Park,2023-09-16,1.7292384829511573,0.9377880184331797,1.6216591303251637,1.0,2023-09,Q3 2023
Bexley at Triangle Park,2023-09-17,1.7292384829511573,0.9377880184331797,1.6216591303251637,1.0,2023-09,Q3 2023
Bexley at Triangle Park,2023-09-18,1.7292384829511573,0.9377880184331797,1.6216591303251637,1.0,2023-09,Q3 2023
Bexley at Triangle Park,2023-09-19,1.7292384829511573,0.9377880184331797,1.6216591303251637,1.0,2023-09,Q3 2023
Bexley at Triangle Park,2023-09-20,1.7197257287737884,0.935483870967742,1.6087756817561247,1.0,2023-09,Q3 2023
Bexley at Triangle Park,2023-09-21,1.7142912902304825,0.9400921658986175,1.6115918120139099,1.0,2023-09,Q3 2023
Bexley at Triangle Park,2023-09-22,1.7142912902304825,0.935483870967742,1.6036918521510968,1.0,2023-09,Q3 2023
Bexley at Triangle Park,2023-09-23,1.7247497688691256,0.935483870967742,1.6134755902324078,1.0,2023-09,Q3 2023
Bexley at Triangle Park,2023-09-24,1.7247497688691256,0.9377880184331797,1.6174496680408619,1.0,2023-09,Q3 2023
Bexley at Triangle Park,2023-09-25,1.7247497688691256,0.935483870967742,1.6134755902324078,1.0,2023-09,Q3 2023
Bexley at Triangle Park,2023-09-26,1.731731329622528,0.935483870967742,1.6200067277113974,1.0,2023-09,Q3 2023
Bexley at Triangle Park,2023-09-27,1.731731329622528,0.9331797235023042,1.6160165633574284,1.0,2023-09,Q3 2023
Bexley at Triangle Park,2023-09-28,1.731731329622528,0.9331797235023042,1.6160165633574284,1.0,2023-09,Q3 2023
Bexley at Triangle Park,2023-09-29,1.731731329622528,0.9308755760368663,1.6120263990034593,1.0,2023-09,Q3 2023
Bexley at Triangle Park,2023-09-30,1.7369357309931492,0.9285714285714286,1.6128688930650672,1.0,2023-09,Q3 2023
Bexley at Triangle Park,2023-10-01,1.7369357309931492,0.935483870967742,1.6248753612516558,1.0,2023-10,Q4 2023
Bexley at Triangle Park,2023-10-02,1.7309747209981132,0.935483870967742,1.619298932546622,1.0,2023-10,Q4 2023
Bexley at Triangle Park,2023-10-03,1.724186688655277,0.935483870967742,1.6129488377742915,1.0,2023-10,Q4 2023
Bexley at Triangle Park,2023-10-04,1.7286377505553638,0.9377880184331797,1.6210957706821039,1.0,2023-10,Q4 2023
Bexley at Triangle Park,2023-10-05,1.7224330960035235,0.935483870967742,1.6113083801323285,1.0,2023-10,Q4 2023
Bexley at Triangle Park,2023-10-06,1.7164091429231674,0.935483870967742,1.605673069186189,1.0,2023-10,Q4 2023
Bexley at Triangle Park,2023-10-07,1.7164091429231674,0.9377880184331797,1.6096279289625095,1.0,2023-10,Q4 2023
Bexley at Triangle Park,2023-10-08,1.7164091429231674,0.9377880184331797,1.6096279289625095,1.0,2023-10,Q4 2023
Bexley at Triangle Park,2023-10-09,1.7164091429231674,0.9377880184331797,1.6096279289625095,1.0,2023-10,Q4 2023
Bexley at Triangle Park,2023-10-10,1.7164091429231674,0.9377880184331797,1.6096279289625095,1.0,2023-10,Q4 2023
Bexley at Triangle Park,2023-10-11,1.7164091429231674,0.9377880184331797,1.6096279289625095,1.0,2023-10,Q4 2023
Bexley at Triangle Park,2023-10-12,1.7164091429231674,0.935483870967742,1.605673069186189,1.0,2023-10,Q4 2023
Bexley at Triangle Park,2023-10-13,1.7164091429231674,0.935483870967742,1.605673069186189,1.0,2023-10,Q4 2023
Bexley at Triangle Park,2023-10-14,1.7164091429231674,0.9331797235023042,1.601718209409868,1.0,2023-10,Q4 2023
Bexley at Triangle Park,2023-10-15,1.7164091429231674,0.9331797235023042,1.601718209409868,1.0,2023-10,Q4 2023
Bexley at Triangle Park,2023-10-16,1.7164091429231674,0.9331797235023042,1.601718209409868,1.0,2023-10,Q4 2023
Bexley at Triangle Park,2023-10-17,1.7053576677818572,0.9308755760368663,1.5874758013453232,1.0,2023-10,Q4 2023
Bexley at Triangle Park,2023-10-18,1.7024962094775788,0.9308755760368663,1.5848121396980226,1.0,2023-10,Q4 2023
Bexley at Triangle Park,2023-10-19,1.6968415009517435,0.9377880184331797,1.591277628772718,1.0,2023-10,Q4 2023
Bexley at Triangle Park,2023-10-20,1.6968415009517435,0.9423963133640553,1.599097174860053,1.0,2023-10,Q4 2023
Bexley at Triangle Park,2023-10-21,1.6968415009517435,0.9423963133640553,1.599097174860053,1.0,2023-10,Q4 2023
Bexley at Triangle Park,2023-10-22,1.698384344973767,0.9400921658986175,1.5966378173946936,1.0,2023-10,Q4 2023
Bexley at Triangle Park,2023-10-23,1.698384344973767,0.9447004608294931,1.6044644733623146,1.0,2023-10,Q4 2023
Bexley at Triangle Park,2023-10-24,1.6945581138875452,0.9423963133640553,1.5969453193087695,1.0,2023-10,Q4 2023
Bexley at Triangle Park,2023-10-25,1.7023450488264789,0.9447004608294931,1.6082061521171804,1.0,2023-10,Q4 2023
Bexley at Triangle Park,2023-10-26,1.6983707561470174,0.9423963133640553,1.6005383393182722,1.0,2023-10,Q4 2023
Bexley at Triangle Park,2023-10-27,1.7100662078466913,0.9423963133640553,1.6115600898831721,1.0,2023-10,Q4 2023
Bexley at Triangle Park,2023-10-28,1.7100662078466913,0.9470046082949308,1.6194405793202535,1.0,2023-10,Q4 2023
Bexley at Triangle Park,2023-10-29,1.703195868623056,0.9470046082949308,1.6129343364149216,1.0,2023-10,Q4 2023
Bexley at Triangle Park,2023-10-30,1.703195868623056,0.9493087557603687,1.6168587508587535,1.0,2023-10,Q4 2023
Bexley at Triangle Park,2023-10-31,1.703195868623056,0.9470046082949308,1.6129343364149216,1.0,2023-10,Q4 2023
Bexley at Triangle Park,2023-11-01,1.703195868623056,0.9377880184331797,1.597236678639594,1.0,2023-11,Q4 2023
Bexley at Triangle Park,2023-11-02,1.7001977809595783,0.9377880184331797,1.5944251079505722,1.0,2023-11,Q4 2023
Bexley at Triangle Park,2023-11-03,1.7001977809595783,0.9377880184331797,1.5944251079505722,1.0,2023-11,Q4 2023
Bexley at Triangle Park,2023-11-04,1.700158570073831,0.935483870967742,1.5904709203916485,1.0,2023-11,Q4 2023
Bexley at Triangle Park,2023-11-05,1.7042888282645046,0.9400921658986175,1.6021885758799952,1.0,2023-11,Q4 2023
Bexley at Triangle Park,2023-11-06,1.7081296449797083,0.9423963133640553,1.6097350801767296,1.0,2023-11,Q4 2023
Bexley at Triangle Park,2023-11-07,1.7081296449797083,0.9447004608294931,1.613670862768849,1.0,2023-11,Q4 2023
Bexley at Triangle Park,2023-11-08,1.7045824975525294,0.9423963133640553,1.6063922615183974,1.0,2023-11,Q4 2023
Bexley at Triangle Park,2023-11-09,1.7045824975525294,0.9447004608294931,1.6103198709597628,1.0,2023-11,Q4 2023
Bexley at Triangle Park,2023-11-10,1.697928255888635,0.9423963133640553,1.60012132870611,1.0,2023-11,Q4 2023
Bexley at Triangle Park,2023-11-11,1.6932652928831946,0.9470046082949308,1.603530035426251,1.0,2023-11,Q4 2023
Bexley at Triangle Park,2023-11-12,1.6932652928831946,0.9493087557603687,1.6074315683591618,1.0,2023-11,Q4 2023
Bexley at Triangle Park,2023-11-13,1.6903933592415477,0.9493087557603687,1.6047052166071836,1.0,2023-11,Q4 2023
Bexley at Triangle Park,2023-11-14,1.6897318917087545,0.9493087557603687,1.6040772796866518,1.0,2023-11,Q4 2023
Bexley at Triangle Park,2023-11-15,1.6897318917087545,0.9539170506912442,1.6118640625977518,1.0,2023-11,Q4 2023
Bexley at Triangle Park,2023-11-16,1.6796280354672684,0.9516129032258065,1.5983557111704652,1.0,2023-11,Q4 2023
Bexley at Triangle Park,2023-11-17,1.6796280354672684,0.9585253456221198,1.6099660432128655,1.0,2023-11,Q4 2023
Bexley at Triangle Park,2023-11-18,1.680411073136292,0.9516129032258065,1.5991008599200198,1.0,2023-11,Q4 2023
Bexley at Triangle Park,2023-11-19,1.6775944461633807,0.956221198156682,1.6041513713313433,1.0,2023-11,Q4 2023
Bexley at Triangle Park,2023-11-20,1.6775944461633807,0.9585253456221198,1.6080167963225032,1.0,2023-11,Q4 2023
Bexley at Triangle Park,2023-11-21,1.6775944461633807,0.9585253456221198,1.6080167963225032,1.0,2023-11,Q4 2023
Bexley at Triangle Park,2023-11-22,1.679199101856465,0.9585253456221198,1.609554899475321,1.0,2023-11,Q4 2023
Bexley at Triangle Park,2023-11-23,1.679199101856465,0.9631336405529954,1.6172931441843372,1.0,2023-11,Q4 2023
Bexley at Triangle Park,2023-11-24,1.679199101856465,0.9608294930875576,1.6134240218298292,1.0,2023-11,Q4 2023
Bexley at Triangle Park,2023-11-25,1.679199101856465,0.9608294930875576,1.6134240218298292,1.0,2023-11,Q4 2023
Bexley at Triangle Park,2023-11-26,1.6756421745318992,0.9608294930875576,1.6100064211516174,1.0,2023-11,Q4 2023
Bexley at Triangle Park,2023-11-27,1.6728981762032356,0.9631336405529954,1.6112245107210887,1.0,2023-11,Q4 2023
Bexley at Triangle Park,2023-11-28,1.6728981762032356,0.9654377880184332,1.6150791148137227,1.0,2023-11,Q4 2023
Bexley at Triangle Park,2023-11-29,1.6728981762032356,0.9631336405529954,1.6112245107210887,1.0,2023-11,Q4 2023
Bexley at Triangle Park,2023-11-30,1.674903955958398,0.9631336405529954,1.6131563446788257,1.0,2023-11,Q4 2023
Bexley at Triangle Park,2023-12-01,1.674903955958398,0.9631336405529954,1.6131563446788257,1.0,2023-12,Q4 2023
Bexley at Triangle Park,2023-12-02,1.674903955958398,0.9608294930875576,1.6092971189738525,1.0,2023-12,Q4 2023
Bexley at Triangle Park,2023-12-03,1.674903955958398,0.9585253456221198,1.605437893268879,1.0,2023-12,Q4 2023
Bexley at Triangle Park,2023-12-04,1.674903955958398,0.956221198156682,1.6015786675639059,1.0,2023-12,Q4 2023
Bexley at Triangle Park,2023-12-05,1.674903955958398,0.956221198156682,1.6015786675639059,1.0,2023-12,Q4 2023
Bexley at Triangle Park,2023-12-06,1.674903955958398,0.9539170506912442,1.5977194418589327,1.0,2023-12,Q4 2023
Bexley at Triangle Park,2023-12-07,1.6697406764909484,0.9516129032258065,1.5889467727897735,1.0,2023-12,Q4 2023
Bexley at Triangle Park,2023-12-08,1.6741512057085983,0.9539170506912442,1.5970013805607366,1.0,2023-12,Q4 2023
Bexley at Triangle Park,2023-12-09,1.6741512057085983,0.956221198156682,1.6008588718181298,1.0,2023-12,Q4 2023
Bexley at Triangle Park,2023-12-10,1.6741512057085983,0.956221198156682,1.6008588718181298,1.0,2023-12,Q4 2023
Bexley at Triangle Park,2023-12-11,1.6741512057085983,0.956221198156682,1.6008588718181298,1.0,2023-12,Q4 2023
Bexley at Triangle Park,2023-12-12,1.6709589835242833,0.9493087557603687,1.5862559935760476,1.0,2023-12,Q4 2023
Bexley at Triangle Park,2023-12-13,1.6709589835242833,0.9516129032258065,1.5901061294827858,1.0,2023-12,Q4 2023
Bexley at Triangle Park,2023-12-14,1.6709589835242833,0.9516129032258065,1.5901061294827858,1.0,2023-12,Q4 2023
Bexley at Triangle Park,2023-12-15,1.6709589835242833,0.9493087557603687,1.5862559935760476,1.0,2023-12,Q4 2023
Bexley at Triangle Park,2023-12-16,1.6709589835242833,0.9493087557603687,1.5862559935760476,1.0,2023-12,Q4 2023
Bexley at Triangle Park,2023-12-17,1.6709589835242833,0.9493087557603687,1.5862559935760476,1.0,2023-12,Q4 2023
Bexley at Triangle Park,2023-12-18,1.6709589835242833,0.9470046082949308,1.5824058576693096,1.0,2023-12,Q4 2023
Bexley at Triangle Park,2023-12-19,1.664999116221571,0.9470046082949308,1.5767618358688147,1.0,2023-12,Q4 2023
Bexley at Triangle Park,2023-12-20,1.6624748236731395,0.9493087557603687,1.5782019063440864,1.0,2023-12,Q4 2023
Bexley at Triangle Park,2023-12-21,1.6624748236731395,0.9516129032258065,1.582032493495407,1.0,2023-12,Q4 2023
Bexley at Triangle Park,2023-12-22,1.6624748236731395,0.9493087557603687,1.5782019063440864,1.0,2023-12,Q4 2023
Bexley at Triangle Park,2023-12-23,1.6661200005363803,0.9470046082949308,1.5778233184803048,1.0,2023-12,Q4 2023
Bexley at Triangle Park,2023-12-24,1.6661200005363803,0.9470046082949308,1.5778233184803048,1.0,2023-12,Q4 2023
Bexley at Triangle Park,2023-12-25,1.6661200005363803,0.9470046082949308,1.5778233184803048,1.0,2023-12,Q4 2023
Bexley at Triangle Park,2023-12-26,1.6661200005363803,0.9470046082949308,1.5778233184803048,1.0,2023-12,Q4 2023
Bexley at Triangle Park,2023-12-27,1.6661200005363803,0.9470046082949308,1.5778233184803048,1.0,2023-12,Q4 2023
Bexley at Triangle Park,2023-12-28,1.6688836285862991,0.9447004608294931,1.5765951329962733,1.0,2023-12,Q4 2023
Bexley at Triangle Park,2023-12-29,1.6688836285862991,0.9470046082949308,1.580440486979191,1.0,2023-12,Q4 2023
Bexley at Triangle Park,2023-12-30,1.671192085412327,0.9447004608294931,1.5787759332236269,1.0,2023-12,Q4 2023
Bexley at Triangle Park,2023-12-31,1.671192085412327,0.9470046082949308,1.5826266062314893,1.0,2023-12,Q4 2023
Bexley at Triangle Park,2024-01-01,1.671192085412327,0.9470046082949308,1.5826266062314893,1.0,2024-01,Q1 2024
Bexley at Triangle Park,2024-01-02,1.671192085412327,0.9470046082949308,1.5826266062314893,1.0,2024-01,Q1 2024
Bexley at Triangle Park,2024-01-03,1.671192085412327,0.9470046082949308,1.5826266062314893,1.0,2024-01,Q1 2024
Bexley at Triangle Park,2024-01-04,1.6634417023067969,0.9470046082949308,1.5752869577145012,1.0,2024-01,Q1 2024
Bexley at Triangle Park,2024-01-05,1.6634417023067969,0.9470046082949308,1.5752869577145012,1.0,2024-01,Q1 2024
Bexley at Triangle Park,2024-01-06,1.6634417023067969,0.9470046082949308,1.5752869577145012,1.0,2024-01,Q1 2024
Bexley at Triangle Park,2024-01-07,1.6634417023067969,0.9470046082949308,1.5752869577145012,1.0,2024-01,Q1 2024
Bexley at Triangle Park,2024-01-08,1.6591150858324029,0.9470046082949308,1.5711896319749252,1.0,2024-01,Q1 2024
Bexley at Triangle Park,2024-01-09,1.6591150858324029,0.9493087557603687,1.5750124777948156,1.0,2024-01,Q1 2024
Bexley at Triangle Park,2024-01-10,1.6591150858324029,0.9470046082949308,1.5711896319749252,1.0,2024-01,Q1 2024
Bexley at Triangle Park,2024-01-11,1.6591150858324029,0.9470046082949308,1.5711896319749252,1.0,2024-01,Q1 2024
Bexley at Triangle Park,2024-01-12,1.6591150858324029,0.9447004608294931,1.5673667861550349,1.0,2024-01,Q1 2024
Bexley at Triangle Park,2024-01-13,1.6591150858324029,0.9447004608294931,1.5673667861550349,1.0,2024-01,Q1 2024
Bexley at Triangle Park,2024-01-14,1.6591150858324029,0.9423963133640553,1.5635439403351445,1.0,2024-01,Q1 2024
Bexley at Triangle Park,2024-01-15,1.6553782469167604,0.9423963133640553,1.5600223571174079,1.0,2024-01,Q1 2024
Bexley at Triangle Park,2024-01-16,1.6565428677535645,0.9447004608294931,1.5649368105506025,1.0,2024-01,Q1 2024
Bexley at Triangle Park,2024-01-17,1.6524207352380145,0.9447004608294931,1.561042630063562,1.0,2024-01,Q1 2024
Bexley at Triangle Park,2024-01-18,1.6524207352380145,0.9447004608294931,1.561042630063562,1.0,2024-01,Q1 2024
Bexley at Triangle Park,2024-01-19,1.6516506177415218,0.9423963133640553,1.5565094531250747,1.0,2024-01,Q1 2024
Bexley at Triangle Park,2024-01-20,1.653502129394318,0.9493087557603687,1.56968404910244,1.0,2024-01,Q1 2024
Bexley at Triangle Park,2024-01-21,1.6509721772624883,0.9516129032258065,1.5710864267497873,1.0,2024-01,Q1 2024
Bexley at Triangle Park,2024-01-22,1.6523539635018096,0.956221198156682,1.580015886758643,1.0,2024-01,Q1 2024
Bexley at Triangle Park,2024-01-23,1.6523539635018096,0.9608294930875576,1.5876304211526604,1.0,2024-01,Q1 2024
Bexley at Triangle Park,2024-01-24,1.6492490283222354,0.9608294930875576,1.5846471078580004,1.0,2024-01,Q1 2024
Bexley at Triangle Park,2024-01-25,1.6502997086768592,0.9608294930875576,1.5856566325305306,1.0,2024-01,Q1 2024
Bexley at Triangle Park,2024-01-26,1.6474636087230967,0.9631336405529954,1.5867276231480518,1.0,2024-01,Q1 2024
Bexley at Triangle Park,2024-01-27,1.6474636087230967,0.9700460829493087,1.5981156204433726,1.0,2024-01,Q1 2024
Bexley at Triangle Park,2024-01-28,1.6444524522097264,0.9700460829493087,1.5951946598624303,1.0,2024-01,Q1 2024
Bexley at Triangle Park,2024-01-29,1.6444524522097264,0.9700460829493087,1.5951946598624303,1.0,2024-01,Q1 2024
Bexley at Triangle Park,2024-01-30,1.6439030189109287,0.9700460829493087,1.5946616842430898,1.0,2024-01,Q1 2024
Bexley at Triangle Park,2024-01-31,1.6439030189109287,0.9723502304147466,1.598449479217539,1.0,2024-01,Q1 2024
Bexley at Triangle Park,2024-02-01,1.6424297889126258,0.9700460829493087,1.5932325832539527,1.0,2024-02,Q1 2024
Bexley at Triangle Park,2024-02-02,1.6424297889126258,0.9723502304147466,1.5970169836892352,1.0,2024-02,Q1 2024
Bexley at Triangle Park,2024-02-03,1.6408211492766047,0.967741935483871,1.5878914347838111,1.0,2024-02,Q1 2024
Bexley at Triangle Park,2024-02-04,1.6408211492766047,0.9700460829493087,1.5916721286761533,1.0,2024-02,Q1 2024
Bexley at Triangle Park,2024-02-05,1.6408211492766047,0.9700460829493087,1.5916721286761533,1.0,2024-02,Q1 2024
Bexley at Triangle Park,2024-02-06,1.6365468681035802,0.9700460829493087,1.587525878966837,1.0,2024-02,Q1 2024
Bexley at Triangle Park,2024-02-07,1.6365468681035802,0.9746543778801844,1.595067569603259,1.0,2024-02,Q1 2024
Bexley at Triangle Park,2024-02-08,1.6365468681035802,0.9746543778801844,1.595067569603259,1.0,2024-02,Q1 2024
Bexley at Triangle Park,2024-02-09,1.6365468681035802,0.9723502304147466,1.591296724285048,1.0,2024-02,Q1 2024
Bexley at Triangle Park,2024-02-10,1.63627739453042,0.9723502304147466,1.591034701594095,1.0,2024-02,Q1 2024
Bexley at Triangle Park,2024-02-11,1.63627739453042,0.9746543778801844,1.5948049260054555,1.0,2024-02,Q1 2024
Bexley at Triangle Park,2024-02-12,1.63627739453042,0.9746543778801844,1.5948049260054555,1.0,2024-02,Q1 2024
Bexley at Triangle Park,2024-02-13,1.63627739453042,0.9746543778801844,1.5948049260054555,1.0,2024-02,Q1 2024
Bexley at Triangle Park,2024-02-14,1.63627739453042,0.9746543778801844,1.5948049260054555,1.0,2024-02,Q1 2024
Bexley at Triangle Park,2024-02-15,1.63627739453042,0.9746543778801844,1.5948049260054555,1.0,2024-02,Q1 2024
Bexley at Triangle Park,2024-02-16,1.63627739453042,0.9746543778801844,1.5948049260054555,1.0,2024-02,Q1 2024
Bexley at Triangle Park,2024-02-17,1.63627739453042,0.9746543778801844,1.5948049260054555,1.0,2024-02,Q1 2024
Bexley at Triangle Park,2024-02-18,1.63627739453042,0.9723502304147466,1.591034701594095,1.0,2024-02,Q1 2024
Bexley at Triangle Park,2024-02-19,1.63627739453042,0.9700460829493087,1.5872644771827347,1.0,2024-02,Q1 2024
Bexley at Triangle Park,2024-02-20,1.63627739453042,0.9700460829493087,1.5872644771827347,1.0,2024-02,Q1 2024
Bexley at Triangle Park,2024-02-21,1.63627739453042,0.967741935483871,1.5834942527713742,1.0,2024-02,Q1 2024
Bexley at Triangle Park,2024-02-22,1.6302309670987347,0.967741935483871,1.5776428713858723,1.0,2024-02,Q1 2024
Bexley at Triangle Park,2024-02-23,1.6302309670987347,0.9700460829493087,1.581399163936791,1.0,2024-02,Q1 2024
Bexley at Triangle Park,2024-02-24,1.6302309670987347,0.9700460829493087,1.581399163936791,1.0,2024-02,Q1 2024
Bexley at Triangle Park,2024-02-25,1.6302309670987347,0.9700460829493087,1.581399163936791,1.0,2024-02,Q1 2024
Bexley at Triangle Park,2024-02-26,1.6302309670987347,0.9631336405529954,1.570130286284035,1.0,2024-02,Q1 2024
Bexley at Triangle Park,2024-02-27,1.6302309670987347,0.9631336405529954,1.570130286284035,1.0,2024-02,Q1 2024
Bexley at Triangle Park,2024-02-28,1.6302309670987347,0.9631336405529954,1.570130286284035,1.0,2024-02,Q1 2024
Bexley at Triangle Park,2024-02-29,1.6302309670987347,0.9631336405529954,1.570130286284035,1.0,2024-02,Q1 2024
Bexley at Triangle Park,2024-03-01,1.6302309670987347,0.9631336405529954,1.570130286284035,1.0,2024-03,Q1 2024
Bexley at Triangle Park,2024-03-02,1.6324344113302351,0.9608294930875576,1.5684911279371154,1.0,2024-03,Q1 2024
Bexley at Triangle Park,2024-03-03,1.6324344113302351,0.9631336405529954,1.5722524975484755,1.0,2024-03,Q1 2024
Bexley at Triangle Park,2024-03-04,1.6324344113302351,0.9631336405529954,1.5722524975484755,1.0,2024-03,Q1 2024
Bexley at Triangle Park,2024-03-05,1.6324344113302351,0.9631336405529954,1.5722524975484755,1.0,2024-03,Q1 2024
Bexley at Triangle Park,2024-03-06,1.6314661895410916,0.9631336405529954,1.5713199705718348,1.0,2024-03,Q1 2024
Bexley at Triangle Park,2024-03-07,1.6314661895410916,0.9654377880184332,1.5750791092574132,1.0,2024-03,Q1 2024
Bexley at Triangle Park,2024-03-08,1.6365891727404822,0.9654377880184332,1.5800250308254886,1.0,2024-03,Q1 2024
Bexley at Triangle Park,2024-03-09,1.6365891727404822,0.9654377880184332,1.5800250308254886,1.0,2024-03,Q1 2024
Bexley at Triangle Park,2024-03-10,1.6365891727404822,0.9654377880184332,1.5800250308254886,1.0,2024-03,Q1 2024
Bexley at Triangle Park,2024-03-11,1.6365891727404822,0.9654377880184332,1.5800250308254886,1.0,2024-03,Q1 2024
Bexley at Triangle Park,2024-03-12,1.6365891727404822,0.9654377880184332,1.5800250308254886,1.0,2024-03,Q1 2024
Bexley at Triangle Park,2024-03-13,1.6365891727404822,0.9608294930875576,1.5724831452368229,1.0,2024-03,Q1 2024
Bexley at Triangle Park,2024-03-14,1.6413891499075617,0.9585253456221198,1.5733131022155429,1.0,2024-03,Q1 2024
Bexley at Triangle Park,2024-03-15,1.6413891499075617,0.9608294930875576,1.5770951048650996,1.0,2024-03,Q1 2024
Bexley at Triangle Park,2024-03-16,1.6413891499075617,0.9608294930875576,1.5770951048650996,1.0,2024-03,Q1 2024
Bexley at Triangle Park,2024-03-17,1.6413891499075617,0.9608294930875576,1.5770951048650996,1.0,2024-03,Q1 2024
Bexley at Triangle Park,2024-03-18,1.6413891499075617,0.9608294930875576,1.5770951048650996,1.0,2024-03,Q1 2024
Bexley at Triangle Park,2024-03-19,1.6413585364326602,0.9608294930875576,1.5770656905355283,1.0,2024-03,Q1 2024
Bexley at Triangle Park,2024-03-20,1.6413585364326602,0.9585253456221198,1.5732837584239323,1.0,2024-03,Q1 2024
Bexley at Triangle Park,2024-03-21,1.6413585364326602,0.956221198156682,1.5695018263123364,1.0,2024-03,Q1 2024
Bexley at Triangle Park,2024-03-22,1.6424813718330074,0.956221198156682,1.570575505324189,1.0,2024-03,Q1 2024
Bexley at Triangle Park,2024-03-23,1.6424813718330074,0.9585253456221198,1.5743600246141267,1.0,2024-03,Q1 2024
Bexley at Triangle Park,2024-03-24,1.6424813718330074,0.9539170506912442,1.5667909860342513,1.0,2024-03,Q1 2024
Bexley at Triangle Park,2024-03-25,1.6424813718330074,0.9539170506912442,1.5667909860342513,1.0,2024-03,Q1 2024
Bexley at Triangle Park,2024-03-26,1.6424813718330074,0.9539170506912442,1.5667909860342513,1.0,2024-03,Q1 2024
Bexley at Triangle Park,2024-03-27,1.6424813718330074,0.9539170506912442,1.5667909860342513,1.0,2024-03,Q1 2024
Bexley at Triangle Park,2024-03-28,1.6424813718330074,0.9516129032258065,1.5630064667443135,1.0,2024-03,Q1 2024
Bexley at Triangle Park,2024-03-29,1.6491571768222495,0.9493087557603687,1.5655593475824119,1.0,2024-03,Q1 2024
Bexley at Triangle Park,2024-03-30,1.6491571768222495,0.9493087557603687,1.5655593475824119,1.0,2024-03,Q1 2024
Bexley at Triangle Park,2024-03-31,1.6491571768222495,0.9493087557603687,1.5655593475824119,1.0,2024-03,Q1 2024
Bexley at Triangle Park,2024-04-01,1.6491571768222495,0.9470046082949308,1.5617594462533284,1.0,2024-04,Q2 2024
Bexley at Triangle Park,2024-04-02,1.6491571768222495,0.9470046082949308,1.5617594462533284,1.0,2024-04,Q2 2024
Bexley at Triangle Park,2024-04-03,1.6491571768222495,0.9423963133640553,1.5541596435951612,1.0,2024-04,Q2 2024
Bexley at Triangle Park,2024-04-04,1.6489062985217735,0.9423963133640553,1.5539232168096897,1.0,2024-04,Q2 2024
Bexley at Triangle Park,2024-04-05,1.6489062985217735,0.9423963133640553,1.5539232168096897,1.0,2024-04,Q2 2024
Bexley at Triangle Park,2024-04-06,1.6489062985217735,0.9423963133640553,1.5539232168096897,1.0,2024-04,Q2 2024
Bexley at Triangle Park,2024-04-07,1.6489062985217735,0.9400921658986175,1.5501238935412065,1.0,2024-04,Q2 2024
Bexley at Triangle Park,2024-04-08,1.6489062985217735,0.9377880184331797,1.546324570272723,1.0,2024-04,Q2 2024
Bexley at Triangle Park,2024-04-09,1.6489062985217735,0.9377880184331797,1.546324570272723,1.0,2024-04,Q2 2024
Bexley at Triangle Park,2024-04-10,1.6485717941211386,0.9377880184331797,1.5460108760536946,1.0,2024-04,Q2 2024
Bexley at Triangle Park,2024-04-11,1.6433284281996678,0.935483870967742,1.5373072392835603,1.0,2024-04,Q2 2024
Bexley at Triangle Park,2024-04-12,1.6433284281996678,0.9377880184331797,1.5410937103162783,1.0,2024-04,Q2 2024
Bexley at Triangle Park,2024-04-13,1.6411740330761895,0.9377880184331797,1.5390733443825095,1.0,2024-04,Q2 2024
Bexley at Triangle Park,2024-04-14,1.6411740330761895,0.9400921658986175,1.5428548513711644,1.0,2024-04,Q2 2024
Bexley at Triangle Park,2024-04-15,1.6411740330761895,0.9400921658986175,1.5428548513711644,1.0,2024-04,Q2 2024
Bexley at Triangle Park,2024-04-16,1.6411740330761895,0.9400921658986175,1.5428548513711644,1.0,2024-04,Q2 2024
Bexley at Triangle Park,2024-04-17,1.6383525291182626,0.9400921658986175,1.5402023776042653,1.0,2024-04,Q2 2024
Bexley at Triangle Park,2024-04-18,1.6405442524246052,0.9447004608294931,1.5498229112767008,1.0,2024-04,Q2 2024
Bexley at Triangle Park,2024-04-19,1.6405442524246052,0.9493087557603687,1.5573830230390262,1.0,2024-04,Q2 2024
Bexley at Triangle Park,2024-04-20,1.6405442524246052,0.9493087557603687,1.5573830230390262,1.0,2024-04,Q2 2024
Bexley at Triangle Park,2024-04-21,1.6405442524246052,0.9493087557603687,1.5573830230390262,1.0,2024-04,Q2 2024
Bexley at Triangle Park,2024-04-22,1.6405442524246052,0.9493087557603687,1.5573830230390262,1.0,2024-04,Q2 2024
Bexley at Triangle Park,2024-04-23,1.6392884703769706,0.9493087557603687,1.5561908981458799,1.0,2024-04,Q2 2024
Bexley at Triangle Park,2024-04-24,1.6392884703769706,0.9516129032258065,1.5599680605200203,1.0,2024-04,Q2 2024
Bexley at Triangle Park,2024-04-25,1.6386147397242627,0.9470046082949308,1.5517757097388756,1.0,2024-04,Q2 2024
Bexley at Triangle Park,2024-04-26,1.6375870461673938,0.9447004608294931,1.5470292371627454,1.0,2024-04,Q2 2024
Bexley at Triangle Park,2024-04-27,1.637187933264261,0.9447004608294931,1.5466521950192327,1.0,2024-04,Q2 2024
Bexley at Triangle Park,2024-04-28,1.637187933264261,0.9447004608294931,1.5466521950192327,1.0,2024-04,Q2 2024
Bexley at Triangle Park,2024-04-29,1.635060359613966,0.9423963133640553,1.5408748550279079,1.0,2024-04,Q2 2024
Bexley at Triangle Park,2024-04-30,1.6358110955083143,0.9447004608294931,1.5453514957567025,1.0,2024-04,Q2 2024
Bexley at Triangle Park,2024-05-01,1.6358110955083143,0.9423963133640553,1.5415823457670519,1.0,2024-05,Q2 2024
Bexley at Triangle Park,2024-05-02,1.6358110955083143,0.9423963133640553,1.5415823457670519,1.0,2024-05,Q2 2024
Bexley at Triangle Park,2024-05-03,1.6358110955083143,0.9377880184331797,1.5340440457877509,1.0,2024-05,Q2 2024
Bexley at Triangle Park,2024-05-04,1.6358110955083143,0.9377880184331797,1.5340440457877509,1.0,2024-05,Q2 2024
Bexley at Triangle Park,2024-05-05,1.6390498126269837,0.9331797235023042,1.529528050953752,1.0,2024-05,Q2 2024
Bexley at Triangle Park,2024-05-06,1.6372256476946372,0.9285714285714286,1.5202809585735917,1.0,2024-05,Q2 2024
Bexley at Triangle Park,2024-05-07,1.6362917452462808,0.9331797235023042,1.526954278398027,1.0,2024-05,Q2 2024
Bexley at Triangle Park,2024-05-08,1.6362917452462808,0.935483870967742,1.5307245358755532,1.0,2024-05,Q2 2024
Bexley at Triangle Park,2024-05-09,1.6362917452462808,0.935483870967742,1.5307245358755532,1.0,2024-05,Q2 2024
Bexley at Triangle Park,2024-05-10,1.6362917452462808,0.9308755760368663,1.523184020920501,1.0,2024-05,Q2 2024
Bexley at Triangle Park,2024-05-11,1.6364284624538938,0.9308755760368663,1.523311287629892,1.0,2024-05,Q2 2024
Bexley at Triangle Park,2024-05-12,1.6364284624538938,0.9331797235023042,1.5270818601240255,1.0,2024-05,Q2 2024
Bexley at Triangle Park,2024-05-13,1.6364284624538938,0.9331797235023042,1.5270818601240255,1.0,2024-05,Q2 2024
Bexley at Triangle Park,2024-05-14,1.63986011130764,0.9331797235023042,1.5302842052525214,1.0,2024-05,Q2 2024
Bexley at Triangle Park,2024-05-15,1.63986011130764,0.935483870967742,1.5340626847716634,1.0,2024-05,Q2 2024
Bexley at Triangle Park,2024-05-16,1.63986011130764,0.9331797235023042,1.5302842052525214,1.0,2024-05,Q2 2024
Bexley at Triangle Park,2024-05-17,1.63986011130764,0.9331797235023042,1.5302842052525214,1.0,2024-05,Q2 2024
Bexley at Triangle Park,2024-05-18,1.63986011130764,0.9308755760368663,1.5265057257333792,1.0,2024-05,Q2 2024
Bexley at Triangle Park,2024-05-19,1.63986011130764,0.9285714285714286,1.5227272462142374,1.0,2024-05,Q2 2024
Bexley at Triangle Park,2024-05-20,1.6399844489425992,0.9285714285714286,1.5228427025895566,1.0,2024-05,Q2 2024
Bexley at Triangle Park,2024-05-21,1.6399844489425992,0.9308755760368663,1.5266214686009447,1.0,2024-05,Q2 2024
Bexley at Triangle Park,2024-05-22,1.6399844489425992,0.9285714285714286,1.5228427025895566,1.0,2024-05,Q2 2024
Bexley at Triangle Park,2024-05-23,1.6399844489425992,0.9285714285714286,1.5228427025895566,1.0,2024-05,Q2 2024
Bexley at Triangle Park,2024-05-24,1.6399844489425992,0.9262672811059908,1.519063936578168,1.0,2024-05,Q2 2024
Bexley at Triangle Park,2024-05-25,1.6399844489425992,0.9239631336405529,1.5152851705667794,1.0,2024-05,Q2 2024
Bexley at Triangle Park,2024-05-26,1.6399844489425992,0.9193548387096774,1.5077276385440024,1.0,2024-05,Q2 2024
Bexley at Triangle Park,2024-05-27,1.6399844489425992,0.9193548387096774,1.5077276385440024,1.0,2024-05,Q2 2024
Bexley at Triangle Park,2024-05-28,1.643637221608829,0.9193548387096774,1.5110858327694072,1.0,2024-05,Q2 2024
Bexley at Triangle Park,2024-05-29,1.644516828832427,0.9009216589861752,1.481580829662394,1.0,2024-05,Q2 2024
Bexley at Triangle Park,2024-05-30,1.644516828832427,0.9147465437788018,1.504316085360538,1.0,2024-05,Q2 2024
Bexley at Triangle Park,2024-05-31,1.644516828832427,0.9147465437788018,1.504316085360538,1.0,2024-05,Q2 2024
Bexley at Triangle Park,2024-06-01,1.644516828832427,0.9147465437788018,1.504316085360538,1.0,2024-06,Q2 2024
Bexley at Triangle Park,2024-06-02,1.644516828832427,0.9147465437788018,1.504316085360538,1.0,2024-06,Q2 2024
Bexley at Triangle Park,2024-06-03,1.644516828832427,0.9124423963133641,1.5005268760775141,1.0,2024-06,Q2 2024
Bexley at Triangle Park,2024-06-04,1.644516828832427,0.9124423963133641,1.5005268760775141,1.0,2024-06,Q2 2024
Bexley at Triangle Park,2024-06-05,1.646878708186395,0.9124423963133641,1.5026819549350516,1.0,2024-06,Q2 2024
Bexley at Triangle Park,2024-06-06,1.653927483662774,0.9124423963133641,1.509113556521794,1.0,2024-06,Q2 2024
Bexley at Triangle Park,2024-06-07,1.653927483662774,0.9170506912442397,1.5167353421607928,1.0,2024-06,Q2 2024
Bexley at Triangle Park,2024-06-08,1.653927483662774,0.9124423963133641,1.509113556521794,1.0,2024-06,Q2 2024
Bexley at Triangle Park,2024-06-09,1.6559390664061755,0.9124423963133641,1.5109490099005658,1.0,2024-06,Q2 2024
Bexley at Triangle Park,2024-06-10,1.653994307103189,0.9147465437788018,1.5129855758524564,1.0,2024-06,Q2 2024
Bexley at Triangle Park,2024-06-11,1.65274921848826,0.9170506912442397,1.5156548132680356,1.0,2024-06,Q2 2024
Bexley at Triangle Park,2024-06-12,1.65274921848826,0.9193548387096774,1.5194629911908195,1.0,2024-06,Q2 2024
Bexley at Triangle Park,2024-06-13,1.65647358687258,0.9193548387096774,1.5228870072860814,1.0,2024-06,Q2 2024
Bexley at Triangle Park,2024-06-14,1.6609999756816225,0.9216589861751152,1.5308755536236152,1.0,2024-06,Q2 2024
Bexley at Triangle Park,2024-06-15,1.6609999756816225,0.9285714285714286,1.5423571202757924,1.0,2024-06,Q2 2024
Bexley at Triangle Park,2024-06-16,1.6609999756816225,0.9285714285714286,1.5423571202757924,1.0,2024-06,Q2 2024
Bexley at Triangle Park,2024-06-17,1.6609999756816225,0.9285714285714286,1.5423571202757924,1.0,2024-06,Q2 2024
Bexley at Triangle Park,2024-06-18,1.6609999756816225,0.9285714285714286,1.5423571202757924,1.0,2024-06,Q2 2024
Bexley at Triangle Park,2024-06-19,1.6609999756816225,0.9239631336405529,1.5347027425076742,1.0,2024-06,Q2 2024
Bexley at Triangle Park,2024-06-20,1.6609999756816225,0.9239631336405529,1.5347027425076742,1.0,2024-06,Q2 2024
Bexley at Triangle Park,2024-06-21,1.6609999756816225,0.9239631336405529,1.5347027425076742,1.0,2024-06,Q2 2024
Bexley at Triangle Park,2024-06-22,1.6609999756816225,0.9239631336405529,1.5347027425076742,1.0,2024-06,Q2 2024
Bexley at Triangle Park,2024-06-23,1.6609999756816225,0.9239631336405529,1.5347027425076742,1.0,2024-06,Q2 2024
Bexley at Triangle Park,2024-06-24,1.6609999756816225,0.9239631336405529,1.5347027425076742,1.0,2024-06,Q2 2024
Bexley at Triangle Park,2024-06-25,1.6609999756816225,0.9193548387096774,1.527048364739556,1.0,2024-06,Q2 2024
Bexley at Triangle Park,2024-06-26,1.6609999756816225,0.9193548387096774,1.527048364739556,1.0,2024-06,Q2 2024
Bexley at Triangle Park,2024-06-27,1.6603897897621582,0.9193548387096774,1.5264873873619842,1.0,2024-06,Q2 2024
Bexley at Triangle Park,2024-06-28,1.6603897897621582,0.9216589861751152,1.5303131702877035,1.0,2024-06,Q2 2024
Bexley at Triangle Park,2024-06-29,1.6603897897621582,0.9216589861751152,1.5303131702877035,1.0,2024-06,Q2 2024
Bexley at Triangle Park,2024-06-30,1.6580615243719623,0.9216589861751152,1.528167303568629,1.0,2024-06,Q2 2024
Bexley at Triangle Park,2024-07-01,1.6580430535887487,0.9239631336405529,1.5319706555048116,1.0,2024-07,Q3 2024
Bexley at Triangle Park,2024-07-02,1.6580430535887487,0.9262672811059908,1.5357910312043248,1.0,2024-07,Q3 2024
Bexley at Triangle Park,2024-07-03,1.6575553001869565,0.9239631336405529,1.5315199893432478,1.0,2024-07,Q3 2024
Bexley at Triangle Park,2024-07-04,1.6618203415487383,0.9331797235023042,1.5507770468369562,1.0,2024-07,Q3 2024
Bexley at Triangle Park,2024-07-05,1.6618203415487383,0.9377880184331797,1.558435205092941,1.0,2024-07,Q3 2024
Bexley at Triangle Park,2024-07-06,1.6584823949383958,0.935483870967742,1.551483530748822,1.0,2024-07,Q3 2024
Bexley at Triangle Park,2024-07-07,1.6584823949383958,0.9400921658986175,1.5591263067623629,1.0,2024-07,Q3 2024
Bexley at Triangle Park,2024-07-08,1.661032834318695,0.9400921658986175,1.5615239548433817,1.0,2024-07,Q3 2024
Bexley at Triangle Park,2024-07-09,1.661032834318695,0.9423963133640553,1.565351219438586,1.0,2024-07,Q3 2024
Bexley at Triangle Park,2024-07-10,1.661032834318695,0.9400921658986175,1.5615239548433817,1.0,2024-07,Q3 2024
Bexley at Triangle Park,2024-07-11,1.6626931012015205,0.9377880184331797,1.5592536686382923,1.0,2024-07,Q3 2024
Bexley at Triangle Park,2024-07-12,1.6585798891332324,0.9423963133640553,1.5630395729389217,1.0,2024-07,Q3 2024
Bexley at Triangle Park,2024-07-13,1.6585798891332324,0.9493087557603687,1.574504410882239,1.0,2024-07,Q3 2024
Bexley at Triangle Park,2024-07-14,1.6585798891332324,0.9493087557603687,1.574504410882239,1.0,2024-07,Q3 2024
Bexley at Triangle Park,2024-07-15,1.6585798891332324,0.9493087557603687,1.574504410882239,1.0,2024-07,Q3 2024
Bexley at Triangle Park,2024-07-16,1.6568395183523987,0.9493087557603687,1.5728522616617242,1.0,2024-07,Q3 2024
Bexley at Triangle Park,2024-07-17,1.6568395183523987,0.9493087557603687,1.5728522616617242,1.0,2024-07,Q3 2024
Bexley at Triangle Park,2024-07-18,1.6568395183523987,0.9447004608294931,1.5652170565080266,1.0,2024-07,Q3 2024
Bexley at Triangle Park,2024-07-19,1.6568395183523987,0.9447004608294931,1.5652170565080266,1.0,2024-07,Q3 2024
Bexley at Triangle Park,2024-07-20,1.6556892238780538,0.9447004608294931,1.5641303727880231,1.0,2024-07,Q3 2024
Bexley at Triangle Park,2024-07-21,1.6556892238780538,0.9470046082949308,1.5679453249167745,1.0,2024-07,Q3 2024
Bexley at Triangle Park,2024-07-22,1.6556892238780538,0.9470046082949308,1.5679453249167745,1.0,2024-07,Q3 2024
Bexley at Triangle Park,2024-07-23,1.6556892238780538,0.9447004608294931,1.5641303727880231,1.0,2024-07,Q3 2024
Bexley at Triangle Park,2024-07-24,1.6556892238780538,0.9447004608294931,1.5641303727880231,1.0,2024-07,Q3 2024
Bexley at Triangle Park,2024-07-25,1.6556892238780538,0.9447004608294931,1.5641303727880231,1.0,2024-07,Q3 2024
Bexley at Triangle Park,2024-07-26,1.6546101814607301,0.9447004608294931,1.563111000919123,1.0,2024-07,Q3 2024
Bexley at Triangle Park,2024-07-27,1.6524785856664506,0.9447004608294931,1.5610972813899648,1.0,2024-07,Q3 2024
Bexley at Triangle Park,2024-07-28,1.6520584979761297,0.9493087557603687,1.5683135971570632,1.0,2024-07,Q3 2024
Bexley at Triangle Park,2024-07-29,1.6508352539280162,0.9516129032258065,1.570956128737951,1.0,2024-07,Q3 2024
Bexley at Triangle Park,2024-07-30,1.6519072031992272,0.9539170506912442,1.5757824472914288,1.0,2024-07,Q3 2024
Bexley at Triangle Park,2024-07-31,1.6512027571935026,0.9493087557603687,1.5675012349394541,1.0,2024-07,Q3 2024
Bexley at Triangle Park,2024-08-01,1.6512027571935026,0.9493087557603687,1.5675012349394541,1.0,2024-08,Q3 2024
Bexley at Triangle Park,2024-08-02,1.6512027571935026,0.9470046082949308,1.5636966202915428,1.0,2024-08,Q3 2024
Bexley at Triangle Park,2024-08-03,1.6501110769334477,0.9470046082949308,1.5626627940544862,1.0,2024-08,Q3 2024
Bexley at Triangle Park,2024-08-04,1.6496569495384175,0.9447004608294931,1.5584316804395189,1.0,2024-08,Q3 2024
Bexley at Triangle Park,2024-08-05,1.6528341902667936,0.9470046082949308,1.565241594930074,1.0,2024-08,Q3 2024
Bexley at Triangle Park,2024-08-06,1.6516448645764594,0.9493087557603687,1.5679209313490814,1.0,2024-08,Q3 2024
Bexley at Triangle Park,2024-08-07,1.6516448645764594,0.9493087557603687,1.5679209313490814,1.0,2024-08,Q3 2024
Bexley at Triangle Park,2024-08-08,1.6516448645764594,0.9470046082949308,1.564115298020564,1.0,2024-08,Q3 2024
Bexley at Triangle Park,2024-08-09,1.6516448645764594,0.9470046082949308,1.564115298020564,1.0,2024-08,Q3 2024
Bexley at Triangle Park,2024-08-10,1.6516448645764594,0.9470046082949308,1.564115298020564,1.0,2024-08,Q3 2024
Bexley at Triangle Park,2024-08-11,1.6516448645764594,0.9470046082949308,1.564115298020564,1.0,2024-08,Q3 2024
Bexley at Triangle Park,2024-08-12,1.6516448645764594,0.9470046082949308,1.564115298020564,1.0,2024-08,Q3 2024
Bexley at Triangle Park,2024-08-13,1.6516448645764594,0.9447004608294931,1.560309664692047,1.0,2024-08,Q3 2024
Bexley at Triangle Park,2024-08-14,1.6516448645764594,0.9423963133640553,1.5565040313635297,1.0,2024-08,Q3 2024
Bexley at Triangle Park,2024-08-15,1.6516448645764594,0.9423963133640553,1.5565040313635297,1.0,2024-08,Q3 2024
Bexley at Triangle Park,2024-08-16,1.6516448645764594,0.9423963133640553,1.5565040313635297,1.0,2024-08,Q3 2024
Bexley at Triangle Park,2024-08-17,1.6516448645764594,0.9400921658986175,1.5526983980350126,1.0,2024-08,Q3 2024
Bexley at Triangle Park,2024-08-18,1.6516448645764594,0.9400921658986175,1.5526983980350126,1.0,2024-08,Q3 2024
Bexley at Triangle Park,2024-08-19,1.6516448645764594,0.9400921658986175,1.5526983980350126,1.0,2024-08,Q3 2024
Bexley at Triangle Park,2024-08-20,1.6516448645764594,0.9400921658986175,1.5526983980350126,1.0,2024-08,Q3 2024
Bexley at Triangle Park,2024-08-21,1.6516448645764594,0.9400921658986175,1.5526983980350126,1.0,2024-08,Q3 2024
Bexley at Triangle Park,2024-08-22,1.6495642280225593,0.9377880184331797,1.5469415686755337,1.0,2024-08,Q3 2024
Bexley at Triangle Park,2024-08-23,1.6495642280225593,0.9400921658986175,1.550742407910609,1.0,2024-08,Q3 2024
Bexley at Triangle Park,2024-08-24,1.6495642280225593,0.935483870967742,1.5431407294404589,1.0,2024-08,Q3 2024
Bexley at Triangle Park,2024-08-25,1.6495642280225593,0.935483870967742,1.5431407294404589,1.0,2024-08,Q3 2024
Bexley at Triangle Park,2024-08-26,1.647440778313498,0.9331797235023042,1.537358329993011,1.0,2024-08,Q3 2024
Bexley at Triangle Park,2024-08-27,1.647440778313498,0.935483870967742,1.541154276486821,1.0,2024-08,Q3 2024
Bexley at Triangle Park,2024-08-28,1.647440778313498,0.935483870967742,1.541154276486821,1.0,2024-08,Q3 2024
Bexley at Triangle Park,2024-08-29,1.647440778313498,0.9331797235023042,1.537358329993011,1.0,2024-08,Q3 2024
Bexley at Triangle Park,2024-08-30,1.647440778313498,0.9331797235023042,1.537358329993011,1.0,2024-08,Q3 2024
Bexley at Triangle Park,2024-08-31,1.647440778313498,0.9308755760368663,1.533562383499201,1.0,2024-08,Q3 2024
Bexley at Triangle Park,2024-09-01,1.6462250015649267,0.9285714285714286,1.5286375014531464,1.0,2024-09,Q3 2024
Bexley at Triangle Park,2024-09-02,1.6462250015649267,0.9308755760368663,1.5324306466180424,1.0,2024-09,Q3 2024
Bexley at Triangle Park,2024-09-03,1.6462250015649267,0.9308755760368663,1.5324306466180424,1.0,2024-09,Q3 2024
Bexley at Triangle Park,2024-09-04,1.6462250015649267,0.9239631336405529,1.5210512111233538,1.0,2024-09,Q3 2024
Bexley at Triangle Park,2024-09-05,1.6449193551687582,0.9193548387096774,1.5122645684616003,1.0,2024-09,Q3 2024
Bexley at Triangle Park,2024-09-06,1.6437673142309628,0.9193548387096774,1.5112054340510463,1.0,2024-09,Q3 2024
Bexley at Triangle Park,2024-09-07,1.6437673142309628,0.9216589861751152,1.5149929163419011,1.0,2024-09,Q3 2024
Bexley at Triangle Park,2024-09-08,1.6424232664702014,0.9216589861751152,1.513754162645347,1.0,2024-09,Q3 2024
Bexley at Triangle Park,2024-09-09,1.6424232664702014,0.9239631336405529,1.5175385480519603,1.0,2024-09,Q3 2024
Bexley at Triangle Park,2024-09-10,1.6424232664702014,0.9216589861751152,1.513754162645347,1.0,2024-09,Q3 2024
Bexley at Triangle Park,2024-09-11,1.6424232664702014,0.9216589861751152,1.513754162645347,1.0,2024-09,Q3 2024
Bexley at Triangle Park,2024-09-12,1.6424232664702014,0.9193548387096774,1.5099697772387335,1.0,2024-09,Q3 2024
Bexley at Triangle Park,2024-09-13,1.6424232664702014,0.9193548387096774,1.5099697772387335,1.0,2024-09,Q3 2024
Bexley at Triangle Park,2024-09-14,1.6430547245595015,0.9193548387096774,1.5105503112885739,1.0,2024-09,Q3 2024
Bexley at Triangle Park,2024-09-15,1.6449464147488555,0.9170506912442397,1.5084992467051717,1.0,2024-09,Q3 2024
Bexley at Triangle Park,2024-09-16,1.6449464147488555,0.9193548387096774,1.512289445817496,1.0,2024-09,Q3 2024
Bexley at Triangle Park,2024-09-17,1.6436934815061692,0.9193548387096774,1.5111375555782522,1.0,2024-09,Q3 2024
Bexley at Triangle Park,2024-09-18,1.644331499238959,0.9216589861751152,1.5155129025243863,1.0,2024-09,Q3 2024
Bexley at Triangle Park,2024-09-19,1.6455191343890823,0.9193548387096774,1.5128159783899626,1.0,2024-09,Q3 2024
Bexley at Triangle Park,2024-09-20,1.6455191343890823,0.9193548387096774,1.5128159783899626,1.0,2024-09,Q3 2024
Bexley at Triangle Park,2024-09-21,1.6477979311395157,0.9147465437788018,1.507317462355732,1.0,2024-09,Q3 2024
Bexley at Triangle Park,2024-09-22,1.6486406450293851,0.9147465437788018,1.5080883319738845,1.0,2024-09,Q3 2024
Bexley at Triangle Park,2024-09-23,1.6496342626040004,0.9170506912442397,1.5127982408211802,1.0,2024-09,Q3 2024
Bexley at Triangle Park,2024-09-24,1.6496342626040004,0.9124423963133641,1.5051962396110234,1.0,2024-09,Q3 2024
Bexley at Triangle Park,2024-09-25,1.6483238924759254,0.9078341013824884,1.4964046397131672,1.0,2024-09,Q3 2024
Bexley at Triangle Park,2024-09-26,1.6483238924759254,0.9101382488479263,1.5002026210322361,1.0,2024-09,Q3 2024
Bexley at Triangle Park,2024-09-27,1.6473240060763905,0.9078341013824884,1.4954969087421608,1.0,2024-09,Q3 2024
Bexley at Triangle Park,2024-09-28,1.64882178953214,0.9124423963133641,1.5044549047343951,1.0,2024-09,Q3 2024
Bexley at Triangle Park,2024-09-29,1.6476132636891754,0.9147465437788018,1.5071485384437848,1.0,2024-09,Q3 2024
Bexley at Triangle Park,2024-09-30,1.6461645249809693,0.9170506912442397,1.5096163155355433,1.0,2024-09,Q3 2024
Bexley at Triangle Park,2024-10-01,1.6476914965658367,0.9193548387096774,1.5148131500685917,1.0,2024-10,Q4 2024
Bexley at Triangle Park,2024-10-02,1.6476914965658367,0.9216589861751152,1.5186096742542274,1.0,2024-10,Q4 2024
Bexley at Triangle Park,2024-10-03,1.6476914965658367,0.9193548387096774,1.5148131500685917,1.0,2024-10,Q4 2024
Bexley at Triangle Park,2024-10-04,1.6470429263860165,0.9170506912442397,1.5104218541512318,1.0,2024-10,Q4 2024
Bexley at Triangle Park,2024-10-05,1.6470429263860165,0.9193548387096774,1.5142168839355312,1.0,2024-10,Q4 2024
Bexley at Triangle Park,2024-10-06,1.6470429263860165,0.9193548387096774,1.5142168839355312,1.0,2024-10,Q4 2024
Bexley at Triangle Park,2024-10-07,1.6470429263860165,0.9193548387096774,1.5142168839355312,1.0,2024-10,Q4 2024
Bexley at Triangle Park,2024-10-08,1.6470429263860165,0.9170506912442397,1.5104218541512318,1.0,2024-10,Q4 2024
Bexley at Triangle Park,2024-10-09,1.645889602838235,0.9170506912442397,1.5093641979945105,1.0,2024-10,Q4 2024
Bexley at Triangle Park,2024-10-10,1.646915649471028,0.9216589861751152,1.5178946078073992,1.0,2024-10,Q4 2024
Bexley at Triangle Park,2024-10-11,1.646915649471028,0.9239631336405529,1.5216893443269175,1.0,2024-10,Q4 2024
Bexley at Triangle Park,2024-10-12,1.6493184643164995,0.9239631336405529,1.5239094566610973,1.0,2024-10,Q4 2024
Bexley at Triangle Park,2024-10-13,1.6493184643164995,0.9262672811059908,1.5277097296203521,1.0,2024-10,Q4 2024
Bexley at Triangle Park,2024-10-14,1.6474443607292528,0.9262672811059908,1.5259738087860821,1.0,2024-10,Q4 2024
Bexley at Triangle Park,2024-10-15,1.646223100606333,0.9308755760368663,1.5324288770621164,1.0,2024-10,Q4 2024
Bexley at Triangle Park,2024-10-16,1.646223100606333,0.9308755760368663,1.5324288770621164,1.0,2024-10,Q4 2024
Bexley at Triangle Park,2024-10-17,1.646223100606333,0.9308755760368663,1.5324288770621164,1.0,2024-10,Q4 2024
Bexley at Triangle Park,2024-10-18,1.646223100606333,0.9262672811059908,1.524842595492502,1.0,2024-10,Q4 2024
Bexley at Triangle Park,2024-10-19,1.646223100606333,0.9262672811059908,1.524842595492502,1.0,2024-10,Q4 2024
Bexley at Triangle Park,2024-10-20,1.6460017597964212,0.9262672811059908,1.524637574742307,1.0,2024-10,Q4 2024
Bexley at Triangle Park,2024-10-21,1.6460017597964212,0.9285714285714286,1.5284302055252483,1.0,2024-10,Q4 2024
Bexley at Triangle Park,2024-10-22,1.6460017597964212,0.9285714285714286,1.5284302055252483,1.0,2024-10,Q4 2024
Bexley at Triangle Park,2024-10-23,1.6460017597964212,0.9239631336405529,1.520844943959366,1.0,2024-10,Q4 2024
Bexley at Triangle Park,2024-10-24,1.6460017597964212,0.9239631336405529,1.520844943959366,1.0,2024-10,Q4 2024
Bexley at Triangle Park,2024-10-25,1.6460017597964212,0.9239631336405529,1.520844943959366,1.0,2024-10,Q4 2024
Bexley at Triangle Park,2024-10-26,1.643756420790687,0.9216589861751152,1.5149828763047806,1.0,2024-10,Q4 2024
Bexley at Triangle Park,2024-10-27,1.643756420790687,0.9239631336405529,1.5187703334955425,1.0,2024-10,Q4 2024
Bexley at Triangle Park,2024-10-28,1.643756420790687,0.9239631336405529,1.5187703334955425,1.0,2024-10,Q4 2024
Bexley at Triangle Park,2024-10-29,1.6463055513409712,0.9216589861751152,1.5173323053833836,1.0,2024-10,Q4 2024
Bexley at Triangle Park,2024-10-30,1.6463055513409712,0.9216589861751152,1.5173323053833836,1.0,2024-10,Q4 2024
Bexley at Triangle Park,2024-10-31,1.645394556994321,0.9216589861751152,1.5164926792574387,1.0,2024-10,Q4 2024
Bexley at Triangle Park,2024-11-01,1.645394556994321,0.9193548387096774,1.512701447559295,1.0,2024-11,Q4 2024
Bexley at Triangle Park,2024-11-02,1.645394556994321,0.9147465437788018,1.5051189841630077,1.0,2024-11,Q4 2024
Bexley at Triangle Park,2024-11-03,1.645394556994321,0.9147465437788018,1.5051189841630077,1.0,2024-11,Q4 2024
Bexley at Triangle Park,2024-11-04,1.645394556994321,0.9147465437788018,1.5051189841630077,1.0,2024-11,Q4 2024
Bexley at Triangle Park,2024-11-05,1.645394556994321,0.9101382488479263,1.4975365207667206,1.0,2024-11,Q4 2024
Bexley at Triangle Park,2024-11-06,1.6426980014792933,0.9055299539170507,1.4875122455791758,1.0,2024-11,Q4 2024
Bexley at Triangle Park,2024-11-07,1.6413460417043357,0.9101382488479263,1.4938518121502595,1.0,2024-11,Q4 2024
Bexley at Triangle Park,2024-11-08,1.6413460417043357,0.9170506912442397,1.5051975221159577,1.0,2024-11,Q4 2024
Bexley at Triangle Park,2024-11-09,1.6405867817979536,0.9170506912442397,1.5045012422939759,1.0,2024-11,Q4 2024
Bexley at Triangle Park,2024-11-10,1.6405867817979536,0.9193548387096774,1.5082813961690862,1.0,2024-11,Q4 2024
Bexley at Triangle Park,2024-11-11,1.6384563351192356,0.9193548387096774,1.506322759706394,1.0,2024-11,Q4 2024
Bexley at Triangle Park,2024-11-12,1.6384563351192356,0.9216589861751152,1.5100980047181896,1.0,2024-11,Q4 2024
Bexley at Triangle Park,2024-11-13,1.6396809965235941,0.9193548387096774,1.5074486580942719,1.0,2024-11,Q4 2024
Bexley at Triangle Park,2024-11-14,1.6396809965235941,0.9239631336405529,1.5150047917188045,1.0,2024-11,Q4 2024
Bexley at Triangle Park,2024-11-15,1.6396809965235941,0.9239631336405529,1.5150047917188045,1.0,2024-11,Q4 2024
Bexley at Triangle Park,2024-11-16,1.6380551541779638,0.9216589861751152,1.5097282526985842,1.0,2024-11,Q4 2024
Bexley at Triangle Park,2024-11-17,1.6389348434063944,0.9216589861751152,1.5105390261810088,1.0,2024-11,Q4 2024
Bexley at Triangle Park,2024-11-18,1.6389348434063944,0.9262672811059908,1.5180917213119136,1.0,2024-11,Q4 2024
Bexley at Triangle Park,2024-11-19,1.638648998791741,0.9239631336405529,1.5140512638605716,1.0,2024-11,Q4 2024
Bexley at Triangle Park,2024-11-20,1.638648998791741,0.9239631336405529,1.5140512638605716,1.0,2024-11,Q4 2024
Bexley at Triangle Park,2024-11-21,1.6388751316040642,0.9239631336405529,1.5142602022424647,1.0,2024-11,Q4 2024
Bexley at Triangle Park,2024-11-22,1.6370415705766999,0.9262672811059908,1.5163380446355608,1.0,2024-11,Q4 2024
Bexley at Triangle Park,2024-11-23,1.6369412192464108,0.9308755760368663,1.523788600404493,1.0,2024-11,Q4 2024
Bexley at Triangle Park,2024-11-24,1.6369412192464108,0.9308755760368663,1.523788600404493,1.0,2024-11,Q4 2024
Bexley at Triangle Park,2024-11-25,1.637369513732683,0.9308755760368663,1.524187289281115,1.0,2024-11,Q4 2024
Bexley at Triangle Park,2024-11-26,1.635456337390139,0.9331797235023042,1.5261746927258208,1.0,2024-11,Q4 2024
Bexley at Triangle Park,2024-11-27,1.630576788820446,0.9308755760368663,1.5178641075655765,1.0,2024-11,Q4 2024
Bexley at Triangle Park,2024-11-28,1.630576788820446,0.935483870967742,1.5253782863159013,1.0,2024-11,Q4 2024
Bexley at Triangle Park,2024-11-29,1.630576788820446,0.935483870967742,1.5253782863159013,1.0,2024-11,Q4 2024
Bexley at Triangle Park,2024-11-30,1.630576788820446,0.935483870967742,1.5253782863159013,1.0,2024-11,Q4 2024
Bexley at Triangle Park,2024-12-01,1.6293252573434358,0.9331797235023042,1.520453293143068,1.0,2024-12,Q4 2024
Bexley at Triangle Park,2024-12-02,1.6293252573434358,0.935483870967742,1.5242074988051497,1.0,2024-12,Q4 2024
Bexley at Triangle Park,2024-12-03,1.628837689346557,0.9331797235023042,1.519998304574552,1.0,2024-12,Q4 2024
Bexley at Triangle Park,2024-12-04,1.6244535105289637,0.9377880184331797,1.5233930386757792,1.0,2024-12,Q4 2024
Bexley at Triangle Park,2024-12-05,1.625140905475825,0.9423963133640553,1.5315267980175402,1.0,2024-12,Q4 2024
Bexley at Triangle Park,2024-12-06,1.625140905475825,0.9447004608294931,1.5352713623158716,1.0,2024-12,Q4 2024
Bexley at Triangle Park,2024-12-07,1.6257959739794126,0.9400921658986175,1.5283980584875585,1.0,2024-12,Q4 2024
Bexley at Triangle Park,2024-12-08,1.6254190809251978,0.9470046082949308,1.5392793600466734,1.0,2024-12,Q4 2024
Bexley at Triangle Park,2024-12-09,1.6254190809251978,0.9493087557603687,1.5430245653022616,1.0,2024-12,Q4 2024
Bexley at Triangle Park,2024-12-10,1.6254190809251978,0.9470046082949308,1.5392793600466734,1.0,2024-12,Q4 2024
Bexley at Triangle Park,2024-12-11,1.624541947999025,0.9447004608294931,1.5347055269115215,1.0,2024-12,Q4 2024
Bexley at Triangle Park,2024-12-12,1.624541947999025,0.9447004608294931,1.5347055269115215,1.0,2024-12,Q4 2024
Bexley at Triangle Park,2024-12-13,1.624541947999025,0.9447004608294931,1.5347055269115215,1.0,2024-12,Q4 2024
Bexley at Triangle Park,2024-12-14,1.624541947999025,0.9447004608294931,1.5347055269115215,1.0,2024-12,Q4 2024
Bexley at Triangle Park,2024-12-15,1.624541947999025,0.9447004608294931,1.5347055269115215,1.0,2024-12,Q4 2024
Bexley at Triangle Park,2024-12-16,1.624541947999025,0.9447004608294931,1.5347055269115215,1.0,2024-12,Q4 2024
Bexley at Triangle Park,2024-12-17,1.624541947999025,0.9447004608294931,1.5347055269115215,1.0,2024-12,Q4 2024
Bexley at Triangle Park,2024-12-18,1.6233106324852116,0.9423963133640553,1.529801955498736,1.0,2024-12,Q4 2024
Bexley at Triangle Park,2024-12-19,1.6233106324852116,0.9377880184331797,1.5223212613398183,1.0,2024-12,Q4 2024
Bexley at Triangle Park,2024-12-20,1.6231807106196896,0.9377880184331797,1.5221994221709991,1.0,2024-12,Q4 2024
Bexley at Triangle Park,2024-12-21,1.6231807106196896,0.9423963133640553,1.529679517611643,1.0,2024-12,Q4 2024
Bexley at Triangle Park,2024-12-22,1.6231807106196896,0.9423963133640553,1.529679517611643,1.0,2024-12,Q4 2024
Bexley at Triangle Park,2024-12-23,1.6231807106196896,0.9423963133640553,1.529679517611643,1.0,2024-12,Q4 2024
Bexley at Triangle Park,2024-12-24,1.6231807106196896,0.9423963133640553,1.529679517611643,1.0,2024-12,Q4 2024
Bexley at Triangle Park,2024-12-25,1.6211530805614789,0.9423963133640553,1.527768686519919,1.0,2024-12,Q4 2024
Bexley at Triangle Park,2024-12-26,1.6210948278892865,0.9447004608294931,1.5314490309553168,1.0,2024-12,Q4 2024
Bexley at Triangle Park,2024-12-27,1.6210948278892865,0.9447004608294931,1.5314490309553168,1.0,2024-12,Q4 2024
Bexley at Triangle Park,2024-12-28,1.6210948278892865,0.9447004608294931,1.5314490309553168,1.0,2024-12,Q4 2024
Bexley at Triangle Park,2024-12-29,1.6210948278892865,0.9447004608294931,1.5314490309553168,1.0,2024-12,Q4 2024
Bexley at Triangle Park,2024-12-30,1.6210948278892865,0.9447004608294931,1.5314490309553168,1.0,2024-12,Q4 2024
Bexley at Triangle Park,2024-12-31,1.6210948278892865,0.9447004608294931,1.5314490309553168,1.0,2024-12,Q4 2024
Bexley at Triangle Park,2025-01-01,1.6228283295477934,0.9447004608294931,1.533086670770957,1.0,2025-01,Q1 2025
Bexley at Triangle Park,2025-01-02,1.6228283295477934,0.9470046082949308,1.536825906553325,1.0,2025-01,Q1 2025
Bexley at Triangle Park,2025-01-03,1.6228283295477934,0.9447004608294931,1.533086670770957,1.0,2025-01,Q1 2025
Bexley at Triangle Park,2025-01-04,1.6228283295477934,0.9423963133640553,1.5293474349885887,1.0,2025-01,Q1 2025
Bexley at Triangle Park,2025-01-05,1.6198260620530684,0.9423963133640553,1.5265181091698272,1.0,2025-01,Q1 2025
Bexley at Triangle Park,2025-01-06,1.6198260620530684,0.9493087557603687,1.537715063515816,1.0,2025-01,Q1 2025
Bexley at Triangle Park,2025-01-07,1.6198260620530684,0.9493087557603687,1.537715063515816,1.0,2025-01,Q1 2025
Bexley at Triangle Park,2025-01-08,1.619016816855511,0.9493087557603687,1.5369468399642179,1.0,2025-01,Q1 2025
Bexley at Triangle Park,2025-01-09,1.619016816855511,0.9493087557603687,1.5369468399642179,1.0,2025-01,Q1 2025
Bexley at Triangle Park,2025-01-10,1.6182780103342764,0.9493087557603687,1.536245484464797,1.0,2025-01,Q1 2025
Bexley at Triangle Park,2025-01-11,1.6173625965794083,0.9516129032258065,1.5391031160997595,1.0,2025-01,Q1 2025
Bexley at Triangle Park,2025-01-12,1.6173625965794083,0.956221198156682,1.546556399954964,1.0,2025-01,Q1 2025
Bexley at Triangle Park,2025-01-13,1.6173625965794083,0.956221198156682,1.546556399954964,1.0,2025-01,Q1 2025
Bexley at Triangle Park,2025-01-14,1.6173625965794083,0.9539170506912442,1.5428297580273618,1.0,2025-01,Q1 2025
Bexley at Triangle Park,2025-01-15,1.6151261253365345,0.9516129032258065,1.5369748612073475,1.0,2025-01,Q1 2025
Bexley at Triangle Park,2025-01-16,1.6151261253365345,0.9493087557603687,1.533253372439291,1.0,2025-01,Q1 2025
Bexley at Triangle Park,2025-01-17,1.6151261253365345,0.9493087557603687,1.533253372439291,1.0,2025-01,Q1 2025
Bexley at Triangle Park,2025-01-18,1.6151261253365345,0.9493087557603687,1.533253372439291,1.0,2025-01,Q1 2025
Bexley at Triangle Park,2025-01-19,1.6151261253365345,0.9493087557603687,1.533253372439291,1.0,2025-01,Q1 2025
Bexley at Triangle Park,2025-01-20,1.6149142708043305,0.9493087557603687,1.533052257076922,1.0,2025-01,Q1 2025
Bexley at Triangle Park,2025-01-21,1.6148718998978897,0.9516129032258065,1.5367329369996048,1.0,2025-01,Q1 2025
Bexley at Triangle Park,2025-01-22,1.6148718998978897,0.9539170506912442,1.5404538399947612,1.0,2025-01,Q1 2025
Bexley at Triangle Park,2025-01-23,1.613580754401389,0.9539170506912442,1.5392221942907258,1.0,2025-01,Q1 2025
Bexley at Triangle Park,2025-01-24,1.613580754401389,0.9539170506912442,1.5392221942907258,1.0,2025-01,Q1 2025
Bexley at Triangle Park,2025-01-25,1.613580754401389,0.9516129032258065,1.5355042662851928,1.0,2025-01,Q1 2025
Bexley at Triangle Park,2025-01-26,1.6130338657005896,0.9516129032258065,1.5349838399408837,1.0,2025-01,Q1 2025
Bexley at Triangle Park,2025-01-27,1.6130338657005896,0.9539170506912442,1.5387005078342029,1.0,2025-01,Q1 2025
Bexley at Triangle Park,2025-01-28,1.6130338657005896,0.9539170506912442,1.5387005078342029,1.0,2025-01,Q1 2025
Bexley at Triangle Park,2025-01-29,1.6130338657005896,0.9516129032258065,1.5349838399408837,1.0,2025-01,Q1 2025
Bexley at Triangle Park,2025-01-30,1.6130338657005896,0.9470046082949308,1.527550504154245,1.0,2025-01,Q1 2025
Bexley at Triangle Park,2025-01-31,1.6148444888450997,0.9470046082949308,1.5292651726159814,1.0,2025-01,Q1 2025
Bexley at Triangle Park,2025-02-01,1.6148444888450997,0.9493087557603687,1.53298601245203,1.0,2025-02,Q1 2025
Bexley at Triangle Park,2025-02-02,1.6137438252747371,0.9470046082949308,1.5282228391426658,1.0,2025-02,Q1 2025
Bexley at Triangle Park,2025-02-03,1.6137438252747371,0.9493087557603687,1.5319411428875385,1.0,2025-02,Q1 2025
Bexley at Triangle Park,2025-02-04,1.613368092947603,0.9447004608294931,1.524149580895201,1.0,2025-02,Q1 2025
Bexley at Triangle Park,2025-02-05,1.613368092947603,0.9470046082949308,1.5278670188973844,1.0,2025-02,Q1 2025
Bexley at Triangle Park,2025-02-06,1.613368092947603,0.9447004608294931,1.524149580895201,1.0,2025-02,Q1 2025
Bexley at Triangle Park,2025-02-07,1.6122434339097143,0.9447004608294931,1.5230871149838314,1.0,2025-02,Q1 2025
Bexley at Triangle Park,2025-02-08,1.6122434339097143,0.9447004608294931,1.5230871149838314,1.0,2025-02,Q1 2025
Bexley at Triangle Park,2025-02-09,1.613137147494253,0.9447004608294931,1.5239314066189948,1.0,2025-02,Q1 2025
Bexley at Triangle Park,2025-02-10,1.6115056244998998,0.9493087557603687,1.5298163992948357,1.0,2025-02,Q1 2025
Bexley at Triangle Park,2025-02-11,1.6115056244998998,0.9516129032258065,1.533529545895066,1.0,2025-02,Q1 2025
Bexley at Triangle Park,2025-02-12,1.6115056244998998,0.9516129032258065,1.533529545895066,1.0,2025-02,Q1 2025
Bexley at Triangle Park,2025-02-13,1.613716383930989,0.9516129032258065,1.5356333330956187,1.0,2025-02,Q1 2025
Bexley at Triangle Park,2025-02-14,1.613716383930989,0.9539170506912442,1.5393515736115886,1.0,2025-02,Q1 2025
Bexley at Triangle Park,2025-02-15,1.611500550774936,0.9539170506912442,1.5372378525825425,1.0,2025-02,Q1 2025
Bexley at Triangle Park,2025-02-16,1.6104144958737328,0.956221198156682,1.5399124787732699,1.0,2025-02,Q1 2025
Bexley at Triangle Park,2025-02-17,1.6104144958737328,0.9585253456221198,1.5436231112522414,1.0,2025-02,Q1 2025
Bexley at Triangle Park,2025-02-18,1.6104144958737328,0.956221198156682,1.5399124787732699,1.0,2025-02,Q1 2025
Bexley at Triangle Park,2025-02-19,1.6104144958737328,0.956221198156682,1.5399124787732699,1.0,2025-02,Q1 2025
Bexley at Triangle Park,2025-02-20,1.6104144958737328,0.956221198156682,1.5399124787732699,1.0,2025-02,Q1 2025
Bexley at Triangle Park,2025-02-21,1.6104144958737328,0.9539170506912442,1.5362018462942981,1.0,2025-02,Q1 2025
Bexley at Triangle Park,2025-02-22,1.6104144958737328,0.9539170506912442,1.5362018462942981,1.0,2025-02,Q1 2025
Bexley at Triangle Park,2025-02-23,1.6104144958737328,0.9539170506912442,1.5362018462942981,1.0,2025-02,Q1 2025
Bexley at Triangle Park,2025-02-24,1.6104144958737328,0.9539170506912442,1.5362018462942981,1.0,2025-02,Q1 2025
Bexley at Triangle Park,2025-02-25,1.6102932960214478,0.9539170506912442,1.536086231688662,1.0,2025-02,Q1 2025
Bexley at Triangle Park,2025-02-26,1.6088335119871047,0.9585253456221198,1.5421076981258883,1.0,2025-02,Q1 2025
Bexley at Triangle Park,2025-02-27,1.6088335119871047,0.9608294930875576,1.5458146877848449,1.0,2025-02,Q1 2025
Bexley at Triangle Park,2025-02-28,1.6088335119871047,0.9608294930875576,1.5458146877848449,1.0,2025-02,Q1 2025
Bexley at Triangle Park,2025-03-01,1.6088335119871047,0.9608294930875576,1.5458146877848449,1.0,2025-03,Q1 2025
Bexley at Triangle Park,2025-03-02,1.6088335119871047,0.9585253456221198,1.5421076981258883,1.0,2025-03,Q1 2025
Bexley at Triangle Park,2025-03-03,1.6088335119871047,0.9585253456221198,1.5421076981258883,1.0,2025-03,Q1 2025
Bexley at Triangle Park,2025-03-04,1.6117421365288305,0.956221198156682,1.5411819969112088,1.0,2025-03,Q1 2025
Bexley at Triangle Park,2025-03-05,1.6117421365288305,0.9585253456221198,1.544895688470031,1.0,2025-03,Q1 2025
Bexley at Triangle Park,2025-03-06,1.6117421365288305,0.9539170506912442,1.5374683053523865,1.0,2025-03,Q1 2025
Bexley at Triangle Park,2025-03-07,1.6117421365288305,0.9539170506912442,1.5374683053523865,1.0,2025-03,Q1 2025
Bexley at Triangle Park,2025-03-08,1.6117421365288305,0.9539170506912442,1.5374683053523865,1.0,2025-03,Q1 2025
Bexley at Triangle Park,2025-03-09,1.6117421365288305,0.9539170506912442,1.5374683053523865,1.0,2025-03,Q1 2025
Bexley at Triangle Park,2025-03-10,1.6117421365288305,0.9493087557603687,1.5300409222347422,1.0,2025-03,Q1 2025
Bexley at Triangle Park,2025-03-11,1.6100446273766384,0.9447004608294931,1.52100990143876,1.0,2025-03,Q1 2025
Bexley at Triangle Park,2025-03-12,1.6099906796338883,0.9470046082949308,1.52466859292518,1.0,2025-03,Q1 2025
Bexley at Triangle Park,2025-03-13,1.608257008659817,0.9516129032258065,1.5304381211440194,1.0,2025-03,Q1 2025
Bexley at Triangle Park,2025-03-14,1.6078012770332673,0.9516129032258065,1.5300044410477867,1.0,2025-03,Q1 2025
Bexley at Triangle Park,2025-03-15,1.6078012770332673,0.9516129032258065,1.5300044410477867,1.0,2025-03,Q1 2025
Bexley at Triangle Park,2025-03-16,1.6078012770332673,0.9493087557603687,1.5262998298103827,1.0,2025-03,Q1 2025
Bexley at Triangle Park,2025-03-17,1.6069536892753478,0.9493087557603687,1.5254952073305144,1.0,2025-03,Q1 2025
Bexley at Triangle Park,2025-03-18,1.6061108611865698,0.9516129032258065,1.528395819516252,1.0,2025-03,Q1 2025
Bexley at Triangle Park,2025-03-19,1.6058920882825474,0.9539170506912442,1.5318878445828907,1.0,2025-03,Q1 2025
Bexley at Triangle Park,2025-03-20,1.6058920882825474,0.956221198156682,1.5355880567678737,1.0,2025-03,Q1 2025
Bexley at Triangle Park,2025-03-21,1.6058920882825474,0.9539170506912442,1.5318878445828907,1.0,2025-03,Q1 2025
Bexley at Triangle Park,2025-03-22,1.6058920882825474,0.9493087557603687,1.524487420212925,1.0,2025-03,Q1 2025
Bexley at Triangle Park,2025-03-23,1.6058920882825474,0.9493087557603687,1.524487420212925,1.0,2025-03,Q1 2025
Bexley at Triangle Park,2025-03-24,1.6058920882825474,0.9493087557603687,1.524487420212925,1.0,2025-03,Q1 2025
Bexley at Triangle Park,2025-03-25,1.6058733363193454,0.9493087557603687,1.5244696188100697,1.0,2025-03,Q1 2025
Bexley at Triangle Park,2025-03-26,1.6058733363193454,0.9493087557603687,1.5244696188100697,1.0,2025-03,Q1 2025
Bexley at Triangle Park,2025-03-27,1.6058733363193454,0.9447004608294931,1.517069280854681,1.0,2025-03,Q1 2025
Bexley at Triangle Park,2025-03-28,1.6049579785545298,0.9447004608294931,1.516204541952436,1.0,2025-03,Q1 2025
Bexley at Triangle Park,2025-03-29,1.6052535470245635,0.9400921658986175,1.5090862838387602,1.0,2025-03,Q1 2025
Bexley at Triangle Park,2025-03-30,1.6052535470245635,0.9423963133640553,1.5127850247305217,1.0,2025-03,Q1 2025
Bexley at Triangle Park,2025-03-31,1.6052535470245635,0.9423963133640553,1.5127850247305217,1.0,2025-03,Q1 2025
Bexley at Triangle Park,2025-04-01,1.6054332846076922,0.9423963133640553,1.5129544087662352,1.0,2025-04,Q2 2025
Bexley at Triangle Park,2025-04-02,1.6054332846076922,0.9377880184331797,1.5055560986989187,1.0,2025-04,Q2 2025
Bexley at Triangle Park,2025-04-03,1.6054332846076922,0.935483870967742,1.5018569436652605,1.0,2025-04,Q2 2025
Bexley at Triangle Park,2025-04-04,1.6055111990216617,0.935483870967742,1.5019298313428449,1.0,2025-04,Q2 2025
Bexley at Triangle Park,2025-04-05,1.6055111990216617,0.935483870967742,1.5019298313428449,1.0,2025-04,Q2 2025
Bexley at Triangle Park,2025-04-06,1.6055111990216617,0.9308755760368663,1.4945311622229294,1.0,2025-04,Q2 2025
Bexley at Triangle Park,2025-04-07,1.6055111990216617,0.9308755760368663,1.4945311622229294,1.0,2025-04,Q2 2025
Bexley at Triangle Park,2025-04-08,1.6068270065141514,0.9308755760368663,1.4957560152804543,1.0,2025-04,Q2 2025
Bexley at Triangle Park,2025-04-09,1.6068270065141514,0.935483870967742,1.5031607480293676,1.0,2025-04,Q2 2025
Bexley at Triangle Park,2025-04-10,1.6116683687180446,0.9331797235023042,1.5039762426977146,1.0,2025-04,Q2 2025
Bexley at Triangle Park,2025-04-11,1.611656067111292,0.9423963133640553,1.518818736056494,1.0,2025-04,Q2 2025
Bexley at Triangle Park,2025-04-12,1.611656067111292,0.9447004608294931,1.522532229298686,1.0,2025-04,Q2 2025
Bexley at Triangle Park,2025-04-13,1.6162514508641936,0.9447004608294931,1.5268734904477406,1.0,2025-04,Q2 2025
Heights at Meridian,2023-11-12,1.6793298940071262,0.9262536873156342,1.5554855065434738,1.0,2023-11,Q4 2023
Heights at Meridian,2023-11-13,1.6793298940071262,0.9292035398230089,1.5604392820420199,1.0,2023-11,Q4 2023
Heights at Meridian,2023-11-14,1.6793298940071262,0.9292035398230089,1.5604392820420199,1.0,2023-11,Q4 2023
Heights at Meridian,2023-11-15,1.6793298940071262,0.9292035398230089,1.5604392820420199,1.0,2023-11,Q4 2023
Heights at Meridian,2023-11-16,1.6793298940071262,0.9262536873156342,1.5554855065434738,1.0,2023-11,Q4 2023
Heights at Meridian,2023-11-17,1.6793298940071262,0.9262536873156342,1.5554855065434738,1.0,2023-11,Q4 2023
Heights at Meridian,2023-11-18,1.6747582826921434,0.9262536873156342,1.5512510347059971,1.0,2023-11,Q4 2023
Heights at Meridian,2023-11-19,1.6747582826921434,0.9292035398230089,1.556191324625443,1.0,2023-11,Q4 2023
Heights at Meridian,2023-11-20,1.6747582826921434,0.9292035398230089,1.556191324625443,1.0,2023-11,Q4 2023
Heights at Meridian,2023-11-21,1.6747582826921434,0.9292035398230089,1.556191324625443,1.0,2023-11,Q4 2023
Heights at Meridian,2023-11-22,1.6747582826921434,0.9292035398230089,1.556191324625443,1.0,2023-11,Q4 2023
Heights at Meridian,2023-11-23,1.6747582826921434,0.9262536873156342,1.5512510347059971,1.0,2023-11,Q4 2023
Heights at Meridian,2023-11-24,1.6747582826921434,0.9262536873156342,1.5512510347059971,1.0,2023-11,Q4 2023
Heights at Meridian,2023-11-25,1.6747582826921434,0.9262536873156342,1.5512510347059971,1.0,2023-11,Q4 2023
Heights at Meridian,2023-11-26,1.6747582826921434,0.9262536873156342,1.5512510347059971,1.0,2023-11,Q4 2023
Heights at Meridian,2023-11-27,1.6747582826921434,0.9262536873156342,1.5512510347059971,1.0,2023-11,Q4 2023
Heights at Meridian,2023-11-28,1.6747582826921434,0.9203539823008849,1.5413704548671054,1.0,2023-11,Q4 2023
Heights at Meridian,2023-11-29,1.6747582826921434,0.9174041297935103,1.5364301649476595,1.0,2023-11,Q4 2023
Heights at Meridian,2023-11-30,1.6747582826921434,0.9174041297935103,1.5364301649476595,1.0,2023-11,Q4 2023
Heights at Meridian,2023-12-01,1.678103974344259,0.9144542772861357,1.5345493570699713,1.0,2023-12,Q4 2023
Heights at Meridian,2023-12-02,1.678103974344259,0.9144542772861357,1.5345493570699713,1.0,2023-12,Q4 2023
Heights at Meridian,2023-12-03,1.678103974344259,0.9144542772861357,1.5345493570699713,1.0,2023-12,Q4 2023
Heights at Meridian,2023-12-04,1.678103974344259,0.9144542772861357,1.5345493570699713,1.0,2023-12,Q4 2023
Heights at Meridian,2023-12-05,1.678103974344259,0.9144542772861357,1.5345493570699713,1.0,2023-12,Q4 2023
Heights at Meridian,2023-12-06,1.678103974344259,0.9144542772861357,1.5345493570699713,1.0,2023-12,Q4 2023
Heights at Meridian,2023-12-07,1.678103974344259,0.911504424778761,1.5295991978536165,1.0,2023-12,Q4 2023
Heights at Meridian,2023-12-08,1.678103974344259,0.9056047197640118,1.519698879420907,1.0,2023-12,Q4 2023
Heights at Meridian,2023-12-09,1.678103974344259,0.9056047197640118,1.519698879420907,1.0,2023-12,Q4 2023
Heights at Meridian,2023-12-10,1.678103974344259,0.9056047197640118,1.519698879420907,1.0,2023-12,Q4 2023
Heights at Meridian,2023-12-11,1.678103974344259,0.9056047197640118,1.519698879420907,1.0,2023-12,Q4 2023
Heights at Meridian,2023-12-12,1.678103974344259,0.8997050147492626,1.5097985609881976,1.0,2023-12,Q4 2023
Heights at Meridian,2023-12-13,1.678103974344259,0.8997050147492626,1.5097985609881976,1.0,2023-12,Q4 2023
Heights at Meridian,2023-12-14,1.678103974344259,0.8997050147492626,1.5097985609881976,1.0,2023-12,Q4 2023
Heights at Meridian,2023-12-15,1.6909774485256568,0.8997050147492626,1.5213808902664465,1.0,2023-12,Q4 2023
Heights at Meridian,2023-12-16,1.6909774485256568,0.9056047197640118,1.531357158399341,1.0,2023-12,Q4 2023
Heights at Meridian,2023-12-17,1.6909774485256568,0.9056047197640118,1.531357158399341,1.0,2023-12,Q4 2023
Heights at Meridian,2023-12-18,1.6909774485256568,0.9056047197640118,1.531357158399341,1.0,2023-12,Q4 2023
Heights at Meridian,2023-12-19,1.6909774485256568,0.8997050147492626,1.5213808902664465,1.0,2023-12,Q4 2023
Heights at Meridian,2023-12-20,1.6909774485256568,0.8997050147492626,1.5213808902664465,1.0,2023-12,Q4 2023
Heights at Meridian,2023-12-21,1.6909774485256568,0.8967551622418879,1.516392756199999,1.0,2023-12,Q4 2023
Heights at Meridian,2023-12-22,1.6909774485256568,0.8967551622418879,1.516392756199999,1.0,2023-12,Q4 2023
Heights at Meridian,2023-12-23,1.6909774485256568,0.8967551622418879,1.516392756199999,1.0,2023-12,Q4 2023
Heights at Meridian,2023-12-24,1.6909774485256568,0.8967551622418879,1.516392756199999,1.0,2023-12,Q4 2023
Heights at Meridian,2023-12-25,1.6909774485256568,0.8967551622418879,1.516392756199999,1.0,2023-12,Q4 2023
Heights at Meridian,2023-12-26,1.6909774485256568,0.8938053097345133,1.5114046221335518,1.0,2023-12,Q4 2023
Heights at Meridian,2023-12-27,1.6909774485256568,0.8938053097345133,1.5114046221335518,1.0,2023-12,Q4 2023
Heights at Meridian,2023-12-28,1.6980773218706557,0.8938053097345133,1.5177505266277544,1.0,2023-12,Q4 2023
Heights at Meridian,2023-12-29,1.6980773218706557,0.8967551622418879,1.5227596042733904,1.0,2023-12,Q4 2023
Heights at Meridian,2023-12-30,1.6980773218706557,0.8908554572271387,1.512741448982118,1.0,2023-12,Q4 2023
Heights at Meridian,2023-12-31,1.6980773218706557,0.8908554572271387,1.512741448982118,1.0,2023-12,Q4 2023
Heights at Meridian,2024-01-01,1.6980773218706557,0.8908554572271387,1.512741448982118,1.0,2024-01,Q1 2024
Heights at Meridian,2024-01-02,1.6980773218706557,0.8908554572271387,1.512741448982118,1.0,2024-01,Q1 2024
Heights at Meridian,2024-01-03,1.6980773218706557,0.8908554572271387,1.512741448982118,1.0,2024-01,Q1 2024
Heights at Meridian,2024-01-04,1.6972003704649201,0.8908554572271387,1.5119602120365956,1.0,2024-01,Q1 2024
Heights at Meridian,2024-01-05,1.6972003704649201,0.8967551622418879,1.5219731935732617,1.0,2024-01,Q1 2024
Heights at Meridian,2024-01-06,1.6972003704649201,0.8967551622418879,1.5219731935732617,1.0,2024-01,Q1 2024
Heights at Meridian,2024-01-07,1.6972003704649201,0.8967551622418879,1.5219731935732617,1.0,2024-01,Q1 2024
Heights at Meridian,2024-01-08,1.6972003704649201,0.8967551622418879,1.5219731935732617,1.0,2024-01,Q1 2024
Heights at Meridian,2024-01-09,1.6972003704649201,0.8938053097345133,1.5169667028049287,1.0,2024-01,Q1 2024
Heights at Meridian,2024-01-10,1.6972003704649201,0.8938053097345133,1.5169667028049287,1.0,2024-01,Q1 2024
Heights at Meridian,2024-01-11,1.6929436527472712,0.8908554572271387,1.5081680918279525,1.0,2024-01,Q1 2024
Heights at Meridian,2024-01-12,1.6883446543237814,0.8938053097345133,1.5090514166964772,1.0,2024-01,Q1 2024
Heights at Meridian,2024-01-13,1.6921002179353768,0.8908554572271387,1.507416713322961,1.0,2024-01,Q1 2024
Heights at Meridian,2024-01-14,1.6867230915128355,0.8938053097345133,1.507602055245986,1.0,2024-01,Q1 2024
Heights at Meridian,2024-01-15,1.6867230915128355,0.8967551622418879,1.5125776395867314,1.0,2024-01,Q1 2024
Heights at Meridian,2024-01-16,1.6867230915128355,0.8967551622418879,1.5125776395867314,1.0,2024-01,Q1 2024
Heights at Meridian,2024-01-17,1.6867230915128355,0.8938053097345133,1.507602055245986,1.0,2024-01,Q1 2024
Heights at Meridian,2024-01-18,1.6781301898140135,0.8938053097345133,1.499921674081552,1.0,2024-01,Q1 2024
Heights at Meridian,2024-01-19,1.6781301898140135,0.8908554572271387,1.494971437533428,1.0,2024-01,Q1 2024
Heights at Meridian,2024-01-20,1.6781301898140135,0.887905604719764,1.490021200985304,1.0,2024-01,Q1 2024
Heights at Meridian,2024-01-21,1.6781301898140135,0.887905604719764,1.490021200985304,1.0,2024-01,Q1 2024
Heights at Meridian,2024-01-22,1.6781301898140135,0.8849557522123894,1.4850709644371802,1.0,2024-01,Q1 2024
Heights at Meridian,2024-01-23,1.6781301898140135,0.8849557522123894,1.4850709644371802,1.0,2024-01,Q1 2024
Heights at Meridian,2024-01-24,1.6666107676194428,0.8849557522123894,1.4748767855039318,1.0,2024-01,Q1 2024
Heights at Meridian,2024-01-25,1.6666107676194428,0.8908554572271387,1.4847092974072913,1.0,2024-01,Q1 2024
Heights at Meridian,2024-01-26,1.6666107676194428,0.8908554572271387,1.4847092974072913,1.0,2024-01,Q1 2024
Heights at Meridian,2024-01-27,1.6613160605450594,0.8908554572271387,1.4799924787156578,1.0,2024-01,Q1 2024
Heights at Meridian,2024-01-28,1.6613160605450594,0.8938053097345133,1.4848931160623984,1.0,2024-01,Q1 2024
Heights at Meridian,2024-01-29,1.6613160605450594,0.8938053097345133,1.4848931160623984,1.0,2024-01,Q1 2024
Heights at Meridian,2024-01-30,1.6613160605450594,0.8938053097345133,1.4848931160623984,1.0,2024-01,Q1 2024
Heights at Meridian,2024-01-31,1.6597892642358234,0.8938053097345133,1.4835284574143202,1.0,2024-01,Q1 2024
Heights at Meridian,2024-02-01,1.6597892642358234,0.8997050147492626,1.4933207244599591,1.0,2024-02,Q1 2024
Heights at Meridian,2024-02-02,1.6540509270549724,0.8997050147492626,1.4881579137220253,1.0,2024-02,Q1 2024
Heights at Meridian,2024-02-03,1.6540509270549724,0.9026548672566371,1.4930371199965236,1.0,2024-02,Q1 2024
Heights at Meridian,2024-02-04,1.6540509270549724,0.8997050147492626,1.4881579137220253,1.0,2024-02,Q1 2024
Heights at Meridian,2024-02-05,1.6540509270549724,0.8997050147492626,1.4881579137220253,1.0,2024-02,Q1 2024
Heights at Meridian,2024-02-06,1.6540509270549724,0.8967551622418879,1.4832787074475269,1.0,2024-02,Q1 2024
Heights at Meridian,2024-02-07,1.6540509270549724,0.8908554572271387,1.47352029489853,1.0,2024-02,Q1 2024
Heights at Meridian,2024-02-08,1.6561959716772128,0.887905604719764,1.4705456857664927,1.0,2024-02,Q1 2024
Heights at Meridian,2024-02-09,1.6521435408541862,0.8938053097345133,1.4766946692590515,1.0,2024-02,Q1 2024
Heights at Meridian,2024-02-10,1.6521435408541862,0.8997050147492626,1.4864418287921146,1.0,2024-02,Q1 2024
Heights at Meridian,2024-02-11,1.6521435408541862,0.8997050147492626,1.4864418287921146,1.0,2024-02,Q1 2024
Heights at Meridian,2024-02-12,1.6521435408541862,0.8997050147492626,1.4864418287921146,1.0,2024-02,Q1 2024
Heights at Meridian,2024-02-13,1.6521435408541862,0.8938053097345133,1.4766946692590515,1.0,2024-02,Q1 2024
Heights at Meridian,2024-02-14,1.6521435408541862,0.887905604719764,1.4669475097259883,1.0,2024-02,Q1 2024
Heights at Meridian,2024-02-15,1.6521435408541862,0.887905604719764,1.4669475097259883,1.0,2024-02,Q1 2024
Heights at Meridian,2024-02-16,1.6521435408541862,0.887905604719764,1.4669475097259883,1.0,2024-02,Q1 2024
Heights at Meridian,2024-02-17,1.6521435408541862,0.8849557522123894,1.462073929959457,1.0,2024-02,Q1 2024
Heights at Meridian,2024-02-18,1.649352447041286,0.8849557522123894,1.4596039354347663,1.0,2024-02,Q1 2024
Heights at Meridian,2024-02-19,1.6514748602839915,0.8908554572271387,1.47122539175742,1.0,2024-02,Q1 2024
Heights at Meridian,2024-02-20,1.6514748602839915,0.8967551622418879,1.48096860627237,1.0,2024-02,Q1 2024
Heights at Meridian,2024-02-21,1.6514748602839915,0.8967551622418879,1.48096860627237,1.0,2024-02,Q1 2024
Heights at Meridian,2024-02-22,1.652588822274977,0.8967551622418879,1.4819675574383273,1.0,2024-02,Q1 2024
Heights at Meridian,2024-02-23,1.650642173053682,0.7964601769911505,1.3146707572993928,1.0,2024-02,Q1 2024
Heights at Meridian,2024-02-24,1.650642173053682,0.887905604719764,1.4656144368411748,1.0,2024-02,Q1 2024
Heights at Meridian,2024-02-25,1.6540085965801496,0.8849557522123894,1.4637244217523449,1.0,2024-02,Q1 2024
Heights at Meridian,2024-02-26,1.6583014796209792,0.887905604719764,1.4724151780705448,1.0,2024-02,Q1 2024
Heights at Meridian,2024-02-27,1.6583014796209792,0.8908554572271387,1.4773069228481879,1.0,2024-02,Q1 2024
Heights at Meridian,2024-02-28,1.6558952464370262,0.887905604719764,1.4702786701402504,1.0,2024-02,Q1 2024
Heights at Meridian,2024-02-29,1.6558952464370262,0.887905604719764,1.4702786701402504,1.0,2024-02,Q1 2024
Heights at Meridian,2024-03-01,1.6558952464370262,0.8849557522123894,1.4653940233955984,1.0,2024-03,Q1 2024
Heights at Meridian,2024-03-02,1.6558952464370262,0.8820058997050148,1.4605093766509465,1.0,2024-03,Q1 2024
Heights at Meridian,2024-03-03,1.6558952464370262,0.8820058997050148,1.4605093766509465,1.0,2024-03,Q1 2024
Heights at Meridian,2024-03-04,1.6527461246341952,0.8820058997050148,1.4577318326419597,1.0,2024-03,Q1 2024
Heights at Meridian,2024-03-05,1.6488007261258866,0.8849557522123894,1.4591156868370678,1.0,2024-03,Q1 2024
Heights at Meridian,2024-03-06,1.6488007261258866,0.8908554572271387,1.468843124749315,1.0,2024-03,Q1 2024
Heights at Meridian,2024-03-07,1.6488007261258866,0.8908554572271387,1.468843124749315,1.0,2024-03,Q1 2024
Heights at Meridian,2024-03-08,1.653284534455328,0.887905604719764,1.4679606043393914,1.0,2024-03,Q1 2024
Heights at Meridian,2024-03-09,1.6503125897988506,0.8849557522123894,1.4604536192910182,1.0,2024-03,Q1 2024
Heights at Meridian,2024-03-10,1.6472516284829501,0.887905604719764,1.4626039533137698,1.0,2024-03,Q1 2024
Heights at Meridian,2024-03-11,1.6472516284829501,0.8908554572271387,1.4674631026603273,1.0,2024-03,Q1 2024
Heights at Meridian,2024-03-12,1.6472516284829501,0.8849557522123894,1.4577448039672125,1.0,2024-03,Q1 2024
Heights at Meridian,2024-03-13,1.645371875174428,0.8849557522123894,1.4560813054640955,1.0,2024-03,Q1 2024
Heights at Meridian,2024-03-14,1.643323315621879,0.8849557522123894,1.4542684209043177,1.0,2024-03,Q1 2024
Heights at Meridian,2024-03-15,1.643323315621879,0.8849557522123894,1.4542684209043177,1.0,2024-03,Q1 2024
Heights at Meridian,2024-03-16,1.643323315621879,0.8790560471976401,1.4445732980982888,1.0,2024-03,Q1 2024
Heights at Meridian,2024-03-17,1.643323315621879,0.8790560471976401,1.4445732980982888,1.0,2024-03,Q1 2024
Heights at Meridian,2024-03-18,1.6420678226131162,0.8790560471976401,1.4434696493767216,1.0,2024-03,Q1 2024
Heights at Meridian,2024-03-19,1.6401548679616071,0.8820058997050148,1.446626269972037,1.0,2024-03,Q1 2024
Heights at Meridian,2024-03-20,1.6420452331173865,0.8820058997050148,1.4482935831920312,1.0,2024-03,Q1 2024
Heights at Meridian,2024-03-21,1.6400737749201708,0.8849557522123894,1.4513927211682929,1.0,2024-03,Q1 2024
Heights at Meridian,2024-03-22,1.63806639460799,0.8849557522123894,1.4496162784141506,1.0,2024-03,Q1 2024
Heights at Meridian,2024-03-23,1.63806639460799,0.8849557522123894,1.4496162784141506,1.0,2024-03,Q1 2024
Heights at Meridian,2024-03-24,1.63806639460799,0.8849557522123894,1.4496162784141506,1.0,2024-03,Q1 2024
Heights at Meridian,2024-03-25,1.63806639460799,0.8849557522123894,1.4496162784141506,1.0,2024-03,Q1 2024
Heights at Meridian,2024-03-26,1.6405522799364305,0.8849557522123894,1.4518161769348943,1.0,2024-03,Q1 2024
Heights at Meridian,2024-03-27,1.6405522799364305,0.8820058997050148,1.4469767896784447,1.0,2024-03,Q1 2024
Heights at Meridian,2024-03-28,1.63677421389424,0.8820058997050148,1.4436445131397575,1.0,2024-03,Q1 2024
Heights at Meridian,2024-03-29,1.63677421389424,0.8820058997050148,1.4436445131397575,1.0,2024-03,Q1 2024
Heights at Meridian,2024-03-30,1.63677421389424,0.8820058997050148,1.4436445131397575,1.0,2024-03,Q1 2024
Heights at Meridian,2024-03-31,1.63677421389424,0.8820058997050148,1.4436445131397575,1.0,2024-03,Q1 2024
Heights at Meridian,2024-04-01,1.6354128272375825,0.8790560471976401,1.4376195354477863,1.0,2024-04,Q2 2024
Heights at Meridian,2024-04-02,1.6367526144070599,0.8820058997050148,1.4436254622646338,1.0,2024-04,Q2 2024
Heights at Meridian,2024-04-03,1.635454626978294,0.887905604719764,1.4521293295588982,1.0,2024-04,Q2 2024
Heights at Meridian,2024-04-04,1.635454626978294,0.8849557522123894,1.447304979626809,1.0,2024-04,Q2 2024
Heights at Meridian,2024-04-05,1.635454626978294,0.8849557522123894,1.447304979626809,1.0,2024-04,Q2 2024
Heights at Meridian,2024-04-06,1.633374421511722,0.8849557522123894,1.4454640898333824,1.0,2024-04,Q2 2024
Heights at Meridian,2024-04-07,1.633374421511722,0.887905604719764,1.4502823034661603,1.0,2024-04,Q2 2024
Heights at Meridian,2024-04-08,1.633374421511722,0.887905604719764,1.4502823034661603,1.0,2024-04,Q2 2024
Heights at Meridian,2024-04-09,1.633374421511722,0.887905604719764,1.4502823034661603,1.0,2024-04,Q2 2024
Heights at Meridian,2024-04-10,1.633374421511722,0.887905604719764,1.4502823034661603,1.0,2024-04,Q2 2024
Heights at Meridian,2024-04-11,1.633374421511722,0.887905604719764,1.4502823034661603,1.0,2024-04,Q2 2024
Heights at Meridian,2024-04-12,1.633374421511722,0.887905604719764,1.4502823034661603,1.0,2024-04,Q2 2024
Heights at Meridian,2024-04-13,1.633374421511722,0.8849557522123894,1.4454640898333824,1.0,2024-04,Q2 2024
Heights at Meridian,2024-04-14,1.6337527210420764,0.8849557522123894,1.4457988681788287,1.0,2024-04,Q2 2024
Heights at Meridian,2024-04-15,1.632582037885085,0.8967551622418879,1.4640263702568315,1.0,2024-04,Q2 2024
Heights at Meridian,2024-04-16,1.625958659396203,0.8967551622418879,1.4580868214054445,1.0,2024-04,Q2 2024
Heights at Meridian,2024-04-17,1.6244293784604615,0.9056047197640118,1.471090912057114,1.0,2024-04,Q2 2024
Heights at Meridian,2024-04-18,1.628778431371104,0.9085545722713865,1.4798340910392331,1.0,2024-04,Q2 2024
Heights at Meridian,2024-04-19,1.628778431371104,0.9144542772861357,1.4894434033187087,1.0,2024-04,Q2 2024
Heights at Meridian,2024-04-20,1.628778431371104,0.9144542772861357,1.4894434033187087,1.0,2024-04,Q2 2024
Heights at Meridian,2024-04-21,1.628778431371104,0.9144542772861357,1.4894434033187087,1.0,2024-04,Q2 2024
Heights at Meridian,2024-04-22,1.628778431371104,0.9144542772861357,1.4894434033187087,1.0,2024-04,Q2 2024
Heights at Meridian,2024-04-23,1.628778431371104,0.9144542772861357,1.4894434033187087,1.0,2024-04,Q2 2024
Heights at Meridian,2024-04-24,1.628778431371104,0.911504424778761,1.4846387471789708,1.0,2024-04,Q2 2024
Heights at Meridian,2024-04-25,1.6265420007559928,0.911504424778761,1.4826002307775863,1.0,2024-04,Q2 2024
Heights at Meridian,2024-04-26,1.6292529651970054,0.9144542772861357,1.4898773428055212,1.0,2024-04,Q2 2024
Heights at Meridian,2024-04-27,1.6324912101153826,0.9174041297935103,1.4976541780114572,1.0,2024-04,Q2 2024
Heights at Meridian,2024-04-28,1.6324912101153826,0.9174041297935103,1.4976541780114572,1.0,2024-04,Q2 2024
Heights at Meridian,2024-04-29,1.6324912101153826,0.9174041297935103,1.4976541780114572,1.0,2024-04,Q2 2024
Heights at Meridian,2024-04-30,1.6324912101153826,0.9174041297935103,1.4976541780114572,1.0,2024-04,Q2 2024
Heights at Meridian,2024-05-01,1.6324912101153826,0.9144542772861357,1.4928385697220312,1.0,2024-05,Q2 2024
Heights at Meridian,2024-05-02,1.6324912101153826,0.9144542772861357,1.4928385697220312,1.0,2024-05,Q2 2024
Heights at Meridian,2024-05-03,1.6348128074160795,0.9144542772861357,1.4949615643037895,1.0,2024-05,Q2 2024
Heights at Meridian,2024-05-04,1.6348128074160795,0.9262536873156342,1.5142513909399673,1.0,2024-05,Q2 2024
Heights at Meridian,2024-05-05,1.6348128074160795,0.9262536873156342,1.5142513909399673,1.0,2024-05,Q2 2024
Heights at Meridian,2024-05-06,1.6348128074160795,0.9233038348082596,1.509428934280923,1.0,2024-05,Q2 2024
Heights at Meridian,2024-05-07,1.6348128074160795,0.9233038348082596,1.509428934280923,1.0,2024-05,Q2 2024
Heights at Meridian,2024-05-08,1.6348128074160795,0.9233038348082596,1.509428934280923,1.0,2024-05,Q2 2024
Heights at Meridian,2024-05-09,1.6348128074160795,0.9233038348082596,1.509428934280923,1.0,2024-05,Q2 2024
Heights at Meridian,2024-05-10,1.6348128074160795,0.9233038348082596,1.509428934280923,1.0,2024-05,Q2 2024
Heights at Meridian,2024-05-11,1.6348128074160795,0.9233038348082596,1.509428934280923,1.0,2024-05,Q2 2024
Heights at Meridian,2024-05-12,1.6348128074160795,0.9233038348082596,1.509428934280923,1.0,2024-05,Q2 2024
Heights at Meridian,2024-05-13,1.6348128074160795,0.9233038348082596,1.509428934280923,1.0,2024-05,Q2 2024
Heights at Meridian,2024-05-14,1.6348128074160795,0.9233038348082596,1.509428934280923,1.0,2024-05,Q2 2024
Heights at Meridian,2024-05-15,1.6348128074160795,0.9233038348082596,1.509428934280923,1.0,2024-05,Q2 2024
Heights at Meridian,2024-05-16,1.6348128074160795,0.911504424778761,1.490139107644745,1.0,2024-05,Q2 2024
Heights at Meridian,2024-05-17,1.6348128074160795,0.9056047197640118,1.480494194326656,1.0,2024-05,Q2 2024
Heights at Meridian,2024-05-18,1.6348128074160795,0.8997050147492626,1.4708492810085672,1.0,2024-05,Q2 2024
Heights at Meridian,2024-05-19,1.6348128074160795,0.8997050147492626,1.4708492810085672,1.0,2024-05,Q2 2024
Heights at Meridian,2024-05-20,1.6395650672999413,0.8997050147492626,1.4751249130574693,1.0,2024-05,Q2 2024
Heights at Meridian,2024-05-21,1.638600935974271,0.8938053097345133,1.4645902171097467,1.0,2024-05,Q2 2024
Heights at Meridian,2024-05-22,1.638600935974271,0.8908554572271387,1.4597565860301767,1.0,2024-05,Q2 2024
Heights at Meridian,2024-05-23,1.638600935974271,0.8908554572271387,1.4597565860301767,1.0,2024-05,Q2 2024
Heights at Meridian,2024-05-24,1.638600935974271,0.8908554572271387,1.4597565860301767,1.0,2024-05,Q2 2024
Heights at Meridian,2024-05-25,1.6392413860369381,0.8908554572271387,1.460327134463585,1.0,2024-05,Q2 2024
Heights at Meridian,2024-05-26,1.6382012181308618,0.8967551622418879,1.4690653991497993,1.0,2024-05,Q2 2024
Heights at Meridian,2024-05-27,1.6382012181308618,0.8997050147492626,1.473897851120687,1.0,2024-05,Q2 2024
Heights at Meridian,2024-05-28,1.6410024286503644,0.8967551622418879,1.4715773991436896,1.0,2024-05,Q2 2024
Heights at Meridian,2024-05-29,1.6427940614247485,0.8938053097345133,1.4683380549017664,1.0,2024-05,Q2 2024
Heights at Meridian,2024-05-30,1.6427940614247485,0.8967551622418879,1.4731840550829602,1.0,2024-05,Q2 2024
Heights at Meridian,2024-05-31,1.6427940614247485,0.8967551622418879,1.4731840550829602,1.0,2024-05,Q2 2024
Heights at Meridian,2024-06-01,1.6427940614247485,0.8967551622418879,1.4731840550829602,1.0,2024-06,Q2 2024
Heights at Meridian,2024-06-02,1.6427940614247485,0.8967551622418879,1.4731840550829602,1.0,2024-06,Q2 2024
Heights at Meridian,2024-06-03,1.6453023573624872,0.8967551622418879,1.475433382413558,1.0,2024-06,Q2 2024
Heights at Meridian,2024-06-04,1.6411358493131614,0.8967551622418879,1.4716970448118025,1.0,2024-06,Q2 2024
Heights at Meridian,2024-06-05,1.6433909027245068,0.8997050147492626,1.4785670363745564,1.0,2024-06,Q2 2024
Heights at Meridian,2024-06-06,1.6461269752037364,0.8997050147492626,1.4810286945048365,1.0,2024-06,Q2 2024
Heights at Meridian,2024-06-07,1.6461269752037364,0.9026548672566371,1.4858845262900984,1.0,2024-06,Q2 2024
Heights at Meridian,2024-06-08,1.6461269752037364,0.8967551622418879,1.4761728627195747,1.0,2024-06,Q2 2024
Heights at Meridian,2024-06-09,1.645821362047355,0.8908554572271387,1.4661889420008885,1.0,2024-06,Q2 2024
Heights at Meridian,2024-06-10,1.6481134047017831,0.8967551622418879,1.4779542036263777,1.0,2024-06,Q2 2024
Heights at Meridian,2024-06-11,1.6481134047017831,0.8997050147492626,1.4828158950856751,1.0,2024-06,Q2 2024
Heights at Meridian,2024-06-12,1.6468575125256464,0.8997050147492626,1.4816859625968206,1.0,2024-06,Q2 2024
Heights at Meridian,2024-06-13,1.6457940127638673,0.9026548672566371,1.4855839761231369,1.0,2024-06,Q2 2024
Heights at Meridian,2024-06-14,1.6457940127638673,0.9056047197640118,1.4904388257183105,1.0,2024-06,Q2 2024
Heights at Meridian,2024-06-15,1.6447626132094357,0.9056047197640118,1.4895047854138548,1.0,2024-06,Q2 2024
Heights at Meridian,2024-06-16,1.6447626132094357,0.9056047197640118,1.4895047854138548,1.0,2024-06,Q2 2024
Heights at Meridian,2024-06-17,1.6419683032083843,0.9026548672566371,1.48213068077217,1.0,2024-06,Q2 2024
Heights at Meridian,2024-06-18,1.6419683032083843,0.9056047197640118,1.4869742450884187,1.0,2024-06,Q2 2024
Heights at Meridian,2024-06-19,1.6449033748243385,0.9056047197640118,1.4896322597966722,1.0,2024-06,Q2 2024
Heights at Meridian,2024-06-20,1.6449033748243385,0.9056047197640118,1.4896322597966722,1.0,2024-06,Q2 2024
Heights at Meridian,2024-06-21,1.6449033748243385,0.9026548672566371,1.4847800374520577,1.0,2024-06,Q2 2024
Heights at Meridian,2024-06-22,1.643962676750075,0.9026548672566371,1.4839309117567048,1.0,2024-06,Q2 2024
Heights at Meridian,2024-06-23,1.643962676750075,0.9056047197640118,1.4887803591807465,1.0,2024-06,Q2 2024
Heights at Meridian,2024-06-24,1.6415242837735242,0.9056047197640118,1.4865721389925426,1.0,2024-06,Q2 2024
Heights at Meridian,2024-06-25,1.6415242837735242,0.9026548672566371,1.4817298844681368,1.0,2024-06,Q2 2024
Heights at Meridian,2024-06-26,1.6471710503631705,0.9026548672566371,1.4868269658145432,1.0,2024-06,Q2 2024
Heights at Meridian,2024-06-27,1.6471710503631705,0.9085545722713865,1.4965447891205208,1.0,2024-06,Q2 2024
Heights at Meridian,2024-06-28,1.650210871212722,0.9085545722713865,1.4993066322522666,1.0,2024-06,Q2 2024
Heights at Meridian,2024-06-29,1.650210871212722,0.887905604719764,1.4652314815192604,1.0,2024-06,Q2 2024
Heights at Meridian,2024-06-30,1.650210871212722,0.887905604719764,1.4652314815192604,1.0,2024-06,Q2 2024
Heights at Meridian,2024-07-01,1.650210871212722,0.887905604719764,1.4652314815192604,1.0,2024-07,Q3 2024
Heights at Meridian,2024-07-02,1.653172405623493,0.8820058997050148,1.4581078149894526,1.0,2024-07,Q3 2024
Heights at Meridian,2024-07-03,1.6522913488353355,0.8849557522123894,1.4622047334825978,1.0,2024-07,Q3 2024
Heights at Meridian,2024-07-04,1.6522913488353355,0.8849557522123894,1.4622047334825978,1.0,2024-07,Q3 2024
Heights at Meridian,2024-07-05,1.651058540272954,0.8849557522123894,1.4611137524539417,1.0,2024-07,Q3 2024
Heights at Meridian,2024-07-06,1.651058540272954,0.887905604719764,1.465984131628788,1.0,2024-07,Q3 2024
Heights at Meridian,2024-07-07,1.651058540272954,0.887905604719764,1.465984131628788,1.0,2024-07,Q3 2024
Heights at Meridian,2024-07-08,1.651058540272954,0.887905604719764,1.465984131628788,1.0,2024-07,Q3 2024
Heights at Meridian,2024-07-09,1.651058540272954,0.887905604719764,1.465984131628788,1.0,2024-07,Q3 2024
Heights at Meridian,2024-07-10,1.651058540272954,0.8849557522123894,1.4611137524539417,1.0,2024-07,Q3 2024
Heights at Meridian,2024-07-11,1.651058540272954,0.8849557522123894,1.4611137524539417,1.0,2024-07,Q3 2024
Heights at Meridian,2024-07-12,1.651058540272954,0.8849557522123894,1.4611137524539417,1.0,2024-07,Q3 2024
Heights at Meridian,2024-07-13,1.651058540272954,0.8849557522123894,1.4611137524539417,1.0,2024-07,Q3 2024
Heights at Meridian,2024-07-14,1.651058540272954,0.8849557522123894,1.4611137524539417,1.0,2024-07,Q3 2024
Heights at Meridian,2024-07-15,1.649504530584929,0.8849557522123894,1.45973852264153,1.0,2024-07,Q3 2024
Heights at Meridian,2024-07-16,1.649504530584929,0.887905604719764,1.4646043177170018,1.0,2024-07,Q3 2024
Heights at Meridian,2024-07-17,1.649504530584929,0.887905604719764,1.4646043177170018,1.0,2024-07,Q3 2024
Heights at Meridian,2024-07-18,1.649504530584929,0.8849557522123894,1.45973852264153,1.0,2024-07,Q3 2024
Heights at Meridian,2024-07-19,1.646785558310142,0.8849557522123894,1.4573323524868516,1.0,2024-07,Q3 2024
Heights at Meridian,2024-07-20,1.646785558310142,0.887905604719764,1.462190126995141,1.0,2024-07,Q3 2024
Heights at Meridian,2024-07-21,1.6479986512080056,0.887905604719764,1.4632672389781995,1.0,2024-07,Q3 2024
Heights at Meridian,2024-07-22,1.6463647756383502,0.8938053097345133,1.471529578225428,1.0,2024-07,Q3 2024
Heights at Meridian,2024-07-23,1.6463647756383502,0.8967551622418879,1.4763861114868981,1.0,2024-07,Q3 2024
Heights at Meridian,2024-07-24,1.6477351938445453,0.8967551622418879,1.4776150410877338,1.0,2024-07,Q3 2024
Heights at Meridian,2024-07-25,1.6471226571610758,0.8997050147492626,1.4819245145549502,1.0,2024-07,Q3 2024
Heights at Meridian,2024-07-26,1.6461095348605475,0.8997050147492626,1.4810130033406106,1.0,2024-07,Q3 2024
Heights at Meridian,2024-07-27,1.6461095348605475,0.9026548672566371,1.4858687836794322,1.0,2024-07,Q3 2024
Heights at Meridian,2024-07-28,1.6461095348605475,0.9026548672566371,1.4858687836794322,1.0,2024-07,Q3 2024
Heights at Meridian,2024-07-29,1.6461095348605475,0.9026548672566371,1.4858687836794322,1.0,2024-07,Q3 2024
Heights at Meridian,2024-07-30,1.6448816277800566,0.9026548672566371,1.4847604073766882,1.0,2024-07,Q3 2024
Heights at Meridian,2024-07-31,1.643965072523808,0.9026548672566371,1.4839330743135257,1.0,2024-07,Q3 2024
Heights at Meridian,2024-08-01,1.643965072523808,0.9056047197640118,1.4887825288047465,1.0,2024-08,Q3 2024
Heights at Meridian,2024-08-02,1.643965072523808,0.9026548672566371,1.4839330743135257,1.0,2024-08,Q3 2024
Heights at Meridian,2024-08-03,1.643965072523808,0.9026548672566371,1.4839330743135257,1.0,2024-08,Q3 2024
Heights at Meridian,2024-08-04,1.643965072523808,0.9026548672566371,1.4839330743135257,1.0,2024-08,Q3 2024
Heights at Meridian,2024-08-05,1.643965072523808,0.8997050147492626,1.4790836198223052,1.0,2024-08,Q3 2024
Heights at Meridian,2024-08-06,1.643965072523808,0.8997050147492626,1.4790836198223052,1.0,2024-08,Q3 2024
Heights at Meridian,2024-08-07,1.6426321149438678,0.8997050147492626,1.477884351203185,1.0,2024-08,Q3 2024
Heights at Meridian,2024-08-08,1.6426321149438678,0.9026548672566371,1.482729873666146,1.0,2024-08,Q3 2024
Heights at Meridian,2024-08-09,1.6426321149438678,0.9026548672566371,1.482729873666146,1.0,2024-08,Q3 2024
Heights at Meridian,2024-08-10,1.6426321149438678,0.9026548672566371,1.482729873666146,1.0,2024-08,Q3 2024
Heights at Meridian,2024-08-11,1.6441805526811208,0.9026548672566371,1.4841275785263215,1.0,2024-08,Q3 2024
Heights at Meridian,2024-08-12,1.6441805526811208,0.9056047197640118,1.4889776686522245,1.0,2024-08,Q3 2024
Heights at Meridian,2024-08-13,1.6433793804434862,0.9056047197640118,1.4882521232924786,1.0,2024-08,Q3 2024
Heights at Meridian,2024-08-14,1.6433793804434862,0.9085545722713865,1.4930998500784478,1.0,2024-08,Q3 2024
Heights at Meridian,2024-08-15,1.6433793804434862,0.9085545722713865,1.4930998500784478,1.0,2024-08,Q3 2024
Heights at Meridian,2024-08-16,1.6433793804434862,0.9056047197640118,1.4882521232924786,1.0,2024-08,Q3 2024
Heights at Meridian,2024-08-17,1.6433793804434862,0.9056047197640118,1.4882521232924786,1.0,2024-08,Q3 2024
Heights at Meridian,2024-08-18,1.6433793804434862,0.9056047197640118,1.4882521232924786,1.0,2024-08,Q3 2024
Heights at Meridian,2024-08-19,1.6433793804434862,0.9026548672566371,1.4834043965065096,1.0,2024-08,Q3 2024
Heights at Meridian,2024-08-20,1.6433793804434862,0.8997050147492626,1.4785566697205408,1.0,2024-08,Q3 2024
Heights at Meridian,2024-08-21,1.6433793804434862,0.8967551622418879,1.4737089429345718,1.0,2024-08,Q3 2024
Heights at Meridian,2024-08-22,1.6445143651838567,0.8938053097345133,1.4698756715360137,1.0,2024-08,Q3 2024
Heights at Meridian,2024-08-23,1.6445143651838567,0.8967551622418879,1.4747267463595648,1.0,2024-08,Q3 2024
Heights at Meridian,2024-08-24,1.6445143651838567,0.8967551622418879,1.4747267463595648,1.0,2024-08,Q3 2024
Heights at Meridian,2024-08-25,1.6445143651838567,0.8967551622418879,1.4747267463595648,1.0,2024-08,Q3 2024
Heights at Meridian,2024-08-26,1.6445143651838567,0.8967551622418879,1.4747267463595648,1.0,2024-08,Q3 2024
Heights at Meridian,2024-08-27,1.6445143651838567,0.8967551622418879,1.4747267463595648,1.0,2024-08,Q3 2024
Heights at Meridian,2024-08-28,1.6445143651838567,0.8967551622418879,1.4747267463595648,1.0,2024-08,Q3 2024
Heights at Meridian,2024-08-29,1.6455635861441382,0.8967551622418879,1.4756676406720295,1.0,2024-08,Q3 2024
Heights at Meridian,2024-08-30,1.6455635861441382,0.8967551622418879,1.4756676406720295,1.0,2024-08,Q3 2024
Heights at Meridian,2024-08-31,1.6455635861441382,0.8967551622418879,1.4756676406720295,1.0,2024-08,Q3 2024
Heights at Meridian,2024-09-01,1.6469861417144316,0.8967551622418879,1.4769433247232662,1.0,2024-09,Q3 2024
Heights at Meridian,2024-09-02,1.6469861417144316,0.8997050147492626,1.4818016909230136,1.0,2024-09,Q3 2024
Heights at Meridian,2024-09-03,1.6469861417144316,0.8997050147492626,1.4818016909230136,1.0,2024-09,Q3 2024
Heights at Meridian,2024-09-04,1.6469861417144316,0.8997050147492626,1.4818016909230136,1.0,2024-09,Q3 2024
Heights at Meridian,2024-09-05,1.6469861417144316,0.8997050147492626,1.4818016909230136,1.0,2024-09,Q3 2024
Heights at Meridian,2024-09-06,1.6451260864069135,0.8997050147492626,1.4801281898351286,1.0,2024-09,Q3 2024
Heights at Meridian,2024-09-07,1.6451260864069135,0.9026548672566371,1.4849810691460634,1.0,2024-09,Q3 2024
Heights at Meridian,2024-09-08,1.6451260864069135,0.9026548672566371,1.4849810691460634,1.0,2024-09,Q3 2024
Heights at Meridian,2024-09-09,1.6444016636381653,0.9026548672566371,1.4843271654079013,1.0,2024-09,Q3 2024
Heights at Meridian,2024-09-10,1.6444016636381653,0.9056047197640118,1.4891779077785154,1.0,2024-09,Q3 2024
Heights at Meridian,2024-09-11,1.6444016636381653,0.9026548672566371,1.4843271654079013,1.0,2024-09,Q3 2024
Heights at Meridian,2024-09-12,1.6444016636381653,0.9026548672566371,1.4843271654079013,1.0,2024-09,Q3 2024
Heights at Meridian,2024-09-13,1.6444016636381653,0.8997050147492626,1.4794764230372874,1.0,2024-09,Q3 2024
Heights at Meridian,2024-09-14,1.6444016636381653,0.8997050147492626,1.4794764230372874,1.0,2024-09,Q3 2024
Heights at Meridian,2024-09-15,1.6430791548178654,0.8967551622418879,1.4734397140549589,1.0,2024-09,Q3 2024
Heights at Meridian,2024-09-16,1.643212951953365,0.8997050147492626,1.4784069331733816,1.0,2024-09,Q3 2024
Heights at Meridian,2024-09-17,1.643212951953365,0.9026548672566371,1.4832541690198515,1.0,2024-09,Q3 2024
Heights at Meridian,2024-09-18,1.643212951953365,0.9026548672566371,1.4832541690198515,1.0,2024-09,Q3 2024
Heights at Meridian,2024-09-19,1.642065383136647,0.9026548672566371,1.482218310441929,1.0,2024-09,Q3 2024
Heights at Meridian,2024-09-20,1.6437811778132398,0.9056047197640118,1.4886159928869163,1.0,2024-09,Q3 2024
Heights at Meridian,2024-09-21,1.6437811778132398,0.9085545722713865,1.493464904915864,1.0,2024-09,Q3 2024
Heights at Meridian,2024-09-22,1.6437811778132398,0.9085545722713865,1.493464904915864,1.0,2024-09,Q3 2024
Heights at Meridian,2024-09-23,1.6456484966910865,0.9085545722713865,1.4951614660202202,1.0,2024-09,Q3 2024
Heights at Meridian,2024-09-24,1.6456484966910865,0.911504424778761,1.5000158863644417,1.0,2024-09,Q3 2024
Heights at Meridian,2024-09-25,1.6474272515190367,0.911504424778761,1.5016372292607147,1.0,2024-09,Q3 2024
Heights at Meridian,2024-09-26,1.6474272515190367,0.911504424778761,1.5016372292607147,1.0,2024-09,Q3 2024
Heights at Meridian,2024-09-27,1.6474272515190367,0.911504424778761,1.5016372292607147,1.0,2024-09,Q3 2024
Heights at Meridian,2024-09-28,1.6474272515190367,0.9085545722713865,1.4967775618521042,1.0,2024-09,Q3 2024
Heights at Meridian,2024-09-29,1.6474272515190367,0.9085545722713865,1.4967775618521042,1.0,2024-09,Q3 2024
Heights at Meridian,2024-09-30,1.6474272515190367,0.9085545722713865,1.4967775618521042,1.0,2024-09,Q3 2024
Heights at Meridian,2024-10-01,1.6474272515190367,0.9085545722713865,1.4967775618521042,1.0,2024-10,Q4 2024
Heights at Meridian,2024-10-02,1.647859920890967,0.9085545722713865,1.4971706655882533,1.0,2024-10,Q4 2024
Heights at Meridian,2024-10-03,1.647859920890967,0.911504424778761,1.5020316093076955,1.0,2024-10,Q4 2024
Heights at Meridian,2024-10-04,1.647859920890967,0.911504424778761,1.5020316093076955,1.0,2024-10,Q4 2024
Heights at Meridian,2024-10-05,1.6468553306480636,0.9085545722713865,1.4962579405298042,1.0,2024-10,Q4 2024
Heights at Meridian,2024-10-06,1.6468553306480636,0.911504424778761,1.5011159208561995,1.0,2024-10,Q4 2024
Heights at Meridian,2024-10-07,1.6468553306480636,0.911504424778761,1.5011159208561995,1.0,2024-10,Q4 2024
Heights at Meridian,2024-10-08,1.6468553306480636,0.9085545722713865,1.4962579405298042,1.0,2024-10,Q4 2024
Heights at Meridian,2024-10-09,1.6468553306480636,0.9085545722713865,1.4962579405298042,1.0,2024-10,Q4 2024
Heights at Meridian,2024-10-10,1.6468553306480636,0.9085545722713865,1.4962579405298042,1.0,2024-10,Q4 2024
Heights at Meridian,2024-10-11,1.6468553306480636,0.9085545722713865,1.4962579405298042,1.0,2024-10,Q4 2024
Heights at Meridian,2024-10-12,1.6468553306480636,0.9085545722713865,1.4962579405298042,1.0,2024-10,Q4 2024
Heights at Meridian,2024-10-13,1.6468553306480636,0.9056047197640118,1.4913999602034085,1.0,2024-10,Q4 2024
Heights at Meridian,2024-10-14,1.6468553306480636,0.9056047197640118,1.4913999602034085,1.0,2024-10,Q4 2024
Heights at Meridian,2024-10-15,1.6468553306480636,0.9056047197640118,1.4913999602034085,1.0,2024-10,Q4 2024
Heights at Meridian,2024-10-16,1.6507245136673672,0.9056047197640118,1.4949039106073208,1.0,2024-10,Q4 2024
Heights at Meridian,2024-10-17,1.6507245136673672,0.911504424778761,1.5046426982985737,1.0,2024-10,Q4 2024
Heights at Meridian,2024-10-18,1.6507245136673672,0.911504424778761,1.5046426982985737,1.0,2024-10,Q4 2024
Heights at Meridian,2024-10-19,1.6507245136673672,0.9056047197640118,1.4949039106073208,1.0,2024-10,Q4 2024
Heights at Meridian,2024-10-20,1.6507245136673672,0.9056047197640118,1.4949039106073208,1.0,2024-10,Q4 2024
Heights at Meridian,2024-10-21,1.6507245136673672,0.9056047197640118,1.4949039106073208,1.0,2024-10,Q4 2024
Heights at Meridian,2024-10-22,1.6507245136673672,0.9056047197640118,1.4949039106073208,1.0,2024-10,Q4 2024
Heights at Meridian,2024-10-23,1.6507245136673672,0.9056047197640118,1.4949039106073208,1.0,2024-10,Q4 2024
Heights at Meridian,2024-10-24,1.6507245136673672,0.9056047197640118,1.4949039106073208,1.0,2024-10,Q4 2024
Heights at Meridian,2024-10-25,1.6507245136673672,0.9056047197640118,1.4949039106073208,1.0,2024-10,Q4 2024
Heights at Meridian,2024-10-26,1.6507245136673672,0.9026548672566371,1.4900345167616942,1.0,2024-10,Q4 2024
Heights at Meridian,2024-10-27,1.6474994855301197,0.9026548672566371,1.4871234294165683,1.0,2024-10,Q4 2024
Heights at Meridian,2024-10-28,1.6474994855301197,0.9085545722713865,1.4968431903931472,1.0,2024-10,Q4 2024
Heights at Meridian,2024-10-29,1.6496665905785781,0.9056047197640118,1.493945850464966,1.0,2024-10,Q4 2024
Heights at Meridian,2024-10-30,1.6486471867701251,0.9085545722713865,1.4978859396023556,1.0,2024-10,Q4 2024
Heights at Meridian,2024-10-31,1.6486471867701251,0.911504424778761,1.5027492056400256,1.0,2024-10,Q4 2024
Heights at Meridian,2024-11-01,1.6486471867701251,0.911504424778761,1.5027492056400256,1.0,2024-11,Q4 2024
Heights at Meridian,2024-11-02,1.6486471867701251,0.9085545722713865,1.4978859396023556,1.0,2024-11,Q4 2024
Heights at Meridian,2024-11-03,1.6486471867701251,0.9056047197640118,1.4930226735646857,1.0,2024-11,Q4 2024
Heights at Meridian,2024-11-04,1.6486471867701251,0.9056047197640118,1.4930226735646857,1.0,2024-11,Q4 2024
Heights at Meridian,2024-11-05,1.6486471867701251,0.9056047197640118,1.4930226735646857,1.0,2024-11,Q4 2024
Heights at Meridian,2024-11-06,1.6486471867701251,0.9056047197640118,1.4930226735646857,1.0,2024-11,Q4 2024
Heights at Meridian,2024-11-07,1.6458725637962133,0.9026548672566371,1.485654880594812,1.0,2024-11,Q4 2024
Heights at Meridian,2024-11-08,1.6461424351844898,0.9056047197640118,1.4907543587068979,1.0,2024-11,Q4 2024
Heights at Meridian,2024-11-09,1.6461424351844898,0.9085545722713865,1.4956102360968226,1.0,2024-11,Q4 2024
Heights at Meridian,2024-11-10,1.6461424351844898,0.9085545722713865,1.4956102360968226,1.0,2024-11,Q4 2024
Heights at Meridian,2024-11-11,1.6461424351844898,0.9056047197640118,1.4907543587068979,1.0,2024-11,Q4 2024
Heights at Meridian,2024-11-12,1.6466598947111788,0.9056047197640118,1.4912229724965542,1.0,2024-11,Q4 2024
Heights at Meridian,2024-11-13,1.6453706747459773,0.9085545722713865,1.494909049621714,1.0,2024-11,Q4 2024
Heights at Meridian,2024-11-14,1.6453706747459773,0.911504424778761,1.499762650432174,1.0,2024-11,Q4 2024
Heights at Meridian,2024-11-15,1.6453706747459773,0.911504424778761,1.499762650432174,1.0,2024-11,Q4 2024
Heights at Meridian,2024-11-16,1.6441294878267882,0.9085545722713865,1.4937813635712414,1.0,2024-11,Q4 2024
Heights at Meridian,2024-11-17,1.645036707349916,0.9085545722713865,1.4946056220170327,1.0,2024-11,Q4 2024
Heights at Meridian,2024-11-18,1.645036707349916,0.9085545722713865,1.4946056220170327,1.0,2024-11,Q4 2024
Heights at Meridian,2024-11-19,1.6440870331505537,0.9056047197640118,1.4888929769239527,1.0,2024-11,Q4 2024
Heights at Meridian,2024-11-20,1.6440870331505537,0.9085545722713865,1.4937427911810341,1.0,2024-11,Q4 2024
Heights at Meridian,2024-11-21,1.6440870331505537,0.9085545722713865,1.4937427911810341,1.0,2024-11,Q4 2024
Heights at Meridian,2024-11-22,1.6444232154422103,0.9085545722713865,1.4940482311392353,1.0,2024-11,Q4 2024
Heights at Meridian,2024-11-23,1.6444232154422103,0.9144542772861357,1.5037498430297498,1.0,2024-11,Q4 2024
Heights at Meridian,2024-11-24,1.6444232154422103,0.9144542772861357,1.5037498430297498,1.0,2024-11,Q4 2024
Heights at Meridian,2024-11-25,1.6444232154422103,0.9144542772861357,1.5037498430297498,1.0,2024-11,Q4 2024
Heights at Meridian,2024-11-26,1.6444232154422103,0.9144542772861357,1.5037498430297498,1.0,2024-11,Q4 2024
Heights at Meridian,2024-11-27,1.6444232154422103,0.9144542772861357,1.5037498430297498,1.0,2024-11,Q4 2024
Heights at Meridian,2024-11-28,1.6444232154422103,0.9144542772861357,1.5037498430297498,1.0,2024-11,Q4 2024
Heights at Meridian,2024-11-29,1.6444232154422103,0.9144542772861357,1.5037498430297498,1.0,2024-11,Q4 2024
Heights at Meridian,2024-11-30,1.6444232154422103,0.9144542772861357,1.5037498430297498,1.0,2024-11,Q4 2024
Heights at Meridian,2024-12-01,1.6444232154422103,0.9144542772861357,1.5037498430297498,1.0,2024-12,Q4 2024
Heights at Meridian,2024-12-02,1.6444232154422103,0.9144542772861357,1.5037498430297498,1.0,2024-12,Q4 2024
Heights at Meridian,2024-12-03,1.6465024536259278,0.9144542772861357,1.505651211280347,1.0,2024-12,Q4 2024
Heights at Meridian,2024-12-04,1.6465024536259278,0.9174041297935103,1.5105081506715738,1.0,2024-12,Q4 2024
Heights at Meridian,2024-12-05,1.6465024536259278,0.9174041297935103,1.5105081506715738,1.0,2024-12,Q4 2024
Heights at Meridian,2024-12-06,1.6465024536259278,0.9174041297935103,1.5105081506715738,1.0,2024-12,Q4 2024
Heights at Meridian,2024-12-07,1.6465024536259278,0.9174041297935103,1.5105081506715738,1.0,2024-12,Q4 2024
Heights at Meridian,2024-12-08,1.6465024536259278,0.9174041297935103,1.5105081506715738,1.0,2024-12,Q4 2024
Heights at Meridian,2024-12-09,1.6465024536259278,0.9174041297935103,1.5105081506715738,1.0,2024-12,Q4 2024
Heights at Meridian,2024-12-10,1.6465024536259278,0.9174041297935103,1.5105081506715738,1.0,2024-12,Q4 2024
Heights at Meridian,2024-12-11,1.6461433142773385,0.9174041297935103,1.5101786747500066,1.0,2024-12,Q4 2024
Heights at Meridian,2024-12-12,1.6461433142773385,0.9203539823008849,1.5150345547331256,1.0,2024-12,Q4 2024
Heights at Meridian,2024-12-13,1.6461433142773385,0.9174041297935103,1.5101786747500066,1.0,2024-12,Q4 2024
Heights at Meridian,2024-12-14,1.6461433142773385,0.9174041297935103,1.5101786747500066,1.0,2024-12,Q4 2024
Heights at Meridian,2024-12-15,1.6461433142773385,0.9144542772861357,1.5053227947668877,1.0,2024-12,Q4 2024
Heights at Meridian,2024-12-16,1.6461433142773385,0.9144542772861357,1.5053227947668877,1.0,2024-12,Q4 2024
Heights at Meridian,2024-12-17,1.6461433142773385,0.911504424778761,1.5004669147837686,1.0,2024-12,Q4 2024
Heights at Meridian,2024-12-18,1.6461433142773385,0.911504424778761,1.5004669147837686,1.0,2024-12,Q4 2024
Heights at Meridian,2024-12-19,1.6461433142773385,0.911504424778761,1.5004669147837686,1.0,2024-12,Q4 2024
Heights at Meridian,2024-12-20,1.6461433142773385,0.911504424778761,1.5004669147837686,1.0,2024-12,Q4 2024
Heights at Meridian,2024-12-21,1.6461433142773385,0.911504424778761,1.5004669147837686,1.0,2024-12,Q4 2024
Heights at Meridian,2024-12-22,1.6461433142773385,0.911504424778761,1.5004669147837686,1.0,2024-12,Q4 2024
Heights at Meridian,2024-12-23,1.6461433142773385,0.911504424778761,1.5004669147837686,1.0,2024-12,Q4 2024
Heights at Meridian,2024-12-24,1.6461433142773385,0.8967551622418879,1.4761875148681738,1.0,2024-12,Q4 2024
Heights at Meridian,2024-12-25,1.6472925271781456,0.8967551622418879,1.4772180774694874,1.0,2024-12,Q4 2024
Heights at Meridian,2024-12-26,1.6479545915414826,0.8997050147492626,1.4826730100889445,1.0,2024-12,Q4 2024
Heights at Meridian,2024-12-27,1.6479545915414826,0.9056047197640118,1.492395456056741,1.0,2024-12,Q4 2024
Heights at Meridian,2024-12-28,1.6479545915414826,0.9056047197640118,1.492395456056741,1.0,2024-12,Q4 2024
Heights at Meridian,2024-12-29,1.6479545915414826,0.9056047197640118,1.492395456056741,1.0,2024-12,Q4 2024
Heights at Meridian,2024-12-30,1.6479545915414826,0.9026548672566371,1.4875342330728427,1.0,2024-12,Q4 2024
Heights at Meridian,2024-12-31,1.6493409806664472,0.8997050147492626,1.4839203513370691,1.0,2024-12,Q4 2024
Heights at Meridian,2025-01-01,1.6493409806664472,0.9026548672566371,1.4887856639644035,1.0,2025-01,Q1 2025
Heights at Meridian,2025-01-02,1.6511532563331661,0.9026548672566371,1.4904215234157783,1.0,2025-01,Q1 2025
Heights at Meridian,2025-01-03,1.6511532563331661,0.9085545722713865,1.5001628405622867,1.0,2025-01,Q1 2025
Heights at Meridian,2025-01-04,1.6511532563331661,0.9056047197640118,1.4952921819890324,1.0,2025-01,Q1 2025
Heights at Meridian,2025-01-05,1.6511532563331661,0.9026548672566371,1.4904215234157783,1.0,2025-01,Q1 2025
Heights at Meridian,2025-01-06,1.6511532563331661,0.9026548672566371,1.4904215234157783,1.0,2025-01,Q1 2025
Heights at Meridian,2025-01-07,1.652521708002991,0.9026548672566371,1.491656762976151,1.0,2025-01,Q1 2025
Heights at Meridian,2025-01-08,1.6527444235222153,0.9026548672566371,1.4918577982235925,1.0,2025-01,Q1 2025
Heights at Meridian,2025-01-09,1.6527444235222153,0.9056047197640118,1.496733150505369,1.0,2025-01,Q1 2025
Heights at Meridian,2025-01-10,1.6527444235222153,0.9056047197640118,1.496733150505369,1.0,2025-01,Q1 2025
Heights at Meridian,2025-01-11,1.6527444235222153,0.9056047197640118,1.496733150505369,1.0,2025-01,Q1 2025
Heights at Meridian,2025-01-12,1.6527444235222153,0.9056047197640118,1.496733150505369,1.0,2025-01,Q1 2025
Heights at Meridian,2025-01-13,1.6527444235222153,0.9056047197640118,1.496733150505369,1.0,2025-01,Q1 2025
Heights at Meridian,2025-01-14,1.6532134984583513,0.9056047197640118,1.4971579469814569,1.0,2025-01,Q1 2025
Heights at Meridian,2025-01-15,1.6532134984583513,0.9085545722713865,1.50203468296511,1.0,2025-01,Q1 2025
Heights at Meridian,2025-01-16,1.6532134984583513,0.9085545722713865,1.50203468296511,1.0,2025-01,Q1 2025
Heights at Meridian,2025-01-17,1.6532134984583513,0.8997050147492626,1.4874044750141509,1.0,2025-01,Q1 2025
Heights at Meridian,2025-01-18,1.6532134984583513,0.8997050147492626,1.4874044750141509,1.0,2025-01,Q1 2025
Heights at Meridian,2025-01-19,1.6532134984583513,0.8997050147492626,1.4874044750141509,1.0,2025-01,Q1 2025
Heights at Meridian,2025-01-20,1.6532134984583513,0.8997050147492626,1.4874044750141509,1.0,2025-01,Q1 2025
Heights at Meridian,2025-01-21,1.6532134984583513,0.8997050147492626,1.4874044750141509,1.0,2025-01,Q1 2025
Heights at Meridian,2025-01-22,1.6551941494693418,0.8997050147492626,1.4891864766612073,1.0,2025-01,Q1 2025
Heights at Meridian,2025-01-23,1.6551941494693418,0.9026548672566371,1.4940690552732112,1.0,2025-01,Q1 2025
Heights at Meridian,2025-01-24,1.6551941494693418,0.8997050147492626,1.4891864766612073,1.0,2025-01,Q1 2025
Heights at Meridian,2025-01-25,1.6551941494693418,0.8997050147492626,1.4891864766612073,1.0,2025-01,Q1 2025
Heights at Meridian,2025-01-26,1.6551941494693418,0.8997050147492626,1.4891864766612073,1.0,2025-01,Q1 2025
Heights at Meridian,2025-01-27,1.6551941494693418,0.8997050147492626,1.4891864766612073,1.0,2025-01,Q1 2025
Heights at Meridian,2025-01-28,1.6551941494693418,0.8967551622418879,1.4843038980492034,1.0,2025-01,Q1 2025
Heights at Meridian,2025-01-29,1.6551941494693418,0.8967551622418879,1.4843038980492034,1.0,2025-01,Q1 2025
Heights at Meridian,2025-01-30,1.6551941494693418,0.8967551622418879,1.4843038980492034,1.0,2025-01,Q1 2025
Heights at Meridian,2025-01-31,1.6563334666718486,0.8967551622418879,1.485325586631982,1.0,2025-01,Q1 2025
Heights at Meridian,2025-02-01,1.6563334666718486,0.8997050147492626,1.4902115260616926,1.0,2025-02,Q1 2025
Heights at Meridian,2025-02-02,1.6563334666718486,0.8997050147492626,1.4902115260616926,1.0,2025-02,Q1 2025
Heights at Meridian,2025-02-03,1.655156788820721,0.8997050147492626,1.4891528630982889,1.0,2025-02,Q1 2025
Heights at Meridian,2025-02-04,1.655156788820721,0.9026548672566371,1.4940353315018897,1.0,2025-02,Q1 2025
Heights at Meridian,2025-02-05,1.656287095558537,0.9026548672566371,1.4950556083802722,1.0,2025-02,Q1 2025
Heights at Meridian,2025-02-06,1.656287095558537,0.9056047197640118,1.499941411022038,1.0,2025-02,Q1 2025
Heights at Meridian,2025-02-07,1.6580164721991522,0.9056047197640118,1.5015075426700286,1.0,2025-02,Q1 2025
Heights at Meridian,2025-02-08,1.6580164721991522,0.9056047197640118,1.5015075426700286,1.0,2025-02,Q1 2025
Heights at Meridian,2025-02-09,1.6580164721991522,0.9056047197640118,1.5015075426700286,1.0,2025-02,Q1 2025
Heights at Meridian,2025-02-10,1.6580164721991522,0.9056047197640118,1.5015075426700286,1.0,2025-02,Q1 2025
Heights at Meridian,2025-02-11,1.6580164721991522,0.9056047197640118,1.5015075426700286,1.0,2025-02,Q1 2025
Heights at Meridian,2025-02-12,1.6580164721991522,0.9056047197640118,1.5015075426700286,1.0,2025-02,Q1 2025
Heights at Meridian,2025-02-13,1.6580164721991522,0.9056047197640118,1.5015075426700286,1.0,2025-02,Q1 2025
Heights at Meridian,2025-02-14,1.6580164721991522,0.9056047197640118,1.5015075426700286,1.0,2025-02,Q1 2025
Heights at Meridian,2025-02-15,1.6567018096991923,0.9026548672566371,1.495429952117855,1.0,2025-02,Q1 2025
Heights at Meridian,2025-02-16,1.6564468127121585,0.9056047197640118,1.5000860516301848,1.0,2025-02,Q1 2025
Heights at Meridian,2025-02-17,1.6564468127121585,0.9085545722713865,1.5049723254139966,1.0,2025-02,Q1 2025
Heights at Meridian,2025-02-18,1.6564468127121585,0.9085545722713865,1.5049723254139966,1.0,2025-02,Q1 2025
Heights at Meridian,2025-02-19,1.6564468127121585,0.9085545722713865,1.5049723254139966,1.0,2025-02,Q1 2025
Heights at Meridian,2025-02-20,1.6564468127121585,0.9085545722713865,1.5049723254139966,1.0,2025-02,Q1 2025
Heights at Meridian,2025-02-21,1.6564468127121585,0.9085545722713865,1.5049723254139966,1.0,2025-02,Q1 2025
Heights at Meridian,2025-02-22,1.6574270925258576,0.9085545722713865,1.5058629631208382,1.0,2025-02,Q1 2025
Heights at Meridian,2025-02-23,1.6574270925258576,0.9085545722713865,1.5058629631208382,1.0,2025-02,Q1 2025
Heights at Meridian,2025-02-24,1.6574270925258576,0.9085545722713865,1.5058629631208382,1.0,2025-02,Q1 2025
Heights at Meridian,2025-02-25,1.6572527364617349,0.9085545722713865,1.5057045511215763,1.0,2025-02,Q1 2025
Heights at Meridian,2025-02-26,1.6572527364617349,0.911504424778761,1.5105932022615813,1.0,2025-02,Q1 2025
Heights at Meridian,2025-02-27,1.6572527364617349,0.911504424778761,1.5105932022615813,1.0,2025-02,Q1 2025
Heights at Meridian,2025-02-28,1.6572527364617349,0.911504424778761,1.5105932022615813,1.0,2025-02,Q1 2025
Heights at Meridian,2025-03-01,1.6572527364617349,0.911504424778761,1.5105932022615813,1.0,2025-03,Q1 2025
Heights at Meridian,2025-03-02,1.6572527364617349,0.911504424778761,1.5105932022615813,1.0,2025-03,Q1 2025
Heights at Meridian,2025-03-03,1.6572527364617349,0.911504424778761,1.5105932022615813,1.0,2025-03,Q1 2025
Heights at Meridian,2025-03-04,1.6569674265386245,0.9085545722713865,1.50544533148642,1.0,2025-03,Q1 2025
Heights at Meridian,2025-03-05,1.6569674265386245,0.911504424778761,1.5103331410042329,1.0,2025-03,Q1 2025
Heights at Meridian,2025-03-06,1.6608988298471368,0.911504424778761,1.5139166325155318,1.0,2025-03,Q1 2025
Heights at Meridian,2025-03-07,1.6608988298471368,0.9144542772861357,1.518816039093252,1.0,2025-03,Q1 2025
Heights at Meridian,2025-03-08,1.6582209186099823,0.911504424778761,1.5114757045737006,1.0,2025-03,Q1 2025
Heights at Meridian,2025-03-09,1.6582209186099823,0.9174041297935103,1.521258718842786,1.0,2025-03,Q1 2025
Heights at Meridian,2025-03-10,1.6582209186099823,0.9174041297935103,1.521258718842786,1.0,2025-03,Q1 2025
Heights at Meridian,2025-03-11,1.6582209186099823,0.9144542772861357,1.5163672117082434,1.0,2025-03,Q1 2025
Heights at Meridian,2025-03-12,1.6582209186099823,0.9085545722713865,1.506584197439158,1.0,2025-03,Q1 2025
Heights at Meridian,2025-03-13,1.6582209186099823,0.9085545722713865,1.506584197439158,1.0,2025-03,Q1 2025
Heights at Meridian,2025-03-14,1.6580804702116694,0.9085545722713865,1.5064565924047026,1.0,2025-03,Q1 2025
Heights at Meridian,2025-03-15,1.6580804702116694,0.911504424778761,1.5113476852371852,1.0,2025-03,Q1 2025
Heights at Meridian,2025-03-16,1.6580804702116694,0.911504424778761,1.5113476852371852,1.0,2025-03,Q1 2025
Heights at Meridian,2025-03-17,1.6580804702116694,0.911504424778761,1.5113476852371852,1.0,2025-03,Q1 2025
Heights at Meridian,2025-03-18,1.6580804702116694,0.911504424778761,1.5113476852371852,1.0,2025-03,Q1 2025
Heights at Meridian,2025-03-19,1.6580804702116694,0.911504424778761,1.5113476852371852,1.0,2025-03,Q1 2025
Heights at Meridian,2025-03-20,1.6580804702116694,0.911504424778761,1.5113476852371852,1.0,2025-03,Q1 2025
Heights at Meridian,2025-03-21,1.6580804702116694,0.911504424778761,1.5113476852371852,1.0,2025-03,Q1 2025
Heights at Meridian,2025-03-22,1.6580804702116694,0.911504424778761,1.5113476852371852,1.0,2025-03,Q1 2025
Heights at Meridian,2025-03-23,1.6580804702116694,0.911504424778761,1.5113476852371852,1.0,2025-03,Q1 2025
Heights at Meridian,2025-03-24,1.6580804702116694,0.911504424778761,1.5113476852371852,1.0,2025-03,Q1 2025
Heights at Meridian,2025-03-25,1.6580804702116694,0.911504424778761,1.5113476852371852,1.0,2025-03,Q1 2025
Heights at Meridian,2025-03-26,1.6580804702116694,0.9085545722713865,1.5064565924047026,1.0,2025-03,Q1 2025
Heights at Meridian,2025-03-27,1.6580804702116694,0.9056047197640118,1.5015654995722199,1.0,2025-03,Q1 2025
Heights at Meridian,2025-03-28,1.657893205680585,0.9056047197640118,1.5013959119290254,1.0,2025-03,Q1 2025
Heights at Meridian,2025-03-29,1.6576903357719108,0.9056047197640118,1.5012121919822319,1.0,2025-03,Q1 2025
Heights at Meridian,2025-03-30,1.655697160120743,0.9085545722713865,1.504291225124451,1.0,2025-03,Q1 2025
Heights at Meridian,2025-03-31,1.655697160120743,0.911504424778761,1.5091752875436861,1.0,2025-03,Q1 2025
Heights at Meridian,2025-04-01,1.654549968380529,0.911504424778761,1.5081296171964114,1.0,2025-04,Q2 2025
Heights at Meridian,2025-04-02,1.654549968380529,0.911504424778761,1.5081296171964114,1.0,2025-04,Q2 2025
Heights at Meridian,2025-04-03,1.654549968380529,0.9056047197640118,1.4983682604508035,1.0,2025-04,Q2 2025
Heights at Meridian,2025-04-04,1.6521768641514962,0.9026548672566371,1.4913454879951558,1.0,2025-04,Q2 2025
Heights at Meridian,2025-04-05,1.6521768641514962,0.9056047197640118,1.4962191660604995,1.0,2025-04,Q2 2025
Heights at Meridian,2025-04-06,1.6531260893652653,0.9056047197640118,1.4970787888942079,1.0,2025-04,Q2 2025
Heights at Meridian,2025-04-07,1.6531260893652653,0.9085545722713865,1.5019552670339285,1.0,2025-04,Q2 2025
Heights at Meridian,2025-04-08,1.6531260893652653,0.9085545722713865,1.5019552670339285,1.0,2025-04,Q2 2025
Heights at Meridian,2025-04-09,1.6531260893652653,0.9085545722713865,1.5019552670339285,1.0,2025-04,Q2 2025
Heights at Meridian,2025-04-10,1.6531260893652653,0.9085545722713865,1.5019552670339285,1.0,2025-04,Q2 2025
Heights at Meridian,2025-04-11,1.6517050897943566,0.9056047197640118,1.4957919249760103,1.0,2025-04,Q2 2025
Heights at Meridian,2025-04-12,1.6519213218636375,0.9085545722713865,1.5008606700118006,1.0,2025-04,Q2 2025
Heights at Meridian,2025-04-13,1.66245720684421,0.9085545722713865,1.510433096483825,1.0,2025-04,Q2 2025
The Bailey Apartments,2023-09-15,1.2982818360711466,0.9188405797101449,1.1929140348827636,1.0,2023-09,Q3 2023
The Bailey Apartments,2023-09-16,1.2982818360711466,0.9246376811594202,1.2004403063962195,1.0,2023-09,Q3 2023
The Bailey Apartments,2023-09-17,1.2982818360711466,0.9246376811594202,1.2004403063962195,1.0,2023-09,Q3 2023
The Bailey Apartments,2023-09-18,1.2982818360711466,0.9246376811594202,1.2004403063962195,1.0,2023-09,Q3 2023
The Bailey Apartments,2023-09-19,1.2982818360711466,0.9246376811594202,1.2004403063962195,1.0,2023-09,Q3 2023
The Bailey Apartments,2023-09-20,1.2935818750047914,0.9217391304347826,1.192345032613112,1.0,2023-09,Q3 2023
The Bailey Apartments,2023-09-21,1.2935818750047914,0.9217391304347826,1.192345032613112,1.0,2023-09,Q3 2023
The Bailey Apartments,2023-09-22,1.2935818750047914,0.9217391304347826,1.192345032613112,1.0,2023-09,Q3 2023
The Bailey Apartments,2023-09-23,1.2891383251815514,0.9217391304347826,1.1882492388629953,1.0,2023-09,Q3 2023
The Bailey Apartments,2023-09-24,1.2752841382139477,0.9217391304347826,1.1754792926145954,1.0,2023-09,Q3 2023
The Bailey Apartments,2023-09-25,1.2752841382139477,0.9304347826086956,1.186568719903412,1.0,2023-09,Q3 2023
The Bailey Apartments,2023-09-26,1.2752841382139477,0.9304347826086956,1.186568719903412,1.0,2023-09,Q3 2023
The Bailey Apartments,2023-09-27,1.2752841382139477,0.9304347826086956,1.186568719903412,1.0,2023-09,Q3 2023
The Bailey Apartments,2023-09-28,1.2752841382139477,0.9304347826086956,1.186568719903412,1.0,2023-09,Q3 2023
The Bailey Apartments,2023-09-29,1.2752841382139477,0.9304347826086956,1.186568719903412,1.0,2023-09,Q3 2023
The Bailey Apartments,2023-09-30,1.2752841382139477,0.927536231884058,1.1828722441404733,1.0,2023-09,Q3 2023
The Bailey Apartments,2023-10-01,1.2780021605554064,0.927536231884058,1.1853933083412465,1.0,2023-10,Q4 2023
The Bailey Apartments,2023-10-02,1.2780021605554064,0.927536231884058,1.1853933083412465,1.0,2023-10,Q4 2023
The Bailey Apartments,2023-10-03,1.2837810580229012,0.9246376811594202,1.1870323406066825,1.0,2023-10,Q4 2023
The Bailey Apartments,2023-10-04,1.2837810580229012,0.927536231884058,1.190753445122691,1.0,2023-10,Q4 2023
The Bailey Apartments,2023-10-05,1.2811852385706324,0.927536231884058,1.1883457285292822,1.0,2023-10,Q4 2023
The Bailey Apartments,2023-10-06,1.2811852385706324,0.9304347826086956,1.1920593089309361,1.0,2023-10,Q4 2023
The Bailey Apartments,2023-10-07,1.28298112484469,0.9304347826086956,1.193730263985929,1.0,2023-10,Q4 2023
The Bailey Apartments,2023-10-08,1.283462511576841,0.9333333333333333,1.197898344138385,1.0,2023-10,Q4 2023
The Bailey Apartments,2023-10-09,1.2842056196199618,0.936231884057971,1.2023142467746308,1.0,2023-10,Q4 2023
The Bailey Apartments,2023-10-10,1.2842056196199618,0.9391304347826087,1.2060365819039642,1.0,2023-10,Q4 2023
The Bailey Apartments,2023-10-11,1.2842056196199618,0.9391304347826087,1.2060365819039642,1.0,2023-10,Q4 2023
The Bailey Apartments,2023-10-12,1.287711440112757,0.9391304347826087,1.2093290046276326,1.0,2023-10,Q4 2023
The Bailey Apartments,2023-10-13,1.287711440112757,0.9420289855072463,1.2130615015554957,1.0,2023-10,Q4 2023
The Bailey Apartments,2023-10-14,1.2869785536899372,0.9391304347826087,1.2086407286827237,1.0,2023-10,Q4 2023
The Bailey Apartments,2023-10-15,1.2869785536899372,0.9449275362318841,1.216101473921506,1.0,2023-10,Q4 2023
The Bailey Apartments,2023-10-16,1.2869785536899372,0.9449275362318841,1.216101473921506,1.0,2023-10,Q4 2023
The Bailey Apartments,2023-10-17,1.2869785536899372,0.9449275362318841,1.216101473921506,1.0,2023-10,Q4 2023
The Bailey Apartments,2023-10-18,1.2869785536899372,0.9420289855072463,1.2123711013021148,1.0,2023-10,Q4 2023
The Bailey Apartments,2023-10-19,1.2869785536899372,0.9420289855072463,1.2123711013021148,1.0,2023-10,Q4 2023
The Bailey Apartments,2023-10-20,1.2869785536899372,0.936231884057971,1.2049103560633325,1.0,2023-10,Q4 2023
The Bailey Apartments,2023-10-21,1.293236351825024,0.936231884057971,1.2107691062013992,1.0,2023-10,Q4 2023
The Bailey Apartments,2023-10-22,1.293236351825024,0.9391304347826087,1.2145176173661096,1.0,2023-10,Q4 2023
The Bailey Apartments,2023-10-23,1.293236351825024,0.9391304347826087,1.2145176173661096,1.0,2023-10,Q4 2023
The Bailey Apartments,2023-10-24,1.2891798685139655,0.9391304347826087,1.2107080504305068,1.0,2023-10,Q4 2023
The Bailey Apartments,2023-10-25,1.2915866981498878,0.9420289855072463,1.2167121069527929,1.0,2023-10,Q4 2023
The Bailey Apartments,2023-10-26,1.2915866981498878,0.9449275362318841,1.2204558365126477,1.0,2023-10,Q4 2023
The Bailey Apartments,2023-10-27,1.2915866981498878,0.9449275362318841,1.2204558365126477,1.0,2023-10,Q4 2023
The Bailey Apartments,2023-10-28,1.2983974689932571,0.9449275362318841,1.2268915214255125,1.0,2023-10,Q4 2023
The Bailey Apartments,2023-10-29,1.2983974689932571,0.9478260869565217,1.2306549923501306,1.0,2023-10,Q4 2023
The Bailey Apartments,2023-10-30,1.2983974689932571,0.9478260869565217,1.2306549923501306,1.0,2023-10,Q4 2023
The Bailey Apartments,2023-10-31,1.2983974689932571,0.9478260869565217,1.2306549923501306,1.0,2023-10,Q4 2023
The Bailey Apartments,2023-11-01,1.2983974689932571,0.9449275362318841,1.2268915214255125,1.0,2023-11,Q4 2023
The Bailey Apartments,2023-11-02,1.2983974689932571,0.9449275362318841,1.2268915214255125,1.0,2023-11,Q4 2023
The Bailey Apartments,2023-11-03,1.2931543621949257,0.9449275362318841,1.2219371654363647,1.0,2023-11,Q4 2023
The Bailey Apartments,2023-11-04,1.2931543621949257,0.9478260869565217,1.225685438949973,1.0,2023-11,Q4 2023
The Bailey Apartments,2023-11-05,1.2931543621949257,0.9478260869565217,1.225685438949973,1.0,2023-11,Q4 2023
The Bailey Apartments,2023-11-06,1.2931543621949257,0.9478260869565217,1.225685438949973,1.0,2023-11,Q4 2023
The Bailey Apartments,2023-11-07,1.2931543621949257,0.9478260869565217,1.225685438949973,1.0,2023-11,Q4 2023
The Bailey Apartments,2023-11-08,1.2931543621949257,0.9478260869565217,1.225685438949973,1.0,2023-11,Q4 2023
The Bailey Apartments,2023-11-09,1.2931543621949257,0.9478260869565217,1.225685438949973,1.0,2023-11,Q4 2023
The Bailey Apartments,2023-11-10,1.2933605769902758,0.9478260869565217,1.2258808947125224,1.0,2023-11,Q4 2023
The Bailey Apartments,2023-11-11,1.2933605769902758,0.9507246376811594,1.2296297659501754,1.0,2023-11,Q4 2023
The Bailey Apartments,2023-11-12,1.2933605769902758,0.9507246376811594,1.2296297659501754,1.0,2023-11,Q4 2023
The Bailey Apartments,2023-11-13,1.2933605769902758,0.9507246376811594,1.2296297659501754,1.0,2023-11,Q4 2023
The Bailey Apartments,2023-11-14,1.2918765755291675,0.9478260869565217,1.2244743194146022,1.0,2023-11,Q4 2023
The Bailey Apartments,2023-11-15,1.294029862767186,0.9507246376811594,1.2302660724279335,1.0,2023-11,Q4 2023
The Bailey Apartments,2023-11-16,1.294029862767186,0.9536231884057971,1.23401688362436,1.0,2023-11,Q4 2023
The Bailey Apartments,2023-11-17,1.294029862767186,0.9507246376811594,1.2302660724279335,1.0,2023-11,Q4 2023
The Bailey Apartments,2023-11-18,1.294029862767186,0.9507246376811594,1.2302660724279335,1.0,2023-11,Q4 2023
The Bailey Apartments,2023-11-19,1.294029862767186,0.9507246376811594,1.2302660724279335,1.0,2023-11,Q4 2023
The Bailey Apartments,2023-11-20,1.294029862767186,0.9507246376811594,1.2302660724279335,1.0,2023-11,Q4 2023
The Bailey Apartments,2023-11-21,1.294029862767186,0.9507246376811594,1.2302660724279335,1.0,2023-11,Q4 2023
The Bailey Apartments,2023-11-22,1.294029862767186,0.9507246376811594,1.2302660724279335,1.0,2023-11,Q4 2023
The Bailey Apartments,2023-11-23,1.294029862767186,0.9507246376811594,1.2302660724279335,1.0,2023-11,Q4 2023
The Bailey Apartments,2023-11-24,1.294029862767186,0.9507246376811594,1.2302660724279335,1.0,2023-11,Q4 2023
The Bailey Apartments,2023-11-25,1.294029862767186,0.9507246376811594,1.2302660724279335,1.0,2023-11,Q4 2023
The Bailey Apartments,2023-11-26,1.294029862767186,0.9507246376811594,1.2302660724279335,1.0,2023-11,Q4 2023
The Bailey Apartments,2023-11-27,1.2894960875565105,0.9507246376811594,1.225955700633436,1.0,2023-11,Q4 2023
The Bailey Apartments,2023-11-28,1.2894960875565105,0.9507246376811594,1.225955700633436,1.0,2023-11,Q4 2023
The Bailey Apartments,2023-11-29,1.2894960875565105,0.9507246376811594,1.225955700633436,1.0,2023-11,Q4 2023
The Bailey Apartments,2023-11-30,1.2894960875565105,0.9507246376811594,1.225955700633436,1.0,2023-11,Q4 2023
The Bailey Apartments,2023-12-01,1.2844776816088184,0.9478260869565217,1.2174614547422713,1.0,2023-12,Q4 2023
The Bailey Apartments,2023-12-02,1.2844776816088184,0.9507246376811594,1.2211845784570796,1.0,2023-12,Q4 2023
The Bailey Apartments,2023-12-03,1.2844776816088184,0.9507246376811594,1.2211845784570796,1.0,2023-12,Q4 2023
The Bailey Apartments,2023-12-04,1.2844776816088184,0.9507246376811594,1.2211845784570796,1.0,2023-12,Q4 2023
The Bailey Apartments,2023-12-05,1.2844776816088184,0.9478260869565217,1.2174614547422713,1.0,2023-12,Q4 2023
The Bailey Apartments,2023-12-06,1.2844776816088184,0.9478260869565217,1.2174614547422713,1.0,2023-12,Q4 2023
The Bailey Apartments,2023-12-07,1.2844776816088184,0.9478260869565217,1.2174614547422713,1.0,2023-12,Q4 2023
The Bailey Apartments,2023-12-08,1.2844776816088184,0.9478260869565217,1.2174614547422713,1.0,2023-12,Q4 2023
The Bailey Apartments,2023-12-09,1.2844776816088184,0.9478260869565217,1.2174614547422713,1.0,2023-12,Q4 2023
The Bailey Apartments,2023-12-10,1.288725280503199,0.9478260869565217,1.221487439781293,1.0,2023-12,Q4 2023
The Bailey Apartments,2023-12-11,1.288725280503199,0.9507246376811594,1.2252228753769545,1.0,2023-12,Q4 2023
The Bailey Apartments,2023-12-12,1.288725280503199,0.9478260869565217,1.221487439781293,1.0,2023-12,Q4 2023
The Bailey Apartments,2023-12-13,1.2839963347649024,0.9478260869565217,1.2170052216467335,1.0,2023-12,Q4 2023
The Bailey Apartments,2023-12-14,1.2839963347649024,0.9507246376811594,1.2207269501532985,1.0,2023-12,Q4 2023
The Bailey Apartments,2023-12-15,1.2839963347649024,0.9507246376811594,1.2207269501532985,1.0,2023-12,Q4 2023
The Bailey Apartments,2023-12-16,1.2839963347649024,0.9478260869565217,1.2170052216467335,1.0,2023-12,Q4 2023
The Bailey Apartments,2023-12-17,1.2839963347649024,0.9478260869565217,1.2170052216467335,1.0,2023-12,Q4 2023
The Bailey Apartments,2023-12-18,1.2839963347649024,0.9478260869565217,1.2170052216467335,1.0,2023-12,Q4 2023
The Bailey Apartments,2023-12-19,1.2839963347649024,0.9478260869565217,1.2170052216467335,1.0,2023-12,Q4 2023
The Bailey Apartments,2023-12-20,1.2839963347649024,0.9478260869565217,1.2170052216467335,1.0,2023-12,Q4 2023
The Bailey Apartments,2023-12-21,1.2839963347649024,0.9478260869565217,1.2170052216467335,1.0,2023-12,Q4 2023
The Bailey Apartments,2023-12-22,1.2839963347649024,0.9478260869565217,1.2170052216467335,1.0,2023-12,Q4 2023
The Bailey Apartments,2023-12-23,1.2839963347649024,0.9478260869565217,1.2170052216467335,1.0,2023-12,Q4 2023
The Bailey Apartments,2023-12-24,1.2868008123095915,0.9478260869565217,1.2196633786238738,1.0,2023-12,Q4 2023
The Bailey Apartments,2023-12-25,1.2868008123095915,0.9507246376811594,1.2233932360508581,1.0,2023-12,Q4 2023
The Bailey Apartments,2023-12-26,1.2868008123095915,0.9507246376811594,1.2233932360508581,1.0,2023-12,Q4 2023
The Bailey Apartments,2023-12-27,1.2868008123095915,0.9507246376811594,1.2233932360508581,1.0,2023-12,Q4 2023
The Bailey Apartments,2023-12-28,1.2868008123095915,0.9507246376811594,1.2233932360508581,1.0,2023-12,Q4 2023
The Bailey Apartments,2023-12-29,1.2868008123095915,0.9449275362318841,1.2159335211968894,1.0,2023-12,Q4 2023
The Bailey Apartments,2023-12-30,1.2868008123095915,0.9420289855072463,1.212203663769905,1.0,2023-12,Q4 2023
The Bailey Apartments,2023-12-31,1.2868008123095915,0.9420289855072463,1.212203663769905,1.0,2023-12,Q4 2023
The Bailey Apartments,2024-01-01,1.2868008123095915,0.9420289855072463,1.212203663769905,1.0,2024-01,Q1 2024
The Bailey Apartments,2024-01-02,1.2868008123095915,0.9420289855072463,1.212203663769905,1.0,2024-01,Q1 2024
The Bailey Apartments,2024-01-03,1.2868008123095915,0.9420289855072463,1.212203663769905,1.0,2024-01,Q1 2024
The Bailey Apartments,2024-01-04,1.2809272890348842,0.9420289855072463,1.2066706345980793,1.0,2024-01,Q1 2024
The Bailey Apartments,2024-01-05,1.2809272890348842,0.9449275362318841,1.2103834673199196,1.0,2024-01,Q1 2024
The Bailey Apartments,2024-01-06,1.279838938551053,0.9449275362318841,1.209355054978676,1.0,2024-01,Q1 2024
The Bailey Apartments,2024-01-07,1.279838938551053,0.9478260869565217,1.2130647330614328,1.0,2024-01,Q1 2024
The Bailey Apartments,2024-01-08,1.2788269090068003,0.9478260869565217,1.2121055050586194,1.0,2024-01,Q1 2024
The Bailey Apartments,2024-01-09,1.2788269090068003,0.9478260869565217,1.2121055050586194,1.0,2024-01,Q1 2024
The Bailey Apartments,2024-01-10,1.2788269090068003,0.9478260869565217,1.2121055050586194,1.0,2024-01,Q1 2024
The Bailey Apartments,2024-01-11,1.2788269090068003,0.9478260869565217,1.2121055050586194,1.0,2024-01,Q1 2024
The Bailey Apartments,2024-01-12,1.2788269090068003,0.9478260869565217,1.2121055050586194,1.0,2024-01,Q1 2024
The Bailey Apartments,2024-01-13,1.2788269090068003,0.9478260869565217,1.2121055050586194,1.0,2024-01,Q1 2024
The Bailey Apartments,2024-01-14,1.2750098119535171,0.9478260869565217,1.2084875608950727,1.0,2024-01,Q1 2024
The Bailey Apartments,2024-01-15,1.2750098119535171,0.9507246376811594,1.212183241509431,1.0,2024-01,Q1 2024
The Bailey Apartments,2024-01-16,1.2750098119535171,0.9507246376811594,1.212183241509431,1.0,2024-01,Q1 2024
The Bailey Apartments,2024-01-17,1.2750098119535171,0.9507246376811594,1.212183241509431,1.0,2024-01,Q1 2024
The Bailey Apartments,2024-01-18,1.2750098119535171,0.9507246376811594,1.212183241509431,1.0,2024-01,Q1 2024
The Bailey Apartments,2024-01-19,1.2750098119535171,0.9507246376811594,1.212183241509431,1.0,2024-01,Q1 2024
The Bailey Apartments,2024-01-20,1.275319030813053,0.9478260869565217,1.20878064659672,1.0,2024-01,Q1 2024
The Bailey Apartments,2024-01-21,1.275319030813053,0.9536231884057971,1.2161738003985347,1.0,2024-01,Q1 2024
The Bailey Apartments,2024-01-22,1.275319030813053,0.9536231884057971,1.2161738003985347,1.0,2024-01,Q1 2024
The Bailey Apartments,2024-01-23,1.275319030813053,0.9536231884057971,1.2161738003985347,1.0,2024-01,Q1 2024
The Bailey Apartments,2024-01-24,1.275319030813053,0.9536231884057971,1.2161738003985347,1.0,2024-01,Q1 2024
The Bailey Apartments,2024-01-25,1.275319030813053,0.9536231884057971,1.2161738003985347,1.0,2024-01,Q1 2024
The Bailey Apartments,2024-01-26,1.275319030813053,0.9536231884057971,1.2161738003985347,1.0,2024-01,Q1 2024
The Bailey Apartments,2024-01-27,1.275319030813053,0.9536231884057971,1.2161738003985347,1.0,2024-01,Q1 2024
The Bailey Apartments,2024-01-28,1.275319030813053,0.9536231884057971,1.2161738003985347,1.0,2024-01,Q1 2024
The Bailey Apartments,2024-01-29,1.275319030813053,0.9536231884057971,1.2161738003985347,1.0,2024-01,Q1 2024
The Bailey Apartments,2024-01-30,1.275319030813053,0.9478260869565217,1.20878064659672,1.0,2024-01,Q1 2024
The Bailey Apartments,2024-01-31,1.275319030813053,0.9478260869565217,1.20878064659672,1.0,2024-01,Q1 2024
The Bailey Apartments,2024-02-01,1.2755352743050592,0.9449275362318841,1.20528840412594,1.0,2024-02,Q1 2024
The Bailey Apartments,2024-02-02,1.2755352743050592,0.9478260869565217,1.2089856078195778,1.0,2024-02,Q1 2024
The Bailey Apartments,2024-02-03,1.2755352743050592,0.9449275362318841,1.20528840412594,1.0,2024-02,Q1 2024
The Bailey Apartments,2024-02-04,1.2755352743050592,0.9449275362318841,1.20528840412594,1.0,2024-02,Q1 2024
The Bailey Apartments,2024-02-05,1.2755352743050592,0.9449275362318841,1.20528840412594,1.0,2024-02,Q1 2024
The Bailey Apartments,2024-02-06,1.2755352743050592,0.9449275362318841,1.20528840412594,1.0,2024-02,Q1 2024
The Bailey Apartments,2024-02-07,1.2755352743050592,0.9449275362318841,1.20528840412594,1.0,2024-02,Q1 2024
The Bailey Apartments,2024-02-08,1.2809074018340918,0.9420289855072463,1.2066519002784921,1.0,2024-02,Q1 2024
The Bailey Apartments,2024-02-09,1.2809074018340918,0.9420289855072463,1.2066519002784921,1.0,2024-02,Q1 2024
The Bailey Apartments,2024-02-10,1.2856244790808768,0.9420289855072463,1.2110955237718404,1.0,2024-02,Q1 2024
The Bailey Apartments,2024-02-11,1.28456953396982,0.9449275362318841,1.2138251248526415,1.0,2024-02,Q1 2024
The Bailey Apartments,2024-02-12,1.2841791863968564,0.9130434782608696,1.1725114310579994,1.0,2024-02,Q1 2024
The Bailey Apartments,2024-02-13,1.283161988190132,0.881159420289855,1.1306702736515946,1.0,2024-02,Q1 2024
The Bailey Apartments,2024-02-14,1.2816484534221388,0.8840579710144928,1.1330515312862388,1.0,2024-02,Q1 2024
The Bailey Apartments,2024-02-15,1.2816484534221388,0.8840579710144928,1.1330515312862388,1.0,2024-02,Q1 2024
The Bailey Apartments,2024-02-16,1.2816484534221388,0.8840579710144928,1.1330515312862388,1.0,2024-02,Q1 2024
The Bailey Apartments,2024-02-17,1.2816484534221388,0.8840579710144928,1.1330515312862388,1.0,2024-02,Q1 2024
The Bailey Apartments,2024-02-18,1.2852910355440441,0.881159420289855,1.1325463037837373,1.0,2024-02,Q1 2024
The Bailey Apartments,2024-02-19,1.2884844754642768,0.8840579710144928,1.1390949710626215,1.0,2024-02,Q1 2024
The Bailey Apartments,2024-02-20,1.2884844754642768,0.8869565217391304,1.1428297086726629,1.0,2024-02,Q1 2024
The Bailey Apartments,2024-02-21,1.2869984136345483,0.8840579710144928,1.1377812062566297,1.0,2024-02,Q1 2024
The Bailey Apartments,2024-02-22,1.2863620881714035,0.8869565217391304,1.1409472434215926,1.0,2024-02,Q1 2024
The Bailey Apartments,2024-02-23,1.2849823121164174,0.8898550724637682,1.143448028463015,1.0,2024-02,Q1 2024
The Bailey Apartments,2024-02-24,1.2849823121164174,0.8927536231884058,1.1471726148749466,1.0,2024-02,Q1 2024
The Bailey Apartments,2024-02-25,1.2849823121164174,0.8927536231884058,1.1471726148749466,1.0,2024-02,Q1 2024
The Bailey Apartments,2024-02-26,1.2849823121164174,0.8927536231884058,1.1471726148749466,1.0,2024-02,Q1 2024
The Bailey Apartments,2024-02-27,1.282248564530227,0.8927536231884058,1.1447320518124926,1.0,2024-02,Q1 2024
The Bailey Apartments,2024-02-28,1.282248564530227,0.8985507246376812,1.152165376824262,1.0,2024-02,Q1 2024
The Bailey Apartments,2024-02-29,1.2832962109458192,0.8985507246376812,1.1531067402701565,1.0,2024-02,Q1 2024
The Bailey Apartments,2024-03-01,1.2839660540315825,0.8985507246376812,1.1537086282602624,1.0,2024-03,Q1 2024
The Bailey Apartments,2024-03-02,1.2837593593622143,0.9014492753623189,1.1572439442366629,1.0,2024-03,Q1 2024
The Bailey Apartments,2024-03-03,1.2837593593622143,0.9043478260869565,1.1609649858580025,1.0,2024-03,Q1 2024
The Bailey Apartments,2024-03-04,1.2870461919015799,0.9014492753623189,1.1602068570475113,1.0,2024-03,Q1 2024
The Bailey Apartments,2024-03-05,1.2876533213506343,0.9043478260869565,1.1644864819170953,1.0,2024-03,Q1 2024
The Bailey Apartments,2024-03-06,1.2890039837797787,0.9043478260869565,1.1657079505486694,1.0,2024-03,Q1 2024
The Bailey Apartments,2024-03-07,1.2928450244221412,0.9072463768115941,1.1729289641858847,1.0,2024-03,Q1 2024
The Bailey Apartments,2024-03-08,1.2995322238757434,0.9101449275362319,1.1827626617303868,1.0,2024-03,Q1 2024
The Bailey Apartments,2024-03-09,1.2985766344907677,0.9159420289855073,1.1894209173886452,1.0,2024-03,Q1 2024
The Bailey Apartments,2024-03-10,1.2985766344907677,0.9188405797101449,1.193184907633546,1.0,2024-03,Q1 2024
The Bailey Apartments,2024-03-11,1.2978953360144032,0.9159420289855073,1.1887968874798591,1.0,2024-03,Q1 2024
The Bailey Apartments,2024-03-12,1.2978953360144032,0.9159420289855073,1.1887968874798591,1.0,2024-03,Q1 2024
The Bailey Apartments,2024-03-13,1.2985615731024744,0.9101449275362319,1.181879228852687,1.0,2024-03,Q1 2024
The Bailey Apartments,2024-03-14,1.2985615731024744,0.9130434782608696,1.1856431754413899,1.0,2024-03,Q1 2024
The Bailey Apartments,2024-03-15,1.2985615731024744,0.9101449275362319,1.181879228852687,1.0,2024-03,Q1 2024
The Bailey Apartments,2024-03-16,1.2989027516069231,0.9101449275362319,1.1821897507378953,1.0,2024-03,Q1 2024
The Bailey Apartments,2024-03-17,1.2963171364131294,0.9130434782608696,1.1835939071598138,1.0,2024-03,Q1 2024
The Bailey Apartments,2024-03-18,1.2963171364131294,0.9159420289855073,1.1873513481349243,1.0,2024-03,Q1 2024
The Bailey Apartments,2024-03-19,1.2963171364131294,0.9159420289855073,1.1873513481349243,1.0,2024-03,Q1 2024
The Bailey Apartments,2024-03-20,1.3002784609721638,0.9159420289855073,1.1909796917889963,1.0,2024-03,Q1 2024
The Bailey Apartments,2024-03-21,1.3002784609721638,0.9188405797101449,1.194748614864278,1.0,2024-03,Q1 2024
The Bailey Apartments,2024-03-22,1.2980163836109575,0.9159420289855073,1.188907760061051,1.0,2024-03,Q1 2024
The Bailey Apartments,2024-03-23,1.2980163836109575,0.9159420289855073,1.188907760061051,1.0,2024-03,Q1 2024
The Bailey Apartments,2024-03-24,1.2980163836109575,0.9159420289855073,1.188907760061051,1.0,2024-03,Q1 2024
The Bailey Apartments,2024-03-25,1.2980163836109575,0.9159420289855073,1.188907760061051,1.0,2024-03,Q1 2024
The Bailey Apartments,2024-03-26,1.299481847480482,0.9101449275362319,1.182716811909772,1.0,2024-03,Q1 2024
The Bailey Apartments,2024-03-27,1.299481847480482,0.9101449275362319,1.182716811909772,1.0,2024-03,Q1 2024
The Bailey Apartments,2024-03-28,1.299481847480482,0.9072463768115941,1.1789501978591037,1.0,2024-03,Q1 2024
The Bailey Apartments,2024-03-29,1.299481847480482,0.9072463768115941,1.1789501978591037,1.0,2024-03,Q1 2024
The Bailey Apartments,2024-03-30,1.299481847480482,0.9043478260869565,1.175183583808436,1.0,2024-03,Q1 2024
The Bailey Apartments,2024-03-31,1.299481847480482,0.9014492753623189,1.1714169697577679,1.0,2024-03,Q1 2024
The Bailey Apartments,2024-04-01,1.299481847480482,0.8985507246376812,1.1676503557070996,1.0,2024-04,Q2 2024
The Bailey Apartments,2024-04-02,1.299481847480482,0.8985507246376812,1.1676503557070996,1.0,2024-04,Q2 2024
The Bailey Apartments,2024-04-03,1.299481847480482,0.8956521739130435,1.1638837416564316,1.0,2024-04,Q2 2024
The Bailey Apartments,2024-04-04,1.299481847480482,0.8956521739130435,1.1638837416564316,1.0,2024-04,Q2 2024
The Bailey Apartments,2024-04-05,1.3042008559542455,0.8956521739130435,1.1681103318546722,1.0,2024-04,Q2 2024
The Bailey Apartments,2024-04-06,1.3042008559542455,0.8956521739130435,1.1681103318546722,1.0,2024-04,Q2 2024
The Bailey Apartments,2024-04-07,1.3041662686336553,0.8956521739130435,1.1680793536457956,1.0,2024-04,Q2 2024
The Bailey Apartments,2024-04-08,1.305306778226554,0.8956521739130435,1.169100853542044,1.0,2024-04,Q2 2024
The Bailey Apartments,2024-04-09,1.303498184367932,0.8956521739130435,1.1674809825208436,1.0,2024-04,Q2 2024
The Bailey Apartments,2024-04-10,1.303498184367932,0.8985507246376812,1.1712592381277072,1.0,2024-04,Q2 2024
The Bailey Apartments,2024-04-11,1.3032860733464222,0.8927536231884058,1.163513364031009,1.0,2024-04,Q2 2024
The Bailey Apartments,2024-04-12,1.3061509974636005,0.8927536231884058,1.1660710354167796,1.0,2024-04,Q2 2024
The Bailey Apartments,2024-04-13,1.3061509974636005,0.8927536231884058,1.1660710354167796,1.0,2024-04,Q2 2024
The Bailey Apartments,2024-04-14,1.3093694316094047,0.8927536231884058,1.1689443041614396,1.0,2024-04,Q2 2024
The Bailey Apartments,2024-04-15,1.3093694316094047,0.8956521739130435,1.1727395778762495,1.0,2024-04,Q2 2024
The Bailey Apartments,2024-04-16,1.3093694316094047,0.8956521739130435,1.1727395778762495,1.0,2024-04,Q2 2024
The Bailey Apartments,2024-04-17,1.3093694316094047,0.8956521739130435,1.1727395778762495,1.0,2024-04,Q2 2024
The Bailey Apartments,2024-04-18,1.3176547670127001,0.8956521739130435,1.1801603565418097,1.0,2024-04,Q2 2024
The Bailey Apartments,2024-04-19,1.3202394974688811,0.9014492753623189,1.190128938298035,1.0,2024-04,Q2 2024
The Bailey Apartments,2024-04-20,1.3202394974688811,0.8985507246376812,1.186302157145951,1.0,2024-04,Q2 2024
The Bailey Apartments,2024-04-21,1.3202394974688811,0.8985507246376812,1.186302157145951,1.0,2024-04,Q2 2024
The Bailey Apartments,2024-04-22,1.322900462668334,0.8985507246376812,1.1886931693541551,1.0,2024-04,Q2 2024
The Bailey Apartments,2024-04-23,1.322900462668334,0.9014492753623189,1.1925276634488462,1.0,2024-04,Q2 2024
The Bailey Apartments,2024-04-24,1.322900462668334,0.9014492753623189,1.1925276634488462,1.0,2024-04,Q2 2024
The Bailey Apartments,2024-04-25,1.328494767505448,0.8985507246376812,1.193719936019388,1.0,2024-04,Q2 2024
The Bailey Apartments,2024-04-26,1.331365271284055,0.9014492753623189,1.2001582590415685,1.0,2024-04,Q2 2024
The Bailey Apartments,2024-04-27,1.331365271284055,0.9043478260869565,1.2040172888134062,1.0,2024-04,Q2 2024
The Bailey Apartments,2024-04-28,1.3334722216109234,0.9043478260869565,1.205922704761183,1.0,2024-04,Q2 2024
The Bailey Apartments,2024-04-29,1.3361082442255163,0.9072463768115941,1.2121793636017002,1.0,2024-04,Q2 2024
The Bailey Apartments,2024-04-30,1.3367224418460595,0.9130434782608696,1.220485707772489,1.0,2024-04,Q2 2024
The Bailey Apartments,2024-05-01,1.3390676391202507,0.9101449275362319,1.2187456193732138,1.0,2024-05,Q2 2024
The Bailey Apartments,2024-05-02,1.3390676391202507,0.9130434782608696,1.2226269748489247,1.0,2024-05,Q2 2024
The Bailey Apartments,2024-05-03,1.3391783701442312,0.9101449275362319,1.2188464006530104,1.0,2024-05,Q2 2024
The Bailey Apartments,2024-05-04,1.3391783701442312,0.9130434782608696,1.2227280770882112,1.0,2024-05,Q2 2024
The Bailey Apartments,2024-05-05,1.3391783701442312,0.9101449275362319,1.2188464006530104,1.0,2024-05,Q2 2024
The Bailey Apartments,2024-05-06,1.3391783701442312,0.9101449275362319,1.2188464006530104,1.0,2024-05,Q2 2024
The Bailey Apartments,2024-05-07,1.3393862166753896,0.9101449275362319,1.2190355711190501,1.0,2024-05,Q2 2024
The Bailey Apartments,2024-05-08,1.3393862166753896,0.9130434782608696,1.2229178500079645,1.0,2024-05,Q2 2024
The Bailey Apartments,2024-05-09,1.34118345927523,0.9072463768115941,1.2167838340670927,1.0,2024-05,Q2 2024
The Bailey Apartments,2024-05-10,1.3444487799366032,0.9101449275362319,1.223643237391575,1.0,2024-05,Q2 2024
The Bailey Apartments,2024-05-11,1.3467342462626792,0.9130434782608696,1.229626920500707,1.0,2024-05,Q2 2024
The Bailey Apartments,2024-05-12,1.3467342462626792,0.9159420289855073,1.2335304980261061,1.0,2024-05,Q2 2024
The Bailey Apartments,2024-05-13,1.3457990599227772,0.9159420289855073,1.2326739215524567,1.0,2024-05,Q2 2024
The Bailey Apartments,2024-05-14,1.3457990599227772,0.9188405797101449,1.2365747883928127,1.0,2024-05,Q2 2024
The Bailey Apartments,2024-05-15,1.3457990599227772,0.9130434782608696,1.228773054712101,1.0,2024-05,Q2 2024
The Bailey Apartments,2024-05-16,1.3457990599227772,0.8985507246376812,1.2092687205103214,1.0,2024-05,Q2 2024
The Bailey Apartments,2024-05-17,1.3452510949801615,0.8927536231884058,1.2009777891417093,1.0,2024-05,Q2 2024
The Bailey Apartments,2024-05-18,1.3452510949801615,0.8956521739130435,1.204877067677884,1.0,2024-05,Q2 2024
The Bailey Apartments,2024-05-19,1.3488426864372969,0.8956521739130435,1.2080938843742746,1.0,2024-05,Q2 2024
The Bailey Apartments,2024-05-20,1.3488426864372969,0.9014492753623189,1.2159132622666649,1.0,2024-05,Q2 2024
The Bailey Apartments,2024-05-21,1.3488426864372969,0.8985507246376812,1.2120035733204697,1.0,2024-05,Q2 2024
The Bailey Apartments,2024-05-22,1.3488426864372969,0.8956521739130435,1.2080938843742746,1.0,2024-05,Q2 2024
The Bailey Apartments,2024-05-23,1.3488426864372969,0.8956521739130435,1.2080938843742746,1.0,2024-05,Q2 2024
The Bailey Apartments,2024-05-24,1.3488426864372969,0.8956521739130435,1.2080938843742746,1.0,2024-05,Q2 2024
The Bailey Apartments,2024-05-25,1.3517469460919245,0.8927536231884058,1.2067769837574283,1.0,2024-05,Q2 2024
The Bailey Apartments,2024-05-26,1.3517469460919245,0.8985507246376812,1.2146131979376713,1.0,2024-05,Q2 2024
The Bailey Apartments,2024-05-27,1.3513702239419767,0.8985507246376812,1.2142746939768487,1.0,2024-05,Q2 2024
The Bailey Apartments,2024-05-28,1.3513702239419767,0.9014492753623189,1.2181917091187096,1.0,2024-05,Q2 2024
The Bailey Apartments,2024-05-29,1.355068733177807,0.9014492753623189,1.2215257275892697,1.0,2024-05,Q2 2024
The Bailey Apartments,2024-05-30,1.355068733177807,0.9014492753623189,1.2215257275892697,1.0,2024-05,Q2 2024
The Bailey Apartments,2024-05-31,1.355068733177807,0.9014492753623189,1.2215257275892697,1.0,2024-05,Q2 2024
The Bailey Apartments,2024-06-01,1.355068733177807,0.9014492753623189,1.2215257275892697,1.0,2024-06,Q2 2024
The Bailey Apartments,2024-06-02,1.355068733177807,0.9014492753623189,1.2215257275892697,1.0,2024-06,Q2 2024
The Bailey Apartments,2024-06-03,1.355068733177807,0.9014492753623189,1.2215257275892697,1.0,2024-06,Q2 2024
The Bailey Apartments,2024-06-04,1.355068733177807,0.9014492753623189,1.2215257275892697,1.0,2024-06,Q2 2024
The Bailey Apartments,2024-06-05,1.355804131638868,0.9014492753623189,1.2221886519990957,1.0,2024-06,Q2 2024
The Bailey Apartments,2024-06-06,1.355804131638868,0.9072463768115941,1.2300483860955527,1.0,2024-06,Q2 2024
The Bailey Apartments,2024-06-07,1.3549256982134867,0.9072463768115941,1.2292514305531053,1.0,2024-06,Q2 2024
The Bailey Apartments,2024-06-08,1.3549256982134867,0.9101449275362319,1.2331787514174923,1.0,2024-06,Q2 2024
The Bailey Apartments,2024-06-09,1.3549256982134867,0.9101449275362319,1.2331787514174923,1.0,2024-06,Q2 2024
The Bailey Apartments,2024-06-10,1.3549256982134867,0.9101449275362319,1.2331787514174923,1.0,2024-06,Q2 2024
The Bailey Apartments,2024-06-11,1.3549256982134867,0.9043478260869565,1.2253241096887184,1.0,2024-06,Q2 2024
The Bailey Apartments,2024-06-12,1.3549256982134867,0.9043478260869565,1.2253241096887184,1.0,2024-06,Q2 2024
The Bailey Apartments,2024-06-13,1.3527163976613021,0.9043478260869565,1.2233261335371777,1.0,2024-06,Q2 2024
The Bailey Apartments,2024-06-14,1.3522400056127417,0.9130434782608696,1.2346539181681555,1.0,2024-06,Q2 2024
The Bailey Apartments,2024-06-15,1.3522400056127417,0.9043478260869565,1.222895309423697,1.0,2024-06,Q2 2024
The Bailey Apartments,2024-06-16,1.3522400056127417,0.9043478260869565,1.222895309423697,1.0,2024-06,Q2 2024
The Bailey Apartments,2024-06-17,1.3520089683014316,0.9043478260869565,1.2226863713334686,1.0,2024-06,Q2 2024
The Bailey Apartments,2024-06-18,1.3520089683014316,0.9072463768115941,1.2266052379082553,1.0,2024-06,Q2 2024
The Bailey Apartments,2024-06-19,1.3520089683014316,0.9072463768115941,1.2266052379082553,1.0,2024-06,Q2 2024
The Bailey Apartments,2024-06-20,1.3520089683014316,0.9014492753623189,1.218767504758682,1.0,2024-06,Q2 2024
The Bailey Apartments,2024-06-21,1.3520089683014316,0.9014492753623189,1.218767504758682,1.0,2024-06,Q2 2024
The Bailey Apartments,2024-06-22,1.3520089683014316,0.9014492753623189,1.218767504758682,1.0,2024-06,Q2 2024
The Bailey Apartments,2024-06-23,1.3520089683014316,0.8985507246376812,1.214848638183895,1.0,2024-06,Q2 2024
The Bailey Apartments,2024-06-24,1.3520089683014316,0.8985507246376812,1.214848638183895,1.0,2024-06,Q2 2024
The Bailey Apartments,2024-06-25,1.3505319758944674,0.8985507246376812,1.213521485586333,1.0,2024-06,Q2 2024
The Bailey Apartments,2024-06-26,1.3532639583850437,0.8898550724637682,1.2042087977513287,1.0,2024-06,Q2 2024
The Bailey Apartments,2024-06-27,1.351228835499267,0.8927536231884058,1.2063144386486209,1.0,2024-06,Q2 2024
The Bailey Apartments,2024-06-28,1.3514254944171598,0.8956521739130435,1.2104071819562388,1.0,2024-06,Q2 2024
The Bailey Apartments,2024-06-29,1.3537257851489302,0.8985507246376812,1.216391285206285,1.0,2024-06,Q2 2024
The Bailey Apartments,2024-06-30,1.3537257851489302,0.9014492753623189,1.2203151280617892,1.0,2024-06,Q2 2024
The Bailey Apartments,2024-07-01,1.3537257851489302,0.9014492753623189,1.2203151280617892,1.0,2024-07,Q3 2024
The Bailey Apartments,2024-07-02,1.3537257851489302,0.9014492753623189,1.2203151280617892,1.0,2024-07,Q3 2024
The Bailey Apartments,2024-07-03,1.3537257851489302,0.8985507246376812,1.216391285206285,1.0,2024-07,Q3 2024
The Bailey Apartments,2024-07-04,1.3537257851489302,0.8985507246376812,1.216391285206285,1.0,2024-07,Q3 2024
The Bailey Apartments,2024-07-05,1.3533120734195676,0.8927536231884058,1.2081742568499327,1.0,2024-07,Q3 2024
The Bailey Apartments,2024-07-06,1.35581425980219,0.8956521739130435,1.2143379892141355,1.0,2024-07,Q3 2024
The Bailey Apartments,2024-07-07,1.35581425980219,0.8985507246376812,1.2182678856193592,1.0,2024-07,Q3 2024
The Bailey Apartments,2024-07-08,1.35581425980219,0.8985507246376812,1.2182678856193592,1.0,2024-07,Q3 2024
The Bailey Apartments,2024-07-09,1.35581425980219,0.8985507246376812,1.2182678856193592,1.0,2024-07,Q3 2024
The Bailey Apartments,2024-07-10,1.3554055345778921,0.8956521739130435,1.21397191357846,1.0,2024-07,Q3 2024
The Bailey Apartments,2024-07-11,1.3554055345778921,0.9014492753623189,1.2218293369673174,1.0,2024-07,Q3 2024
The Bailey Apartments,2024-07-12,1.3554055345778921,0.9014492753623189,1.2218293369673174,1.0,2024-07,Q3 2024
The Bailey Apartments,2024-07-13,1.3540407431935704,0.9014492753623189,1.2205990467628998,1.0,2024-07,Q3 2024
The Bailey Apartments,2024-07-14,1.3520859090020583,0.9014492753623189,1.2188368628975077,1.0,2024-07,Q3 2024
The Bailey Apartments,2024-07-15,1.3520859090020583,0.9072463768115941,1.2266750420801282,1.0,2024-07,Q3 2024
The Bailey Apartments,2024-07-16,1.3566161114818005,0.9043478260869565,1.2268528312531066,1.0,2024-07,Q3 2024
The Bailey Apartments,2024-07-17,1.3566161114818005,0.8956521739130435,1.2150561694141344,1.0,2024-07,Q3 2024
The Bailey Apartments,2024-07-18,1.3590232341926778,0.8956521739130435,1.2172121141030072,1.0,2024-07,Q3 2024
The Bailey Apartments,2024-07-19,1.3588930366372012,0.9043478260869565,1.2289119635675558,1.0,2024-07,Q3 2024
The Bailey Apartments,2024-07-20,1.3588930366372012,0.9072463768115941,1.2328507839636056,1.0,2024-07,Q3 2024
The Bailey Apartments,2024-07-21,1.3588930366372012,0.9043478260869565,1.2289119635675558,1.0,2024-07,Q3 2024
The Bailey Apartments,2024-07-22,1.3588930366372012,0.9014492753623189,1.224973143171506,1.0,2024-07,Q3 2024
The Bailey Apartments,2024-07-23,1.3588930366372012,0.9014492753623189,1.224973143171506,1.0,2024-07,Q3 2024
The Bailey Apartments,2024-07-24,1.3586588202868366,0.9014492753623189,1.224762009012192,1.0,2024-07,Q3 2024
The Bailey Apartments,2024-07-25,1.3588059106337251,0.9014492753623189,1.2248946034988073,1.0,2024-07,Q3 2024
The Bailey Apartments,2024-07-26,1.3588059106337251,0.9043478260869565,1.2288331713557166,1.0,2024-07,Q3 2024
The Bailey Apartments,2024-07-27,1.3588059106337251,0.9043478260869565,1.2288331713557166,1.0,2024-07,Q3 2024
The Bailey Apartments,2024-07-28,1.3588059106337251,0.9043478260869565,1.2288331713557166,1.0,2024-07,Q3 2024
The Bailey Apartments,2024-07-29,1.3575510815443894,0.9043478260869565,1.2276983693966652,1.0,2024-07,Q3 2024
The Bailey Apartments,2024-07-30,1.3575510815443894,0.9072463768115941,1.2316333000678084,1.0,2024-07,Q3 2024
The Bailey Apartments,2024-07-31,1.3600337885691314,0.9072463768115941,1.2338857270206902,1.0,2024-07,Q3 2024
The Bailey Apartments,2024-08-01,1.3590962630000822,0.9101449275362319,1.2369745698029735,1.0,2024-08,Q3 2024
The Bailey Apartments,2024-08-02,1.3590962630000822,0.9130434782608696,1.2409139792609447,1.0,2024-08,Q3 2024
The Bailey Apartments,2024-08-03,1.3590962630000822,0.9101449275362319,1.2369745698029735,1.0,2024-08,Q3 2024
The Bailey Apartments,2024-08-04,1.3582142076476023,0.9101449275362319,1.2361717715981075,1.0,2024-08,Q3 2024
The Bailey Apartments,2024-08-05,1.3571352662843865,0.9130434782608696,1.2391235039987878,1.0,2024-08,Q3 2024
The Bailey Apartments,2024-08-06,1.3571352662843865,0.9159420289855073,1.2430572294083078,1.0,2024-08,Q3 2024
The Bailey Apartments,2024-08-07,1.3571352662843865,0.9072463768115941,1.2312560531797476,1.0,2024-08,Q3 2024
The Bailey Apartments,2024-08-08,1.3571352662843865,0.9043478260869565,1.2273223277702279,1.0,2024-08,Q3 2024
The Bailey Apartments,2024-08-09,1.3571352662843865,0.9014492753623189,1.223388602360708,1.0,2024-08,Q3 2024
The Bailey Apartments,2024-08-10,1.3571352662843865,0.8956521739130435,1.215521151541668,1.0,2024-08,Q3 2024
The Bailey Apartments,2024-08-11,1.3571352662843865,0.8956521739130435,1.215521151541668,1.0,2024-08,Q3 2024
The Bailey Apartments,2024-08-12,1.3571352662843865,0.8956521739130435,1.215521151541668,1.0,2024-08,Q3 2024
The Bailey Apartments,2024-08-13,1.3571352662843865,0.8956521739130435,1.215521151541668,1.0,2024-08,Q3 2024
The Bailey Apartments,2024-08-14,1.3559204966898768,0.8898550724637682,1.206572731837079,1.0,2024-08,Q3 2024
The Bailey Apartments,2024-08-15,1.3559204966898768,0.8985507246376812,1.2183633448517734,1.0,2024-08,Q3 2024
The Bailey Apartments,2024-08-16,1.3559204966898768,0.8985507246376812,1.2183633448517734,1.0,2024-08,Q3 2024
The Bailey Apartments,2024-08-17,1.3559204966898768,0.8956521739130435,1.2144331405135418,1.0,2024-08,Q3 2024
The Bailey Apartments,2024-08-18,1.3559204966898768,0.8956521739130435,1.2144331405135418,1.0,2024-08,Q3 2024
The Bailey Apartments,2024-08-19,1.3559204966898768,0.8956521739130435,1.2144331405135418,1.0,2024-08,Q3 2024
The Bailey Apartments,2024-08-20,1.3593439066179493,0.8927536231884058,1.2135591977922562,1.0,2024-08,Q3 2024
The Bailey Apartments,2024-08-21,1.3593439066179493,0.8956521739130435,1.2174993250578157,1.0,2024-08,Q3 2024
The Bailey Apartments,2024-08-22,1.3593439066179493,0.8898550724637682,1.209619070526697,1.0,2024-08,Q3 2024
The Bailey Apartments,2024-08-23,1.3593439066179493,0.8898550724637682,1.209619070526697,1.0,2024-08,Q3 2024
The Bailey Apartments,2024-08-24,1.3593439066179493,0.8869565217391304,1.2056789432611377,1.0,2024-08,Q3 2024
The Bailey Apartments,2024-08-25,1.360746378321951,0.8869565217391304,1.2069228746855565,1.0,2024-08,Q3 2024
The Bailey Apartments,2024-08-26,1.3610828975351719,0.8898550724637682,1.2111665204153559,1.0,2024-08,Q3 2024
The Bailey Apartments,2024-08-27,1.3610828975351719,0.8927536231884058,1.2151116882342983,1.0,2024-08,Q3 2024
The Bailey Apartments,2024-08-28,1.3610828975351719,0.8927536231884058,1.2151116882342983,1.0,2024-08,Q3 2024
The Bailey Apartments,2024-08-29,1.3610828975351719,0.8927536231884058,1.2151116882342983,1.0,2024-08,Q3 2024
The Bailey Apartments,2024-08-30,1.3610828975351719,0.8840579710144928,1.203276184777471,1.0,2024-08,Q3 2024
The Bailey Apartments,2024-08-31,1.3610828975351719,0.8840579710144928,1.203276184777471,1.0,2024-08,Q3 2024
The Bailey Apartments,2024-09-01,1.3610828975351719,0.8840579710144928,1.203276184777471,1.0,2024-09,Q3 2024
The Bailey Apartments,2024-09-02,1.3610828975351719,0.8840579710144928,1.203276184777471,1.0,2024-09,Q3 2024
The Bailey Apartments,2024-09-03,1.3608720810744168,0.8840579710144928,1.2030898108049193,1.0,2024-09,Q3 2024
The Bailey Apartments,2024-09-04,1.3595049806851882,0.8869565217391304,1.2058218089555581,1.0,2024-09,Q3 2024
The Bailey Apartments,2024-09-05,1.3581547563507927,0.8898550724637682,1.208560899129546,1.0,2024-09,Q3 2024
The Bailey Apartments,2024-09-06,1.3567775318589201,0.8898550724637682,1.2073353689295319,1.0,2024-09,Q3 2024
The Bailey Apartments,2024-09-07,1.3567775318589201,0.8898550724637682,1.2073353689295319,1.0,2024-09,Q3 2024
The Bailey Apartments,2024-09-08,1.3567775318589201,0.8869565217391304,1.20340268043139,1.0,2024-09,Q3 2024
The Bailey Apartments,2024-09-09,1.3567775318589201,0.8840579710144928,1.1994699919332483,1.0,2024-09,Q3 2024
The Bailey Apartments,2024-09-10,1.3586086296290527,0.881159420289855,1.1971507924847304,1.0,2024-09,Q3 2024
The Bailey Apartments,2024-09-11,1.3586086296290527,0.8869565217391304,1.2050267845405511,1.0,2024-09,Q3 2024
The Bailey Apartments,2024-09-12,1.3586086296290527,0.8869565217391304,1.2050267845405511,1.0,2024-09,Q3 2024
The Bailey Apartments,2024-09-13,1.3586086296290527,0.8869565217391304,1.2050267845405511,1.0,2024-09,Q3 2024
The Bailey Apartments,2024-09-14,1.3586086296290527,0.8869565217391304,1.2050267845405511,1.0,2024-09,Q3 2024
The Bailey Apartments,2024-09-15,1.3586086296290527,0.8869565217391304,1.2050267845405511,1.0,2024-09,Q3 2024
The Bailey Apartments,2024-09-16,1.3586086296290527,0.8869565217391304,1.2050267845405511,1.0,2024-09,Q3 2024
The Bailey Apartments,2024-09-17,1.3586086296290527,0.8840579710144928,1.201088788512641,1.0,2024-09,Q3 2024
The Bailey Apartments,2024-09-18,1.3586086296290527,0.8840579710144928,1.201088788512641,1.0,2024-09,Q3 2024
The Bailey Apartments,2024-09-19,1.3586086296290527,0.881159420289855,1.1971507924847304,1.0,2024-09,Q3 2024
The Bailey Apartments,2024-09-20,1.3581651488283182,0.8782608695652174,1.1928233046231316,1.0,2024-09,Q3 2024
The Bailey Apartments,2024-09-21,1.3567711195170233,0.881159420289855,1.1955316531396378,1.0,2024-09,Q3 2024
The Bailey Apartments,2024-09-22,1.3572128866164106,0.881159420289855,1.1959209203808372,1.0,2024-09,Q3 2024
The Bailey Apartments,2024-09-23,1.3572128866164106,0.8840579710144928,1.1998548707768268,1.0,2024-09,Q3 2024
The Bailey Apartments,2024-09-24,1.3572128866164106,0.881159420289855,1.1959209203808372,1.0,2024-09,Q3 2024
The Bailey Apartments,2024-09-25,1.3587539620782576,0.881159420289855,1.1972788535414212,1.0,2024-09,Q3 2024
The Bailey Apartments,2024-09-26,1.3587539620782576,0.881159420289855,1.1972788535414212,1.0,2024-09,Q3 2024
The Bailey Apartments,2024-09-27,1.3597703284713152,0.881159420289855,1.19817443436313,1.0,2024-09,Q3 2024
The Bailey Apartments,2024-09-28,1.3597703284713152,0.8782608695652174,1.1942330710921987,1.0,2024-09,Q3 2024
The Bailey Apartments,2024-09-29,1.359585867743729,0.8782608695652174,1.194071066453188,1.0,2024-09,Q3 2024
The Bailey Apartments,2024-09-30,1.3587441893244783,0.881159420289855,1.1972702421873664,1.0,2024-09,Q3 2024
The Bailey Apartments,2024-10-01,1.3587441893244783,0.881159420289855,1.1972702421873664,1.0,2024-10,Q4 2024
The Bailey Apartments,2024-10-02,1.3587441893244783,0.8753623188405797,1.1893934642782389,1.0,2024-10,Q4 2024
The Bailey Apartments,2024-10-03,1.3587441893244783,0.8753623188405797,1.1893934642782389,1.0,2024-10,Q4 2024
The Bailey Apartments,2024-10-04,1.3587441893244783,0.8753623188405797,1.1893934642782389,1.0,2024-10,Q4 2024
The Bailey Apartments,2024-10-05,1.3587441893244783,0.8753623188405797,1.1893934642782389,1.0,2024-10,Q4 2024
The Bailey Apartments,2024-10-06,1.3587441893244783,0.8724637681159421,1.1854550753236752,1.0,2024-10,Q4 2024
The Bailey Apartments,2024-10-07,1.3571888681501882,0.8724637681159421,1.1840981139513238,1.0,2024-10,Q4 2024
The Bailey Apartments,2024-10-08,1.3571888681501882,0.8753623188405797,1.1880319947285705,1.0,2024-10,Q4 2024
The Bailey Apartments,2024-10-09,1.3592674358093788,0.8753623188405797,1.1898514945345866,1.0,2024-10,Q4 2024
The Bailey Apartments,2024-10-10,1.3592674358093788,0.8724637681159421,1.185911588923545,1.0,2024-10,Q4 2024
The Bailey Apartments,2024-10-11,1.3592674358093788,0.8724637681159421,1.185911588923545,1.0,2024-10,Q4 2024
The Bailey Apartments,2024-10-12,1.3592674358093788,0.8724637681159421,1.185911588923545,1.0,2024-10,Q4 2024
The Bailey Apartments,2024-10-13,1.3592674358093788,0.8724637681159421,1.185911588923545,1.0,2024-10,Q4 2024
The Bailey Apartments,2024-10-14,1.3575121166101156,0.8666666666666667,1.1765105010621002,1.0,2024-10,Q4 2024
The Bailey Apartments,2024-10-15,1.357876662932571,0.8666666666666667,1.176826441208228,1.0,2024-10,Q4 2024
The Bailey Apartments,2024-10-16,1.357876662932571,0.8666666666666667,1.176826441208228,1.0,2024-10,Q4 2024
The Bailey Apartments,2024-10-17,1.357170505321192,0.8666666666666667,1.176214437945033,1.0,2024-10,Q4 2024
The Bailey Apartments,2024-10-18,1.357170505321192,0.8695652173913043,1.1801482654966886,1.0,2024-10,Q4 2024
The Bailey Apartments,2024-10-19,1.3572228132924054,0.8695652173913043,1.180193750689048,1.0,2024-10,Q4 2024
The Bailey Apartments,2024-10-20,1.3551747252079873,0.8724637681159421,1.1823408472104469,1.0,2024-10,Q4 2024
The Bailey Apartments,2024-10-21,1.3551747252079873,0.8753623188405797,1.1862688898922091,1.0,2024-10,Q4 2024
The Bailey Apartments,2024-10-22,1.3551747252079873,0.863768115942029,1.17055671916516,1.0,2024-10,Q4 2024
The Bailey Apartments,2024-10-23,1.3551747252079873,0.863768115942029,1.17055671916516,1.0,2024-10,Q4 2024
The Bailey Apartments,2024-10-24,1.3532532274394182,0.8608695652173913,1.1649745175348036,1.0,2024-10,Q4 2024
The Bailey Apartments,2024-10-25,1.3532532274394182,0.863768115942029,1.1688969906578164,1.0,2024-10,Q4 2024
The Bailey Apartments,2024-10-26,1.3532532274394182,0.8608695652173913,1.1649745175348036,1.0,2024-10,Q4 2024
The Bailey Apartments,2024-10-27,1.3532532274394182,0.8608695652173913,1.1649745175348036,1.0,2024-10,Q4 2024
The Bailey Apartments,2024-10-28,1.3532532274394182,0.8608695652173913,1.1649745175348036,1.0,2024-10,Q4 2024
The Bailey Apartments,2024-10-29,1.3532532274394182,0.8608695652173913,1.1649745175348036,1.0,2024-10,Q4 2024
The Bailey Apartments,2024-10-30,1.3532532274394182,0.8608695652173913,1.1649745175348036,1.0,2024-10,Q4 2024
The Bailey Apartments,2024-10-31,1.3510197155572357,0.8579710144927536,1.1591357559563529,1.0,2024-10,Q4 2024
The Bailey Apartments,2024-11-01,1.3522036836614482,0.863768115942029,1.1679904282061204,1.0,2024-11,Q4 2024
The Bailey Apartments,2024-11-02,1.3502896779968352,0.8666666666666667,1.170251054263924,1.0,2024-11,Q4 2024
The Bailey Apartments,2024-11-03,1.3502896779968352,0.8695652173913043,1.1741649373885523,1.0,2024-11,Q4 2024
The Bailey Apartments,2024-11-04,1.3512801179357288,0.8695652173913043,1.1750261895093292,1.0,2024-11,Q4 2024
The Bailey Apartments,2024-11-05,1.3512801179357288,0.8608695652173913,1.1632759276142361,1.0,2024-11,Q4 2024
The Bailey Apartments,2024-11-06,1.3512801179357288,0.8608695652173913,1.1632759276142361,1.0,2024-11,Q4 2024
The Bailey Apartments,2024-11-07,1.3512801179357288,0.8608695652173913,1.1632759276142361,1.0,2024-11,Q4 2024
The Bailey Apartments,2024-11-08,1.3512801179357288,0.8608695652173913,1.1632759276142361,1.0,2024-11,Q4 2024
The Bailey Apartments,2024-11-09,1.3506073994143335,0.8608695652173913,1.162696804713209,1.0,2024-11,Q4 2024
The Bailey Apartments,2024-11-10,1.3509785705944395,0.8666666666666667,1.170848094515181,1.0,2024-11,Q4 2024
The Bailey Apartments,2024-11-11,1.3509785705944395,0.8695652173913043,1.1747639744299474,1.0,2024-11,Q4 2024
The Bailey Apartments,2024-11-12,1.3509785705944395,0.8666666666666667,1.170848094515181,1.0,2024-11,Q4 2024
The Bailey Apartments,2024-11-13,1.3480528584987586,0.863768115942029,1.1644050777757393,1.0,2024-11,Q4 2024
The Bailey Apartments,2024-11-14,1.348378658231861,0.8695652173913043,1.1725031810711835,1.0,2024-11,Q4 2024
The Bailey Apartments,2024-11-15,1.3467794717391288,0.8782608695652174,1.1828237099621914,1.0,2024-11,Q4 2024
The Bailey Apartments,2024-11-16,1.3467794717391288,0.881159420289855,1.186727418575928,1.0,2024-11,Q4 2024
The Bailey Apartments,2024-11-17,1.3467794717391288,0.881159420289855,1.186727418575928,1.0,2024-11,Q4 2024
The Bailey Apartments,2024-11-18,1.3467794717391288,0.881159420289855,1.186727418575928,1.0,2024-11,Q4 2024
The Bailey Apartments,2024-11-19,1.3467794717391288,0.8753623188405797,1.1789200013484549,1.0,2024-11,Q4 2024
The Bailey Apartments,2024-11-20,1.3467794717391288,0.8753623188405797,1.1789200013484549,1.0,2024-11,Q4 2024
The Bailey Apartments,2024-11-21,1.3467794717391288,0.8695652173913043,1.1711125841209815,1.0,2024-11,Q4 2024
The Bailey Apartments,2024-11-22,1.3467794717391288,0.8695652173913043,1.1711125841209815,1.0,2024-11,Q4 2024
The Bailey Apartments,2024-11-23,1.3467794717391288,0.8695652173913043,1.1711125841209815,1.0,2024-11,Q4 2024
The Bailey Apartments,2024-11-24,1.3467794717391288,0.8695652173913043,1.1711125841209815,1.0,2024-11,Q4 2024
The Bailey Apartments,2024-11-25,1.3467794717391288,0.8695652173913043,1.1711125841209815,1.0,2024-11,Q4 2024
The Bailey Apartments,2024-11-26,1.3467794717391288,0.8695652173913043,1.1711125841209815,1.0,2024-11,Q4 2024
The Bailey Apartments,2024-11-27,1.3467794717391288,0.8695652173913043,1.1711125841209815,1.0,2024-11,Q4 2024
The Bailey Apartments,2024-11-28,1.3467794717391288,0.8695652173913043,1.1711125841209815,1.0,2024-11,Q4 2024
The Bailey Apartments,2024-11-29,1.3467794717391288,0.8695652173913043,1.1711125841209815,1.0,2024-11,Q4 2024
The Bailey Apartments,2024-11-30,1.3467794717391288,0.8695652173913043,1.1711125841209815,1.0,2024-11,Q4 2024
The Bailey Apartments,2024-12-01,1.3467794717391288,0.8695652173913043,1.1711125841209815,1.0,2024-12,Q4 2024
The Bailey Apartments,2024-12-02,1.3467794717391288,0.8695652173913043,1.1711125841209815,1.0,2024-12,Q4 2024
The Bailey Apartments,2024-12-03,1.3439194504610739,0.8666666666666667,1.1647301903995975,1.0,2024-12,Q4 2024
The Bailey Apartments,2024-12-04,1.3415322655017772,0.8753623188405797,1.1743267947290918,1.0,2024-12,Q4 2024
The Bailey Apartments,2024-12-05,1.3415322655017772,0.881159420289855,1.1821037933696819,1.0,2024-12,Q4 2024
The Bailey Apartments,2024-12-06,1.3415322655017772,0.881159420289855,1.1821037933696819,1.0,2024-12,Q4 2024
The Bailey Apartments,2024-12-07,1.3387388776204148,0.881159420289855,1.179642373323496,1.0,2024-12,Q4 2024
The Bailey Apartments,2024-12-08,1.3387388776204148,0.8840579710144928,1.1835227758673232,1.0,2024-12,Q4 2024
The Bailey Apartments,2024-12-09,1.3387388776204148,0.8840579710144928,1.1835227758673232,1.0,2024-12,Q4 2024
The Bailey Apartments,2024-12-10,1.3387388776204148,0.8840579710144928,1.1835227758673232,1.0,2024-12,Q4 2024
The Bailey Apartments,2024-12-11,1.3387388776204148,0.8782608695652174,1.1757619707796687,1.0,2024-12,Q4 2024
The Bailey Apartments,2024-12-12,1.3392464862779687,0.8782608695652174,1.1762077836006508,1.0,2024-12,Q4 2024
The Bailey Apartments,2024-12-13,1.340728062444473,0.8782608695652174,1.1775089939729722,1.0,2024-12,Q4 2024
The Bailey Apartments,2024-12-14,1.340728062444473,0.881159420289855,1.1813951622699124,1.0,2024-12,Q4 2024
The Bailey Apartments,2024-12-15,1.340728062444473,0.881159420289855,1.1813951622699124,1.0,2024-12,Q4 2024
The Bailey Apartments,2024-12-16,1.340728062444473,0.8782608695652174,1.1775089939729722,1.0,2024-12,Q4 2024
The Bailey Apartments,2024-12-17,1.3410060755557323,0.8724637681159421,1.1699792137457259,1.0,2024-12,Q4 2024
The Bailey Apartments,2024-12-18,1.340609102068752,0.8753623188405797,1.1735186922456902,1.0,2024-12,Q4 2024
The Bailey Apartments,2024-12-19,1.3389200620891932,0.8840579710144928,1.1836829534411708,1.0,2024-12,Q4 2024
The Bailey Apartments,2024-12-20,1.3389200620891932,0.8840579710144928,1.1836829534411708,1.0,2024-12,Q4 2024
The Bailey Apartments,2024-12-21,1.3380374974124325,0.881159420289855,1.1790243455460274,1.0,2024-12,Q4 2024
The Bailey Apartments,2024-12-22,1.338834554350558,0.8840579710144928,1.183607359643247,1.0,2024-12,Q4 2024
The Bailey Apartments,2024-12-23,1.338834554350558,0.881159420289855,1.1797266797755641,1.0,2024-12,Q4 2024
The Bailey Apartments,2024-12-24,1.338834554350558,0.8782608695652174,1.1758459999078814,1.0,2024-12,Q4 2024
The Bailey Apartments,2024-12-25,1.338834554350558,0.8782608695652174,1.1758459999078814,1.0,2024-12,Q4 2024
The Bailey Apartments,2024-12-26,1.3396251103485084,0.8753623188405797,1.1726573429717377,1.0,2024-12,Q4 2024
The Bailey Apartments,2024-12-27,1.338940041054561,0.8782608695652174,1.1759386447522668,1.0,2024-12,Q4 2024
The Bailey Apartments,2024-12-28,1.338940041054561,0.8753623188405797,1.1720576591260217,1.0,2024-12,Q4 2024
The Bailey Apartments,2024-12-29,1.338940041054561,0.8753623188405797,1.1720576591260217,1.0,2024-12,Q4 2024
The Bailey Apartments,2024-12-30,1.338940041054561,0.8753623188405797,1.1720576591260217,1.0,2024-12,Q4 2024
The Bailey Apartments,2024-12-31,1.338940041054561,0.8753623188405797,1.1720576591260217,1.0,2024-12,Q4 2024
The Bailey Apartments,2025-01-01,1.338940041054561,0.8753623188405797,1.1720576591260217,1.0,2025-01,Q1 2025
The Bailey Apartments,2025-01-02,1.338940041054561,0.8753623188405797,1.1720576591260217,1.0,2025-01,Q1 2025
The Bailey Apartments,2025-01-03,1.3359534034637448,0.8724637681159421,1.1655709404132963,1.0,2025-01,Q1 2025
The Bailey Apartments,2025-01-04,1.3345679917144202,0.8782608695652174,1.1720988448970127,1.0,2025-01,Q1 2025
The Bailey Apartments,2025-01-05,1.3327934567441246,0.881159420289855,1.1744035097107648,1.0,2025-01,Q1 2025
The Bailey Apartments,2025-01-06,1.3327934567441246,0.8840579710144928,1.178266679150603,1.0,2025-01,Q1 2025
The Bailey Apartments,2025-01-07,1.3327934567441246,0.8840579710144928,1.178266679150603,1.0,2025-01,Q1 2025
The Bailey Apartments,2025-01-08,1.3318898017328655,0.8840579710144928,1.1774677957348523,1.0,2025-01,Q1 2025
The Bailey Apartments,2025-01-09,1.3318898017328655,0.8898550724637682,1.185188896034753,1.0,2025-01,Q1 2025
The Bailey Apartments,2025-01-10,1.3304878778874019,0.8898550724637682,1.1839413869896591,1.0,2025-01,Q1 2025
The Bailey Apartments,2025-01-11,1.3304878778874019,0.8927536231884058,1.1877978735922312,1.0,2025-01,Q1 2025
The Bailey Apartments,2025-01-12,1.3304878778874019,0.8927536231884058,1.1877978735922312,1.0,2025-01,Q1 2025
The Bailey Apartments,2025-01-13,1.3304878778874019,0.8927536231884058,1.1877978735922312,1.0,2025-01,Q1 2025
The Bailey Apartments,2025-01-14,1.3304878778874019,0.8927536231884058,1.1877978735922312,1.0,2025-01,Q1 2025
The Bailey Apartments,2025-01-15,1.3304878778874019,0.8753623188405797,1.1646589539767982,1.0,2025-01,Q1 2025
The Bailey Apartments,2025-01-16,1.3304878778874019,0.8753623188405797,1.1646589539767982,1.0,2025-01,Q1 2025
The Bailey Apartments,2025-01-17,1.3270682925628272,0.8753623188405797,1.1616655778376053,1.0,2025-01,Q1 2025
The Bailey Apartments,2025-01-18,1.3270682925628272,0.8840579710144928,1.1732053021207602,1.0,2025-01,Q1 2025
The Bailey Apartments,2025-01-19,1.3256908814278974,0.8840579710144928,1.1719875908275614,1.0,2025-01,Q1 2025
The Bailey Apartments,2025-01-20,1.3249642981489536,0.8927536231884058,1.1828666777677614,1.0,2025-01,Q1 2025
The Bailey Apartments,2025-01-21,1.3226019470903092,0.8956521739130435,1.1845913091330595,1.0,2025-01,Q1 2025
The Bailey Apartments,2025-01-22,1.3224336370912202,0.8985507246376812,1.1882737028935602,1.0,2025-01,Q1 2025
The Bailey Apartments,2025-01-23,1.3195410650288897,0.9014492753623189,1.189499336881115,1.0,2025-01,Q1 2025
The Bailey Apartments,2025-01-24,1.3195410650288897,0.9072463768115941,1.1971488503015724,1.0,2025-01,Q1 2025
The Bailey Apartments,2025-01-25,1.3195410650288897,0.9072463768115941,1.1971488503015724,1.0,2025-01,Q1 2025
The Bailey Apartments,2025-01-26,1.3195410650288897,0.9072463768115941,1.1971488503015724,1.0,2025-01,Q1 2025
The Bailey Apartments,2025-01-27,1.31808201858713,0.9072463768115941,1.195825135703686,1.0,2025-01,Q1 2025
The Bailey Apartments,2025-01-28,1.3188615337871668,0.9101449275362319,1.2003551350990445,1.0,2025-01,Q1 2025
The Bailey Apartments,2025-01-29,1.3173103987231534,0.9159420289855073,1.2065799594101927,1.0,2025-01,Q1 2025
The Bailey Apartments,2025-01-30,1.3153760355252941,0.9188405797101449,1.2086208790188935,1.0,2025-01,Q1 2025
The Bailey Apartments,2025-01-31,1.3153760355252941,0.9246376811594202,1.2162462473407791,1.0,2025-01,Q1 2025
The Bailey Apartments,2025-02-01,1.313786045799061,0.9246376811594202,1.2147760829272478,1.0,2025-02,Q1 2025
The Bailey Apartments,2025-02-02,1.313786045799061,0.9304347826086956,1.2223922339173872,1.0,2025-02,Q1 2025
The Bailey Apartments,2025-02-03,1.313786045799061,0.9304347826086956,1.2223922339173872,1.0,2025-02,Q1 2025
The Bailey Apartments,2025-02-04,1.313786045799061,0.927536231884058,1.2185841584223176,1.0,2025-02,Q1 2025
The Bailey Apartments,2025-02-05,1.3143088708139075,0.927536231884058,1.2190690975665228,1.0,2025-02,Q1 2025
The Bailey Apartments,2025-02-06,1.3143088708139075,0.9304347826086956,1.2228786884964182,1.0,2025-02,Q1 2025
The Bailey Apartments,2025-02-07,1.3143088708139075,0.9304347826086956,1.2228786884964182,1.0,2025-02,Q1 2025
The Bailey Apartments,2025-02-08,1.3152874567555533,0.9304347826086956,1.2237891988942973,1.0,2025-02,Q1 2025
The Bailey Apartments,2025-02-09,1.3152874567555533,0.936231884057971,1.2314140537160687,1.0,2025-02,Q1 2025
The Bailey Apartments,2025-02-10,1.3152874567555533,0.936231884057971,1.2314140537160687,1.0,2025-02,Q1 2025
The Bailey Apartments,2025-02-11,1.3152874567555533,0.936231884057971,1.2314140537160687,1.0,2025-02,Q1 2025
The Bailey Apartments,2025-02-12,1.316490510043264,0.936231884057971,1.2325403905622443,1.0,2025-02,Q1 2025
The Bailey Apartments,2025-02-13,1.315361531626993,0.9420289855072463,1.239108689213834,1.0,2025-02,Q1 2025
The Bailey Apartments,2025-02-14,1.315361531626993,0.9449275362318841,1.242921331334492,1.0,2025-02,Q1 2025
The Bailey Apartments,2025-02-15,1.315361531626993,0.9449275362318841,1.242921331334492,1.0,2025-02,Q1 2025
The Bailey Apartments,2025-02-16,1.315361531626993,0.9449275362318841,1.242921331334492,1.0,2025-02,Q1 2025
The Bailey Apartments,2025-02-17,1.315361531626993,0.9449275362318841,1.242921331334492,1.0,2025-02,Q1 2025
The Bailey Apartments,2025-02-18,1.315361531626993,0.9449275362318841,1.242921331334492,1.0,2025-02,Q1 2025
The Bailey Apartments,2025-02-19,1.315361531626993,0.9449275362318841,1.242921331334492,1.0,2025-02,Q1 2025
The Bailey Apartments,2025-02-20,1.315361531626993,0.9449275362318841,1.242921331334492,1.0,2025-02,Q1 2025
The Bailey Apartments,2025-02-21,1.315361531626993,0.9449275362318841,1.242921331334492,1.0,2025-02,Q1 2025
The Bailey Apartments,2025-02-22,1.315361531626993,0.9449275362318841,1.242921331334492,1.0,2025-02,Q1 2025
The Bailey Apartments,2025-02-23,1.315361531626993,0.9449275362318841,1.242921331334492,1.0,2025-02,Q1 2025
The Bailey Apartments,2025-02-24,1.315361531626993,0.9449275362318841,1.242921331334492,1.0,2025-02,Q1 2025
The Bailey Apartments,2025-02-25,1.315361531626993,0.9449275362318841,1.242921331334492,1.0,2025-02,Q1 2025
The Bailey Apartments,2025-02-26,1.315361531626993,0.9449275362318841,1.242921331334492,1.0,2025-02,Q1 2025
The Bailey Apartments,2025-02-27,1.315361531626993,0.9449275362318841,1.242921331334492,1.0,2025-02,Q1 2025
The Bailey Apartments,2025-02-28,1.315361531626993,0.9449275362318841,1.242921331334492,1.0,2025-02,Q1 2025
The Bailey Apartments,2025-03-01,1.315361531626993,0.9449275362318841,1.242921331334492,1.0,2025-03,Q1 2025
The Bailey Apartments,2025-03-02,1.315361531626993,0.9420289855072463,1.239108689213834,1.0,2025-03,Q1 2025
The Bailey Apartments,2025-03-03,1.3152586940424953,0.9420289855072463,1.2390118132284376,1.0,2025-03,Q1 2025
The Bailey Apartments,2025-03-04,1.3146831845331475,0.9449275362318841,1.2422803424863944,1.0,2025-03,Q1 2025
The Bailey Apartments,2025-03-05,1.3146831845331475,0.9420289855072463,1.2384696665891968,1.0,2025-03,Q1 2025
The Bailey Apartments,2025-03-06,1.3146831845331475,0.9420289855072463,1.2384696665891968,1.0,2025-03,Q1 2025
The Bailey Apartments,2025-03-07,1.3146831845331475,0.9420289855072463,1.2384696665891968,1.0,2025-03,Q1 2025
The Bailey Apartments,2025-03-08,1.3146831845331475,0.9420289855072463,1.2384696665891968,1.0,2025-03,Q1 2025
The Bailey Apartments,2025-03-09,1.3146831845331475,0.9420289855072463,1.2384696665891968,1.0,2025-03,Q1 2025
The Bailey Apartments,2025-03-10,1.3146831845331475,0.9420289855072463,1.2384696665891968,1.0,2025-03,Q1 2025
The Bailey Apartments,2025-03-11,1.3146831845331475,0.936231884057971,1.2308483147948017,1.0,2025-03,Q1 2025
The Bailey Apartments,2025-03-12,1.317140434865713,0.936231884057971,1.2331488709032616,1.0,2025-03,Q1 2025
The Bailey Apartments,2025-03-13,1.317140434865713,0.9420289855072463,1.240784467627121,1.0,2025-03,Q1 2025
The Bailey Apartments,2025-03-14,1.317140434865713,0.9391304347826087,1.2369666692651913,1.0,2025-03,Q1 2025
The Bailey Apartments,2025-03-15,1.317140434865713,0.9391304347826087,1.2369666692651913,1.0,2025-03,Q1 2025
The Bailey Apartments,2025-03-16,1.3165973232791346,0.9391304347826087,1.2364566166447526,1.0,2025-03,Q1 2025
The Bailey Apartments,2025-03-17,1.3165973232791346,0.9333333333333333,1.228824168393859,1.0,2025-03,Q1 2025
The Bailey Apartments,2025-03-18,1.3193320084937847,0.9304347826086956,1.2275523905116084,1.0,2025-03,Q1 2025
The Bailey Apartments,2025-03-19,1.3193320084937847,0.9333333333333333,1.2313765412608657,1.0,2025-03,Q1 2025
The Bailey Apartments,2025-03-20,1.3193320084937847,0.927536231884058,1.223728239762351,1.0,2025-03,Q1 2025
The Bailey Apartments,2025-03-21,1.3193320084937847,0.927536231884058,1.223728239762351,1.0,2025-03,Q1 2025
The Bailey Apartments,2025-03-22,1.3193320084937847,0.927536231884058,1.223728239762351,1.0,2025-03,Q1 2025
The Bailey Apartments,2025-03-23,1.3193320084937847,0.927536231884058,1.223728239762351,1.0,2025-03,Q1 2025
The Bailey Apartments,2025-03-24,1.3193320084937847,0.927536231884058,1.223728239762351,1.0,2025-03,Q1 2025
The Bailey Apartments,2025-03-25,1.3193320084937847,0.9246376811594202,1.2199040890130937,1.0,2025-03,Q1 2025
The Bailey Apartments,2025-03-26,1.3193320084937847,0.9246376811594202,1.2199040890130937,1.0,2025-03,Q1 2025
The Bailey Apartments,2025-03-27,1.3189780285748653,0.9246376811594202,1.219576785841687,1.0,2025-03,Q1 2025
The Bailey Apartments,2025-03-28,1.3184514081834664,0.9246376811594202,1.2190898527841327,1.0,2025-03,Q1 2025
The Bailey Apartments,2025-03-29,1.3184514081834664,0.927536231884058,1.2229114510687225,1.0,2025-03,Q1 2025
The Bailey Apartments,2025-03-30,1.3184514081834664,0.927536231884058,1.2229114510687225,1.0,2025-03,Q1 2025
The Bailey Apartments,2025-03-31,1.3184514081834664,0.927536231884058,1.2229114510687225,1.0,2025-03,Q1 2025
The Bailey Apartments,2025-04-01,1.3192067537255638,0.927536231884058,1.22361206142661,1.0,2025-04,Q2 2025
The Bailey Apartments,2025-04-02,1.3198747760836038,0.9304347826086956,1.2280574003560487,1.0,2025-04,Q2 2025
The Bailey Apartments,2025-04-03,1.3198747760836038,0.9304347826086956,1.2280574003560487,1.0,2025-04,Q2 2025
The Bailey Apartments,2025-04-04,1.3198747760836038,0.9304347826086956,1.2280574003560487,1.0,2025-04,Q2 2025
The Bailey Apartments,2025-04-05,1.3198747760836038,0.9304347826086956,1.2280574003560487,1.0,2025-04,Q2 2025
The Bailey Apartments,2025-04-06,1.3198747760836038,0.9304347826086956,1.2280574003560487,1.0,2025-04,Q2 2025
The Bailey Apartments,2025-04-07,1.3191696908596209,0.927536231884058,1.2235776842755903,1.0,2025-04,Q2 2025
The Bailey Apartments,2025-04-08,1.3191696908596209,0.9304347826086956,1.2274013645389517,1.0,2025-04,Q2 2025
The Bailey Apartments,2025-04-09,1.3191696908596209,0.927536231884058,1.2235776842755903,1.0,2025-04,Q2 2025
The Bailey Apartments,2025-04-10,1.3191696908596209,0.927536231884058,1.2235776842755903,1.0,2025-04,Q2 2025
The Bailey Apartments,2025-04-11,1.3191696908596209,0.927536231884058,1.2235776842755903,1.0,2025-04,Q2 2025
The Bailey Apartments,2025-04-12,1.31893940597861,0.927536231884058,1.2233640867047977,1.0,2025-04,Q2 2025
The Bailey Apartments,2025-04-13,1.3157026962065639,0.9304347826086956,1.224175552122629,1.0,2025-04,Q2 2025
Woodlake Reserve,2024-02-09,1.7505117078762076,0.8981132075471698,1.572157684809575,1.0,2024-02,Q1 2024
Woodlake Reserve,2024-02-10,1.7505117078762076,0.8981132075471698,1.572157684809575,1.0,2024-02,Q1 2024
Woodlake Reserve,2024-02-11,1.7505117078762076,0.8981132075471698,1.572157684809575,1.0,2024-02,Q1 2024
Woodlake Reserve,2024-02-12,1.7505117078762076,0.8981132075471698,1.572157684809575,1.0,2024-02,Q1 2024
Woodlake Reserve,2024-02-13,1.7505117078762076,0.8981132075471698,1.572157684809575,1.0,2024-02,Q1 2024
Woodlake Reserve,2024-02-14,1.7505117078762076,0.8981132075471698,1.572157684809575,1.0,2024-02,Q1 2024
Woodlake Reserve,2024-02-15,1.7505117078762076,0.8981132075471698,1.572157684809575,1.0,2024-02,Q1 2024
Woodlake Reserve,2024-02-16,1.7505117078762076,0.8981132075471698,1.572157684809575,1.0,2024-02,Q1 2024
Woodlake Reserve,2024-02-17,1.7505117078762076,0.8943396226415095,1.5655519802515516,1.0,2024-02,Q1 2024
Woodlake Reserve,2024-02-18,1.7505117078762076,0.8943396226415095,1.5655519802515516,1.0,2024-02,Q1 2024
Woodlake Reserve,2024-02-19,1.7505117078762076,0.8943396226415095,1.5655519802515516,1.0,2024-02,Q1 2024
Woodlake Reserve,2024-02-20,1.7505117078762076,0.8943396226415095,1.5655519802515516,1.0,2024-02,Q1 2024
Woodlake Reserve,2024-02-21,1.7505117078762076,0.8943396226415095,1.5655519802515516,1.0,2024-02,Q1 2024
Woodlake Reserve,2024-02-22,1.7505117078762076,0.8905660377358491,1.5589462756935284,1.0,2024-02,Q1 2024
Woodlake Reserve,2024-02-23,1.7505117078762076,0.8830188679245283,1.5457348665774815,1.0,2024-02,Q1 2024
Woodlake Reserve,2024-02-24,1.7505117078762076,0.8830188679245283,1.5457348665774815,1.0,2024-02,Q1 2024
Woodlake Reserve,2024-02-25,1.7505117078762076,0.8830188679245283,1.5457348665774815,1.0,2024-02,Q1 2024
Woodlake Reserve,2024-02-26,1.7505117078762076,0.8754716981132076,1.5325234574614346,1.0,2024-02,Q1 2024
Woodlake Reserve,2024-02-27,1.7505117078762076,0.8754716981132076,1.5325234574614346,1.0,2024-02,Q1 2024
Woodlake Reserve,2024-02-28,1.7505117078762076,0.8754716981132076,1.5325234574614346,1.0,2024-02,Q1 2024
Woodlake Reserve,2024-02-29,1.786426387451966,0.8754716981132076,1.5639657429768155,1.0,2024-02,Q1 2024
Woodlake Reserve,2024-03-01,1.786426387451966,0.8830188679245283,1.5774482062783397,1.0,2024-03,Q1 2024
Woodlake Reserve,2024-03-02,1.786426387451966,0.8830188679245283,1.5774482062783397,1.0,2024-03,Q1 2024
Woodlake Reserve,2024-03-03,1.786426387451966,0.8830188679245283,1.5774482062783397,1.0,2024-03,Q1 2024
Woodlake Reserve,2024-03-04,1.786426387451966,0.8830188679245283,1.5774482062783397,1.0,2024-03,Q1 2024
Woodlake Reserve,2024-03-05,1.786426387451966,0.8830188679245283,1.5774482062783397,1.0,2024-03,Q1 2024
Woodlake Reserve,2024-03-06,1.7875902952261307,0.8830188679245283,1.5784759588034514,1.0,2024-03,Q1 2024
Woodlake Reserve,2024-03-07,1.7875902952261307,0.8867924528301887,1.5852215825590217,1.0,2024-03,Q1 2024
Woodlake Reserve,2024-03-08,1.7875902952261307,0.8867924528301887,1.5852215825590217,1.0,2024-03,Q1 2024
Woodlake Reserve,2024-03-09,1.7875902952261307,0.8830188679245283,1.5784759588034514,1.0,2024-03,Q1 2024
Woodlake Reserve,2024-03-10,1.7875902952261307,0.8830188679245283,1.5784759588034514,1.0,2024-03,Q1 2024
Woodlake Reserve,2024-03-11,1.7875902952261307,0.8830188679245283,1.5784759588034514,1.0,2024-03,Q1 2024
Woodlake Reserve,2024-03-12,1.7875902952261307,0.8830188679245283,1.5784759588034514,1.0,2024-03,Q1 2024
Woodlake Reserve,2024-03-13,1.7875902952261307,0.8830188679245283,1.5784759588034514,1.0,2024-03,Q1 2024
Woodlake Reserve,2024-03-14,1.7875902952261307,0.8830188679245283,1.5784759588034514,1.0,2024-03,Q1 2024
Woodlake Reserve,2024-03-15,1.80225640306134,0.8830188679245283,1.5914264087409569,1.0,2024-03,Q1 2024
Woodlake Reserve,2024-03-16,1.80225640306134,0.8867924528301887,1.5982273762996788,1.0,2024-03,Q1 2024
Woodlake Reserve,2024-03-17,1.80225640306134,0.8867924528301887,1.5982273762996788,1.0,2024-03,Q1 2024
Woodlake Reserve,2024-03-18,1.80225640306134,0.8867924528301887,1.5982273762996788,1.0,2024-03,Q1 2024
Woodlake Reserve,2024-03-19,1.80225640306134,0.8867924528301887,1.5982273762996788,1.0,2024-03,Q1 2024
Woodlake Reserve,2024-03-20,1.790422428178766,0.8867924528301887,1.5877330966868302,1.0,2024-03,Q1 2024
Woodlake Reserve,2024-03-21,1.790422428178766,0.8867924528301887,1.5877330966868302,1.0,2024-03,Q1 2024
Woodlake Reserve,2024-03-22,1.790422428178766,0.8867924528301887,1.5877330966868302,1.0,2024-03,Q1 2024
Woodlake Reserve,2024-03-23,1.796825019590715,0.8830188679245283,1.5866303946574616,1.0,2024-03,Q1 2024
Woodlake Reserve,2024-03-24,1.796825019590715,0.8905660377358491,1.6001913382015425,1.0,2024-03,Q1 2024
Woodlake Reserve,2024-03-25,1.796825019590715,0.8905660377358491,1.6001913382015425,1.0,2024-03,Q1 2024
Woodlake Reserve,2024-03-26,1.796825019590715,0.8905660377358491,1.6001913382015425,1.0,2024-03,Q1 2024
Woodlake Reserve,2024-03-27,1.7893775476061708,0.8867924528301887,1.586806504480944,1.0,2024-03,Q1 2024
Woodlake Reserve,2024-03-28,1.7893775476061708,0.8905660377358491,1.5935588725851182,1.0,2024-03,Q1 2024
Woodlake Reserve,2024-03-29,1.7893775476061708,0.8905660377358491,1.5935588725851182,1.0,2024-03,Q1 2024
Woodlake Reserve,2024-03-30,1.7893775476061708,0.8905660377358491,1.5935588725851182,1.0,2024-03,Q1 2024
Woodlake Reserve,2024-03-31,1.7893775476061708,0.8905660377358491,1.5935588725851182,1.0,2024-03,Q1 2024
Woodlake Reserve,2024-04-01,1.7893775476061708,0.8905660377358491,1.5935588725851182,1.0,2024-04,Q2 2024
Woodlake Reserve,2024-04-02,1.7893775476061708,0.8905660377358491,1.5935588725851182,1.0,2024-04,Q2 2024
Woodlake Reserve,2024-04-03,1.795029807756715,0.879245283018868,1.578271491348357,1.0,2024-04,Q2 2024
Woodlake Reserve,2024-04-04,1.795029807756715,0.8943396226415095,1.6053662808994018,1.0,2024-04,Q2 2024
Woodlake Reserve,2024-04-05,1.795029807756715,0.8867924528301887,1.5918188861238793,1.0,2024-04,Q2 2024
Woodlake Reserve,2024-04-06,1.795029807756715,0.8867924528301887,1.5918188861238793,1.0,2024-04,Q2 2024
Woodlake Reserve,2024-04-07,1.795029807756715,0.8867924528301887,1.5918188861238793,1.0,2024-04,Q2 2024
Woodlake Reserve,2024-04-08,1.795029807756715,0.8867924528301887,1.5918188861238793,1.0,2024-04,Q2 2024
Woodlake Reserve,2024-04-09,1.7975416973675398,0.8867924528301887,1.5940464108731014,1.0,2024-04,Q2 2024
Woodlake Reserve,2024-04-10,1.7975416973675398,0.8905660377358491,1.6008295870895826,1.0,2024-04,Q2 2024
Woodlake Reserve,2024-04-11,1.7975416973675398,0.8905660377358491,1.6008295870895826,1.0,2024-04,Q2 2024
Woodlake Reserve,2024-04-12,1.7975416973675398,0.8905660377358491,1.6008295870895826,1.0,2024-04,Q2 2024
Woodlake Reserve,2024-04-13,1.7975416973675398,0.8905660377358491,1.6008295870895826,1.0,2024-04,Q2 2024
Woodlake Reserve,2024-04-14,1.7975416973675398,0.8905660377358491,1.6008295870895826,1.0,2024-04,Q2 2024
Woodlake Reserve,2024-04-15,1.7975416973675398,0.8905660377358491,1.6008295870895826,1.0,2024-04,Q2 2024
Woodlake Reserve,2024-04-16,1.7975416973675398,0.8905660377358491,1.6008295870895826,1.0,2024-04,Q2 2024
Woodlake Reserve,2024-04-17,1.7975416973675398,0.8905660377358491,1.6008295870895826,1.0,2024-04,Q2 2024
Woodlake Reserve,2024-04-18,1.7975416973675398,0.8905660377358491,1.6008295870895826,1.0,2024-04,Q2 2024
Woodlake Reserve,2024-04-19,1.7975416973675398,0.8905660377358491,1.6008295870895826,1.0,2024-04,Q2 2024
Woodlake Reserve,2024-04-20,1.7975416973675398,0.8867924528301887,1.5940464108731014,1.0,2024-04,Q2 2024
Woodlake Reserve,2024-04-21,1.7975416973675398,0.8867924528301887,1.5940464108731014,1.0,2024-04,Q2 2024
Woodlake Reserve,2024-04-22,1.7975416973675398,0.8867924528301887,1.5940464108731014,1.0,2024-04,Q2 2024
Woodlake Reserve,2024-04-23,1.7975416973675398,0.8867924528301887,1.5940464108731014,1.0,2024-04,Q2 2024
Woodlake Reserve,2024-04-24,1.7975416973675398,0.8867924528301887,1.5940464108731014,1.0,2024-04,Q2 2024
Woodlake Reserve,2024-04-25,1.8037910509690938,0.879245283018868,1.5859747731162221,1.0,2024-04,Q2 2024
Woodlake Reserve,2024-04-26,1.8037910509690938,0.8830188679245283,1.5927815317991243,1.0,2024-04,Q2 2024
Woodlake Reserve,2024-04-27,1.8037910509690938,0.8830188679245283,1.5927815317991243,1.0,2024-04,Q2 2024
Woodlake Reserve,2024-04-28,1.8037910509690938,0.879245283018868,1.5859747731162221,1.0,2024-04,Q2 2024
Woodlake Reserve,2024-04-29,1.8037910509690938,0.8716981132075472,1.5723612557504176,1.0,2024-04,Q2 2024
Woodlake Reserve,2024-04-30,1.8037910509690938,0.8716981132075472,1.5723612557504176,1.0,2024-04,Q2 2024
Woodlake Reserve,2024-05-01,1.8037910509690938,0.8716981132075472,1.5723612557504176,1.0,2024-05,Q2 2024
Woodlake Reserve,2024-05-02,1.7879449700509291,0.8716981132075472,1.5585482569123195,1.0,2024-05,Q2 2024
Woodlake Reserve,2024-05-03,1.7900443665566985,0.8641509433962264,1.5468685280810717,1.0,2024-05,Q2 2024
Woodlake Reserve,2024-05-04,1.7900443665566985,0.8679245283018868,1.5536234124831723,1.0,2024-05,Q2 2024
Woodlake Reserve,2024-05-05,1.7900443665566985,0.8679245283018868,1.5536234124831723,1.0,2024-05,Q2 2024
Woodlake Reserve,2024-05-06,1.7900443665566985,0.8679245283018868,1.5536234124831723,1.0,2024-05,Q2 2024
Woodlake Reserve,2024-05-07,1.7900443665566985,0.8641509433962264,1.5468685280810717,1.0,2024-05,Q2 2024
Woodlake Reserve,2024-05-08,1.7900443665566985,0.8641509433962264,1.5468685280810717,1.0,2024-05,Q2 2024
Woodlake Reserve,2024-05-09,1.7900443665566985,0.8641509433962264,1.5468685280810717,1.0,2024-05,Q2 2024
Woodlake Reserve,2024-05-10,1.7842529279200934,0.8641509433962264,1.5418638509196279,1.0,2024-05,Q2 2024
Woodlake Reserve,2024-05-11,1.7842529279200934,0.8679245283018868,1.5485968808363075,1.0,2024-05,Q2 2024
Woodlake Reserve,2024-05-12,1.7842529279200934,0.8679245283018868,1.5485968808363075,1.0,2024-05,Q2 2024
Woodlake Reserve,2024-05-13,1.7842529279200934,0.8679245283018868,1.5485968808363075,1.0,2024-05,Q2 2024
Woodlake Reserve,2024-05-14,1.7842529279200934,0.8679245283018868,1.5485968808363075,1.0,2024-05,Q2 2024
Woodlake Reserve,2024-05-15,1.7842529279200934,0.8679245283018868,1.5485968808363075,1.0,2024-05,Q2 2024
Woodlake Reserve,2024-05-16,1.7842529279200934,0.8679245283018868,1.5485968808363075,1.0,2024-05,Q2 2024
Woodlake Reserve,2024-05-17,1.7842529279200934,0.8679245283018868,1.5485968808363075,1.0,2024-05,Q2 2024
Woodlake Reserve,2024-05-18,1.7842529279200934,0.8679245283018868,1.5485968808363075,1.0,2024-05,Q2 2024
Woodlake Reserve,2024-05-19,1.7842529279200934,0.8679245283018868,1.5485968808363075,1.0,2024-05,Q2 2024
Woodlake Reserve,2024-05-20,1.7842529279200934,0.8679245283018868,1.5485968808363075,1.0,2024-05,Q2 2024
Woodlake Reserve,2024-05-21,1.7842529279200934,0.8679245283018868,1.5485968808363075,1.0,2024-05,Q2 2024
Woodlake Reserve,2024-05-22,1.7842529279200934,0.8679245283018868,1.5485968808363075,1.0,2024-05,Q2 2024
Woodlake Reserve,2024-05-23,1.7842529279200934,0.8679245283018868,1.5485968808363075,1.0,2024-05,Q2 2024
Woodlake Reserve,2024-05-24,1.7944692394889172,0.8679245283018868,1.557463868235664,1.0,2024-05,Q2 2024
Woodlake Reserve,2024-05-25,1.7944692394889172,0.8830188679245283,1.584550196378893,1.0,2024-05,Q2 2024
Woodlake Reserve,2024-05-26,1.7944692394889172,0.8830188679245283,1.584550196378893,1.0,2024-05,Q2 2024
Woodlake Reserve,2024-05-27,1.7944692394889172,0.8830188679245283,1.584550196378893,1.0,2024-05,Q2 2024
Woodlake Reserve,2024-05-28,1.7944692394889172,0.8830188679245283,1.584550196378893,1.0,2024-05,Q2 2024
Woodlake Reserve,2024-05-29,1.8066410333083704,0.8830188679245283,1.5952981199779575,1.0,2024-05,Q2 2024
Woodlake Reserve,2024-05-30,1.7977772791811157,0.8830188679245283,1.5874712578429475,1.0,2024-05,Q2 2024
Woodlake Reserve,2024-05-31,1.7977772791811157,0.8754716981132076,1.5739031274340334,1.0,2024-05,Q2 2024
Woodlake Reserve,2024-06-01,1.8149883243650922,0.8754716981132076,1.5889709103875524,1.0,2024-06,Q2 2024
Woodlake Reserve,2024-06-02,1.8149883243650922,0.879245283018868,1.5958199229323264,1.0,2024-06,Q2 2024
Woodlake Reserve,2024-06-03,1.8149883243650922,0.879245283018868,1.5958199229323264,1.0,2024-06,Q2 2024
Woodlake Reserve,2024-06-04,1.8149883243650922,0.879245283018868,1.5958199229323264,1.0,2024-06,Q2 2024
Woodlake Reserve,2024-06-05,1.8149883243650922,0.879245283018868,1.5958199229323264,1.0,2024-06,Q2 2024
Woodlake Reserve,2024-06-06,1.830979949522922,0.8754716981132076,1.6029711256200676,1.0,2024-06,Q2 2024
Woodlake Reserve,2024-06-07,1.830979949522922,0.8716981132075472,1.596061767319981,1.0,2024-06,Q2 2024
Woodlake Reserve,2024-06-08,1.830979949522922,0.8716981132075472,1.596061767319981,1.0,2024-06,Q2 2024
Woodlake Reserve,2024-06-09,1.830979949522922,0.8716981132075472,1.596061767319981,1.0,2024-06,Q2 2024
Woodlake Reserve,2024-06-10,1.830979949522922,0.8716981132075472,1.596061767319981,1.0,2024-06,Q2 2024
Woodlake Reserve,2024-06-11,1.830979949522922,0.8679245283018868,1.5891524090198945,1.0,2024-06,Q2 2024
Woodlake Reserve,2024-06-12,1.8435991741080924,0.8641509433962264,1.593147965550012,1.0,2024-06,Q2 2024
Woodlake Reserve,2024-06-13,1.8435991741080924,0.8754716981132076,1.6140188995965186,1.0,2024-06,Q2 2024
Woodlake Reserve,2024-06-14,1.8435991741080924,0.8754716981132076,1.6140188995965186,1.0,2024-06,Q2 2024
Woodlake Reserve,2024-06-15,1.8435991741080924,0.8754716981132076,1.6140188995965186,1.0,2024-06,Q2 2024
Woodlake Reserve,2024-06-16,1.8597514562355264,0.8754716981132076,1.628159765459027,1.0,2024-06,Q2 2024
Woodlake Reserve,2024-06-17,1.8597514562355264,0.879245283018868,1.6351776954825572,1.0,2024-06,Q2 2024
Woodlake Reserve,2024-06-18,1.8597514562355264,0.879245283018868,1.6351776954825572,1.0,2024-06,Q2 2024
Woodlake Reserve,2024-06-19,1.8597514562355264,0.879245283018868,1.6351776954825572,1.0,2024-06,Q2 2024
Woodlake Reserve,2024-06-20,1.858243615463512,0.879245283018868,1.63385193359622,1.0,2024-06,Q2 2024
Woodlake Reserve,2024-06-21,1.8639746327573936,0.8830188679245283,1.6459247700574722,1.0,2024-06,Q2 2024
Woodlake Reserve,2024-06-22,1.8639746327573936,0.8867924528301887,1.6529586365961793,1.0,2024-06,Q2 2024
Woodlake Reserve,2024-06-23,1.8639746327573936,0.8867924528301887,1.6529586365961793,1.0,2024-06,Q2 2024
Woodlake Reserve,2024-06-24,1.8649253451125796,0.8867924528301887,1.6538017211375706,1.0,2024-06,Q2 2024
Woodlake Reserve,2024-06-25,1.8649253451125796,0.8943396226415095,1.6678766294025713,1.0,2024-06,Q2 2024
Woodlake Reserve,2024-06-26,1.8558699744177187,0.8867924528301887,1.6457714867477884,1.0,2024-06,Q2 2024
Woodlake Reserve,2024-06-27,1.872139882320386,0.8943396226415095,1.674328875886534,1.0,2024-06,Q2 2024
Woodlake Reserve,2024-06-28,1.872139882320386,0.8981132075471698,1.681393554687743,1.0,2024-06,Q2 2024
Woodlake Reserve,2024-06-29,1.8796187056575586,0.8981132075471698,1.6881103847037697,1.0,2024-06,Q2 2024
Woodlake Reserve,2024-06-30,1.8796187056575586,0.9018867924528302,1.695203285479836,1.0,2024-06,Q2 2024
Woodlake Reserve,2024-07-01,1.8796187056575586,0.8981132075471698,1.6881103847037697,1.0,2024-07,Q3 2024
Woodlake Reserve,2024-07-02,1.8796187056575586,0.8981132075471698,1.6881103847037697,1.0,2024-07,Q3 2024
Woodlake Reserve,2024-07-03,1.8796187056575586,0.8943396226415095,1.6810174839277034,1.0,2024-07,Q3 2024
Woodlake Reserve,2024-07-04,1.8796187056575586,0.8943396226415095,1.6810174839277034,1.0,2024-07,Q3 2024
Woodlake Reserve,2024-07-05,1.8796187056575586,0.8943396226415095,1.6810174839277034,1.0,2024-07,Q3 2024
Woodlake Reserve,2024-07-06,1.8796187056575586,0.8943396226415095,1.6810174839277034,1.0,2024-07,Q3 2024
Woodlake Reserve,2024-07-07,1.8796187056575586,0.8943396226415095,1.6810174839277034,1.0,2024-07,Q3 2024
Woodlake Reserve,2024-07-08,1.8796187056575586,0.8943396226415095,1.6810174839277034,1.0,2024-07,Q3 2024
Woodlake Reserve,2024-07-09,1.8796187056575586,0.8943396226415095,1.6810174839277034,1.0,2024-07,Q3 2024
Woodlake Reserve,2024-07-10,1.8689483174466763,0.8943396226415095,1.6714745329617446,1.0,2024-07,Q3 2024
Woodlake Reserve,2024-07-11,1.8689483174466763,0.9018867924528302,1.6855798032820968,1.0,2024-07,Q3 2024
Woodlake Reserve,2024-07-12,1.8689483174466763,0.9018867924528302,1.6855798032820968,1.0,2024-07,Q3 2024
Woodlake Reserve,2024-07-13,1.8689483174466763,0.9018867924528302,1.6855798032820968,1.0,2024-07,Q3 2024
Woodlake Reserve,2024-07-14,1.8689483174466763,0.9018867924528302,1.6855798032820968,1.0,2024-07,Q3 2024
Woodlake Reserve,2024-07-15,1.8689483174466763,0.9018867924528302,1.6855798032820968,1.0,2024-07,Q3 2024
Woodlake Reserve,2024-07-16,1.8689483174466763,0.9018867924528302,1.6855798032820968,1.0,2024-07,Q3 2024
Woodlake Reserve,2024-07-17,1.8689483174466763,0.9018867924528302,1.6855798032820968,1.0,2024-07,Q3 2024
Woodlake Reserve,2024-07-18,1.8671936605559547,0.9018867924528302,1.6839973014070686,1.0,2024-07,Q3 2024
Woodlake Reserve,2024-07-19,1.8671936605559547,0.9056603773584906,1.6910433152204873,1.0,2024-07,Q3 2024
Woodlake Reserve,2024-07-20,1.8671936605559547,0.9056603773584906,1.6910433152204873,1.0,2024-07,Q3 2024
Woodlake Reserve,2024-07-21,1.8671936605559547,0.9056603773584906,1.6910433152204873,1.0,2024-07,Q3 2024
Woodlake Reserve,2024-07-22,1.8671936605559547,0.9056603773584906,1.6910433152204873,1.0,2024-07,Q3 2024
Woodlake Reserve,2024-07-23,1.8671936605559547,0.9056603773584906,1.6910433152204873,1.0,2024-07,Q3 2024
Woodlake Reserve,2024-07-24,1.8709397897512277,0.9056603773584906,1.694436036001112,1.0,2024-07,Q3 2024
Woodlake Reserve,2024-07-25,1.8709397897512277,0.9132075471698113,1.7085563363011211,1.0,2024-07,Q3 2024
Woodlake Reserve,2024-07-26,1.8709397897512277,0.909433962264151,1.7014961861511164,1.0,2024-07,Q3 2024
Woodlake Reserve,2024-07-27,1.8709397897512277,0.909433962264151,1.7014961861511164,1.0,2024-07,Q3 2024
Woodlake Reserve,2024-07-28,1.8709397897512277,0.909433962264151,1.7014961861511164,1.0,2024-07,Q3 2024
Woodlake Reserve,2024-07-29,1.8709397897512277,0.9056603773584906,1.694436036001112,1.0,2024-07,Q3 2024
Woodlake Reserve,2024-07-30,1.8709397897512277,0.9056603773584906,1.694436036001112,1.0,2024-07,Q3 2024
Woodlake Reserve,2024-07-31,1.8709397897512277,0.8943396226415095,1.673255585551098,1.0,2024-07,Q3 2024
Woodlake Reserve,2024-08-01,1.8709397897512277,0.879245283018868,1.6450149849510796,1.0,2024-08,Q3 2024
Woodlake Reserve,2024-08-02,1.8709397897512277,0.879245283018868,1.6450149849510796,1.0,2024-08,Q3 2024
Woodlake Reserve,2024-08-03,1.8709397897512277,0.879245283018868,1.6450149849510796,1.0,2024-08,Q3 2024
Woodlake Reserve,2024-08-04,1.8709397897512277,0.879245283018868,1.6450149849510796,1.0,2024-08,Q3 2024
Woodlake Reserve,2024-08-05,1.8647855159951807,0.879245283018868,1.6396038687806684,1.0,2024-08,Q3 2024
Woodlake Reserve,2024-08-06,1.8647855159951807,0.8867924528301887,1.6536777217315755,1.0,2024-08,Q3 2024
Woodlake Reserve,2024-08-07,1.8647855159951807,0.8867924528301887,1.6536777217315755,1.0,2024-08,Q3 2024
Woodlake Reserve,2024-08-08,1.8647855159951807,0.8867924528301887,1.6536777217315755,1.0,2024-08,Q3 2024
Woodlake Reserve,2024-08-09,1.862471051271594,0.8867924528301887,1.651625271882357,1.0,2024-08,Q3 2024
Woodlake Reserve,2024-08-10,1.862471051271594,0.8943396226415095,1.6656816571749729,1.0,2024-08,Q3 2024
Woodlake Reserve,2024-08-11,1.862471051271594,0.8943396226415095,1.6656816571749729,1.0,2024-08,Q3 2024
Woodlake Reserve,2024-08-12,1.862471051271594,0.8943396226415095,1.6656816571749729,1.0,2024-08,Q3 2024
Woodlake Reserve,2024-08-13,1.8674940034128704,0.8943396226415095,1.6701738822975483,1.0,2024-08,Q3 2024
Woodlake Reserve,2024-08-14,1.8674940034128704,0.8981132075471698,1.6772210294802383,1.0,2024-08,Q3 2024
Woodlake Reserve,2024-08-15,1.8640853797932888,0.8905660377358491,1.6600911306838346,1.0,2024-08,Q3 2024
Woodlake Reserve,2024-08-16,1.8640853797932888,0.8943396226415095,1.6671254151358847,1.0,2024-08,Q3 2024
Woodlake Reserve,2024-08-17,1.8640853797932888,0.8943396226415095,1.6671254151358847,1.0,2024-08,Q3 2024
Woodlake Reserve,2024-08-18,1.8640853797932888,0.8943396226415095,1.6671254151358847,1.0,2024-08,Q3 2024
Woodlake Reserve,2024-08-19,1.8640853797932888,0.8943396226415095,1.6671254151358847,1.0,2024-08,Q3 2024
Woodlake Reserve,2024-08-20,1.8640853797932888,0.8943396226415095,1.6671254151358847,1.0,2024-08,Q3 2024
Woodlake Reserve,2024-08-21,1.8640853797932888,0.8943396226415095,1.6671254151358847,1.0,2024-08,Q3 2024
Woodlake Reserve,2024-08-22,1.8604762251633369,0.8943396226415095,1.6638976051460788,1.0,2024-08,Q3 2024
Woodlake Reserve,2024-08-23,1.870948808176348,0.8943396226415095,1.6732636510860168,1.0,2024-08,Q3 2024
Woodlake Reserve,2024-08-24,1.870948808176348,0.8943396226415095,1.6732636510860168,1.0,2024-08,Q3 2024
Woodlake Reserve,2024-08-25,1.870948808176348,0.8943396226415095,1.6732636510860168,1.0,2024-08,Q3 2024
Woodlake Reserve,2024-08-26,1.870948808176348,0.8943396226415095,1.6732636510860168,1.0,2024-08,Q3 2024
Woodlake Reserve,2024-08-27,1.870948808176348,0.8905660377358491,1.6662034669042194,1.0,2024-08,Q3 2024
Woodlake Reserve,2024-08-28,1.870948808176348,0.8905660377358491,1.6662034669042194,1.0,2024-08,Q3 2024
Woodlake Reserve,2024-08-29,1.8663050665112688,0.8905660377358491,1.6620679082892809,1.0,2024-08,Q3 2024
Woodlake Reserve,2024-08-30,1.8663050665112688,0.8943396226415095,1.6691105689176253,1.0,2024-08,Q3 2024
Woodlake Reserve,2024-08-31,1.8663050665112688,0.8943396226415095,1.6691105689176253,1.0,2024-08,Q3 2024
Woodlake Reserve,2024-09-01,1.8663050665112688,0.8943396226415095,1.6691105689176253,1.0,2024-09,Q3 2024
Woodlake Reserve,2024-09-02,1.8663050665112688,0.8943396226415095,1.6691105689176253,1.0,2024-09,Q3 2024
Woodlake Reserve,2024-09-03,1.8663050665112688,0.8943396226415095,1.6691105689176253,1.0,2024-09,Q3 2024
Woodlake Reserve,2024-09-04,1.8663050665112688,0.8943396226415095,1.6691105689176253,1.0,2024-09,Q3 2024
Woodlake Reserve,2024-09-05,1.8663050665112688,0.8943396226415095,1.6691105689176253,1.0,2024-09,Q3 2024
Woodlake Reserve,2024-09-06,1.8663050665112688,0.8943396226415095,1.6691105689176253,1.0,2024-09,Q3 2024
Woodlake Reserve,2024-09-07,1.8663050665112688,0.8943396226415095,1.6691105689176253,1.0,2024-09,Q3 2024
Woodlake Reserve,2024-09-08,1.8663050665112688,0.8943396226415095,1.6691105689176253,1.0,2024-09,Q3 2024
Woodlake Reserve,2024-09-09,1.8663050665112688,0.8943396226415095,1.6691105689176253,1.0,2024-09,Q3 2024
Woodlake Reserve,2024-09-10,1.8693644727847325,0.8943396226415095,1.671846717169742,1.0,2024-09,Q3 2024
Woodlake Reserve,2024-09-11,1.8693644727847325,0.8981132075471698,1.67890092272742,1.0,2024-09,Q3 2024
Woodlake Reserve,2024-09-12,1.8693644727847325,0.8981132075471698,1.67890092272742,1.0,2024-09,Q3 2024
Woodlake Reserve,2024-09-13,1.8693644727847325,0.8981132075471698,1.67890092272742,1.0,2024-09,Q3 2024
Woodlake Reserve,2024-09-14,1.8826864512883883,0.8981132075471698,1.6908655675722128,1.0,2024-09,Q3 2024
Woodlake Reserve,2024-09-15,1.8672851736240277,0.9056603773584906,1.6911261949802516,1.0,2024-09,Q3 2024
Woodlake Reserve,2024-09-16,1.8672851736240277,0.909433962264151,1.6981725541260027,1.0,2024-09,Q3 2024
Woodlake Reserve,2024-09-17,1.8672851736240277,0.909433962264151,1.6981725541260027,1.0,2024-09,Q3 2024
Woodlake Reserve,2024-09-18,1.8672851736240277,0.909433962264151,1.6981725541260027,1.0,2024-09,Q3 2024
Woodlake Reserve,2024-09-19,1.8663643543752393,0.909433962264151,1.697335129828048,1.0,2024-09,Q3 2024
Woodlake Reserve,2024-09-20,1.8663643543752393,0.9132075471698113,1.704378014184181,1.0,2024-09,Q3 2024
Woodlake Reserve,2024-09-21,1.8663643543752393,0.909433962264151,1.697335129828048,1.0,2024-09,Q3 2024
Woodlake Reserve,2024-09-22,1.8663643543752393,0.909433962264151,1.697335129828048,1.0,2024-09,Q3 2024
Woodlake Reserve,2024-09-23,1.8663643543752393,0.909433962264151,1.697335129828048,1.0,2024-09,Q3 2024
Woodlake Reserve,2024-09-24,1.8663643543752393,0.909433962264151,1.697335129828048,1.0,2024-09,Q3 2024
Woodlake Reserve,2024-09-25,1.8717278424587602,0.909433962264151,1.702212868047401,1.0,2024-09,Q3 2024
Woodlake Reserve,2024-09-26,1.8717278424587602,0.9169811320754717,1.716339115915014,1.0,2024-09,Q3 2024
Woodlake Reserve,2024-09-27,1.8717278424587602,0.9132075471698113,1.7092759919812075,1.0,2024-09,Q3 2024
Woodlake Reserve,2024-09-28,1.8717278424587602,0.9132075471698113,1.7092759919812075,1.0,2024-09,Q3 2024
Woodlake Reserve,2024-09-29,1.8717278424587602,0.9132075471698113,1.7092759919812075,1.0,2024-09,Q3 2024
Woodlake Reserve,2024-09-30,1.8717278424587602,0.9132075471698113,1.7092759919812075,1.0,2024-09,Q3 2024
Woodlake Reserve,2024-10-01,1.8717278424587602,0.909433962264151,1.702212868047401,1.0,2024-10,Q4 2024
Woodlake Reserve,2024-10-02,1.8717278424587602,0.909433962264151,1.702212868047401,1.0,2024-10,Q4 2024
Woodlake Reserve,2024-10-03,1.8717278424587602,0.9056603773584906,1.6951497441135943,1.0,2024-10,Q4 2024
Woodlake Reserve,2024-10-04,1.8717278424587602,0.9056603773584906,1.6951497441135943,1.0,2024-10,Q4 2024
Woodlake Reserve,2024-10-05,1.8717278424587602,0.9056603773584906,1.6951497441135943,1.0,2024-10,Q4 2024
Woodlake Reserve,2024-10-06,1.8717278424587602,0.9056603773584906,1.6951497441135943,1.0,2024-10,Q4 2024
Woodlake Reserve,2024-10-07,1.8717278424587602,0.9056603773584906,1.6951497441135943,1.0,2024-10,Q4 2024
Woodlake Reserve,2024-10-08,1.8717278424587602,0.8981132075471698,1.681023496245981,1.0,2024-10,Q4 2024
Woodlake Reserve,2024-10-09,1.8717278424587602,0.8943396226415095,1.6739603723121743,1.0,2024-10,Q4 2024
Woodlake Reserve,2024-10-10,1.8717278424587602,0.8943396226415095,1.6739603723121743,1.0,2024-10,Q4 2024
Woodlake Reserve,2024-10-11,1.8717278424587602,0.8943396226415095,1.6739603723121743,1.0,2024-10,Q4 2024
Woodlake Reserve,2024-10-12,1.8717278424587602,0.8943396226415095,1.6739603723121743,1.0,2024-10,Q4 2024
Woodlake Reserve,2024-10-13,1.8717278424587602,0.8943396226415095,1.6739603723121743,1.0,2024-10,Q4 2024
Woodlake Reserve,2024-10-14,1.8717278424587602,0.8943396226415095,1.6739603723121743,1.0,2024-10,Q4 2024
Woodlake Reserve,2024-10-15,1.8717278424587602,0.8905660377358491,1.6668972483783677,1.0,2024-10,Q4 2024
Woodlake Reserve,2024-10-16,1.863912584941276,0.8905660377358491,1.6599372454571364,1.0,2024-10,Q4 2024
Woodlake Reserve,2024-10-17,1.8548482011933343,0.8943396226415095,1.658864240312529,1.0,2024-10,Q4 2024
Woodlake Reserve,2024-10-18,1.8548482011933343,0.8981132075471698,1.6658636674868437,1.0,2024-10,Q4 2024
Woodlake Reserve,2024-10-19,1.8548482011933343,0.8981132075471698,1.6658636674868437,1.0,2024-10,Q4 2024
Woodlake Reserve,2024-10-20,1.8548482011933343,0.8981132075471698,1.6658636674868437,1.0,2024-10,Q4 2024
Woodlake Reserve,2024-10-21,1.8548482011933343,0.8981132075471698,1.6658636674868437,1.0,2024-10,Q4 2024
Woodlake Reserve,2024-10-22,1.8548482011933343,0.8981132075471698,1.6658636674868437,1.0,2024-10,Q4 2024
Woodlake Reserve,2024-10-23,1.8623904317926554,0.8981132075471698,1.6726374444024603,1.0,2024-10,Q4 2024
Woodlake Reserve,2024-10-24,1.8623904317926554,0.9056603773584906,1.6866932212461785,1.0,2024-10,Q4 2024
Woodlake Reserve,2024-10-25,1.8623904317926554,0.9056603773584906,1.6866932212461785,1.0,2024-10,Q4 2024
Woodlake Reserve,2024-10-26,1.8623904317926554,0.9056603773584906,1.6866932212461785,1.0,2024-10,Q4 2024
Woodlake Reserve,2024-10-27,1.8623904317926554,0.9056603773584906,1.6866932212461785,1.0,2024-10,Q4 2024
Woodlake Reserve,2024-10-28,1.8623904317926554,0.9056603773584906,1.6866932212461785,1.0,2024-10,Q4 2024
Woodlake Reserve,2024-10-29,1.8508536503222164,0.9056603773584906,1.6762448153861582,1.0,2024-10,Q4 2024
Woodlake Reserve,2024-10-30,1.8493130726992864,0.909433962264151,1.6818281151718038,1.0,2024-10,Q4 2024
Woodlake Reserve,2024-10-31,1.8493130726992864,0.9169811320754717,1.6957851949657607,1.0,2024-10,Q4 2024
Woodlake Reserve,2024-11-01,1.8493130726992864,0.9169811320754717,1.6957851949657607,1.0,2024-11,Q4 2024
Woodlake Reserve,2024-11-02,1.8493130726992864,0.9169811320754717,1.6957851949657607,1.0,2024-11,Q4 2024
Woodlake Reserve,2024-11-03,1.8493130726992864,0.9169811320754717,1.6957851949657607,1.0,2024-11,Q4 2024
Woodlake Reserve,2024-11-04,1.8493130726992864,0.9169811320754717,1.6957851949657607,1.0,2024-11,Q4 2024
Woodlake Reserve,2024-11-05,1.8493130726992864,0.9169811320754717,1.6957851949657607,1.0,2024-11,Q4 2024
Woodlake Reserve,2024-11-06,1.8493130726992864,0.9169811320754717,1.6957851949657607,1.0,2024-11,Q4 2024
Woodlake Reserve,2024-11-07,1.8493130726992864,0.9169811320754717,1.6957851949657607,1.0,2024-11,Q4 2024
Woodlake Reserve,2024-11-08,1.8493130726992864,0.9169811320754717,1.6957851949657607,1.0,2024-11,Q4 2024
Woodlake Reserve,2024-11-09,1.8493130726992864,0.9169811320754717,1.6957851949657607,1.0,2024-11,Q4 2024
Woodlake Reserve,2024-11-10,1.8493130726992864,0.9169811320754717,1.6957851949657607,1.0,2024-11,Q4 2024
Woodlake Reserve,2024-11-11,1.8493130726992864,0.9169811320754717,1.6957851949657607,1.0,2024-11,Q4 2024
Woodlake Reserve,2024-11-12,1.8493130726992864,0.9169811320754717,1.6957851949657607,1.0,2024-11,Q4 2024
Woodlake Reserve,2024-11-13,1.8493130726992864,0.9169811320754717,1.6957851949657607,1.0,2024-11,Q4 2024
Woodlake Reserve,2024-11-14,1.8493130726992864,0.9169811320754717,1.6957851949657607,1.0,2024-11,Q4 2024
Woodlake Reserve,2024-11-15,1.8493130726992864,0.9169811320754717,1.6957851949657607,1.0,2024-11,Q4 2024
Woodlake Reserve,2024-11-16,1.8403649309081116,0.9169811320754717,1.6875799177761175,1.0,2024-11,Q4 2024
Woodlake Reserve,2024-11-17,1.8403649309081116,0.9207547169811321,1.694524691100299,1.0,2024-11,Q4 2024
Woodlake Reserve,2024-11-18,1.8403649309081116,0.9207547169811321,1.694524691100299,1.0,2024-11,Q4 2024
Woodlake Reserve,2024-11-19,1.8403649309081116,0.9207547169811321,1.694524691100299,1.0,2024-11,Q4 2024
Woodlake Reserve,2024-11-20,1.8403649309081116,0.9207547169811321,1.694524691100299,1.0,2024-11,Q4 2024
Woodlake Reserve,2024-11-21,1.8403649309081116,0.9207547169811321,1.694524691100299,1.0,2024-11,Q4 2024
Woodlake Reserve,2024-11-22,1.8403649309081116,0.9207547169811321,1.694524691100299,1.0,2024-11,Q4 2024
Woodlake Reserve,2024-11-23,1.8403649309081116,0.9207547169811321,1.694524691100299,1.0,2024-11,Q4 2024
Woodlake Reserve,2024-11-24,1.8484667390446115,0.9207547169811321,1.7019844691580575,1.0,2024-11,Q4 2024
Woodlake Reserve,2024-11-25,1.8484667390446115,0.9245283018867925,1.7089598153431313,1.0,2024-11,Q4 2024
Woodlake Reserve,2024-11-26,1.8484667390446115,0.9245283018867925,1.7089598153431313,1.0,2024-11,Q4 2024
Woodlake Reserve,2024-11-27,1.8484667390446115,0.9245283018867925,1.7089598153431313,1.0,2024-11,Q4 2024
Woodlake Reserve,2024-11-28,1.8484667390446115,0.9245283018867925,1.7089598153431313,1.0,2024-11,Q4 2024
Woodlake Reserve,2024-11-29,1.8484667390446115,0.9245283018867925,1.7089598153431313,1.0,2024-11,Q4 2024
Woodlake Reserve,2024-11-30,1.8484667390446115,0.9245283018867925,1.7089598153431313,1.0,2024-11,Q4 2024
Woodlake Reserve,2024-12-01,1.8484667390446115,0.9245283018867925,1.7089598153431313,1.0,2024-12,Q4 2024
Woodlake Reserve,2024-12-02,1.8484667390446115,0.9245283018867925,1.7089598153431313,1.0,2024-12,Q4 2024
Woodlake Reserve,2024-12-03,1.8484667390446115,0.9245283018867925,1.7089598153431313,1.0,2024-12,Q4 2024
Woodlake Reserve,2024-12-04,1.8484667390446115,0.9169811320754717,1.6950091229729833,1.0,2024-12,Q4 2024
Woodlake Reserve,2024-12-05,1.8484667390446115,0.9169811320754717,1.6950091229729833,1.0,2024-12,Q4 2024
Woodlake Reserve,2024-12-06,1.8484667390446115,0.9169811320754717,1.6950091229729833,1.0,2024-12,Q4 2024
Woodlake Reserve,2024-12-07,1.8484667390446115,0.9169811320754717,1.6950091229729833,1.0,2024-12,Q4 2024
Woodlake Reserve,2024-12-08,1.8484667390446115,0.9169811320754717,1.6950091229729833,1.0,2024-12,Q4 2024
Woodlake Reserve,2024-12-09,1.8484667390446115,0.9169811320754717,1.6950091229729833,1.0,2024-12,Q4 2024
Woodlake Reserve,2024-12-10,1.8484667390446115,0.9169811320754717,1.6950091229729833,1.0,2024-12,Q4 2024
Woodlake Reserve,2024-12-11,1.8484667390446115,0.9169811320754717,1.6950091229729833,1.0,2024-12,Q4 2024
Woodlake Reserve,2024-12-12,1.8484667390446115,0.9169811320754717,1.6950091229729833,1.0,2024-12,Q4 2024
Woodlake Reserve,2024-12-13,1.8484667390446115,0.9169811320754717,1.6950091229729833,1.0,2024-12,Q4 2024
Woodlake Reserve,2024-12-14,1.8484667390446115,0.9169811320754717,1.6950091229729833,1.0,2024-12,Q4 2024
Woodlake Reserve,2024-12-15,1.8484667390446115,0.9169811320754717,1.6950091229729833,1.0,2024-12,Q4 2024
Woodlake Reserve,2024-12-16,1.8484667390446115,0.9169811320754717,1.6950091229729833,1.0,2024-12,Q4 2024
Woodlake Reserve,2024-12-17,1.8484667390446115,0.9169811320754717,1.6950091229729833,1.0,2024-12,Q4 2024
Woodlake Reserve,2024-12-18,1.8484667390446115,0.9169811320754717,1.6950091229729833,1.0,2024-12,Q4 2024
Woodlake Reserve,2024-12-19,1.8484667390446115,0.9132075471698113,1.6880337767879094,1.0,2024-12,Q4 2024
Woodlake Reserve,2024-12-20,1.8484667390446115,0.9132075471698113,1.6880337767879094,1.0,2024-12,Q4 2024
Woodlake Reserve,2024-12-21,1.8484667390446115,0.9132075471698113,1.6880337767879094,1.0,2024-12,Q4 2024
Woodlake Reserve,2024-12-22,1.8484667390446115,0.9132075471698113,1.6880337767879094,1.0,2024-12,Q4 2024
Woodlake Reserve,2024-12-23,1.8484667390446115,0.9132075471698113,1.6880337767879094,1.0,2024-12,Q4 2024
Woodlake Reserve,2024-12-24,1.8484667390446115,0.9132075471698113,1.6880337767879094,1.0,2024-12,Q4 2024
Woodlake Reserve,2024-12-25,1.8484667390446115,0.9132075471698113,1.6880337767879094,1.0,2024-12,Q4 2024
Woodlake Reserve,2024-12-26,1.8484667390446115,0.9132075471698113,1.6880337767879094,1.0,2024-12,Q4 2024
Woodlake Reserve,2024-12-27,1.8484667390446115,0.9132075471698113,1.6880337767879094,1.0,2024-12,Q4 2024
Woodlake Reserve,2024-12-28,1.8484667390446115,0.9132075471698113,1.6880337767879094,1.0,2024-12,Q4 2024
Woodlake Reserve,2024-12-29,1.8449327625345442,0.9132075471698113,1.6848065227673952,1.0,2024-12,Q4 2024
Woodlake Reserve,2024-12-30,1.8449327625345442,0.9169811320754717,1.6917685331920538,1.0,2024-12,Q4 2024
Woodlake Reserve,2024-12-31,1.8449327625345442,0.9169811320754717,1.6917685331920538,1.0,2024-12,Q4 2024
Woodlake Reserve,2025-01-01,1.8524357767952417,0.9169811320754717,1.6986486557028067,1.0,2025-01,Q1 2025
Woodlake Reserve,2025-01-02,1.8524357767952417,0.9207547169811321,1.7056389793888265,1.0,2025-01,Q1 2025
Woodlake Reserve,2025-01-03,1.8524357767952417,0.9207547169811321,1.7056389793888265,1.0,2025-01,Q1 2025
Woodlake Reserve,2025-01-04,1.8524357767952417,0.909433962264151,1.684668008330767,1.0,2025-01,Q1 2025
Woodlake Reserve,2025-01-05,1.8524357767952417,0.909433962264151,1.684668008330767,1.0,2025-01,Q1 2025
Woodlake Reserve,2025-01-06,1.8524357767952417,0.909433962264151,1.684668008330767,1.0,2025-01,Q1 2025
Woodlake Reserve,2025-01-07,1.8524357767952417,0.909433962264151,1.684668008330767,1.0,2025-01,Q1 2025
Woodlake Reserve,2025-01-08,1.8524357767952417,0.909433962264151,1.684668008330767,1.0,2025-01,Q1 2025
Woodlake Reserve,2025-01-09,1.8524357767952417,0.909433962264151,1.684668008330767,1.0,2025-01,Q1 2025
Woodlake Reserve,2025-01-10,1.8524357767952417,0.909433962264151,1.684668008330767,1.0,2025-01,Q1 2025
Woodlake Reserve,2025-01-11,1.8524357767952417,0.9018867924528302,1.6706873609587274,1.0,2025-01,Q1 2025
Woodlake Reserve,2025-01-12,1.8530583604779027,0.8981132075471698,1.664256187900909,1.0,2025-01,Q1 2025
Woodlake Reserve,2025-01-13,1.8530583604779027,0.9056603773584906,1.6782415340177232,1.0,2025-01,Q1 2025
Woodlake Reserve,2025-01-14,1.8530583604779027,0.9056603773584906,1.6782415340177232,1.0,2025-01,Q1 2025
Woodlake Reserve,2025-01-15,1.8530583604779027,0.9056603773584906,1.6782415340177232,1.0,2025-01,Q1 2025
Woodlake Reserve,2025-01-16,1.8530583604779027,0.9018867924528302,1.6712488609593161,1.0,2025-01,Q1 2025
Woodlake Reserve,2025-01-17,1.8530583604779027,0.9018867924528302,1.6712488609593161,1.0,2025-01,Q1 2025
Woodlake Reserve,2025-01-18,1.8530583604779027,0.9018867924528302,1.6712488609593161,1.0,2025-01,Q1 2025
Woodlake Reserve,2025-01-19,1.8530583604779027,0.9018867924528302,1.6712488609593161,1.0,2025-01,Q1 2025
Woodlake Reserve,2025-01-20,1.8530583604779027,0.9018867924528302,1.6712488609593161,1.0,2025-01,Q1 2025
Woodlake Reserve,2025-01-21,1.8530583604779027,0.9018867924528302,1.6712488609593161,1.0,2025-01,Q1 2025
Woodlake Reserve,2025-01-22,1.8530583604779027,0.9018867924528302,1.6712488609593161,1.0,2025-01,Q1 2025
Woodlake Reserve,2025-01-23,1.8497954461074957,0.8981132075471698,1.661325721409751,1.0,2025-01,Q1 2025
Woodlake Reserve,2025-01-24,1.8497954461074957,0.9056603773584906,1.675286441757732,1.0,2025-01,Q1 2025
Woodlake Reserve,2025-01-25,1.8497954461074957,0.9056603773584906,1.675286441757732,1.0,2025-01,Q1 2025
Woodlake Reserve,2025-01-26,1.8497954461074957,0.9056603773584906,1.675286441757732,1.0,2025-01,Q1 2025
Woodlake Reserve,2025-01-27,1.8497954461074957,0.9056603773584906,1.675286441757732,1.0,2025-01,Q1 2025
Woodlake Reserve,2025-01-28,1.8497954461074957,0.9056603773584906,1.675286441757732,1.0,2025-01,Q1 2025
Woodlake Reserve,2025-01-29,1.8497954461074957,0.9056603773584906,1.675286441757732,1.0,2025-01,Q1 2025
Woodlake Reserve,2025-01-30,1.8497954461074957,0.9018867924528302,1.6683060815837414,1.0,2025-01,Q1 2025
Woodlake Reserve,2025-01-31,1.8497954461074957,0.9018867924528302,1.6683060815837414,1.0,2025-01,Q1 2025
Woodlake Reserve,2025-02-01,1.8497954461074957,0.9018867924528302,1.6683060815837414,1.0,2025-02,Q1 2025
Woodlake Reserve,2025-02-02,1.8497954461074957,0.9018867924528302,1.6683060815837414,1.0,2025-02,Q1 2025
Woodlake Reserve,2025-02-03,1.8497954461074957,0.9018867924528302,1.6683060815837414,1.0,2025-02,Q1 2025
Woodlake Reserve,2025-02-04,1.8497954461074957,0.9018867924528302,1.6683060815837414,1.0,2025-02,Q1 2025
Woodlake Reserve,2025-02-05,1.8543418427290228,0.8943396226415095,1.6584113838746355,1.0,2025-02,Q1 2025
Woodlake Reserve,2025-02-06,1.8543418427290228,0.8981132075471698,1.6654089002622923,1.0,2025-02,Q1 2025
Woodlake Reserve,2025-02-07,1.8558659748204707,0.8981132075471698,1.6667777434236681,1.0,2025-02,Q1 2025
Woodlake Reserve,2025-02-08,1.8558659748204707,0.9018867924528302,1.6737810112531792,1.0,2025-02,Q1 2025
Woodlake Reserve,2025-02-09,1.8558659748204707,0.9018867924528302,1.6737810112531792,1.0,2025-02,Q1 2025
Woodlake Reserve,2025-02-10,1.8558659748204707,0.9018867924528302,1.6737810112531792,1.0,2025-02,Q1 2025
Woodlake Reserve,2025-02-11,1.8558659748204707,0.8905660377358491,1.6527712077646457,1.0,2025-02,Q1 2025
Woodlake Reserve,2025-02-12,1.8558659748204707,0.8905660377358491,1.6527712077646457,1.0,2025-02,Q1 2025
Woodlake Reserve,2025-02-13,1.8574369901171093,0.8905660377358491,1.6541703006325954,1.0,2025-02,Q1 2025
Woodlake Reserve,2025-02-14,1.8574369901171093,0.8981132075471698,1.6681886930108378,1.0,2025-02,Q1 2025
Woodlake Reserve,2025-02-15,1.8574369901171093,0.8981132075471698,1.6681886930108378,1.0,2025-02,Q1 2025
Woodlake Reserve,2025-02-16,1.8574369901171093,0.8981132075471698,1.6681886930108378,1.0,2025-02,Q1 2025
Woodlake Reserve,2025-02-17,1.8574369901171093,0.8981132075471698,1.6681886930108378,1.0,2025-02,Q1 2025
Woodlake Reserve,2025-02-18,1.8510453130826008,0.8981132075471698,1.6624482434477699,1.0,2025-02,Q1 2025
Woodlake Reserve,2025-02-19,1.8510453130826008,0.9018867924528302,1.6694333201009117,1.0,2025-02,Q1 2025
Woodlake Reserve,2025-02-20,1.8510453130826008,0.9018867924528302,1.6694333201009117,1.0,2025-02,Q1 2025
Woodlake Reserve,2025-02-21,1.8510453130826008,0.9018867924528302,1.6694333201009117,1.0,2025-02,Q1 2025
Woodlake Reserve,2025-02-22,1.8510453130826008,0.9018867924528302,1.6694333201009117,1.0,2025-02,Q1 2025
Woodlake Reserve,2025-02-23,1.8510453130826008,0.9018867924528302,1.6694333201009117,1.0,2025-02,Q1 2025
Woodlake Reserve,2025-02-24,1.8510453130826008,0.9018867924528302,1.6694333201009117,1.0,2025-02,Q1 2025
Woodlake Reserve,2025-02-25,1.8510453130826008,0.9018867924528302,1.6694333201009117,1.0,2025-02,Q1 2025
Woodlake Reserve,2025-02-26,1.8510453130826008,0.9018867924528302,1.6694333201009117,1.0,2025-02,Q1 2025
Woodlake Reserve,2025-02-27,1.8510453130826008,0.9018867924528302,1.6694333201009117,1.0,2025-02,Q1 2025
Woodlake Reserve,2025-02-28,1.8510453130826008,0.9018867924528302,1.6694333201009117,1.0,2025-02,Q1 2025
Woodlake Reserve,2025-03-01,1.8510453130826008,0.9018867924528302,1.6694333201009117,1.0,2025-03,Q1 2025
Woodlake Reserve,2025-03-02,1.8510453130826008,0.9018867924528302,1.6694333201009117,1.0,2025-03,Q1 2025
Woodlake Reserve,2025-03-03,1.8510453130826008,0.9018867924528302,1.6694333201009117,1.0,2025-03,Q1 2025
Woodlake Reserve,2025-03-04,1.8510453130826008,0.9018867924528302,1.6694333201009117,1.0,2025-03,Q1 2025
Woodlake Reserve,2025-03-05,1.8510453130826008,0.9018867924528302,1.6694333201009117,1.0,2025-03,Q1 2025
Woodlake Reserve,2025-03-06,1.8510453130826008,0.8981132075471698,1.6624482434477699,1.0,2025-03,Q1 2025
Woodlake Reserve,2025-03-07,1.851367045103957,0.8981132075471698,1.6627371952254406,1.0,2025-03,Q1 2025
Woodlake Reserve,2025-03-08,1.851367045103957,0.9018867924528302,1.669723485961682,1.0,2025-03,Q1 2025
Woodlake Reserve,2025-03-09,1.851367045103957,0.9018867924528302,1.669723485961682,1.0,2025-03,Q1 2025
Woodlake Reserve,2025-03-10,1.851367045103957,0.9018867924528302,1.669723485961682,1.0,2025-03,Q1 2025
Woodlake Reserve,2025-03-11,1.851367045103957,0.9018867924528302,1.669723485961682,1.0,2025-03,Q1 2025
Woodlake Reserve,2025-03-12,1.8528216619256568,0.8943396226415095,1.6570518259486062,1.0,2025-03,Q1 2025
Woodlake Reserve,2025-03-13,1.8512498230682477,0.9018867924528302,1.6696177649558914,1.0,2025-03,Q1 2025
Woodlake Reserve,2025-03-14,1.8559970434578867,0.8981132075471698,1.6668954578980266,1.0,2025-03,Q1 2025
Woodlake Reserve,2025-03-15,1.8559970434578867,0.909433962264151,1.6879067451824554,1.0,2025-03,Q1 2025
Woodlake Reserve,2025-03-16,1.8559970434578867,0.909433962264151,1.6879067451824554,1.0,2025-03,Q1 2025
Woodlake Reserve,2025-03-17,1.8559970434578867,0.909433962264151,1.6879067451824554,1.0,2025-03,Q1 2025
Woodlake Reserve,2025-03-18,1.8580676976088009,0.909433962264151,1.6897898683914,1.0,2025-03,Q1 2025
Woodlake Reserve,2025-03-19,1.857538694067491,0.9132075471698113,1.6963183545823879,1.0,2025-03,Q1 2025
Woodlake Reserve,2025-03-20,1.8614117557092236,0.9132075471698113,1.699855263704272,1.0,2025-03,Q1 2025
Woodlake Reserve,2025-03-21,1.8646865395363799,0.9169811320754717,1.7098823739899633,1.0,2025-03,Q1 2025
Woodlake Reserve,2025-03-22,1.8646865395363799,0.9207547169811321,1.7169189269693461,1.0,2025-03,Q1 2025
Woodlake Reserve,2025-03-23,1.8646865395363799,0.9207547169811321,1.7169189269693461,1.0,2025-03,Q1 2025
Woodlake Reserve,2025-03-24,1.8646865395363799,0.9207547169811321,1.7169189269693461,1.0,2025-03,Q1 2025
Woodlake Reserve,2025-03-25,1.8646865395363799,0.9207547169811321,1.7169189269693461,1.0,2025-03,Q1 2025
Woodlake Reserve,2025-03-26,1.8646865395363799,0.9207547169811321,1.7169189269693461,1.0,2025-03,Q1 2025
Woodlake Reserve,2025-03-27,1.8646865395363799,0.9207547169811321,1.7169189269693461,1.0,2025-03,Q1 2025
Woodlake Reserve,2025-03-28,1.8646865395363799,0.9207547169811321,1.7169189269693461,1.0,2025-03,Q1 2025
Woodlake Reserve,2025-03-29,1.8646865395363799,0.9207547169811321,1.7169189269693461,1.0,2025-03,Q1 2025
Woodlake Reserve,2025-03-30,1.8646865395363799,0.9207547169811321,1.7169189269693461,1.0,2025-03,Q1 2025
Woodlake Reserve,2025-03-31,1.8646865395363799,0.9207547169811321,1.7169189269693461,1.0,2025-03,Q1 2025
Woodlake Reserve,2025-04-01,1.8646865395363799,0.9207547169811321,1.7169189269693461,1.0,2025-04,Q2 2025
Woodlake Reserve,2025-04-02,1.8646865395363799,0.9207547169811321,1.7169189269693461,1.0,2025-04,Q2 2025
Woodlake Reserve,2025-04-03,1.8646865395363799,0.9207547169811321,1.7169189269693461,1.0,2025-04,Q2 2025
Woodlake Reserve,2025-04-04,1.8646865395363799,0.9207547169811321,1.7169189269693461,1.0,2025-04,Q2 2025
Woodlake Reserve,2025-04-05,1.8646865395363799,0.9207547169811321,1.7169189269693461,1.0,2025-04,Q2 2025
Woodlake Reserve,2025-04-06,1.859890100093385,0.9207547169811321,1.712502582727494,1.0,2025-04,Q2 2025
Woodlake Reserve,2025-04-07,1.859890100093385,0.9245283018867925,1.7195210359353936,1.0,2025-04,Q2 2025
Woodlake Reserve,2025-04-08,1.8594393344046218,0.9132075471698113,1.6980540336827112,1.0,2025-04,Q2 2025
Woodlake Reserve,2025-04-09,1.8601497500451325,0.9283018867924528,1.726780522683406,1.0,2025-04,Q2 2025
Woodlake Reserve,2025-04-10,1.8601497500451325,0.9320754716981132,1.7337999557024444,1.0,2025-04,Q2 2025
Woodlake Reserve,2025-04-11,1.8601497500451325,0.9320754716981132,1.7337999557024444,1.0,2025-04,Q2 2025
Woodlake Reserve,2025-04-12,1.8601497500451325,0.9320754716981132,1.7337999557024444,1.0,2025-04,Q2 2025
Woodlake Reserve,2025-04-13,1.9044950634772728,0.9320754716981132,1.7751331346373072,1.0,2025-04,Q2 2025
Haven at Research Triangle Park,2023-11-02,1.768621915311673,0.9186991869918699,1.6248315156928377,1.0,2023-11,Q4 2023
Haven at Research Triangle Park,2023-11-03,1.7652452298003471,0.9186991869918699,1.6217293574588556,1.0,2023-11,Q4 2023
Haven at Research Triangle Park,2023-11-04,1.7588375105179461,0.9214092140921409,1.6206090882821185,1.0,2023-11,Q4 2023
Haven at Research Triangle Park,2023-11-05,1.7537704967914156,0.924119241192412,1.6206930607205223,1.0,2023-11,Q4 2023
Haven at Research Triangle Park,2023-11-06,1.7537704967914156,0.926829268292683,1.6254458262944829,1.0,2023-11,Q4 2023
Haven at Research Triangle Park,2023-11-07,1.7537704967914156,0.926829268292683,1.6254458262944829,1.0,2023-11,Q4 2023
Haven at Research Triangle Park,2023-11-08,1.7537704967914156,0.924119241192412,1.6206930607205223,1.0,2023-11,Q4 2023
Haven at Research Triangle Park,2023-11-09,1.7537704967914156,0.924119241192412,1.6206930607205223,1.0,2023-11,Q4 2023
Haven at Research Triangle Park,2023-11-10,1.7537704967914156,0.9214092140921409,1.6159402951465618,1.0,2023-11,Q4 2023
Haven at Research Triangle Park,2023-11-11,1.7380597853614128,0.9214092140921409,1.6014643008750145,1.0,2023-11,Q4 2023
Haven at Research Triangle Park,2023-11-12,1.7380597853614128,0.926829268292683,1.6108846791154559,1.0,2023-11,Q4 2023
Haven at Research Triangle Park,2023-11-13,1.7380597853614128,0.926829268292683,1.6108846791154559,1.0,2023-11,Q4 2023
Haven at Research Triangle Park,2023-11-14,1.7352545429448185,0.926829268292683,1.6082846983391001,1.0,2023-11,Q4 2023
Haven at Research Triangle Park,2023-11-15,1.7352545429448185,0.929539295392954,1.612987285176349,1.0,2023-11,Q4 2023
Haven at Research Triangle Park,2023-11-16,1.7352545429448185,0.929539295392954,1.612987285176349,1.0,2023-11,Q4 2023
Haven at Research Triangle Park,2023-11-17,1.7283953650385773,0.929539295392954,1.6066114097784066,1.0,2023-11,Q4 2023
Haven at Research Triangle Park,2023-11-18,1.7283953650385773,0.926829268292683,1.6019274114991693,1.0,2023-11,Q4 2023
Haven at Research Triangle Park,2023-11-19,1.7283953650385773,0.926829268292683,1.6019274114991693,1.0,2023-11,Q4 2023
Haven at Research Triangle Park,2023-11-20,1.7283953650385773,0.926829268292683,1.6019274114991693,1.0,2023-11,Q4 2023
Haven at Research Triangle Park,2023-11-21,1.7283953650385773,0.926829268292683,1.6019274114991693,1.0,2023-11,Q4 2023
Haven at Research Triangle Park,2023-11-22,1.7283953650385773,0.926829268292683,1.6019274114991693,1.0,2023-11,Q4 2023
Haven at Research Triangle Park,2023-11-23,1.7283953650385773,0.926829268292683,1.6019274114991693,1.0,2023-11,Q4 2023
Haven at Research Triangle Park,2023-11-24,1.7283953650385773,0.926829268292683,1.6019274114991693,1.0,2023-11,Q4 2023
Haven at Research Triangle Park,2023-11-25,1.7283953650385773,0.926829268292683,1.6019274114991693,1.0,2023-11,Q4 2023
Haven at Research Triangle Park,2023-11-26,1.7283953650385773,0.926829268292683,1.6019274114991693,1.0,2023-11,Q4 2023
Haven at Research Triangle Park,2023-11-27,1.7283953650385773,0.926829268292683,1.6019274114991693,1.0,2023-11,Q4 2023
Haven at Research Triangle Park,2023-11-28,1.7283953650385773,0.926829268292683,1.6019274114991693,1.0,2023-11,Q4 2023
Haven at Research Triangle Park,2023-11-29,1.72620429590137,0.926829268292683,1.5998966644939527,1.0,2023-11,Q4 2023
Haven at Research Triangle Park,2023-11-30,1.72620429590137,0.929539295392954,1.6045747249164497,1.0,2023-11,Q4 2023
Haven at Research Triangle Park,2023-12-01,1.7208907203301842,0.929539295392954,1.5996355476239925,1.0,2023-12,Q4 2023
Haven at Research Triangle Park,2023-12-02,1.7208907203301842,0.929539295392954,1.5996355476239925,1.0,2023-12,Q4 2023
Haven at Research Triangle Park,2023-12-03,1.7208907203301842,0.929539295392954,1.5996355476239925,1.0,2023-12,Q4 2023
Haven at Research Triangle Park,2023-12-04,1.7208907203301842,0.929539295392954,1.5996355476239925,1.0,2023-12,Q4 2023
Haven at Research Triangle Park,2023-12-05,1.7208907203301842,0.929539295392954,1.5996355476239925,1.0,2023-12,Q4 2023
Haven at Research Triangle Park,2023-12-06,1.7208907203301842,0.929539295392954,1.5996355476239925,1.0,2023-12,Q4 2023
Haven at Research Triangle Park,2023-12-07,1.7208907203301842,0.929539295392954,1.5996355476239925,1.0,2023-12,Q4 2023
Haven at Research Triangle Park,2023-12-08,1.7208907203301842,0.929539295392954,1.5996355476239925,1.0,2023-12,Q4 2023
Haven at Research Triangle Park,2023-12-09,1.8120233535406953,0.929539295392954,1.6843469112857954,1.0,2023-12,Q4 2023
Haven at Research Triangle Park,2023-12-10,1.8120233535406953,0.9322493224932249,1.6892575436802146,1.0,2023-12,Q4 2023
Haven at Research Triangle Park,2023-12-11,1.8120233535406953,0.9322493224932249,1.6892575436802146,1.0,2023-12,Q4 2023
Haven at Research Triangle Park,2023-12-12,1.8120233535406953,0.9322493224932249,1.6892575436802146,1.0,2023-12,Q4 2023
Haven at Research Triangle Park,2023-12-13,1.8120233535406953,0.9322493224932249,1.6892575436802146,1.0,2023-12,Q4 2023
Haven at Research Triangle Park,2023-12-14,1.8099336448487733,0.924119241192412,1.6725945064862648,1.0,2023-12,Q4 2023
Haven at Research Triangle Park,2023-12-15,1.8099336448487733,0.926829268292683,1.6774994757134973,1.0,2023-12,Q4 2023
Haven at Research Triangle Park,2023-12-16,1.8099336448487733,0.926829268292683,1.6774994757134973,1.0,2023-12,Q4 2023
Haven at Research Triangle Park,2023-12-17,1.8099336448487733,0.926829268292683,1.6774994757134973,1.0,2023-12,Q4 2023
Haven at Research Triangle Park,2023-12-18,1.8099336448487733,0.926829268292683,1.6774994757134973,1.0,2023-12,Q4 2023
Haven at Research Triangle Park,2023-12-19,1.8099336448487733,0.924119241192412,1.6725945064862648,1.0,2023-12,Q4 2023
Haven at Research Triangle Park,2023-12-20,1.8099336448487733,0.9186991869918699,1.6627845680317999,1.0,2023-12,Q4 2023
Haven at Research Triangle Park,2023-12-21,1.8078559442495703,0.9159891598915989,1.655976447578197,1.0,2023-12,Q4 2023
Haven at Research Triangle Park,2023-12-22,1.8078559442495703,0.9186991869918699,1.6608757861804995,1.0,2023-12,Q4 2023
Haven at Research Triangle Park,2023-12-23,1.8078559442495703,0.9186991869918699,1.6608757861804995,1.0,2023-12,Q4 2023
Haven at Research Triangle Park,2023-12-24,1.787615042852135,0.9186991869918699,1.642280486522693,1.0,2023-12,Q4 2023
Haven at Research Triangle Park,2023-12-25,1.787615042852135,0.9214092140921409,1.6471249717336744,1.0,2023-12,Q4 2023
Haven at Research Triangle Park,2023-12-26,1.787615042852135,0.9214092140921409,1.6471249717336744,1.0,2023-12,Q4 2023
Haven at Research Triangle Park,2023-12-27,1.781933554356523,0.9214092140921409,1.6418899958840592,1.0,2023-12,Q4 2023
Haven at Research Triangle Park,2023-12-28,1.781933554356523,0.924119241192412,1.6467190841072474,1.0,2023-12,Q4 2023
Haven at Research Triangle Park,2023-12-29,1.7769102567460913,0.924119241192412,1.6420769581312118,1.0,2023-12,Q4 2023
Haven at Research Triangle Park,2023-12-30,1.7769102567460913,0.926829268292683,1.6468924330817432,1.0,2023-12,Q4 2023
Haven at Research Triangle Park,2023-12-31,1.7769102567460913,0.924119241192412,1.6420769581312118,1.0,2023-12,Q4 2023
Haven at Research Triangle Park,2024-01-01,1.7769102567460913,0.924119241192412,1.6420769581312118,1.0,2024-01,Q1 2024
Haven at Research Triangle Park,2024-01-02,1.7769102567460913,0.924119241192412,1.6420769581312118,1.0,2024-01,Q1 2024
Haven at Research Triangle Park,2024-01-03,1.7541362063473112,0.924119241192412,1.6210310199578133,1.0,2024-01,Q1 2024
Haven at Research Triangle Park,2024-01-04,1.7541362063473112,0.926829268292683,1.6257847766145812,1.0,2024-01,Q1 2024
Haven at Research Triangle Park,2024-01-05,1.7541362063473112,0.9214092140921409,1.6162772633010456,1.0,2024-01,Q1 2024
Haven at Research Triangle Park,2024-01-06,1.738941126655142,0.9214092140921409,1.6022763768638164,1.0,2024-01,Q1 2024
Haven at Research Triangle Park,2024-01-07,1.738941126655142,0.926829268292683,1.611701532021839,1.0,2024-01,Q1 2024
Haven at Research Triangle Park,2024-01-08,1.738941126655142,0.926829268292683,1.611701532021839,1.0,2024-01,Q1 2024
Haven at Research Triangle Park,2024-01-09,1.738941126655142,0.926829268292683,1.611701532021839,1.0,2024-01,Q1 2024
Haven at Research Triangle Park,2024-01-10,1.738941126655142,0.926829268292683,1.611701532021839,1.0,2024-01,Q1 2024
Haven at Research Triangle Park,2024-01-11,1.738941126655142,0.926829268292683,1.611701532021839,1.0,2024-01,Q1 2024
Haven at Research Triangle Park,2024-01-12,1.7327754824859527,0.926829268292683,1.6059870325479562,1.0,2024-01,Q1 2024
Haven at Research Triangle Park,2024-01-13,1.7327754824859527,0.929539295392954,1.6106829010641783,1.0,2024-01,Q1 2024
Haven at Research Triangle Park,2024-01-14,1.7327754824859527,0.926829268292683,1.6059870325479562,1.0,2024-01,Q1 2024
Haven at Research Triangle Park,2024-01-15,1.7327754824859527,0.926829268292683,1.6059870325479562,1.0,2024-01,Q1 2024
Haven at Research Triangle Park,2024-01-16,1.7327754824859527,0.926829268292683,1.6059870325479562,1.0,2024-01,Q1 2024
Haven at Research Triangle Park,2024-01-17,1.7122751756176322,0.926829268292683,1.5869867481334152,1.0,2024-01,Q1 2024
Haven at Research Triangle Park,2024-01-18,1.7122751756176322,0.929539295392954,1.5916270602624605,1.0,2024-01,Q1 2024
Haven at Research Triangle Park,2024-01-19,1.7122751756176322,0.926829268292683,1.5869867481334152,1.0,2024-01,Q1 2024
Haven at Research Triangle Park,2024-01-20,1.7122751756176322,0.926829268292683,1.5869867481334152,1.0,2024-01,Q1 2024
Haven at Research Triangle Park,2024-01-21,1.7122751756176322,0.926829268292683,1.5869867481334152,1.0,2024-01,Q1 2024
Haven at Research Triangle Park,2024-01-22,1.7122751756176322,0.926829268292683,1.5869867481334152,1.0,2024-01,Q1 2024
Haven at Research Triangle Park,2024-01-23,1.7122751756176322,0.926829268292683,1.5869867481334152,1.0,2024-01,Q1 2024
Haven at Research Triangle Park,2024-01-24,1.7122751756176322,0.926829268292683,1.5869867481334152,1.0,2024-01,Q1 2024
Haven at Research Triangle Park,2024-01-25,1.7122751756176322,0.924119241192412,1.5823464360043702,1.0,2024-01,Q1 2024
Haven at Research Triangle Park,2024-01-26,1.7711737049007912,0.9132791327913279,1.617575985234598,1.0,2024-01,Q1 2024
Haven at Research Triangle Park,2024-01-27,1.7711737049007912,0.9159891598915989,1.6223759139741665,1.0,2024-01,Q1 2024
Haven at Research Triangle Park,2024-01-28,1.7711737049007912,0.9159891598915989,1.6223759139741665,1.0,2024-01,Q1 2024
Haven at Research Triangle Park,2024-01-29,1.7711737049007912,0.9159891598915989,1.6223759139741665,1.0,2024-01,Q1 2024
Haven at Research Triangle Park,2024-01-30,1.7711737049007912,0.9159891598915989,1.6223759139741665,1.0,2024-01,Q1 2024
Haven at Research Triangle Park,2024-01-31,1.7711737049007912,0.9159891598915989,1.6223759139741665,1.0,2024-01,Q1 2024
Haven at Research Triangle Park,2024-02-01,1.7711737049007912,0.9105691056910569,1.6127760564950293,1.0,2024-02,Q1 2024
Haven at Research Triangle Park,2024-02-02,1.7702562451586625,0.9078590785907859,1.6071432035993276,1.0,2024-02,Q1 2024
Haven at Research Triangle Park,2024-02-03,1.89943552878774,0.9105691056910569,1.729567310766072,1.0,2024-02,Q1 2024
Haven at Research Triangle Park,2024-02-04,1.8776771162910526,0.9132791327913279,1.714843328428414,1.0,2024-02,Q1 2024
Haven at Research Triangle Park,2024-02-05,1.8776771162910526,0.9159891598915989,1.7199318842991214,1.0,2024-02,Q1 2024
Haven at Research Triangle Park,2024-02-06,1.8745763660956674,0.9159891598915989,1.7170916307326167,1.0,2024-02,Q1 2024
Haven at Research Triangle Park,2024-02-07,1.8745763660956674,0.9186991869918699,1.7221717834862635,1.0,2024-02,Q1 2024
Haven at Research Triangle Park,2024-02-08,1.8745763660956674,0.9132791327913279,1.71201147797897,1.0,2024-02,Q1 2024
Haven at Research Triangle Park,2024-02-09,1.8745763660956674,0.9132791327913279,1.71201147797897,1.0,2024-02,Q1 2024
Haven at Research Triangle Park,2024-02-10,1.9362353039855733,0.9132791327913279,1.7683232993038975,1.0,2024-02,Q1 2024
Haven at Research Triangle Park,2024-02-11,1.9362353039855733,0.9132791327913279,1.7683232993038975,1.0,2024-02,Q1 2024
Haven at Research Triangle Park,2024-02-12,1.9362353039855733,0.9132791327913279,1.7683232993038975,1.0,2024-02,Q1 2024
Haven at Research Triangle Park,2024-02-13,1.9362353039855733,0.9132791327913279,1.7683232993038975,1.0,2024-02,Q1 2024
Haven at Research Triangle Park,2024-02-14,1.9362353039855733,0.9105691056910569,1.7630760491575952,1.0,2024-02,Q1 2024
Haven at Research Triangle Park,2024-02-15,1.9362353039855733,0.9105691056910569,1.7630760491575952,1.0,2024-02,Q1 2024
Haven at Research Triangle Park,2024-02-16,1.9233761283678703,0.9105691056910569,1.751366881115459,1.0,2024-02,Q1 2024
Haven at Research Triangle Park,2024-02-17,1.9233761283678703,0.9105691056910569,1.751366881115459,1.0,2024-02,Q1 2024
Haven at Research Triangle Park,2024-02-18,1.9233761283678703,0.9105691056910569,1.751366881115459,1.0,2024-02,Q1 2024
Haven at Research Triangle Park,2024-02-19,1.9233761283678703,0.9105691056910569,1.751366881115459,1.0,2024-02,Q1 2024
Haven at Research Triangle Park,2024-02-20,1.9033237413965096,0.9105691056910569,1.733107797043976,1.0,2024-02,Q1 2024
Haven at Research Triangle Park,2024-02-21,1.8983276569516143,0.9132791327913279,1.7337030362945638,1.0,2024-02,Q1 2024
Haven at Research Triangle Park,2024-02-22,1.8983276569516143,0.9159891598915989,1.7388475556900966,1.0,2024-02,Q1 2024
Haven at Research Triangle Park,2024-02-23,1.8916537426092754,0.9159891598915989,1.732734322498469,1.0,2024-02,Q1 2024
Haven at Research Triangle Park,2024-02-24,1.8916537426092754,0.9186991869918699,1.7378607554052694,1.0,2024-02,Q1 2024
Haven at Research Triangle Park,2024-02-25,1.8916537426092754,0.9186991869918699,1.7378607554052694,1.0,2024-02,Q1 2024
Haven at Research Triangle Park,2024-02-26,1.8916537426092754,0.9186991869918699,1.7378607554052694,1.0,2024-02,Q1 2024
Haven at Research Triangle Park,2024-02-27,1.8916537426092754,0.9186991869918699,1.7378607554052694,1.0,2024-02,Q1 2024
Haven at Research Triangle Park,2024-02-28,1.8916537426092754,0.9186991869918699,1.7378607554052694,1.0,2024-02,Q1 2024
Haven at Research Triangle Park,2024-02-29,1.8607922875369287,0.9159891598915989,1.7044655641937179,1.0,2024-02,Q1 2024
Haven at Research Triangle Park,2024-03-01,1.8494538939302287,0.924119241192412,1.7091159290791544,1.0,2024-03,Q1 2024
Haven at Research Triangle Park,2024-03-02,1.8494538939302287,0.9214092140921409,1.7041038589059019,1.0,2024-03,Q1 2024
Haven at Research Triangle Park,2024-03-03,1.8494538939302287,0.9214092140921409,1.7041038589059019,1.0,2024-03,Q1 2024
Haven at Research Triangle Park,2024-03-04,1.8494538939302287,0.9214092140921409,1.7041038589059019,1.0,2024-03,Q1 2024
Haven at Research Triangle Park,2024-03-05,1.8494538939302287,0.9214092140921409,1.7041038589059019,1.0,2024-03,Q1 2024
Haven at Research Triangle Park,2024-03-06,1.8494538939302287,0.9186991869918699,1.699091788732649,1.0,2024-03,Q1 2024
Haven at Research Triangle Park,2024-03-07,1.8494538939302287,0.9186991869918699,1.699091788732649,1.0,2024-03,Q1 2024
Haven at Research Triangle Park,2024-03-08,1.8494538939302287,0.9186991869918699,1.699091788732649,1.0,2024-03,Q1 2024
Haven at Research Triangle Park,2024-03-09,1.831165170719284,0.9105691056910569,1.6674024318744698,1.0,2024-03,Q1 2024
Haven at Research Triangle Park,2024-03-10,1.831165170719284,0.9051490514905149,1.6574774173990268,1.0,2024-03,Q1 2024
Haven at Research Triangle Park,2024-03-11,1.831165170719284,0.9051490514905149,1.6574774173990268,1.0,2024-03,Q1 2024
Haven at Research Triangle Park,2024-03-12,1.831165170719284,0.9051490514905149,1.6574774173990268,1.0,2024-03,Q1 2024
Haven at Research Triangle Park,2024-03-13,1.8271847473925014,0.9051490514905149,1.6538745410002587,1.0,2024-03,Q1 2024
Haven at Research Triangle Park,2024-03-14,1.820507719997738,0.8997289972899729,1.6379635854722197,1.0,2024-03,Q1 2024
Haven at Research Triangle Park,2024-03-15,1.820507719997738,0.9024390243902439,1.642897210729666,1.0,2024-03,Q1 2024
Haven at Research Triangle Park,2024-03-16,1.820507719997738,0.9024390243902439,1.642897210729666,1.0,2024-03,Q1 2024
Haven at Research Triangle Park,2024-03-17,1.8152923563450885,0.8997289972899729,1.6332711715625186,1.0,2024-03,Q1 2024
Haven at Research Triangle Park,2024-03-18,1.8152923563450885,0.9024390243902439,1.6381906630431287,1.0,2024-03,Q1 2024
Haven at Research Triangle Park,2024-03-19,1.8152923563450885,0.9024390243902439,1.6381906630431287,1.0,2024-03,Q1 2024
Haven at Research Triangle Park,2024-03-20,1.8097008651722943,0.8997289972899729,1.6282403448162648,1.0,2024-03,Q1 2024
Haven at Research Triangle Park,2024-03-21,1.8048787250332259,0.9024390243902439,1.6287929957616918,1.0,2024-03,Q1 2024
Haven at Research Triangle Park,2024-03-22,1.8048787250332259,0.9051490514905149,1.6336842660192343,1.0,2024-03,Q1 2024
Haven at Research Triangle Park,2024-03-23,1.801022865063082,0.9024390243902439,1.6253133172520495,1.0,2024-03,Q1 2024
Haven at Research Triangle Park,2024-03-24,1.801022865063082,0.9024390243902439,1.6253133172520495,1.0,2024-03,Q1 2024
Haven at Research Triangle Park,2024-03-25,1.801022865063082,0.9024390243902439,1.6253133172520495,1.0,2024-03,Q1 2024
Haven at Research Triangle Park,2024-03-26,1.7956543739538293,0.9024390243902439,1.620468581372968,1.0,2024-03,Q1 2024
Haven at Research Triangle Park,2024-03-27,1.7948417236514451,0.9051490514905149,1.6245992837387064,1.0,2024-03,Q1 2024
Haven at Research Triangle Park,2024-03-28,1.8403234025324102,0.9051490514905149,1.6657669822380083,1.0,2024-03,Q1 2024
Haven at Research Triangle Park,2024-03-29,1.8310908982717666,0.9078590785907859,1.6623724957209804,1.0,2024-03,Q1 2024
Haven at Research Triangle Park,2024-03-30,1.8310908982717666,0.9024390243902439,1.6524478838062284,1.0,2024-03,Q1 2024
Haven at Research Triangle Park,2024-03-31,1.8310908982717666,0.9024390243902439,1.6524478838062284,1.0,2024-03,Q1 2024
Haven at Research Triangle Park,2024-04-01,1.8310908982717666,0.9024390243902439,1.6524478838062284,1.0,2024-04,Q2 2024
Haven at Research Triangle Park,2024-04-02,1.8822264112886702,0.9024390243902439,1.6985945662848976,1.0,2024-04,Q2 2024
Haven at Research Triangle Park,2024-04-03,1.8595801366716862,0.9051490514905149,1.683197196878979,1.0,2024-04,Q2 2024
Haven at Research Triangle Park,2024-04-04,1.906667062332043,0.9078590785907859,1.730985002388169,1.0,2024-04,Q2 2024
Haven at Research Triangle Park,2024-04-05,1.9437677474938302,0.9132791327913279,1.775202522778918,1.0,2024-04,Q2 2024
Haven at Research Triangle Park,2024-04-06,1.9437677474938302,0.9132791327913279,1.775202522778918,1.0,2024-04,Q2 2024
Haven at Research Triangle Park,2024-04-07,1.9331223985288049,0.9105691056910569,1.7602415336197246,1.0,2024-04,Q2 2024
Haven at Research Triangle Park,2024-04-08,1.9331223985288049,0.9105691056910569,1.7602415336197246,1.0,2024-04,Q2 2024
Haven at Research Triangle Park,2024-04-09,1.9283377916946045,0.9105691056910569,1.7558848184536235,1.0,2024-04,Q2 2024
Haven at Research Triangle Park,2024-04-10,1.9283377916946045,0.9132791327913279,1.7611106661275926,1.0,2024-04,Q2 2024
Haven at Research Triangle Park,2024-04-11,1.9266071328136491,0.9078590785907859,1.7490877764026354,1.0,2024-04,Q2 2024
Haven at Research Triangle Park,2024-04-12,1.9266071328136491,0.9105691056910569,1.7543089339441358,1.0,2024-04,Q2 2024
Haven at Research Triangle Park,2024-04-13,1.9050614772484598,0.9105691056910569,1.7346901256246137,1.0,2024-04,Q2 2024
Haven at Research Triangle Park,2024-04-14,1.9845006103204692,0.9159891598915989,1.8177810468518119,1.0,2024-04,Q2 2024
Haven at Research Triangle Park,2024-04-15,1.9845006103204692,0.9214092140921409,1.8285371477207575,1.0,2024-04,Q2 2024
Haven at Research Triangle Park,2024-04-16,1.9799917338273167,0.9214092140921409,1.8243826273747634,1.0,2024-04,Q2 2024
Haven at Research Triangle Park,2024-04-17,1.9799917338273167,0.924119241192412,1.829748458631748,1.0,2024-04,Q2 2024
Haven at Research Triangle Park,2024-04-18,1.9799917338273167,0.9186991869918699,1.8190167961177788,1.0,2024-04,Q2 2024
Haven at Research Triangle Park,2024-04-19,1.9799917338273167,0.9159891598915989,1.8136509648607941,1.0,2024-04,Q2 2024
Haven at Research Triangle Park,2024-04-20,1.9656881802250101,0.9159891598915989,1.8005490648131528,1.0,2024-04,Q2 2024
Haven at Research Triangle Park,2024-04-21,1.9656881802250101,0.9186991869918699,1.805876133052245,1.0,2024-04,Q2 2024
Haven at Research Triangle Park,2024-04-22,1.9656881802250101,0.9186991869918699,1.805876133052245,1.0,2024-04,Q2 2024
Haven at Research Triangle Park,2024-04-23,1.9566061211525985,0.9159891598915989,1.7922299971533286,1.0,2024-04,Q2 2024
Haven at Research Triangle Park,2024-04-24,1.9566061211525985,0.9159891598915989,1.7922299971533286,1.0,2024-04,Q2 2024
Haven at Research Triangle Park,2024-04-25,1.9413645290182715,0.9132791327913279,1.7730077134936517,1.0,2024-04,Q2 2024
Haven at Research Triangle Park,2024-04-26,1.9413645290182715,0.9186991869918699,1.7835300144639405,1.0,2024-04,Q2 2024
Haven at Research Triangle Park,2024-04-27,1.939086964314457,0.9159891598915989,1.7761826393991502,1.0,2024-04,Q2 2024
Haven at Research Triangle Park,2024-04-28,1.939086964314457,0.9159891598915989,1.7761826393991502,1.0,2024-04,Q2 2024
Haven at Research Triangle Park,2024-04-29,1.939086964314457,0.9159891598915989,1.7761826393991502,1.0,2024-04,Q2 2024
Haven at Research Triangle Park,2024-04-30,1.939086964314457,0.9159891598915989,1.7761826393991502,1.0,2024-04,Q2 2024
Haven at Research Triangle Park,2024-05-01,1.9404086617113694,0.9159891598915989,1.777393299887379,1.0,2024-05,Q2 2024
Haven at Research Triangle Park,2024-05-02,1.9404086617113694,0.9186991869918699,1.7826518599462173,1.0,2024-05,Q2 2024
Haven at Research Triangle Park,2024-05-03,1.9326492469845202,0.9186991869918699,1.7755232919451283,1.0,2024-05,Q2 2024
Haven at Research Triangle Park,2024-05-04,1.9326492469845202,0.9214092140921409,1.7807608237797747,1.0,2024-05,Q2 2024
Haven at Research Triangle Park,2024-05-05,1.9326492469845202,0.9159891598915989,1.770285760110482,1.0,2024-05,Q2 2024
Haven at Research Triangle Park,2024-05-06,1.9130773200971605,0.9159891598915989,1.7523580872434694,1.0,2024-05,Q2 2024
Haven at Research Triangle Park,2024-05-07,1.9130773200971605,0.924119241192412,1.767911561390601,1.0,2024-05,Q2 2024
Haven at Research Triangle Park,2024-05-08,1.9130773200971605,0.924119241192412,1.767911561390601,1.0,2024-05,Q2 2024
Haven at Research Triangle Park,2024-05-09,1.9130773200971605,0.924119241192412,1.767911561390601,1.0,2024-05,Q2 2024
Haven at Research Triangle Park,2024-05-10,1.9130773200971605,0.9214092140921409,1.7627270700082238,1.0,2024-05,Q2 2024
Haven at Research Triangle Park,2024-05-11,1.9130773200971605,0.9159891598915989,1.7523580872434694,1.0,2024-05,Q2 2024
Haven at Research Triangle Park,2024-05-12,1.9090501584876225,0.9159891598915989,1.7486692508640012,1.0,2024-05,Q2 2024
Haven at Research Triangle Park,2024-05-13,1.9090501584876225,0.9186991869918699,1.7538428285292793,1.0,2024-05,Q2 2024
Haven at Research Triangle Park,2024-05-14,1.9072909153795972,0.9186991869918699,1.7522266133162152,1.0,2024-05,Q2 2024
Haven at Research Triangle Park,2024-05-15,1.9335906519290176,0.9214092140921409,1.7816282429698265,1.0,2024-05,Q2 2024
Haven at Research Triangle Park,2024-05-16,1.9335906519290176,0.929539295392954,1.7973484921725016,1.0,2024-05,Q2 2024
Haven at Research Triangle Park,2024-05-17,1.9227647896795852,0.924119241192412,1.7768639384301859,1.0,2024-05,Q2 2024
Haven at Research Triangle Park,2024-05-18,1.955812272043381,0.926829268292683,1.8127040570158166,1.0,2024-05,Q2 2024
Haven at Research Triangle Park,2024-05-19,1.955812272043381,0.929539295392954,1.8180043612760968,1.0,2024-05,Q2 2024
Haven at Research Triangle Park,2024-05-20,1.947733749090546,0.926829268292683,1.805216645498555,1.0,2024-05,Q2 2024
Haven at Research Triangle Park,2024-05-21,1.93978848830324,0.929539295392954,1.803109624628757,1.0,2024-05,Q2 2024
Haven at Research Triangle Park,2024-05-22,1.93978848830324,0.9322493224932249,1.8083665040008523,1.0,2024-05,Q2 2024
Haven at Research Triangle Park,2024-05-23,1.93978848830324,0.9322493224932249,1.8083665040008523,1.0,2024-05,Q2 2024
Haven at Research Triangle Park,2024-05-24,1.9343743186300082,0.9214092140921409,1.7823503206888964,1.0,2024-05,Q2 2024
Haven at Research Triangle Park,2024-05-25,1.9313365188345153,0.924119241192412,1.7847852382725466,1.0,2024-05,Q2 2024
Haven at Research Triangle Park,2024-05-26,1.9308886366107076,0.9214092140921409,1.7791385811589175,1.0,2024-05,Q2 2024
Haven at Research Triangle Park,2024-05-27,1.9308886366107076,0.924119241192412,1.784371341691738,1.0,2024-05,Q2 2024
Haven at Research Triangle Park,2024-05-28,1.9308886366107076,0.924119241192412,1.784371341691738,1.0,2024-05,Q2 2024
Haven at Research Triangle Park,2024-05-29,1.9159404921023693,0.9159891598915989,1.754980721763146,1.0,2024-05,Q2 2024
Haven at Research Triangle Park,2024-05-30,1.9159404921023693,0.926829268292683,1.775749724387562,1.0,2024-05,Q2 2024
Haven at Research Triangle Park,2024-05-31,1.9159404921023693,0.926829268292683,1.775749724387562,1.0,2024-05,Q2 2024
Haven at Research Triangle Park,2024-06-01,1.9159404921023693,0.926829268292683,1.775749724387562,1.0,2024-06,Q2 2024
Haven at Research Triangle Park,2024-06-02,1.9159404921023693,0.926829268292683,1.775749724387562,1.0,2024-06,Q2 2024
Haven at Research Triangle Park,2024-06-03,1.9159404921023693,0.926829268292683,1.775749724387562,1.0,2024-06,Q2 2024
Haven at Research Triangle Park,2024-06-04,1.9131261959803865,0.926829268292683,1.7731413523720656,1.0,2024-06,Q2 2024
Haven at Research Triangle Park,2024-06-05,1.9131261959803865,0.924119241192412,1.7679567285347204,1.0,2024-06,Q2 2024
Haven at Research Triangle Park,2024-06-06,1.911597439511085,0.924119241192412,1.7665439752663417,1.0,2024-06,Q2 2024
Haven at Research Triangle Park,2024-06-07,1.911597439511085,0.926829268292683,1.7717244561322252,1.0,2024-06,Q2 2024
Haven at Research Triangle Park,2024-06-08,1.911597439511085,0.926829268292683,1.7717244561322252,1.0,2024-06,Q2 2024
Haven at Research Triangle Park,2024-06-09,1.911597439511085,0.926829268292683,1.7717244561322252,1.0,2024-06,Q2 2024
Haven at Research Triangle Park,2024-06-10,1.911597439511085,0.926829268292683,1.7717244561322252,1.0,2024-06,Q2 2024
Haven at Research Triangle Park,2024-06-11,1.911597439511085,0.9214092140921409,1.761363494400458,1.0,2024-06,Q2 2024
Haven at Research Triangle Park,2024-06-12,1.911597439511085,0.9214092140921409,1.761363494400458,1.0,2024-06,Q2 2024
Haven at Research Triangle Park,2024-06-13,1.9071676786739884,0.9214092140921409,1.7572818719489325,1.0,2024-06,Q2 2024
Haven at Research Triangle Park,2024-06-14,1.9453096554008353,0.924119241192412,1.7976980826332922,1.0,2024-06,Q2 2024
Haven at Research Triangle Park,2024-06-15,1.9453096554008353,0.926829268292683,1.8029699245178474,1.0,2024-06,Q2 2024
Haven at Research Triangle Park,2024-06-16,1.9453096554008353,0.926829268292683,1.8029699245178474,1.0,2024-06,Q2 2024
Haven at Research Triangle Park,2024-06-17,1.9453096554008353,0.926829268292683,1.8029699245178474,1.0,2024-06,Q2 2024
Haven at Research Triangle Park,2024-06-18,1.9453096554008353,0.924119241192412,1.7976980826332922,1.0,2024-06,Q2 2024
Haven at Research Triangle Park,2024-06-19,1.9428675536493356,0.9214092140921409,1.790176065693155,1.0,2024-06,Q2 2024
Haven at Research Triangle Park,2024-06-20,1.9408377443086955,0.924119241192412,1.7935655035481441,1.0,2024-06,Q2 2024
Haven at Research Triangle Park,2024-06-21,1.9408377443086955,0.926829268292683,1.7988252264324496,1.0,2024-06,Q2 2024
Haven at Research Triangle Park,2024-06-22,1.9408377443086955,0.924119241192412,1.7935655035481441,1.0,2024-06,Q2 2024
Haven at Research Triangle Park,2024-06-23,1.9408377443086955,0.924119241192412,1.7935655035481441,1.0,2024-06,Q2 2024
Haven at Research Triangle Park,2024-06-24,1.9408377443086955,0.924119241192412,1.7935655035481441,1.0,2024-06,Q2 2024
Haven at Research Triangle Park,2024-06-25,1.9408377443086955,0.924119241192412,1.7935655035481441,1.0,2024-06,Q2 2024
Haven at Research Triangle Park,2024-06-26,1.9390015843570492,0.9214092140921409,1.786613925965845,1.0,2024-06,Q2 2024
Haven at Research Triangle Park,2024-06-27,1.9334813263732646,0.924119241192412,1.7867672961877594,1.0,2024-06,Q2 2024
Haven at Research Triangle Park,2024-06-28,1.9320118968688242,0.9214092140921409,1.7801735635105698,1.0,2024-06,Q2 2024
Haven at Research Triangle Park,2024-06-29,1.9320118968688242,0.924119241192412,1.7854093681091303,1.0,2024-06,Q2 2024
Haven at Research Triangle Park,2024-06-30,1.9320118968688242,0.924119241192412,1.7854093681091303,1.0,2024-06,Q2 2024
Haven at Research Triangle Park,2024-07-01,1.9320118968688242,0.924119241192412,1.7854093681091303,1.0,2024-07,Q3 2024
Haven at Research Triangle Park,2024-07-02,1.9320118968688242,0.9186991869918699,1.7749377589120092,1.0,2024-07,Q3 2024
Haven at Research Triangle Park,2024-07-03,1.9320118968688242,0.9186991869918699,1.7749377589120092,1.0,2024-07,Q3 2024
Haven at Research Triangle Park,2024-07-04,1.9320118968688242,0.9186991869918699,1.7749377589120092,1.0,2024-07,Q3 2024
Haven at Research Triangle Park,2024-07-05,1.9320118968688242,0.9186991869918699,1.7749377589120092,1.0,2024-07,Q3 2024
Haven at Research Triangle Park,2024-07-06,1.9293768048856748,0.9159891598915989,1.7672882386215665,1.0,2024-07,Q3 2024
Haven at Research Triangle Park,2024-07-07,1.9293768048856748,0.9186991869918699,1.7725169020494411,1.0,2024-07,Q3 2024
Haven at Research Triangle Park,2024-07-08,1.9293768048856748,0.9186991869918699,1.7725169020494411,1.0,2024-07,Q3 2024
Haven at Research Triangle Park,2024-07-09,1.957187086979734,0.9159891598915989,1.7927621555532522,1.0,2024-07,Q3 2024
Haven at Research Triangle Park,2024-07-10,1.9520390881696277,0.9214092140921409,1.798626802107516,1.0,2024-07,Q3 2024
Haven at Research Triangle Park,2024-07-11,1.9474039876963958,0.924119241192412,1.7996334954050703,1.0,2024-07,Q3 2024
Haven at Research Triangle Park,2024-07-12,1.9794314071643344,0.926829268292683,1.8345949627376759,1.0,2024-07,Q3 2024
Haven at Research Triangle Park,2024-07-13,1.9794314071643344,0.929539295392954,1.839959275494219,1.0,2024-07,Q3 2024
Haven at Research Triangle Park,2024-07-14,1.9794314071643344,0.929539295392954,1.839959275494219,1.0,2024-07,Q3 2024
Haven at Research Triangle Park,2024-07-15,2.0145485379225843,0.929539295392954,1.8726020284754645,1.0,2024-07,Q3 2024
Haven at Research Triangle Park,2024-07-16,2.0145485379225843,0.9322493224932249,1.878061509608046,1.0,2024-07,Q3 2024
Haven at Research Triangle Park,2024-07-17,2.013312076070181,0.929539295392954,1.8714526885964013,1.0,2024-07,Q3 2024
Haven at Research Triangle Park,2024-07-18,2.013312076070181,0.929539295392954,1.8714526885964013,1.0,2024-07,Q3 2024
Haven at Research Triangle Park,2024-07-19,2.0085782892013095,0.926829268292683,1.8616091460890187,1.0,2024-07,Q3 2024
Haven at Research Triangle Park,2024-07-20,2.0085782892013095,0.929539295392954,1.8670524476857702,1.0,2024-07,Q3 2024
Haven at Research Triangle Park,2024-07-21,2.0085782892013095,0.929539295392954,1.8670524476857702,1.0,2024-07,Q3 2024
Haven at Research Triangle Park,2024-07-22,2.0085782892013095,0.929539295392954,1.8670524476857702,1.0,2024-07,Q3 2024
Haven at Research Triangle Park,2024-07-23,2.006855069623916,0.929539295392954,1.8654506473739922,1.0,2024-07,Q3 2024
Haven at Research Triangle Park,2024-07-24,2.006855069623916,0.9349593495934959,1.8763279106239863,1.0,2024-07,Q3 2024
Haven at Research Triangle Park,2024-07-25,1.9991997304216018,0.9349593495934959,1.8691704796624733,1.0,2024-07,Q3 2024
Haven at Research Triangle Park,2024-07-26,1.9991997304216018,0.943089430894309,1.8854241360073645,1.0,2024-07,Q3 2024
Haven at Research Triangle Park,2024-07-27,1.9991997304216018,0.943089430894309,1.8854241360073645,1.0,2024-07,Q3 2024
Haven at Research Triangle Park,2024-07-28,1.9991997304216018,0.943089430894309,1.8854241360073645,1.0,2024-07,Q3 2024
Haven at Research Triangle Park,2024-07-29,1.9991997304216018,0.943089430894309,1.8854241360073645,1.0,2024-07,Q3 2024
Haven at Research Triangle Park,2024-07-30,1.9991997304216018,0.940379403794038,1.8800062505590673,1.0,2024-07,Q3 2024
Haven at Research Triangle Park,2024-07-31,1.9991997304216018,0.9349593495934959,1.8691704796624733,1.0,2024-07,Q3 2024
Haven at Research Triangle Park,2024-08-01,1.9991997304216018,0.9349593495934959,1.8691704796624733,1.0,2024-08,Q3 2024
Haven at Research Triangle Park,2024-08-02,1.9988994960990865,0.9349593495934959,1.8688897727755687,1.0,2024-08,Q3 2024
Haven at Research Triangle Park,2024-08-03,1.9988994960990865,0.9322493224932249,1.863472700970422,1.0,2024-08,Q3 2024
Haven at Research Triangle Park,2024-08-04,1.9988994960990865,0.9322493224932249,1.863472700970422,1.0,2024-08,Q3 2024
Haven at Research Triangle Park,2024-08-05,1.9988994960990865,0.9322493224932249,1.863472700970422,1.0,2024-08,Q3 2024
Haven at Research Triangle Park,2024-08-06,1.9988994960990865,0.929539295392954,1.8580556291652757,1.0,2024-08,Q3 2024
Haven at Research Triangle Park,2024-08-07,1.9988994960990865,0.929539295392954,1.8580556291652757,1.0,2024-08,Q3 2024
Haven at Research Triangle Park,2024-08-08,2.0322444596087705,0.929539295392954,1.889051083050971,1.0,2024-08,Q3 2024
Haven at Research Triangle Park,2024-08-09,2.0322444596087705,0.9349593495934959,1.9000659581708017,1.0,2024-08,Q3 2024
Haven at Research Triangle Park,2024-08-10,2.0322444596087705,0.9349593495934959,1.9000659581708017,1.0,2024-08,Q3 2024
Haven at Research Triangle Park,2024-08-11,2.0322444596087705,0.9349593495934959,1.9000659581708017,1.0,2024-08,Q3 2024
Haven at Research Triangle Park,2024-08-12,2.0271858465148767,0.9349593495934959,1.8953363605626896,1.0,2024-08,Q3 2024
Haven at Research Triangle Park,2024-08-13,2.0271858465148767,0.9376693766937669,1.9008300891440306,1.0,2024-08,Q3 2024
Haven at Research Triangle Park,2024-08-14,2.0271858465148767,0.9349593495934959,1.8953363605626896,1.0,2024-08,Q3 2024
Haven at Research Triangle Park,2024-08-15,2.0271858465148767,0.9322493224932249,1.8898426319813484,1.0,2024-08,Q3 2024
Haven at Research Triangle Park,2024-08-16,2.0271858465148767,0.929539295392954,1.8843489034000074,1.0,2024-08,Q3 2024
Haven at Research Triangle Park,2024-08-17,2.0271858465148767,0.929539295392954,1.8843489034000074,1.0,2024-08,Q3 2024
Haven at Research Triangle Park,2024-08-18,2.0271858465148767,0.929539295392954,1.8843489034000074,1.0,2024-08,Q3 2024
Haven at Research Triangle Park,2024-08-19,2.0271858465148767,0.929539295392954,1.8843489034000074,1.0,2024-08,Q3 2024
Haven at Research Triangle Park,2024-08-20,2.0271858465148767,0.929539295392954,1.8843489034000074,1.0,2024-08,Q3 2024
Haven at Research Triangle Park,2024-08-21,2.0271858465148767,0.926829268292683,1.8788551748186662,1.0,2024-08,Q3 2024
Haven at Research Triangle Park,2024-08-22,2.0271858465148767,0.926829268292683,1.8788551748186662,1.0,2024-08,Q3 2024
Haven at Research Triangle Park,2024-08-23,2.0271858465148767,0.924119241192412,1.8733614462373251,1.0,2024-08,Q3 2024
Haven at Research Triangle Park,2024-08-24,2.0271858465148767,0.924119241192412,1.8733614462373251,1.0,2024-08,Q3 2024
Haven at Research Triangle Park,2024-08-25,2.0271858465148767,0.924119241192412,1.8733614462373251,1.0,2024-08,Q3 2024
Haven at Research Triangle Park,2024-08-26,2.0271858465148767,0.924119241192412,1.8733614462373251,1.0,2024-08,Q3 2024
Haven at Research Triangle Park,2024-08-27,2.0271858465148767,0.924119241192412,1.8733614462373251,1.0,2024-08,Q3 2024
Haven at Research Triangle Park,2024-08-28,2.0271858465148767,0.924119241192412,1.8733614462373251,1.0,2024-08,Q3 2024
Haven at Research Triangle Park,2024-08-29,2.0271858465148767,0.9186991869918699,1.8623739890746427,1.0,2024-08,Q3 2024
Haven at Research Triangle Park,2024-08-30,2.0271858465148767,0.9186991869918699,1.8623739890746427,1.0,2024-08,Q3 2024
Haven at Research Triangle Park,2024-08-31,2.0271858465148767,0.9132791327913279,1.8513865319119605,1.0,2024-08,Q3 2024
Haven at Research Triangle Park,2024-09-01,2.0271858465148767,0.9132791327913279,1.8513865319119605,1.0,2024-09,Q3 2024
Haven at Research Triangle Park,2024-09-02,2.0271858465148767,0.9132791327913279,1.8513865319119605,1.0,2024-09,Q3 2024
Haven at Research Triangle Park,2024-09-03,2.0271858465148767,0.9132791327913279,1.8513865319119605,1.0,2024-09,Q3 2024
Haven at Research Triangle Park,2024-09-04,2.0271858465148767,0.9132791327913279,1.8513865319119605,1.0,2024-09,Q3 2024
Haven at Research Triangle Park,2024-09-05,2.0171697134592392,0.9024390243902439,1.8203726682437038,1.0,2024-09,Q3 2024
Haven at Research Triangle Park,2024-09-06,2.0171697134592392,0.9024390243902439,1.8203726682437038,1.0,2024-09,Q3 2024
Haven at Research Triangle Park,2024-09-07,2.014109022289641,0.9024390243902439,1.8176105810906518,1.0,2024-09,Q3 2024
Haven at Research Triangle Park,2024-09-08,2.014109022289641,0.9024390243902439,1.8176105810906518,1.0,2024-09,Q3 2024
Haven at Research Triangle Park,2024-09-09,2.0076037648320084,0.9024390243902439,1.8117399828971783,1.0,2024-09,Q3 2024
Haven at Research Triangle Park,2024-09-10,2.0076037648320084,0.9024390243902439,1.8117399828971783,1.0,2024-09,Q3 2024
Haven at Research Triangle Park,2024-09-11,2.029973824909185,0.9024390243902439,1.8319275980887768,1.0,2024-09,Q3 2024
Haven at Research Triangle Park,2024-09-12,2.0516773920155766,0.9051490514905149,1.8570738453474327,1.0,2024-09,Q3 2024
Haven at Research Triangle Park,2024-09-13,2.0516773920155766,0.9105691056910569,1.8681940480141834,1.0,2024-09,Q3 2024
Haven at Research Triangle Park,2024-09-14,2.0516773920155766,0.9078590785907859,1.862633946680808,1.0,2024-09,Q3 2024
Haven at Research Triangle Park,2024-09-15,2.0516773920155766,0.9078590785907859,1.862633946680808,1.0,2024-09,Q3 2024
Haven at Research Triangle Park,2024-09-16,2.0516773920155766,0.9078590785907859,1.862633946680808,1.0,2024-09,Q3 2024
Haven at Research Triangle Park,2024-09-17,2.0516773920155766,0.9078590785907859,1.862633946680808,1.0,2024-09,Q3 2024
Haven at Research Triangle Park,2024-09-18,2.0516773920155766,0.9078590785907859,1.862633946680808,1.0,2024-09,Q3 2024
Haven at Research Triangle Park,2024-09-19,2.0516773920155766,0.9078590785907859,1.862633946680808,1.0,2024-09,Q3 2024
Haven at Research Triangle Park,2024-09-20,2.0516773920155766,0.9051490514905149,1.8570738453474327,1.0,2024-09,Q3 2024
Haven at Research Triangle Park,2024-09-21,2.0516773920155766,0.9051490514905149,1.8570738453474327,1.0,2024-09,Q3 2024
Haven at Research Triangle Park,2024-09-22,2.0516773920155766,0.9051490514905149,1.8570738453474327,1.0,2024-09,Q3 2024
Haven at Research Triangle Park,2024-09-23,2.0516773920155766,0.9051490514905149,1.8570738453474327,1.0,2024-09,Q3 2024
Haven at Research Triangle Park,2024-09-24,2.052554226445502,0.9051490514905149,1.8578675111999938,1.0,2024-09,Q3 2024
Haven at Research Triangle Park,2024-09-25,2.052554226445502,0.9078590785907859,1.8634299887784367,1.0,2024-09,Q3 2024
Haven at Research Triangle Park,2024-09-26,2.052554226445502,0.9051490514905149,1.8578675111999938,1.0,2024-09,Q3 2024
Haven at Research Triangle Park,2024-09-27,2.052554226445502,0.9051490514905149,1.8578675111999938,1.0,2024-09,Q3 2024
Haven at Research Triangle Park,2024-09-28,2.052554226445502,0.9051490514905149,1.8578675111999938,1.0,2024-09,Q3 2024
Haven at Research Triangle Park,2024-09-29,2.052554226445502,0.9051490514905149,1.8578675111999938,1.0,2024-09,Q3 2024
Haven at Research Triangle Park,2024-09-30,2.052554226445502,0.9051490514905149,1.8578675111999938,1.0,2024-09,Q3 2024
Haven at Research Triangle Park,2024-10-01,2.049499030826917,0.9051490514905149,1.8551021037837137,1.0,2024-10,Q4 2024
Haven at Research Triangle Park,2024-10-02,2.049499030826917,0.9051490514905149,1.8551021037837137,1.0,2024-10,Q4 2024
Haven at Research Triangle Park,2024-10-03,2.049499030826917,0.8997289972899729,1.8439937079526734,1.0,2024-10,Q4 2024
Haven at Research Triangle Park,2024-10-04,2.049499030826917,0.8997289972899729,1.8439937079526734,1.0,2024-10,Q4 2024
Haven at Research Triangle Park,2024-10-05,2.0680842944824063,0.8997289972899729,1.8607154085857964,1.0,2024-10,Q4 2024
Haven at Research Triangle Park,2024-10-06,2.0680842944824063,0.9024390243902439,1.8663199730694886,1.0,2024-10,Q4 2024
Haven at Research Triangle Park,2024-10-07,2.0680842944824063,0.9024390243902439,1.8663199730694886,1.0,2024-10,Q4 2024
Haven at Research Triangle Park,2024-10-08,2.0680842944824063,0.9024390243902439,1.8663199730694886,1.0,2024-10,Q4 2024
Haven at Research Triangle Park,2024-10-09,2.0680842944824063,0.8970189701897019,1.8551108441021043,1.0,2024-10,Q4 2024
Haven at Research Triangle Park,2024-10-10,2.0674752850722284,0.8970189701897019,1.8545645511081508,1.0,2024-10,Q4 2024
Haven at Research Triangle Park,2024-10-11,2.06312966964659,0.8997289972899729,1.8562575889503197,1.0,2024-10,Q4 2024
Haven at Research Triangle Park,2024-10-12,2.054736287557495,0.8970189701897019,1.8431374286762352,1.0,2024-10,Q4 2024
Haven at Research Triangle Park,2024-10-13,2.054736287557495,0.8997289972899729,1.8487058196994262,1.0,2024-10,Q4 2024
Haven at Research Triangle Park,2024-10-14,2.046487425313357,0.8997289972899729,1.841284079143725,1.0,2024-10,Q4 2024
Haven at Research Triangle Park,2024-10-15,2.046487425313357,0.8997289972899729,1.841284079143725,1.0,2024-10,Q4 2024
Haven at Research Triangle Park,2024-10-16,2.046487425313357,0.8970189701897019,1.835738042760762,1.0,2024-10,Q4 2024
Haven at Research Triangle Park,2024-10-17,2.046487425313357,0.8943089430894309,1.8301920063777988,1.0,2024-10,Q4 2024
Haven at Research Triangle Park,2024-10-18,2.0407381669766935,0.8943089430894309,1.8250503932311892,1.0,2024-10,Q4 2024
Haven at Research Triangle Park,2024-10-19,2.0407381669766935,0.8970189701897019,1.8305808489682536,1.0,2024-10,Q4 2024
Haven at Research Triangle Park,2024-10-20,2.0407381669766935,0.8970189701897019,1.8305808489682536,1.0,2024-10,Q4 2024
Haven at Research Triangle Park,2024-10-21,2.0407381669766935,0.8970189701897019,1.8305808489682536,1.0,2024-10,Q4 2024
Haven at Research Triangle Park,2024-10-22,2.0407381669766935,0.8970189701897019,1.8305808489682536,1.0,2024-10,Q4 2024
Haven at Research Triangle Park,2024-10-23,2.033479062550849,0.8970189701897019,1.8240692945916832,1.0,2024-10,Q4 2024
Haven at Research Triangle Park,2024-10-24,2.033479062550849,0.8943089430894309,1.8185585112243365,1.0,2024-10,Q4 2024
Haven at Research Triangle Park,2024-10-25,2.0316662465363335,0.8888888888888888,1.8059255524767408,1.0,2024-10,Q4 2024
Haven at Research Triangle Park,2024-10-26,2.0316662465363335,0.8888888888888888,1.8059255524767408,1.0,2024-10,Q4 2024
Haven at Research Triangle Park,2024-10-27,2.0316662465363335,0.8888888888888888,1.8059255524767408,1.0,2024-10,Q4 2024
Haven at Research Triangle Park,2024-10-28,2.0316662465363335,0.8888888888888888,1.8059255524767408,1.0,2024-10,Q4 2024
Haven at Research Triangle Park,2024-10-29,2.0316662465363335,0.8888888888888888,1.8059255524767408,1.0,2024-10,Q4 2024
Haven at Research Triangle Park,2024-10-30,2.0316662465363335,0.8861788617886179,1.8004196818899216,1.0,2024-10,Q4 2024
Haven at Research Triangle Park,2024-10-31,2.0307058502711373,0.8807588075880759,1.7885620632469366,1.0,2024-10,Q4 2024
Haven at Research Triangle Park,2024-11-01,2.028694087521462,0.8807588075880759,1.7867901854863824,1.0,2024-11,Q4 2024
Haven at Research Triangle Park,2024-11-02,2.0247505015348772,0.8834688346883469,1.788803966125664,1.0,2024-11,Q4 2024
Haven at Research Triangle Park,2024-11-03,2.0247505015348772,0.8888888888888888,1.7997782235865574,1.0,2024-11,Q4 2024
Haven at Research Triangle Park,2024-11-04,2.0247505015348772,0.8888888888888888,1.7997782235865574,1.0,2024-11,Q4 2024
Haven at Research Triangle Park,2024-11-05,2.0247505015348772,0.8888888888888888,1.7997782235865574,1.0,2024-11,Q4 2024
Haven at Research Triangle Park,2024-11-06,2.0240454764799476,0.8888888888888888,1.7991515346488423,1.0,2024-11,Q4 2024
Haven at Research Triangle Park,2024-11-07,2.0129510112518574,0.8888888888888888,1.7892897877794287,1.0,2024-11,Q4 2024
Haven at Research Triangle Park,2024-11-08,1.9966024185516673,0.8888888888888888,1.7747577053792598,1.0,2024-11,Q4 2024
Haven at Research Triangle Park,2024-11-09,1.9925656913549612,0.8970189701897019,1.7873692244945587,1.0,2024-11,Q4 2024
Haven at Research Triangle Park,2024-11-10,1.9925656913549612,0.8997289972899729,1.792769131517201,1.0,2024-11,Q4 2024
Haven at Research Triangle Park,2024-11-11,1.9925656913549612,0.8997289972899729,1.792769131517201,1.0,2024-11,Q4 2024
Haven at Research Triangle Park,2024-11-12,1.9925656913549612,0.8997289972899729,1.792769131517201,1.0,2024-11,Q4 2024
Haven at Research Triangle Park,2024-11-13,1.98488304621443,0.8997289972899729,1.7858568329083762,1.0,2024-11,Q4 2024
Haven at Research Triangle Park,2024-11-14,1.9778875738678596,0.9024390243902439,1.7849229325148979,1.0,2024-11,Q4 2024
Haven at Research Triangle Park,2024-11-15,1.9752502644250318,0.9105691056910569,1.7986018667935249,1.0,2024-11,Q4 2024
Haven at Research Triangle Park,2024-11-16,1.9752502644250318,0.9105691056910569,1.7986018667935249,1.0,2024-11,Q4 2024
Haven at Research Triangle Park,2024-11-17,1.9732699588059146,0.9105691056910569,1.7967986616769303,1.0,2024-11,Q4 2024
Haven at Research Triangle Park,2024-11-18,1.9732699588059146,0.9159891598915989,1.8074938918059598,1.0,2024-11,Q4 2024
Haven at Research Triangle Park,2024-11-19,1.9695821523585937,0.9159891598915989,1.8041159010764354,1.0,2024-11,Q4 2024
Haven at Research Triangle Park,2024-11-20,1.9687344450761266,0.9186991869918699,1.8086747340943277,1.0,2024-11,Q4 2024
Haven at Research Triangle Park,2024-11-21,1.967928438585778,0.9186991869918699,1.8079342565869343,1.0,2024-11,Q4 2024
Haven at Research Triangle Park,2024-11-22,1.967928438585778,0.9214092140921409,1.8132673959868957,1.0,2024-11,Q4 2024
Haven at Research Triangle Park,2024-11-23,1.961601410915149,0.9186991869918699,1.8021216214098523,1.0,2024-11,Q4 2024
Haven at Research Triangle Park,2024-11-24,1.961601410915149,0.9214092140921409,1.8074376143933621,1.0,2024-11,Q4 2024
Haven at Research Triangle Park,2024-11-25,1.98289880892277,0.9214092140921409,1.827061233153772,1.0,2024-11,Q4 2024
Haven at Research Triangle Park,2024-11-26,1.9788695493071529,0.9214092140921409,1.823348636217973,1.0,2024-11,Q4 2024
Haven at Research Triangle Park,2024-11-27,1.9739213618087412,0.929539295392954,1.8348374718167975,1.0,2024-11,Q4 2024
Haven at Research Triangle Park,2024-11-28,1.9739213618087412,0.9376693766937669,1.850885612969714,1.0,2024-11,Q4 2024
Haven at Research Triangle Park,2024-11-29,1.9739213618087412,0.9376693766937669,1.850885612969714,1.0,2024-11,Q4 2024
Haven at Research Triangle Park,2024-11-30,1.9739213618087412,0.9376693766937669,1.850885612969714,1.0,2024-11,Q4 2024
Haven at Research Triangle Park,2024-12-01,1.9675651379355568,0.9376693766937669,1.844925576492419,1.0,2024-12,Q4 2024
Haven at Research Triangle Park,2024-12-02,1.9675651379355568,0.94579945799458,1.8609220410284806,1.0,2024-12,Q4 2024
Haven at Research Triangle Park,2024-12-03,1.961992859236408,0.94579945799458,1.855651782855031,1.0,2024-12,Q4 2024
Haven at Research Triangle Park,2024-12-04,1.961992859236408,0.94579945799458,1.855651782855031,1.0,2024-12,Q4 2024
Haven at Research Triangle Park,2024-12-05,1.9823116941044465,0.94579945799458,1.874869325860303,1.0,2024-12,Q4 2024
Haven at Research Triangle Park,2024-12-06,1.9823116941044465,0.948509485094851,1.8802414442725104,1.0,2024-12,Q4 2024
Haven at Research Triangle Park,2024-12-07,1.9808813172662112,0.948509485094851,1.8788847182741841,1.0,2024-12,Q4 2024
Haven at Research Triangle Park,2024-12-08,1.9808813172662112,0.9512195121951219,1.884252960326396,1.0,2024-12,Q4 2024
Haven at Research Triangle Park,2024-12-09,1.9808813172662112,0.9512195121951219,1.884252960326396,1.0,2024-12,Q4 2024
Haven at Research Triangle Park,2024-12-10,1.9808813172662112,0.9512195121951219,1.884252960326396,1.0,2024-12,Q4 2024
Haven at Research Triangle Park,2024-12-11,1.9808813172662112,0.948509485094851,1.8788847182741841,1.0,2024-12,Q4 2024
Haven at Research Triangle Park,2024-12-12,1.9791143562875324,0.948509485094851,1.877208739026115,1.0,2024-12,Q4 2024
Haven at Research Triangle Park,2024-12-13,1.9791143562875324,0.9512195121951219,1.8825721925661894,1.0,2024-12,Q4 2024
Haven at Research Triangle Park,2024-12-14,1.9975159864985312,0.9512195121951219,1.9000761822790906,1.0,2024-12,Q4 2024
Haven at Research Triangle Park,2024-12-15,1.9975159864985312,0.9512195121951219,1.9000761822790906,1.0,2024-12,Q4 2024
Haven at Research Triangle Park,2024-12-16,1.9957141562766987,0.9512195121951219,1.8983622462144205,1.0,2024-12,Q4 2024
Haven at Research Triangle Park,2024-12-17,1.9957141562766987,0.9539295392953929,1.9037706856623249,1.0,2024-12,Q4 2024
Haven at Research Triangle Park,2024-12-18,1.9957141562766987,0.9539295392953929,1.9037706856623249,1.0,2024-12,Q4 2024
Haven at Research Triangle Park,2024-12-19,1.9957141562766987,0.9539295392953929,1.9037706856623249,1.0,2024-12,Q4 2024
Haven at Research Triangle Park,2024-12-20,1.9899228107053089,0.9512195121951219,1.8928534053050499,1.0,2024-12,Q4 2024
Haven at Research Triangle Park,2024-12-21,1.9899228107053089,0.9512195121951219,1.8928534053050499,1.0,2024-12,Q4 2024
Haven at Research Triangle Park,2024-12-22,1.9899228107053089,0.9512195121951219,1.8928534053050499,1.0,2024-12,Q4 2024
Haven at Research Triangle Park,2024-12-23,1.9899228107053089,0.9512195121951219,1.8928534053050499,1.0,2024-12,Q4 2024
Haven at Research Triangle Park,2024-12-24,1.9899228107053089,0.9512195121951219,1.8928534053050499,1.0,2024-12,Q4 2024
Haven at Research Triangle Park,2024-12-25,1.9899228107053089,0.9512195121951219,1.8928534053050499,1.0,2024-12,Q4 2024
Haven at Research Triangle Park,2024-12-26,1.9899228107053089,0.9512195121951219,1.8928534053050499,1.0,2024-12,Q4 2024
Haven at Research Triangle Park,2024-12-27,1.9862738774658273,0.948509485094851,1.883999612772465,1.0,2024-12,Q4 2024
Haven at Research Triangle Park,2024-12-28,1.9862738774658273,0.94579945799458,1.8786167567359722,1.0,2024-12,Q4 2024
Haven at Research Triangle Park,2024-12-29,1.9809610674299714,0.94579945799458,1.8735919038836315,1.0,2024-12,Q4 2024
Haven at Research Triangle Park,2024-12-30,1.9799915992348787,0.948509485094851,1.8780408122824053,1.0,2024-12,Q4 2024
Haven at Research Triangle Park,2024-12-31,1.9799915992348787,0.9512195121951219,1.8834066431746406,1.0,2024-12,Q4 2024
Haven at Research Triangle Park,2025-01-01,1.9771890824923875,0.9512195121951219,1.8807408345659293,1.0,2025-01,Q1 2025
Haven at Research Triangle Park,2025-01-02,1.977034704620493,0.9512195121951219,1.8805939873219324,1.0,2025-01,Q1 2025
Haven at Research Triangle Park,2025-01-03,1.997477732114974,0.9512195121951219,1.9000397939630238,1.0,2025-01,Q1 2025
Haven at Research Triangle Park,2025-01-04,1.997477732114974,0.9539295392953929,1.9054530127492433,1.0,2025-01,Q1 2025
Haven at Research Triangle Park,2025-01-05,1.997477732114974,0.9539295392953929,1.9054530127492433,1.0,2025-01,Q1 2025
Haven at Research Triangle Park,2025-01-06,1.997477732114974,0.9539295392953929,1.9054530127492433,1.0,2025-01,Q1 2025
Haven at Research Triangle Park,2025-01-07,1.991912519054274,0.9539295392953929,1.9001441916181692,1.0,2025-01,Q1 2025
Haven at Research Triangle Park,2025-01-08,1.991912519054274,0.959349593495935,1.9109404654341815,1.0,2025-01,Q1 2025
Haven at Research Triangle Park,2025-01-09,1.991912519054274,0.9539295392953929,1.9001441916181692,1.0,2025-01,Q1 2025
Haven at Research Triangle Park,2025-01-10,2.01148889789057,0.9539295392953929,1.9188186776625489,1.0,2025-01,Q1 2025
Haven at Research Triangle Park,2025-01-11,2.01148889789057,0.9512195121951219,1.9133674882373712,1.0,2025-01,Q1 2025
Haven at Research Triangle Park,2025-01-12,2.01148889789057,0.948509485094851,1.9079162988121938,1.0,2025-01,Q1 2025
Haven at Research Triangle Park,2025-01-13,2.01148889789057,0.948509485094851,1.9079162988121938,1.0,2025-01,Q1 2025
Haven at Research Triangle Park,2025-01-14,2.01148889789057,0.94579945799458,1.902465109387016,1.0,2025-01,Q1 2025
Haven at Research Triangle Park,2025-01-15,2.01148889789057,0.940379403794038,1.8915627305366605,1.0,2025-01,Q1 2025
Haven at Research Triangle Park,2025-01-16,2.01148889789057,0.940379403794038,1.8915627305366605,1.0,2025-01,Q1 2025
Haven at Research Triangle Park,2025-01-17,2.01148889789057,0.9349593495934959,1.8806603516863052,1.0,2025-01,Q1 2025
Haven at Research Triangle Park,2025-01-18,2.01148889789057,0.9322493224932249,1.8752091622611273,1.0,2025-01,Q1 2025
Haven at Research Triangle Park,2025-01-19,2.01148889789057,0.9322493224932249,1.8752091622611273,1.0,2025-01,Q1 2025
Haven at Research Triangle Park,2025-01-20,2.01148889789057,0.9322493224932249,1.8752091622611273,1.0,2025-01,Q1 2025
Haven at Research Triangle Park,2025-01-21,2.01148889789057,0.9322493224932249,1.8752091622611273,1.0,2025-01,Q1 2025
Haven at Research Triangle Park,2025-01-22,2.01148889789057,0.929539295392954,1.86975797283595,1.0,2025-01,Q1 2025
Haven at Research Triangle Park,2025-01-23,2.01148889789057,0.929539295392954,1.86975797283595,1.0,2025-01,Q1 2025
Haven at Research Triangle Park,2025-01-24,2.01148889789057,0.926829268292683,1.864306783410772,1.0,2025-01,Q1 2025
Haven at Research Triangle Park,2025-01-25,2.01148889789057,0.926829268292683,1.864306783410772,1.0,2025-01,Q1 2025
Haven at Research Triangle Park,2025-01-26,2.0104609170903047,0.926829268292683,1.8633540207178434,1.0,2025-01,Q1 2025
Haven at Research Triangle Park,2025-01-27,2.0104609170903047,0.9322493224932249,1.8742508278565442,1.0,2025-01,Q1 2025
Haven at Research Triangle Park,2025-01-28,2.0104609170903047,0.9322493224932249,1.8742508278565442,1.0,2025-01,Q1 2025
Haven at Research Triangle Park,2025-01-29,2.0044781918841204,0.929539295392954,1.8632412461145076,1.0,2025-01,Q1 2025
Haven at Research Triangle Park,2025-01-30,1.9997032442941356,0.926829268292683,1.8533834947116379,1.0,2025-01,Q1 2025
Haven at Research Triangle Park,2025-01-31,1.9997032442941356,0.929539295392954,1.858802744696175,1.0,2025-01,Q1 2025
Haven at Research Triangle Park,2025-02-01,1.9997032442941356,0.924119241192412,1.847964244727101,1.0,2025-02,Q1 2025
Haven at Research Triangle Park,2025-02-02,1.9997032442941356,0.924119241192412,1.847964244727101,1.0,2025-02,Q1 2025
Haven at Research Triangle Park,2025-02-03,1.9997032442941356,0.924119241192412,1.847964244727101,1.0,2025-02,Q1 2025
Haven at Research Triangle Park,2025-02-04,1.9997032442941356,0.924119241192412,1.847964244727101,1.0,2025-02,Q1 2025
Haven at Research Triangle Park,2025-02-05,1.9983053037753988,0.924119241192412,1.8466723809956938,1.0,2025-02,Q1 2025
Haven at Research Triangle Park,2025-02-06,1.9983053037753988,0.926829268292683,1.8520878425235405,1.0,2025-02,Q1 2025
Haven at Research Triangle Park,2025-02-07,1.9983053037753988,0.926829268292683,1.8520878425235405,1.0,2025-02,Q1 2025
Haven at Research Triangle Park,2025-02-08,1.9983053037753988,0.926829268292683,1.8520878425235405,1.0,2025-02,Q1 2025
Haven at Research Triangle Park,2025-02-09,1.9983053037753988,0.926829268292683,1.8520878425235405,1.0,2025-02,Q1 2025
Haven at Research Triangle Park,2025-02-10,1.9983053037753988,0.926829268292683,1.8520878425235405,1.0,2025-02,Q1 2025
Haven at Research Triangle Park,2025-02-11,1.9989495855845079,0.926829268292683,1.8526849817612512,1.0,2025-02,Q1 2025
Haven at Research Triangle Park,2025-02-12,1.9989495855845079,0.929539295392954,1.8581021893102607,1.0,2025-02,Q1 2025
Haven at Research Triangle Park,2025-02-13,1.9989495855845079,0.929539295392954,1.8581021893102607,1.0,2025-02,Q1 2025
Haven at Research Triangle Park,2025-02-14,1.9989495855845079,0.929539295392954,1.8581021893102607,1.0,2025-02,Q1 2025
Haven at Research Triangle Park,2025-02-15,1.9989495855845079,0.929539295392954,1.8581021893102607,1.0,2025-02,Q1 2025
Haven at Research Triangle Park,2025-02-16,1.9989495855845079,0.929539295392954,1.8581021893102607,1.0,2025-02,Q1 2025
Haven at Research Triangle Park,2025-02-17,1.994909755892452,0.929539295392954,1.8543470088647998,1.0,2025-02,Q1 2025
Haven at Research Triangle Park,2025-02-18,1.994909755892452,0.9322493224932249,1.859753268365863,1.0,2025-02,Q1 2025
Haven at Research Triangle Park,2025-02-19,1.9945493333428288,0.9322493224932249,1.8594172646881655,1.0,2025-02,Q1 2025
Haven at Research Triangle Park,2025-02-20,1.9945493333428288,0.9349593495934959,1.864822547434352,1.0,2025-02,Q1 2025
Haven at Research Triangle Park,2025-02-21,1.9945493333428288,0.9349593495934959,1.864822547434352,1.0,2025-02,Q1 2025
Haven at Research Triangle Park,2025-02-22,1.9945493333428288,0.9349593495934959,1.864822547434352,1.0,2025-02,Q1 2025
Haven at Research Triangle Park,2025-02-23,1.9945493333428288,0.9349593495934959,1.864822547434352,1.0,2025-02,Q1 2025
Haven at Research Triangle Park,2025-02-24,1.9938581701006104,0.9349593495934959,1.8641763378989447,1.0,2025-02,Q1 2025
Haven at Research Triangle Park,2025-02-25,1.9938581701006104,0.9376693766937669,1.8695797475740141,1.0,2025-02,Q1 2025
Haven at Research Triangle Park,2025-02-26,1.9934679668742177,0.9349593495934959,1.8638115137441873,1.0,2025-02,Q1 2025
Haven at Research Triangle Park,2025-02-27,1.9829043123172572,0.9376693766937669,1.8593086505739052,1.0,2025-02,Q1 2025
Haven at Research Triangle Park,2025-02-28,1.9829043123172572,0.940379403794038,1.8646823749975292,1.0,2025-02,Q1 2025
Haven at Research Triangle Park,2025-03-01,1.9829043123172572,0.940379403794038,1.8646823749975292,1.0,2025-03,Q1 2025
Haven at Research Triangle Park,2025-03-02,1.9829043123172572,0.940379403794038,1.8646823749975292,1.0,2025-03,Q1 2025
Haven at Research Triangle Park,2025-03-03,1.9829043123172572,0.9376693766937669,1.8593086505739052,1.0,2025-03,Q1 2025
Haven at Research Triangle Park,2025-03-04,1.9829043123172572,0.929539295392954,1.8431874773030332,1.0,2025-03,Q1 2025
Haven at Research Triangle Park,2025-03-05,1.9829043123172572,0.929539295392954,1.8431874773030332,1.0,2025-03,Q1 2025
Haven at Research Triangle Park,2025-03-06,1.9822844531680393,0.929539295392954,1.8426112938662262,1.0,2025-03,Q1 2025
Haven at Research Triangle Park,2025-03-07,1.9816984104872373,0.9322493224932249,1.8474370005626277,1.0,2025-03,Q1 2025
Haven at Research Triangle Park,2025-03-08,1.9816984104872373,0.9322493224932249,1.8474370005626277,1.0,2025-03,Q1 2025
Haven at Research Triangle Park,2025-03-09,1.9816984104872373,0.9322493224932249,1.8474370005626277,1.0,2025-03,Q1 2025
Haven at Research Triangle Park,2025-03-10,1.9816984104872373,0.9322493224932249,1.8474370005626277,1.0,2025-03,Q1 2025
Haven at Research Triangle Park,2025-03-11,1.9816984104872373,0.9322493224932249,1.8474370005626277,1.0,2025-03,Q1 2025
Haven at Research Triangle Park,2025-03-12,1.9816984104872373,0.9322493224932249,1.8474370005626277,1.0,2025-03,Q1 2025
Haven at Research Triangle Park,2025-03-13,1.978079053863952,0.9322493224932249,1.8440628578027087,1.0,2025-03,Q1 2025
Haven at Research Triangle Park,2025-03-14,1.978079053863952,0.9349593495934959,1.8494235056451584,1.0,2025-03,Q1 2025
Haven at Research Triangle Park,2025-03-15,1.9743470981940523,0.9349593495934959,1.8459342787993172,1.0,2025-03,Q1 2025
Haven at Research Triangle Park,2025-03-16,1.9743470981940523,0.9376693766937669,1.8512848129407644,1.0,2025-03,Q1 2025
Haven at Research Triangle Park,2025-03-17,1.9743470981940523,0.9376693766937669,1.8512848129407644,1.0,2025-03,Q1 2025
Haven at Research Triangle Park,2025-03-18,1.9975290632735392,0.9376693766937669,1.8730218316873837,1.0,2025-03,Q1 2025
Haven at Research Triangle Park,2025-03-19,1.9975290632735392,0.9349593495934959,1.8676084737923333,1.0,2025-03,Q1 2025
Haven at Research Triangle Park,2025-03-20,1.9975290632735392,0.9349593495934959,1.8676084737923333,1.0,2025-03,Q1 2025
Haven at Research Triangle Park,2025-03-21,1.9975290632735392,0.9349593495934959,1.8676084737923333,1.0,2025-03,Q1 2025
Haven at Research Triangle Park,2025-03-22,1.9975290632735392,0.9349593495934959,1.8676084737923333,1.0,2025-03,Q1 2025
Haven at Research Triangle Park,2025-03-23,1.9975290632735392,0.9349593495934959,1.8676084737923333,1.0,2025-03,Q1 2025
Haven at Research Triangle Park,2025-03-24,1.9954382674734512,0.9349593495934959,1.8656536647109503,1.0,2025-03,Q1 2025
Haven at Research Triangle Park,2025-03-25,1.9954382674734512,0.940379403794038,1.8764690482744921,1.0,2025-03,Q1 2025
Haven at Research Triangle Park,2025-03-26,1.9954382674734512,0.9349593495934959,1.8656536647109503,1.0,2025-03,Q1 2025
Haven at Research Triangle Park,2025-03-27,1.9954136576450314,0.929539295392954,1.8548154053448396,1.0,2025-03,Q1 2025
Haven at Research Triangle Park,2025-03-28,1.9960358015650097,0.924119241192412,1.8445750903351446,1.0,2025-03,Q1 2025
Haven at Research Triangle Park,2025-03-29,1.9960358015650097,0.929539295392954,1.8553937125658493,1.0,2025-03,Q1 2025
Haven at Research Triangle Park,2025-03-30,1.9960358015650097,0.929539295392954,1.8553937125658493,1.0,2025-03,Q1 2025
Haven at Research Triangle Park,2025-03-31,1.9960358015650097,0.929539295392954,1.8553937125658493,1.0,2025-03,Q1 2025
Haven at Research Triangle Park,2025-04-01,1.9960358015650097,0.924119241192412,1.8445750903351446,1.0,2025-04,Q2 2025
Haven at Research Triangle Park,2025-04-02,1.9960358015650097,0.9214092140921409,1.8391657792197922,1.0,2025-04,Q2 2025
Haven at Research Triangle Park,2025-04-03,1.9960358015650097,0.9214092140921409,1.8391657792197922,1.0,2025-04,Q2 2025
Haven at Research Triangle Park,2025-04-04,1.9960358015650097,0.9186991869918699,1.8337564681044398,1.0,2025-04,Q2 2025
Haven at Research Triangle Park,2025-04-05,1.9960358015650097,0.9159891598915989,1.8283471569890875,1.0,2025-04,Q2 2025
Haven at Research Triangle Park,2025-04-06,1.9960358015650097,0.9159891598915989,1.8283471569890875,1.0,2025-04,Q2 2025
Haven at Research Triangle Park,2025-04-07,1.9960358015650097,0.9159891598915989,1.8283471569890875,1.0,2025-04,Q2 2025
Haven at Research Triangle Park,2025-04-08,1.9908427647117994,0.9159891598915989,1.8235903915246292,1.0,2025-04,Q2 2025
Haven at Research Triangle Park,2025-04-09,1.9857829151616813,0.9132791327913279,1.8135740986706952,1.0,2025-04,Q2 2025
Haven at Research Triangle Park,2025-04-10,1.9857829151616813,0.9159891598915989,1.8189556241860387,1.0,2025-04,Q2 2025
Haven at Research Triangle Park,2025-04-11,1.9927294649977545,0.9105691056910569,1.8145178868272236,1.0,2025-04,Q2 2025
Haven at Research Triangle Park,2025-04-12,1.9845211023744633,0.9132791327913279,1.81242171138264,1.0,2025-04,Q2 2025
Haven at Research Triangle Park,2025-04-13,1.9729335212285972,0.9159891598915989,1.8071857186321567,1.0,2025-04,Q2 2025
Tradition at Stonewater,2023-10-06,1.8776094388856668,0.9119318181818181,1.7122517894383493,1.0,2023-10,Q4 2023
Tradition at Stonewater,2023-10-07,1.8776094388856668,0.9147727272727273,1.7175859071624566,1.0,2023-10,Q4 2023
Tradition at Stonewater,2023-10-08,1.8776094388856668,0.9147727272727273,1.7175859071624566,1.0,2023-10,Q4 2023
Tradition at Stonewater,2023-10-09,1.8776094388856668,0.9147727272727273,1.7175859071624566,1.0,2023-10,Q4 2023
Tradition at Stonewater,2023-10-10,1.8776094388856668,0.9147727272727273,1.7175859071624566,1.0,2023-10,Q4 2023
Tradition at Stonewater,2023-10-11,1.8844979111144116,0.9119318181818181,1.7185336064424037,1.0,2023-10,Q4 2023
Tradition at Stonewater,2023-10-12,1.8911298461077943,0.9147727272727273,1.72995400695088,1.0,2023-10,Q4 2023
Tradition at Stonewater,2023-10-13,1.9027951852660046,0.9176136363636364,1.7460308092071575,1.0,2023-10,Q4 2023
Tradition at Stonewater,2023-10-14,1.9027951852660046,0.9204545454545454,1.7514364773471178,1.0,2023-10,Q4 2023
Tradition at Stonewater,2023-10-15,1.9120415761447465,0.9204545454545454,1.759947359860505,1.0,2023-10,Q4 2023
Tradition at Stonewater,2023-10-16,1.9120415761447465,0.9232954545454546,1.765379296156371,1.0,2023-10,Q4 2023
Tradition at Stonewater,2023-10-17,1.9120415761447465,0.9176136363636364,1.7545154235646394,1.0,2023-10,Q4 2023
Tradition at Stonewater,2023-10-18,1.9120415761447465,0.9176136363636364,1.7545154235646394,1.0,2023-10,Q4 2023
Tradition at Stonewater,2023-10-19,1.9120415761447465,0.9176136363636364,1.7545154235646394,1.0,2023-10,Q4 2023
Tradition at Stonewater,2023-10-20,1.9120415761447465,0.9176136363636364,1.7545154235646394,1.0,2023-10,Q4 2023
Tradition at Stonewater,2023-10-21,1.9120415761447465,0.9147727272727273,1.7490834872687737,1.0,2023-10,Q4 2023
Tradition at Stonewater,2023-10-22,1.9121447112462624,0.9119318181818181,1.7437456031535516,1.0,2023-10,Q4 2023
Tradition at Stonewater,2023-10-23,1.9121447112462624,0.9147727272727273,1.749177832446865,1.0,2023-10,Q4 2023
Tradition at Stonewater,2023-10-24,1.9094512125950014,0.9147727272727273,1.7467138933397457,1.0,2023-10,Q4 2023
Tradition at Stonewater,2023-10-25,1.9094512125950014,0.9147727272727273,1.7467138933397457,1.0,2023-10,Q4 2023
Tradition at Stonewater,2023-10-26,1.9054954785183733,0.9147727272727273,1.743095295690103,1.0,2023-10,Q4 2023
Tradition at Stonewater,2023-10-27,1.9054954785183733,0.9147727272727273,1.743095295690103,1.0,2023-10,Q4 2023
Tradition at Stonewater,2023-10-28,1.9054954785183733,0.9147727272727273,1.743095295690103,1.0,2023-10,Q4 2023
Tradition at Stonewater,2023-10-29,1.9054954785183733,0.9147727272727273,1.743095295690103,1.0,2023-10,Q4 2023
Tradition at Stonewater,2023-10-30,1.9054954785183733,0.9147727272727273,1.743095295690103,1.0,2023-10,Q4 2023
Tradition at Stonewater,2023-10-31,1.9054954785183733,0.9147727272727273,1.743095295690103,1.0,2023-10,Q4 2023
Tradition at Stonewater,2023-11-01,1.8943894982789122,0.9119318181818181,1.7275540595100307,1.0,2023-11,Q4 2023
Tradition at Stonewater,2023-11-02,1.8943894982789122,0.9147727272727273,1.7329358478574142,1.0,2023-11,Q4 2023
Tradition at Stonewater,2023-11-03,1.8886050098071439,0.9119318181818181,1.7222790004207191,1.0,2023-11,Q4 2023
Tradition at Stonewater,2023-11-04,1.8843742274214788,0.9147727272727273,1.7237741512207845,1.0,2023-11,Q4 2023
Tradition at Stonewater,2023-11-05,1.8829617004116186,0.9176136363636364,1.7278313330481614,1.0,2023-11,Q4 2023
Tradition at Stonewater,2023-11-06,1.8749344533315337,0.9204545454545454,1.7257919399983435,1.0,2023-11,Q4 2023
Tradition at Stonewater,2023-11-07,1.8749344533315337,0.9232954545454546,1.7311184583316719,1.0,2023-11,Q4 2023
Tradition at Stonewater,2023-11-08,1.8749344533315337,0.9204545454545454,1.7257919399983435,1.0,2023-11,Q4 2023
Tradition at Stonewater,2023-11-09,1.874192638117116,0.9176136363636364,1.7197847219086035,1.0,2023-11,Q4 2023
Tradition at Stonewater,2023-11-10,1.874192638117116,0.9204545454545454,1.7251091328123453,1.0,2023-11,Q4 2023
Tradition at Stonewater,2023-11-11,1.874192638117116,0.9204545454545454,1.7251091328123453,1.0,2023-11,Q4 2023
Tradition at Stonewater,2023-11-12,1.874192638117116,0.9204545454545454,1.7251091328123453,1.0,2023-11,Q4 2023
Tradition at Stonewater,2023-11-13,1.874192638117116,0.9204545454545454,1.7251091328123453,1.0,2023-11,Q4 2023
Tradition at Stonewater,2023-11-14,1.8810067013401621,0.9204545454545454,1.7313811682790128,1.0,2023-11,Q4 2023
Tradition at Stonewater,2023-11-15,1.8805761634914038,0.9232954545454546,1.7363274236781427,1.0,2023-11,Q4 2023
Tradition at Stonewater,2023-11-16,1.8807380149828166,0.9204545454545454,1.7311338547000925,1.0,2023-11,Q4 2023
Tradition at Stonewater,2023-11-17,1.8807380149828166,0.9204545454545454,1.7311338547000925,1.0,2023-11,Q4 2023
Tradition at Stonewater,2023-11-18,1.8792932165942817,0.9176136363636364,1.7244650822725938,1.0,2023-11,Q4 2023
Tradition at Stonewater,2023-11-19,1.8705587480997439,0.9232954545454546,1.7270783895807296,1.0,2023-11,Q4 2023
Tradition at Stonewater,2023-11-20,1.8705587480997439,0.9261363636363636,1.7323924769332855,1.0,2023-11,Q4 2023
Tradition at Stonewater,2023-11-21,1.8705587480997439,0.9261363636363636,1.7323924769332855,1.0,2023-11,Q4 2023
Tradition at Stonewater,2023-11-22,1.8705587480997439,0.9261363636363636,1.7323924769332855,1.0,2023-11,Q4 2023
Tradition at Stonewater,2023-11-23,1.8705587480997439,0.9261363636363636,1.7323924769332855,1.0,2023-11,Q4 2023
Tradition at Stonewater,2023-11-24,1.8705587480997439,0.9261363636363636,1.7323924769332855,1.0,2023-11,Q4 2023
Tradition at Stonewater,2023-11-25,1.8705587480997439,0.9261363636363636,1.7323924769332855,1.0,2023-11,Q4 2023
Tradition at Stonewater,2023-11-26,1.86989821451579,0.9261363636363636,1.731780732761783,1.0,2023-11,Q4 2023
Tradition at Stonewater,2023-11-27,1.86989821451579,0.9289772727272727,1.7370929435984754,1.0,2023-11,Q4 2023
Tradition at Stonewater,2023-11-28,1.86989821451579,0.9261363636363636,1.731780732761783,1.0,2023-11,Q4 2023
Tradition at Stonewater,2023-11-29,1.86989821451579,0.9261363636363636,1.731780732761783,1.0,2023-11,Q4 2023
Tradition at Stonewater,2023-11-30,1.86989821451579,0.9261363636363636,1.731780732761783,1.0,2023-11,Q4 2023
Tradition at Stonewater,2023-12-01,1.8824491815862074,0.9261363636363636,1.7434046397644989,1.0,2023-12,Q4 2023
Tradition at Stonewater,2023-12-02,1.8824491815862074,0.9289772727272727,1.7487525067576415,1.0,2023-12,Q4 2023
Tradition at Stonewater,2023-12-03,1.8824491815862074,0.9289772727272727,1.7487525067576415,1.0,2023-12,Q4 2023
Tradition at Stonewater,2023-12-04,1.8824491815862074,0.9232954545454546,1.7380567727713563,1.0,2023-12,Q4 2023
Tradition at Stonewater,2023-12-05,1.8824491815862074,0.9232954545454546,1.7380567727713563,1.0,2023-12,Q4 2023
Tradition at Stonewater,2023-12-06,1.8814006052228491,0.9232954545454546,1.737088626981324,1.0,2023-12,Q4 2023
Tradition at Stonewater,2023-12-07,1.8814006052228491,0.9232954545454546,1.737088626981324,1.0,2023-12,Q4 2023
Tradition at Stonewater,2023-12-08,1.8893197051384698,0.9204545454545454,1.739032910411546,1.0,2023-12,Q4 2023
Tradition at Stonewater,2023-12-09,1.8893197051384698,0.9232954545454546,1.7444002959375078,1.0,2023-12,Q4 2023
Tradition at Stonewater,2023-12-10,1.8893197051384698,0.9232954545454546,1.7444002959375078,1.0,2023-12,Q4 2023
Tradition at Stonewater,2023-12-11,1.8893197051384698,0.9232954545454546,1.7444002959375078,1.0,2023-12,Q4 2023
Tradition at Stonewater,2023-12-12,1.8893197051384698,0.9232954545454546,1.7444002959375078,1.0,2023-12,Q4 2023
Tradition at Stonewater,2023-12-13,1.8893197051384698,0.9232954545454546,1.7444002959375078,1.0,2023-12,Q4 2023
Tradition at Stonewater,2023-12-14,1.8893197051384698,0.9232954545454546,1.7444002959375078,1.0,2023-12,Q4 2023
Tradition at Stonewater,2023-12-15,1.8893197051384698,0.9204545454545454,1.739032910411546,1.0,2023-12,Q4 2023
Tradition at Stonewater,2023-12-16,1.8893197051384698,0.9204545454545454,1.739032910411546,1.0,2023-12,Q4 2023
Tradition at Stonewater,2023-12-17,1.8893197051384698,0.9204545454545454,1.739032910411546,1.0,2023-12,Q4 2023
Tradition at Stonewater,2023-12-18,1.8893197051384698,0.9204545454545454,1.739032910411546,1.0,2023-12,Q4 2023
Tradition at Stonewater,2023-12-19,1.8893197051384698,0.9204545454545454,1.739032910411546,1.0,2023-12,Q4 2023
Tradition at Stonewater,2023-12-20,1.8893197051384698,0.9176136363636364,1.7336655248855846,1.0,2023-12,Q4 2023
Tradition at Stonewater,2023-12-21,1.8893197051384698,0.9147727272727273,1.728298139359623,1.0,2023-12,Q4 2023
Tradition at Stonewater,2023-12-22,1.8893197051384698,0.9147727272727273,1.728298139359623,1.0,2023-12,Q4 2023
Tradition at Stonewater,2023-12-23,1.8893197051384698,0.9147727272727273,1.728298139359623,1.0,2023-12,Q4 2023
Tradition at Stonewater,2023-12-24,1.8893197051384698,0.9147727272727273,1.728298139359623,1.0,2023-12,Q4 2023
Tradition at Stonewater,2023-12-25,1.8893197051384698,0.9147727272727273,1.728298139359623,1.0,2023-12,Q4 2023
Tradition at Stonewater,2023-12-26,1.8893197051384698,0.9147727272727273,1.728298139359623,1.0,2023-12,Q4 2023
Tradition at Stonewater,2023-12-27,1.8893197051384698,0.9147727272727273,1.728298139359623,1.0,2023-12,Q4 2023
Tradition at Stonewater,2023-12-28,1.8893197051384698,0.9147727272727273,1.728298139359623,1.0,2023-12,Q4 2023
Tradition at Stonewater,2023-12-29,1.878281335690031,0.9119318181818181,1.7128645135127838,1.0,2023-12,Q4 2023
Tradition at Stonewater,2023-12-30,1.8759477771448956,0.9147727272727273,1.7160658643200466,1.0,2023-12,Q4 2023
Tradition at Stonewater,2023-12-31,1.8759477771448956,0.9147727272727273,1.7160658643200466,1.0,2023-12,Q4 2023
Tradition at Stonewater,2024-01-01,1.8759477771448956,0.9147727272727273,1.7160658643200466,1.0,2024-01,Q1 2024
Tradition at Stonewater,2024-01-02,1.8759477771448956,0.9147727272727273,1.7160658643200466,1.0,2024-01,Q1 2024
Tradition at Stonewater,2024-01-03,1.8759477771448956,0.9147727272727273,1.7160658643200466,1.0,2024-01,Q1 2024
Tradition at Stonewater,2024-01-04,1.8685931712278026,0.9034090909090909,1.6881040580978444,1.0,2024-01,Q1 2024
Tradition at Stonewater,2024-01-05,1.8527022924508187,0.9090909090909091,1.684274811318926,1.0,2024-01,Q1 2024
Tradition at Stonewater,2024-01-06,1.8496219727094756,0.9147727272727273,1.691983736399009,1.0,2024-01,Q1 2024
Tradition at Stonewater,2024-01-07,1.8496219727094756,0.9176136363636364,1.6972383442760244,1.0,2024-01,Q1 2024
Tradition at Stonewater,2024-01-08,1.8496219727094756,0.9147727272727273,1.691983736399009,1.0,2024-01,Q1 2024
Tradition at Stonewater,2024-01-09,1.8496219727094756,0.9147727272727273,1.691983736399009,1.0,2024-01,Q1 2024
Tradition at Stonewater,2024-01-10,1.8496219727094756,0.9147727272727273,1.691983736399009,1.0,2024-01,Q1 2024
Tradition at Stonewater,2024-01-11,1.8496219727094756,0.9090909090909091,1.6814745206449777,1.0,2024-01,Q1 2024
Tradition at Stonewater,2024-01-12,1.8537873042828223,0.9090909090909091,1.6852611857116566,1.0,2024-01,Q1 2024
Tradition at Stonewater,2024-01-13,1.841069485906926,0.9119318181818181,1.6789298436821682,1.0,2024-01,Q1 2024
Tradition at Stonewater,2024-01-14,1.841069485906926,0.9090909090909091,1.67369953264266,1.0,2024-01,Q1 2024
Tradition at Stonewater,2024-01-15,1.841069485906926,0.9090909090909091,1.67369953264266,1.0,2024-01,Q1 2024
Tradition at Stonewater,2024-01-16,1.841069485906926,0.9090909090909091,1.67369953264266,1.0,2024-01,Q1 2024
Tradition at Stonewater,2024-01-17,1.843260298854495,0.90625,1.670454645836886,1.0,2024-01,Q1 2024
Tradition at Stonewater,2024-01-18,1.843260298854495,0.9090909090909091,1.6756911807768136,1.0,2024-01,Q1 2024
Tradition at Stonewater,2024-01-19,1.843260298854495,0.90625,1.670454645836886,1.0,2024-01,Q1 2024
Tradition at Stonewater,2024-01-20,1.843260298854495,0.9034090909090909,1.6652181108969586,1.0,2024-01,Q1 2024
Tradition at Stonewater,2024-01-21,1.843260298854495,0.9034090909090909,1.6652181108969586,1.0,2024-01,Q1 2024
Tradition at Stonewater,2024-01-22,1.843260298854495,0.9034090909090909,1.6652181108969586,1.0,2024-01,Q1 2024
Tradition at Stonewater,2024-01-23,1.843260298854495,0.9034090909090909,1.6652181108969586,1.0,2024-01,Q1 2024
Tradition at Stonewater,2024-01-24,1.843260298854495,0.9034090909090909,1.6652181108969586,1.0,2024-01,Q1 2024
Tradition at Stonewater,2024-01-25,1.843260298854495,0.9034090909090909,1.6652181108969586,1.0,2024-01,Q1 2024
Tradition at Stonewater,2024-01-26,1.8485337949841827,0.9034090909090909,1.6699822352413924,1.0,2024-01,Q1 2024
Tradition at Stonewater,2024-01-27,1.8485337949841827,0.9090909090909091,1.6804852681674387,1.0,2024-01,Q1 2024
Tradition at Stonewater,2024-01-28,1.8485337949841827,0.9090909090909091,1.6804852681674387,1.0,2024-01,Q1 2024
Tradition at Stonewater,2024-01-29,1.8485337949841827,0.90625,1.6752337517044156,1.0,2024-01,Q1 2024
Tradition at Stonewater,2024-01-30,1.8485337949841827,0.90625,1.6752337517044156,1.0,2024-01,Q1 2024
Tradition at Stonewater,2024-01-31,1.8517267574562475,0.9005681818181819,1.6676061991864504,1.0,2024-01,Q1 2024
Tradition at Stonewater,2024-02-01,1.8517267574562475,0.9034090909090909,1.6728667865655873,1.0,2024-02,Q1 2024
Tradition at Stonewater,2024-02-02,1.8517267574562475,0.9034090909090909,1.6728667865655873,1.0,2024-02,Q1 2024
Tradition at Stonewater,2024-02-03,1.8438307078555791,0.9005681818181819,1.6604952681540301,1.0,2024-02,Q1 2024
Tradition at Stonewater,2024-02-04,1.8438307078555791,0.9034090909090909,1.6657334235740744,1.0,2024-02,Q1 2024
Tradition at Stonewater,2024-02-05,1.8359377444830158,0.8977272727272727,1.6481713842517982,1.0,2024-02,Q1 2024
Tradition at Stonewater,2024-02-06,1.8359377444830158,0.9005681818181819,1.6533871164804435,1.0,2024-02,Q1 2024
Tradition at Stonewater,2024-02-07,1.8359377444830158,0.9005681818181819,1.6533871164804435,1.0,2024-02,Q1 2024
Tradition at Stonewater,2024-02-08,1.8359377444830158,0.8977272727272727,1.6481713842517982,1.0,2024-02,Q1 2024
Tradition at Stonewater,2024-02-09,1.8359377444830158,0.8977272727272727,1.6481713842517982,1.0,2024-02,Q1 2024
Tradition at Stonewater,2024-02-10,1.8394641537695782,0.8977272727272727,1.651337138043144,1.0,2024-02,Q1 2024
Tradition at Stonewater,2024-02-11,1.8476072255061151,0.90625,1.6743940481149169,1.0,2024-02,Q1 2024
Tradition at Stonewater,2024-02-12,1.8464934180397583,0.9090909090909091,1.678630380036144,1.0,2024-02,Q1 2024
Tradition at Stonewater,2024-02-13,1.8464934180397583,0.9119318181818181,1.6838760999737568,1.0,2024-02,Q1 2024
Tradition at Stonewater,2024-02-14,1.8464934180397583,0.9090909090909091,1.678630380036144,1.0,2024-02,Q1 2024
Tradition at Stonewater,2024-02-15,1.8464934180397583,0.9034090909090909,1.6681389401609181,1.0,2024-02,Q1 2024
Tradition at Stonewater,2024-02-16,1.8464934180397583,0.9034090909090909,1.6681389401609181,1.0,2024-02,Q1 2024
Tradition at Stonewater,2024-02-17,1.8464934180397583,0.8977272727272727,1.657647500285692,1.0,2024-02,Q1 2024
Tradition at Stonewater,2024-02-18,1.8464934180397583,0.8977272727272727,1.657647500285692,1.0,2024-02,Q1 2024
Tradition at Stonewater,2024-02-19,1.8464934180397583,0.8977272727272727,1.657647500285692,1.0,2024-02,Q1 2024
Tradition at Stonewater,2024-02-20,1.8464934180397583,0.8977272727272727,1.657647500285692,1.0,2024-02,Q1 2024
Tradition at Stonewater,2024-02-21,1.843675737545459,0.8977272727272727,1.655117991660128,1.0,2024-02,Q1 2024
Tradition at Stonewater,2024-02-22,1.843675737545459,0.9005681818181819,1.6603557068236097,1.0,2024-02,Q1 2024
Tradition at Stonewater,2024-02-23,1.843675737545459,0.9005681818181819,1.6603557068236097,1.0,2024-02,Q1 2024
Tradition at Stonewater,2024-02-24,1.843675737545459,0.9005681818181819,1.6603557068236097,1.0,2024-02,Q1 2024
Tradition at Stonewater,2024-02-25,1.843675737545459,0.9005681818181819,1.6603557068236097,1.0,2024-02,Q1 2024
Tradition at Stonewater,2024-02-26,1.843675737545459,0.8948863636363636,1.6498802764966467,1.0,2024-02,Q1 2024
Tradition at Stonewater,2024-02-27,1.843675737545459,0.8948863636363636,1.6498802764966467,1.0,2024-02,Q1 2024
Tradition at Stonewater,2024-02-28,1.843675737545459,0.8948863636363636,1.6498802764966467,1.0,2024-02,Q1 2024
Tradition at Stonewater,2024-02-29,1.830649595736998,0.8835227272727273,1.6174205235062682,1.0,2024-02,Q1 2024
Tradition at Stonewater,2024-03-01,1.830231012591469,0.8920454545454546,1.6326492555503445,1.0,2024-03,Q1 2024
Tradition at Stonewater,2024-03-02,1.830231012591469,0.8948863636363636,1.6378487754724793,1.0,2024-03,Q1 2024
Tradition at Stonewater,2024-03-03,1.830231012591469,0.8920454545454546,1.6326492555503445,1.0,2024-03,Q1 2024
Tradition at Stonewater,2024-03-04,1.830231012591469,0.8920454545454546,1.6326492555503445,1.0,2024-03,Q1 2024
Tradition at Stonewater,2024-03-05,1.829143359545088,0.8920454545454546,1.631679019594198,1.0,2024-03,Q1 2024
Tradition at Stonewater,2024-03-06,1.829143359545088,0.8948863636363636,1.6368754495929057,1.0,2024-03,Q1 2024
Tradition at Stonewater,2024-03-07,1.829143359545088,0.8948863636363636,1.6368754495929057,1.0,2024-03,Q1 2024
Tradition at Stonewater,2024-03-08,1.829143359545088,0.8948863636363636,1.6368754495929057,1.0,2024-03,Q1 2024
Tradition at Stonewater,2024-03-09,1.8266430560066107,0.8948863636363636,1.6346379620513705,1.0,2024-03,Q1 2024
Tradition at Stonewater,2024-03-10,1.8266430560066107,0.8920454545454546,1.6294486351877153,1.0,2024-03,Q1 2024
Tradition at Stonewater,2024-03-11,1.8266430560066107,0.8892045454545454,1.62425930832406,1.0,2024-03,Q1 2024
Tradition at Stonewater,2024-03-12,1.8371037308335654,0.8892045454545454,1.63356098792871,1.0,2024-03,Q1 2024
Tradition at Stonewater,2024-03-13,1.8358776769640262,0.8892045454545454,1.6324707752549437,1.0,2024-03,Q1 2024
Tradition at Stonewater,2024-03-14,1.8358776769640262,0.8920454545454546,1.6376863368372279,1.0,2024-03,Q1 2024
Tradition at Stonewater,2024-03-15,1.8358776769640262,0.8835227272727273,1.6220396520903755,1.0,2024-03,Q1 2024
Tradition at Stonewater,2024-03-16,1.8358776769640262,0.8835227272727273,1.6220396520903755,1.0,2024-03,Q1 2024
Tradition at Stonewater,2024-03-17,1.8368603607023828,0.8806818181818181,1.6176895222094847,1.0,2024-03,Q1 2024
Tradition at Stonewater,2024-03-18,1.8431569582741218,0.8892045454545454,1.638943545283523,1.0,2024-03,Q1 2024
Tradition at Stonewater,2024-03-19,1.8431569582741218,0.8948863636363636,1.6494160280009897,1.0,2024-03,Q1 2024
Tradition at Stonewater,2024-03-20,1.8427210771963158,0.8948863636363636,1.649025963968294,1.0,2024-03,Q1 2024
Tradition at Stonewater,2024-03-21,1.8470700529701616,0.8977272727272727,1.6581651611891224,1.0,2024-03,Q1 2024
Tradition at Stonewater,2024-03-22,1.8470700529701616,0.9005681818181819,1.6634125192941513,1.0,2024-03,Q1 2024
Tradition at Stonewater,2024-03-23,1.8470700529701616,0.9005681818181819,1.6634125192941513,1.0,2024-03,Q1 2024
Tradition at Stonewater,2024-03-24,1.8470700529701616,0.9005681818181819,1.6634125192941513,1.0,2024-03,Q1 2024
Tradition at Stonewater,2024-03-25,1.8470700529701616,0.9005681818181819,1.6634125192941513,1.0,2024-03,Q1 2024
Tradition at Stonewater,2024-03-26,1.8470700529701616,0.9005681818181819,1.6634125192941513,1.0,2024-03,Q1 2024
Tradition at Stonewater,2024-03-27,1.8470700529701616,0.8977272727272727,1.6581651611891224,1.0,2024-03,Q1 2024
Tradition at Stonewater,2024-03-28,1.8470700529701616,0.8977272727272727,1.6581651611891224,1.0,2024-03,Q1 2024
Tradition at Stonewater,2024-03-29,1.8470700529701616,0.8892045454545454,1.6424230868740357,1.0,2024-03,Q1 2024
Tradition at Stonewater,2024-03-30,1.8470700529701616,0.8892045454545454,1.6424230868740357,1.0,2024-03,Q1 2024
Tradition at Stonewater,2024-03-31,1.8470700529701616,0.8892045454545454,1.6424230868740357,1.0,2024-03,Q1 2024
Tradition at Stonewater,2024-04-01,1.8470700529701616,0.8892045454545454,1.6424230868740357,1.0,2024-04,Q2 2024
Tradition at Stonewater,2024-04-02,1.8470700529701616,0.8892045454545454,1.6424230868740357,1.0,2024-04,Q2 2024
Tradition at Stonewater,2024-04-03,1.8470700529701616,0.8892045454545454,1.6424230868740357,1.0,2024-04,Q2 2024
Tradition at Stonewater,2024-04-04,1.8470700529701616,0.8892045454545454,1.6424230868740357,1.0,2024-04,Q2 2024
Tradition at Stonewater,2024-04-05,1.8470700529701616,0.8892045454545454,1.6424230868740357,1.0,2024-04,Q2 2024
Tradition at Stonewater,2024-04-06,1.8470700529701616,0.8892045454545454,1.6424230868740357,1.0,2024-04,Q2 2024
Tradition at Stonewater,2024-04-07,1.8470700529701616,0.8892045454545454,1.6424230868740357,1.0,2024-04,Q2 2024
Tradition at Stonewater,2024-04-08,1.8470700529701616,0.8863636363636364,1.6371757287690067,1.0,2024-04,Q2 2024
Tradition at Stonewater,2024-04-09,1.8501708157008208,0.8835227272727273,1.6346679650083957,1.0,2024-04,Q2 2024
Tradition at Stonewater,2024-04-10,1.8467261884222788,0.8835227272727273,1.6316245585208202,1.0,2024-04,Q2 2024
Tradition at Stonewater,2024-04-11,1.8455996083837551,0.8835227272727273,1.6306291994526927,1.0,2024-04,Q2 2024
Tradition at Stonewater,2024-04-12,1.8442938358566157,0.8863636363636364,1.6347149908729093,1.0,2024-04,Q2 2024
Tradition at Stonewater,2024-04-13,1.8430920294333526,0.8835227272727273,1.6284136964595815,1.0,2024-04,Q2 2024
Tradition at Stonewater,2024-04-14,1.8466306510052943,0.8863636363636364,1.6367862588456017,1.0,2024-04,Q2 2024
Tradition at Stonewater,2024-04-15,1.8466306510052943,0.8948863636363636,1.6525245882575788,1.0,2024-04,Q2 2024
Tradition at Stonewater,2024-04-16,1.8461921000513137,0.8948863636363636,1.6521321349891018,1.0,2024-04,Q2 2024
Tradition at Stonewater,2024-04-17,1.845072978769221,0.8977272727272727,1.656372333213278,1.0,2024-04,Q2 2024
Tradition at Stonewater,2024-04-18,1.841582408615506,0.8977272727272727,1.65323875318892,1.0,2024-04,Q2 2024
Tradition at Stonewater,2024-04-19,1.8378446671007378,0.9005681818181819,1.6551044303151532,1.0,2024-04,Q2 2024
Tradition at Stonewater,2024-04-20,1.8378446671007378,0.9034090909090909,1.6603255799375984,1.0,2024-04,Q2 2024
Tradition at Stonewater,2024-04-21,1.8378446671007378,0.8977272727272727,1.6498832806927077,1.0,2024-04,Q2 2024
Tradition at Stonewater,2024-04-22,1.8378446671007378,0.8977272727272727,1.6498832806927077,1.0,2024-04,Q2 2024
Tradition at Stonewater,2024-04-23,1.8378446671007378,0.8977272727272727,1.6498832806927077,1.0,2024-04,Q2 2024
Tradition at Stonewater,2024-04-24,1.8378446671007378,0.8977272727272727,1.6498832806927077,1.0,2024-04,Q2 2024
Tradition at Stonewater,2024-04-25,1.8378446671007378,0.8977272727272727,1.6498832806927077,1.0,2024-04,Q2 2024
Tradition at Stonewater,2024-04-26,1.8348732000273207,0.8977272727272727,1.64721571366089,1.0,2024-04,Q2 2024
Tradition at Stonewater,2024-04-27,1.8348732000273207,0.9005681818181819,1.6524284216155134,1.0,2024-04,Q2 2024
Tradition at Stonewater,2024-04-28,1.8348732000273207,0.9005681818181819,1.6524284216155134,1.0,2024-04,Q2 2024
Tradition at Stonewater,2024-04-29,1.8348732000273207,0.9005681818181819,1.6524284216155134,1.0,2024-04,Q2 2024
Tradition at Stonewater,2024-04-30,1.8342831766497338,0.9005681818181819,1.6518970653351297,1.0,2024-04,Q2 2024
Tradition at Stonewater,2024-05-01,1.8342831766497338,0.8977272727272727,1.6466860335832838,1.0,2024-05,Q2 2024
Tradition at Stonewater,2024-05-02,1.8342831766497338,0.8977272727272727,1.6466860335832838,1.0,2024-05,Q2 2024
Tradition at Stonewater,2024-05-03,1.8342831766497338,0.8977272727272727,1.6466860335832838,1.0,2024-05,Q2 2024
Tradition at Stonewater,2024-05-04,1.834067892966501,0.8920454545454546,1.6360719272485267,1.0,2024-05,Q2 2024
Tradition at Stonewater,2024-05-05,1.8408846436809734,0.8948863636363636,1.6473825646576892,1.0,2024-05,Q2 2024
Tradition at Stonewater,2024-05-06,1.8408846436809734,0.8892045454545454,1.6369229928185927,1.0,2024-05,Q2 2024
Tradition at Stonewater,2024-05-07,1.8408846436809734,0.8892045454545454,1.6369229928185927,1.0,2024-05,Q2 2024
Tradition at Stonewater,2024-05-08,1.8408846436809734,0.8892045454545454,1.6369229928185927,1.0,2024-05,Q2 2024
Tradition at Stonewater,2024-05-09,1.8408846436809734,0.8892045454545454,1.6369229928185927,1.0,2024-05,Q2 2024
Tradition at Stonewater,2024-05-10,1.8408846436809734,0.8863636363636364,1.6316932068990446,1.0,2024-05,Q2 2024
Tradition at Stonewater,2024-05-11,1.8408846436809734,0.8863636363636364,1.6316932068990446,1.0,2024-05,Q2 2024
Tradition at Stonewater,2024-05-12,1.8408846436809734,0.8863636363636364,1.6316932068990446,1.0,2024-05,Q2 2024
Tradition at Stonewater,2024-05-13,1.8408846436809734,0.8863636363636364,1.6316932068990446,1.0,2024-05,Q2 2024
Tradition at Stonewater,2024-05-14,1.840216369903319,0.8835227272727273,1.6258729859088983,1.0,2024-05,Q2 2024
Tradition at Stonewater,2024-05-15,1.837353328604722,0.8835227272727273,1.6233434238524673,1.0,2024-05,Q2 2024
Tradition at Stonewater,2024-05-16,1.8407334310028403,0.8806818181818181,1.6211004648036376,1.0,2024-05,Q2 2024
Tradition at Stonewater,2024-05-17,1.8407334310028403,0.8863636363636364,1.6315591774797902,1.0,2024-05,Q2 2024
Tradition at Stonewater,2024-05-18,1.8407334310028403,0.8835227272727273,1.626329821141714,1.0,2024-05,Q2 2024
Tradition at Stonewater,2024-05-19,1.8384918456487722,0.8806818181818181,1.6191263413384072,1.0,2024-05,Q2 2024
Tradition at Stonewater,2024-05-20,1.8384918456487722,0.8835227272727273,1.6243493295362732,1.0,2024-05,Q2 2024
Tradition at Stonewater,2024-05-21,1.8330837162201368,0.8835227272727273,1.6195711242740414,1.0,2024-05,Q2 2024
Tradition at Stonewater,2024-05-22,1.8310855126788033,0.8948863636363636,1.638613455948361,1.0,2024-05,Q2 2024
Tradition at Stonewater,2024-05-23,1.8310855126788033,0.8948863636363636,1.638613455948361,1.0,2024-05,Q2 2024
Tradition at Stonewater,2024-05-24,1.8310855126788033,0.8948863636363636,1.638613455948361,1.0,2024-05,Q2 2024
Tradition at Stonewater,2024-05-25,1.8310855126788033,0.8920454545454546,1.6334115084691598,1.0,2024-05,Q2 2024
Tradition at Stonewater,2024-05-26,1.8310855126788033,0.8892045454545454,1.6282095609899585,1.0,2024-05,Q2 2024
Tradition at Stonewater,2024-05-27,1.8310855126788033,0.8892045454545454,1.6282095609899585,1.0,2024-05,Q2 2024
Tradition at Stonewater,2024-05-28,1.8310855126788033,0.8892045454545454,1.6282095609899585,1.0,2024-05,Q2 2024
Tradition at Stonewater,2024-05-29,1.8263262933487256,0.8693181818181819,1.5876586527406538,1.0,2024-05,Q2 2024
Tradition at Stonewater,2024-05-30,1.8263262933487256,0.8863636363636364,1.6187892145590976,1.0,2024-05,Q2 2024
Tradition at Stonewater,2024-05-31,1.8263262933487256,0.8863636363636364,1.6187892145590976,1.0,2024-05,Q2 2024
Tradition at Stonewater,2024-06-01,1.8263262933487256,0.8863636363636364,1.6187892145590976,1.0,2024-06,Q2 2024
Tradition at Stonewater,2024-06-02,1.8263262933487256,0.8863636363636364,1.6187892145590976,1.0,2024-06,Q2 2024
Tradition at Stonewater,2024-06-03,1.8263262933487256,0.8863636363636364,1.6187892145590976,1.0,2024-06,Q2 2024
Tradition at Stonewater,2024-06-04,1.8245689447789788,0.8863636363636364,1.6172315646904585,1.0,2024-06,Q2 2024
Tradition at Stonewater,2024-06-05,1.8249237267887446,0.8835227272727273,1.6123615881571012,1.0,2024-06,Q2 2024
Tradition at Stonewater,2024-06-06,1.8249237267887446,0.8806818181818181,1.607177145751451,1.0,2024-06,Q2 2024
Tradition at Stonewater,2024-06-07,1.8249237267887446,0.8721590909090909,1.5916238185345017,1.0,2024-06,Q2 2024
Tradition at Stonewater,2024-06-08,1.823111700693763,0.8721590909090909,1.590043443502799,1.0,2024-06,Q2 2024
Tradition at Stonewater,2024-06-09,1.82144125263592,0.8806818181818181,1.6041101940827704,1.0,2024-06,Q2 2024
Tradition at Stonewater,2024-06-10,1.8205378984463476,0.8835227272727273,1.6084866091386765,1.0,2024-06,Q2 2024
Tradition at Stonewater,2024-06-11,1.8205378984463476,0.8863636363636364,1.6136585918047173,1.0,2024-06,Q2 2024
Tradition at Stonewater,2024-06-12,1.8205378984463476,0.8778409090909091,1.5981426438065949,1.0,2024-06,Q2 2024
Tradition at Stonewater,2024-06-13,1.8205378984463476,0.8778409090909091,1.5981426438065949,1.0,2024-06,Q2 2024
Tradition at Stonewater,2024-06-14,1.8205378984463476,0.8778409090909091,1.5981426438065949,1.0,2024-06,Q2 2024
Tradition at Stonewater,2024-06-15,1.8205378984463476,0.8778409090909091,1.5981426438065949,1.0,2024-06,Q2 2024
Tradition at Stonewater,2024-06-16,1.8205378984463476,0.8778409090909091,1.5981426438065949,1.0,2024-06,Q2 2024
Tradition at Stonewater,2024-06-17,1.8205378984463476,0.8721590909090909,1.5877986784745135,1.0,2024-06,Q2 2024
Tradition at Stonewater,2024-06-18,1.822754388871241,0.8721590909090909,1.5897318107484972,1.0,2024-06,Q2 2024
Tradition at Stonewater,2024-06-19,1.822754388871241,0.8721590909090909,1.5897318107484972,1.0,2024-06,Q2 2024
Tradition at Stonewater,2024-06-20,1.823861230929633,0.8693181818181819,1.5855157291604196,1.0,2024-06,Q2 2024
Tradition at Stonewater,2024-06-21,1.823861230929633,0.8721590909090909,1.5906971531119243,1.0,2024-06,Q2 2024
Tradition at Stonewater,2024-06-22,1.823861230929633,0.8693181818181819,1.5855157291604196,1.0,2024-06,Q2 2024
Tradition at Stonewater,2024-06-23,1.823861230929633,0.8693181818181819,1.5855157291604196,1.0,2024-06,Q2 2024
Tradition at Stonewater,2024-06-24,1.8239225380290052,0.8693181818181819,1.5855690245365786,1.0,2024-06,Q2 2024
Tradition at Stonewater,2024-06-25,1.8239225380290052,0.8721590909090909,1.5907506226559789,1.0,2024-06,Q2 2024
Tradition at Stonewater,2024-06-26,1.8232942869043671,0.8721590909090909,1.590202687726252,1.0,2024-06,Q2 2024
Tradition at Stonewater,2024-06-27,1.8232942869043671,0.8721590909090909,1.590202687726252,1.0,2024-06,Q2 2024
Tradition at Stonewater,2024-06-28,1.8232942869043671,0.8693181818181819,1.585022874411183,1.0,2024-06,Q2 2024
Tradition at Stonewater,2024-06-29,1.8232942869043671,0.8693181818181819,1.585022874411183,1.0,2024-06,Q2 2024
Tradition at Stonewater,2024-06-30,1.8240784825714014,0.8693181818181819,1.5857045899626387,1.0,2024-06,Q2 2024
Tradition at Stonewater,2024-07-01,1.8243369391676167,0.8693181818181819,1.5859292709809396,1.0,2024-07,Q3 2024
Tradition at Stonewater,2024-07-02,1.8253394920866786,0.8693181818181819,1.586800808461715,1.0,2024-07,Q3 2024
Tradition at Stonewater,2024-07-03,1.8300313607877712,0.8721590909090909,1.5960784879597891,1.0,2024-07,Q3 2024
Tradition at Stonewater,2024-07-04,1.8300313607877712,0.8778409090909091,1.6064763934188104,1.0,2024-07,Q3 2024
Tradition at Stonewater,2024-07-05,1.8300313607877712,0.8778409090909091,1.6064763934188104,1.0,2024-07,Q3 2024
Tradition at Stonewater,2024-07-06,1.8300313607877712,0.8778409090909091,1.6064763934188104,1.0,2024-07,Q3 2024
Tradition at Stonewater,2024-07-07,1.8270077846820103,0.8778409090909091,1.6038221746214238,1.0,2024-07,Q3 2024
Tradition at Stonewater,2024-07-08,1.8307101102580898,0.8806818181818181,1.6122731084659312,1.0,2024-07,Q3 2024
Tradition at Stonewater,2024-07-09,1.833093158469087,0.8835227272727273,1.6195794667155854,1.0,2024-07,Q3 2024
Tradition at Stonewater,2024-07-10,1.8345773008591197,0.8863636363636364,1.6261026075796743,1.0,2024-07,Q3 2024
Tradition at Stonewater,2024-07-11,1.837058187203894,0.8892045454545454,1.6335204903261897,1.0,2024-07,Q3 2024
Tradition at Stonewater,2024-07-12,1.837058187203894,0.8977272727272727,1.6491772362398593,1.0,2024-07,Q3 2024
Tradition at Stonewater,2024-07-13,1.837058187203894,0.8948863636363636,1.6439583209353028,1.0,2024-07,Q3 2024
Tradition at Stonewater,2024-07-14,1.837058187203894,0.8948863636363636,1.6439583209353028,1.0,2024-07,Q3 2024
Tradition at Stonewater,2024-07-15,1.837058187203894,0.8948863636363636,1.6439583209353028,1.0,2024-07,Q3 2024
Tradition at Stonewater,2024-07-16,1.8395172240534876,0.8892045454545454,1.6357070770702886,1.0,2024-07,Q3 2024
Tradition at Stonewater,2024-07-17,1.8344112364660499,0.8920454545454546,1.636378205256647,1.0,2024-07,Q3 2024
Tradition at Stonewater,2024-07-18,1.8333841524271952,0.9005681818181819,1.6510874327256275,1.0,2024-07,Q3 2024
Tradition at Stonewater,2024-07-19,1.8333841524271952,0.9034090909090909,1.6562959104313866,1.0,2024-07,Q3 2024
Tradition at Stonewater,2024-07-20,1.8333841524271952,0.9034090909090909,1.6562959104313866,1.0,2024-07,Q3 2024
Tradition at Stonewater,2024-07-21,1.8333841524271952,0.9034090909090909,1.6562959104313866,1.0,2024-07,Q3 2024
Tradition at Stonewater,2024-07-22,1.8308887961636233,0.9034090909090909,1.6540415828978188,1.0,2024-07,Q3 2024
Tradition at Stonewater,2024-07-23,1.8308887961636233,0.9090909090909091,1.6644443601487484,1.0,2024-07,Q3 2024
Tradition at Stonewater,2024-07-24,1.8308887961636233,0.9090909090909091,1.6644443601487484,1.0,2024-07,Q3 2024
Tradition at Stonewater,2024-07-25,1.8307161013297752,0.9090909090909091,1.66428736484525,1.0,2024-07,Q3 2024
Tradition at Stonewater,2024-07-26,1.8307161013297752,0.9090909090909091,1.66428736484525,1.0,2024-07,Q3 2024
Tradition at Stonewater,2024-07-27,1.8293375629576851,0.9090909090909091,1.6630341481433502,1.0,2024-07,Q3 2024
Tradition at Stonewater,2024-07-28,1.8293375629576851,0.9034090909090909,1.6526401847174543,1.0,2024-07,Q3 2024
Tradition at Stonewater,2024-07-29,1.8293375629576851,0.9034090909090909,1.6526401847174543,1.0,2024-07,Q3 2024
Tradition at Stonewater,2024-07-30,1.8282490445243125,0.9034090909090909,1.6516568072691233,1.0,2024-07,Q3 2024
Tradition at Stonewater,2024-07-31,1.827969579391355,0.9005681818181819,1.6462112405314193,1.0,2024-07,Q3 2024
Tradition at Stonewater,2024-08-01,1.827969579391355,0.9034090909090909,1.6514043359274173,1.0,2024-08,Q3 2024
Tradition at Stonewater,2024-08-02,1.827969579391355,0.8948863636363636,1.6358250497394229,1.0,2024-08,Q3 2024
Tradition at Stonewater,2024-08-03,1.8272947972892366,0.8863636363636364,1.6196476612336415,1.0,2024-08,Q3 2024
Tradition at Stonewater,2024-08-04,1.8272947972892366,0.8892045454545454,1.6248388396350313,1.0,2024-08,Q3 2024
Tradition at Stonewater,2024-08-05,1.8272947972892366,0.8863636363636364,1.6196476612336415,1.0,2024-08,Q3 2024
Tradition at Stonewater,2024-08-06,1.827900483188842,0.8863636363636364,1.6201845191901099,1.0,2024-08,Q3 2024
Tradition at Stonewater,2024-08-07,1.827900483188842,0.8948863636363636,1.6357632164900149,1.0,2024-08,Q3 2024
Tradition at Stonewater,2024-08-08,1.827900483188842,0.8892045454545454,1.6253774182900782,1.0,2024-08,Q3 2024
Tradition at Stonewater,2024-08-09,1.827900483188842,0.8892045454545454,1.6253774182900782,1.0,2024-08,Q3 2024
Tradition at Stonewater,2024-08-10,1.827900483188842,0.8863636363636364,1.6201845191901099,1.0,2024-08,Q3 2024
Tradition at Stonewater,2024-08-11,1.827900483188842,0.8863636363636364,1.6201845191901099,1.0,2024-08,Q3 2024
Tradition at Stonewater,2024-08-12,1.827900483188842,0.8863636363636364,1.6201845191901099,1.0,2024-08,Q3 2024
Tradition at Stonewater,2024-08-13,1.827900483188842,0.8863636363636364,1.6201845191901099,1.0,2024-08,Q3 2024
Tradition at Stonewater,2024-08-14,1.827900483188842,0.8835227272727273,1.6149916200901415,1.0,2024-08,Q3 2024
Tradition at Stonewater,2024-08-15,1.827900483188842,0.8778409090909091,1.6046058218902048,1.0,2024-08,Q3 2024
Tradition at Stonewater,2024-08-16,1.827900483188842,0.8778409090909091,1.6046058218902048,1.0,2024-08,Q3 2024
Tradition at Stonewater,2024-08-17,1.827900483188842,0.8778409090909091,1.6046058218902048,1.0,2024-08,Q3 2024
Tradition at Stonewater,2024-08-18,1.827900483188842,0.8778409090909091,1.6046058218902048,1.0,2024-08,Q3 2024
Tradition at Stonewater,2024-08-19,1.827900483188842,0.8778409090909091,1.6046058218902048,1.0,2024-08,Q3 2024
Tradition at Stonewater,2024-08-20,1.828558913027333,0.8778409090909091,1.6051838185381986,1.0,2024-08,Q3 2024
Tradition at Stonewater,2024-08-21,1.828558913027333,0.875,1.5999890488989164,1.0,2024-08,Q3 2024
Tradition at Stonewater,2024-08-22,1.827377826129531,0.875,1.5989555978633396,1.0,2024-08,Q3 2024
Tradition at Stonewater,2024-08-23,1.827377826129531,0.8778409090909091,1.6041470121421166,1.0,2024-08,Q3 2024
Tradition at Stonewater,2024-08-24,1.827377826129531,0.8778409090909091,1.6041470121421166,1.0,2024-08,Q3 2024
Tradition at Stonewater,2024-08-25,1.827377826129531,0.8778409090909091,1.6041470121421166,1.0,2024-08,Q3 2024
Tradition at Stonewater,2024-08-26,1.8307366090853754,0.8778409090909091,1.607095489225514,1.0,2024-08,Q3 2024
Tradition at Stonewater,2024-08-27,1.8307366090853754,0.8806818181818181,1.612296445501325,1.0,2024-08,Q3 2024
Tradition at Stonewater,2024-08-28,1.8307366090853754,0.8806818181818181,1.612296445501325,1.0,2024-08,Q3 2024
Tradition at Stonewater,2024-08-29,1.829950087205745,0.8806818181818181,1.6116037699823322,1.0,2024-08,Q3 2024
Tradition at Stonewater,2024-08-30,1.8274713165456256,0.8835227272727273,1.6146124416070726,1.0,2024-08,Q3 2024
Tradition at Stonewater,2024-08-31,1.8274713165456256,0.8863636363636364,1.6198041214836227,1.0,2024-08,Q3 2024
Tradition at Stonewater,2024-09-01,1.8274713165456256,0.8863636363636364,1.6198041214836227,1.0,2024-09,Q3 2024
Tradition at Stonewater,2024-09-02,1.8274713165456256,0.8835227272727273,1.6146124416070726,1.0,2024-09,Q3 2024
Tradition at Stonewater,2024-09-03,1.8277664693993658,0.8835227272727273,1.6148732158613714,1.0,2024-09,Q3 2024
Tradition at Stonewater,2024-09-04,1.8277664693993658,0.8863636363636364,1.620065734240347,1.0,2024-09,Q3 2024
Tradition at Stonewater,2024-09-05,1.8277664693993658,0.8863636363636364,1.620065734240347,1.0,2024-09,Q3 2024
Tradition at Stonewater,2024-09-06,1.8277664693993658,0.8863636363636364,1.620065734240347,1.0,2024-09,Q3 2024
Tradition at Stonewater,2024-09-07,1.8277664693993658,0.8863636363636364,1.620065734240347,1.0,2024-09,Q3 2024
Tradition at Stonewater,2024-09-08,1.8277664693993658,0.8835227272727273,1.6148732158613714,1.0,2024-09,Q3 2024
Tradition at Stonewater,2024-09-09,1.8277664693993658,0.8835227272727273,1.6148732158613714,1.0,2024-09,Q3 2024
Tradition at Stonewater,2024-09-10,1.8277664693993658,0.8835227272727273,1.6148732158613714,1.0,2024-09,Q3 2024
Tradition at Stonewater,2024-09-11,1.8277664693993658,0.8835227272727273,1.6148732158613714,1.0,2024-09,Q3 2024
Tradition at Stonewater,2024-09-12,1.8277664693993658,0.8835227272727273,1.6148732158613714,1.0,2024-09,Q3 2024
Tradition at Stonewater,2024-09-13,1.8277664693993658,0.8835227272727273,1.6148732158613714,1.0,2024-09,Q3 2024
Tradition at Stonewater,2024-09-14,1.8277664693993658,0.8835227272727273,1.6148732158613714,1.0,2024-09,Q3 2024
Tradition at Stonewater,2024-09-15,1.8279786565038412,0.8835227272727273,1.6150606879906098,1.0,2024-09,Q3 2024
Tradition at Stonewater,2024-09-16,1.8238215766439572,0.8892045454545454,1.6217504360498822,1.0,2024-09,Q3 2024
Tradition at Stonewater,2024-09-17,1.8238215766439572,0.8948863636363636,1.6321130586444503,1.0,2024-09,Q3 2024
Tradition at Stonewater,2024-09-18,1.8220482622547358,0.8835227272727273,1.6098210498898375,1.0,2024-09,Q3 2024
Tradition at Stonewater,2024-09-19,1.8202910006085748,0.8892045454545454,1.6186110317911475,1.0,2024-09,Q3 2024
Tradition at Stonewater,2024-09-20,1.8202910006085748,0.8920454545454546,1.6237823130428766,1.0,2024-09,Q3 2024
Tradition at Stonewater,2024-09-21,1.8202910006085748,0.8920454545454546,1.6237823130428766,1.0,2024-09,Q3 2024
Tradition at Stonewater,2024-09-22,1.8202910006085748,0.8920454545454546,1.6237823130428766,1.0,2024-09,Q3 2024
Tradition at Stonewater,2024-09-23,1.8190485877350888,0.8920454545454546,1.6226740242864146,1.0,2024-09,Q3 2024
Tradition at Stonewater,2024-09-24,1.8190485877350888,0.8948863636363636,1.6278417759561163,1.0,2024-09,Q3 2024
Tradition at Stonewater,2024-09-25,1.815464250139527,0.8920454545454546,1.6194766322267373,1.0,2024-09,Q3 2024
Tradition at Stonewater,2024-09-26,1.815464250139527,0.8977272727272727,1.629791770011621,1.0,2024-09,Q3 2024
Tradition at Stonewater,2024-09-27,1.815464250139527,0.8977272727272727,1.629791770011621,1.0,2024-09,Q3 2024
Tradition at Stonewater,2024-09-28,1.8143958241273128,0.8977272727272727,1.6288326148415648,1.0,2024-09,Q3 2024
Tradition at Stonewater,2024-09-29,1.8133204487909527,0.9005681818181819,1.6330186996213978,1.0,2024-09,Q3 2024
Tradition at Stonewater,2024-09-30,1.8133204487909527,0.9034090909090909,1.6381701781690994,1.0,2024-09,Q3 2024
Tradition at Stonewater,2024-10-01,1.8150911172049355,0.9034090909090909,1.639769816111277,1.0,2024-10,Q4 2024
Tradition at Stonewater,2024-10-02,1.8150911172049355,0.90625,1.6449263249669728,1.0,2024-10,Q4 2024
Tradition at Stonewater,2024-10-03,1.8150911172049355,0.90625,1.6449263249669728,1.0,2024-10,Q4 2024
Tradition at Stonewater,2024-10-04,1.8150911172049355,0.9005681818181819,1.6346133072555813,1.0,2024-10,Q4 2024
Tradition at Stonewater,2024-10-05,1.8150911172049355,0.8977272727272727,1.6294567983998853,1.0,2024-10,Q4 2024
Tradition at Stonewater,2024-10-06,1.8150911172049355,0.8977272727272727,1.6294567983998853,1.0,2024-10,Q4 2024
Tradition at Stonewater,2024-10-07,1.8150911172049355,0.8977272727272727,1.6294567983998853,1.0,2024-10,Q4 2024
Tradition at Stonewater,2024-10-08,1.8150911172049355,0.8977272727272727,1.6294567983998853,1.0,2024-10,Q4 2024
Tradition at Stonewater,2024-10-09,1.8150911172049355,0.8977272727272727,1.6294567983998853,1.0,2024-10,Q4 2024
Tradition at Stonewater,2024-10-10,1.8150911172049355,0.8920454545454546,1.6191437806884936,1.0,2024-10,Q4 2024
Tradition at Stonewater,2024-10-11,1.8150911172049355,0.8920454545454546,1.6191437806884936,1.0,2024-10,Q4 2024
Tradition at Stonewater,2024-10-12,1.8150911172049355,0.8892045454545454,1.6139872718327977,1.0,2024-10,Q4 2024
Tradition at Stonewater,2024-10-13,1.8150911172049355,0.8863636363636364,1.608830762977102,1.0,2024-10,Q4 2024
Tradition at Stonewater,2024-10-14,1.8150911172049355,0.8835227272727273,1.6036742541214062,1.0,2024-10,Q4 2024
Tradition at Stonewater,2024-10-15,1.8150911172049355,0.8835227272727273,1.6036742541214062,1.0,2024-10,Q4 2024
Tradition at Stonewater,2024-10-16,1.8150911172049355,0.8835227272727273,1.6036742541214062,1.0,2024-10,Q4 2024
Tradition at Stonewater,2024-10-17,1.8134409675809096,0.8835227272727273,1.6022163094251787,1.0,2024-10,Q4 2024
Tradition at Stonewater,2024-10-18,1.8134409675809096,0.8863636363636364,1.6073681303558063,1.0,2024-10,Q4 2024
Tradition at Stonewater,2024-10-19,1.8124987101938312,0.8863636363636364,1.6065329476718049,1.0,2024-10,Q4 2024
Tradition at Stonewater,2024-10-20,1.8124987101938312,0.8920454545454546,1.6168312357979064,1.0,2024-10,Q4 2024
Tradition at Stonewater,2024-10-21,1.8124987101938312,0.8920454545454546,1.6168312357979064,1.0,2024-10,Q4 2024
Tradition at Stonewater,2024-10-22,1.8120114367633162,0.8920454545454546,1.6163965657490946,1.0,2024-10,Q4 2024
Tradition at Stonewater,2024-10-23,1.8058061845917341,0.8948863636363636,1.615991329961353,1.0,2024-10,Q4 2024
Tradition at Stonewater,2024-10-24,1.8074375755939716,0.9034090909090909,1.6328555370422813,1.0,2024-10,Q4 2024
Tradition at Stonewater,2024-10-25,1.8074375755939716,0.9005681818181819,1.6277207712025257,1.0,2024-10,Q4 2024
Tradition at Stonewater,2024-10-26,1.806819354158847,0.9005681818181819,1.6271640206487346,1.0,2024-10,Q4 2024
Tradition at Stonewater,2024-10-27,1.806819354158847,0.9034090909090909,1.632297030177595,1.0,2024-10,Q4 2024
Tradition at Stonewater,2024-10-28,1.8091482189948345,0.9034090909090909,1.6344009478419244,1.0,2024-10,Q4 2024
Tradition at Stonewater,2024-10-29,1.8063762385296573,0.90625,1.6370284661675019,1.0,2024-10,Q4 2024
Tradition at Stonewater,2024-10-30,1.8063762385296573,0.9090909090909091,1.642160216845143,1.0,2024-10,Q4 2024
Tradition at Stonewater,2024-10-31,1.8063762385296573,0.9090909090909091,1.642160216845143,1.0,2024-10,Q4 2024
Tradition at Stonewater,2024-11-01,1.8063762385296573,0.9090909090909091,1.642160216845143,1.0,2024-11,Q4 2024
Tradition at Stonewater,2024-11-02,1.8034102504163425,0.90625,1.6343405394398105,1.0,2024-11,Q4 2024
Tradition at Stonewater,2024-11-03,1.8033893802195176,0.90625,1.6343216258239377,1.0,2024-11,Q4 2024
Tradition at Stonewater,2024-11-04,1.8033893802195176,0.9090909090909091,1.6394448911086523,1.0,2024-11,Q4 2024
Tradition at Stonewater,2024-11-05,1.8033893802195176,0.9090909090909091,1.6394448911086523,1.0,2024-11,Q4 2024
Tradition at Stonewater,2024-11-06,1.8002569117846514,0.90625,1.6314828263048404,1.0,2024-11,Q4 2024
Tradition at Stonewater,2024-11-07,1.7981515732335367,0.90625,1.6295748632428926,1.0,2024-11,Q4 2024
Tradition at Stonewater,2024-11-08,1.7981515732335367,0.9119318181818181,1.6397916335453557,1.0,2024-11,Q4 2024
Tradition at Stonewater,2024-11-09,1.7981515732335367,0.9090909090909091,1.6346832483941243,1.0,2024-11,Q4 2024
Tradition at Stonewater,2024-11-10,1.7981515732335367,0.9090909090909091,1.6346832483941243,1.0,2024-11,Q4 2024
Tradition at Stonewater,2024-11-11,1.8002075205573624,0.9090909090909091,1.636552291415784,1.0,2024-11,Q4 2024
Tradition at Stonewater,2024-11-12,1.8002075205573624,0.9119318181818181,1.6416665173264582,1.0,2024-11,Q4 2024
Tradition at Stonewater,2024-11-13,1.8018833344280802,0.9119318181818181,1.6431947453165163,1.0,2024-11,Q4 2024
Tradition at Stonewater,2024-11-14,1.8018833344280802,0.9147727272727273,1.6483137320620507,1.0,2024-11,Q4 2024
Tradition at Stonewater,2024-11-15,1.8018833344280802,0.9119318181818181,1.6431947453165163,1.0,2024-11,Q4 2024
Tradition at Stonewater,2024-11-16,1.8018833344280802,0.9090909090909091,1.638075758570982,1.0,2024-11,Q4 2024
Tradition at Stonewater,2024-11-17,1.8018833344280802,0.9090909090909091,1.638075758570982,1.0,2024-11,Q4 2024
Tradition at Stonewater,2024-11-18,1.8018833344280802,0.9090909090909091,1.638075758570982,1.0,2024-11,Q4 2024
Tradition at Stonewater,2024-11-19,1.8018833344280802,0.9034090909090909,1.6278377850799135,1.0,2024-11,Q4 2024
Tradition at Stonewater,2024-11-20,1.8018833344280802,0.9034090909090909,1.6278377850799135,1.0,2024-11,Q4 2024
Tradition at Stonewater,2024-11-21,1.8012190976930689,0.9005681818181819,1.6221206078656332,1.0,2024-11,Q4 2024
Tradition at Stonewater,2024-11-22,1.8012190976930689,0.9034090909090909,1.6272377075749884,1.0,2024-11,Q4 2024
Tradition at Stonewater,2024-11-23,1.8012190976930689,0.9034090909090909,1.6272377075749884,1.0,2024-11,Q4 2024
Tradition at Stonewater,2024-11-24,1.8012190976930689,0.9034090909090909,1.6272377075749884,1.0,2024-11,Q4 2024
Tradition at Stonewater,2024-11-25,1.8012190976930689,0.9034090909090909,1.6272377075749884,1.0,2024-11,Q4 2024
Tradition at Stonewater,2024-11-26,1.8034062512870885,0.9034090909090909,1.6292136020150403,1.0,2024-11,Q4 2024
Tradition at Stonewater,2024-11-27,1.8034062512870885,0.90625,1.634336915228924,1.0,2024-11,Q4 2024
Tradition at Stonewater,2024-11-28,1.8034062512870885,0.90625,1.634336915228924,1.0,2024-11,Q4 2024
Tradition at Stonewater,2024-11-29,1.8034062512870885,0.90625,1.634336915228924,1.0,2024-11,Q4 2024
Tradition at Stonewater,2024-11-30,1.8034062512870885,0.90625,1.634336915228924,1.0,2024-11,Q4 2024
Tradition at Stonewater,2024-12-01,1.8051467650056425,0.9034090909090909,1.630785997931234,1.0,2024-12,Q4 2024
Tradition at Stonewater,2024-12-02,1.8051467650056425,0.90625,1.6359142557863635,1.0,2024-12,Q4 2024
Tradition at Stonewater,2024-12-03,1.8051467650056425,0.9034090909090909,1.630785997931234,1.0,2024-12,Q4 2024
Tradition at Stonewater,2024-12-04,1.8051467650056425,0.9034090909090909,1.630785997931234,1.0,2024-12,Q4 2024
Tradition at Stonewater,2024-12-05,1.8051467650056425,0.9034090909090909,1.630785997931234,1.0,2024-12,Q4 2024
Tradition at Stonewater,2024-12-06,1.8051467650056425,0.9034090909090909,1.630785997931234,1.0,2024-12,Q4 2024
Tradition at Stonewater,2024-12-07,1.8051467650056425,0.9005681818181819,1.6256577400761043,1.0,2024-12,Q4 2024
Tradition at Stonewater,2024-12-08,1.8051467650056425,0.9005681818181819,1.6256577400761043,1.0,2024-12,Q4 2024
Tradition at Stonewater,2024-12-09,1.8035587631913932,0.9005681818181819,1.6242276361695218,1.0,2024-12,Q4 2024
Tradition at Stonewater,2024-12-10,1.8035587631913932,0.9034090909090909,1.629351382655861,1.0,2024-12,Q4 2024
Tradition at Stonewater,2024-12-11,1.8009194338908792,0.9034090909090909,1.6269669885718738,1.0,2024-12,Q4 2024
Tradition at Stonewater,2024-12-12,1.8009194338908792,0.9034090909090909,1.6269669885718738,1.0,2024-12,Q4 2024
Tradition at Stonewater,2024-12-13,1.8009194338908792,0.9005681818181819,1.6218507401801385,1.0,2024-12,Q4 2024
Tradition at Stonewater,2024-12-14,1.8009194338908792,0.9005681818181819,1.6218507401801385,1.0,2024-12,Q4 2024
Tradition at Stonewater,2024-12-15,1.8009194338908792,0.9005681818181819,1.6218507401801385,1.0,2024-12,Q4 2024
Tradition at Stonewater,2024-12-16,1.8009194338908792,0.9005681818181819,1.6218507401801385,1.0,2024-12,Q4 2024
Tradition at Stonewater,2024-12-17,1.8043781343056033,0.9005681818181819,1.6249655357240804,1.0,2024-12,Q4 2024
Tradition at Stonewater,2024-12-18,1.8043781343056033,0.9034090909090909,1.6300916099692666,1.0,2024-12,Q4 2024
Tradition at Stonewater,2024-12-19,1.8043781343056033,0.9005681818181819,1.6249655357240804,1.0,2024-12,Q4 2024
Tradition at Stonewater,2024-12-20,1.8043781343056033,0.9005681818181819,1.6249655357240804,1.0,2024-12,Q4 2024
Tradition at Stonewater,2024-12-21,1.8043781343056033,0.9005681818181819,1.6249655357240804,1.0,2024-12,Q4 2024
Tradition at Stonewater,2024-12-22,1.8043781343056033,0.9005681818181819,1.6249655357240804,1.0,2024-12,Q4 2024
Tradition at Stonewater,2024-12-23,1.8043781343056033,0.9005681818181819,1.6249655357240804,1.0,2024-12,Q4 2024
Tradition at Stonewater,2024-12-24,1.8043781343056033,0.9005681818181819,1.6249655357240804,1.0,2024-12,Q4 2024
Tradition at Stonewater,2024-12-25,1.8043781343056033,0.9005681818181819,1.6249655357240804,1.0,2024-12,Q4 2024
Tradition at Stonewater,2024-12-26,1.8043781343056033,0.9005681818181819,1.6249655357240804,1.0,2024-12,Q4 2024
Tradition at Stonewater,2024-12-27,1.8040414508374143,0.8977272727272727,1.6195372115472242,1.0,2024-12,Q4 2024
Tradition at Stonewater,2024-12-28,1.8040414508374143,0.9005681818181819,1.624662329305285,1.0,2024-12,Q4 2024
Tradition at Stonewater,2024-12-29,1.8040414508374143,0.9005681818181819,1.624662329305285,1.0,2024-12,Q4 2024
Tradition at Stonewater,2024-12-30,1.8040414508374143,0.9005681818181819,1.624662329305285,1.0,2024-12,Q4 2024
Tradition at Stonewater,2024-12-31,1.8040414508374143,0.9005681818181819,1.624662329305285,1.0,2024-12,Q4 2024
Tradition at Stonewater,2025-01-01,1.803603612793331,0.9005681818181819,1.6242680262939944,1.0,2025-01,Q1 2025
Tradition at Stonewater,2025-01-02,1.803603612793331,0.9034090909090909,1.6293919001939752,1.0,2025-01,Q1 2025
Tradition at Stonewater,2025-01-03,1.8016771522951174,0.9034090909090909,1.6276515182666118,1.0,2025-01,Q1 2025
Tradition at Stonewater,2025-01-04,1.8016771522951174,0.9119318181818181,1.6430067212691268,1.0,2025-01,Q1 2025
Tradition at Stonewater,2025-01-05,1.8016771522951174,0.9119318181818181,1.6430067212691268,1.0,2025-01,Q1 2025
Tradition at Stonewater,2025-01-06,1.7974919694719365,0.9119318181818181,1.63919011988776,1.0,2025-01,Q1 2025
Tradition at Stonewater,2025-01-07,1.7972586417566025,0.9147727272727273,1.644083189334165,1.0,2025-01,Q1 2025
Tradition at Stonewater,2025-01-08,1.7972586417566025,0.9119318181818181,1.6389773409200834,1.0,2025-01,Q1 2025
Tradition at Stonewater,2025-01-09,1.7972586417566025,0.90625,1.6287656440919211,1.0,2025-01,Q1 2025
Tradition at Stonewater,2025-01-10,1.7972586417566025,0.90625,1.6287656440919211,1.0,2025-01,Q1 2025
Tradition at Stonewater,2025-01-11,1.7972586417566025,0.8977272727272727,1.6134480988496773,1.0,2025-01,Q1 2025
Tradition at Stonewater,2025-01-12,1.7972586417566025,0.8977272727272727,1.6134480988496773,1.0,2025-01,Q1 2025
Tradition at Stonewater,2025-01-13,1.7972586417566025,0.8977272727272727,1.6134480988496773,1.0,2025-01,Q1 2025
Tradition at Stonewater,2025-01-14,1.7972586417566025,0.8977272727272727,1.6134480988496773,1.0,2025-01,Q1 2025
Tradition at Stonewater,2025-01-15,1.7972586417566025,0.8977272727272727,1.6134480988496773,1.0,2025-01,Q1 2025
Tradition at Stonewater,2025-01-16,1.7972586417566025,0.8977272727272727,1.6134480988496773,1.0,2025-01,Q1 2025
Tradition at Stonewater,2025-01-17,1.7962939230188313,0.8948863636363636,1.60747893679242,1.0,2025-01,Q1 2025
Tradition at Stonewater,2025-01-18,1.7962939230188313,0.8977272727272727,1.612582044528269,1.0,2025-01,Q1 2025
Tradition at Stonewater,2025-01-19,1.7962939230188313,0.8977272727272727,1.612582044528269,1.0,2025-01,Q1 2025
Tradition at Stonewater,2025-01-20,1.7949676308578237,0.8977272727272727,1.611391395883728,1.0,2025-01,Q1 2025
Tradition at Stonewater,2025-01-21,1.7949676308578237,0.9005681818181819,1.6164907357441198,1.0,2025-01,Q1 2025
Tradition at Stonewater,2025-01-22,1.7963478751416007,0.8977272727272727,1.6126304788203005,1.0,2025-01,Q1 2025
Tradition at Stonewater,2025-01-23,1.794975655533892,0.9005681818181819,1.6164979625120564,1.0,2025-01,Q1 2025
Tradition at Stonewater,2025-01-24,1.794975655533892,0.90625,1.6266966878275897,1.0,2025-01,Q1 2025
Tradition at Stonewater,2025-01-25,1.794975655533892,0.90625,1.6266966878275897,1.0,2025-01,Q1 2025
Tradition at Stonewater,2025-01-26,1.794975655533892,0.90625,1.6266966878275897,1.0,2025-01,Q1 2025
Tradition at Stonewater,2025-01-27,1.794975655533892,0.90625,1.6266966878275897,1.0,2025-01,Q1 2025
Tradition at Stonewater,2025-01-28,1.7959049317243116,0.9034090909090909,1.6224368417282133,1.0,2025-01,Q1 2025
Tradition at Stonewater,2025-01-29,1.7959049317243116,0.9090909090909091,1.6326408470221014,1.0,2025-01,Q1 2025
Tradition at Stonewater,2025-01-30,1.7959049317243116,0.90625,1.6275388443751575,1.0,2025-01,Q1 2025
Tradition at Stonewater,2025-01-31,1.7947493570642576,0.90625,1.6264916048394835,1.0,2025-01,Q1 2025
Tradition at Stonewater,2025-02-01,1.7947493570642576,0.9090909090909091,1.6315903246038705,1.0,2025-02,Q1 2025
Tradition at Stonewater,2025-02-02,1.7935477921737117,0.9090909090909091,1.6304979928851924,1.0,2025-02,Q1 2025
Tradition at Stonewater,2025-02-03,1.7935477921737117,0.9119318181818181,1.6355932991129587,1.0,2025-02,Q1 2025
Tradition at Stonewater,2025-02-04,1.7935477921737117,0.9090909090909091,1.6304979928851924,1.0,2025-02,Q1 2025
Tradition at Stonewater,2025-02-05,1.7935477921737117,0.90625,1.6254026866574263,1.0,2025-02,Q1 2025
Tradition at Stonewater,2025-02-06,1.7935477921737117,0.90625,1.6254026866574263,1.0,2025-02,Q1 2025
Tradition at Stonewater,2025-02-07,1.792639980379742,0.9034090909090909,1.6194872550021533,1.0,2025-02,Q1 2025
Tradition at Stonewater,2025-02-08,1.792639980379742,0.90625,1.6245799822191411,1.0,2025-02,Q1 2025
Tradition at Stonewater,2025-02-09,1.792639980379742,0.90625,1.6245799822191411,1.0,2025-02,Q1 2025
Tradition at Stonewater,2025-02-10,1.7914592892933199,0.90625,1.6235099809220712,1.0,2025-02,Q1 2025
Tradition at Stonewater,2025-02-11,1.790127907023243,0.9090909090909091,1.6273890063847662,1.0,2025-02,Q1 2025
Tradition at Stonewater,2025-02-12,1.790127907023243,0.9090909090909091,1.6273890063847662,1.0,2025-02,Q1 2025
Tradition at Stonewater,2025-02-13,1.790127907023243,0.9090909090909091,1.6273890063847662,1.0,2025-02,Q1 2025
Tradition at Stonewater,2025-02-14,1.790127907023243,0.9090909090909091,1.6273890063847662,1.0,2025-02,Q1 2025
Tradition at Stonewater,2025-02-15,1.7899778921195728,0.9090909090909091,1.6272526291996117,1.0,2025-02,Q1 2025
Tradition at Stonewater,2025-02-16,1.7899778921195728,0.9119318181818181,1.6323377936658603,1.0,2025-02,Q1 2025
Tradition at Stonewater,2025-02-17,1.7899778921195728,0.9119318181818181,1.6323377936658603,1.0,2025-02,Q1 2025
Tradition at Stonewater,2025-02-18,1.7899778921195728,0.9034090909090909,1.6170823002671142,1.0,2025-02,Q1 2025
Tradition at Stonewater,2025-02-19,1.7899778921195728,0.9034090909090909,1.6170823002671142,1.0,2025-02,Q1 2025
Tradition at Stonewater,2025-02-20,1.7886911318078476,0.9034090909090909,1.6159198293036805,1.0,2025-02,Q1 2025
Tradition at Stonewater,2025-02-21,1.7886911318078476,0.90625,1.621001338200862,1.0,2025-02,Q1 2025
Tradition at Stonewater,2025-02-22,1.7868519533944978,0.90625,1.6193345827637635,1.0,2025-02,Q1 2025
Tradition at Stonewater,2025-02-23,1.7868519533944978,0.9090909090909091,1.6244108667222705,1.0,2025-02,Q1 2025
Tradition at Stonewater,2025-02-24,1.7870171750959334,0.9090909090909091,1.6245610682690304,1.0,2025-02,Q1 2025
Tradition at Stonewater,2025-02-25,1.7870171750959334,0.9119318181818181,1.629637821607371,1.0,2025-02,Q1 2025
Tradition at Stonewater,2025-02-26,1.7870171750959334,0.9090909090909091,1.6245610682690304,1.0,2025-02,Q1 2025
Tradition at Stonewater,2025-02-27,1.7863452163540825,0.9090909090909091,1.6239501966855294,1.0,2025-02,Q1 2025
Tradition at Stonewater,2025-02-28,1.7851086256138708,0.9119318181818181,1.6278973546081037,1.0,2025-02,Q1 2025
Tradition at Stonewater,2025-03-01,1.7851086256138708,0.9147727272727273,1.6329686859308705,1.0,2025-03,Q1 2025
Tradition at Stonewater,2025-03-02,1.7851086256138708,0.9147727272727273,1.6329686859308705,1.0,2025-03,Q1 2025
Tradition at Stonewater,2025-03-03,1.7851086256138708,0.9147727272727273,1.6329686859308705,1.0,2025-03,Q1 2025
Tradition at Stonewater,2025-03-04,1.7851086256138708,0.90625,1.6177546919625705,1.0,2025-03,Q1 2025
Tradition at Stonewater,2025-03-05,1.7851086256138708,0.9034090909090909,1.6126833606398039,1.0,2025-03,Q1 2025
Tradition at Stonewater,2025-03-06,1.7851086256138708,0.8948863636363636,1.5974693666715039,1.0,2025-03,Q1 2025
Tradition at Stonewater,2025-03-07,1.7851086256138708,0.8948863636363636,1.5974693666715039,1.0,2025-03,Q1 2025
Tradition at Stonewater,2025-03-08,1.7851086256138708,0.8948863636363636,1.5974693666715039,1.0,2025-03,Q1 2025
Tradition at Stonewater,2025-03-09,1.7851086256138708,0.8948863636363636,1.5974693666715039,1.0,2025-03,Q1 2025
Tradition at Stonewater,2025-03-10,1.7867947231780574,0.8948863636363636,1.5989782323894548,1.0,2025-03,Q1 2025
Tradition at Stonewater,2025-03-11,1.7867947231780574,0.8863636363636364,1.58374986827146,1.0,2025-03,Q1 2025
Tradition at Stonewater,2025-03-12,1.786229425875974,0.8863636363636364,1.5832488092991588,1.0,2025-03,Q1 2025
Tradition at Stonewater,2025-03-13,1.786229425875974,0.8892045454545454,1.5883233247135793,1.0,2025-03,Q1 2025
Tradition at Stonewater,2025-03-14,1.786229425875974,0.8892045454545454,1.5883233247135793,1.0,2025-03,Q1 2025
Tradition at Stonewater,2025-03-15,1.7862757283077817,0.8892045454545454,1.5883644970464081,1.0,2025-03,Q1 2025
Tradition at Stonewater,2025-03-16,1.7862757283077817,0.8892045454545454,1.5883644970464081,1.0,2025-03,Q1 2025
Tradition at Stonewater,2025-03-17,1.7862757283077817,0.8892045454545454,1.5883644970464081,1.0,2025-03,Q1 2025
Tradition at Stonewater,2025-03-18,1.7870073067303378,0.8892045454545454,1.5890150199051014,1.0,2025-03,Q1 2025
Tradition at Stonewater,2025-03-19,1.7870073067303378,0.8920454545454546,1.5940917452083128,1.0,2025-03,Q1 2025
Tradition at Stonewater,2025-03-20,1.7870073067303378,0.8892045454545454,1.5890150199051014,1.0,2025-03,Q1 2025
Tradition at Stonewater,2025-03-21,1.786281149297509,0.8892045454545454,1.5883693174151146,1.0,2025-03,Q1 2025
Tradition at Stonewater,2025-03-22,1.785895730679528,0.9005681818181819,1.608320871094916,1.0,2025-03,Q1 2025
Tradition at Stonewater,2025-03-23,1.785895730679528,0.9034090909090909,1.613394438511619,1.0,2025-03,Q1 2025
Tradition at Stonewater,2025-03-24,1.7859278488976928,0.9034090909090909,1.613423454401893,1.0,2025-03,Q1 2025
Tradition at Stonewater,2025-03-25,1.7859278488976928,0.90625,1.6184971130635342,1.0,2025-03,Q1 2025
Tradition at Stonewater,2025-03-26,1.7853451326538408,0.90625,1.6179690264675433,1.0,2025-03,Q1 2025
Tradition at Stonewater,2025-03-27,1.7853451326538408,0.90625,1.6179690264675433,1.0,2025-03,Q1 2025
Tradition at Stonewater,2025-03-28,1.7836841619430186,0.9034090909090909,1.6113964872098863,1.0,2025-03,Q1 2025
Tradition at Stonewater,2025-03-29,1.7836841619430186,0.9034090909090909,1.6113964872098863,1.0,2025-03,Q1 2025
Tradition at Stonewater,2025-03-30,1.7836841619430186,0.8948863636363636,1.5961946335569628,1.0,2025-03,Q1 2025
Tradition at Stonewater,2025-03-31,1.7836841619430186,0.8948863636363636,1.5961946335569628,1.0,2025-03,Q1 2025
Tradition at Stonewater,2025-04-01,1.7868041669295271,0.8948863636363636,1.5989866834738666,1.0,2025-04,Q2 2025
Tradition at Stonewater,2025-04-02,1.7856243996806183,0.8977272727272727,1.603003722440555,1.0,2025-04,Q2 2025
Tradition at Stonewater,2025-04-03,1.7856243996806183,0.9005681818181819,1.6080765190305568,1.0,2025-04,Q2 2025
Tradition at Stonewater,2025-04-04,1.785574312562975,0.9005681818181819,1.6080314121660884,1.0,2025-04,Q2 2025
Tradition at Stonewater,2025-04-05,1.785574312562975,0.9034090909090909,1.6131040664631422,1.0,2025-04,Q2 2025
Tradition at Stonewater,2025-04-06,1.785574312562975,0.9005681818181819,1.6080314121660884,1.0,2025-04,Q2 2025
Tradition at Stonewater,2025-04-07,1.785574312562975,0.9005681818181819,1.6080314121660884,1.0,2025-04,Q2 2025
Tradition at Stonewater,2025-04-08,1.785574312562975,0.9005681818181819,1.6080314121660884,1.0,2025-04,Q2 2025
Tradition at Stonewater,2025-04-09,1.785574312562975,0.9005681818181819,1.6080314121660884,1.0,2025-04,Q2 2025
Tradition at Stonewater,2025-04-10,1.785574312562975,0.8920454545454546,1.5928134492749266,1.0,2025-04,Q2 2025
Tradition at Stonewater,2025-04-11,1.7851542906709248,0.8920454545454546,1.5924387706553136,1.0,2025-04,Q2 2025
Tradition at Stonewater,2025-04-12,1.7832191065801517,0.8948863636363636,1.595778461854397,1.0,2025-04,Q2 2025
Tradition at Stonewater,2025-04-13,1.7648558621748358,0.9005681818181819,1.5893730349699517,1.0,2025-04,Q2 2025
